%eval_id interface v0             fvimm          r0             b              nata           tc             n0             ERROR_TOT      
1        NO_ID      0.95           0.55           6.5            0.1025         0.175          29.5           22             18.284639      
2        NO_ID      1.45           0.55           6.5            0.1025         0.175          29.5           22             41.006179      
3        NO_ID      0.45           0.55           6.5            0.1025         0.175          29.5           22             13.128227      
4        NO_ID      0.45           0.85           6.5            0.1025         0.175          29.5           22             10.414428      
5        NO_ID      0.45           0.25           6.5            0.1025         0.175          29.5           22             9.749222       
6        NO_ID      0.45           0.25           10.16666667    0.1025         0.175          29.5           22             11.614854      
7        NO_ID      0.45           0.25           2.833333333    0.1025         0.175          29.5           22             12.159191      
8        NO_ID      0.95           0.55           6.5            0.1675         0.175          29.5           22             9.384931       
9        NO_ID      0.95           0.55           6.5            0.0375         0.175          29.5           22             165.043916     
10       NO_ID      0.95           0.55           6.5            0.1675         0.225          29.5           22             12.719524      
11       NO_ID      0.95           0.55           6.5            0.1675         0.125          29.5           22             9.502371       
12       NO_ID      1.45           0.55           6.5            0.1025         0.175          39.83333333    22             54.262048      
13       NO_ID      1.45           0.55           6.5            0.1025         0.175          19.16666667    22             28.93428       
14       NO_ID      0.45           0.25           6.5            0.1025         0.175          29.5           26             8.296534       
15       NO_ID      0.45           0.25           6.5            0.1025         0.175          29.5           18             12.614748      
16       NO_ID      1.616666667    0.55           6.5            0.1025         0.175          19.16666667    22             38.619377      
17       NO_ID      1.283333333    0.55           6.5            0.1025         0.175          19.16666667    22             23.662427      
18       NO_ID      0.45           0.25           6.5            0.1675         0.175          29.5           26             9.464725       
19       NO_ID      0.45           0.25           6.5            0.0375         0.175          29.5           26             6.740942       
20       NO_ID      0.45           0.25           10.16666667    0.1025         0.225          29.5           22             11.645047      
21       NO_ID      0.45           0.25           10.16666667    0.1025         0.125          29.5           22             12.030549      
22       NO_ID      1.283333333    0.85           6.5            0.1025         0.175          19.16666667    22             61.567693      
23       NO_ID      1.283333333    0.25           6.5            0.1025         0.175          19.16666667    22             6.209517       
24       NO_ID      1.45           0.55           10.16666667    0.1025         0.175          29.5           22             44.067589      
25       NO_ID      1.45           0.55           2.833333333    0.1025         0.175          29.5           22             45.757031      
26       NO_ID      1.283333333    0.25           6.5            0.1025         0.175          19.16666667    26             8.117044       
27       NO_ID      1.283333333    0.25           6.5            0.1025         0.175          19.16666667    18             6.753518       
28       NO_ID      1.505555556    0.55           6.5            0.1025         0.175          19.16666667    22             32.223223      
29       NO_ID      1.394444444    0.55           6.5            0.1025         0.175          19.16666667    22             27.65283       
30       NO_ID      1.45           0.85           6.5            0.1025         0.175          39.83333333    22             118.789146     
31       NO_ID      1.45           0.25           6.5            0.1025         0.175          39.83333333    22             13.040859      
32       NO_ID      1.283333333    0.25           10.16666667    0.1025         0.175          19.16666667    22             17.517352      
33       NO_ID      1.283333333    0.25           2.833333333    0.1025         0.175          19.16666667    22             11.058674      
34       NO_ID      0.45           0.85           6.5            0.1025         0.175          39.83333333    22             10.237832      
35       NO_ID      0.45           0.85           6.5            0.1025         0.175          19.16666667    22             10.505855      
36       NO_ID      1.283333333    0.25           6.5            0.1675         0.175          19.16666667    22             7.519038       
37       NO_ID      1.283333333    0.25           6.5            0.0375         0.175          19.16666667    22             5.912867       
38       NO_ID      1.283333333    0.25           6.5            0.1025         0.225          19.16666667    18             6.119214       
39       NO_ID      1.283333333    0.25           6.5            0.1025         0.125          19.16666667    18             9.721945       
40       NO_ID      0.45           0.55           6.5            0.1025         0.175          39.83333333    22             11.547542      
41       NO_ID      0.45           0.55           6.5            0.1025         0.175          19.16666667    22             13.424253      
42       NO_ID      1.338888889    0.25           6.5            0.0375         0.175          19.16666667    22             6.451983       
43       NO_ID      1.227777778    0.25           6.5            0.0375         0.175          19.16666667    22             5.569335       
44       NO_ID      1.283333333    0.25           10.16666667    0.1025         0.225          19.16666667    18             15.829656      
45       NO_ID      1.283333333    0.25           2.833333333    0.1025         0.225          19.16666667    18             12.065874      
46       NO_ID      1.283333333    0.25           6.5            0.1675         0.175          19.16666667    26             8.316431       
47       NO_ID      1.283333333    0.25           6.5            0.0375         0.175          19.16666667    26             9.104667       
48       NO_ID      0.45           0.25           2.833333333    0.1025         0.175          29.5           26             10.64579       
49       NO_ID      0.45           0.25           2.833333333    0.1025         0.175          29.5           18             14.941611      
50       NO_ID      0.95           0.85           6.5            0.1025         0.175          29.5           22             24.018732      
51       NO_ID      0.95           0.25           6.5            0.1025         0.175          29.5           22             4.412105       
52       NO_ID      0.95           0.25           6.5            0.1025         0.225          29.5           22             6.553841       
53       NO_ID      0.95           0.25           6.5            0.1025         0.125          29.5           22             5.855882       
54       NO_ID      1.394444444    0.55           6.5            0.1025         0.175          19.16666667    26             42.24609       
55       NO_ID      1.394444444    0.55           6.5            0.1025         0.175          19.16666667    18             15.313675      
56       NO_ID      1.672222222    0.55           6.5            0.1025         0.175          19.16666667    22             42.040261      
57       NO_ID      1.561111111    0.55           6.5            0.1025         0.175          19.16666667    22             35.579418      
58       NO_ID      0.95           0.55           6.5            0.0375         0.175          39.83333333    22             211.572798     
59       NO_ID      0.95           0.55           6.5            0.0375         0.175          19.16666667    22             114.375519     
60       NO_ID      0.95           0.25           10.16666667    0.1025         0.175          29.5           22             13.852852      
61       NO_ID      0.95           0.25           2.833333333    0.1025         0.175          29.5           22             8.455186       
62       NO_ID      0.95           0.85           6.5            0.1675         0.175          29.5           22             13.340386      
63       NO_ID      0.95           0.25           6.5            0.1675         0.175          29.5           22             5.440042       
64       NO_ID      1.45           0.55           6.5            0.1675         0.175          19.16666667    22             11.840692      
65       NO_ID      1.45           0.55           6.5            0.0375         0.175          19.16666667    22             335.084871     
66       NO_ID      0.95           0.25           6.5            0.1025         0.175          39.83333333    22             4.676222       
67       NO_ID      0.95           0.25           6.5            0.1025         0.175          19.16666667    22             6.882473       
68       NO_ID      0.95           0.25           6.5            0.1675         0.175          29.5           26             5.912703       
69       NO_ID      0.95           0.25           6.5            0.1675         0.175          29.5           18             6.859283       
70       NO_ID      1.116666667    0.55           6.5            0.1675         0.125          29.5           22             9.103408       
71       NO_ID      0.7833333333   0.55           6.5            0.1675         0.125          29.5           22             10.32444       
72       NO_ID      1.505555556    0.55           6.5            0.1025         0.225          19.16666667    22             96.92454       
73       NO_ID      1.505555556    0.55           6.5            0.1025         0.125          19.16666667    22             15.782131      
74       NO_ID      0.95           0.25           6.5            0.1025         0.175          29.5           26             6.685872       
75       NO_ID      0.95           0.25           6.5            0.1025         0.175          29.5           18             4.508796       
76       NO_ID      0.95           0.25           10.16666667    0.1025         0.125          29.5           22             10.92263       
77       NO_ID      0.95           0.25           2.833333333    0.1025         0.125          29.5           22             9.635944       
78       NO_ID      1.116666667    0.85           6.5            0.1675         0.125          29.5           22             9.603442       
79       NO_ID      1.116666667    0.25           6.5            0.1675         0.125          29.5           22             6.735829       
80       NO_ID      0.45           0.85           6.5            0.1675         0.175          39.83333333    22             10.080859      
81       NO_ID      0.45           0.85           6.5            0.0375         0.175          39.83333333    22             22.678969      
82       NO_ID      1.561111111    0.55           6.5            0.1025         0.225          19.16666667    22             112.844984     
83       NO_ID      1.561111111    0.55           6.5            0.1025         0.125          19.16666667    22             16.035979      
84       NO_ID      0.95           0.25           6.5            0.1025         0.175          32.94444444    22             4.428141       
85       NO_ID      0.95           0.25           6.5            0.1025         0.175          26.05555556    22             5.207117       
86       NO_ID      1.116666667    0.25           6.5            0.1025         0.175          39.83333333    22             6.469419       
87       NO_ID      0.7833333333   0.25           6.5            0.1025         0.175          39.83333333    22             4.340604       
88       NO_ID      0.95           0.25           10.16666667    0.1675         0.175          29.5           22             9.068135       
89       NO_ID      0.95           0.25           2.833333333    0.1675         0.175          29.5           22             7.812544       
90       NO_ID      0.95           0.25           6.5            0.1025         0.225          39.83333333    22             10.306963      
91       NO_ID      0.95           0.25           6.5            0.1025         0.225          19.16666667    22             5.87471        
92       NO_ID      0.95           0.85           6.5            0.1675         0.125          29.5           22             8.718458       
93       NO_ID      0.95           0.25           6.5            0.1675         0.125          29.5           22             7.502445       
94       NO_ID      0.45           0.85           6.5            0.1675         0.175          29.5           22             10.254344      
95       NO_ID      0.45           0.85           6.5            0.0375         0.175          29.5           22             21.452679      
96       NO_ID      1.616666667    0.55           6.5            0.1025         0.225          19.16666667    22             130.968333     
97       NO_ID      1.616666667    0.55           6.5            0.1025         0.125          19.16666667    22             16.35457       
98       NO_ID      0.7833333333   0.25           6.5            0.1025         0.175          39.83333333    26             6.405063       
99       NO_ID      0.7833333333   0.25           6.5            0.1025         0.175          39.83333333    18             4.571619       
100      NO_ID      1.172222222    0.25           6.5            0.1675         0.125          29.5           22             6.529515       
101      NO_ID      1.061111111    0.25           6.5            0.1675         0.125          29.5           22             6.93454        
102      NO_ID      0.45           0.85           10.16666667    0.1025         0.175          19.16666667    22             9.568827       
103      NO_ID      0.45           0.85           2.833333333    0.1025         0.175          19.16666667    22             16.319506      
104      NO_ID      1.672222222    0.85           6.5            0.1025         0.175          19.16666667    22             149.679368     
105      NO_ID      1.672222222    0.25           6.5            0.1025         0.175          19.16666667    22             9.044351       
106      NO_ID      0.7833333333   0.25           6.5            0.1241666667   0.175          39.83333333    22             4.555703       
107      NO_ID      0.7833333333   0.25           6.5            0.08083333333  0.175          39.83333333    22             4.847062       
108      NO_ID      0.95           0.25           6.5            0.1025         0.175          39.83333333    26             8.579557       
109      NO_ID      0.95           0.25           6.5            0.1025         0.175          39.83333333    18             3.205665       
110      NO_ID      1.172222222    0.25           6.5            0.1675         0.125          39.83333333    22             5.638286       
111      NO_ID      1.172222222    0.25           6.5            0.1675         0.125          19.16666667    22             9.329833       
112      NO_ID      0.8388888889   0.55           6.5            0.1675         0.125          29.5           22             10.009193      
113      NO_ID      0.7277777778   0.55           6.5            0.1675         0.125          29.5           22             10.770465      
114      NO_ID      0.45           0.55           6.5            0.1025         0.225          39.83333333    22             12.381546      
115      NO_ID      0.45           0.55           6.5            0.1025         0.125          39.83333333    22             11.627626      
116      NO_ID      0.95           0.35           6.5            0.1025         0.175          39.83333333    18             9.102858       
117      NO_ID      0.95           0.15           6.5            0.1025         0.175          39.83333333    18             2.954265       
118      NO_ID      1.172222222    0.25           10.16666667    0.1675         0.125          39.83333333    22             7.994352       
119      NO_ID      1.172222222    0.25           2.833333333    0.1675         0.125          39.83333333    22             8.741128       
120      NO_ID      1.116666667    0.25           6.5            0.1675         0.125          39.83333333    22             5.799536       
121      NO_ID      1.116666667    0.25           6.5            0.1675         0.125          19.16666667    22             9.509902       
122      NO_ID      0.95           0.55           6.5            0.1675         0.225          29.5           26             20.254296      
123      NO_ID      0.95           0.55           6.5            0.1675         0.225          29.5           18             7.990088       
124      NO_ID      0.95           0.15           6.5            0.1241666667   0.175          39.83333333    18             3.86111        
125      NO_ID      0.95           0.15           6.5            0.08083333333  0.175          39.83333333    18             2.516643       
126      NO_ID      1.116666667    0.25           6.5            0.1025         0.125          29.5           22             5.208958       
127      NO_ID      0.7833333333   0.25           6.5            0.1025         0.125          29.5           22             7.155941       
128      NO_ID      1.061111111    0.25           10.16666667    0.1675         0.125          29.5           22             9.435584       
129      NO_ID      1.061111111    0.25           2.833333333    0.1675         0.125          29.5           22             9.742981       
130      NO_ID      1.45           0.25           6.5            0.1025         0.225          39.83333333    22             40.061711      
131      NO_ID      1.45           0.25           6.5            0.1025         0.125          39.83333333    22             4.828541       
132      NO_ID      0.95           0.15           6.5            0.08083333333  0.1916666667   39.83333333    18             2.270568       
133      NO_ID      0.95           0.15           6.5            0.08083333333  0.1583333333   39.83333333    18             3.210502       
134      NO_ID      1.45           0.25           6.5            0.1675         0.125          39.83333333    22             5.406554       
135      NO_ID      1.45           0.25           6.5            0.0375         0.125          39.83333333    22             23.810349      
136      NO_ID      0.45           0.55           6.5            0.1025         0.175          29.5           26             16.274746      
137      NO_ID      0.45           0.55           6.5            0.1025         0.175          29.5           18             12.239586      
138      NO_ID      0.95           0.15           6.5            0.08083333333  0.1916666667   43.27777778    18             2.599117       
139      NO_ID      0.95           0.15           6.5            0.08083333333  0.1916666667   36.38888889    18             1.832343       
140      NO_ID      1.616666667    0.25           6.5            0.1025         0.125          39.83333333    22             5.577088       
141      NO_ID      1.283333333    0.25           6.5            0.1025         0.125          39.83333333    22             4.376948       
142      NO_ID      0.95           0.25           10.16666667    0.1675         0.125          29.5           22             9.799229       
143      NO_ID      0.95           0.25           2.833333333    0.1675         0.125          29.5           22             10.153454      
144      NO_ID      0.95           0.85           6.5            0.1675         0.225          29.5           18             17.835171      
145      NO_ID      0.95           0.25           6.5            0.1675         0.225          29.5           18             4.767251       
146      NO_ID      0.45           0.55           6.5            0.1675         0.175          19.16666667    22             12.673309      
147      NO_ID      0.45           0.55           6.5            0.0375         0.175          19.16666667    22             19.823051      
148      NO_ID      0.95           0.15           6.5            0.08083333333  0.1916666667   36.38888889    19.33333333    1.929605       
149      NO_ID      0.95           0.15           6.5            0.08083333333  0.1916666667   36.38888889    16.66666667    1.902717       
150      NO_ID      1.338888889    0.25           6.5            0.1025         0.125          39.83333333    22             4.543825       
151      NO_ID      1.227777778    0.25           6.5            0.1025         0.125          39.83333333    22             4.369471       
152      NO_ID      0.95           0.25           6.5            0.1675         0.225          39.83333333    18             3.532819       
153      NO_ID      0.95           0.25           6.5            0.1675         0.225          19.16666667    18             8.915131       
154      NO_ID      0.95           0.85           10.16666667    0.1675         0.125          29.5           22             9.404881       
155      NO_ID      0.95           0.85           2.833333333    0.1675         0.125          29.5           22             14.337272      
156      NO_ID      0.95           0.55           6.5            0.1675         0.175          39.83333333    22             9.893123       
157      NO_ID      0.95           0.55           6.5            0.1675         0.175          19.16666667    22             9.614785       
158      NO_ID      1.394444444    0.85           6.5            0.1025         0.175          19.16666667    18             49.217296      
159      NO_ID      1.394444444    0.25           6.5            0.1025         0.175          19.16666667    18             6.358911       
160      NO_ID      0.95           0.55           6.5            0.1025         0.225          29.5           22             31.870322      
161      NO_ID      0.95           0.55           6.5            0.1025         0.125          29.5           22             12.788246      
162      NO_ID      1.005555556    0.15           6.5            0.08083333333  0.1916666667   36.38888889    18             1.686739       
163      NO_ID      0.8944444444   0.15           6.5            0.08083333333  0.1916666667   36.38888889    18             2.120455       
164      NO_ID      1.227777778    0.25           6.5            0.1025         0.125          39.83333333    26             6.84289        
165      NO_ID      1.227777778    0.25           6.5            0.1025         0.125          39.83333333    18             4.221956       
166      NO_ID      1.394444444    0.25           6.5            0.1675         0.175          19.16666667    18             8.342432       
167      NO_ID      1.394444444    0.25           6.5            0.0375         0.175          19.16666667    18             5.480904       
168      NO_ID      0.95           0.85           6.5            0.1025         0.225          29.5           22             74.206212      
169      NO_ID      0.95           0.85           6.5            0.1025         0.125          29.5           22             10.735662      
170      NO_ID      1.005555556    0.15           7.722222222    0.08083333333  0.1916666667   36.38888889    18             1.627633       
171      NO_ID      1.005555556    0.15           5.277777778    0.08083333333  0.1916666667   36.38888889    18             2.284645       
172      NO_ID      1.283333333    0.25           6.5            0.1025         0.125          39.83333333    26             7.204212       
173      NO_ID      1.283333333    0.25           6.5            0.1025         0.125          39.83333333    18             4.025077       
174      NO_ID      0.45           0.85           10.16666667    0.1675         0.175          19.16666667    22             9.880251       
175      NO_ID      0.45           0.85           10.16666667    0.0375         0.175          19.16666667    22             15.056222      
176      NO_ID      1.283333333    0.55           6.5            0.1025         0.225          19.16666667    22             52.277421      
177      NO_ID      1.283333333    0.55           6.5            0.1025         0.125          19.16666667    22             14.628912      
178      NO_ID      1.45           0.85           6.5            0.1025         0.175          29.5           22             104.185372     
179      NO_ID      1.45           0.25           6.5            0.1025         0.175          29.5           22             9.141113       
180      NO_ID      1.005555556    0.1833333333   7.722222222    0.08083333333  0.1916666667   36.38888889    18             2.13255        
181      NO_ID      1.005555556    0.1166666667   7.722222222    0.08083333333  0.1916666667   36.38888889    18             2.151695       
182      NO_ID      0.9685185185   0.15           6.5            0.08083333333  0.1916666667   36.38888889    18             1.78942        
183      NO_ID      0.9314814815   0.15           6.5            0.08083333333  0.1916666667   36.38888889    18             1.897943       
184      NO_ID      1.338888889    0.25           10.16666667    0.1025         0.125          39.83333333    22             11.506943      
185      NO_ID      1.338888889    0.25           2.833333333    0.1025         0.125          39.83333333    22             10.110085      
186      NO_ID      1.45           0.25           6.5            0.1675         0.175          29.5           22             5.221751       
187      NO_ID      1.45           0.25           6.5            0.0375         0.175          29.5           22             39.191698      
188      NO_ID      1.394444444    0.85           6.5            0.1025         0.175          19.16666667    22             81.698828      
189      NO_ID      1.394444444    0.25           6.5            0.1025         0.175          19.16666667    22             6.56187        
190      NO_ID      1.45           0.55           10.16666667    0.1025         0.225          29.5           22             146.735923     
191      NO_ID      1.45           0.55           10.16666667    0.1025         0.125          29.5           22             14.025517      
192      NO_ID      1.005555556    0.15           7.722222222    0.08083333333  0.1916666667   37.53703704    18             1.592049       
193      NO_ID      1.005555556    0.15           7.722222222    0.08083333333  0.1916666667   35.24074074    18             1.658652       
194      NO_ID      0.974691358    0.15           6.5            0.08083333333  0.1916666667   36.38888889    18             1.782553       
195      NO_ID      0.962345679    0.15           6.5            0.08083333333  0.1916666667   36.38888889    18             1.748824       
196      NO_ID      1.45           0.25           6.5            0.1025         0.125          39.83333333    26             8.6191         
197      NO_ID      1.45           0.25           6.5            0.1025         0.125          39.83333333    18             3.604538       
198      NO_ID      1.394444444    0.25           10.16666667    0.1025         0.175          19.16666667    22             18.929135      
199      NO_ID      1.394444444    0.25           2.833333333    0.1025         0.175          19.16666667    22             11.17109       
200      NO_ID      0.45           0.25           6.5            0.1025         0.175          39.83333333    22             8.801357       
201      NO_ID      0.45           0.25           6.5            0.1025         0.175          19.16666667    22             11.44341       
202      NO_ID      1.45           0.85           2.833333333    0.1025         0.175          29.5           22             69.086349      
203      NO_ID      1.45           0.25           2.833333333    0.1025         0.175          29.5           22             12.510987      
204      NO_ID      1.005555556    0.15           7.722222222    0.08805555556  0.1916666667   37.53703704    18             1.492215       
205      NO_ID      1.005555556    0.15           7.722222222    0.07361111111  0.1916666667   37.53703704    18             1.902099       
206      NO_ID      0.9644032922   0.15           6.5            0.08083333333  0.1916666667   36.38888889    18             1.809618       
207      NO_ID      0.9602880658   0.15           6.5            0.08083333333  0.1916666667   36.38888889    18             1.767756       
208      NO_ID      1.45           0.25           6.5            0.1675         0.225          29.5           22             7.354171       
209      NO_ID      1.45           0.25           6.5            0.1675         0.125          29.5           22             6.042986       
210      NO_ID      1.116666667    0.55           6.5            0.1675         0.125          39.83333333    22             8.995786       
211      NO_ID      1.116666667    0.55           6.5            0.1675         0.125          19.16666667    22             9.859426       
212      NO_ID      0.45           0.85           6.5            0.1675         0.175          39.83333333    26             11.061049      
213      NO_ID      0.45           0.85           6.5            0.1675         0.175          39.83333333    18             10.878407      
214      NO_ID      1.394444444    0.85           6.5            0.1025         0.175          19.16666667    26             121.532907     
215      NO_ID      1.394444444    0.25           6.5            0.1025         0.175          19.16666667    26             9.636962       
216      NO_ID      1.45           0.55           10.16666667    0.1025         0.175          39.83333333    22             58.963608      
217      NO_ID      1.45           0.55           2.833333333    0.1025         0.175          39.83333333    22             54.543999      
218      NO_ID      1.005555556    0.15           7.722222222    0.08805555556  0.1972222222   37.53703704    18             1.438545       
219      NO_ID      1.005555556    0.15           7.722222222    0.08805555556  0.1861111111   37.53703704    18             1.684562       
220      NO_ID      0.9630315501   0.15           6.5            0.08083333333  0.1916666667   36.38888889    18             1.757411       
221      NO_ID      0.961659808    0.15           6.5            0.08083333333  0.1916666667   36.38888889    18             1.752897       
222      NO_ID      1.116666667    0.25           6.5            0.1025         0.125          39.83333333    22             4.437338       
223      NO_ID      1.116666667    0.25           6.5            0.1025         0.125          19.16666667    22             8.086419       
224      NO_ID      1.45           0.25           6.5            0.1675         0.125          39.83333333    26             6.770762       
225      NO_ID      1.45           0.25           6.5            0.1675         0.125          39.83333333    18             6.114644       
226      NO_ID      1.672222222    0.25           6.5            0.1675         0.175          19.16666667    22             7.790861       
227      NO_ID      1.672222222    0.25           6.5            0.0375         0.175          19.16666667    22             13.216089      
228      NO_ID      0.95           0.85           6.5            0.0375         0.175          19.16666667    22             176.877275     
229      NO_ID      0.95           0.25           6.5            0.0375         0.175          19.16666667    22             5.653152       
230      NO_ID      1.005555556    0.15           8.12962963     0.08805555556  0.1972222222   37.53703704    18             1.497596       
231      NO_ID      1.005555556    0.15           7.314814815    0.08805555556  0.1972222222   37.53703704    18             1.431961       
232      NO_ID      0.9625743027   0.15           6.5            0.08083333333  0.1916666667   36.38888889    18             1.766146       
233      NO_ID      0.9621170553   0.15           6.5            0.08083333333  0.1916666667   36.38888889    18             1.767972       
234      NO_ID      0.95           0.25           6.5            0.0375         0.225          19.16666667    22             5.437498       
235      NO_ID      0.95           0.25           6.5            0.0375         0.125          19.16666667    22             7.701206       
236      NO_ID      0.8388888889   0.55           6.5            0.1675         0.125          39.83333333    22             9.493059       
237      NO_ID      0.8388888889   0.55           6.5            0.1675         0.125          19.16666667    22             10.993885      
238      NO_ID      1.45           0.85           6.5            0.1675         0.175          39.83333333    22             52.594467      
239      NO_ID      1.45           0.85           6.5            0.0375         0.175          39.83333333    22             100            
240      NO_ID      1.005555556    0.15           7.314814815    0.08805555556  0.1972222222   37.53703704    18.44444444    1.393954       
241      NO_ID      1.005555556    0.15           7.314814815    0.08805555556  0.1972222222   37.53703704    17.55555556    1.449149       
242      NO_ID      0.962345679    0.15           7.722222222    0.08083333333  0.1916666667   36.38888889    18             1.753255       
243      NO_ID      0.962345679    0.15           5.277777778    0.08083333333  0.1916666667   36.38888889    18             2.281664       
244      NO_ID      0.95           0.25           6.5            0.0375         0.225          19.16666667    26             7.654042       
245      NO_ID      0.95           0.25           6.5            0.0375         0.225          19.16666667    18             5.896798       
246      NO_ID      1.672222222    0.25           6.5            0.1675         0.225          19.16666667    22             10.613995      
247      NO_ID      1.672222222    0.25           6.5            0.1675         0.125          19.16666667    22             8.222939       
248      NO_ID      0.7833333333   0.85           6.5            0.1675         0.125          29.5           22             8.869678       
249      NO_ID      0.7833333333   0.25           6.5            0.1675         0.125          29.5           22             8.77342        
250      NO_ID      1.116666667    0.55           6.5            0.0375         0.175          29.5           22             246.413795     
251      NO_ID      0.7833333333   0.55           6.5            0.0375         0.175          29.5           22             98.796608      
252      NO_ID      1.005555556    0.15           7.314814815    0.09046296296  0.1972222222   37.53703704    18.44444444    1.404538       
253      NO_ID      1.005555556    0.15           7.314814815    0.08564814815  0.1972222222   37.53703704    18.44444444    1.482797       
254      NO_ID      1.005555556    0.15           7.722222222    0.08805555556  0.1972222222   37.53703704    18.44444444    1.44888        
255      NO_ID      1.005555556    0.15           7.722222222    0.08805555556  0.1972222222   37.53703704    17.55555556    1.450394       
256      NO_ID      0.961659808    0.15           7.722222222    0.08083333333  0.1916666667   36.38888889    18             1.776041       
257      NO_ID      0.961659808    0.15           5.277777778    0.08083333333  0.1916666667   36.38888889    18             2.302323       
258      NO_ID      1.172222222    0.25           6.5            0.1025         0.125          39.83333333    22             4.361675       
259      NO_ID      1.061111111    0.25           6.5            0.1025         0.125          39.83333333    22             4.500238       
260      NO_ID      1.394444444    0.25           6.5            0.0375         0.225          19.16666667    18             10.51595       
261      NO_ID      1.394444444    0.25           6.5            0.0375         0.125          19.16666667    18             7.654863       
262      NO_ID      0.95           0.25           10.16666667    0.0375         0.175          19.16666667    22             29.383052      
263      NO_ID      0.95           0.25           2.833333333    0.0375         0.175          19.16666667    22             11.469075      
264      NO_ID      0.7277777778   0.55           6.5            0.1675         0.125          39.83333333    22             10.064985      
265      NO_ID      0.7277777778   0.55           6.5            0.1675         0.125          19.16666667    22             11.592697      
266      NO_ID      0.95           0.85           6.5            0.0375         0.175          39.83333333    22             206.821876     
267      NO_ID      0.95           0.25           6.5            0.0375         0.175          39.83333333    22             27.146324      
268      NO_ID      1.005555556    0.15           7.314814815    0.08805555556  0.1972222222   37.91975309    18.44444444    1.424654       
269      NO_ID      1.005555556    0.15           7.314814815    0.08805555556  0.1972222222   37.15432099    18.44444444    1.416571       
270      NO_ID      0.9632601738   0.15           6.5            0.08083333333  0.1916666667   36.38888889    18             1.787318       
271      NO_ID      0.9628029264   0.15           6.5            0.08083333333  0.1916666667   36.38888889    18             1.736984       
272      NO_ID      1.172222222    0.25           6.5            0.1025         0.125          39.83333333    26             6.43236        
273      NO_ID      1.172222222    0.25           6.5            0.1025         0.125          39.83333333    18             4.517393       
274      NO_ID      1.616666667    0.25           10.16666667    0.1025         0.125          39.83333333    22             14.068221      
275      NO_ID      1.616666667    0.25           2.833333333    0.1025         0.125          39.83333333    22             10.689993      
276      NO_ID      0.95           0.25           6.5            0.1025         0.225          19.16666667    26             7.11137        
277      NO_ID      0.95           0.25           6.5            0.1025         0.225          19.16666667    18             6.854548       
278      NO_ID      0.7833333333   0.25           6.5            0.1675         0.125          39.83333333    22             7.759859       
279      NO_ID      0.7833333333   0.25           6.5            0.1675         0.125          19.16666667    22             10.900176      
280      NO_ID      1.45           0.85           6.5            0.1675         0.175          19.16666667    22             40.724535      
281      NO_ID      1.45           0.25           6.5            0.1675         0.175          19.16666667    22             7.458715       
282      NO_ID      1.283333333    0.85           6.5            0.1675         0.175          19.16666667    22             27.604529      
283      NO_ID      1.283333333    0.85           6.5            0.0375         0.175          19.16666667    22             375.4239       
284      NO_ID      1.005555556    0.15           7.314814815    0.08805555556  0.1990740741   37.53703704    18.44444444    1.403776       
285      NO_ID      1.005555556    0.15           7.314814815    0.08805555556  0.1953703704   37.53703704    18.44444444    1.416076       
286      NO_ID      0.9628791343   0.15           6.5            0.08083333333  0.1916666667   36.38888889    18             1.74793        
287      NO_ID      0.9627267185   0.15           6.5            0.08083333333  0.1916666667   36.38888889    18             1.782707       
288      NO_ID      1.116666667    0.25           6.5            0.1025         0.125          39.83333333    26             6.254009       
289      NO_ID      1.116666667    0.25           6.5            0.1025         0.125          39.83333333    18             4.847625       
290      NO_ID      0.95           0.25           6.5            0.1675         0.175          39.83333333    26             5.722858       
291      NO_ID      0.95           0.25           6.5            0.1675         0.175          19.16666667    26             7.848128       
292      NO_ID      1.45           0.25           6.5            0.1675         0.225          19.16666667    22             8.62585        
293      NO_ID      1.45           0.25           6.5            0.1675         0.125          19.16666667    22             8.574724       
294      NO_ID      1.505555556    0.55           6.5            0.1675         0.125          19.16666667    22             9.140488       
295      NO_ID      1.505555556    0.55           6.5            0.0375         0.125          19.16666667    22             122.23905      
296      NO_ID      0.7833333333   0.85           6.5            0.0375         0.175          29.5           22             111.04137      
297      NO_ID      0.7833333333   0.25           6.5            0.0375         0.175          29.5           22             5.668961       
298      NO_ID      1.005555556    0.1611111111   7.314814815    0.08805555556  0.1972222222   37.53703704    18.44444444    1.504656       
299      NO_ID      1.005555556    0.1388888889   7.314814815    0.08805555556  0.1972222222   37.53703704    18.44444444    1.504516       
300      NO_ID      1.005555556    0.15           7.450617284    0.09046296296  0.1972222222   37.53703704    18.44444444    1.435925       
301      NO_ID      1.005555556    0.15           7.179012346    0.09046296296  0.1972222222   37.53703704    18.44444444    1.409073       
302      NO_ID      1.024074074    0.15           7.722222222    0.08805555556  0.1916666667   37.53703704    18             1.468699       
303      NO_ID      0.987037037    0.15           7.722222222    0.08805555556  0.1916666667   37.53703704    18             1.60578        
304      NO_ID      0.9628029264   0.15           7.722222222    0.08083333333  0.1916666667   36.38888889    18             1.741182       
305      NO_ID      0.9628029264   0.15           5.277777778    0.08083333333  0.1916666667   36.38888889    18             2.308191       
306      NO_ID      0.7833333333   0.25           6.5            0.0375         0.225          29.5           22             11.901529      
307      NO_ID      0.7833333333   0.25           6.5            0.0375         0.125          29.5           22             5.575901       
308      NO_ID      1.561111111    0.55           6.5            0.1675         0.125          19.16666667    22             9.20737        
309      NO_ID      1.561111111    0.55           6.5            0.0375         0.125          19.16666667    22             131.351755     
310      NO_ID      0.95           0.85           6.5            0.0375         0.175          29.5           22             192.021923     
311      NO_ID      0.95           0.25           6.5            0.0375         0.175          29.5           22             9.097031       
312      NO_ID      1.005555556    0.15           7.314814815    0.08805555556  0.1972222222   37.53703704    18.59259259    1.68882        
313      NO_ID      1.005555556    0.15           7.314814815    0.08805555556  0.1972222222   37.53703704    18.2962963     1.391262       
314      NO_ID      1.005555556    0.15           7.314814815    0.09046296296  0.1972222222   37.91975309    18.44444444    1.43957        
315      NO_ID      1.005555556    0.15           7.314814815    0.09046296296  0.1972222222   37.15432099    18.44444444    1.422733       
316      NO_ID      1.030246914    0.15           7.722222222    0.08805555556  0.1916666667   37.53703704    18             1.453595       
317      NO_ID      1.017901235    0.15           7.722222222    0.08805555556  0.1916666667   37.53703704    18             1.523202       
318      NO_ID      0.9628791343   0.15           7.722222222    0.08083333333  0.1916666667   36.38888889    18             1.769859       
319      NO_ID      0.9628791343   0.15           5.277777778    0.08083333333  0.1916666667   36.38888889    18             2.299074       
320      NO_ID      1.061111111    0.25           6.5            0.1025         0.125          39.83333333    26             6.069791       
321      NO_ID      1.061111111    0.25           6.5            0.1025         0.125          39.83333333    18             5.235361       
322      NO_ID      0.8388888889   0.25           6.5            0.0375         0.125          29.5           22             5.323767       
323      NO_ID      0.7277777778   0.25           6.5            0.0375         0.125          29.5           22             5.988865       
324      NO_ID      0.7833333333   0.85           6.5            0.1675         0.125          39.83333333    22             8.820468       
325      NO_ID      0.7833333333   0.85           6.5            0.1675         0.125          19.16666667    22             9.099854       
326      NO_ID      1.616666667    0.55           6.5            0.1675         0.125          19.16666667    22             9.108347       
327      NO_ID      1.616666667    0.55           6.5            0.0375         0.125          19.16666667    22             143.107963     
328      NO_ID      1.116666667    0.55           6.5            0.0375         0.225          29.5           22             496.358516     
329      NO_ID      1.116666667    0.55           6.5            0.0375         0.125          29.5           22             84.469445      
330      NO_ID      1.005555556    0.15           7.450617284    0.08805555556  0.1972222222   37.53703704    18.2962963     1.432172       
331      NO_ID      1.005555556    0.15           7.179012346    0.08805555556  0.1972222222   37.53703704    18.2962963     1.445683       
332      NO_ID      1.030246914    0.15           7.722222222    0.08805555556  0.1916666667   37.53703704    18.44444444    1.464861       
333      NO_ID      1.030246914    0.15           7.722222222    0.08805555556  0.1916666667   37.53703704    17.55555556    1.499196       
334      NO_ID      0.9609739369   0.15           6.5            0.08083333333  0.1916666667   36.38888889    18             1.775161       
335      NO_ID      0.9596021948   0.15           6.5            0.08083333333  0.1916666667   36.38888889    18             1.769352       
336      NO_ID      0.8388888889   0.25           10.16666667    0.0375         0.125          29.5           22             21.503897      
337      NO_ID      0.8388888889   0.25           2.833333333    0.0375         0.125          29.5           22             9.875488       
338      NO_ID      1.672222222    0.25           6.5            0.1025         0.225          19.16666667    22             23.860042      
339      NO_ID      1.672222222    0.25           6.5            0.1025         0.125          19.16666667    22             6.732543       
340      NO_ID      0.95           0.25           6.5            0.0375         0.225          29.5           22             27.245828      
341      NO_ID      0.95           0.25           6.5            0.0375         0.125          29.5           22             5.236111       
342      NO_ID      0.45           0.85           6.5            0.1025         0.225          39.83333333    22             10.59923       
343      NO_ID      0.45           0.85           6.5            0.1025         0.125          39.83333333    22             10.668501      
344      NO_ID      1.45           0.85           6.5            0.1025         0.175          19.16666667    22             92.480723      
345      NO_ID      1.45           0.25           6.5            0.1025         0.175          19.16666667    22             6.909173       
346      NO_ID      1.024074074    0.15           7.314814815    0.08805555556  0.1972222222   37.53703704    18.2962963     1.374921       
347      NO_ID      0.987037037    0.15           7.314814815    0.08805555556  0.1972222222   37.53703704    18.2962963     1.484956       
348      NO_ID      1.005555556    0.15           7.450617284    0.08805555556  0.1972222222   37.53703704    18.44444444    1.417737       
349      NO_ID      1.005555556    0.15           7.179012346    0.08805555556  0.1972222222   37.53703704    18.44444444    1.433054       
350      NO_ID      1.005555556    0.1611111111   7.314814815    0.08805555556  0.1990740741   37.53703704    18.44444444    1.571801       
351      NO_ID      1.005555556    0.1388888889   7.314814815    0.08805555556  0.1990740741   37.53703704    18.44444444    1.507706       
352      NO_ID      1.024074074    0.15           7.722222222    0.08805555556  0.1916666667   37.53703704    18.44444444    1.462598       
353      NO_ID      1.024074074    0.15           7.722222222    0.08805555556  0.1916666667   37.53703704    17.55555556    1.477967       
354      NO_ID      0.9605166895   0.15           6.5            0.08083333333  0.1916666667   36.38888889    18             1.788663       
355      NO_ID      0.9600594422   0.15           6.5            0.08083333333  0.1916666667   36.38888889    18             1.75428        
356      NO_ID      0.95           0.25           6.5            0.0375         0.125          29.5           26             7.568449       
357      NO_ID      0.95           0.25           6.5            0.0375         0.125          29.5           18             5.189941       
358      NO_ID      1.45           0.25           6.5            0.1025         0.225          19.16666667    22             13.910676      
359      NO_ID      1.45           0.25           6.5            0.1025         0.125          19.16666667    22             7.025618       
360      NO_ID      1.505555556    0.55           6.5            0.1675         0.175          19.16666667    22             12.766913      
361      NO_ID      1.505555556    0.55           6.5            0.0375         0.175          19.16666667    22             358.950507     
362      NO_ID      1.024074074    0.15           7.314814815    0.08885802469  0.1972222222   37.53703704    18.2962963     1.383341       
363      NO_ID      1.024074074    0.15           7.314814815    0.08725308642  0.1972222222   37.53703704    18.2962963     1.474474       
364      NO_ID      1.005555556    0.15           7.179012346    0.09046296296  0.1972222222   37.91975309    18.44444444    1.410045       
365      NO_ID      1.005555556    0.15           7.179012346    0.09046296296  0.1972222222   37.15432099    18.44444444    1.386892       
366      NO_ID      1.030246914    0.15           8.12962963     0.08805555556  0.1916666667   37.53703704    18             1.508374       
367      NO_ID      1.030246914    0.15           7.314814815    0.08805555556  0.1916666667   37.53703704    18             1.428628       
368      NO_ID      1.005555556    0.15           7.722222222    0.08805555556  0.1916666667   37.53703704    18.44444444    1.518649       
369      NO_ID      1.005555556    0.15           7.722222222    0.08805555556  0.1916666667   37.53703704    17.55555556    1.582166       
370      NO_ID      0.9598308185   0.15           6.5            0.08083333333  0.1916666667   36.38888889    18             1.771658       
371      NO_ID      0.9593735711   0.15           6.5            0.08083333333  0.1916666667   36.38888889    18             1.779391       
372      NO_ID      0.7833333333   0.25           10.16666667    0.0375         0.125          29.5           22             19.439326      
373      NO_ID      0.7833333333   0.25           2.833333333    0.0375         0.125          29.5           22             9.908589       
374      NO_ID      1.616666667    0.85           6.5            0.1675         0.125          19.16666667    22             16.871698      
375      NO_ID      1.616666667    0.25           6.5            0.1675         0.125          19.16666667    22             8.312198       
376      NO_ID      0.45           0.85           6.5            0.1675         0.225          29.5           22             9.608322       
377      NO_ID      0.45           0.85           6.5            0.1675         0.125          29.5           22             11.050764      
378      NO_ID      1.561111111    0.55           6.5            0.1675         0.175          19.16666667    22             13.614235      
379      NO_ID      1.561111111    0.55           6.5            0.0375         0.175          19.16666667    22             384.222621     
380      NO_ID      1.024074074    0.15           7.314814815    0.08805555556  0.1972222222   37.66460905    18.2962963     1.39308        
381      NO_ID      1.024074074    0.15           7.314814815    0.08805555556  0.1972222222   37.40946502    18.2962963     1.416012       
382      NO_ID      1.005555556    0.1611111111   7.179012346    0.09046296296  0.1972222222   37.15432099    18.44444444    1.485272       
383      NO_ID      1.005555556    0.1388888889   7.179012346    0.09046296296  0.1972222222   37.15432099    18.44444444    1.443357       
384      NO_ID      0.9612025606   0.15           6.5            0.08083333333  0.1916666667   36.38888889    18             1.771833       
385      NO_ID      0.9607453132   0.15           6.5            0.08083333333  0.1916666667   36.38888889    18             1.79787        
386      NO_ID      1.338888889    0.25           6.5            0.1025         0.125          39.83333333    26             7.67097        
387      NO_ID      1.338888889    0.25           6.5            0.1025         0.125          39.83333333    18             3.835997       
388      NO_ID      0.7833333333   0.25           10.16666667    0.0375         0.175          29.5           22             38.604344      
389      NO_ID      0.7833333333   0.25           2.833333333    0.0375         0.175          29.5           22             9.58953        
390      NO_ID      1.505555556    0.85           6.5            0.1675         0.125          19.16666667    22             15.015928      
391      NO_ID      1.505555556    0.25           6.5            0.1675         0.125          19.16666667    22             8.488686       
392      NO_ID      0.45           0.85           6.5            0.1025         0.225          29.5           22             10.67659       
393      NO_ID      0.45           0.85           6.5            0.1025         0.125          29.5           22             10.958773      
394      NO_ID      1.616666667    0.55           6.5            0.1675         0.175          19.16666667    22             14.936329      
395      NO_ID      1.616666667    0.55           6.5            0.0375         0.175          19.16666667    22             412.360648     
396      NO_ID      1.024074074    0.1537037037   7.314814815    0.08805555556  0.1972222222   37.53703704    18.2962963     1.424232       
397      NO_ID      1.024074074    0.1462962963   7.314814815    0.08805555556  0.1972222222   37.53703704    18.2962963     1.35453        
398      NO_ID      1.005555556    0.15           7.179012346    0.09046296296  0.1990740741   37.15432099    18.44444444    1.37684        
399      NO_ID      1.005555556    0.15           7.179012346    0.09046296296  0.1953703704   37.15432099    18.44444444    1.443358       
400      NO_ID      1.026131687    0.15           7.722222222    0.08805555556  0.1916666667   37.53703704    18.44444444    1.459334       
401      NO_ID      1.022016461    0.15           7.722222222    0.08805555556  0.1916666667   37.53703704    18.44444444    1.478589       
402      NO_ID      0.974691358    0.15           7.722222222    0.08083333333  0.1916666667   36.38888889    18             1.694792       
403      NO_ID      0.974691358    0.15           5.277777778    0.08083333333  0.1916666667   36.38888889    18             2.293077       
404      NO_ID      1.116666667    0.25           6.5            0.1675         0.125          39.83333333    26             6.003569       
405      NO_ID      1.116666667    0.25           6.5            0.1675         0.125          39.83333333    18             7.457821       
406      NO_ID      1.561111111    0.85           6.5            0.1675         0.125          19.16666667    22             15.660807      
407      NO_ID      1.561111111    0.25           6.5            0.1675         0.125          19.16666667    22             8.384831       
408      NO_ID      0.45           0.85           6.5            0.1675         0.175          19.16666667    22             10.365742      
409      NO_ID      0.45           0.85           6.5            0.0375         0.175          19.16666667    22             20.060618      
410      NO_ID      1.672222222    0.55           6.5            0.1675         0.175          19.16666667    22             16.038585      
411      NO_ID      1.672222222    0.55           6.5            0.0375         0.175          19.16666667    22             435.774911     
412      NO_ID      1.024074074    0.1462962963   7.314814815    0.08805555556  0.1978395062   37.53703704    18.2962963     1.363614       
413      NO_ID      1.024074074    0.1462962963   7.314814815    0.08805555556  0.1966049383   37.53703704    18.2962963     1.364147       
414      NO_ID      1.005555556    0.15           7.179012346    0.09046296296  0.1990740741   37.15432099    18.59259259    1.618236       
415      NO_ID      1.005555556    0.15           7.179012346    0.09046296296  0.1990740741   37.15432099    18.2962963     1.390514       
416      NO_ID      1.026817558    0.15           7.722222222    0.08805555556  0.1916666667   37.53703704    18.44444444    1.475064       
417      NO_ID      1.025445816    0.15           7.722222222    0.08805555556  0.1916666667   37.53703704    18.44444444    1.458827       
418      NO_ID      0.9627267185   0.15           7.722222222    0.08083333333  0.1916666667   36.38888889    18             1.787913       
419      NO_ID      0.9627267185   0.15           5.277777778    0.08083333333  0.1916666667   36.38888889    18             2.303006       
420      NO_ID      0.95           0.25           6.5            0.1025         0.125          39.83333333    22             4.959565       
421      NO_ID      0.95           0.25           6.5            0.1025         0.125          19.16666667    22             8.945846       
422      NO_ID      0.95           0.55           6.5            0.1675         0.125          39.83333333    22             9.145          
423      NO_ID      0.95           0.55           6.5            0.1675         0.125          19.16666667    22             10.58674       
424      NO_ID      0.45           0.25           2.833333333    0.1025         0.175          39.83333333    26             10.83035       
425      NO_ID      0.45           0.25           2.833333333    0.1025         0.175          19.16666667    26             12.142606      
426      NO_ID      1.505555556    0.55           6.5            0.1675         0.225          19.16666667    22             31.062663      
427      NO_ID      1.505555556    0.55           6.5            0.0375         0.225          19.16666667    22             688.395402     
428      NO_ID      1.024074074    0.1462962963   7.314814815    0.08805555556  0.1972222222   37.53703704    18.34567901    1.383713       
429      NO_ID      1.024074074    0.1462962963   7.314814815    0.08805555556  0.1972222222   37.53703704    18.24691358    1.398868       
430      NO_ID      1.024074074    0.15           7.179012346    0.09046296296  0.1972222222   37.15432099    18.44444444    1.397384       
431      NO_ID      0.987037037    0.15           7.179012346    0.09046296296  0.1972222222   37.15432099    18.44444444    1.459847       
432      NO_ID      1.025445816    0.15           8.12962963     0.08805555556  0.1916666667   37.53703704    18.44444444    1.51895        
433      NO_ID      1.025445816    0.15           7.314814815    0.08805555556  0.1916666667   37.53703704    18.44444444    1.437222       
434      NO_ID      0.9601356501   0.15           6.5            0.08083333333  0.1916666667   36.38888889    18             1.764976       
435      NO_ID      0.9599832343   0.15           6.5            0.08083333333  0.1916666667   36.38888889    18             1.788083       
436      NO_ID      0.7277777778   0.25           6.5            0.0375         0.125          29.5           26             6.508003       
437      NO_ID      0.7277777778   0.25           6.5            0.0375         0.125          29.5           18             7.489642       
438      NO_ID      0.8388888889   0.85           6.5            0.1675         0.125          39.83333333    22             8.719204       
439      NO_ID      0.8388888889   0.25           6.5            0.1675         0.125          39.83333333    22             7.316237       
440      NO_ID      1.116666667    0.85           6.5            0.1675         0.125          39.83333333    22             9.739916       
441      NO_ID      1.116666667    0.85           6.5            0.1675         0.125          19.16666667    22             9.381632       
442      NO_ID      0.95           0.85           6.5            0.1025         0.125          39.83333333    22             10.965819      
443      NO_ID      0.95           0.85           6.5            0.1025         0.125          19.16666667    22             10.559366      
444      NO_ID      1.561111111    0.55           6.5            0.1675         0.225          19.16666667    22             35.323366      
445      NO_ID      1.561111111    0.55           6.5            0.0375         0.225          19.16666667    22             100            
446      NO_ID      1.024074074    0.1462962963   7.360082305    0.08805555556  0.1972222222   37.53703704    18.2962963     100            
447      NO_ID      1.024074074    0.1462962963   7.269547325    0.08805555556  0.1972222222   37.53703704    18.2962963     100            
448      NO_ID      1.024074074    0.15           7.179012346    0.09046296296  0.1990740741   37.15432099    18.44444444    100            
449      NO_ID      0.987037037    0.15           7.179012346    0.09046296296  0.1990740741   37.15432099    18.44444444    100            
450      NO_ID      1.026131687    0.15           8.12962963     0.08805555556  0.1916666667   37.53703704    18.44444444    100            
451      NO_ID      1.026131687    0.15           7.314814815    0.08805555556  0.1916666667   37.53703704    18.44444444    100            
452      NO_ID      0.9600848448   0.15           6.5            0.08083333333  0.1916666667   36.38888889    18             1.774647       
453      NO_ID      0.9600340395   0.15           6.5            0.08083333333  0.1916666667   36.38888889    18             1.815487       
454      NO_ID      0.95           0.15           6.5            0.08083333333  0.175          43.27777778    18             2.482111       
455      NO_ID      0.95           0.15           6.5            0.08083333333  0.175          36.38888889    18             2.322615       
456      NO_ID      0.95           0.25           6.5            0.1025         0.125          39.83333333    26             5.91216        
457      NO_ID      0.95           0.25           6.5            0.1025         0.125          39.83333333    18             6.087008       
458      NO_ID      1.394444444    0.25           6.5            0.1025         0.225          19.16666667    18             7.093592       
459      NO_ID      1.394444444    0.25           6.5            0.1025         0.125          19.16666667    18             9.081865       
460      NO_ID      0.95           0.25           6.5            0.1025         0.225          29.5           26             12.880152      
461      NO_ID      0.95           0.25           6.5            0.1025         0.225          29.5           18             3.638818       
462      NO_ID      1.394444444    0.25           6.5            0.1675         0.175          19.16666667    26             8.801904       
463      NO_ID      1.394444444    0.25           6.5            0.0375         0.175          19.16666667    26             12.18619       
464      NO_ID      0.45           0.55           6.5            0.1675         0.175          39.83333333    22             10.948995      
465      NO_ID      0.45           0.55           6.5            0.0375         0.175          39.83333333    22             23.100702      
466      NO_ID      1.616666667    0.85           6.5            0.1025         0.225          19.16666667    22             100            
467      NO_ID      1.616666667    0.25           6.5            0.1025         0.225          19.16666667    22             21.287581      
468      NO_ID      1.030246914    0.1462962963   7.314814815    0.08805555556  0.1972222222   37.53703704    18.2962963     1.348105       
469      NO_ID      1.017901235    0.1462962963   7.314814815    0.08805555556  0.1972222222   37.53703704    18.2962963     1.390736       
470      NO_ID      1.005555556    0.1611111111   7.314814815    0.09046296296  0.1972222222   37.53703704    18.44444444    1.498842       
471      NO_ID      1.005555556    0.1388888889   7.314814815    0.09046296296  0.1972222222   37.53703704    18.44444444    1.50304        
472      NO_ID      1.024074074    0.15           8.12962963     0.08805555556  0.1916666667   37.53703704    18.44444444    1.548897       
473      NO_ID      1.024074074    0.15           7.314814815    0.08805555556  0.1916666667   37.53703704    18.44444444    1.419164       
474      NO_ID      0.9600594422   0.15           7.722222222    0.08083333333  0.1916666667   36.38888889    18             1.770724       
475      NO_ID      0.9600594422   0.15           5.277777778    0.08083333333  0.1916666667   36.38888889    18             2.305008       
476      NO_ID      1.45           0.25           6.5            0.1675         0.175          29.5           26             8.297221       
477      NO_ID      1.45           0.25           6.5            0.1675         0.175          29.5           18             4.604177       
478      NO_ID      1.172222222    0.25           6.5            0.1675         0.125          29.5           26             6.447723       
479      NO_ID      1.172222222    0.25           6.5            0.1675         0.125          29.5           18             8.35662        
480      NO_ID      0.45           0.25           6.5            0.0375         0.175          39.83333333    26             7.14288        
481      NO_ID      0.45           0.25           6.5            0.0375         0.175          19.16666667    26             8.405628       
482      NO_ID      0.8388888889   0.85           6.5            0.1675         0.125          29.5           22             8.654563       
483      NO_ID      0.8388888889   0.25           6.5            0.1675         0.125          29.5           22             8.2669         
484      NO_ID      0.45           0.25           10.16666667    0.1675         0.175          29.5           22             11.877184      
485      NO_ID      0.45           0.25           10.16666667    0.0375         0.175          29.5           22             13.187634      
486      NO_ID      1.672222222    0.85           6.5            0.1025         0.225          19.16666667    22             100            
487      NO_ID      1.672222222    0.85           6.5            0.1025         0.125          19.16666667    22             28.501188      
488      NO_ID      1.030246914    0.1462962963   7.314814815    0.08805555556  0.1972222222   37.57956104    18.2962963     1.377366       
489      NO_ID      1.030246914    0.1462962963   7.314814815    0.08805555556  0.1972222222   37.49451303    18.2962963     1.381155       
490      NO_ID      1.024074074    0.15           7.314814815    0.09046296296  0.1916666667   37.53703704    18.44444444    1.406415       
491      NO_ID      1.024074074    0.15           7.314814815    0.08564814815  0.1916666667   37.53703704    18.44444444    1.459912       
492      NO_ID      1.032304527    0.15           7.722222222    0.08805555556  0.1916666667   37.53703704    18.44444444    1.44057        
493      NO_ID      1.0281893      0.15           7.722222222    0.08805555556  0.1916666667   37.53703704    18.44444444    1.504284       
494      NO_ID      0.9600848448   0.15           7.722222222    0.08083333333  0.1916666667   36.38888889    18             1.776925       
495      NO_ID      0.9600848448   0.15           5.277777778    0.08083333333  0.1916666667   36.38888889    18             2.357815       
496      NO_ID      1.116666667    0.25           6.5            0.1025         0.125          29.5           26             5.98697        
497      NO_ID      1.116666667    0.25           6.5            0.1025         0.125          29.5           18             6.387352       
498      NO_ID      1.394444444    0.25           6.5            0.1025         0.225          19.16666667    22             12.211544      
499      NO_ID      1.394444444    0.25           6.5            0.1025         0.125          19.16666667    22             7.171351       
500      NO_ID      0.95           0.25           6.5            0.1675         0.175          39.83333333    18             5.472636       
501      NO_ID      0.95           0.25           6.5            0.1675         0.175          19.16666667    18             10.712676      
502      NO_ID      0.7277777778   0.85           6.5            0.1675         0.125          39.83333333    22             9.01036        
503      NO_ID      0.7277777778   0.25           6.5            0.1675         0.125          39.83333333    22             8.252269       
504      NO_ID      0.45           0.55           6.5            0.1675         0.125          39.83333333    22             11.679478      
505      NO_ID      0.45           0.55           6.5            0.0375         0.125          39.83333333    22             15.281097      
506      NO_ID      1.45           0.55           6.5            0.0375         0.225          19.16666667    22             642.245089     
507      NO_ID      1.45           0.55           6.5            0.0375         0.125          19.16666667    22             112.16767      
508      NO_ID      1.030246914    0.1475308642   7.314814815    0.08805555556  0.1972222222   37.53703704    18.2962963     1.404529       
509      NO_ID      1.030246914    0.1450617284   7.314814815    0.08805555556  0.1972222222   37.53703704    18.2962963     1.387881       
510      NO_ID      1.032990398    0.15           7.722222222    0.08805555556  0.1916666667   37.53703704    18.44444444    1.461047       
511      NO_ID      1.031618656    0.15           7.722222222    0.08805555556  0.1916666667   37.53703704    18.44444444    1.484792       
512      NO_ID      0.9685185185   0.15           7.722222222    0.08083333333  0.1916666667   36.38888889    18             1.726715       
513      NO_ID      0.9685185185   0.15           5.277777778    0.08083333333  0.1916666667   36.38888889    18             2.281453       
514      NO_ID      0.95           0.25           6.5            0.1025         0.175          43.27777778    18             2.999633       
515      NO_ID      0.95           0.25           6.5            0.1025         0.175          36.38888889    18             3.571568       
516      NO_ID      0.95           0.25           6.5            0.1675         0.175          39.83333333    22             4.58953        
517      NO_ID      0.95           0.25           6.5            0.1675         0.175          19.16666667    22             8.493548       
518      NO_ID      1.672222222    0.25           6.5            0.1025         0.125          19.16666667    26             7.78746        
519      NO_ID      1.672222222    0.25           6.5            0.1025         0.125          19.16666667    18             7.839743       
520      NO_ID      1.283333333    0.25           6.5            0.1675         0.175          19.16666667    18             8.746842       
521      NO_ID      1.283333333    0.25           6.5            0.0375         0.175          19.16666667    18             5.625698       
522      NO_ID      0.7833333333   0.55           6.5            0.1675         0.125          39.83333333    22             9.749654       
523      NO_ID      0.7833333333   0.55           6.5            0.1675         0.125          19.16666667    22             11.318468      
524      NO_ID      0.45           0.25           10.16666667    0.1675         0.225          29.5           22             11.478162      
525      NO_ID      0.45           0.25           10.16666667    0.0375         0.225          29.5           22             16.111165      
526      NO_ID      1.030246914    0.1462962963   7.314814815    0.08805555556  0.1974279835   37.53703704    18.2962963     1.387263       
527      NO_ID      1.030246914    0.1462962963   7.314814815    0.08805555556  0.1970164609   37.53703704    18.2962963     1.376568       
528      NO_ID      1.03253315     0.15           7.722222222    0.08805555556  0.1916666667   37.53703704    18.44444444    1.455512       
529      NO_ID      1.032075903    0.15           7.722222222    0.08805555556  0.1916666667   37.53703704    18.44444444    1.457546       
530      NO_ID      0.9644032922   0.15           7.722222222    0.08083333333  0.1916666667   36.38888889    18             1.77344        
531      NO_ID      0.9644032922   0.15           5.277777778    0.08083333333  0.1916666667   36.38888889    18             2.276819       
532      NO_ID      0.95           0.15           6.5            0.08083333333  0.1916666667   39.83333333    19.33333333    2.763112       
533      NO_ID      0.95           0.15           6.5            0.08083333333  0.1916666667   39.83333333    16.66666667    2.045887       
534      NO_ID      0.95           0.15           6.5            0.1025         0.1916666667   39.83333333    18             2.166399       
535      NO_ID      0.95           0.15           6.5            0.1025         0.1583333333   39.83333333    18             3.943125       
536      NO_ID      0.8574074074   0.25           6.5            0.0375         0.125          29.5           22             5.258933       
537      NO_ID      0.8203703704   0.25           6.5            0.0375         0.125          29.5           22             5.371063       
538      NO_ID      1.116666667    0.25           10.16666667    0.1675         0.125          29.5           22             9.302217       
539      NO_ID      1.116666667    0.25           2.833333333    0.1675         0.125          29.5           22             9.612111       
540      NO_ID      0.7277777778   0.85           6.5            0.1675         0.125          29.5           22             9.073852       
541      NO_ID      0.7277777778   0.25           6.5            0.1675         0.125          29.5           22             9.315998       
542      NO_ID      0.45           0.25           10.16666667    0.1675         0.125          29.5           22             12.428975      
543      NO_ID      0.45           0.25           10.16666667    0.0375         0.125          29.5           22             12.15298       
544      NO_ID      1.030246914    0.1462962963   7.314814815    0.08832304527  0.1972222222   37.53703704    18.2962963     1.347244       
545      NO_ID      1.030246914    0.1462962963   7.314814815    0.08778806584  0.1972222222   37.53703704    18.2962963     1.381234       
546      NO_ID      1.032380735    0.15           7.722222222    0.08805555556  0.1916666667   37.53703704    18.44444444    1.427147       
547      NO_ID      1.032228319    0.15           7.722222222    0.08805555556  0.1916666667   37.53703704    18.44444444    1.433052       
548      NO_ID      0.9600340395   0.15           7.722222222    0.08083333333  0.1916666667   36.38888889    18             1.767333       
549      NO_ID      0.9600340395   0.15           5.277777778    0.08083333333  0.1916666667   36.38888889    18             2.349356       
550      NO_ID      0.95           0.15           6.5            0.1025         0.1916666667   43.27777778    18             1.976714       
551      NO_ID      0.95           0.15           6.5            0.1025         0.1916666667   36.38888889    18             2.160754       
552      NO_ID      0.8574074074   0.25           6.5            0.0375         0.125          29.5           26             6.928536       
553      NO_ID      0.8574074074   0.25           6.5            0.0375         0.125          29.5           18             5.911748       
554      NO_ID      1.45           0.25           6.5            0.1025         0.175          19.16666667    26             10.386673      
555      NO_ID      1.45           0.25           6.5            0.1025         0.175          19.16666667    18             6.214653       
556      NO_ID      0.8388888889   0.85           6.5            0.1675         0.125          19.16666667    22             8.870595       
557      NO_ID      0.8388888889   0.25           6.5            0.1675         0.125          19.16666667    22             10.642863      
558      NO_ID      0.45           0.25           2.833333333    0.1025         0.225          29.5           22             10.412967      
559      NO_ID      0.45           0.25           2.833333333    0.1025         0.125          29.5           22             13.918379      
560      NO_ID      1.032304527    0.1462962963   7.314814815    0.08832304527  0.1972222222   37.53703704    18.2962963     1.378901       
561      NO_ID      1.0281893      0.1462962963   7.314814815    0.08832304527  0.1972222222   37.53703704    18.2962963     1.349685       
562      NO_ID      1.032380735    0.15           8.12962963     0.08805555556  0.1916666667   37.53703704    18.44444444    1.484636       
563      NO_ID      1.032380735    0.15           7.314814815    0.08805555556  0.1916666667   37.53703704    18.44444444    1.433901       
564      NO_ID      0.9601610527   0.15           6.5            0.08083333333  0.1916666667   36.38888889    18             1.798519       
565      NO_ID      0.9601102474   0.15           6.5            0.08083333333  0.1916666667   36.38888889    18             1.762483       
566      NO_ID      0.95           0.15           6.5            0.1025         0.1916666667   43.27777778    19.33333333    2.087015       
567      NO_ID      0.95           0.15           6.5            0.1025         0.1916666667   43.27777778    16.66666667    2.069349       
568      NO_ID      0.8388888889   0.25           6.5            0.0375         0.125          29.5           26             6.767957       
569      NO_ID      0.8388888889   0.25           6.5            0.0375         0.125          29.5           18             6.106813       
570      NO_ID      1.061111111    0.25           6.5            0.1675         0.125          39.83333333    22             6.023318       
571      NO_ID      1.061111111    0.25           6.5            0.1675         0.125          19.16666667    22             9.697432       
572      NO_ID      0.7277777778   0.85           6.5            0.1675         0.125          19.16666667    22             9.3282         
573      NO_ID      0.7277777778   0.25           6.5            0.1675         0.125          19.16666667    22             11.203685      
574      NO_ID      0.45           0.55           6.5            0.1025         0.225          29.5           18             11.959262      
575      NO_ID      0.45           0.55           6.5            0.1025         0.125          29.5           18             12.967439      
576      NO_ID      1.030246914    0.1462962963   7.329903978    0.08832304527  0.1972222222   37.53703704    18.2962963     1.377995       
577      NO_ID      1.030246914    0.1462962963   7.299725652    0.08832304527  0.1972222222   37.53703704    18.2962963     1.338354       
578      NO_ID      1.032253721    0.15           7.722222222    0.08805555556  0.1916666667   37.53703704    18.44444444    1.452795       
579      NO_ID      1.032202916    0.15           7.722222222    0.08805555556  0.1916666667   37.53703704    18.44444444    1.452511       
580      NO_ID      0.9601102474   0.15           7.722222222    0.08083333333  0.1916666667   36.38888889    18             1.765627       
581      NO_ID      0.9601102474   0.15           5.277777778    0.08083333333  0.1916666667   36.38888889    18             2.31704        
582      NO_ID      0.95           0.15           6.5            0.1025         0.1916666667   36.38888889    19.33333333    1.913893       
583      NO_ID      0.95           0.15           6.5            0.1025         0.1916666667   36.38888889    16.66666667    2.547889       
584      NO_ID      0.8265432099   0.25           6.5            0.0375         0.125          29.5           22             5.352805       
585      NO_ID      0.8141975309   0.25           6.5            0.0375         0.125          29.5           22             5.394607       
586      NO_ID      1.45           0.25           10.16666667    0.1025         0.125          19.16666667    22             13.835901      
587      NO_ID      1.45           0.25           2.833333333    0.1025         0.125          19.16666667    22             11.76459       
588      NO_ID      0.45           0.55           6.5            0.1675         0.225          39.83333333    22             10.422467      
589      NO_ID      0.45           0.55           6.5            0.0375         0.225          39.83333333    22             39.610842      
590      NO_ID      1.030246914    0.1462962963   7.299725652    0.08832304527  0.1972222222   37.53703704    18.3127572     1.379577       
591      NO_ID      1.030246914    0.1462962963   7.299725652    0.08832304527  0.1972222222   37.53703704    18.27983539    1.356254       
592      NO_ID      1.032236786    0.15           7.722222222    0.08805555556  0.1916666667   37.53703704    18.44444444    1.444594       
593      NO_ID      1.032219851    0.15           7.722222222    0.08805555556  0.1916666667   37.53703704    18.44444444    1.467249       
594      NO_ID      0.9601356501   0.15           7.722222222    0.08083333333  0.1916666667   36.38888889    18             1.752744       
595      NO_ID      0.9601356501   0.15           5.277777778    0.08083333333  0.1916666667   36.38888889    18             2.306543       
596      NO_ID      0.95           0.15           6.5            0.1025         0.1916666667   39.83333333    19.33333333    2.137033       
597      NO_ID      0.95           0.15           6.5            0.1025         0.1916666667   39.83333333    16.66666667    2.403185       
598      NO_ID      0.828600823    0.25           6.5            0.0375         0.125          29.5           22             5.347512       
599      NO_ID      0.8244855967   0.25           6.5            0.0375         0.125          29.5           22             5.422561       
600      NO_ID      0.7833333333   0.25           6.5            0.1025         0.125          39.83333333    22             6.085487       
601      NO_ID      0.7833333333   0.25           6.5            0.1025         0.125          19.16666667    22             9.877949       
602      NO_ID      0.95           0.25           10.16666667    0.0375         0.125          19.16666667    22             17.56268       
603      NO_ID      0.95           0.25           2.833333333    0.0375         0.125          19.16666667    22             12.693072      
604      NO_ID      1.45           0.55           6.5            0.1675         0.225          19.16666667    22             27.058149      
605      NO_ID      1.45           0.55           6.5            0.1675         0.125          19.16666667    22             9.095804       
606      NO_ID      1.45           0.25           2.833333333    0.1675         0.175          29.5           22             7.388883       
607      NO_ID      1.45           0.25           2.833333333    0.0375         0.175          29.5           22             28.205126      
608      NO_ID      1.030246914    0.1467078189   7.299725652    0.08832304527  0.1972222222   37.53703704    18.2962963     1.369346       
609      NO_ID      1.030246914    0.1458847737   7.299725652    0.08832304527  0.1972222222   37.53703704    18.2962963     1.391784       
610      NO_ID      1.032231141    0.15           7.722222222    0.08805555556  0.1916666667   37.53703704    18.44444444    1.460295       
611      NO_ID      1.032225496    0.15           7.722222222    0.08805555556  0.1916666667   37.53703704    18.44444444    1.470546       
612      NO_ID      0.9601610527   0.15           7.722222222    0.08083333333  0.1916666667   36.38888889    18             1.771237       
613      NO_ID      0.9601610527   0.15           5.277777778    0.08083333333  0.1916666667   36.38888889    18             2.317523       
614      NO_ID      0.828600823    0.25           6.5            0.0375         0.125          29.5           26             6.663679       
615      NO_ID      0.828600823    0.25           6.5            0.0375         0.125          29.5           18             6.207012       
616      NO_ID      1.45           0.25           2.833333333    0.1675         0.225          29.5           22             11.829256      
617      NO_ID      1.45           0.25           2.833333333    0.1675         0.125          29.5           22             8.58214        
618      NO_ID      0.45           0.25           6.5            0.1025         0.175          39.83333333    18             11.219222      
619      NO_ID      0.45           0.25           6.5            0.1025         0.175          19.16666667    18             14.707071      
620      NO_ID      1.030246914    0.1462962963   7.299725652    0.0884122085   0.1972222222   37.53703704    18.2962963     1.378199       
621      NO_ID      1.030246914    0.1462962963   7.299725652    0.08823388203  0.1972222222   37.53703704    18.2962963     1.342857       
622      NO_ID      1.03222926     0.15           7.722222222    0.08805555556  0.1916666667   37.53703704    18.44444444    1.432298       
623      NO_ID      1.032227378    0.15           7.722222222    0.08805555556  0.1916666667   37.53703704    18.44444444    1.470736       
624      NO_ID      0.9599832343   0.15           7.722222222    0.08083333333  0.1916666667   36.38888889    18             1.774491       
625      NO_ID      0.9599832343   0.15           5.277777778    0.08083333333  0.1916666667   36.38888889    18             2.336641       
626      NO_ID      0.8265432099   0.25           6.5            0.0375         0.125          29.5           26             6.753963       
627      NO_ID      0.8265432099   0.25           6.5            0.0375         0.125          29.5           18             6.197041       
628      NO_ID      0.8388888889   0.25           6.5            0.1675         0.125          39.83333333    26             6.714001       
629      NO_ID      0.8388888889   0.25           6.5            0.1675         0.125          39.83333333    18             9.501568       
630      NO_ID      0.45           0.55           6.5            0.1675         0.225          19.16666667    22             12.174948      
631      NO_ID      0.45           0.55           6.5            0.1675         0.125          19.16666667    22             13.140539      
632      NO_ID      1.030246914    0.1462962963   7.299725652    0.08832304527  0.1972222222   37.55121171    18.2962963     1.370148       
633      NO_ID      1.030246914    0.1462962963   7.299725652    0.08832304527  0.1972222222   37.52286237    18.2962963     1.323276       
634      NO_ID      1.032229573    0.15           7.722222222    0.08805555556  0.1916666667   37.53703704    18.44444444    1.44197        
635      NO_ID      1.032228946    0.15           7.722222222    0.08805555556  0.1916666667   37.53703704    18.44444444    1.458985       
636      NO_ID      0.9630315501   0.15           7.722222222    0.08083333333  0.1916666667   36.38888889    18             1.759033       
637      NO_ID      0.9630315501   0.15           5.277777778    0.08083333333  0.1916666667   36.38888889    18             2.28203        
638      NO_ID      0.8203703704   0.25           6.5            0.0375         0.125          29.5           26             6.684392       
639      NO_ID      0.8203703704   0.25           6.5            0.0375         0.125          29.5           18             6.269261       
640      NO_ID      1.116666667    0.25           6.5            0.0375         0.175          19.16666667    22             5.275217       
641      NO_ID      0.7833333333   0.25           6.5            0.0375         0.175          19.16666667    22             6.637363       
642      NO_ID      1.45           0.25           10.16666667    0.1675         0.175          19.16666667    22             11.090825      
643      NO_ID      1.45           0.25           2.833333333    0.1675         0.175          19.16666667    22             10.31104       
644      NO_ID      0.95           0.25           6.5            0.1675         0.125          39.83333333    22             6.5532         
645      NO_ID      0.95           0.25           6.5            0.1675         0.125          19.16666667    22             10.164147      
646      NO_ID      0.95           0.55           6.5            0.1675         0.225          39.83333333    18             9.770288       
647      NO_ID      0.95           0.55           6.5            0.1675         0.225          19.16666667    18             7.359724       
648      NO_ID      0.95           0.85           6.5            0.1675         0.225          29.5           22             29.35808       
649      NO_ID      0.95           0.25           6.5            0.1675         0.225          29.5           22             4.528705       
650      NO_ID      1.030246914    0.1462962963   7.299725652    0.08832304527  0.1972908093   37.52286237    18.2962963     1.358939       
651      NO_ID      1.030246914    0.1462962963   7.299725652    0.08832304527  0.1971536351   37.52286237    18.2962963     1.406826       
652      NO_ID      1.032229364    0.15           7.722222222    0.08805555556  0.1916666667   37.53703704    18.44444444    1.422671       
653      NO_ID      1.032229155    0.15           7.722222222    0.08805555556  0.1916666667   37.53703704    18.44444444    1.450234       
654      NO_ID      0.9625743027   0.15           7.722222222    0.08083333333  0.1916666667   36.38888889    18             1.752026       
655      NO_ID      0.9625743027   0.15           5.277777778    0.08083333333  0.1916666667   36.38888889    18             2.308365       
656      NO_ID      0.95           0.25           6.5            0.1675         0.225          39.83333333    22             4.350016       
657      NO_ID      0.95           0.25           6.5            0.1675         0.225          19.16666667    22             7.329623       
658      NO_ID      0.95           0.55           6.5            0.1025         0.125          39.83333333    22             12.548113      
659      NO_ID      0.95           0.55           6.5            0.1025         0.125          19.16666667    22             13.340015      
660      NO_ID      1.030246914    0.1462962963   7.299725652    0.08832304527  0.1972222222   37.52286237    18.30178326    1.372224       
661      NO_ID      1.030246914    0.1462962963   7.299725652    0.08832304527  0.1972222222   37.52286237    18.29080933    1.391684       
662      NO_ID      1.032229399    0.15           7.722222222    0.08805555556  0.1916666667   37.53703704    18.44444444    1.458751       
663      NO_ID      1.032229329    0.15           7.722222222    0.08805555556  0.1916666667   37.53703704    18.44444444    1.470762       
664      NO_ID      0.9602880658   0.15           7.722222222    0.08083333333  0.1916666667   36.38888889    18             1.780656       
665      NO_ID      0.9602880658   0.15           5.277777778    0.08083333333  0.1916666667   36.38888889    18             2.296197       
666      NO_ID      1.116666667    0.25           6.5            0.0375         0.175          19.16666667    26             6.405731       
667      NO_ID      1.116666667    0.25           6.5            0.0375         0.175          19.16666667    18             6.492756       
668      NO_ID      0.7833333333   0.25           6.5            0.1675         0.125          39.83333333    26             7.038804       
669      NO_ID      0.7833333333   0.25           6.5            0.1675         0.125          39.83333333    18             10.024566      
670      NO_ID      0.45           0.25           6.5            0.1025         0.225          29.5           26             7.121801       
671      NO_ID      0.45           0.25           6.5            0.1025         0.125          29.5           26             9.6082         
672      NO_ID      1.45           0.25           6.5            0.1675         0.175          39.83333333    22             6.221077       
673      NO_ID      1.45           0.25           6.5            0.0375         0.175          39.83333333    22             113.160595     
674      NO_ID      1.030932785    0.1462962963   7.299725652    0.08832304527  0.1972222222   37.52286237    18.2962963     1.371527       
675      NO_ID      1.029561043    0.1462962963   7.299725652    0.08832304527  0.1972222222   37.52286237    18.2962963     1.358849       
676      NO_ID      1.032229364    0.15           8.12962963     0.08805555556  0.1916666667   37.53703704    18.44444444    1.483906       
677      NO_ID      1.032229364    0.15           7.314814815    0.08805555556  0.1916666667   37.53703704    18.44444444    1.390407       
678      NO_ID      0.9621932632   0.15           6.5            0.08083333333  0.1916666667   36.38888889    18             1.764219       
679      NO_ID      0.9620408474   0.15           6.5            0.08083333333  0.1916666667   36.38888889    18             1.75062        
680      NO_ID      1.45           0.25           6.5            0.1675         0.175          39.83333333    26             11.105997      
681      NO_ID      1.45           0.25           6.5            0.1675         0.175          39.83333333    18             4.087248       
682      NO_ID      0.45           0.55           6.5            0.1675         0.175          29.5           22             12.136105      
683      NO_ID      0.45           0.55           6.5            0.0375         0.175          29.5           22             23.286054      
684      NO_ID      1.030246914    0.1462962963   7.304755373    0.08832304527  0.1972222222   37.52286237    18.2962963     1.369374       
685      NO_ID      1.030246914    0.1462962963   7.29469593     0.08832304527  0.1972222222   37.52286237    18.2962963     1.361747       
686      NO_ID      1.032229364    0.1611111111   7.314814815    0.08805555556  0.1916666667   37.53703704    18.44444444    1.48522        
687      NO_ID      1.032229364    0.1388888889   7.314814815    0.08805555556  0.1916666667   37.53703704    18.44444444    1.43432        
688      NO_ID      0.9620662501   0.15           6.5            0.08083333333  0.1916666667   36.38888889    18             1.754454       
689      NO_ID      0.9620154448   0.15           6.5            0.08083333333  0.1916666667   36.38888889    18             1.733439       
690      NO_ID      0.8141975309   0.25           6.5            0.0375         0.125          29.5           26             6.73504        
691      NO_ID      0.8141975309   0.25           6.5            0.0375         0.125          29.5           18             6.362478       
692      NO_ID      1.672222222    0.25           10.16666667    0.1675         0.175          19.16666667    22             10.840939      
693      NO_ID      1.672222222    0.25           2.833333333    0.1675         0.175          19.16666667    22             10.06638       
694      NO_ID      1.505555556    0.85           6.5            0.1675         0.175          19.16666667    22             45.727976      
695      NO_ID      1.505555556    0.25           6.5            0.1675         0.175          19.16666667    22             7.553189       
696      NO_ID      0.95           0.85           6.5            0.1675         0.175          39.83333333    22             14.357129      
697      NO_ID      0.95           0.85           6.5            0.1675         0.175          19.16666667    22             12.140491      
698      NO_ID      1.030246914    0.1464334705   7.299725652    0.08832304527  0.1972222222   37.52286237    18.2962963     1.36377        
699      NO_ID      1.030246914    0.1461591221   7.299725652    0.08832304527  0.1972222222   37.52286237    18.2962963     1.343905       
700      NO_ID      1.032229364    0.15           7.314814815    0.09046296296  0.1916666667   37.53703704    18.44444444    1.393024       
701      NO_ID      1.032229364    0.15           7.314814815    0.08564814815  0.1916666667   37.53703704    18.44444444    1.430212       
702      NO_ID      0.9620239123   0.15           6.5            0.08083333333  0.1916666667   36.38888889    18             1.767753       
703      NO_ID      0.9620069773   0.15           6.5            0.08083333333  0.1916666667   36.38888889    18             1.764962       
704      NO_ID      0.8244855967   0.25           6.5            0.0375         0.125          29.5           26             6.715574       
705      NO_ID      0.8244855967   0.25           6.5            0.0375         0.125          29.5           18             6.278229       
706      NO_ID      1.505555556    0.25           10.16666667    0.1675         0.175          19.16666667    22             11.058585      
707      NO_ID      1.505555556    0.25           2.833333333    0.1675         0.175          19.16666667    22             10.249164      
708      NO_ID      0.45           0.55           6.5            0.1025         0.225          19.16666667    22             13.942564      
709      NO_ID      0.45           0.55           6.5            0.1025         0.125          19.16666667    22             13.331122      
710      NO_ID      1.030246914    0.1462962963   7.299725652    0.08835276635  0.1972222222   37.52286237    18.2962963     1.330839       
711      NO_ID      1.030246914    0.1462962963   7.299725652    0.08829332419  0.1972222222   37.52286237    18.2962963     1.344905       
712      NO_ID      1.032229364    0.15           7.314814815    0.08805555556  0.1935185185   37.53703704    18.44444444    1.393378       
713      NO_ID      1.032229364    0.15           7.314814815    0.08805555556  0.1898148148   37.53703704    18.44444444    1.443785       
714      NO_ID      0.9620182673   0.15           6.5            0.08083333333  0.1916666667   36.38888889    18             1.762677       
715      NO_ID      0.9620126223   0.15           6.5            0.08083333333  0.1916666667   36.38888889    18             1.753323       
716      NO_ID      0.95           0.25           6.5            0.1241666667   0.175          43.27777778    18             3.567606       
717      NO_ID      0.95           0.25           6.5            0.08083333333  0.175          43.27777778    18             3.785155       
718      NO_ID      1.616666667    0.25           6.5            0.1025         0.125          39.83333333    26             10.361282      
719      NO_ID      1.616666667    0.25           6.5            0.1025         0.125          39.83333333    18             3.522324       
720      NO_ID      1.283333333    0.25           6.5            0.1025         0.225          19.16666667    26             15.89177       
721      NO_ID      1.283333333    0.25           6.5            0.1025         0.125          19.16666667    26             7.029953       
722      NO_ID      0.95           0.25           2.833333333    0.1025         0.175          39.83333333    22             10.996059      
723      NO_ID      0.95           0.25           2.833333333    0.1025         0.175          19.16666667    22             11.085153      
724      NO_ID      1.672222222    0.25           6.5            0.0375         0.225          19.16666667    22             53.985935      
725      NO_ID      1.672222222    0.25           6.5            0.0375         0.125          19.16666667    22             5.730708       
726      NO_ID      1.45           0.85           10.16666667    0.1025         0.125          29.5           22             20.37414       
727      NO_ID      1.45           0.25           10.16666667    0.1025         0.125          29.5           22             13.268906      
728      NO_ID      1.030246914    0.1462962963   7.299725652    0.08832304527  0.1972450846   37.52286237    18.2962963     1.3816         
729      NO_ID      1.030246914    0.1462962963   7.299725652    0.08832304527  0.1971993599   37.52286237    18.2962963     1.353874       
730      NO_ID      1.032229364    0.15           7.314814815    0.09046296296  0.1916666667   37.91975309    18.44444444    1.375717       
731      NO_ID      1.032229364    0.15           7.314814815    0.09046296296  0.1916666667   37.15432099    18.44444444    1.431173       
732      NO_ID      0.9620154448   0.15           7.722222222    0.08083333333  0.1916666667   36.38888889    18             1.741058       
733      NO_ID      0.9620154448   0.15           5.277777778    0.08083333333  0.1916666667   36.38888889    18             2.312668       
734      NO_ID      1.672222222    0.25           6.5            0.0375         0.125          19.16666667    26             7.878076       
735      NO_ID      1.672222222    0.25           6.5            0.0375         0.125          19.16666667    18             6.285005       
736      NO_ID      1.561111111    0.85           6.5            0.1675         0.175          19.16666667    22             50.707973      
737      NO_ID      1.561111111    0.25           6.5            0.1675         0.175          19.16666667    22             7.562304       
738      NO_ID      0.45           0.25           2.833333333    0.1675         0.175          29.5           18             15.544916      
739      NO_ID      0.45           0.25           2.833333333    0.0375         0.175          29.5           18             14.194561      
740      NO_ID      1.030246914    0.1462962963   7.299725652    0.08832304527  0.1972222222   37.52758726    18.2962963     1.382404       
741      NO_ID      1.030246914    0.1462962963   7.299725652    0.08832304527  0.1972222222   37.51813748    18.2962963     1.338386       
742      NO_ID      1.032229364    0.15           7.314814815    0.09046296296  0.1935185185   37.91975309    18.44444444    1.357899       
743      NO_ID      1.032229364    0.15           7.314814815    0.09046296296  0.1898148148   37.91975309    18.44444444    1.427286       
744      NO_ID      0.9620135631   0.15           6.5            0.08083333333  0.1916666667   36.38888889    18             1.766939       
745      NO_ID      0.9620116814   0.15           6.5            0.08083333333  0.1916666667   36.38888889    18             1.762084       
746      NO_ID      1.616666667    0.35           6.5            0.1025         0.125          39.83333333    18             8.847122       
747      NO_ID      1.616666667    0.15           6.5            0.1025         0.125          39.83333333    18             2.751806       
748      NO_ID      0.7833333333   0.25           6.5            0.0375         0.125          29.5           26             6.543962       
749      NO_ID      0.7833333333   0.25           6.5            0.0375         0.125          29.5           18             6.704765       
750      NO_ID      1.561111111    0.25           10.16666667    0.1675         0.175          19.16666667    22             11.083481      
751      NO_ID      1.561111111    0.25           2.833333333    0.1675         0.175          19.16666667    22             10.186356      
752      NO_ID      1.283333333    0.55           6.5            0.1675         0.125          19.16666667    22             9.36058        
753      NO_ID      1.283333333    0.55           6.5            0.0375         0.125          19.16666667    22             87.322148      
754      NO_ID      0.45           0.55           6.5            0.1675         0.175          29.5           26             13.525753      
755      NO_ID      0.45           0.55           6.5            0.0375         0.175          29.5           26             32.732607      
756      NO_ID      1.030475537    0.1462962963   7.299725652    0.08832304527  0.1972222222   37.52286237    18.2962963     1.393292       
757      NO_ID      1.03001829     0.1462962963   7.299725652    0.08832304527  0.1972222222   37.52286237    18.2962963     1.377658       
758      NO_ID      1.032229364    0.15           7.450617284    0.09046296296  0.1935185185   37.91975309    18.44444444    1.395023       
759      NO_ID      1.032229364    0.15           7.179012346    0.09046296296  0.1935185185   37.91975309    18.44444444    1.380162       
760      NO_ID      0.9620129359   0.15           6.5            0.08083333333  0.1916666667   36.38888889    18             1.76664        
761      NO_ID      0.9620123087   0.15           6.5            0.08083333333  0.1916666667   36.38888889    18             1.791881       
762      NO_ID      1.616666667    0.15           6.5            0.1241666667   0.125          39.83333333    18             3.688284       
763      NO_ID      1.616666667    0.15           6.5            0.08083333333  0.125          39.83333333    18             2.263833       
764      NO_ID      0.95           0.25           6.5            0.0375         0.175          19.16666667    26             5.435579       
765      NO_ID      0.95           0.25           6.5            0.0375         0.175          19.16666667    18             7.798328       
766      NO_ID      1.672222222    0.25           10.16666667    0.1675         0.125          19.16666667    22             11.083893      
767      NO_ID      1.672222222    0.25           2.833333333    0.1675         0.125          19.16666667    22             11.191713      
768      NO_ID      0.45           0.25           6.5            0.1025         0.225          39.83333333    22             7.086644       
769      NO_ID      0.45           0.25           6.5            0.1025         0.125          39.83333333    22             10.610355      
770      NO_ID      1.616666667    0.85           6.5            0.1675         0.175          19.16666667    22             55.13888       
771      NO_ID      1.616666667    0.25           6.5            0.1675         0.175          19.16666667    22             7.729946       
772      NO_ID      0.45           0.85           2.833333333    0.1675         0.175          19.16666667    22             14.839111      
773      NO_ID      0.45           0.85           2.833333333    0.0375         0.175          19.16666667    22             22.220977      
774      NO_ID      1.030246914    0.1462962963   7.299725652    0.08832304527  0.1972222222   37.52286237    18.29812529    1.37354        
775      NO_ID      1.030246914    0.1462962963   7.299725652    0.08832304527  0.1972222222   37.52286237    18.29446731    1.357028       
776      NO_ID      1.032229376    0.15           7.314814815    0.09046296296  0.1935185185   37.91975309    18.44444444    1.393694       
777      NO_ID      1.032229353    0.15           7.314814815    0.09046296296  0.1935185185   37.91975309    18.44444444    1.344023       
778      NO_ID      0.9620126223   0.15           7.722222222    0.08083333333  0.1916666667   36.38888889    18             1.769116       
779      NO_ID      0.9620126223   0.15           5.277777778    0.08083333333  0.1916666667   36.38888889    18             2.319777       
780      NO_ID      1.616666667    0.15           6.5            0.08083333333  0.125          43.27777778    18             2.464487       
781      NO_ID      1.616666667    0.15           6.5            0.08083333333  0.125          36.38888889    18             2.436346       
782      NO_ID      1.172222222    0.25           6.5            0.1675         0.125          39.83333333    26             6.039016       
783      NO_ID      1.172222222    0.25           6.5            0.1675         0.125          39.83333333    18             7.090085       
784      NO_ID      1.635185185    0.25           6.5            0.1675         0.175          19.16666667    22             7.699838       
785      NO_ID      1.598148148    0.25           6.5            0.1675         0.175          19.16666667    22             7.655742       
786      NO_ID      1.394444444    0.55           6.5            0.1025         0.225          19.16666667    18             41.109599      
787      NO_ID      1.394444444    0.55           6.5            0.1025         0.125          19.16666667    18             10.191835      
788      NO_ID      0.95           0.55           6.5            0.1025         0.175          39.83333333    22             19.806207      
789      NO_ID      0.95           0.55           6.5            0.1025         0.175          19.16666667    22             16.986038      
790      NO_ID      1.030246914    0.1462962963   7.301402225    0.08832304527  0.1972222222   37.52286237    18.2962963     1.384602       
791      NO_ID      1.030246914    0.1462962963   7.298049078    0.08832304527  0.1972222222   37.52286237    18.2962963     1.368858       
792      NO_ID      1.032229353    0.15           7.314814815    0.09046296296  0.1935185185   37.91975309    18.59259259    1.576798       
793      NO_ID      1.032229353    0.15           7.314814815    0.09046296296  0.1935185185   37.91975309    18.2962963     1.37158        
794      NO_ID      0.9620130404   0.15           6.5            0.08083333333  0.1916666667   36.38888889    18             1.792032       
795      NO_ID      0.9620128314   0.15           6.5            0.08083333333  0.1916666667   36.38888889    18             1.779946       
796      NO_ID      1.616666667    0.15           6.5            0.08083333333  0.1416666667   39.83333333    18             2.265015       
797      NO_ID      1.616666667    0.15           6.5            0.08083333333  0.1083333333   39.83333333    18             3.286131       
798      NO_ID      0.7833333333   0.25           6.5            0.0375         0.175          29.5           26             9.978911       
799      NO_ID      0.7833333333   0.25           6.5            0.0375         0.175          29.5           18             4.241558       
800      NO_ID      1.598148148    0.25           10.16666667    0.1675         0.175          19.16666667    22             11.047439      
801      NO_ID      1.598148148    0.25           2.833333333    0.1675         0.175          19.16666667    22             10.178137      
802      NO_ID      1.505555556    0.85           6.5            0.1025         0.125          19.16666667    22             22.964826      
803      NO_ID      1.505555556    0.25           6.5            0.1025         0.125          19.16666667    22             6.956942       
804      NO_ID      0.45           0.55           6.5            0.0375         0.225          19.16666667    22             26.941673      
805      NO_ID      0.45           0.55           6.5            0.0375         0.125          19.16666667    22             15.948361      
806      NO_ID      1.030246914    0.146342021    7.299725652    0.08832304527  0.1972222222   37.52286237    18.2962963     1.339534       
807      NO_ID      1.030246914    0.1462505716   7.299725652    0.08832304527  0.1972222222   37.52286237    18.2962963     1.375198       
808      NO_ID      1.032229353    0.1537037037   7.314814815    0.09046296296  0.1935185185   37.91975309    18.44444444    1.409988       
809      NO_ID      1.032229353    0.1462962963   7.314814815    0.09046296296  0.1935185185   37.91975309    18.44444444    1.377203       
810      NO_ID      1.032229368    0.15           7.314814815    0.09046296296  0.1935185185   37.91975309    18.44444444    1.372487       
811      NO_ID      1.03222936     0.15           7.314814815    0.09046296296  0.1935185185   37.91975309    18.44444444    1.371825       
812      NO_ID      1.032229399    0.15           8.12962963     0.08805555556  0.1916666667   37.53703704    18.44444444    1.524625       
813      NO_ID      1.032229399    0.15           7.314814815    0.08805555556  0.1916666667   37.53703704    18.44444444    1.421145       
814      NO_ID      0.9620129707   0.15           6.5            0.08083333333  0.1916666667   36.38888889    18             1.782827       
815      NO_ID      0.9620129011   0.15           6.5            0.08083333333  0.1916666667   36.38888889    18             1.768411       
816      NO_ID      1.616666667    0.15           6.5            0.08083333333  0.1416666667   36.38888889    18             2.00859        
817      NO_ID      1.616666667    0.15           6.5            0.08083333333  0.1083333333   36.38888889    18             3.668925       
818      NO_ID      1.616666667    0.15           6.5            0.1025         0.125          43.27777778    18             2.685249       
819      NO_ID      1.616666667    0.15           6.5            0.1025         0.125          36.38888889    18             3.028117       
820      NO_ID      1.505555556    0.25           6.5            0.1025         0.125          19.16666667    26             7.27868        
821      NO_ID      1.505555556    0.25           6.5            0.1025         0.125          19.16666667    18             8.634312       
822      NO_ID      1.561111111    0.85           6.5            0.1025         0.125          19.16666667    22             24.610811      
823      NO_ID      1.561111111    0.25           6.5            0.1025         0.125          19.16666667    22             6.854116       
824      NO_ID      0.95           0.85           6.5            0.1675         0.225          29.5           26             45.910706      
825      NO_ID      0.95           0.25           6.5            0.1675         0.225          29.5           26             6.663434       
826      NO_ID      1.030246914    0.1462962963   7.299725652    0.08833295229  0.1972222222   37.52286237    18.2962963     1.350113       
827      NO_ID      1.030246914    0.1462962963   7.299725652    0.08831313824  0.1972222222   37.52286237    18.2962963     1.370869       
828      NO_ID      1.032229353    0.15           7.314814815    0.0912654321   0.1935185185   37.91975309    18.44444444    1.344272       
829      NO_ID      1.032229353    0.15           7.314814815    0.08966049383  0.1935185185   37.91975309    18.44444444    1.379167       
830      NO_ID      1.032229364    0.15           7.314814815    0.09046296296  0.1935185185   37.91975309    18.59259259    1.63613        
831      NO_ID      1.032229364    0.15           7.314814815    0.09046296296  0.1935185185   37.91975309    18.2962963     1.371352       
832      NO_ID      0.9620129359   0.15           7.722222222    0.08083333333  0.1916666667   36.38888889    18             1.758297       
833      NO_ID      0.9620129359   0.15           5.277777778    0.08083333333  0.1916666667   36.38888889    18             2.350266       
834      NO_ID      1.672222222    0.15           6.5            0.08083333333  0.1416666667   36.38888889    18             2.148059       
835      NO_ID      1.561111111    0.15           6.5            0.08083333333  0.1416666667   36.38888889    18             1.995381       
836      NO_ID      0.95           0.25           6.5            0.1675         0.225          39.83333333    26             7.599262       
837      NO_ID      0.95           0.25           6.5            0.1675         0.225          19.16666667    26             7.742922       
838      NO_ID      1.672222222    0.55           6.5            0.1675         0.225          19.16666667    22             44.632851      
839      NO_ID      1.672222222    0.55           6.5            0.1675         0.125          19.16666667    22             9.163726       
840      NO_ID      0.45           0.85           6.5            0.0375         0.225          29.5           22             35.763153      
841      NO_ID      0.45           0.85           6.5            0.0375         0.125          29.5           22             14.460121      
842      NO_ID      1.030246914    0.1462962963   7.299725652    0.08832304527  0.1972222222   37.52443733    18.2962963     1.371007       
843      NO_ID      1.030246914    0.1462962963   7.299725652    0.08832304527  0.1972222222   37.52128741    18.2962963     1.366571       
844      NO_ID      1.032229353    0.15           7.314814815    0.09046296296  0.1935185185   38.0473251     18.44444444    1.37732        
845      NO_ID      1.032229353    0.15           7.314814815    0.09046296296  0.1935185185   37.79218107    18.44444444    1.394362       
846      NO_ID      1.032229364    0.15           7.450617284    0.09046296296  0.1916666667   37.91975309    18.44444444    1.392964       
847      NO_ID      1.032229364    0.15           7.179012346    0.09046296296  0.1916666667   37.91975309    18.44444444    1.403053       
848      NO_ID      1.033219021    0.15           7.722222222    0.08805555556  0.1916666667   37.53703704    18.44444444    1.474392       
849      NO_ID      1.032761774    0.15           7.722222222    0.08805555556  0.1916666667   37.53703704    18.44444444    1.449448       
850      NO_ID      0.9620129011   0.15           7.722222222    0.08083333333  0.1916666667   36.38888889    18             1.760368       
851      NO_ID      0.9620129011   0.15           5.277777778    0.08083333333  0.1916666667   36.38888889    18             2.304179       
852      NO_ID      1.561111111    0.15           6.5            0.08083333333  0.1416666667   36.38888889    19.33333333    2.473323       
853      NO_ID      1.561111111    0.15           6.5            0.08083333333  0.1416666667   36.38888889    16.66666667    1.739865       
854      NO_ID      1.561111111    0.25           6.5            0.1025         0.125          19.16666667    26             7.384772       
855      NO_ID      1.561111111    0.25           6.5            0.1025         0.125          19.16666667    18             8.304741       
856      NO_ID      1.616666667    0.85           6.5            0.1025         0.125          19.16666667    22             26.501832      
857      NO_ID      1.616666667    0.25           6.5            0.1025         0.125          19.16666667    22             6.805468       
858      NO_ID      0.45           0.85           6.5            0.0375         0.225          39.83333333    22             39.674837      
859      NO_ID      0.45           0.85           6.5            0.0375         0.125          39.83333333    22             14.327486      
860      NO_ID      1.030246914    0.1462962963   7.299725652    0.08832304527  0.197229843    37.52286237    18.2962963     1.349735       
861      NO_ID      1.030246914    0.1462962963   7.299725652    0.08832304527  0.1972146014   37.52286237    18.2962963     1.359603       
862      NO_ID      1.032229353    0.15           7.314814815    0.0912654321   0.1935185185   38.0473251     18.44444444    1.338884       
863      NO_ID      1.032229353    0.15           7.314814815    0.0912654321   0.1935185185   37.79218107    18.44444444    1.338532       
864      NO_ID      1.57962963     0.15           6.5            0.08083333333  0.1416666667   36.38888889    16.66666667    1.756778       
865      NO_ID      1.542592593    0.15           6.5            0.08083333333  0.1416666667   36.38888889    16.66666667    1.726957       
866      NO_ID      1.616666667    0.15           7.722222222    0.08083333333  0.1416666667   36.38888889    18             2.040711       
867      NO_ID      1.616666667    0.15           5.277777778    0.08083333333  0.1416666667   36.38888889    18             2.489952       
868      NO_ID      1.616666667    0.25           6.5            0.1025         0.125          19.16666667    26             7.596054       
869      NO_ID      1.616666667    0.25           6.5            0.1025         0.125          19.16666667    18             8.123105       
870      NO_ID      1.616666667    0.25           6.5            0.1675         0.225          19.16666667    22             10.338983      
871      NO_ID      1.616666667    0.25           6.5            0.0375         0.225          19.16666667    22             45.555936      
872      NO_ID      0.95           0.85           6.5            0.1025         0.175          39.83333333    22             26.023486      
873      NO_ID      0.95           0.85           6.5            0.1025         0.175          19.16666667    22             21.776702      
874      NO_ID      1.030323121    0.1462962963   7.299725652    0.08832304527  0.1972222222   37.52286237    18.2962963     1.356981       
875      NO_ID      1.030170706    0.1462962963   7.299725652    0.08832304527  0.1972222222   37.52286237    18.2962963     1.392639       
876      NO_ID      1.032229353    0.15           7.314814815    0.0912654321   0.1941358025   37.79218107    18.44444444    1.393543       
877      NO_ID      1.032229353    0.15           7.314814815    0.0912654321   0.1929012346   37.79218107    18.44444444    1.364476       
878      NO_ID      1.542592593    0.15           7.722222222    0.08083333333  0.1416666667   36.38888889    16.66666667    1.850347       
879      NO_ID      1.542592593    0.15           5.277777778    0.08083333333  0.1416666667   36.38888889    16.66666667    2.021893       
880      NO_ID      1.616666667    0.15           6.5            0.08083333333  0.1416666667   43.27777778    18             2.982251       
881      NO_ID      1.616666667    0.15           6.5            0.08083333333  0.1083333333   43.27777778    18             3.192995       
882      NO_ID      1.45           0.25           6.5            0.1675         0.125          29.5           26             6.740316       
883      NO_ID      1.45           0.25           6.5            0.1675         0.125          29.5           18             7.362737       
884      NO_ID      1.641358025    0.25           6.5            0.1675         0.175          19.16666667    22             7.771364       
885      NO_ID      1.629012346    0.25           6.5            0.1675         0.175          19.16666667    22             7.690308       
886      NO_ID      1.45           0.25           6.5            0.1025         0.225          29.5           22             26.248104      
887      NO_ID      1.45           0.25           6.5            0.1025         0.125          29.5           22             5.093605       
888      NO_ID      1.283333333    0.55           6.5            0.1675         0.175          19.16666667    22             10.210275      
889      NO_ID      1.283333333    0.55           6.5            0.0375         0.175          19.16666667    22             253.852839     
890      NO_ID      0.95           0.25           6.5            0.0375         0.225          39.83333333    22             85.091884      
891      NO_ID      0.95           0.25           6.5            0.0375         0.125          39.83333333    22             8.521981       
892      NO_ID      1.030246914    0.1462962963   7.300284509    0.08832304527  0.1972222222   37.52286237    18.2962963     1.392527       
893      NO_ID      1.030246914    0.1462962963   7.299166794    0.08832304527  0.1972222222   37.52286237    18.2962963     1.361584       
894      NO_ID      1.032229353    0.15           7.314814815    0.0912654321   0.1941358025   38.0473251     18.44444444    1.346338       
895      NO_ID      1.032229353    0.15           7.314814815    0.0912654321   0.1929012346   38.0473251     18.44444444    1.382918       
896      NO_ID      1.567283951    0.15           6.5            0.08083333333  0.1416666667   36.38888889    16.66666667    1.735491       
897      NO_ID      1.554938272    0.15           6.5            0.08083333333  0.1416666667   36.38888889    16.66666667    1.721573       
898      NO_ID      1.672222222    0.15           6.5            0.08083333333  0.1416666667   36.38888889    19.33333333    2.841834       
899      NO_ID      1.672222222    0.15           6.5            0.08083333333  0.1416666667   36.38888889    16.66666667    1.781371       
900      NO_ID      1.45           0.25           6.5            0.1025         0.125          29.5           26             7.433791       
901      NO_ID      1.45           0.25           6.5            0.1025         0.125          29.5           18             5.066348       
902      NO_ID      1.629012346    0.25           10.16666667    0.1675         0.175          19.16666667    22             11.079715      
903      NO_ID      1.629012346    0.25           2.833333333    0.1675         0.175          19.16666667    22             10.101804      
904      NO_ID      1.116666667    0.25           6.5            0.0375         0.125          39.83333333    22             12.322072      
905      NO_ID      0.7833333333   0.25           6.5            0.0375         0.125          39.83333333    22             6.424134       
906      NO_ID      1.283333333    0.85           6.5            0.1675         0.225          19.16666667    22             80.61675       
907      NO_ID      1.283333333    0.85           6.5            0.1675         0.125          19.16666667    22             10.703002      
908      NO_ID      0.95           0.55           6.5            0.1025         0.225          39.83333333    22             41.126428      
909      NO_ID      0.95           0.55           6.5            0.1025         0.225          19.16666667    22             24.626068      
910      NO_ID      1.030246914    0.1462962963   7.299725652    0.08832304527  0.1972222222   37.52286237    18.29690596    1.370829       
911      NO_ID      1.030246914    0.1462962963   7.299725652    0.08832304527  0.1972222222   37.52286237    18.29568663    1.342608       
912      NO_ID      1.032229353    0.15           7.360082305    0.0912654321   0.1935185185   37.79218107    18.44444444    1.372182       
913      NO_ID      1.032229353    0.15           7.269547325    0.0912654321   0.1935185185   37.79218107    18.44444444    1.352674       
914      NO_ID      1.556995885    0.15           6.5            0.08083333333  0.1416666667   36.38888889    16.66666667    1.752038       
915      NO_ID      1.552880658    0.15           6.5            0.08083333333  0.1416666667   36.38888889    16.66666667    1.716153       
916      NO_ID      0.7833333333   0.25           10.16666667    0.0375         0.125          39.83333333    22             22.637101      
917      NO_ID      0.7833333333   0.25           2.833333333    0.0375         0.125          39.83333333    22             11.795281      
918      NO_ID      1.394444444    0.55           6.5            0.1675         0.175          19.16666667    22             11.242505      
919      NO_ID      1.394444444    0.55           6.5            0.0375         0.175          19.16666667    22             308.564842     
920      NO_ID      1.45           0.25           6.5            0.1675         0.225          39.83333333    22             12.634431      
921      NO_ID      1.45           0.25           6.5            0.0375         0.225          39.83333333    22             383.618612     
922      NO_ID      1.030246914    0.1463115379   7.299725652    0.08832304527  0.1972222222   37.52286237    18.2962963     1.330768       
923      NO_ID      1.030246914    0.1462810547   7.299725652    0.08832304527  0.1972222222   37.52286237    18.2962963     1.371161       
924      NO_ID      1.032229353    0.15           7.314814815    0.0912654321   0.1935185185   38.0473251     18.49382716    1.346845       
925      NO_ID      1.032229353    0.15           7.314814815    0.0912654321   0.1935185185   38.0473251     18.39506173    1.369552       
926      NO_ID      1.553566529    0.15           6.5            0.08083333333  0.1416666667   36.38888889    16.66666667    1.730956       
927      NO_ID      1.552194787    0.15           6.5            0.08083333333  0.1416666667   36.38888889    16.66666667    1.742552       
928      NO_ID      1.616666667    0.15           7.722222222    0.08083333333  0.125          39.83333333    18             2.312031       
929      NO_ID      1.616666667    0.15           5.277777778    0.08083333333  0.125          39.83333333    18             2.558347       
930      NO_ID      1.616666667    0.15           6.5            0.1025         0.1416666667   43.27777778    18             2.043928       
931      NO_ID      1.616666667    0.15           6.5            0.1025         0.1083333333   43.27777778    18             3.971544       
932      NO_ID      0.95           0.25           6.5            0.1025         0.125          29.5           26             6.003379       
933      NO_ID      0.95           0.25           6.5            0.1025         0.125          29.5           18             7.552408       
934      NO_ID      1.637242798    0.25           6.5            0.1675         0.175          19.16666667    22             7.672975       
935      NO_ID      1.633127572    0.25           6.5            0.1675         0.175          19.16666667    22             7.728041       
936      NO_ID      0.95           0.55           10.16666667    0.1675         0.175          29.5           22             10.058937      
937      NO_ID      0.95           0.55           2.833333333    0.1675         0.175          29.5           22             11.654319      
938      NO_ID      1.672222222    0.85           6.5            0.1675         0.125          19.16666667    22             17.874831      
939      NO_ID      1.672222222    0.85           6.5            0.0375         0.125          19.16666667    22             186.967314     
940      NO_ID      1.45           0.55           6.5            0.1675         0.175          29.5           22             16.998724      
941      NO_ID      1.45           0.55           6.5            0.0375         0.175          29.5           22             418.154795     
942      NO_ID      1.030246914    0.1462962963   7.299725652    0.08832304527  0.1972222222   37.52338736    18.2962963     1.371146       
943      NO_ID      1.030246914    0.1462962963   7.299725652    0.08832304527  0.1972222222   37.52233738    18.2962963     1.376731       
944      NO_ID      1.032229353    0.15           7.314814815    0.09046296296  0.1941358025   37.91975309    18.44444444    1.378619       
945      NO_ID      1.032229353    0.15           7.314814815    0.09046296296  0.1929012346   37.91975309    18.44444444    1.360212       
946      NO_ID      1.553109282    0.15           6.5            0.08083333333  0.1416666667   36.38888889    16.66666667    1.737572       
947      NO_ID      1.552652035    0.15           6.5            0.08083333333  0.1416666667   36.38888889    16.66666667    1.776456       
948      NO_ID      1.616666667    0.15           6.5            0.1025         0.1416666667   43.27777778    19.33333333    2.526516       
949      NO_ID      1.616666667    0.15           6.5            0.1025         0.1416666667   43.27777778    16.66666667    1.852208       
950      NO_ID      1.637242798    0.25           10.16666667    0.1675         0.175          19.16666667    22             11.06588       
951      NO_ID      1.637242798    0.25           2.833333333    0.1675         0.175          19.16666667    22             10.148235      
952      NO_ID      0.45           0.25           6.5            0.1675         0.175          39.83333333    26             9.042608       
953      NO_ID      0.45           0.25           6.5            0.1675         0.175          19.16666667    26             10.297803      
954      NO_ID      1.45           0.55           6.5            0.1025         0.225          19.16666667    22             83.462407      
955      NO_ID      1.45           0.55           6.5            0.1025         0.125          19.16666667    22             15.409759      
956      NO_ID      1.45           0.85           10.16666667    0.1025         0.175          29.5           22             86.748957      
957      NO_ID      1.45           0.25           10.16666667    0.1025         0.175          29.5           22             22.306159      
958      NO_ID      1.030246914    0.1462962963   7.299725652    0.08832634761  0.1972222222   37.52286237    18.2962963     1.384514       
959      NO_ID      1.030246914    0.1462962963   7.299725652    0.08831974293  0.1972222222   37.52286237    18.2962963     1.362152       
960      NO_ID      1.032229353    0.15           7.314814815    0.0912654321   0.1941358025   37.91975309    18.44444444    1.356836       
961      NO_ID      1.032229353    0.15           7.314814815    0.0912654321   0.1929012346   37.91975309    18.44444444    1.350781       
962      NO_ID      1.555624143    0.15           6.5            0.08083333333  0.1416666667   36.38888889    16.66666667    1.708499       
963      NO_ID      1.554252401    0.15           6.5            0.08083333333  0.1416666667   36.38888889    16.66666667    1.729133       
964      NO_ID      1.616666667    0.15           6.5            0.08083333333  0.1416666667   39.83333333    19.33333333    3.059066       
965      NO_ID      1.616666667    0.15           6.5            0.08083333333  0.1416666667   39.83333333    16.66666667    1.632738       
966      NO_ID      1.061111111    0.25           6.5            0.1675         0.125          39.83333333    26             6.036759       
967      NO_ID      1.061111111    0.25           6.5            0.1675         0.125          39.83333333    18             7.716812       
968      NO_ID      1.635185185    0.25           10.16666667    0.1675         0.175          19.16666667    22             11.034022      
969      NO_ID      1.635185185    0.25           2.833333333    0.1675         0.175          19.16666667    22             10.119078      
970      NO_ID      0.45           0.85           10.16666667    0.1025         0.225          19.16666667    22             9.444686       
971      NO_ID      0.45           0.85           10.16666667    0.1025         0.125          19.16666667    22             10.201718      
972      NO_ID      1.505555556    0.85           6.5            0.1675         0.225          19.16666667    22             137.80542      
973      NO_ID      1.505555556    0.25           6.5            0.1675         0.225          19.16666667    22             9.251244       
974      NO_ID      1.45           0.55           2.833333333    0.1675         0.175          29.5           22             17.4744        
975      NO_ID      1.45           0.55           2.833333333    0.0375         0.175          29.5           22             103.592417     
976      NO_ID      1.030246914    0.1462962963   7.299725652    0.08832304527  0.1972247625   37.52286237    18.2962963     1.33289        
977      NO_ID      1.030246914    0.1462962963   7.299725652    0.08832304527  0.197219682    37.52286237    18.2962963     1.374558       
978      NO_ID      1.672222222    0.15           6.5            0.08083333333  0.1416666667   39.83333333    16.66666667    1.846579       
979      NO_ID      1.561111111    0.15           6.5            0.08083333333  0.1416666667   39.83333333    16.66666667    1.628395       
980      NO_ID      1.633127572    0.25           10.16666667    0.1675         0.175          19.16666667    22             11.056808      
981      NO_ID      1.633127572    0.25           2.833333333    0.1675         0.175          19.16666667    22             10.08299       
982      NO_ID      1.616666667    0.25           6.5            0.1675         0.175          19.16666667    26             10.264023      
983      NO_ID      1.616666667    0.25           6.5            0.1675         0.175          19.16666667    18             7.6162         
984      NO_ID      0.6166666667   0.85           6.5            0.1675         0.225          29.5           22             9.049406       
985      NO_ID      0.2833333333   0.85           6.5            0.1675         0.225          29.5           22             11.616078      
986      NO_ID      1.505555556    0.85           6.5            0.1025         0.175          19.16666667    22             105.450554     
987      NO_ID      1.505555556    0.25           6.5            0.1025         0.175          19.16666667    22             7.401739       
988      NO_ID      1.45           0.85           6.5            0.1675         0.225          39.83333333    22             159.411225     
989      NO_ID      1.45           0.85           6.5            0.1675         0.125          39.83333333    22             14.784847      
