1330

-15.837897 -10.251156 -32.500000 
-17.701179 -10.251156 -35.625000 
-16.148444 -9.316410 -38.131250 
-15.837897 -10.251156 -32.500000


-31.054700 -19.567566 -33.750000 
-27.328136 -21.117196 -30.631250 
-29.501965 -34.157065 -25.625000 
-31.054700 -19.567566 -33.750000


-21.427743 -46.889492 -30.625000 
-22.048837 -51.240255 -31.881250 
-25.464854 -51.550802 -31.256250 
-21.427743 -46.889492 -30.625000


-27.949230 -42.544939 -28.131250 
-27.328136 -45.960956 -29.381250 
-31.054700 -45.339862 -27.506250 
-27.949230 -42.544939 -28.131250


-23.601572 -36.644546 0.631250 
-22.980478 -33.539076 0.631250 
-30.123059 -36.333999 -1.243750 
-23.601572 -36.644546 0.631250


-29.191418 -52.171896 -29.381250 
-25.775401 -56.522659 -29.375000 
-26.085948 -55.587913 -27.493750 
-29.191418 -52.171896 -29.381250


-29.191418 -52.171896 -29.381250 
-28.259777 -53.103537 -30.631250 
-25.775401 -56.522659 -29.375000 
-29.191418 -52.171896 -29.381250


-31.054700 -18.011726 -4.368750 
-35.402358 -19.875008 -4.368750 
-35.402358 -23.601572 -4.368750 
-31.054700 -18.011726 -4.368750


-31.054700 -18.011726 -4.368750 
-35.402358 -23.601572 -4.368750 
-32.917982 -21.738290 -4.993750 
-31.054700 -18.011726 -4.368750


-22.980478 -50.308614 -9.993750 
-22.669931 -51.864454 -12.500000 
-21.427743 -52.171896 -11.243750 
-22.980478 -50.308614 -9.993750


-18.011726 -48.445332 0.006250 
-19.253914 -49.376973 -3.743750 
-18.011726 -50.001172 -4.375000 
-18.011726 -48.445332 0.006250


-4.344553 -45.339862 0.625000 
-5.279299 -46.271503 -2.506250 
-7.453128 -43.166033 -8.743750 
-4.344553 -45.339862 0.625000


-36.023452 -33.849623 -25.006250 
-34.160170 -21.738290 -30.631250 
-29.501965 -34.157065 -25.625000 
-36.023452 -33.849623 -25.006250


-10.869145 2.794923 -6.243750 
-15.837897 -13.974615 -6.243750 
-10.869145 0.310547 -8.118750 
-10.869145 2.794923 -6.243750


-10.869145 2.794923 -6.243750 
-17.701179 -13.664068 -5.618750 
-15.837897 -13.974615 -6.243750 
-10.869145 2.794923 -6.243750


-18.943367 -52.482443 -9.993750 
-18.322273 -54.659377 -13.125000 
-16.458991 -53.724631 -9.993750 
-18.943367 -52.482443 -9.993750


-2.484376 -59.628129 -38.750000 
0.310547 -59.628129 -41.250000 
0.310547 -59.317582 -36.875000 
-2.484376 -59.628129 -38.750000


-36.337104 -0.931641 -27.500000 
-37.268745 0.931641 -31.875000 
-38.200386 -4.037111 -26.250000 
-36.337104 -0.931641 -27.500000


-6.832034 -34.781264 -26.243750 
-9.002758 -36.955093 -20.000000 
-8.071117 -38.197281 -21.250000 
-6.832034 -34.781264 -26.243750


-39.132027 -24.843760 -21.875000 
-39.132027 -18.943367 -22.500000 
-40.060563 -19.253914 -24.993750 
-39.132027 -24.843760 -21.875000


-25.154307 -52.482443 -19.368750 
-28.259777 -51.861349 -24.368750 
-24.843760 -55.587913 -25.618750 
-25.154307 -52.482443 -19.368750


-7.453128 -43.166033 -8.743750 
-5.279299 -46.271503 -2.506250 
-6.210940 -45.650409 -8.743750 
-7.453128 -43.166033 -8.743750


-20.496102 -5.900393 -13.118750 
-10.869145 -4.658205 -29.381250 
-18.322273 -11.179692 -18.756250 
-20.496102 -5.900393 -13.118750


-26.396495 9.937504 -5.618750 
-27.328136 6.832034 -7.493750 
-25.464854 7.453128 -6.868750 
-26.396495 9.937504 -5.618750


-41.305856 -21.427743 -30.625000 
-36.023452 -33.849623 -25.006250 
-37.889839 -31.986341 -23.750000 
-41.305856 -21.427743 -30.625000


-40.374215 -22.980478 -27.500000 
-41.305856 -21.427743 -30.625000 
-37.889839 -31.986341 -23.750000 
-40.374215 -22.980478 -27.500000


-28.880871 -46.892597 -16.243750 
-30.433606 -45.029315 -16.243750 
-29.501965 -47.513691 -18.118750 
-28.880871 -46.892597 -16.243750


-29.191418 10.561703 -24.375000 
-27.328136 12.114438 -22.500000 
-28.259777 11.803891 -26.875000 
-29.191418 10.561703 -24.375000


-24.533213 13.356626 -27.500000 
-28.259777 11.803891 -26.875000 
-27.328136 12.114438 -22.500000 
-24.533213 13.356626 -27.500000


-39.132027 -24.843760 -21.875000 
-38.200386 -29.501965 -19.375000 
-38.200386 -26.707042 -16.250000 
-39.132027 -24.843760 -21.875000


-38.200386 -23.601572 -18.125000 
-39.132027 -24.843760 -21.875000 
-38.200386 -26.707042 -16.250000 
-38.200386 -23.601572 -18.125000


-38.200386 -23.601572 -18.125000 
-38.200386 -26.707042 -16.250000 
-38.507828 -21.427743 -15.618750 
-38.200386 -23.601572 -18.125000


-28.259777 -51.861349 -24.368750 
-25.154307 -52.482443 -19.368750 
-28.573429 -49.687520 -20.000000 
-28.259777 -51.861349 -24.368750


-27.328136 -45.960956 -29.381250 
-25.464854 -51.550802 -31.256250 
-27.638683 -50.619161 -30.006250 
-27.328136 -45.960956 -29.381250


-27.328136 -45.960956 -29.381250 
-27.638683 -50.619161 -30.006250 
-27.949230 -49.066426 -29.381250 
-27.328136 -45.960956 -29.381250


-38.510933 -14.285162 -16.875000 
-39.753121 -10.558598 -24.375000 
-39.750016 -14.906256 -23.743750 
-38.510933 -14.285162 -16.875000


-6.207835 2.173829 -25.625000 
-6.207835 2.173829 -28.750000 
-5.276194 4.968752 -28.750000 
-6.207835 2.173829 -25.625000


-30.123059 -14.906256 -4.368750 
-34.160170 -17.701179 -4.368750 
-31.054700 -18.011726 -4.368750 
-30.123059 -14.906256 -4.368750


-40.374215 -22.980478 -27.500000 
-37.889839 -31.986341 -23.750000 
-38.200386 -30.123059 -23.125000 
-40.374215 -22.980478 -27.500000


-36.333999 -13.664068 -35.006250 
-39.750016 -9.005863 -34.381250 
-34.781264 -11.490239 -35.631250 
-36.333999 -13.664068 -35.006250


-36.644546 -9.316410 -35.006250 
-34.781264 -11.490239 -35.631250 
-39.750016 -9.005863 -34.381250 
-36.644546 -9.316410 -35.006250


-10.248051 12.424985 -13.125000 
-7.760570 10.248051 -14.375000 
-9.005863 11.803891 -16.875000 
-10.248051 12.424985 -13.125000


-21.117196 -57.761742 -33.131250 
-18.943367 -59.003930 -33.756250 
-23.912119 -58.075394 -33.125000 
-21.117196 -57.761742 -33.131250


-21.738290 -59.628129 -33.125000 
-23.912119 -58.075394 -33.125000 
-18.943367 -59.003930 -33.756250 
-21.738290 -59.628129 -33.125000


-22.359384 -15.527350 -3.743750 
-19.253914 -14.285162 -4.993750 
-22.048837 -13.350416 -5.625000 
-22.359384 -15.527350 -3.743750


-16.458991 14.598814 -37.500000 
-17.390632 15.219908 -30.000000 
-15.527350 14.288267 -33.125000 
-16.458991 14.598814 -37.500000


-16.458991 14.598814 -37.500000 
-19.253914 14.909361 -36.250000 
-17.390632 15.219908 -30.000000 
-16.458991 14.598814 -37.500000


-29.501965 -49.376973 -28.756250 
-31.054700 -49.998067 -28.131250 
-31.054700 -45.339862 -27.506250 
-29.501965 -49.376973 -28.756250


-28.259777 -51.861349 -24.368750 
-30.123059 -49.066426 -23.743750 
-31.054700 -49.998067 -28.131250 
-28.259777 -51.861349 -24.368750


-8.381664 -10.248051 -16.875000 
-7.142581 -8.074222 -15.006250 
-9.937504 -16.148444 -14.993750 
-8.381664 -10.248051 -16.875000


-22.359384 -31.675794 1.256250 
-20.496102 -28.570324 1.256250 
-22.359384 -27.638683 0.006250 
-22.359384 -31.675794 1.256250


-38.821480 -16.148444 -20.000000 
-38.510933 -14.285162 -16.875000 
-39.750016 -14.906256 -23.743750 
-38.821480 -16.148444 -20.000000


-33.228529 -39.439469 -25.631250 
-36.023452 -33.849623 -25.006250 
-31.675794 -36.955093 -25.631250 
-33.228529 -39.439469 -25.631250


-33.228529 -39.439469 -25.631250 
-36.023452 -38.818375 -25.006250 
-36.023452 -33.849623 -25.006250 
-33.228529 -39.439469 -25.631250


-31.054700 -18.011726 -4.368750 
-34.160170 -17.701179 -4.368750 
-35.402358 -19.875008 -4.368750 
-31.054700 -18.011726 -4.368750


-32.607435 -2.484376 -11.243750 
-32.921087 3.105470 -9.375000 
-34.160170 0.621094 -10.618750 
-32.607435 -2.484376 -11.243750


-31.368352 5.589846 -8.750000 
-29.812512 7.142581 -7.493750 
-29.194523 8.384769 -13.750000 
-31.368352 5.589846 -8.750000


-10.248051 12.424985 -13.125000 
-9.005863 11.803891 -16.875000 
-10.869145 13.046079 -17.500000 
-10.248051 12.424985 -13.125000


-30.747258 10.558598 -30.000000 
-30.744153 10.251156 -33.750000 
-33.231634 8.384769 -31.250000 
-30.747258 10.558598 -30.000000


-36.333999 2.794923 -37.506250 
-35.091811 2.173829 -38.131250 
-37.886734 0.310547 -38.131250 
-36.333999 2.794923 -37.506250


-34.160170 -21.738290 -30.631250 
-36.023452 -20.185555 -33.131250 
-31.054700 -19.567566 -33.750000 
-34.160170 -21.738290 -30.631250


-24.533213 12.114438 -15.625000 
-26.707042 11.182797 -15.000000 
-22.980478 12.735532 -13.750000 
-24.533213 12.114438 -15.625000


-30.747258 10.558598 -30.000000 
-31.678899 9.316410 -27.500000 
-28.259777 11.803891 -26.875000 
-30.747258 10.558598 -30.000000


-35.402358 -2.484376 -11.243750 
-36.023452 -14.906256 -4.368750 
-32.607435 -2.484376 -11.243750 
-35.402358 -2.484376 -11.243750


-31.057805 8.074222 -23.750000 
-31.678899 9.316410 -27.500000 
-33.539076 6.832034 -27.493750 
-31.057805 8.074222 -23.750000


-36.023452 -38.818375 -25.006250 
-36.647651 -36.644546 -24.375000 
-36.023452 -33.849623 -25.006250 
-36.023452 -38.818375 -25.006250


-26.085948 9.937504 -39.381250 
-24.533213 13.974615 -39.381250 
-24.225771 11.800786 -39.375000 
-26.085948 9.937504 -39.381250


-5.589846 -60.246118 -40.006250 
-4.658205 -55.277366 -42.506250 
-3.105470 -58.072289 -46.256250 
-5.589846 -60.246118 -40.006250


4.037111 -50.619161 -33.118750 
2.173829 -50.308614 -31.868750 
4.658205 -55.895355 -26.875000 
4.037111 -50.619161 -33.118750


-35.712905 -18.632820 -34.381250 
-31.054700 -19.567566 -33.750000 
-36.023452 -20.185555 -33.131250 
-35.712905 -18.632820 -34.381250


-21.117196 14.598814 -28.750000 
-17.390632 15.219908 -30.000000 
-22.359384 15.219908 -31.875000 
-21.117196 14.598814 -28.750000


3.105470 -47.824238 8.756250 
0.310547 -48.134785 6.256250 
3.416017 -49.690625 5.625000 
3.105470 -47.824238 8.756250


-36.026557 3.416017 -30.625000 
-33.539076 6.832034 -27.493750 
-33.231634 8.384769 -31.250000 
-36.026557 3.416017 -30.625000


-36.026557 3.416017 -30.625000 
-33.231634 8.384769 -31.250000 
-34.163275 6.832034 -32.500000 
-36.026557 3.416017 -30.625000


-13.042974 13.042974 -41.881250 
-16.769538 12.732427 -40.631250 
-17.390632 14.906256 -40.631250 
-13.042974 13.042974 -41.881250


-13.042974 13.042974 -41.881250 
-17.390632 14.906256 -40.631250 
-15.216803 14.288267 -40.625000 
-13.042974 13.042974 -41.881250


-37.579292 -11.179692 -13.750000 
-36.333999 -9.626957 -9.993750 
-37.268745 -8.384769 -13.750000 
-37.579292 -11.179692 -13.750000


-31.054700 -3.416017 -38.131250 
-30.433606 -1.863282 -38.756250 
-26.085948 -4.658205 -40.006250 
-31.054700 -3.416017 -38.131250


-38.200386 -0.621094 -33.125000 
-39.439469 -3.105470 -35.631250 
-39.442574 -4.968752 -34.375000 
-38.200386 -0.621094 -33.125000


-20.185555 -53.103537 -12.493750 
-20.496102 -52.796095 -11.875000 
-22.669931 -51.864454 -12.500000 
-20.185555 -53.103537 -12.493750


4.037111 -56.209007 -24.368750 
-1.552735 -51.547697 -25.625000 
-4.034006 -48.755879 -21.875000 
4.037111 -56.209007 -24.368750


4.037111 -56.209007 -24.368750 
-4.034006 -48.755879 -21.875000 
-0.310547 -54.345725 -21.868750 
4.037111 -56.209007 -24.368750


-29.191418 10.561703 -24.375000 
-28.259777 11.803891 -26.875000 
-31.678899 9.316410 -27.500000 
-29.191418 10.561703 -24.375000


-27.328136 12.424985 -29.375000 
-24.533213 14.598814 -32.500000 
-28.259777 12.424985 -31.250000 
-27.328136 12.424985 -29.375000


-9.002758 -36.955093 -20.000000 
-9.934399 -34.781264 -19.375000 
-9.005863 -38.507828 -18.743750 
-9.002758 -36.955093 -20.000000


-26.085948 -4.658205 -40.006250 
-23.291025 -5.589846 -40.006250 
-28.570324 -10.248051 -36.881250 
-26.085948 -4.658205 -40.006250


-17.080085 14.598814 -25.000000 
-17.390632 15.219908 -30.000000 
-21.117196 14.598814 -28.750000 
-17.080085 14.598814 -25.000000


-17.080085 14.598814 -25.000000 
-15.216803 14.598814 -29.375000 
-17.390632 15.219908 -30.000000 
-17.080085 14.598814 -25.000000


-39.442574 -4.968752 -34.375000 
-40.063668 -11.490239 -30.000000 
-38.821480 -6.832034 -28.125000 
-39.442574 -4.968752 -34.375000


-13.042974 -52.792990 -6.868750 
-14.285162 -53.724631 -8.743750 
-12.111333 -55.587913 -10.618750 
-13.042974 -52.792990 -6.868750


-9.316410 -54.035178 -8.118750 
-13.042974 -52.792990 -6.868750 
-12.111333 -55.587913 -10.618750 
-9.316410 -54.035178 -8.118750


-10.869145 -22.980478 -1.243750 
-10.866040 -24.843760 -20.000000 
-10.869145 -18.943367 -4.993750 
-10.869145 -22.980478 -1.243750


-5.900393 -57.454300 -18.750000 
-7.142581 -57.761742 -18.743750 
-8.384769 -59.007035 -21.250000 
-5.900393 -57.454300 -18.750000


-13.974615 -13.353521 -8.118750 
-12.111333 -13.353521 -9.368750 
-10.869145 -1.552735 -9.368750 
-13.974615 -13.353521 -8.118750


-28.880871 -46.892597 -16.243750 
-29.501965 -47.513691 -18.118750 
-24.843760 -51.240255 -16.243750 
-28.880871 -46.892597 -16.243750


-24.533213 12.114438 -15.625000 
-23.912119 13.667173 -20.625000 
-26.707042 11.182797 -15.000000 
-24.533213 12.114438 -15.625000


-36.026557 3.416017 -30.625000 
-35.405463 2.173829 -23.125000 
-33.539076 6.832034 -27.493750 
-36.026557 3.416017 -30.625000


-15.216803 14.288267 -40.625000 
-16.458991 14.598814 -37.500000 
-13.042974 13.046079 -36.250000 
-15.216803 14.288267 -40.625000


-25.154307 -56.830101 -31.881250 
-26.710147 -55.277366 -31.875000 
-23.912119 -58.075394 -33.125000 
-25.154307 -56.830101 -31.881250


-26.396495 9.937504 -5.618750 
-25.464854 7.453128 -6.868750 
-24.533213 8.384769 -6.243750 
-26.396495 9.937504 -5.618750


-21.117196 3.105470 -6.868750 
-24.222666 -12.732427 -5.618750 
-22.048837 -13.350416 -5.625000 
-21.117196 3.105470 -6.868750


-24.533213 14.598814 -32.500000 
-27.328136 12.424985 -29.375000 
-24.533213 13.356626 -27.500000 
-24.533213 14.598814 -32.500000


0.621094 -52.175001 -4.375000 
-1.863282 -47.821133 1.250000 
0.621094 -50.619161 0.631250 
0.621094 -52.175001 -4.375000


-1.242188 -50.926603 -5.000000 
-1.863282 -47.821133 1.250000 
0.621094 -52.175001 -4.375000 
-1.242188 -50.926603 -5.000000


-29.501965 -47.513691 -18.118750 
-28.573429 -49.687520 -20.000000 
-24.843760 -51.240255 -16.243750 
-29.501965 -47.513691 -18.118750


-6.207835 2.173829 -25.625000 
-6.207835 5.279299 -21.875000 
-4.034006 -2.794923 -16.875000 
-6.207835 2.173829 -25.625000


-21.117196 3.105470 -6.868750 
-17.390632 7.763675 -4.368750 
-21.117196 6.832034 -5.618750 
-21.117196 3.105470 -6.868750


-26.396495 9.937504 -5.618750 
-25.464854 10.561703 -8.125000 
-26.085948 11.182797 -11.875000 
-26.396495 9.937504 -5.618750


-27.020694 9.626957 -9.375000 
-26.396495 9.937504 -5.618750 
-26.085948 11.182797 -11.875000 
-27.020694 9.626957 -9.375000


-17.701179 -13.664068 -5.618750 
-10.869145 2.794923 -6.243750 
-12.732427 2.484376 -6.868750 
-17.701179 -13.664068 -5.618750


-16.769538 0.621094 -40.006250 
-16.148444 -3.416017 -39.381250 
-18.943367 -2.484376 -39.381250 
-16.769538 0.621094 -40.006250


-15.837897 -42.855486 2.506250 
-5.589846 -48.755879 2.506250 
-3.726564 -48.755879 3.756250 
-15.837897 -42.855486 2.506250


-24.843760 -51.240255 -16.243750 
-26.707042 -47.203144 -11.243750 
-28.880871 -46.892597 -16.243750 
-24.843760 -51.240255 -16.243750


-3.726564 -49.376973 -12.506250 
-5.586741 -47.203144 -20.000000 
-6.207835 -45.029315 -20.625000 
-3.726564 -49.376973 -12.506250


-3.726564 -49.376973 -12.506250 
-6.207835 -45.029315 -20.625000 
-5.900393 -45.336757 -11.875000 
-3.726564 -49.376973 -12.506250


-6.832034 -36.023452 -29.381250 
-9.005863 -33.539076 -28.756250 
-4.347658 -35.712905 -29.381250 
-6.832034 -36.023452 -29.381250


-4.968752 -34.160170 -28.131250 
-4.347658 -35.712905 -29.381250 
-9.005863 -33.539076 -28.756250 
-4.968752 -34.160170 -28.131250


-9.934399 -10.869145 -20.625000 
-9.316410 -11.493344 -17.500000 
-10.866040 -19.253914 -17.500000 
-9.934399 -10.869145 -20.625000


-13.353521 -20.806649 -1.243750 
-13.042974 -22.980478 1.256250 
-10.869145 -22.980478 -1.243750 
-13.353521 -20.806649 -1.243750


-3.726564 -2.794923 -13.118750 
-3.723459 -0.931641 -13.125000 
-8.695316 3.726564 -6.243750 
-3.726564 -2.794923 -13.118750


-20.806649 -34.781264 2.506250 
-19.564461 -31.675794 2.506250 
-22.359384 -31.675794 1.256250 
-20.806649 -34.781264 2.506250


-20.806649 -34.781264 2.506250 
-22.359384 -31.675794 1.256250 
-22.980478 -33.539076 0.631250 
-20.806649 -34.781264 2.506250


-13.974615 -30.744153 3.756250 
-13.042974 -25.464854 2.506250 
-15.837897 -25.464854 2.506250 
-13.974615 -30.744153 3.756250


-4.034006 -48.755879 -21.875000 
-1.552735 -51.547697 -25.625000 
-1.242188 -43.476580 -29.993750 
-4.034006 -48.755879 -21.875000


0.621094 -46.889492 5.625000 
-1.863282 -47.821133 1.250000 
-4.344553 -45.339862 0.625000 
0.621094 -46.889492 5.625000


-6.207835 5.279299 -21.875000 
-6.521487 7.763675 -17.493750 
-6.518382 5.279299 -18.750000 
-6.207835 5.279299 -21.875000


0.621094 -52.175001 -4.375000 
0.621094 -50.619161 0.631250 
-1.552735 -52.175001 -1.875000 
0.621094 -52.175001 -4.375000


0.621094 -52.175001 -4.375000 
0.310547 -52.792990 -6.243750 
1.242188 -53.414084 -8.118750 
0.621094 -52.175001 -4.375000


0.621094 -52.175001 -4.375000 
1.242188 -53.414084 -8.118750 
-1.242188 -50.926603 -5.000000 
0.621094 -52.175001 -4.375000


-27.328136 -45.960956 -29.381250 
-27.949230 -42.544939 -28.131250 
-21.738290 -43.787127 -29.381250 
-27.328136 -45.960956 -29.381250


-20.806649 -54.966819 -18.118750 
-19.564461 -55.277366 -17.493750 
-18.322273 -54.659377 -13.125000 
-20.806649 -54.966819 -18.118750


-20.185555 -53.103537 -12.493750 
-20.806649 -54.966819 -18.118750 
-18.322273 -54.659377 -13.125000 
-20.185555 -53.103537 -12.493750


-1.552735 -52.175001 -1.875000 
-2.484376 -50.929708 0.631250 
-4.658205 -52.485548 -3.750000 
-1.552735 -52.175001 -1.875000


-4.034006 -48.755879 -21.875000 
-6.207835 -45.029315 -20.625000 
-5.586741 -47.203144 -20.000000 
-4.034006 -48.755879 -21.875000


-30.747258 -41.302751 -11.250000 
-31.986341 -38.818375 -10.618750 
-32.917982 -40.371110 -15.618750 
-30.747258 -41.302751 -11.250000


-18.632820 -45.960956 -30.631250 
-21.427743 -46.889492 -30.625000 
-21.738290 -43.787127 -29.381250 
-18.632820 -45.960956 -30.631250


-6.518382 -43.166033 -21.250000 
-3.105470 -41.302751 -28.118750 
-4.655100 -38.197281 -27.500000 
-6.518382 -43.166033 -21.250000


-22.048837 -57.761742 -26.243750 
-20.806649 -56.522659 -21.875000 
-24.843760 -55.587913 -25.618750 
-22.048837 -57.761742 -26.243750


-22.359384 -40.681657 -28.131250 
-21.738290 -43.787127 -29.381250 
-27.949230 -42.544939 -28.131250 
-22.359384 -40.681657 -28.131250


-21.427743 -46.889492 -30.625000 
-27.328136 -45.960956 -29.381250 
-21.738290 -43.787127 -29.381250 
-21.427743 -46.889492 -30.625000


-27.328136 -45.960956 -29.381250 
-21.427743 -46.889492 -30.625000 
-25.464854 -51.550802 -31.256250 
-27.328136 -45.960956 -29.381250


-15.216803 -57.143753 -18.750000 
-12.111333 -59.003930 -22.493750 
-13.664068 -57.140648 -18.756250 
-15.216803 -57.143753 -18.750000


-28.573429 -49.687520 -20.000000 
-25.154307 -52.482443 -19.368750 
-24.843760 -51.240255 -16.243750 
-28.573429 -49.687520 -20.000000


-2.794923 -57.451195 -21.868750 
0.931641 -57.143753 -23.750000 
1.552735 -56.522659 -20.000000 
-2.794923 -57.451195 -21.868750


-3.105470 -41.302751 -28.118750 
-4.034006 -48.755879 -21.875000 
-1.242188 -43.476580 -29.993750 
-3.105470 -41.302751 -28.118750


-25.464854 -16.769538 -35.631250 
-25.775401 -12.421880 -36.256250 
-23.601572 -13.974615 -36.256250 
-25.464854 -16.769538 -35.631250


-25.464854 -16.769538 -35.631250 
-27.328136 -13.664068 -35.631250 
-25.775401 -12.421880 -36.256250 
-25.464854 -16.769538 -35.631250


-12.111333 -5.900393 -30.631250 
-18.322273 -11.179692 -18.756250 
-10.869145 -4.658205 -29.381250 
-12.111333 -5.900393 -30.631250


3.726564 -47.200039 6.875000 
-0.617989 -48.755879 1.875000 
-1.863282 -47.821133 1.250000 
3.726564 -47.200039 6.875000


3.726564 -47.200039 6.875000 
-1.863282 -47.821133 1.250000 
0.621094 -46.889492 5.625000 
3.726564 -47.200039 6.875000


-1.242188 -45.650409 -36.881250 
-1.552735 -47.513691 -37.506250 
-3.416017 -50.308614 -39.381250 
-1.242188 -45.650409 -36.881250


-1.242188 -45.650409 -36.881250 
-3.416017 -50.308614 -39.381250 
-5.589846 -50.929708 -40.006250 
-1.242188 -45.650409 -36.881250


-9.005863 10.561703 -36.250000 
-8.074222 10.561703 -30.000000 
-5.586741 8.074222 -31.250000 
-9.005863 10.561703 -36.250000


-36.026557 3.416017 -30.625000 
-36.026557 3.726564 -34.375000 
-37.268745 0.931641 -31.875000 
-36.026557 3.416017 -30.625000


-30.123059 7.142581 -38.131250 
-31.054700 10.558598 -37.506250 
-26.085948 9.937504 -39.381250 
-30.123059 7.142581 -38.131250


-27.328136 -45.960956 -29.381250 
-27.949230 -49.066426 -29.381250 
-29.501965 -49.376973 -28.756250 
-27.328136 -45.960956 -29.381250


-22.669931 -51.864454 -12.500000 
-24.843760 -51.240255 -16.243750 
-22.980478 -53.103537 -17.493750 
-22.669931 -51.864454 -12.500000


-27.638683 -50.619161 -30.006250 
-28.259777 -53.103537 -30.631250 
-29.501965 -49.376973 -28.756250 
-27.638683 -50.619161 -30.006250


-32.610540 -44.718768 -21.875000 
-33.542181 -42.234392 -19.375000 
-35.094916 -41.302751 -25.000000 
-32.610540 -44.718768 -21.875000


-27.328136 -21.117196 -30.631250 
-25.154307 -32.917982 -25.631250 
-29.501965 -34.157065 -25.625000 
-27.328136 -21.117196 -30.631250


-25.154307 -32.917982 -25.631250 
-26.396495 -37.265640 -26.256250 
-29.501965 -34.157065 -25.625000 
-25.154307 -32.917982 -25.631250


-32.607435 -46.582050 -26.881250 
-30.123059 -49.066426 -23.743750 
-32.917982 -45.650409 -25.631250 
-32.607435 -46.582050 -26.881250


-28.259777 -53.103537 -30.631250 
-29.191418 -52.171896 -29.381250 
-31.054700 -49.998067 -28.131250 
-28.259777 -53.103537 -30.631250


-29.501965 -49.376973 -28.756250 
-28.259777 -53.103537 -30.631250 
-31.054700 -49.998067 -28.131250 
-29.501965 -49.376973 -28.756250


-27.949230 -49.066426 -29.381250 
-27.638683 -50.619161 -30.006250 
-29.501965 -49.376973 -28.756250 
-27.949230 -49.066426 -29.381250


-22.048837 -53.103537 -33.131250 
-22.048837 -51.240255 -31.881250 
-21.427743 -46.889492 -30.625000 
-22.048837 -53.103537 -33.131250


-22.048837 -53.103537 -33.131250 
-21.427743 -46.889492 -30.625000 
-20.806649 -53.103537 -33.131250 
-22.048837 -53.103537 -33.131250


-26.085948 -55.587913 -27.493750 
-24.843760 -55.587913 -25.618750 
-28.259777 -51.861349 -24.368750 
-26.085948 -55.587913 -27.493750


-20.496102 -52.796095 -11.875000 
-21.427743 -52.171896 -11.243750 
-22.669931 -51.864454 -12.500000 
-20.496102 -52.796095 -11.875000


-28.259777 -51.861349 -24.368750 
-28.573429 -49.687520 -20.000000 
-30.123059 -49.066426 -23.743750 
-28.259777 -51.861349 -24.368750


-32.607435 -46.582050 -26.881250 
-31.054700 -49.998067 -28.131250 
-30.123059 -49.066426 -23.743750 
-32.607435 -46.582050 -26.881250


-34.163275 -43.166033 -25.625000 
-32.917982 -45.650409 -25.631250 
-32.610540 -44.718768 -21.875000 
-34.163275 -43.166033 -25.625000


-32.607435 -46.582050 -26.881250 
-34.163275 -43.166033 -25.625000 
-31.986341 -44.408221 -26.881250 
-32.607435 -46.582050 -26.881250


-32.607435 -46.582050 -26.881250 
-32.917982 -45.650409 -25.631250 
-34.163275 -43.166033 -25.625000 
-32.607435 -46.582050 -26.881250


-34.160170 -21.738290 -30.631250 
-36.023452 -33.849623 -25.006250 
-38.507828 -21.738290 -30.631250 
-34.160170 -21.738290 -30.631250


-34.163275 -43.166033 -25.625000 
-31.986341 -40.681657 -26.256250 
-31.986341 -44.408221 -26.881250 
-34.163275 -43.166033 -25.625000


-27.328136 -45.960956 -29.381250 
-29.501965 -49.376973 -28.756250 
-31.054700 -45.339862 -27.506250 
-27.328136 -45.960956 -29.381250


-31.054700 -49.998067 -28.131250 
-32.607435 -46.582050 -26.881250 
-31.054700 -45.339862 -27.506250 
-31.054700 -49.998067 -28.131250


-31.054700 -45.339862 -27.506250 
-32.607435 -46.582050 -26.881250 
-31.986341 -44.408221 -26.881250 
-31.054700 -45.339862 -27.506250


-25.778506 -43.476580 -2.500000 
-24.846865 -45.650409 -5.625000 
-21.117196 -46.271503 0.006250 
-25.778506 -43.476580 -2.500000


-25.778506 -43.476580 -2.500000 
-25.464854 -44.408221 -4.368750 
-24.846865 -45.650409 -5.625000 
-25.778506 -43.476580 -2.500000


-31.054700 -45.339862 -27.506250 
-31.986341 -44.408221 -26.881250 
-31.986341 -40.681657 -26.256250 
-31.054700 -45.339862 -27.506250


-31.054700 -45.339862 -27.506250 
-31.986341 -40.681657 -26.256250 
-27.949230 -42.544939 -28.131250 
-31.054700 -45.339862 -27.506250


-34.160170 -21.738290 -30.631250 
-31.054700 -19.567566 -33.750000 
-29.501965 -34.157065 -25.625000 
-34.160170 -21.738290 -30.631250


-26.085948 -55.587913 -27.493750 
-28.259777 -51.861349 -24.368750 
-29.191418 -52.171896 -29.381250 
-26.085948 -55.587913 -27.493750


-33.228529 -39.439469 -25.631250 
-31.986341 -40.681657 -26.256250 
-36.023452 -38.818375 -25.006250 
-33.228529 -39.439469 -25.631250


-34.163275 -43.166033 -25.625000 
-35.094916 -41.302751 -25.000000 
-36.023452 -38.818375 -25.006250 
-34.163275 -43.166033 -25.625000


-31.986341 -40.681657 -26.256250 
-34.163275 -43.166033 -25.625000 
-36.023452 -38.818375 -25.006250 
-31.986341 -40.681657 -26.256250


-41.305856 -21.427743 -30.625000 
-36.023452 -20.185555 -33.131250 
-38.507828 -21.738290 -30.631250 
-41.305856 -21.427743 -30.625000


-39.439469 -18.632820 -32.506250 
-36.023452 -20.185555 -33.131250 
-41.305856 -21.427743 -30.625000 
-39.439469 -18.632820 -32.506250


-41.305856 -21.427743 -30.625000 
-38.507828 -21.738290 -30.631250 
-36.023452 -33.849623 -25.006250 
-41.305856 -21.427743 -30.625000


-27.949230 -42.544939 -28.131250 
-26.396495 -37.265640 -26.256250 
-22.359384 -40.681657 -28.131250 
-27.949230 -42.544939 -28.131250


-36.023452 -20.185555 -33.131250 
-34.160170 -21.738290 -30.631250 
-38.507828 -21.738290 -30.631250 
-36.023452 -20.185555 -33.131250


1.552735 -54.963714 -15.625000 
1.552735 -56.522659 -20.000000 
4.037111 -56.209007 -24.368750 
1.552735 -54.963714 -15.625000


-31.675794 -36.955093 -25.631250 
-27.949230 -42.544939 -28.131250 
-31.986341 -40.681657 -26.256250 
-31.675794 -36.955093 -25.631250


-11.800786 -39.439469 1.881250 
-15.837897 -42.855486 2.506250 
-3.726564 -48.755879 3.756250 
-11.800786 -39.439469 1.881250


-33.228529 -39.439469 -25.631250 
-31.675794 -36.955093 -25.631250 
-31.986341 -40.681657 -26.256250 
-33.228529 -39.439469 -25.631250


-31.675794 -36.955093 -25.631250 
-29.501965 -34.157065 -25.625000 
-27.949230 -42.544939 -28.131250 
-31.675794 -36.955093 -25.631250


-29.501965 -34.157065 -25.625000 
-26.396495 -37.265640 -26.256250 
-27.949230 -42.544939 -28.131250 
-29.501965 -34.157065 -25.625000


-40.063668 -11.490239 -30.000000 
-39.753121 -10.558598 -24.375000 
-38.821480 -6.832034 -28.125000 
-40.063668 -11.490239 -30.000000


-38.200386 -29.501965 -19.375000 
-39.128922 -25.464854 -23.131250 
-38.200386 -30.123059 -23.125000 
-38.200386 -29.501965 -19.375000


-15.527350 -10.872250 -30.625000 
-19.871903 -13.664068 -30.625000 
-15.837897 -10.251156 -32.500000 
-15.527350 -10.872250 -30.625000


-8.384769 -41.613298 -11.256250 
-6.521487 -44.097674 -11.881250 
-9.316410 -40.060563 -11.881250 
-8.384769 -41.613298 -11.256250


-9.005863 -38.507828 -18.743750 
-9.316410 -40.060563 -11.881250 
-6.521487 -44.097674 -11.881250 
-9.005863 -38.507828 -18.743750


-27.328136 -21.117196 -30.631250 
-27.638683 -19.257019 -34.375000 
-26.396495 -19.253914 -34.381250 
-27.328136 -21.117196 -30.631250


-29.191418 -52.171896 -29.381250 
-28.259777 -51.861349 -24.368750 
-31.054700 -49.998067 -28.131250 
-29.191418 -52.171896 -29.381250


4.037111 -56.209007 -24.368750 
4.658205 -57.143753 -29.375000 
6.210940 -55.898460 -29.368750 
4.037111 -56.209007 -24.368750


4.658205 -55.895355 -26.875000 
4.037111 -56.209007 -24.368750 
6.210940 -55.898460 -29.368750 
4.658205 -55.895355 -26.875000


-26.396495 -37.265640 -26.256250 
-25.154307 -32.917982 -25.631250 
-22.359384 -40.681657 -28.131250 
-26.396495 -37.265640 -26.256250


-20.806649 -38.818375 -27.506250 
-22.359384 -40.681657 -28.131250 
-25.154307 -32.917982 -25.631250 
-20.806649 -38.818375 -27.506250


-27.328136 -21.117196 -30.631250 
-31.054700 -19.567566 -33.750000 
-27.638683 -19.257019 -34.375000 
-27.328136 -21.117196 -30.631250


-29.191418 -17.080085 -35.006250 
-27.638683 -19.257019 -34.375000 
-31.054700 -19.567566 -33.750000 
-29.191418 -17.080085 -35.006250


-22.048837 -53.103537 -33.131250 
-25.464854 -51.550802 -31.256250 
-22.048837 -51.240255 -31.881250 
-22.048837 -53.103537 -33.131250


-25.775401 -56.522659 -29.375000 
-23.912119 -58.075394 -33.125000 
-21.427743 -59.628129 -29.375000 
-25.775401 -56.522659 -29.375000


-25.775401 -56.522659 -29.375000 
-25.154307 -56.830101 -31.881250 
-23.912119 -58.075394 -33.125000 
-25.775401 -56.522659 -29.375000


-12.111333 -59.003930 -22.493750 
-8.384769 -59.007035 -21.250000 
-13.974615 -56.833206 -13.750000 
-12.111333 -59.003930 -22.493750


-12.111333 -59.003930 -22.493750 
-13.974615 -56.833206 -13.750000 
-13.664068 -57.140648 -18.756250 
-12.111333 -59.003930 -22.493750


-24.843760 -55.587913 -25.618750 
-26.085948 -55.587913 -27.493750 
-22.048837 -57.761742 -26.243750 
-24.843760 -55.587913 -25.618750


-16.769538 -47.824238 -31.256250 
-18.943367 -52.171896 -32.506250 
-20.806649 -53.103537 -33.131250 
-16.769538 -47.824238 -31.256250


-18.632820 -45.960956 -30.631250 
-16.769538 -47.824238 -31.256250 
-20.806649 -53.103537 -33.131250 
-18.632820 -45.960956 -30.631250


-21.427743 -46.889492 -30.625000 
-18.632820 -45.960956 -30.631250 
-20.806649 -53.103537 -33.131250 
-21.427743 -46.889492 -30.625000


-25.775401 -56.522659 -29.375000 
-21.427743 -59.628129 -29.375000 
-22.048837 -57.761742 -26.243750 
-25.775401 -56.522659 -29.375000


-25.775401 -56.522659 -29.375000 
-22.048837 -57.761742 -26.243750 
-26.085948 -55.587913 -27.493750 
-25.775401 -56.522659 -29.375000


-23.912119 -58.075394 -33.125000 
-21.738290 -59.628129 -33.125000 
-21.427743 -59.628129 -29.375000 
-23.912119 -58.075394 -33.125000


-21.427743 -59.628129 -29.375000 
-19.564461 -59.628129 -28.125000 
-22.048837 -57.761742 -26.243750 
-21.427743 -59.628129 -29.375000


-36.644546 -9.316410 -35.006250 
-35.091811 -4.968752 -36.881250 
-34.781264 -11.490239 -35.631250 
-36.644546 -9.316410 -35.006250


-38.200386 -10.869145 -16.875000 
-37.268745 -8.384769 -13.750000 
-38.507828 -6.832034 -21.868750 
-38.200386 -10.869145 -16.875000


-38.200386 -0.621094 -33.125000 
-36.026557 3.726564 -34.375000 
-38.821480 -1.242188 -36.875000 
-38.200386 -0.621094 -33.125000


-37.886734 0.310547 -38.131250 
-38.821480 -1.242188 -36.875000 
-36.026557 3.726564 -34.375000 
-37.886734 0.310547 -38.131250


-20.496102 -52.796095 -11.875000 
-18.943367 -52.482443 -9.993750 
-21.427743 -52.171896 -11.243750 
-20.496102 -52.796095 -11.875000


-28.259777 -53.103537 -30.631250 
-26.710147 -55.277366 -31.875000 
-25.775401 -56.522659 -29.375000 
-28.259777 -53.103537 -30.631250


-26.707042 -53.724631 -31.256250 
-26.710147 -55.277366 -31.875000 
-28.259777 -53.103537 -30.631250 
-26.707042 -53.724631 -31.256250


-26.710147 -55.277366 -31.875000 
-25.154307 -56.830101 -31.881250 
-25.775401 -56.522659 -29.375000 
-26.710147 -55.277366 -31.875000


-23.912119 -58.075394 -33.125000 
-26.710147 -55.277366 -31.875000 
-22.048837 -53.103537 -33.131250 
-23.912119 -58.075394 -33.125000


-21.117196 -57.761742 -33.131250 
-23.912119 -58.075394 -33.125000 
-22.048837 -53.103537 -33.131250 
-21.117196 -57.761742 -33.131250


-18.943367 -59.003930 -33.756250 
-22.048837 -53.103537 -33.131250 
-20.806649 -53.103537 -33.131250 
-18.943367 -59.003930 -33.756250


-18.943367 -59.003930 -33.756250 
-21.117196 -57.761742 -33.131250 
-22.048837 -53.103537 -33.131250 
-18.943367 -59.003930 -33.756250


-16.458991 -61.180864 -33.750000 
-18.943367 -59.003930 -33.756250 
-7.142581 -60.867212 -38.131250 
-16.458991 -61.180864 -33.750000


-35.091811 -4.968752 -36.881250 
-32.296888 -6.832034 -36.881250 
-34.781264 -11.490239 -35.631250 
-35.091811 -4.968752 -36.881250


-35.712905 -18.632820 -34.381250 
-36.333999 -13.664068 -35.006250 
-31.365247 -14.285162 -35.631250 
-35.712905 -18.632820 -34.381250


-29.191418 -17.080085 -35.006250 
-35.712905 -18.632820 -34.381250 
-31.365247 -14.285162 -35.631250 
-29.191418 -17.080085 -35.006250


-26.710147 -55.277366 -31.875000 
-26.707042 -53.724631 -31.256250 
-25.464854 -51.550802 -31.256250 
-26.710147 -55.277366 -31.875000


-22.048837 -53.103537 -33.131250 
-26.710147 -55.277366 -31.875000 
-25.464854 -51.550802 -31.256250 
-22.048837 -53.103537 -33.131250


-26.707042 -53.724631 -31.256250 
-28.259777 -53.103537 -30.631250 
-25.464854 -51.550802 -31.256250 
-26.707042 -53.724631 -31.256250


-27.638683 -50.619161 -30.006250 
-25.464854 -51.550802 -31.256250 
-28.259777 -53.103537 -30.631250 
-27.638683 -50.619161 -30.006250


-35.716010 -38.197281 -21.250000 
-35.716010 -37.265640 -19.375000 
-36.337104 -35.402358 -19.375000 
-35.716010 -38.197281 -21.250000


-22.669931 -51.864454 -12.500000 
-26.707042 -47.203144 -11.243750 
-24.843760 -51.240255 -16.243750 
-22.669931 -51.864454 -12.500000


-8.384769 -59.007035 -21.250000 
-11.179692 -60.559770 -26.250000 
-9.005863 -59.628129 -25.000000 
-8.384769 -59.007035 -21.250000


-8.384769 -59.007035 -21.250000 
-12.421880 -60.246118 -24.993750 
-11.179692 -60.559770 -26.250000 
-8.384769 -59.007035 -21.250000


-19.564461 -61.798853 -33.756250 
-18.943367 -59.003930 -33.756250 
-16.458991 -61.180864 -33.750000 
-19.564461 -61.798853 -33.756250


-37.268745 -34.470717 -23.750000 
-36.647651 -36.644546 -24.375000 
-35.716010 -38.197281 -21.250000 
-37.268745 -34.470717 -23.750000


-2.794923 -49.066426 -2.506250 
-1.242188 -50.926603 -5.000000 
-6.210940 -45.650409 -8.743750 
-2.794923 -49.066426 -2.506250


-25.154307 -52.482443 -19.368750 
-22.980478 -53.103537 -17.493750 
-24.843760 -51.240255 -16.243750 
-25.154307 -52.482443 -19.368750


-32.610540 -42.855486 -17.500000 
-33.542181 -42.234392 -19.375000 
-32.610540 -44.718768 -21.875000 
-32.610540 -42.855486 -17.500000


-28.573429 -49.687520 -20.000000 
-29.501965 -47.513691 -18.118750 
-30.123059 -49.066426 -23.743750 
-28.573429 -49.687520 -20.000000


-35.716010 -38.197281 -21.250000 
-36.337104 -35.402358 -19.375000 
-37.268745 -34.470717 -23.750000 
-35.716010 -38.197281 -21.250000


-35.716010 -38.197281 -21.250000 
-35.094916 -41.302751 -25.000000 
-33.542181 -42.234392 -19.375000 
-35.716010 -38.197281 -21.250000


-34.163275 -43.166033 -25.625000 
-32.610540 -44.718768 -21.875000 
-35.094916 -41.302751 -25.000000 
-34.163275 -43.166033 -25.625000


-9.937504 -16.148444 -14.993750 
-10.869145 -16.766433 -13.750000 
-10.866040 -19.253914 -17.500000 
-9.937504 -16.148444 -14.993750


-19.564461 -59.628129 -28.125000 
-21.427743 -59.628129 -29.375000 
-18.011726 -60.867212 -29.368750 
-19.564461 -59.628129 -28.125000


4.037111 -48.134785 -34.993750 
0.624199 -43.476580 -33.125000 
2.484376 -48.755879 -33.118750 
4.037111 -48.134785 -34.993750


-2.484376 -50.929708 0.631250 
0.621094 -50.619161 0.631250 
3.416017 -49.690625 5.625000 
-2.484376 -50.929708 0.631250


-29.501965 -47.513691 -18.118750 
-32.610540 -42.855486 -17.500000 
-32.610540 -44.718768 -21.875000 
-29.501965 -47.513691 -18.118750


-29.501965 -47.513691 -18.118750 
-30.433606 -45.029315 -16.243750 
-32.610540 -42.855486 -17.500000 
-29.501965 -47.513691 -18.118750


-32.917982 -32.607435 -4.368750 
-34.784369 -29.501965 -6.875000 
-33.849623 -33.539076 -8.743750 
-32.917982 -32.607435 -4.368750


-34.163275 -39.128922 -16.875000 
-32.917982 -40.371110 -15.618750 
-33.228529 -38.818375 -14.993750 
-34.163275 -39.128922 -16.875000


-39.128922 -25.464854 -23.131250 
-40.374215 -22.980478 -27.500000 
-38.200386 -30.123059 -23.125000 
-39.128922 -25.464854 -23.131250


-38.510933 -15.527350 -14.375000 
-38.197281 -19.875008 -13.743750 
-38.197281 -19.561356 -13.125000 
-38.510933 -15.527350 -14.375000


-41.305856 -21.427743 -30.625000 
-40.374215 -22.980478 -27.500000 
-40.060563 -19.253914 -24.993750 
-41.305856 -21.427743 -30.625000


-39.132027 -24.843760 -21.875000 
-39.128922 -25.464854 -23.131250 
-38.200386 -29.501965 -19.375000 
-39.132027 -24.843760 -21.875000


-19.253914 -14.285162 -4.993750 
-20.806649 1.242188 -8.118750 
-21.117196 3.105470 -6.868750 
-19.253914 -14.285162 -4.993750


-19.253914 -14.285162 -4.993750 
-21.117196 3.105470 -6.868750 
-22.048837 -13.350416 -5.625000 
-19.253914 -14.285162 -4.993750


-36.647651 -36.644546 -24.375000 
-36.023452 -38.818375 -25.006250 
-35.716010 -38.197281 -21.250000 
-36.647651 -36.644546 -24.375000


-37.889839 -31.986341 -23.750000 
-37.268745 -34.470717 -23.750000 
-37.268745 -33.228529 -21.250000 
-37.889839 -31.986341 -23.750000


-37.889839 -31.986341 -23.750000 
-36.023452 -33.849623 -25.006250 
-37.268745 -34.470717 -23.750000 
-37.889839 -31.986341 -23.750000


-31.675794 -36.955093 -25.631250 
-36.023452 -33.849623 -25.006250 
-29.501965 -34.157065 -25.625000 
-31.675794 -36.955093 -25.631250


-38.200386 -26.707042 -16.250000 
-38.200386 -29.501965 -19.375000 
-36.958198 -29.812512 -15.000000 
-38.200386 -26.707042 -16.250000


-37.268745 -34.470717 -23.750000 
-36.023452 -33.849623 -25.006250 
-36.647651 -36.644546 -24.375000 
-37.268745 -34.470717 -23.750000


-37.268745 -33.228529 -21.250000 
-38.200386 -29.501965 -19.375000 
-37.889839 -31.986341 -23.750000 
-37.268745 -33.228529 -21.250000


-38.200386 -30.123059 -23.125000 
-37.889839 -31.986341 -23.750000 
-38.200386 -29.501965 -19.375000 
-38.200386 -30.123059 -23.125000


-35.094916 -41.302751 -25.000000 
-35.716010 -38.197281 -21.250000 
-36.023452 -38.818375 -25.006250 
-35.094916 -41.302751 -25.000000


-22.669931 -51.864454 -12.500000 
-22.980478 -50.308614 -9.993750 
-26.707042 -47.203144 -11.243750 
-22.669931 -51.864454 -12.500000


-38.200386 -26.707042 -16.250000 
-36.958198 -29.812512 -15.000000 
-36.955093 -28.259777 -14.368750 
-38.200386 -26.707042 -16.250000


-29.501965 -47.513691 -18.118750 
-32.610540 -44.718768 -21.875000 
-30.123059 -49.066426 -23.743750 
-29.501965 -47.513691 -18.118750


-30.123059 -49.066426 -23.743750 
-32.610540 -44.718768 -21.875000 
-32.917982 -45.650409 -25.631250 
-30.123059 -49.066426 -23.743750


-32.921087 -37.265640 -10.625000 
-33.228529 -38.818375 -14.993750 
-32.917982 -40.371110 -15.618750 
-32.921087 -37.265640 -10.625000


-32.921087 -37.265640 -10.625000 
-32.917982 -40.371110 -15.618750 
-31.986341 -38.818375 -10.618750 
-32.921087 -37.265640 -10.625000


-32.917982 -40.371110 -15.618750 
-32.610540 -42.855486 -17.500000 
-30.747258 -41.302751 -11.250000 
-32.917982 -40.371110 -15.618750


-29.505070 -43.787127 -11.875000 
-30.747258 -41.302751 -11.250000 
-32.610540 -42.855486 -17.500000 
-29.505070 -43.787127 -11.875000


-33.228529 7.453128 -36.881250 
-30.123059 7.142581 -38.131250 
-33.539076 4.347658 -37.506250 
-33.228529 7.453128 -36.881250


-32.610540 -42.855486 -17.500000 
-30.433606 -45.029315 -16.243750 
-29.505070 -43.787127 -11.875000 
-32.610540 -42.855486 -17.500000


-32.610540 -42.855486 -17.500000 
-32.917982 -40.371110 -15.618750 
-34.163275 -39.128922 -16.875000 
-32.610540 -42.855486 -17.500000


-33.542181 -42.234392 -19.375000 
-32.610540 -42.855486 -17.500000 
-34.163275 -39.128922 -16.875000 
-33.542181 -42.234392 -19.375000


-33.542181 -42.234392 -19.375000 
-34.163275 -39.128922 -16.875000 
-35.716010 -37.265640 -19.375000 
-33.542181 -42.234392 -19.375000


-33.542181 -42.234392 -19.375000 
-35.716010 -37.265640 -19.375000 
-35.716010 -38.197281 -21.250000 
-33.542181 -42.234392 -19.375000


-24.533213 -43.166033 0.006250 
-26.396495 -41.923845 -1.868750 
-25.778506 -43.476580 -2.500000 
-24.533213 -43.166033 0.006250


-37.268745 -33.228529 -21.250000 
-37.268745 -34.470717 -23.750000 
-36.337104 -35.402358 -19.375000 
-37.268745 -33.228529 -21.250000


-0.621094 -49.069531 4.375000 
3.416017 -49.690625 5.625000 
0.310547 -48.134785 6.256250 
-0.621094 -49.069531 4.375000


-21.738290 -39.750016 1.256250 
-25.464854 -40.681657 -0.618750 
-24.533213 -43.166033 0.006250 
-21.738290 -39.750016 1.256250


-21.738290 -39.750016 1.256250 
-24.533213 -43.166033 0.006250 
-22.669931 -42.234392 0.631250 
-21.738290 -39.750016 1.256250


-22.048837 -48.445332 -6.243750 
-21.117196 -46.271503 0.006250 
-24.846865 -45.650409 -5.625000 
-22.048837 -48.445332 -6.243750


-17.701179 -37.579292 2.500000 
-21.738290 -39.750016 1.256250 
-17.080085 -40.060563 2.506250 
-17.701179 -37.579292 2.500000


-24.533213 -43.166033 0.006250 
-25.464854 -40.681657 -0.618750 
-28.880871 -38.507828 -1.243750 
-24.533213 -43.166033 0.006250


-26.399600 -41.302751 -1.250000 
-24.533213 -43.166033 0.006250 
-28.880871 -38.507828 -1.243750 
-26.399600 -41.302751 -1.250000


-22.359384 -31.675794 1.256250 
-30.123059 -36.333999 -1.243750 
-22.980478 -33.539076 0.631250 
-22.359384 -31.675794 1.256250


-22.359384 -31.675794 1.256250 
-31.054700 -33.849623 -1.868750 
-30.123059 -36.333999 -1.243750 
-22.359384 -31.675794 1.256250


-36.337104 -24.533213 -10.625000 
-38.507828 -21.427743 -15.618750 
-38.200386 -26.707042 -16.250000 
-36.337104 -24.533213 -10.625000


-36.023452 -14.906256 -4.368750 
-29.191418 -12.421880 -6.868750 
-32.607435 -2.484376 -11.243750 
-36.023452 -14.906256 -4.368750


-36.337104 -35.402358 -19.375000 
-35.712905 -33.539076 -14.993750 
-38.200386 -29.501965 -19.375000 
-36.337104 -35.402358 -19.375000


-36.337104 -35.402358 -19.375000 
-38.200386 -29.501965 -19.375000 
-37.268745 -33.228529 -21.250000 
-36.337104 -35.402358 -19.375000


-36.958198 -29.812512 -15.000000 
-38.200386 -29.501965 -19.375000 
-35.712905 -33.539076 -14.993750 
-36.958198 -29.812512 -15.000000


-2.484376 -50.929708 0.631250 
-1.552735 -52.175001 -1.875000 
0.621094 -50.619161 0.631250 
-2.484376 -50.929708 0.631250


-8.384769 -50.929708 -2.493750 
-8.384769 -49.687520 0.631250 
-13.974615 -49.998067 0.006250 
-8.384769 -50.929708 -2.493750


-6.521487 -53.414084 -6.868750 
-10.248051 -54.969924 -10.625000 
-1.552735 -54.969924 -11.875000 
-6.521487 -53.414084 -6.868750


-28.880871 -46.892597 -16.243750 
-26.707042 -47.203144 -11.243750 
-29.505070 -43.787127 -11.875000 
-28.880871 -46.892597 -16.243750


-30.433606 -45.029315 -16.243750 
-28.880871 -46.892597 -16.243750 
-29.505070 -43.787127 -11.875000 
-30.433606 -45.029315 -16.243750


-21.427743 -52.171896 -11.243750 
-21.738290 -50.619161 -9.368750 
-22.980478 -50.308614 -9.993750 
-21.427743 -52.171896 -11.243750


-35.716010 -37.265640 -19.375000 
-34.163275 -39.128922 -16.875000 
-35.712905 -33.539076 -14.993750 
-35.716010 -37.265640 -19.375000


-36.337104 -35.402358 -19.375000 
-35.716010 -37.265640 -19.375000 
-35.712905 -33.539076 -14.993750 
-36.337104 -35.402358 -19.375000


-14.595709 -49.687520 -31.881250 
-16.769538 -47.824238 -31.256250 
-11.800786 -44.097674 -32.506250 
-14.595709 -49.687520 -31.881250


-22.669931 -51.864454 -12.500000 
-20.806649 -54.966819 -18.118750 
-20.185555 -53.103537 -12.493750 
-22.669931 -51.864454 -12.500000


-22.669931 -51.864454 -12.500000 
-22.980478 -53.103537 -17.493750 
-20.806649 -54.966819 -18.118750 
-22.669931 -51.864454 -12.500000


-19.564461 -26.085948 1.256250 
-22.669931 -23.912119 -1.868750 
-22.359384 -27.638683 0.006250 
-19.564461 -26.085948 1.256250


-19.253914 -49.376973 -3.743750 
-18.011726 -48.445332 0.006250 
-21.117196 -46.271503 0.006250 
-19.253914 -49.376973 -3.743750


1.863282 -54.969924 -12.500000 
-2.794923 -50.619161 -12.506250 
1.242188 -53.414084 -8.118750 
1.863282 -54.969924 -12.500000


-19.564461 -50.619161 -7.493750 
-21.738290 -50.619161 -9.368750 
-21.427743 -52.171896 -11.243750 
-19.564461 -50.619161 -7.493750


-19.564461 -50.619161 -7.493750 
-21.427743 -52.171896 -11.243750 
-18.943367 -52.482443 -9.993750 
-19.564461 -50.619161 -7.493750


-18.011726 -48.445332 0.006250 
-18.011726 -50.001172 -4.375000 
-13.974615 -49.998067 0.006250 
-18.011726 -48.445332 0.006250


-26.707042 -47.203144 -11.243750 
-22.980478 -50.308614 -9.993750 
-24.222666 -47.824238 -8.118750 
-26.707042 -47.203144 -11.243750


-27.949230 -43.787127 -9.368750 
-26.085948 -45.960956 -8.118750 
-25.464854 -44.408221 -4.368750 
-27.949230 -43.787127 -9.368750


-25.464854 -44.408221 -4.368750 
-26.085948 -45.960956 -8.118750 
-24.846865 -45.650409 -5.625000 
-25.464854 -44.408221 -4.368750


-11.797681 -28.880871 3.125000 
-11.800786 -31.365247 3.131250 
-10.869145 -27.638683 2.506250 
-11.797681 -28.880871 3.125000


-10.869145 -35.402358 2.506250 
-9.934399 -38.507828 1.875000 
-9.005863 -40.060563 1.256250 
-10.869145 -35.402358 2.506250


-10.869145 -35.402358 2.506250 
-9.005863 -40.060563 1.256250 
-10.866040 -39.750016 -3.125000 
-10.869145 -35.402358 2.506250


-8.384769 -50.929708 -2.493750 
-9.316410 -52.482443 -5.618750 
-4.658205 -52.485548 -3.750000 
-8.384769 -50.929708 -2.493750


-15.837897 -42.855486 2.506250 
-18.011726 -48.445332 0.006250 
-16.458991 -44.718768 1.256250 
-15.837897 -42.855486 2.506250


-15.837897 -42.855486 2.506250 
-21.117196 -46.271503 0.006250 
-18.011726 -48.445332 0.006250 
-15.837897 -42.855486 2.506250


-26.085948 -45.960956 -8.118750 
-26.707042 -47.203144 -11.243750 
-24.222666 -47.824238 -8.118750 
-26.085948 -45.960956 -8.118750


-11.800786 -39.439469 1.881250 
-9.934399 -38.507828 1.875000 
-11.800786 -37.265640 2.506250 
-11.800786 -39.439469 1.881250


-29.812512 -40.060563 -6.868750 
-26.396495 -41.923845 -1.868750 
-28.880871 -38.507828 -1.243750 
-29.812512 -40.060563 -6.868750


-30.126164 -38.507828 -5.000000 
-29.812512 -40.060563 -6.868750 
-28.880871 -38.507828 -1.243750 
-30.126164 -38.507828 -5.000000


-19.253914 -49.376973 -3.743750 
-21.117196 -46.271503 0.006250 
-22.048837 -48.445332 -6.243750 
-19.253914 -49.376973 -3.743750


-17.080085 -40.060563 2.506250 
-21.738290 -39.750016 1.256250 
-22.669931 -42.234392 0.631250 
-17.080085 -40.060563 2.506250


-27.949230 -43.787127 -9.368750 
-29.505070 -43.787127 -11.875000 
-26.085948 -45.960956 -8.118750 
-27.949230 -43.787127 -9.368750


-26.707042 -47.203144 -11.243750 
-26.085948 -45.960956 -8.118750 
-29.505070 -43.787127 -11.875000 
-26.707042 -47.203144 -11.243750


-30.747258 -41.302751 -11.250000 
-29.505070 -43.787127 -11.875000 
-29.812512 -40.060563 -6.868750 
-30.747258 -41.302751 -11.250000


-27.949230 -43.787127 -9.368750 
-29.812512 -40.060563 -6.868750 
-29.505070 -43.787127 -11.875000 
-27.949230 -43.787127 -9.368750


-21.427743 -36.023452 1.881250 
-23.601572 -36.644546 0.631250 
-21.738290 -39.750016 1.256250 
-21.427743 -36.023452 1.881250


-21.738290 -50.619161 -9.368750 
-22.048837 -48.445332 -6.243750 
-22.980478 -50.308614 -9.993750 
-21.738290 -50.619161 -9.368750


-19.253914 -49.376973 -3.743750 
-22.048837 -48.445332 -6.243750 
-21.738290 -50.619161 -9.368750 
-19.253914 -49.376973 -3.743750


-19.253914 -49.376973 -3.743750 
-21.738290 -50.619161 -9.368750 
-19.564461 -50.619161 -7.493750 
-19.253914 -49.376973 -3.743750


-21.117196 -46.271503 0.006250 
-22.669931 -42.234392 0.631250 
-24.533213 -43.166033 0.006250 
-21.117196 -46.271503 0.006250


-25.778506 -43.476580 -2.500000 
-29.812512 -40.060563 -6.868750 
-25.464854 -44.408221 -4.368750 
-25.778506 -43.476580 -2.500000


-25.778506 -43.476580 -2.500000 
-26.396495 -41.923845 -1.868750 
-29.812512 -40.060563 -6.868750 
-25.778506 -43.476580 -2.500000


-24.533213 -43.166033 0.006250 
-25.778506 -43.476580 -2.500000 
-21.117196 -46.271503 0.006250 
-24.533213 -43.166033 0.006250


-27.949230 -43.787127 -9.368750 
-25.464854 -44.408221 -4.368750 
-29.812512 -40.060563 -6.868750 
-27.949230 -43.787127 -9.368750


-26.396495 -41.923845 -1.868750 
-24.533213 -43.166033 0.006250 
-26.399600 -41.302751 -1.250000 
-26.396495 -41.923845 -1.868750


-22.048837 -48.445332 -6.243750 
-24.222666 -47.824238 -8.118750 
-22.980478 -50.308614 -9.993750 
-22.048837 -48.445332 -6.243750


-22.048837 -48.445332 -6.243750 
-24.846865 -45.650409 -5.625000 
-24.222666 -47.824238 -8.118750 
-22.048837 -48.445332 -6.243750


-24.846865 -45.650409 -5.625000 
-26.085948 -45.960956 -8.118750 
-24.222666 -47.824238 -8.118750 
-24.846865 -45.650409 -5.625000


-20.806649 -34.781264 2.506250 
-13.974615 -30.744153 3.756250 
-15.841002 -30.744153 3.125000 
-20.806649 -34.781264 2.506250


-30.126164 -38.507828 -5.000000 
-32.921087 -37.265640 -10.625000 
-31.986341 -38.818375 -10.618750 
-30.126164 -38.507828 -5.000000


-29.812512 -40.060563 -6.868750 
-30.126164 -38.507828 -5.000000 
-31.986341 -38.818375 -10.618750 
-29.812512 -40.060563 -6.868750


-26.396495 -41.923845 -1.868750 
-26.399600 -41.302751 -1.250000 
-28.880871 -38.507828 -1.243750 
-26.396495 -41.923845 -1.868750


-30.747258 -41.302751 -11.250000 
-29.812512 -40.060563 -6.868750 
-31.986341 -38.818375 -10.618750 
-30.747258 -41.302751 -11.250000


-30.126164 -38.507828 -5.000000 
-28.880871 -38.507828 -1.243750 
-30.123059 -36.333999 -1.243750 
-30.126164 -38.507828 -5.000000


-28.880871 -38.507828 -1.243750 
-25.464854 -40.681657 -0.618750 
-23.601572 -36.644546 0.631250 
-28.880871 -38.507828 -1.243750


-28.880871 -38.507828 -1.243750 
-23.601572 -36.644546 0.631250 
-30.123059 -36.333999 -1.243750 
-28.880871 -38.507828 -1.243750


-25.464854 -40.681657 -0.618750 
-21.738290 -39.750016 1.256250 
-23.601572 -36.644546 0.631250 
-25.464854 -40.681657 -0.618750


-35.402358 -23.601572 -4.368750 
-36.647651 -20.496102 -8.125000 
-36.337104 -24.843760 -8.125000 
-35.402358 -23.601572 -4.368750


-30.126164 -38.507828 -5.000000 
-30.123059 -36.333999 -1.243750 
-32.917982 -32.607435 -4.368750 
-30.126164 -38.507828 -5.000000


-31.054700 -33.849623 -1.868750 
-32.917982 -32.607435 -4.368750 
-30.123059 -36.333999 -1.243750 
-31.054700 -33.849623 -1.868750


-32.607435 -30.744153 -2.493750 
-32.917982 -32.607435 -4.368750 
-31.054700 -33.849623 -1.868750 
-32.607435 -30.744153 -2.493750


-38.507828 -21.427743 -15.618750 
-38.197281 -19.875008 -13.743750 
-38.510933 -15.527350 -14.375000 
-38.507828 -21.427743 -15.618750


-38.507828 -21.427743 -15.618750 
-38.510933 -15.527350 -14.375000 
-38.510933 -18.943367 -18.125000 
-38.507828 -21.427743 -15.618750


-31.054700 -33.849623 -1.868750 
-22.359384 -31.675794 1.256250 
-32.607435 -30.744153 -2.493750 
-31.054700 -33.849623 -1.868750


-22.359384 -27.638683 0.006250 
-32.607435 -30.744153 -2.493750 
-22.359384 -31.675794 1.256250 
-22.359384 -27.638683 0.006250


-33.849623 -33.539076 -8.743750 
-34.470717 -34.160170 -13.118750 
-32.921087 -37.265640 -10.625000 
-33.849623 -33.539076 -8.743750


-32.917982 -32.607435 -4.368750 
-32.607435 -30.744153 -2.493750 
-33.849623 -29.191418 -3.118750 
-32.917982 -32.607435 -4.368750


-22.359384 -27.638683 0.006250 
-35.402358 -23.601572 -4.368750 
-33.849623 -29.191418 -3.118750 
-22.359384 -27.638683 0.006250


-32.917982 -21.738290 -4.993750 
-35.402358 -23.601572 -4.368750 
-22.359384 -27.638683 0.006250 
-32.917982 -21.738290 -4.993750


-35.402358 -23.601572 -4.368750 
-35.091811 -25.464854 -4.368750 
-33.849623 -29.191418 -3.118750 
-35.402358 -23.601572 -4.368750


-36.958198 -29.812512 -15.000000 
-35.712905 -33.539076 -14.993750 
-34.784369 -31.365247 -9.375000 
-36.958198 -29.812512 -15.000000


-10.869145 -35.402358 2.506250 
-10.869145 -27.638683 2.506250 
-11.800786 -31.365247 3.131250 
-10.869145 -35.402358 2.506250


-10.869145 -35.402358 2.506250 
-10.866040 -25.464854 0.625000 
-10.869145 -27.638683 2.506250 
-10.869145 -35.402358 2.506250


-23.601572 -36.644546 0.631250 
-21.427743 -36.023452 1.881250 
-20.806649 -34.781264 2.506250 
-23.601572 -36.644546 0.631250


-22.980478 -33.539076 0.631250 
-23.601572 -36.644546 0.631250 
-20.806649 -34.781264 2.506250 
-22.980478 -33.539076 0.631250


-38.510933 -15.527350 -14.375000 
-38.197281 -19.561356 -13.125000 
-37.265640 -17.701179 -11.243750 
-38.510933 -15.527350 -14.375000


-19.253914 -14.285162 -4.993750 
-22.359384 -15.527350 -3.743750 
-16.769538 -19.564461 -2.493750 
-19.253914 -14.285162 -4.993750


-22.359384 -27.638683 0.006250 
-18.322273 -27.017589 2.506250 
-19.564461 -26.085948 1.256250 
-22.359384 -27.638683 0.006250


-22.359384 -27.638683 0.006250 
-20.496102 -28.570324 1.256250 
-18.322273 -27.017589 2.506250 
-22.359384 -27.638683 0.006250


-33.849623 -29.191418 -3.118750 
-32.607435 -30.744153 -2.493750 
-22.359384 -27.638683 0.006250 
-33.849623 -29.191418 -3.118750


-35.712905 -33.539076 -14.993750 
-33.849623 -33.539076 -8.743750 
-34.784369 -31.365247 -9.375000 
-35.712905 -33.539076 -14.993750


-35.712905 -33.539076 -14.993750 
-34.470717 -34.160170 -13.118750 
-33.849623 -33.539076 -8.743750 
-35.712905 -33.539076 -14.993750


-10.869145 -18.943367 -4.993750 
-4.968752 -5.279299 -13.118750 
-12.111333 -13.353521 -9.368750 
-10.869145 -18.943367 -4.993750


-10.869145 -18.943367 -4.993750 
-10.866040 -15.837897 -10.625000 
-4.968752 -5.279299 -13.118750 
-10.869145 -18.943367 -4.993750


-9.934399 -34.781264 -19.375000 
-10.244946 -30.744153 -20.625000 
-10.866040 -34.781264 -17.500000 
-9.934399 -34.781264 -19.375000


-33.849623 -29.191418 -3.118750 
-34.784369 -29.501965 -6.875000 
-32.917982 -32.607435 -4.368750 
-33.849623 -29.191418 -3.118750


-32.917982 -32.607435 -4.368750 
-33.849623 -33.539076 -8.743750 
-30.126164 -38.507828 -5.000000 
-32.917982 -32.607435 -4.368750


-32.921087 -37.265640 -10.625000 
-30.126164 -38.507828 -5.000000 
-33.849623 -33.539076 -8.743750 
-32.921087 -37.265640 -10.625000


-35.094916 0.000000 -13.750000 
-35.094916 2.173829 -20.000000 
-36.337104 -0.621094 -20.625000 
-35.094916 0.000000 -13.750000


-36.023452 -14.906256 -4.368750 
-37.265640 -17.701179 -11.243750 
-36.647651 -20.496102 -8.125000 
-36.023452 -14.906256 -4.368750


-36.023452 -14.906256 -4.368750 
-36.337104 -14.906256 -9.375000 
-37.265640 -17.701179 -11.243750 
-36.023452 -14.906256 -4.368750


-33.849623 -29.191418 -3.118750 
-35.091811 -25.464854 -4.368750 
-34.784369 -29.501965 -6.875000 
-33.849623 -29.191418 -3.118750


-37.268745 -18.011726 -11.250000 
-37.265640 -17.701179 -11.243750 
-38.197281 -19.561356 -13.125000 
-37.268745 -18.011726 -11.250000


-34.470717 -34.160170 -13.118750 
-35.712905 -33.539076 -14.993750 
-32.921087 -37.265640 -10.625000 
-34.470717 -34.160170 -13.118750


-34.163275 -39.128922 -16.875000 
-32.921087 -37.265640 -10.625000 
-35.712905 -33.539076 -14.993750 
-34.163275 -39.128922 -16.875000


-33.228529 -38.818375 -14.993750 
-32.921087 -37.265640 -10.625000 
-34.163275 -39.128922 -16.875000 
-33.228529 -38.818375 -14.993750


-37.268745 -18.011726 -11.250000 
-36.647651 -20.496102 -8.125000 
-37.265640 -17.701179 -11.243750 
-37.268745 -18.011726 -11.250000


-34.784369 -31.365247 -9.375000 
-33.849623 -33.539076 -8.743750 
-34.784369 -29.501965 -6.875000 
-34.784369 -31.365247 -9.375000


-35.091811 -25.464854 -4.368750 
-35.716010 -26.396495 -7.500000 
-34.784369 -29.501965 -6.875000 
-35.091811 -25.464854 -4.368750


-38.507828 -21.427743 -15.618750 
-38.197281 -19.561356 -13.125000 
-38.197281 -19.875008 -13.743750 
-38.507828 -21.427743 -15.618750


-35.091811 -25.464854 -4.368750 
-35.402358 -23.601572 -4.368750 
-36.337104 -24.843760 -8.125000 
-35.091811 -25.464854 -4.368750


-35.091811 -25.464854 -4.368750 
-36.337104 -24.843760 -8.125000 
-35.716010 -26.396495 -7.500000 
-35.091811 -25.464854 -4.368750


-36.337104 -4.658205 -15.000000 
-35.094916 0.000000 -13.750000 
-36.955093 -2.794923 -20.618750 
-36.337104 -4.658205 -15.000000


-36.337104 -24.843760 -8.125000 
-36.337104 -24.533213 -10.625000 
-38.200386 -26.707042 -16.250000 
-36.337104 -24.843760 -8.125000


-36.337104 -24.843760 -8.125000 
-38.200386 -26.707042 -16.250000 
-36.955093 -28.259777 -14.368750 
-36.337104 -24.843760 -8.125000


-34.784369 -31.365247 -9.375000 
-35.716010 -26.396495 -7.500000 
-36.026557 -27.638683 -11.875000 
-34.784369 -31.365247 -9.375000


-34.784369 -29.501965 -6.875000 
-35.716010 -26.396495 -7.500000 
-34.784369 -31.365247 -9.375000 
-34.784369 -29.501965 -6.875000


-36.958198 -29.812512 -15.000000 
-34.784369 -31.365247 -9.375000 
-36.026557 -27.638683 -11.875000 
-36.958198 -29.812512 -15.000000


-36.955093 -28.259777 -14.368750 
-36.958198 -29.812512 -15.000000 
-36.026557 -27.638683 -11.875000 
-36.955093 -28.259777 -14.368750


-36.337104 -24.843760 -8.125000 
-36.955093 -28.259777 -14.368750 
-36.026557 -27.638683 -11.875000 
-36.337104 -24.843760 -8.125000


-35.716010 -26.396495 -7.500000 
-36.337104 -24.843760 -8.125000 
-36.026557 -27.638683 -11.875000 
-35.716010 -26.396495 -7.500000


-36.647651 -20.496102 -8.125000 
-37.268745 -18.011726 -11.250000 
-38.197281 -19.561356 -13.125000 
-36.647651 -20.496102 -8.125000


-36.337104 -24.843760 -8.125000 
-38.197281 -19.561356 -13.125000 
-36.337104 -24.533213 -10.625000 
-36.337104 -24.843760 -8.125000


-36.337104 -24.843760 -8.125000 
-36.647651 -20.496102 -8.125000 
-38.197281 -19.561356 -13.125000 
-36.337104 -24.843760 -8.125000


-39.132027 -24.843760 -21.875000 
-38.507828 -21.427743 -15.618750 
-38.510933 -18.943367 -18.125000 
-39.132027 -24.843760 -21.875000


-38.200386 -23.601572 -18.125000 
-38.507828 -21.427743 -15.618750 
-39.132027 -24.843760 -21.875000 
-38.200386 -23.601572 -18.125000


-39.753121 -10.558598 -24.375000 
-38.510933 -14.285162 -16.875000 
-38.200386 -10.869145 -16.875000 
-39.753121 -10.558598 -24.375000


-40.371110 -13.664068 -33.756250 
-40.684762 -14.906256 -29.375000 
-40.063668 -11.490239 -30.000000 
-40.371110 -13.664068 -33.756250


-40.681657 -15.527350 -32.506250 
-40.684762 -14.906256 -29.375000 
-40.371110 -13.664068 -33.756250 
-40.681657 -15.527350 -32.506250


-40.374215 -22.980478 -27.500000 
-39.132027 -24.843760 -21.875000 
-40.060563 -19.253914 -24.993750 
-40.374215 -22.980478 -27.500000


-39.128922 -25.464854 -23.131250 
-39.132027 -24.843760 -21.875000 
-40.374215 -22.980478 -27.500000 
-39.128922 -25.464854 -23.131250


-20.496102 -5.900393 -13.118750 
-32.921087 5.279299 -25.625000 
-22.359384 -1.552735 -11.868750 
-20.496102 -5.900393 -13.118750


-24.222666 -12.732427 -5.618750 
-30.123059 -14.906256 -4.368750 
-28.570324 -15.527350 -4.368750 
-24.222666 -12.732427 -5.618750


-28.880871 -13.664068 -5.618750 
-30.123059 -14.906256 -4.368750 
-24.222666 -12.732427 -5.618750 
-28.880871 -13.664068 -5.618750


-22.669931 -23.912119 -1.868750 
-20.806649 -21.738290 -1.868750 
-24.533213 -17.080085 -3.743750 
-22.669931 -23.912119 -1.868750


-36.337104 -4.658205 -15.000000 
-36.333999 -5.900393 -11.243750 
-35.402358 -2.484376 -11.243750 
-36.337104 -4.658205 -15.000000


-23.912119 12.424985 -10.625000 
-26.085948 11.182797 -11.875000 
-25.464854 10.561703 -8.125000 
-23.912119 12.424985 -10.625000


-21.117196 3.105470 -6.868750 
-27.017589 1.242188 -9.993750 
-27.017589 -12.108228 -6.875000 
-21.117196 3.105470 -6.868750


-21.117196 3.105470 -6.868750 
-27.017589 -12.108228 -6.875000 
-24.222666 -12.732427 -5.618750 
-21.117196 3.105470 -6.868750


-32.921087 5.279299 -25.625000 
-20.496102 -5.900393 -13.118750 
-18.322273 -11.179692 -18.756250 
-32.921087 5.279299 -25.625000


-26.085948 11.182797 -11.875000 
-23.912119 12.424985 -10.625000 
-26.707042 11.182797 -15.000000 
-26.085948 11.182797 -11.875000


-22.980478 12.735532 -13.750000 
-26.707042 11.182797 -15.000000 
-23.912119 12.424985 -10.625000 
-22.980478 12.735532 -13.750000


-22.048837 -13.350416 -5.625000 
-24.222666 -12.732427 -5.618750 
-22.359384 -15.527350 -3.743750 
-22.048837 -13.350416 -5.625000


-6.210940 -0.003105 -30.625000 
-5.586741 1.863282 -32.500000 
-5.276194 4.968752 -28.750000 
-6.210940 -0.003105 -30.625000


-6.207835 2.173829 -28.750000 
-6.210940 -0.003105 -30.625000 
-5.276194 4.968752 -28.750000 
-6.207835 2.173829 -28.750000


-24.533213 -17.080085 -3.743750 
-22.359384 -15.527350 -3.743750 
-28.570324 -15.527350 -4.368750 
-24.533213 -17.080085 -3.743750


-24.222666 -12.732427 -5.618750 
-28.570324 -15.527350 -4.368750 
-22.359384 -15.527350 -3.743750 
-24.222666 -12.732427 -5.618750


-19.253914 -14.285162 -4.993750 
-17.701179 -13.664068 -5.618750 
-20.806649 1.242188 -8.118750 
-19.253914 -14.285162 -4.993750


-12.732427 2.484376 -6.868750 
-20.806649 1.242188 -8.118750 
-17.701179 -13.664068 -5.618750 
-12.732427 2.484376 -6.868750


-21.117196 3.105470 -6.868750 
-20.806649 1.242188 -8.118750 
-12.732427 2.484376 -6.868750 
-21.117196 3.105470 -6.868750


-30.123059 -14.906256 -4.368750 
-28.880871 -13.664068 -5.618750 
-29.191418 -12.421880 -6.868750 
-30.123059 -14.906256 -4.368750


-38.507828 -21.427743 -15.618750 
-36.337104 -24.533213 -10.625000 
-38.197281 -19.561356 -13.125000 
-38.507828 -21.427743 -15.618750


-28.880871 -13.664068 -5.618750 
-27.017589 -12.108228 -6.875000 
-29.191418 -12.421880 -6.868750 
-28.880871 -13.664068 -5.618750


-27.017589 -12.108228 -6.875000 
-28.880871 -13.664068 -5.618750 
-24.222666 -12.732427 -5.618750 
-27.017589 -12.108228 -6.875000


-28.570324 -15.527350 -4.368750 
-30.123059 -14.906256 -4.368750 
-31.054700 -18.011726 -4.368750 
-28.570324 -15.527350 -4.368750


-22.359384 -27.638683 0.006250 
-31.054700 -18.011726 -4.368750 
-32.917982 -21.738290 -4.993750 
-22.359384 -27.638683 0.006250


-22.359384 -27.638683 0.006250 
-22.669931 -23.912119 -1.868750 
-31.054700 -18.011726 -4.368750 
-22.359384 -27.638683 0.006250


-31.054700 -18.011726 -4.368750 
-24.533213 -17.080085 -3.743750 
-28.570324 -15.527350 -4.368750 
-31.054700 -18.011726 -4.368750


-31.054700 -18.011726 -4.368750 
-22.669931 -23.912119 -1.868750 
-24.533213 -17.080085 -3.743750 
-31.054700 -18.011726 -4.368750


-36.647651 -20.496102 -8.125000 
-35.402358 -23.601572 -4.368750 
-35.402358 -19.875008 -4.368750 
-36.647651 -20.496102 -8.125000


-17.701179 -13.664068 -5.618750 
-13.353521 -19.253914 -2.493750 
-15.837897 -13.974615 -6.243750 
-17.701179 -13.664068 -5.618750


-30.123059 -14.906256 -4.368750 
-29.191418 -12.421880 -6.868750 
-36.023452 -14.906256 -4.368750 
-30.123059 -14.906256 -4.368750


-36.023452 -12.111333 -8.743750 
-36.023452 -13.350416 -8.125000 
-36.023452 -14.906256 -4.368750 
-36.023452 -12.111333 -8.743750


-34.160170 -17.701179 -4.368750 
-30.123059 -14.906256 -4.368750 
-36.023452 -14.906256 -4.368750 
-34.160170 -17.701179 -4.368750


-36.337104 -14.906256 -9.375000 
-36.023452 -14.906256 -4.368750 
-36.023452 -13.350416 -8.125000 
-36.337104 -14.906256 -9.375000


-35.402358 -19.875008 -4.368750 
-36.023452 -14.906256 -4.368750 
-36.647651 -20.496102 -8.125000 
-35.402358 -19.875008 -4.368750


-35.402358 -19.875008 -4.368750 
-34.160170 -17.701179 -4.368750 
-36.023452 -14.906256 -4.368750 
-35.402358 -19.875008 -4.368750


-36.333999 -5.900393 -11.243750 
-36.023452 -14.906256 -4.368750 
-35.402358 -2.484376 -11.243750 
-36.333999 -5.900393 -11.243750


-36.333999 -5.900393 -11.243750 
-36.333999 -9.626957 -9.993750 
-36.023452 -14.906256 -4.368750 
-36.333999 -5.900393 -11.243750


-38.510933 -15.527350 -14.375000 
-36.023452 -13.350416 -8.125000 
-36.023452 -12.111333 -8.743750 
-38.510933 -15.527350 -14.375000


-38.510933 -15.527350 -14.375000 
-36.337104 -14.906256 -9.375000 
-36.023452 -13.350416 -8.125000 
-38.510933 -15.527350 -14.375000


-27.328136 12.114438 -22.500000 
-28.259777 10.561703 -16.250000 
-27.017589 11.493344 -20.000000 
-27.328136 12.114438 -22.500000


-30.744153 8.387874 -19.375000 
-28.259777 10.561703 -16.250000 
-27.328136 12.114438 -22.500000 
-30.744153 8.387874 -19.375000


-22.048837 10.558598 -4.993750 
-23.291025 11.182797 -5.000000 
-26.396495 9.937504 -5.618750 
-22.048837 10.558598 -4.993750


-37.579292 -11.179692 -13.750000 
-38.510933 -15.527350 -14.375000 
-36.023452 -12.111333 -8.743750 
-37.579292 -11.179692 -13.750000


-37.265640 -17.701179 -11.243750 
-36.337104 -14.906256 -9.375000 
-38.510933 -15.527350 -14.375000 
-37.265640 -17.701179 -11.243750


-36.023452 -14.906256 -4.368750 
-36.333999 -9.626957 -9.993750 
-36.023452 -12.111333 -8.743750 
-36.023452 -14.906256 -4.368750


-36.023452 -12.111333 -8.743750 
-36.333999 -9.626957 -9.993750 
-37.579292 -11.179692 -13.750000 
-36.023452 -12.111333 -8.743750


-22.980478 14.288267 -28.125000 
-24.533213 14.598814 -32.500000 
-24.533213 13.356626 -27.500000 
-22.980478 14.288267 -28.125000


-29.194523 8.384769 -13.750000 
-31.678899 5.279299 -13.125000 
-31.368352 5.589846 -8.750000 
-29.194523 8.384769 -13.750000


-40.684762 -14.906256 -29.375000 
-41.305856 -19.253914 -31.250000 
-40.374215 -14.595709 -25.625000 
-40.684762 -14.906256 -29.375000


-40.060563 -19.253914 -24.993750 
-40.374215 -14.595709 -25.625000 
-41.305856 -19.253914 -31.250000 
-40.060563 -19.253914 -24.993750


-36.337104 -0.621094 -20.625000 
-36.955093 -2.794923 -20.618750 
-35.094916 0.000000 -13.750000 
-36.337104 -0.621094 -20.625000


-20.806649 -34.781264 2.506250 
-15.841002 -30.744153 3.125000 
-19.564461 -31.675794 2.506250 
-20.806649 -34.781264 2.506250


-26.396495 9.937504 -5.618750 
-27.020694 9.626957 -9.375000 
-27.638683 9.005863 -6.868750 
-26.396495 9.937504 -5.618750


-38.200386 -10.869145 -16.875000 
-37.579292 -11.179692 -13.750000 
-37.268745 -8.384769 -13.750000 
-38.200386 -10.869145 -16.875000


-21.117196 6.832034 -5.618750 
-26.396495 9.937504 -5.618750 
-24.533213 8.384769 -6.243750 
-21.117196 6.832034 -5.618750


-21.117196 6.832034 -5.618750 
-22.048837 10.558598 -4.993750 
-26.396495 9.937504 -5.618750 
-21.117196 6.832034 -5.618750


-13.042974 -22.980478 1.256250 
-15.837897 -23.287920 1.250000 
-14.285162 -24.222666 1.881250 
-13.042974 -22.980478 1.256250


-12.421880 13.667173 -4.375000 
-9.626957 12.735532 -7.500000 
-11.179692 13.356626 -7.500000 
-12.421880 13.667173 -4.375000


-22.980478 12.735532 -13.750000 
-21.427743 13.046079 -15.625000 
-20.185555 14.909361 -20.000000 
-22.980478 12.735532 -13.750000


-23.912119 13.667173 -20.625000 
-22.980478 12.735532 -13.750000 
-20.185555 14.909361 -20.000000 
-23.912119 13.667173 -20.625000


-19.253914 13.977720 -9.375000 
-21.738290 13.356626 -10.000000 
-19.875008 12.732427 -6.243750 
-19.253914 13.977720 -9.375000


-32.921087 3.105470 -9.375000 
-29.812512 7.142581 -7.493750 
-31.368352 5.589846 -8.750000 
-32.921087 3.105470 -9.375000


-32.921087 3.105470 -9.375000 
-29.501965 3.105470 -9.368750 
-29.812512 7.142581 -7.493750 
-32.921087 3.105470 -9.375000


-32.921087 3.105470 -9.375000 
-29.191418 -12.421880 -6.868750 
-29.501965 3.105470 -9.368750 
-32.921087 3.105470 -9.375000


-32.607435 -2.484376 -11.243750 
-29.191418 -12.421880 -6.868750 
-32.921087 3.105470 -9.375000 
-32.607435 -2.484376 -11.243750


-29.191418 -12.421880 -6.868750 
-27.017589 -12.108228 -6.875000 
-29.501965 3.105470 -9.368750 
-29.191418 -12.421880 -6.868750


-27.017589 1.242188 -9.993750 
-29.501965 3.105470 -9.368750 
-27.017589 -12.108228 -6.875000 
-27.017589 1.242188 -9.993750


-27.638683 9.005863 -6.868750 
-27.020694 9.626957 -9.375000 
-29.812512 7.142581 -7.493750 
-27.638683 9.005863 -6.868750


-26.085948 11.182797 -11.875000 
-29.194523 8.384769 -13.750000 
-27.020694 9.626957 -9.375000 
-26.085948 11.182797 -11.875000


-27.017589 1.242188 -9.993750 
-27.328136 4.037111 -8.743750 
-29.501965 3.105470 -9.368750 
-27.017589 1.242188 -9.993750


-29.812512 7.142581 -7.493750 
-29.501965 3.105470 -9.368750 
-27.328136 4.037111 -8.743750 
-29.812512 7.142581 -7.493750


-35.091811 2.173829 -38.131250 
-33.228529 -0.621094 -38.756250 
-35.712905 -0.931641 -38.756250 
-35.091811 2.173829 -38.131250


-7.142581 10.869145 -5.618750 
-7.760570 10.248051 -14.375000 
-9.626957 12.735532 -7.500000 
-7.142581 10.869145 -5.618750


-7.450023 9.005863 -10.625000 
-7.760570 10.248051 -14.375000 
-7.142581 10.869145 -5.618750 
-7.450023 9.005863 -10.625000


-15.527350 -10.872250 -30.625000 
-15.837897 -10.251156 -32.500000 
-12.729322 -9.005863 -30.625000 
-15.527350 -10.872250 -30.625000


-36.333999 -9.626957 -9.993750 
-36.333999 -5.900393 -11.243750 
-37.268745 -8.384769 -13.750000 
-36.333999 -9.626957 -9.993750


-27.638683 9.005863 -6.868750 
-29.812512 7.142581 -7.493750 
-26.396495 9.937504 -5.618750 
-27.638683 9.005863 -6.868750


-27.328136 6.832034 -7.493750 
-26.396495 9.937504 -5.618750 
-29.812512 7.142581 -7.493750 
-27.328136 6.832034 -7.493750


-17.390632 7.763675 -4.368750 
-10.869145 2.794923 -6.243750 
-13.974615 7.453128 -5.618750 
-17.390632 7.763675 -4.368750


-17.390632 7.763675 -4.368750 
-12.732427 2.484376 -6.868750 
-10.869145 2.794923 -6.243750 
-17.390632 7.763675 -4.368750


-17.390632 7.763675 -4.368750 
-13.974615 7.453128 -5.618750 
-9.005863 8.384769 -5.618750 
-17.390632 7.763675 -4.368750


-11.490239 10.248051 -5.618750 
-17.390632 7.763675 -4.368750 
-9.005863 8.384769 -5.618750 
-11.490239 10.248051 -5.618750


-27.328136 6.832034 -7.493750 
-27.328136 4.037111 -8.743750 
-21.117196 3.105470 -6.868750 
-27.328136 6.832034 -7.493750


-25.464854 7.453128 -6.868750 
-27.328136 6.832034 -7.493750 
-21.117196 3.105470 -6.868750 
-25.464854 7.453128 -6.868750


-27.017589 1.242188 -9.993750 
-21.117196 3.105470 -6.868750 
-27.328136 4.037111 -8.743750 
-27.017589 1.242188 -9.993750


-6.832034 -42.544939 0.631250 
-4.344553 -45.339862 0.625000 
-7.453128 -43.166033 -8.743750 
-6.832034 -42.544939 0.631250


-19.875008 12.732427 -6.243750 
-21.738290 13.356626 -10.000000 
-23.291025 11.182797 -5.000000 
-19.875008 12.732427 -6.243750


-23.291025 11.182797 -5.000000 
-20.185555 12.111333 -4.368750 
-19.875008 12.732427 -6.243750 
-23.291025 11.182797 -5.000000


-22.048837 10.558598 -4.993750 
-20.185555 12.111333 -4.368750 
-23.291025 11.182797 -5.000000 
-22.048837 10.558598 -4.993750


-21.117196 3.105470 -6.868750 
-21.117196 6.832034 -5.618750 
-25.464854 7.453128 -6.868750 
-21.117196 3.105470 -6.868750


-12.732427 2.484376 -6.868750 
-17.390632 7.763675 -4.368750 
-21.117196 3.105470 -6.868750 
-12.732427 2.484376 -6.868750


-29.812512 7.142581 -7.493750 
-27.020694 9.626957 -9.375000 
-29.194523 8.384769 -13.750000 
-29.812512 7.142581 -7.493750


-25.464854 7.453128 -6.868750 
-21.117196 6.832034 -5.618750 
-24.533213 8.384769 -6.243750 
-25.464854 7.453128 -6.868750


-12.111333 -1.245293 -35.625000 
-12.732427 -0.313652 -38.125000 
-9.316410 2.173829 -36.881250 
-12.111333 -1.245293 -35.625000


-26.396495 9.937504 -5.618750 
-23.291025 11.182797 -5.000000 
-23.912119 12.424985 -10.625000 
-26.396495 9.937504 -5.618750


-25.464854 10.561703 -8.125000 
-26.396495 9.937504 -5.618750 
-23.912119 12.424985 -10.625000 
-25.464854 10.561703 -8.125000


-23.291025 11.182797 -5.000000 
-21.738290 13.356626 -10.000000 
-23.912119 12.424985 -10.625000 
-23.291025 11.182797 -5.000000


-26.085948 11.182797 -11.875000 
-28.259777 10.561703 -16.250000 
-29.194523 8.384769 -13.750000 
-26.085948 11.182797 -11.875000


-26.085948 11.182797 -11.875000 
-26.707042 11.182797 -15.000000 
-28.259777 10.561703 -16.250000 
-26.085948 11.182797 -11.875000


-34.163275 1.863282 -13.125000 
-31.989446 6.521487 -17.500000 
-34.163275 3.726564 -19.375000 
-34.163275 1.863282 -13.125000


-29.194523 8.384769 -13.750000 
-31.989446 6.521487 -17.500000 
-31.678899 5.279299 -13.125000 
-29.194523 8.384769 -13.750000


-23.912119 12.424985 -10.625000 
-21.738290 13.356626 -10.000000 
-22.980478 12.735532 -13.750000 
-23.912119 12.424985 -10.625000


-36.337104 -4.658205 -15.000000 
-37.268745 -8.384769 -13.750000 
-36.333999 -5.900393 -11.243750 
-36.337104 -4.658205 -15.000000


-31.678899 9.316410 -27.500000 
-30.744153 8.387874 -19.375000 
-29.191418 10.561703 -24.375000 
-31.678899 9.316410 -27.500000


-31.057805 8.074222 -23.750000 
-30.744153 8.387874 -19.375000 
-31.678899 9.316410 -27.500000 
-31.057805 8.074222 -23.750000


-32.921087 3.105470 -9.375000 
-31.368352 5.589846 -8.750000 
-31.678899 5.279299 -13.125000 
-32.921087 3.105470 -9.375000


-34.163275 1.863282 -13.125000 
-35.094916 0.000000 -13.750000 
-34.160170 0.621094 -10.618750 
-34.163275 1.863282 -13.125000


-27.328136 4.037111 -8.743750 
-27.328136 6.832034 -7.493750 
-29.812512 7.142581 -7.493750 
-27.328136 4.037111 -8.743750


-35.402358 -2.484376 -11.243750 
-34.160170 0.621094 -10.618750 
-35.094916 0.000000 -13.750000 
-35.402358 -2.484376 -11.243750


-32.607435 -2.484376 -11.243750 
-34.160170 0.621094 -10.618750 
-35.402358 -2.484376 -11.243750 
-32.607435 -2.484376 -11.243750


-40.063668 -11.490239 -30.000000 
-39.442574 -4.968752 -34.375000 
-39.750016 -9.005863 -34.381250 
-40.063668 -11.490239 -30.000000


-24.533213 13.356626 -27.500000 
-27.328136 12.424985 -29.375000 
-28.259777 11.803891 -26.875000 
-24.533213 13.356626 -27.500000


-31.678899 5.279299 -13.125000 
-31.989446 6.521487 -17.500000 
-34.163275 1.863282 -13.125000 
-31.678899 5.279299 -13.125000


-38.510933 -14.285162 -16.875000 
-38.510933 -15.527350 -14.375000 
-38.200386 -10.869145 -16.875000 
-38.510933 -14.285162 -16.875000


-37.579292 -11.179692 -13.750000 
-38.200386 -10.869145 -16.875000 
-38.510933 -15.527350 -14.375000 
-37.579292 -11.179692 -13.750000


-39.753121 -10.558598 -24.375000 
-38.818375 -8.695316 -22.493750 
-38.507828 -6.832034 -21.868750 
-39.753121 -10.558598 -24.375000


-38.821480 -5.900393 -25.625000 
-39.753121 -10.558598 -24.375000 
-38.507828 -6.832034 -21.868750 
-38.821480 -5.900393 -25.625000


-38.821480 -6.832034 -28.125000 
-39.753121 -10.558598 -24.375000 
-38.821480 -5.900393 -25.625000 
-38.821480 -6.832034 -28.125000


-36.337104 -4.658205 -15.000000 
-35.402358 -2.484376 -11.243750 
-35.094916 0.000000 -13.750000 
-36.337104 -4.658205 -15.000000


-33.231634 8.384769 -31.250000 
-33.539076 6.832034 -27.493750 
-31.678899 9.316410 -27.500000 
-33.231634 8.384769 -31.250000


-33.231634 8.384769 -31.250000 
-31.678899 9.316410 -27.500000 
-30.747258 10.558598 -30.000000 
-33.231634 8.384769 -31.250000


-41.305856 -21.427743 -30.625000 
-40.060563 -19.253914 -24.993750 
-41.305856 -19.253914 -31.250000 
-41.305856 -21.427743 -30.625000


-38.200386 -4.037111 -26.250000 
-38.821480 -6.832034 -28.125000 
-38.821480 -5.900393 -25.625000 
-38.200386 -4.037111 -26.250000


-34.160170 0.621094 -10.618750 
-32.921087 3.105470 -9.375000 
-34.163275 1.863282 -13.125000 
-34.160170 0.621094 -10.618750


-31.678899 5.279299 -13.125000 
-34.163275 1.863282 -13.125000 
-32.921087 3.105470 -9.375000 
-31.678899 5.279299 -13.125000


-24.533213 13.974615 -39.381250 
-22.048837 14.909361 -39.375000 
-20.496102 13.042974 -40.006250 
-24.533213 13.974615 -39.381250


-36.337104 -0.931641 -27.500000 
-35.405463 2.173829 -23.125000 
-37.268745 0.931641 -31.875000 
-36.337104 -0.931641 -27.500000


-36.026557 3.416017 -30.625000 
-37.268745 0.931641 -31.875000 
-35.405463 2.173829 -23.125000 
-36.026557 3.416017 -30.625000


-34.781264 5.279299 -36.881250 
-33.228529 7.453128 -36.881250 
-33.539076 4.347658 -37.506250 
-34.781264 5.279299 -36.881250


-35.094916 0.000000 -13.750000 
-34.163275 1.863282 -13.125000 
-35.094916 2.173829 -20.000000 
-35.094916 0.000000 -13.750000


-39.439469 -3.105470 -35.631250 
-36.955093 -3.726564 -36.256250 
-36.644546 -6.210940 -35.631250 
-39.439469 -3.105470 -35.631250


-35.094916 2.173829 -20.000000 
-34.163275 3.726564 -19.375000 
-35.405463 2.173829 -23.125000 
-35.094916 2.173829 -20.000000


-36.026557 3.726564 -34.375000 
-36.333999 2.794923 -37.506250 
-37.886734 0.310547 -38.131250 
-36.026557 3.726564 -34.375000


-35.094916 2.173829 -20.000000 
-34.163275 1.863282 -13.125000 
-34.163275 3.726564 -19.375000 
-35.094916 2.173829 -20.000000


-34.163275 6.832034 -32.500000 
-33.231634 8.384769 -31.250000 
-33.228529 7.453128 -36.881250 
-34.163275 6.832034 -32.500000


-35.405463 2.173829 -23.125000 
-36.337104 -0.621094 -20.625000 
-35.094916 2.173829 -20.000000 
-35.405463 2.173829 -23.125000


-36.026557 3.726564 -34.375000 
-36.026557 3.416017 -30.625000 
-34.163275 6.832034 -32.500000 
-36.026557 3.726564 -34.375000


-39.750016 -9.005863 -34.381250 
-36.333999 -13.664068 -35.006250 
-40.371110 -13.664068 -33.756250 
-39.750016 -9.005863 -34.381250


-34.163275 3.726564 -19.375000 
-33.539076 6.832034 -27.493750 
-35.405463 2.173829 -23.125000 
-34.163275 3.726564 -19.375000


-30.744153 8.387874 -19.375000 
-33.539076 6.832034 -27.493750 
-34.163275 3.726564 -19.375000 
-30.744153 8.387874 -19.375000


-30.744153 8.387874 -19.375000 
-31.057805 8.074222 -23.750000 
-33.539076 6.832034 -27.493750 
-30.744153 8.387874 -19.375000


-22.359384 -1.552735 -11.868750 
-32.921087 5.279299 -25.625000 
-31.057805 8.074222 -23.750000 
-22.359384 -1.552735 -11.868750


-34.163275 3.726564 -19.375000 
-31.989446 6.521487 -17.500000 
-30.744153 8.387874 -19.375000 
-34.163275 3.726564 -19.375000


-31.989446 6.521487 -17.500000 
-28.259777 10.561703 -16.250000 
-30.744153 8.387874 -19.375000 
-31.989446 6.521487 -17.500000


-29.194523 8.384769 -13.750000 
-28.259777 10.561703 -16.250000 
-31.989446 6.521487 -17.500000 
-29.194523 8.384769 -13.750000


-21.117196 14.598814 -28.750000 
-21.117196 14.288267 -22.500000 
-17.080085 14.598814 -25.000000 
-21.117196 14.598814 -28.750000


-36.026557 3.726564 -34.375000 
-34.781264 5.279299 -36.881250 
-36.333999 2.794923 -37.506250 
-36.026557 3.726564 -34.375000


-36.955093 -3.726564 -36.256250 
-35.091811 -4.968752 -36.881250 
-36.644546 -6.210940 -35.631250 
-36.955093 -3.726564 -36.256250


-30.123059 7.142581 -38.131250 
-32.296888 2.484376 -38.131250 
-35.091811 2.173829 -38.131250 
-30.123059 7.142581 -38.131250


-33.539076 4.347658 -37.506250 
-30.123059 7.142581 -38.131250 
-35.091811 2.173829 -38.131250 
-33.539076 4.347658 -37.506250


-23.601572 1.863282 -40.631250 
-26.085948 -4.658205 -40.006250 
-28.570324 0.621094 -39.381250 
-23.601572 1.863282 -40.631250


-39.750016 -9.005863 -34.381250 
-39.439469 -3.105470 -35.631250 
-36.644546 -6.210940 -35.631250 
-39.750016 -9.005863 -34.381250


-39.750016 -9.005863 -34.381250 
-39.442574 -4.968752 -34.375000 
-39.439469 -3.105470 -35.631250 
-39.750016 -9.005863 -34.381250


-36.026557 3.726564 -34.375000 
-38.200386 -0.621094 -33.125000 
-37.268745 0.931641 -31.875000 
-36.026557 3.726564 -34.375000


-39.753121 -10.558598 -24.375000 
-40.374215 -14.595709 -25.625000 
-39.750016 -14.906256 -23.743750 
-39.753121 -10.558598 -24.375000


-39.750016 -14.906256 -23.743750 
-40.374215 -14.595709 -25.625000 
-40.060563 -19.253914 -24.993750 
-39.750016 -14.906256 -23.743750


-30.123059 7.142581 -38.131250 
-27.638683 4.347658 -39.381250 
-32.296888 2.484376 -38.131250 
-30.123059 7.142581 -38.131250


-33.228529 -0.621094 -38.756250 
-35.091811 2.173829 -38.131250 
-32.296888 2.484376 -38.131250 
-33.228529 -0.621094 -38.756250


-34.163275 6.832034 -32.500000 
-34.781264 5.279299 -36.881250 
-36.026557 3.726564 -34.375000 
-34.163275 6.832034 -32.500000


-34.781264 5.279299 -36.881250 
-35.091811 2.173829 -38.131250 
-36.333999 2.794923 -37.506250 
-34.781264 5.279299 -36.881250


-34.781264 5.279299 -36.881250 
-33.539076 4.347658 -37.506250 
-35.091811 2.173829 -38.131250 
-34.781264 5.279299 -36.881250


-35.712905 -0.931641 -38.756250 
-38.821480 -1.242188 -36.875000 
-37.886734 0.310547 -38.131250 
-35.712905 -0.931641 -38.756250


-26.085948 9.937504 -39.381250 
-31.054700 10.558598 -37.506250 
-27.328136 13.664068 -38.131250 
-26.085948 9.937504 -39.381250


-33.231634 8.384769 -31.250000 
-31.054700 10.558598 -37.506250 
-33.228529 7.453128 -36.881250 
-33.231634 8.384769 -31.250000


-33.231634 8.384769 -31.250000 
-30.744153 10.251156 -33.750000 
-31.054700 10.558598 -37.506250 
-33.231634 8.384769 -31.250000


-34.781264 5.279299 -36.881250 
-34.163275 6.832034 -32.500000 
-33.228529 7.453128 -36.881250 
-34.781264 5.279299 -36.881250


-22.980478 12.735532 -13.750000 
-23.912119 13.667173 -20.625000 
-24.533213 12.114438 -15.625000 
-22.980478 12.735532 -13.750000


-33.228529 7.453128 -36.881250 
-31.054700 10.558598 -37.506250 
-30.123059 7.142581 -38.131250 
-33.228529 7.453128 -36.881250


-22.048837 14.909361 -39.375000 
-24.533213 13.974615 -39.381250 
-27.328136 13.664068 -38.131250 
-22.048837 14.909361 -39.375000


-25.775401 13.977720 -36.875000 
-22.048837 14.909361 -39.375000 
-27.328136 13.664068 -38.131250 
-25.775401 13.977720 -36.875000


-24.533213 13.974615 -39.381250 
-21.117196 10.869145 -40.006250 
-24.225771 11.800786 -39.375000 
-24.533213 13.974615 -39.381250


-24.533213 13.974615 -39.381250 
-20.496102 13.042974 -40.006250 
-21.117196 10.869145 -40.006250 
-24.533213 13.974615 -39.381250


-24.533213 14.598814 -32.500000 
-27.328136 13.664068 -38.131250 
-28.259777 12.424985 -31.250000 
-24.533213 14.598814 -32.500000


-25.775401 13.977720 -36.875000 
-27.328136 13.664068 -38.131250 
-24.533213 14.598814 -32.500000 
-25.775401 13.977720 -36.875000


-34.781264 -11.490239 -35.631250 
-31.365247 -14.285162 -35.631250 
-36.333999 -13.664068 -35.006250 
-34.781264 -11.490239 -35.631250


-32.296888 -6.832034 -36.881250 
-26.085948 -4.658205 -40.006250 
-28.570324 -10.248051 -36.881250 
-32.296888 -6.832034 -36.881250


-18.943367 4.658205 -40.631250 
-23.601572 1.863282 -40.631250 
-18.632820 8.074222 -40.631250 
-18.943367 4.658205 -40.631250


-35.712905 -0.931641 -38.756250 
-36.955093 -3.726564 -36.256250 
-38.821480 -1.242188 -36.875000 
-35.712905 -0.931641 -38.756250


-30.433606 -1.863282 -38.756250 
-31.054700 -3.416017 -38.131250 
-35.712905 -0.931641 -38.756250 
-30.433606 -1.863282 -38.756250


-30.433606 -1.863282 -38.756250 
-35.712905 -0.931641 -38.756250 
-33.228529 -0.621094 -38.756250 
-30.433606 -1.863282 -38.756250


-4.965647 5.279299 -36.250000 
-6.207835 2.794923 -34.375000 
-7.450023 3.726564 -36.875000 
-4.965647 5.279299 -36.250000


-40.992204 -17.080085 -31.881250 
-40.681657 -15.527350 -32.506250 
-40.371110 -13.664068 -33.756250 
-40.992204 -17.080085 -31.881250


-40.992204 -17.080085 -31.881250 
-40.371110 -13.664068 -33.756250 
-38.507828 -17.390632 -33.756250 
-40.992204 -17.080085 -31.881250


-36.955093 -3.726564 -36.256250 
-39.439469 -3.105470 -35.631250 
-38.821480 -1.242188 -36.875000 
-36.955093 -3.726564 -36.256250


-39.439469 -3.105470 -35.631250 
-38.200386 -0.621094 -33.125000 
-38.821480 -1.242188 -36.875000 
-39.439469 -3.105470 -35.631250


-35.091811 2.173829 -38.131250 
-35.712905 -0.931641 -38.756250 
-37.886734 0.310547 -38.131250 
-35.091811 2.173829 -38.131250


-17.080085 14.598814 -25.000000 
-17.080085 14.909361 -21.250000 
-14.906256 13.977720 -24.375000 
-17.080085 14.598814 -25.000000


-27.638683 4.347658 -39.381250 
-23.601572 1.863282 -40.631250 
-28.570324 0.621094 -39.381250 
-27.638683 4.347658 -39.381250


-25.775401 -12.421880 -36.256250 
-28.570324 -10.248051 -36.881250 
-23.291025 -5.589846 -40.006250 
-25.775401 -12.421880 -36.256250


-35.712905 -0.931641 -38.756250 
-35.091811 -4.968752 -36.881250 
-36.955093 -3.726564 -36.256250 
-35.712905 -0.931641 -38.756250


-38.507828 -17.390632 -33.756250 
-36.333999 -13.664068 -35.006250 
-35.712905 -18.632820 -34.381250 
-38.507828 -17.390632 -33.756250


-39.442574 -4.968752 -34.375000 
-38.821480 -6.832034 -28.125000 
-38.200386 -4.037111 -26.250000 
-39.442574 -4.968752 -34.375000


-38.507828 -17.390632 -33.756250 
-40.371110 -13.664068 -33.756250 
-36.333999 -13.664068 -35.006250 
-38.507828 -17.390632 -33.756250


-11.487134 -9.937504 -26.250000 
-12.729322 -9.005863 -30.625000 
-10.244946 -8.074222 -25.625000 
-11.487134 -9.937504 -26.250000


-27.638683 4.347658 -39.381250 
-30.123059 7.142581 -38.131250 
-26.085948 9.937504 -39.381250 
-27.638683 4.347658 -39.381250


-38.510933 -18.943367 -18.125000 
-39.132027 -18.943367 -22.500000 
-39.132027 -24.843760 -21.875000 
-38.510933 -18.943367 -18.125000


-37.268745 -8.384769 -13.750000 
-36.337104 -4.658205 -15.000000 
-38.507828 -6.832034 -21.868750 
-37.268745 -8.384769 -13.750000


-38.200386 -0.621094 -33.125000 
-39.442574 -4.968752 -34.375000 
-38.200386 -4.037111 -26.250000 
-38.200386 -0.621094 -33.125000


-27.328136 -13.664068 -35.631250 
-28.570324 -10.248051 -36.881250 
-25.775401 -12.421880 -36.256250 
-27.328136 -13.664068 -35.631250


-32.296888 -6.832034 -36.881250 
-35.091811 -4.968752 -36.881250 
-35.712905 -0.931641 -38.756250 
-32.296888 -6.832034 -36.881250


-32.296888 -6.832034 -36.881250 
-35.712905 -0.931641 -38.756250 
-31.054700 -3.416017 -38.131250 
-32.296888 -6.832034 -36.881250


-39.750016 -9.005863 -34.381250 
-36.644546 -6.210940 -35.631250 
-35.091811 -4.968752 -36.881250 
-39.750016 -9.005863 -34.381250


-39.750016 -9.005863 -34.381250 
-35.091811 -4.968752 -36.881250 
-36.644546 -9.316410 -35.006250 
-39.750016 -9.005863 -34.381250


-39.753121 -10.558598 -24.375000 
-38.200386 -10.869145 -16.875000 
-38.818375 -8.695316 -22.493750 
-39.753121 -10.558598 -24.375000


-26.085948 9.937504 -39.381250 
-27.328136 13.664068 -38.131250 
-24.533213 13.974615 -39.381250 
-26.085948 9.937504 -39.381250


-35.712905 -18.632820 -34.381250 
-29.191418 -17.080085 -35.006250 
-31.054700 -19.567566 -33.750000 
-35.712905 -18.632820 -34.381250


-35.712905 -18.632820 -34.381250 
-39.439469 -18.632820 -32.506250 
-38.507828 -17.390632 -33.756250 
-35.712905 -18.632820 -34.381250


-35.712905 -18.632820 -34.381250 
-36.023452 -20.185555 -33.131250 
-39.439469 -18.632820 -32.506250 
-35.712905 -18.632820 -34.381250


-13.353521 -19.253914 -2.493750 
-10.869145 -18.943367 -4.993750 
-15.837897 -13.974615 -6.243750 
-13.353521 -19.253914 -2.493750


-39.750016 -9.005863 -34.381250 
-40.371110 -13.664068 -33.756250 
-40.063668 -11.490239 -30.000000 
-39.750016 -9.005863 -34.381250


-39.439469 -18.632820 -32.506250 
-41.305856 -21.427743 -30.625000 
-41.305856 -19.253914 -31.250000 
-39.439469 -18.632820 -32.506250


-40.992204 -17.080085 -31.881250 
-38.507828 -17.390632 -33.756250 
-41.305856 -19.253914 -31.250000 
-40.992204 -17.080085 -31.881250


-39.439469 -18.632820 -32.506250 
-41.305856 -19.253914 -31.250000 
-38.507828 -17.390632 -33.756250 
-39.439469 -18.632820 -32.506250


-36.337104 -4.658205 -15.000000 
-37.265640 -4.037111 -20.618750 
-38.507828 -6.832034 -21.868750 
-36.337104 -4.658205 -15.000000


-35.405463 2.173829 -23.125000 
-38.200386 -4.037111 -26.250000 
-36.337104 -0.621094 -20.625000 
-35.405463 2.173829 -23.125000


-35.405463 2.173829 -23.125000 
-36.337104 -0.931641 -27.500000 
-38.200386 -4.037111 -26.250000 
-35.405463 2.173829 -23.125000


-40.681657 -15.527350 -32.506250 
-40.992204 -17.080085 -31.881250 
-40.684762 -14.906256 -29.375000 
-40.681657 -15.527350 -32.506250


-41.305856 -19.253914 -31.250000 
-40.684762 -14.906256 -29.375000 
-40.992204 -17.080085 -31.881250 
-41.305856 -19.253914 -31.250000


-40.374215 -14.595709 -25.625000 
-39.753121 -10.558598 -24.375000 
-40.063668 -11.490239 -30.000000 
-40.374215 -14.595709 -25.625000


-37.268745 0.931641 -31.875000 
-38.200386 -0.621094 -33.125000 
-38.200386 -4.037111 -26.250000 
-37.268745 0.931641 -31.875000


-38.200386 -10.869145 -16.875000 
-38.507828 -6.832034 -21.868750 
-38.818375 -8.695316 -22.493750 
-38.200386 -10.869145 -16.875000


-36.337104 -0.621094 -20.625000 
-38.200386 -4.037111 -26.250000 
-36.955093 -2.794923 -20.618750 
-36.337104 -0.621094 -20.625000


-40.063668 -11.490239 -30.000000 
-40.684762 -14.906256 -29.375000 
-40.374215 -14.595709 -25.625000 
-40.063668 -11.490239 -30.000000


-38.200386 -4.037111 -26.250000 
-38.821480 -5.900393 -25.625000 
-36.955093 -2.794923 -20.618750 
-38.200386 -4.037111 -26.250000


-36.955093 -2.794923 -20.618750 
-37.265640 -4.037111 -20.618750 
-36.337104 -4.658205 -15.000000 
-36.955093 -2.794923 -20.618750


-39.132027 -18.943367 -22.500000 
-38.510933 -18.943367 -18.125000 
-38.821480 -16.148444 -20.000000 
-39.132027 -18.943367 -22.500000


-40.060563 -19.253914 -24.993750 
-39.132027 -18.943367 -22.500000 
-38.821480 -16.148444 -20.000000 
-40.060563 -19.253914 -24.993750


-39.750016 -14.906256 -23.743750 
-40.060563 -19.253914 -24.993750 
-38.821480 -16.148444 -20.000000 
-39.750016 -14.906256 -23.743750


-38.510933 -15.527350 -14.375000 
-38.510933 -14.285162 -16.875000 
-38.821480 -16.148444 -20.000000 
-38.510933 -15.527350 -14.375000


-38.510933 -18.943367 -18.125000 
-38.510933 -15.527350 -14.375000 
-38.821480 -16.148444 -20.000000 
-38.510933 -18.943367 -18.125000


-36.955093 -2.794923 -20.618750 
-38.821480 -5.900393 -25.625000 
-38.507828 -6.832034 -21.868750 
-36.955093 -2.794923 -20.618750


-37.265640 -4.037111 -20.618750 
-36.955093 -2.794923 -20.618750 
-38.507828 -6.832034 -21.868750 
-37.265640 -4.037111 -20.618750


-20.806649 -11.800786 -36.881250 
-19.564461 -11.493344 -35.000000 
-22.048837 -13.046079 -35.625000 
-20.806649 -11.800786 -36.881250


-27.328136 -13.664068 -35.631250 
-31.365247 -14.285162 -35.631250 
-28.570324 -10.248051 -36.881250 
-27.328136 -13.664068 -35.631250


-13.042974 13.042974 -41.881250 
-13.042974 13.046079 -36.250000 
-12.421880 12.424985 -37.500000 
-13.042974 13.042974 -41.881250


-13.042974 13.042974 -41.881250 
-15.216803 14.288267 -40.625000 
-13.042974 13.046079 -36.250000 
-13.042974 13.042974 -41.881250


-19.564461 -11.493344 -35.000000 
-22.045732 -15.837897 -30.625000 
-22.048837 -13.046079 -35.625000 
-19.564461 -11.493344 -35.000000


-19.871903 -13.664068 -30.625000 
-22.045732 -15.837897 -30.625000 
-19.564461 -11.493344 -35.000000 
-19.871903 -13.664068 -30.625000


-26.396495 -19.253914 -34.381250 
-27.638683 -19.257019 -34.375000 
-25.464854 -16.769538 -35.631250 
-26.396495 -19.253914 -34.381250


-29.191418 -17.080085 -35.006250 
-25.464854 -16.769538 -35.631250 
-27.638683 -19.257019 -34.375000 
-29.191418 -17.080085 -35.006250


-21.117196 10.869145 -40.006250 
-20.496102 13.042974 -40.006250 
-17.080085 11.179692 -40.631250 
-21.117196 10.869145 -40.006250


-10.248051 12.424985 -13.125000 
-9.626957 12.735532 -7.500000 
-7.760570 10.248051 -14.375000 
-10.248051 12.424985 -13.125000


-25.151202 -19.253914 -31.875000 
-26.396495 -19.253914 -34.381250 
-25.464854 -16.769538 -35.631250 
-25.151202 -19.253914 -31.875000


-26.396495 -19.253914 -34.381250 
-14.906256 -31.365247 -26.881250 
-15.837897 -35.091811 -29.381250 
-26.396495 -19.253914 -34.381250


-26.396495 -19.253914 -34.381250 
-25.151202 -19.253914 -31.875000 
-14.906256 -31.365247 -26.881250 
-26.396495 -19.253914 -34.381250


-23.601572 1.863282 -40.631250 
-24.533213 9.005863 -39.381250 
-18.632820 8.074222 -40.631250 
-23.601572 1.863282 -40.631250


-29.191418 -17.080085 -35.006250 
-31.365247 -14.285162 -35.631250 
-25.464854 -16.769538 -35.631250 
-29.191418 -17.080085 -35.006250


-27.328136 -13.664068 -35.631250 
-25.464854 -16.769538 -35.631250 
-31.365247 -14.285162 -35.631250 
-27.328136 -13.664068 -35.631250


-22.045732 -15.837897 -30.625000 
-25.151202 -19.253914 -31.875000 
-22.048837 -13.046079 -35.625000 
-22.045732 -15.837897 -30.625000


-25.464854 -16.769538 -35.631250 
-22.048837 -13.046079 -35.625000 
-25.151202 -19.253914 -31.875000 
-25.464854 -16.769538 -35.631250


-25.464854 -16.769538 -35.631250 
-20.806649 -11.800786 -36.881250 
-22.048837 -13.046079 -35.625000 
-25.464854 -16.769538 -35.631250


-25.464854 -16.769538 -35.631250 
-23.601572 -13.974615 -36.256250 
-20.806649 -11.800786 -36.881250 
-25.464854 -16.769538 -35.631250


-28.259777 12.424985 -31.250000 
-28.259777 11.803891 -26.875000 
-27.328136 12.424985 -29.375000 
-28.259777 12.424985 -31.250000


-28.259777 12.424985 -31.250000 
-30.747258 10.558598 -30.000000 
-28.259777 11.803891 -26.875000 
-28.259777 12.424985 -31.250000


-34.781264 -11.490239 -35.631250 
-32.296888 -6.832034 -36.881250 
-28.570324 -10.248051 -36.881250 
-34.781264 -11.490239 -35.631250


-34.781264 -11.490239 -35.631250 
-28.570324 -10.248051 -36.881250 
-31.365247 -14.285162 -35.631250 
-34.781264 -11.490239 -35.631250


-16.148444 -9.316410 -38.131250 
-12.729322 -9.005863 -30.625000 
-15.837897 -10.251156 -32.500000 
-16.148444 -9.316410 -38.131250


-16.148444 -9.316410 -38.131250 
-14.282057 -7.142581 -34.375000 
-12.729322 -9.005863 -30.625000 
-16.148444 -9.316410 -38.131250


-16.458991 14.598814 -37.500000 
-15.216803 14.288267 -40.625000 
-17.390632 14.906256 -40.631250 
-16.458991 14.598814 -37.500000


-14.595709 8.384769 -41.256250 
-17.080085 2.794923 -40.631250 
-18.943367 4.658205 -40.631250 
-14.595709 8.384769 -41.256250


-28.570324 0.621094 -39.381250 
-32.296888 2.484376 -38.131250 
-27.638683 4.347658 -39.381250 
-28.570324 0.621094 -39.381250


-33.228529 -0.621094 -38.756250 
-32.296888 2.484376 -38.131250 
-28.570324 0.621094 -39.381250 
-33.228529 -0.621094 -38.756250


-30.433606 -1.863282 -38.756250 
-33.228529 -0.621094 -38.756250 
-28.570324 0.621094 -39.381250 
-30.433606 -1.863282 -38.756250


-21.117196 -7.142581 -39.381250 
-23.291025 -5.589846 -40.006250 
-18.943367 -5.589846 -39.381250 
-21.117196 -7.142581 -39.381250


-30.433606 -1.863282 -38.756250 
-28.570324 0.621094 -39.381250 
-26.085948 -4.658205 -40.006250 
-30.433606 -1.863282 -38.756250


-23.291025 -5.589846 -40.006250 
-23.601572 1.863282 -40.631250 
-18.943367 -2.484376 -39.381250 
-23.291025 -5.589846 -40.006250


-23.291025 -5.589846 -40.006250 
-18.943367 -2.484376 -39.381250 
-18.943367 -5.589846 -39.381250 
-23.291025 -5.589846 -40.006250


-26.085948 -4.658205 -40.006250 
-23.601572 1.863282 -40.631250 
-23.291025 -5.589846 -40.006250 
-26.085948 -4.658205 -40.006250


-23.601572 -13.974615 -36.256250 
-25.775401 -12.421880 -36.256250 
-23.291025 -5.589846 -40.006250 
-23.601572 -13.974615 -36.256250


-21.117196 -7.142581 -39.381250 
-23.601572 -13.974615 -36.256250 
-23.291025 -5.589846 -40.006250 
-21.117196 -7.142581 -39.381250


-26.085948 -4.658205 -40.006250 
-32.296888 -6.832034 -36.881250 
-31.054700 -3.416017 -38.131250 
-26.085948 -4.658205 -40.006250


-26.085948 9.937504 -39.381250 
-24.225771 11.800786 -39.375000 
-21.117196 10.869145 -40.006250 
-26.085948 9.937504 -39.381250


-26.085948 9.937504 -39.381250 
-21.117196 10.869145 -40.006250 
-24.533213 9.005863 -39.381250 
-26.085948 9.937504 -39.381250


-17.080085 11.179692 -40.631250 
-16.769538 12.732427 -40.631250 
-13.042974 13.042974 -41.881250 
-17.080085 11.179692 -40.631250


-17.080085 11.179692 -40.631250 
-13.042974 13.042974 -41.881250 
-14.285162 10.248051 -41.256250 
-17.080085 11.179692 -40.631250


-30.744153 10.251156 -33.750000 
-30.747258 10.558598 -30.000000 
-28.259777 12.424985 -31.250000 
-30.744153 10.251156 -33.750000


-17.080085 11.179692 -40.631250 
-18.632820 8.074222 -40.631250 
-21.117196 10.869145 -40.006250 
-17.080085 11.179692 -40.631250


-23.601572 1.863282 -40.631250 
-27.638683 4.347658 -39.381250 
-26.085948 9.937504 -39.381250 
-23.601572 1.863282 -40.631250


-23.601572 1.863282 -40.631250 
-26.085948 9.937504 -39.381250 
-24.533213 9.005863 -39.381250 
-23.601572 1.863282 -40.631250


-15.216803 14.598814 -29.375000 
-13.042974 13.667173 -28.750000 
-13.353521 13.356626 -31.875000 
-15.216803 14.598814 -29.375000


-19.253914 14.909361 -36.250000 
-22.359384 15.219908 -31.875000 
-17.390632 15.219908 -30.000000 
-19.253914 14.909361 -36.250000


-21.117196 14.288267 -22.500000 
-20.185555 14.909361 -20.000000 
-17.080085 14.598814 -25.000000 
-21.117196 14.288267 -22.500000


-17.080085 14.909361 -21.250000 
-17.080085 14.598814 -25.000000 
-20.185555 14.909361 -20.000000 
-17.080085 14.909361 -21.250000


-22.980478 14.288267 -28.125000 
-21.117196 14.598814 -28.750000 
-22.359384 15.219908 -31.875000 
-22.980478 14.288267 -28.125000


-24.533213 14.598814 -32.500000 
-22.980478 14.288267 -28.125000 
-22.359384 15.219908 -31.875000 
-24.533213 14.598814 -32.500000


-23.912119 13.667173 -20.625000 
-27.017589 11.493344 -20.000000 
-28.259777 10.561703 -16.250000 
-23.912119 13.667173 -20.625000


-23.912119 13.667173 -20.625000 
-28.259777 10.561703 -16.250000 
-26.707042 11.182797 -15.000000 
-23.912119 13.667173 -20.625000


-20.496102 13.042974 -40.006250 
-17.390632 14.906256 -40.631250 
-16.769538 12.732427 -40.631250 
-20.496102 13.042974 -40.006250


-24.533213 13.356626 -27.500000 
-23.912119 13.667173 -20.625000 
-22.980478 14.288267 -28.125000 
-24.533213 13.356626 -27.500000


-21.117196 14.288267 -22.500000 
-22.980478 14.288267 -28.125000 
-23.912119 13.667173 -20.625000 
-21.117196 14.288267 -22.500000


-24.533213 13.356626 -27.500000 
-27.328136 12.114438 -22.500000 
-23.912119 13.667173 -20.625000 
-24.533213 13.356626 -27.500000


-27.017589 11.493344 -20.000000 
-23.912119 13.667173 -20.625000 
-27.328136 12.114438 -22.500000 
-27.017589 11.493344 -20.000000


-31.054700 10.558598 -37.506250 
-30.744153 10.251156 -33.750000 
-28.259777 12.424985 -31.250000 
-31.054700 10.558598 -37.506250


-27.328136 13.664068 -38.131250 
-31.054700 10.558598 -37.506250 
-28.259777 12.424985 -31.250000 
-27.328136 13.664068 -38.131250


-27.328136 12.114438 -22.500000 
-29.191418 10.561703 -24.375000 
-30.744153 8.387874 -19.375000 
-27.328136 12.114438 -22.500000


-21.117196 14.288267 -22.500000 
-23.912119 13.667173 -20.625000 
-20.185555 14.909361 -20.000000 
-21.117196 14.288267 -22.500000


-22.980478 14.288267 -28.125000 
-21.117196 14.288267 -22.500000 
-21.117196 14.598814 -28.750000 
-22.980478 14.288267 -28.125000


-12.111333 -1.245293 -35.625000 
-10.558598 -1.242188 -33.756250 
-13.042974 -3.108575 -35.000000 
-12.111333 -1.245293 -35.625000


-9.934399 -29.501965 -24.375000 
-11.487134 -9.937504 -26.250000 
-10.866040 -24.843760 -20.000000 
-9.934399 -29.501965 -24.375000


-20.806649 -38.818375 -27.506250 
-25.154307 -32.917982 -25.631250 
-15.837897 -35.091811 -29.381250 
-20.806649 -38.818375 -27.506250


-4.968752 -34.160170 -28.131250 
-7.763675 -32.296888 -27.506250 
-8.071117 -31.675794 -26.250000 
-4.968752 -34.160170 -28.131250


-22.048837 14.909361 -39.375000 
-24.533213 14.598814 -32.500000 
-22.359384 15.219908 -31.875000 
-22.048837 14.909361 -39.375000


-22.048837 14.909361 -39.375000 
-25.775401 13.977720 -36.875000 
-24.533213 14.598814 -32.500000 
-22.048837 14.909361 -39.375000


-19.253914 14.909361 -36.250000 
-22.048837 14.909361 -39.375000 
-22.359384 15.219908 -31.875000 
-19.253914 14.909361 -36.250000


-17.080085 11.179692 -40.631250 
-20.496102 13.042974 -40.006250 
-16.769538 12.732427 -40.631250 
-17.080085 11.179692 -40.631250


-9.316410 2.173829 -36.881250 
-6.207835 2.794923 -34.375000 
-10.558598 -1.242188 -33.756250 
-9.316410 2.173829 -36.881250


-6.210940 -4.347658 -23.131250 
-6.207835 2.173829 -25.625000 
-4.968752 -4.037111 -19.993750 
-6.210940 -4.347658 -23.131250


-10.869145 -18.943367 -4.993750 
-13.974615 -13.353521 -8.118750 
-15.837897 -13.974615 -6.243750 
-10.869145 -18.943367 -4.993750


-15.216803 14.598814 -29.375000 
-15.527350 14.288267 -33.125000 
-17.390632 15.219908 -30.000000 
-15.216803 14.598814 -29.375000


-15.216803 14.598814 -29.375000 
-13.353521 13.356626 -31.875000 
-15.527350 14.288267 -33.125000 
-15.216803 14.598814 -29.375000


-12.111333 -1.245293 -35.625000 
-13.042974 -3.108575 -35.000000 
-12.732427 -0.313652 -38.125000 
-12.111333 -1.245293 -35.625000


-9.005863 -33.539076 -28.756250 
-6.832034 -36.023452 -29.381250 
-8.384769 -35.712905 -29.381250 
-9.005863 -33.539076 -28.756250


-6.207835 2.794923 -34.375000 
-5.586741 1.863282 -32.500000 
-10.558598 -1.242188 -33.756250 
-6.207835 2.794923 -34.375000


-17.080085 2.794923 -40.631250 
-16.769538 0.621094 -40.006250 
-23.601572 1.863282 -40.631250 
-17.080085 2.794923 -40.631250


-8.071117 -3.726564 -26.875000 
-12.729322 -9.005863 -30.625000 
-6.210940 -0.003105 -30.625000 
-8.071117 -3.726564 -26.875000


-15.837897 -10.251156 -32.500000 
-19.564461 -11.493344 -35.000000 
-17.701179 -10.251156 -35.625000 
-15.837897 -10.251156 -32.500000


-25.154307 -32.917982 -25.631250 
-26.396495 -19.253914 -34.381250 
-15.837897 -35.091811 -29.381250 
-25.154307 -32.917982 -25.631250


-25.154307 -32.917982 -25.631250 
-27.328136 -21.117196 -30.631250 
-26.396495 -19.253914 -34.381250 
-25.154307 -32.917982 -25.631250


-15.527350 14.288267 -33.125000 
-13.353521 13.356626 -31.875000 
-13.042974 13.046079 -36.250000 
-15.527350 14.288267 -33.125000


-19.564461 -11.493344 -35.000000 
-20.806649 -11.800786 -36.881250 
-16.148444 -9.316410 -38.131250 
-19.564461 -11.493344 -35.000000


-17.701179 -10.251156 -35.625000 
-19.564461 -11.493344 -35.000000 
-16.148444 -9.316410 -38.131250 
-17.701179 -10.251156 -35.625000


-10.866040 -27.017589 -20.625000 
-10.244946 -30.744153 -20.625000 
-8.071117 -31.675794 -26.250000 
-10.866040 -27.017589 -20.625000


-13.042974 -3.108575 -35.000000 
-14.282057 -7.142581 -34.375000 
-16.148444 -9.316410 -38.131250 
-13.042974 -3.108575 -35.000000


-24.533213 9.005863 -39.381250 
-21.117196 10.869145 -40.006250 
-18.632820 8.074222 -40.631250 
-24.533213 9.005863 -39.381250


-18.943367 -5.589846 -39.381250 
-18.943367 -2.484376 -39.381250 
-16.148444 -3.416017 -39.381250 
-18.943367 -5.589846 -39.381250


-19.253914 14.909361 -36.250000 
-16.458991 14.598814 -37.500000 
-17.390632 14.906256 -40.631250 
-19.253914 14.909361 -36.250000


-20.496102 13.042974 -40.006250 
-22.048837 14.909361 -39.375000 
-17.390632 14.906256 -40.631250 
-20.496102 13.042974 -40.006250


-19.253914 14.909361 -36.250000 
-17.390632 14.906256 -40.631250 
-22.048837 14.909361 -39.375000 
-19.253914 14.909361 -36.250000


-6.210940 6.207835 -39.375000 
-7.139476 8.384769 -36.875000 
-4.965647 5.279299 -36.250000 
-6.210940 6.207835 -39.375000


-6.210940 6.207835 -39.375000 
-4.965647 5.279299 -36.250000 
-7.450023 3.726564 -36.875000 
-6.210940 6.207835 -39.375000


-14.595709 8.384769 -41.256250 
-18.632820 8.074222 -40.631250 
-17.080085 11.179692 -40.631250 
-14.595709 8.384769 -41.256250


-14.595709 8.384769 -41.256250 
-10.248051 8.384769 -41.881250 
-11.800786 3.105470 -41.256250 
-14.595709 8.384769 -41.256250


-7.142581 -60.867212 -38.131250 
-5.589846 -60.246118 -40.006250 
-2.484376 -59.628129 -38.750000 
-7.142581 -60.867212 -38.131250


-23.601572 1.863282 -40.631250 
-18.943367 4.658205 -40.631250 
-17.080085 2.794923 -40.631250 
-23.601572 1.863282 -40.631250


-14.285162 10.248051 -41.256250 
-14.595709 8.384769 -41.256250 
-17.080085 11.179692 -40.631250 
-14.285162 10.248051 -41.256250


-16.769538 0.621094 -40.006250 
-14.285162 -0.310547 -40.006250 
-16.148444 -3.416017 -39.381250 
-16.769538 0.621094 -40.006250


-16.769538 0.621094 -40.006250 
-18.943367 -2.484376 -39.381250 
-23.601572 1.863282 -40.631250 
-16.769538 0.621094 -40.006250


-21.117196 -7.142581 -39.381250 
-18.632820 -9.316410 -39.381250 
-23.601572 -13.974615 -36.256250 
-21.117196 -7.142581 -39.381250


-20.806649 -11.800786 -36.881250 
-23.601572 -13.974615 -36.256250 
-18.632820 -9.316410 -39.381250 
-20.806649 -11.800786 -36.881250


-18.632820 8.074222 -40.631250 
-14.595709 8.384769 -41.256250 
-18.943367 4.658205 -40.631250 
-18.632820 8.074222 -40.631250


-9.626957 5.279299 -41.256250 
-11.800786 3.105470 -41.256250 
-10.248051 8.384769 -41.881250 
-9.626957 5.279299 -41.256250


-17.080085 2.794923 -40.631250 
-13.046079 2.173829 -40.625000 
-14.285162 -0.310547 -40.006250 
-17.080085 2.794923 -40.631250


-17.080085 2.794923 -40.631250 
-14.285162 -0.310547 -40.006250 
-16.769538 0.621094 -40.006250 
-17.080085 2.794923 -40.631250


-16.769538 -7.142581 -39.381250 
-14.285162 -0.310547 -40.006250 
-12.732427 -0.313652 -38.125000 
-16.769538 -7.142581 -39.381250


-16.769538 -7.142581 -39.381250 
-16.148444 -3.416017 -39.381250 
-14.285162 -0.310547 -40.006250 
-16.769538 -7.142581 -39.381250


-10.248051 11.490239 -41.881250 
-13.042974 13.042974 -41.881250 
-12.421880 12.424985 -37.500000 
-10.248051 11.490239 -41.881250


-16.148444 -3.416017 -39.381250 
-16.769538 -7.142581 -39.381250 
-18.943367 -5.589846 -39.381250 
-16.148444 -3.416017 -39.381250


-14.285162 -0.310547 -40.006250 
-11.800786 3.105470 -41.256250 
-12.732427 -0.313652 -38.125000 
-14.285162 -0.310547 -40.006250


-14.285162 -0.310547 -40.006250 
-13.046079 2.173829 -40.625000 
-11.800786 3.105470 -41.256250 
-14.285162 -0.310547 -40.006250


-9.934399 -10.869145 -20.625000 
-11.800786 -10.872250 -24.375000 
-11.487134 -9.937504 -26.250000 
-9.934399 -10.869145 -20.625000


-20.806649 -11.800786 -36.881250 
-18.632820 -9.316410 -39.381250 
-16.148444 -9.316410 -38.131250 
-20.806649 -11.800786 -36.881250


-16.769538 -7.142581 -39.381250 
-16.148444 -9.316410 -38.131250 
-18.632820 -9.316410 -39.381250 
-16.769538 -7.142581 -39.381250


-16.769538 -7.142581 -39.381250 
-18.632820 -9.316410 -39.381250 
-18.943367 -5.589846 -39.381250 
-16.769538 -7.142581 -39.381250


-18.943367 -5.589846 -39.381250 
-18.632820 -9.316410 -39.381250 
-21.117196 -7.142581 -39.381250 
-18.943367 -5.589846 -39.381250


-9.934399 -10.869145 -20.625000 
-11.487134 -9.937504 -26.250000 
-10.244946 -8.074222 -25.625000 
-9.934399 -10.869145 -20.625000


-9.623852 -9.005863 -21.875000 
-9.934399 -10.869145 -20.625000 
-10.244946 -8.074222 -25.625000 
-9.623852 -9.005863 -21.875000


-19.871903 -13.664068 -30.625000 
-19.564461 -11.493344 -35.000000 
-15.837897 -10.251156 -32.500000 
-19.871903 -13.664068 -30.625000


-9.316410 -11.493344 -17.500000 
-8.381664 -10.248051 -16.875000 
-9.937504 -16.148444 -14.993750 
-9.316410 -11.493344 -17.500000


-13.974615 -36.644546 -29.381250 
-15.216803 -37.576187 -30.006250 
-15.837897 -35.091811 -29.381250 
-13.974615 -36.644546 -29.381250


-15.216803 -37.576187 -30.006250 
-13.974615 -36.644546 -29.381250 
-14.595709 -39.128922 -30.631250 
-15.216803 -37.576187 -30.006250


4.037111 -56.209007 -24.368750 
0.000000 -46.892597 -31.243750 
-1.242188 -43.476580 -29.993750 
4.037111 -56.209007 -24.368750


-22.045732 -15.837897 -30.625000 
-14.906256 -31.365247 -26.881250 
-25.151202 -19.253914 -31.875000 
-22.045732 -15.837897 -30.625000


-11.179692 -31.986341 -27.506250 
-7.763675 -32.296888 -27.506250 
-9.005863 -33.539076 -28.756250 
-11.179692 -31.986341 -27.506250


-12.729322 -9.005863 -30.625000 
-8.071117 -3.726564 -26.875000 
-10.244946 -8.074222 -25.625000 
-12.729322 -9.005863 -30.625000


-15.837897 -35.091811 -29.381250 
-14.906256 -31.365247 -26.881250 
-11.179692 -31.986341 -27.506250 
-15.837897 -35.091811 -29.381250


-10.244946 -30.744153 -20.625000 
-9.934399 -34.781264 -19.375000 
-6.832034 -34.781264 -26.243750 
-10.244946 -30.744153 -20.625000


-4.968752 -34.160170 -28.131250 
-8.071117 -31.675794 -26.250000 
-10.244946 -30.744153 -20.625000 
-4.968752 -34.160170 -28.131250


-4.968752 -34.160170 -28.131250 
-10.244946 -30.744153 -20.625000 
-6.832034 -34.781264 -26.243750 
-4.968752 -34.160170 -28.131250


-13.974615 -36.644546 -29.381250 
-15.837897 -35.091811 -29.381250 
-8.384769 -35.712905 -29.381250 
-13.974615 -36.644546 -29.381250


-9.005863 -33.539076 -28.756250 
-8.384769 -35.712905 -29.381250 
-15.837897 -35.091811 -29.381250 
-9.005863 -33.539076 -28.756250


-10.866040 -24.843760 -20.000000 
-10.866040 -27.017589 -20.625000 
-8.071117 -31.675794 -26.250000 
-10.866040 -24.843760 -20.000000


-9.934399 -29.501965 -24.375000 
-10.866040 -24.843760 -20.000000 
-8.071117 -31.675794 -26.250000 
-9.934399 -29.501965 -24.375000


-12.111333 -5.900393 -30.631250 
-32.921087 5.279299 -25.625000 
-18.322273 -11.179692 -18.756250 
-12.111333 -5.900393 -30.631250


-16.148444 -9.316410 -38.131250 
-16.769538 -7.142581 -39.381250 
-12.732427 -0.313652 -38.125000 
-16.148444 -9.316410 -38.131250


-13.042974 -3.108575 -35.000000 
-16.148444 -9.316410 -38.131250 
-12.732427 -0.313652 -38.125000 
-13.042974 -3.108575 -35.000000


-6.518382 -43.166033 -21.250000 
-6.521487 -44.097674 -11.881250 
-5.900393 -45.336757 -11.875000 
-6.518382 -43.166033 -21.250000


-6.207835 -45.029315 -20.625000 
-6.518382 -43.166033 -21.250000 
-5.900393 -45.336757 -11.875000 
-6.207835 -45.029315 -20.625000


-7.760570 10.248051 -14.375000 
-7.450023 9.005863 -10.625000 
-6.521487 7.763675 -17.493750 
-7.760570 10.248051 -14.375000


-4.965647 -4.658205 -18.750000 
-7.763675 -7.453128 -19.993750 
-4.968752 -4.037111 -19.993750 
-4.965647 -4.658205 -18.750000


-11.179692 -31.986341 -27.506250 
-9.005863 -33.539076 -28.756250 
-15.837897 -35.091811 -29.381250 
-11.179692 -31.986341 -27.506250


-7.763675 -7.453128 -19.993750 
-6.210940 -4.347658 -23.131250 
-4.968752 -4.037111 -19.993750 
-7.763675 -7.453128 -19.993750


-8.074222 10.561703 -30.000000 
-8.695316 10.561703 -26.250000 
-6.207835 8.695316 -26.250000 
-8.074222 10.561703 -30.000000


-5.586741 6.210940 -33.125000 
-5.586741 8.074222 -31.250000 
-5.276194 4.968752 -28.750000 
-5.586741 6.210940 -33.125000


-4.965647 5.279299 -36.250000 
-5.586741 6.210940 -33.125000 
-5.276194 4.968752 -28.750000 
-4.965647 5.279299 -36.250000


-5.586741 1.863282 -32.500000 
-4.965647 5.279299 -36.250000 
-5.276194 4.968752 -28.750000 
-5.586741 1.863282 -32.500000


-6.210940 -4.347658 -23.131250 
-7.763675 -7.453128 -19.993750 
-9.623852 -9.005863 -21.875000 
-6.210940 -4.347658 -23.131250


-11.800786 3.105470 -41.256250 
-9.316410 2.173829 -36.881250 
-12.732427 -0.313652 -38.125000 
-11.800786 3.105470 -41.256250


-7.760570 10.248051 -14.375000 
-7.142581 10.561703 -19.375000 
-9.005863 11.803891 -16.875000 
-7.760570 10.248051 -14.375000


-7.760570 10.248051 -14.375000 
-6.521487 7.763675 -17.493750 
-7.142581 10.561703 -19.375000 
-7.760570 10.248051 -14.375000


-6.207835 -45.029315 -20.625000 
-4.034006 -48.755879 -21.875000 
-6.518382 -43.166033 -21.250000 
-6.207835 -45.029315 -20.625000


-9.934399 -34.781264 -19.375000 
-9.002758 -36.955093 -20.000000 
-6.832034 -34.781264 -26.243750 
-9.934399 -34.781264 -19.375000


-8.384769 -35.712905 -29.381250 
-9.937504 -39.439469 -30.006250 
-14.595709 -39.128922 -30.631250 
-8.384769 -35.712905 -29.381250


-13.974615 -36.644546 -29.381250 
-8.384769 -35.712905 -29.381250 
-14.595709 -39.128922 -30.631250 
-13.974615 -36.644546 -29.381250


-22.045732 -15.837897 -30.625000 
-19.871903 -13.664068 -30.625000 
-11.179692 -31.986341 -27.506250 
-22.045732 -15.837897 -30.625000


-14.906256 -31.365247 -26.881250 
-22.045732 -15.837897 -30.625000 
-11.179692 -31.986341 -27.506250 
-14.906256 -31.365247 -26.881250


-11.487134 -9.937504 -26.250000 
-9.934399 -29.501965 -24.375000 
-11.179692 -29.501965 -25.006250 
-11.487134 -9.937504 -26.250000


-13.042974 13.667173 -28.750000 
-12.111333 13.046079 -25.625000 
-9.937504 11.803891 -28.750000 
-13.042974 13.667173 -28.750000


-6.210940 -45.650409 -8.743750 
-6.521487 -44.097674 -11.881250 
-7.453128 -43.166033 -8.743750 
-6.210940 -45.650409 -8.743750


-12.729322 -9.005863 -30.625000 
-11.487134 -9.937504 -26.250000 
-11.179692 -29.501965 -25.006250 
-12.729322 -9.005863 -30.625000


-15.527350 -10.872250 -30.625000 
-12.729322 -9.005863 -30.625000 
-11.179692 -29.501965 -25.006250 
-15.527350 -10.872250 -30.625000


-9.005863 -33.539076 -28.756250 
-7.763675 -32.296888 -27.506250 
-4.968752 -34.160170 -28.131250 
-9.005863 -33.539076 -28.756250


-11.800786 -10.872250 -24.375000 
-10.866040 -24.843760 -20.000000 
-11.487134 -9.937504 -26.250000 
-11.800786 -10.872250 -24.375000


-6.210940 -4.347658 -23.131250 
-9.623852 -9.005863 -21.875000 
-10.244946 -8.074222 -25.625000 
-6.210940 -4.347658 -23.131250


-4.034006 -2.794923 -16.875000 
-4.965647 -4.658205 -18.750000 
-4.968752 -4.037111 -19.993750 
-4.034006 -2.794923 -16.875000


-5.586741 8.074222 -31.250000 
-6.207835 8.695316 -26.250000 
-5.586741 6.832034 -25.000000 
-5.586741 8.074222 -31.250000


-5.586741 8.074222 -31.250000 
-5.586741 6.832034 -25.000000 
-5.276194 4.968752 -28.750000 
-5.586741 8.074222 -31.250000


-5.586741 6.832034 -25.000000 
-6.207835 2.173829 -25.625000 
-5.276194 4.968752 -28.750000 
-5.586741 6.832034 -25.000000


-5.586741 8.074222 -31.250000 
-8.074222 10.561703 -30.000000 
-6.207835 8.695316 -26.250000 
-5.586741 8.074222 -31.250000


-8.071117 -38.197281 -21.250000 
-9.005863 -38.507828 -18.743750 
-6.521487 -44.097674 -11.881250 
-8.071117 -38.197281 -21.250000


-8.071117 -38.197281 -21.250000 
-6.521487 -44.097674 -11.881250 
-6.518382 -43.166033 -21.250000 
-8.071117 -38.197281 -21.250000


-12.111333 -1.245293 -35.625000 
-9.316410 2.173829 -36.881250 
-10.558598 -1.242188 -33.756250 
-12.111333 -1.245293 -35.625000


-8.071117 -3.726564 -26.875000 
-6.210940 -4.347658 -23.131250 
-10.244946 -8.074222 -25.625000 
-8.071117 -3.726564 -26.875000


-7.763675 -32.296888 -27.506250 
-9.934399 -29.501965 -24.375000 
-8.071117 -31.675794 -26.250000 
-7.763675 -32.296888 -27.506250


-7.763675 -32.296888 -27.506250 
-11.179692 -29.501965 -25.006250 
-9.934399 -29.501965 -24.375000 
-7.763675 -32.296888 -27.506250


-11.179692 -31.986341 -27.506250 
-15.527350 -10.872250 -30.625000 
-11.179692 -29.501965 -25.006250 
-11.179692 -31.986341 -27.506250


-11.179692 -31.986341 -27.506250 
-19.871903 -13.664068 -30.625000 
-15.527350 -10.872250 -30.625000 
-11.179692 -31.986341 -27.506250


-32.921087 5.279299 -25.625000 
-12.111333 -5.900393 -30.631250 
-10.869145 -4.658205 -29.381250 
-32.921087 5.279299 -25.625000


-31.057805 8.074222 -23.750000 
-32.921087 5.279299 -25.625000 
-10.869145 -4.658205 -29.381250 
-31.057805 8.074222 -23.750000


-11.179692 -31.986341 -27.506250 
-11.179692 -29.501965 -25.006250 
-7.763675 -32.296888 -27.506250 
-11.179692 -31.986341 -27.506250


-16.458991 14.598814 -37.500000 
-15.527350 14.288267 -33.125000 
-13.042974 13.046079 -36.250000 
-16.458991 14.598814 -37.500000


-4.965647 5.279299 -36.250000 
-5.586741 8.074222 -31.250000 
-5.586741 6.210940 -33.125000 
-4.965647 5.279299 -36.250000


-4.965647 5.279299 -36.250000 
-6.207835 7.453128 -34.375000 
-5.586741 8.074222 -31.250000 
-4.965647 5.279299 -36.250000


-6.210940 -4.347658 -23.131250 
-6.210940 -0.003105 -30.625000 
-6.207835 2.173829 -25.625000 
-6.210940 -4.347658 -23.131250


-6.210940 -4.347658 -23.131250 
-8.071117 -3.726564 -26.875000 
-6.210940 -0.003105 -30.625000 
-6.210940 -4.347658 -23.131250


-9.005863 10.561703 -36.250000 
-13.042974 13.046079 -36.250000 
-10.558598 11.803891 -31.875000 
-9.005863 10.561703 -36.250000


-6.210940 6.207835 -39.375000 
-7.453128 8.384769 -41.881250 
-7.139476 8.384769 -36.875000 
-6.210940 6.207835 -39.375000


-15.216803 14.598814 -29.375000 
-14.906256 13.977720 -24.375000 
-13.042974 13.667173 -28.750000 
-15.216803 14.598814 -29.375000


-15.216803 14.598814 -29.375000 
-17.080085 14.598814 -25.000000 
-14.906256 13.977720 -24.375000 
-15.216803 14.598814 -29.375000


-17.080085 2.794923 -40.631250 
-11.800786 3.105470 -41.256250 
-13.046079 2.173829 -40.625000 
-17.080085 2.794923 -40.631250


-17.080085 2.794923 -40.631250 
-14.595709 8.384769 -41.256250 
-11.800786 3.105470 -41.256250 
-17.080085 2.794923 -40.631250


-1.242188 -41.302751 -33.756250 
-0.310547 -43.787127 -35.006250 
-1.242188 -45.650409 -36.881250 
-1.242188 -41.302751 -33.756250


-7.450023 3.726564 -36.875000 
-9.316410 2.173829 -36.881250 
-6.210940 6.207835 -39.375000 
-7.450023 3.726564 -36.875000


-9.316410 2.173829 -36.881250 
-11.800786 3.105470 -41.256250 
-6.210940 6.207835 -39.375000 
-9.316410 2.173829 -36.881250


-9.626957 5.279299 -41.256250 
-6.210940 6.207835 -39.375000 
-11.800786 3.105470 -41.256250 
-9.626957 5.279299 -41.256250


-3.416017 -50.308614 -39.381250 
-1.552735 -47.513691 -37.506250 
1.863282 -49.066426 -37.506250 
-3.416017 -50.308614 -39.381250


-8.695316 10.561703 -26.250000 
-9.005863 11.182797 -23.750000 
-6.207835 8.695316 -26.250000 
-8.695316 10.561703 -26.250000


-7.453128 8.384769 -41.881250 
-9.626957 5.279299 -41.256250 
-10.248051 8.384769 -41.881250 
-7.453128 8.384769 -41.881250


-7.453128 8.384769 -41.881250 
-6.210940 6.207835 -39.375000 
-9.626957 5.279299 -41.256250 
-7.453128 8.384769 -41.881250


-13.042974 13.042974 -41.881250 
-10.248051 8.384769 -41.881250 
-14.595709 8.384769 -41.256250 
-13.042974 13.042974 -41.881250


-13.042974 13.042974 -41.881250 
-14.595709 8.384769 -41.256250 
-14.285162 10.248051 -41.256250 
-13.042974 13.042974 -41.881250


-10.248051 11.490239 -41.881250 
-10.248051 8.384769 -41.881250 
-13.042974 13.042974 -41.881250 
-10.248051 11.490239 -41.881250


-13.042974 13.046079 -36.250000 
-13.353521 13.356626 -31.875000 
-10.558598 11.803891 -31.875000 
-13.042974 13.046079 -36.250000


-9.005863 10.561703 -36.250000 
-7.139476 8.384769 -36.875000 
-8.384769 9.937504 -41.881250 
-9.005863 10.561703 -36.250000


-7.453128 8.384769 -41.881250 
-8.384769 9.937504 -41.881250 
-7.139476 8.384769 -36.875000 
-7.453128 8.384769 -41.881250


-7.453128 8.384769 -41.881250 
-10.248051 8.384769 -41.881250 
-8.384769 9.937504 -41.881250 
-7.453128 8.384769 -41.881250


-6.207835 2.173829 -28.750000 
-6.207835 2.173829 -25.625000 
-6.210940 -0.003105 -30.625000 
-6.207835 2.173829 -28.750000


-7.139476 8.384769 -36.875000 
-6.207835 7.453128 -34.375000 
-4.965647 5.279299 -36.250000 
-7.139476 8.384769 -36.875000


-13.042974 13.046079 -36.250000 
-9.005863 10.561703 -36.250000 
-12.421880 12.424985 -37.500000 
-13.042974 13.046079 -36.250000


-12.421880 12.424985 -37.500000 
-9.005863 10.561703 -36.250000 
-10.248051 11.490239 -41.881250 
-12.421880 12.424985 -37.500000


-10.248051 11.490239 -41.881250 
-9.005863 10.561703 -36.250000 
-8.384769 9.937504 -41.881250 
-10.248051 11.490239 -41.881250


-10.248051 11.490239 -41.881250 
-8.384769 9.937504 -41.881250 
-10.248051 8.384769 -41.881250 
-10.248051 11.490239 -41.881250


-6.207835 2.794923 -34.375000 
-9.316410 2.173829 -36.881250 
-7.450023 3.726564 -36.875000 
-6.207835 2.794923 -34.375000


-7.139476 8.384769 -36.875000 
-9.005863 10.561703 -36.250000 
-5.586741 8.074222 -31.250000 
-7.139476 8.384769 -36.875000


-6.207835 7.453128 -34.375000 
-7.139476 8.384769 -36.875000 
-5.586741 8.074222 -31.250000 
-6.207835 7.453128 -34.375000


-8.074222 10.561703 -30.000000 
-9.005863 10.561703 -36.250000 
-10.558598 11.803891 -31.875000 
-8.074222 10.561703 -30.000000


-7.142581 10.561703 -19.375000 
-9.005863 11.182797 -23.750000 
-10.869145 12.424985 -22.500000 
-7.142581 10.561703 -19.375000


-10.248051 12.424985 -13.125000 
-10.869145 13.046079 -17.500000 
-13.664068 13.977720 -13.125000 
-10.248051 12.424985 -13.125000


-6.207835 2.794923 -34.375000 
-4.965647 5.279299 -36.250000 
-5.586741 1.863282 -32.500000 
-6.207835 2.794923 -34.375000


-6.518382 5.279299 -18.750000 
-6.521487 7.763675 -17.493750 
-3.723459 -0.931641 -13.125000 
-6.518382 5.279299 -18.750000


-14.282057 -7.142581 -34.375000 
-13.042974 -3.108575 -35.000000 
-10.558598 -1.242188 -33.756250 
-14.282057 -7.142581 -34.375000


-6.210940 -0.003105 -30.625000 
-12.729322 -9.005863 -30.625000 
-10.558598 -1.242188 -33.756250 
-6.210940 -0.003105 -30.625000


-12.729322 -9.005863 -30.625000 
-14.282057 -7.142581 -34.375000 
-10.558598 -1.242188 -33.756250 
-12.729322 -9.005863 -30.625000


-5.586741 1.863282 -32.500000 
-6.210940 -0.003105 -30.625000 
-10.558598 -1.242188 -33.756250 
-5.586741 1.863282 -32.500000


-7.142581 10.561703 -19.375000 
-10.869145 12.424985 -22.500000 
-10.869145 13.046079 -17.500000 
-7.142581 10.561703 -19.375000


-9.005863 11.803891 -16.875000 
-7.142581 10.561703 -19.375000 
-10.869145 13.046079 -17.500000 
-9.005863 11.803891 -16.875000


-13.353521 13.356626 -31.875000 
-13.042974 13.667173 -28.750000 
-10.558598 11.803891 -31.875000 
-13.353521 13.356626 -31.875000


-10.558598 11.803891 -31.875000 
-9.937504 11.803891 -28.750000 
-8.074222 10.561703 -30.000000 
-10.558598 11.803891 -31.875000


-5.586741 6.832034 -25.000000 
-7.142581 10.561703 -19.375000 
-6.521487 7.763675 -17.493750 
-5.586741 6.832034 -25.000000


-6.207835 5.279299 -21.875000 
-5.586741 6.832034 -25.000000 
-6.521487 7.763675 -17.493750 
-6.207835 5.279299 -21.875000


-13.042974 13.667173 -28.750000 
-14.906256 13.977720 -24.375000 
-12.111333 13.046079 -25.625000 
-13.042974 13.667173 -28.750000


-13.042974 13.667173 -28.750000 
-9.937504 11.803891 -28.750000 
-10.558598 11.803891 -31.875000 
-13.042974 13.667173 -28.750000


-8.074222 10.561703 -30.000000 
-9.937504 11.803891 -28.750000 
-8.695316 10.561703 -26.250000 
-8.074222 10.561703 -30.000000


-4.965647 -4.658205 -18.750000 
-8.381664 -10.248051 -16.875000 
-7.763675 -7.453128 -19.993750 
-4.965647 -4.658205 -18.750000


-9.005863 11.182797 -23.750000 
-8.695316 10.561703 -26.250000 
-9.937504 11.803891 -28.750000 
-9.005863 11.182797 -23.750000


-9.005863 11.182797 -23.750000 
-9.937504 11.803891 -28.750000 
-12.111333 13.046079 -25.625000 
-9.005863 11.182797 -23.750000


-6.207835 5.279299 -21.875000 
-6.207835 2.173829 -25.625000 
-5.586741 6.832034 -25.000000 
-6.207835 5.279299 -21.875000


-3.726564 -2.794923 -13.118750 
-4.968752 -5.279299 -13.118750 
-4.034006 -2.794923 -16.875000 
-3.726564 -2.794923 -13.118750


-9.005863 11.182797 -23.750000 
-12.111333 13.046079 -25.625000 
-10.869145 12.424985 -22.500000 
-9.005863 11.182797 -23.750000


-5.586741 6.832034 -25.000000 
-6.207835 8.695316 -26.250000 
-7.142581 10.561703 -19.375000 
-5.586741 6.832034 -25.000000


-9.005863 11.182797 -23.750000 
-7.142581 10.561703 -19.375000 
-6.207835 8.695316 -26.250000 
-9.005863 11.182797 -23.750000


-21.738290 13.356626 -10.000000 
-19.253914 13.977720 -9.375000 
-18.011726 13.977720 -15.000000 
-21.738290 13.356626 -10.000000


-6.207835 5.279299 -21.875000 
-6.518382 5.279299 -18.750000 
-4.034006 -2.794923 -16.875000 
-6.207835 5.279299 -21.875000


-3.723459 -0.931641 -13.125000 
-4.034006 -2.794923 -16.875000 
-6.518382 5.279299 -18.750000 
-3.723459 -0.931641 -13.125000


-6.207835 2.173829 -25.625000 
-4.034006 -2.794923 -16.875000 
-4.968752 -4.037111 -19.993750 
-6.207835 2.173829 -25.625000


-21.738290 13.356626 -10.000000 
-18.011726 13.977720 -15.000000 
-21.427743 13.046079 -15.625000 
-21.738290 13.356626 -10.000000


-21.738290 13.356626 -10.000000 
-21.427743 13.046079 -15.625000 
-22.980478 12.735532 -13.750000 
-21.738290 13.356626 -10.000000


-1.552735 -51.547697 -25.625000 
4.037111 -56.209007 -24.368750 
-1.242188 -43.476580 -29.993750 
-1.552735 -51.547697 -25.625000


-2.173829 -37.886734 -30.006250 
-4.037111 -35.088706 -28.750000 
-4.655100 -38.197281 -27.500000 
-2.173829 -37.886734 -30.006250


-8.381664 -10.248051 -16.875000 
-4.965647 -4.658205 -18.750000 
-7.142581 -8.074222 -15.006250 
-8.381664 -10.248051 -16.875000


-14.906256 13.977720 -24.375000 
-14.595709 14.598814 -18.125000 
-13.042974 13.977720 -18.125000 
-14.906256 13.977720 -24.375000


-17.080085 14.909361 -21.250000 
-14.595709 14.598814 -18.125000 
-14.906256 13.977720 -24.375000 
-17.080085 14.909361 -21.250000


-7.763675 -7.453128 -19.993750 
-9.934399 -10.869145 -20.625000 
-9.623852 -9.005863 -21.875000 
-7.763675 -7.453128 -19.993750


-8.381664 -10.248051 -16.875000 
-9.934399 -10.869145 -20.625000 
-7.763675 -7.453128 -19.993750 
-8.381664 -10.248051 -16.875000


-6.521487 7.763675 -17.493750 
-7.450023 9.005863 -10.625000 
-3.723459 -0.931641 -13.125000 
-6.521487 7.763675 -17.493750


-14.595709 14.598814 -18.125000 
-20.185555 14.909361 -20.000000 
-18.011726 13.977720 -15.000000 
-14.595709 14.598814 -18.125000


-14.595709 14.598814 -18.125000 
-17.080085 14.909361 -21.250000 
-20.185555 14.909361 -20.000000 
-14.595709 14.598814 -18.125000


-20.185555 14.909361 -20.000000 
-21.427743 13.046079 -15.625000 
-18.011726 13.977720 -15.000000 
-20.185555 14.909361 -20.000000


-12.111333 13.046079 -25.625000 
-13.042974 13.977720 -18.125000 
-10.869145 12.424985 -22.500000 
-12.111333 13.046079 -25.625000


-12.111333 13.046079 -25.625000 
-14.906256 13.977720 -24.375000 
-13.042974 13.977720 -18.125000 
-12.111333 13.046079 -25.625000


-9.005863 8.384769 -5.618750 
-7.142581 10.869145 -5.618750 
-12.421880 13.667173 -4.375000 
-9.005863 8.384769 -5.618750


-9.005863 8.384769 -5.618750 
-12.421880 13.667173 -4.375000 
-11.490239 10.248051 -5.618750 
-9.005863 8.384769 -5.618750


-19.253914 13.977720 -9.375000 
-16.458991 13.977720 -14.375000 
-18.011726 13.977720 -15.000000 
-19.253914 13.977720 -9.375000


-16.769538 13.353521 -3.743750 
-20.185555 12.111333 -4.368750 
-17.390632 7.763675 -4.368750 
-16.769538 13.353521 -3.743750


-16.458991 13.977720 -14.375000 
-19.253914 13.977720 -9.375000 
-13.974615 14.288267 -8.750000 
-16.458991 13.977720 -14.375000


-13.664068 13.977720 -13.125000 
-16.458991 13.977720 -14.375000 
-13.974615 14.288267 -8.750000 
-13.664068 13.977720 -13.125000


-13.042974 13.977720 -18.125000 
-10.869145 13.046079 -17.500000 
-10.869145 12.424985 -22.500000 
-13.042974 13.977720 -18.125000


-7.453128 9.005863 -6.243750 
-7.450023 9.005863 -10.625000 
-7.142581 10.869145 -5.618750 
-7.453128 9.005863 -6.243750


-22.048837 10.558598 -4.993750 
-21.117196 6.832034 -5.618750 
-17.390632 7.763675 -4.368750 
-22.048837 10.558598 -4.993750


-22.048837 10.558598 -4.993750 
-17.390632 7.763675 -4.368750 
-20.185555 12.111333 -4.368750 
-22.048837 10.558598 -4.993750


-16.458991 13.977720 -14.375000 
-14.595709 14.598814 -18.125000 
-18.011726 13.977720 -15.000000 
-16.458991 13.977720 -14.375000


-13.042974 13.977720 -18.125000 
-13.664068 13.977720 -13.125000 
-10.869145 13.046079 -17.500000 
-13.042974 13.977720 -18.125000


-14.595709 14.598814 -18.125000 
-13.664068 13.977720 -13.125000 
-13.042974 13.977720 -18.125000 
-14.595709 14.598814 -18.125000


-14.595709 14.598814 -18.125000 
-16.458991 13.977720 -14.375000 
-13.664068 13.977720 -13.125000 
-14.595709 14.598814 -18.125000


-22.359384 -40.681657 -28.131250 
-15.216803 -37.576187 -30.006250 
-14.595709 -39.128922 -30.631250 
-22.359384 -40.681657 -28.131250


-10.869145 -4.658205 -29.381250 
-22.359384 -1.552735 -11.868750 
-10.558598 0.310547 -18.118750 
-10.869145 -4.658205 -29.381250


-10.869145 -4.658205 -29.381250 
-20.496102 -5.900393 -13.118750 
-22.359384 -1.552735 -11.868750 
-10.869145 -4.658205 -29.381250


-22.359384 -1.552735 -11.868750 
-31.057805 8.074222 -23.750000 
-10.558598 0.310547 -18.118750 
-22.359384 -1.552735 -11.868750


-10.869145 -4.658205 -29.381250 
-10.558598 0.310547 -18.118750 
-31.057805 8.074222 -23.750000 
-10.869145 -4.658205 -29.381250


-13.042974 -22.980478 1.256250 
-13.042974 -25.464854 2.506250 
-10.869145 -27.638683 2.506250 
-13.042974 -22.980478 1.256250


-10.866040 -25.464854 0.625000 
-13.042974 -22.980478 1.256250 
-10.869145 -27.638683 2.506250 
-10.866040 -25.464854 0.625000


-13.353521 -19.253914 -2.493750 
-19.253914 -14.285162 -4.993750 
-16.769538 -19.564461 -2.493750 
-13.353521 -19.253914 -2.493750


-13.353521 -19.253914 -2.493750 
-17.701179 -13.664068 -5.618750 
-19.253914 -14.285162 -4.993750 
-13.353521 -19.253914 -2.493750


-3.726564 -48.755879 3.756250 
-6.832034 -49.066426 1.881250 
-2.484376 -50.929708 0.631250 
-3.726564 -48.755879 3.756250


-3.726564 -48.755879 3.756250 
-5.589846 -48.755879 2.506250 
-6.832034 -49.066426 1.881250 
-3.726564 -48.755879 3.756250


-10.869145 -18.943367 -4.993750 
-10.866040 -19.253914 -17.500000 
-10.869145 -16.766433 -13.750000 
-10.869145 -18.943367 -4.993750


-16.769538 -19.564461 -2.493750 
-13.353521 -20.806649 -1.243750 
-13.353521 -19.253914 -2.493750 
-16.769538 -19.564461 -2.493750


-10.869145 -27.638683 2.506250 
-13.042974 -25.464854 2.506250 
-11.797681 -28.880871 3.125000 
-10.869145 -27.638683 2.506250


-20.185555 12.111333 -4.368750 
-16.769538 13.353521 -3.743750 
-19.875008 12.732427 -6.243750 
-20.185555 12.111333 -4.368750


-19.253914 13.977720 -9.375000 
-19.875008 12.732427 -6.243750 
-16.769538 13.353521 -3.743750 
-19.253914 13.977720 -9.375000


-14.595709 13.667173 -4.375000 
-19.253914 13.977720 -9.375000 
-16.769538 13.353521 -3.743750 
-14.595709 13.667173 -4.375000


-14.595709 13.667173 -4.375000 
-13.974615 14.288267 -8.750000 
-19.253914 13.977720 -9.375000 
-14.595709 13.667173 -4.375000


-13.974615 7.453128 -5.618750 
-8.074222 6.210940 -5.618750 
-9.005863 8.384769 -5.618750 
-13.974615 7.453128 -5.618750


-12.421880 13.667173 -4.375000 
-17.390632 7.763675 -4.368750 
-11.490239 10.248051 -5.618750 
-12.421880 13.667173 -4.375000


-22.359384 -31.675794 1.256250 
-18.322273 -27.017589 2.506250 
-20.496102 -28.570324 1.256250 
-22.359384 -31.675794 1.256250


-22.359384 -31.675794 1.256250 
-19.564461 -31.675794 2.506250 
-18.322273 -27.017589 2.506250 
-22.359384 -31.675794 1.256250


-10.869145 2.794923 -6.243750 
-8.695316 3.726564 -6.243750 
-8.074222 6.210940 -5.618750 
-10.869145 2.794923 -6.243750


-4.968752 -5.279299 -13.118750 
-8.695316 3.726564 -6.243750 
-10.869145 0.310547 -8.118750 
-4.968752 -5.279299 -13.118750


-4.968752 -5.279299 -13.118750 
-3.726564 -2.794923 -13.118750 
-8.695316 3.726564 -6.243750 
-4.968752 -5.279299 -13.118750


-14.595709 13.667173 -4.375000 
-12.421880 13.667173 -4.375000 
-13.974615 14.288267 -8.750000 
-14.595709 13.667173 -4.375000


-17.390632 7.763675 -4.368750 
-12.421880 13.667173 -4.375000 
-16.769538 13.353521 -3.743750 
-17.390632 7.763675 -4.368750


-7.450023 9.005863 -10.625000 
-7.453128 9.005863 -6.243750 
-3.723459 -0.931641 -13.125000 
-7.450023 9.005863 -10.625000


-12.421880 13.667173 -4.375000 
-11.179692 13.356626 -7.500000 
-13.974615 14.288267 -8.750000 
-12.421880 13.667173 -4.375000


-13.664068 13.977720 -13.125000 
-11.179692 13.356626 -7.500000 
-10.248051 12.424985 -13.125000 
-13.664068 13.977720 -13.125000


-13.664068 13.977720 -13.125000 
-13.974615 14.288267 -8.750000 
-11.179692 13.356626 -7.500000 
-13.664068 13.977720 -13.125000


-14.595709 13.667173 -4.375000 
-16.769538 13.353521 -3.743750 
-12.421880 13.667173 -4.375000 
-14.595709 13.667173 -4.375000


-7.142581 10.869145 -5.618750 
-9.626957 12.735532 -7.500000 
-12.421880 13.667173 -4.375000 
-7.142581 10.869145 -5.618750


-13.042974 -25.464854 2.506250 
-14.285162 -24.222666 1.881250 
-15.837897 -25.464854 2.506250 
-13.042974 -25.464854 2.506250


-8.074222 6.210940 -5.618750 
-8.695316 3.726564 -6.243750 
-3.723459 -0.931641 -13.125000 
-8.074222 6.210940 -5.618750


-10.869145 2.794923 -6.243750 
-10.869145 0.310547 -8.118750 
-8.695316 3.726564 -6.243750 
-10.869145 2.794923 -6.243750


-9.626957 12.735532 -7.500000 
-10.248051 12.424985 -13.125000 
-11.179692 13.356626 -7.500000 
-9.626957 12.735532 -7.500000


-4.968752 -34.160170 -28.131250 
-8.071117 -38.197281 -21.250000 
-4.037111 -35.088706 -28.750000 
-4.968752 -34.160170 -28.131250


-4.968752 -34.160170 -28.131250 
-6.832034 -34.781264 -26.243750 
-8.071117 -38.197281 -21.250000 
-4.968752 -34.160170 -28.131250


-4.034006 -2.794923 -16.875000 
-3.723459 -0.931641 -13.125000 
-3.726564 -2.794923 -13.118750 
-4.034006 -2.794923 -16.875000


-10.869145 2.794923 -6.243750 
-8.074222 6.210940 -5.618750 
-13.974615 7.453128 -5.618750 
-10.869145 2.794923 -6.243750


-13.353521 -19.253914 -2.493750 
-10.869145 -22.980478 -1.243750 
-10.869145 -18.943367 -4.993750 
-13.353521 -19.253914 -2.493750


-13.353521 -19.253914 -2.493750 
-13.353521 -20.806649 -1.243750 
-10.869145 -22.980478 -1.243750 
-13.353521 -19.253914 -2.493750


-7.142581 -8.074222 -15.006250 
-4.965647 -4.658205 -18.750000 
-4.968752 -5.279299 -13.118750 
-7.142581 -8.074222 -15.006250


-4.965647 -4.658205 -18.750000 
-4.034006 -2.794923 -16.875000 
-4.968752 -5.279299 -13.118750 
-4.965647 -4.658205 -18.750000


3.416017 -50.308614 -38.131250 
4.658205 -49.687520 -36.881250 
6.521487 -51.550802 -37.506250 
3.416017 -50.308614 -38.131250


3.105470 -47.824238 8.756250 
3.726564 -47.200039 6.875000 
0.621094 -46.889492 5.625000 
3.105470 -47.824238 8.756250


3.105470 -47.824238 8.756250 
0.621094 -46.889492 5.625000 
0.310547 -48.134785 6.256250 
3.105470 -47.824238 8.756250


-7.142581 10.869145 -5.618750 
-9.005863 8.384769 -5.618750 
-8.074222 6.210940 -5.618750 
-7.142581 10.869145 -5.618750


-7.453128 9.005863 -6.243750 
-7.142581 10.869145 -5.618750 
-8.074222 6.210940 -5.618750 
-7.453128 9.005863 -6.243750


-3.723459 -0.931641 -13.125000 
-7.453128 9.005863 -6.243750 
-8.074222 6.210940 -5.618750 
-3.723459 -0.931641 -13.125000


-4.968752 -5.279299 -13.118750 
-10.869145 0.310547 -8.118750 
-10.869145 -1.552735 -9.368750 
-4.968752 -5.279299 -13.118750


-10.869145 -18.943367 -4.993750 
-12.111333 -13.353521 -9.368750 
-13.974615 -13.353521 -8.118750 
-10.869145 -18.943367 -4.993750


-4.968752 -5.279299 -13.118750 
-10.869145 -1.552735 -9.368750 
-12.111333 -13.353521 -9.368750 
-4.968752 -5.279299 -13.118750


-15.837897 -25.464854 2.506250 
-14.285162 -24.222666 1.881250 
-15.837897 -23.287920 1.250000 
-15.837897 -25.464854 2.506250


-10.866040 -24.843760 -20.000000 
-9.934399 -10.869145 -20.625000 
-10.866040 -19.253914 -17.500000 
-10.866040 -24.843760 -20.000000


-11.800786 -10.872250 -24.375000 
-9.934399 -10.869145 -20.625000 
-10.866040 -24.843760 -20.000000 
-11.800786 -10.872250 -24.375000


-10.869145 -35.402358 2.506250 
-11.490239 -34.470717 3.131250 
-9.934399 -38.507828 1.875000 
-10.869145 -35.402358 2.506250


-11.800786 -37.265640 2.506250 
-9.934399 -38.507828 1.875000 
-11.490239 -34.470717 3.131250 
-11.800786 -37.265640 2.506250


-11.490239 -34.470717 3.131250 
-10.869145 -35.402358 2.506250 
-11.800786 -31.365247 3.131250 
-11.490239 -34.470717 3.131250


-6.521487 -44.097674 -11.881250 
-6.210940 -45.650409 -8.743750 
-5.900393 -45.336757 -11.875000 
-6.521487 -44.097674 -11.881250


-11.797681 -28.880871 3.125000 
-13.974615 -30.744153 3.756250 
-11.800786 -31.365247 3.131250 
-11.797681 -28.880871 3.125000


-10.866040 -25.464854 0.625000 
-10.869145 -35.402358 2.506250 
-10.866040 -39.750016 -3.125000 
-10.866040 -25.464854 0.625000


-10.869145 -22.980478 -1.243750 
-13.042974 -22.980478 1.256250 
-10.866040 -25.464854 0.625000 
-10.869145 -22.980478 -1.243750


-13.042974 -25.464854 2.506250 
-13.042974 -22.980478 1.256250 
-14.285162 -24.222666 1.881250 
-13.042974 -25.464854 2.506250


-10.869145 -18.943367 -4.993750 
-10.866040 -24.843760 -20.000000 
-10.866040 -19.253914 -17.500000 
-10.869145 -18.943367 -4.993750


-10.866040 -39.439469 -8.125000 
-10.866040 -25.464854 0.625000 
-10.866040 -39.750016 -3.125000 
-10.866040 -39.439469 -8.125000


7.456233 -49.066426 6.250000 
3.105470 -47.824238 8.756250 
3.416017 -49.690625 5.625000 
7.456233 -49.066426 6.250000


7.456233 -49.066426 6.250000 
5.589846 -48.131680 6.875000 
3.105470 -47.824238 8.756250 
7.456233 -49.066426 6.250000


-13.974615 -30.744153 3.756250 
-11.797681 -28.880871 3.125000 
-13.042974 -25.464854 2.506250 
-13.974615 -30.744153 3.756250


-11.490239 -34.470717 3.131250 
-11.800786 -31.365247 3.131250 
-13.974615 -30.744153 3.756250 
-11.490239 -34.470717 3.131250


-20.806649 -21.738290 -1.868750 
-19.564461 -26.085948 1.256250 
-18.322273 -22.669931 0.006250 
-20.806649 -21.738290 -1.868750


-22.669931 -23.912119 -1.868750 
-19.564461 -26.085948 1.256250 
-20.806649 -21.738290 -1.868750 
-22.669931 -23.912119 -1.868750


-13.353521 -20.806649 -1.243750 
-15.837897 -23.287920 1.250000 
-13.042974 -22.980478 1.256250 
-13.353521 -20.806649 -1.243750


-16.769538 -19.564461 -2.493750 
-15.837897 -23.287920 1.250000 
-13.353521 -20.806649 -1.243750 
-16.769538 -19.564461 -2.493750


-10.869145 0.310547 -8.118750 
-15.837897 -13.974615 -6.243750 
-10.869145 -1.552735 -9.368750 
-10.869145 0.310547 -8.118750


-13.974615 -13.353521 -8.118750 
-10.869145 -1.552735 -9.368750 
-15.837897 -13.974615 -6.243750 
-13.974615 -13.353521 -8.118750


-15.837897 -23.287920 1.250000 
-16.769538 -19.564461 -2.493750 
-18.322273 -22.669931 0.006250 
-15.837897 -23.287920 1.250000


-16.769538 -19.564461 -2.493750 
-22.359384 -15.527350 -3.743750 
-18.322273 -22.669931 0.006250 
-16.769538 -19.564461 -2.493750


-15.837897 -25.464854 2.506250 
-15.837897 -23.287920 1.250000 
-18.322273 -22.669931 0.006250 
-15.837897 -25.464854 2.506250


-24.533213 -17.080085 -3.743750 
-20.806649 -21.738290 -1.868750 
-18.322273 -22.669931 0.006250 
-24.533213 -17.080085 -3.743750


-22.359384 -15.527350 -3.743750 
-24.533213 -17.080085 -3.743750 
-18.322273 -22.669931 0.006250 
-22.359384 -15.527350 -3.743750


-15.837897 -25.464854 2.506250 
-18.322273 -27.017589 2.506250 
-13.974615 -30.744153 3.756250 
-15.837897 -25.464854 2.506250


-15.841002 -30.744153 3.125000 
-13.974615 -30.744153 3.756250 
-18.322273 -27.017589 2.506250 
-15.841002 -30.744153 3.125000


-15.841002 -30.744153 3.125000 
-18.322273 -27.017589 2.506250 
-19.564461 -31.675794 2.506250 
-15.841002 -30.744153 3.125000


-18.322273 -22.669931 0.006250 
-18.322273 -27.017589 2.506250 
-15.837897 -25.464854 2.506250 
-18.322273 -22.669931 0.006250


-18.322273 -22.669931 0.006250 
-19.564461 -26.085948 1.256250 
-18.322273 -27.017589 2.506250 
-18.322273 -22.669931 0.006250


-10.866040 -15.837897 -10.625000 
-9.937504 -16.148444 -14.993750 
-7.142581 -8.074222 -15.006250 
-10.866040 -15.837897 -10.625000


-8.071117 -38.197281 -21.250000 
-6.518382 -43.166033 -21.250000 
-4.655100 -38.197281 -27.500000 
-8.071117 -38.197281 -21.250000


-1.552735 -54.969924 -11.875000 
1.863282 -54.969924 -12.500000 
1.242188 -53.414084 -8.118750 
-1.552735 -54.969924 -11.875000


-9.316410 -11.493344 -17.500000 
-9.937504 -16.148444 -14.993750 
-10.866040 -19.253914 -17.500000 
-9.316410 -11.493344 -17.500000


-10.869145 -18.943367 -4.993750 
-10.869145 -16.766433 -13.750000 
-9.937504 -16.148444 -14.993750 
-10.869145 -18.943367 -4.993750


-10.866040 -15.837897 -10.625000 
-10.869145 -18.943367 -4.993750 
-9.937504 -16.148444 -14.993750 
-10.866040 -15.837897 -10.625000


-9.934399 -10.869145 -20.625000 
-8.381664 -10.248051 -16.875000 
-9.316410 -11.493344 -17.500000 
-9.934399 -10.869145 -20.625000


-4.037111 -35.088706 -28.750000 
-2.173829 -37.886734 -30.006250 
-1.549630 -39.128922 -31.250000 
-4.037111 -35.088706 -28.750000


-4.037111 -35.088706 -28.750000 
-1.549630 -39.128922 -31.250000 
-4.347658 -35.712905 -29.381250 
-4.037111 -35.088706 -28.750000


-1.863282 -47.821133 1.250000 
-1.242188 -50.926603 -5.000000 
-2.794923 -49.066426 -2.506250 
-1.863282 -47.821133 1.250000


-4.968752 -5.279299 -13.118750 
-10.866040 -15.837897 -10.625000 
-7.142581 -8.074222 -15.006250 
-4.968752 -5.279299 -13.118750


-2.173829 -37.886734 -30.006250 
-4.655100 -38.197281 -27.500000 
-3.105470 -41.302751 -28.118750 
-2.173829 -37.886734 -30.006250


-2.173829 -37.886734 -30.006250 
-3.105470 -41.302751 -28.118750 
-1.549630 -40.060563 -30.000000 
-2.173829 -37.886734 -30.006250


-10.866040 -24.843760 -20.000000 
-10.869145 -22.980478 -1.243750 
-10.866040 -34.781264 -17.500000 
-10.866040 -24.843760 -20.000000


-10.866040 -24.843760 -20.000000 
-10.866040 -34.781264 -17.500000 
-10.244946 -30.744153 -20.625000 
-10.866040 -24.843760 -20.000000


-10.866040 -24.843760 -20.000000 
-10.244946 -30.744153 -20.625000 
-10.866040 -27.017589 -20.625000 
-10.866040 -24.843760 -20.000000


-7.453128 -43.166033 -8.743750 
-10.866040 -39.439469 -8.125000 
-9.316410 -41.613298 -3.131250 
-7.453128 -43.166033 -8.743750


-7.453128 -43.166033 -8.743750 
-6.521487 -44.097674 -11.881250 
-8.384769 -41.613298 -11.256250 
-7.453128 -43.166033 -8.743750


4.658205 -57.143753 -29.375000 
-0.621094 -58.385941 -28.750000 
2.794923 -57.764847 -31.875000 
4.658205 -57.143753 -29.375000


4.658205 -57.143753 -29.375000 
2.173829 -57.143753 -28.125000 
-0.621094 -58.385941 -28.750000 
4.658205 -57.143753 -29.375000


-6.521487 -53.414084 -6.868750 
-9.316410 -54.035178 -8.118750 
-10.248051 -54.969924 -10.625000 
-6.521487 -53.414084 -6.868750


-9.002758 -36.955093 -20.000000 
-9.005863 -38.507828 -18.743750 
-8.071117 -38.197281 -21.250000 
-9.002758 -36.955093 -20.000000


-9.316410 -41.613298 -3.131250 
-6.832034 -42.544939 0.631250 
-7.453128 -43.166033 -8.743750 
-9.316410 -41.613298 -3.131250


-9.934399 -34.781264 -19.375000 
-9.316410 -40.060563 -11.881250 
-9.005863 -38.507828 -18.743750 
-9.934399 -34.781264 -19.375000


-9.934399 -34.781264 -19.375000 
-10.866040 -34.781264 -17.500000 
-9.316410 -40.060563 -11.881250 
-9.934399 -34.781264 -19.375000


-10.866040 -39.439469 -8.125000 
-10.866040 -39.750016 -3.125000 
-9.316410 -41.613298 -3.131250 
-10.866040 -39.439469 -8.125000


-18.322273 -54.659377 -13.125000 
-14.906256 -55.277366 -11.243750 
-16.458991 -53.724631 -9.993750 
-18.322273 -54.659377 -13.125000


-9.316410 -40.060563 -11.881250 
-10.866040 -34.781264 -17.500000 
-10.555493 -38.197281 -11.875000 
-9.316410 -40.060563 -11.881250


-7.453128 -43.166033 -8.743750 
-8.384769 -41.613298 -11.256250 
-9.316410 -40.060563 -11.881250 
-7.453128 -43.166033 -8.743750


-10.866040 -39.439469 -8.125000 
-7.453128 -43.166033 -8.743750 
-9.316410 -40.060563 -11.881250 
-10.866040 -39.439469 -8.125000


-10.866040 -39.439469 -8.125000 
-10.555493 -38.197281 -11.875000 
-10.866040 -25.464854 0.625000 
-10.866040 -39.439469 -8.125000


-10.866040 -25.464854 0.625000 
-10.555493 -38.197281 -11.875000 
-10.869145 -22.980478 -1.243750 
-10.866040 -25.464854 0.625000


-10.866040 -34.781264 -17.500000 
-10.869145 -22.980478 -1.243750 
-10.555493 -38.197281 -11.875000 
-10.866040 -34.781264 -17.500000


-10.866040 -39.439469 -8.125000 
-9.316410 -40.060563 -11.881250 
-10.555493 -38.197281 -11.875000 
-10.866040 -39.439469 -8.125000


-11.800786 -37.265640 2.506250 
-11.490239 -34.470717 3.131250 
-14.595709 -38.197281 2.506250 
-11.800786 -37.265640 2.506250


-20.806649 -34.781264 2.506250 
-21.738290 -39.750016 1.256250 
-17.701179 -37.579292 2.500000 
-20.806649 -34.781264 2.506250


-20.806649 -34.781264 2.506250 
-21.427743 -36.023452 1.881250 
-21.738290 -39.750016 1.256250 
-20.806649 -34.781264 2.506250


-20.806649 -34.781264 2.506250 
-17.701179 -37.579292 2.500000 
-13.974615 -30.744153 3.756250 
-20.806649 -34.781264 2.506250


-22.669931 -42.234392 0.631250 
-21.117196 -46.271503 0.006250 
-15.837897 -42.855486 2.506250 
-22.669931 -42.234392 0.631250


-17.080085 -40.060563 2.506250 
-22.669931 -42.234392 0.631250 
-15.837897 -42.855486 2.506250 
-17.080085 -40.060563 2.506250


-9.316410 -41.613298 -3.131250 
-10.866040 -39.750016 -3.125000 
-9.005863 -40.060563 1.256250 
-9.316410 -41.613298 -3.131250


-6.832034 -42.544939 0.631250 
-9.316410 -41.613298 -3.131250 
-9.005863 -40.060563 1.256250 
-6.832034 -42.544939 0.631250


-17.701179 -37.579292 2.500000 
-17.080085 -40.060563 2.506250 
-14.595709 -38.197281 2.506250 
-17.701179 -37.579292 2.500000


-6.832034 -42.544939 0.631250 
0.621094 -46.889492 5.625000 
-4.344553 -45.339862 0.625000 
-6.832034 -42.544939 0.631250


-17.080085 -40.060563 2.506250 
-15.837897 -42.855486 2.506250 
-14.595709 -38.197281 2.506250 
-17.080085 -40.060563 2.506250


-15.837897 -42.855486 2.506250 
-11.800786 -37.265640 2.506250 
-14.595709 -38.197281 2.506250 
-15.837897 -42.855486 2.506250


-11.800786 -39.439469 1.881250 
-11.800786 -37.265640 2.506250 
-15.837897 -42.855486 2.506250 
-11.800786 -39.439469 1.881250


-17.701179 -37.579292 2.500000 
-14.595709 -38.197281 2.506250 
-13.974615 -30.744153 3.756250 
-17.701179 -37.579292 2.500000


-13.974615 -30.744153 3.756250 
-14.595709 -38.197281 2.506250 
-11.490239 -34.470717 3.131250 
-13.974615 -30.744153 3.756250


-6.832034 -49.066426 1.881250 
-8.384769 -49.687520 0.631250 
-2.484376 -50.929708 0.631250 
-6.832034 -49.066426 1.881250


0.310547 -55.898460 -16.868750 
1.863282 -54.969924 -12.500000 
-1.552735 -54.969924 -11.875000 
0.310547 -55.898460 -16.868750


-2.484376 -48.445332 4.381250 
-9.934399 -38.507828 1.875000 
-11.800786 -39.439469 1.881250 
-2.484376 -48.445332 4.381250


-9.934399 -38.507828 1.875000 
0.621094 -46.889492 5.625000 
-6.832034 -42.544939 0.631250 
-9.934399 -38.507828 1.875000


-9.934399 -38.507828 1.875000 
-6.832034 -42.544939 0.631250 
-9.005863 -40.060563 1.256250 
-9.934399 -38.507828 1.875000


-0.621094 -49.069531 4.375000 
0.310547 -48.134785 6.256250 
-2.484376 -48.445332 4.381250 
-0.621094 -49.069531 4.375000


-3.726564 -48.755879 3.756250 
-2.484376 -50.929708 0.631250 
-0.621094 -49.069531 4.375000 
-3.726564 -48.755879 3.756250


-9.934399 -38.507828 1.875000 
0.310547 -48.134785 6.256250 
0.621094 -46.889492 5.625000 
-9.934399 -38.507828 1.875000


-2.484376 -48.445332 4.381250 
0.310547 -48.134785 6.256250 
-9.934399 -38.507828 1.875000 
-2.484376 -48.445332 4.381250


-15.837897 -42.855486 2.506250 
-16.458991 -44.718768 1.256250 
-13.974615 -49.998067 0.006250 
-15.837897 -42.855486 2.506250


-0.621094 -49.069531 4.375000 
-2.484376 -48.445332 4.381250 
-3.726564 -48.755879 3.756250 
-0.621094 -49.069531 4.375000


-1.863282 -47.821133 1.250000 
-0.617989 -48.755879 1.875000 
0.621094 -50.619161 0.631250 
-1.863282 -47.821133 1.250000


-5.279299 -46.271503 -2.506250 
-2.794923 -49.066426 -2.506250 
-6.210940 -45.650409 -8.743750 
-5.279299 -46.271503 -2.506250


5.589846 -48.131680 6.875000 
3.726564 -47.200039 6.875000 
3.105470 -47.824238 8.756250 
5.589846 -48.131680 6.875000


-16.458991 -53.724631 -9.993750 
-14.906256 -55.277366 -11.243750 
-14.285162 -53.724631 -8.743750 
-16.458991 -53.724631 -9.993750


7.456233 -49.066426 6.250000 
3.416017 -49.690625 5.625000 
0.621094 -50.619161 0.631250 
7.456233 -49.066426 6.250000


-2.484376 -48.445332 4.381250 
-11.800786 -39.439469 1.881250 
-3.726564 -48.755879 3.756250 
-2.484376 -48.445332 4.381250


-5.589846 -48.755879 2.506250 
-15.837897 -42.855486 2.506250 
-6.832034 -49.066426 1.881250 
-5.589846 -48.755879 2.506250


-4.344553 -45.339862 0.625000 
-1.863282 -47.821133 1.250000 
-2.794923 -49.066426 -2.506250 
-4.344553 -45.339862 0.625000


-5.279299 -46.271503 -2.506250 
-4.344553 -45.339862 0.625000 
-2.794923 -49.066426 -2.506250 
-5.279299 -46.271503 -2.506250


-8.384769 -49.687520 0.631250 
-6.832034 -49.066426 1.881250 
-13.974615 -49.998067 0.006250 
-8.384769 -49.687520 0.631250


1.863282 -54.969924 -12.500000 
1.552735 -56.522659 -20.000000 
1.552735 -54.963714 -15.625000 
1.863282 -54.969924 -12.500000


1.863282 -54.969924 -12.500000 
0.310547 -55.898460 -16.868750 
1.552735 -56.522659 -20.000000 
1.863282 -54.969924 -12.500000


7.456233 -49.066426 6.250000 
3.726564 -47.200039 6.875000 
5.589846 -48.131680 6.875000 
7.456233 -49.066426 6.250000


-18.011726 -50.001172 -4.375000 
-18.011726 -52.171896 -8.743750 
-15.527350 -52.171896 -6.868750 
-18.011726 -50.001172 -4.375000


0.931641 -57.143753 -23.750000 
-2.794923 -57.451195 -21.868750 
-1.552735 -57.764847 -25.000000 
0.931641 -57.143753 -23.750000


7.456233 -49.066426 6.250000 
0.621094 -50.619161 0.631250 
-0.617989 -48.755879 1.875000 
7.456233 -49.066426 6.250000


7.456233 -49.066426 6.250000 
-0.617989 -48.755879 1.875000 
3.726564 -47.200039 6.875000 
7.456233 -49.066426 6.250000


-8.384769 -59.007035 -21.250000 
-9.005863 -59.628129 -25.000000 
-1.552735 -57.764847 -25.000000 
-8.384769 -59.007035 -21.250000


-2.794923 -57.451195 -21.868750 
-8.384769 -59.007035 -21.250000 
-1.552735 -57.764847 -25.000000 
-2.794923 -57.451195 -21.868750


3.416017 -49.690625 5.625000 
-0.621094 -49.069531 4.375000 
-2.484376 -50.929708 0.631250 
3.416017 -49.690625 5.625000


1.863282 -54.969924 -12.500000 
1.552735 -54.963714 -15.625000 
-2.794923 -50.619161 -12.506250 
1.863282 -54.969924 -12.500000


-5.900393 -45.336757 -11.875000 
-6.210940 -45.650409 -8.743750 
-1.242188 -50.926603 -5.000000 
-5.900393 -45.336757 -11.875000


-3.726564 -49.376973 -12.506250 
-5.900393 -45.336757 -11.875000 
-1.242188 -50.926603 -5.000000 
-3.726564 -49.376973 -12.506250


0.931641 -57.143753 -23.750000 
-1.552735 -57.764847 -25.000000 
-0.621094 -58.385941 -28.750000 
0.931641 -57.143753 -23.750000


2.173829 -57.143753 -28.125000 
0.931641 -57.143753 -23.750000 
-0.621094 -58.385941 -28.750000 
2.173829 -57.143753 -28.125000


4.658205 -55.895355 -26.875000 
2.173829 -50.308614 -31.868750 
0.000000 -46.892597 -31.243750 
4.658205 -55.895355 -26.875000


-4.034006 -48.755879 -21.875000 
1.552735 -54.963714 -15.625000 
-0.310547 -54.345725 -21.868750 
-4.034006 -48.755879 -21.875000


-20.496102 -52.796095 -11.875000 
-20.185555 -53.103537 -12.493750 
-18.322273 -54.659377 -13.125000 
-20.496102 -52.796095 -11.875000


-18.943367 -52.482443 -9.993750 
-20.496102 -52.796095 -11.875000 
-18.322273 -54.659377 -13.125000 
-18.943367 -52.482443 -9.993750


0.310547 -52.792990 -6.243750 
-1.552735 -54.969924 -11.875000 
1.242188 -53.414084 -8.118750 
0.310547 -52.792990 -6.243750


-6.832034 -49.066426 1.881250 
-15.837897 -42.855486 2.506250 
-13.974615 -49.998067 0.006250 
-6.832034 -49.066426 1.881250


-15.527350 -52.171896 -6.868750 
-13.042974 -52.792990 -6.868750 
-13.974615 -49.998067 0.006250 
-15.527350 -52.171896 -6.868750


-13.974615 -49.998067 0.006250 
-13.042974 -52.792990 -6.868750 
-9.316410 -52.482443 -5.618750 
-13.974615 -49.998067 0.006250


-13.974615 -49.998067 0.006250 
-9.316410 -52.482443 -5.618750 
-8.384769 -50.929708 -2.493750 
-13.974615 -49.998067 0.006250


-3.726564 -49.376973 -12.506250 
-1.242188 -50.926603 -5.000000 
1.242188 -53.414084 -8.118750 
-3.726564 -49.376973 -12.506250


-2.794923 -50.619161 -12.506250 
-3.726564 -49.376973 -12.506250 
1.242188 -53.414084 -8.118750 
-2.794923 -50.619161 -12.506250


-15.527350 -52.171896 -6.868750 
-14.285162 -53.724631 -8.743750 
-13.042974 -52.792990 -6.868750 
-15.527350 -52.171896 -6.868750


0.310547 -52.792990 -6.243750 
-1.552735 -52.175001 -1.875000 
-4.658205 -52.485548 -3.750000 
0.310547 -52.792990 -6.243750


0.310547 -52.792990 -6.243750 
0.621094 -52.175001 -4.375000 
-1.552735 -52.175001 -1.875000 
0.310547 -52.792990 -6.243750


-15.527350 -52.171896 -6.868750 
-16.458991 -53.724631 -9.993750 
-14.285162 -53.724631 -8.743750 
-15.527350 -52.171896 -6.868750


-18.011726 -52.171896 -8.743750 
-16.458991 -53.724631 -9.993750 
-15.527350 -52.171896 -6.868750 
-18.011726 -52.171896 -8.743750


-9.316410 -52.482443 -5.618750 
-6.521487 -53.414084 -6.868750 
-4.658205 -52.485548 -3.750000 
-9.316410 -52.482443 -5.618750


-18.011726 -48.445332 0.006250 
-13.974615 -49.998067 0.006250 
-16.458991 -44.718768 1.256250 
-18.011726 -48.445332 0.006250


-18.322273 -54.659377 -13.125000 
-19.564461 -55.277366 -17.493750 
-17.083190 -56.519554 -17.500000 
-18.322273 -54.659377 -13.125000


-4.658205 -54.659377 -13.125000 
-1.552735 -54.969924 -11.875000 
-10.248051 -54.969924 -10.625000 
-4.658205 -54.659377 -13.125000


-20.806649 -56.522659 -21.875000 
-19.564461 -55.277366 -17.493750 
-20.806649 -54.966819 -18.118750 
-20.806649 -56.522659 -21.875000


-1.552735 -54.969924 -11.875000 
0.310547 -52.792990 -6.243750 
-6.521487 -53.414084 -6.868750 
-1.552735 -54.969924 -11.875000


0.310547 -52.792990 -6.243750 
-4.658205 -52.485548 -3.750000 
-6.521487 -53.414084 -6.868750 
0.310547 -52.792990 -6.243750


-4.658205 -52.485548 -3.750000 
-8.384769 -49.687520 0.631250 
-8.384769 -50.929708 -2.493750 
-4.658205 -52.485548 -3.750000


-2.484376 -50.929708 0.631250 
-8.384769 -49.687520 0.631250 
-4.658205 -52.485548 -3.750000 
-2.484376 -50.929708 0.631250


-13.974615 -49.998067 0.006250 
-18.011726 -50.001172 -4.375000 
-15.527350 -52.171896 -6.868750 
-13.974615 -49.998067 0.006250


-6.521487 -53.414084 -6.868750 
-9.316410 -52.482443 -5.618750 
-9.316410 -54.035178 -8.118750 
-6.521487 -53.414084 -6.868750


-19.564461 -50.619161 -7.493750 
-18.943367 -52.482443 -9.993750 
-18.011726 -52.171896 -8.743750 
-19.564461 -50.619161 -7.493750


-16.458991 -53.724631 -9.993750 
-18.011726 -52.171896 -8.743750 
-18.943367 -52.482443 -9.993750 
-16.458991 -53.724631 -9.993750


-19.253914 -49.376973 -3.743750 
-19.564461 -50.619161 -7.493750 
-18.011726 -52.171896 -8.743750 
-19.253914 -49.376973 -3.743750


-18.011726 -50.001172 -4.375000 
-19.253914 -49.376973 -3.743750 
-18.011726 -52.171896 -8.743750 
-18.011726 -50.001172 -4.375000


-13.042974 -52.792990 -6.868750 
-9.316410 -54.035178 -8.118750 
-9.316410 -52.482443 -5.618750 
-13.042974 -52.792990 -6.868750


-5.589846 -60.246118 -40.006250 
-7.142581 -60.867212 -38.131250 
-4.658205 -55.277366 -42.506250 
-5.589846 -60.246118 -40.006250


-12.111333 -55.587913 -10.618750 
-14.906256 -55.277366 -11.243750 
-13.974615 -56.833206 -13.750000 
-12.111333 -55.587913 -10.618750


-14.285162 -53.724631 -8.743750 
-14.906256 -55.277366 -11.243750 
-12.111333 -55.587913 -10.618750 
-14.285162 -53.724631 -8.743750


-10.248051 -54.969924 -10.625000 
-9.316410 -54.035178 -8.118750 
-12.111333 -55.587913 -10.618750 
-10.248051 -54.969924 -10.625000


0.310547 -55.898460 -16.868750 
-1.552735 -54.969924 -11.875000 
-3.105470 -56.833206 -18.125000 
0.310547 -55.898460 -16.868750


-18.322273 -54.659377 -13.125000 
-13.974615 -56.833206 -13.750000 
-14.906256 -55.277366 -11.243750 
-18.322273 -54.659377 -13.125000


-13.974615 -56.833206 -13.750000 
-18.322273 -54.659377 -13.125000 
-17.083190 -56.519554 -17.500000 
-13.974615 -56.833206 -13.750000


-18.322273 -57.454300 -21.875000 
-15.216803 -57.143753 -18.750000 
-17.083190 -56.519554 -17.500000 
-18.322273 -57.454300 -21.875000


-5.900393 -57.454300 -18.750000 
-6.832034 -56.209007 -16.243750 
-7.142581 -57.761742 -18.743750 
-5.900393 -57.454300 -18.750000


-15.216803 -57.143753 -18.750000 
-13.974615 -56.833206 -13.750000 
-17.083190 -56.519554 -17.500000 
-15.216803 -57.143753 -18.750000


1.552735 -56.522659 -20.000000 
0.931641 -57.143753 -23.750000 
4.037111 -56.209007 -24.368750 
1.552735 -56.522659 -20.000000


-12.421880 -60.246118 -24.993750 
-8.384769 -59.007035 -21.250000 
-12.111333 -59.003930 -22.493750 
-12.421880 -60.246118 -24.993750


-18.322273 -57.454300 -21.875000 
-19.564461 -59.628129 -28.125000 
-15.216803 -60.867212 -27.493750 
-18.322273 -57.454300 -21.875000


-15.216803 -59.625024 -25.618750 
-18.322273 -57.454300 -21.875000 
-15.216803 -60.867212 -27.493750 
-15.216803 -59.625024 -25.618750


-17.083190 -56.519554 -17.500000 
-20.806649 -56.522659 -21.875000 
-18.322273 -57.454300 -21.875000 
-17.083190 -56.519554 -17.500000


-17.083190 -56.519554 -17.500000 
-19.564461 -55.277366 -17.493750 
-20.806649 -56.522659 -21.875000 
-17.083190 -56.519554 -17.500000


-20.806649 -56.522659 -21.875000 
-25.154307 -52.482443 -19.368750 
-24.843760 -55.587913 -25.618750 
-20.806649 -56.522659 -21.875000


-18.322273 -57.454300 -21.875000 
-20.806649 -56.522659 -21.875000 
-22.048837 -57.761742 -26.243750 
-18.322273 -57.454300 -21.875000


-15.216803 -60.867212 -27.493750 
-13.664068 -61.491411 -28.125000 
-12.421880 -60.246118 -24.993750 
-15.216803 -60.867212 -27.493750


-15.216803 -60.867212 -27.493750 
-12.421880 -60.246118 -24.993750 
-15.216803 -59.625024 -25.618750 
-15.216803 -60.867212 -27.493750


-20.806649 -54.966819 -18.118750 
-25.154307 -52.482443 -19.368750 
-20.806649 -56.522659 -21.875000 
-20.806649 -54.966819 -18.118750


-22.980478 -53.103537 -17.493750 
-25.154307 -52.482443 -19.368750 
-20.806649 -54.966819 -18.118750 
-22.980478 -53.103537 -17.493750


-13.974615 -56.833206 -13.750000 
-15.216803 -57.143753 -18.750000 
-13.664068 -57.140648 -18.756250 
-13.974615 -56.833206 -13.750000


1.552735 -54.963714 -15.625000 
-4.034006 -48.755879 -21.875000 
-2.794923 -50.619161 -12.506250 
1.552735 -54.963714 -15.625000


-10.248051 -54.969924 -10.625000 
-6.832034 -56.209007 -16.243750 
-4.658205 -54.659377 -13.125000 
-10.248051 -54.969924 -10.625000


-13.974615 -56.833206 -13.750000 
-6.832034 -56.209007 -16.243750 
-12.111333 -55.587913 -10.618750 
-13.974615 -56.833206 -13.750000


-10.248051 -54.969924 -10.625000 
-12.111333 -55.587913 -10.618750 
-6.832034 -56.209007 -16.243750 
-10.248051 -54.969924 -10.625000


-7.142581 -57.761742 -18.743750 
-6.832034 -56.209007 -16.243750 
-13.974615 -56.833206 -13.750000 
-7.142581 -57.761742 -18.743750


-7.142581 -57.761742 -18.743750 
-13.974615 -56.833206 -13.750000 
-8.384769 -59.007035 -21.250000 
-7.142581 -57.761742 -18.743750


-4.034006 -48.755879 -21.875000 
-3.726564 -49.376973 -12.506250 
-2.794923 -50.619161 -12.506250 
-4.034006 -48.755879 -21.875000


-4.034006 -48.755879 -21.875000 
-5.586741 -47.203144 -20.000000 
-3.726564 -49.376973 -12.506250 
-4.034006 -48.755879 -21.875000


-3.105470 -56.833206 -18.125000 
-2.794923 -57.451195 -21.868750 
1.552735 -56.522659 -20.000000 
-3.105470 -56.833206 -18.125000


1.552735 -56.522659 -20.000000 
0.310547 -55.898460 -16.868750 
-3.105470 -56.833206 -18.125000 
1.552735 -56.522659 -20.000000


-5.900393 -57.454300 -18.750000 
-2.794923 -57.451195 -21.868750 
-3.105470 -56.833206 -18.125000 
-5.900393 -57.454300 -18.750000


-6.832034 -56.209007 -16.243750 
-5.900393 -57.454300 -18.750000 
-3.105470 -56.833206 -18.125000 
-6.832034 -56.209007 -16.243750


-6.832034 -56.209007 -16.243750 
-3.105470 -56.833206 -18.125000 
-1.552735 -54.969924 -11.875000 
-6.832034 -56.209007 -16.243750


-6.832034 -56.209007 -16.243750 
-1.552735 -54.969924 -11.875000 
-4.658205 -54.659377 -13.125000 
-6.832034 -56.209007 -16.243750


-5.900393 -57.454300 -18.750000 
-8.384769 -59.007035 -21.250000 
-2.794923 -57.451195 -21.868750 
-5.900393 -57.454300 -18.750000


4.658205 -55.895355 -26.875000 
0.000000 -46.892597 -31.243750 
4.037111 -56.209007 -24.368750 
4.658205 -55.895355 -26.875000


-2.173829 -60.249223 -43.750000 
-2.173829 -61.488306 -48.131250 
0.310547 -59.628129 -41.250000 
-2.173829 -60.249223 -43.750000


1.242188 -58.382836 -43.756250 
0.310547 -59.628129 -41.250000 
-2.173829 -61.488306 -48.131250 
1.242188 -58.382836 -43.756250


-0.310547 -54.345725 -21.868750 
1.552735 -54.963714 -15.625000 
4.037111 -56.209007 -24.368750 
-0.310547 -54.345725 -21.868750


-1.552735 -57.764847 -25.000000 
-3.105470 -59.007035 -28.750000 
-0.621094 -58.385941 -28.750000 
-1.552735 -57.764847 -25.000000


-9.005863 -59.628129 -25.000000 
-3.105470 -59.007035 -28.750000 
-1.552735 -57.764847 -25.000000 
-9.005863 -59.628129 -25.000000


-11.176587 -60.556665 -26.875000 
-11.179692 -60.559770 -26.250000 
-13.664068 -61.491411 -28.125000 
-11.176587 -60.556665 -26.875000


-12.421880 -60.246118 -24.993750 
-13.664068 -61.491411 -28.125000 
-11.179692 -60.559770 -26.250000 
-12.421880 -60.246118 -24.993750


-3.105470 -59.007035 -28.750000 
-9.005863 -59.628129 -25.000000 
-6.521487 -59.938676 -31.250000 
-3.105470 -59.007035 -28.750000


3.416017 -56.830101 -42.506250 
1.242188 -58.382836 -43.756250 
-0.621094 -59.003930 -46.256250 
3.416017 -56.830101 -42.506250


6.214045 -50.929708 -35.625000 
7.766780 -53.414084 -38.125000 
6.521487 -51.550802 -37.506250 
6.214045 -50.929708 -35.625000


0.931641 -57.143753 -23.750000 
2.173829 -57.143753 -28.125000 
4.658205 -57.143753 -29.375000 
0.931641 -57.143753 -23.750000


4.037111 -56.209007 -24.368750 
0.931641 -57.143753 -23.750000 
4.658205 -57.143753 -29.375000 
4.037111 -56.209007 -24.368750


-13.664068 -61.491411 -28.125000 
-8.698421 -60.867212 -35.000000 
-6.521487 -59.938676 -31.250000 
-13.664068 -61.491411 -28.125000


8.077327 -55.587913 -38.125000 
7.453128 -56.522659 -33.750000 
2.173829 -58.385941 -35.625000 
8.077327 -55.587913 -38.125000


4.971857 -56.519554 -41.250000 
2.173829 -58.385941 -35.625000 
0.310547 -59.628129 -41.250000 
4.971857 -56.519554 -41.250000


-4.658205 -55.277366 -42.506250 
-18.943367 -59.003930 -33.756250 
-15.527350 -54.035178 -33.131250 
-4.658205 -55.277366 -42.506250


-18.943367 -59.003930 -33.756250 
-19.564461 -61.798853 -33.756250 
-21.738290 -59.628129 -33.125000 
-18.943367 -59.003930 -33.756250


6.210940 -55.898460 -29.368750 
7.453128 -56.522659 -33.750000 
7.142581 -54.345725 -31.868750 
6.210940 -55.898460 -29.368750


4.971857 -56.519554 -41.250000 
8.077327 -55.587913 -38.125000 
2.173829 -58.385941 -35.625000 
4.971857 -56.519554 -41.250000


6.210940 -55.898460 -40.631250 
8.077327 -55.587913 -38.125000 
4.971857 -56.519554 -41.250000 
6.210940 -55.898460 -40.631250


0.000000 -46.892597 -31.243750 
4.037111 -50.619161 -33.118750 
2.484376 -48.755879 -33.118750 
0.000000 -46.892597 -31.243750


0.000000 -46.892597 -31.243750 
2.173829 -50.308614 -31.868750 
4.037111 -50.619161 -33.118750 
0.000000 -46.892597 -31.243750


-9.937504 -39.439469 -30.006250 
-3.416017 -40.681657 -31.881250 
-11.800786 -44.097674 -32.506250 
-9.937504 -39.439469 -30.006250


-4.037111 -59.628129 -31.250000 
-4.968752 -60.246118 -33.743750 
-1.552735 -59.317582 -32.500000 
-4.037111 -59.628129 -31.250000


-6.518382 -43.166033 -21.250000 
-4.034006 -48.755879 -21.875000 
-3.105470 -41.302751 -28.118750 
-6.518382 -43.166033 -21.250000


-4.037111 -35.088706 -28.750000 
-4.347658 -35.712905 -29.381250 
-4.968752 -34.160170 -28.131250 
-4.037111 -35.088706 -28.750000


-8.071117 -38.197281 -21.250000 
-4.655100 -38.197281 -27.500000 
-4.037111 -35.088706 -28.750000 
-8.071117 -38.197281 -21.250000


-19.564461 -61.798853 -33.756250 
-15.837897 -61.801958 -30.000000 
-18.011726 -60.867212 -29.368750 
-19.564461 -61.798853 -33.756250


-16.458991 -61.180864 -33.750000 
-15.837897 -61.801958 -30.000000 
-19.564461 -61.798853 -33.756250 
-16.458991 -61.180864 -33.750000


-18.632820 -45.960956 -30.631250 
-11.800786 -44.097674 -32.506250 
-16.769538 -47.824238 -31.256250 
-18.632820 -45.960956 -30.631250


-15.837897 -35.091811 -29.381250 
-15.216803 -37.576187 -30.006250 
-22.359384 -40.681657 -28.131250 
-15.837897 -35.091811 -29.381250


-15.837897 -35.091811 -29.381250 
-22.359384 -40.681657 -28.131250 
-20.806649 -38.818375 -27.506250 
-15.837897 -35.091811 -29.381250


-11.800786 -44.097674 -32.506250 
-14.595709 -39.128922 -30.631250 
-9.937504 -39.439469 -30.006250 
-11.800786 -44.097674 -32.506250


-22.359384 -40.681657 -28.131250 
-14.595709 -39.128922 -30.631250 
-21.738290 -43.787127 -29.381250 
-22.359384 -40.681657 -28.131250


-11.800786 -44.097674 -32.506250 
-18.632820 -45.960956 -30.631250 
-14.595709 -39.128922 -30.631250 
-11.800786 -44.097674 -32.506250


4.037111 -48.134785 -34.993750 
2.484376 -48.755879 -33.118750 
4.037111 -50.619161 -33.118750 
4.037111 -48.134785 -34.993750


-14.595709 -39.128922 -30.631250 
-18.632820 -45.960956 -30.631250 
-21.738290 -43.787127 -29.381250 
-14.595709 -39.128922 -30.631250


-15.216803 -60.867212 -27.493750 
-18.011726 -60.867212 -29.368750 
-15.837897 -61.801958 -30.000000 
-15.216803 -60.867212 -27.493750


-6.521487 -59.938676 -31.250000 
-11.179692 -60.559770 -26.250000 
-11.176587 -60.556665 -26.875000 
-6.521487 -59.938676 -31.250000


-6.521487 -59.938676 -31.250000 
-9.005863 -59.628129 -25.000000 
-11.179692 -60.559770 -26.250000 
-6.521487 -59.938676 -31.250000


-15.216803 -59.625024 -25.618750 
-12.421880 -60.246118 -24.993750 
-12.111333 -59.003930 -22.493750 
-15.216803 -59.625024 -25.618750


-12.111333 -59.003930 -22.493750 
-15.216803 -57.143753 -18.750000 
-15.216803 -59.625024 -25.618750 
-12.111333 -59.003930 -22.493750


-18.322273 -57.454300 -21.875000 
-15.216803 -59.625024 -25.618750 
-15.216803 -57.143753 -18.750000 
-18.322273 -57.454300 -21.875000


-18.322273 -57.454300 -21.875000 
-22.048837 -57.761742 -26.243750 
-19.564461 -59.628129 -28.125000 
-18.322273 -57.454300 -21.875000


-11.176587 -60.556665 -26.875000 
-13.664068 -61.491411 -28.125000 
-6.521487 -59.938676 -31.250000 
-11.176587 -60.556665 -26.875000


-21.427743 -59.628129 -29.375000 
-19.564461 -61.798853 -33.756250 
-18.011726 -60.867212 -29.368750 
-21.427743 -59.628129 -29.375000


-21.427743 -59.628129 -29.375000 
-21.738290 -59.628129 -33.125000 
-19.564461 -61.798853 -33.756250 
-21.427743 -59.628129 -29.375000


-5.589846 -50.929708 -40.006250 
-4.347658 -53.414084 -41.256250 
-4.658205 -55.277366 -42.506250 
-5.589846 -50.929708 -40.006250


-14.595709 -49.687520 -31.881250 
-11.800786 -44.097674 -32.506250 
-9.005863 -48.755879 -34.381250 
-14.595709 -49.687520 -31.881250


-5.589846 -50.929708 -40.006250 
-14.595709 -49.687520 -31.881250 
-9.005863 -48.755879 -34.381250 
-5.589846 -50.929708 -40.006250


-20.806649 -53.103537 -33.131250 
-18.943367 -52.171896 -32.506250 
-15.527350 -54.035178 -33.131250 
-20.806649 -53.103537 -33.131250


-6.521487 -59.938676 -31.250000 
-4.037111 -59.628129 -31.250000 
-3.105470 -59.007035 -28.750000 
-6.521487 -59.938676 -31.250000


-19.564461 -59.628129 -28.125000 
-18.011726 -60.867212 -29.368750 
-15.216803 -60.867212 -27.493750 
-19.564461 -59.628129 -28.125000


-15.837897 -61.801958 -30.000000 
-13.664068 -61.491411 -28.125000 
-15.216803 -60.867212 -27.493750 
-15.837897 -61.801958 -30.000000


-4.968752 -60.246118 -33.743750 
0.310547 -59.317582 -36.875000 
-1.552735 -59.317582 -32.500000 
-4.968752 -60.246118 -33.743750


-2.484376 -59.628129 -38.750000 
0.310547 -59.317582 -36.875000 
-4.968752 -60.246118 -33.743750 
-2.484376 -59.628129 -38.750000


4.658205 -55.895355 -26.875000 
7.142581 -54.345725 -31.868750 
4.037111 -50.619161 -33.118750 
4.658205 -55.895355 -26.875000


-4.658205 -55.277366 -42.506250 
-7.142581 -60.867212 -38.131250 
-18.943367 -59.003930 -33.756250 
-4.658205 -55.277366 -42.506250


-0.621094 -58.385941 -28.750000 
-3.105470 -59.007035 -28.750000 
-1.552735 -59.317582 -32.500000 
-0.621094 -58.385941 -28.750000


-18.943367 -59.003930 -33.756250 
-20.806649 -53.103537 -33.131250 
-15.527350 -54.035178 -33.131250 
-18.943367 -59.003930 -33.756250


-4.658205 -55.277366 -42.506250 
-4.347658 -53.414084 -41.256250 
-3.105470 -58.072289 -46.256250 
-4.658205 -55.277366 -42.506250


-1.552735 -47.513691 -37.506250 
-1.242188 -45.650409 -36.881250 
1.863282 -49.066426 -37.506250 
-1.552735 -47.513691 -37.506250


-4.968752 -60.246118 -33.743750 
-8.698421 -60.867212 -35.000000 
-7.142581 -60.867212 -38.131250 
-4.968752 -60.246118 -33.743750


-13.664068 -61.491411 -28.125000 
-15.837897 -61.801958 -30.000000 
-8.698421 -60.867212 -35.000000 
-13.664068 -61.491411 -28.125000


-15.837897 -61.801958 -30.000000 
-16.458991 -61.180864 -33.750000 
-8.698421 -60.867212 -35.000000 
-15.837897 -61.801958 -30.000000


-7.142581 -60.867212 -38.131250 
-8.698421 -60.867212 -35.000000 
-16.458991 -61.180864 -33.750000 
-7.142581 -60.867212 -38.131250


-7.142581 -60.867212 -38.131250 
-2.484376 -59.628129 -38.750000 
-4.968752 -60.246118 -33.743750 
-7.142581 -60.867212 -38.131250


-4.968752 -60.246118 -33.743750 
-6.521487 -59.938676 -31.250000 
-8.698421 -60.867212 -35.000000 
-4.968752 -60.246118 -33.743750


5.589846 -55.587913 -41.881250 
3.416017 -56.830101 -42.506250 
-0.621094 -59.003930 -46.256250 
5.589846 -55.587913 -41.881250


3.416017 -54.345725 -40.631250 
5.589846 -55.587913 -41.881250 
-0.621094 -59.003930 -46.256250 
3.416017 -54.345725 -40.631250


-3.105470 -58.072289 -46.256250 
3.416017 -54.345725 -40.631250 
-0.621094 -59.003930 -46.256250 
-3.105470 -58.072289 -46.256250


6.210940 -53.724631 -40.006250 
5.589846 -55.587913 -41.881250 
3.416017 -50.308614 -38.131250 
6.210940 -53.724631 -40.006250


7.766780 -53.414084 -38.125000 
7.142581 -54.345725 -31.868750 
8.077327 -55.587913 -38.125000 
7.766780 -53.414084 -38.125000


7.453128 -56.522659 -33.750000 
8.077327 -55.587913 -38.125000 
7.142581 -54.345725 -31.868750 
7.453128 -56.522659 -33.750000


-4.968752 -60.246118 -33.743750 
-4.037111 -59.628129 -31.250000 
-6.521487 -59.938676 -31.250000 
-4.968752 -60.246118 -33.743750


-11.800786 -44.097674 -32.506250 
-5.589846 -50.929708 -40.006250 
-9.005863 -48.755879 -34.381250 
-11.800786 -44.097674 -32.506250


-18.943367 -52.171896 -32.506250 
-16.769538 -47.824238 -31.256250 
-14.595709 -49.687520 -31.881250 
-18.943367 -52.171896 -32.506250


0.624199 -43.476580 -33.125000 
-0.310547 -43.787127 -35.006250 
-1.242188 -41.302751 -33.756250 
0.624199 -43.476580 -33.125000


-15.527350 -54.035178 -33.131250 
-18.943367 -52.171896 -32.506250 
-5.589846 -50.929708 -40.006250 
-15.527350 -54.035178 -33.131250


-14.595709 -49.687520 -31.881250 
-5.589846 -50.929708 -40.006250 
-18.943367 -52.171896 -32.506250 
-14.595709 -49.687520 -31.881250


-15.527350 -54.035178 -33.131250 
-5.589846 -50.929708 -40.006250 
-4.658205 -55.277366 -42.506250 
-15.527350 -54.035178 -33.131250


-5.589846 -50.929708 -40.006250 
-3.416017 -50.308614 -39.381250 
-4.347658 -53.414084 -41.256250 
-5.589846 -50.929708 -40.006250


0.624199 -43.476580 -33.125000 
1.555840 -45.960956 -35.000000 
-0.310547 -43.787127 -35.006250 
0.624199 -43.476580 -33.125000


-1.242188 -45.650409 -36.881250 
-0.310547 -43.787127 -35.006250 
1.555840 -45.960956 -35.000000 
-1.242188 -45.650409 -36.881250


1.863282 -49.066426 -37.506250 
-1.242188 -45.650409 -36.881250 
1.555840 -45.960956 -35.000000 
1.863282 -49.066426 -37.506250


-3.105470 -41.302751 -28.118750 
-1.242188 -43.476580 -29.993750 
-1.549630 -40.060563 -30.000000 
-3.105470 -41.302751 -28.118750


-1.549630 -39.128922 -31.250000 
-2.173829 -37.886734 -30.006250 
-1.549630 -40.060563 -30.000000 
-1.549630 -39.128922 -31.250000


-11.800786 -44.097674 -32.506250 
-1.242188 -45.650409 -36.881250 
-5.589846 -50.929708 -40.006250 
-11.800786 -44.097674 -32.506250


-9.937504 -39.439469 -30.006250 
-8.384769 -35.712905 -29.381250 
-3.416017 -40.681657 -31.881250 
-9.937504 -39.439469 -30.006250


-2.173829 -60.249223 -43.750000 
0.310547 -59.628129 -41.250000 
-2.484376 -59.628129 -38.750000 
-2.173829 -60.249223 -43.750000


6.210940 -55.898460 -29.368750 
4.658205 -57.143753 -29.375000 
7.453128 -56.522659 -33.750000 
6.210940 -55.898460 -29.368750


2.173829 -58.385941 -35.625000 
0.310547 -59.317582 -36.875000 
0.310547 -59.628129 -41.250000 
2.173829 -58.385941 -35.625000


1.555840 -45.960956 -35.000000 
0.624199 -43.476580 -33.125000 
4.037111 -48.134785 -34.993750 
1.555840 -45.960956 -35.000000


-1.242188 -43.476580 -29.993750 
2.484376 -48.755879 -33.118750 
0.624199 -43.476580 -33.125000 
-1.242188 -43.476580 -29.993750


-1.242188 -43.476580 -29.993750 
0.000000 -46.892597 -31.243750 
2.484376 -48.755879 -33.118750 
-1.242188 -43.476580 -29.993750


-3.105470 -58.072289 -46.256250 
-3.416017 -50.308614 -39.381250 
3.416017 -54.345725 -40.631250 
-3.105470 -58.072289 -46.256250


-4.347658 -53.414084 -41.256250 
-3.416017 -50.308614 -39.381250 
-3.105470 -58.072289 -46.256250 
-4.347658 -53.414084 -41.256250


-1.242188 -41.302751 -33.756250 
-1.242188 -45.650409 -36.881250 
-11.800786 -44.097674 -32.506250 
-1.242188 -41.302751 -33.756250


-6.832034 -36.023452 -29.381250 
-4.347658 -35.712905 -29.381250 
-1.242188 -41.302751 -33.756250 
-6.832034 -36.023452 -29.381250


-8.384769 -35.712905 -29.381250 
-6.832034 -36.023452 -29.381250 
-1.242188 -41.302751 -33.756250 
-8.384769 -35.712905 -29.381250


-3.416017 -40.681657 -31.881250 
-8.384769 -35.712905 -29.381250 
-1.242188 -41.302751 -33.756250 
-3.416017 -40.681657 -31.881250


-3.416017 -40.681657 -31.881250 
-1.242188 -41.302751 -33.756250 
-11.800786 -44.097674 -32.506250 
-3.416017 -40.681657 -31.881250


-1.242188 -43.476580 -29.993750 
0.624199 -43.476580 -33.125000 
-1.549630 -40.060563 -30.000000 
-1.242188 -43.476580 -29.993750


0.624199 -43.476580 -33.125000 
-1.242188 -41.302751 -33.756250 
-1.549630 -39.128922 -31.250000 
0.624199 -43.476580 -33.125000


0.624199 -43.476580 -33.125000 
-1.549630 -39.128922 -31.250000 
-1.549630 -40.060563 -30.000000 
0.624199 -43.476580 -33.125000


-4.347658 -35.712905 -29.381250 
-1.549630 -39.128922 -31.250000 
-1.242188 -41.302751 -33.756250 
-4.347658 -35.712905 -29.381250


6.210940 -53.724631 -40.006250 
7.766780 -53.414084 -38.125000 
5.589846 -55.587913 -41.881250 
6.210940 -53.724631 -40.006250


1.863282 -49.066426 -37.506250 
4.658205 -49.687520 -36.881250 
3.416017 -50.308614 -38.131250 
1.863282 -49.066426 -37.506250


6.521487 -51.550802 -37.506250 
7.766780 -53.414084 -38.125000 
6.210940 -53.724631 -40.006250 
6.521487 -51.550802 -37.506250


4.658205 -49.687520 -36.881250 
1.555840 -45.960956 -35.000000 
4.037111 -48.134785 -34.993750 
4.658205 -49.687520 -36.881250


1.863282 -49.066426 -37.506250 
1.555840 -45.960956 -35.000000 
4.658205 -49.687520 -36.881250 
1.863282 -49.066426 -37.506250


4.658205 -49.687520 -36.881250 
4.037111 -48.134785 -34.993750 
6.521487 -51.550802 -37.506250 
4.658205 -49.687520 -36.881250


6.214045 -50.929708 -35.625000 
6.521487 -51.550802 -37.506250 
4.037111 -48.134785 -34.993750 
6.214045 -50.929708 -35.625000


4.658205 -55.895355 -26.875000 
6.210940 -55.898460 -29.368750 
7.142581 -54.345725 -31.868750 
4.658205 -55.895355 -26.875000


4.971857 -56.519554 -41.250000 
3.416017 -56.830101 -42.506250 
5.589846 -55.587913 -41.881250 
4.971857 -56.519554 -41.250000


3.416017 -50.308614 -38.131250 
6.521487 -51.550802 -37.506250 
6.210940 -53.724631 -40.006250 
3.416017 -50.308614 -38.131250


1.863282 -49.066426 -37.506250 
3.416017 -50.308614 -38.131250 
-3.416017 -50.308614 -39.381250 
1.863282 -49.066426 -37.506250


6.210940 -55.898460 -40.631250 
4.971857 -56.519554 -41.250000 
5.589846 -55.587913 -41.881250 
6.210940 -55.898460 -40.631250


5.589846 -55.587913 -41.881250 
3.416017 -54.345725 -40.631250 
3.416017 -50.308614 -38.131250 
5.589846 -55.587913 -41.881250


1.242188 -58.382836 -43.756250 
4.971857 -56.519554 -41.250000 
0.310547 -59.628129 -41.250000 
1.242188 -58.382836 -43.756250


-5.589846 -60.246118 -40.006250 
-3.105470 -58.072289 -46.256250 
-3.108575 -60.556665 -46.250000 
-5.589846 -60.246118 -40.006250


-3.105470 -58.072289 -46.256250 
-0.621094 -59.003930 -46.256250 
-2.173829 -61.488306 -48.131250 
-3.105470 -58.072289 -46.256250


-3.105470 -58.072289 -46.256250 
-2.173829 -61.488306 -48.131250 
-3.108575 -60.556665 -46.250000 
-3.105470 -58.072289 -46.256250


-3.416017 -50.308614 -39.381250 
3.416017 -50.308614 -38.131250 
3.416017 -54.345725 -40.631250 
-3.416017 -50.308614 -39.381250


4.037111 -48.134785 -34.993750 
7.142581 -54.345725 -31.868750 
6.214045 -50.929708 -35.625000 
4.037111 -48.134785 -34.993750


4.037111 -48.134785 -34.993750 
4.037111 -50.619161 -33.118750 
7.142581 -54.345725 -31.868750 
4.037111 -48.134785 -34.993750


5.589846 -55.587913 -41.881250 
8.077327 -55.587913 -38.125000 
6.210940 -55.898460 -40.631250 
5.589846 -55.587913 -41.881250


5.589846 -55.587913 -41.881250 
7.766780 -53.414084 -38.125000 
8.077327 -55.587913 -38.125000 
5.589846 -55.587913 -41.881250


-3.105470 -59.007035 -28.750000 
-4.037111 -59.628129 -31.250000 
-1.552735 -59.317582 -32.500000 
-3.105470 -59.007035 -28.750000


6.214045 -50.929708 -35.625000 
7.142581 -54.345725 -31.868750 
7.766780 -53.414084 -38.125000 
6.214045 -50.929708 -35.625000


7.453128 -56.522659 -33.750000 
4.658205 -57.143753 -29.375000 
2.794923 -57.764847 -31.875000 
7.453128 -56.522659 -33.750000


-2.484376 -59.628129 -38.750000 
-5.589846 -60.246118 -40.006250 
-2.173829 -60.249223 -43.750000 
-2.484376 -59.628129 -38.750000


7.453128 -56.522659 -33.750000 
2.794923 -57.764847 -31.875000 
2.173829 -58.385941 -35.625000 
7.453128 -56.522659 -33.750000


4.971857 -56.519554 -41.250000 
1.242188 -58.382836 -43.756250 
3.416017 -56.830101 -42.506250 
4.971857 -56.519554 -41.250000


1.242188 -58.382836 -43.756250 
-2.173829 -61.488306 -48.131250 
-0.621094 -59.003930 -46.256250 
1.242188 -58.382836 -43.756250


2.794923 -57.764847 -31.875000 
-0.621094 -58.385941 -28.750000 
-1.552735 -59.317582 -32.500000 
2.794923 -57.764847 -31.875000


2.173829 -58.385941 -35.625000 
2.794923 -57.764847 -31.875000 
-1.552735 -59.317582 -32.500000 
2.173829 -58.385941 -35.625000


0.310547 -59.317582 -36.875000 
2.173829 -58.385941 -35.625000 
-1.552735 -59.317582 -32.500000 
0.310547 -59.317582 -36.875000


-5.589846 -60.246118 -40.006250 
-3.108575 -60.556665 -46.250000 
-2.173829 -61.488306 -48.131250 
-5.589846 -60.246118 -40.006250


-2.173829 -60.249223 -43.750000 
-5.589846 -60.246118 -40.006250 
-2.173829 -61.488306 -48.131250 
-2.173829 -60.249223 -43.750000


