1954

-11.176587 11.800786 -71.250000 
-13.974615 14.595709 -69.368750 
-12.111333 12.424985 -68.125000 
-11.176587 11.800786 -71.250000


-44.097674 -37.886734 -68.756250 
-45.029315 -33.228529 -70.631250 
-42.544939 -32.604330 -66.875000 
-44.097674 -37.886734 -68.756250


-33.849623 18.635925 -78.750000 
-34.160170 17.704284 -76.250000 
-31.675794 19.253914 -76.868750 
-33.849623 18.635925 -78.750000


-45.964061 -40.681657 -66.875000 
-46.271503 -41.613298 -73.756250 
-45.650409 -42.544939 -72.506250 
-45.964061 -40.681657 -66.875000


-42.234392 8.384769 -75.618750 
-42.237497 5.279299 -69.375000 
-39.750016 10.869145 -73.118750 
-42.234392 8.384769 -75.618750


-42.234392 -31.054700 -43.118750 
-40.992204 -31.986341 -38.743750 
-41.923845 -29.812512 -41.868750 
-42.234392 -31.054700 -43.118750


-2.170724 -38.197281 -30.625000 
-5.279299 -38.507828 -30.618750 
-5.900393 -40.992204 -31.243750 
-2.170724 -38.197281 -30.625000


-35.716010 -48.445332 -40.000000 
-37.268745 -46.892597 -43.750000 
-36.026557 -49.376973 -43.750000 
-35.716010 -48.445332 -40.000000


-11.179692 12.114438 -83.750000 
-12.732427 12.735532 -82.500000 
-13.664068 14.288267 -77.500000 
-11.179692 12.114438 -83.750000


-33.849623 -50.001172 -35.625000 
-35.716010 -48.445332 -40.000000 
-34.784369 -50.308614 -40.000000 
-33.849623 -50.001172 -35.625000


-33.849623 -50.001172 -35.625000 
-34.784369 -50.308614 -40.000000 
-32.921087 -51.861349 -37.500000 
-33.849623 -50.001172 -35.625000


-12.418775 -4.347658 -57.500000 
-12.732427 -5.279299 -53.743750 
-13.660963 -8.074222 -53.125000 
-12.418775 -4.347658 -57.500000


-49.069531 -29.191418 -73.750000 
-48.448437 -27.638683 -68.750000 
-50.308614 -26.707042 -77.493750 
-49.069531 -29.191418 -73.750000


-18.011726 -12.111333 -59.381250 
-9.005863 -1.245293 -67.500000 
-17.698074 -12.732427 -58.750000 
-18.011726 -12.111333 -59.381250


-46.892597 -17.390632 -80.006250 
-49.998067 -20.185555 -82.506250 
-48.134785 -16.148444 -81.256250 
-46.892597 -17.390632 -80.006250


-40.678552 -31.675794 -65.000000 
-39.750016 -29.191418 -64.381250 
-37.576187 -31.057805 -62.500000 
-40.678552 -31.675794 -65.000000


-15.527350 -25.154307 -50.631250 
-16.769538 -27.331241 -50.000000 
-18.008621 -25.154307 -52.500000 
-15.527350 -25.154307 -50.631250


-34.470717 -25.154307 -61.881250 
-35.712905 -27.638683 -61.881250 
-36.333999 -25.154307 -63.131250 
-34.470717 -25.154307 -61.881250


-9.005863 -1.245293 -67.500000 
-6.832034 -0.310547 -69.381250 
-9.316410 -0.624199 -63.750000 
-9.005863 -1.245293 -67.500000


-6.210940 1.242188 -66.868750 
-9.316410 -0.624199 -63.750000 
-6.832034 -0.310547 -69.381250 
-6.210940 1.242188 -66.868750


-30.126164 -57.451195 -41.875000 
-33.231634 -55.587913 -46.250000 
-31.678899 -58.072289 -46.875000 
-30.126164 -57.451195 -41.875000


-43.169138 -18.943367 -41.875000 
-42.544939 -22.669931 -39.993750 
-42.858591 -15.527350 -40.000000 
-43.169138 -18.943367 -41.875000


-45.964061 -29.501965 -59.375000 
-45.960956 -31.054700 -59.993750 
-44.721873 -31.986341 -52.500000 
-45.964061 -29.501965 -59.375000


-32.296888 -62.112505 -66.250000 
-29.501965 -62.109400 -65.006250 
-30.123059 -61.801958 -60.000000 
-32.296888 -62.112505 -66.250000


-32.296888 -60.870317 -61.875000 
-32.296888 -62.112505 -66.250000 
-30.123059 -61.801958 -60.000000 
-32.296888 -60.870317 -61.875000


-13.971510 -32.296888 -44.375000 
-14.906256 -34.160170 -44.368750 
-16.769538 -27.331241 -50.000000 
-13.971510 -32.296888 -44.375000


-29.191418 -18.322273 -61.881250 
-34.781264 -18.011726 -65.006250 
-31.986341 -15.837897 -64.381250 
-29.191418 -18.322273 -61.881250


-33.228529 -19.564461 -63.131250 
-34.781264 -18.011726 -65.006250 
-29.191418 -18.322273 -61.881250 
-33.228529 -19.564461 -63.131250


-40.371110 -38.507828 -64.381250 
-42.544939 -32.604330 -66.875000 
-39.750016 -33.539076 -63.756250 
-40.371110 -38.507828 -64.381250


-33.228529 -55.277366 -62.506250 
-32.917982 -52.792990 -60.631250 
-27.017589 -61.177759 -63.756250 
-33.228529 -55.277366 -62.506250


-44.100779 -36.955093 -54.375000 
-42.548044 -41.302751 -52.500000 
-43.169138 -37.886734 -51.250000 
-44.100779 -36.955093 -54.375000


-47.827343 -36.023452 -73.125000 
-46.274608 -37.265640 -65.000000 
-47.516796 -33.849623 -71.250000 
-47.827343 -36.023452 -73.125000


-49.069531 -5.589846 -78.750000 
-47.206249 1.552735 -81.875000 
-49.380078 -3.105470 -84.375000 
-49.069531 -5.589846 -78.750000


-43.787127 -40.681657 -69.381250 
-44.097674 -37.886734 -68.756250 
-40.371110 -38.507828 -64.381250 
-43.787127 -40.681657 -69.381250


-42.234392 -40.992204 -66.881250 
-43.787127 -40.681657 -69.381250 
-40.371110 -38.507828 -64.381250 
-42.234392 -40.992204 -66.881250


-45.650409 -42.544939 -72.506250 
-46.271503 -41.613298 -73.756250 
-44.408221 -46.271503 -71.256250 
-45.650409 -42.544939 -72.506250


-44.408221 -44.718768 -71.881250 
-44.408221 -46.271503 -71.256250 
-46.271503 -41.613298 -73.756250 
-44.408221 -44.718768 -71.881250


-32.296888 -59.935571 -65.631250 
-33.849623 -57.140648 -64.381250 
-27.017589 -61.177759 -63.756250 
-32.296888 -59.935571 -65.631250


-32.607435 -60.867212 -66.881250 
-36.955093 -58.382836 -68.131250 
-36.644546 -57.140648 -68.131250 
-32.607435 -60.867212 -66.881250


-34.781264 -60.556665 -66.881250 
-36.955093 -58.382836 -68.131250 
-32.607435 -60.867212 -66.881250 
-34.781264 -60.556665 -66.881250


-47.203144 -37.576187 -73.756250 
-46.271503 -41.613298 -73.756250 
-47.827343 -36.023452 -73.125000 
-47.203144 -37.576187 -73.756250


-39.128922 -18.943367 -67.506250 
-37.265640 -23.291025 -64.381250 
-40.371110 -22.980478 -66.881250 
-39.128922 -18.943367 -67.506250


-45.964061 -40.681657 -66.875000 
-47.827343 -36.023452 -73.125000 
-46.271503 -41.613298 -73.756250 
-45.964061 -40.681657 -66.875000


-45.029315 -36.955093 -61.868750 
-45.029315 -39.439469 -63.743750 
-43.790232 -39.128922 -56.250000 
-45.029315 -36.955093 -61.868750


-33.228529 -37.265640 -57.506250 
-36.333999 -36.023452 -60.006250 
-31.365247 -33.849623 -56.881250 
-33.228529 -37.265640 -57.506250


-31.675794 -26.396495 -58.756250 
-27.017589 -26.707042 -56.256250 
-29.812512 -28.883976 -56.875000 
-31.675794 -26.396495 -58.756250


-43.169138 -37.886734 -51.250000 
-42.237497 -39.439469 -48.125000 
-43.790232 -34.781264 -50.625000 
-43.169138 -37.886734 -51.250000


-37.886734 -45.339862 -62.506250 
-36.333999 -45.029315 -60.631250 
-36.955093 -48.134785 -62.506250 
-37.886734 -45.339862 -62.506250


-34.160170 -43.166033 -58.131250 
-30.433606 -43.166033 -55.631250 
-34.781264 -46.271503 -59.381250 
-34.160170 -43.166033 -58.131250


-46.895702 -24.533213 -61.250000 
-47.206249 -29.191418 -63.125000 
-45.964061 -29.501965 -59.375000 
-46.895702 -24.533213 -61.250000


-34.784369 -60.556665 -64.375000 
-32.917982 -60.249223 -59.375000 
-34.784369 -58.382836 -58.750000 
-34.784369 -60.556665 -64.375000


-34.784369 -60.556665 -64.375000 
-32.296888 -60.870317 -61.875000 
-32.917982 -60.249223 -59.375000 
-34.784369 -60.556665 -64.375000


-36.337104 -56.209007 -58.750000 
-34.784369 -58.382836 -58.750000 
-34.781264 -56.833206 -55.000000 
-36.337104 -56.209007 -58.750000


-46.274608 -37.265640 -65.000000 
-45.029315 -36.955093 -61.868750 
-45.339862 -35.091811 -61.243750 
-46.274608 -37.265640 -65.000000


-43.790232 -39.128922 -56.250000 
-44.100779 -36.955093 -54.375000 
-45.339862 -35.091811 -61.243750 
-43.790232 -39.128922 -56.250000


-32.607435 -60.867212 -66.881250 
-29.501965 -62.109400 -65.006250 
-32.296888 -62.112505 -66.250000 
-32.607435 -60.867212 -66.881250


-30.123059 -61.801958 -60.000000 
-31.986341 -60.559770 -56.875000 
-32.917982 -60.249223 -59.375000 
-30.123059 -61.801958 -60.000000


-34.781264 -18.011726 -65.006250 
-33.228529 -19.564461 -63.131250 
-33.539076 -22.359384 -62.506250 
-34.781264 -18.011726 -65.006250


-39.753121 -33.228529 -33.125000 
-40.374215 -31.365247 -33.750000 
-40.374215 -34.470717 -36.875000 
-39.753121 -33.228529 -33.125000


-31.678899 -58.072289 -46.875000 
-31.675794 -59.935571 -53.743750 
-30.747258 -59.314477 -47.500000 
-31.678899 -58.072289 -46.875000


-31.678899 -58.072289 -46.875000 
-32.917982 -56.830101 -50.618750 
-31.675794 -59.935571 -53.743750 
-31.678899 -58.072289 -46.875000


-37.265640 -57.761742 -64.368750 
-34.784369 -58.382836 -58.750000 
-36.337104 -56.209007 -58.750000 
-37.265640 -57.761742 -64.368750


-36.644546 -57.140648 -68.131250 
-32.296888 -59.935571 -65.631250 
-32.607435 -60.867212 -66.881250 
-36.644546 -57.140648 -68.131250


-34.160170 -43.790232 -26.250000 
-34.781264 -45.339862 -31.243750 
-32.917982 -45.960956 -26.243750 
-34.160170 -43.790232 -26.250000


-14.595709 -23.912119 -50.631250 
-15.527350 -25.154307 -50.631250 
-16.458991 -22.669931 -53.131250 
-14.595709 -23.912119 -50.631250


-14.595709 -23.912119 -50.631250 
-16.458991 -22.669931 -53.131250 
-14.906256 -22.048837 -51.881250 
-14.595709 -23.912119 -50.631250


-35.402358 -30.436711 -60.625000 
-31.365247 -33.849623 -56.881250 
-36.333999 -36.023452 -60.006250 
-35.402358 -30.436711 -60.625000


-31.054700 -36.955093 -56.256250 
-29.501965 -31.365247 -56.256250 
-28.259777 -36.023452 -54.381250 
-31.054700 -36.955093 -56.256250


-43.166033 -10.869145 -50.618750 
-42.858591 -13.042974 -45.000000 
-43.169138 -6.521487 -51.250000 
-43.166033 -10.869145 -50.618750


-38.200386 -44.408221 -43.125000 
-39.750016 -44.718768 -47.493750 
-37.268745 -46.892597 -43.750000 
-38.200386 -44.408221 -43.125000


-34.781264 -56.833206 -55.000000 
-35.402358 -54.345725 -50.618750 
-37.268745 -52.792990 -53.125000 
-34.781264 -56.833206 -55.000000


-9.626957 -61.801958 -41.875000 
-12.732427 -63.354693 -44.375000 
-4.037111 -62.112505 -49.375000 
-9.626957 -61.801958 -41.875000


-32.296888 -49.998067 -32.493750 
-33.539076 -48.134785 -31.868750 
-33.849623 -50.001172 -35.625000 
-32.296888 -49.998067 -32.493750


-43.169138 -6.521487 -51.250000 
-43.479685 -4.658205 -55.000000 
-44.100779 -5.900393 -56.250000 
-43.169138 -6.521487 -51.250000


-41.923845 -5.279299 -48.118750 
-40.371110 -2.794923 -46.243750 
-39.750016 0.000000 -45.618750 
-41.923845 -5.279299 -48.118750


-41.616403 -0.931641 -50.625000 
-41.923845 -5.279299 -48.118750 
-39.750016 0.000000 -45.618750 
-41.616403 -0.931641 -50.625000


-45.029315 -12.732427 -54.368750 
-43.166033 -10.869145 -50.618750 
-44.721873 -10.248051 -54.375000 
-45.029315 -12.732427 -54.368750


-44.721873 -29.501965 -49.375000 
-44.721873 -31.986341 -52.500000 
-44.100779 -31.986341 -48.750000 
-44.721873 -29.501965 -49.375000


-33.539076 -22.359384 -62.506250 
-37.265640 -23.291025 -64.381250 
-34.781264 -18.011726 -65.006250 
-33.539076 -22.359384 -62.506250


-41.302751 -22.048837 -31.868750 
-41.305856 -22.669931 -35.625000 
-40.995309 -25.775401 -33.125000 
-41.302751 -22.048837 -31.868750


-43.476580 -33.228529 -46.868750 
-43.790232 -34.781264 -50.625000 
-42.237497 -39.439469 -48.125000 
-43.476580 -33.228529 -46.868750


-43.476580 -33.228529 -46.868750 
-42.237497 -39.439469 -48.125000 
-41.923845 -37.576187 -45.618750 
-43.476580 -33.228529 -46.868750


-45.339862 -27.638683 -57.493750 
-45.339862 -23.601572 -56.243750 
-46.895702 -24.533213 -61.250000 
-45.339862 -27.638683 -57.493750


-22.980478 1.549630 -81.250000 
-25.464854 2.173829 -82.506250 
-21.427743 2.484376 -82.506250 
-22.980478 1.549630 -81.250000


-22.980478 3.726564 -83.756250 
-21.427743 2.484376 -82.506250 
-25.464854 2.173829 -82.506250 
-22.980478 3.726564 -83.756250


-9.937504 5.279299 -41.868750 
-18.011726 6.521487 -39.993750 
-13.353521 1.242188 -40.618750 
-9.937504 5.279299 -41.868750


-49.380078 -3.105470 -84.375000 
-49.069531 0.931641 -86.250000 
-50.622266 -5.279299 -86.875000 
-49.380078 -3.105470 -84.375000


-49.998067 -2.173829 -88.756250 
-50.622266 -5.279299 -86.875000 
-49.069531 0.931641 -86.250000 
-49.998067 -2.173829 -88.756250


-33.228529 -37.265640 -57.506250 
-35.712905 -42.544939 -59.381250 
-37.576187 -37.576187 -61.256250 
-33.228529 -37.265640 -57.506250


-25.464854 16.462096 -59.375000 
-27.949230 15.530455 -56.875000 
-23.291025 14.909361 -51.875000 
-25.464854 16.462096 -59.375000


-22.359384 15.219908 -54.375000 
-25.464854 16.462096 -59.375000 
-23.291025 14.909361 -51.875000 
-22.359384 15.219908 -54.375000


-47.203144 -7.142581 -84.381250 
-45.960956 -7.763675 -83.131250 
-47.203144 -9.937504 -83.131250 
-47.203144 -7.142581 -84.381250


-45.964061 -10.558598 -63.125000 
-47.827343 -12.421880 -70.625000 
-47.516796 -15.527350 -65.625000 
-45.964061 -10.558598 -63.125000


-20.496102 -5.282404 -65.625000 
-18.940262 -3.726564 -66.250000 
-19.564461 -11.490239 -61.256250 
-20.496102 -5.282404 -65.625000


-10.248051 -17.080085 -16.243750 
-10.869145 -12.111333 -17.493750 
-13.353521 -17.701179 -18.118750 
-10.248051 -17.080085 -16.243750


-10.248051 -14.906256 -16.868750 
-10.869145 -12.111333 -17.493750 
-10.248051 -17.080085 -16.243750 
-10.248051 -14.906256 -16.868750


-26.707042 14.598814 -43.125000 
-27.949230 13.353521 -38.743750 
-23.912119 14.595709 -39.993750 
-26.707042 14.598814 -43.125000


-7.139476 -27.017589 -27.500000 
-9.002758 -22.359384 -29.375000 
-7.450023 -14.285162 -25.000000 
-7.139476 -27.017589 -27.500000


-45.029315 -12.732427 -54.368750 
-43.790232 -17.390632 -47.500000 
-43.479685 -15.837897 -46.875000 
-45.029315 -12.732427 -54.368750


-45.029315 -15.527350 -54.368750 
-43.790232 -17.390632 -47.500000 
-45.029315 -12.732427 -54.368750 
-45.029315 -15.527350 -54.368750


-15.216803 -22.359384 -20.618750 
-13.353521 -20.496102 -19.368750 
-13.353521 -17.701179 -18.118750 
-15.216803 -22.359384 -20.618750


-7.142581 7.766780 -64.375000 
-6.828929 7.142581 -67.500000 
-8.695316 9.319515 -70.000000 
-7.142581 7.766780 -64.375000


-46.274608 -16.148444 -58.750000 
-45.964061 -11.490239 -59.375000 
-46.895702 -17.080085 -62.500000 
-46.274608 -16.148444 -58.750000


-45.029315 -12.732427 -54.368750 
-46.274608 -16.148444 -58.750000 
-45.029315 -15.527350 -54.368750 
-45.029315 -12.732427 -54.368750


-45.029315 -12.732427 -54.368750 
-45.964061 -11.490239 -59.375000 
-46.274608 -16.148444 -58.750000 
-45.029315 -12.732427 -54.368750


-40.371110 -22.980478 -66.881250 
-42.234392 -21.427743 -69.381250 
-40.681657 -20.496102 -68.131250 
-40.371110 -22.980478 -66.881250


-36.026557 8.695316 -46.250000 
-36.647651 7.763675 -50.625000 
-37.579292 5.900393 -45.625000 
-36.026557 8.695316 -46.250000


-30.433606 12.114438 -38.125000 
-29.812512 13.046079 -40.000000 
-31.986341 11.803891 -41.250000 
-30.433606 12.114438 -38.125000


-38.507828 1.863282 -44.368750 
-37.886734 0.313652 -39.375000 
-37.579292 0.931641 -38.750000 
-38.507828 1.863282 -44.368750


-44.408221 -46.271503 -71.256250 
-45.964061 -40.681657 -66.875000 
-45.650409 -42.544939 -72.506250 
-44.408221 -46.271503 -71.256250


-43.479685 10.869145 -83.125000 
-43.479685 9.626957 -80.625000 
-41.616403 11.490239 -78.750000 
-43.479685 10.869145 -83.125000


-43.479685 10.869145 -83.125000 
-41.616403 11.490239 -78.750000 
-41.926950 13.042974 -83.125000 
-43.479685 10.869145 -83.125000


-42.237497 -2.794923 -51.250000 
-43.169138 -6.521487 -51.250000 
-41.923845 -5.279299 -48.118750 
-42.237497 -2.794923 -51.250000


-10.244946 10.558598 -75.000000 
-6.518382 7.453128 -76.875000 
-8.384769 9.319515 -78.750000 
-10.244946 10.558598 -75.000000


-36.647651 7.763675 -50.625000 
-39.442574 5.900393 -58.750000 
-38.818375 4.350763 -51.875000 
-36.647651 7.763675 -50.625000


-36.647651 7.763675 -50.625000 
-36.644546 8.384769 -55.618750 
-39.442574 5.900393 -58.750000 
-36.647651 7.763675 -50.625000


-41.923845 -37.576187 -45.618750 
-42.237497 -39.439469 -48.125000 
-40.060563 -41.923845 -46.243750 
-41.923845 -37.576187 -45.618750


-44.097674 -22.048837 -46.868750 
-43.790232 -17.390632 -47.500000 
-45.029315 -15.527350 -54.368750 
-44.097674 -22.048837 -46.868750


-45.029315 -21.117196 -54.993750 
-44.097674 -22.048837 -46.868750 
-45.029315 -15.527350 -54.368750 
-45.029315 -21.117196 -54.993750


-47.206249 1.552735 -81.875000 
-49.069531 -5.589846 -78.750000 
-47.516796 -3.105470 -75.000000 
-47.206249 1.552735 -81.875000


-27.638683 17.083190 -65.625000 
-26.707042 19.567566 -73.750000 
-30.433606 16.772643 -68.125000 
-27.638683 17.083190 -65.625000


-46.274608 -37.265640 -65.000000 
-46.892597 -32.921087 -67.500000 
-47.516796 -33.849623 -71.250000 
-46.274608 -37.265640 -65.000000


-41.616403 -0.931641 -50.625000 
-39.750016 0.000000 -45.618750 
-40.063668 1.242188 -47.500000 
-41.616403 -0.931641 -50.625000


-10.869145 -23.912119 -19.368750 
-10.248051 -17.080085 -16.243750 
-10.869145 -18.943367 -17.493750 
-10.869145 -23.912119 -19.368750


-35.091811 12.735532 -61.875000 
-33.852728 14.595709 -66.875000 
-35.712905 14.906256 -71.243750 
-35.091811 12.735532 -61.875000


-36.955093 13.042974 -70.618750 
-35.091811 12.735532 -61.875000 
-35.712905 14.906256 -71.243750 
-36.955093 13.042974 -70.618750


-48.448437 -22.048837 -66.875000 
-49.690625 -19.253914 -75.000000 
-49.066426 -22.359384 -74.368750 
-48.448437 -22.048837 -66.875000


-48.134785 -22.669931 -79.381250 
-48.134785 -20.806649 -80.006250 
-45.029315 -18.322273 -76.868750 
-48.134785 -22.669931 -79.381250


-48.448437 -22.048837 -66.875000 
-47.827343 -18.011726 -65.000000 
-48.755879 -17.701179 -72.493750 
-48.448437 -22.048837 -66.875000


-47.203144 -9.937504 -83.131250 
-45.029315 -9.005863 -81.881250 
-44.408221 -10.558598 -80.631250 
-47.203144 -9.937504 -83.131250


-45.960956 -7.763675 -83.131250 
-44.408221 -4.658205 -83.756250 
-43.166033 -6.521487 -81.881250 
-45.960956 -7.763675 -83.131250


-31.986341 20.188660 -86.875000 
-36.023452 19.878113 -88.125000 
-31.986341 20.499207 -81.875000 
-31.986341 20.188660 -86.875000


-34.781264 18.635925 -81.875000 
-31.986341 20.499207 -81.875000 
-36.023452 19.878113 -88.125000 
-34.781264 18.635925 -81.875000


-44.408221 -4.658205 -83.756250 
-42.855486 -2.484376 -84.381250 
-40.992204 -2.173829 -83.756250 
-44.408221 -4.658205 -83.756250


-47.206249 5.279299 -85.000000 
-45.964061 3.416017 -80.000000 
-45.964061 7.453128 -84.375000 
-47.206249 5.279299 -85.000000


-47.206249 5.279299 -85.000000 
-47.206249 2.794923 -83.125000 
-45.964061 3.416017 -80.000000 
-47.206249 5.279299 -85.000000


-45.960956 -28.570324 -72.506250 
-48.758984 -31.675794 -77.500000 
-48.445332 -25.775401 -78.756250 
-45.960956 -28.570324 -72.506250


-17.701179 -42.855486 -28.743750 
-14.906256 -49.066426 -31.243750 
-15.527350 -45.650409 -30.618750 
-17.701179 -42.855486 -28.743750


-20.806649 6.521487 -86.256250 
-20.496102 3.105470 -83.131250 
-21.738290 5.900393 -85.631250 
-20.806649 6.521487 -86.256250


-40.063668 -52.792990 -64.375000 
-38.507828 -54.966819 -63.118750 
-40.374215 -50.308614 -60.000000 
-40.063668 -52.792990 -64.375000


-45.964061 -10.558598 -63.125000 
-45.032420 -8.074222 -61.250000 
-46.274608 -6.210940 -68.750000 
-45.964061 -10.558598 -63.125000


-50.308614 -24.843760 -81.881250 
-48.445332 -25.775401 -78.756250 
-50.308614 -26.707042 -81.256250 
-50.308614 -24.843760 -81.881250


-20.496102 3.105470 -83.131250 
-21.427743 2.484376 -82.506250 
-22.980478 3.726564 -83.756250 
-20.496102 3.105470 -83.131250


-42.855486 -2.484376 -84.381250 
-39.128922 0.000000 -84.381250 
-40.992204 -2.173829 -83.756250 
-42.855486 -2.484376 -84.381250


-42.855486 -2.484376 -84.381250 
-41.613298 1.552735 -86.256250 
-39.128922 0.000000 -84.381250 
-42.855486 -2.484376 -84.381250


-44.408221 -4.658205 -83.756250 
-40.992204 -2.173829 -83.756250 
-43.166033 -6.521487 -81.881250 
-44.408221 -4.658205 -83.756250


-30.433606 16.772643 -68.125000 
-33.539076 16.151549 -70.000000 
-31.054700 15.841002 -65.000000 
-30.433606 16.772643 -68.125000


-33.852728 14.595709 -66.875000 
-31.054700 15.841002 -65.000000 
-33.539076 16.151549 -70.000000 
-33.852728 14.595709 -66.875000


-46.274608 -16.148444 -58.750000 
-45.029315 -21.117196 -54.993750 
-45.029315 -15.527350 -54.368750 
-46.274608 -16.148444 -58.750000


-43.790232 -39.128922 -56.250000 
-45.339862 -35.091811 -61.243750 
-45.029315 -36.955093 -61.868750 
-43.790232 -39.128922 -56.250000


-35.402358 -2.173829 -81.256250 
-33.228529 -1.242188 -81.256250 
-34.470717 -3.108575 -80.000000 
-35.402358 -2.173829 -81.256250


-45.653514 0.000000 -71.875000 
-46.585155 -1.242188 -74.375000 
-47.516796 -3.105470 -75.000000 
-45.653514 0.000000 -71.875000


-7.453128 -13.664068 -16.243750 
-10.869145 -12.111333 -17.493750 
-10.248051 -14.906256 -16.868750 
-7.453128 -13.664068 -16.243750


-7.453128 -13.664068 -16.243750 
-9.316410 -11.487134 -18.750000 
-10.869145 -12.111333 -17.493750 
-7.453128 -13.664068 -16.243750


-25.464854 -9.316410 -65.631250 
-25.775401 -6.210940 -68.756250 
-22.669931 -7.142581 -65.631250 
-25.464854 -9.316410 -65.631250


-6.207835 5.279299 -75.625000 
-6.518382 7.142581 -70.625000 
-4.965647 1.242188 -69.375000 
-6.207835 5.279299 -75.625000


-36.647651 7.763675 -50.625000 
-35.094916 9.937504 -45.625000 
-33.852728 12.111333 -55.000000 
-36.647651 7.763675 -50.625000


-33.539076 21.117196 -93.756250 
-35.712905 19.878113 -91.250000 
-36.023452 19.878113 -88.125000 
-33.539076 21.117196 -93.756250


-33.539076 -22.359384 -62.506250 
-33.228529 -19.564461 -63.131250 
-29.191418 -18.322273 -61.881250 
-33.539076 -22.359384 -62.506250


-33.539076 -22.359384 -62.506250 
-29.191418 -18.322273 -61.881250 
-31.054700 -21.117196 -61.256250 
-33.539076 -22.359384 -62.506250


-29.812512 -25.154307 -24.368750 
-32.917982 -28.570324 -24.368750 
-30.123059 -29.815617 -25.000000 
-29.812512 -25.154307 -24.368750


-24.843760 -16.769538 -60.006250 
-24.222666 -15.216803 -60.631250 
-22.048837 -14.906256 -60.006250 
-24.843760 -16.769538 -60.006250


-6.828929 6.521487 -50.000000 
-6.832034 6.835139 -53.750000 
-7.760570 8.384769 -50.625000 
-6.828929 6.521487 -50.000000


-23.912119 7.763675 -38.743750 
-18.011726 6.521487 -39.993750 
-21.117196 10.561703 -40.000000 
-23.912119 7.763675 -38.743750


-23.912119 7.763675 -38.743750 
-22.048837 4.968752 -39.368750 
-18.011726 6.521487 -39.993750 
-23.912119 7.763675 -38.743750


-29.191418 18.943367 -74.368750 
-30.433606 16.772643 -68.125000 
-26.707042 19.567566 -73.750000 
-29.191418 18.943367 -74.368750


-31.365247 17.393737 -71.875000 
-30.433606 16.772643 -68.125000 
-29.191418 18.943367 -74.368750 
-31.365247 17.393737 -71.875000


-25.154307 8.695316 -88.756250 
-19.875008 12.111333 -93.756250 
-21.427743 8.384769 -88.756250 
-25.154307 8.695316 -88.756250


-25.154307 8.695316 -88.756250 
-22.669931 12.421880 -93.131250 
-19.875008 12.111333 -93.756250 
-25.154307 8.695316 -88.756250


-18.011726 -14.285162 -22.493750 
-33.539076 -8.384769 -34.993750 
-21.120301 -17.080085 -26.250000 
-18.011726 -14.285162 -22.493750


-12.111333 -9.934399 -28.750000 
-13.974615 -12.108228 -24.375000 
-10.248051 -10.866040 -25.000000 
-12.111333 -9.934399 -28.750000


-27.949230 15.530455 -56.875000 
-28.570324 16.462096 -62.500000 
-32.607435 14.288267 -60.625000 
-27.949230 15.530455 -56.875000


-31.675794 10.244946 -37.500000 
-35.091811 7.453128 -41.243750 
-32.607435 8.384769 -37.493750 
-31.675794 10.244946 -37.500000


-31.675794 10.244946 -37.500000 
-31.986341 11.803891 -41.250000 
-35.091811 7.453128 -41.243750 
-31.675794 10.244946 -37.500000


-16.458991 4.347658 -83.756250 
-12.421880 5.589846 -85.006250 
-14.906256 3.105470 -81.881250 
-16.458991 4.347658 -83.756250


-17.080085 15.219908 -55.000000 
-17.080085 14.288267 -50.625000 
-14.595709 13.356626 -49.375000 
-17.080085 15.219908 -55.000000


-13.353521 -20.496102 -19.368750 
-10.869145 -23.912119 -19.368750 
-10.869145 -18.943367 -17.493750 
-13.353521 -20.496102 -19.368750


-25.154307 19.878113 -75.625000 
-25.464854 19.253914 -72.493750 
-21.738290 18.946472 -72.500000 
-25.154307 19.878113 -75.625000


-13.660963 -7.453128 -51.875000 
-12.732427 -5.279299 -53.743750 
-12.729322 -0.621094 -49.375000 
-13.660963 -7.453128 -51.875000


-7.763675 -26.396495 -31.256250 
-7.139476 -27.017589 -27.500000 
-6.207835 -29.191418 -28.125000 
-7.763675 -26.396495 -31.256250


-22.669931 -13.356626 -61.250000 
-24.222666 -15.216803 -60.631250 
-28.259777 -13.974615 -63.756250 
-22.669931 -13.356626 -61.250000


-22.669931 -13.356626 -61.250000 
-28.259777 -13.974615 -63.756250 
-26.707042 -11.800786 -64.381250 
-22.669931 -13.356626 -61.250000


-27.949230 12.111333 -38.118750 
-31.675794 10.244946 -37.500000 
-23.912119 7.763675 -38.743750 
-27.949230 12.111333 -38.118750


-29.812512 13.046079 -40.000000 
-31.365247 12.735532 -43.750000 
-31.986341 11.803891 -41.250000 
-29.812512 13.046079 -40.000000


-35.091811 7.453128 -41.243750 
-35.094916 9.937504 -45.625000 
-36.026557 8.695316 -46.250000 
-35.091811 7.453128 -41.243750


-18.011726 -12.111333 -59.381250 
-19.564461 -11.490239 -61.256250 
-9.005863 -1.245293 -67.500000 
-18.011726 -12.111333 -59.381250


-27.949230 -20.496102 -59.381250 
-25.775401 -22.359384 -57.506250 
-31.054700 -21.117196 -61.256250 
-27.949230 -20.496102 -59.381250


-38.510933 -42.234392 -38.750000 
-37.268745 -44.718768 -38.125000 
-37.579292 -42.544939 -35.000000 
-38.510933 -42.234392 -38.750000


-6.521487 -44.408221 -38.131250 
-6.521487 -39.750016 -37.506250 
-1.863282 -47.203144 -37.493750 
-6.521487 -44.408221 -38.131250


-1.239083 -44.408221 -36.250000 
-1.863282 -47.203144 -37.493750 
-6.521487 -39.750016 -37.506250 
-1.239083 -44.408221 -36.250000


-8.695316 -15.527350 -16.868750 
-10.248051 -17.080085 -16.243750 
-10.869145 -23.912119 -19.368750 
-8.695316 -15.527350 -16.868750


-2.484376 -43.787127 -33.743750 
-4.037111 -42.544939 -31.868750 
-3.416017 -45.960956 -33.743750 
-2.484376 -43.787127 -33.743750


-33.228529 -55.277366 -62.506250 
-33.849623 -57.140648 -64.381250 
-36.023452 -53.414084 -64.381250 
-33.228529 -55.277366 -62.506250


-10.869145 -23.912119 -19.368750 
-16.769538 -26.396495 -21.868750 
-10.866040 -27.017589 -21.250000 
-10.869145 -23.912119 -19.368750


-21.427743 -46.585155 -30.000000 
-14.906256 -49.066426 -31.243750 
-17.701179 -42.855486 -28.743750 
-21.427743 -46.585155 -30.000000


-13.350416 -18.943367 -48.125000 
-14.595709 -15.841002 -53.125000 
-13.660963 -15.837897 -46.875000 
-13.350416 -18.943367 -48.125000


-38.821480 -40.371110 -36.875000 
-38.510933 -42.234392 -38.750000 
-37.579292 -42.544939 -35.000000 
-38.821480 -40.371110 -36.875000


-33.539076 -48.134785 -31.868750 
-31.054700 -49.687520 -28.743750 
-31.675794 -48.445332 -28.118750 
-33.539076 -48.134785 -31.868750


-33.539076 -48.134785 -31.868750 
-31.675794 -48.445332 -28.118750 
-32.917982 -45.960956 -26.243750 
-33.539076 -48.134785 -31.868750


-38.818375 -29.191418 -23.743750 
-38.818375 -25.464854 -23.743750 
-40.060563 -25.464854 -26.868750 
-38.818375 -29.191418 -23.743750


-39.439469 -29.501965 -27.493750 
-38.818375 -29.191418 -23.743750 
-40.060563 -25.464854 -26.868750 
-39.439469 -29.501965 -27.493750


-3.105470 -34.781264 -29.368750 
-4.344553 -33.228529 -28.750000 
-9.316410 -29.812512 -24.993750 
-3.105470 -34.781264 -29.368750


-3.105470 -34.781264 -29.368750 
-9.316410 -29.812512 -24.993750 
-4.658205 -36.337104 -30.000000 
-3.105470 -34.781264 -29.368750


-7.763675 -26.396495 -34.993750 
-3.416017 -33.849623 -31.881250 
-7.453128 -28.259777 -34.993750 
-7.763675 -26.396495 -34.993750


-8.695316 -15.527350 -16.868750 
-10.869145 -23.912119 -19.368750 
-7.139476 -27.017589 -27.500000 
-8.695316 -15.527350 -16.868750


-47.824238 -34.163275 -75.000000 
-46.271503 -41.613298 -73.756250 
-48.758984 -31.675794 -77.500000 
-47.824238 -34.163275 -75.000000


-5.589846 -60.559770 -41.250000 
-7.763675 -57.140648 -36.243750 
-7.453128 -61.177759 -38.118750 
-5.589846 -60.559770 -41.250000


-44.097674 -44.097674 -65.618750 
-45.964061 -40.681657 -66.875000 
-44.408221 -46.271503 -71.256250 
-44.097674 -44.097674 -65.618750


-24.843760 -41.923845 -27.493750 
-22.669931 -45.029315 -29.368750 
-19.564461 -42.544939 -28.743750 
-24.843760 -41.923845 -27.493750


-17.390632 -12.732427 -58.131250 
-9.005863 -1.245293 -67.500000 
-12.418775 -4.347658 -57.500000 
-17.390632 -12.732427 -58.131250


-21.117196 -50.308614 -31.243750 
-16.148444 -50.929708 -31.868750 
-14.906256 -49.066426 -31.243750 
-21.117196 -50.308614 -31.243750


-10.248051 -35.091811 -28.743750 
-9.316410 -29.812512 -24.993750 
-18.322273 -40.681657 -28.118750 
-10.248051 -35.091811 -28.743750


-45.650409 -38.818375 -72.506250 
-47.824238 -34.163275 -75.000000 
-46.582050 -34.160170 -73.131250 
-45.650409 -38.818375 -72.506250


-47.516796 -33.849623 -71.250000 
-46.892597 -32.921087 -67.500000 
-48.448437 -31.365247 -71.875000 
-47.516796 -33.849623 -71.250000


-3.416017 -45.960956 -33.743750 
-4.037111 -48.758984 -35.625000 
-1.863282 -47.203144 -37.493750 
-3.416017 -45.960956 -33.743750


-7.763675 -26.396495 -34.993750 
-8.695316 -24.222666 -31.881250 
-7.763675 -26.396495 -31.256250 
-7.763675 -26.396495 -34.993750


-2.481271 -60.246118 -48.125000 
-3.416017 -60.246118 -45.618750 
-2.794923 -61.798853 -48.756250 
-2.481271 -60.246118 -48.125000


-9.316410 -29.812512 -24.993750 
-10.248051 -35.091811 -28.743750 
-7.453128 -36.644546 -29.993750 
-9.316410 -29.812512 -24.993750


-3.726564 -36.644546 -34.381250 
-4.658205 -37.576187 -35.631250 
-5.900393 -35.091811 -36.881250 
-3.726564 -36.644546 -34.381250


-20.496102 -21.427743 -23.118750 
-16.769538 -26.396495 -21.868750 
-15.837897 -23.601572 -21.243750 
-20.496102 -21.427743 -23.118750


-37.268745 -46.892597 -43.750000 
-39.128922 -46.582050 -48.118750 
-37.886734 -48.755879 -48.118750 
-37.268745 -46.892597 -43.750000


-29.812512 -51.240255 -29.993750 
-31.054700 -52.171896 -33.118750 
-27.017589 -55.277366 -32.493750 
-29.812512 -51.240255 -29.993750


-31.054700 -49.687520 -28.743750 
-32.917982 -45.960956 -26.243750 
-31.675794 -48.445332 -28.118750 
-31.054700 -49.687520 -28.743750


-29.501965 -48.134785 -28.743750 
-32.917982 -45.960956 -26.243750 
-31.054700 -49.687520 -28.743750 
-29.501965 -48.134785 -28.743750


-37.886734 -54.345725 -68.131250 
-33.849623 -57.140648 -64.381250 
-32.296888 -59.935571 -65.631250 
-37.886734 -54.345725 -68.131250


-37.886734 -54.345725 -68.131250 
-32.296888 -59.935571 -65.631250 
-36.644546 -57.140648 -68.131250 
-37.886734 -54.345725 -68.131250


-34.470717 -25.154307 -61.881250 
-33.539076 -22.359384 -62.506250 
-31.054700 -21.117196 -61.256250 
-34.470717 -25.154307 -61.881250


-34.470717 -25.154307 -61.881250 
-31.054700 -21.117196 -61.256250 
-31.675794 -22.669931 -60.631250 
-34.470717 -25.154307 -61.881250


-17.390632 -15.216803 -57.506250 
-17.698074 -12.732427 -58.750000 
-9.005863 -1.245293 -67.500000 
-17.390632 -15.216803 -57.506250


-17.390632 -12.732427 -58.131250 
-17.390632 -15.216803 -57.506250 
-9.005863 -1.245293 -67.500000 
-17.390632 -12.732427 -58.131250


-47.827343 -36.023452 -73.125000 
-45.964061 -40.681657 -66.875000 
-46.274608 -37.265640 -65.000000 
-47.827343 -36.023452 -73.125000


-10.248051 -46.582050 -40.006250 
-16.458991 -37.886734 -45.006250 
-9.937504 -38.507828 -39.381250 
-10.248051 -46.582050 -40.006250


-24.843760 -16.769538 -60.006250 
-22.669931 -18.011726 -58.131250 
-26.396495 -18.322273 -60.006250 
-24.843760 -16.769538 -60.006250


-31.054700 -21.117196 -61.256250 
-29.191418 -18.322273 -61.881250 
-27.949230 -20.496102 -59.381250 
-31.054700 -21.117196 -61.256250


-12.418775 -26.396495 -46.250000 
-12.111333 -28.570324 -45.006250 
-13.664068 -24.222666 -49.381250 
-12.418775 -26.396495 -46.250000


-15.527350 -25.154307 -50.631250 
-13.664068 -24.222666 -49.381250 
-12.111333 -28.570324 -45.006250 
-15.527350 -25.154307 -50.631250


-39.128922 -46.582050 -48.118750 
-37.268745 -46.892597 -43.750000 
-39.750016 -44.718768 -47.493750 
-39.128922 -46.582050 -48.118750


-26.396495 -18.322273 -60.006250 
-23.291025 -21.117196 -56.881250 
-25.775401 -22.359384 -57.506250 
-26.396495 -18.322273 -60.006250


-13.350416 -18.943367 -48.125000 
-13.660963 -15.837897 -46.875000 
-12.418775 -20.496102 -45.625000 
-13.350416 -18.943367 -48.125000


-37.579292 -42.544939 -35.000000 
-36.337104 -45.029315 -34.375000 
-36.333999 -42.855486 -31.243750 
-37.579292 -42.544939 -35.000000


-22.980478 -41.923845 -49.381250 
-24.533213 -38.197281 -51.256250 
-22.359384 -34.781264 -50.631250 
-22.980478 -41.923845 -49.381250


-25.464854 -46.892597 -51.881250 
-24.222666 -46.271503 -50.631250 
-25.464854 -49.376973 -52.506250 
-25.464854 -46.892597 -51.881250


-27.949230 -49.998067 -55.006250 
-22.359384 -60.867212 -60.006250 
-27.638683 -56.519554 -58.131250 
-27.949230 -49.998067 -55.006250


-13.974615 -60.559770 -33.750000 
-8.695316 -61.491411 -37.500000 
-11.490239 -60.246118 -33.743750 
-13.974615 -60.559770 -33.750000


-11.490239 -61.801958 -38.750000 
-8.695316 -61.491411 -37.500000 
-13.974615 -60.559770 -33.750000 
-11.490239 -61.801958 -38.750000


-10.248051 -59.935571 -33.118750 
-13.974615 -60.559770 -33.750000 
-11.490239 -60.246118 -33.743750 
-10.248051 -59.935571 -33.118750


-12.111333 -57.140648 -33.118750 
-13.974615 -60.559770 -33.750000 
-10.248051 -59.935571 -33.118750 
-12.111333 -57.140648 -33.118750


-9.626957 2.170724 -80.000000 
-18.011726 2.484376 -81.881250 
-14.906256 3.105470 -81.881250 
-9.626957 2.170724 -80.000000


-9.626957 2.170724 -80.000000 
-18.632820 1.242188 -78.756250 
-18.011726 2.484376 -81.881250 
-9.626957 2.170724 -80.000000


-47.824238 -34.163275 -75.000000 
-45.650409 -38.818375 -72.506250 
-46.271503 -41.613298 -73.756250 
-47.824238 -34.163275 -75.000000


-41.305856 -51.861349 -69.375000 
-41.923845 -49.376973 -67.493750 
-42.234392 -49.998067 -70.006250 
-41.305856 -51.861349 -69.375000


-42.237497 -45.960956 -59.375000 
-43.169138 -42.855486 -60.000000 
-44.097674 -44.097674 -65.618750 
-42.237497 -45.960956 -59.375000


-29.501965 -4.347658 -76.243750 
-26.707042 -3.108575 -76.250000 
-27.949230 -5.900393 -70.631250 
-29.501965 -4.347658 -76.243750


-46.271503 -41.613298 -73.756250 
-45.650409 -38.818375 -72.506250 
-44.408221 -44.718768 -71.881250 
-46.271503 -41.613298 -73.756250


-32.607435 -60.867212 -66.881250 
-32.296888 -59.935571 -65.631250 
-27.017589 -61.177759 -63.756250 
-32.607435 -60.867212 -66.881250


-45.960956 -28.570324 -72.506250 
-44.715663 -23.291025 -71.875000 
-45.029315 -26.707042 -71.256250 
-45.960956 -28.570324 -72.506250


-28.880871 -53.414084 -56.881250 
-27.638683 -56.519554 -58.131250 
-30.433606 -49.998067 -56.881250 
-28.880871 -53.414084 -56.881250


-6.521487 2.173829 -80.006250 
-5.589846 -0.003105 -75.000000 
-9.626957 2.170724 -80.000000 
-6.521487 2.173829 -80.006250


-8.074222 0.621094 -75.631250 
-9.626957 2.170724 -80.000000 
-5.589846 -0.003105 -75.000000 
-8.074222 0.621094 -75.631250


-43.169138 -42.855486 -60.000000 
-45.029315 -39.439469 -63.743750 
-45.964061 -40.681657 -66.875000 
-43.169138 -42.855486 -60.000000


-44.097674 -44.097674 -65.618750 
-43.169138 -42.855486 -60.000000 
-45.964061 -40.681657 -66.875000 
-44.097674 -44.097674 -65.618750


-40.374215 -50.308614 -60.000000 
-41.616403 -46.582050 -57.500000 
-42.237497 -45.960956 -59.375000 
-40.374215 -50.308614 -60.000000


-40.374215 -50.308614 -60.000000 
-40.063668 -49.376973 -57.500000 
-41.616403 -46.582050 -57.500000 
-40.374215 -50.308614 -60.000000


-33.231634 -55.587913 -46.250000 
-32.921087 -53.103537 -40.625000 
-35.094916 -51.550802 -44.375000 
-33.231634 -55.587913 -46.250000


-42.237497 -45.960956 -59.375000 
-41.616403 -46.582050 -57.500000 
-42.548044 -43.787127 -56.250000 
-42.237497 -45.960956 -59.375000


-45.029315 -32.917982 -70.631250 
-45.029315 -33.228529 -70.631250 
-46.582050 -34.160170 -73.131250 
-45.029315 -32.917982 -70.631250


-43.787127 -30.123059 -68.756250 
-41.613298 -29.191418 -66.256250 
-42.544939 -32.299993 -66.875000 
-43.787127 -30.123059 -68.756250


-46.582050 -34.160170 -73.131250 
-45.960956 -28.570324 -72.506250 
-45.029315 -32.917982 -70.631250 
-46.582050 -34.160170 -73.131250


-46.585155 -21.427743 -59.375000 
-47.206249 -21.738290 -62.500000 
-46.895702 -24.533213 -61.250000 
-46.585155 -21.427743 -59.375000


-44.100779 -36.955093 -54.375000 
-43.790232 -39.128922 -56.250000 
-42.548044 -41.302751 -52.500000 
-44.100779 -36.955093 -54.375000


-44.097674 -37.886734 -68.756250 
-45.650409 -38.818375 -72.506250 
-45.029315 -33.228529 -70.631250 
-44.097674 -37.886734 -68.756250


-45.029315 -33.228529 -70.631250 
-45.029315 -32.917982 -70.631250 
-42.544939 -32.604330 -66.875000 
-45.029315 -33.228529 -70.631250


-40.060563 -25.775401 -65.631250 
-37.265640 -23.291025 -64.381250 
-36.333999 -25.154307 -63.131250 
-40.060563 -25.775401 -65.631250


-42.855486 -26.396495 -68.131250 
-45.029315 -26.707042 -71.256250 
-40.371110 -22.980478 -66.881250 
-42.855486 -26.396495 -68.131250


-49.069531 -29.191418 -73.750000 
-49.376973 -31.057805 -78.750000 
-48.448437 -31.365247 -71.875000 
-49.069531 -29.191418 -73.750000


-24.222666 -15.216803 -60.631250 
-22.669931 -13.356626 -61.250000 
-22.048837 -14.906256 -60.006250 
-24.222666 -15.216803 -60.631250


-47.827343 -36.023452 -73.125000 
-48.448437 -31.365247 -71.875000 
-49.376973 -31.057805 -78.750000 
-47.827343 -36.023452 -73.125000


-46.892597 -32.604330 -66.250000 
-48.448437 -31.365247 -71.875000 
-46.892597 -32.921087 -67.500000 
-46.892597 -32.604330 -66.250000


-46.892597 -32.604330 -66.250000 
-48.137890 -29.191418 -69.375000 
-48.448437 -31.365247 -71.875000 
-46.892597 -32.604330 -66.250000


-21.117196 16.462096 -82.500000 
-21.738290 17.393737 -88.125000 
-23.912119 18.946472 -85.000000 
-21.117196 16.462096 -82.500000


-45.650409 -38.818375 -72.506250 
-46.582050 -34.160170 -73.131250 
-45.029315 -33.228529 -70.631250 
-45.650409 -38.818375 -72.506250


-42.544939 -32.299993 -66.875000 
-41.613298 -29.191418 -66.256250 
-40.678552 -31.675794 -65.000000 
-42.544939 -32.299993 -66.875000


-50.619161 -28.570324 -80.006250 
-50.932813 -21.738290 -80.000000 
-50.308614 -24.843760 -81.881250 
-50.619161 -28.570324 -80.006250


-50.619161 -28.570324 -80.006250 
-50.308614 -24.843760 -81.881250 
-50.308614 -26.707042 -81.256250 
-50.619161 -28.570324 -80.006250


-48.448437 -27.638683 -68.750000 
-49.069531 -29.191418 -73.750000 
-48.448437 -31.365247 -71.875000 
-48.448437 -27.638683 -68.750000


-48.448437 -27.638683 -68.750000 
-48.448437 -31.365247 -71.875000 
-48.137890 -29.191418 -69.375000 
-48.448437 -27.638683 -68.750000


-47.516796 -33.849623 -71.250000 
-48.448437 -31.365247 -71.875000 
-47.827343 -36.023452 -73.125000 
-47.516796 -33.849623 -71.250000


-35.402358 -2.173829 -81.256250 
-34.470717 -3.108575 -80.000000 
-37.265640 -3.416017 -81.256250 
-35.402358 -2.173829 -81.256250


-45.960956 -28.570324 -72.506250 
-46.582050 -34.160170 -73.131250 
-48.758984 -31.675794 -77.500000 
-45.960956 -28.570324 -72.506250


-47.824238 -34.163275 -75.000000 
-48.758984 -31.675794 -77.500000 
-46.582050 -34.160170 -73.131250 
-47.824238 -34.163275 -75.000000


-48.755879 -17.701179 -72.493750 
-47.827343 -18.011726 -65.000000 
-47.516796 -15.527350 -65.625000 
-48.755879 -17.701179 -72.493750


-46.271503 -41.613298 -73.756250 
-49.376973 -31.057805 -78.750000 
-48.758984 -31.675794 -77.500000 
-46.271503 -41.613298 -73.756250


-46.271503 -41.613298 -73.756250 
-47.203144 -37.576187 -73.756250 
-49.376973 -31.057805 -78.750000 
-46.271503 -41.613298 -73.756250


-47.203144 -37.576187 -73.756250 
-47.827343 -36.023452 -73.125000 
-49.376973 -31.057805 -78.750000 
-47.203144 -37.576187 -73.756250


-49.069531 -29.191418 -73.750000 
-50.619161 -28.570324 -80.006250 
-49.376973 -31.057805 -78.750000 
-49.069531 -29.191418 -73.750000


-49.069531 -29.191418 -73.750000 
-50.308614 -26.707042 -77.493750 
-50.619161 -28.570324 -80.006250 
-49.069531 -29.191418 -73.750000


-45.029315 -18.322273 -76.868750 
-42.234392 -21.427743 -69.381250 
-44.715663 -23.291025 -71.875000 
-45.029315 -18.322273 -76.868750


-50.619161 -28.570324 -80.006250 
-50.308614 -26.707042 -77.493750 
-50.932813 -21.738290 -80.000000 
-50.619161 -28.570324 -80.006250


-45.960956 -7.763675 -83.131250 
-45.029315 -9.005863 -81.881250 
-47.203144 -9.937504 -83.131250 
-45.960956 -7.763675 -83.131250


-49.376973 -31.057805 -78.750000 
-48.445332 -25.775401 -78.756250 
-48.758984 -31.675794 -77.500000 
-49.376973 -31.057805 -78.750000


-49.376973 -31.057805 -78.750000 
-50.308614 -26.707042 -81.256250 
-48.445332 -25.775401 -78.756250 
-49.376973 -31.057805 -78.750000


-50.619161 -28.570324 -80.006250 
-50.308614 -26.707042 -81.256250 
-49.376973 -31.057805 -78.750000 
-50.619161 -28.570324 -80.006250


-50.308614 -26.707042 -77.493750 
-48.448437 -27.638683 -68.750000 
-48.448437 -26.085948 -67.500000 
-50.308614 -26.707042 -77.493750


-49.066426 -22.359384 -74.368750 
-50.308614 -26.707042 -77.493750 
-48.448437 -26.085948 -67.500000 
-49.066426 -22.359384 -74.368750


-45.029315 -26.707042 -71.256250 
-42.855486 -26.396495 -68.131250 
-43.787127 -30.123059 -68.756250 
-45.029315 -26.707042 -71.256250


-45.029315 -26.707042 -71.256250 
-43.787127 -30.123059 -68.756250 
-45.960956 -28.570324 -72.506250 
-45.029315 -26.707042 -71.256250


-48.445332 -25.775401 -78.756250 
-45.029315 -18.322273 -76.868750 
-47.203144 -22.669931 -76.868750 
-48.445332 -25.775401 -78.756250


-48.445332 -25.775401 -78.756250 
-48.134785 -22.669931 -79.381250 
-45.029315 -18.322273 -76.868750 
-48.445332 -25.775401 -78.756250


-49.066426 -22.359384 -74.368750 
-48.448437 -26.085948 -67.500000 
-48.448437 -22.048837 -66.875000 
-49.066426 -22.359384 -74.368750


-50.308614 -26.707042 -77.493750 
-49.690625 -19.253914 -75.000000 
-50.932813 -21.738290 -80.000000 
-50.308614 -26.707042 -77.493750


-50.308614 -26.707042 -77.493750 
-49.066426 -22.359384 -74.368750 
-49.690625 -19.253914 -75.000000 
-50.308614 -26.707042 -77.493750


-49.690625 -19.253914 -75.000000 
-48.448437 -22.048837 -66.875000 
-48.755879 -17.701179 -72.493750 
-49.690625 -19.253914 -75.000000


-50.932813 -21.738290 -80.000000 
-49.690625 -14.595709 -75.625000 
-50.929708 -16.458991 -82.493750 
-50.932813 -21.738290 -80.000000


-50.932813 -21.738290 -80.000000 
-49.690625 -19.253914 -75.000000 
-49.690625 -14.595709 -75.625000 
-50.932813 -21.738290 -80.000000


-49.998067 -20.185555 -82.506250 
-46.892597 -17.390632 -80.006250 
-48.134785 -20.806649 -80.006250 
-49.998067 -20.185555 -82.506250


-50.932813 -21.738290 -80.000000 
-50.929708 -16.458991 -82.493750 
-50.929708 -21.117196 -81.881250 
-50.932813 -21.738290 -80.000000


-44.715663 -23.291025 -71.875000 
-45.960956 -28.570324 -72.506250 
-47.203144 -22.669931 -76.868750 
-44.715663 -23.291025 -71.875000


-50.308614 -10.558598 -85.631250 
-50.622266 -5.279299 -86.875000 
-50.308614 -7.142581 -86.256250 
-50.308614 -10.558598 -85.631250


-50.308614 -10.558598 -85.631250 
-51.243360 -12.421880 -84.375000 
-50.622266 -5.279299 -86.875000 
-50.308614 -10.558598 -85.631250


-36.023452 16.151549 -74.375000 
-35.712905 14.906256 -71.243750 
-33.539076 16.151549 -70.000000 
-36.023452 16.151549 -74.375000


-45.960956 -28.570324 -72.506250 
-48.445332 -25.775401 -78.756250 
-47.203144 -22.669931 -76.868750 
-45.960956 -28.570324 -72.506250


-50.308614 -17.390632 -83.131250 
-49.998067 -20.185555 -82.506250 
-50.929708 -21.117196 -81.881250 
-50.308614 -17.390632 -83.131250


-43.166033 -6.521487 -81.881250 
-41.302751 -6.832034 -80.631250 
-45.029315 -9.005863 -81.881250 
-43.166033 -6.521487 -81.881250


-50.308614 -10.558598 -85.631250 
-47.824238 -12.421880 -82.506250 
-50.308614 -14.595709 -83.756250 
-50.308614 -10.558598 -85.631250


-47.824238 -12.421880 -82.506250 
-47.203144 -9.937504 -83.131250 
-44.408221 -10.558598 -80.631250 
-47.824238 -12.421880 -82.506250


-43.473475 -15.527350 -76.875000 
-45.029315 -15.837897 -78.756250 
-39.439469 -9.937504 -76.868750 
-43.473475 -15.527350 -76.875000


-40.681657 -10.248051 -77.506250 
-39.439469 -9.937504 -76.868750 
-45.029315 -15.837897 -78.756250 
-40.681657 -10.248051 -77.506250


-46.271503 -13.974615 -80.631250 
-44.408221 -10.558598 -80.631250 
-44.097674 -12.111333 -79.381250 
-46.271503 -13.974615 -80.631250


-48.134785 -6.210940 -85.631250 
-48.134785 -2.173829 -87.506250 
-46.582050 -4.968752 -85.006250 
-48.134785 -6.210940 -85.631250


-42.234392 -21.427743 -69.381250 
-41.302751 -19.253914 -69.381250 
-40.681657 -20.496102 -68.131250 
-42.234392 -21.427743 -69.381250


-47.824238 -12.421880 -82.506250 
-50.308614 -17.390632 -83.131250 
-50.308614 -14.595709 -83.756250 
-47.824238 -12.421880 -82.506250


-48.445332 -25.775401 -78.756250 
-50.308614 -24.843760 -81.881250 
-48.134785 -22.669931 -79.381250 
-48.445332 -25.775401 -78.756250


-50.932813 -21.738290 -80.000000 
-50.929708 -21.117196 -81.881250 
-50.308614 -24.843760 -81.881250 
-50.932813 -21.738290 -80.000000


-45.029315 -18.322273 -76.868750 
-44.715663 -23.291025 -71.875000 
-47.203144 -22.669931 -76.868750 
-45.029315 -18.322273 -76.868750


-45.029315 -32.917982 -70.631250 
-45.960956 -28.570324 -72.506250 
-43.787127 -30.123059 -68.756250 
-45.029315 -32.917982 -70.631250


-42.544939 -32.299993 -66.875000 
-42.544939 -32.604330 -66.875000 
-45.029315 -32.917982 -70.631250 
-42.544939 -32.299993 -66.875000


-49.998067 -20.185555 -82.506250 
-50.308614 -24.843760 -81.881250 
-50.929708 -21.117196 -81.881250 
-49.998067 -20.185555 -82.506250


-48.134785 -20.806649 -80.006250 
-48.134785 -22.669931 -79.381250 
-50.308614 -24.843760 -81.881250 
-48.134785 -20.806649 -80.006250


-48.134785 -20.806649 -80.006250 
-50.308614 -24.843760 -81.881250 
-49.998067 -20.185555 -82.506250 
-48.134785 -20.806649 -80.006250


-46.892597 -32.604330 -66.250000 
-46.892597 -32.921087 -67.500000 
-46.274608 -37.265640 -65.000000 
-46.892597 -32.604330 -66.250000


-29.501965 -31.365247 -56.256250 
-31.365247 -33.849623 -56.881250 
-35.402358 -30.436711 -60.625000 
-29.501965 -31.365247 -56.256250


-40.371110 -38.507828 -64.381250 
-44.097674 -37.886734 -68.756250 
-42.544939 -32.604330 -66.875000 
-40.371110 -38.507828 -64.381250


-31.986341 -28.883976 -58.125000 
-29.501965 -31.365247 -56.256250 
-35.402358 -30.436711 -60.625000 
-31.986341 -28.883976 -58.125000


-40.681657 -20.496102 -68.131250 
-39.128922 -18.943367 -67.506250 
-40.371110 -22.980478 -66.881250 
-40.681657 -20.496102 -68.131250


-42.234392 -49.998067 -70.006250 
-44.408221 -44.718768 -71.881250 
-43.166033 -46.582050 -70.631250 
-42.234392 -49.998067 -70.006250


-42.234392 -49.998067 -70.006250 
-44.408221 -46.271503 -71.256250 
-44.408221 -44.718768 -71.881250 
-42.234392 -49.998067 -70.006250


-45.650409 -38.818375 -72.506250 
-43.787127 -40.681657 -69.381250 
-44.408221 -44.718768 -71.881250 
-45.650409 -38.818375 -72.506250


-44.097674 -37.886734 -68.756250 
-43.787127 -40.681657 -69.381250 
-45.650409 -38.818375 -72.506250 
-44.097674 -37.886734 -68.756250


-45.964061 -40.681657 -66.875000 
-45.029315 -39.439469 -63.743750 
-46.274608 -37.265640 -65.000000 
-45.964061 -40.681657 -66.875000


-40.371110 1.863282 -53.743750 
-40.681657 3.726564 -59.993750 
-42.548044 -1.552735 -56.250000 
-40.371110 1.863282 -53.743750


-42.544939 -32.604330 -66.875000 
-42.544939 -32.299993 -66.875000 
-40.678552 -31.675794 -65.000000 
-42.544939 -32.604330 -66.875000


-42.548044 -41.302751 -52.500000 
-42.548044 -43.787127 -56.250000 
-40.995309 -45.339862 -51.875000 
-42.548044 -41.302751 -52.500000


-42.544939 -32.299993 -66.875000 
-45.029315 -32.917982 -70.631250 
-43.787127 -30.123059 -68.756250 
-42.544939 -32.299993 -66.875000


-46.585155 -21.427743 -59.375000 
-45.339862 -23.601572 -56.243750 
-45.029315 -21.117196 -54.993750 
-46.585155 -21.427743 -59.375000


-45.960956 -31.672689 -60.625000 
-46.892597 -31.989446 -63.750000 
-45.339862 -35.091811 -61.243750 
-45.960956 -31.672689 -60.625000


-33.849623 -14.285162 -66.256250 
-35.712905 -16.458991 -66.256250 
-36.644546 -12.421880 -69.381250 
-33.849623 -14.285162 -66.256250


-42.234392 -21.427743 -69.381250 
-45.029315 -18.322273 -76.868750 
-41.302751 -19.253914 -69.381250 
-42.234392 -21.427743 -69.381250


-41.923845 -49.376973 -67.493750 
-41.305856 -49.376973 -63.125000 
-43.166033 -46.892597 -66.868750 
-41.923845 -49.376973 -67.493750


-42.234392 -31.054700 -43.118750 
-43.476580 -33.228529 -46.868750 
-42.234392 -35.712905 -44.993750 
-42.234392 -31.054700 -43.118750


-5.589846 2.794923 -78.756250 
-5.589846 -0.003105 -75.000000 
-6.521487 2.173829 -80.006250 
-5.589846 2.794923 -78.756250


-41.302751 -19.253914 -69.381250 
-38.197281 -17.390632 -67.506250 
-39.128922 -18.943367 -67.506250 
-41.302751 -19.253914 -69.381250


-41.302751 -19.253914 -69.381250 
-39.128922 -18.943367 -67.506250 
-40.681657 -20.496102 -68.131250 
-41.302751 -19.253914 -69.381250


-48.448437 -27.638683 -68.750000 
-47.206249 -29.191418 -63.125000 
-48.448437 -26.085948 -67.500000 
-48.448437 -27.638683 -68.750000


-46.895702 -17.080085 -62.500000 
-47.516796 -15.527350 -65.625000 
-47.827343 -18.011726 -65.000000 
-46.895702 -17.080085 -62.500000


-40.371110 -50.929708 -68.756250 
-40.371110 -47.513691 -66.881250 
-37.886734 -54.345725 -68.131250 
-40.371110 -50.929708 -68.756250


-37.886734 -54.345725 -68.131250 
-41.305856 -51.861349 -69.375000 
-42.234392 -49.998067 -70.006250 
-37.886734 -54.345725 -68.131250


-40.371110 -50.929708 -68.756250 
-37.886734 -54.345725 -68.131250 
-42.234392 -49.998067 -70.006250 
-40.371110 -50.929708 -68.756250


-45.339862 -23.601572 -56.243750 
-46.585155 -21.427743 -59.375000 
-46.895702 -24.533213 -61.250000 
-45.339862 -23.601572 -56.243750


-36.333999 -25.154307 -63.131250 
-33.539076 -22.359384 -62.506250 
-34.470717 -25.154307 -61.881250 
-36.333999 -25.154307 -63.131250


-40.060563 -25.775401 -65.631250 
-42.855486 -26.396495 -68.131250 
-40.371110 -22.980478 -66.881250 
-40.060563 -25.775401 -65.631250


-44.715663 -23.291025 -71.875000 
-42.234392 -21.427743 -69.381250 
-40.371110 -22.980478 -66.881250 
-44.715663 -23.291025 -71.875000


-45.029315 -26.707042 -71.256250 
-44.715663 -23.291025 -71.875000 
-40.371110 -22.980478 -66.881250 
-45.029315 -26.707042 -71.256250


-43.787127 -30.123059 -68.756250 
-42.855486 -26.396495 -68.131250 
-40.060563 -25.775401 -65.631250 
-43.787127 -30.123059 -68.756250


-41.613298 -29.191418 -66.256250 
-43.787127 -30.123059 -68.756250 
-40.060563 -25.775401 -65.631250 
-41.613298 -29.191418 -66.256250


-42.237497 -45.960956 -59.375000 
-44.097674 -44.097674 -65.618750 
-43.166033 -46.892597 -66.868750 
-42.237497 -45.960956 -59.375000


-41.305856 -49.376973 -63.125000 
-42.237497 -45.960956 -59.375000 
-43.166033 -46.892597 -66.868750 
-41.305856 -49.376973 -63.125000


-41.613298 -43.166033 -66.881250 
-41.613298 -48.445332 -69.381250 
-43.166033 -46.582050 -70.631250 
-41.613298 -43.166033 -66.881250


-37.268745 -53.724631 -55.625000 
-40.374215 -50.308614 -60.000000 
-36.958198 -54.966819 -57.500000 
-37.268745 -53.724631 -55.625000


-36.958198 -54.966819 -57.500000 
-34.781264 -56.833206 -55.000000 
-37.268745 -53.724631 -55.625000 
-36.958198 -54.966819 -57.500000


-43.790232 -39.128922 -56.250000 
-43.169138 -42.855486 -60.000000 
-42.548044 -43.787127 -56.250000 
-43.790232 -39.128922 -56.250000


-41.305856 -51.861349 -69.375000 
-36.955093 -58.382836 -68.131250 
-38.510933 -56.519554 -66.250000 
-41.305856 -51.861349 -69.375000


-37.886734 -54.345725 -68.131250 
-36.644546 -57.140648 -68.131250 
-41.305856 -51.861349 -69.375000 
-37.886734 -54.345725 -68.131250


-36.955093 -58.382836 -68.131250 
-41.305856 -51.861349 -69.375000 
-36.644546 -57.140648 -68.131250 
-36.955093 -58.382836 -68.131250


-38.507828 -34.470717 -62.506250 
-40.371110 -38.507828 -64.381250 
-39.750016 -33.539076 -63.756250 
-38.507828 -34.470717 -62.506250


-41.613298 -43.166033 -66.881250 
-40.371110 -47.513691 -66.881250 
-41.613298 -48.445332 -69.381250 
-41.613298 -43.166033 -66.881250


-42.548044 -41.302751 -52.500000 
-41.616403 -42.544939 -49.375000 
-42.237497 -39.439469 -48.125000 
-42.548044 -41.302751 -52.500000


-32.921087 -53.103537 -40.625000 
-34.784369 -50.308614 -40.000000 
-35.094916 -51.550802 -44.375000 
-32.921087 -53.103537 -40.625000


-36.026557 -49.376973 -43.750000 
-35.094916 -51.550802 -44.375000 
-34.784369 -50.308614 -40.000000 
-36.026557 -49.376973 -43.750000


-40.371110 -47.513691 -66.881250 
-40.371110 -50.929708 -68.756250 
-41.613298 -48.445332 -69.381250 
-40.371110 -47.513691 -66.881250


-40.371110 -50.929708 -68.756250 
-42.234392 -49.998067 -70.006250 
-41.613298 -48.445332 -69.381250 
-40.371110 -50.929708 -68.756250


-43.166033 -46.582050 -70.631250 
-44.408221 -44.718768 -71.881250 
-41.613298 -43.166033 -66.881250 
-43.166033 -46.582050 -70.631250


-43.787127 -40.681657 -69.381250 
-41.613298 -43.166033 -66.881250 
-44.408221 -44.718768 -71.881250 
-43.787127 -40.681657 -69.381250


-43.787127 -40.681657 -69.381250 
-42.234392 -40.992204 -66.881250 
-41.613298 -43.166033 -66.881250 
-43.787127 -40.681657 -69.381250


-41.613298 -43.166033 -66.881250 
-40.371110 -38.507828 -64.381250 
-40.060563 -41.613298 -64.381250 
-41.613298 -43.166033 -66.881250


-41.613298 -43.166033 -66.881250 
-42.234392 -40.992204 -66.881250 
-40.371110 -38.507828 -64.381250 
-41.613298 -43.166033 -66.881250


-40.678552 -31.675794 -65.000000 
-37.576187 -31.057805 -62.500000 
-39.750016 -33.539076 -63.756250 
-40.678552 -31.675794 -65.000000


-48.137890 -29.191418 -69.375000 
-46.892597 -31.989446 -63.750000 
-48.448437 -27.638683 -68.750000 
-48.137890 -29.191418 -69.375000


-48.137890 -29.191418 -69.375000 
-46.892597 -32.604330 -66.250000 
-46.892597 -31.989446 -63.750000 
-48.137890 -29.191418 -69.375000


-35.402358 -47.824238 -60.631250 
-36.333999 -45.029315 -60.631250 
-34.781264 -46.271503 -59.381250 
-35.402358 -47.824238 -60.631250


-43.166033 -46.582050 -70.631250 
-41.613298 -48.445332 -69.381250 
-42.234392 -49.998067 -70.006250 
-43.166033 -46.582050 -70.631250


-42.234392 -49.998067 -70.006250 
-41.923845 -49.376973 -67.493750 
-43.166033 -46.892597 -66.868750 
-42.234392 -49.998067 -70.006250


-44.408221 -46.271503 -71.256250 
-42.234392 -49.998067 -70.006250 
-43.166033 -46.892597 -66.868750 
-44.408221 -46.271503 -71.256250


-44.097674 -44.097674 -65.618750 
-44.408221 -46.271503 -71.256250 
-43.166033 -46.892597 -66.868750 
-44.097674 -44.097674 -65.618750


-31.054700 -36.955093 -56.256250 
-31.365247 -33.849623 -56.881250 
-29.501965 -31.365247 -56.256250 
-31.054700 -36.955093 -56.256250


-31.986341 -48.445332 -57.506250 
-35.402358 -47.824238 -60.631250 
-34.781264 -46.271503 -59.381250 
-31.986341 -48.445332 -57.506250


-42.237497 -45.960956 -59.375000 
-41.305856 -49.376973 -63.125000 
-40.374215 -50.308614 -60.000000 
-42.237497 -45.960956 -59.375000


-32.296888 -60.870317 -61.875000 
-30.123059 -61.801958 -60.000000 
-32.917982 -60.249223 -59.375000 
-32.296888 -60.870317 -61.875000


-32.296888 -62.112505 -66.250000 
-34.784369 -60.556665 -64.375000 
-34.781264 -60.556665 -66.881250 
-32.296888 -62.112505 -66.250000


-32.296888 -62.112505 -66.250000 
-34.781264 -60.556665 -66.881250 
-32.607435 -60.867212 -66.881250 
-32.296888 -62.112505 -66.250000


-32.296888 -60.870317 -61.875000 
-34.784369 -60.556665 -64.375000 
-32.296888 -62.112505 -66.250000 
-32.296888 -60.870317 -61.875000


-38.510933 -56.519554 -66.250000 
-36.955093 -58.382836 -68.131250 
-37.265640 -57.761742 -64.368750 
-38.510933 -56.519554 -66.250000


-38.510933 -56.519554 -66.250000 
-38.507828 -54.966819 -63.118750 
-40.063668 -52.792990 -64.375000 
-38.510933 -56.519554 -66.250000


-31.678899 -58.072289 -46.875000 
-33.231634 -55.587913 -46.250000 
-35.402358 -54.345725 -50.618750 
-31.678899 -58.072289 -46.875000


-31.678899 -58.072289 -46.875000 
-35.402358 -54.345725 -50.618750 
-32.917982 -56.830101 -50.618750 
-31.678899 -58.072289 -46.875000


-44.100779 -36.955093 -54.375000 
-44.721873 -31.986341 -52.500000 
-45.960956 -31.054700 -59.993750 
-44.100779 -36.955093 -54.375000


-33.849623 -57.140648 -64.381250 
-33.228529 -55.277366 -62.506250 
-27.017589 -61.177759 -63.756250 
-33.849623 -57.140648 -64.381250


-34.784369 -58.382836 -58.750000 
-32.917982 -60.249223 -59.375000 
-31.986341 -60.559770 -56.875000 
-34.784369 -58.382836 -58.750000


-34.160170 -43.166033 -58.131250 
-34.781264 -46.271503 -59.381250 
-36.333999 -45.029315 -60.631250 
-34.160170 -43.166033 -58.131250


-35.712905 -42.544939 -59.381250 
-34.160170 -43.166033 -58.131250 
-36.333999 -45.029315 -60.631250 
-35.712905 -42.544939 -59.381250


-32.607435 -60.867212 -66.881250 
-27.017589 -61.177759 -63.756250 
-27.638683 -62.112505 -64.375000 
-32.607435 -60.867212 -66.881250


-29.501965 -62.109400 -65.006250 
-32.607435 -60.867212 -66.881250 
-27.638683 -62.112505 -64.375000 
-29.501965 -62.109400 -65.006250


-19.253914 -62.109400 -34.368750 
-13.974615 -62.423052 -40.625000 
-11.490239 -61.801958 -38.750000 
-19.253914 -62.109400 -34.368750


-19.253914 -62.109400 -34.368750 
-11.490239 -61.801958 -38.750000 
-16.458991 -61.180864 -34.375000 
-19.253914 -62.109400 -34.368750


-35.402358 -54.345725 -50.618750 
-34.781264 -56.833206 -55.000000 
-32.917982 -56.830101 -50.618750 
-35.402358 -54.345725 -50.618750


-30.123059 -61.801958 -60.000000 
-29.501965 -62.109400 -65.006250 
-27.638683 -62.112505 -64.375000 
-30.123059 -61.801958 -60.000000


-34.784369 -58.382836 -58.750000 
-31.986341 -60.559770 -56.875000 
-31.675794 -59.935571 -53.743750 
-34.784369 -58.382836 -58.750000


-34.781264 -56.833206 -55.000000 
-34.784369 -58.382836 -58.750000 
-31.675794 -59.935571 -53.743750 
-34.781264 -56.833206 -55.000000


-35.402358 -30.436711 -60.625000 
-35.712905 -27.638683 -61.881250 
-31.986341 -28.883976 -58.125000 
-35.402358 -30.436711 -60.625000


-43.169138 -42.855486 -60.000000 
-42.237497 -45.960956 -59.375000 
-42.548044 -43.787127 -56.250000 
-43.169138 -42.855486 -60.000000


-33.539076 -50.929708 -60.006250 
-32.917982 -52.792990 -60.631250 
-36.333999 -50.308614 -63.131250 
-33.539076 -50.929708 -60.006250


-41.923845 -49.376973 -67.493750 
-41.305856 -51.861349 -69.375000 
-40.063668 -52.792990 -64.375000 
-41.923845 -49.376973 -67.493750


-41.305856 -49.376973 -63.125000 
-41.923845 -49.376973 -67.493750 
-40.063668 -52.792990 -64.375000 
-41.305856 -49.376973 -63.125000


-33.849623 -57.140648 -64.381250 
-37.886734 -54.345725 -68.131250 
-36.023452 -53.414084 -64.381250 
-33.849623 -57.140648 -64.381250


-31.986341 -60.559770 -56.875000 
-29.501965 -61.801958 -55.000000 
-31.675794 -59.935571 -53.743750 
-31.986341 -60.559770 -56.875000


-44.721873 -31.986341 -52.500000 
-44.100779 -36.955093 -54.375000 
-43.790232 -34.781264 -50.625000 
-44.721873 -31.986341 -52.500000


-34.781264 -46.271503 -59.381250 
-30.433606 -43.166033 -55.631250 
-31.986341 -48.445332 -57.506250 
-34.781264 -46.271503 -59.381250


-7.453128 -45.029315 -31.868750 
-17.701179 -42.855486 -28.743750 
-15.527350 -45.650409 -30.618750 
-7.453128 -45.029315 -31.868750


-25.464854 -49.376973 -52.506250 
-24.222666 -46.271503 -50.631250 
-24.222666 -51.240255 -51.881250 
-25.464854 -49.376973 -52.506250


-23.601572 -49.687520 -50.631250 
-24.222666 -51.240255 -51.881250 
-24.222666 -46.271503 -50.631250 
-23.601572 -49.687520 -50.631250


-32.917982 -56.830101 -50.618750 
-34.781264 -56.833206 -55.000000 
-31.675794 -59.935571 -53.743750 
-32.917982 -56.830101 -50.618750


-36.333999 -50.308614 -63.131250 
-36.955093 -48.134785 -62.506250 
-35.402358 -47.824238 -60.631250 
-36.333999 -50.308614 -63.131250


-22.980478 -62.112505 -56.250000 
-23.601572 -61.801958 -61.875000 
-20.806649 -62.109400 -55.006250 
-22.980478 -62.112505 -56.250000


-20.185555 -61.177759 -58.756250 
-20.806649 -62.109400 -55.006250 
-23.601572 -61.801958 -61.875000 
-20.185555 -61.177759 -58.756250


-34.781264 -56.833206 -55.000000 
-37.268745 -52.792990 -53.125000 
-37.268745 -53.724631 -55.625000 
-34.781264 -56.833206 -55.000000


-31.986341 -60.559770 -56.875000 
-30.123059 -61.801958 -60.000000 
-29.191418 -62.112505 -57.500000 
-31.986341 -60.559770 -56.875000


-31.986341 -60.559770 -56.875000 
-29.191418 -62.112505 -57.500000 
-29.501965 -61.801958 -55.000000 
-31.986341 -60.559770 -56.875000


-39.132027 -49.376973 -52.500000 
-38.200386 -51.550802 -53.750000 
-37.268745 -52.792990 -53.125000 
-39.132027 -49.376973 -52.500000


-41.616403 -42.544939 -49.375000 
-40.995309 -45.339862 -51.875000 
-39.128922 -46.582050 -48.118750 
-41.616403 -42.544939 -49.375000


-41.616403 -42.544939 -49.375000 
-39.128922 -46.582050 -48.118750 
-39.750016 -44.718768 -47.493750 
-41.616403 -42.544939 -49.375000


-37.886734 -45.339862 -62.506250 
-37.886734 -43.166033 -61.881250 
-36.333999 -45.029315 -60.631250 
-37.886734 -45.339862 -62.506250


-19.253914 -29.812512 -50.006250 
-16.769538 -27.331241 -50.000000 
-20.496102 -34.781264 -48.756250 
-19.253914 -29.812512 -50.006250


-12.111333 -28.570324 -45.006250 
-13.971510 -32.296888 -44.375000 
-16.769538 -27.331241 -50.000000 
-12.111333 -28.570324 -45.006250


-30.433606 -43.166033 -55.631250 
-30.433606 -48.134785 -56.256250 
-31.986341 -48.445332 -57.506250 
-30.433606 -43.166033 -55.631250


-27.638683 -56.519554 -58.131250 
-29.812512 -56.519554 -60.006250 
-30.433606 -49.998067 -56.881250 
-27.638683 -56.519554 -58.131250


-29.812512 -56.519554 -60.006250 
-32.917982 -52.792990 -60.631250 
-30.433606 -49.998067 -56.881250 
-29.812512 -56.519554 -60.006250


-32.917982 -52.792990 -60.631250 
-31.986341 -48.445332 -57.506250 
-30.433606 -49.998067 -56.881250 
-32.917982 -52.792990 -60.631250


-33.539076 -50.929708 -60.006250 
-31.986341 -48.445332 -57.506250 
-32.917982 -52.792990 -60.631250 
-33.539076 -50.929708 -60.006250


-38.507828 -54.966819 -63.118750 
-36.958198 -54.966819 -57.500000 
-40.374215 -50.308614 -60.000000 
-38.507828 -54.966819 -63.118750


-38.507828 -54.966819 -63.118750 
-37.265640 -57.761742 -64.368750 
-36.337104 -56.209007 -58.750000 
-38.507828 -54.966819 -63.118750


-31.986341 -48.445332 -57.506250 
-33.539076 -50.929708 -60.006250 
-35.402358 -47.824238 -60.631250 
-31.986341 -48.445332 -57.506250


-42.544939 -32.604330 -66.875000 
-40.678552 -31.675794 -65.000000 
-39.750016 -33.539076 -63.756250 
-42.544939 -32.604330 -66.875000


-48.448437 -27.638683 -68.750000 
-46.892597 -31.989446 -63.750000 
-47.206249 -29.191418 -63.125000 
-48.448437 -27.638683 -68.750000


-27.638683 -17.701179 -61.256250 
-24.843760 -16.769538 -60.006250 
-26.396495 -18.322273 -60.006250 
-27.638683 -17.701179 -61.256250


-29.812512 -28.883976 -56.875000 
-31.986341 -28.883976 -58.125000 
-31.675794 -26.396495 -58.756250 
-29.812512 -28.883976 -56.875000


-34.160170 -43.166033 -58.131250 
-33.228529 -37.265640 -57.506250 
-31.054700 -36.955093 -56.256250 
-34.160170 -43.166033 -58.131250


-34.160170 -43.166033 -58.131250 
-31.054700 -36.955093 -56.256250 
-30.433606 -43.166033 -55.631250 
-34.160170 -43.166033 -58.131250


-29.501965 -39.439469 -55.006250 
-30.433606 -43.166033 -55.631250 
-31.054700 -36.955093 -56.256250 
-29.501965 -39.439469 -55.006250


-45.339862 -27.638683 -57.493750 
-45.964061 -29.501965 -59.375000 
-44.721873 -31.986341 -52.500000 
-45.339862 -27.638683 -57.493750


-10.869145 3.723459 -82.500000 
-8.074222 4.037111 -83.131250 
-9.626957 2.170724 -80.000000 
-10.869145 3.723459 -82.500000


-44.097674 -22.048837 -46.868750 
-43.169138 -18.943367 -41.875000 
-43.790232 -17.390632 -47.500000 
-44.097674 -22.048837 -46.868750


-27.017589 -26.707042 -56.256250 
-29.501965 -31.365247 -56.256250 
-29.812512 -28.883976 -56.875000 
-27.017589 -26.707042 -56.256250


-27.017589 -26.707042 -56.256250 
-27.949230 -29.812512 -55.631250 
-29.501965 -31.365247 -56.256250 
-27.017589 -26.707042 -56.256250


-20.496102 3.105470 -83.131250 
-16.458991 4.347658 -83.756250 
-18.011726 2.484376 -81.881250 
-20.496102 3.105470 -83.131250


-24.222666 -15.216803 -60.631250 
-24.843760 -16.769538 -60.006250 
-27.638683 -17.701179 -61.256250 
-24.222666 -15.216803 -60.631250


-31.986341 -28.883976 -58.125000 
-35.712905 -27.638683 -61.881250 
-34.470717 -25.154307 -61.881250 
-31.986341 -28.883976 -58.125000


-31.675794 -26.396495 -58.756250 
-31.986341 -28.883976 -58.125000 
-34.470717 -25.154307 -61.881250 
-31.675794 -26.396495 -58.756250


-48.755879 -17.701179 -72.493750 
-47.516796 -15.527350 -65.625000 
-47.827343 -12.421880 -70.625000 
-48.755879 -17.701179 -72.493750


-46.892597 -31.989446 -63.750000 
-46.274608 -37.265640 -65.000000 
-45.339862 -35.091811 -61.243750 
-46.892597 -31.989446 -63.750000


-17.390632 -12.732427 -58.131250 
-14.595709 -15.841002 -53.125000 
-17.390632 -15.216803 -57.506250 
-17.390632 -12.732427 -58.131250


-17.390632 -12.732427 -58.131250 
-15.837897 -13.042974 -55.006250 
-14.595709 -15.841002 -53.125000 
-17.390632 -12.732427 -58.131250


-27.017589 -26.707042 -56.256250 
-31.675794 -26.396495 -58.756250 
-31.675794 -22.669931 -60.631250 
-27.017589 -26.707042 -56.256250


-43.166033 -10.869145 -50.618750 
-43.169138 -6.521487 -51.250000 
-44.721873 -10.248051 -54.375000 
-43.166033 -10.869145 -50.618750


-27.017589 -26.707042 -56.256250 
-31.675794 -22.669931 -60.631250 
-25.775401 -22.359384 -57.506250 
-27.017589 -26.707042 -56.256250


-31.054700 -21.117196 -61.256250 
-25.775401 -22.359384 -57.506250 
-31.675794 -22.669931 -60.631250 
-31.054700 -21.117196 -61.256250


-38.507828 -34.470717 -62.506250 
-39.750016 -33.539076 -63.756250 
-37.576187 -31.057805 -62.500000 
-38.507828 -34.470717 -62.506250


-31.365247 -33.849623 -56.881250 
-31.054700 -36.955093 -56.256250 
-33.228529 -37.265640 -57.506250 
-31.365247 -33.849623 -56.881250


-31.675794 -22.669931 -60.631250 
-31.675794 -26.396495 -58.756250 
-34.470717 -25.154307 -61.881250 
-31.675794 -22.669931 -60.631250


-37.886734 -43.166033 -61.881250 
-39.128922 -40.060563 -63.131250 
-37.576187 -37.576187 -61.256250 
-37.886734 -43.166033 -61.881250


-45.342967 -9.626957 -58.750000 
-45.964061 -11.490239 -59.375000 
-44.721873 -10.248051 -54.375000 
-45.342967 -9.626957 -58.750000


-45.029315 -12.732427 -54.368750 
-44.721873 -10.248051 -54.375000 
-45.964061 -11.490239 -59.375000 
-45.029315 -12.732427 -54.368750


-46.585155 -21.427743 -59.375000 
-46.274608 -16.148444 -58.750000 
-46.895702 -17.080085 -62.500000 
-46.585155 -21.427743 -59.375000


-45.960956 -31.054700 -59.993750 
-45.964061 -29.501965 -59.375000 
-47.206249 -29.191418 -63.125000 
-45.960956 -31.054700 -59.993750


-29.501965 -31.365247 -56.256250 
-31.986341 -28.883976 -58.125000 
-29.812512 -28.883976 -56.875000 
-29.501965 -31.365247 -56.256250


-39.750016 -43.476580 -64.381250 
-37.886734 -43.166033 -61.881250 
-37.886734 -45.339862 -62.506250 
-39.750016 -43.476580 -64.381250


-48.448437 -26.085948 -67.500000 
-47.206249 -29.191418 -63.125000 
-46.895702 -24.533213 -61.250000 
-48.448437 -26.085948 -67.500000


-46.585155 -21.427743 -59.375000 
-47.827343 -18.011726 -65.000000 
-47.206249 -21.738290 -62.500000 
-46.585155 -21.427743 -59.375000


-46.895702 -17.080085 -62.500000 
-47.827343 -18.011726 -65.000000 
-46.585155 -21.427743 -59.375000 
-46.895702 -17.080085 -62.500000


-40.371110 -47.513691 -66.881250 
-41.613298 -43.166033 -66.881250 
-39.750016 -43.476580 -64.381250 
-40.371110 -47.513691 -66.881250


-39.750016 -43.476580 -64.381250 
-37.886734 -45.339862 -62.506250 
-38.818375 -47.203144 -64.381250 
-39.750016 -43.476580 -64.381250


-40.060563 -25.775401 -65.631250 
-40.371110 -22.980478 -66.881250 
-37.265640 -23.291025 -64.381250 
-40.060563 -25.775401 -65.631250


-37.265640 -23.291025 -64.381250 
-39.128922 -18.943367 -67.506250 
-34.781264 -18.011726 -65.006250 
-37.265640 -23.291025 -64.381250


-33.539076 -22.359384 -62.506250 
-36.333999 -25.154307 -63.131250 
-37.265640 -23.291025 -64.381250 
-33.539076 -22.359384 -62.506250


-46.892597 -31.989446 -63.750000 
-46.892597 -32.604330 -66.250000 
-46.274608 -37.265640 -65.000000 
-46.892597 -31.989446 -63.750000


-38.197281 -17.390632 -67.506250 
-34.781264 -18.011726 -65.006250 
-39.128922 -18.943367 -67.506250 
-38.197281 -17.390632 -67.506250


-40.678552 -31.675794 -65.000000 
-41.613298 -29.191418 -66.256250 
-39.750016 -29.191418 -64.381250 
-40.678552 -31.675794 -65.000000


-39.128922 -40.060563 -63.131250 
-39.750016 -43.476580 -64.381250 
-40.060563 -41.613298 -64.381250 
-39.128922 -40.060563 -63.131250


-39.128922 -40.060563 -63.131250 
-37.886734 -43.166033 -61.881250 
-39.750016 -43.476580 -64.381250 
-39.128922 -40.060563 -63.131250


-32.917982 -52.792990 -60.631250 
-34.160170 -52.792990 -61.881250 
-36.333999 -50.308614 -63.131250 
-32.917982 -52.792990 -60.631250


-40.060563 -41.613298 -64.381250 
-40.371110 -38.507828 -64.381250 
-39.128922 -40.060563 -63.131250 
-40.060563 -41.613298 -64.381250


-45.960956 -31.672689 -60.625000 
-45.960956 -31.054700 -59.993750 
-46.892597 -31.989446 -63.750000 
-45.960956 -31.672689 -60.625000


-47.206249 -29.191418 -63.125000 
-46.892597 -31.989446 -63.750000 
-45.960956 -31.054700 -59.993750 
-47.206249 -29.191418 -63.125000


-38.197281 -17.390632 -67.506250 
-35.712905 -16.458991 -66.256250 
-34.781264 -18.011726 -65.006250 
-38.197281 -17.390632 -67.506250


-39.750016 -29.191418 -64.381250 
-40.060563 -25.775401 -65.631250 
-36.333999 -25.154307 -63.131250 
-39.750016 -29.191418 -64.381250


-37.576187 -31.057805 -62.500000 
-35.712905 -27.638683 -61.881250 
-35.402358 -30.436711 -60.625000 
-37.576187 -31.057805 -62.500000


-37.576187 -31.057805 -62.500000 
-36.333999 -25.154307 -63.131250 
-35.712905 -27.638683 -61.881250 
-37.576187 -31.057805 -62.500000


-39.750016 -29.191418 -64.381250 
-36.333999 -25.154307 -63.131250 
-37.576187 -31.057805 -62.500000 
-39.750016 -29.191418 -64.381250


-44.100779 -31.986341 -48.750000 
-43.790232 -34.781264 -50.625000 
-43.476580 -33.228529 -46.868750 
-44.100779 -31.986341 -48.750000


-29.501965 -45.029315 -55.006250 
-27.638683 -45.650409 -53.756250 
-27.949230 -49.998067 -55.006250 
-29.501965 -45.029315 -55.006250


-45.339862 -23.601572 -56.243750 
-44.721873 -25.775401 -51.250000 
-45.029315 -21.117196 -54.993750 
-45.339862 -23.601572 -56.243750


-44.721873 -25.775401 -51.250000 
-44.097674 -22.048837 -46.868750 
-45.029315 -21.117196 -54.993750 
-44.721873 -25.775401 -51.250000


-47.827343 -18.011726 -65.000000 
-48.448437 -22.048837 -66.875000 
-47.206249 -21.738290 -62.500000 
-47.827343 -18.011726 -65.000000


-46.895702 -24.533213 -61.250000 
-47.206249 -21.738290 -62.500000 
-48.448437 -22.048837 -66.875000 
-46.895702 -24.533213 -61.250000


-46.895702 -24.533213 -61.250000 
-48.448437 -22.048837 -66.875000 
-48.448437 -26.085948 -67.500000 
-46.895702 -24.533213 -61.250000


-34.160170 -43.166033 -58.131250 
-35.712905 -42.544939 -59.381250 
-33.228529 -37.265640 -57.506250 
-34.160170 -43.166033 -58.131250


-41.613298 -29.191418 -66.256250 
-40.060563 -25.775401 -65.631250 
-39.750016 -29.191418 -64.381250 
-41.613298 -29.191418 -66.256250


-44.100779 -36.955093 -54.375000 
-43.169138 -37.886734 -51.250000 
-43.790232 -34.781264 -50.625000 
-44.100779 -36.955093 -54.375000


-45.339862 -27.638683 -57.493750 
-46.895702 -24.533213 -61.250000 
-45.964061 -29.501965 -59.375000 
-45.339862 -27.638683 -57.493750


-29.501965 -31.365247 -56.256250 
-27.638683 -33.539076 -54.381250 
-28.259777 -36.023452 -54.381250 
-29.501965 -31.365247 -56.256250


-43.169138 -37.886734 -51.250000 
-42.548044 -41.302751 -52.500000 
-42.237497 -39.439469 -48.125000 
-43.169138 -37.886734 -51.250000


-46.274608 -37.265640 -65.000000 
-45.029315 -39.439469 -63.743750 
-45.029315 -36.955093 -61.868750 
-46.274608 -37.265640 -65.000000


-45.029315 -39.439469 -63.743750 
-43.169138 -42.855486 -60.000000 
-43.790232 -39.128922 -56.250000 
-45.029315 -39.439469 -63.743750


-38.507828 -34.470717 -62.506250 
-39.128922 -40.060563 -63.131250 
-40.371110 -38.507828 -64.381250 
-38.507828 -34.470717 -62.506250


-38.507828 -34.470717 -62.506250 
-37.576187 -37.576187 -61.256250 
-39.128922 -40.060563 -63.131250 
-38.507828 -34.470717 -62.506250


-34.160170 -52.792990 -61.881250 
-33.228529 -55.277366 -62.506250 
-36.023452 -53.414084 -64.381250 
-34.160170 -52.792990 -61.881250


-43.790232 -39.128922 -56.250000 
-42.548044 -43.787127 -56.250000 
-42.548044 -41.302751 -52.500000 
-43.790232 -39.128922 -56.250000


-38.818375 -47.203144 -64.381250 
-40.371110 -47.513691 -66.881250 
-39.750016 -43.476580 -64.381250 
-38.818375 -47.203144 -64.381250


-36.333999 -36.023452 -60.006250 
-37.576187 -37.576187 -61.256250 
-38.507828 -34.470717 -62.506250 
-36.333999 -36.023452 -60.006250


-35.712905 -42.544939 -59.381250 
-36.333999 -45.029315 -60.631250 
-37.886734 -43.166033 -61.881250 
-35.712905 -42.544939 -59.381250


-38.510933 -56.519554 -66.250000 
-37.265640 -57.761742 -64.368750 
-38.507828 -54.966819 -63.118750 
-38.510933 -56.519554 -66.250000


-33.228529 -37.265640 -57.506250 
-37.576187 -37.576187 -61.256250 
-36.333999 -36.023452 -60.006250 
-33.228529 -37.265640 -57.506250


-41.613298 -43.166033 -66.881250 
-40.060563 -41.613298 -64.381250 
-39.750016 -43.476580 -64.381250 
-41.613298 -43.166033 -66.881250


-35.712905 -42.544939 -59.381250 
-37.886734 -43.166033 -61.881250 
-37.576187 -37.576187 -61.256250 
-35.712905 -42.544939 -59.381250


-34.781264 -45.339862 -31.243750 
-36.333999 -42.855486 -31.243750 
-36.337104 -45.029315 -34.375000 
-34.781264 -45.339862 -31.243750


-37.576187 -31.057805 -62.500000 
-35.402358 -30.436711 -60.625000 
-38.507828 -34.470717 -62.506250 
-37.576187 -31.057805 -62.500000


-35.402358 -30.436711 -60.625000 
-36.333999 -36.023452 -60.006250 
-38.507828 -34.470717 -62.506250 
-35.402358 -30.436711 -60.625000


-36.958198 -54.966819 -57.500000 
-38.507828 -54.966819 -63.118750 
-36.337104 -56.209007 -58.750000 
-36.958198 -54.966819 -57.500000


-32.917982 -52.792990 -60.631250 
-33.228529 -55.277366 -62.506250 
-34.160170 -52.792990 -61.881250 
-32.917982 -52.792990 -60.631250


-33.539076 -50.929708 -60.006250 
-36.333999 -50.308614 -63.131250 
-35.402358 -47.824238 -60.631250 
-33.539076 -50.929708 -60.006250


-36.955093 -48.134785 -62.506250 
-38.818375 -47.203144 -64.381250 
-37.886734 -45.339862 -62.506250 
-36.955093 -48.134785 -62.506250


-34.784369 -58.382836 -58.750000 
-37.265640 -57.761742 -64.368750 
-34.784369 -60.556665 -64.375000 
-34.784369 -58.382836 -58.750000


-36.955093 -58.382836 -68.131250 
-34.784369 -60.556665 -64.375000 
-37.265640 -57.761742 -64.368750 
-36.955093 -58.382836 -68.131250


-34.781264 -60.556665 -66.881250 
-34.784369 -60.556665 -64.375000 
-36.955093 -58.382836 -68.131250 
-34.781264 -60.556665 -66.881250


-40.063668 -52.792990 -64.375000 
-40.374215 -50.308614 -60.000000 
-41.305856 -49.376973 -63.125000 
-40.063668 -52.792990 -64.375000


-41.305856 -51.861349 -69.375000 
-38.510933 -56.519554 -66.250000 
-40.063668 -52.792990 -64.375000 
-41.305856 -51.861349 -69.375000


-31.986341 -48.445332 -57.506250 
-30.433606 -48.134785 -56.256250 
-30.433606 -49.998067 -56.881250 
-31.986341 -48.445332 -57.506250


-35.402358 -47.824238 -60.631250 
-36.955093 -48.134785 -62.506250 
-36.333999 -45.029315 -60.631250 
-35.402358 -47.824238 -60.631250


-38.818375 -47.203144 -64.381250 
-36.955093 -48.134785 -62.506250 
-36.333999 -50.308614 -63.131250 
-38.818375 -47.203144 -64.381250


-37.886734 -54.345725 -68.131250 
-40.371110 -47.513691 -66.881250 
-36.333999 -50.308614 -63.131250 
-37.886734 -54.345725 -68.131250


-40.371110 -47.513691 -66.881250 
-38.818375 -47.203144 -64.381250 
-36.333999 -50.308614 -63.131250 
-40.371110 -47.513691 -66.881250


-36.023452 -53.414084 -64.381250 
-37.886734 -54.345725 -68.131250 
-36.333999 -50.308614 -63.131250 
-36.023452 -53.414084 -64.381250


-34.160170 -52.792990 -61.881250 
-36.023452 -53.414084 -64.381250 
-36.333999 -50.308614 -63.131250 
-34.160170 -52.792990 -61.881250


-42.544939 -22.669931 -39.993750 
-42.237497 -26.396495 -41.250000 
-41.305856 -28.259777 -35.000000 
-42.544939 -22.669931 -39.993750


-37.579292 -42.544939 -35.000000 
-37.268745 -44.718768 -38.125000 
-36.337104 -45.029315 -34.375000 
-37.579292 -42.544939 -35.000000


-45.339862 -35.091811 -61.243750 
-44.100779 -36.955093 -54.375000 
-45.960956 -31.672689 -60.625000 
-45.339862 -35.091811 -61.243750


-45.960956 -31.054700 -59.993750 
-45.960956 -31.672689 -60.625000 
-44.100779 -36.955093 -54.375000 
-45.960956 -31.054700 -59.993750


-29.501965 -39.439469 -55.006250 
-31.054700 -36.955093 -56.256250 
-28.259777 -37.886734 -54.381250 
-29.501965 -39.439469 -55.006250


-41.616403 -42.544939 -49.375000 
-40.060563 -41.923845 -46.243750 
-42.237497 -39.439469 -48.125000 
-41.616403 -42.544939 -49.375000


-43.476580 -33.228529 -46.868750 
-41.923845 -37.576187 -45.618750 
-42.234392 -35.712905 -44.993750 
-43.476580 -33.228529 -46.868750


-30.433606 -48.134785 -56.256250 
-30.433606 -43.166033 -55.631250 
-29.501965 -45.029315 -55.006250 
-30.433606 -48.134785 -56.256250


-42.548044 -43.787127 -56.250000 
-41.616403 -46.582050 -57.500000 
-40.995309 -45.339862 -51.875000 
-42.548044 -43.787127 -56.250000


-42.548044 -41.302751 -52.500000 
-40.995309 -45.339862 -51.875000 
-41.616403 -42.544939 -49.375000 
-42.548044 -41.302751 -52.500000


-36.337104 -56.209007 -58.750000 
-34.781264 -56.833206 -55.000000 
-36.958198 -54.966819 -57.500000 
-36.337104 -56.209007 -58.750000


-44.100779 -24.533213 -45.625000 
-44.100779 -28.570324 -46.875000 
-43.790232 -28.259777 -45.000000 
-44.100779 -24.533213 -45.625000


-30.433606 -43.166033 -55.631250 
-29.501965 -39.439469 -55.006250 
-27.949230 -41.302751 -53.756250 
-30.433606 -43.166033 -55.631250


-44.721873 -29.191418 -49.375000 
-44.721873 -29.501965 -49.375000 
-44.100779 -28.570324 -46.875000 
-44.721873 -29.191418 -49.375000


-45.339862 -27.638683 -57.493750 
-44.721873 -31.986341 -52.500000 
-44.721873 -29.191418 -49.375000 
-45.339862 -27.638683 -57.493750


-44.721873 -25.775401 -51.250000 
-45.339862 -27.638683 -57.493750 
-44.721873 -29.191418 -49.375000 
-44.721873 -25.775401 -51.250000


-42.234392 -31.054700 -43.118750 
-42.234392 -35.712905 -44.993750 
-40.992204 -31.986341 -38.743750 
-42.234392 -31.054700 -43.118750


-40.063668 -36.955093 -37.500000 
-40.374215 -34.470717 -36.875000 
-42.234392 -35.712905 -44.993750 
-40.063668 -36.955093 -37.500000


-43.790232 -34.781264 -50.625000 
-44.100779 -31.986341 -48.750000 
-44.721873 -31.986341 -52.500000 
-43.790232 -34.781264 -50.625000


-44.721873 -31.986341 -52.500000 
-44.721873 -29.501965 -49.375000 
-44.721873 -29.191418 -49.375000 
-44.721873 -31.986341 -52.500000


-43.476580 -33.228529 -46.868750 
-42.234392 -31.054700 -43.118750 
-43.790232 -28.259777 -45.000000 
-43.476580 -33.228529 -46.868750


-44.100779 -28.570324 -46.875000 
-43.476580 -33.228529 -46.868750 
-43.790232 -28.259777 -45.000000 
-44.100779 -28.570324 -46.875000


-28.259777 -36.023452 -54.381250 
-28.259777 -37.886734 -54.381250 
-31.054700 -36.955093 -56.256250 
-28.259777 -36.023452 -54.381250


-35.091811 -25.464854 -24.368750 
-38.818375 -25.464854 -23.743750 
-34.781264 -28.570324 -24.368750 
-35.091811 -25.464854 -24.368750


-26.085948 -36.644546 -53.131250 
-23.601572 -35.712905 -51.256250 
-24.533213 -38.197281 -51.256250 
-26.085948 -36.644546 -53.131250


-39.128922 -46.582050 -48.118750 
-39.132027 -49.376973 -52.500000 
-37.886734 -48.755879 -48.118750 
-39.128922 -46.582050 -48.118750


-40.060563 -41.923845 -46.243750 
-41.616403 -42.544939 -49.375000 
-39.750016 -44.718768 -47.493750 
-40.060563 -41.923845 -46.243750


-18.632820 -34.781264 -46.881250 
-20.496102 -34.781264 -48.756250 
-16.769538 -27.331241 -50.000000 
-18.632820 -34.781264 -46.881250


-32.296888 -49.998067 -32.493750 
-33.849623 -50.001172 -35.625000 
-31.054700 -52.171896 -33.118750 
-32.296888 -49.998067 -32.493750


-41.616403 -46.582050 -57.500000 
-39.132027 -49.376973 -52.500000 
-40.995309 -45.339862 -51.875000 
-41.616403 -46.582050 -57.500000


-40.995309 -45.339862 -51.875000 
-39.132027 -49.376973 -52.500000 
-39.128922 -46.582050 -48.118750 
-40.995309 -45.339862 -51.875000


-41.616403 -46.582050 -57.500000 
-40.063668 -49.376973 -57.500000 
-39.132027 -49.376973 -52.500000 
-41.616403 -46.582050 -57.500000


-27.949230 -29.812512 -55.631250 
-27.017589 -26.707042 -56.256250 
-26.396495 -27.331241 -55.625000 
-27.949230 -29.812512 -55.631250


-18.943367 -22.359384 -54.381250 
-16.148444 -19.875008 -54.381250 
-16.458991 -22.669931 -53.131250 
-18.943367 -22.359384 -54.381250


-40.374215 -50.308614 -60.000000 
-38.200386 -51.550802 -53.750000 
-40.063668 -49.376973 -57.500000 
-40.374215 -50.308614 -60.000000


-40.374215 -50.308614 -60.000000 
-37.268745 -53.724631 -55.625000 
-38.200386 -51.550802 -53.750000 
-40.374215 -50.308614 -60.000000


-39.132027 -49.376973 -52.500000 
-40.063668 -49.376973 -57.500000 
-38.200386 -51.550802 -53.750000 
-39.132027 -49.376973 -52.500000


-37.268745 -53.724631 -55.625000 
-37.268745 -52.792990 -53.125000 
-38.200386 -51.550802 -53.750000 
-37.268745 -53.724631 -55.625000


-33.228529 -39.442574 -26.250000 
-34.160170 -43.790232 -26.250000 
-32.917982 -45.960956 -26.243750 
-33.228529 -39.442574 -26.250000


-27.949230 -41.302751 -53.756250 
-29.501965 -45.029315 -55.006250 
-30.433606 -43.166033 -55.631250 
-27.949230 -41.302751 -53.756250


-27.638683 -45.650409 -53.756250 
-29.501965 -45.029315 -55.006250 
-27.949230 -41.302751 -53.756250 
-27.638683 -45.650409 -53.756250


-30.433606 -48.134785 -56.256250 
-29.501965 -45.029315 -55.006250 
-27.949230 -49.998067 -55.006250 
-30.433606 -48.134785 -56.256250


-27.638683 -33.539076 -54.381250 
-29.501965 -31.365247 -56.256250 
-25.464854 -31.986341 -53.756250 
-27.638683 -33.539076 -54.381250


-25.775401 -30.433606 -54.381250 
-25.464854 -31.986341 -53.756250 
-29.501965 -31.365247 -56.256250 
-25.775401 -30.433606 -54.381250


-20.806649 -23.601572 -55.006250 
-24.533213 -28.573429 -54.375000 
-22.980478 -25.154307 -55.006250 
-20.806649 -23.601572 -55.006250


-29.501965 -48.134785 -28.743750 
-25.775401 -53.103537 -31.243750 
-22.669931 -47.824238 -29.993750 
-29.501965 -48.134785 -28.743750


-28.259777 -59.935571 -43.118750 
-30.747258 -59.314477 -47.500000 
-27.949230 -62.112505 -48.125000 
-28.259777 -59.935571 -43.118750


-31.678899 -58.072289 -46.875000 
-28.259777 -59.935571 -43.118750 
-30.126164 -57.451195 -41.875000 
-31.678899 -58.072289 -46.875000


-28.259777 -55.587913 -34.368750 
-27.328136 -58.693383 -38.118750 
-26.396495 -58.072289 -35.618750 
-28.259777 -55.587913 -34.368750


-31.678899 -58.072289 -46.875000 
-30.747258 -59.314477 -47.500000 
-28.259777 -59.935571 -43.118750 
-31.678899 -58.072289 -46.875000


-37.889839 -39.750016 -31.875000 
-38.510933 -39.750016 -34.375000 
-37.579292 -42.544939 -35.000000 
-37.889839 -39.750016 -31.875000


-36.333999 -23.912119 -27.493750 
-38.818375 -25.464854 -23.743750 
-35.091811 -25.464854 -24.368750 
-36.333999 -23.912119 -27.493750


-37.268745 -44.718768 -38.125000 
-38.510933 -42.234392 -38.750000 
-38.200386 -44.408221 -43.125000 
-37.268745 -44.718768 -38.125000


-36.333999 -42.855486 -31.243750 
-37.889839 -39.750016 -31.875000 
-37.579292 -42.544939 -35.000000 
-36.333999 -42.855486 -31.243750


-39.750016 -44.718768 -47.493750 
-38.200386 -44.408221 -43.125000 
-40.060563 -41.923845 -46.243750 
-39.750016 -44.718768 -47.493750


-25.464854 -49.376973 -52.506250 
-27.638683 -45.650409 -53.756250 
-25.464854 -46.892597 -51.881250 
-25.464854 -49.376973 -52.506250


-30.744153 -54.345725 -36.243750 
-31.054700 -52.171896 -33.118750 
-33.849623 -50.001172 -35.625000 
-30.744153 -54.345725 -36.243750


-32.921087 -51.861349 -37.500000 
-30.744153 -54.345725 -36.243750 
-33.849623 -50.001172 -35.625000 
-32.921087 -51.861349 -37.500000


-27.949230 -49.998067 -55.006250 
-27.638683 -45.650409 -53.756250 
-25.464854 -49.376973 -52.506250 
-27.949230 -49.998067 -55.006250


-37.886734 -48.755879 -48.118750 
-36.026557 -49.376973 -43.750000 
-37.268745 -46.892597 -43.750000 
-37.886734 -48.755879 -48.118750


-35.094916 -51.550802 -44.375000 
-35.402358 -54.345725 -50.618750 
-33.231634 -55.587913 -46.250000 
-35.094916 -51.550802 -44.375000


-23.601572 -61.801958 -61.875000 
-25.154307 -61.177759 -62.506250 
-21.427743 -61.177759 -60.006250 
-23.601572 -61.801958 -61.875000


-22.359384 -60.867212 -60.006250 
-21.427743 -61.177759 -60.006250 
-25.154307 -61.177759 -62.506250 
-22.359384 -60.867212 -60.006250


-36.026557 -49.376973 -43.750000 
-37.886734 -48.755879 -48.118750 
-35.094916 -51.550802 -44.375000 
-36.026557 -49.376973 -43.750000


-35.402358 -54.345725 -50.618750 
-35.094916 -51.550802 -44.375000 
-37.886734 -48.755879 -48.118750 
-35.402358 -54.345725 -50.618750


-27.949230 -49.998067 -55.006250 
-30.433606 -49.998067 -56.881250 
-30.433606 -48.134785 -56.256250 
-27.949230 -49.998067 -55.006250


-37.268745 -52.792990 -53.125000 
-35.402358 -54.345725 -50.618750 
-37.886734 -48.755879 -48.118750 
-37.268745 -52.792990 -53.125000


-37.268745 -52.792990 -53.125000 
-37.886734 -48.755879 -48.118750 
-39.132027 -49.376973 -52.500000 
-37.268745 -52.792990 -53.125000


-44.100779 -24.533213 -45.625000 
-44.097674 -22.048837 -46.868750 
-44.721873 -25.775401 -51.250000 
-44.100779 -24.533213 -45.625000


-32.296888 -49.998067 -32.493750 
-31.054700 -52.171896 -33.118750 
-31.054700 -49.687520 -28.743750 
-32.296888 -49.998067 -32.493750


-29.812512 -51.240255 -29.993750 
-31.054700 -49.687520 -28.743750 
-31.054700 -52.171896 -33.118750 
-29.812512 -51.240255 -29.993750


-35.091811 -41.923845 -26.243750 
-37.889839 -39.750016 -31.875000 
-36.333999 -42.855486 -31.243750 
-35.091811 -41.923845 -26.243750


-23.912119 -60.246118 -36.243750 
-26.396495 -58.072289 -35.618750 
-27.328136 -58.693383 -38.118750 
-23.912119 -60.246118 -36.243750


-37.576187 -37.265640 -29.368750 
-36.644546 -37.265640 -25.618750 
-37.268745 -35.091811 -25.000000 
-37.576187 -37.265640 -29.368750


-24.533213 -57.140648 -32.493750 
-29.812512 -51.240255 -29.993750 
-27.017589 -55.277366 -32.493750 
-24.533213 -57.140648 -32.493750


-31.054700 -49.687520 -28.743750 
-25.775401 -53.103537 -31.243750 
-29.501965 -48.134785 -28.743750 
-31.054700 -49.687520 -28.743750


-31.054700 -49.687520 -28.743750 
-29.812512 -51.240255 -29.993750 
-25.775401 -53.103537 -31.243750 
-31.054700 -49.687520 -28.743750


-32.921087 -51.861349 -37.500000 
-32.921087 -53.103537 -40.625000 
-30.744153 -54.345725 -36.243750 
-32.921087 -51.861349 -37.500000


-44.100779 -24.533213 -45.625000 
-43.479685 -21.738290 -42.500000 
-44.097674 -22.048837 -46.868750 
-44.100779 -24.533213 -45.625000


-38.818375 -29.191418 -23.743750 
-34.781264 -28.570324 -24.368750 
-38.818375 -25.464854 -23.743750 
-38.818375 -29.191418 -23.743750


-33.539076 -48.134785 -31.868750 
-32.296888 -49.998067 -32.493750 
-31.054700 -49.687520 -28.743750 
-33.539076 -48.134785 -31.868750


-39.753121 -33.228529 -33.125000 
-39.132027 -35.402358 -31.875000 
-39.132027 -32.607435 -28.750000 
-39.753121 -33.228529 -33.125000


-34.781264 -45.339862 -31.243750 
-36.337104 -45.029315 -34.375000 
-33.539076 -48.134785 -31.868750 
-34.781264 -45.339862 -31.243750


-36.644546 -37.265640 -25.618750 
-35.091811 -41.923845 -26.243750 
-35.402358 -37.576187 -25.618750 
-36.644546 -37.265640 -25.618750


-40.374215 -34.470717 -36.875000 
-40.992204 -31.986341 -38.743750 
-42.234392 -35.712905 -44.993750 
-40.374215 -34.470717 -36.875000


-33.539076 -48.134785 -31.868750 
-32.917982 -45.960956 -26.243750 
-34.781264 -45.339862 -31.243750 
-33.539076 -48.134785 -31.868750


-37.268745 -44.718768 -38.125000 
-35.716010 -48.445332 -40.000000 
-36.337104 -46.271503 -37.500000 
-37.268745 -44.718768 -38.125000


-37.268745 -46.892597 -43.750000 
-35.716010 -48.445332 -40.000000 
-37.268745 -44.718768 -38.125000 
-37.268745 -46.892597 -43.750000


-37.268745 -46.892597 -43.750000 
-37.268745 -44.718768 -38.125000 
-38.200386 -44.408221 -43.125000 
-37.268745 -46.892597 -43.750000


-34.160170 -43.790232 -26.250000 
-33.228529 -39.442574 -26.250000 
-35.091811 -41.923845 -26.243750 
-34.160170 -43.790232 -26.250000


-40.374215 -31.365247 -33.750000 
-40.684762 -28.570324 -30.625000 
-41.305856 -28.259777 -35.000000 
-40.374215 -31.365247 -33.750000


-40.995309 -25.775401 -33.125000 
-41.305856 -28.259777 -35.000000 
-40.684762 -28.570324 -30.625000 
-40.995309 -25.775401 -33.125000


-38.200386 -44.408221 -43.125000 
-38.510933 -42.234392 -38.750000 
-40.060563 -41.923845 -46.243750 
-38.200386 -44.408221 -43.125000


-41.923845 -29.812512 -41.868750 
-41.305856 -28.259777 -35.000000 
-43.790232 -28.259777 -45.000000 
-41.923845 -29.812512 -41.868750


-42.237497 -26.396495 -41.250000 
-43.790232 -28.259777 -45.000000 
-41.305856 -28.259777 -35.000000 
-42.237497 -26.396495 -41.250000


-36.337104 -46.271503 -37.500000 
-36.337104 -45.029315 -34.375000 
-37.268745 -44.718768 -38.125000 
-36.337104 -46.271503 -37.500000


-40.060563 -41.923845 -46.243750 
-38.510933 -42.234392 -38.750000 
-41.923845 -37.576187 -45.618750 
-40.060563 -41.923845 -46.243750


-35.091811 -41.923845 -26.243750 
-33.228529 -39.442574 -26.250000 
-35.402358 -37.576187 -25.618750 
-35.091811 -41.923845 -26.243750


-34.160170 -43.790232 -26.250000 
-35.091811 -41.923845 -26.243750 
-36.333999 -42.855486 -31.243750 
-34.160170 -43.790232 -26.250000


-34.781264 -45.339862 -31.243750 
-34.160170 -43.790232 -26.250000 
-36.333999 -42.855486 -31.243750 
-34.781264 -45.339862 -31.243750


-39.132027 -35.402358 -31.875000 
-39.753121 -33.228529 -33.125000 
-40.374215 -34.470717 -36.875000 
-39.132027 -35.402358 -31.875000


-38.510933 -42.234392 -38.750000 
-40.063668 -36.955093 -37.500000 
-41.923845 -37.576187 -45.618750 
-38.510933 -42.234392 -38.750000


-12.418775 -31.365247 -43.750000 
-16.458991 -37.886734 -45.006250 
-14.906256 -34.160170 -44.368750 
-12.418775 -31.365247 -43.750000


-12.418775 -31.365247 -43.750000 
-9.937504 -38.507828 -39.381250 
-16.458991 -37.886734 -45.006250 
-12.418775 -31.365247 -43.750000


-38.510933 -39.750016 -34.375000 
-38.821480 -40.371110 -36.875000 
-37.579292 -42.544939 -35.000000 
-38.510933 -39.750016 -34.375000


-32.917982 -35.091811 -25.618750 
-35.402358 -37.576187 -25.618750 
-33.228529 -39.442574 -26.250000 
-32.917982 -35.091811 -25.618750


-32.917982 -35.091811 -25.618750 
-33.228529 -39.442574 -26.250000 
-31.986341 -36.955093 -26.243750 
-32.917982 -35.091811 -25.618750


-38.197281 -32.296888 -24.368750 
-32.917982 -33.228529 -24.993750 
-32.917982 -28.570324 -24.368750 
-38.197281 -32.296888 -24.368750


-34.781264 -28.570324 -24.368750 
-38.197281 -32.296888 -24.368750 
-32.917982 -28.570324 -24.368750 
-34.781264 -28.570324 -24.368750


-39.132027 -35.402358 -31.875000 
-37.576187 -37.265640 -29.368750 
-39.132027 -32.607435 -28.750000 
-39.132027 -35.402358 -31.875000


-36.337104 -46.271503 -37.500000 
-33.849623 -50.001172 -35.625000 
-36.337104 -45.029315 -34.375000 
-36.337104 -46.271503 -37.500000


-33.539076 -48.134785 -31.868750 
-36.337104 -45.029315 -34.375000 
-33.849623 -50.001172 -35.625000 
-33.539076 -48.134785 -31.868750


-37.889839 -39.750016 -31.875000 
-39.132027 -35.402358 -31.875000 
-38.510933 -39.750016 -34.375000 
-37.889839 -39.750016 -31.875000


-37.889839 -39.750016 -31.875000 
-37.576187 -37.265640 -29.368750 
-39.132027 -35.402358 -31.875000 
-37.889839 -39.750016 -31.875000


-42.234392 -35.712905 -44.993750 
-41.923845 -37.576187 -45.618750 
-40.063668 -36.955093 -37.500000 
-42.234392 -35.712905 -44.993750


-39.132027 -35.402358 -31.875000 
-40.374215 -34.470717 -36.875000 
-40.063668 -36.955093 -37.500000 
-39.132027 -35.402358 -31.875000


-39.132027 -35.402358 -31.875000 
-40.063668 -36.955093 -37.500000 
-38.510933 -39.750016 -34.375000 
-39.132027 -35.402358 -31.875000


-38.510933 -42.234392 -38.750000 
-38.821480 -40.371110 -36.875000 
-40.063668 -36.955093 -37.500000 
-38.510933 -42.234392 -38.750000


-40.684762 -28.570324 -30.625000 
-39.132027 -32.607435 -28.750000 
-39.439469 -29.501965 -27.493750 
-40.684762 -28.570324 -30.625000


-40.374215 -34.470717 -36.875000 
-40.374215 -31.365247 -33.750000 
-41.305856 -28.259777 -35.000000 
-40.374215 -34.470717 -36.875000


-40.992204 -31.986341 -38.743750 
-40.374215 -34.470717 -36.875000 
-41.305856 -28.259777 -35.000000 
-40.992204 -31.986341 -38.743750


-38.197281 -32.296888 -24.368750 
-39.439469 -29.501965 -27.493750 
-39.132027 -32.607435 -28.750000 
-38.197281 -32.296888 -24.368750


-40.992204 -31.986341 -38.743750 
-41.305856 -28.259777 -35.000000 
-41.923845 -29.812512 -41.868750 
-40.992204 -31.986341 -38.743750


-37.889839 -39.750016 -31.875000 
-35.091811 -41.923845 -26.243750 
-36.644546 -37.265640 -25.618750 
-37.889839 -39.750016 -31.875000


-37.576187 -37.265640 -29.368750 
-37.889839 -39.750016 -31.875000 
-36.644546 -37.265640 -25.618750 
-37.576187 -37.265640 -29.368750


-41.305856 -17.080085 -32.500000 
-42.544939 -22.669931 -39.993750 
-41.302751 -22.048837 -31.868750 
-41.305856 -17.080085 -32.500000


-38.197281 -32.296888 -24.368750 
-39.132027 -32.607435 -28.750000 
-37.268745 -35.091811 -25.000000 
-38.197281 -32.296888 -24.368750


-39.132027 -32.607435 -28.750000 
-37.576187 -37.265640 -29.368750 
-37.268745 -35.091811 -25.000000 
-39.132027 -32.607435 -28.750000


-16.458991 -13.042974 -21.868750 
-13.353521 -17.701179 -18.118750 
-12.732427 -12.421880 -19.368750 
-16.458991 -13.042974 -21.868750


-37.268745 -35.091811 -25.000000 
-32.917982 -33.228529 -24.993750 
-38.197281 -32.296888 -24.368750 
-37.268745 -35.091811 -25.000000


-36.644546 -37.265640 -25.618750 
-35.402358 -37.576187 -25.618750 
-37.268745 -35.091811 -25.000000 
-36.644546 -37.265640 -25.618750


-32.917982 -35.091811 -25.618750 
-32.917982 -33.228529 -24.993750 
-35.402358 -37.576187 -25.618750 
-32.917982 -35.091811 -25.618750


-37.268745 -35.091811 -25.000000 
-35.402358 -37.576187 -25.618750 
-32.917982 -33.228529 -24.993750 
-37.268745 -35.091811 -25.000000


-39.439469 -29.501965 -27.493750 
-38.197281 -32.296888 -24.368750 
-38.818375 -29.191418 -23.743750 
-39.439469 -29.501965 -27.493750


-41.305856 -22.669931 -35.625000 
-41.302751 -22.048837 -31.868750 
-42.544939 -22.669931 -39.993750 
-41.305856 -22.669931 -35.625000


-40.684762 -28.570324 -30.625000 
-40.060563 -25.464854 -26.868750 
-41.305856 -22.048837 -31.250000 
-40.684762 -28.570324 -30.625000


-40.995309 -25.775401 -33.125000 
-40.684762 -28.570324 -30.625000 
-41.305856 -22.048837 -31.250000 
-40.995309 -25.775401 -33.125000


-39.753121 -33.228529 -33.125000 
-39.132027 -32.607435 -28.750000 
-40.684762 -28.570324 -30.625000 
-39.753121 -33.228529 -33.125000


-40.374215 -31.365247 -33.750000 
-39.753121 -33.228529 -33.125000 
-40.684762 -28.570324 -30.625000 
-40.374215 -31.365247 -33.750000


-40.060563 -25.464854 -26.868750 
-40.684762 -28.570324 -30.625000 
-39.439469 -29.501965 -27.493750 
-40.060563 -25.464854 -26.868750


-42.544939 -22.669931 -39.993750 
-41.305856 -17.080085 -32.500000 
-42.858591 -15.527350 -40.000000 
-42.544939 -22.669931 -39.993750


-41.302751 -22.048837 -31.868750 
-40.995309 -25.775401 -33.125000 
-41.305856 -22.048837 -31.250000 
-41.302751 -22.048837 -31.868750


-41.305856 -17.080085 -32.500000 
-41.302751 -22.048837 -31.868750 
-41.305856 -22.048837 -31.250000 
-41.305856 -17.080085 -32.500000


-38.197281 -32.296888 -24.368750 
-34.781264 -28.570324 -24.368750 
-38.818375 -29.191418 -23.743750 
-38.197281 -32.296888 -24.368750


-38.818375 -25.464854 -23.743750 
-41.305856 -22.048837 -31.250000 
-40.060563 -25.464854 -26.868750 
-38.818375 -25.464854 -23.743750


-43.476580 -27.328136 -44.368750 
-42.544939 -22.669931 -39.993750 
-43.479685 -21.738290 -42.500000 
-43.476580 -27.328136 -44.368750


-43.476580 -27.328136 -44.368750 
-42.237497 -26.396495 -41.250000 
-42.544939 -22.669931 -39.993750 
-43.476580 -27.328136 -44.368750


-27.017589 -26.707042 -56.256250 
-25.775401 -22.359384 -57.506250 
-25.154307 -24.533213 -56.256250 
-27.017589 -26.707042 -56.256250


-38.818375 -25.464854 -23.743750 
-41.305856 -17.080085 -32.500000 
-41.305856 -22.048837 -31.250000 
-38.818375 -25.464854 -23.743750


-36.333999 -23.912119 -27.493750 
-41.305856 -17.080085 -32.500000 
-38.818375 -25.464854 -23.743750 
-36.333999 -23.912119 -27.493750


-41.305856 -22.669931 -35.625000 
-42.544939 -22.669931 -39.993750 
-40.995309 -25.775401 -33.125000 
-41.305856 -22.669931 -35.625000


-40.995309 -25.775401 -33.125000 
-42.544939 -22.669931 -39.993750 
-41.305856 -28.259777 -35.000000 
-40.995309 -25.775401 -33.125000


-41.616403 -10.248051 -37.500000 
-40.684762 -6.210940 -37.500000 
-41.305856 -7.453128 -40.625000 
-41.616403 -10.248051 -37.500000


-35.091811 -25.464854 -24.368750 
-34.781264 -28.570324 -24.368750 
-32.917982 -28.570324 -24.368750 
-35.091811 -25.464854 -24.368750


-30.123059 -29.815617 -25.000000 
-32.917982 -28.570324 -24.368750 
-32.917982 -33.228529 -24.993750 
-30.123059 -29.815617 -25.000000


-32.917982 -28.570324 -24.368750 
-29.812512 -25.154307 -24.368750 
-35.091811 -25.464854 -24.368750 
-32.917982 -28.570324 -24.368750


-35.091811 -25.464854 -24.368750 
-27.638683 -23.601572 -24.993750 
-32.607435 -23.291025 -28.118750 
-35.091811 -25.464854 -24.368750


-29.812512 -25.154307 -24.368750 
-27.638683 -23.601572 -24.993750 
-35.091811 -25.464854 -24.368750 
-29.812512 -25.154307 -24.368750


-36.333999 -23.912119 -27.493750 
-35.091811 -25.464854 -24.368750 
-32.607435 -23.291025 -28.118750 
-36.333999 -23.912119 -27.493750


-42.237497 -26.396495 -41.250000 
-43.476580 -27.328136 -44.368750 
-43.790232 -28.259777 -45.000000 
-42.237497 -26.396495 -41.250000


-44.721873 -10.248051 -54.375000 
-43.169138 -6.521487 -51.250000 
-44.100779 -5.900393 -56.250000 
-44.721873 -10.248051 -54.375000


-27.638683 -23.601572 -24.993750 
-29.812512 -25.154307 -24.368750 
-20.496102 -21.427743 -23.118750 
-27.638683 -23.601572 -24.993750


-23.291025 -26.707042 -24.368750 
-20.496102 -21.427743 -23.118750 
-29.812512 -25.154307 -24.368750 
-23.291025 -26.707042 -24.368750


-25.154307 -34.160170 -53.131250 
-25.464854 -31.986341 -53.756250 
-22.980478 -29.505070 -53.125000 
-25.154307 -34.160170 -53.131250


-22.980478 -31.054700 -52.506250 
-25.154307 -34.160170 -53.131250 
-22.980478 -29.505070 -53.125000 
-22.980478 -31.054700 -52.506250


-44.721873 -29.191418 -49.375000 
-44.100779 -28.570324 -46.875000 
-44.100779 -24.533213 -45.625000 
-44.721873 -29.191418 -49.375000


-44.721873 -25.775401 -51.250000 
-44.721873 -29.191418 -49.375000 
-44.100779 -24.533213 -45.625000 
-44.721873 -25.775401 -51.250000


-15.527350 -25.154307 -50.631250 
-12.111333 -28.570324 -45.006250 
-16.769538 -27.331241 -50.000000 
-15.527350 -25.154307 -50.631250


-22.980478 -31.054700 -52.506250 
-20.496102 -26.396495 -53.131250 
-21.424638 -31.054700 -51.250000 
-22.980478 -31.054700 -52.506250


-22.980478 -31.054700 -52.506250 
-22.980478 -29.505070 -53.125000 
-20.496102 -26.396495 -53.131250 
-22.980478 -31.054700 -52.506250


-35.712905 -16.458991 -66.256250 
-38.197281 -17.390632 -67.506250 
-38.507828 -14.595709 -69.381250 
-35.712905 -16.458991 -66.256250


-43.476580 -27.328136 -44.368750 
-43.479685 -21.738290 -42.500000 
-44.100779 -24.533213 -45.625000 
-43.476580 -27.328136 -44.368750


-43.476580 -27.328136 -44.368750 
-44.100779 -24.533213 -45.625000 
-43.790232 -28.259777 -45.000000 
-43.476580 -27.328136 -44.368750


-45.339862 -23.601572 -56.243750 
-45.339862 -27.638683 -57.493750 
-44.721873 -25.775401 -51.250000 
-45.339862 -23.601572 -56.243750


-47.827343 -8.695316 -71.875000 
-47.827343 -12.421880 -70.625000 
-45.964061 -10.558598 -63.125000 
-47.827343 -8.695316 -71.875000


-44.100779 -31.986341 -48.750000 
-44.100779 -28.570324 -46.875000 
-44.721873 -29.501965 -49.375000 
-44.100779 -31.986341 -48.750000


-44.100779 -31.986341 -48.750000 
-43.476580 -33.228529 -46.868750 
-44.100779 -28.570324 -46.875000 
-44.100779 -31.986341 -48.750000


-36.333999 -23.912119 -27.493750 
-40.681657 -16.148444 -33.118750 
-41.305856 -17.080085 -32.500000 
-36.333999 -23.912119 -27.493750


-42.234392 -31.054700 -43.118750 
-41.923845 -29.812512 -41.868750 
-43.790232 -28.259777 -45.000000 
-42.234392 -31.054700 -43.118750


-42.237497 -13.664068 -38.125000 
-41.616403 -10.248051 -37.500000 
-42.548044 -11.800786 -43.125000 
-42.237497 -13.664068 -38.125000


-43.169138 -18.943367 -41.875000 
-43.479685 -21.738290 -42.500000 
-42.544939 -22.669931 -39.993750 
-43.169138 -18.943367 -41.875000


-42.858591 -15.527350 -40.000000 
-42.237497 -13.664068 -38.125000 
-42.548044 -11.800786 -43.125000 
-42.858591 -15.527350 -40.000000


-43.479685 -21.738290 -42.500000 
-43.169138 -18.943367 -41.875000 
-44.097674 -22.048837 -46.868750 
-43.479685 -21.738290 -42.500000


-41.616403 -10.248051 -37.500000 
-42.237497 -13.664068 -38.125000 
-40.684762 -13.664068 -34.375000 
-41.616403 -10.248051 -37.500000


-46.274608 -16.148444 -58.750000 
-46.585155 -21.427743 -59.375000 
-45.029315 -21.117196 -54.993750 
-46.274608 -16.148444 -58.750000


-36.333999 -23.912119 -27.493750 
-40.371110 -10.558598 -34.368750 
-40.681657 -16.148444 -33.118750 
-36.333999 -23.912119 -27.493750


-45.964061 -11.490239 -59.375000 
-45.964061 -10.558598 -63.125000 
-47.516796 -15.527350 -65.625000 
-45.964061 -11.490239 -59.375000


-46.895702 -17.080085 -62.500000 
-45.964061 -11.490239 -59.375000 
-47.516796 -15.527350 -65.625000 
-46.895702 -17.080085 -62.500000


-45.032420 -8.074222 -61.250000 
-45.964061 -11.490239 -59.375000 
-45.342967 -9.626957 -58.750000 
-45.032420 -8.074222 -61.250000


-29.191418 -18.322273 -61.881250 
-27.638683 -17.701179 -61.256250 
-26.396495 -18.322273 -60.006250 
-29.191418 -18.322273 -61.881250


-47.827343 -8.695316 -71.875000 
-45.964061 -10.558598 -63.125000 
-46.274608 -6.210940 -68.750000 
-47.827343 -8.695316 -71.875000


-35.712905 -16.458991 -66.256250 
-38.507828 -14.595709 -69.381250 
-36.644546 -12.421880 -69.381250 
-35.712905 -16.458991 -66.256250


-43.479685 3.105470 -68.125000 
-41.926950 5.279299 -66.250000 
-42.234392 4.971857 -68.125000 
-43.479685 3.105470 -68.125000


-43.479685 3.105470 -68.125000 
-43.169138 2.794923 -65.625000 
-41.926950 5.279299 -66.250000 
-43.479685 3.105470 -68.125000


-31.986341 13.356626 -53.125000 
-33.852728 12.111333 -55.000000 
-35.094916 9.937504 -45.625000 
-31.986341 13.356626 -53.125000


-44.408221 -3.726564 -64.993750 
-46.274608 -6.210940 -68.750000 
-45.032420 -8.074222 -61.250000 
-44.408221 -3.726564 -64.993750


-44.408221 -3.726564 -64.993750 
-42.858591 -3.105470 -58.125000 
-44.097674 -0.310547 -66.243750 
-44.408221 -3.726564 -64.993750


-44.100779 -5.900393 -56.250000 
-42.858591 -3.105470 -58.125000 
-44.408221 -3.726564 -64.993750 
-44.100779 -5.900393 -56.250000


-45.032420 -8.074222 -61.250000 
-44.100779 -5.900393 -56.250000 
-44.408221 -3.726564 -64.993750 
-45.032420 -8.074222 -61.250000


-42.548044 -11.800786 -43.125000 
-41.616403 -10.248051 -37.500000 
-41.305856 -7.453128 -40.625000 
-42.548044 -11.800786 -43.125000


-40.371110 6.521487 -62.493750 
-41.926950 5.279299 -66.250000 
-41.302751 4.971857 -63.125000 
-40.371110 6.521487 -62.493750


-28.259777 -12.421880 -65.006250 
-31.675794 -12.732427 -66.256250 
-31.986341 -5.592951 -76.250000 
-28.259777 -12.421880 -65.006250


-45.964061 -11.490239 -59.375000 
-45.032420 -8.074222 -61.250000 
-45.964061 -10.558598 -63.125000 
-45.964061 -11.490239 -59.375000


-31.675794 -12.732427 -66.256250 
-31.986341 -15.837897 -64.381250 
-34.781264 -18.011726 -65.006250 
-31.675794 -12.732427 -66.256250


-31.675794 -12.732427 -66.256250 
-34.781264 -18.011726 -65.006250 
-33.849623 -14.285162 -66.256250 
-31.675794 -12.732427 -66.256250


-27.638683 -17.701179 -61.256250 
-29.191418 -18.322273 -61.881250 
-28.259777 -13.974615 -63.756250 
-27.638683 -17.701179 -61.256250


-36.644546 -12.421880 -69.381250 
-31.675794 -12.732427 -66.256250 
-33.849623 -14.285162 -66.256250 
-36.644546 -12.421880 -69.381250


-36.644546 -12.421880 -69.381250 
-34.470717 -9.316410 -70.631250 
-31.675794 -12.732427 -66.256250 
-36.644546 -12.421880 -69.381250


-28.259777 -13.974615 -63.756250 
-28.259777 -12.421880 -65.006250 
-26.707042 -11.800786 -64.381250 
-28.259777 -13.974615 -63.756250


-28.259777 -12.421880 -65.006250 
-28.259777 -13.974615 -63.756250 
-31.986341 -15.837897 -64.381250 
-28.259777 -12.421880 -65.006250


-25.154307 8.695316 -88.756250 
-21.427743 8.384769 -88.756250 
-25.154307 7.142581 -86.881250 
-25.154307 8.695316 -88.756250


-25.775401 -6.210940 -68.756250 
-22.669931 -5.279299 -67.506250 
-22.669931 -7.142581 -65.631250 
-25.775401 -6.210940 -68.756250


-28.570324 -7.142581 -69.381250 
-25.775401 -6.210940 -68.756250 
-25.464854 -9.316410 -65.631250 
-28.570324 -7.142581 -69.381250


-28.570324 20.499207 -91.250000 
-32.607435 20.499207 -91.875000 
-31.986341 20.188660 -86.875000 
-28.570324 20.499207 -91.250000


-22.669931 -5.279299 -67.506250 
-19.875008 -0.624199 -75.625000 
-20.496102 -3.726564 -67.506250 
-22.669931 -5.279299 -67.506250


-29.812512 13.977720 -49.375000 
-29.501965 14.288267 -51.875000 
-31.986341 13.356626 -53.125000 
-29.812512 13.977720 -49.375000


-31.675794 -12.732427 -66.256250 
-28.259777 -12.421880 -65.006250 
-31.986341 -15.837897 -64.381250 
-31.675794 -12.732427 -66.256250


-28.259777 -13.974615 -63.756250 
-29.191418 -18.322273 -61.881250 
-31.986341 -15.837897 -64.381250 
-28.259777 -13.974615 -63.756250


-45.342967 -9.626957 -58.750000 
-44.100779 -5.900393 -56.250000 
-45.032420 -8.074222 -61.250000 
-45.342967 -9.626957 -58.750000


-22.980478 1.549630 -81.250000 
-21.427743 1.239083 -80.000000 
-22.980478 -0.313652 -78.125000 
-22.980478 1.549630 -81.250000


-27.949230 12.111333 -38.118750 
-23.912119 7.763675 -38.743750 
-21.117196 14.595709 -39.993750 
-27.949230 12.111333 -38.118750


-34.781264 -18.011726 -65.006250 
-35.712905 -16.458991 -66.256250 
-33.849623 -14.285162 -66.256250 
-34.781264 -18.011726 -65.006250


-42.858591 -13.042974 -45.000000 
-42.548044 -11.800786 -43.125000 
-43.169138 -6.521487 -51.250000 
-42.858591 -13.042974 -45.000000


-41.923845 -5.279299 -48.118750 
-43.169138 -6.521487 -51.250000 
-42.548044 -11.800786 -43.125000 
-41.923845 -5.279299 -48.118750


-39.750016 -4.658205 -34.993750 
-33.852728 6.521487 -37.500000 
-35.402358 4.037111 -38.118750 
-39.750016 -4.658205 -34.993750


-35.091811 -4.965647 -36.250000 
-33.852728 6.521487 -37.500000 
-39.750016 -4.658205 -34.993750 
-35.091811 -4.965647 -36.250000


-30.744153 -4.037111 -37.493750 
-33.539076 -8.384769 -34.993750 
-27.328136 -5.276194 -37.500000 
-30.744153 -4.037111 -37.493750


-38.197281 12.111333 -71.868750 
-36.955093 13.042974 -70.618750 
-35.712905 14.906256 -71.243750 
-38.197281 12.111333 -71.868750


-28.570324 16.462096 -62.500000 
-25.464854 16.462096 -59.375000 
-23.912119 17.083190 -63.750000 
-28.570324 16.462096 -62.500000


-33.852728 6.521487 -37.500000 
-35.091811 -4.965647 -36.250000 
-30.744153 -4.037111 -37.493750 
-33.852728 6.521487 -37.500000


-43.790232 -17.390632 -47.500000 
-43.169138 -18.943367 -41.875000 
-43.479685 -15.837897 -46.875000 
-43.790232 -17.390632 -47.500000


-35.094916 9.937504 -45.625000 
-36.647651 7.763675 -50.625000 
-36.026557 8.695316 -46.250000 
-35.094916 9.937504 -45.625000


-33.849623 13.667173 -58.750000 
-37.268745 9.937504 -59.375000 
-33.852728 12.111333 -55.000000 
-33.849623 13.667173 -58.750000


-17.390632 -15.216803 -57.506250 
-14.595709 -15.841002 -53.125000 
-16.148444 -19.875008 -54.381250 
-17.390632 -15.216803 -57.506250


-40.374215 -8.384769 -35.000000 
-40.684762 -6.210940 -37.500000 
-41.616403 -10.248051 -37.500000 
-40.374215 -8.384769 -35.000000


-8.384769 -13.664068 -28.756250 
-10.248051 -10.866040 -25.000000 
-7.450023 -14.285162 -25.000000 
-8.384769 -13.664068 -28.756250


-38.818375 -1.552735 -37.493750 
-39.750016 -4.658205 -34.993750 
-35.402358 4.037111 -38.118750 
-38.818375 -1.552735 -37.493750


-41.305856 -17.080085 -32.500000 
-40.684762 -13.664068 -34.375000 
-42.237497 -13.664068 -38.125000 
-41.305856 -17.080085 -32.500000


-30.744153 -4.037111 -37.493750 
-35.091811 -4.965647 -36.250000 
-33.539076 -8.384769 -34.993750 
-30.744153 -4.037111 -37.493750


-42.858591 -15.527350 -40.000000 
-41.305856 -17.080085 -32.500000 
-42.237497 -13.664068 -38.125000 
-42.858591 -15.527350 -40.000000


-35.091811 -4.965647 -36.250000 
-39.750016 -4.658205 -34.993750 
-33.539076 -8.384769 -34.993750 
-35.091811 -4.965647 -36.250000


-33.539076 -8.384769 -34.993750 
-39.750016 -4.658205 -34.993750 
-38.507828 -8.695316 -34.993750 
-33.539076 -8.384769 -34.993750


-33.539076 -8.384769 -34.993750 
-40.371110 -10.558598 -34.368750 
-36.333999 -23.912119 -27.493750 
-33.539076 -8.384769 -34.993750


-33.539076 -8.384769 -34.993750 
-36.333999 -23.912119 -27.493750 
-32.607435 -23.291025 -28.118750 
-33.539076 -8.384769 -34.993750


-41.305856 -17.080085 -32.500000 
-40.371110 -10.558598 -34.368750 
-40.684762 -13.664068 -34.375000 
-41.305856 -17.080085 -32.500000


-41.305856 -17.080085 -32.500000 
-40.681657 -16.148444 -33.118750 
-40.371110 -10.558598 -34.368750 
-41.305856 -17.080085 -32.500000


-44.100779 -5.900393 -56.250000 
-45.342967 -9.626957 -58.750000 
-44.721873 -10.248051 -54.375000 
-44.100779 -5.900393 -56.250000


-40.684762 -13.664068 -34.375000 
-40.371110 -10.558598 -34.368750 
-41.616403 -10.248051 -37.500000 
-40.684762 -13.664068 -34.375000


-47.827343 -8.695316 -71.875000 
-48.758984 -7.763675 -76.250000 
-49.380078 -11.179692 -76.250000 
-47.827343 -8.695316 -71.875000


-45.029315 -9.005863 -81.881250 
-45.960956 -7.763675 -83.131250 
-43.166033 -6.521487 -81.881250 
-45.029315 -9.005863 -81.881250


-38.818375 -1.552735 -37.493750 
-39.750016 0.000000 -45.618750 
-39.753121 -4.347658 -41.250000 
-38.818375 -1.552735 -37.493750


-38.818375 -1.552735 -37.493750 
-38.507828 1.863282 -44.368750 
-39.750016 0.000000 -45.618750 
-38.818375 -1.552735 -37.493750


-38.818375 -1.552735 -37.493750 
-37.886734 0.313652 -39.375000 
-38.507828 1.863282 -44.368750 
-38.818375 -1.552735 -37.493750


-27.949230 15.530455 -56.875000 
-29.501965 14.288267 -51.875000 
-27.328136 14.909361 -46.875000 
-27.949230 15.530455 -56.875000


-42.858591 -15.527350 -40.000000 
-42.548044 -11.800786 -43.125000 
-42.858591 -13.042974 -45.000000 
-42.858591 -15.527350 -40.000000


-42.858591 -15.527350 -40.000000 
-42.858591 -13.042974 -45.000000 
-43.479685 -15.837897 -46.875000 
-42.858591 -15.527350 -40.000000


-42.858591 -15.527350 -40.000000 
-43.479685 -15.837897 -46.875000 
-43.169138 -18.943367 -41.875000 
-42.858591 -15.527350 -40.000000


-45.029315 -12.732427 -54.368750 
-42.858591 -13.042974 -45.000000 
-43.166033 -10.869145 -50.618750 
-45.029315 -12.732427 -54.368750


-45.029315 -12.732427 -54.368750 
-43.479685 -15.837897 -46.875000 
-42.858591 -13.042974 -45.000000 
-45.029315 -12.732427 -54.368750


-43.479685 3.105470 -68.125000 
-44.097674 4.347658 -76.868750 
-45.653514 0.000000 -71.875000 
-43.479685 3.105470 -68.125000


-41.305856 -7.453128 -40.625000 
-41.923845 -5.279299 -48.118750 
-42.548044 -11.800786 -43.125000 
-41.305856 -7.453128 -40.625000


-40.371110 -10.558598 -34.368750 
-33.539076 -8.384769 -34.993750 
-38.507828 -8.695316 -34.993750 
-40.371110 -10.558598 -34.368750


-40.684762 -6.210940 -37.500000 
-40.374215 -8.384769 -35.000000 
-39.750016 -4.658205 -34.993750 
-40.684762 -6.210940 -37.500000


-39.750016 -4.658205 -34.993750 
-40.371110 -10.558598 -34.368750 
-38.507828 -8.695316 -34.993750 
-39.750016 -4.658205 -34.993750


-40.374215 -8.384769 -35.000000 
-40.371110 -10.558598 -34.368750 
-39.750016 -4.658205 -34.993750 
-40.374215 -8.384769 -35.000000


-40.371110 -2.794923 -46.243750 
-41.923845 -5.279299 -48.118750 
-41.305856 -7.453128 -40.625000 
-40.371110 -2.794923 -46.243750


-40.371110 -10.558598 -34.368750 
-40.374215 -8.384769 -35.000000 
-41.616403 -10.248051 -37.500000 
-40.371110 -10.558598 -34.368750


-41.305856 -7.453128 -40.625000 
-40.684762 -6.210940 -37.500000 
-39.753121 -4.347658 -41.250000 
-41.305856 -7.453128 -40.625000


-37.579292 5.900393 -45.625000 
-38.507828 1.863282 -44.368750 
-37.579292 0.931641 -38.750000 
-37.579292 5.900393 -45.625000


-39.753121 -4.347658 -41.250000 
-40.684762 -6.210940 -37.500000 
-38.818375 -1.552735 -37.493750 
-39.753121 -4.347658 -41.250000


-39.750016 -4.658205 -34.993750 
-38.818375 -1.552735 -37.493750 
-40.684762 -6.210940 -37.500000 
-39.750016 -4.658205 -34.993750


-42.237497 -2.794923 -51.250000 
-41.923845 -5.279299 -48.118750 
-41.616403 -0.931641 -50.625000 
-42.237497 -2.794923 -51.250000


-40.371110 -2.794923 -46.243750 
-41.305856 -7.453128 -40.625000 
-39.750016 0.000000 -45.618750 
-40.371110 -2.794923 -46.243750


-39.753121 -4.347658 -41.250000 
-39.750016 0.000000 -45.618750 
-41.305856 -7.453128 -40.625000 
-39.753121 -4.347658 -41.250000


-27.949230 15.530455 -56.875000 
-25.464854 16.462096 -59.375000 
-28.570324 16.462096 -62.500000 
-27.949230 15.530455 -56.875000


-40.681657 1.245293 -50.625000 
-38.818375 4.350763 -51.875000 
-40.371110 1.863282 -53.743750 
-40.681657 1.245293 -50.625000


-42.855486 -2.484376 -84.381250 
-46.582050 -4.968752 -85.006250 
-48.134785 -2.173829 -87.506250 
-42.855486 -2.484376 -84.381250


-44.408221 -1.242188 -85.631250 
-42.855486 -2.484376 -84.381250 
-48.134785 -2.173829 -87.506250 
-44.408221 -1.242188 -85.631250


-42.234392 8.384769 -75.618750 
-41.616403 11.490239 -78.750000 
-43.479685 9.626957 -80.625000 
-42.234392 8.384769 -75.618750


-33.849623 13.667173 -58.750000 
-32.607435 14.288267 -60.625000 
-35.091811 12.735532 -61.875000 
-33.849623 13.667173 -58.750000


-33.849623 13.667173 -58.750000 
-35.091811 12.735532 -61.875000 
-37.268745 9.937504 -59.375000 
-33.849623 13.667173 -58.750000


-37.268745 9.937504 -59.375000 
-36.647651 7.763675 -50.625000 
-33.852728 12.111333 -55.000000 
-37.268745 9.937504 -59.375000


-37.268745 9.937504 -59.375000 
-36.644546 8.384769 -55.618750 
-36.647651 7.763675 -50.625000 
-37.268745 9.937504 -59.375000


-41.926950 5.279299 -66.250000 
-42.237497 5.279299 -69.375000 
-42.234392 4.971857 -68.125000 
-41.926950 5.279299 -66.250000


-41.926950 5.279299 -66.250000 
-39.753121 8.384769 -67.500000 
-42.237497 5.279299 -69.375000 
-41.926950 5.279299 -66.250000


-35.402358 4.037111 -38.118750 
-35.091811 7.453128 -41.243750 
-37.579292 0.931641 -38.750000 
-35.402358 4.037111 -38.118750


-41.613298 1.552735 -86.256250 
-43.166033 4.037111 -89.381250 
-40.681657 3.726564 -87.506250 
-41.613298 1.552735 -86.256250


-32.607435 8.384769 -37.493750 
-35.091811 7.453128 -41.243750 
-33.852728 6.521487 -37.500000 
-32.607435 8.384769 -37.493750


-37.579292 0.931641 -38.750000 
-35.091811 7.453128 -41.243750 
-37.579292 5.900393 -45.625000 
-37.579292 0.931641 -38.750000


-40.371110 1.863282 -53.743750 
-39.442574 5.900393 -58.750000 
-40.681657 3.726564 -59.993750 
-40.371110 1.863282 -53.743750


-28.570324 16.462096 -62.500000 
-30.433606 16.772643 -68.125000 
-31.054700 15.841002 -65.000000 
-28.570324 16.462096 -62.500000


-28.570324 16.462096 -62.500000 
-27.638683 17.083190 -65.625000 
-30.433606 16.772643 -68.125000 
-28.570324 16.462096 -62.500000


-40.063668 1.242188 -47.500000 
-39.132027 3.105470 -46.875000 
-40.681657 1.245293 -50.625000 
-40.063668 1.242188 -47.500000


-37.579292 5.900393 -45.625000 
-38.818375 4.350763 -51.875000 
-39.132027 3.105470 -46.875000 
-37.579292 5.900393 -45.625000


-36.647651 7.763675 -50.625000 
-38.818375 4.350763 -51.875000 
-37.579292 5.900393 -45.625000 
-36.647651 7.763675 -50.625000


-38.507828 1.863282 -44.368750 
-39.132027 3.105470 -46.875000 
-39.750016 0.000000 -45.618750 
-38.507828 1.863282 -44.368750


-37.579292 5.900393 -45.625000 
-39.132027 3.105470 -46.875000 
-38.507828 1.863282 -44.368750 
-37.579292 5.900393 -45.625000


-40.063668 1.242188 -47.500000 
-40.681657 1.245293 -50.625000 
-41.616403 -0.931641 -50.625000 
-40.063668 1.242188 -47.500000


-39.132027 3.105470 -46.875000 
-40.063668 1.242188 -47.500000 
-39.750016 0.000000 -45.618750 
-39.132027 3.105470 -46.875000


-38.818375 4.350763 -51.875000 
-40.681657 1.245293 -50.625000 
-39.132027 3.105470 -46.875000 
-38.818375 4.350763 -51.875000


-31.365247 6.521487 -38.118750 
-30.744153 -4.037111 -37.493750 
-28.570324 4.968752 -38.743750 
-31.365247 6.521487 -38.118750


-38.818375 -1.552735 -37.493750 
-37.579292 0.931641 -38.750000 
-37.886734 0.313652 -39.375000 
-38.818375 -1.552735 -37.493750


-47.206249 2.794923 -83.125000 
-47.206249 5.279299 -85.000000 
-48.445332 2.794923 -86.243750 
-47.206249 2.794923 -83.125000


-32.607435 14.288267 -60.625000 
-31.054700 15.841002 -65.000000 
-33.852728 14.595709 -66.875000 
-32.607435 14.288267 -60.625000


-32.607435 14.288267 -60.625000 
-33.852728 14.595709 -66.875000 
-35.091811 12.735532 -61.875000 
-32.607435 14.288267 -60.625000


-37.579292 0.931641 -38.750000 
-38.818375 -1.552735 -37.493750 
-35.402358 4.037111 -38.118750 
-37.579292 0.931641 -38.750000


-37.579292 5.900393 -45.625000 
-35.091811 7.453128 -41.243750 
-36.026557 8.695316 -46.250000 
-37.579292 5.900393 -45.625000


-31.986341 11.803891 -41.250000 
-35.094916 9.937504 -45.625000 
-35.091811 7.453128 -41.243750 
-31.986341 11.803891 -41.250000


-33.852728 6.521487 -37.500000 
-31.365247 6.521487 -38.118750 
-32.607435 8.384769 -37.493750 
-33.852728 6.521487 -37.500000


-31.986341 20.499207 -81.875000 
-34.781264 18.635925 -81.875000 
-33.849623 18.635925 -78.750000 
-31.986341 20.499207 -81.875000


-31.365247 6.521487 -38.118750 
-33.852728 6.521487 -37.500000 
-30.744153 -4.037111 -37.493750 
-31.365247 6.521487 -38.118750


-35.091811 7.453128 -41.243750 
-35.402358 4.037111 -38.118750 
-33.852728 6.521487 -37.500000 
-35.091811 7.453128 -41.243750


-15.527350 14.598814 -41.250000 
-18.011726 14.288267 -47.500000 
-18.322273 15.219908 -41.250000 
-15.527350 14.598814 -41.250000


-32.610540 11.800786 -46.250000 
-35.094916 9.937504 -45.625000 
-31.365247 12.735532 -43.750000 
-32.610540 11.800786 -46.250000


-31.986341 11.803891 -41.250000 
-31.365247 12.735532 -43.750000 
-35.094916 9.937504 -45.625000 
-31.986341 11.803891 -41.250000


-31.675794 10.244946 -37.500000 
-30.433606 12.114438 -38.125000 
-31.986341 11.803891 -41.250000 
-31.675794 10.244946 -37.500000


-27.949230 13.353521 -38.743750 
-27.949230 12.111333 -38.118750 
-23.912119 14.595709 -39.993750 
-27.949230 13.353521 -38.743750


-29.812512 13.977720 -49.375000 
-32.610540 11.800786 -46.250000 
-31.365247 12.735532 -43.750000 
-29.812512 13.977720 -49.375000


-27.949230 12.111333 -38.118750 
-30.433606 12.114438 -38.125000 
-31.675794 10.244946 -37.500000 
-27.949230 12.111333 -38.118750


-41.926950 15.527350 -90.625000 
-43.787127 13.974615 -93.756250 
-44.721873 12.732427 -93.125000 
-41.926950 15.527350 -90.625000


-27.949230 13.353521 -38.743750 
-29.812512 13.046079 -40.000000 
-30.433606 12.114438 -38.125000 
-27.949230 13.353521 -38.743750


-27.949230 13.353521 -38.743750 
-30.433606 12.114438 -38.125000 
-27.949230 12.111333 -38.118750 
-27.949230 13.353521 -38.743750


-23.912119 15.530455 -44.375000 
-26.707042 14.598814 -43.125000 
-23.912119 14.595709 -39.993750 
-23.912119 15.530455 -44.375000


-32.610540 11.800786 -46.250000 
-29.812512 13.977720 -49.375000 
-31.986341 13.356626 -53.125000 
-32.610540 11.800786 -46.250000


-33.849623 13.667173 -58.750000 
-31.986341 13.356626 -53.125000 
-27.949230 15.530455 -56.875000 
-33.849623 13.667173 -58.750000


-33.849623 13.667173 -58.750000 
-33.852728 12.111333 -55.000000 
-31.986341 13.356626 -53.125000 
-33.849623 13.667173 -58.750000


-35.094916 9.937504 -45.625000 
-32.610540 11.800786 -46.250000 
-31.986341 13.356626 -53.125000 
-35.094916 9.937504 -45.625000


-36.955093 13.042974 -70.618750 
-38.197281 12.111333 -71.868750 
-38.510933 9.626957 -65.625000 
-36.955093 13.042974 -70.618750


-42.237497 -2.794923 -51.250000 
-43.479685 -4.658205 -55.000000 
-43.169138 -6.521487 -51.250000 
-42.237497 -2.794923 -51.250000


-33.852728 14.595709 -66.875000 
-33.539076 16.151549 -70.000000 
-35.712905 14.906256 -71.243750 
-33.852728 14.595709 -66.875000


-38.197281 12.111333 -71.868750 
-39.753121 8.384769 -67.500000 
-38.510933 9.626957 -65.625000 
-38.197281 12.111333 -71.868750


-33.849623 15.841002 -93.750000 
-38.507828 6.521487 -89.381250 
-37.265640 15.527350 -93.756250 
-33.849623 15.841002 -93.750000


-27.638683 17.083190 -65.625000 
-28.570324 16.462096 -62.500000 
-23.912119 17.083190 -63.750000 
-27.638683 17.083190 -65.625000


-49.069531 -5.589846 -78.750000 
-48.758984 -7.763675 -76.250000 
-47.516796 -3.105470 -75.000000 
-49.069531 -5.589846 -78.750000


-46.274608 -6.210940 -68.750000 
-44.408221 -3.726564 -64.993750 
-45.653514 -2.173829 -70.000000 
-46.274608 -6.210940 -68.750000


-26.393390 -0.621094 -79.375000 
-29.188313 -0.621094 -80.625000 
-27.017589 1.239083 -81.875000 
-26.393390 -0.621094 -79.375000


-32.607435 14.288267 -60.625000 
-33.849623 13.667173 -58.750000 
-27.949230 15.530455 -56.875000 
-32.607435 14.288267 -60.625000


-7.453128 8.384769 -42.493750 
-9.316410 10.558598 -42.493750 
-9.937504 5.279299 -41.868750 
-7.453128 8.384769 -42.493750


-23.291025 17.393737 -67.500000 
-21.738290 18.946472 -72.500000 
-25.464854 19.253914 -72.493750 
-23.291025 17.393737 -67.500000


-28.570324 16.462096 -62.500000 
-31.054700 15.841002 -65.000000 
-32.607435 14.288267 -60.625000 
-28.570324 16.462096 -62.500000


-45.342967 9.626957 -86.250000 
-41.926950 13.042974 -83.125000 
-42.237497 13.353521 -86.875000 
-45.342967 9.626957 -86.250000


-45.342967 9.626957 -86.250000 
-43.479685 10.869145 -83.125000 
-41.926950 13.042974 -83.125000 
-45.342967 9.626957 -86.250000


-45.653514 -2.173829 -70.000000 
-44.408221 -3.726564 -64.993750 
-44.097674 -0.310547 -66.243750 
-45.653514 -2.173829 -70.000000


-49.998067 -2.173829 -88.756250 
-49.066426 2.481271 -90.000000 
-49.066426 2.173829 -90.006250 
-49.998067 -2.173829 -88.756250


-49.998067 -2.173829 -88.756250 
-49.069531 0.931641 -86.250000 
-49.066426 2.481271 -90.000000 
-49.998067 -2.173829 -88.756250


-42.548044 -1.552735 -56.250000 
-40.681657 3.726564 -59.993750 
-42.234392 1.242188 -61.868750 
-42.548044 -1.552735 -56.250000


-39.442574 16.148444 -86.875000 
-41.926950 13.042974 -83.125000 
-38.818375 15.841002 -82.500000 
-39.442574 16.148444 -86.875000


-35.091811 12.735532 -61.875000 
-36.955093 13.042974 -70.618750 
-38.510933 9.626957 -65.625000 
-35.091811 12.735532 -61.875000


-39.442574 5.900393 -58.750000 
-37.268745 9.937504 -59.375000 
-38.510933 9.005863 -61.875000 
-39.442574 5.900393 -58.750000


-39.442574 5.900393 -58.750000 
-36.644546 8.384769 -55.618750 
-37.268745 9.937504 -59.375000 
-39.442574 5.900393 -58.750000


-37.268745 9.937504 -59.375000 
-35.091811 12.735532 -61.875000 
-38.510933 9.005863 -61.875000 
-37.268745 9.937504 -59.375000


-38.510933 9.626957 -65.625000 
-38.510933 9.005863 -61.875000 
-35.091811 12.735532 -61.875000 
-38.510933 9.626957 -65.625000


-41.926950 13.042974 -83.125000 
-40.374215 12.732427 -77.500000 
-38.818375 15.841002 -82.500000 
-41.926950 13.042974 -83.125000


-41.616403 11.490239 -78.750000 
-40.374215 12.732427 -77.500000 
-41.926950 13.042974 -83.125000 
-41.616403 11.490239 -78.750000


-40.681657 3.726564 -59.993750 
-41.302751 4.971857 -63.125000 
-42.234392 1.242188 -61.868750 
-40.681657 3.726564 -59.993750


-39.442574 5.900393 -58.750000 
-40.371110 1.863282 -53.743750 
-38.818375 4.350763 -51.875000 
-39.442574 5.900393 -58.750000


-43.479685 -4.658205 -55.000000 
-42.237497 -2.794923 -51.250000 
-42.548044 -1.552735 -56.250000 
-43.479685 -4.658205 -55.000000


-44.097674 -0.310547 -66.243750 
-43.169138 2.794923 -65.625000 
-43.479685 3.105470 -68.125000 
-44.097674 -0.310547 -66.243750


-41.616403 -0.931641 -50.625000 
-42.548044 -1.552735 -56.250000 
-42.237497 -2.794923 -51.250000 
-41.616403 -0.931641 -50.625000


-42.548044 -1.552735 -56.250000 
-40.681657 1.245293 -50.625000 
-40.371110 1.863282 -53.743750 
-42.548044 -1.552735 -56.250000


-42.548044 -1.552735 -56.250000 
-41.616403 -0.931641 -50.625000 
-40.681657 1.245293 -50.625000 
-42.548044 -1.552735 -56.250000


-44.097674 -0.310547 -66.243750 
-42.858591 -3.105470 -58.125000 
-42.548044 -1.552735 -56.250000 
-44.097674 -0.310547 -66.243750


-42.234392 1.242188 -61.868750 
-44.097674 -0.310547 -66.243750 
-42.548044 -1.552735 -56.250000 
-42.234392 1.242188 -61.868750


-44.100779 -5.900393 -56.250000 
-43.479685 -4.658205 -55.000000 
-42.548044 -1.552735 -56.250000 
-44.100779 -5.900393 -56.250000


-42.858591 -3.105470 -58.125000 
-44.100779 -5.900393 -56.250000 
-42.548044 -1.552735 -56.250000 
-42.858591 -3.105470 -58.125000


-38.510933 9.005863 -61.875000 
-38.510933 9.626957 -65.625000 
-40.371110 6.521487 -62.493750 
-38.510933 9.005863 -61.875000


-41.926950 5.279299 -66.250000 
-40.371110 6.521487 -62.493750 
-39.753121 8.384769 -67.500000 
-41.926950 5.279299 -66.250000


-38.510933 9.626957 -65.625000 
-39.753121 8.384769 -67.500000 
-40.371110 6.521487 -62.493750 
-38.510933 9.626957 -65.625000


-38.510933 9.005863 -61.875000 
-40.371110 6.521487 -62.493750 
-39.442574 5.900393 -58.750000 
-38.510933 9.005863 -61.875000


-45.964061 7.453128 -84.375000 
-44.411326 6.210940 -79.375000 
-43.479685 9.626957 -80.625000 
-45.964061 7.453128 -84.375000


-43.479685 3.105470 -68.125000 
-42.234392 4.971857 -68.125000 
-42.237497 5.279299 -69.375000 
-43.479685 3.105470 -68.125000


-39.442574 5.900393 -58.750000 
-41.302751 4.971857 -63.125000 
-40.681657 3.726564 -59.993750 
-39.442574 5.900393 -58.750000


-39.442574 5.900393 -58.750000 
-40.371110 6.521487 -62.493750 
-41.302751 4.971857 -63.125000 
-39.442574 5.900393 -58.750000


-44.097674 -0.310547 -66.243750 
-42.234392 1.242188 -61.868750 
-43.169138 2.794923 -65.625000 
-44.097674 -0.310547 -66.243750


-41.302751 4.971857 -63.125000 
-43.169138 2.794923 -65.625000 
-42.234392 1.242188 -61.868750 
-41.302751 4.971857 -63.125000


-41.302751 4.971857 -63.125000 
-41.926950 5.279299 -66.250000 
-43.169138 2.794923 -65.625000 
-41.302751 4.971857 -63.125000


-47.206249 -5.279299 -71.875000 
-45.653514 0.000000 -71.875000 
-47.516796 -3.105470 -75.000000 
-47.206249 -5.279299 -71.875000


-47.206249 -5.279299 -71.875000 
-45.653514 -2.173829 -70.000000 
-45.653514 0.000000 -71.875000 
-47.206249 -5.279299 -71.875000


-44.097674 4.347658 -76.868750 
-44.411326 6.210940 -79.375000 
-45.964061 3.416017 -80.000000 
-44.097674 4.347658 -76.868750


-43.479685 3.105470 -68.125000 
-42.234392 8.384769 -75.618750 
-44.097674 4.347658 -76.868750 
-43.479685 3.105470 -68.125000


-43.479685 3.105470 -68.125000 
-42.237497 5.279299 -69.375000 
-42.234392 8.384769 -75.618750 
-43.479685 3.105470 -68.125000


-45.653514 -2.173829 -70.000000 
-44.097674 -0.310547 -66.243750 
-45.653514 0.000000 -71.875000 
-45.653514 -2.173829 -70.000000


-43.479685 3.105470 -68.125000 
-45.653514 0.000000 -71.875000 
-44.097674 -0.310547 -66.243750 
-43.479685 3.105470 -68.125000


-47.516796 -3.105470 -75.000000 
-46.585155 -1.242188 -74.375000 
-47.206249 1.552735 -81.875000 
-47.516796 -3.105470 -75.000000


-34.470717 -9.316410 -70.631250 
-31.986341 -5.592951 -76.250000 
-31.675794 -12.732427 -66.256250 
-34.470717 -9.316410 -70.631250


-45.650409 -0.310547 -86.881250 
-44.408221 -1.242188 -85.631250 
-48.134785 -2.173829 -87.506250 
-45.650409 -0.310547 -86.881250


-42.234392 8.384769 -75.618750 
-44.411326 6.210940 -79.375000 
-44.097674 4.347658 -76.868750 
-42.234392 8.384769 -75.618750


-42.234392 8.384769 -75.618750 
-43.479685 9.626957 -80.625000 
-44.411326 6.210940 -79.375000 
-42.234392 8.384769 -75.618750


-42.234392 8.384769 -75.618750 
-40.374215 12.732427 -77.500000 
-41.616403 11.490239 -78.750000 
-42.234392 8.384769 -75.618750


-45.964061 3.416017 -80.000000 
-44.411326 6.210940 -79.375000 
-45.964061 7.453128 -84.375000 
-45.964061 3.416017 -80.000000


-46.585155 -1.242188 -74.375000 
-45.964061 3.416017 -80.000000 
-47.206249 1.552735 -81.875000 
-46.585155 -1.242188 -74.375000


-45.029315 9.626957 -91.881250 
-45.653514 11.179692 -93.125000 
-38.507828 6.521487 -89.381250 
-45.029315 9.626957 -91.881250


-40.992204 13.664068 -93.131250 
-38.507828 6.521487 -89.381250 
-45.653514 11.179692 -93.125000 
-40.992204 13.664068 -93.131250


-47.206249 -5.279299 -71.875000 
-46.274608 -6.210940 -68.750000 
-45.653514 -2.173829 -70.000000 
-47.206249 -5.279299 -71.875000


-49.066426 2.481271 -90.000000 
-48.445332 2.794923 -86.243750 
-48.134785 5.900393 -90.006250 
-49.066426 2.481271 -90.000000


-45.650409 2.484376 -89.381250 
-44.408221 4.658205 -90.006250 
-43.166033 4.037111 -89.381250 
-45.650409 2.484376 -89.381250


-47.206249 2.794923 -83.125000 
-47.206249 1.552735 -81.875000 
-45.964061 3.416017 -80.000000 
-47.206249 2.794923 -83.125000


-50.308614 -17.390632 -83.131250 
-50.929708 -21.117196 -81.881250 
-51.240255 -14.595709 -83.756250 
-50.308614 -17.390632 -83.131250


-50.929708 -16.458991 -82.493750 
-51.240255 -14.595709 -83.756250 
-50.929708 -21.117196 -81.881250 
-50.929708 -16.458991 -82.493750


-43.479685 9.626957 -80.625000 
-43.479685 10.869145 -83.125000 
-45.964061 7.453128 -84.375000 
-43.479685 9.626957 -80.625000


-49.998067 -2.173829 -88.756250 
-50.308614 -7.142581 -86.256250 
-50.622266 -5.279299 -86.875000 
-49.998067 -2.173829 -88.756250


-49.998067 -2.173829 -88.756250 
-48.134785 -6.210940 -85.631250 
-50.308614 -7.142581 -86.256250 
-49.998067 -2.173829 -88.756250


-49.066426 2.173829 -90.006250 
-45.650409 2.484376 -89.381250 
-48.755879 -0.310547 -89.381250 
-49.066426 2.173829 -90.006250


-48.134785 -2.173829 -87.506250 
-49.998067 -2.173829 -88.756250 
-48.755879 -0.310547 -89.381250 
-48.134785 -2.173829 -87.506250


-30.744153 13.664068 -91.881250 
-35.091811 7.453128 -88.756250 
-31.365247 14.906256 -93.131250 
-30.744153 13.664068 -91.881250


-45.342967 10.558598 -90.625000 
-45.342967 9.626957 -86.250000 
-41.926950 15.527350 -90.625000 
-45.342967 10.558598 -90.625000


-42.237497 13.353521 -86.875000 
-41.926950 15.527350 -90.625000 
-45.342967 9.626957 -86.250000 
-42.237497 13.353521 -86.875000


-49.066426 2.173829 -90.006250 
-44.408221 4.658205 -90.006250 
-45.650409 2.484376 -89.381250 
-49.066426 2.173829 -90.006250


-38.507828 6.521487 -89.381250 
-33.849623 15.841002 -93.750000 
-31.365247 14.906256 -93.131250 
-38.507828 6.521487 -89.381250


-35.091811 7.453128 -88.756250 
-38.507828 6.521487 -89.381250 
-31.365247 14.906256 -93.131250 
-35.091811 7.453128 -88.756250


-43.787127 13.974615 -93.756250 
-41.926950 15.527350 -90.625000 
-40.060563 17.390632 -93.756250 
-43.787127 13.974615 -93.756250


-49.069531 0.931641 -86.250000 
-48.445332 2.794923 -86.243750 
-49.066426 2.481271 -90.000000 
-49.069531 0.931641 -86.250000


-37.265640 15.527350 -93.756250 
-43.787127 13.974615 -93.756250 
-40.060563 17.390632 -93.756250 
-37.265640 15.527350 -93.756250


-37.265640 15.527350 -93.756250 
-40.992204 13.664068 -93.131250 
-43.787127 13.974615 -93.756250 
-37.265640 15.527350 -93.756250


-45.342967 10.558598 -90.625000 
-41.926950 15.527350 -90.625000 
-44.721873 12.732427 -93.125000 
-45.342967 10.558598 -90.625000


-47.824238 7.763675 -91.256250 
-45.342967 9.626957 -86.250000 
-45.342967 10.558598 -90.625000 
-47.824238 7.763675 -91.256250


-44.408221 4.658205 -90.006250 
-45.029315 9.626957 -91.881250 
-38.507828 6.521487 -89.381250 
-44.408221 4.658205 -90.006250


-48.134785 5.900393 -90.006250 
-48.445332 2.794923 -86.243750 
-47.206249 5.279299 -85.000000 
-48.134785 5.900393 -90.006250


-47.206249 5.279299 -85.000000 
-47.824238 7.763675 -91.256250 
-48.134785 5.900393 -90.006250 
-47.206249 5.279299 -85.000000


-45.342967 9.626957 -86.250000 
-47.824238 7.763675 -91.256250 
-47.206249 5.279299 -85.000000 
-45.342967 9.626957 -86.250000


-45.342967 10.558598 -90.625000 
-44.721873 12.732427 -93.125000 
-45.653514 11.179692 -93.125000 
-45.342967 10.558598 -90.625000


-44.721873 12.732427 -93.125000 
-43.787127 13.974615 -93.756250 
-45.653514 11.179692 -93.125000 
-44.721873 12.732427 -93.125000


-43.787127 13.974615 -93.756250 
-40.992204 13.664068 -93.131250 
-45.653514 11.179692 -93.125000 
-43.787127 13.974615 -93.756250


-46.271503 -13.974615 -80.631250 
-47.824238 -12.421880 -82.506250 
-44.408221 -10.558598 -80.631250 
-46.271503 -13.974615 -80.631250


-36.955093 19.875008 -93.756250 
-33.849623 15.841002 -93.750000 
-37.265640 15.527350 -93.756250 
-36.955093 19.875008 -93.756250


-45.342967 10.558598 -90.625000 
-45.653514 11.179692 -93.125000 
-47.824238 7.763675 -91.256250 
-45.342967 10.558598 -90.625000


-45.964061 7.453128 -84.375000 
-45.342967 9.626957 -86.250000 
-47.206249 5.279299 -85.000000 
-45.964061 7.453128 -84.375000


-45.650409 2.484376 -89.381250 
-44.408221 -1.242188 -85.631250 
-45.650409 -0.310547 -86.881250 
-45.650409 2.484376 -89.381250


-49.998067 -2.173829 -88.756250 
-49.066426 2.173829 -90.006250 
-48.755879 -0.310547 -89.381250 
-49.998067 -2.173829 -88.756250


-45.960956 -7.763675 -83.131250 
-47.203144 -7.142581 -84.381250 
-44.408221 -4.658205 -83.756250 
-45.960956 -7.763675 -83.131250


-46.582050 -4.968752 -85.006250 
-44.408221 -4.658205 -83.756250 
-47.203144 -7.142581 -84.381250 
-46.582050 -4.968752 -85.006250


-49.066426 2.481271 -90.000000 
-48.134785 5.900393 -90.006250 
-47.824238 7.763675 -91.256250 
-49.066426 2.481271 -90.000000


-49.066426 2.173829 -90.006250 
-47.824238 7.763675 -91.256250 
-44.408221 4.658205 -90.006250 
-49.066426 2.173829 -90.006250


-49.066426 2.173829 -90.006250 
-49.066426 2.481271 -90.000000 
-47.824238 7.763675 -91.256250 
-49.066426 2.173829 -90.006250


-47.824238 7.763675 -91.256250 
-45.653514 11.179692 -93.125000 
-44.408221 4.658205 -90.006250 
-47.824238 7.763675 -91.256250


-45.653514 11.179692 -93.125000 
-45.029315 9.626957 -91.881250 
-44.408221 4.658205 -90.006250 
-45.653514 11.179692 -93.125000


-40.681657 3.726564 -87.506250 
-43.166033 4.037111 -89.381250 
-38.507828 6.521487 -89.381250 
-40.681657 3.726564 -87.506250


-45.964061 3.416017 -80.000000 
-46.585155 -1.242188 -74.375000 
-45.653514 0.000000 -71.875000 
-45.964061 3.416017 -80.000000


-45.964061 3.416017 -80.000000 
-45.653514 0.000000 -71.875000 
-44.097674 4.347658 -76.868750 
-45.964061 3.416017 -80.000000


-41.613298 1.552735 -86.256250 
-45.650409 2.484376 -89.381250 
-43.166033 4.037111 -89.381250 
-41.613298 1.552735 -86.256250


-36.644546 0.000000 -83.756250 
-35.402358 -0.621094 -82.506250 
-35.402358 -2.173829 -81.256250 
-36.644546 0.000000 -83.756250


-31.054700 5.900393 -86.256250 
-33.849623 2.794923 -84.381250 
-33.849623 7.142581 -88.131250 
-31.054700 5.900393 -86.256250


-35.712905 5.279299 -86.881250 
-33.849623 7.142581 -88.131250 
-33.849623 2.794923 -84.381250 
-35.712905 5.279299 -86.881250


-38.507828 6.521487 -89.381250 
-40.992204 13.664068 -93.131250 
-37.265640 15.527350 -93.756250 
-38.507828 6.521487 -89.381250


-29.188313 -0.621094 -80.625000 
-32.296888 -2.173829 -80.006250 
-31.054700 0.000000 -81.881250 
-29.188313 -0.621094 -80.625000


-43.166033 -6.521487 -81.881250 
-40.992204 -2.173829 -83.756250 
-40.060563 -4.658205 -81.256250 
-43.166033 -6.521487 -81.881250


-47.206249 2.794923 -83.125000 
-49.069531 0.931641 -86.250000 
-47.206249 1.552735 -81.875000 
-47.206249 2.794923 -83.125000


-49.998067 -20.185555 -82.506250 
-50.308614 -17.390632 -83.131250 
-48.134785 -16.148444 -81.256250 
-49.998067 -20.185555 -82.506250


-51.240255 -14.595709 -83.756250 
-50.308614 -14.595709 -83.756250 
-50.308614 -17.390632 -83.131250 
-51.240255 -14.595709 -83.756250


-49.380078 -3.105470 -84.375000 
-47.206249 1.552735 -81.875000 
-49.069531 0.931641 -86.250000 
-49.380078 -3.105470 -84.375000


-47.203144 -7.142581 -84.381250 
-50.308614 -10.558598 -85.631250 
-48.134785 -6.210940 -85.631250 
-47.203144 -7.142581 -84.381250


-50.001172 -9.316410 -80.000000 
-49.069531 -5.589846 -78.750000 
-50.622266 -5.279299 -86.875000 
-50.001172 -9.316410 -80.000000


-50.001172 -9.316410 -80.000000 
-50.622266 -5.279299 -86.875000 
-50.001172 -9.005863 -83.125000 
-50.001172 -9.316410 -80.000000


-45.029315 -15.837897 -78.756250 
-46.271503 -13.974615 -80.631250 
-44.097674 -12.111333 -79.381250 
-45.029315 -15.837897 -78.756250


-42.855486 -2.484376 -84.381250 
-44.408221 -1.242188 -85.631250 
-41.613298 1.552735 -86.256250 
-42.855486 -2.484376 -84.381250


-45.650409 2.484376 -89.381250 
-41.613298 1.552735 -86.256250 
-44.408221 -1.242188 -85.631250 
-45.650409 2.484376 -89.381250


-42.855486 -2.484376 -84.381250 
-44.408221 -4.658205 -83.756250 
-46.582050 -4.968752 -85.006250 
-42.855486 -2.484376 -84.381250


-47.206249 2.794923 -83.125000 
-48.445332 2.794923 -86.243750 
-49.069531 0.931641 -86.250000 
-47.206249 2.794923 -83.125000


-47.203144 -7.142581 -84.381250 
-48.134785 -6.210940 -85.631250 
-46.582050 -4.968752 -85.006250 
-47.203144 -7.142581 -84.381250


-50.311719 -12.732427 -80.000000 
-49.380078 -11.179692 -76.250000 
-50.001172 -9.316410 -80.000000 
-50.311719 -12.732427 -80.000000


-48.134785 -2.173829 -87.506250 
-48.755879 -0.310547 -89.381250 
-45.650409 2.484376 -89.381250 
-48.134785 -2.173829 -87.506250


-48.134785 -2.173829 -87.506250 
-45.650409 2.484376 -89.381250 
-45.650409 -0.310547 -86.881250 
-48.134785 -2.173829 -87.506250


-48.134785 -6.210940 -85.631250 
-49.998067 -2.173829 -88.756250 
-48.134785 -2.173829 -87.506250 
-48.134785 -6.210940 -85.631250


-51.240255 -14.595709 -83.756250 
-50.929708 -16.458991 -82.493750 
-50.311719 -12.732427 -80.000000 
-51.240255 -14.595709 -83.756250


-42.855486 -10.248051 -79.381250 
-40.371110 -8.695316 -78.756250 
-44.097674 -12.111333 -79.381250 
-42.855486 -10.248051 -79.381250


-50.308614 -10.558598 -85.631250 
-47.203144 -7.142581 -84.381250 
-47.203144 -9.937504 -83.131250 
-50.308614 -10.558598 -85.631250


-48.758984 -7.763675 -76.250000 
-49.069531 -5.589846 -78.750000 
-50.001172 -9.316410 -80.000000 
-48.758984 -7.763675 -76.250000


-50.308614 -7.142581 -86.256250 
-48.134785 -6.210940 -85.631250 
-50.308614 -10.558598 -85.631250 
-50.308614 -7.142581 -86.256250


-33.228529 -1.242188 -81.256250 
-31.054700 0.000000 -81.881250 
-32.296888 -2.173829 -80.006250 
-33.228529 -1.242188 -81.256250


-25.775401 19.878113 -80.625000 
-23.912119 18.946472 -85.000000 
-28.570324 20.188660 -83.125000 
-25.775401 19.878113 -80.625000


-29.191418 5.900393 -86.256250 
-25.154307 8.695316 -88.756250 
-25.154307 7.142581 -86.881250 
-29.191418 5.900393 -86.256250


-28.259777 8.074222 -88.131250 
-25.154307 8.695316 -88.756250 
-29.191418 5.900393 -86.256250 
-28.259777 8.074222 -88.131250


-37.265640 -3.416017 -81.256250 
-36.644546 0.000000 -83.756250 
-35.402358 -2.173829 -81.256250 
-37.265640 -3.416017 -81.256250


-37.265640 -3.416017 -81.256250 
-37.576187 -1.863282 -82.506250 
-36.644546 0.000000 -83.756250 
-37.265640 -3.416017 -81.256250


-51.240255 -14.595709 -83.756250 
-51.243360 -12.421880 -84.375000 
-50.308614 -10.558598 -85.631250 
-51.240255 -14.595709 -83.756250


-50.308614 -14.595709 -83.756250 
-51.240255 -14.595709 -83.756250 
-50.308614 -10.558598 -85.631250 
-50.308614 -14.595709 -83.756250


-33.849623 -6.214045 -76.250000 
-39.439469 -9.937504 -76.868750 
-36.955093 -6.210940 -78.756250 
-33.849623 -6.214045 -76.250000


-50.308614 -17.390632 -83.131250 
-46.271503 -13.974615 -80.631250 
-48.134785 -16.148444 -81.256250 
-50.308614 -17.390632 -83.131250


-50.308614 -17.390632 -83.131250 
-47.824238 -12.421880 -82.506250 
-46.271503 -13.974615 -80.631250 
-50.308614 -17.390632 -83.131250


-46.271503 -13.974615 -80.631250 
-46.892597 -17.390632 -80.006250 
-48.134785 -16.148444 -81.256250 
-46.271503 -13.974615 -80.631250


-47.827343 -12.421880 -70.625000 
-47.827343 -8.695316 -71.875000 
-49.380078 -11.179692 -76.250000 
-47.827343 -12.421880 -70.625000


-51.243360 -12.421880 -84.375000 
-50.311719 -12.732427 -80.000000 
-50.001172 -9.316410 -80.000000 
-51.243360 -12.421880 -84.375000


-50.001172 -9.005863 -83.125000 
-51.243360 -12.421880 -84.375000 
-50.001172 -9.316410 -80.000000 
-50.001172 -9.005863 -83.125000


-48.134785 -20.806649 -80.006250 
-46.892597 -17.390632 -80.006250 
-45.029315 -15.837897 -78.756250 
-48.134785 -20.806649 -80.006250


-45.029315 -18.322273 -76.868750 
-48.134785 -20.806649 -80.006250 
-45.029315 -15.837897 -78.756250 
-45.029315 -18.322273 -76.868750


-50.622266 -5.279299 -86.875000 
-51.243360 -12.421880 -84.375000 
-50.001172 -9.005863 -83.125000 
-50.622266 -5.279299 -86.875000


-47.203144 -9.937504 -83.131250 
-47.824238 -12.421880 -82.506250 
-50.308614 -10.558598 -85.631250 
-47.203144 -9.937504 -83.131250


-46.892597 -17.390632 -80.006250 
-46.271503 -13.974615 -80.631250 
-45.029315 -15.837897 -78.756250 
-46.892597 -17.390632 -80.006250


-45.029315 -9.005863 -81.881250 
-41.302751 -6.832034 -80.631250 
-44.408221 -10.558598 -80.631250 
-45.029315 -9.005863 -81.881250


-51.243360 -12.421880 -84.375000 
-51.240255 -14.595709 -83.756250 
-50.311719 -12.732427 -80.000000 
-51.243360 -12.421880 -84.375000


-50.311719 -12.732427 -80.000000 
-50.929708 -16.458991 -82.493750 
-49.690625 -14.595709 -75.625000 
-50.311719 -12.732427 -80.000000


-36.955093 -6.210940 -78.756250 
-39.439469 -9.937504 -76.868750 
-40.371110 -8.695316 -78.756250 
-36.955093 -6.210940 -78.756250


-41.302751 -19.253914 -69.381250 
-45.029315 -18.322273 -76.868750 
-43.473475 -15.527350 -76.875000 
-41.302751 -19.253914 -69.381250


-38.197281 -17.390632 -67.506250 
-41.302751 -19.253914 -69.381250 
-43.473475 -15.527350 -76.875000 
-38.197281 -17.390632 -67.506250


-38.507828 -14.595709 -69.381250 
-38.197281 -17.390632 -67.506250 
-43.473475 -15.527350 -76.875000 
-38.507828 -14.595709 -69.381250


-48.755879 -17.701179 -72.493750 
-49.690625 -14.595709 -75.625000 
-49.690625 -19.253914 -75.000000 
-48.755879 -17.701179 -72.493750


-49.380078 -11.179692 -76.250000 
-50.311719 -12.732427 -80.000000 
-49.690625 -14.595709 -75.625000 
-49.380078 -11.179692 -76.250000


-49.380078 -11.179692 -76.250000 
-48.758984 -7.763675 -76.250000 
-50.001172 -9.316410 -80.000000 
-49.380078 -11.179692 -76.250000


-37.576187 -1.863282 -82.506250 
-40.992204 -2.173829 -83.756250 
-36.644546 0.000000 -83.756250 
-37.576187 -1.863282 -82.506250


-39.128922 0.000000 -84.381250 
-36.644546 0.000000 -83.756250 
-40.992204 -2.173829 -83.756250 
-39.128922 0.000000 -84.381250


-47.206249 -5.279299 -71.875000 
-48.758984 -7.763675 -76.250000 
-47.827343 -8.695316 -71.875000 
-47.206249 -5.279299 -71.875000


-49.380078 -3.105470 -84.375000 
-50.622266 -5.279299 -86.875000 
-49.069531 -5.589846 -78.750000 
-49.380078 -3.105470 -84.375000


-40.371110 -8.695316 -78.756250 
-39.439469 -9.937504 -76.868750 
-40.681657 -10.248051 -77.506250 
-40.371110 -8.695316 -78.756250


-49.690625 -14.595709 -75.625000 
-48.755879 -17.701179 -72.493750 
-47.827343 -12.421880 -70.625000 
-49.690625 -14.595709 -75.625000


-42.855486 -10.248051 -79.381250 
-44.408221 -10.558598 -80.631250 
-40.371110 -8.695316 -78.756250 
-42.855486 -10.248051 -79.381250


-47.206249 -5.279299 -71.875000 
-47.827343 -8.695316 -71.875000 
-46.274608 -6.210940 -68.750000 
-47.206249 -5.279299 -71.875000


-47.516796 -3.105470 -75.000000 
-48.758984 -7.763675 -76.250000 
-47.206249 -5.279299 -71.875000 
-47.516796 -3.105470 -75.000000


-33.849623 2.794923 -84.381250 
-31.675794 1.242188 -83.131250 
-36.644546 0.000000 -83.756250 
-33.849623 2.794923 -84.381250


-49.690625 -14.595709 -75.625000 
-47.827343 -12.421880 -70.625000 
-49.380078 -11.179692 -76.250000 
-49.690625 -14.595709 -75.625000


-45.029315 -15.837897 -78.756250 
-43.473475 -15.527350 -76.875000 
-45.029315 -18.322273 -76.868750 
-45.029315 -15.837897 -78.756250


-40.371110 -8.695316 -78.756250 
-45.029315 -15.837897 -78.756250 
-44.097674 -12.111333 -79.381250 
-40.371110 -8.695316 -78.756250


-40.681657 -10.248051 -77.506250 
-45.029315 -15.837897 -78.756250 
-40.371110 -8.695316 -78.756250 
-40.681657 -10.248051 -77.506250


-44.408221 -10.558598 -80.631250 
-42.855486 -10.248051 -79.381250 
-44.097674 -12.111333 -79.381250 
-44.408221 -10.558598 -80.631250


-28.259777 -12.421880 -65.006250 
-31.986341 -5.592951 -76.250000 
-28.570324 -7.142581 -69.381250 
-28.259777 -12.421880 -65.006250


-43.166033 -6.521487 -81.881250 
-40.060563 -4.658205 -81.256250 
-41.302751 -6.832034 -80.631250 
-43.166033 -6.521487 -81.881250


-33.539076 21.117196 -93.756250 
-28.570324 20.499207 -91.250000 
-27.017589 19.564461 -93.756250 
-33.539076 21.117196 -93.756250


-32.607435 20.499207 -91.875000 
-28.570324 20.499207 -91.250000 
-33.539076 21.117196 -93.756250 
-32.607435 20.499207 -91.875000


-18.011726 2.484376 -81.881250 
-21.427743 2.484376 -82.506250 
-20.496102 3.105470 -83.131250 
-18.011726 2.484376 -81.881250


-21.427743 1.239083 -80.000000 
-21.427743 2.484376 -82.506250 
-18.011726 2.484376 -81.881250 
-21.427743 1.239083 -80.000000


-28.570324 20.188660 -83.125000 
-31.054700 20.188660 -80.000000 
-25.775401 19.878113 -80.625000 
-28.570324 20.188660 -83.125000


-31.054700 5.900393 -86.256250 
-29.501965 2.484376 -83.756250 
-33.849623 2.794923 -84.381250 
-31.054700 5.900393 -86.256250


-36.955093 -6.210940 -78.756250 
-40.371110 -8.695316 -78.756250 
-39.439469 -6.521487 -80.006250 
-36.955093 -6.210940 -78.756250


-34.470717 -9.316410 -70.631250 
-36.644546 -12.421880 -69.381250 
-31.986341 -5.592951 -76.250000 
-34.470717 -9.316410 -70.631250


-29.501965 -4.347658 -76.243750 
-28.570324 -7.142581 -69.381250 
-31.986341 -5.592951 -76.250000 
-29.501965 -4.347658 -76.243750


-36.023452 19.878113 -88.125000 
-38.818375 15.841002 -82.500000 
-34.781264 18.635925 -81.875000 
-36.023452 19.878113 -88.125000


-34.160170 17.704284 -76.250000 
-33.539076 16.151549 -70.000000 
-31.365247 17.393737 -71.875000 
-34.160170 17.704284 -76.250000


-36.023452 16.151549 -74.375000 
-33.539076 16.151549 -70.000000 
-34.160170 17.704284 -76.250000 
-36.023452 16.151549 -74.375000


-44.408221 -10.558598 -80.631250 
-41.302751 -6.832034 -80.631250 
-39.439469 -6.521487 -80.006250 
-44.408221 -10.558598 -80.631250


-40.371110 -8.695316 -78.756250 
-44.408221 -10.558598 -80.631250 
-39.439469 -6.521487 -80.006250 
-40.371110 -8.695316 -78.756250


-33.849623 -6.214045 -76.250000 
-31.986341 -5.592951 -76.250000 
-39.439469 -9.937504 -76.868750 
-33.849623 -6.214045 -76.250000


-36.644546 -12.421880 -69.381250 
-39.439469 -9.937504 -76.868750 
-31.986341 -5.592951 -76.250000 
-36.644546 -12.421880 -69.381250


-28.570324 -7.142581 -69.381250 
-29.501965 -4.347658 -76.243750 
-27.949230 -5.900393 -70.631250 
-28.570324 -7.142581 -69.381250


-13.353521 13.667173 -59.375000 
-15.527350 14.909361 -58.750000 
-12.421880 13.046079 -54.375000 
-13.353521 13.667173 -59.375000


-29.501965 -4.347658 -76.243750 
-31.986341 -5.592951 -76.250000 
-31.054700 -3.726564 -78.131250 
-29.501965 -4.347658 -76.243750


-33.228529 -4.040216 -78.750000 
-31.054700 -3.726564 -78.131250 
-31.986341 -5.592951 -76.250000 
-33.228529 -4.040216 -78.750000


-43.473475 -15.527350 -76.875000 
-39.439469 -9.937504 -76.868750 
-38.507828 -14.595709 -69.381250 
-43.473475 -15.527350 -76.875000


-33.228529 -4.040216 -78.750000 
-34.470717 -3.108575 -80.000000 
-32.296888 -2.173829 -80.006250 
-33.228529 -4.040216 -78.750000


-28.567219 -2.484376 -78.125000 
-29.501965 -4.347658 -76.243750 
-31.054700 -3.726564 -78.131250 
-28.567219 -2.484376 -78.125000


-33.228529 -4.040216 -78.750000 
-32.296888 -2.173829 -80.006250 
-31.054700 -3.726564 -78.131250 
-33.228529 -4.040216 -78.750000


-36.644546 -12.421880 -69.381250 
-38.507828 -14.595709 -69.381250 
-39.439469 -9.937504 -76.868750 
-36.644546 -12.421880 -69.381250


-34.470717 -3.108575 -80.000000 
-33.228529 -1.242188 -81.256250 
-32.296888 -2.173829 -80.006250 
-34.470717 -3.108575 -80.000000


-25.775401 19.567566 -88.750000 
-28.570324 20.188660 -83.125000 
-23.912119 18.946472 -85.000000 
-25.775401 19.567566 -88.750000


-31.986341 -5.592951 -76.250000 
-36.955093 -6.210940 -78.756250 
-33.228529 -4.040216 -78.750000 
-31.986341 -5.592951 -76.250000


-31.986341 -5.592951 -76.250000 
-33.849623 -6.214045 -76.250000 
-36.955093 -6.210940 -78.756250 
-31.986341 -5.592951 -76.250000


-39.439469 -6.521487 -80.006250 
-41.302751 -6.832034 -80.631250 
-40.060563 -4.658205 -81.256250 
-39.439469 -6.521487 -80.006250


-34.470717 -3.108575 -80.000000 
-33.228529 -4.040216 -78.750000 
-36.955093 -6.210940 -78.756250 
-34.470717 -3.108575 -80.000000


-40.060563 -4.658205 -81.256250 
-40.992204 -2.173829 -83.756250 
-37.265640 -3.416017 -81.256250 
-40.060563 -4.658205 -81.256250


-37.576187 -1.863282 -82.506250 
-37.265640 -3.416017 -81.256250 
-40.992204 -2.173829 -83.756250 
-37.576187 -1.863282 -82.506250


-39.439469 -6.521487 -80.006250 
-40.060563 -4.658205 -81.256250 
-37.265640 -3.416017 -81.256250 
-39.439469 -6.521487 -80.006250


-31.675794 1.242188 -83.131250 
-29.501965 2.484376 -83.756250 
-31.054700 0.000000 -81.881250 
-31.675794 1.242188 -83.131250


-34.470717 -3.108575 -80.000000 
-36.955093 -6.210940 -78.756250 
-37.265640 -3.416017 -81.256250 
-34.470717 -3.108575 -80.000000


-36.955093 -6.210940 -78.756250 
-39.439469 -6.521487 -80.006250 
-37.265640 -3.416017 -81.256250 
-36.955093 -6.210940 -78.756250


-37.886734 3.416017 -86.256250 
-40.681657 3.726564 -87.506250 
-38.507828 6.521487 -89.381250 
-37.886734 3.416017 -86.256250


-31.054700 5.900393 -86.256250 
-33.849623 7.142581 -88.131250 
-30.744153 7.142581 -87.506250 
-31.054700 5.900393 -86.256250


-31.054700 -3.726564 -78.131250 
-29.188313 -0.621094 -80.625000 
-28.567219 -2.484376 -78.125000 
-31.054700 -3.726564 -78.131250


-31.054700 -3.726564 -78.131250 
-32.296888 -2.173829 -80.006250 
-29.188313 -0.621094 -80.625000 
-31.054700 -3.726564 -78.131250


-28.259777 8.074222 -88.131250 
-35.091811 7.453128 -88.756250 
-24.533213 12.421880 -92.506250 
-28.259777 8.074222 -88.131250


-25.464854 13.353521 -93.131250 
-24.533213 12.421880 -92.506250 
-35.091811 7.453128 -88.756250 
-25.464854 13.353521 -93.131250


-35.402358 -0.621094 -82.506250 
-36.644546 0.000000 -83.756250 
-31.675794 1.242188 -83.131250 
-35.402358 -0.621094 -82.506250


-33.228529 -1.242188 -81.256250 
-35.402358 -2.173829 -81.256250 
-35.402358 -0.621094 -82.506250 
-33.228529 -1.242188 -81.256250


-35.402358 -0.621094 -82.506250 
-31.675794 1.242188 -83.131250 
-31.054700 0.000000 -81.881250 
-35.402358 -0.621094 -82.506250


-33.228529 -1.242188 -81.256250 
-35.402358 -0.621094 -82.506250 
-31.054700 0.000000 -81.881250 
-33.228529 -1.242188 -81.256250


-37.886734 18.946472 -89.375000 
-39.442574 16.148444 -86.875000 
-38.818375 15.841002 -82.500000 
-37.886734 18.946472 -89.375000


-36.023452 19.878113 -88.125000 
-37.886734 18.946472 -89.375000 
-38.818375 15.841002 -82.500000 
-36.023452 19.878113 -88.125000


-43.479685 10.869145 -83.125000 
-45.342967 9.626957 -86.250000 
-45.964061 7.453128 -84.375000 
-43.479685 10.869145 -83.125000


-36.955093 19.875008 -93.756250 
-32.917982 17.390632 -93.756250 
-33.849623 15.841002 -93.750000 
-36.955093 19.875008 -93.756250


-35.402358 3.105470 -85.006250 
-33.849623 2.794923 -84.381250 
-36.644546 0.000000 -83.756250 
-35.402358 3.105470 -85.006250


-31.054700 20.188660 -80.000000 
-28.259777 19.878113 -76.250000 
-25.775401 19.878113 -80.625000 
-31.054700 20.188660 -80.000000


-31.054700 20.188660 -80.000000 
-31.675794 19.253914 -76.868750 
-28.259777 19.878113 -76.250000 
-31.054700 20.188660 -80.000000


-9.626957 2.170724 -80.000000 
-14.906256 3.105470 -81.881250 
-10.869145 3.723459 -82.500000 
-9.626957 2.170724 -80.000000


-6.518382 6.832034 -86.250000 
-6.521487 4.968752 -84.381250 
-9.316410 7.453128 -86.881250 
-6.518382 6.832034 -86.250000


-9.316410 5.279299 -84.381250 
-9.316410 7.453128 -86.881250 
-6.521487 4.968752 -84.381250 
-9.316410 5.279299 -84.381250


-43.166033 4.037111 -89.381250 
-44.408221 4.658205 -90.006250 
-38.507828 6.521487 -89.381250 
-43.166033 4.037111 -89.381250


-36.644546 0.000000 -83.756250 
-37.886734 3.416017 -86.256250 
-35.402358 3.105470 -85.006250 
-36.644546 0.000000 -83.756250


-28.570324 17.390632 -93.756250 
-33.539076 21.117196 -93.756250 
-27.017589 19.564461 -93.756250 
-28.570324 17.390632 -93.756250


-35.091811 7.453128 -88.756250 
-28.259777 8.074222 -88.131250 
-33.849623 7.142581 -88.131250 
-35.091811 7.453128 -88.756250


-22.980478 3.726564 -83.756250 
-26.396495 5.900393 -85.631250 
-25.154307 7.142581 -86.881250 
-22.980478 3.726564 -83.756250


-28.570324 17.390632 -93.756250 
-32.917982 17.390632 -93.756250 
-33.539076 21.117196 -93.756250 
-28.570324 17.390632 -93.756250


-23.912119 17.083190 -63.750000 
-23.601572 16.462096 -59.375000 
-22.048837 16.462096 -61.250000 
-23.912119 17.083190 -63.750000


-23.912119 17.083190 -63.750000 
-25.464854 16.462096 -59.375000 
-23.601572 16.462096 -59.375000 
-23.912119 17.083190 -63.750000


-31.675794 1.242188 -83.131250 
-33.849623 2.794923 -84.381250 
-29.501965 2.484376 -83.756250 
-31.675794 1.242188 -83.131250


-26.396495 5.900393 -85.631250 
-29.501965 2.484376 -83.756250 
-29.191418 5.900393 -86.256250 
-26.396495 5.900393 -85.631250


-37.886734 3.416017 -86.256250 
-35.712905 5.279299 -86.881250 
-35.402358 3.105470 -85.006250 
-37.886734 3.416017 -86.256250


-25.154307 19.878113 -75.625000 
-21.738290 18.946472 -72.500000 
-24.222666 19.567566 -79.375000 
-25.154307 19.878113 -75.625000


-31.986341 20.499207 -81.875000 
-31.675794 19.253914 -76.868750 
-31.054700 20.188660 -80.000000 
-31.986341 20.499207 -81.875000


-31.986341 20.499207 -81.875000 
-33.849623 18.635925 -78.750000 
-31.675794 19.253914 -76.868750 
-31.986341 20.499207 -81.875000


-31.986341 20.188660 -86.875000 
-33.539076 21.117196 -93.756250 
-36.023452 19.878113 -88.125000 
-31.986341 20.188660 -86.875000


-31.986341 20.188660 -86.875000 
-32.607435 20.499207 -91.875000 
-33.539076 21.117196 -93.756250 
-31.986341 20.188660 -86.875000


-36.644546 0.000000 -83.756250 
-39.128922 0.000000 -84.381250 
-37.886734 3.416017 -86.256250 
-36.644546 0.000000 -83.756250


-36.955093 19.875008 -93.756250 
-35.712905 19.878113 -91.250000 
-33.539076 21.117196 -93.756250 
-36.955093 19.875008 -93.756250


-36.955093 19.875008 -93.756250 
-33.539076 21.117196 -93.756250 
-32.917982 17.390632 -93.756250 
-36.955093 19.875008 -93.756250


-33.849623 15.841002 -93.750000 
-28.570324 17.390632 -93.756250 
-31.365247 14.906256 -93.131250 
-33.849623 15.841002 -93.750000


-32.917982 17.390632 -93.756250 
-28.570324 17.390632 -93.756250 
-33.849623 15.841002 -93.750000 
-32.917982 17.390632 -93.756250


-41.926950 15.527350 -90.625000 
-37.886734 18.946472 -89.375000 
-40.060563 17.390632 -93.756250 
-41.926950 15.527350 -90.625000


-36.955093 19.875008 -93.756250 
-36.023452 19.878113 -88.125000 
-35.712905 19.878113 -91.250000 
-36.955093 19.875008 -93.756250


-36.955093 19.875008 -93.756250 
-37.886734 18.946472 -89.375000 
-36.023452 19.878113 -88.125000 
-36.955093 19.875008 -93.756250


-38.197281 12.111333 -71.868750 
-35.712905 14.906256 -71.243750 
-36.023452 16.151549 -74.375000 
-38.197281 12.111333 -71.868750


-38.197281 12.111333 -71.868750 
-39.750016 10.869145 -73.118750 
-39.753121 8.384769 -67.500000 
-38.197281 12.111333 -71.868750


-40.060563 17.390632 -93.756250 
-37.886734 18.946472 -89.375000 
-36.955093 19.875008 -93.756250 
-40.060563 17.390632 -93.756250


-40.060563 17.390632 -93.756250 
-36.955093 19.875008 -93.756250 
-37.265640 15.527350 -93.756250 
-40.060563 17.390632 -93.756250


-25.464854 13.353521 -93.131250 
-25.464854 15.837897 -93.756250 
-22.980478 13.974615 -93.756250 
-25.464854 13.353521 -93.131250


-33.539076 16.151549 -70.000000 
-30.433606 16.772643 -68.125000 
-31.365247 17.393737 -71.875000 
-33.539076 16.151549 -70.000000


-38.507828 6.521487 -89.381250 
-35.091811 7.453128 -88.756250 
-33.849623 7.142581 -88.131250 
-38.507828 6.521487 -89.381250


-35.712905 5.279299 -86.881250 
-38.507828 6.521487 -89.381250 
-33.849623 7.142581 -88.131250 
-35.712905 5.279299 -86.881250


-37.886734 18.946472 -89.375000 
-41.926950 15.527350 -90.625000 
-39.442574 16.148444 -86.875000 
-37.886734 18.946472 -89.375000


-38.818375 15.841002 -82.500000 
-40.374215 12.732427 -77.500000 
-37.889839 14.906256 -76.250000 
-38.818375 15.841002 -82.500000


-30.744153 7.142581 -87.506250 
-29.191418 5.900393 -86.256250 
-31.054700 5.900393 -86.256250 
-30.744153 7.142581 -87.506250


-28.259777 8.074222 -88.131250 
-29.191418 5.900393 -86.256250 
-30.744153 7.142581 -87.506250 
-28.259777 8.074222 -88.131250


-25.464854 19.253914 -72.493750 
-26.707042 19.567566 -73.750000 
-27.638683 17.083190 -65.625000 
-25.464854 19.253914 -72.493750


-29.501965 2.484376 -83.756250 
-31.054700 5.900393 -86.256250 
-29.191418 5.900393 -86.256250 
-29.501965 2.484376 -83.756250


-41.613298 1.552735 -86.256250 
-37.886734 3.416017 -86.256250 
-39.128922 0.000000 -84.381250 
-41.613298 1.552735 -86.256250


-41.613298 1.552735 -86.256250 
-40.681657 3.726564 -87.506250 
-37.886734 3.416017 -86.256250 
-41.613298 1.552735 -86.256250


-28.259777 8.074222 -88.131250 
-30.744153 7.142581 -87.506250 
-33.849623 7.142581 -88.131250 
-28.259777 8.074222 -88.131250


-38.818375 15.841002 -82.500000 
-37.889839 14.906256 -76.250000 
-33.849623 18.635925 -78.750000 
-38.818375 15.841002 -82.500000


-38.818375 15.841002 -82.500000 
-33.849623 18.635925 -78.750000 
-34.781264 18.635925 -81.875000 
-38.818375 15.841002 -82.500000


-39.750016 10.869145 -73.118750 
-38.197281 12.111333 -71.868750 
-37.889839 14.906256 -76.250000 
-39.750016 10.869145 -73.118750


-37.886734 3.416017 -86.256250 
-38.507828 6.521487 -89.381250 
-35.712905 5.279299 -86.881250 
-37.886734 3.416017 -86.256250


-28.570324 20.188660 -83.125000 
-31.986341 20.499207 -81.875000 
-31.054700 20.188660 -80.000000 
-28.570324 20.188660 -83.125000


-33.849623 2.794923 -84.381250 
-35.402358 3.105470 -85.006250 
-35.712905 5.279299 -86.881250 
-33.849623 2.794923 -84.381250


-41.926950 13.042974 -83.125000 
-39.442574 16.148444 -86.875000 
-41.926950 15.527350 -90.625000 
-41.926950 13.042974 -83.125000


-41.926950 13.042974 -83.125000 
-41.926950 15.527350 -90.625000 
-42.237497 13.353521 -86.875000 
-41.926950 13.042974 -83.125000


-40.374215 12.732427 -77.500000 
-42.234392 8.384769 -75.618750 
-39.750016 10.869145 -73.118750 
-40.374215 12.732427 -77.500000


-42.237497 5.279299 -69.375000 
-39.753121 8.384769 -67.500000 
-39.750016 10.869145 -73.118750 
-42.237497 5.279299 -69.375000


-40.374215 12.732427 -77.500000 
-39.750016 10.869145 -73.118750 
-37.889839 14.906256 -76.250000 
-40.374215 12.732427 -77.500000


-31.986341 20.188660 -86.875000 
-28.570324 20.188660 -83.125000 
-28.570324 20.499207 -91.250000 
-31.986341 20.188660 -86.875000


-29.501965 2.484376 -83.756250 
-22.980478 3.726564 -83.756250 
-25.464854 2.173829 -82.506250 
-29.501965 2.484376 -83.756250


-36.023452 16.151549 -74.375000 
-33.849623 18.635925 -78.750000 
-37.889839 14.906256 -76.250000 
-36.023452 16.151549 -74.375000


-36.023452 16.151549 -74.375000 
-34.160170 17.704284 -76.250000 
-33.849623 18.635925 -78.750000 
-36.023452 16.151549 -74.375000


-37.889839 14.906256 -76.250000 
-38.197281 12.111333 -71.868750 
-36.023452 16.151549 -74.375000 
-37.889839 14.906256 -76.250000


-25.154307 8.695316 -88.756250 
-28.259777 8.074222 -88.131250 
-24.533213 12.421880 -92.506250 
-25.154307 8.695316 -88.756250


-12.732427 13.046079 -90.625000 
-14.906256 13.667173 -86.875000 
-11.179692 12.114438 -83.750000 
-12.732427 13.046079 -90.625000


-31.365247 17.393737 -71.875000 
-29.191418 18.943367 -74.368750 
-31.675794 19.253914 -76.868750 
-31.365247 17.393737 -71.875000


-34.160170 17.704284 -76.250000 
-31.365247 17.393737 -71.875000 
-31.675794 19.253914 -76.868750 
-34.160170 17.704284 -76.250000


-21.738290 5.900393 -85.631250 
-22.980478 3.726564 -83.756250 
-25.154307 7.142581 -86.881250 
-21.738290 5.900393 -85.631250


-28.570324 20.188660 -83.125000 
-31.986341 20.188660 -86.875000 
-31.986341 20.499207 -81.875000 
-28.570324 20.188660 -83.125000


-15.527350 15.219908 -62.500000 
-15.527350 14.909361 -58.750000 
-13.353521 13.667173 -59.375000 
-15.527350 15.219908 -62.500000


-15.527350 15.219908 -62.500000 
-18.632820 16.151549 -61.250000 
-15.527350 14.909361 -58.750000 
-15.527350 15.219908 -62.500000


-23.912119 17.083190 -63.750000 
-23.291025 17.393737 -67.500000 
-25.464854 19.253914 -72.493750 
-23.912119 17.083190 -63.750000


-23.912119 17.083190 -63.750000 
-25.464854 19.253914 -72.493750 
-27.638683 17.083190 -65.625000 
-23.912119 17.083190 -63.750000


-8.695316 9.319515 -70.000000 
-6.828929 7.142581 -67.500000 
-6.518382 7.142581 -70.625000 
-8.695316 9.319515 -70.000000


-19.875008 17.704284 -68.750000 
-21.738290 18.946472 -72.500000 
-23.291025 17.393737 -67.500000 
-19.875008 17.704284 -68.750000


-12.732427 12.735532 -82.500000 
-15.216803 13.977720 -81.250000 
-13.664068 14.288267 -77.500000 
-12.732427 12.735532 -82.500000


-26.707042 19.567566 -73.750000 
-25.154307 19.878113 -75.625000 
-28.259777 19.878113 -76.250000 
-26.707042 19.567566 -73.750000


-26.707042 19.567566 -73.750000 
-28.259777 19.878113 -76.250000 
-29.191418 18.943367 -74.368750 
-26.707042 19.567566 -73.750000


-23.912119 19.567566 -90.000000 
-23.912119 18.946472 -85.000000 
-21.738290 17.393737 -88.125000 
-23.912119 19.567566 -90.000000


-25.775401 19.567566 -88.750000 
-23.912119 18.946472 -85.000000 
-23.912119 19.567566 -90.000000 
-25.775401 19.567566 -88.750000


-13.042974 12.735532 -65.625000 
-13.353521 13.667173 -59.375000 
-9.937504 10.561703 -61.250000 
-13.042974 12.735532 -65.625000


-18.632820 1.242188 -78.756250 
-21.427743 1.239083 -80.000000 
-18.011726 2.484376 -81.881250 
-18.632820 1.242188 -78.756250


-31.054700 0.000000 -81.881250 
-27.017589 1.239083 -81.875000 
-29.188313 -0.621094 -80.625000 
-31.054700 0.000000 -81.881250


-31.054700 0.000000 -81.881250 
-29.501965 2.484376 -83.756250 
-27.017589 1.239083 -81.875000 
-31.054700 0.000000 -81.881250


-23.601572 16.462096 -59.375000 
-21.117196 15.841002 -58.125000 
-22.048837 16.462096 -61.250000 
-23.601572 16.462096 -59.375000


-21.117196 16.462096 -82.500000 
-23.912119 18.946472 -85.000000 
-24.222666 19.567566 -79.375000 
-21.117196 16.462096 -82.500000


-29.191418 18.943367 -74.368750 
-28.259777 19.878113 -76.250000 
-31.675794 19.253914 -76.868750 
-29.191418 18.943367 -74.368750


-21.738290 18.946472 -72.500000 
-19.253914 17.083190 -73.125000 
-24.222666 19.567566 -79.375000 
-21.738290 18.946472 -72.500000


-29.501965 2.484376 -83.756250 
-26.396495 5.900393 -85.631250 
-22.980478 3.726564 -83.756250 
-29.501965 2.484376 -83.756250


-29.188313 -0.621094 -80.625000 
-26.393390 -0.621094 -79.375000 
-28.567219 -2.484376 -78.125000 
-29.188313 -0.621094 -80.625000


-21.738290 17.393737 -88.125000 
-14.906256 13.667173 -86.875000 
-12.732427 13.046079 -90.625000 
-21.738290 17.393737 -88.125000


-18.632820 16.151549 -61.250000 
-23.912119 17.083190 -63.750000 
-22.048837 16.462096 -61.250000 
-18.632820 16.151549 -61.250000


-12.111333 12.735532 -73.125000 
-14.285162 14.909361 -73.125000 
-13.974615 14.595709 -69.368750 
-12.111333 12.735532 -73.125000


-22.980478 1.549630 -81.250000 
-27.017589 1.239083 -81.875000 
-25.464854 2.173829 -82.506250 
-22.980478 1.549630 -81.250000


-22.980478 1.549630 -81.250000 
-26.393390 -0.621094 -79.375000 
-27.017589 1.239083 -81.875000 
-22.980478 1.549630 -81.250000


-25.464854 19.253914 -72.493750 
-25.154307 19.878113 -75.625000 
-26.707042 19.567566 -73.750000 
-25.464854 19.253914 -72.493750


-8.384769 9.319515 -78.750000 
-6.828929 8.695316 -84.375000 
-9.316410 10.248051 -83.118750 
-8.384769 9.319515 -78.750000


-26.396495 5.900393 -85.631250 
-29.191418 5.900393 -86.256250 
-25.154307 7.142581 -86.881250 
-26.396495 5.900393 -85.631250


-6.210940 1.242188 -66.868750 
-5.589846 -0.003105 -70.625000 
-4.965647 1.242188 -69.375000 
-6.210940 1.242188 -66.868750


-6.832034 -0.310547 -69.381250 
-5.589846 -0.003105 -70.625000 
-6.210940 1.242188 -66.868750 
-6.832034 -0.310547 -69.381250


-27.017589 1.239083 -81.875000 
-29.501965 2.484376 -83.756250 
-25.464854 2.173829 -82.506250 
-27.017589 1.239083 -81.875000


-21.427743 1.239083 -80.000000 
-18.632820 1.242188 -78.756250 
-22.980478 -0.313652 -78.125000 
-21.427743 1.239083 -80.000000


-7.139476 9.005863 -89.375000 
-9.316410 7.453128 -86.881250 
-9.005863 9.937504 -91.256250 
-7.139476 9.005863 -89.375000


-9.626957 2.170724 -80.000000 
-10.869145 0.928536 -75.625000 
-14.595709 0.621094 -75.631250 
-9.626957 2.170724 -80.000000


-21.738290 5.900393 -85.631250 
-25.154307 7.142581 -86.881250 
-21.427743 8.384769 -88.756250 
-21.738290 5.900393 -85.631250


-21.738290 5.900393 -85.631250 
-21.427743 8.384769 -88.756250 
-20.806649 6.521487 -86.256250 
-21.738290 5.900393 -85.631250


-26.393390 -0.621094 -79.375000 
-22.980478 1.549630 -81.250000 
-22.980478 -0.313652 -78.125000 
-26.393390 -0.621094 -79.375000


-28.259777 19.878113 -76.250000 
-25.154307 19.878113 -75.625000 
-25.775401 19.878113 -80.625000 
-28.259777 19.878113 -76.250000


-24.222666 19.567566 -79.375000 
-25.775401 19.878113 -80.625000 
-25.154307 19.878113 -75.625000 
-24.222666 19.567566 -79.375000


-28.570324 20.188660 -83.125000 
-25.775401 19.567566 -88.750000 
-28.570324 20.499207 -91.250000 
-28.570324 20.188660 -83.125000


-23.912119 19.567566 -90.000000 
-12.732427 13.046079 -90.625000 
-13.664068 13.356626 -93.750000 
-23.912119 19.567566 -90.000000


-21.738290 17.393737 -88.125000 
-12.732427 13.046079 -90.625000 
-23.912119 19.567566 -90.000000 
-21.738290 17.393737 -88.125000


-25.464854 15.837897 -93.756250 
-26.707042 13.974615 -93.131250 
-28.570324 17.390632 -93.756250 
-25.464854 15.837897 -93.756250


-25.775401 19.878113 -80.625000 
-24.222666 19.567566 -79.375000 
-23.912119 18.946472 -85.000000 
-25.775401 19.878113 -80.625000


-20.496102 15.837897 -93.756250 
-22.980478 13.974615 -93.756250 
-22.980478 18.011726 -93.756250 
-20.496102 15.837897 -93.756250


-22.980478 18.011726 -93.756250 
-25.464854 15.837897 -93.756250 
-27.017589 19.564461 -93.756250 
-22.980478 18.011726 -93.756250


-23.912119 19.567566 -90.000000 
-22.980478 18.011726 -93.756250 
-27.017589 19.564461 -93.756250 
-23.912119 19.567566 -90.000000


-31.365247 14.906256 -93.131250 
-28.570324 17.390632 -93.756250 
-26.707042 13.974615 -93.131250 
-31.365247 14.906256 -93.131250


-28.570324 20.499207 -91.250000 
-23.912119 19.567566 -90.000000 
-27.017589 19.564461 -93.756250 
-28.570324 20.499207 -91.250000


-25.775401 19.567566 -88.750000 
-23.912119 19.567566 -90.000000 
-28.570324 20.499207 -91.250000 
-25.775401 19.567566 -88.750000


-22.980478 13.974615 -93.756250 
-25.464854 15.837897 -93.756250 
-22.980478 18.011726 -93.756250 
-22.980478 13.974615 -93.756250


-25.464854 15.837897 -93.756250 
-28.570324 17.390632 -93.756250 
-27.017589 19.564461 -93.756250 
-25.464854 15.837897 -93.756250


-25.464854 13.353521 -93.131250 
-22.980478 13.974615 -93.756250 
-22.669931 12.421880 -93.131250 
-25.464854 13.353521 -93.131250


-24.533213 12.421880 -92.506250 
-25.464854 13.353521 -93.131250 
-22.669931 12.421880 -93.131250 
-24.533213 12.421880 -92.506250


-35.091811 7.453128 -88.756250 
-30.744153 13.664068 -91.881250 
-25.464854 13.353521 -93.131250 
-35.091811 7.453128 -88.756250


-31.365247 14.906256 -93.131250 
-26.707042 13.974615 -93.131250 
-25.464854 13.353521 -93.131250 
-31.365247 14.906256 -93.131250


-30.744153 13.664068 -91.881250 
-31.365247 14.906256 -93.131250 
-25.464854 13.353521 -93.131250 
-30.744153 13.664068 -91.881250


-26.707042 13.974615 -93.131250 
-25.464854 15.837897 -93.756250 
-25.464854 13.353521 -93.131250 
-26.707042 13.974615 -93.131250


-24.533213 12.421880 -92.506250 
-22.669931 12.421880 -93.131250 
-25.154307 8.695316 -88.756250 
-24.533213 12.421880 -92.506250


-21.427743 1.239083 -80.000000 
-22.980478 1.549630 -81.250000 
-21.427743 2.484376 -82.506250 
-21.427743 1.239083 -80.000000


-6.518382 6.832034 -86.250000 
-5.897288 4.347658 -82.500000 
-6.521487 4.968752 -84.381250 
-6.518382 6.832034 -86.250000


-11.800786 12.111333 -93.756250 
-16.148444 11.797681 -93.750000 
-13.664068 13.356626 -93.750000 
-11.800786 12.111333 -93.756250


-11.800786 12.111333 -93.756250 
-12.732427 10.869145 -91.881250 
-16.148444 11.797681 -93.750000 
-11.800786 12.111333 -93.756250


-22.669931 12.421880 -93.131250 
-22.980478 13.974615 -93.756250 
-19.875008 12.111333 -93.756250 
-22.669931 12.421880 -93.131250


-22.980478 13.974615 -93.756250 
-20.496102 15.837897 -93.756250 
-19.875008 12.111333 -93.756250 
-22.980478 13.974615 -93.756250


-20.496102 3.105470 -83.131250 
-22.980478 3.726564 -83.756250 
-21.738290 5.900393 -85.631250 
-20.496102 3.105470 -83.131250


-12.732427 -5.279299 -53.743750 
-10.869145 2.170724 -50.000000 
-12.729322 -0.621094 -49.375000 
-12.732427 -5.279299 -53.743750


-12.732427 -5.279299 -53.743750 
-10.866040 0.621094 -53.750000 
-10.869145 2.170724 -50.000000 
-12.732427 -5.279299 -53.743750


-27.949230 -5.900393 -70.631250 
-25.775401 -6.210940 -68.756250 
-28.570324 -7.142581 -69.381250 
-27.949230 -5.900393 -70.631250


-23.291025 -1.863282 -76.243750 
-22.669931 -5.279299 -67.506250 
-25.775401 -6.210940 -68.756250 
-23.291025 -1.863282 -76.243750


-20.496102 -5.282404 -65.625000 
-20.496102 -3.726564 -67.506250 
-18.940262 -3.726564 -66.250000 
-20.496102 -5.282404 -65.625000


-20.496102 -5.282404 -65.625000 
-20.806649 -11.490239 -61.881250 
-22.669931 -7.142581 -65.631250 
-20.496102 -5.282404 -65.625000


-6.207835 4.968752 -68.125000 
-5.276194 4.347658 -63.750000 
-4.965647 1.242188 -69.375000 
-6.207835 4.968752 -68.125000


-6.210940 1.242188 -66.868750 
-4.965647 1.242188 -69.375000 
-5.276194 4.347658 -63.750000 
-6.210940 1.242188 -66.868750


-28.259777 -12.421880 -65.006250 
-25.464854 -9.316410 -65.631250 
-26.707042 -11.800786 -64.381250 
-28.259777 -12.421880 -65.006250


-26.393390 -0.621094 -79.375000 
-22.980478 -0.313652 -78.125000 
-23.291025 -1.863282 -76.243750 
-26.393390 -0.621094 -79.375000


-26.707042 -3.108575 -76.250000 
-25.775401 -6.210940 -68.756250 
-27.949230 -5.900393 -70.631250 
-26.707042 -3.108575 -76.250000


-19.875008 -0.624199 -75.625000 
-22.669931 -5.279299 -67.506250 
-23.291025 -1.863282 -76.243750 
-19.875008 -0.624199 -75.625000


-29.501965 -4.347658 -76.243750 
-28.567219 -2.484376 -78.125000 
-26.707042 -3.108575 -76.250000 
-29.501965 -4.347658 -76.243750


-28.567219 -2.484376 -78.125000 
-26.393390 -0.621094 -79.375000 
-26.707042 -3.108575 -76.250000 
-28.567219 -2.484376 -78.125000


-23.291025 -1.863282 -76.243750 
-26.707042 -3.108575 -76.250000 
-26.393390 -0.621094 -79.375000 
-23.291025 -1.863282 -76.243750


-23.291025 -1.863282 -76.243750 
-25.775401 -6.210940 -68.756250 
-26.707042 -3.108575 -76.250000 
-23.291025 -1.863282 -76.243750


-28.259777 -12.421880 -65.006250 
-28.570324 -7.142581 -69.381250 
-25.464854 -9.316410 -65.631250 
-28.259777 -12.421880 -65.006250


-20.806649 -11.490239 -61.881250 
-26.707042 -11.800786 -64.381250 
-25.464854 -9.316410 -65.631250 
-20.806649 -11.490239 -61.881250


-20.496102 -3.726564 -67.506250 
-22.669931 -7.142581 -65.631250 
-22.669931 -5.279299 -67.506250 
-20.496102 -3.726564 -67.506250


-20.496102 -3.726564 -67.506250 
-20.496102 -5.282404 -65.625000 
-22.669931 -7.142581 -65.631250 
-20.496102 -3.726564 -67.506250


-13.974615 14.595709 -69.368750 
-16.458991 16.772643 -70.000000 
-15.527350 15.219908 -62.500000 
-13.974615 14.595709 -69.368750


-17.387527 16.458991 -66.250000 
-15.527350 15.219908 -62.500000 
-16.458991 16.772643 -70.000000 
-17.387527 16.458991 -66.250000


-26.707042 -11.800786 -64.381250 
-20.806649 -11.490239 -61.881250 
-22.669931 -13.356626 -61.250000 
-26.707042 -11.800786 -64.381250


-25.464854 -9.316410 -65.631250 
-22.669931 -7.142581 -65.631250 
-20.806649 -11.490239 -61.881250 
-25.464854 -9.316410 -65.631250


-27.638683 -17.701179 -61.256250 
-28.259777 -13.974615 -63.756250 
-24.222666 -15.216803 -60.631250 
-27.638683 -17.701179 -61.256250


-20.806649 -11.490239 -61.881250 
-20.496102 -5.282404 -65.625000 
-19.564461 -11.490239 -61.256250 
-20.806649 -11.490239 -61.881250


-22.669931 -13.356626 -61.250000 
-20.806649 -11.490239 -61.881250 
-22.048837 -14.906256 -60.006250 
-22.669931 -13.356626 -61.250000


-19.564461 -13.042974 -60.006250 
-22.048837 -14.906256 -60.006250 
-20.806649 -11.490239 -61.881250 
-19.564461 -13.042974 -60.006250


-25.775401 -22.359384 -57.506250 
-29.191418 -18.322273 -61.881250 
-26.396495 -18.322273 -60.006250 
-25.775401 -22.359384 -57.506250


-27.949230 -20.496102 -59.381250 
-29.191418 -18.322273 -61.881250 
-25.775401 -22.359384 -57.506250 
-27.949230 -20.496102 -59.381250


-21.427743 -16.148444 -58.756250 
-22.048837 -14.906256 -60.006250 
-19.564461 -13.042974 -60.006250 
-21.427743 -16.148444 -58.756250


-13.353521 8.074222 -88.131250 
-9.316410 7.453128 -86.881250 
-12.421880 5.589846 -85.006250 
-13.353521 8.074222 -88.131250


-13.353521 8.074222 -88.131250 
-12.421880 5.589846 -85.006250 
-13.974615 6.521487 -86.256250 
-13.353521 8.074222 -88.131250


-19.564461 -11.490239 -61.256250 
-19.564461 -13.042974 -60.006250 
-20.806649 -11.490239 -61.881250 
-19.564461 -11.490239 -61.256250


-22.669931 -18.011726 -58.131250 
-24.843760 -16.769538 -60.006250 
-22.048837 -14.906256 -60.006250 
-22.669931 -18.011726 -58.131250


-21.427743 -16.148444 -58.756250 
-22.669931 -18.011726 -58.131250 
-22.048837 -14.906256 -60.006250 
-21.427743 -16.148444 -58.756250


-19.564461 -13.042974 -60.006250 
-17.390632 -15.216803 -57.506250 
-21.427743 -16.148444 -58.756250 
-19.564461 -13.042974 -60.006250


-12.418775 -4.347658 -57.500000 
-14.595709 -15.841002 -53.125000 
-15.837897 -13.042974 -55.006250 
-12.418775 -4.347658 -57.500000


-13.660963 -7.453128 -51.875000 
-13.660963 -8.074222 -53.125000 
-12.732427 -5.279299 -53.743750 
-13.660963 -7.453128 -51.875000


-17.698074 -12.732427 -58.750000 
-17.390632 -15.216803 -57.506250 
-18.011726 -12.111333 -59.381250 
-17.698074 -12.732427 -58.750000


-17.390632 -15.216803 -57.506250 
-19.564461 -11.490239 -61.256250 
-18.011726 -12.111333 -59.381250 
-17.390632 -15.216803 -57.506250


-17.390632 -15.216803 -57.506250 
-19.564461 -13.042974 -60.006250 
-19.564461 -11.490239 -61.256250 
-17.390632 -15.216803 -57.506250


-9.005863 4.968752 -45.618750 
-10.244946 3.416017 -46.875000 
-6.828929 6.521487 -50.000000 
-9.005863 4.968752 -45.618750


-15.216803 13.977720 -81.250000 
-16.769538 14.598814 -79.375000 
-13.664068 14.288267 -77.500000 
-15.216803 13.977720 -81.250000


-8.074222 1.242188 -63.743750 
-5.276194 4.347658 -63.750000 
-10.866040 0.621094 -53.750000 
-8.074222 1.242188 -63.743750


-29.501965 14.288267 -51.875000 
-29.812512 13.977720 -49.375000 
-27.328136 14.909361 -46.875000 
-29.501965 14.288267 -51.875000


-12.421880 12.114438 -47.500000 
-12.421880 13.046079 -54.375000 
-14.595709 13.356626 -49.375000 
-12.421880 12.114438 -47.500000


-5.589846 -0.003105 -75.000000 
-5.897288 1.552735 -74.375000 
-4.965647 1.242188 -69.375000 
-5.589846 -0.003105 -75.000000


-5.589846 -0.003105 -70.625000 
-5.589846 -0.003105 -75.000000 
-4.965647 1.242188 -69.375000 
-5.589846 -0.003105 -70.625000


-10.558598 -56.830101 -33.118750 
-13.042974 -52.482443 -32.493750 
-12.111333 -57.140648 -33.118750 
-10.558598 -56.830101 -33.118750


-29.501965 14.288267 -51.875000 
-27.949230 15.530455 -56.875000 
-31.986341 13.356626 -53.125000 
-29.501965 14.288267 -51.875000


-5.276194 4.347658 -63.750000 
-6.207835 6.210940 -59.375000 
-10.866040 0.621094 -53.750000 
-5.276194 4.347658 -63.750000


-21.117196 15.841002 -58.125000 
-18.632820 16.151549 -61.250000 
-22.048837 16.462096 -61.250000 
-21.117196 15.841002 -58.125000


-17.390632 -12.732427 -58.131250 
-12.418775 -4.347658 -57.500000 
-15.837897 -13.042974 -55.006250 
-17.390632 -12.732427 -58.131250


-20.496102 3.105470 -83.131250 
-20.806649 6.521487 -86.256250 
-18.322273 7.450023 -87.500000 
-20.496102 3.105470 -83.131250


-9.005863 -1.245293 -67.500000 
-12.111333 -0.313652 -69.375000 
-8.074222 0.621094 -75.631250 
-9.005863 -1.245293 -67.500000


-12.111333 -0.313652 -69.375000 
-10.869145 0.928536 -75.625000 
-8.074222 0.621094 -75.631250 
-12.111333 -0.313652 -69.375000


-12.418775 -4.347658 -57.500000 
-9.005863 -1.245293 -67.500000 
-9.316410 -0.624199 -63.750000 
-12.418775 -4.347658 -57.500000


-5.897288 1.552735 -74.375000 
-6.207835 5.279299 -75.625000 
-4.965647 1.242188 -69.375000 
-5.897288 1.552735 -74.375000


-5.589846 -0.003105 -75.000000 
-5.589846 2.794923 -78.756250 
-5.897288 1.552735 -74.375000 
-5.589846 -0.003105 -75.000000


-19.564461 -11.490239 -61.256250 
-18.940262 -3.726564 -66.250000 
-12.111333 -0.313652 -69.375000 
-19.564461 -11.490239 -61.256250


-9.005863 -1.245293 -67.500000 
-19.564461 -11.490239 -61.256250 
-12.111333 -0.313652 -69.375000 
-9.005863 -1.245293 -67.500000


-14.906256 3.105470 -81.881250 
-18.011726 2.484376 -81.881250 
-16.458991 4.347658 -83.756250 
-14.906256 3.105470 -81.881250


-28.259777 -37.886734 -54.381250 
-27.949230 -41.302751 -53.756250 
-29.501965 -39.439469 -55.006250 
-28.259777 -37.886734 -54.381250


-14.595709 0.621094 -75.631250 
-10.869145 0.928536 -75.625000 
-12.111333 -0.313652 -69.375000 
-14.595709 0.621094 -75.631250


-23.291025 -1.863282 -76.243750 
-18.322273 0.000000 -76.256250 
-19.875008 -0.624199 -75.625000 
-23.291025 -1.863282 -76.243750


-18.632820 1.242188 -78.756250 
-18.322273 0.000000 -76.256250 
-23.291025 -1.863282 -76.243750 
-18.632820 1.242188 -78.756250


-18.632820 1.242188 -78.756250 
-23.291025 -1.863282 -76.243750 
-22.980478 -0.313652 -78.125000 
-18.632820 1.242188 -78.756250


-9.316410 -0.624199 -63.750000 
-6.210940 1.242188 -66.868750 
-8.074222 1.242188 -63.743750 
-9.316410 -0.624199 -63.750000


-12.111333 -0.313652 -69.375000 
-18.940262 -3.726564 -66.250000 
-14.595709 0.621094 -75.631250 
-12.111333 -0.313652 -69.375000


-18.940262 -3.726564 -66.250000 
-20.496102 -3.726564 -67.506250 
-14.595709 0.621094 -75.631250 
-18.940262 -3.726564 -66.250000


-5.897288 6.210940 -80.625000 
-6.518382 6.832034 -86.250000 
-6.828929 8.695316 -84.375000 
-5.897288 6.210940 -80.625000


-5.897288 4.347658 -82.500000 
-6.518382 6.832034 -86.250000 
-5.897288 6.210940 -80.625000 
-5.897288 4.347658 -82.500000


-9.316410 7.453128 -86.881250 
-9.316410 5.279299 -84.381250 
-12.421880 5.589846 -85.006250 
-9.316410 7.453128 -86.881250


-19.875008 -0.624199 -75.625000 
-18.322273 0.000000 -76.256250 
-14.595709 0.621094 -75.631250 
-19.875008 -0.624199 -75.625000


-20.496102 -3.726564 -67.506250 
-19.875008 -0.624199 -75.625000 
-14.595709 0.621094 -75.631250 
-20.496102 -3.726564 -67.506250


-16.148444 8.384769 -89.381250 
-13.353521 8.074222 -88.131250 
-13.974615 6.521487 -86.256250 
-16.148444 8.384769 -89.381250


-18.322273 17.083190 -67.500000 
-18.632820 16.151549 -61.250000 
-17.387527 16.458991 -66.250000 
-18.322273 17.083190 -67.500000


-6.832034 -0.310547 -69.381250 
-9.005863 -1.245293 -67.500000 
-5.589846 -0.003105 -75.000000 
-6.832034 -0.310547 -69.381250


-8.074222 0.621094 -75.631250 
-5.589846 -0.003105 -75.000000 
-9.005863 -1.245293 -67.500000 
-8.074222 0.621094 -75.631250


-5.589846 -0.003105 -70.625000 
-6.832034 -0.310547 -69.381250 
-5.589846 -0.003105 -75.000000 
-5.589846 -0.003105 -70.625000


-12.418775 -4.347658 -57.500000 
-13.660963 -8.074222 -53.125000 
-14.595709 -15.841002 -53.125000 
-12.418775 -4.347658 -57.500000


-6.521487 2.173829 -80.006250 
-8.074222 4.037111 -83.131250 
-6.521487 4.968752 -84.381250 
-6.521487 2.173829 -80.006250


-6.521487 2.173829 -80.006250 
-6.521487 4.968752 -84.381250 
-5.897288 4.347658 -82.500000 
-6.521487 2.173829 -80.006250


-18.322273 0.000000 -76.256250 
-18.632820 1.242188 -78.756250 
-9.626957 2.170724 -80.000000 
-18.322273 0.000000 -76.256250


-14.595709 0.621094 -75.631250 
-18.322273 0.000000 -76.256250 
-9.626957 2.170724 -80.000000 
-14.595709 0.621094 -75.631250


-8.074222 0.621094 -75.631250 
-10.869145 0.928536 -75.625000 
-9.626957 2.170724 -80.000000 
-8.074222 0.621094 -75.631250


-4.965647 1.242188 -69.375000 
-6.518382 7.142581 -70.625000 
-6.207835 4.968752 -68.125000 
-4.965647 1.242188 -69.375000


-9.005863 9.937504 -91.256250 
-16.148444 8.384769 -89.381250 
-12.732427 10.869145 -91.881250 
-9.005863 9.937504 -91.256250


-9.005863 9.937504 -91.256250 
-13.353521 8.074222 -88.131250 
-16.148444 8.384769 -89.381250 
-9.005863 9.937504 -91.256250


-5.589846 -60.559770 -41.250000 
-7.453128 -61.177759 -38.118750 
-9.626957 -61.801958 -41.875000 
-5.589846 -60.559770 -41.250000


-9.316410 -0.624199 -63.750000 
-8.074222 1.242188 -63.743750 
-12.418775 -4.347658 -57.500000 
-9.316410 -0.624199 -63.750000


-5.276194 4.347658 -63.750000 
-6.828929 7.142581 -67.500000 
-7.142581 7.766780 -64.375000 
-5.276194 4.347658 -63.750000


-5.897288 6.210940 -80.625000 
-6.828929 8.695316 -84.375000 
-6.518382 7.453128 -76.875000 
-5.897288 6.210940 -80.625000


-8.384769 9.319515 -78.750000 
-6.518382 7.453128 -76.875000 
-6.828929 8.695316 -84.375000 
-8.384769 9.319515 -78.750000


-5.897288 6.210940 -80.625000 
-6.518382 7.453128 -76.875000 
-6.207835 5.279299 -75.625000 
-5.897288 6.210940 -80.625000


-5.589846 2.794923 -78.756250 
-5.897288 6.210940 -80.625000 
-6.207835 5.279299 -75.625000 
-5.589846 2.794923 -78.756250


-8.074222 1.242188 -63.743750 
-6.210940 1.242188 -66.868750 
-5.276194 4.347658 -63.750000 
-8.074222 1.242188 -63.743750


-6.207835 -29.191418 -28.125000 
-4.658205 -31.675794 -28.743750 
-7.763675 -26.396495 -31.256250 
-6.207835 -29.191418 -28.125000


-6.521487 2.173829 -80.006250 
-9.626957 2.170724 -80.000000 
-8.074222 4.037111 -83.131250 
-6.521487 2.173829 -80.006250


-21.738290 18.946472 -72.500000 
-16.458991 16.772643 -70.000000 
-19.253914 17.083190 -73.125000 
-21.738290 18.946472 -72.500000


-21.738290 18.946472 -72.500000 
-19.875008 17.704284 -68.750000 
-16.458991 16.772643 -70.000000 
-21.738290 18.946472 -72.500000


-5.897288 4.347658 -82.500000 
-5.897288 6.210940 -80.625000 
-5.589846 2.794923 -78.756250 
-5.897288 4.347658 -82.500000


-5.897288 4.347658 -82.500000 
-5.589846 2.794923 -78.756250 
-6.521487 2.173829 -80.006250 
-5.897288 4.347658 -82.500000


-6.207835 6.210940 -59.375000 
-5.276194 4.347658 -63.750000 
-7.142581 7.766780 -64.375000 
-6.207835 6.210940 -59.375000


-11.176587 11.800786 -71.250000 
-8.695316 9.319515 -70.000000 
-10.244946 10.558598 -75.000000 
-11.176587 11.800786 -71.250000


-6.521487 4.968752 -84.381250 
-8.074222 4.037111 -83.131250 
-9.316410 5.279299 -84.381250 
-6.521487 4.968752 -84.381250


-16.458991 4.347658 -83.756250 
-13.974615 6.521487 -86.256250 
-12.421880 5.589846 -85.006250 
-16.458991 4.347658 -83.756250


-11.800786 12.111333 -93.756250 
-9.005863 9.937504 -91.256250 
-12.732427 10.869145 -91.881250 
-11.800786 12.111333 -93.756250


-12.732427 13.046079 -90.625000 
-9.005863 9.937504 -91.256250 
-11.800786 12.111333 -93.756250 
-12.732427 13.046079 -90.625000


-8.074222 4.037111 -83.131250 
-10.869145 3.723459 -82.500000 
-12.421880 5.589846 -85.006250 
-8.074222 4.037111 -83.131250


-9.316410 5.279299 -84.381250 
-8.074222 4.037111 -83.131250 
-12.421880 5.589846 -85.006250 
-9.316410 5.279299 -84.381250


-15.216803 13.977720 -81.250000 
-12.732427 12.735532 -82.500000 
-14.906256 13.667173 -86.875000 
-15.216803 13.977720 -81.250000


-9.316410 7.453128 -86.881250 
-13.353521 8.074222 -88.131250 
-9.005863 9.937504 -91.256250 
-9.316410 7.453128 -86.881250


-21.427743 8.384769 -88.756250 
-18.322273 7.450023 -87.500000 
-20.806649 6.521487 -86.256250 
-21.427743 8.384769 -88.756250


-16.458991 4.347658 -83.756250 
-20.496102 3.105470 -83.131250 
-16.148444 8.384769 -89.381250 
-16.458991 4.347658 -83.756250


-18.322273 7.450023 -87.500000 
-16.148444 8.384769 -89.381250 
-20.496102 3.105470 -83.131250 
-18.322273 7.450023 -87.500000


-13.974615 6.521487 -86.256250 
-16.458991 4.347658 -83.756250 
-16.148444 8.384769 -89.381250 
-13.974615 6.521487 -86.256250


-21.427743 8.384769 -88.756250 
-19.875008 12.111333 -93.756250 
-16.148444 8.384769 -89.381250 
-21.427743 8.384769 -88.756250


-18.322273 7.450023 -87.500000 
-21.427743 8.384769 -88.756250 
-16.148444 8.384769 -89.381250 
-18.322273 7.450023 -87.500000


-6.828929 8.695316 -84.375000 
-7.139476 9.005863 -89.375000 
-8.695316 9.940609 -85.000000 
-6.828929 8.695316 -84.375000


-6.518382 6.832034 -86.250000 
-7.139476 9.005863 -89.375000 
-6.828929 8.695316 -84.375000 
-6.518382 6.832034 -86.250000


-20.496102 15.837897 -93.756250 
-22.980478 18.011726 -93.756250 
-13.664068 13.356626 -93.750000 
-20.496102 15.837897 -93.756250


-23.912119 19.567566 -90.000000 
-13.664068 13.356626 -93.750000 
-22.980478 18.011726 -93.756250 
-23.912119 19.567566 -90.000000


-14.906256 13.667173 -86.875000 
-12.732427 12.735532 -82.500000 
-11.179692 12.114438 -83.750000 
-14.906256 13.667173 -86.875000


-13.664068 14.288267 -77.500000 
-16.458991 15.219908 -75.000000 
-14.285162 14.909361 -73.125000 
-13.664068 14.288267 -77.500000


-13.664068 14.288267 -77.500000 
-14.285162 14.909361 -73.125000 
-12.111333 12.735532 -73.125000 
-13.664068 14.288267 -77.500000


-7.139476 9.005863 -89.375000 
-6.518382 6.832034 -86.250000 
-9.316410 7.453128 -86.881250 
-7.139476 9.005863 -89.375000


-16.769538 14.598814 -79.375000 
-24.222666 19.567566 -79.375000 
-13.664068 14.288267 -77.500000 
-16.769538 14.598814 -79.375000


-10.244946 10.558598 -75.000000 
-13.664068 14.288267 -77.500000 
-12.111333 12.735532 -73.125000 
-10.244946 10.558598 -75.000000


-19.253914 17.083190 -73.125000 
-16.458991 15.219908 -75.000000 
-13.664068 14.288267 -77.500000 
-19.253914 17.083190 -73.125000


-19.253914 17.083190 -73.125000 
-13.664068 14.288267 -77.500000 
-24.222666 19.567566 -79.375000 
-19.253914 17.083190 -73.125000


-12.732427 13.046079 -90.625000 
-11.800786 12.111333 -93.756250 
-13.664068 13.356626 -93.750000 
-12.732427 13.046079 -90.625000


-13.664068 13.356626 -93.750000 
-15.837897 13.353521 -93.756250 
-20.496102 15.837897 -93.756250 
-13.664068 13.356626 -93.750000


-19.875008 12.111333 -93.756250 
-20.496102 15.837897 -93.756250 
-15.837897 13.353521 -93.756250 
-19.875008 12.111333 -93.756250


-11.179692 12.114438 -83.750000 
-8.384769 9.319515 -78.750000 
-9.316410 10.248051 -83.118750 
-11.179692 12.114438 -83.750000


-13.664068 13.356626 -93.750000 
-16.148444 11.797681 -93.750000 
-15.837897 13.353521 -93.756250 
-13.664068 13.356626 -93.750000


-14.285162 14.909361 -73.125000 
-16.458991 16.772643 -70.000000 
-13.974615 14.595709 -69.368750 
-14.285162 14.909361 -73.125000


-19.875008 12.111333 -93.756250 
-15.837897 13.353521 -93.756250 
-16.148444 11.797681 -93.750000 
-19.875008 12.111333 -93.756250


-12.732427 10.869145 -91.881250 
-16.148444 8.384769 -89.381250 
-16.148444 11.797681 -93.750000 
-12.732427 10.869145 -91.881250


-19.875008 12.111333 -93.756250 
-16.148444 11.797681 -93.750000 
-16.148444 8.384769 -89.381250 
-19.875008 12.111333 -93.756250


-11.176587 11.800786 -71.250000 
-12.111333 12.424985 -68.125000 
-8.695316 9.319515 -70.000000 
-11.176587 11.800786 -71.250000


-9.005863 10.251156 -56.250000 
-9.626957 10.561703 -53.125000 
-7.760570 8.384769 -50.625000 
-9.005863 10.251156 -56.250000


-6.832034 6.835139 -53.750000 
-9.005863 10.251156 -56.250000 
-7.760570 8.384769 -50.625000 
-6.832034 6.835139 -53.750000


-5.276194 4.347658 -63.750000 
-6.207835 4.968752 -68.125000 
-6.518382 7.142581 -70.625000 
-5.276194 4.347658 -63.750000


-6.828929 7.142581 -67.500000 
-5.276194 4.347658 -63.750000 
-6.518382 7.142581 -70.625000 
-6.828929 7.142581 -67.500000


-19.875008 17.704284 -68.750000 
-18.632820 16.151549 -61.250000 
-18.322273 17.083190 -67.500000 
-19.875008 17.704284 -68.750000


-19.875008 17.704284 -68.750000 
-23.912119 17.083190 -63.750000 
-18.632820 16.151549 -61.250000 
-19.875008 17.704284 -68.750000


-15.216803 13.977720 -81.250000 
-14.906256 13.667173 -86.875000 
-21.738290 17.393737 -88.125000 
-15.216803 13.977720 -81.250000


-15.216803 13.977720 -81.250000 
-21.738290 17.393737 -88.125000 
-21.117196 16.462096 -82.500000 
-15.216803 13.977720 -81.250000


-11.179692 12.114438 -83.750000 
-6.828929 8.695316 -84.375000 
-8.695316 9.940609 -85.000000 
-11.179692 12.114438 -83.750000


-11.179692 12.114438 -83.750000 
-9.316410 10.248051 -83.118750 
-6.828929 8.695316 -84.375000 
-11.179692 12.114438 -83.750000


-12.421880 5.589846 -85.006250 
-10.869145 3.723459 -82.500000 
-14.906256 3.105470 -81.881250 
-12.421880 5.589846 -85.006250


-7.139476 9.005863 -89.375000 
-11.179692 12.114438 -83.750000 
-8.695316 9.940609 -85.000000 
-7.139476 9.005863 -89.375000


-7.139476 9.005863 -89.375000 
-12.732427 13.046079 -90.625000 
-11.179692 12.114438 -83.750000 
-7.139476 9.005863 -89.375000


-9.005863 9.937504 -91.256250 
-12.732427 13.046079 -90.625000 
-7.139476 9.005863 -89.375000 
-9.005863 9.937504 -91.256250


-23.912119 17.083190 -63.750000 
-19.875008 17.704284 -68.750000 
-23.291025 17.393737 -67.500000 
-23.912119 17.083190 -63.750000


-19.253914 17.083190 -73.125000 
-14.285162 14.909361 -73.125000 
-16.458991 15.219908 -75.000000 
-19.253914 17.083190 -73.125000


-19.253914 17.083190 -73.125000 
-16.458991 16.772643 -70.000000 
-14.285162 14.909361 -73.125000 
-19.253914 17.083190 -73.125000


-8.384769 9.319515 -78.750000 
-11.179692 12.114438 -83.750000 
-13.664068 14.288267 -77.500000 
-8.384769 9.319515 -78.750000


-8.384769 9.319515 -78.750000 
-13.664068 14.288267 -77.500000 
-10.244946 10.558598 -75.000000 
-8.384769 9.319515 -78.750000


-5.897288 1.552735 -74.375000 
-5.589846 2.794923 -78.756250 
-6.207835 5.279299 -75.625000 
-5.897288 1.552735 -74.375000


-6.207835 5.279299 -75.625000 
-6.518382 7.453128 -76.875000 
-6.518382 7.142581 -70.625000 
-6.207835 5.279299 -75.625000


-8.695316 9.319515 -70.000000 
-6.518382 7.142581 -70.625000 
-6.518382 7.453128 -76.875000 
-8.695316 9.319515 -70.000000


-8.695316 9.319515 -70.000000 
-6.518382 7.453128 -76.875000 
-10.244946 10.558598 -75.000000 
-8.695316 9.319515 -70.000000


-11.176587 11.800786 -71.250000 
-12.111333 12.735532 -73.125000 
-13.974615 14.595709 -69.368750 
-11.176587 11.800786 -71.250000


-11.176587 11.800786 -71.250000 
-10.244946 10.558598 -75.000000 
-12.111333 12.735532 -73.125000 
-11.176587 11.800786 -71.250000


-15.216803 13.977720 -81.250000 
-21.117196 16.462096 -82.500000 
-16.769538 14.598814 -79.375000 
-15.216803 13.977720 -81.250000


-24.222666 19.567566 -79.375000 
-16.769538 14.598814 -79.375000 
-21.117196 16.462096 -82.500000 
-24.222666 19.567566 -79.375000


-11.490239 12.111333 -42.493750 
-12.421880 12.114438 -47.500000 
-13.664068 13.353521 -41.868750 
-11.490239 12.111333 -42.493750


-16.458991 16.772643 -70.000000 
-19.875008 17.704284 -68.750000 
-18.322273 17.083190 -67.500000 
-16.458991 16.772643 -70.000000


-13.353521 13.667173 -59.375000 
-13.042974 12.735532 -65.625000 
-15.527350 15.219908 -62.500000 
-13.353521 13.667173 -59.375000


-21.117196 14.595709 -39.993750 
-21.117196 10.561703 -40.000000 
-17.080085 13.042974 -40.618750 
-21.117196 14.595709 -39.993750


-12.418775 -4.347658 -57.500000 
-10.866040 0.621094 -53.750000 
-12.732427 -5.279299 -53.743750 
-12.418775 -4.347658 -57.500000


-9.626957 10.561703 -53.125000 
-8.381664 9.316410 -48.750000 
-7.760570 8.384769 -50.625000 
-9.626957 10.561703 -53.125000


-18.322273 17.083190 -67.500000 
-17.387527 16.458991 -66.250000 
-16.458991 16.772643 -70.000000 
-18.322273 17.083190 -67.500000


-18.632820 16.151549 -61.250000 
-15.527350 15.219908 -62.500000 
-17.387527 16.458991 -66.250000 
-18.632820 16.151549 -61.250000


-13.974615 14.595709 -69.368750 
-15.527350 15.219908 -62.500000 
-13.042974 12.735532 -65.625000 
-13.974615 14.595709 -69.368750


-12.111333 12.424985 -68.125000 
-13.974615 14.595709 -69.368750 
-13.042974 12.735532 -65.625000 
-12.111333 12.424985 -68.125000


-7.760570 8.384769 -57.500000 
-9.937504 10.561703 -61.250000 
-9.005863 10.251156 -56.250000 
-7.760570 8.384769 -57.500000


-9.005863 10.251156 -56.250000 
-13.353521 13.667173 -59.375000 
-12.421880 13.046079 -54.375000 
-9.005863 10.251156 -56.250000


-7.142581 7.766780 -64.375000 
-8.695316 9.319515 -70.000000 
-12.111333 12.424985 -68.125000 
-7.142581 7.766780 -64.375000


-7.142581 7.766780 -64.375000 
-7.760570 8.384769 -57.500000 
-6.207835 6.210940 -59.375000 
-7.142581 7.766780 -64.375000


-7.760570 8.384769 -57.500000 
-7.142581 7.766780 -64.375000 
-9.937504 10.561703 -61.250000 
-7.760570 8.384769 -57.500000


-9.937504 10.561703 -61.250000 
-13.353521 13.667173 -59.375000 
-9.005863 10.251156 -56.250000 
-9.937504 10.561703 -61.250000


-9.937504 10.561703 -61.250000 
-7.142581 7.766780 -64.375000 
-12.111333 12.424985 -68.125000 
-9.937504 10.561703 -61.250000


-9.937504 10.561703 -61.250000 
-12.111333 12.424985 -68.125000 
-13.042974 12.735532 -65.625000 
-9.937504 10.561703 -61.250000


-31.365247 12.735532 -43.750000 
-27.328136 14.909361 -46.875000 
-29.812512 13.977720 -49.375000 
-31.365247 12.735532 -43.750000


-31.365247 12.735532 -43.750000 
-28.570324 13.977720 -45.625000 
-27.328136 14.909361 -46.875000 
-31.365247 12.735532 -43.750000


-6.832034 6.835139 -53.750000 
-6.828929 6.521487 -50.000000 
-10.866040 0.621094 -53.750000 
-6.832034 6.835139 -53.750000


-6.207835 6.210940 -59.375000 
-7.760570 8.384769 -57.500000 
-6.832034 6.835139 -53.750000 
-6.207835 6.210940 -59.375000


-9.005863 10.251156 -56.250000 
-6.832034 6.835139 -53.750000 
-7.760570 8.384769 -57.500000 
-9.005863 10.251156 -56.250000


-7.450023 6.521487 -46.250000 
-9.005863 4.968752 -45.618750 
-6.828929 6.521487 -50.000000 
-7.450023 6.521487 -46.250000


-13.664068 13.353521 -41.868750 
-12.421880 12.114438 -47.500000 
-14.595709 13.356626 -49.375000 
-13.664068 13.353521 -41.868750


-26.707042 14.598814 -43.125000 
-29.812512 13.046079 -40.000000 
-27.949230 13.353521 -38.743750 
-26.707042 14.598814 -43.125000


-7.760570 8.384769 -50.625000 
-8.381664 9.316410 -48.750000 
-6.828929 6.521487 -50.000000 
-7.760570 8.384769 -50.625000


-9.626957 10.561703 -53.125000 
-12.421880 12.114438 -47.500000 
-9.626957 10.561703 -45.625000 
-9.626957 10.561703 -53.125000


-9.626957 10.561703 -53.125000 
-9.626957 10.561703 -45.625000 
-8.381664 9.316410 -48.750000 
-9.626957 10.561703 -53.125000


-12.421880 13.046079 -54.375000 
-15.527350 14.909361 -58.750000 
-17.080085 15.219908 -55.000000 
-12.421880 13.046079 -54.375000


-6.207835 6.210940 -59.375000 
-6.832034 6.835139 -53.750000 
-10.866040 0.621094 -53.750000 
-6.207835 6.210940 -59.375000


-8.074222 1.242188 -63.743750 
-10.866040 0.621094 -53.750000 
-12.418775 -4.347658 -57.500000 
-8.074222 1.242188 -63.743750


-6.828929 6.521487 -50.000000 
-10.244946 3.416017 -46.875000 
-10.869145 2.170724 -50.000000 
-6.828929 6.521487 -50.000000


-9.005863 10.251156 -56.250000 
-12.421880 13.046079 -54.375000 
-9.626957 10.561703 -53.125000 
-9.005863 10.251156 -56.250000


-6.828929 6.521487 -50.000000 
-10.869145 2.170724 -50.000000 
-10.866040 0.621094 -53.750000 
-6.828929 6.521487 -50.000000


-7.453128 -13.664068 -16.243750 
-8.074222 -13.356626 -20.000000 
-9.316410 -11.487134 -18.750000 
-7.453128 -13.664068 -16.243750


-8.384769 -25.154307 -37.506250 
-11.797681 -22.669931 -45.625000 
-12.418775 -20.496102 -45.625000 
-8.384769 -25.154307 -37.506250


-11.176587 -21.427743 -39.375000 
-8.384769 -25.154307 -37.506250 
-12.418775 -20.496102 -45.625000 
-11.176587 -21.427743 -39.375000


-17.080085 15.219908 -55.000000 
-22.359384 15.219908 -54.375000 
-19.253914 14.909361 -53.750000 
-17.080085 15.219908 -55.000000


-17.080085 15.219908 -55.000000 
-21.117196 15.841002 -58.125000 
-22.359384 15.219908 -54.375000 
-17.080085 15.219908 -55.000000


-10.869145 2.170724 -50.000000 
-10.244946 3.416017 -46.875000 
-12.729322 -0.621094 -49.375000 
-10.869145 2.170724 -50.000000


-14.595709 13.356626 -49.375000 
-12.421880 13.046079 -54.375000 
-17.080085 15.219908 -55.000000 
-14.595709 13.356626 -49.375000


-12.421880 12.114438 -47.500000 
-9.626957 10.561703 -53.125000 
-12.421880 13.046079 -54.375000 
-12.421880 12.114438 -47.500000


-15.527350 14.909361 -58.750000 
-18.632820 16.151549 -61.250000 
-17.080085 15.219908 -55.000000 
-15.527350 14.909361 -58.750000


-21.117196 15.841002 -58.125000 
-17.080085 15.219908 -55.000000 
-18.632820 16.151549 -61.250000 
-21.117196 15.841002 -58.125000


-26.707042 14.598814 -43.125000 
-31.365247 12.735532 -43.750000 
-29.812512 13.046079 -40.000000 
-26.707042 14.598814 -43.125000


-21.117196 15.841002 -58.125000 
-23.601572 16.462096 -59.375000 
-22.359384 15.219908 -54.375000 
-21.117196 15.841002 -58.125000


-23.601572 16.462096 -59.375000 
-25.464854 16.462096 -59.375000 
-22.359384 15.219908 -54.375000 
-23.601572 16.462096 -59.375000


-23.291025 14.909361 -51.875000 
-27.949230 15.530455 -56.875000 
-27.328136 14.909361 -46.875000 
-23.291025 14.909361 -51.875000


-12.111333 -9.934399 -28.750000 
-13.353521 1.242188 -40.618750 
-15.216803 0.310547 -39.993750 
-12.111333 -9.934399 -28.750000


-17.080085 15.219908 -55.000000 
-19.253914 14.909361 -53.750000 
-17.080085 14.288267 -50.625000 
-17.080085 15.219908 -55.000000


-11.797681 -22.669931 -45.625000 
-12.418775 -26.396495 -46.250000 
-12.418775 -24.843760 -46.875000 
-11.797681 -22.669931 -45.625000


-18.632820 -39.128922 -46.256250 
-20.806649 -43.166033 -47.506250 
-21.117196 -39.439469 -48.131250 
-18.632820 -39.128922 -46.256250


-27.328136 14.909361 -46.875000 
-26.707042 14.598814 -43.125000 
-23.912119 15.530455 -44.375000 
-27.328136 14.909361 -46.875000


-27.328136 14.909361 -46.875000 
-28.570324 13.977720 -45.625000 
-26.707042 14.598814 -43.125000 
-27.328136 14.909361 -46.875000


-19.253914 14.909361 -53.750000 
-22.359384 15.219908 -54.375000 
-23.291025 14.909361 -51.875000 
-19.253914 14.909361 -53.750000


-9.316410 10.558598 -42.493750 
-12.732427 6.832034 -41.868750 
-9.937504 5.279299 -41.868750 
-9.316410 10.558598 -42.493750


-23.291025 14.909361 -51.875000 
-23.912119 15.530455 -44.375000 
-21.427743 15.219908 -45.000000 
-23.291025 14.909361 -51.875000


-27.328136 14.909361 -46.875000 
-23.912119 15.530455 -44.375000 
-23.291025 14.909361 -51.875000 
-27.328136 14.909361 -46.875000


-23.291025 14.909361 -51.875000 
-21.427743 15.219908 -45.000000 
-19.253914 14.909361 -53.750000 
-23.291025 14.909361 -51.875000


-9.937504 5.279299 -41.868750 
-9.316410 -13.042974 -30.631250 
-11.490239 -12.108228 -37.500000 
-9.937504 5.279299 -41.868750


-26.707042 14.598814 -43.125000 
-28.570324 13.977720 -45.625000 
-31.365247 12.735532 -43.750000 
-26.707042 14.598814 -43.125000


-21.117196 14.595709 -39.993750 
-23.912119 15.530455 -44.375000 
-23.912119 14.595709 -39.993750 
-21.117196 14.595709 -39.993750


-31.365247 6.521487 -38.118750 
-28.570324 4.968752 -38.743750 
-23.912119 7.763675 -38.743750 
-31.365247 6.521487 -38.118750


-18.011726 14.288267 -47.500000 
-17.080085 14.288267 -50.625000 
-21.427743 15.219908 -45.000000 
-18.011726 14.288267 -47.500000


-19.253914 14.909361 -53.750000 
-21.427743 15.219908 -45.000000 
-17.080085 14.288267 -50.625000 
-19.253914 14.909361 -53.750000


-27.949230 12.111333 -38.118750 
-21.117196 14.595709 -39.993750 
-23.912119 14.595709 -39.993750 
-27.949230 12.111333 -38.118750


-9.316410 -13.042974 -30.631250 
-9.937504 5.279299 -41.868750 
-12.111333 -9.934399 -28.750000 
-9.316410 -13.042974 -30.631250


-32.607435 8.384769 -37.493750 
-31.365247 6.521487 -38.118750 
-23.912119 7.763675 -38.743750 
-32.607435 8.384769 -37.493750


-31.675794 10.244946 -37.500000 
-32.607435 8.384769 -37.493750 
-23.912119 7.763675 -38.743750 
-31.675794 10.244946 -37.500000


-21.117196 10.561703 -40.000000 
-21.117196 14.595709 -39.993750 
-23.912119 7.763675 -38.743750 
-21.117196 10.561703 -40.000000


-28.570324 4.968752 -38.743750 
-27.328136 -5.276194 -37.500000 
-22.048837 4.968752 -39.368750 
-28.570324 4.968752 -38.743750


-13.664068 13.353521 -41.868750 
-15.527350 14.598814 -41.250000 
-17.080085 13.042974 -40.618750 
-13.664068 13.353521 -41.868750


-25.464854 -57.761742 -34.368750 
-26.396495 -58.072289 -35.618750 
-23.912119 -60.246118 -36.243750 
-25.464854 -57.761742 -34.368750


-28.570324 4.968752 -38.743750 
-22.048837 4.968752 -39.368750 
-23.912119 7.763675 -38.743750 
-28.570324 4.968752 -38.743750


-13.974615 -12.108228 -24.375000 
-16.458991 -13.042974 -21.868750 
-12.732427 -12.421880 -19.368750 
-13.974615 -12.108228 -24.375000


-28.570324 4.968752 -38.743750 
-30.744153 -4.037111 -37.493750 
-27.328136 -5.276194 -37.500000 
-28.570324 4.968752 -38.743750


-13.353521 1.242188 -40.618750 
-18.011726 6.521487 -39.993750 
-15.216803 0.310547 -39.993750 
-13.353521 1.242188 -40.618750


-13.353521 -20.496102 -19.368750 
-15.216803 -22.359384 -20.618750 
-10.869145 -23.912119 -19.368750 
-13.353521 -20.496102 -19.368750


-18.011726 14.288267 -47.500000 
-21.427743 15.219908 -45.000000 
-18.322273 15.219908 -41.250000 
-18.011726 14.288267 -47.500000


-23.912119 15.530455 -44.375000 
-21.117196 14.595709 -39.993750 
-18.322273 15.219908 -41.250000 
-23.912119 15.530455 -44.375000


-21.427743 15.219908 -45.000000 
-23.912119 15.530455 -44.375000 
-18.322273 15.219908 -41.250000 
-21.427743 15.219908 -45.000000


-9.316410 10.558598 -42.493750 
-9.626957 10.561703 -45.625000 
-11.490239 12.111333 -42.493750 
-9.316410 10.558598 -42.493750


-11.490239 12.111333 -42.493750 
-13.664068 13.353521 -41.868750 
-9.316410 10.558598 -42.493750 
-11.490239 12.111333 -42.493750


-14.595709 13.356626 -49.375000 
-15.527350 14.598814 -41.250000 
-13.664068 13.353521 -41.868750 
-14.595709 13.356626 -49.375000


-14.595709 13.356626 -49.375000 
-18.011726 14.288267 -47.500000 
-15.527350 14.598814 -41.250000 
-14.595709 13.356626 -49.375000


-9.316410 -11.487134 -18.750000 
-10.248051 -10.866040 -25.000000 
-12.732427 -12.421880 -19.368750 
-9.316410 -11.487134 -18.750000


-21.117196 14.595709 -39.993750 
-17.080085 13.042974 -40.618750 
-15.527350 14.598814 -41.250000 
-21.117196 14.595709 -39.993750


-18.322273 15.219908 -41.250000 
-21.117196 14.595709 -39.993750 
-15.527350 14.598814 -41.250000 
-18.322273 15.219908 -41.250000


-13.974615 -12.108228 -24.375000 
-12.732427 -12.421880 -19.368750 
-10.248051 -10.866040 -25.000000 
-13.974615 -12.108228 -24.375000


-7.453128 -36.644546 -29.993750 
-10.248051 -35.091811 -28.743750 
-5.279299 -38.507828 -30.618750 
-7.453128 -36.644546 -29.993750


-9.626957 10.561703 -45.625000 
-9.316410 10.558598 -42.493750 
-7.453128 8.384769 -42.493750 
-9.626957 10.561703 -45.625000


-8.381664 9.316410 -48.750000 
-9.626957 10.561703 -45.625000 
-7.453128 8.384769 -42.493750 
-8.381664 9.316410 -48.750000


-7.450023 6.521487 -46.250000 
-6.828929 6.521487 -50.000000 
-7.453128 8.384769 -42.493750 
-7.450023 6.521487 -46.250000


-8.381664 9.316410 -48.750000 
-7.453128 8.384769 -42.493750 
-6.828929 6.521487 -50.000000 
-8.381664 9.316410 -48.750000


-9.316410 10.558598 -42.493750 
-14.285162 10.248051 -41.868750 
-12.732427 6.832034 -41.868750 
-9.316410 10.558598 -42.493750


-11.490239 12.111333 -42.493750 
-9.626957 10.561703 -45.625000 
-12.421880 12.114438 -47.500000 
-11.490239 12.111333 -42.493750


-9.316410 10.558598 -42.493750 
-17.080085 13.042974 -40.618750 
-14.285162 10.248051 -41.868750 
-9.316410 10.558598 -42.493750


-9.316410 10.558598 -42.493750 
-13.664068 13.353521 -41.868750 
-17.080085 13.042974 -40.618750 
-9.316410 10.558598 -42.493750


-12.111333 -9.934399 -28.750000 
-22.048837 4.968752 -39.368750 
-15.527350 -11.487134 -29.375000 
-12.111333 -9.934399 -28.750000


-7.450023 6.521487 -46.250000 
-9.937504 5.279299 -41.868750 
-9.005863 4.968752 -45.618750 
-7.450023 6.521487 -46.250000


-7.450023 6.521487 -46.250000 
-7.453128 8.384769 -42.493750 
-9.937504 5.279299 -41.868750 
-7.450023 6.521487 -46.250000


-14.595709 13.356626 -49.375000 
-17.080085 14.288267 -50.625000 
-18.011726 14.288267 -47.500000 
-14.595709 13.356626 -49.375000


-9.937504 5.279299 -41.868750 
-12.732427 6.832034 -41.868750 
-18.011726 6.521487 -39.993750 
-9.937504 5.279299 -41.868750


-10.248051 -10.866040 -25.000000 
-9.316410 -11.487134 -18.750000 
-8.074222 -13.356626 -20.000000 
-10.248051 -10.866040 -25.000000


-14.285162 10.248051 -41.868750 
-18.011726 6.521487 -39.993750 
-12.732427 6.832034 -41.868750 
-14.285162 10.248051 -41.868750


-14.285162 10.248051 -41.868750 
-17.080085 13.042974 -40.618750 
-18.011726 6.521487 -39.993750 
-14.285162 10.248051 -41.868750


-17.080085 13.042974 -40.618750 
-21.117196 10.561703 -40.000000 
-18.011726 6.521487 -39.993750 
-17.080085 13.042974 -40.618750


-22.048837 4.968752 -39.368750 
-27.328136 -5.276194 -37.500000 
-15.527350 -11.487134 -29.375000 
-22.048837 4.968752 -39.368750


-10.248051 -17.080085 -16.243750 
-7.453128 -13.664068 -16.243750 
-10.248051 -14.906256 -16.868750 
-10.248051 -17.080085 -16.243750


-10.248051 -17.080085 -16.243750 
-8.695316 -15.527350 -16.868750 
-7.453128 -13.664068 -16.243750 
-10.248051 -17.080085 -16.243750


-13.660963 -12.421880 -45.000000 
-13.660963 -15.837897 -46.875000 
-13.660963 -7.453128 -51.875000 
-13.660963 -12.421880 -45.000000


-13.660963 -8.074222 -53.125000 
-13.660963 -7.453128 -51.875000 
-13.660963 -15.837897 -46.875000 
-13.660963 -8.074222 -53.125000


-13.353521 1.242188 -40.618750 
-12.111333 -9.934399 -28.750000 
-9.937504 5.279299 -41.868750 
-13.353521 1.242188 -40.618750


-10.248051 -10.866040 -25.000000 
-8.074222 -13.356626 -20.000000 
-7.450023 -14.285162 -25.000000 
-10.248051 -10.866040 -25.000000


-12.111333 -9.934399 -28.750000 
-15.527350 -11.487134 -29.375000 
-13.974615 -12.108228 -24.375000 
-12.111333 -9.934399 -28.750000


-15.216803 0.310547 -39.993750 
-18.011726 6.521487 -39.993750 
-12.111333 -9.934399 -28.750000 
-15.216803 0.310547 -39.993750


-18.011726 6.521487 -39.993750 
-22.048837 4.968752 -39.368750 
-12.111333 -9.934399 -28.750000 
-18.011726 6.521487 -39.993750


-9.002758 -22.359384 -29.375000 
-8.384769 -13.664068 -28.756250 
-7.450023 -14.285162 -25.000000 
-9.002758 -22.359384 -29.375000


-7.453128 -28.259777 -34.993750 
-3.416017 -33.849623 -31.881250 
-5.900393 -35.091811 -36.881250 
-7.453128 -28.259777 -34.993750


-7.142581 -33.228529 -37.506250 
-7.453128 -28.259777 -34.993750 
-5.900393 -35.091811 -36.881250 
-7.142581 -33.228529 -37.506250


-15.527350 -11.487134 -29.375000 
-16.458991 -13.042974 -21.868750 
-13.974615 -12.108228 -24.375000 
-15.527350 -11.487134 -29.375000


-3.105470 -34.781264 -29.368750 
-4.658205 -31.675794 -28.743750 
-4.344553 -33.228529 -28.750000 
-3.105470 -34.781264 -29.368750


-3.105470 -34.781264 -29.368750 
-3.416017 -33.849623 -31.881250 
-4.658205 -31.675794 -28.743750 
-3.105470 -34.781264 -29.368750


-27.638683 -23.601572 -24.993750 
-21.120301 -17.080085 -26.250000 
-33.539076 -8.384769 -34.993750 
-27.638683 -23.601572 -24.993750


-27.638683 -23.601572 -24.993750 
-33.539076 -8.384769 -34.993750 
-32.607435 -23.291025 -28.118750 
-27.638683 -23.601572 -24.993750


-10.869145 -12.111333 -17.493750 
-12.732427 -12.421880 -19.368750 
-13.353521 -17.701179 -18.118750 
-10.869145 -12.111333 -17.493750


-10.248051 -10.866040 -25.000000 
-9.316410 -13.042974 -30.631250 
-12.111333 -9.934399 -28.750000 
-10.248051 -10.866040 -25.000000


-8.384769 -13.664068 -28.756250 
-9.316410 -13.042974 -30.631250 
-10.248051 -10.866040 -25.000000 
-8.384769 -13.664068 -28.756250


-10.248051 -35.091811 -28.743750 
-5.900393 -40.992204 -31.243750 
-5.279299 -38.507828 -30.618750 
-10.248051 -35.091811 -28.743750


-7.453128 -13.664068 -16.243750 
-7.450023 -14.285162 -25.000000 
-8.074222 -13.356626 -20.000000 
-7.453128 -13.664068 -16.243750


-18.011726 -31.986341 -25.618750 
-16.769538 -26.396495 -21.868750 
-17.390632 -27.017589 -22.493750 
-18.011726 -31.986341 -25.618750


-19.875008 -17.701179 -23.118750 
-13.353521 -17.701179 -18.118750 
-18.632820 -15.837897 -22.493750 
-19.875008 -17.701179 -23.118750


-9.316410 -11.487134 -18.750000 
-12.732427 -12.421880 -19.368750 
-10.869145 -12.111333 -17.493750 
-9.316410 -11.487134 -18.750000


-10.869145 -18.943367 -17.493750 
-10.248051 -17.080085 -16.243750 
-13.353521 -17.701179 -18.118750 
-10.869145 -18.943367 -17.493750


-18.011726 -14.285162 -22.493750 
-16.458991 -13.042974 -21.868750 
-27.328136 -5.276194 -37.500000 
-18.011726 -14.285162 -22.493750


-18.632820 -15.837897 -22.493750 
-13.353521 -17.701179 -18.118750 
-18.011726 -14.285162 -22.493750 
-18.632820 -15.837897 -22.493750


-13.353521 -17.701179 -18.118750 
-16.458991 -13.042974 -21.868750 
-18.011726 -14.285162 -22.493750 
-13.353521 -17.701179 -18.118750


-16.458991 -13.042974 -21.868750 
-15.527350 -11.487134 -29.375000 
-27.328136 -5.276194 -37.500000 
-16.458991 -13.042974 -21.868750


-33.539076 -8.384769 -34.993750 
-18.011726 -14.285162 -22.493750 
-27.328136 -5.276194 -37.500000 
-33.539076 -8.384769 -34.993750


-19.875008 -17.701179 -23.118750 
-18.632820 -15.837897 -22.493750 
-21.120301 -17.080085 -26.250000 
-19.875008 -17.701179 -23.118750


-18.632820 -15.837897 -22.493750 
-18.011726 -14.285162 -22.493750 
-21.120301 -17.080085 -26.250000 
-18.632820 -15.837897 -22.493750


-9.316410 -29.812512 -24.993750 
-7.453128 -36.644546 -29.993750 
-4.658205 -36.337104 -30.000000 
-9.316410 -29.812512 -24.993750


-12.111333 -51.861349 -32.493750 
-13.042974 -52.482443 -32.493750 
-10.558598 -56.830101 -33.118750 
-12.111333 -51.861349 -32.493750


-18.632820 -62.733599 -43.750000 
-23.601572 -63.665240 -46.250000 
-20.806649 -64.286334 -48.125000 
-18.632820 -62.733599 -43.750000


-10.244946 3.416017 -46.875000 
-13.039869 -12.421880 -41.250000 
-13.660963 -12.421880 -45.000000 
-10.244946 3.416017 -46.875000


-10.244946 3.416017 -46.875000 
-13.660963 -12.421880 -45.000000 
-12.729322 -0.621094 -49.375000 
-10.244946 3.416017 -46.875000


-18.008621 -25.154307 -52.500000 
-20.806649 -23.601572 -55.006250 
-16.458991 -22.669931 -53.131250 
-18.008621 -25.154307 -52.500000


-18.943367 -22.359384 -54.381250 
-16.458991 -22.669931 -53.131250 
-20.806649 -23.601572 -55.006250 
-18.943367 -22.359384 -54.381250


-14.906256 -22.048837 -51.881250 
-13.350416 -21.738290 -48.750000 
-13.664068 -24.222666 -49.381250 
-14.906256 -22.048837 -51.881250


-14.595709 -23.912119 -50.631250 
-14.906256 -22.048837 -51.881250 
-13.664068 -24.222666 -49.381250 
-14.595709 -23.912119 -50.631250


-16.148444 -19.875008 -54.381250 
-14.595709 -15.841002 -53.125000 
-14.906256 -22.048837 -51.881250 
-16.148444 -19.875008 -54.381250


-8.384769 -25.154307 -37.506250 
-11.176587 -21.427743 -39.375000 
-11.490239 -12.108228 -37.500000 
-8.384769 -25.154307 -37.506250


-12.729322 -0.621094 -49.375000 
-13.660963 -12.421880 -45.000000 
-13.660963 -7.453128 -51.875000 
-12.729322 -0.621094 -49.375000


-9.937504 5.279299 -41.868750 
-11.490239 -12.108228 -37.500000 
-9.005863 4.968752 -45.618750 
-9.937504 5.279299 -41.868750


-13.039869 -12.421880 -41.250000 
-10.244946 3.416017 -46.875000 
-11.490239 -12.108228 -37.500000 
-13.039869 -12.421880 -41.250000


-8.384769 -13.664068 -28.756250 
-9.002758 -22.359384 -29.375000 
-8.695316 -24.222666 -31.881250 
-8.384769 -13.664068 -28.756250


-10.244946 3.416017 -46.875000 
-9.005863 4.968752 -45.618750 
-11.490239 -12.108228 -37.500000 
-10.244946 3.416017 -46.875000


-13.660963 -8.074222 -53.125000 
-13.660963 -15.837897 -46.875000 
-14.595709 -15.841002 -53.125000 
-13.660963 -8.074222 -53.125000


-12.418775 -31.365247 -43.750000 
-13.971510 -32.296888 -44.375000 
-12.111333 -28.570324 -45.006250 
-12.418775 -31.365247 -43.750000


-23.912119 -61.801958 -41.250000 
-26.707042 -61.488306 -43.743750 
-25.464854 -62.419947 -44.368750 
-23.912119 -61.801958 -41.250000


-11.490239 -12.108228 -37.500000 
-12.418775 -20.496102 -45.625000 
-13.039869 -12.421880 -41.250000 
-11.490239 -12.108228 -37.500000


-13.350416 -21.738290 -48.750000 
-14.906256 -22.048837 -51.881250 
-14.595709 -15.841002 -53.125000 
-13.350416 -21.738290 -48.750000


-13.350416 -21.738290 -48.750000 
-14.595709 -15.841002 -53.125000 
-13.350416 -18.943367 -48.125000 
-13.350416 -21.738290 -48.750000


-12.418775 -24.843760 -46.875000 
-13.664068 -24.222666 -49.381250 
-13.350416 -21.738290 -48.750000 
-12.418775 -24.843760 -46.875000


-19.564461 -42.544939 -28.743750 
-17.701179 -42.855486 -28.743750 
-24.843760 -41.923845 -27.493750 
-19.564461 -42.544939 -28.743750


-18.322273 -40.681657 -28.118750 
-24.843760 -41.923845 -27.493750 
-17.701179 -42.855486 -28.743750 
-18.322273 -40.681657 -28.118750


-11.176587 -21.427743 -39.375000 
-12.418775 -20.496102 -45.625000 
-11.490239 -12.108228 -37.500000 
-11.176587 -21.427743 -39.375000


-16.148444 -50.929708 -31.868750 
-22.359384 -57.451195 -33.118750 
-19.253914 -59.003930 -33.743750 
-16.148444 -50.929708 -31.868750


-20.185555 -52.482443 -32.493750 
-22.359384 -57.451195 -33.118750 
-16.148444 -50.929708 -31.868750 
-20.185555 -52.482443 -32.493750


-10.866040 -27.017589 -21.250000 
-4.344553 -33.228529 -28.750000 
-4.658205 -31.675794 -28.743750 
-10.866040 -27.017589 -21.250000


-10.866040 -27.017589 -21.250000 
-9.316410 -29.812512 -24.993750 
-4.344553 -33.228529 -28.750000 
-10.866040 -27.017589 -21.250000


-7.453128 -61.177759 -38.118750 
-7.763675 -57.140648 -36.243750 
-10.248051 -59.935571 -33.118750 
-7.453128 -61.177759 -38.118750


-7.453128 -61.177759 -38.118750 
-10.248051 -59.935571 -33.118750 
-8.695316 -61.491411 -37.500000 
-7.453128 -61.177759 -38.118750


-3.726564 -36.644546 -34.381250 
-5.900393 -35.091811 -36.881250 
-3.416017 -33.849623 -31.881250 
-3.726564 -36.644546 -34.381250


-7.763675 -26.396495 -31.256250 
-3.416017 -33.849623 -31.881250 
-7.763675 -26.396495 -34.993750 
-7.763675 -26.396495 -31.256250


-4.658205 -31.675794 -28.743750 
-3.416017 -33.849623 -31.881250 
-7.763675 -26.396495 -31.256250 
-4.658205 -31.675794 -28.743750


-9.002758 -22.359384 -29.375000 
-7.139476 -27.017589 -27.500000 
-7.763675 -26.396495 -31.256250 
-9.002758 -22.359384 -29.375000


-7.453128 -28.259777 -34.993750 
-7.142581 -33.228529 -37.506250 
-8.384769 -25.154307 -37.506250 
-7.453128 -28.259777 -34.993750


-40.063668 -36.955093 -37.500000 
-38.821480 -40.371110 -36.875000 
-38.510933 -39.750016 -34.375000 
-40.063668 -36.955093 -37.500000


-7.763675 -26.396495 -34.993750 
-7.453128 -28.259777 -34.993750 
-8.384769 -25.154307 -37.506250 
-7.763675 -26.396495 -34.993750


-11.490239 -12.108228 -37.500000 
-9.316410 -13.042974 -30.631250 
-8.384769 -25.154307 -37.506250 
-11.490239 -12.108228 -37.500000


-8.384769 -13.664068 -28.756250 
-7.763675 -26.396495 -34.993750 
-8.384769 -25.154307 -37.506250 
-8.384769 -13.664068 -28.756250


-8.695316 -24.222666 -31.881250 
-7.763675 -26.396495 -34.993750 
-8.384769 -13.664068 -28.756250 
-8.695316 -24.222666 -31.881250


-9.316410 -13.042974 -30.631250 
-8.384769 -13.664068 -28.756250 
-8.384769 -25.154307 -37.506250 
-9.316410 -13.042974 -30.631250


-16.458991 -37.886734 -45.006250 
-18.632820 -39.128922 -46.256250 
-20.496102 -34.781264 -48.756250 
-16.458991 -37.886734 -45.006250


-18.632820 -34.781264 -46.881250 
-16.458991 -37.886734 -45.006250 
-20.496102 -34.781264 -48.756250 
-18.632820 -34.781264 -46.881250


-24.533213 -54.345725 -53.756250 
-25.464854 -49.376973 -52.506250 
-24.222666 -51.240255 -51.881250 
-24.533213 -54.345725 -53.756250


-17.390632 -15.216803 -57.506250 
-16.148444 -19.875008 -54.381250 
-20.806649 -21.117196 -56.256250 
-17.390632 -15.216803 -57.506250


-8.695316 -24.222666 -31.881250 
-9.002758 -22.359384 -29.375000 
-7.763675 -26.396495 -31.256250 
-8.695316 -24.222666 -31.881250


-19.875008 -17.701179 -23.118750 
-27.638683 -23.601572 -24.993750 
-20.496102 -21.427743 -23.118750 
-19.875008 -17.701179 -23.118750


-24.843760 -41.923845 -27.493750 
-29.501965 -48.134785 -28.743750 
-22.669931 -47.824238 -29.993750 
-24.843760 -41.923845 -27.493750


-22.669931 -45.029315 -29.368750 
-24.843760 -41.923845 -27.493750 
-22.669931 -47.824238 -29.993750 
-22.669931 -45.029315 -29.368750


-20.496102 -21.427743 -23.118750 
-23.291025 -26.707042 -24.368750 
-16.769538 -26.396495 -21.868750 
-20.496102 -21.427743 -23.118750


-18.011726 -31.986341 -25.618750 
-10.866040 -27.017589 -21.250000 
-16.769538 -26.396495 -21.868750 
-18.011726 -31.986341 -25.618750


-22.048837 -37.265640 -26.243750 
-19.564461 -36.644546 -26.868750 
-18.011726 -31.986341 -25.618750 
-22.048837 -37.265640 -26.243750


-10.869145 -23.912119 -19.368750 
-6.207835 -29.191418 -28.125000 
-7.139476 -27.017589 -27.500000 
-10.869145 -23.912119 -19.368750


-9.316410 -29.812512 -24.993750 
-10.866040 -27.017589 -21.250000 
-18.322273 -40.681657 -28.118750 
-9.316410 -29.812512 -24.993750


-19.564461 -36.644546 -26.868750 
-18.322273 -40.681657 -28.118750 
-10.866040 -27.017589 -21.250000 
-19.564461 -36.644546 -26.868750


-10.248051 -59.935571 -33.118750 
-7.763675 -57.140648 -36.243750 
-4.968752 -47.203144 -33.118750 
-10.248051 -59.935571 -33.118750


-10.248051 -59.935571 -33.118750 
-4.968752 -47.203144 -33.118750 
-10.558598 -56.830101 -33.118750 
-10.248051 -59.935571 -33.118750


-29.812512 -25.154307 -24.368750 
-30.123059 -29.815617 -25.000000 
-23.291025 -26.707042 -24.368750 
-29.812512 -25.154307 -24.368750


-4.658205 -31.675794 -28.743750 
-10.869145 -23.912119 -19.368750 
-10.866040 -27.017589 -21.250000 
-4.658205 -31.675794 -28.743750


-4.658205 -31.675794 -28.743750 
-6.207835 -29.191418 -28.125000 
-10.869145 -23.912119 -19.368750 
-4.658205 -31.675794 -28.743750


-23.291025 -29.191418 -24.993750 
-30.123059 -29.815617 -25.000000 
-27.017589 -32.607435 -25.618750 
-23.291025 -29.191418 -24.993750


-13.353521 -17.701179 -18.118750 
-13.353521 -20.496102 -19.368750 
-10.869145 -18.943367 -17.493750 
-13.353521 -17.701179 -18.118750


-19.875008 -17.701179 -23.118750 
-21.120301 -17.080085 -26.250000 
-27.638683 -23.601572 -24.993750 
-19.875008 -17.701179 -23.118750


-15.216803 -22.359384 -20.618750 
-20.496102 -21.427743 -23.118750 
-15.837897 -23.601572 -21.243750 
-15.216803 -22.359384 -20.618750


-22.048837 -37.265640 -26.243750 
-18.011726 -31.986341 -25.618750 
-17.390632 -27.017589 -22.493750 
-22.048837 -37.265640 -26.243750


-20.496102 -32.296888 -25.618750 
-22.048837 -37.265640 -26.243750 
-17.390632 -27.017589 -22.493750 
-20.496102 -32.296888 -25.618750


-23.291025 -29.191418 -24.993750 
-27.017589 -32.607435 -25.618750 
-20.496102 -32.296888 -25.618750 
-23.291025 -29.191418 -24.993750


-20.496102 -32.296888 -25.618750 
-27.017589 -32.607435 -25.618750 
-22.048837 -37.265640 -26.243750 
-20.496102 -32.296888 -25.618750


-30.123059 -29.815617 -25.000000 
-23.291025 -29.191418 -24.993750 
-23.291025 -26.707042 -24.368750 
-30.123059 -29.815617 -25.000000


-30.123059 -29.815617 -25.000000 
-32.917982 -33.228529 -24.993750 
-27.017589 -32.607435 -25.618750 
-30.123059 -29.815617 -25.000000


-13.353521 -17.701179 -18.118750 
-19.875008 -17.701179 -23.118750 
-20.496102 -21.427743 -23.118750 
-13.353521 -17.701179 -18.118750


-20.496102 -32.296888 -25.618750 
-17.390632 -27.017589 -22.493750 
-23.291025 -29.191418 -24.993750 
-20.496102 -32.296888 -25.618750


-27.328136 -58.693383 -38.118750 
-28.259777 -59.935571 -43.118750 
-26.707042 -61.488306 -43.743750 
-27.328136 -58.693383 -38.118750


-23.912119 -61.801958 -41.250000 
-27.328136 -58.693383 -38.118750 
-26.707042 -61.488306 -43.743750 
-23.912119 -61.801958 -41.250000


-13.353521 -17.701179 -18.118750 
-20.496102 -21.427743 -23.118750 
-15.216803 -22.359384 -20.618750 
-13.353521 -17.701179 -18.118750


-15.216803 -22.359384 -20.618750 
-15.837897 -23.601572 -21.243750 
-16.769538 -26.396495 -21.868750 
-15.216803 -22.359384 -20.618750


-10.869145 -23.912119 -19.368750 
-15.216803 -22.359384 -20.618750 
-16.769538 -26.396495 -21.868750 
-10.869145 -23.912119 -19.368750


-19.564461 -36.644546 -26.868750 
-10.866040 -27.017589 -21.250000 
-18.011726 -31.986341 -25.618750 
-19.564461 -36.644546 -26.868750


-7.453128 -13.664068 -16.243750 
-8.695316 -15.527350 -16.868750 
-7.139476 -27.017589 -27.500000 
-7.453128 -13.664068 -16.243750


-7.450023 -14.285162 -25.000000 
-7.453128 -13.664068 -16.243750 
-7.139476 -27.017589 -27.500000 
-7.450023 -14.285162 -25.000000


-23.291025 -29.191418 -24.993750 
-17.390632 -27.017589 -22.493750 
-23.291025 -26.707042 -24.368750 
-23.291025 -29.191418 -24.993750


-16.769538 -26.396495 -21.868750 
-23.291025 -26.707042 -24.368750 
-17.390632 -27.017589 -22.493750 
-16.769538 -26.396495 -21.868750


-4.658205 -36.337104 -30.000000 
-7.453128 -36.644546 -29.993750 
-5.279299 -38.507828 -30.618750 
-4.658205 -36.337104 -30.000000


-34.784369 -50.308614 -40.000000 
-32.921087 -53.103537 -40.625000 
-32.921087 -51.861349 -37.500000 
-34.784369 -50.308614 -40.000000


-13.042974 -52.482443 -32.493750 
-16.148444 -50.929708 -31.868750 
-12.111333 -57.140648 -33.118750 
-13.042974 -52.482443 -32.493750


-28.259777 -55.587913 -34.368750 
-30.744153 -54.345725 -36.243750 
-27.328136 -58.693383 -38.118750 
-28.259777 -55.587913 -34.368750


-2.170724 -38.197281 -30.625000 
-5.900393 -40.992204 -31.243750 
-4.037111 -42.544939 -31.868750 
-2.170724 -38.197281 -30.625000


-3.105470 -34.781264 -29.368750 
-2.170724 -38.197281 -30.625000 
-3.416017 -33.849623 -31.881250 
-3.105470 -34.781264 -29.368750


-3.105470 -34.781264 -29.368750 
-4.658205 -36.337104 -30.000000 
-2.170724 -38.197281 -30.625000 
-3.105470 -34.781264 -29.368750


-5.279299 -38.507828 -30.618750 
-2.170724 -38.197281 -30.625000 
-4.658205 -36.337104 -30.000000 
-5.279299 -38.507828 -30.618750


-4.037111 -42.544939 -31.868750 
-4.968752 -47.203144 -33.118750 
-3.416017 -45.960956 -33.743750 
-4.037111 -42.544939 -31.868750


-7.453128 -45.029315 -31.868750 
-4.968752 -47.203144 -33.118750 
-4.037111 -42.544939 -31.868750 
-7.453128 -45.029315 -31.868750


-4.658205 -37.576187 -35.631250 
-3.726564 -36.644546 -34.381250 
-2.484376 -42.234392 -35.631250 
-4.658205 -37.576187 -35.631250


-13.974615 -50.308614 -31.868750 
-12.111333 -51.861349 -32.493750 
-14.906256 -49.066426 -31.243750 
-13.974615 -50.308614 -31.868750


-14.906256 -49.066426 -31.243750 
-7.453128 -45.029315 -31.868750 
-15.527350 -45.650409 -30.618750 
-14.906256 -49.066426 -31.243750


-18.322273 -40.681657 -28.118750 
-19.564461 -36.644546 -26.868750 
-22.048837 -37.265640 -26.243750 
-18.322273 -40.681657 -28.118750


-17.701179 -42.855486 -28.743750 
-19.564461 -42.544939 -28.743750 
-22.669931 -45.029315 -29.368750 
-17.701179 -42.855486 -28.743750


-6.521487 -39.750016 -37.506250 
-5.900393 -35.091811 -36.881250 
-1.239083 -44.408221 -36.250000 
-6.521487 -39.750016 -37.506250


-4.037111 -42.544939 -31.868750 
-5.900393 -40.992204 -31.243750 
-7.453128 -45.029315 -31.868750 
-4.037111 -42.544939 -31.868750


-5.900393 -40.992204 -31.243750 
-10.248051 -35.091811 -28.743750 
-17.701179 -42.855486 -28.743750 
-5.900393 -40.992204 -31.243750


-12.111333 -51.861349 -32.493750 
-7.453128 -45.029315 -31.868750 
-14.906256 -49.066426 -31.243750 
-12.111333 -51.861349 -32.493750


-13.974615 -60.559770 -33.750000 
-12.111333 -57.140648 -33.118750 
-15.837897 -57.140648 -33.743750 
-13.974615 -60.559770 -33.750000


-12.111333 -51.861349 -32.493750 
-10.558598 -56.830101 -33.118750 
-4.968752 -47.203144 -33.118750 
-12.111333 -51.861349 -32.493750


-28.259777 -55.587913 -34.368750 
-31.054700 -52.171896 -33.118750 
-30.744153 -54.345725 -36.243750 
-28.259777 -55.587913 -34.368750


-29.812512 -51.240255 -29.993750 
-24.533213 -57.140648 -32.493750 
-25.775401 -53.103537 -31.243750 
-29.812512 -51.240255 -29.993750


-22.669931 -47.824238 -29.993750 
-21.117196 -50.308614 -31.243750 
-14.906256 -49.066426 -31.243750 
-22.669931 -47.824238 -29.993750


-22.669931 -47.824238 -29.993750 
-14.906256 -49.066426 -31.243750 
-21.427743 -46.585155 -30.000000 
-22.669931 -47.824238 -29.993750


-21.117196 -50.308614 -31.243750 
-20.185555 -52.482443 -32.493750 
-16.148444 -50.929708 -31.868750 
-21.117196 -50.308614 -31.243750


-13.042974 -52.482443 -32.493750 
-14.906256 -49.066426 -31.243750 
-16.148444 -50.929708 -31.868750 
-13.042974 -52.482443 -32.493750


-13.974615 -50.308614 -31.868750 
-14.906256 -49.066426 -31.243750 
-13.042974 -52.482443 -32.493750 
-13.974615 -50.308614 -31.868750


-7.453128 -45.029315 -31.868750 
-5.900393 -40.992204 -31.243750 
-17.701179 -42.855486 -28.743750 
-7.453128 -45.029315 -31.868750


-32.917982 -33.228529 -24.993750 
-32.917982 -35.091811 -25.618750 
-26.085948 -37.265640 -26.243750 
-32.917982 -33.228529 -24.993750


-27.017589 -32.607435 -25.618750 
-32.917982 -33.228529 -24.993750 
-26.085948 -37.265640 -26.243750 
-27.017589 -32.607435 -25.618750


-32.917982 -35.091811 -25.618750 
-31.986341 -36.955093 -26.243750 
-26.085948 -37.265640 -26.243750 
-32.917982 -35.091811 -25.618750


-17.701179 -42.855486 -28.743750 
-10.248051 -35.091811 -28.743750 
-18.322273 -40.681657 -28.118750 
-17.701179 -42.855486 -28.743750


-33.228529 -39.442574 -26.250000 
-32.917982 -45.960956 -26.243750 
-26.085948 -37.265640 -26.243750 
-33.228529 -39.442574 -26.250000


-28.259777 -59.935571 -43.118750 
-27.949230 -62.112505 -48.125000 
-26.707042 -61.488306 -43.743750 
-28.259777 -59.935571 -43.118750


-22.048837 -37.265640 -26.243750 
-24.843760 -41.923845 -27.493750 
-18.322273 -40.681657 -28.118750 
-22.048837 -37.265640 -26.243750


-27.017589 -32.607435 -25.618750 
-26.085948 -37.265640 -26.243750 
-22.048837 -37.265640 -26.243750 
-27.017589 -32.607435 -25.618750


-31.986341 -36.955093 -26.243750 
-33.228529 -39.442574 -26.250000 
-26.085948 -37.265640 -26.243750 
-31.986341 -36.955093 -26.243750


-32.917982 -45.960956 -26.243750 
-29.501965 -48.134785 -28.743750 
-24.843760 -41.923845 -27.493750 
-32.917982 -45.960956 -26.243750


-26.085948 -37.265640 -26.243750 
-32.917982 -45.960956 -26.243750 
-24.843760 -41.923845 -27.493750 
-26.085948 -37.265640 -26.243750


-21.427743 -46.585155 -30.000000 
-17.701179 -42.855486 -28.743750 
-22.669931 -47.824238 -29.993750 
-21.427743 -46.585155 -30.000000


-22.669931 -45.029315 -29.368750 
-22.669931 -47.824238 -29.993750 
-17.701179 -42.855486 -28.743750 
-22.669931 -45.029315 -29.368750


-22.048837 -37.265640 -26.243750 
-26.085948 -37.265640 -26.243750 
-24.843760 -41.923845 -27.493750 
-22.048837 -37.265640 -26.243750


-24.222666 -46.271503 -50.631250 
-21.738290 -46.271503 -48.131250 
-22.669931 -48.445332 -49.381250 
-24.222666 -46.271503 -50.631250


-22.669931 -47.824238 -29.993750 
-25.775401 -53.103537 -31.243750 
-21.117196 -50.308614 -31.243750 
-22.669931 -47.824238 -29.993750


-35.716010 -48.445332 -40.000000 
-33.849623 -50.001172 -35.625000 
-36.337104 -46.271503 -37.500000 
-35.716010 -48.445332 -40.000000


-16.148444 -50.929708 -31.868750 
-15.837897 -57.140648 -33.743750 
-12.111333 -57.140648 -33.118750 
-16.148444 -50.929708 -31.868750


-31.054700 -52.171896 -33.118750 
-28.259777 -55.587913 -34.368750 
-27.017589 -55.277366 -32.493750 
-31.054700 -52.171896 -33.118750


-5.900393 -35.091811 -36.881250 
-4.658205 -37.576187 -35.631250 
-2.484376 -42.234392 -35.631250 
-5.900393 -35.091811 -36.881250


-15.837897 -57.140648 -33.743750 
-16.148444 -50.929708 -31.868750 
-19.253914 -59.003930 -33.743750 
-15.837897 -57.140648 -33.743750


-24.533213 -57.140648 -32.493750 
-22.359384 -57.451195 -33.118750 
-21.117196 -50.308614 -31.243750 
-24.533213 -57.140648 -32.493750


-20.185555 -52.482443 -32.493750 
-21.117196 -50.308614 -31.243750 
-22.359384 -57.451195 -33.118750 
-20.185555 -52.482443 -32.493750


-25.775401 -53.103537 -31.243750 
-24.533213 -57.140648 -32.493750 
-21.117196 -50.308614 -31.243750 
-25.775401 -53.103537 -31.243750


-13.974615 -60.559770 -33.750000 
-16.458991 -61.180864 -34.375000 
-11.490239 -61.801958 -38.750000 
-13.974615 -60.559770 -33.750000


-30.126164 -57.451195 -41.875000 
-30.744153 -54.345725 -36.243750 
-32.921087 -53.103537 -40.625000 
-30.126164 -57.451195 -41.875000


-5.589846 -60.559770 -41.250000 
-3.726564 -49.998067 -39.381250 
-1.863282 -47.203144 -37.493750 
-5.589846 -60.559770 -41.250000


-5.589846 -60.559770 -41.250000 
-1.863282 -47.203144 -37.493750 
-4.037111 -48.758984 -35.625000 
-5.589846 -60.559770 -41.250000


-27.328136 -58.693383 -38.118750 
-30.744153 -54.345725 -36.243750 
-30.126164 -57.451195 -41.875000 
-27.328136 -58.693383 -38.118750


-27.017589 -55.277366 -32.493750 
-26.396495 -58.072289 -35.618750 
-25.464854 -57.761742 -34.368750 
-27.017589 -55.277366 -32.493750


-27.017589 -55.277366 -32.493750 
-28.259777 -55.587913 -34.368750 
-26.396495 -58.072289 -35.618750 
-27.017589 -55.277366 -32.493750


-24.533213 -57.140648 -32.493750 
-27.017589 -55.277366 -32.493750 
-25.464854 -57.761742 -34.368750 
-24.533213 -57.140648 -32.493750


-8.074222 -56.205902 -45.000000 
-5.900393 -50.619161 -40.006250 
-4.034006 -56.830101 -44.375000 
-8.074222 -56.205902 -45.000000


-19.253914 -59.003930 -33.743750 
-13.974615 -60.559770 -33.750000 
-15.837897 -57.140648 -33.743750 
-19.253914 -59.003930 -33.743750


-8.695316 -61.491411 -37.500000 
-12.732427 -63.354693 -44.375000 
-9.626957 -61.801958 -41.875000 
-8.695316 -61.491411 -37.500000


-8.695316 -61.491411 -37.500000 
-11.490239 -61.801958 -38.750000 
-12.732427 -63.354693 -44.375000 
-8.695316 -61.491411 -37.500000


-13.974615 -60.559770 -33.750000 
-19.253914 -62.109400 -34.368750 
-16.458991 -61.180864 -34.375000 
-13.974615 -60.559770 -33.750000


-13.974615 -60.559770 -33.750000 
-19.253914 -59.003930 -33.743750 
-19.253914 -62.109400 -34.368750 
-13.974615 -60.559770 -33.750000


-19.253914 -59.003930 -33.743750 
-24.533213 -57.140648 -32.493750 
-19.253914 -62.109400 -34.368750 
-19.253914 -59.003930 -33.743750


-19.253914 -59.003930 -33.743750 
-22.359384 -57.451195 -33.118750 
-24.533213 -57.140648 -32.493750 
-19.253914 -59.003930 -33.743750


-22.048837 -59.935571 -34.368750 
-19.253914 -62.109400 -34.368750 
-24.533213 -57.140648 -32.493750 
-22.048837 -59.935571 -34.368750


-22.980478 -61.491411 -39.375000 
-19.253914 -62.109400 -34.368750 
-21.117196 -61.488306 -35.618750 
-22.980478 -61.491411 -39.375000


-22.980478 -61.491411 -39.375000 
-19.564461 -61.801958 -39.375000 
-19.253914 -62.109400 -34.368750 
-22.980478 -61.491411 -39.375000


-22.048837 -59.935571 -34.368750 
-21.117196 -61.488306 -35.618750 
-19.253914 -62.109400 -34.368750 
-22.048837 -59.935571 -34.368750


-22.048837 -59.935571 -34.368750 
-24.533213 -57.140648 -32.493750 
-23.912119 -60.246118 -36.243750 
-22.048837 -59.935571 -34.368750


-25.464854 -57.761742 -34.368750 
-23.912119 -60.246118 -36.243750 
-24.533213 -57.140648 -32.493750 
-25.464854 -57.761742 -34.368750


-22.980478 -61.491411 -39.375000 
-21.117196 -61.488306 -35.618750 
-23.912119 -60.246118 -36.243750 
-22.980478 -61.491411 -39.375000


-21.117196 -61.488306 -35.618750 
-22.048837 -59.935571 -34.368750 
-23.912119 -60.246118 -36.243750 
-21.117196 -61.488306 -35.618750


-23.912119 -60.246118 -36.243750 
-23.912119 -61.801958 -41.250000 
-22.980478 -61.491411 -39.375000 
-23.912119 -60.246118 -36.243750


-23.912119 -60.246118 -36.243750 
-27.328136 -58.693383 -38.118750 
-23.912119 -61.801958 -41.250000 
-23.912119 -60.246118 -36.243750


-8.695316 -61.491411 -37.500000 
-10.248051 -59.935571 -33.118750 
-11.490239 -60.246118 -33.743750 
-8.695316 -61.491411 -37.500000


-10.248051 -46.582050 -40.006250 
-8.074222 -56.205902 -45.000000 
-17.076980 -44.408221 -45.000000 
-10.248051 -46.582050 -40.006250


-9.937504 -38.507828 -39.381250 
-12.418775 -31.365247 -43.750000 
-7.763675 -36.955093 -38.131250 
-9.937504 -38.507828 -39.381250


-12.111333 -51.861349 -32.493750 
-13.974615 -50.308614 -31.868750 
-13.042974 -52.482443 -32.493750 
-12.111333 -51.861349 -32.493750


-12.111333 -57.140648 -33.118750 
-10.248051 -59.935571 -33.118750 
-10.558598 -56.830101 -33.118750 
-12.111333 -57.140648 -33.118750


-7.453128 -45.029315 -31.868750 
-12.111333 -51.861349 -32.493750 
-4.968752 -47.203144 -33.118750 
-7.453128 -45.029315 -31.868750


-5.900393 -35.091811 -36.881250 
-6.521487 -39.750016 -37.506250 
-7.763675 -36.955093 -38.131250 
-5.900393 -35.091811 -36.881250


-1.239083 -44.408221 -36.250000 
-3.416017 -45.960956 -33.743750 
-1.863282 -47.203144 -37.493750 
-1.239083 -44.408221 -36.250000


-6.521487 -44.408221 -38.131250 
-9.937504 -38.507828 -39.381250 
-6.521487 -39.750016 -37.506250 
-6.521487 -44.408221 -38.131250


-7.763675 -36.955093 -38.131250 
-6.521487 -39.750016 -37.506250 
-9.937504 -38.507828 -39.381250 
-7.763675 -36.955093 -38.131250


-3.416017 -45.960956 -33.743750 
-4.968752 -47.203144 -33.118750 
-4.037111 -48.758984 -35.625000 
-3.416017 -45.960956 -33.743750


-3.726564 -36.644546 -34.381250 
-3.416017 -33.849623 -31.881250 
-1.549630 -40.681657 -33.125000 
-3.726564 -36.644546 -34.381250


-2.794923 -38.818375 -33.756250 
-3.726564 -36.644546 -34.381250 
-1.549630 -40.681657 -33.125000 
-2.794923 -38.818375 -33.756250


-5.900393 -35.091811 -36.881250 
-2.484376 -42.234392 -35.631250 
-1.239083 -44.408221 -36.250000 
-5.900393 -35.091811 -36.881250


-3.416017 -33.849623 -31.881250 
-2.170724 -38.197281 -30.625000 
-1.549630 -40.681657 -33.125000 
-3.416017 -33.849623 -31.881250


-2.484376 -43.787127 -33.743750 
-1.549630 -40.681657 -33.125000 
-2.170724 -38.197281 -30.625000 
-2.484376 -43.787127 -33.743750


-2.484376 -43.787127 -33.743750 
-2.170724 -38.197281 -30.625000 
-4.037111 -42.544939 -31.868750 
-2.484376 -43.787127 -33.743750


-16.458991 -22.669931 -53.131250 
-16.148444 -19.875008 -54.381250 
-14.906256 -22.048837 -51.881250 
-16.458991 -22.669931 -53.131250


-4.034006 -56.830101 -44.375000 
-5.900393 -50.619161 -40.006250 
-3.726564 -49.998067 -39.381250 
-4.034006 -56.830101 -44.375000


-4.968752 -47.203144 -33.118750 
-7.763675 -57.140648 -36.243750 
-4.037111 -48.758984 -35.625000 
-4.968752 -47.203144 -33.118750


-3.416017 -45.960956 -33.743750 
-1.239083 -44.408221 -36.250000 
-2.484376 -43.787127 -33.743750 
-3.416017 -45.960956 -33.743750


-1.549630 -40.681657 -33.125000 
-1.239083 -44.408221 -36.250000 
-2.794923 -38.818375 -33.756250 
-1.549630 -40.681657 -33.125000


-2.484376 -42.234392 -35.631250 
-3.726564 -36.644546 -34.381250 
-1.239083 -44.408221 -36.250000 
-2.484376 -42.234392 -35.631250


-2.794923 -38.818375 -33.756250 
-1.239083 -44.408221 -36.250000 
-3.726564 -36.644546 -34.381250 
-2.794923 -38.818375 -33.756250


-6.521487 -44.408221 -38.131250 
-1.863282 -47.203144 -37.493750 
-3.726564 -49.998067 -39.381250 
-6.521487 -44.408221 -38.131250


-1.549630 -40.681657 -33.125000 
-2.484376 -43.787127 -33.743750 
-1.239083 -44.408221 -36.250000 
-1.549630 -40.681657 -33.125000


-7.453128 -61.177759 -38.118750 
-8.695316 -61.491411 -37.500000 
-9.626957 -61.801958 -41.875000 
-7.453128 -61.177759 -38.118750


-12.732427 -63.354693 -44.375000 
-11.490239 -61.801958 -38.750000 
-13.974615 -62.423052 -40.625000 
-12.732427 -63.354693 -44.375000


-9.937504 -38.507828 -39.381250 
-6.521487 -44.408221 -38.131250 
-10.248051 -46.582050 -40.006250 
-9.937504 -38.507828 -39.381250


-7.763675 -57.140648 -36.243750 
-5.589846 -60.559770 -41.250000 
-4.037111 -48.758984 -35.625000 
-7.763675 -57.140648 -36.243750


-8.074222 -56.205902 -45.000000 
-4.034006 -56.830101 -44.375000 
-3.416017 -59.314477 -48.131250 
-8.074222 -56.205902 -45.000000


-10.869145 -58.382836 -48.756250 
-9.937504 -56.519554 -46.256250 
-8.074222 -58.693383 -48.131250 
-10.869145 -58.382836 -48.756250


-9.937504 -56.519554 -46.256250 
-8.074222 -56.205902 -45.000000 
-3.416017 -59.314477 -48.131250 
-9.937504 -56.519554 -46.256250


-8.074222 -58.693383 -48.131250 
-9.937504 -56.519554 -46.256250 
-3.416017 -59.314477 -48.131250 
-8.074222 -58.693383 -48.131250


-23.601572 -49.687520 -50.631250 
-24.222666 -46.271503 -50.631250 
-22.669931 -48.445332 -49.381250 
-23.601572 -49.687520 -50.631250


-12.732427 -63.354693 -44.375000 
-13.974615 -62.423052 -40.625000 
-14.595709 -63.975787 -45.000000 
-12.732427 -63.354693 -44.375000


-19.564461 -61.801958 -39.375000 
-18.632820 -62.733599 -43.750000 
-14.595709 -63.975787 -45.000000 
-19.564461 -61.801958 -39.375000


-19.253914 -62.109400 -34.368750 
-14.595709 -63.975787 -45.000000 
-13.974615 -62.423052 -40.625000 
-19.253914 -62.109400 -34.368750


-19.253914 -62.109400 -34.368750 
-19.564461 -61.801958 -39.375000 
-14.595709 -63.975787 -45.000000 
-19.253914 -62.109400 -34.368750


-23.601572 -61.801958 -61.875000 
-22.980478 -62.112505 -56.250000 
-26.085948 -63.354693 -55.000000 
-23.601572 -61.801958 -61.875000


-12.732427 -63.354693 -44.375000 
-6.832034 -62.109400 -50.631250 
-4.037111 -62.112505 -49.375000 
-12.732427 -63.354693 -44.375000


-12.421880 -61.177759 -53.131250 
-10.869145 -58.382836 -48.756250 
-9.316410 -61.488306 -51.881250 
-12.421880 -61.177759 -53.131250


-4.034006 -56.830101 -44.375000 
-5.589846 -60.559770 -41.250000 
-3.416017 -60.246118 -45.618750 
-4.034006 -56.830101 -44.375000


-8.074222 -56.205902 -45.000000 
-9.937504 -56.519554 -46.256250 
-17.076980 -44.408221 -45.000000 
-8.074222 -56.205902 -45.000000


-23.601572 -49.687520 -50.631250 
-19.253914 -58.072289 -52.506250 
-24.222666 -51.240255 -51.881250 
-23.601572 -49.687520 -50.631250


-2.794923 -61.798853 -48.756250 
-9.626957 -61.801958 -41.875000 
-4.037111 -62.112505 -49.375000 
-2.794923 -61.798853 -48.756250


-2.794923 -61.798853 -48.756250 
-5.589846 -60.559770 -41.250000 
-9.626957 -61.801958 -41.875000 
-2.794923 -61.798853 -48.756250


-5.589846 -60.559770 -41.250000 
-4.034006 -56.830101 -44.375000 
-3.726564 -49.998067 -39.381250 
-5.589846 -60.559770 -41.250000


-17.076980 -44.408221 -45.000000 
-17.080085 -40.681657 -45.006250 
-10.248051 -46.582050 -40.006250 
-17.076980 -44.408221 -45.000000


-3.726564 -49.998067 -39.381250 
-10.248051 -46.582050 -40.006250 
-6.521487 -44.408221 -38.131250 
-3.726564 -49.998067 -39.381250


-3.726564 -49.998067 -39.381250 
-5.900393 -50.619161 -40.006250 
-10.248051 -46.582050 -40.006250 
-3.726564 -49.998067 -39.381250


-8.074222 -56.205902 -45.000000 
-10.248051 -46.582050 -40.006250 
-5.900393 -50.619161 -40.006250 
-8.074222 -56.205902 -45.000000


-7.142581 -33.228529 -37.506250 
-5.900393 -35.091811 -36.881250 
-11.176587 -29.501965 -42.500000 
-7.142581 -33.228529 -37.506250


-12.111333 -28.570324 -45.006250 
-11.176587 -29.501965 -42.500000 
-5.900393 -35.091811 -36.881250 
-12.111333 -28.570324 -45.006250


-12.111333 -28.570324 -45.006250 
-5.900393 -35.091811 -36.881250 
-12.418775 -31.365247 -43.750000 
-12.111333 -28.570324 -45.006250


-5.900393 -35.091811 -36.881250 
-7.763675 -36.955093 -38.131250 
-12.418775 -31.365247 -43.750000 
-5.900393 -35.091811 -36.881250


-18.008621 -25.154307 -52.500000 
-16.458991 -22.669931 -53.131250 
-15.527350 -25.154307 -50.631250 
-18.008621 -25.154307 -52.500000


-22.359384 -60.867212 -60.006250 
-27.949230 -49.998067 -55.006250 
-21.427743 -61.177759 -60.006250 
-22.359384 -60.867212 -60.006250


-12.418775 -26.396495 -46.250000 
-11.797681 -22.669931 -45.625000 
-11.176587 -29.501965 -42.500000 
-12.418775 -26.396495 -46.250000


-12.111333 -28.570324 -45.006250 
-12.418775 -26.396495 -46.250000 
-11.176587 -29.501965 -42.500000 
-12.111333 -28.570324 -45.006250


-11.797681 -22.669931 -45.625000 
-8.384769 -25.154307 -37.506250 
-11.176587 -29.501965 -42.500000 
-11.797681 -22.669931 -45.625000


-8.384769 -25.154307 -37.506250 
-7.142581 -33.228529 -37.506250 
-11.176587 -29.501965 -42.500000 
-8.384769 -25.154307 -37.506250


-14.906256 -34.160170 -44.368750 
-13.971510 -32.296888 -44.375000 
-12.418775 -31.365247 -43.750000 
-14.906256 -34.160170 -44.368750


-13.660963 -12.421880 -45.000000 
-12.418775 -20.496102 -45.625000 
-13.660963 -15.837897 -46.875000 
-13.660963 -12.421880 -45.000000


-13.660963 -12.421880 -45.000000 
-13.039869 -12.421880 -41.250000 
-12.418775 -20.496102 -45.625000 
-13.660963 -12.421880 -45.000000


-10.248051 -46.582050 -40.006250 
-17.080085 -40.681657 -45.006250 
-16.458991 -37.886734 -45.006250 
-10.248051 -46.582050 -40.006250


-11.797681 -22.669931 -45.625000 
-13.350416 -18.943367 -48.125000 
-12.418775 -20.496102 -45.625000 
-11.797681 -22.669931 -45.625000


-11.797681 -22.669931 -45.625000 
-13.350416 -21.738290 -48.750000 
-13.350416 -18.943367 -48.125000 
-11.797681 -22.669931 -45.625000


-27.949230 -29.812512 -55.631250 
-26.396495 -27.331241 -55.625000 
-25.775401 -30.433606 -54.381250 
-27.949230 -29.812512 -55.631250


-21.424638 -31.054700 -51.250000 
-18.008621 -25.154307 -52.500000 
-18.011726 -27.638683 -50.631250 
-21.424638 -31.054700 -51.250000


-21.424638 -31.054700 -51.250000 
-20.496102 -26.396495 -53.131250 
-18.008621 -25.154307 -52.500000 
-21.424638 -31.054700 -51.250000


-11.797681 -22.669931 -45.625000 
-12.418775 -24.843760 -46.875000 
-13.350416 -21.738290 -48.750000 
-11.797681 -22.669931 -45.625000


-26.396495 -27.331241 -55.625000 
-24.533213 -28.573429 -54.375000 
-25.775401 -30.433606 -54.381250 
-26.396495 -27.331241 -55.625000


-19.564461 -61.801958 -39.375000 
-22.980478 -61.491411 -39.375000 
-23.912119 -61.801958 -41.250000 
-19.564461 -61.801958 -39.375000


-22.980478 -29.505070 -53.125000 
-20.806649 -23.601572 -55.006250 
-20.496102 -26.396495 -53.131250 
-22.980478 -29.505070 -53.125000


-22.980478 -29.505070 -53.125000 
-24.533213 -28.573429 -54.375000 
-20.806649 -23.601572 -55.006250 
-22.980478 -29.505070 -53.125000


-16.458991 -37.886734 -45.006250 
-17.080085 -40.681657 -45.006250 
-18.632820 -39.128922 -46.256250 
-16.458991 -37.886734 -45.006250


-27.949230 -62.112505 -48.125000 
-23.601572 -63.665240 -46.250000 
-25.464854 -62.419947 -44.368750 
-27.949230 -62.112505 -48.125000


-22.359384 -64.286334 -51.250000 
-19.875008 -64.286334 -50.625000 
-20.806649 -64.286334 -48.125000 
-22.359384 -64.286334 -51.250000


-12.732427 -63.354693 -44.375000 
-8.384769 -62.419947 -51.881250 
-6.832034 -62.109400 -50.631250 
-12.732427 -63.354693 -44.375000


-16.458991 -37.886734 -45.006250 
-18.632820 -34.781264 -46.881250 
-16.769538 -27.331241 -50.000000 
-16.458991 -37.886734 -45.006250


-23.912119 -61.801958 -41.250000 
-25.464854 -62.419947 -44.368750 
-23.601572 -63.665240 -46.250000 
-23.912119 -61.801958 -41.250000


-2.794923 -61.798853 -48.756250 
-3.416017 -60.246118 -45.618750 
-5.589846 -60.559770 -41.250000 
-2.794923 -61.798853 -48.756250


-17.076980 -44.408221 -45.000000 
-20.806649 -43.166033 -47.506250 
-18.632820 -39.128922 -46.256250 
-17.076980 -44.408221 -45.000000


-17.080085 -40.681657 -45.006250 
-17.076980 -44.408221 -45.000000 
-18.632820 -39.128922 -46.256250 
-17.080085 -40.681657 -45.006250


-19.564461 -61.801958 -39.375000 
-23.912119 -61.801958 -41.250000 
-23.601572 -63.665240 -46.250000 
-19.564461 -61.801958 -39.375000


-18.632820 -62.733599 -43.750000 
-19.564461 -61.801958 -39.375000 
-23.601572 -63.665240 -46.250000 
-18.632820 -62.733599 -43.750000


-22.359384 -64.286334 -51.250000 
-22.980478 -62.112505 -56.250000 
-20.806649 -62.109400 -55.006250 
-22.359384 -64.286334 -51.250000


-29.812512 -56.519554 -60.006250 
-27.638683 -56.519554 -58.131250 
-25.154307 -61.177759 -62.506250 
-29.812512 -56.519554 -60.006250


-27.328136 -58.693383 -38.118750 
-30.126164 -57.451195 -41.875000 
-28.259777 -59.935571 -43.118750 
-27.328136 -58.693383 -38.118750


-22.980478 -41.923845 -49.381250 
-22.359384 -34.781264 -50.631250 
-21.117196 -39.439469 -48.131250 
-22.980478 -41.923845 -49.381250


-35.716010 -48.445332 -40.000000 
-36.026557 -49.376973 -43.750000 
-34.784369 -50.308614 -40.000000 
-35.716010 -48.445332 -40.000000


-22.980478 -41.923845 -49.381250 
-20.806649 -43.166033 -47.506250 
-24.222666 -46.271503 -50.631250 
-22.980478 -41.923845 -49.381250


-23.601572 -35.712905 -51.256250 
-25.154307 -34.160170 -53.131250 
-22.359384 -34.781264 -50.631250 
-23.601572 -35.712905 -51.256250


-33.231634 -55.587913 -46.250000 
-30.126164 -57.451195 -41.875000 
-32.921087 -53.103537 -40.625000 
-33.231634 -55.587913 -46.250000


-21.738290 -46.271503 -48.131250 
-24.222666 -46.271503 -50.631250 
-20.806649 -43.166033 -47.506250 
-21.738290 -46.271503 -48.131250


-23.601572 -63.665240 -46.250000 
-27.949230 -62.112505 -48.125000 
-26.085948 -63.354693 -51.250000 
-23.601572 -63.665240 -46.250000


-29.501965 -61.801958 -55.000000 
-26.085948 -63.354693 -51.250000 
-27.949230 -62.112505 -48.125000 
-29.501965 -61.801958 -55.000000


-29.501965 -61.801958 -55.000000 
-27.949230 -62.112505 -48.125000 
-31.675794 -59.935571 -53.743750 
-29.501965 -61.801958 -55.000000


-27.638683 -62.112505 -64.375000 
-23.601572 -61.801958 -61.875000 
-26.085948 -63.354693 -55.000000 
-27.638683 -62.112505 -64.375000


-23.601572 -63.665240 -46.250000 
-26.085948 -63.354693 -51.250000 
-22.359384 -64.286334 -51.250000 
-23.601572 -63.665240 -46.250000


-20.806649 -43.166033 -47.506250 
-17.076980 -44.408221 -45.000000 
-21.738290 -46.271503 -48.131250 
-20.806649 -43.166033 -47.506250


-17.076980 -44.408221 -45.000000 
-18.011726 -50.619161 -46.256250 
-21.738290 -46.271503 -48.131250 
-17.076980 -44.408221 -45.000000


-30.747258 -59.314477 -47.500000 
-31.675794 -59.935571 -53.743750 
-27.949230 -62.112505 -48.125000 
-30.747258 -59.314477 -47.500000


-24.533213 -38.197281 -51.256250 
-23.601572 -35.712905 -51.256250 
-22.359384 -34.781264 -50.631250 
-24.533213 -38.197281 -51.256250


-22.980478 -31.054700 -52.506250 
-21.424638 -31.054700 -51.250000 
-22.359384 -34.781264 -50.631250 
-22.980478 -31.054700 -52.506250


-17.076980 -44.408221 -45.000000 
-10.869145 -58.382836 -48.756250 
-13.353521 -57.140648 -48.131250 
-17.076980 -44.408221 -45.000000


-17.076980 -44.408221 -45.000000 
-9.937504 -56.519554 -46.256250 
-10.869145 -58.382836 -48.756250 
-17.076980 -44.408221 -45.000000


-23.601572 -61.801958 -61.875000 
-27.017589 -61.177759 -63.756250 
-25.154307 -61.177759 -62.506250 
-23.601572 -61.801958 -61.875000


-23.601572 -61.801958 -61.875000 
-27.638683 -62.112505 -64.375000 
-27.017589 -61.177759 -63.756250 
-23.601572 -61.801958 -61.875000


-14.595709 -63.975787 -45.000000 
-18.632820 -62.733599 -43.750000 
-20.806649 -64.286334 -48.125000 
-14.595709 -63.975787 -45.000000


-15.837897 -63.975787 -48.125000 
-14.595709 -63.975787 -45.000000 
-20.806649 -64.286334 -48.125000 
-15.837897 -63.975787 -48.125000


-30.123059 -61.801958 -60.000000 
-27.638683 -62.112505 -64.375000 
-26.085948 -63.354693 -55.000000 
-30.123059 -61.801958 -60.000000


-13.353521 -62.423052 -53.750000 
-19.875008 -64.286334 -50.625000 
-16.148444 -61.798853 -55.631250 
-13.353521 -62.423052 -53.750000


-27.949230 -49.998067 -55.006250 
-28.880871 -53.414084 -56.881250 
-30.433606 -49.998067 -56.881250 
-27.949230 -49.998067 -55.006250


-27.638683 -56.519554 -58.131250 
-22.359384 -60.867212 -60.006250 
-25.154307 -61.177759 -62.506250 
-27.638683 -56.519554 -58.131250


-30.123059 -61.801958 -60.000000 
-26.085948 -63.354693 -55.000000 
-29.191418 -62.112505 -57.500000 
-30.123059 -61.801958 -60.000000


-8.384769 -62.419947 -51.881250 
-15.837897 -63.975787 -48.125000 
-10.869145 -62.423052 -52.500000 
-8.384769 -62.419947 -51.881250


-26.085948 -63.354693 -55.000000 
-29.501965 -61.801958 -55.000000 
-29.191418 -62.112505 -57.500000 
-26.085948 -63.354693 -55.000000


-27.949230 -49.998067 -55.006250 
-27.638683 -56.519554 -58.131250 
-28.880871 -53.414084 -56.881250 
-27.949230 -49.998067 -55.006250


-3.416017 -59.314477 -48.131250 
-2.481271 -60.246118 -48.125000 
-4.037111 -62.112505 -49.375000 
-3.416017 -59.314477 -48.131250


-2.794923 -61.798853 -48.756250 
-4.037111 -62.112505 -49.375000 
-2.481271 -60.246118 -48.125000 
-2.794923 -61.798853 -48.756250


-26.085948 -63.354693 -51.250000 
-29.501965 -61.801958 -55.000000 
-26.085948 -63.354693 -55.000000 
-26.085948 -63.354693 -51.250000


-22.359384 -64.286334 -51.250000 
-26.085948 -63.354693 -51.250000 
-26.085948 -63.354693 -55.000000 
-22.359384 -64.286334 -51.250000


-22.980478 -62.112505 -56.250000 
-22.359384 -64.286334 -51.250000 
-26.085948 -63.354693 -55.000000 
-22.980478 -62.112505 -56.250000


-8.074222 -58.693383 -48.131250 
-3.416017 -59.314477 -48.131250 
-9.316410 -61.488306 -51.881250 
-8.074222 -58.693383 -48.131250


-32.917982 -52.792990 -60.631250 
-25.154307 -61.177759 -62.506250 
-27.017589 -61.177759 -63.756250 
-32.917982 -52.792990 -60.631250


-32.917982 -52.792990 -60.631250 
-29.812512 -56.519554 -60.006250 
-25.154307 -61.177759 -62.506250 
-32.917982 -52.792990 -60.631250


-27.638683 -45.650409 -53.756250 
-27.949230 -41.302751 -53.756250 
-25.464854 -42.855486 -51.881250 
-27.638683 -45.650409 -53.756250


-27.638683 -45.650409 -53.756250 
-25.464854 -42.855486 -51.881250 
-25.464854 -46.892597 -51.881250 
-27.638683 -45.650409 -53.756250


-24.533213 -38.197281 -51.256250 
-22.980478 -41.923845 -49.381250 
-25.464854 -42.855486 -51.881250 
-24.533213 -38.197281 -51.256250


-22.980478 -41.923845 -49.381250 
-24.222666 -46.271503 -50.631250 
-25.464854 -42.855486 -51.881250 
-22.980478 -41.923845 -49.381250


-24.222666 -46.271503 -50.631250 
-25.464854 -46.892597 -51.881250 
-25.464854 -42.855486 -51.881250 
-24.222666 -46.271503 -50.631250


-29.501965 -31.365247 -56.256250 
-27.949230 -29.812512 -55.631250 
-25.775401 -30.433606 -54.381250 
-29.501965 -31.365247 -56.256250


-25.464854 -42.855486 -51.881250 
-26.085948 -36.644546 -53.131250 
-24.533213 -38.197281 -51.256250 
-25.464854 -42.855486 -51.881250


-27.949230 -41.302751 -53.756250 
-28.259777 -37.886734 -54.381250 
-26.085948 -36.644546 -53.131250 
-27.949230 -41.302751 -53.756250


-27.949230 -41.302751 -53.756250 
-26.085948 -36.644546 -53.131250 
-25.464854 -42.855486 -51.881250 
-27.949230 -41.302751 -53.756250


-28.259777 -37.886734 -54.381250 
-28.259777 -36.023452 -54.381250 
-25.154307 -34.160170 -53.131250 
-28.259777 -37.886734 -54.381250


-26.085948 -36.644546 -53.131250 
-28.259777 -37.886734 -54.381250 
-25.154307 -34.160170 -53.131250 
-26.085948 -36.644546 -53.131250


-28.259777 -36.023452 -54.381250 
-27.638683 -33.539076 -54.381250 
-25.154307 -34.160170 -53.131250 
-28.259777 -36.023452 -54.381250


-25.464854 -31.986341 -53.756250 
-25.154307 -34.160170 -53.131250 
-27.638683 -33.539076 -54.381250 
-25.464854 -31.986341 -53.756250


-18.011726 -61.177759 -56.881250 
-24.222666 -51.240255 -51.881250 
-19.253914 -58.072289 -52.506250 
-18.011726 -61.177759 -56.881250


-24.222666 -23.601572 -56.256250 
-22.980478 -25.154307 -55.006250 
-25.154307 -24.533213 -56.256250 
-24.222666 -23.601572 -56.256250


-25.154307 -24.533213 -56.256250 
-25.775401 -22.359384 -57.506250 
-24.222666 -23.601572 -56.256250 
-25.154307 -24.533213 -56.256250


-20.806649 -21.117196 -56.256250 
-18.943367 -22.359384 -54.381250 
-20.806649 -23.601572 -55.006250 
-20.806649 -21.117196 -56.256250


-20.806649 -21.117196 -56.256250 
-20.806649 -23.601572 -55.006250 
-22.048837 -22.980478 -55.631250 
-20.806649 -21.117196 -56.256250


-16.148444 -19.875008 -54.381250 
-18.943367 -22.359384 -54.381250 
-20.806649 -21.117196 -56.256250 
-16.148444 -19.875008 -54.381250


-24.222666 -23.601572 -56.256250 
-20.806649 -23.601572 -55.006250 
-22.980478 -25.154307 -55.006250 
-24.222666 -23.601572 -56.256250


-22.048837 -22.980478 -55.631250 
-20.806649 -23.601572 -55.006250 
-24.222666 -23.601572 -56.256250 
-22.048837 -22.980478 -55.631250


-8.384769 -62.419947 -51.881250 
-12.421880 -61.177759 -53.131250 
-9.316410 -61.488306 -51.881250 
-8.384769 -62.419947 -51.881250


-27.017589 -26.707042 -56.256250 
-25.154307 -24.533213 -56.256250 
-24.533213 -28.573429 -54.375000 
-27.017589 -26.707042 -56.256250


-26.396495 -27.331241 -55.625000 
-27.017589 -26.707042 -56.256250 
-24.533213 -28.573429 -54.375000 
-26.396495 -27.331241 -55.625000


-25.154307 -24.533213 -56.256250 
-22.980478 -25.154307 -55.006250 
-24.533213 -28.573429 -54.375000 
-25.154307 -24.533213 -56.256250


-20.496102 -26.396495 -53.131250 
-20.806649 -23.601572 -55.006250 
-18.008621 -25.154307 -52.500000 
-20.496102 -26.396495 -53.131250


-26.085948 -36.644546 -53.131250 
-25.154307 -34.160170 -53.131250 
-23.601572 -35.712905 -51.256250 
-26.085948 -36.644546 -53.131250


-22.359384 -34.781264 -50.631250 
-25.154307 -34.160170 -53.131250 
-22.980478 -31.054700 -52.506250 
-22.359384 -34.781264 -50.631250


-18.011726 -27.638683 -50.631250 
-18.008621 -25.154307 -52.500000 
-16.769538 -27.331241 -50.000000 
-18.011726 -27.638683 -50.631250


-25.464854 -31.986341 -53.756250 
-25.775401 -30.433606 -54.381250 
-24.533213 -28.573429 -54.375000 
-25.464854 -31.986341 -53.756250


-22.980478 -29.505070 -53.125000 
-25.464854 -31.986341 -53.756250 
-24.533213 -28.573429 -54.375000 
-22.980478 -29.505070 -53.125000


-19.875008 -64.286334 -50.625000 
-22.359384 -64.286334 -51.250000 
-20.806649 -62.109400 -55.006250 
-19.875008 -64.286334 -50.625000


-26.707042 -61.488306 -43.743750 
-27.949230 -62.112505 -48.125000 
-25.464854 -62.419947 -44.368750 
-26.707042 -61.488306 -43.743750


-21.738290 -46.271503 -48.131250 
-18.011726 -50.619161 -46.256250 
-20.806649 -50.308614 -48.131250 
-21.738290 -46.271503 -48.131250


-22.669931 -48.445332 -49.381250 
-21.738290 -46.271503 -48.131250 
-20.806649 -50.308614 -48.131250 
-22.669931 -48.445332 -49.381250


-19.253914 -29.812512 -50.006250 
-21.424638 -31.054700 -51.250000 
-18.011726 -27.638683 -50.631250 
-19.253914 -29.812512 -50.006250


-22.980478 -41.923845 -49.381250 
-21.117196 -39.439469 -48.131250 
-20.806649 -43.166033 -47.506250 
-22.980478 -41.923845 -49.381250


-20.496102 -34.781264 -48.756250 
-18.632820 -39.128922 -46.256250 
-21.117196 -39.439469 -48.131250 
-20.496102 -34.781264 -48.756250


-22.359384 -34.781264 -50.631250 
-20.496102 -34.781264 -48.756250 
-21.117196 -39.439469 -48.131250 
-22.359384 -34.781264 -50.631250


-25.464854 -49.376973 -52.506250 
-21.427743 -61.177759 -60.006250 
-27.949230 -49.998067 -55.006250 
-25.464854 -49.376973 -52.506250


-25.464854 -49.376973 -52.506250 
-24.533213 -54.345725 -53.756250 
-21.427743 -61.177759 -60.006250 
-25.464854 -49.376973 -52.506250


-22.359384 -34.781264 -50.631250 
-21.424638 -31.054700 -51.250000 
-19.253914 -29.812512 -50.006250 
-22.359384 -34.781264 -50.631250


-20.496102 -34.781264 -48.756250 
-22.359384 -34.781264 -50.631250 
-19.253914 -29.812512 -50.006250 
-20.496102 -34.781264 -48.756250


-23.291025 -21.117196 -56.881250 
-26.396495 -18.322273 -60.006250 
-20.806649 -21.117196 -56.256250 
-23.291025 -21.117196 -56.881250


-22.669931 -18.011726 -58.131250 
-20.806649 -21.117196 -56.256250 
-26.396495 -18.322273 -60.006250 
-22.669931 -18.011726 -58.131250


-22.048837 -22.980478 -55.631250 
-24.222666 -23.601572 -56.256250 
-20.806649 -21.117196 -56.256250 
-22.048837 -22.980478 -55.631250


-25.775401 -22.359384 -57.506250 
-20.806649 -21.117196 -56.256250 
-24.222666 -23.601572 -56.256250 
-25.775401 -22.359384 -57.506250


-25.775401 -22.359384 -57.506250 
-23.291025 -21.117196 -56.881250 
-20.806649 -21.117196 -56.256250 
-25.775401 -22.359384 -57.506250


-8.074222 -58.693383 -48.131250 
-9.316410 -61.488306 -51.881250 
-10.869145 -58.382836 -48.756250 
-8.074222 -58.693383 -48.131250


-21.427743 -16.148444 -58.756250 
-17.390632 -15.216803 -57.506250 
-20.806649 -21.117196 -56.256250 
-21.427743 -16.148444 -58.756250


-22.669931 -18.011726 -58.131250 
-21.427743 -16.148444 -58.756250 
-20.806649 -21.117196 -56.256250 
-22.669931 -18.011726 -58.131250


-8.384769 -62.419947 -51.881250 
-14.595709 -63.975787 -45.000000 
-15.837897 -63.975787 -48.125000 
-8.384769 -62.419947 -51.881250


-8.384769 -62.419947 -51.881250 
-12.732427 -63.354693 -44.375000 
-14.595709 -63.975787 -45.000000 
-8.384769 -62.419947 -51.881250


-13.664068 -24.222666 -49.381250 
-12.418775 -24.843760 -46.875000 
-12.418775 -26.396495 -46.250000 
-13.664068 -24.222666 -49.381250


-13.664068 -24.222666 -49.381250 
-15.527350 -25.154307 -50.631250 
-14.595709 -23.912119 -50.631250 
-13.664068 -24.222666 -49.381250


-15.837897 -63.975787 -48.125000 
-18.011726 -63.975787 -49.375000 
-19.875008 -64.286334 -50.625000 
-15.837897 -63.975787 -48.125000


-13.353521 -62.423052 -53.750000 
-15.837897 -63.975787 -48.125000 
-19.875008 -64.286334 -50.625000 
-13.353521 -62.423052 -53.750000


-18.011726 -61.177759 -56.881250 
-19.253914 -58.072289 -52.506250 
-15.216803 -60.246118 -53.131250 
-18.011726 -61.177759 -56.881250


-18.011726 -50.619161 -46.256250 
-17.076980 -44.408221 -45.000000 
-13.353521 -57.140648 -48.131250 
-18.011726 -50.619161 -46.256250


-16.458991 -37.886734 -45.006250 
-16.769538 -27.331241 -50.000000 
-14.906256 -34.160170 -44.368750 
-16.458991 -37.886734 -45.006250


-19.253914 -29.812512 -50.006250 
-18.011726 -27.638683 -50.631250 
-16.769538 -27.331241 -50.000000 
-19.253914 -29.812512 -50.006250


-19.875008 -64.286334 -50.625000 
-18.011726 -63.975787 -49.375000 
-20.806649 -64.286334 -48.125000 
-19.875008 -64.286334 -50.625000


-15.837897 -63.975787 -48.125000 
-13.353521 -62.423052 -53.750000 
-10.869145 -62.423052 -52.500000 
-15.837897 -63.975787 -48.125000


-21.427743 -61.177759 -60.006250 
-24.533213 -54.345725 -53.756250 
-20.185555 -61.177759 -58.756250 
-21.427743 -61.177759 -60.006250


-15.216803 -60.246118 -53.131250 
-13.353521 -57.140648 -48.131250 
-10.869145 -58.382836 -48.756250 
-15.216803 -60.246118 -53.131250


-21.427743 -61.177759 -60.006250 
-20.185555 -61.177759 -58.756250 
-23.601572 -61.801958 -61.875000 
-21.427743 -61.177759 -60.006250


-18.011726 -50.619161 -46.256250 
-13.353521 -57.140648 -48.131250 
-15.216803 -60.246118 -53.131250 
-18.011726 -50.619161 -46.256250


-20.806649 -50.308614 -48.131250 
-18.011726 -50.619161 -46.256250 
-15.216803 -60.246118 -53.131250 
-20.806649 -50.308614 -48.131250


-15.216803 -60.246118 -53.131250 
-19.253914 -58.072289 -52.506250 
-23.601572 -49.687520 -50.631250 
-15.216803 -60.246118 -53.131250


-15.216803 -60.246118 -53.131250 
-23.601572 -49.687520 -50.631250 
-22.669931 -48.445332 -49.381250 
-15.216803 -60.246118 -53.131250


-15.216803 -60.246118 -53.131250 
-22.669931 -48.445332 -49.381250 
-20.806649 -50.308614 -48.131250 
-15.216803 -60.246118 -53.131250


-15.837897 -63.975787 -48.125000 
-20.806649 -64.286334 -48.125000 
-18.011726 -63.975787 -49.375000 
-15.837897 -63.975787 -48.125000


-2.481271 -60.246118 -48.125000 
-3.416017 -59.314477 -48.131250 
-4.034006 -56.830101 -44.375000 
-2.481271 -60.246118 -48.125000


-2.481271 -60.246118 -48.125000 
-4.034006 -56.830101 -44.375000 
-3.416017 -60.246118 -45.618750 
-2.481271 -60.246118 -48.125000


-22.359384 -64.286334 -51.250000 
-20.806649 -64.286334 -48.125000 
-23.601572 -63.665240 -46.250000 
-22.359384 -64.286334 -51.250000


-19.875008 -64.286334 -50.625000 
-20.806649 -62.109400 -55.006250 
-16.148444 -61.798853 -55.631250 
-19.875008 -64.286334 -50.625000


-4.037111 -62.112505 -49.375000 
-8.384769 -62.419947 -51.881250 
-3.416017 -59.314477 -48.131250 
-4.037111 -62.112505 -49.375000


-4.037111 -62.112505 -49.375000 
-6.832034 -62.109400 -50.631250 
-8.384769 -62.419947 -51.881250 
-4.037111 -62.112505 -49.375000


-13.353521 -62.423052 -53.750000 
-8.384769 -62.419947 -51.881250 
-10.869145 -62.423052 -52.500000 
-13.353521 -62.423052 -53.750000


-12.421880 -61.177759 -53.131250 
-8.384769 -62.419947 -51.881250 
-13.353521 -62.423052 -53.750000 
-12.421880 -61.177759 -53.131250


-20.185555 -61.177759 -58.756250 
-18.011726 -61.177759 -56.881250 
-16.148444 -61.798853 -55.631250 
-20.185555 -61.177759 -58.756250


-20.806649 -62.109400 -55.006250 
-20.185555 -61.177759 -58.756250 
-16.148444 -61.798853 -55.631250 
-20.806649 -62.109400 -55.006250


-24.222666 -51.240255 -51.881250 
-18.011726 -61.177759 -56.881250 
-20.185555 -61.177759 -58.756250 
-24.222666 -51.240255 -51.881250


-24.533213 -54.345725 -53.756250 
-24.222666 -51.240255 -51.881250 
-20.185555 -61.177759 -58.756250 
-24.533213 -54.345725 -53.756250


-8.384769 -62.419947 -51.881250 
-9.316410 -61.488306 -51.881250 
-3.416017 -59.314477 -48.131250 
-8.384769 -62.419947 -51.881250


-10.869145 -58.382836 -48.756250 
-12.421880 -61.177759 -53.131250 
-15.216803 -60.246118 -53.131250 
-10.869145 -58.382836 -48.756250


-16.148444 -61.798853 -55.631250 
-12.421880 -61.177759 -53.131250 
-13.353521 -62.423052 -53.750000 
-16.148444 -61.798853 -55.631250


-18.011726 -61.177759 -56.881250 
-15.216803 -60.246118 -53.131250 
-12.421880 -61.177759 -53.131250 
-18.011726 -61.177759 -56.881250


-16.148444 -61.798853 -55.631250 
-18.011726 -61.177759 -56.881250 
-12.421880 -61.177759 -53.131250 
-16.148444 -61.798853 -55.631250


