960

30.433606 -46.582050 -46.256250 
30.430501 -46.892597 -41.875000 
30.433606 -44.408221 -43.131250 
30.433606 -46.582050 -46.256250


30.433606 -46.582050 -46.256250 
30.433606 -44.408221 -43.131250 
31.675794 -45.960956 -45.006250 
30.433606 -46.582050 -46.256250


29.188313 -57.761742 -53.125000 
28.877766 -55.587913 -49.375000 
29.501965 -55.587913 -51.256250 
29.188313 -57.761742 -53.125000


27.949230 -59.935571 -51.256250 
28.877766 -55.587913 -49.375000 
29.188313 -57.761742 -53.125000 
27.949230 -59.935571 -51.256250


38.818375 -26.085948 -11.881250 
38.815270 -26.396495 -20.000000 
40.368005 -28.880871 -16.875000 
38.818375 -26.085948 -11.881250


39.128922 -24.222666 -16.868750 
38.815270 -26.396495 -20.000000 
38.818375 -26.085948 -11.881250 
39.128922 -24.222666 -16.868750


44.408221 -34.781264 -14.368750 
42.544939 -36.958198 -12.500000 
42.858591 -39.439469 -15.000000 
44.408221 -34.781264 -14.368750


33.849623 -42.544939 -33.743750 
36.644546 -48.134785 -29.993750 
36.330894 -43.787127 -30.625000 
33.849623 -42.544939 -33.743750


33.849623 -42.544939 -33.743750 
35.091811 -47.203144 -33.743750 
36.644546 -48.134785 -29.993750 
33.849623 -42.544939 -33.743750


31.365247 -19.564461 -29.993750 
34.467612 -22.980478 -26.875000 
32.917982 -20.182450 -26.250000 
31.365247 -19.564461 -29.993750


30.123059 -59.625024 -41.868750 
31.365247 -59.314477 -39.993750 
32.296888 -57.451195 -37.493750 
30.123059 -59.625024 -41.868750


31.365247 -54.035178 -43.118750 
30.123059 -59.625024 -41.868750 
32.296888 -57.451195 -37.493750 
31.365247 -54.035178 -43.118750


47.824238 -16.458991 -33.131250 
44.718768 -13.042974 -32.506250 
46.582050 -14.906256 -32.506250 
47.824238 -16.458991 -33.131250


47.824238 -16.458991 -33.131250 
42.234392 -16.148444 -33.131250 
44.718768 -13.042974 -32.506250 
47.824238 -16.458991 -33.131250


42.855486 -42.234392 -42.506250 
39.128922 -41.923845 -42.506250 
44.408221 -38.818375 -41.256250 
42.855486 -42.234392 -42.506250


36.955093 -57.764847 -36.875000 
40.060563 -55.587913 -34.993750 
38.507828 -56.212112 -33.125000 
36.955093 -57.764847 -36.875000


27.638683 -59.935571 -48.743750 
28.877766 -59.625024 -46.250000 
28.259777 -57.451195 -47.493750 
27.638683 -59.935571 -48.743750


31.672689 -40.992204 -35.625000 
30.433606 -41.610193 -39.375000 
31.675794 -44.097674 -38.118750 
31.672689 -40.992204 -35.625000


32.296888 -43.166033 -36.868750 
31.672689 -40.992204 -35.625000 
31.675794 -44.097674 -38.118750 
32.296888 -43.166033 -36.868750


28.256672 -7.142581 -10.625000 
27.949230 -6.214045 -4.375000 
27.017589 -4.968752 -6.243750 
28.256672 -7.142581 -10.625000


35.712905 -58.075394 -30.625000 
36.955093 -57.764847 -36.875000 
38.507828 -56.212112 -33.125000 
35.712905 -58.075394 -30.625000


36.333999 -17.390632 -11.881250 
34.157065 -13.974615 -14.375000 
33.846518 -15.837897 -18.125000 
36.333999 -17.390632 -11.881250


27.328136 -13.664068 -23.743750 
29.815617 -12.111333 -19.375000 
25.154307 -13.974615 -24.993750 
27.328136 -13.664068 -23.743750


33.849623 -42.544939 -33.743750 
31.672689 -40.992204 -35.625000 
32.296888 -43.166033 -36.868750 
33.849623 -42.544939 -33.743750


31.675794 -44.097674 -38.118750 
32.607435 -47.824238 -39.368750 
33.849623 -46.271503 -36.243750 
31.675794 -44.097674 -38.118750


28.877766 -59.625024 -46.250000 
34.160170 -60.870317 -45.625000 
30.123059 -59.625024 -41.868750 
28.877766 -59.625024 -46.250000


40.992204 -35.709800 -38.750000 
41.302751 -33.228529 -37.506250 
43.476580 -36.644546 -40.006250 
40.992204 -35.709800 -38.750000


42.237497 -0.310547 -11.875000 
43.169138 -3.726564 -12.500000 
44.100779 -4.037111 -16.875000 
42.237497 -0.310547 -11.875000


42.237497 -0.310547 -11.875000 
44.100779 -4.037111 -16.875000 
41.616403 1.242188 -16.250000 
42.237497 -0.310547 -11.875000


36.955093 -26.085948 -26.256250 
39.125817 -30.433606 -22.500000 
39.128922 -28.570324 -21.881250 
36.955093 -26.085948 -26.256250


30.744153 -4.968752 -28.131250 
34.160170 -5.900393 -30.631250 
33.228529 -6.832034 -32.506250 
30.744153 -4.968752 -28.131250


30.433606 -46.582050 -46.256250 
30.744153 -49.998067 -42.493750 
30.430501 -46.892597 -41.875000 
30.433606 -46.582050 -46.256250


34.160170 -60.870317 -45.625000 
32.607435 -59.938676 -48.750000 
37.265640 -60.249223 -47.500000 
34.160170 -60.870317 -45.625000


36.330894 -39.439469 -40.000000 
40.992204 -35.709800 -38.750000 
40.992204 -38.504723 -40.000000 
36.330894 -39.439469 -40.000000


36.330894 -39.439469 -40.000000 
36.644546 -37.576187 -38.756250 
40.992204 -35.709800 -38.750000 
36.330894 -39.439469 -40.000000


37.573082 -22.980478 -11.250000 
37.265640 -21.738290 -8.118750 
36.955093 -20.806649 -11.881250 
37.573082 -22.980478 -11.250000


42.855486 -47.203144 -26.256250 
41.613298 -47.513691 -22.493750 
40.995309 -49.376973 -23.750000 
42.855486 -47.203144 -26.256250


37.886734 -10.869145 -31.881250 
35.402358 -11.490239 -32.506250 
35.712905 -9.316410 -31.881250 
37.886734 -10.869145 -31.881250


30.430501 -37.886734 -35.000000 
31.672689 -34.470717 -32.500000 
32.296888 -36.333999 -35.631250 
30.430501 -37.886734 -35.000000


30.430501 -37.886734 -35.000000 
31.675794 -35.709800 -33.125000 
31.672689 -34.470717 -32.500000 
30.430501 -37.886734 -35.000000


40.681657 -24.843760 -33.131250 
40.681657 -29.188313 -35.625000 
38.818375 -24.843760 -32.506250 
40.681657 -24.843760 -33.131250


37.265640 -29.191418 -34.381250 
38.818375 -24.843760 -32.506250 
40.681657 -29.188313 -35.625000 
37.265640 -29.191418 -34.381250


29.501965 -1.552735 -6.243750 
31.365247 -2.173829 -3.118750 
33.539076 -0.310547 -3.118750 
29.501965 -1.552735 -6.243750


29.812512 -2.794923 -4.993750 
31.365247 -2.173829 -3.118750 
29.501965 -1.552735 -6.243750 
29.812512 -2.794923 -4.993750


27.638683 -16.458991 -26.881250 
28.880871 -16.458991 -24.993750 
27.638683 -15.527350 -24.993750 
27.638683 -16.458991 -26.881250


36.333999 -18.011726 -8.118750 
37.265640 -21.738290 -8.118750 
36.641441 -17.080085 -5.000000 
36.333999 -18.011726 -8.118750


27.949230 -6.214045 -4.375000 
30.123059 -5.589846 -2.493750 
31.365247 -2.173829 -3.118750 
27.949230 -6.214045 -4.375000


29.812512 -2.794923 -4.993750 
27.949230 -6.214045 -4.375000 
31.365247 -2.173829 -3.118750 
29.812512 -2.794923 -4.993750


33.849623 -32.917982 -34.381250 
32.296888 -36.333999 -35.631250 
31.672689 -34.470717 -32.500000 
33.849623 -32.917982 -34.381250


38.197281 5.592951 -8.125000 
37.265640 3.726564 -11.256250 
36.023452 4.350763 -8.750000 
38.197281 5.592951 -8.125000


31.365247 1.866387 -9.375000 
29.501965 -1.552735 -6.243750 
33.849623 1.863282 -6.868750 
31.365247 1.866387 -9.375000


30.433606 -7.763675 -3.118750 
34.781264 -3.726564 -0.618750 
30.123059 -5.589846 -2.493750 
30.433606 -7.763675 -3.118750


30.433606 -7.763675 -3.118750 
34.470717 -6.521487 -2.493750 
34.781264 -3.726564 -0.618750 
30.433606 -7.763675 -3.118750


31.675794 -3.726564 -1.868750 
31.365247 -2.173829 -3.118750 
30.123059 -5.589846 -2.493750 
31.675794 -3.726564 -1.868750


32.607435 -59.938676 -48.750000 
27.638683 -59.935571 -48.743750 
27.949230 -59.935571 -51.256250 
32.607435 -59.938676 -48.750000


43.166033 -31.986341 -36.881250 
43.476580 -36.644546 -40.006250 
41.302751 -33.228529 -37.506250 
43.166033 -31.986341 -36.881250


43.166033 -31.986341 -36.881250 
44.718768 -33.228529 -37.506250 
43.476580 -36.644546 -40.006250 
43.166033 -31.986341 -36.881250


35.402358 -13.664068 -33.131250 
37.576187 -15.527350 -33.131250 
31.986341 -14.906256 -33.756250 
35.402358 -13.664068 -33.131250


35.399253 -16.458991 -8.750000 
36.333999 -17.390632 -11.881250 
36.955093 -20.806649 -11.881250 
35.399253 -16.458991 -8.750000


25.464854 -6.832034 -28.131250 
22.359384 -6.832034 -22.493750 
24.533213 -4.968752 -22.493750 
25.464854 -6.832034 -28.131250


41.616403 -0.931641 -5.625000 
42.237497 -0.310547 -11.875000 
40.684762 0.621094 -8.750000 
41.616403 -0.931641 -5.625000


41.616403 -0.931641 -5.625000 
41.926950 -2.173829 -6.250000 
42.237497 -0.310547 -11.875000 
41.616403 -0.931641 -5.625000


36.023452 -32.296888 -36.256250 
38.507828 -31.986341 -36.881250 
36.644546 -33.849623 -37.506250 
36.023452 -32.296888 -36.256250


45.342967 -9.005863 -19.375000 
45.653514 -10.248051 -15.000000 
46.582050 -13.664068 -21.881250 
45.342967 -9.005863 -19.375000


33.539076 -0.310547 -3.118750 
31.365247 -2.173829 -3.118750 
31.675794 -3.726564 -1.868750 
33.539076 -0.310547 -3.118750


44.408221 -51.240255 -39.993750 
45.032420 -53.414084 -43.750000 
45.964061 -51.240255 -43.750000 
44.408221 -51.240255 -39.993750


39.125817 -30.433606 -22.500000 
38.818375 -33.539076 -24.993750 
39.125817 -34.781264 -23.125000 
39.125817 -30.433606 -22.500000


48.755879 -24.533213 -31.881250 
48.755879 -26.396495 -33.131250 
48.755879 -19.564461 -31.256250 
48.755879 -24.533213 -31.881250


47.824238 -16.458991 -33.131250 
48.755879 -19.564461 -31.256250 
48.755879 -26.396495 -33.131250 
47.824238 -16.458991 -33.131250


33.849623 0.000000 -13.756250 
31.675794 -1.242188 -14.381250 
29.812512 -0.621094 -11.881250 
33.849623 0.000000 -13.756250


45.032420 -6.832034 -23.750000 
43.787127 -4.347658 -21.868750 
45.032420 -7.453128 -17.500000 
45.032420 -6.832034 -23.750000


45.032420 -17.390632 -6.875000 
44.411326 -22.980478 -5.000000 
45.032420 -23.291025 -11.250000 
45.032420 -17.390632 -6.875000


35.402358 1.863282 -12.506250 
37.576187 2.484376 -12.506250 
38.507828 1.242188 -15.006250 
35.402358 1.863282 -12.506250


36.644546 0.313652 -15.000000 
35.402358 1.863282 -12.506250 
38.507828 1.242188 -15.006250 
36.644546 0.313652 -15.000000


45.342967 -9.316410 -22.500000 
45.029315 -8.384769 -21.881250 
45.342967 -9.005863 -19.375000 
45.342967 -9.316410 -22.500000


36.644546 -28.880871 -33.756250 
35.712905 -31.054700 -34.381250 
34.781264 -28.880871 -31.881250 
36.644546 -28.880871 -33.756250


44.411326 -22.980478 -5.000000 
44.100779 -25.775401 -5.625000 
45.032420 -25.464854 -10.000000 
44.411326 -22.980478 -5.000000


45.653514 -32.607435 -16.250000 
46.585155 -30.123059 -18.750000 
45.339862 -30.433606 -14.368750 
45.653514 -32.607435 -16.250000


25.464854 -6.832034 -28.131250 
26.707042 -8.695316 -30.631250 
26.085948 -9.937504 -28.756250 
25.464854 -6.832034 -28.131250


26.707042 -6.832034 -30.006250 
26.707042 -8.695316 -30.631250 
25.464854 -6.832034 -28.131250 
26.707042 -6.832034 -30.006250


37.265640 -21.738290 -8.118750 
35.399253 -16.458991 -8.750000 
36.955093 -20.806649 -11.881250 
37.265640 -21.738290 -8.118750


37.265640 -21.738290 -8.118750 
36.333999 -18.011726 -8.118750 
35.399253 -16.458991 -8.750000 
37.265640 -21.738290 -8.118750


46.274608 -9.937504 -25.625000 
45.342967 -9.316410 -22.500000 
45.960956 -11.490239 -21.881250 
46.274608 -9.937504 -25.625000


30.433606 -59.628129 -52.500000 
31.986341 -58.382836 -56.256250 
33.849623 -58.693383 -57.506250 
30.433606 -59.628129 -52.500000


35.091811 -58.696488 -51.250000 
30.433606 -59.628129 -52.500000 
33.849623 -58.693383 -57.506250 
35.091811 -58.696488 -51.250000


37.265640 -48.445332 -23.131250 
38.504723 -43.476580 -23.125000 
36.330894 -43.787127 -30.625000 
37.265640 -48.445332 -23.131250


46.585155 -33.849623 -21.875000 
45.342967 -35.712905 -18.125000 
45.029315 -37.579292 -20.000000 
46.585155 -33.849623 -21.875000


35.712905 -58.075394 -30.625000 
38.507828 -56.212112 -33.125000 
39.753121 -53.103537 -26.875000 
35.712905 -58.075394 -30.625000


23.291025 -5.279299 -14.368750 
27.014484 -2.794923 -10.625000 
29.812512 -0.621094 -11.881250 
23.291025 -5.279299 -14.368750


36.644546 -48.134785 -29.993750 
35.709800 -52.792990 -28.125000 
36.330894 -50.929708 -25.625000 
36.644546 -48.134785 -29.993750


45.342967 -46.892597 -35.000000 
43.787127 -47.824238 -31.243750 
44.097674 -50.001172 -36.250000 
45.342967 -46.892597 -35.000000


33.849623 -46.271503 -36.243750 
33.849623 -42.544939 -33.743750 
32.296888 -43.166033 -36.868750 
33.849623 -46.271503 -36.243750


35.712905 -44.094569 -43.125000 
35.712905 -41.923845 -41.881250 
37.886734 -43.476580 -43.131250 
35.712905 -44.094569 -43.125000


48.137890 -18.011726 -28.750000 
48.448437 -22.359384 -28.750000 
48.755879 -19.564461 -31.256250 
48.137890 -18.011726 -28.750000


44.411326 -3.416017 -25.000000 
43.787127 -4.347658 -21.868750 
45.032420 -6.832034 -23.750000 
44.411326 -3.416017 -25.000000


42.855486 -42.234392 -42.506250 
45.339862 -41.923845 -42.506250 
45.960956 -46.582050 -45.006250 
42.855486 -42.234392 -42.506250


27.949230 -59.935571 -51.256250 
30.433606 -59.628129 -52.500000 
32.607435 -59.938676 -48.750000 
27.949230 -59.935571 -51.256250


30.433606 -59.628129 -52.500000 
35.091811 -58.696488 -51.250000 
32.607435 -59.938676 -48.750000 
30.433606 -59.628129 -52.500000


42.858591 -39.439469 -15.000000 
42.855486 -41.923845 -17.493750 
44.100779 -39.750016 -18.750000 
42.858591 -39.439469 -15.000000


40.995309 -49.376973 -23.750000 
40.060563 -49.998067 -23.118750 
41.302751 -50.622266 -26.250000 
40.995309 -49.376973 -23.750000


37.883629 -46.582050 -20.000000 
37.265640 -48.445332 -23.131250 
36.023452 -50.308614 -19.381250 
37.883629 -46.582050 -20.000000


32.607435 -59.938676 -48.750000 
34.160170 -60.870317 -45.625000 
27.638683 -59.935571 -48.743750 
32.607435 -59.938676 -48.750000


28.877766 -59.625024 -46.250000 
27.638683 -59.935571 -48.743750 
34.160170 -60.870317 -45.625000 
28.877766 -59.625024 -46.250000


33.225424 -56.830101 -34.375000 
32.296888 -57.451195 -37.493750 
33.228529 -58.075394 -36.250000 
33.225424 -56.830101 -34.375000


31.365247 -59.314477 -39.993750 
36.955093 -57.764847 -36.875000 
33.228529 -58.075394 -36.250000 
31.365247 -59.314477 -39.993750


31.365247 -59.314477 -39.993750 
36.333999 -58.385941 -40.625000 
36.955093 -57.764847 -36.875000 
31.365247 -59.314477 -39.993750


32.917982 -39.750016 -39.381250 
30.741048 -39.128922 -36.875000 
32.296888 -36.333999 -35.631250 
32.917982 -39.750016 -39.381250


32.917982 -39.750016 -39.381250 
32.296888 -36.333999 -35.631250 
34.160170 -36.023452 -36.881250 
32.917982 -39.750016 -39.381250


47.827343 -15.216803 -30.000000 
46.582050 -9.937504 -28.756250 
46.895702 -14.595709 -25.000000 
47.827343 -15.216803 -30.000000


40.371110 -52.171896 -48.131250 
42.234392 -58.072289 -51.881250 
39.750016 -53.724631 -48.756250 
40.371110 -52.171896 -48.131250


30.741048 -50.619161 -46.250000 
28.877766 -55.587913 -49.375000 
28.259777 -57.451195 -47.493750 
30.741048 -50.619161 -46.250000


27.638683 -59.935571 -48.743750 
28.259777 -57.451195 -47.493750 
28.877766 -55.587913 -49.375000 
27.638683 -59.935571 -48.743750


27.949230 -59.935571 -51.256250 
27.638683 -59.935571 -48.743750 
28.877766 -55.587913 -49.375000 
27.949230 -59.935571 -51.256250


23.291025 -9.316410 -24.381250 
25.464854 -6.832034 -28.131250 
26.085948 -9.937504 -28.756250 
23.291025 -9.316410 -24.381250


31.986341 -58.382836 -56.256250 
29.188313 -57.761742 -53.125000 
31.054700 -57.761742 -55.006250 
31.986341 -58.382836 -56.256250


29.188313 -57.761742 -53.125000 
29.501965 -55.587913 -51.256250 
31.986341 -55.898460 -54.381250 
29.188313 -57.761742 -53.125000


31.986341 -58.382836 -56.256250 
27.949230 -59.935571 -51.256250 
29.188313 -57.761742 -53.125000 
31.986341 -58.382836 -56.256250


31.986341 -58.382836 -56.256250 
30.433606 -59.628129 -52.500000 
27.949230 -59.935571 -51.256250 
31.986341 -58.382836 -56.256250


30.744153 -49.998067 -42.493750 
31.675794 -49.066426 -40.618750 
30.430501 -46.892597 -41.875000 
30.744153 -49.998067 -42.493750


29.188313 -57.761742 -53.125000 
31.986341 -55.898460 -54.381250 
31.054700 -57.761742 -55.006250 
29.188313 -57.761742 -53.125000


41.613298 -56.522659 -41.250000 
42.548044 -53.103537 -38.125000 
41.613298 -54.656272 -36.868750 
41.613298 -56.522659 -41.250000


32.296888 -49.376973 -48.131250 
32.917982 -46.892597 -45.631250 
37.886734 -45.650409 -45.006250 
32.296888 -49.376973 -48.131250


29.501965 -4.344553 -26.250000 
26.707042 -6.832034 -30.006250 
25.464854 -6.832034 -28.131250 
29.501965 -4.344553 -26.250000


29.501965 -4.344553 -26.250000 
30.744153 -4.968752 -28.131250 
26.707042 -6.832034 -30.006250 
29.501965 -4.344553 -26.250000


32.296888 -49.376973 -48.131250 
30.433606 -46.582050 -46.256250 
32.917982 -46.892597 -45.631250 
32.296888 -49.376973 -48.131250


32.607435 -59.938676 -48.750000 
35.091811 -58.696488 -51.250000 
37.265640 -60.249223 -47.500000 
32.607435 -59.938676 -48.750000


37.265640 -21.738290 -8.118750 
38.197281 -21.117196 -4.368750 
36.641441 -17.080085 -5.000000 
37.265640 -21.738290 -8.118750


45.342967 -46.892597 -35.000000 
45.029315 -48.448437 -37.500000 
46.892597 -45.653514 -40.000000 
45.342967 -46.892597 -35.000000


36.333999 -58.385941 -40.625000 
39.128922 -57.451195 -39.993750 
36.955093 -57.764847 -36.875000 
36.333999 -58.385941 -40.625000


41.923845 -58.075394 -45.000000 
37.265640 -60.249223 -47.500000 
39.750016 -59.628129 -49.375000 
41.923845 -58.075394 -45.000000


41.923845 -58.075394 -45.000000 
38.818375 -58.696488 -43.750000 
37.265640 -60.249223 -47.500000 
41.923845 -58.075394 -45.000000


31.986341 -55.898460 -54.381250 
34.160170 -57.451195 -57.506250 
31.986341 -58.382836 -56.256250 
31.986341 -55.898460 -54.381250


31.054700 -57.761742 -55.006250 
31.986341 -55.898460 -54.381250 
31.986341 -58.382836 -56.256250 
31.054700 -57.761742 -55.006250


30.433606 -44.408221 -43.131250 
30.430501 -46.892597 -41.875000 
30.433606 -43.787127 -41.881250 
30.433606 -44.408221 -43.131250


33.228529 -6.832034 -32.506250 
37.886734 -5.279299 -30.631250 
37.265640 -7.142581 -31.256250 
33.228529 -6.832034 -32.506250


33.228529 -6.832034 -32.506250 
34.160170 -5.900393 -30.631250 
37.886734 -5.279299 -30.631250 
33.228529 -6.832034 -32.506250


32.296888 -49.376973 -48.131250 
37.886734 -45.650409 -45.006250 
32.607435 -50.929708 -50.631250 
32.296888 -49.376973 -48.131250


47.827343 -15.216803 -30.000000 
48.137890 -18.011726 -28.750000 
48.755879 -19.564461 -31.256250 
47.827343 -15.216803 -30.000000


31.986341 -58.382836 -56.256250 
34.160170 -57.451195 -57.506250 
33.849623 -58.693383 -57.506250 
31.986341 -58.382836 -56.256250


35.712905 -57.761742 -55.631250 
33.849623 -58.693383 -57.506250 
34.160170 -57.451195 -57.506250 
35.712905 -57.761742 -55.631250


31.675794 -45.960956 -45.006250 
35.712905 -44.094569 -43.125000 
37.886734 -45.650409 -45.006250 
31.675794 -45.960956 -45.006250


32.917982 -46.892597 -45.631250 
31.675794 -45.960956 -45.006250 
37.886734 -45.650409 -45.006250 
32.917982 -46.892597 -45.631250


43.166033 -10.869145 -31.881250 
39.439469 -7.142581 -31.256250 
41.613298 -7.453128 -30.631250 
43.166033 -10.869145 -31.881250


31.675794 -49.066426 -40.618750 
35.088706 -53.414084 -33.125000 
32.607435 -47.824238 -39.368750 
31.675794 -49.066426 -40.618750


37.886734 -45.650409 -45.006250 
39.128922 -41.923845 -42.506250 
42.855486 -42.234392 -42.506250 
37.886734 -45.650409 -45.006250


48.137890 -37.576187 -36.250000 
47.827343 -40.681657 -37.500000 
48.755879 -36.644546 -38.756250 
48.137890 -37.576187 -36.250000


35.712905 -44.094569 -43.125000 
37.886734 -43.476580 -43.131250 
37.886734 -45.650409 -45.006250 
35.712905 -44.094569 -43.125000


36.644546 -37.576187 -38.756250 
36.644546 -33.849623 -37.506250 
40.992204 -35.709800 -38.750000 
36.644546 -37.576187 -38.756250


31.986341 -55.898460 -54.381250 
29.501965 -55.587913 -51.256250 
33.228529 -54.035178 -53.756250 
31.986341 -55.898460 -54.381250


34.160170 -57.451195 -57.506250 
33.228529 -54.035178 -53.756250 
35.712905 -57.761742 -55.631250 
34.160170 -57.451195 -57.506250


34.160170 -57.451195 -57.506250 
31.986341 -55.898460 -54.381250 
33.228529 -54.035178 -53.756250 
34.160170 -57.451195 -57.506250


29.501965 -55.587913 -51.256250 
30.433606 -46.582050 -46.256250 
32.607435 -50.929708 -50.631250 
29.501965 -55.587913 -51.256250


29.501965 -55.587913 -51.256250 
28.877766 -55.587913 -49.375000 
30.433606 -46.582050 -46.256250 
29.501965 -55.587913 -51.256250


30.433606 -46.582050 -46.256250 
28.877766 -55.587913 -49.375000 
30.741048 -50.619161 -46.250000 
30.433606 -46.582050 -46.256250


30.433606 -46.582050 -46.256250 
32.296888 -49.376973 -48.131250 
32.607435 -50.929708 -50.631250 
30.433606 -46.582050 -46.256250


33.228529 -54.035178 -53.756250 
29.501965 -55.587913 -51.256250 
32.607435 -50.929708 -50.631250 
33.228529 -54.035178 -53.756250


40.371110 -52.171896 -48.131250 
43.166033 -49.376973 -45.631250 
46.582050 -49.998067 -46.256250 
40.371110 -52.171896 -48.131250


33.849623 -46.271503 -36.243750 
32.607435 -47.824238 -39.368750 
35.088706 -53.414084 -33.125000 
33.849623 -46.271503 -36.243750


41.923845 -58.075394 -45.000000 
41.613298 -56.522659 -41.250000 
39.128922 -57.451195 -39.993750 
41.923845 -58.075394 -45.000000


41.923845 -58.075394 -45.000000 
39.128922 -57.451195 -39.993750 
38.818375 -58.696488 -43.750000 
41.923845 -58.075394 -45.000000


41.613298 -54.656272 -36.868750 
40.060563 -55.587913 -34.993750 
41.613298 -56.522659 -41.250000 
41.613298 -54.656272 -36.868750


39.128922 -57.451195 -39.993750 
41.613298 -56.522659 -41.250000 
40.060563 -55.587913 -34.993750 
39.128922 -57.451195 -39.993750


47.827343 -40.681657 -37.500000 
48.445332 -39.128922 -40.631250 
48.755879 -36.644546 -38.756250 
47.827343 -40.681657 -37.500000


38.504723 -43.476580 -23.125000 
35.712905 -40.681657 -30.618750 
36.330894 -43.787127 -30.625000 
38.504723 -43.476580 -23.125000


33.849623 -32.917982 -34.381250 
31.672689 -34.470717 -32.500000 
32.293783 -32.607435 -31.250000 
33.849623 -32.917982 -34.381250


31.675794 -45.960956 -45.006250 
30.433606 -44.408221 -43.131250 
34.470717 -40.681657 -41.256250 
31.675794 -45.960956 -45.006250


35.712905 -41.923845 -41.881250 
31.675794 -45.960956 -45.006250 
34.470717 -40.681657 -41.256250 
35.712905 -41.923845 -41.881250


35.712905 -41.923845 -41.881250 
35.712905 -44.094569 -43.125000 
31.675794 -45.960956 -45.006250 
35.712905 -41.923845 -41.881250


31.675794 -49.066426 -40.618750 
31.675794 -44.097674 -38.118750 
30.430501 -46.892597 -41.875000 
31.675794 -49.066426 -40.618750


31.675794 -49.066426 -40.618750 
32.607435 -47.824238 -39.368750 
31.675794 -44.097674 -38.118750 
31.675794 -49.066426 -40.618750


30.430501 -37.886734 -35.000000 
30.741048 -39.128922 -36.875000 
31.672689 -40.992204 -35.625000 
30.430501 -37.886734 -35.000000


30.430501 -37.886734 -35.000000 
32.296888 -36.333999 -35.631250 
30.741048 -39.128922 -36.875000 
30.430501 -37.886734 -35.000000


33.849623 -40.681657 -33.118750 
35.712905 -40.681657 -30.618750 
34.470717 -38.818375 -31.868750 
33.849623 -40.681657 -33.118750


34.160170 -36.955093 -31.243750 
32.293783 -32.607435 -31.250000 
31.672689 -34.470717 -32.500000 
34.160170 -36.955093 -31.243750


32.296888 -36.333999 -35.631250 
33.849623 -32.917982 -34.381250 
34.160170 -36.023452 -36.881250 
32.296888 -36.333999 -35.631250


35.709800 -52.792990 -28.125000 
33.849623 -57.761742 -30.618750 
34.781264 -55.587913 -25.618750 
35.709800 -52.792990 -28.125000


36.644546 -33.849623 -37.506250 
32.917982 -39.750016 -39.381250 
34.160170 -36.023452 -36.881250 
36.644546 -33.849623 -37.506250


33.849623 -40.681657 -33.118750 
36.330894 -43.787127 -30.625000 
35.712905 -40.681657 -30.618750 
33.849623 -40.681657 -33.118750


33.849623 -40.681657 -33.118750 
33.849623 -42.544939 -33.743750 
36.330894 -43.787127 -30.625000 
33.849623 -40.681657 -33.118750


37.265640 -48.445332 -23.131250 
35.399253 -51.861349 -20.625000 
36.023452 -50.308614 -19.381250 
37.265640 -48.445332 -23.131250


33.849623 -46.271503 -36.243750 
35.088706 -53.414084 -33.125000 
35.091811 -47.203144 -33.743750 
33.849623 -46.271503 -36.243750


33.225424 -56.830101 -34.375000 
33.849623 -57.761742 -30.618750 
35.088706 -53.414084 -33.125000 
33.225424 -56.830101 -34.375000


36.023452 -32.296888 -36.256250 
33.849623 -32.917982 -34.381250 
35.712905 -31.054700 -34.381250 
36.023452 -32.296888 -36.256250


33.849623 -32.917982 -34.381250 
36.023452 -32.296888 -36.256250 
34.160170 -36.023452 -36.881250 
33.849623 -32.917982 -34.381250


36.644546 -33.849623 -37.506250 
34.160170 -36.023452 -36.881250 
36.023452 -32.296888 -36.256250 
36.644546 -33.849623 -37.506250


36.644546 -28.880871 -33.756250 
36.023452 -32.296888 -36.256250 
35.712905 -31.054700 -34.381250 
36.644546 -28.880871 -33.756250


36.644546 -28.880871 -33.756250 
37.265640 -29.191418 -34.381250 
36.023452 -32.296888 -36.256250 
36.644546 -28.880871 -33.756250


35.091811 -47.203144 -33.743750 
35.709800 -52.792990 -28.125000 
36.644546 -48.134785 -29.993750 
35.091811 -47.203144 -33.743750


44.718768 -29.812512 -35.631250 
48.758984 -30.744153 -35.625000 
45.339862 -31.054700 -36.256250 
44.718768 -29.812512 -35.631250


37.265640 -29.191418 -34.381250 
37.576187 -30.744153 -35.631250 
36.023452 -32.296888 -36.256250 
37.265640 -29.191418 -34.381250


35.712905 -58.075394 -30.625000 
39.753121 -53.103537 -26.875000 
36.023452 -56.212112 -25.625000 
35.712905 -58.075394 -30.625000


33.849623 -46.271503 -36.243750 
32.296888 -43.166033 -36.868750 
31.675794 -44.097674 -38.118750 
33.849623 -46.271503 -36.243750


33.228529 -18.946472 -23.750000 
32.917982 -20.182450 -26.250000 
34.467612 -22.980478 -26.875000 
33.228529 -18.946472 -23.750000


33.228529 -18.946472 -23.750000 
34.467612 -22.980478 -26.875000 
35.091811 -21.738290 -24.993750 
33.228529 -18.946472 -23.750000


35.709800 -19.875008 -21.250000 
37.886734 -23.912119 -20.618750 
37.265640 -22.045732 -20.625000 
35.709800 -19.875008 -21.250000


30.741048 -39.128922 -36.875000 
31.365247 -40.060563 -38.131250 
30.433606 -41.610193 -39.375000 
30.741048 -39.128922 -36.875000


30.741048 -39.128922 -36.875000 
30.433606 -41.610193 -39.375000 
31.672689 -40.992204 -35.625000 
30.741048 -39.128922 -36.875000


36.644546 -33.849623 -37.506250 
34.470717 -40.681657 -41.256250 
32.917982 -39.750016 -39.381250 
36.644546 -33.849623 -37.506250


36.644546 -37.576187 -38.756250 
34.470717 -40.681657 -41.256250 
36.644546 -33.849623 -37.506250 
36.644546 -37.576187 -38.756250


36.644546 -37.576187 -38.756250 
36.330894 -39.439469 -40.000000 
34.470717 -40.681657 -41.256250 
36.644546 -37.576187 -38.756250


34.781264 -55.587913 -25.618750 
36.023452 -56.212112 -25.625000 
36.023452 -54.035178 -21.243750 
34.781264 -55.587913 -25.618750


34.781264 -55.587913 -25.618750 
36.023452 -54.035178 -21.243750 
34.778159 -54.345725 -24.375000 
34.781264 -55.587913 -25.618750


47.827343 -42.544939 -39.375000 
48.448437 -42.234392 -41.875000 
48.445332 -39.128922 -40.631250 
47.827343 -42.544939 -39.375000


42.544939 -51.864454 -34.375000 
40.060563 -55.587913 -34.993750 
41.613298 -54.656272 -36.868750 
42.544939 -51.864454 -34.375000


33.849623 -40.681657 -33.118750 
30.430501 -37.886734 -35.000000 
31.672689 -40.992204 -35.625000 
33.849623 -40.681657 -33.118750


32.917982 -39.750016 -39.381250 
31.365247 -40.060563 -38.131250 
30.741048 -39.128922 -36.875000 
32.917982 -39.750016 -39.381250


33.228529 -58.075394 -36.250000 
36.955093 -57.764847 -36.875000 
35.712905 -58.075394 -30.625000 
33.228529 -58.075394 -36.250000


26.396495 -15.527350 -26.881250 
27.638683 -15.527350 -24.993750 
25.154307 -13.974615 -24.993750 
26.396495 -15.527350 -26.881250


26.393390 -13.974615 -28.125000 
26.396495 -15.527350 -26.881250 
25.154307 -13.974615 -24.993750 
26.393390 -13.974615 -28.125000


31.672689 -40.992204 -35.625000 
33.849623 -42.544939 -33.743750 
33.849623 -40.681657 -33.118750 
31.672689 -40.992204 -35.625000


35.709800 -52.792990 -28.125000 
35.091811 -47.203144 -33.743750 
35.088706 -53.414084 -33.125000 
35.709800 -52.792990 -28.125000


30.433606 -41.610193 -39.375000 
31.365247 -40.060563 -38.131250 
32.917982 -39.750016 -39.381250 
30.433606 -41.610193 -39.375000


28.880871 -16.458991 -24.993750 
30.123059 -17.080085 -24.993750 
31.054700 -16.769538 -23.743750 
28.880871 -16.458991 -24.993750


32.917982 -39.750016 -39.381250 
30.433606 -44.408221 -43.131250 
30.433606 -43.787127 -41.881250 
32.917982 -39.750016 -39.381250


32.917982 -39.750016 -39.381250 
34.470717 -40.681657 -41.256250 
30.433606 -44.408221 -43.131250 
32.917982 -39.750016 -39.381250


30.744153 -49.998067 -42.493750 
32.296888 -57.451195 -37.493750 
31.675794 -49.066426 -40.618750 
30.744153 -49.998067 -42.493750


30.744153 -49.998067 -42.493750 
31.365247 -54.035178 -43.118750 
32.296888 -57.451195 -37.493750 
30.744153 -49.998067 -42.493750


32.917982 -39.750016 -39.381250 
30.433606 -43.787127 -41.881250 
30.433606 -41.610193 -39.375000 
32.917982 -39.750016 -39.381250


30.744153 -4.968752 -28.131250 
28.570324 -7.453128 -32.506250 
26.707042 -6.832034 -30.006250 
30.744153 -4.968752 -28.131250


26.707042 -8.695316 -30.631250 
26.707042 -6.832034 -30.006250 
28.570324 -7.453128 -32.506250 
26.707042 -8.695316 -30.631250


35.091811 -58.696488 -51.250000 
39.750016 -59.628129 -49.375000 
37.265640 -60.249223 -47.500000 
35.091811 -58.696488 -51.250000


34.160170 -36.955093 -31.243750 
30.430501 -37.886734 -35.000000 
34.470717 -38.818375 -31.868750 
34.160170 -36.955093 -31.243750


34.160170 -36.955093 -31.243750 
31.675794 -35.709800 -33.125000 
30.430501 -37.886734 -35.000000 
34.160170 -36.955093 -31.243750


30.433606 -46.582050 -46.256250 
31.675794 -45.960956 -45.006250 
32.917982 -46.892597 -45.631250 
30.433606 -46.582050 -46.256250


30.433606 -46.582050 -46.256250 
30.741048 -50.619161 -46.250000 
30.744153 -49.998067 -42.493750 
30.433606 -46.582050 -46.256250


31.365247 -59.314477 -39.993750 
33.228529 -58.075394 -36.250000 
32.296888 -57.451195 -37.493750 
31.365247 -59.314477 -39.993750


34.160170 -60.870317 -45.625000 
31.365247 -59.314477 -39.993750 
30.123059 -59.625024 -41.868750 
34.160170 -60.870317 -45.625000


34.160170 -60.870317 -45.625000 
36.333999 -58.385941 -40.625000 
31.365247 -59.314477 -39.993750 
34.160170 -60.870317 -45.625000


30.123059 -55.898460 -45.618750 
31.365247 -54.035178 -43.118750 
30.744153 -49.998067 -42.493750 
30.123059 -55.898460 -45.618750


30.741048 -50.619161 -46.250000 
28.259777 -57.451195 -47.493750 
30.744153 -49.998067 -42.493750 
30.741048 -50.619161 -46.250000


30.123059 -55.898460 -45.618750 
30.744153 -49.998067 -42.493750 
28.259777 -57.451195 -47.493750 
30.123059 -55.898460 -45.618750


26.393390 -13.974615 -28.125000 
28.259777 -11.800786 -31.256250 
27.635578 -14.285162 -29.375000 
26.393390 -13.974615 -28.125000


28.259777 -57.451195 -47.493750 
28.877766 -59.625024 -46.250000 
30.123059 -59.625024 -41.868750 
28.259777 -57.451195 -47.493750


30.123059 -55.898460 -45.618750 
28.259777 -57.451195 -47.493750 
30.123059 -59.625024 -41.868750 
30.123059 -55.898460 -45.618750


30.433606 -41.610193 -39.375000 
30.433606 -43.787127 -41.881250 
30.430501 -46.892597 -41.875000 
30.433606 -41.610193 -39.375000


31.675794 -44.097674 -38.118750 
30.433606 -41.610193 -39.375000 
30.430501 -46.892597 -41.875000 
31.675794 -44.097674 -38.118750


31.365247 -54.035178 -43.118750 
30.123059 -55.898460 -45.618750 
30.123059 -59.625024 -41.868750 
31.365247 -54.035178 -43.118750


31.675794 -49.066426 -40.618750 
32.296888 -57.451195 -37.493750 
33.225424 -56.830101 -34.375000 
31.675794 -49.066426 -40.618750


39.128922 -57.451195 -39.993750 
36.333999 -58.385941 -40.625000 
38.818375 -58.696488 -43.750000 
39.128922 -57.451195 -39.993750


38.197281 -54.035178 -24.993750 
36.023452 -56.212112 -25.625000 
39.753121 -53.103537 -26.875000 
38.197281 -54.035178 -24.993750


44.411326 -13.042974 -6.250000 
43.787127 -12.732427 -3.118750 
44.721873 -14.906256 -6.875000 
44.411326 -13.042974 -6.250000


35.088706 -53.414084 -33.125000 
31.675794 -49.066426 -40.618750 
33.225424 -56.830101 -34.375000 
35.088706 -53.414084 -33.125000


30.430501 -37.886734 -35.000000 
33.849623 -40.681657 -33.118750 
34.470717 -38.818375 -31.868750 
30.430501 -37.886734 -35.000000


33.228529 -58.075394 -36.250000 
35.712905 -58.075394 -30.625000 
33.849623 -57.761742 -30.618750 
33.228529 -58.075394 -36.250000


33.225424 -56.830101 -34.375000 
33.228529 -58.075394 -36.250000 
33.849623 -57.761742 -30.618750 
33.225424 -56.830101 -34.375000


34.160170 -36.955093 -31.243750 
35.712905 -40.681657 -30.618750 
38.504723 -40.992204 -23.750000 
34.160170 -36.955093 -31.243750


38.504723 -36.023452 -25.625000 
34.160170 -36.955093 -31.243750 
38.504723 -40.992204 -23.750000 
38.504723 -36.023452 -25.625000


33.849623 -57.761742 -30.618750 
35.709800 -52.792990 -28.125000 
35.088706 -53.414084 -33.125000 
33.849623 -57.761742 -30.618750


34.160170 -36.955093 -31.243750 
31.672689 -34.470717 -32.500000 
31.675794 -35.709800 -33.125000 
34.160170 -36.955093 -31.243750


47.827343 -40.681657 -37.500000 
47.206249 -40.681657 -32.500000 
46.585155 -42.544939 -32.500000 
47.827343 -40.681657 -37.500000


42.544939 -44.097674 -19.993750 
41.923845 -43.790232 -16.875000 
41.923845 -45.650409 -20.618750 
42.544939 -44.097674 -19.993750


37.886734 -45.650409 -45.006250 
37.886734 -43.476580 -43.131250 
39.128922 -41.923845 -42.506250 
37.886734 -45.650409 -45.006250


33.849623 -46.271503 -36.243750 
35.091811 -47.203144 -33.743750 
33.849623 -42.544939 -33.743750 
33.849623 -46.271503 -36.243750


35.712905 -40.681657 -30.618750 
34.160170 -36.955093 -31.243750 
34.470717 -38.818375 -31.868750 
35.712905 -40.681657 -30.618750


37.265640 -48.755879 -23.743750 
37.265640 -48.445332 -23.131250 
36.330894 -43.787127 -30.625000 
37.265640 -48.755879 -23.743750


40.992204 -35.709800 -38.750000 
43.476580 -36.644546 -40.006250 
40.992204 -38.504723 -40.000000 
40.992204 -35.709800 -38.750000


48.445332 -39.128922 -40.631250 
47.827343 -40.681657 -37.500000 
47.827343 -42.544939 -39.375000 
48.445332 -39.128922 -40.631250


46.585155 -42.544939 -32.500000 
47.206249 -40.681657 -32.500000 
45.650409 -42.855486 -30.618750 
46.585155 -42.544939 -32.500000


45.032420 -53.414084 -43.750000 
46.274608 -52.171896 -46.250000 
45.964061 -51.240255 -43.750000 
45.032420 -53.414084 -43.750000


34.160170 -36.955093 -31.243750 
38.504723 -36.023452 -25.625000 
32.293783 -32.607435 -31.250000 
34.160170 -36.955093 -31.243750


37.883629 -46.582050 -20.000000 
38.504723 -43.476580 -23.125000 
37.265640 -48.445332 -23.131250 
37.883629 -46.582050 -20.000000


35.712905 -31.054700 -34.381250 
33.849623 -32.917982 -34.381250 
34.781264 -28.880871 -31.881250 
35.712905 -31.054700 -34.381250


44.100779 -39.750016 -18.750000 
45.342967 -35.712905 -18.125000 
42.858591 -39.439469 -15.000000 
44.100779 -39.750016 -18.750000


40.060563 -28.259777 -3.118750 
41.923845 -31.678899 -2.500000 
42.234392 -28.570324 -1.868750 
40.060563 -28.259777 -3.118750


43.169138 -34.160170 -9.375000 
41.923845 -33.542181 -5.000000 
41.613298 -37.268745 -8.125000 
43.169138 -34.160170 -9.375000


38.197281 -54.035178 -24.993750 
36.023452 -54.035178 -21.243750 
36.023452 -56.212112 -25.625000 
38.197281 -54.035178 -24.993750


48.755879 -26.396495 -33.131250 
48.445332 -25.464854 -29.368750 
48.448437 -29.812512 -29.375000 
48.755879 -26.396495 -33.131250


39.442574 -50.308614 -21.875000 
38.197281 -54.035178 -24.993750 
40.060563 -49.998067 -23.118750 
39.442574 -50.308614 -21.875000


44.718768 -36.333999 -39.381250 
46.271503 -34.781264 -38.131250 
48.755879 -36.644546 -38.756250 
44.718768 -36.333999 -39.381250


38.504723 -40.992204 -23.750000 
39.125817 -34.781264 -23.125000 
38.504723 -36.023452 -25.625000 
38.504723 -40.992204 -23.750000


43.169138 -34.160170 -9.375000 
42.858591 -31.675794 -5.625000 
41.923845 -33.542181 -5.000000 
43.169138 -34.160170 -9.375000


36.023452 -54.035178 -21.243750 
35.402358 -52.796095 -17.500000 
34.778159 -54.345725 -24.375000 
36.023452 -54.035178 -21.243750


35.399253 -51.861349 -20.625000 
34.778159 -54.345725 -24.375000 
35.402358 -52.796095 -17.500000 
35.399253 -51.861349 -20.625000


35.709800 -52.792990 -28.125000 
34.781264 -55.587913 -25.618750 
34.778159 -54.345725 -24.375000 
35.709800 -52.792990 -28.125000


37.265640 -48.755879 -23.743750 
36.330894 -43.787127 -30.625000 
36.330894 -50.929708 -25.625000 
37.265640 -48.755879 -23.743750


36.330894 -43.787127 -30.625000 
36.644546 -48.134785 -29.993750 
36.330894 -50.929708 -25.625000 
36.330894 -43.787127 -30.625000


35.399253 -51.861349 -20.625000 
37.265640 -48.445332 -23.131250 
36.330894 -50.929708 -25.625000 
35.399253 -51.861349 -20.625000


37.265640 -48.755879 -23.743750 
36.330894 -50.929708 -25.625000 
37.265640 -48.445332 -23.131250 
37.265640 -48.755879 -23.743750


36.023452 -54.035178 -21.243750 
36.955093 -51.550802 -18.118750 
35.402358 -52.796095 -17.500000 
36.023452 -54.035178 -21.243750


36.023452 -54.035178 -21.243750 
37.576187 -51.243360 -18.750000 
36.955093 -51.550802 -18.118750 
36.023452 -54.035178 -21.243750


33.849623 -57.761742 -30.618750 
35.712905 -58.075394 -30.625000 
36.023452 -56.212112 -25.625000 
33.849623 -57.761742 -30.618750


34.781264 -55.587913 -25.618750 
33.849623 -57.761742 -30.618750 
36.023452 -56.212112 -25.625000 
34.781264 -55.587913 -25.618750


36.023452 -50.308614 -19.381250 
35.402358 -52.796095 -17.500000 
36.955093 -48.755879 -14.993750 
36.023452 -50.308614 -19.381250


36.333999 -51.240255 -16.868750 
36.955093 -48.755879 -14.993750 
35.402358 -52.796095 -17.500000 
36.333999 -51.240255 -16.868750


34.778159 -54.345725 -24.375000 
35.399253 -51.861349 -20.625000 
36.330894 -50.929708 -25.625000 
34.778159 -54.345725 -24.375000


35.709800 -52.792990 -28.125000 
34.778159 -54.345725 -24.375000 
36.330894 -50.929708 -25.625000 
35.709800 -52.792990 -28.125000


36.023452 -50.308614 -19.381250 
36.955093 -48.755879 -14.993750 
37.262535 -46.271503 -17.500000 
36.023452 -50.308614 -19.381250


41.923845 -43.790232 -16.875000 
41.302751 -42.544939 -14.368750 
40.681657 -45.339862 -16.243750 
41.923845 -43.790232 -16.875000


36.023452 -50.308614 -19.381250 
35.399253 -51.861349 -20.625000 
35.402358 -52.796095 -17.500000 
36.023452 -50.308614 -19.381250


36.333999 -51.240255 -16.868750 
35.402358 -52.796095 -17.500000 
36.955093 -51.550802 -18.118750 
36.333999 -51.240255 -16.868750


36.955093 -51.550802 -18.118750 
38.818375 -46.892597 -14.368750 
36.333999 -51.240255 -16.868750 
36.955093 -51.550802 -18.118750


36.955093 -51.550802 -18.118750 
37.576187 -51.243360 -18.750000 
38.818375 -46.892597 -14.368750 
36.955093 -51.550802 -18.118750


27.328136 -8.384769 -17.493750 
23.291025 -5.279299 -14.368750 
25.464854 -6.832034 -18.118750 
27.328136 -8.384769 -17.493750


35.709800 -19.875008 -21.250000 
33.228529 -18.946472 -23.750000 
37.886734 -23.912119 -20.618750 
35.709800 -19.875008 -21.250000


36.020347 -19.875008 -20.000000 
35.709800 -19.875008 -21.250000 
37.265640 -22.045732 -20.625000 
36.020347 -19.875008 -20.000000


46.582050 -34.784369 -25.000000 
46.892597 -33.539076 -24.368750 
46.895702 -33.539076 -23.750000 
46.582050 -34.784369 -25.000000


33.849623 -32.917982 -34.381250 
32.293783 -32.607435 -31.250000 
34.781264 -28.880871 -31.881250 
33.849623 -32.917982 -34.381250


36.333999 -17.390632 -11.881250 
32.607435 -12.421880 -13.118750 
34.157065 -13.974615 -14.375000 
36.333999 -17.390632 -11.881250


35.399253 -16.458991 -8.750000 
32.607435 -12.421880 -13.118750 
36.333999 -17.390632 -11.881250 
35.399253 -16.458991 -8.750000


46.585155 -17.080085 -15.625000 
47.206249 -20.806649 -19.375000 
46.892597 -15.837897 -21.881250 
46.585155 -17.080085 -15.625000


37.265640 -7.142581 -31.256250 
37.886734 -5.279299 -30.631250 
39.439469 -7.142581 -31.256250 
37.265640 -7.142581 -31.256250


33.228529 -18.946472 -23.750000 
35.709800 -19.875008 -21.250000 
36.020347 -19.875008 -20.000000 
33.228529 -18.946472 -23.750000


36.333999 0.000000 -1.868750 
39.750016 2.484376 -3.118750 
36.333999 1.242188 -3.743750 
36.333999 0.000000 -1.868750


39.750016 -10.869145 -2.493750 
33.539076 -12.424985 -4.375000 
37.576187 -15.527350 -4.368750 
39.750016 -10.869145 -2.493750


35.402358 -14.595709 -4.993750 
36.641441 -17.080085 -5.000000 
37.576187 -15.527350 -4.368750 
35.402358 -14.595709 -4.993750


39.128922 -17.701179 -4.368750 
39.439469 -19.253914 -4.368750 
44.097674 -18.943367 -3.118750 
39.128922 -17.701179 -4.368750


44.100779 -8.384769 -11.250000 
44.100779 -8.074222 -7.500000 
44.411326 -12.421880 -10.000000 
44.100779 -8.384769 -11.250000


42.855486 -26.396495 -2.493750 
43.476580 -27.641788 -5.000000 
44.100779 -25.775401 -5.625000 
42.855486 -26.396495 -2.493750


31.365247 -19.564461 -29.993750 
28.877766 -16.769538 -29.375000 
28.570324 -15.527350 -30.631250 
31.365247 -19.564461 -29.993750


31.365247 -19.564461 -29.993750 
28.570324 -15.527350 -30.631250 
31.365247 -18.011726 -31.256250 
31.365247 -19.564461 -29.993750


36.020347 -19.875008 -20.000000 
37.886734 -23.912119 -20.618750 
37.262535 -21.738290 -20.000000 
36.020347 -19.875008 -20.000000


37.265640 -22.045732 -20.625000 
37.886734 -23.912119 -20.618750 
36.020347 -19.875008 -20.000000 
37.265640 -22.045732 -20.625000


44.100779 -8.074222 -7.500000 
44.411326 -13.042974 -6.250000 
44.411326 -12.421880 -10.000000 
44.100779 -8.074222 -7.500000


36.333999 -18.632820 -16.868750 
36.020347 -19.875008 -20.000000 
36.955093 -20.806649 -11.881250 
36.333999 -18.632820 -16.868750


36.020347 -19.875008 -20.000000 
37.573082 -22.980478 -11.250000 
36.955093 -20.806649 -11.881250 
36.020347 -19.875008 -20.000000


36.020347 -19.875008 -20.000000 
37.262535 -21.738290 -20.000000 
37.573082 -22.980478 -11.250000 
36.020347 -19.875008 -20.000000


38.818375 -26.085948 -11.881250 
37.573082 -22.980478 -11.250000 
39.128922 -24.222666 -16.868750 
38.818375 -26.085948 -11.881250


27.638683 -16.458991 -26.881250 
28.877766 -16.769538 -29.375000 
31.365247 -19.564461 -29.993750 
27.638683 -16.458991 -26.881250


32.293783 -32.607435 -31.250000 
38.818375 -33.539076 -24.993750 
39.125817 -30.433606 -22.500000 
32.293783 -32.607435 -31.250000


42.234392 -16.148444 -33.131250 
37.576187 -15.527350 -33.131250 
40.060563 -13.353521 -33.131250 
42.234392 -16.148444 -33.131250


35.402358 -13.664068 -33.131250 
31.365247 -11.179692 -33.131250 
35.402358 -11.490239 -32.506250 
35.402358 -13.664068 -33.131250


25.154307 -13.974615 -24.993750 
29.815617 -12.111333 -19.375000 
27.328136 -8.384769 -17.493750 
25.154307 -13.974615 -24.993750


25.154307 -13.974615 -24.993750 
27.328136 -8.384769 -17.493750 
23.909014 -11.179692 -24.375000 
25.154307 -13.974615 -24.993750


39.750016 2.484376 -3.118750 
38.821480 4.658205 -6.250000 
35.402358 1.552735 -4.368750 
39.750016 2.484376 -3.118750


39.750016 2.484376 -3.118750 
35.402358 1.552735 -4.368750 
36.333999 1.242188 -3.743750 
39.750016 2.484376 -3.118750


34.470717 -18.943367 -31.256250 
37.576187 -15.527350 -33.131250 
36.951988 -24.222666 -31.875000 
34.470717 -18.943367 -31.256250


37.576187 -15.527350 -33.131250 
42.234392 -16.148444 -33.131250 
40.681657 -24.843760 -33.131250 
37.576187 -15.527350 -33.131250


35.091811 -25.464854 -30.618750 
36.644546 -28.880871 -33.756250 
34.781264 -28.880871 -31.881250 
35.091811 -25.464854 -30.618750


33.228529 -6.832034 -32.506250 
37.265640 -7.142581 -31.256250 
35.712905 -9.316410 -31.881250 
33.228529 -6.832034 -32.506250


37.886734 -24.533213 -21.868750 
37.886734 -23.912119 -20.618750 
35.091811 -21.738290 -24.993750 
37.886734 -24.533213 -21.868750


37.886734 -23.912119 -20.618750 
33.228529 -18.946472 -23.750000 
35.091811 -21.738290 -24.993750 
37.886734 -23.912119 -20.618750


36.951988 -24.222666 -24.375000 
37.886734 -24.533213 -21.868750 
35.091811 -21.738290 -24.993750 
36.951988 -24.222666 -24.375000


32.293783 -32.607435 -31.250000 
31.365247 -19.564461 -29.993750 
34.781264 -28.880871 -31.881250 
32.293783 -32.607435 -31.250000


36.955093 -26.085948 -26.256250 
36.951988 -24.222666 -24.375000 
34.467612 -22.980478 -26.875000 
36.955093 -26.085948 -26.256250


36.951988 -24.222666 -24.375000 
35.091811 -21.738290 -24.993750 
34.467612 -22.980478 -26.875000 
36.951988 -24.222666 -24.375000


36.955093 -26.085948 -26.256250 
34.467612 -22.980478 -26.875000 
32.293783 -32.607435 -31.250000 
36.955093 -26.085948 -26.256250


32.293783 -32.607435 -31.250000 
34.467612 -22.980478 -26.875000 
31.365247 -19.564461 -29.993750 
32.293783 -32.607435 -31.250000


36.951988 -24.222666 -31.875000 
36.644546 -28.880871 -33.756250 
31.365247 -18.011726 -31.256250 
36.951988 -24.222666 -31.875000


35.091811 -25.464854 -30.618750 
31.365247 -18.011726 -31.256250 
36.644546 -28.880871 -33.756250 
35.091811 -25.464854 -30.618750


35.091811 -25.464854 -30.618750 
34.781264 -28.880871 -31.881250 
31.365247 -18.011726 -31.256250 
35.091811 -25.464854 -30.618750


31.365247 -19.564461 -29.993750 
31.365247 -18.011726 -31.256250 
34.781264 -28.880871 -31.881250 
31.365247 -19.564461 -29.993750


36.951988 -24.222666 -31.875000 
31.365247 -18.011726 -31.256250 
34.470717 -18.943367 -31.256250 
36.951988 -24.222666 -31.875000


32.607435 -12.421880 -13.118750 
33.846518 -15.837897 -18.125000 
34.157065 -13.974615 -14.375000 
32.607435 -12.421880 -13.118750


32.607435 -12.421880 -13.118750 
32.293783 -13.042974 -16.875000 
33.846518 -15.837897 -18.125000 
32.607435 -12.421880 -13.118750


41.616403 -1.863282 -1.875000 
42.544939 -6.521487 -1.243750 
42.858591 -5.589846 -3.750000 
41.616403 -1.863282 -1.875000


41.616403 -1.863282 -1.875000 
41.302751 -3.726564 0.006250 
42.544939 -6.521487 -1.243750 
41.616403 -1.863282 -1.875000


32.607435 -12.421880 -13.118750 
35.399253 -16.458991 -8.750000 
33.228529 -11.800786 -10.618750 
32.607435 -12.421880 -13.118750


36.955093 -48.755879 -14.993750 
38.818375 -46.892597 -14.368750 
37.265640 -47.203144 -13.743750 
36.955093 -48.755879 -14.993750


36.955093 -48.755879 -14.993750 
37.265640 -47.203144 -13.743750 
37.262535 -46.271503 -17.500000 
36.955093 -48.755879 -14.993750


34.470717 -7.763675 -3.118750 
34.470717 -6.521487 -2.493750 
32.607435 -9.005863 -3.743750 
34.470717 -7.763675 -3.118750


35.712905 -9.316410 -31.881250 
37.265640 -7.142581 -31.256250 
39.439469 -7.142581 -31.256250 
35.712905 -9.316410 -31.881250


35.712905 -9.316410 -31.881250 
39.439469 -7.142581 -31.256250 
37.886734 -10.869145 -31.881250 
35.712905 -9.316410 -31.881250


31.675794 -1.242188 -14.381250 
34.160170 -1.863282 -20.006250 
31.986341 -1.860177 -15.625000 
31.675794 -1.242188 -14.381250


31.675794 -1.242188 -14.381250 
33.849623 0.000000 -13.756250 
34.160170 -1.863282 -20.006250 
31.675794 -1.242188 -14.381250


36.641441 -17.080085 -5.000000 
35.402358 -14.595709 -4.993750 
35.399253 -16.458991 -8.750000 
36.641441 -17.080085 -5.000000


36.333999 -18.011726 -8.118750 
36.641441 -17.080085 -5.000000 
35.399253 -16.458991 -8.750000 
36.333999 -18.011726 -8.118750


31.365247 -18.011726 -31.256250 
28.570324 -15.527350 -30.631250 
31.986341 -14.906256 -33.756250 
31.365247 -18.011726 -31.256250


30.123059 -13.974615 -31.881250 
31.986341 -14.906256 -33.756250 
28.570324 -15.527350 -30.631250 
30.123059 -13.974615 -31.881250


41.613298 -0.931641 -19.381250 
39.750016 -0.931641 -18.131250 
41.616403 1.242188 -16.250000 
41.613298 -0.931641 -19.381250


41.613298 -0.931641 -19.381250 
41.616403 1.242188 -16.250000 
42.237497 0.000000 -18.125000 
41.613298 -0.931641 -19.381250


41.616403 1.242188 -16.250000 
36.023452 -1.860177 -20.625000 
38.507828 1.242188 -15.006250 
41.616403 1.242188 -16.250000


39.750016 -0.931641 -18.131250 
36.023452 -1.860177 -20.625000 
41.616403 1.242188 -16.250000 
39.750016 -0.931641 -18.131250


45.032420 -25.464854 -10.000000 
45.032420 -23.291025 -11.250000 
44.411326 -22.980478 -5.000000 
45.032420 -25.464854 -10.000000


45.032420 -16.148444 -10.625000 
46.585155 -20.185555 -15.625000 
46.585155 -17.080085 -15.625000 
45.032420 -16.148444 -10.625000


37.265640 3.726564 -11.256250 
35.402358 1.863282 -12.506250 
34.160170 3.108575 -9.375000 
37.265640 3.726564 -11.256250


42.855486 -47.203144 -26.256250 
44.097674 -44.718768 -27.506250 
44.097674 -42.237497 -23.125000 
42.855486 -47.203144 -26.256250


35.402358 -14.595709 -4.993750 
33.539076 -12.424985 -4.375000 
35.399253 -16.458991 -8.750000 
35.402358 -14.595709 -4.993750


40.060563 -22.048837 -3.743750 
42.234392 -28.570324 -1.868750 
42.855486 -26.396495 -2.493750 
40.060563 -22.048837 -3.743750


40.060563 -22.048837 -3.743750 
40.060563 -28.259777 -3.118750 
42.234392 -28.570324 -1.868750 
40.060563 -22.048837 -3.743750


38.504723 -44.097674 -11.875000 
40.057458 -37.265640 -12.500000 
39.746911 -39.439469 -15.625000 
38.504723 -44.097674 -11.875000


38.504723 -44.097674 -11.875000 
39.439469 -42.234392 -10.618750 
40.057458 -37.265640 -12.500000 
38.504723 -44.097674 -11.875000


42.237497 -3.105470 -10.000000 
43.479685 -6.210940 -8.750000 
43.169138 -3.726564 -12.500000 
42.237497 -3.105470 -10.000000


37.265640 -7.453128 -1.868750 
32.607435 -9.005863 -3.743750 
33.539076 -12.424985 -4.375000 
37.265640 -7.453128 -1.868750


37.265640 -7.453128 -1.868750 
34.470717 -7.763675 -3.118750 
32.607435 -9.005863 -3.743750 
37.265640 -7.453128 -1.868750


31.675794 -3.726564 -1.868750 
30.123059 -5.589846 -2.493750 
34.781264 -3.726564 -0.618750 
31.675794 -3.726564 -1.868750


34.470717 -6.521487 -2.493750 
34.470717 -7.763675 -3.118750 
37.265640 -7.453128 -1.868750 
34.470717 -6.521487 -2.493750


27.949230 -6.214045 -4.375000 
29.812512 -2.794923 -4.993750 
27.017589 -4.968752 -6.243750 
27.949230 -6.214045 -4.375000


33.228529 -18.946472 -23.750000 
31.054700 -16.769538 -23.743750 
30.123059 -17.080085 -24.993750 
33.228529 -18.946472 -23.750000


32.293783 -13.042974 -16.875000 
32.607435 -12.421880 -13.118750 
31.054700 -10.558598 -13.118750 
32.293783 -13.042974 -16.875000


30.744153 -9.316410 -10.618750 
32.607435 -12.421880 -13.118750 
33.228529 -11.800786 -10.618750 
30.744153 -9.316410 -10.618750


31.054700 -10.558598 -13.118750 
32.607435 -12.421880 -13.118750 
30.744153 -9.316410 -10.618750 
31.054700 -10.558598 -13.118750


42.855486 -26.396495 -2.493750 
44.411326 -22.980478 -5.000000 
43.476580 -22.669931 -2.493750 
42.855486 -26.396495 -2.493750


35.399253 -16.458991 -8.750000 
33.539076 -12.424985 -4.375000 
33.228529 -11.800786 -10.618750 
35.399253 -16.458991 -8.750000


32.607435 -9.005863 -3.743750 
34.470717 -6.521487 -2.493750 
30.433606 -7.763675 -3.118750 
32.607435 -9.005863 -3.743750


44.411326 -13.042974 -6.250000 
43.476580 -9.937504 -2.493750 
43.787127 -12.732427 -3.118750 
44.411326 -13.042974 -6.250000


31.054700 -10.558598 -13.118750 
30.744153 -9.316410 -10.618750 
28.567219 -8.384769 -12.500000 
31.054700 -10.558598 -13.118750


30.744153 -9.316410 -10.618750 
33.228529 -11.800786 -10.618750 
33.539076 -12.424985 -4.375000 
30.744153 -9.316410 -10.618750


30.744153 -9.316410 -10.618750 
33.539076 -12.424985 -4.375000 
31.983236 -10.248051 -4.375000 
30.744153 -9.316410 -10.618750


38.197281 -2.484376 0.631250 
36.333999 0.000000 -1.868750 
34.781264 -3.726564 -0.618750 
38.197281 -2.484376 0.631250


34.470717 -6.521487 -2.493750 
37.265640 -7.453128 -1.868750 
34.781264 -3.726564 -0.618750 
34.470717 -6.521487 -2.493750


33.539076 -12.424985 -4.375000 
32.607435 -9.005863 -3.743750 
30.433606 -7.763675 -3.118750 
33.539076 -12.424985 -4.375000


31.983236 -10.248051 -4.375000 
33.539076 -12.424985 -4.375000 
30.433606 -7.763675 -3.118750 
31.983236 -10.248051 -4.375000


27.949230 -6.214045 -4.375000 
30.433606 -7.763675 -3.118750 
30.123059 -5.589846 -2.493750 
27.949230 -6.214045 -4.375000


23.291025 -5.279299 -14.368750 
28.567219 -8.384769 -12.500000 
28.256672 -7.142581 -10.625000 
23.291025 -5.279299 -14.368750


47.513691 -26.707042 -22.493750 
46.892597 -31.054700 -23.118750 
48.448437 -29.812512 -29.375000 
47.513691 -26.707042 -22.493750


31.983236 -10.248051 -4.375000 
30.433606 -7.763675 -3.118750 
27.949230 -6.214045 -4.375000 
31.983236 -10.248051 -4.375000


31.983236 -10.248051 -4.375000 
27.949230 -6.214045 -4.375000 
28.256672 -7.142581 -10.625000 
31.983236 -10.248051 -4.375000


28.256672 -7.142581 -10.625000 
30.744153 -9.316410 -10.618750 
31.983236 -10.248051 -4.375000 
28.256672 -7.142581 -10.625000


30.744153 -9.316410 -10.618750 
28.256672 -7.142581 -10.625000 
28.567219 -8.384769 -12.500000 
30.744153 -9.316410 -10.618750


33.849623 0.000000 -13.756250 
29.812512 -0.621094 -11.881250 
31.365247 1.866387 -9.375000 
33.849623 0.000000 -13.756250


27.017589 -4.968752 -6.243750 
29.812512 -2.794923 -4.993750 
29.501965 -1.552735 -6.243750 
27.017589 -4.968752 -6.243750


27.017589 -4.968752 -6.243750 
29.501965 -1.552735 -6.243750 
27.017589 -3.723459 -8.750000 
27.017589 -4.968752 -6.243750


27.014484 -2.794923 -10.625000 
27.017589 -3.723459 -8.750000 
29.501965 -1.552735 -6.243750 
27.014484 -2.794923 -10.625000


44.721873 -39.439469 -22.500000 
45.029315 -37.579292 -20.000000 
44.100779 -39.750016 -18.750000 
44.721873 -39.439469 -22.500000


28.256672 -7.142581 -10.625000 
27.017589 -4.968752 -6.243750 
23.291025 -5.279299 -14.368750 
28.256672 -7.142581 -10.625000


29.815617 -12.111333 -19.375000 
28.880871 -16.458991 -24.993750 
31.054700 -16.769538 -23.743750 
29.815617 -12.111333 -19.375000


29.815617 -12.111333 -19.375000 
27.638683 -15.527350 -24.993750 
28.880871 -16.458991 -24.993750 
29.815617 -12.111333 -19.375000


27.017589 -4.968752 -6.243750 
27.017589 -3.723459 -8.750000 
23.291025 -5.279299 -14.368750 
27.017589 -4.968752 -6.243750


29.812512 -0.621094 -11.881250 
27.014484 -2.794923 -10.625000 
31.365247 1.866387 -9.375000 
29.812512 -0.621094 -11.881250


29.501965 -1.552735 -6.243750 
31.365247 1.866387 -9.375000 
27.014484 -2.794923 -10.625000 
29.501965 -1.552735 -6.243750


36.023452 4.350763 -8.750000 
34.160170 3.108575 -9.375000 
33.849623 1.863282 -6.868750 
36.023452 4.350763 -8.750000


44.097674 -18.943367 -3.118750 
43.476580 -22.669931 -2.493750 
44.411326 -22.980478 -5.000000 
44.097674 -18.943367 -3.118750


41.926950 -2.173829 -6.250000 
41.616403 -0.931641 -5.625000 
42.858591 -5.589846 -3.750000 
41.926950 -2.173829 -6.250000


41.616403 -1.863282 -1.875000 
42.858591 -5.589846 -3.750000 
41.616403 -0.931641 -5.625000 
41.616403 -1.863282 -1.875000


33.539076 -0.310547 -3.118750 
36.333999 0.000000 -1.868750 
35.402358 1.552735 -4.368750 
33.539076 -0.310547 -3.118750


36.333999 1.242188 -3.743750 
35.402358 1.552735 -4.368750 
36.333999 0.000000 -1.868750 
36.333999 1.242188 -3.743750


38.197281 -2.484376 0.631250 
37.265640 -7.453128 -1.868750 
41.302751 -3.726564 0.006250 
38.197281 -2.484376 0.631250


41.302751 -5.900393 -1.243750 
41.302751 -3.726564 0.006250 
37.265640 -7.453128 -1.868750 
41.302751 -5.900393 -1.243750


33.539076 -0.310547 -3.118750 
31.675794 -3.726564 -1.868750 
34.781264 -3.726564 -0.618750 
33.539076 -0.310547 -3.118750


36.333999 0.000000 -1.868750 
33.539076 -0.310547 -3.118750 
34.781264 -3.726564 -0.618750 
36.333999 0.000000 -1.868750


38.197281 -2.484376 0.631250 
39.750016 -0.931641 0.631250 
36.333999 0.000000 -1.868750 
38.197281 -2.484376 0.631250


40.060563 0.931641 -0.618750 
36.333999 0.000000 -1.868750 
39.750016 -0.931641 0.631250 
40.060563 0.931641 -0.618750


36.333999 0.000000 -1.868750 
40.060563 0.931641 -0.618750 
39.750016 2.484376 -3.118750 
36.333999 0.000000 -1.868750


47.824238 -16.458991 -33.131250 
47.827343 -13.974615 -31.250000 
48.755879 -19.564461 -31.256250 
47.824238 -16.458991 -33.131250


47.827343 -15.216803 -30.000000 
48.755879 -19.564461 -31.256250 
47.827343 -13.974615 -31.250000 
47.827343 -15.216803 -30.000000


37.265640 3.726564 -11.256250 
37.576187 2.484376 -12.506250 
35.402358 1.863282 -12.506250 
37.265640 3.726564 -11.256250


39.750016 2.484376 -3.118750 
41.616403 -0.931641 -5.625000 
38.821480 4.658205 -6.250000 
39.750016 2.484376 -3.118750


40.684762 0.621094 -8.750000 
38.821480 4.658205 -6.250000 
41.616403 -0.931641 -5.625000 
40.684762 0.621094 -8.750000


33.539076 -0.310547 -3.118750 
33.849623 1.863282 -6.868750 
29.501965 -1.552735 -6.243750 
33.539076 -0.310547 -3.118750


35.402358 1.552735 -4.368750 
33.849623 1.863282 -6.868750 
33.539076 -0.310547 -3.118750 
35.402358 1.552735 -4.368750


36.023452 4.350763 -8.750000 
37.265640 3.726564 -11.256250 
34.160170 3.108575 -9.375000 
36.023452 4.350763 -8.750000


41.302751 2.173829 -15.006250 
37.265640 3.726564 -11.256250 
39.750016 4.040216 -11.250000 
41.302751 2.173829 -15.006250


36.023452 4.350763 -8.750000 
33.849623 1.863282 -6.868750 
35.402358 1.552735 -4.368750 
36.023452 4.350763 -8.750000


27.328136 -8.384769 -17.493750 
29.815617 -12.111333 -19.375000 
28.567219 -8.384769 -12.500000 
27.328136 -8.384769 -17.493750


34.160170 3.108575 -9.375000 
35.402358 1.863282 -12.506250 
31.365247 1.866387 -9.375000 
34.160170 3.108575 -9.375000


34.160170 3.108575 -9.375000 
31.365247 1.866387 -9.375000 
33.849623 1.863282 -6.868750 
34.160170 3.108575 -9.375000


33.849623 0.000000 -13.756250 
31.365247 1.866387 -9.375000 
35.402358 1.863282 -12.506250 
33.849623 0.000000 -13.756250


37.265640 3.726564 -11.256250 
38.197281 5.592951 -8.125000 
39.750016 4.040216 -11.250000 
37.265640 3.726564 -11.256250


28.259777 -11.800786 -31.256250 
28.570324 -15.527350 -30.631250 
27.635578 -14.285162 -29.375000 
28.259777 -11.800786 -31.256250


30.123059 -13.974615 -31.881250 
28.570324 -15.527350 -30.631250 
28.259777 -11.800786 -31.256250 
30.123059 -13.974615 -31.881250


42.237497 0.000000 -18.125000 
41.616403 1.242188 -16.250000 
44.100779 -4.037111 -16.875000 
42.237497 0.000000 -18.125000


42.237497 -0.310547 -11.875000 
42.237497 -3.105470 -10.000000 
43.169138 -3.726564 -12.500000 
42.237497 -0.310547 -11.875000


40.057458 -32.296888 -18.125000 
40.057458 -37.265640 -12.500000 
40.368005 -32.296888 -11.250000 
40.057458 -32.296888 -18.125000


31.675794 -1.242188 -14.381250 
31.986341 -1.860177 -15.625000 
28.570324 -3.416017 -18.131250 
31.675794 -1.242188 -14.381250


37.886734 -5.279299 -30.631250 
34.470717 -4.037111 -27.506250 
36.955093 -3.105470 -25.631250 
37.886734 -5.279299 -30.631250


27.638683 -16.458991 -26.881250 
32.917982 -20.182450 -26.250000 
28.880871 -16.458991 -24.993750 
27.638683 -16.458991 -26.881250


30.123059 -17.080085 -24.993750 
28.880871 -16.458991 -24.993750 
32.917982 -20.182450 -26.250000 
30.123059 -17.080085 -24.993750


22.359384 -6.832034 -22.493750 
23.909014 -11.179692 -24.375000 
25.464854 -6.832034 -18.118750 
22.359384 -6.832034 -22.493750


29.812512 -0.621094 -11.881250 
31.675794 -1.242188 -14.381250 
28.570324 -3.416017 -18.131250 
29.812512 -0.621094 -11.881250


25.775401 -4.344553 -19.375000 
29.812512 -0.621094 -11.881250 
28.570324 -3.416017 -18.131250 
25.775401 -4.344553 -19.375000


28.567219 -8.384769 -12.500000 
23.291025 -5.279299 -14.368750 
27.328136 -8.384769 -17.493750 
28.567219 -8.384769 -12.500000


27.017589 -3.723459 -8.750000 
27.014484 -2.794923 -10.625000 
23.291025 -5.279299 -14.368750 
27.017589 -3.723459 -8.750000


29.812512 -0.621094 -11.881250 
25.775401 -4.344553 -19.375000 
23.291025 -5.279299 -14.368750 
29.812512 -0.621094 -11.881250


28.570324 -7.453128 -32.506250 
30.744153 -4.968752 -28.131250 
33.228529 -6.832034 -32.506250 
28.570324 -7.453128 -32.506250


28.880871 -8.384769 -33.131250 
33.228529 -6.832034 -32.506250 
31.365247 -11.179692 -33.131250 
28.880871 -8.384769 -33.131250


28.880871 -8.384769 -33.131250 
28.570324 -7.453128 -32.506250 
33.228529 -6.832034 -32.506250 
28.880871 -8.384769 -33.131250


25.464854 -6.832034 -28.131250 
23.291025 -9.316410 -24.381250 
22.359384 -6.832034 -22.493750 
25.464854 -6.832034 -28.131250


23.291025 -5.279299 -14.368750 
25.775401 -4.344553 -19.375000 
24.533213 -4.968752 -22.493750 
23.291025 -5.279299 -14.368750


29.501965 -4.344553 -26.250000 
25.464854 -6.832034 -28.131250 
24.533213 -4.968752 -22.493750 
29.501965 -4.344553 -26.250000


24.533213 -4.968752 -22.493750 
25.775401 -4.344553 -19.375000 
28.880871 -3.105470 -22.493750 
24.533213 -4.968752 -22.493750


28.570324 -3.416017 -18.131250 
28.880871 -3.105470 -22.493750 
25.775401 -4.344553 -19.375000 
28.570324 -3.416017 -18.131250


24.533213 -4.968752 -22.493750 
28.880871 -3.105470 -22.493750 
29.501965 -4.344553 -26.250000 
24.533213 -4.968752 -22.493750


28.259777 -11.800786 -31.256250 
26.707042 -8.695316 -30.631250 
28.880871 -8.384769 -33.131250 
28.259777 -11.800786 -31.256250


28.570324 -7.453128 -32.506250 
28.880871 -8.384769 -33.131250 
26.707042 -8.695316 -30.631250 
28.570324 -7.453128 -32.506250


35.402358 -11.490239 -32.506250 
33.228529 -6.832034 -32.506250 
35.712905 -9.316410 -31.881250 
35.402358 -11.490239 -32.506250


31.365247 -11.179692 -33.131250 
33.228529 -6.832034 -32.506250 
35.402358 -11.490239 -32.506250 
31.365247 -11.179692 -33.131250


23.291025 -5.279299 -14.368750 
22.359384 -6.832034 -22.493750 
25.464854 -6.832034 -18.118750 
23.291025 -5.279299 -14.368750


24.533213 -4.968752 -22.493750 
22.359384 -6.832034 -22.493750 
23.291025 -5.279299 -14.368750 
24.533213 -4.968752 -22.493750


27.638683 -15.527350 -24.993750 
27.328136 -13.664068 -23.743750 
25.154307 -13.974615 -24.993750 
27.638683 -15.527350 -24.993750


26.707042 -8.695316 -30.631250 
26.393390 -13.974615 -28.125000 
26.085948 -9.937504 -28.756250 
26.707042 -8.695316 -30.631250


26.707042 -8.695316 -30.631250 
28.259777 -11.800786 -31.256250 
26.393390 -13.974615 -28.125000 
26.707042 -8.695316 -30.631250


31.986341 -1.860177 -15.625000 
34.160170 -1.863282 -20.006250 
28.880871 -3.105470 -22.493750 
31.986341 -1.860177 -15.625000


31.986341 -1.860177 -15.625000 
28.880871 -3.105470 -22.493750 
28.570324 -3.416017 -18.131250 
31.986341 -1.860177 -15.625000


28.880871 -3.105470 -22.493750 
33.849623 -2.481271 -23.750000 
31.986341 -3.726564 -25.631250 
28.880871 -3.105470 -22.493750


32.917982 -20.182450 -26.250000 
27.638683 -16.458991 -26.881250 
31.365247 -19.564461 -29.993750 
32.917982 -20.182450 -26.250000


29.815617 -12.111333 -19.375000 
27.328136 -13.664068 -23.743750 
27.638683 -15.527350 -24.993750 
29.815617 -12.111333 -19.375000


26.396495 -15.527350 -26.881250 
27.638683 -16.458991 -26.881250 
27.638683 -15.527350 -24.993750 
26.396495 -15.527350 -26.881250


32.917982 -20.182450 -26.250000 
33.228529 -18.946472 -23.750000 
30.123059 -17.080085 -24.993750 
32.917982 -20.182450 -26.250000


28.570324 -15.527350 -30.631250 
28.877766 -16.769538 -29.375000 
26.396495 -15.527350 -26.881250 
28.570324 -15.527350 -30.631250


26.393390 -13.974615 -28.125000 
28.570324 -15.527350 -30.631250 
26.396495 -15.527350 -26.881250 
26.393390 -13.974615 -28.125000


27.635578 -14.285162 -29.375000 
28.570324 -15.527350 -30.631250 
26.393390 -13.974615 -28.125000 
27.635578 -14.285162 -29.375000


27.638683 -16.458991 -26.881250 
26.396495 -15.527350 -26.881250 
28.877766 -16.769538 -29.375000 
27.638683 -16.458991 -26.881250


36.333999 -18.632820 -16.868750 
36.955093 -20.806649 -11.881250 
33.846518 -15.837897 -18.125000 
36.333999 -18.632820 -16.868750


44.097674 -50.001172 -36.250000 
44.408221 -51.240255 -39.993750 
45.029315 -48.448437 -37.500000 
44.097674 -50.001172 -36.250000


23.291025 -9.316410 -24.381250 
23.909014 -11.179692 -24.375000 
22.359384 -6.832034 -22.493750 
23.291025 -9.316410 -24.381250


31.054700 -10.558598 -13.118750 
28.567219 -8.384769 -12.500000 
29.815617 -12.111333 -19.375000 
31.054700 -10.558598 -13.118750


32.293783 -13.042974 -16.875000 
31.054700 -10.558598 -13.118750 
29.815617 -12.111333 -19.375000 
32.293783 -13.042974 -16.875000


27.328136 -8.384769 -17.493750 
25.464854 -6.832034 -18.118750 
23.909014 -11.179692 -24.375000 
27.328136 -8.384769 -17.493750


23.291025 -9.316410 -24.381250 
26.085948 -9.937504 -28.756250 
23.909014 -11.179692 -24.375000 
23.291025 -9.316410 -24.381250


26.393390 -13.974615 -28.125000 
25.154307 -13.974615 -24.993750 
23.909014 -11.179692 -24.375000 
26.393390 -13.974615 -28.125000


26.393390 -13.974615 -28.125000 
23.909014 -11.179692 -24.375000 
26.085948 -9.937504 -28.756250 
26.393390 -13.974615 -28.125000


36.955093 -20.806649 -11.881250 
36.333999 -17.390632 -11.881250 
33.846518 -15.837897 -18.125000 
36.955093 -20.806649 -11.881250


33.846518 -15.837897 -18.125000 
32.293783 -13.042974 -16.875000 
29.815617 -12.111333 -19.375000 
33.846518 -15.837897 -18.125000


36.020347 -19.875008 -20.000000 
36.333999 -18.632820 -16.868750 
33.846518 -15.837897 -18.125000 
36.020347 -19.875008 -20.000000


33.228529 -18.946472 -23.750000 
33.846518 -15.837897 -18.125000 
31.054700 -16.769538 -23.743750 
33.228529 -18.946472 -23.750000


33.228529 -18.946472 -23.750000 
36.020347 -19.875008 -20.000000 
33.846518 -15.837897 -18.125000 
33.228529 -18.946472 -23.750000


41.613298 -0.931641 -19.381250 
43.479685 -2.484376 -22.500000 
41.302751 -2.481271 -23.125000 
41.613298 -0.931641 -19.381250


45.342967 -41.613298 -26.875000 
45.650409 -42.855486 -30.618750 
46.271503 -40.060563 -29.993750 
45.342967 -41.613298 -26.875000


45.029315 -42.234392 -27.493750 
45.650409 -42.855486 -30.618750 
45.342967 -41.613298 -26.875000 
45.029315 -42.234392 -27.493750


33.846518 -15.837897 -18.125000 
29.815617 -12.111333 -19.375000 
31.054700 -16.769538 -23.743750 
33.846518 -15.837897 -18.125000


29.501965 -4.344553 -26.250000 
28.880871 -3.105470 -22.493750 
31.986341 -3.726564 -25.631250 
29.501965 -4.344553 -26.250000


37.886734 -5.279299 -30.631250 
34.160170 -5.900393 -30.631250 
34.470717 -4.037111 -27.506250 
37.886734 -5.279299 -30.631250


28.259777 -11.800786 -31.256250 
31.986341 -14.906256 -33.756250 
30.123059 -13.974615 -31.881250 
28.259777 -11.800786 -31.256250


28.880871 -8.384769 -33.131250 
31.986341 -14.906256 -33.756250 
28.259777 -11.800786 -31.256250 
28.880871 -8.384769 -33.131250


28.880871 -8.384769 -33.131250 
31.365247 -11.179692 -33.131250 
31.986341 -14.906256 -33.756250 
28.880871 -8.384769 -33.131250


34.470717 -18.943367 -31.256250 
31.365247 -18.011726 -31.256250 
31.986341 -14.906256 -33.756250 
34.470717 -18.943367 -31.256250


37.576187 -15.527350 -33.131250 
34.470717 -18.943367 -31.256250 
31.986341 -14.906256 -33.756250 
37.576187 -15.527350 -33.131250


31.365247 -11.179692 -33.131250 
35.402358 -13.664068 -33.131250 
31.986341 -14.906256 -33.756250 
31.365247 -11.179692 -33.131250


35.712905 -40.681657 -30.618750 
38.504723 -43.476580 -23.125000 
38.504723 -40.992204 -23.750000 
35.712905 -40.681657 -30.618750


33.228529 -4.658205 -28.131250 
34.160170 -5.900393 -30.631250 
30.744153 -4.968752 -28.131250 
33.228529 -4.658205 -28.131250


31.986341 -3.726564 -25.631250 
33.228529 -4.658205 -28.131250 
30.744153 -4.968752 -28.131250 
31.986341 -3.726564 -25.631250


41.613298 -7.453128 -30.631250 
42.234392 -5.900393 -29.381250 
45.029315 -9.316410 -30.006250 
41.613298 -7.453128 -30.631250


33.849623 -2.481271 -23.750000 
35.091811 -2.481271 -23.750000 
36.955093 -3.105470 -25.631250 
33.849623 -2.481271 -23.750000


33.849623 -2.481271 -23.750000 
36.955093 -3.105470 -25.631250 
34.470717 -4.037111 -27.506250 
33.849623 -2.481271 -23.750000


33.228529 -4.658205 -28.131250 
31.986341 -3.726564 -25.631250 
34.470717 -4.037111 -27.506250 
33.228529 -4.658205 -28.131250


31.986341 -3.726564 -25.631250 
30.744153 -4.968752 -28.131250 
29.501965 -4.344553 -26.250000 
31.986341 -3.726564 -25.631250


33.849623 -2.481271 -23.750000 
34.470717 -4.037111 -27.506250 
31.986341 -3.726564 -25.631250 
33.849623 -2.481271 -23.750000


35.402358 1.863282 -12.506250 
34.160170 -1.863282 -20.006250 
33.849623 0.000000 -13.756250 
35.402358 1.863282 -12.506250


35.402358 1.863282 -12.506250 
36.644546 0.313652 -15.000000 
34.160170 -1.863282 -20.006250 
35.402358 1.863282 -12.506250


34.160170 -5.900393 -30.631250 
33.228529 -4.658205 -28.131250 
34.470717 -4.037111 -27.506250 
34.160170 -5.900393 -30.631250


41.302751 -2.481271 -23.125000 
44.411326 -3.416017 -25.000000 
41.923845 -4.658205 -28.756250 
41.302751 -2.481271 -23.125000


46.274608 -9.937504 -25.625000 
45.653514 -6.521487 -27.500000 
45.032420 -6.832034 -23.750000 
46.274608 -9.937504 -25.625000


33.849623 -2.481271 -23.750000 
28.880871 -3.105470 -22.493750 
34.160170 -1.863282 -20.006250 
33.849623 -2.481271 -23.750000


44.718768 -36.333999 -39.381250 
44.408221 -38.818375 -41.256250 
43.476580 -36.644546 -40.006250 
44.718768 -36.333999 -39.381250


35.091811 -2.481271 -23.750000 
33.849623 -2.481271 -23.750000 
36.023452 -1.860177 -20.625000 
35.091811 -2.481271 -23.750000


34.160170 -1.863282 -20.006250 
36.023452 -1.860177 -20.625000 
33.849623 -2.481271 -23.750000 
34.160170 -1.863282 -20.006250


45.653514 -6.521487 -27.500000 
44.411326 -3.416017 -25.000000 
45.032420 -6.832034 -23.750000 
45.653514 -6.521487 -27.500000


45.653514 -6.521487 -27.500000 
41.923845 -4.658205 -28.756250 
44.411326 -3.416017 -25.000000 
45.653514 -6.521487 -27.500000


42.237497 -0.310547 -11.875000 
41.302751 2.173829 -15.006250 
39.750016 4.040216 -11.250000 
42.237497 -0.310547 -11.875000


41.923845 -4.658205 -28.756250 
45.653514 -6.521487 -27.500000 
42.234392 -5.900393 -29.381250 
41.923845 -4.658205 -28.756250


47.206249 -21.738290 -25.000000 
47.203144 -22.048837 -21.868750 
47.203144 -23.601572 -22.493750 
47.206249 -21.738290 -25.000000


45.029315 -9.316410 -30.006250 
44.097674 -10.248051 -31.256250 
41.613298 -7.453128 -30.631250 
45.029315 -9.316410 -30.006250


40.060563 -13.353521 -33.131250 
44.718768 -13.042974 -32.506250 
42.234392 -16.148444 -33.131250 
40.060563 -13.353521 -33.131250


45.032420 -6.832034 -23.750000 
45.029315 -8.384769 -21.881250 
45.342967 -9.316410 -22.500000 
45.032420 -6.832034 -23.750000


45.650409 -42.855486 -30.618750 
44.097674 -44.718768 -27.506250 
43.787127 -47.824238 -31.243750 
45.650409 -42.855486 -30.618750


45.032420 -7.453128 -17.500000 
45.653514 -10.248051 -15.000000 
45.342967 -9.005863 -19.375000 
45.032420 -7.453128 -17.500000


41.923845 -4.658205 -28.756250 
36.955093 -3.105470 -25.631250 
41.302751 -2.481271 -23.125000 
41.923845 -4.658205 -28.756250


37.576187 -51.243360 -18.750000 
38.197281 -54.035178 -24.993750 
39.442574 -50.308614 -21.875000 
37.576187 -51.243360 -18.750000


37.576187 -51.243360 -18.750000 
36.023452 -54.035178 -21.243750 
38.197281 -54.035178 -24.993750 
37.576187 -51.243360 -18.750000


37.886734 -5.279299 -30.631250 
36.955093 -3.105470 -25.631250 
41.923845 -4.658205 -28.756250 
37.886734 -5.279299 -30.631250


39.439469 -7.142581 -31.256250 
41.923845 -4.658205 -28.756250 
42.234392 -5.900393 -29.381250 
39.439469 -7.142581 -31.256250


37.886734 -5.279299 -30.631250 
41.923845 -4.658205 -28.756250 
39.439469 -7.142581 -31.256250 
37.886734 -5.279299 -30.631250


37.576187 -15.527350 -33.131250 
38.818375 -24.843760 -32.506250 
36.951988 -24.222666 -31.875000 
37.576187 -15.527350 -33.131250


47.513691 -26.085948 -21.881250 
47.203144 -23.601572 -22.493750 
47.206249 -23.291025 -21.250000 
47.513691 -26.085948 -21.881250


44.100779 -25.775401 -5.625000 
44.718768 -27.331241 -9.375000 
45.032420 -25.464854 -10.000000 
44.100779 -25.775401 -5.625000


34.160170 -1.863282 -20.006250 
36.644546 0.313652 -15.000000 
38.507828 1.242188 -15.006250 
34.160170 -1.863282 -20.006250


36.023452 -1.860177 -20.625000 
34.160170 -1.863282 -20.006250 
38.507828 1.242188 -15.006250 
36.023452 -1.860177 -20.625000


40.684762 0.621094 -8.750000 
42.237497 -0.310547 -11.875000 
39.750016 4.040216 -11.250000 
40.684762 0.621094 -8.750000


36.955093 -3.105470 -25.631250 
35.091811 -2.481271 -23.750000 
41.302751 -2.481271 -23.125000 
36.955093 -3.105470 -25.631250


36.023452 -1.860177 -20.625000 
41.302751 -2.481271 -23.125000 
35.091811 -2.481271 -23.750000 
36.023452 -1.860177 -20.625000


48.445332 -25.464854 -29.368750 
47.513691 -26.707042 -22.493750 
48.448437 -29.812512 -29.375000 
48.445332 -25.464854 -29.368750


42.237497 0.000000 -18.125000 
43.479685 -2.484376 -22.500000 
41.613298 -0.931641 -19.381250 
42.237497 0.000000 -18.125000


35.402358 -13.664068 -33.131250 
35.402358 -11.490239 -32.506250 
40.060563 -13.353521 -33.131250 
35.402358 -13.664068 -33.131250


37.886734 -10.869145 -31.881250 
40.060563 -13.353521 -33.131250 
35.402358 -11.490239 -32.506250 
37.886734 -10.869145 -31.881250


37.576187 -15.527350 -33.131250 
35.402358 -13.664068 -33.131250 
40.060563 -13.353521 -33.131250 
37.576187 -15.527350 -33.131250


41.613298 -7.453128 -30.631250 
39.439469 -7.142581 -31.256250 
42.234392 -5.900393 -29.381250 
41.613298 -7.453128 -30.631250


43.787127 -4.347658 -21.868750 
44.100779 -4.037111 -16.875000 
45.032420 -7.453128 -17.500000 
43.787127 -4.347658 -21.868750


39.439469 -7.142581 -31.256250 
43.166033 -10.869145 -31.881250 
40.060563 -13.353521 -33.131250 
39.439469 -7.142581 -31.256250


39.439469 -7.142581 -31.256250 
40.060563 -13.353521 -33.131250 
37.886734 -10.869145 -31.881250 
39.439469 -7.142581 -31.256250


46.585155 -30.123059 -18.750000 
46.895702 -26.707042 -17.500000 
45.339862 -30.433606 -14.368750 
46.585155 -30.123059 -18.750000


38.818375 -24.843760 -32.506250 
37.576187 -15.527350 -33.131250 
40.681657 -24.843760 -33.131250 
38.818375 -24.843760 -32.506250


37.265640 -29.191418 -34.381250 
36.951988 -24.222666 -31.875000 
38.818375 -24.843760 -32.506250 
37.265640 -29.191418 -34.381250


36.644546 -28.880871 -33.756250 
36.951988 -24.222666 -31.875000 
37.265640 -29.191418 -34.381250 
36.644546 -28.880871 -33.756250


40.681657 -24.843760 -33.131250 
42.234392 -16.148444 -33.131250 
44.408221 -25.464854 -33.756250 
40.681657 -24.843760 -33.131250


46.582050 -34.784369 -25.000000 
46.895702 -33.539076 -23.750000 
46.274608 -35.712905 -24.375000 
46.582050 -34.784369 -25.000000


37.265640 -21.738290 -8.118750 
37.573082 -22.980478 -11.250000 
37.883629 -26.085948 -8.125000 
37.265640 -21.738290 -8.118750


48.448437 -29.812512 -29.375000 
46.892597 -32.296888 -23.131250 
46.892597 -33.539076 -24.368750 
48.448437 -29.812512 -29.375000


43.787127 -27.017589 -34.381250 
40.681657 -24.843760 -33.131250 
44.408221 -25.464854 -33.756250 
43.787127 -27.017589 -34.381250


36.023452 -32.296888 -36.256250 
37.576187 -30.744153 -35.631250 
38.507828 -31.986341 -36.881250 
36.023452 -32.296888 -36.256250


32.293783 -32.607435 -31.250000 
38.504723 -36.023452 -25.625000 
39.125817 -34.781264 -23.125000 
32.293783 -32.607435 -31.250000


38.818375 -33.539076 -24.993750 
32.293783 -32.607435 -31.250000 
39.125817 -34.781264 -23.125000 
38.818375 -33.539076 -24.993750


32.293783 -32.607435 -31.250000 
39.125817 -30.433606 -22.500000 
36.955093 -26.085948 -26.256250 
32.293783 -32.607435 -31.250000


44.411326 -3.416017 -25.000000 
43.479685 -2.484376 -22.500000 
43.787127 -4.347658 -21.868750 
44.411326 -3.416017 -25.000000


41.302751 -2.481271 -23.125000 
43.479685 -2.484376 -22.500000 
44.411326 -3.416017 -25.000000 
41.302751 -2.481271 -23.125000


44.721873 -14.906256 -6.875000 
45.032420 -16.148444 -10.625000 
45.964061 -13.664068 -13.750000 
44.721873 -14.906256 -6.875000


44.411326 -12.421880 -10.000000 
44.721873 -14.906256 -6.875000 
45.964061 -13.664068 -13.750000 
44.411326 -12.421880 -10.000000


48.137890 -18.011726 -28.750000 
47.206249 -18.943367 -25.625000 
48.448437 -22.359384 -28.750000 
48.137890 -18.011726 -28.750000


47.827343 -13.974615 -31.250000 
44.718768 -13.042974 -32.506250 
46.271503 -11.800786 -30.631250 
47.827343 -13.974615 -31.250000


47.827343 -13.974615 -31.250000 
46.582050 -14.906256 -32.506250 
44.718768 -13.042974 -32.506250 
47.827343 -13.974615 -31.250000


47.203144 -22.048837 -21.868750 
47.203144 -22.048837 -21.256250 
47.206249 -23.291025 -21.250000 
47.203144 -22.048837 -21.868750


46.895702 -33.539076 -23.750000 
46.585155 -33.849623 -21.875000 
46.274608 -35.712905 -24.375000 
46.895702 -33.539076 -23.750000


44.408221 -25.464854 -33.756250 
47.824238 -16.458991 -33.131250 
48.755879 -26.396495 -33.131250 
44.408221 -25.464854 -33.756250


47.513691 -26.085948 -21.881250 
48.448437 -22.359384 -28.750000 
47.203144 -23.601572 -22.493750 
47.513691 -26.085948 -21.881250


47.513691 -26.085948 -21.881250 
47.513691 -26.707042 -22.493750 
48.448437 -22.359384 -28.750000 
47.513691 -26.085948 -21.881250


44.718768 -36.333999 -39.381250 
43.476580 -36.644546 -40.006250 
44.718768 -33.228529 -37.506250 
44.718768 -36.333999 -39.381250


47.206249 -23.291025 -21.250000 
47.203144 -23.601572 -22.493750 
47.203144 -22.048837 -21.868750 
47.206249 -23.291025 -21.250000


42.237497 0.000000 -18.125000 
44.100779 -4.037111 -16.875000 
43.479685 -2.484376 -22.500000 
42.237497 0.000000 -18.125000


43.787127 -12.732427 -3.118750 
45.032420 -17.390632 -6.875000 
44.721873 -14.906256 -6.875000 
43.787127 -12.732427 -3.118750


44.097674 -18.943367 -3.118750 
45.032420 -17.390632 -6.875000 
43.787127 -12.732427 -3.118750 
44.097674 -18.943367 -3.118750


40.060563 -13.353521 -33.131250 
43.166033 -10.869145 -31.881250 
44.718768 -13.042974 -32.506250 
40.060563 -13.353521 -33.131250


48.445332 -25.464854 -29.368750 
48.448437 -22.359384 -28.750000 
47.513691 -26.707042 -22.493750 
48.445332 -25.464854 -29.368750


46.585155 -23.291025 -16.250000 
46.895702 -26.707042 -17.500000 
47.206249 -20.806649 -19.375000 
46.585155 -23.291025 -16.250000


47.206249 -23.291025 -21.250000 
47.206249 -20.806649 -19.375000 
46.895702 -26.707042 -17.500000 
47.206249 -23.291025 -21.250000


46.271503 -11.800786 -30.631250 
46.582050 -9.937504 -28.756250 
47.827343 -13.974615 -31.250000 
46.271503 -11.800786 -30.631250


47.827343 -15.216803 -30.000000 
47.827343 -13.974615 -31.250000 
46.582050 -9.937504 -28.756250 
47.827343 -15.216803 -30.000000


46.582050 -13.664068 -21.881250 
46.274608 -9.937504 -25.625000 
45.960956 -11.490239 -21.881250 
46.582050 -13.664068 -21.881250


44.411326 -5.900393 -14.375000 
44.100779 -8.384769 -11.250000 
45.653514 -10.248051 -15.000000 
44.411326 -5.900393 -14.375000


40.681657 -24.843760 -33.131250 
43.787127 -27.017589 -34.381250 
40.681657 -29.188313 -35.625000 
40.681657 -24.843760 -33.131250


48.755879 -24.533213 -31.881250 
48.448437 -22.359384 -28.750000 
48.445332 -25.464854 -29.368750 
48.755879 -24.533213 -31.881250


47.206249 -21.738290 -25.000000 
47.203144 -23.601572 -22.493750 
48.448437 -22.359384 -28.750000 
47.206249 -21.738290 -25.000000


47.206249 -21.738290 -25.000000 
48.448437 -22.359384 -28.750000 
47.206249 -18.943367 -25.625000 
47.206249 -21.738290 -25.000000


46.274608 -9.937504 -25.625000 
46.895702 -14.595709 -25.000000 
46.582050 -9.937504 -28.756250 
46.274608 -9.937504 -25.625000


48.755879 -26.396495 -33.131250 
45.650409 -27.017589 -33.756250 
44.408221 -25.464854 -33.756250 
48.755879 -26.396495 -33.131250


47.206249 -21.738290 -25.000000 
47.206249 -18.943367 -25.625000 
47.203144 -22.048837 -21.868750 
47.206249 -21.738290 -25.000000


44.408221 -25.464854 -33.756250 
44.718768 -29.812512 -35.631250 
43.787127 -27.017589 -34.381250 
44.408221 -25.464854 -33.756250


44.408221 -25.464854 -33.756250 
45.650409 -27.017589 -33.756250 
44.718768 -29.812512 -35.631250 
44.408221 -25.464854 -33.756250


48.758984 -32.296888 -31.875000 
48.755879 -26.396495 -33.131250 
48.448437 -29.812512 -29.375000 
48.758984 -32.296888 -31.875000


41.923845 -33.542181 -5.000000 
41.923845 -31.678899 -2.500000 
40.371110 -35.402358 -3.118750 
41.923845 -33.542181 -5.000000


47.824238 -16.458991 -33.131250 
46.582050 -14.906256 -32.506250 
47.827343 -13.974615 -31.250000 
47.824238 -16.458991 -33.131250


46.271503 -37.576187 -26.243750 
46.582050 -34.784369 -25.000000 
46.274608 -35.712905 -24.375000 
46.271503 -37.576187 -26.243750


48.755879 -26.396495 -33.131250 
48.755879 -24.533213 -31.881250 
48.445332 -25.464854 -29.368750 
48.755879 -26.396495 -33.131250


45.650409 -27.017589 -33.756250 
48.758984 -30.744153 -35.625000 
44.718768 -29.812512 -35.631250 
45.650409 -27.017589 -33.756250


48.758984 -32.296888 -31.875000 
49.069531 -34.781264 -37.500000 
49.066426 -32.607435 -36.881250 
48.758984 -32.296888 -31.875000


42.544939 -36.958198 -12.500000 
41.613298 -37.268745 -8.125000 
41.616403 -38.818375 -11.875000 
42.544939 -36.958198 -12.500000


44.411326 -5.900393 -14.375000 
45.653514 -10.248051 -15.000000 
45.032420 -7.453128 -17.500000 
44.411326 -5.900393 -14.375000


38.197281 5.592951 -8.125000 
36.023452 4.350763 -8.750000 
38.821480 4.658205 -6.250000 
38.197281 5.592951 -8.125000


44.408221 -25.464854 -33.756250 
42.234392 -16.148444 -33.131250 
47.824238 -16.458991 -33.131250 
44.408221 -25.464854 -33.756250


48.758984 -30.744153 -35.625000 
49.066426 -32.607435 -36.881250 
45.339862 -31.054700 -36.256250 
48.758984 -30.744153 -35.625000


48.758984 -32.296888 -31.875000 
49.066426 -32.607435 -36.881250 
48.758984 -30.744153 -35.625000 
48.758984 -32.296888 -31.875000


47.827343 -15.216803 -30.000000 
46.895702 -14.595709 -25.000000 
48.137890 -18.011726 -28.750000 
47.827343 -15.216803 -30.000000


47.206249 -18.943367 -25.625000 
48.137890 -18.011726 -28.750000 
46.895702 -14.595709 -25.000000 
47.206249 -18.943367 -25.625000


46.582050 -13.664068 -21.881250 
46.895702 -14.595709 -25.000000 
46.274608 -9.937504 -25.625000 
46.582050 -13.664068 -21.881250


44.718768 -13.042974 -32.506250 
44.097674 -10.248051 -31.256250 
46.271503 -11.800786 -30.631250 
44.718768 -13.042974 -32.506250


44.718768 -13.042974 -32.506250 
43.166033 -10.869145 -31.881250 
44.097674 -10.248051 -31.256250 
44.718768 -13.042974 -32.506250


43.166033 -10.869145 -31.881250 
41.613298 -7.453128 -30.631250 
44.097674 -10.248051 -31.256250 
43.166033 -10.869145 -31.881250


48.448437 -22.359384 -28.750000 
48.755879 -24.533213 -31.881250 
48.755879 -19.564461 -31.256250 
48.448437 -22.359384 -28.750000


40.060563 -22.048837 -3.743750 
44.097674 -18.943367 -3.118750 
39.439469 -19.253914 -4.368750 
40.060563 -22.048837 -3.743750


48.448437 -42.234392 -41.875000 
47.827343 -42.544939 -39.375000 
46.892597 -45.653514 -40.000000 
48.448437 -42.234392 -41.875000


46.271503 -8.074222 -28.131250 
46.274608 -9.937504 -25.625000 
46.582050 -9.937504 -28.756250 
46.271503 -8.074222 -28.131250


46.271503 -8.074222 -28.131250 
46.582050 -9.937504 -28.756250 
45.029315 -9.316410 -30.006250 
46.271503 -8.074222 -28.131250


46.271503 -11.800786 -30.631250 
44.097674 -10.248051 -31.256250 
45.029315 -9.316410 -30.006250 
46.271503 -11.800786 -30.631250


45.029315 -9.316410 -30.006250 
46.582050 -9.937504 -28.756250 
46.271503 -11.800786 -30.631250 
45.029315 -9.316410 -30.006250


45.653514 -6.521487 -27.500000 
46.274608 -9.937504 -25.625000 
46.271503 -8.074222 -28.131250 
45.653514 -6.521487 -27.500000


45.653514 -6.521487 -27.500000 
46.271503 -8.074222 -28.131250 
45.029315 -9.316410 -30.006250 
45.653514 -6.521487 -27.500000


45.653514 -6.521487 -27.500000 
45.029315 -9.316410 -30.006250 
42.234392 -5.900393 -29.381250 
45.653514 -6.521487 -27.500000


45.342967 -9.316410 -22.500000 
46.274608 -9.937504 -25.625000 
45.032420 -6.832034 -23.750000 
45.342967 -9.316410 -22.500000


47.206249 -18.943367 -25.625000 
46.895702 -14.595709 -25.000000 
46.892597 -15.837897 -21.881250 
47.206249 -18.943367 -25.625000


46.895702 -14.595709 -25.000000 
46.582050 -13.664068 -21.881250 
46.892597 -15.837897 -21.881250 
46.895702 -14.595709 -25.000000


43.166033 -8.695316 -1.868750 
42.858591 -5.589846 -3.750000 
42.544939 -6.521487 -1.243750 
43.166033 -8.695316 -1.868750


40.371110 -35.402358 -3.118750 
39.746911 -32.607435 -4.375000 
40.371110 -39.128922 -8.118750 
40.371110 -35.402358 -3.118750


41.613298 -0.931641 -19.381250 
36.023452 -1.860177 -20.625000 
39.750016 -0.931641 -18.131250 
41.613298 -0.931641 -19.381250


45.960956 -11.490239 -21.881250 
45.342967 -9.316410 -22.500000 
45.342967 -9.005863 -19.375000 
45.960956 -11.490239 -21.881250


41.613298 -0.931641 -19.381250 
41.302751 -2.481271 -23.125000 
36.023452 -1.860177 -20.625000 
41.613298 -0.931641 -19.381250


43.479685 -2.484376 -22.500000 
44.100779 -4.037111 -16.875000 
43.787127 -4.347658 -21.868750 
43.479685 -2.484376 -22.500000


45.029315 -8.384769 -21.881250 
45.032420 -6.832034 -23.750000 
45.342967 -9.005863 -19.375000 
45.029315 -8.384769 -21.881250


45.032420 -7.453128 -17.500000 
45.342967 -9.005863 -19.375000 
45.032420 -6.832034 -23.750000 
45.032420 -7.453128 -17.500000


46.582050 -13.664068 -21.881250 
45.960956 -11.490239 -21.881250 
45.342967 -9.005863 -19.375000 
46.582050 -13.664068 -21.881250


36.023452 4.350763 -8.750000 
35.402358 1.552735 -4.368750 
38.821480 4.658205 -6.250000 
36.023452 4.350763 -8.750000


43.476580 -22.669931 -2.493750 
44.097674 -18.943367 -3.118750 
40.060563 -22.048837 -3.743750 
43.476580 -22.669931 -2.493750


42.237497 -0.310547 -11.875000 
41.926950 -2.173829 -6.250000 
42.237497 -3.105470 -10.000000 
42.237497 -0.310547 -11.875000


39.750016 4.040216 -11.250000 
38.821480 4.658205 -6.250000 
40.684762 0.621094 -8.750000 
39.750016 4.040216 -11.250000


39.750016 4.040216 -11.250000 
38.197281 5.592951 -8.125000 
38.821480 4.658205 -6.250000 
39.750016 4.040216 -11.250000


37.576187 2.484376 -12.506250 
37.265640 3.726564 -11.256250 
38.507828 1.242188 -15.006250 
37.576187 2.484376 -12.506250


41.302751 2.173829 -15.006250 
38.507828 1.242188 -15.006250 
37.265640 3.726564 -11.256250 
41.302751 2.173829 -15.006250


41.616403 1.242188 -16.250000 
41.302751 2.173829 -15.006250 
42.237497 -0.310547 -11.875000 
41.616403 1.242188 -16.250000


38.507828 1.242188 -15.006250 
41.302751 2.173829 -15.006250 
41.616403 1.242188 -16.250000 
38.507828 1.242188 -15.006250


37.265640 -7.453128 -1.868750 
38.197281 -2.484376 0.631250 
34.781264 -3.726564 -0.618750 
37.265640 -7.453128 -1.868750


39.750016 -10.869145 -2.493750 
37.576187 -15.527350 -4.368750 
39.128922 -17.701179 -4.368750 
39.750016 -10.869145 -2.493750


38.197281 -21.117196 -4.368750 
40.060563 -22.048837 -3.743750 
39.439469 -19.253914 -4.368750 
38.197281 -21.117196 -4.368750


44.100779 -8.074222 -7.500000 
42.858591 -5.589846 -3.750000 
43.166033 -8.695316 -1.868750 
44.100779 -8.074222 -7.500000


43.476580 -9.937504 -2.493750 
44.100779 -8.074222 -7.500000 
43.166033 -8.695316 -1.868750 
43.476580 -9.937504 -2.493750


39.750016 -10.869145 -2.493750 
39.128922 -17.701179 -4.368750 
44.097674 -18.943367 -3.118750 
39.750016 -10.869145 -2.493750


39.750016 -10.869145 -2.493750 
44.097674 -18.943367 -3.118750 
43.787127 -12.732427 -3.118750 
39.750016 -10.869145 -2.493750


44.721873 -14.906256 -6.875000 
44.411326 -12.421880 -10.000000 
44.411326 -13.042974 -6.250000 
44.721873 -14.906256 -6.875000


41.302751 -3.726564 0.006250 
41.302751 -5.900393 -1.243750 
42.544939 -6.521487 -1.243750 
41.302751 -3.726564 0.006250


39.128922 -17.701179 -4.368750 
38.197281 -21.117196 -4.368750 
39.439469 -19.253914 -4.368750 
39.128922 -17.701179 -4.368750


44.097674 -18.943367 -3.118750 
44.411326 -22.980478 -5.000000 
45.032420 -17.390632 -6.875000 
44.097674 -18.943367 -3.118750


39.750016 2.484376 -3.118750 
41.616403 -1.863282 -1.875000 
41.616403 -0.931641 -5.625000 
39.750016 2.484376 -3.118750


39.750016 2.484376 -3.118750 
40.060563 0.931641 -0.618750 
41.616403 -1.863282 -1.875000 
39.750016 2.484376 -3.118750


40.060563 0.931641 -0.618750 
39.750016 -0.931641 0.631250 
41.616403 -1.863282 -1.875000 
40.060563 0.931641 -0.618750


39.750016 -0.931641 0.631250 
41.302751 -3.726564 0.006250 
41.616403 -1.863282 -1.875000 
39.750016 -0.931641 0.631250


38.197281 -2.484376 0.631250 
41.302751 -3.726564 0.006250 
39.750016 -0.931641 0.631250 
38.197281 -2.484376 0.631250


43.479685 -6.210940 -8.750000 
42.237497 -3.105470 -10.000000 
41.926950 -2.173829 -6.250000 
43.479685 -6.210940 -8.750000


42.858591 -5.589846 -3.750000 
43.479685 -6.210940 -8.750000 
41.926950 -2.173829 -6.250000 
42.858591 -5.589846 -3.750000


44.411326 -5.900393 -14.375000 
44.100779 -4.037111 -16.875000 
43.169138 -3.726564 -12.500000 
44.411326 -5.900393 -14.375000


44.411326 -5.900393 -14.375000 
43.479685 -6.210940 -8.750000 
44.100779 -8.384769 -11.250000 
44.411326 -5.900393 -14.375000


43.169138 -3.726564 -12.500000 
43.479685 -6.210940 -8.750000 
44.411326 -5.900393 -14.375000 
43.169138 -3.726564 -12.500000


44.100779 -4.037111 -16.875000 
44.411326 -5.900393 -14.375000 
45.032420 -7.453128 -17.500000 
44.100779 -4.037111 -16.875000


43.479685 -6.210940 -8.750000 
42.858591 -5.589846 -3.750000 
44.100779 -8.074222 -7.500000 
43.479685 -6.210940 -8.750000


44.100779 -8.384769 -11.250000 
43.479685 -6.210940 -8.750000 
44.100779 -8.074222 -7.500000 
44.100779 -8.384769 -11.250000


41.923845 -33.542181 -5.000000 
42.858591 -31.675794 -5.625000 
41.923845 -31.678899 -2.500000 
41.923845 -33.542181 -5.000000


44.100779 -8.074222 -7.500000 
43.476580 -9.937504 -2.493750 
44.411326 -13.042974 -6.250000 
44.100779 -8.074222 -7.500000


42.858591 -31.675794 -5.625000 
44.100779 -31.675794 -10.625000 
44.718768 -27.331241 -9.375000 
42.858591 -31.675794 -5.625000


46.585155 -23.291025 -16.250000 
45.032420 -25.775401 -12.500000 
46.895702 -26.707042 -17.500000 
46.585155 -23.291025 -16.250000


38.197281 -21.117196 -4.368750 
37.883629 -26.085948 -8.125000 
39.125817 -24.843760 -4.375000 
38.197281 -21.117196 -4.368750


38.197281 -21.117196 -4.368750 
37.265640 -21.738290 -8.118750 
37.883629 -26.085948 -8.125000 
38.197281 -21.117196 -4.368750


45.032420 -16.148444 -10.625000 
44.721873 -14.906256 -6.875000 
45.032420 -17.390632 -6.875000 
45.032420 -16.148444 -10.625000


37.576187 -15.527350 -4.368750 
33.539076 -12.424985 -4.375000 
35.402358 -14.595709 -4.993750 
37.576187 -15.527350 -4.368750


40.060563 -28.259777 -3.118750 
39.125817 -24.843760 -4.375000 
37.883629 -26.085948 -8.125000 
40.060563 -28.259777 -3.118750


37.265640 -7.453128 -1.868750 
33.539076 -12.424985 -4.375000 
39.750016 -10.869145 -2.493750 
37.265640 -7.453128 -1.868750


44.411326 -22.980478 -5.000000 
42.855486 -26.396495 -2.493750 
44.100779 -25.775401 -5.625000 
44.411326 -22.980478 -5.000000


42.855486 -26.396495 -2.493750 
43.476580 -22.669931 -2.493750 
40.060563 -22.048837 -3.743750 
42.855486 -26.396495 -2.493750


40.060563 -28.259777 -3.118750 
40.060563 -22.048837 -3.743750 
39.125817 -24.843760 -4.375000 
40.060563 -28.259777 -3.118750


37.265640 -7.453128 -1.868750 
39.750016 -10.869145 -2.493750 
41.302751 -5.900393 -1.243750 
37.265640 -7.453128 -1.868750


43.166033 -8.695316 -1.868750 
42.544939 -6.521487 -1.243750 
39.750016 -10.869145 -2.493750 
43.166033 -8.695316 -1.868750


41.302751 -5.900393 -1.243750 
39.750016 -10.869145 -2.493750 
42.544939 -6.521487 -1.243750 
41.302751 -5.900393 -1.243750


43.787127 -12.732427 -3.118750 
43.166033 -8.695316 -1.868750 
39.750016 -10.869145 -2.493750 
43.787127 -12.732427 -3.118750


43.476580 -9.937504 -2.493750 
43.166033 -8.695316 -1.868750 
43.787127 -12.732427 -3.118750 
43.476580 -9.937504 -2.493750


37.576187 -15.527350 -4.368750 
38.197281 -21.117196 -4.368750 
39.128922 -17.701179 -4.368750 
37.576187 -15.527350 -4.368750


37.576187 -15.527350 -4.368750 
36.641441 -17.080085 -5.000000 
38.197281 -21.117196 -4.368750 
37.576187 -15.527350 -4.368750


44.100779 -31.675794 -10.625000 
42.858591 -31.675794 -5.625000 
43.169138 -34.160170 -9.375000 
44.100779 -31.675794 -10.625000


40.368005 -32.296888 -11.250000 
39.439469 -31.054700 -8.118750 
39.750016 -28.570324 -11.256250 
40.368005 -32.296888 -11.250000


39.439469 -31.054700 -8.118750 
39.746911 -32.607435 -4.375000 
39.750016 -31.365247 -3.743750 
39.439469 -31.054700 -8.118750


45.653514 -32.607435 -16.250000 
44.100779 -31.675794 -10.625000 
44.408221 -34.781264 -14.368750 
45.653514 -32.607435 -16.250000


45.653514 -32.607435 -16.250000 
45.339862 -30.433606 -14.368750 
44.100779 -31.675794 -10.625000 
45.653514 -32.607435 -16.250000


38.504723 -44.097674 -19.375000 
39.436364 -40.060563 -20.000000 
38.504723 -40.992204 -23.750000 
38.504723 -44.097674 -19.375000


38.504723 -44.097674 -19.375000 
38.504723 -40.992204 -23.750000 
38.504723 -43.476580 -23.125000 
38.504723 -44.097674 -19.375000


39.125817 -24.843760 -4.375000 
40.060563 -22.048837 -3.743750 
38.197281 -21.117196 -4.368750 
39.125817 -24.843760 -4.375000


45.032420 -16.148444 -10.625000 
46.585155 -17.080085 -15.625000 
45.964061 -13.664068 -13.750000 
45.032420 -16.148444 -10.625000


37.573082 -22.980478 -11.250000 
38.818375 -26.085948 -11.881250 
37.883629 -26.085948 -8.125000 
37.573082 -22.980478 -11.250000


44.100779 -25.775401 -5.625000 
43.476580 -27.641788 -5.000000 
44.718768 -27.331241 -9.375000 
44.100779 -25.775401 -5.625000


37.886734 -24.533213 -21.868750 
38.815270 -26.396495 -20.000000 
37.886734 -23.912119 -20.618750 
37.886734 -24.533213 -21.868750


47.203144 -22.048837 -21.256250 
47.206249 -20.806649 -19.375000 
47.206249 -23.291025 -21.250000 
47.203144 -22.048837 -21.256250


46.585155 -20.185555 -15.625000 
47.206249 -20.806649 -19.375000 
46.585155 -17.080085 -15.625000 
46.585155 -20.185555 -15.625000


47.206249 -40.681657 -32.500000 
47.516796 -38.197281 -31.250000 
46.271503 -40.060563 -29.993750 
47.206249 -40.681657 -32.500000


44.100779 -8.384769 -11.250000 
44.411326 -12.421880 -10.000000 
45.653514 -10.248051 -15.000000 
44.100779 -8.384769 -11.250000


44.411326 -12.421880 -10.000000 
45.964061 -13.664068 -13.750000 
45.653514 -10.248051 -15.000000 
44.411326 -12.421880 -10.000000


37.573082 -22.980478 -11.250000 
37.262535 -21.738290 -20.000000 
39.128922 -24.222666 -16.868750 
37.573082 -22.980478 -11.250000


37.262535 -21.738290 -20.000000 
37.886734 -23.912119 -20.618750 
39.128922 -24.222666 -16.868750 
37.262535 -21.738290 -20.000000


37.886734 -23.912119 -20.618750 
38.815270 -26.396495 -20.000000 
39.128922 -24.222666 -16.868750 
37.886734 -23.912119 -20.618750


46.585155 -20.185555 -15.625000 
46.585155 -23.291025 -16.250000 
47.206249 -20.806649 -19.375000 
46.585155 -20.185555 -15.625000


45.964061 -45.029315 -33.750000 
47.827343 -40.681657 -37.500000 
46.585155 -42.544939 -32.500000 
45.964061 -45.029315 -33.750000


47.203144 -22.048837 -21.868750 
47.206249 -20.806649 -19.375000 
47.203144 -22.048837 -21.256250 
47.203144 -22.048837 -21.868750


44.718768 -27.331241 -9.375000 
45.032420 -25.775401 -12.500000 
45.032420 -25.464854 -10.000000 
44.718768 -27.331241 -9.375000


45.032420 -16.148444 -10.625000 
45.032420 -17.390632 -6.875000 
46.585155 -20.185555 -15.625000 
45.032420 -16.148444 -10.625000


45.032420 -23.291025 -11.250000 
46.585155 -20.185555 -15.625000 
45.032420 -17.390632 -6.875000 
45.032420 -23.291025 -11.250000


46.582050 -13.664068 -21.881250 
45.964061 -13.664068 -13.750000 
46.585155 -17.080085 -15.625000 
46.582050 -13.664068 -21.881250


45.653514 -10.248051 -15.000000 
45.964061 -13.664068 -13.750000 
46.582050 -13.664068 -21.881250 
45.653514 -10.248051 -15.000000


46.892597 -15.837897 -21.881250 
46.582050 -13.664068 -21.881250 
46.585155 -17.080085 -15.625000 
46.892597 -15.837897 -21.881250


45.032420 -25.464854 -10.000000 
45.032420 -25.775401 -12.500000 
46.585155 -23.291025 -16.250000 
45.032420 -25.464854 -10.000000


45.032420 -23.291025 -11.250000 
45.032420 -25.464854 -10.000000 
46.585155 -23.291025 -16.250000 
45.032420 -23.291025 -11.250000


46.585155 -20.185555 -15.625000 
45.032420 -23.291025 -11.250000 
46.585155 -23.291025 -16.250000 
46.585155 -20.185555 -15.625000


47.203144 -22.048837 -21.868750 
47.206249 -18.943367 -25.625000 
47.206249 -20.806649 -19.375000 
47.203144 -22.048837 -21.868750


46.892597 -15.837897 -21.881250 
47.206249 -20.806649 -19.375000 
47.206249 -18.943367 -25.625000 
46.892597 -15.837897 -21.881250


47.513691 -26.085948 -21.881250 
47.206249 -23.291025 -21.250000 
46.895702 -26.707042 -17.500000 
47.513691 -26.085948 -21.881250


39.125817 -42.234392 -16.875000 
39.746911 -39.439469 -15.625000 
39.436364 -40.060563 -20.000000 
39.125817 -42.234392 -16.875000


48.448437 -29.812512 -29.375000 
47.827343 -33.228529 -30.000000 
48.758984 -32.296888 -31.875000 
48.448437 -29.812512 -29.375000


38.815270 -26.396495 -20.000000 
37.886734 -24.533213 -21.868750 
39.128922 -28.570324 -21.881250 
38.815270 -26.396495 -20.000000


46.895702 -33.539076 -23.750000 
46.892597 -32.296888 -23.131250 
46.585155 -33.849623 -21.875000 
46.895702 -33.539076 -23.750000


46.892597 -33.539076 -24.368750 
46.892597 -32.296888 -23.131250 
46.895702 -33.539076 -23.750000 
46.892597 -33.539076 -24.368750


41.923845 -33.542181 -5.000000 
40.371110 -35.402358 -3.118750 
41.613298 -37.268745 -8.125000 
41.923845 -33.542181 -5.000000


46.892597 -31.054700 -23.118750 
47.513691 -26.707042 -22.493750 
46.585155 -30.123059 -18.750000 
46.892597 -31.054700 -23.118750


47.513691 -26.085948 -21.881250 
46.895702 -26.707042 -17.500000 
46.585155 -30.123059 -18.750000 
47.513691 -26.085948 -21.881250


47.513691 -26.707042 -22.493750 
47.513691 -26.085948 -21.881250 
46.585155 -30.123059 -18.750000 
47.513691 -26.707042 -22.493750


46.585155 -33.849623 -21.875000 
46.892597 -32.296888 -23.131250 
46.585155 -30.123059 -18.750000 
46.585155 -33.849623 -21.875000


46.892597 -31.054700 -23.118750 
46.585155 -30.123059 -18.750000 
46.892597 -32.296888 -23.131250 
46.892597 -31.054700 -23.118750


37.886734 -24.533213 -21.868750 
36.951988 -24.222666 -24.375000 
39.128922 -28.570324 -21.881250 
37.886734 -24.533213 -21.868750


43.166033 -31.986341 -36.881250 
41.302751 -33.228529 -37.506250 
40.681657 -29.188313 -35.625000 
43.166033 -31.986341 -36.881250


45.342967 -35.712905 -18.125000 
44.408221 -34.781264 -14.368750 
42.858591 -39.439469 -15.000000 
45.342967 -35.712905 -18.125000


43.787127 -27.017589 -34.381250 
44.718768 -29.812512 -35.631250 
40.681657 -29.188313 -35.625000 
43.787127 -27.017589 -34.381250


36.951988 -24.222666 -24.375000 
36.955093 -26.085948 -26.256250 
39.128922 -28.570324 -21.881250 
36.951988 -24.222666 -24.375000


40.368005 -32.296888 -11.250000 
39.750016 -28.570324 -11.256250 
40.057458 -32.296888 -18.125000 
40.368005 -32.296888 -11.250000


40.371110 -35.402358 -3.118750 
40.371110 -39.128922 -8.118750 
41.613298 -37.268745 -8.125000 
40.371110 -35.402358 -3.118750


38.815270 -26.396495 -20.000000 
40.057458 -32.296888 -18.125000 
40.368005 -28.880871 -16.875000 
38.815270 -26.396495 -20.000000


39.125817 -30.433606 -22.500000 
40.057458 -32.296888 -18.125000 
38.815270 -26.396495 -20.000000 
39.125817 -30.433606 -22.500000


39.125817 -30.433606 -22.500000 
38.815270 -26.396495 -20.000000 
39.128922 -28.570324 -21.881250 
39.125817 -30.433606 -22.500000


47.827343 -40.681657 -37.500000 
48.137890 -37.576187 -36.250000 
47.206249 -40.681657 -32.500000 
47.827343 -40.681657 -37.500000


37.576187 -30.744153 -35.631250 
37.265640 -29.191418 -34.381250 
40.681657 -29.188313 -35.625000 
37.576187 -30.744153 -35.631250


40.057458 -32.296888 -18.125000 
39.750016 -28.570324 -11.256250 
38.818375 -26.085948 -11.881250 
40.057458 -32.296888 -18.125000


40.057458 -32.296888 -18.125000 
38.818375 -26.085948 -11.881250 
40.368005 -28.880871 -16.875000 
40.057458 -32.296888 -18.125000


39.125817 -42.234392 -16.875000 
38.504723 -44.097674 -11.875000 
39.746911 -39.439469 -15.625000 
39.125817 -42.234392 -16.875000


37.883629 -26.085948 -8.125000 
39.750016 -28.570324 -11.256250 
39.439469 -31.054700 -8.118750 
37.883629 -26.085948 -8.125000


38.818375 -26.085948 -11.881250 
39.750016 -28.570324 -11.256250 
37.883629 -26.085948 -8.125000 
38.818375 -26.085948 -11.881250


40.057458 -37.265640 -12.500000 
39.439469 -42.234392 -10.618750 
40.371110 -39.128922 -8.118750 
40.057458 -37.265640 -12.500000


39.125817 -30.433606 -22.500000 
39.125817 -34.781264 -23.125000 
40.057458 -32.296888 -18.125000 
39.125817 -30.433606 -22.500000


45.339862 -30.433606 -14.368750 
45.032420 -25.775401 -12.500000 
44.718768 -27.331241 -9.375000 
45.339862 -30.433606 -14.368750


45.339862 -30.433606 -14.368750 
44.718768 -27.331241 -9.375000 
44.100779 -31.675794 -10.625000 
45.339862 -30.433606 -14.368750


37.883629 -26.085948 -8.125000 
39.439469 -31.054700 -8.118750 
39.750016 -31.365247 -3.743750 
37.883629 -26.085948 -8.125000


40.060563 -28.259777 -3.118750 
37.883629 -26.085948 -8.125000 
39.750016 -31.365247 -3.743750 
40.060563 -28.259777 -3.118750


40.060563 -28.259777 -3.118750 
39.750016 -31.365247 -3.743750 
41.923845 -31.678899 -2.500000 
40.060563 -28.259777 -3.118750


36.333999 -51.240255 -16.868750 
38.818375 -46.892597 -14.368750 
36.955093 -48.755879 -14.993750 
36.333999 -51.240255 -16.868750


43.476580 -27.641788 -5.000000 
42.855486 -26.396495 -2.493750 
42.234392 -28.570324 -1.868750 
43.476580 -27.641788 -5.000000


41.302751 -42.544939 -14.368750 
42.855486 -41.923845 -17.493750 
42.858591 -39.439469 -15.000000 
41.302751 -42.544939 -14.368750


44.097674 -42.237497 -23.125000 
42.544939 -44.097674 -19.993750 
41.923845 -45.650409 -20.618750 
44.097674 -42.237497 -23.125000


44.408221 -34.781264 -14.368750 
43.169138 -34.160170 -9.375000 
42.544939 -36.958198 -12.500000 
44.408221 -34.781264 -14.368750


46.895702 -26.707042 -17.500000 
45.032420 -25.775401 -12.500000 
45.339862 -30.433606 -14.368750 
46.895702 -26.707042 -17.500000


44.718768 -27.331241 -9.375000 
43.476580 -27.641788 -5.000000 
42.858591 -31.675794 -5.625000 
44.718768 -27.331241 -9.375000


40.371110 -35.402358 -3.118750 
39.750016 -31.365247 -3.743750 
39.746911 -32.607435 -4.375000 
40.371110 -35.402358 -3.118750


41.923845 -31.678899 -2.500000 
39.750016 -31.365247 -3.743750 
40.371110 -35.402358 -3.118750 
41.923845 -31.678899 -2.500000


44.408221 -34.781264 -14.368750 
45.342967 -35.712905 -18.125000 
45.653514 -32.607435 -16.250000 
44.408221 -34.781264 -14.368750


40.060563 -48.134785 -18.743750 
37.576187 -51.243360 -18.750000 
39.442574 -50.308614 -21.875000 
40.060563 -48.134785 -18.743750


43.476580 -27.641788 -5.000000 
42.234392 -28.570324 -1.868750 
41.923845 -31.678899 -2.500000 
43.476580 -27.641788 -5.000000


43.476580 -27.641788 -5.000000 
41.923845 -31.678899 -2.500000 
42.858591 -31.675794 -5.625000 
43.476580 -27.641788 -5.000000


45.339862 -41.923845 -42.506250 
48.445332 -39.128922 -40.631250 
48.448437 -42.234392 -41.875000 
45.339862 -41.923845 -42.506250


45.653514 -32.607435 -16.250000 
45.342967 -35.712905 -18.125000 
46.585155 -33.849623 -21.875000 
45.653514 -32.607435 -16.250000


45.653514 -32.607435 -16.250000 
46.585155 -33.849623 -21.875000 
46.585155 -30.123059 -18.750000 
45.653514 -32.607435 -16.250000


43.169138 -34.160170 -9.375000 
44.408221 -34.781264 -14.368750 
44.100779 -31.675794 -10.625000 
43.169138 -34.160170 -9.375000


38.197281 -54.035178 -24.993750 
39.753121 -53.103537 -26.875000 
41.302751 -50.622266 -26.250000 
38.197281 -54.035178 -24.993750


40.060563 -49.998067 -23.118750 
38.197281 -54.035178 -24.993750 
41.302751 -50.622266 -26.250000 
40.060563 -49.998067 -23.118750


46.271503 -37.576187 -26.243750 
45.342967 -41.613298 -26.875000 
46.271503 -40.060563 -29.993750 
46.271503 -37.576187 -26.243750


45.653514 -39.128922 -25.625000 
45.342967 -41.613298 -26.875000 
46.271503 -37.576187 -26.243750 
45.653514 -39.128922 -25.625000


42.544939 -36.958198 -12.500000 
41.616403 -38.818375 -11.875000 
42.858591 -39.439469 -15.000000 
42.544939 -36.958198 -12.500000


40.057458 -32.296888 -18.125000 
39.746911 -39.439469 -15.625000 
40.057458 -37.265640 -12.500000 
40.057458 -32.296888 -18.125000


41.613298 -37.268745 -8.125000 
42.544939 -36.958198 -12.500000 
43.169138 -34.160170 -9.375000 
41.613298 -37.268745 -8.125000


39.125817 -34.781264 -23.125000 
40.057458 -35.712905 -20.625000 
40.057458 -32.296888 -18.125000 
39.125817 -34.781264 -23.125000


38.197281 -45.029315 -11.868750 
37.265640 -47.203144 -13.743750 
38.818375 -46.892597 -14.368750 
38.197281 -45.029315 -11.868750


38.197281 -45.029315 -11.868750 
38.504723 -44.097674 -11.875000 
37.265640 -47.203144 -13.743750 
38.197281 -45.029315 -11.868750


40.060563 -42.544939 -9.993750 
38.197281 -45.029315 -11.868750 
38.818375 -46.892597 -14.368750 
40.060563 -42.544939 -9.993750


37.262535 -46.271503 -17.500000 
38.504723 -44.097674 -19.375000 
38.504723 -43.476580 -23.125000 
37.262535 -46.271503 -17.500000


37.262535 -46.271503 -17.500000 
38.504723 -43.476580 -23.125000 
37.883629 -46.582050 -20.000000 
37.262535 -46.271503 -17.500000


39.125817 -42.234392 -16.875000 
38.504723 -44.097674 -19.375000 
37.262535 -46.271503 -17.500000 
39.125817 -42.234392 -16.875000


39.439469 -31.054700 -8.118750 
40.368005 -35.712905 -9.375000 
39.746911 -32.607435 -4.375000 
39.439469 -31.054700 -8.118750


40.371110 -39.128922 -8.118750 
39.746911 -32.607435 -4.375000 
40.368005 -35.712905 -9.375000 
40.371110 -39.128922 -8.118750


39.746911 -39.439469 -15.625000 
40.057458 -32.296888 -18.125000 
39.746911 -37.886734 -20.000000 
39.746911 -39.439469 -15.625000


40.057458 -35.712905 -20.625000 
39.746911 -37.886734 -20.000000 
40.057458 -32.296888 -18.125000 
40.057458 -35.712905 -20.625000


39.439469 -31.054700 -8.118750 
40.368005 -32.296888 -11.250000 
40.057458 -37.265640 -12.500000 
39.439469 -31.054700 -8.118750


40.368005 -35.712905 -9.375000 
39.439469 -31.054700 -8.118750 
40.057458 -37.265640 -12.500000 
40.368005 -35.712905 -9.375000


41.302751 -42.544939 -14.368750 
41.923845 -43.790232 -16.875000 
42.855486 -41.923845 -17.493750 
41.302751 -42.544939 -14.368750


39.125817 -42.234392 -16.875000 
39.436364 -40.060563 -20.000000 
38.504723 -44.097674 -19.375000 
39.125817 -42.234392 -16.875000


37.262535 -46.271503 -17.500000 
38.504723 -44.097674 -11.875000 
39.125817 -42.234392 -16.875000 
37.262535 -46.271503 -17.500000


37.265640 -47.203144 -13.743750 
38.504723 -44.097674 -11.875000 
37.262535 -46.271503 -17.500000 
37.265640 -47.203144 -13.743750


40.371110 -39.128922 -8.118750 
40.368005 -35.712905 -9.375000 
40.057458 -37.265640 -12.500000 
40.371110 -39.128922 -8.118750


39.439469 -42.234392 -10.618750 
38.197281 -45.029315 -11.868750 
40.060563 -42.544939 -9.993750 
39.439469 -42.234392 -10.618750


39.439469 -42.234392 -10.618750 
38.504723 -44.097674 -11.875000 
38.197281 -45.029315 -11.868750 
39.439469 -42.234392 -10.618750


39.439469 -42.234392 -10.618750 
40.060563 -42.544939 -9.993750 
40.371110 -39.128922 -8.118750 
39.439469 -42.234392 -10.618750


41.613298 -37.268745 -8.125000 
40.060563 -42.544939 -9.993750 
41.616403 -38.818375 -11.875000 
41.613298 -37.268745 -8.125000


41.613298 -37.268745 -8.125000 
40.371110 -39.128922 -8.118750 
40.060563 -42.544939 -9.993750 
41.613298 -37.268745 -8.125000


41.302751 -42.544939 -14.368750 
42.858591 -39.439469 -15.000000 
40.060563 -42.544939 -9.993750 
41.302751 -42.544939 -14.368750


41.616403 -38.818375 -11.875000 
40.060563 -42.544939 -9.993750 
42.858591 -39.439469 -15.000000 
41.616403 -38.818375 -11.875000


45.650409 -42.855486 -30.618750 
45.029315 -42.234392 -27.493750 
44.097674 -44.718768 -27.506250 
45.650409 -42.855486 -30.618750


39.746911 -39.439469 -15.625000 
39.746911 -37.886734 -20.000000 
39.436364 -40.060563 -20.000000 
39.746911 -39.439469 -15.625000


42.544939 -44.097674 -19.993750 
44.100779 -39.750016 -18.750000 
42.855486 -41.923845 -17.493750 
42.544939 -44.097674 -19.993750


40.060563 -48.134785 -18.743750 
41.923845 -45.650409 -20.618750 
41.923845 -43.790232 -16.875000 
40.060563 -48.134785 -18.743750


40.060563 -48.134785 -18.743750 
41.923845 -43.790232 -16.875000 
40.681657 -45.339862 -16.243750 
40.060563 -48.134785 -18.743750


41.923845 -43.790232 -16.875000 
42.544939 -44.097674 -19.993750 
42.855486 -41.923845 -17.493750 
41.923845 -43.790232 -16.875000


45.342967 -35.712905 -18.125000 
44.100779 -39.750016 -18.750000 
45.029315 -37.579292 -20.000000 
45.342967 -35.712905 -18.125000


40.060563 -42.544939 -9.993750 
38.818375 -46.892597 -14.368750 
40.681657 -45.339862 -16.243750 
40.060563 -42.544939 -9.993750


41.302751 -42.544939 -14.368750 
40.060563 -42.544939 -9.993750 
40.681657 -45.339862 -16.243750 
41.302751 -42.544939 -14.368750


37.883629 -46.582050 -20.000000 
36.023452 -50.308614 -19.381250 
37.262535 -46.271503 -17.500000 
37.883629 -46.582050 -20.000000


40.681657 -45.339862 -16.243750 
38.818375 -46.892597 -14.368750 
40.060563 -48.134785 -18.743750 
40.681657 -45.339862 -16.243750


38.818375 -46.892597 -14.368750 
37.576187 -51.243360 -18.750000 
40.060563 -48.134785 -18.743750 
38.818375 -46.892597 -14.368750


46.271503 -37.576187 -26.243750 
46.274608 -35.712905 -24.375000 
45.653514 -39.128922 -25.625000 
46.271503 -37.576187 -26.243750


41.613298 -47.513691 -22.493750 
44.097674 -42.237497 -23.125000 
41.923845 -45.650409 -20.618750 
41.613298 -47.513691 -22.493750


44.097674 -42.237497 -23.125000 
45.653514 -39.128922 -25.625000 
44.721873 -39.439469 -22.500000 
44.097674 -42.237497 -23.125000


44.721873 -39.439469 -22.500000 
45.653514 -39.128922 -25.625000 
46.274608 -35.712905 -24.375000 
44.721873 -39.439469 -22.500000


47.513691 -46.892597 -44.381250 
47.824238 -44.718768 -43.756250 
46.892597 -45.653514 -40.000000 
47.513691 -46.892597 -44.381250


39.125817 -34.781264 -23.125000 
38.504723 -40.992204 -23.750000 
39.746911 -37.886734 -20.000000 
39.125817 -34.781264 -23.125000


40.060563 -48.134785 -18.743750 
41.613298 -47.513691 -22.493750 
41.923845 -45.650409 -20.618750 
40.060563 -48.134785 -18.743750


39.746911 -37.886734 -20.000000 
40.057458 -35.712905 -20.625000 
39.125817 -34.781264 -23.125000 
39.746911 -37.886734 -20.000000


41.613298 -47.513691 -22.493750 
40.060563 -48.134785 -18.743750 
40.995309 -49.376973 -23.750000 
41.613298 -47.513691 -22.493750


39.442574 -50.308614 -21.875000 
40.995309 -49.376973 -23.750000 
40.060563 -48.134785 -18.743750 
39.442574 -50.308614 -21.875000


44.100779 -39.750016 -18.750000 
42.544939 -44.097674 -19.993750 
44.097674 -42.237497 -23.125000 
44.100779 -39.750016 -18.750000


40.060563 -49.998067 -23.118750 
40.995309 -49.376973 -23.750000 
39.442574 -50.308614 -21.875000 
40.060563 -49.998067 -23.118750


42.548044 -53.103537 -38.125000 
41.613298 -56.522659 -41.250000 
45.032420 -53.414084 -43.750000 
42.548044 -53.103537 -38.125000


44.408221 -51.240255 -39.993750 
42.548044 -53.103537 -38.125000 
45.032420 -53.414084 -43.750000 
44.408221 -51.240255 -39.993750


45.964061 -45.029315 -33.750000 
46.585155 -42.544939 -32.500000 
45.650409 -42.855486 -30.618750 
45.964061 -45.029315 -33.750000


42.855486 -47.203144 -26.256250 
40.995309 -49.376973 -23.750000 
41.302751 -50.622266 -26.250000 
42.855486 -47.203144 -26.256250


42.855486 -47.513691 -26.868750 
42.855486 -47.203144 -26.256250 
41.302751 -50.622266 -26.250000 
42.855486 -47.513691 -26.868750


44.100779 -39.750016 -18.750000 
44.097674 -42.237497 -23.125000 
44.721873 -39.439469 -22.500000 
44.100779 -39.750016 -18.750000


38.504723 -40.992204 -23.750000 
39.436364 -40.060563 -20.000000 
39.746911 -37.886734 -20.000000 
38.504723 -40.992204 -23.750000


49.069531 -34.781264 -37.500000 
47.827343 -35.712905 -30.625000 
48.137890 -37.576187 -36.250000 
49.069531 -34.781264 -37.500000


49.069531 -34.781264 -37.500000 
48.758984 -32.296888 -31.875000 
47.827343 -35.712905 -30.625000 
49.069531 -34.781264 -37.500000


46.585155 -33.849623 -21.875000 
45.029315 -37.579292 -20.000000 
46.274608 -35.712905 -24.375000 
46.585155 -33.849623 -21.875000


44.721873 -39.439469 -22.500000 
46.274608 -35.712905 -24.375000 
45.029315 -37.579292 -20.000000 
44.721873 -39.439469 -22.500000


48.137890 -37.576187 -36.250000 
47.827343 -35.712905 -30.625000 
47.516796 -38.197281 -31.250000 
48.137890 -37.576187 -36.250000


45.653514 -39.128922 -25.625000 
44.097674 -42.237497 -23.125000 
45.342967 -41.613298 -26.875000 
45.653514 -39.128922 -25.625000


45.339862 -31.054700 -36.256250 
43.166033 -31.986341 -36.881250 
44.718768 -29.812512 -35.631250 
45.339862 -31.054700 -36.256250


45.342967 -46.892597 -35.000000 
45.964061 -45.029315 -33.750000 
43.787127 -47.824238 -31.243750 
45.342967 -46.892597 -35.000000


34.470717 -40.681657 -41.256250 
39.128922 -41.923845 -42.506250 
35.712905 -41.923845 -41.881250 
34.470717 -40.681657 -41.256250


34.470717 -40.681657 -41.256250 
36.330894 -39.439469 -40.000000 
39.128922 -41.923845 -42.506250 
34.470717 -40.681657 -41.256250


37.886734 -43.476580 -43.131250 
35.712905 -41.923845 -41.881250 
39.128922 -41.923845 -42.506250 
37.886734 -43.476580 -43.131250


48.448437 -29.812512 -29.375000 
46.892597 -31.054700 -23.118750 
46.892597 -32.296888 -23.131250 
48.448437 -29.812512 -29.375000


45.029315 -48.448437 -37.500000 
45.342967 -46.892597 -35.000000 
44.097674 -50.001172 -36.250000 
45.029315 -48.448437 -37.500000


43.166033 -49.376973 -45.631250 
37.886734 -45.650409 -45.006250 
41.302751 -46.892597 -44.381250 
43.166033 -49.376973 -45.631250


48.758984 -30.744153 -35.625000 
48.755879 -26.396495 -33.131250 
48.758984 -32.296888 -31.875000 
48.758984 -30.744153 -35.625000


48.758984 -30.744153 -35.625000 
45.650409 -27.017589 -33.756250 
48.755879 -26.396495 -33.131250 
48.758984 -30.744153 -35.625000


36.330894 -39.439469 -40.000000 
40.992204 -38.504723 -40.000000 
39.128922 -41.923845 -42.506250 
36.330894 -39.439469 -40.000000


44.097674 -44.718768 -27.506250 
45.029315 -42.234392 -27.493750 
45.342967 -41.613298 -26.875000 
44.097674 -44.718768 -27.506250


44.097674 -44.718768 -27.506250 
45.342967 -41.613298 -26.875000 
44.097674 -42.237497 -23.125000 
44.097674 -44.718768 -27.506250


46.582050 -34.784369 -25.000000 
46.271503 -37.576187 -26.243750 
47.827343 -35.712905 -30.625000 
46.582050 -34.784369 -25.000000


47.516796 -38.197281 -31.250000 
47.827343 -35.712905 -30.625000 
46.271503 -37.576187 -26.243750 
47.516796 -38.197281 -31.250000


45.650409 -42.855486 -30.618750 
47.206249 -40.681657 -32.500000 
46.271503 -40.060563 -29.993750 
45.650409 -42.855486 -30.618750


48.758984 -32.296888 -31.875000 
47.827343 -33.228529 -30.000000 
47.827343 -35.712905 -30.625000 
48.758984 -32.296888 -31.875000


49.066426 -32.607435 -36.881250 
44.718768 -33.228529 -37.506250 
45.339862 -31.054700 -36.256250 
49.066426 -32.607435 -36.881250


49.066426 -32.607435 -36.881250 
46.271503 -34.781264 -38.131250 
44.718768 -33.228529 -37.506250 
49.066426 -32.607435 -36.881250


46.892597 -33.539076 -24.368750 
46.582050 -34.784369 -25.000000 
47.827343 -35.712905 -30.625000 
46.892597 -33.539076 -24.368750


47.827343 -33.228529 -30.000000 
46.892597 -33.539076 -24.368750 
47.827343 -35.712905 -30.625000 
47.827343 -33.228529 -30.000000


44.718768 -29.812512 -35.631250 
43.166033 -31.986341 -36.881250 
40.681657 -29.188313 -35.625000 
44.718768 -29.812512 -35.631250


48.448437 -29.812512 -29.375000 
46.892597 -33.539076 -24.368750 
47.827343 -33.228529 -30.000000 
48.448437 -29.812512 -29.375000


45.339862 -31.054700 -36.256250 
44.718768 -33.228529 -37.506250 
43.166033 -31.986341 -36.881250 
45.339862 -31.054700 -36.256250


46.271503 -40.060563 -29.993750 
47.516796 -38.197281 -31.250000 
46.271503 -37.576187 -26.243750 
46.271503 -40.060563 -29.993750


48.445332 -39.128922 -40.631250 
44.718768 -36.333999 -39.381250 
48.755879 -36.644546 -38.756250 
48.445332 -39.128922 -40.631250


48.137890 -37.576187 -36.250000 
47.516796 -38.197281 -31.250000 
47.206249 -40.681657 -32.500000 
48.137890 -37.576187 -36.250000


40.681657 -29.188313 -35.625000 
38.507828 -31.986341 -36.881250 
37.576187 -30.744153 -35.631250 
40.681657 -29.188313 -35.625000


42.855486 -47.203144 -26.256250 
44.097674 -42.237497 -23.125000 
41.613298 -47.513691 -22.493750 
42.855486 -47.203144 -26.256250


45.650409 -42.855486 -30.618750 
43.787127 -47.824238 -31.243750 
45.964061 -45.029315 -33.750000 
45.650409 -42.855486 -30.618750


42.855486 -47.513691 -26.868750 
44.097674 -44.718768 -27.506250 
42.855486 -47.203144 -26.256250 
42.855486 -47.513691 -26.868750


44.097674 -44.718768 -27.506250 
42.855486 -47.513691 -26.868750 
43.787127 -47.824238 -31.243750 
44.097674 -44.718768 -27.506250


41.302751 -50.622266 -26.250000 
42.855486 -49.066426 -31.243750 
43.787127 -47.824238 -31.243750 
41.302751 -50.622266 -26.250000


41.302751 -50.622266 -26.250000 
43.787127 -47.824238 -31.243750 
42.855486 -47.513691 -26.868750 
41.302751 -50.622266 -26.250000


40.060563 -55.587913 -34.993750 
36.955093 -57.764847 -36.875000 
39.128922 -57.451195 -39.993750 
40.060563 -55.587913 -34.993750


44.097674 -50.001172 -36.250000 
43.787127 -47.824238 -31.243750 
42.544939 -51.864454 -34.375000 
44.097674 -50.001172 -36.250000


42.855486 -49.066426 -31.243750 
42.544939 -51.864454 -34.375000 
43.787127 -47.824238 -31.243750 
42.855486 -49.066426 -31.243750


42.855486 -49.066426 -31.243750 
41.302751 -50.622266 -26.250000 
42.544939 -51.864454 -34.375000 
42.855486 -49.066426 -31.243750


41.302751 -50.622266 -26.250000 
39.753121 -53.103537 -26.875000 
42.544939 -51.864454 -34.375000 
41.302751 -50.622266 -26.250000


44.718768 -33.228529 -37.506250 
46.271503 -34.781264 -38.131250 
44.718768 -36.333999 -39.381250 
44.718768 -33.228529 -37.506250


38.507828 -56.212112 -33.125000 
40.060563 -55.587913 -34.993750 
39.753121 -53.103537 -26.875000 
38.507828 -56.212112 -33.125000


42.544939 -51.864454 -34.375000 
39.753121 -53.103537 -26.875000 
40.060563 -55.587913 -34.993750 
42.544939 -51.864454 -34.375000


36.333999 -58.385941 -40.625000 
34.160170 -60.870317 -45.625000 
38.818375 -58.696488 -43.750000 
36.333999 -58.385941 -40.625000


34.160170 -60.870317 -45.625000 
37.265640 -60.249223 -47.500000 
38.818375 -58.696488 -43.750000 
34.160170 -60.870317 -45.625000


47.203144 -49.069531 -45.625000 
46.582050 -49.998067 -46.256250 
45.960956 -46.582050 -45.006250 
47.203144 -49.069531 -45.625000


43.166033 -49.376973 -45.631250 
45.960956 -46.582050 -45.006250 
46.582050 -49.998067 -46.256250 
43.166033 -49.376973 -45.631250


45.964061 -45.029315 -33.750000 
45.342967 -46.892597 -35.000000 
46.892597 -45.653514 -40.000000 
45.964061 -45.029315 -33.750000


47.827343 -42.544939 -39.375000 
45.964061 -45.029315 -33.750000 
46.892597 -45.653514 -40.000000 
47.827343 -42.544939 -39.375000


37.886734 -45.650409 -45.006250 
40.371110 -52.171896 -48.131250 
39.128922 -49.998067 -46.256250 
37.886734 -45.650409 -45.006250


43.166033 -49.376973 -45.631250 
40.371110 -52.171896 -48.131250 
37.886734 -45.650409 -45.006250 
43.166033 -49.376973 -45.631250


32.607435 -50.929708 -50.631250 
37.886734 -45.650409 -45.006250 
39.128922 -49.998067 -46.256250 
32.607435 -50.929708 -50.631250


40.371110 -52.171896 -48.131250 
32.607435 -50.929708 -50.631250 
39.128922 -49.998067 -46.256250 
40.371110 -52.171896 -48.131250


33.849623 -58.693383 -57.506250 
38.818375 -58.072289 -52.506250 
35.091811 -58.696488 -51.250000 
33.849623 -58.693383 -57.506250


33.849623 -58.693383 -57.506250 
35.712905 -57.761742 -55.631250 
38.818375 -58.072289 -52.506250 
33.849623 -58.693383 -57.506250


42.234392 -58.072289 -51.881250 
35.712905 -57.761742 -55.631250 
38.507828 -55.277366 -50.006250 
42.234392 -58.072289 -51.881250


38.818375 -58.072289 -52.506250 
35.712905 -57.761742 -55.631250 
42.234392 -58.072289 -51.881250 
38.818375 -58.072289 -52.506250


39.750016 -53.724631 -48.756250 
42.234392 -58.072289 -51.881250 
38.507828 -55.277366 -50.006250 
39.750016 -53.724631 -48.756250


39.750016 -59.628129 -49.375000 
38.818375 -58.072289 -52.506250 
42.234392 -58.072289 -51.881250 
39.750016 -59.628129 -49.375000


35.712905 -57.761742 -55.631250 
33.228529 -54.035178 -53.756250 
38.507828 -55.277366 -50.006250 
35.712905 -57.761742 -55.631250


35.091811 -58.696488 -51.250000 
38.818375 -58.072289 -52.506250 
39.750016 -59.628129 -49.375000 
35.091811 -58.696488 -51.250000


32.607435 -50.929708 -50.631250 
40.371110 -52.171896 -48.131250 
33.228529 -54.035178 -53.756250 
32.607435 -50.929708 -50.631250


49.069531 -34.781264 -37.500000 
48.137890 -37.576187 -36.250000 
48.755879 -36.644546 -38.756250 
49.069531 -34.781264 -37.500000


47.824238 -44.718768 -43.756250 
48.448437 -42.234392 -41.875000 
46.892597 -45.653514 -40.000000 
47.824238 -44.718768 -43.756250


39.750016 -53.724631 -48.756250 
38.507828 -55.277366 -50.006250 
40.371110 -52.171896 -48.131250 
39.750016 -53.724631 -48.756250


33.228529 -54.035178 -53.756250 
40.371110 -52.171896 -48.131250 
38.507828 -55.277366 -50.006250 
33.228529 -54.035178 -53.756250


38.507828 -31.986341 -36.881250 
41.302751 -33.228529 -37.506250 
40.992204 -35.709800 -38.750000 
38.507828 -31.986341 -36.881250


38.507828 -31.986341 -36.881250 
40.992204 -35.709800 -38.750000 
36.644546 -33.849623 -37.506250 
38.507828 -31.986341 -36.881250


38.507828 -31.986341 -36.881250 
40.681657 -29.188313 -35.625000 
41.302751 -33.228529 -37.506250 
38.507828 -31.986341 -36.881250


48.445332 -39.128922 -40.631250 
45.339862 -41.923845 -42.506250 
44.408221 -38.818375 -41.256250 
48.445332 -39.128922 -40.631250


43.476580 -36.644546 -40.006250 
44.408221 -38.818375 -41.256250 
40.992204 -38.504723 -40.000000 
43.476580 -36.644546 -40.006250


41.613298 -54.656272 -36.868750 
42.548044 -53.103537 -38.125000 
42.544939 -51.864454 -34.375000 
41.613298 -54.656272 -36.868750


42.544939 -51.864454 -34.375000 
42.548044 -53.103537 -38.125000 
44.097674 -50.001172 -36.250000 
42.544939 -51.864454 -34.375000


45.339862 -41.923845 -42.506250 
42.855486 -42.234392 -42.506250 
44.408221 -38.818375 -41.256250 
45.339862 -41.923845 -42.506250


39.128922 -41.923845 -42.506250 
40.992204 -38.504723 -40.000000 
44.408221 -38.818375 -41.256250 
39.128922 -41.923845 -42.506250


44.718768 -36.333999 -39.381250 
48.445332 -39.128922 -40.631250 
44.408221 -38.818375 -41.256250 
44.718768 -36.333999 -39.381250


49.066426 -32.607435 -36.881250 
48.755879 -36.644546 -38.756250 
46.271503 -34.781264 -38.131250 
49.066426 -32.607435 -36.881250


49.066426 -32.607435 -36.881250 
49.069531 -34.781264 -37.500000 
48.755879 -36.644546 -38.756250 
49.066426 -32.607435 -36.881250


47.203144 -49.069531 -45.625000 
47.513691 -46.892597 -44.381250 
45.964061 -51.240255 -43.750000 
47.203144 -49.069531 -45.625000


45.960956 -46.582050 -45.006250 
47.513691 -46.892597 -44.381250 
47.203144 -49.069531 -45.625000 
45.960956 -46.582050 -45.006250


45.029315 -48.448437 -37.500000 
45.964061 -51.240255 -43.750000 
46.892597 -45.653514 -40.000000 
45.029315 -48.448437 -37.500000


45.029315 -48.448437 -37.500000 
44.408221 -51.240255 -39.993750 
45.964061 -51.240255 -43.750000 
45.029315 -48.448437 -37.500000


47.827343 -40.681657 -37.500000 
45.964061 -45.029315 -33.750000 
47.827343 -42.544939 -39.375000 
47.827343 -40.681657 -37.500000


48.448437 -42.234392 -41.875000 
47.824238 -44.718768 -43.756250 
45.339862 -41.923845 -42.506250 
48.448437 -42.234392 -41.875000


41.923845 -58.075394 -45.000000 
43.787127 -57.143753 -50.000000 
44.721873 -55.587913 -46.250000 
41.923845 -58.075394 -45.000000


41.302751 -46.892597 -44.381250 
45.960956 -46.582050 -45.006250 
43.166033 -49.376973 -45.631250 
41.302751 -46.892597 -44.381250


37.886734 -45.650409 -45.006250 
45.960956 -46.582050 -45.006250 
41.302751 -46.892597 -44.381250 
37.886734 -45.650409 -45.006250


37.886734 -45.650409 -45.006250 
42.855486 -42.234392 -42.506250 
45.960956 -46.582050 -45.006250 
37.886734 -45.650409 -45.006250


47.824238 -44.718768 -43.756250 
47.513691 -46.892597 -44.381250 
45.960956 -46.582050 -45.006250 
47.824238 -44.718768 -43.756250


43.787127 -57.143753 -50.000000 
44.718768 -54.966819 -48.131250 
44.721873 -55.587913 -46.250000 
43.787127 -57.143753 -50.000000


45.339862 -41.923845 -42.506250 
47.824238 -44.718768 -43.756250 
45.960956 -46.582050 -45.006250 
45.339862 -41.923845 -42.506250


39.750016 -59.628129 -49.375000 
42.234392 -58.072289 -51.881250 
43.787127 -57.143753 -50.000000 
39.750016 -59.628129 -49.375000


42.548044 -53.103537 -38.125000 
44.408221 -51.240255 -39.993750 
44.097674 -50.001172 -36.250000 
42.548044 -53.103537 -38.125000


46.892597 -45.653514 -40.000000 
45.964061 -51.240255 -43.750000 
47.513691 -46.892597 -44.381250 
46.892597 -45.653514 -40.000000


41.613298 -56.522659 -41.250000 
44.721873 -55.587913 -46.250000 
45.032420 -53.414084 -43.750000 
41.613298 -56.522659 -41.250000


41.613298 -56.522659 -41.250000 
41.923845 -58.075394 -45.000000 
44.721873 -55.587913 -46.250000 
41.613298 -56.522659 -41.250000


39.750016 -59.628129 -49.375000 
43.787127 -57.143753 -50.000000 
41.923845 -58.075394 -45.000000 
39.750016 -59.628129 -49.375000


42.234392 -58.072289 -51.881250 
44.718768 -54.966819 -48.131250 
43.787127 -57.143753 -50.000000 
42.234392 -58.072289 -51.881250


42.234392 -58.072289 -51.881250 
40.371110 -52.171896 -48.131250 
44.718768 -54.966819 -48.131250 
42.234392 -58.072289 -51.881250


44.721873 -55.587913 -46.250000 
44.718768 -54.966819 -48.131250 
46.274608 -52.171896 -46.250000 
44.721873 -55.587913 -46.250000


45.032420 -53.414084 -43.750000 
44.721873 -55.587913 -46.250000 
46.274608 -52.171896 -46.250000 
45.032420 -53.414084 -43.750000


44.718768 -54.966819 -48.131250 
46.582050 -49.998067 -46.256250 
46.274608 -52.171896 -46.250000 
44.718768 -54.966819 -48.131250


44.718768 -54.966819 -48.131250 
40.371110 -52.171896 -48.131250 
46.582050 -49.998067 -46.256250 
44.718768 -54.966819 -48.131250


47.203144 -49.069531 -45.625000 
45.964061 -51.240255 -43.750000 
46.274608 -52.171896 -46.250000 
47.203144 -49.069531 -45.625000


46.582050 -49.998067 -46.256250 
47.203144 -49.069531 -45.625000 
46.274608 -52.171896 -46.250000 
46.582050 -49.998067 -46.256250


