2024

45.339862 -53.103537 -47.493750 
44.097674 -56.519554 -49.993750 
46.274608 -54.345725 -51.875000 
45.339862 -53.103537 -47.493750


47.827343 -1.863282 -60.000000 
46.585155 0.310547 -58.750000 
47.827343 -2.794923 -56.250000 
47.827343 -1.863282 -60.000000


16.458991 -10.248051 -60.631250 
14.285162 -11.490239 -59.381250 
11.490239 -10.869145 -60.006250 
16.458991 -10.248051 -60.631250


17.701179 18.014831 -8.750000 
18.943367 18.325378 -14.375000 
15.837897 18.014831 -10.000000 
17.701179 18.014831 -8.750000


30.123059 -41.613298 -39.993750 
29.188313 -40.371110 -41.250000 
30.119954 -42.855486 -42.500000 
30.123059 -41.613298 -39.993750


39.750016 -51.550802 -46.868750 
37.886734 -50.929708 -46.243750 
42.234392 -54.035178 -48.118750 
39.750016 -51.550802 -46.868750


37.265640 -52.482443 -47.493750 
42.234392 -54.035178 -48.118750 
37.886734 -50.929708 -46.243750 
37.265640 -52.482443 -47.493750


22.669931 -1.863282 -11.243750 
21.117196 -4.347658 -13.743750 
26.707042 -2.794923 -11.243750 
22.669931 -1.863282 -11.243750


24.843760 -4.347658 -13.743750 
26.707042 -2.794923 -11.243750 
21.117196 -4.347658 -13.743750 
24.843760 -4.347658 -13.743750


30.744153 13.977720 -8.125000 
28.570324 15.530455 -8.750000 
31.365247 13.356626 -5.625000 
30.744153 13.977720 -8.125000


9.002758 0.000000 -40.000000 
9.002758 12.421880 -34.375000 
8.381664 13.664068 -36.875000 
9.002758 0.000000 -40.000000


11.800786 20.188660 -62.500000 
11.800786 21.427743 -69.368750 
9.937504 20.188660 -67.500000 
11.800786 20.188660 -62.500000


23.291025 -22.048837 -33.118750 
21.738290 -21.738290 -34.368750 
21.427743 -23.291025 -36.243750 
23.291025 -22.048837 -33.118750


23.291025 -22.048837 -33.118750 
21.427743 -23.291025 -36.243750 
24.533213 -23.601572 -34.368750 
23.291025 -22.048837 -33.118750


9.316410 16.148444 -93.756250 
11.800786 18.632820 -93.756250 
12.421880 16.766433 -91.250000 
9.316410 16.148444 -93.756250


10.869145 16.148444 -91.881250 
9.316410 16.148444 -93.756250 
12.421880 16.766433 -91.250000 
10.869145 16.148444 -91.881250


44.718768 -3.726564 -25.618750 
46.271503 -8.074222 -28.743750 
45.650409 -6.521487 -28.118750 
44.718768 -3.726564 -25.618750


42.544939 -1.552735 -20.618750 
46.271503 -8.074222 -28.743750 
44.718768 -3.726564 -25.618750 
42.544939 -1.552735 -20.618750


50.308614 -12.732427 -69.381250 
48.134785 -9.937504 -68.756250 
52.482443 -12.732427 -73.131250 
50.308614 -12.732427 -69.381250


50.308614 -9.626957 -71.256250 
52.482443 -12.732427 -73.131250 
48.134785 -9.937504 -68.756250 
50.308614 -9.626957 -71.256250


32.607435 7.763675 -74.993750 
29.501965 3.105470 -68.131250 
31.365247 8.381664 -75.625000 
32.607435 7.763675 -74.993750


44.097674 -56.519554 -49.993750 
43.166033 -57.764847 -51.875000 
46.274608 -54.345725 -51.875000 
44.097674 -56.519554 -49.993750


54.035178 -38.507828 -69.381250 
52.792990 -31.365247 -66.881250 
54.345725 -28.880871 -69.381250 
54.035178 -38.507828 -69.381250


54.035178 -38.507828 -69.381250 
54.345725 -28.880871 -69.381250 
55.277366 -31.675794 -69.381250 
54.035178 -38.507828 -69.381250


7.453128 -8.384769 -60.631250 
7.142581 -6.832034 -61.256250 
8.074222 -5.589846 -62.506250 
7.453128 -8.384769 -60.631250


13.042974 22.362489 -74.375000 
10.248051 20.809754 -71.875000 
11.800786 21.427743 -69.368750 
13.042974 22.362489 -74.375000


9.626957 15.530455 -39.375000 
11.800786 17.083190 -40.625000 
11.490239 17.080085 -43.131250 
9.626957 15.530455 -39.375000


14.906256 10.555493 -81.875000 
15.841002 12.111333 -83.750000 
16.769538 10.866040 -81.250000 
14.906256 10.555493 -81.875000


31.054700 -16.458991 -59.381250 
30.433606 -15.216803 -60.006250 
32.296888 -15.837897 -60.006250 
31.054700 -16.458991 -59.381250


8.384769 -10.869145 -52.493750 
8.381664 -9.316410 -50.625000 
7.142581 -7.142581 -50.618750 
8.384769 -10.869145 -52.493750


8.384769 -10.869145 -52.493750 
7.142581 -7.142581 -50.618750 
6.518382 -6.521487 -53.125000 
8.384769 -10.869145 -52.493750


17.701179 -15.837897 -56.881250 
20.496102 -18.632820 -56.256250 
17.080085 -17.080085 -55.631250 
17.701179 -15.837897 -56.881250


39.128922 -12.421880 -62.506250 
36.955093 -11.800786 -61.881250 
40.060563 -11.800786 -63.131250 
39.128922 -12.421880 -62.506250


6.518382 -6.521487 -53.125000 
8.381664 -13.664068 -54.375000 
8.384769 -10.869145 -52.493750 
6.518382 -6.521487 -53.125000


7.139476 -10.248051 -57.500000 
8.381664 -13.664068 -54.375000 
6.518382 -6.521487 -53.125000 
7.139476 -10.248051 -57.500000


29.188313 -40.371110 -41.250000 
30.119954 -45.960956 -45.625000 
30.119954 -42.855486 -42.500000 
29.188313 -40.371110 -41.250000


29.188313 -40.371110 -41.250000 
28.877766 -40.371110 -45.000000 
30.119954 -45.960956 -45.625000 
29.188313 -40.371110 -41.250000


12.732427 -18.943367 -51.868750 
14.906256 -18.632820 -53.131250 
15.834792 -22.359384 -50.000000 
12.732427 -18.943367 -51.868750


13.974615 -20.185555 -50.618750 
12.732427 -18.943367 -51.868750 
15.834792 -22.359384 -50.000000 
13.974615 -20.185555 -50.618750


11.800786 18.632820 -93.756250 
8.695316 18.325378 -93.750000 
12.111333 21.117196 -93.756250 
11.800786 18.632820 -93.756250


19.564461 -9.005863 -23.118750 
23.291025 -10.248051 -23.743750 
21.117196 -4.347658 -13.743750 
19.564461 -9.005863 -23.118750


23.912119 18.325378 -28.125000 
20.496102 18.635925 -28.125000 
22.980478 19.257019 -21.875000 
23.912119 18.325378 -28.125000


27.949230 -23.912119 -31.868750 
31.054700 -28.570324 -31.243750 
33.849623 -22.669931 -29.993750 
27.949230 -23.912119 -31.868750


13.974615 20.499207 -61.875000 
11.800786 20.188660 -62.500000 
15.527350 20.809754 -56.875000 
13.974615 20.499207 -61.875000


12.732427 -15.837897 -46.243750 
9.934399 -13.042974 -48.125000 
9.937504 -16.769538 -53.131250 
12.732427 -15.837897 -46.243750


18.011726 12.418775 -82.500000 
15.841002 12.111333 -83.750000 
19.564461 13.353521 -83.131250 
18.011726 12.418775 -82.500000


12.421880 16.151549 -10.625000 
12.421880 15.219908 -7.500000 
14.906256 16.772643 -8.125000 
12.421880 16.151549 -10.625000


13.974615 -17.701179 -44.993750 
14.595709 -17.701179 -43.756250 
12.111333 -13.974615 -40.631250 
13.974615 -17.701179 -44.993750


16.148444 18.322273 -90.006250 
13.664068 21.117196 -93.756250 
18.632820 20.185555 -90.006250 
16.148444 18.322273 -90.006250


46.271503 -54.969924 -56.250000 
47.516796 -53.414084 -55.625000 
46.274608 -54.345725 -51.875000 
46.271503 -54.969924 -56.250000


50.932813 -42.234392 -52.500000 
52.175001 -40.992204 -57.500000 
52.485548 -37.886734 -56.250000 
50.932813 -42.234392 -52.500000


49.687520 -21.738290 -42.493750 
50.311719 -23.601572 -43.750000 
50.622266 -21.427743 -45.625000 
49.687520 -21.738290 -42.493750


19.564461 -9.005863 -23.118750 
21.117196 -4.347658 -13.743750 
17.701179 -3.416017 -12.493750 
19.564461 -9.005863 -23.118750


11.490239 -9.005863 -34.993750 
13.353521 -11.490239 -33.118750 
11.797681 -9.005863 -33.750000 
11.490239 -9.005863 -34.993750


40.060563 4.037111 -11.868750 
35.091811 4.034006 -9.375000 
37.576187 2.794923 -12.493750 
40.060563 4.037111 -11.868750


40.060563 4.037111 -11.868750 
37.886734 5.900393 -8.118750 
35.091811 4.034006 -9.375000 
40.060563 4.037111 -11.868750


43.476580 0.931641 -36.868750 
41.616403 4.968752 -37.500000 
42.237497 2.173829 -33.750000 
43.476580 0.931641 -36.868750


7.763675 10.244946 -85.625000 
5.276194 13.353521 -86.250000 
6.521487 11.176587 -90.625000 
7.763675 10.244946 -85.625000


19.564461 -9.005863 -23.118750 
16.148444 -9.316410 -26.243750 
19.564461 -10.248051 -24.368750 
19.564461 -9.005863 -23.118750


21.427743 -23.291025 -36.243750 
20.182450 -22.359384 -36.250000 
20.496102 -22.980478 -43.118750 
21.427743 -23.291025 -36.243750


27.017589 -3.729669 -13.125000 
25.154307 -14.285162 -25.618750 
28.570324 -3.108575 -18.750000 
27.017589 -3.729669 -13.125000


23.291025 -22.048837 -33.118750 
25.154307 -14.285162 -25.618750 
21.427743 -20.496102 -33.118750 
23.291025 -22.048837 -33.118750


23.601572 8.384769 -4.368750 
26.707042 4.347658 -7.493750 
26.085948 9.005863 -4.993750 
23.601572 8.384769 -4.368750


11.490239 -9.005863 -34.993750 
10.558598 -10.558598 -40.618750 
12.111333 -13.974615 -40.631250 
11.490239 -9.005863 -34.993750


34.160170 11.803891 -10.000000 
36.333999 8.384769 -7.493750 
35.716010 10.558598 -11.875000 
34.160170 11.803891 -10.000000


13.353521 -11.490239 -33.118750 
13.664068 -8.074222 -28.118750 
12.108228 -7.763675 -30.625000 
13.353521 -11.490239 -33.118750


19.875008 -1.552735 -65.006250 
20.806649 0.931641 -66.256250 
22.669931 -1.552735 -65.006250 
19.875008 -1.552735 -65.006250


11.490239 -9.005863 -34.993750 
9.313305 -5.900393 -36.250000 
10.558598 -10.558598 -40.618750 
11.490239 -9.005863 -34.993750


25.464854 18.946472 -35.000000 
22.669931 19.567566 -33.750000 
26.396495 18.635925 -31.875000 
25.464854 18.946472 -35.000000


29.812512 3.416017 -8.743750 
29.191418 5.900393 -7.493750 
26.707042 4.347658 -7.493750 
29.812512 3.416017 -8.743750


12.108228 -7.763675 -30.625000 
13.664068 -8.074222 -28.118750 
13.042974 -4.968752 -25.618750 
12.108228 -7.763675 -30.625000


11.490239 -6.210940 -30.631250 
12.108228 -7.763675 -30.625000 
13.042974 -4.968752 -25.618750 
11.490239 -6.210940 -30.631250


25.154307 10.248051 -3.743750 
23.601572 8.384769 -4.368750 
26.085948 9.005863 -4.993750 
25.154307 10.248051 -3.743750


20.496102 16.772643 0.000000 
17.701179 16.772643 -2.500000 
15.837897 16.462096 0.000000 
20.496102 16.772643 0.000000


4.658205 0.931641 -11.256250 
10.866040 13.042974 -1.250000 
11.176587 13.974615 -6.250000 
4.658205 0.931641 -11.256250


4.658205 0.931641 -11.256250 
5.900393 1.863282 -11.243750 
10.866040 13.042974 -1.250000 
4.658205 0.931641 -11.256250


4.658205 0.931641 -11.256250 
11.176587 13.974615 -6.250000 
5.900393 1.863282 -11.243750 
4.658205 0.931641 -11.256250


12.421880 16.151549 -10.625000 
15.837897 18.014831 -10.000000 
14.285162 17.704284 -16.250000 
12.421880 16.151549 -10.625000


12.421880 16.151549 -10.625000 
14.285162 17.704284 -16.250000 
12.421880 16.462096 -15.000000 
12.421880 16.151549 -10.625000


18.943367 18.325378 -14.375000 
22.048837 18.014831 -10.625000 
20.806649 18.635925 -18.125000 
18.943367 18.325378 -14.375000


27.949230 16.148444 -10.618750 
25.464854 17.393737 -10.625000 
28.570324 15.530455 -8.750000 
27.949230 16.148444 -10.618750


22.048837 18.014831 -10.625000 
23.601572 18.635925 -18.750000 
20.806649 18.635925 -18.125000 
22.048837 18.014831 -10.625000


13.353521 17.393737 -26.250000 
16.769538 18.635925 -27.500000 
13.042974 17.704284 -31.875000 
13.353521 17.393737 -26.250000


10.869145 -13.353521 -56.256250 
8.692211 -12.732427 -55.625000 
8.695316 -10.558598 -58.756250 
10.869145 -13.353521 -56.256250


22.359384 -3.416017 -63.756250 
22.669931 -9.316410 -60.631250 
18.322273 -5.279299 -62.506250 
22.359384 -3.416017 -63.756250


22.359384 -3.416017 -63.756250 
23.291025 -4.347658 -63.131250 
22.669931 -9.316410 -60.631250 
22.359384 -3.416017 -63.756250


28.880871 18.943367 -44.993750 
27.638683 19.253914 -43.756250 
28.570324 18.946472 -41.875000 
28.880871 18.943367 -44.993750


23.912119 18.325378 -28.125000 
26.396495 18.635925 -31.875000 
22.669931 19.567566 -33.750000 
23.912119 18.325378 -28.125000


16.458991 18.014831 -15.000000 
17.390632 18.635925 -17.500000 
14.285162 17.704284 -16.250000 
16.458991 18.014831 -15.000000


47.516796 8.074222 -82.500000 
45.339862 10.248051 -79.993750 
47.827343 5.589846 -77.500000 
47.516796 8.074222 -82.500000


15.216803 24.222666 -93.756250 
12.111333 21.117196 -93.756250 
13.660963 23.291025 -90.000000 
15.216803 24.222666 -93.756250


15.216803 24.222666 -93.756250 
13.664068 21.117196 -93.756250 
12.111333 21.117196 -93.756250 
15.216803 24.222666 -93.756250


16.769538 18.635925 -27.500000 
13.353521 17.393737 -26.250000 
15.837897 18.946472 -21.250000 
16.769538 18.635925 -27.500000


5.276194 14.595709 -67.500000 
6.518382 16.148444 -61.875000 
6.518382 16.148444 -67.500000 
5.276194 14.595709 -67.500000


48.755879 -26.085948 -33.118750 
49.066426 -28.570324 -34.368750 
49.069531 -24.533213 -35.625000 
48.755879 -26.085948 -33.118750


48.755879 -26.085948 -33.118750 
46.582050 -26.707042 -33.743750 
49.066426 -28.570324 -34.368750 
48.755879 -26.085948 -33.118750


27.017589 11.179692 -78.756250 
24.536318 10.558598 -78.125000 
24.222666 11.490239 -79.381250 
27.017589 11.179692 -78.756250


7.142581 -3.105470 -64.381250 
7.450023 -2.173829 -63.125000 
8.381664 2.173829 -63.125000 
7.142581 -3.105470 -64.381250


6.207835 12.421880 -66.875000 
5.276194 14.595709 -67.500000 
5.586741 12.732427 -73.125000 
6.207835 12.421880 -66.875000


9.626957 -1.866387 -11.250000 
18.322273 5.586741 -5.625000 
17.076980 7.142581 -5.000000 
9.626957 -1.866387 -11.250000


16.458991 8.695316 -3.743750 
9.626957 -1.866387 -11.250000 
17.076980 7.142581 -5.000000 
16.458991 8.695316 -3.743750


16.458991 8.695316 -3.743750 
5.900393 1.863282 -11.243750 
9.626957 -1.866387 -11.250000 
16.458991 8.695316 -3.743750


11.800786 -0.931641 -65.631250 
9.626957 1.242188 -68.131250 
12.421880 0.617989 -66.875000 
11.800786 -0.931641 -65.631250


25.464854 0.000000 -65.631250 
27.328136 0.621094 -66.256250 
27.017589 -4.037111 -64.381250 
25.464854 0.000000 -65.631250


9.937504 16.148444 -44.368750 
9.937504 16.151549 -50.000000 
8.074222 14.285162 -44.368750 
9.937504 16.148444 -44.368750


36.023452 -3.726564 -65.631250 
37.265640 -5.279299 -65.006250 
34.160170 -6.521487 -63.756250 
36.023452 -3.726564 -65.631250


44.721873 3.416017 -55.625000 
42.548044 6.521487 -56.875000 
42.237497 6.832034 -54.375000 
44.721873 3.416017 -55.625000


18.011726 9.937504 -79.381250 
21.427743 12.108228 -80.625000 
22.048837 10.244946 -78.125000 
18.011726 9.937504 -79.381250


39.128922 17.080085 -78.118750 
42.544939 16.458991 -85.006250 
40.060563 19.257019 -85.625000 
39.128922 17.080085 -78.118750


22.359384 20.499207 -54.375000 
26.707042 20.185555 -53.743750 
24.222666 20.809754 -56.875000 
22.359384 20.499207 -54.375000


18.322273 19.567566 -32.500000 
22.669931 19.567566 -33.750000 
21.738290 19.257019 -36.250000 
18.322273 19.567566 -32.500000


25.464854 18.325378 -23.750000 
27.328136 18.014831 -29.375000 
23.912119 18.325378 -28.125000 
25.464854 18.325378 -23.750000


9.626957 18.946472 -86.250000 
6.207835 15.837897 -84.375000 
4.655100 15.837897 -80.000000 
9.626957 18.946472 -86.250000


9.626957 18.946472 -86.250000 
4.655100 15.837897 -80.000000 
7.142581 17.083190 -80.000000 
9.626957 18.946472 -86.250000


18.322273 4.347658 -69.381250 
23.912119 4.968752 -69.381250 
20.806649 0.931641 -66.256250 
18.322273 4.347658 -69.381250


4.344553 14.595709 -91.250000 
5.279299 15.216803 -86.243750 
7.139476 17.080085 -90.000000 
4.344553 14.595709 -91.250000


20.185555 14.595709 -84.381250 
22.048837 15.527350 -84.381250 
26.085948 15.216803 -83.131250 
20.185555 14.595709 -84.381250


22.048837 13.042974 -81.881250 
20.185555 14.595709 -84.381250 
26.085948 15.216803 -83.131250 
22.048837 13.042974 -81.881250


45.964061 1.863282 -58.125000 
44.097674 5.279299 -64.368750 
42.548044 6.521487 -56.875000 
45.964061 1.863282 -58.125000


33.539076 17.393737 -57.500000 
33.849623 16.462096 -48.125000 
38.200386 12.421880 -49.375000 
33.539076 17.393737 -57.500000


45.650409 -13.353521 -65.006250 
48.134785 -9.937504 -68.756250 
49.063321 -13.664068 -67.500000 
45.650409 -13.353521 -65.006250


45.650409 -13.353521 -65.006250 
45.647304 -11.490239 -65.625000 
48.134785 -9.937504 -68.756250 
45.650409 -13.353521 -65.006250


44.408221 12.421880 -84.381250 
40.681657 10.869145 -81.256250 
39.750016 12.421880 -81.881250 
44.408221 12.421880 -84.381250


25.775401 8.692211 -75.625000 
31.365247 8.381664 -75.625000 
29.501965 3.105470 -68.131250 
25.775401 8.692211 -75.625000


25.775401 8.692211 -75.625000 
29.501965 3.105470 -68.131250 
27.328136 5.589846 -70.006250 
25.775401 8.692211 -75.625000


29.191418 21.117196 -86.256250 
27.328136 22.359384 -87.506250 
34.781264 23.291025 -88.756250 
29.191418 21.117196 -86.256250


22.980478 19.257019 -21.875000 
27.017589 18.014831 -23.750000 
25.464854 18.325378 -23.750000 
22.980478 19.257019 -21.875000


26.707042 17.701179 -19.993750 
27.017589 18.014831 -23.750000 
22.980478 19.257019 -21.875000 
26.707042 17.701179 -19.993750


45.647304 -11.490239 -65.625000 
42.544939 -10.558598 -64.381250 
48.134785 -9.937504 -68.756250 
45.647304 -11.490239 -65.625000


45.650409 -8.074222 -67.506250 
48.134785 -9.937504 -68.756250 
42.544939 -10.558598 -64.381250 
45.650409 -8.074222 -67.506250


38.821480 14.595709 -68.125000 
35.402358 18.632820 -74.368750 
36.644546 16.462096 -65.000000 
38.821480 14.595709 -68.125000


18.632820 26.396495 -93.756250 
20.185555 24.846865 -85.625000 
22.048837 25.778506 -84.375000 
18.632820 26.396495 -93.756250


35.716010 14.285162 -45.000000 
36.026557 13.974615 -45.000000 
38.200386 12.421880 -49.375000 
35.716010 14.285162 -45.000000


35.716010 14.285162 -45.000000 
38.200386 12.421880 -49.375000 
33.849623 16.462096 -48.125000 
35.716010 14.285162 -45.000000


22.359384 22.051942 -61.875000 
20.185555 21.741395 -60.625000 
22.669931 21.430848 -58.750000 
22.359384 22.051942 -61.875000


27.017589 -4.037111 -64.381250 
30.123059 -4.037111 -64.381250 
28.877766 -5.279299 -63.750000 
27.017589 -4.037111 -64.381250


43.787127 -4.037111 -68.131250 
45.650409 -8.074222 -67.506250 
42.541834 -6.210940 -66.250000 
43.787127 -4.037111 -68.131250


31.054700 -1.863282 -65.631250 
34.160170 2.484376 -68.756250 
36.333999 0.307442 -68.125000 
31.054700 -1.863282 -65.631250


31.054700 -1.863282 -65.631250 
32.296888 1.552735 -67.506250 
34.160170 2.484376 -68.756250 
31.054700 -1.863282 -65.631250


39.128922 -12.421880 -62.506250 
40.060563 -11.800786 -63.131250 
41.613298 -15.527350 -62.506250 
39.128922 -12.421880 -62.506250


43.166033 7.142581 -79.381250 
45.029315 9.005863 -81.881250 
46.582050 8.074222 -82.506250 
43.166033 7.142581 -79.381250


43.166033 7.142581 -79.381250 
46.582050 8.074222 -82.506250 
45.960956 5.900393 -80.006250 
43.166033 7.142581 -79.381250


40.060563 -7.763675 -64.381250 
37.265640 -5.279299 -65.006250 
40.060563 -6.521487 -65.006250 
40.060563 -7.763675 -64.381250


49.998067 -1.863282 -76.881250 
50.305509 1.242188 -80.625000 
51.550802 -0.931641 -80.006250 
49.998067 -1.863282 -76.881250


39.439469 9.630062 -46.875000 
37.579292 10.558598 -36.875000 
40.992204 5.592951 -40.000000 
39.439469 9.630062 -46.875000


55.277366 -31.365247 -69.381250 
54.659377 -30.744153 -64.375000 
54.659377 -31.054700 -64.375000 
55.277366 -31.365247 -69.381250


50.622266 -8.384769 -61.875000 
50.932813 -8.384769 -65.625000 
49.069531 -4.347658 -64.375000 
50.622266 -8.384769 -61.875000


27.638683 18.014831 -37.500000 
26.396495 18.635925 -31.875000 
30.433606 16.769538 -33.131250 
27.638683 18.014831 -37.500000


25.464854 18.946472 -35.000000 
26.396495 18.635925 -31.875000 
27.638683 18.014831 -37.500000 
25.464854 18.946472 -35.000000


36.955093 -11.800786 -61.881250 
31.986341 -7.763675 -63.131250 
40.060563 -11.800786 -63.131250 
36.955093 -11.800786 -61.881250


36.023452 -9.316410 -62.506250 
40.060563 -11.800786 -63.131250 
31.986341 -7.763675 -63.131250 
36.023452 -9.316410 -62.506250


42.855486 -8.074222 -65.631250 
40.060563 -6.521487 -65.006250 
42.541834 -6.210940 -66.250000 
42.855486 -8.074222 -65.631250


42.855486 -8.074222 -65.631250 
40.060563 -7.763675 -64.381250 
40.060563 -6.521487 -65.006250 
42.855486 -8.074222 -65.631250


21.738290 18.943367 -86.881250 
18.322273 16.458991 -86.881250 
18.014831 18.322273 -88.750000 
21.738290 18.943367 -86.881250


27.017589 -4.037111 -64.381250 
31.054700 -1.863282 -65.631250 
30.123059 -4.037111 -64.381250 
27.017589 -4.037111 -64.381250


34.781264 23.291025 -88.756250 
34.781264 20.185555 -85.631250 
32.917982 19.564461 -85.006250 
34.781264 23.291025 -88.756250


20.185555 25.467959 -81.250000 
22.048837 25.778506 -84.375000 
20.185555 24.846865 -85.625000 
20.185555 25.467959 -81.250000


52.175001 -15.527350 -58.750000 
50.932813 -12.421880 -56.875000 
50.622266 -15.216803 -51.250000 
52.175001 -15.527350 -58.750000


22.359384 -3.416017 -63.756250 
19.875008 -1.552735 -65.006250 
22.669931 -1.552735 -65.006250 
22.359384 -3.416017 -63.756250


36.647651 20.806649 -81.875000 
34.470717 22.362489 -82.500000 
33.539076 22.362489 -80.000000 
36.647651 20.806649 -81.875000


37.886734 -9.005863 -63.131250 
40.060563 -11.800786 -63.131250 
36.023452 -9.316410 -62.506250 
37.886734 -9.005863 -63.131250


51.243360 -3.105470 -75.000000 
51.864454 -5.279299 -75.000000 
52.485548 -6.210940 -76.250000 
51.243360 -3.105470 -75.000000


51.243360 -3.105470 -75.000000 
52.485548 -6.210940 -76.250000 
51.861349 -3.726564 -78.131250 
51.243360 -3.105470 -75.000000


21.738290 19.257019 -36.250000 
25.464854 18.946472 -35.000000 
24.843760 18.635925 -38.125000 
21.738290 19.257019 -36.250000


27.949230 -15.527350 -59.381250 
24.533213 -21.117196 -55.631250 
21.117196 -17.701179 -56.881250 
27.949230 -15.527350 -59.381250


27.949230 -15.527350 -59.381250 
27.949230 -18.322273 -57.506250 
24.533213 -21.117196 -55.631250 
27.949230 -15.527350 -59.381250


46.274608 -0.931641 -53.125000 
45.964061 1.863282 -58.125000 
44.721873 3.416017 -55.625000 
46.274608 -0.931641 -53.125000


46.895702 -1.863282 -54.375000 
45.964061 1.863282 -58.125000 
46.274608 -0.931641 -53.125000 
46.895702 -1.863282 -54.375000


52.796095 -12.732427 -68.750000 
52.485548 -12.732427 -65.000000 
53.727736 -15.527350 -68.750000 
52.796095 -12.732427 -68.750000


9.937504 2.484376 -69.381250 
9.626957 1.242188 -68.131250 
9.316410 3.416017 -68.131250 
9.937504 2.484376 -69.381250


27.949230 16.772643 -13.750000 
31.675794 15.530455 -19.375000 
26.707042 17.701179 -19.993750 
27.949230 16.772643 -13.750000


18.943367 18.325378 -14.375000 
20.806649 18.635925 -18.125000 
17.390632 18.635925 -17.500000 
18.943367 18.325378 -14.375000


36.333999 0.307442 -68.125000 
37.576187 0.307442 -68.750000 
36.023452 -3.726564 -65.631250 
36.333999 0.307442 -68.125000


36.647651 20.806649 -81.875000 
40.060563 19.257019 -85.625000 
38.510933 20.185555 -85.000000 
36.647651 20.806649 -81.875000


36.647651 20.806649 -81.875000 
39.128922 17.080085 -78.118750 
40.060563 19.257019 -85.625000 
36.647651 20.806649 -81.875000


47.513691 -13.042974 -31.243750 
48.137890 -15.216803 -32.500000 
47.516796 -11.800786 -35.000000 
47.513691 -13.042974 -31.243750


52.175001 -8.695316 -71.875000 
54.038283 -12.732427 -74.375000 
53.414084 -9.937504 -75.006250 
52.175001 -8.695316 -71.875000


42.237497 1.863282 -23.750000 
39.753121 6.832034 -23.125000 
40.063668 4.037111 -20.000000 
42.237497 1.863282 -23.750000


41.923845 -55.898460 -49.368750 
37.265640 -52.482443 -47.493750 
38.818375 -56.519554 -50.618750 
41.923845 -55.898460 -49.368750


37.265640 18.011726 -76.243750 
38.821480 14.595709 -68.125000 
40.995309 12.732427 -69.375000 
37.265640 18.011726 -76.243750


52.482443 -12.732427 -73.131250 
52.792990 -8.074222 -75.631250 
53.414084 -9.937504 -75.006250 
52.482443 -12.732427 -73.131250


50.308614 -6.521487 -73.756250 
52.792990 -8.074222 -75.631250 
52.482443 -12.732427 -73.131250 
50.308614 -6.521487 -73.756250


22.048837 -24.533213 -44.993750 
20.496102 -22.980478 -43.118750 
18.632820 -22.362489 -45.000000 
22.048837 -24.533213 -44.993750


21.738290 -20.496102 -55.006250 
23.291025 -22.359384 -54.381250 
20.806649 -21.738290 -53.131250 
21.738290 -20.496102 -55.006250


28.880871 18.943367 -44.993750 
28.570324 18.946472 -41.875000 
30.433606 18.322273 -45.006250 
28.880871 18.943367 -44.993750


35.091811 4.034006 -9.375000 
31.054700 1.549630 -10.000000 
32.296888 0.931641 -11.868750 
35.091811 4.034006 -9.375000


51.861349 -3.726564 -78.131250 
49.998067 -5.279299 -74.381250 
49.376973 -3.105470 -75.006250 
51.861349 -3.726564 -78.131250


37.576187 0.307442 -68.750000 
38.818375 0.621094 -69.381250 
37.886734 -3.416017 -66.256250 
37.576187 0.307442 -68.750000


45.964061 1.863282 -58.125000 
47.827343 -2.794923 -56.250000 
46.585155 0.310547 -58.750000 
45.964061 1.863282 -58.125000


45.964061 1.863282 -58.125000 
46.895702 -1.863282 -54.375000 
47.827343 -2.794923 -56.250000 
45.964061 1.863282 -58.125000


47.827343 -1.863282 -60.000000 
47.516796 1.242188 -68.750000 
46.585155 0.310547 -58.750000 
47.827343 -1.863282 -60.000000


47.516796 1.242188 -68.750000 
49.069531 0.310547 -71.875000 
47.206249 3.105470 -70.000000 
47.516796 1.242188 -68.750000


9.937504 -16.769538 -53.131250 
9.934399 -13.042974 -48.125000 
8.381664 -13.664068 -54.375000 
9.937504 -16.769538 -53.131250


31.675794 -1.555840 -15.000000 
27.017589 -3.729669 -13.125000 
28.570324 -3.108575 -18.750000 
31.675794 -1.555840 -15.000000


29.812512 -2.176934 -13.750000 
27.017589 -3.729669 -13.125000 
31.675794 -1.555840 -15.000000 
29.812512 -2.176934 -13.750000


38.818375 -56.519554 -50.618750 
36.644546 -53.724631 -49.368750 
36.644546 -55.587913 -51.243750 
38.818375 -56.519554 -50.618750


48.134785 -6.210940 -70.631250 
48.134785 -9.937504 -68.756250 
45.650409 -8.074222 -67.506250 
48.134785 -6.210940 -70.631250


50.622266 -15.216803 -51.250000 
50.932813 -12.421880 -56.875000 
50.001172 -13.042974 -50.000000 
50.622266 -15.216803 -51.250000


47.203144 -52.171896 -52.493750 
46.274608 -54.345725 -51.875000 
47.516796 -53.414084 -55.625000 
47.203144 -52.171896 -52.493750


27.949230 -18.322273 -57.506250 
27.638683 -22.669931 -55.631250 
24.533213 -21.117196 -55.631250 
27.949230 -18.322273 -57.506250


34.160170 2.484376 -68.756250 
32.296888 1.552735 -67.506250 
32.607435 3.726564 -69.381250 
34.160170 2.484376 -68.756250


31.675794 -31.365247 -52.506250 
34.160170 -30.433606 -55.006250 
35.091811 -34.160170 -54.381250 
31.675794 -31.365247 -52.506250


31.675794 -31.365247 -52.506250 
35.091811 -34.160170 -54.381250 
33.228529 -34.160170 -52.506250 
31.675794 -31.365247 -52.506250


28.259777 -36.955093 -44.993750 
23.909014 -26.085948 -43.750000 
20.806649 -25.157412 -48.750000 
28.259777 -36.955093 -44.993750


29.812512 15.216803 -11.868750 
30.744153 13.977720 -8.125000 
34.160170 11.803891 -10.000000 
29.812512 15.216803 -11.868750


45.653514 -5.279299 -31.875000 
44.097674 -1.239083 -28.750000 
45.650409 -6.521487 -28.118750 
45.653514 -5.279299 -31.875000


49.069531 -22.980478 -31.875000 
43.473475 -25.154307 -32.500000 
48.755879 -26.085948 -33.118750 
49.069531 -22.980478 -31.875000


49.069531 -19.875008 -35.625000 
48.134785 -17.080085 -33.118750 
49.069531 -22.980478 -31.875000 
49.069531 -19.875008 -35.625000


49.069531 -22.980478 -31.875000 
48.755879 -26.085948 -33.118750 
49.069531 -24.533213 -35.625000 
49.069531 -22.980478 -31.875000


33.849623 -22.669931 -29.993750 
35.402358 -25.775401 -31.243750 
43.473475 -25.154307 -32.500000 
33.849623 -22.669931 -29.993750


49.687520 -21.738290 -42.493750 
49.069531 -22.669931 -39.375000 
50.311719 -23.601572 -43.750000 
49.687520 -21.738290 -42.493750


42.234392 -45.029315 -43.118750 
34.781264 -44.097674 -43.118750 
35.712905 -46.585155 -44.375000 
42.234392 -45.029315 -43.118750


5.589846 13.042974 -83.756250 
7.763675 10.244946 -85.625000 
8.074222 9.623852 -83.125000 
5.589846 13.042974 -83.756250


47.827343 -8.384769 -43.125000 
48.448437 -10.869145 -41.250000 
48.758984 -9.626957 -45.625000 
47.827343 -8.384769 -43.125000


15.837897 -13.353521 -58.131250 
16.458991 -10.248051 -60.631250 
19.253914 -13.353521 -58.756250 
15.837897 -13.353521 -58.131250


42.544939 -19.875008 -31.868750 
33.849623 -22.669931 -29.993750 
43.473475 -25.154307 -32.500000 
42.544939 -19.875008 -31.868750


40.060563 4.037111 -11.868750 
38.510933 6.832034 -15.000000 
37.579292 8.384769 -11.875000 
40.060563 4.037111 -11.868750


32.293783 -40.060563 -49.375000 
33.846518 -39.439469 -51.250000 
35.399253 -42.544939 -52.500000 
32.293783 -40.060563 -49.375000


34.781264 -50.619161 -48.118750 
32.607435 -49.998067 -49.381250 
36.644546 -53.724631 -49.368750 
34.781264 -50.619161 -48.118750


32.914877 -51.550802 -51.250000 
36.644546 -53.724631 -49.368750 
32.607435 -49.998067 -49.381250 
32.914877 -51.550802 -51.250000


8.692211 -12.732427 -55.625000 
8.381664 -13.664068 -54.375000 
7.139476 -10.248051 -57.500000 
8.692211 -12.732427 -55.625000


36.023452 -39.128922 -53.131250 
37.883629 -38.818375 -55.000000 
35.399253 -42.544939 -52.500000 
36.023452 -39.128922 -53.131250


54.038283 -21.117196 -65.000000 
54.659377 -25.154307 -67.500000 
54.659377 -21.427743 -68.750000 
54.038283 -21.117196 -65.000000


45.339862 -1.860177 -45.000000 
46.585155 -4.037111 -45.625000 
45.032420 -0.310547 -49.375000 
45.339862 -1.860177 -45.000000


50.622266 -27.949230 -45.000000 
49.380078 -29.501965 -39.375000 
49.690625 -30.744153 -41.250000 
50.622266 -27.949230 -45.000000


33.228529 -34.160170 -52.506250 
34.781264 -36.023452 -53.131250 
33.846518 -39.439469 -51.250000 
33.228529 -34.160170 -52.506250


33.228529 -34.160170 -52.506250 
33.846518 -39.439469 -51.250000 
31.362142 -35.712905 -50.000000 
33.228529 -34.160170 -52.506250


11.490239 -10.869145 -60.006250 
14.285162 -11.490239 -59.381250 
15.837897 -13.353521 -58.131250 
11.490239 -10.869145 -60.006250


49.380078 -29.501965 -39.375000 
50.311719 -23.601572 -43.750000 
49.069531 -24.533213 -35.625000 
49.380078 -29.501965 -39.375000


8.695316 17.083190 -56.875000 
7.763675 17.393737 -60.625000 
5.586741 14.285162 -58.125000 
8.695316 17.083190 -56.875000


46.274608 -0.931641 -53.125000 
45.032420 -0.310547 -49.375000 
46.585155 -4.037111 -45.625000 
46.274608 -0.931641 -53.125000


46.585155 -3.726564 -50.625000 
46.274608 -0.931641 -53.125000 
46.585155 -4.037111 -45.625000 
46.585155 -3.726564 -50.625000


50.622266 -8.384769 -61.875000 
51.864454 -12.111333 -61.875000 
52.485548 -12.732427 -65.000000 
50.622266 -8.384769 -61.875000


50.932813 -8.384769 -65.625000 
50.622266 -8.384769 -61.875000 
52.485548 -12.732427 -65.000000 
50.932813 -8.384769 -65.625000


48.448437 -8.384769 -48.125000 
49.690625 -11.800786 -49.375000 
49.380078 -9.626957 -53.750000 
48.448437 -8.384769 -48.125000


52.485548 -22.980478 -55.000000 
52.792990 -28.573429 -53.750000 
53.103537 -29.194523 -55.625000 
52.485548 -22.980478 -55.000000


48.134785 -45.029315 -44.368750 
50.001172 -45.029315 -51.250000 
49.376973 -41.613298 -47.493750 
48.134785 -45.029315 -44.368750


48.134785 -45.029315 -44.368750 
48.755879 -46.271503 -48.743750 
50.001172 -45.029315 -51.250000 
48.134785 -45.029315 -44.368750


48.137890 -49.376973 -50.625000 
50.001172 -45.029315 -51.250000 
48.755879 -46.271503 -48.743750 
48.137890 -49.376973 -50.625000


48.137890 -49.376973 -50.625000 
49.380078 -47.203144 -52.500000 
50.001172 -45.029315 -51.250000 
48.137890 -49.376973 -50.625000


13.353521 -11.490239 -33.118750 
11.490239 -9.005863 -34.993750 
12.111333 -13.974615 -40.631250 
13.353521 -11.490239 -33.118750


47.206249 -51.861349 -50.625000 
48.755879 -51.243360 -56.250000 
48.137890 -49.376973 -50.625000 
47.206249 -51.861349 -50.625000


47.206249 -51.861349 -50.625000 
47.203144 -52.171896 -52.493750 
48.755879 -51.243360 -56.250000 
47.206249 -51.861349 -50.625000


52.171896 -23.601572 -66.881250 
53.103537 -21.738290 -68.756250 
54.656272 -23.291025 -70.631250 
52.171896 -23.601572 -66.881250


52.796095 -33.849623 -53.750000 
53.417189 -35.402358 -57.500000 
53.417189 -31.986341 -56.250000 
52.796095 -33.849623 -53.750000


13.974615 -20.185555 -50.618750 
13.974615 -17.701179 -44.993750 
9.937504 -16.769538 -53.131250 
13.974615 -20.185555 -50.618750


17.701179 -15.837897 -56.881250 
12.421880 -15.216803 -55.631250 
15.837897 -13.353521 -58.131250 
17.701179 -15.837897 -56.881250


17.080085 -17.080085 -55.631250 
12.421880 -15.216803 -55.631250 
17.701179 -15.837897 -56.881250 
17.080085 -17.080085 -55.631250


23.601572 8.384769 -4.368750 
18.943367 8.074222 -4.368750 
22.048837 6.210940 -5.618750 
23.601572 8.384769 -4.368750


23.601572 8.384769 -4.368750 
21.427743 9.937504 -3.743750 
18.943367 8.074222 -4.368750 
23.601572 8.384769 -4.368750


46.582050 -0.934746 -73.750000 
49.998067 -5.279299 -74.381250 
47.821133 -4.037111 -71.875000 
46.582050 -0.934746 -73.750000


46.582050 -0.934746 -73.750000 
49.376973 -3.105470 -75.006250 
49.998067 -5.279299 -74.381250 
46.582050 -0.934746 -73.750000


11.490239 -10.869145 -60.006250 
8.074222 -5.589846 -62.506250 
9.316410 -4.037111 -63.756250 
11.490239 -10.869145 -60.006250


36.023452 -3.726564 -65.631250 
37.576187 0.307442 -68.750000 
37.886734 -3.416017 -66.256250 
36.023452 -3.726564 -65.631250


50.932813 -8.384769 -65.625000 
52.175001 -8.695316 -71.875000 
50.308614 -5.279299 -69.368750 
50.932813 -8.384769 -65.625000


11.800786 18.632820 -93.756250 
13.353521 18.322273 -91.881250 
12.421880 16.766433 -91.250000 
11.800786 18.632820 -93.756250


7.766780 12.732427 -90.625000 
9.316410 14.592604 -91.250000 
13.356626 14.285162 -87.500000 
7.766780 12.732427 -90.625000


15.216803 24.222666 -93.756250 
17.080085 25.778506 -93.750000 
20.499207 26.396495 -93.750000 
15.216803 24.222666 -93.756250


18.632820 26.396495 -93.756250 
18.322273 24.225771 -88.750000 
20.185555 24.846865 -85.625000 
18.632820 26.396495 -93.756250


44.094569 -23.601572 -61.250000 
43.166033 -26.707042 -60.006250 
40.681657 -27.949230 -58.756250 
44.094569 -23.601572 -61.250000


44.094569 -23.601572 -61.250000 
40.681657 -27.949230 -58.756250 
38.504723 -22.980478 -58.750000 
44.094569 -23.601572 -61.250000


9.937504 2.484376 -69.381250 
9.005863 8.384769 -76.881250 
10.558598 4.658205 -71.881250 
9.937504 2.484376 -69.381250


25.464854 -10.248051 -60.631250 
22.669931 -9.316410 -60.631250 
27.017589 -6.835139 -62.500000 
25.464854 -10.248051 -60.631250


10.558598 -12.732427 -44.993750 
9.934399 -13.042974 -48.125000 
12.732427 -15.837897 -46.243750 
10.558598 -12.732427 -44.993750


12.421880 -15.216803 -55.631250 
11.490239 -10.869145 -60.006250 
15.837897 -13.353521 -58.131250 
12.421880 -15.216803 -55.631250


12.421880 -15.216803 -55.631250 
17.080085 -17.080085 -55.631250 
16.148444 -18.322273 -54.381250 
12.421880 -15.216803 -55.631250


16.458991 -10.248051 -60.631250 
19.875008 -11.800786 -60.006250 
19.253914 -13.353521 -58.756250 
16.458991 -10.248051 -60.631250


24.843760 -13.974615 -59.381250 
27.638683 -13.974615 -60.006250 
27.949230 -15.527350 -59.381250 
24.843760 -13.974615 -59.381250


23.291025 -4.347658 -63.131250 
27.017589 -4.037111 -64.381250 
27.017589 -6.835139 -62.500000 
23.291025 -4.347658 -63.131250


17.080085 -17.080085 -55.631250 
20.496102 -18.632820 -56.256250 
16.148444 -18.322273 -54.381250 
17.080085 -17.080085 -55.631250


31.054700 -29.191418 -53.131250 
27.638683 -25.154307 -53.756250 
31.986341 -28.259777 -54.381250 
31.054700 -29.191418 -53.131250


34.781264 -52.479338 -54.375000 
35.402358 -47.203144 -52.506250 
34.470717 -54.035178 -55.631250 
34.781264 -52.479338 -54.375000


9.934399 -13.042974 -48.125000 
10.558598 -12.732427 -44.993750 
8.384769 -9.005863 -44.993750 
9.934399 -13.042974 -48.125000


7.139476 -10.248051 -57.500000 
8.695316 -10.558598 -58.756250 
8.692211 -12.732427 -55.625000 
7.139476 -10.248051 -57.500000


16.458991 -10.248051 -60.631250 
15.837897 -13.353521 -58.131250 
14.285162 -11.490239 -59.381250 
16.458991 -10.248051 -60.631250


6.518382 -6.521487 -53.125000 
6.828929 -5.900393 -55.625000 
7.139476 -10.248051 -57.500000 
6.518382 -6.521487 -53.125000


8.695316 -1.552735 -65.631250 
9.626957 1.242188 -68.131250 
11.800786 -0.931641 -65.631250 
8.695316 -1.552735 -65.631250


8.695316 -10.558598 -58.756250 
11.490239 -10.869145 -60.006250 
12.421880 -15.216803 -55.631250 
8.695316 -10.558598 -58.756250


8.695316 -10.558598 -58.756250 
12.421880 -15.216803 -55.631250 
10.869145 -13.353521 -56.256250 
8.695316 -10.558598 -58.756250


22.359384 -3.416017 -63.756250 
22.669931 -1.552735 -65.006250 
27.017589 -4.037111 -64.381250 
22.359384 -3.416017 -63.756250


22.359384 -3.416017 -63.756250 
27.017589 -4.037111 -64.381250 
23.291025 -4.347658 -63.131250 
22.359384 -3.416017 -63.756250


4.344553 14.595709 -91.250000 
8.695316 18.325378 -93.750000 
4.658205 14.595709 -93.756250 
4.344553 14.595709 -91.250000


4.344553 14.595709 -91.250000 
7.139476 17.080085 -90.000000 
8.695316 18.325378 -93.750000 
4.344553 14.595709 -91.250000


9.316410 -4.037111 -63.756250 
8.074222 -5.589846 -62.506250 
7.142581 -3.105470 -64.381250 
9.316410 -4.037111 -63.756250


16.458991 -10.248051 -60.631250 
13.353521 -5.279299 -62.506250 
15.837897 -5.279299 -62.506250 
16.458991 -10.248051 -60.631250


18.011726 -2.794923 -64.381250 
22.359384 -3.416017 -63.756250 
18.322273 -5.279299 -62.506250 
18.011726 -2.794923 -64.381250


6.518382 -4.347658 -56.250000 
6.521487 -5.279299 -61.881250 
7.139476 -10.248051 -57.500000 
6.518382 -4.347658 -56.250000


6.518382 -4.347658 -56.250000 
7.139476 -10.248051 -57.500000 
6.828929 -5.900393 -55.625000 
6.518382 -4.347658 -56.250000


6.518382 -4.347658 -56.250000 
6.832034 -3.726564 -58.118750 
6.521487 -4.971857 -61.875000 
6.518382 -4.347658 -56.250000


6.518382 -4.347658 -56.250000 
6.521487 -4.971857 -61.875000 
6.521487 -5.279299 -61.881250 
6.518382 -4.347658 -56.250000


11.490239 -10.869145 -60.006250 
8.695316 -10.558598 -58.756250 
7.453128 -8.384769 -60.631250 
11.490239 -10.869145 -60.006250


8.695316 -10.558598 -58.756250 
7.139476 -10.248051 -57.500000 
7.453128 -8.384769 -60.631250 
8.695316 -10.558598 -58.756250


6.521487 -4.971857 -61.875000 
7.450023 -2.173829 -63.125000 
7.142581 -3.105470 -64.381250 
6.521487 -4.971857 -61.875000


9.316410 -4.037111 -63.756250 
7.142581 -3.105470 -64.381250 
8.695316 -1.552735 -65.631250 
9.316410 -4.037111 -63.756250


8.074222 -5.589846 -62.506250 
11.490239 -10.869145 -60.006250 
7.453128 -8.384769 -60.631250 
8.074222 -5.589846 -62.506250


24.843760 13.974615 -81.881250 
26.085948 15.216803 -83.131250 
26.396495 12.732427 -80.631250 
24.843760 13.974615 -81.881250


8.695316 -1.552735 -65.631250 
7.142581 -3.105470 -64.381250 
9.626957 1.242188 -68.131250 
8.695316 -1.552735 -65.631250


21.738290 -12.111333 -60.006250 
25.464854 -10.248051 -60.631250 
27.638683 -13.974615 -60.006250 
21.738290 -12.111333 -60.006250


21.738290 -12.111333 -60.006250 
27.638683 -13.974615 -60.006250 
24.843760 -13.974615 -59.381250 
21.738290 -12.111333 -60.006250


6.518382 -4.347658 -56.250000 
7.763675 -2.487481 -53.750000 
7.760570 -1.242188 -55.000000 
6.518382 -4.347658 -56.250000


7.453128 -8.384769 -60.631250 
6.521487 -5.279299 -61.881250 
7.142581 -6.832034 -61.256250 
7.453128 -8.384769 -60.631250


7.453128 -8.384769 -60.631250 
7.139476 -10.248051 -57.500000 
6.521487 -5.279299 -61.881250 
7.453128 -8.384769 -60.631250


22.359384 -3.416017 -63.756250 
18.011726 -2.794923 -64.381250 
19.875008 -1.552735 -65.006250 
22.359384 -3.416017 -63.756250


9.005863 0.307442 -45.000000 
7.450023 -4.658205 -46.875000 
9.002758 0.000000 -44.375000 
9.005863 0.307442 -45.000000


37.886734 11.800786 -46.243750 
39.439469 9.630062 -46.875000 
38.200386 12.421880 -49.375000 
37.886734 11.800786 -46.243750


13.664068 21.117196 -93.756250 
11.800786 18.632820 -93.756250 
12.111333 21.117196 -93.756250 
13.664068 21.117196 -93.756250


6.518382 -4.347658 -56.250000 
7.760570 -1.242188 -55.000000 
6.832034 -3.726564 -58.118750 
6.518382 -4.347658 -56.250000


23.291025 -4.347658 -63.131250 
27.017589 -6.835139 -62.500000 
22.669931 -9.316410 -60.631250 
23.291025 -4.347658 -63.131250


6.518382 -6.521487 -53.125000 
6.518382 -4.347658 -56.250000 
6.828929 -5.900393 -55.625000 
6.518382 -6.521487 -53.125000


7.453128 12.732427 -44.368750 
6.828929 13.353521 -52.500000 
7.142581 11.487134 -52.500000 
7.453128 12.732427 -44.368750


9.005863 0.313652 -41.875000 
9.002758 0.000000 -40.000000 
7.760570 12.111333 -43.750000 
9.005863 0.313652 -41.875000


16.458991 -10.248051 -60.631250 
15.837897 -5.279299 -62.506250 
18.322273 -5.279299 -62.506250 
16.458991 -10.248051 -60.631250


9.002758 0.000000 -40.000000 
9.005863 0.313652 -41.875000 
7.760570 -4.658205 -44.375000 
9.002758 0.000000 -40.000000


9.002758 0.000000 -40.000000 
7.760570 -4.658205 -44.375000 
8.381664 -4.658205 -38.750000 
9.002758 0.000000 -40.000000


9.313305 -5.900393 -36.250000 
11.797681 -9.005863 -33.750000 
9.937504 -4.968752 -33.118750 
9.313305 -5.900393 -36.250000


11.490239 -9.005863 -34.993750 
11.797681 -9.005863 -33.750000 
9.313305 -5.900393 -36.250000 
11.490239 -9.005863 -34.993750


6.828929 13.353521 -52.500000 
9.937504 16.151549 -50.000000 
8.695316 17.083190 -56.875000 
6.828929 13.353521 -52.500000


9.316410 -4.037111 -63.756250 
11.800786 -0.931641 -65.631250 
11.179692 -2.484376 -64.381250 
9.316410 -4.037111 -63.756250


9.316410 -4.037111 -63.756250 
8.695316 -1.552735 -65.631250 
11.800786 -0.931641 -65.631250 
9.316410 -4.037111 -63.756250


13.042974 2.794923 -69.381250 
12.421880 4.347658 -71.256250 
12.732427 6.518382 -76.250000 
13.042974 2.794923 -69.381250


13.042974 2.794923 -69.381250 
12.732427 6.518382 -76.250000 
14.595709 6.828929 -76.250000 
13.042974 2.794923 -69.381250


6.521487 -4.971857 -61.875000 
7.142581 -3.105470 -64.381250 
6.521487 -5.279299 -61.881250 
6.521487 -4.971857 -61.875000


7.142581 -6.832034 -61.256250 
6.521487 -5.279299 -61.881250 
7.142581 -3.105470 -64.381250 
7.142581 -6.832034 -61.256250


8.074222 -5.589846 -62.506250 
7.142581 -6.832034 -61.256250 
7.142581 -3.105470 -64.381250 
8.074222 -5.589846 -62.506250


4.658205 14.595709 -93.756250 
8.695316 18.325378 -93.750000 
9.316410 16.148444 -93.756250 
4.658205 14.595709 -93.756250


11.800786 -0.931641 -65.631250 
16.148444 -2.173829 -65.006250 
11.179692 -2.484376 -64.381250 
11.800786 -0.931641 -65.631250


16.148444 -2.173829 -65.006250 
19.875008 -1.552735 -65.006250 
18.011726 -2.794923 -64.381250 
16.148444 -2.173829 -65.006250


15.837897 -13.353521 -58.131250 
19.253914 -13.353521 -58.756250 
17.701179 -15.837897 -56.881250 
15.837897 -13.353521 -58.131250


16.148444 -2.173829 -65.006250 
18.011726 -2.794923 -64.381250 
15.837897 -5.279299 -62.506250 
16.148444 -2.173829 -65.006250


19.875008 -11.800786 -60.006250 
18.322273 -5.279299 -62.506250 
22.669931 -9.316410 -60.631250 
19.875008 -11.800786 -60.006250


11.800786 -0.931641 -65.631250 
12.421880 0.617989 -66.875000 
16.148444 -2.173829 -65.006250 
11.800786 -0.931641 -65.631250


16.458991 -10.248051 -60.631250 
11.490239 -10.869145 -60.006250 
13.353521 -5.279299 -62.506250 
16.458991 -10.248051 -60.631250


7.450023 -4.658205 -46.875000 
7.760570 -4.658205 -44.375000 
9.002758 0.000000 -44.375000 
7.450023 -4.658205 -46.875000


8.381664 13.664068 -36.875000 
7.760570 12.111333 -43.750000 
9.002758 0.000000 -40.000000 
8.381664 13.664068 -36.875000


11.490239 -10.869145 -60.006250 
9.316410 -4.037111 -63.756250 
13.353521 -5.279299 -62.506250 
11.490239 -10.869145 -60.006250


19.875008 -11.800786 -60.006250 
22.669931 -9.316410 -60.631250 
21.738290 -12.111333 -60.006250 
19.875008 -11.800786 -60.006250


31.986341 15.841002 -32.500000 
31.678899 16.148444 -40.000000 
30.433606 16.769538 -33.131250 
31.986341 15.841002 -32.500000


6.518382 -4.347658 -56.250000 
6.518382 -6.521487 -53.125000 
7.450023 -4.658205 -50.625000 
6.518382 -4.347658 -56.250000


7.763675 -2.487481 -53.750000 
6.518382 -4.347658 -56.250000 
7.450023 -4.658205 -50.625000 
7.763675 -2.487481 -53.750000


18.011726 -2.794923 -64.381250 
18.322273 -5.279299 -62.506250 
15.837897 -5.279299 -62.506250 
18.011726 -2.794923 -64.381250


16.148444 -2.173829 -65.006250 
13.353521 -5.279299 -62.506250 
9.316410 -4.037111 -63.756250 
16.148444 -2.173829 -65.006250


16.148444 -2.173829 -65.006250 
9.316410 -4.037111 -63.756250 
11.179692 -2.484376 -64.381250 
16.148444 -2.173829 -65.006250


15.837897 -5.279299 -62.506250 
13.353521 -5.279299 -62.506250 
16.148444 -2.173829 -65.006250 
15.837897 -5.279299 -62.506250


18.322273 -5.279299 -62.506250 
19.875008 -11.800786 -60.006250 
16.458991 -10.248051 -60.631250 
18.322273 -5.279299 -62.506250


11.800786 21.427743 -69.368750 
13.974615 20.499207 -61.875000 
14.906256 20.809754 -67.500000 
11.800786 21.427743 -69.368750


12.421880 16.766433 -91.250000 
16.148444 18.322273 -90.006250 
15.841002 16.148444 -88.125000 
12.421880 16.766433 -91.250000


14.906256 15.524245 -88.125000 
12.421880 16.766433 -91.250000 
15.841002 16.148444 -88.125000 
14.906256 15.524245 -88.125000


23.601572 22.362489 -70.000000 
26.085948 21.741395 -65.625000 
25.775401 23.294130 -72.500000 
23.601572 22.362489 -70.000000


10.869145 16.148444 -91.881250 
13.356626 14.285162 -87.500000 
9.316410 14.592604 -91.250000 
10.869145 16.148444 -91.881250


27.017589 -6.835139 -62.500000 
27.638683 -13.974615 -60.006250 
25.464854 -10.248051 -60.631250 
27.017589 -6.835139 -62.500000


15.837897 4.037111 -70.006250 
18.632820 2.484376 -67.506250 
19.875008 -1.552735 -65.006250 
15.837897 4.037111 -70.006250


15.837897 4.037111 -70.006250 
19.875008 -1.552735 -65.006250 
16.148444 -2.173829 -65.006250 
15.837897 4.037111 -70.006250


19.253914 -13.353521 -58.756250 
21.117196 -17.701179 -56.881250 
17.701179 -15.837897 -56.881250 
19.253914 -13.353521 -58.756250


22.669931 -1.552735 -65.006250 
25.464854 0.000000 -65.631250 
27.017589 -4.037111 -64.381250 
22.669931 -1.552735 -65.006250


26.707042 19.564461 -44.368750 
27.638683 19.253914 -43.756250 
28.880871 18.943367 -44.993750 
26.707042 19.564461 -44.368750


11.800786 20.188660 -62.500000 
13.974615 20.499207 -61.875000 
11.800786 21.427743 -69.368750 
11.800786 20.188660 -62.500000


5.589846 12.421880 -60.631250 
8.381664 2.173829 -63.125000 
8.071117 0.931641 -60.000000 
5.589846 12.421880 -60.631250


11.800786 21.427743 -69.368750 
14.906256 20.809754 -67.500000 
15.216803 22.359384 -71.243750 
11.800786 21.427743 -69.368750


30.123059 -4.037111 -64.381250 
36.023452 -3.726564 -65.631250 
31.675794 -5.589846 -63.756250 
30.123059 -4.037111 -64.381250


30.123059 -4.037111 -64.381250 
31.054700 -1.863282 -65.631250 
36.023452 -3.726564 -65.631250 
30.123059 -4.037111 -64.381250


8.384769 -9.005863 -44.993750 
8.695316 -6.521487 -40.618750 
8.074222 -6.210940 -43.743750 
8.384769 -9.005863 -44.993750


8.384769 -9.005863 -44.993750 
8.692211 -8.384769 -43.750000 
8.695316 -6.521487 -40.618750 
8.384769 -9.005863 -44.993750


31.054700 -16.458991 -59.381250 
27.949230 -18.322273 -57.506250 
27.949230 -15.527350 -59.381250 
31.054700 -16.458991 -59.381250


28.877766 -5.279299 -63.750000 
27.017589 -6.835139 -62.500000 
27.017589 -4.037111 -64.381250 
28.877766 -5.279299 -63.750000


45.653514 -5.279299 -31.875000 
45.342967 -3.726564 -37.500000 
43.479685 -0.621094 -34.375000 
45.653514 -5.279299 -31.875000


40.060563 -18.011726 -60.631250 
45.026210 -21.117196 -62.500000 
37.576187 -20.806649 -59.381250 
40.060563 -18.011726 -60.631250


21.738290 -12.111333 -60.006250 
22.669931 -9.316410 -60.631250 
25.464854 -10.248051 -60.631250 
21.738290 -12.111333 -60.006250


34.470717 -54.035178 -55.631250 
36.644546 -47.203144 -53.756250 
36.023452 -50.619161 -54.381250 
34.470717 -54.035178 -55.631250


34.470717 -54.035178 -55.631250 
35.402358 -47.203144 -52.506250 
36.644546 -47.203144 -53.756250 
34.470717 -54.035178 -55.631250


37.265640 -13.974615 -61.256250 
32.296888 -15.837897 -60.006250 
36.955093 -11.800786 -61.881250 
37.265640 -13.974615 -61.256250


32.296888 -15.837897 -60.006250 
31.986341 -7.763675 -63.131250 
36.955093 -11.800786 -61.881250 
32.296888 -15.837897 -60.006250


31.054700 -16.458991 -59.381250 
27.949230 -15.527350 -59.381250 
30.433606 -15.216803 -60.006250 
31.054700 -16.458991 -59.381250


6.207835 15.837897 -84.375000 
9.626957 18.946472 -86.250000 
5.279299 15.216803 -86.243750 
6.207835 15.837897 -84.375000


20.496102 -18.632820 -56.256250 
17.701179 -15.837897 -56.881250 
21.117196 -17.701179 -56.881250 
20.496102 -18.632820 -56.256250


34.470717 -54.035178 -55.631250 
36.023452 -54.035178 -56.881250 
34.470717 -57.451195 -58.131250 
34.470717 -54.035178 -55.631250


33.849623 -55.898460 -56.243750 
34.470717 -54.035178 -55.631250 
34.470717 -57.451195 -58.131250 
33.849623 -55.898460 -56.243750


43.166033 -57.764847 -51.875000 
39.439469 -57.451195 -61.256250 
43.166033 -56.519554 -61.881250 
43.166033 -57.764847 -51.875000


37.579292 10.558598 -36.875000 
39.439469 9.630062 -46.875000 
37.268745 12.111333 -45.000000 
37.579292 10.558598 -36.875000


28.567219 -32.296888 -48.125000 
22.359384 -25.778506 -48.750000 
25.775401 -27.328136 -49.381250 
28.567219 -32.296888 -48.125000


23.291025 -22.359384 -54.381250 
25.775401 -25.154307 -52.506250 
23.912119 -24.533213 -51.881250 
23.291025 -22.359384 -54.381250


28.877766 -5.279299 -63.750000 
30.123059 -4.037111 -64.381250 
31.986341 -7.763675 -63.131250 
28.877766 -5.279299 -63.750000


31.675794 -5.589846 -63.756250 
31.986341 -7.763675 -63.131250 
30.123059 -4.037111 -64.381250 
31.675794 -5.589846 -63.756250


37.576187 -51.240255 -56.256250 
34.470717 -54.035178 -55.631250 
36.023452 -50.619161 -54.381250 
37.576187 -51.240255 -56.256250


21.117196 -17.701179 -56.881250 
24.843760 -13.974615 -59.381250 
27.949230 -15.527350 -59.381250 
21.117196 -17.701179 -56.881250


21.117196 -17.701179 -56.881250 
19.253914 -13.353521 -58.756250 
21.738290 -12.111333 -60.006250 
21.117196 -17.701179 -56.881250


24.843760 -13.974615 -59.381250 
21.117196 -17.701179 -56.881250 
21.738290 -12.111333 -60.006250 
24.843760 -13.974615 -59.381250


19.875008 -11.800786 -60.006250 
21.738290 -12.111333 -60.006250 
19.253914 -13.353521 -58.756250 
19.875008 -11.800786 -60.006250


20.806649 -25.157412 -48.750000 
21.738290 -24.222666 -50.631250 
22.359384 -25.778506 -48.750000 
20.806649 -25.157412 -48.750000


24.533213 -21.117196 -55.631250 
23.291025 -22.359384 -54.381250 
21.738290 -20.496102 -55.006250 
24.533213 -21.117196 -55.631250


20.496102 -18.632820 -56.256250 
21.117196 -17.701179 -56.881250 
24.533213 -21.117196 -55.631250 
20.496102 -18.632820 -56.256250


21.738290 -20.496102 -55.006250 
20.496102 -18.632820 -56.256250 
24.533213 -21.117196 -55.631250 
21.738290 -20.496102 -55.006250


27.638683 -25.154307 -53.756250 
23.291025 -22.359384 -54.381250 
27.638683 -22.669931 -55.631250 
27.638683 -25.154307 -53.756250


23.291025 -22.359384 -54.381250 
24.533213 -21.117196 -55.631250 
27.638683 -22.669931 -55.631250 
23.291025 -22.359384 -54.381250


31.054700 -24.533213 -55.631250 
34.160170 -30.433606 -55.006250 
31.986341 -28.259777 -54.381250 
31.054700 -24.533213 -55.631250


29.812512 -30.433606 -51.256250 
28.567219 -32.296888 -48.125000 
25.775401 -27.328136 -49.381250 
29.812512 -30.433606 -51.256250


28.570324 -35.091811 -38.743750 
30.430501 -36.955093 -34.375000 
23.601572 -24.846865 -36.875000 
28.570324 -35.091811 -38.743750


38.818375 -27.638683 -58.131250 
37.883629 -31.365247 -56.250000 
37.886734 -27.641788 -57.500000 
38.818375 -27.638683 -58.131250


38.200386 12.421880 -49.375000 
39.439469 9.630062 -46.875000 
40.063668 9.005863 -47.500000 
38.200386 12.421880 -49.375000


27.638683 -25.154307 -53.756250 
31.054700 -29.191418 -53.131250 
29.812512 -30.433606 -51.256250 
27.638683 -25.154307 -53.756250


31.675794 -43.476580 -48.131250 
33.228529 -46.582050 -50.006250 
30.744153 -46.892597 -46.868750 
31.675794 -43.476580 -48.131250


30.119954 -45.960956 -45.625000 
28.877766 -40.371110 -45.000000 
29.809407 -42.855486 -46.250000 
30.119954 -45.960956 -45.625000


20.806649 -21.738290 -53.131250 
23.291025 -22.359384 -54.381250 
21.738290 -24.222666 -50.631250 
20.806649 -21.738290 -53.131250


23.912119 -24.533213 -51.881250 
21.738290 -24.222666 -50.631250 
23.291025 -22.359384 -54.381250 
23.912119 -24.533213 -51.881250


29.812512 -30.433606 -51.256250 
25.775401 -25.154307 -52.506250 
27.638683 -25.154307 -53.756250 
29.812512 -30.433606 -51.256250


36.644546 -53.724631 -49.368750 
32.914877 -52.792990 -52.500000 
36.644546 -55.587913 -51.243750 
36.644546 -53.724631 -49.368750


22.359384 -25.778506 -48.750000 
21.738290 -24.222666 -50.631250 
23.912119 -24.533213 -51.881250 
22.359384 -25.778506 -48.750000


31.365247 -34.160170 -50.631250 
31.362142 -35.712905 -50.000000 
30.123059 -34.781264 -48.756250 
31.365247 -34.160170 -50.631250


23.291025 -22.359384 -54.381250 
27.638683 -25.154307 -53.756250 
25.775401 -25.154307 -52.506250 
23.291025 -22.359384 -54.381250


29.812512 -30.433606 -51.256250 
23.912119 -24.533213 -51.881250 
25.775401 -25.154307 -52.506250 
29.812512 -30.433606 -51.256250


29.812512 -30.433606 -51.256250 
25.775401 -27.328136 -49.381250 
23.912119 -24.533213 -51.881250 
29.812512 -30.433606 -51.256250


25.775401 -27.328136 -49.381250 
22.359384 -25.778506 -48.750000 
23.912119 -24.533213 -51.881250 
25.775401 -27.328136 -49.381250


20.496102 -22.980478 -43.118750 
22.048837 -24.533213 -44.993750 
23.909014 -26.085948 -43.750000 
20.496102 -22.980478 -43.118750


43.166033 -56.519554 -61.881250 
45.029315 -55.277366 -62.506250 
46.892597 -54.966819 -62.506250 
43.166033 -56.519554 -61.881250


43.166033 -56.519554 -61.881250 
46.892597 -54.966819 -62.506250 
46.271503 -54.969924 -56.250000 
43.166033 -56.519554 -61.881250


14.906256 -12.111333 -31.868750 
17.076980 -12.732427 -30.000000 
16.148444 -9.316410 -26.243750 
14.906256 -12.111333 -31.868750


28.259777 -36.955093 -44.993750 
28.567219 -32.296888 -48.125000 
30.123059 -34.781264 -48.756250 
28.259777 -36.955093 -44.993750


40.371110 -40.681657 -40.618750 
42.544939 -42.544939 -41.868750 
41.613298 -37.886734 -39.368750 
40.371110 -40.681657 -40.618750


31.362142 -35.712905 -50.000000 
33.846518 -39.439469 -51.250000 
32.293783 -40.060563 -49.375000 
31.362142 -35.712905 -50.000000


31.362142 -35.712905 -50.000000 
32.293783 -40.060563 -49.375000 
31.054700 -37.265640 -48.756250 
31.362142 -35.712905 -50.000000


29.191418 -38.507828 -39.368750 
28.570324 -35.091811 -38.743750 
28.259777 -36.955093 -44.993750 
29.191418 -38.507828 -39.368750


22.048837 -24.533213 -44.993750 
20.806649 -25.157412 -48.750000 
23.909014 -26.085948 -43.750000 
22.048837 -24.533213 -44.993750


21.738290 -24.222666 -50.631250 
20.806649 -25.157412 -48.750000 
18.322273 -23.601572 -49.368750 
21.738290 -24.222666 -50.631250


16.148444 -18.322273 -54.381250 
20.496102 -18.632820 -56.256250 
18.322273 -20.496102 -53.131250 
16.148444 -18.322273 -54.381250


33.849623 16.148444 -44.993750 
33.849623 16.462096 -48.125000 
31.675794 17.701179 -44.381250 
33.849623 16.148444 -44.993750


31.986341 17.393737 -48.750000 
31.675794 17.701179 -44.381250 
33.849623 16.462096 -48.125000 
31.986341 17.393737 -48.750000


15.216803 -20.806649 -47.493750 
18.632820 -22.362489 -45.000000 
18.632820 -21.427743 -43.131250 
15.216803 -20.806649 -47.493750


21.738290 -20.496102 -55.006250 
20.806649 -21.738290 -53.131250 
18.322273 -20.496102 -53.131250 
21.738290 -20.496102 -55.006250


23.909014 -26.085948 -43.750000 
23.601572 -24.846865 -36.875000 
21.427743 -23.291025 -36.243750 
23.909014 -26.085948 -43.750000


8.381664 -0.621094 -48.125000 
7.450023 -4.658205 -50.625000 
7.450023 -4.658205 -46.875000 
8.381664 -0.621094 -48.125000


8.384769 -1.239083 -49.375000 
7.450023 -4.658205 -50.625000 
8.381664 -0.621094 -48.125000 
8.384769 -1.239083 -49.375000


8.384769 -1.239083 -49.375000 
7.763675 -2.487481 -53.750000 
7.450023 -4.658205 -50.625000 
8.384769 -1.239083 -49.375000


8.381664 1.242188 -53.125000 
8.384769 -1.239083 -49.375000 
8.381664 -0.621094 -48.125000 
8.381664 1.242188 -53.125000


12.108228 -7.763675 -30.625000 
11.797681 -9.005863 -33.750000 
13.353521 -11.490239 -33.118750 
12.108228 -7.763675 -30.625000


11.179692 -16.458991 -53.756250 
12.421880 -15.216803 -55.631250 
16.148444 -18.322273 -54.381250 
11.179692 -16.458991 -53.756250


11.800786 17.083190 -40.625000 
11.800786 17.390632 -43.743750 
11.490239 17.080085 -43.131250 
11.800786 17.083190 -40.625000


14.285162 18.946472 -42.500000 
11.800786 17.390632 -43.743750 
11.800786 17.083190 -40.625000 
14.285162 18.946472 -42.500000


9.316410 14.592604 -91.250000 
7.766780 12.732427 -90.625000 
5.900393 12.421880 -93.756250 
9.316410 14.592604 -91.250000


36.023452 -54.035178 -56.881250 
34.470717 -54.035178 -55.631250 
37.576187 -51.240255 -56.256250 
36.023452 -54.035178 -56.881250


8.381664 -0.621094 -48.125000 
7.453128 12.732427 -44.368750 
7.142581 11.487134 -52.500000 
8.381664 -0.621094 -48.125000


8.381664 -0.621094 -48.125000 
9.313305 2.173829 -45.000000 
7.453128 12.732427 -44.368750 
8.381664 -0.621094 -48.125000


7.450023 -4.658205 -46.875000 
7.142581 -7.142581 -50.618750 
8.071117 -7.763675 -47.500000 
7.450023 -4.658205 -46.875000


7.760570 -4.658205 -44.375000 
7.450023 -4.658205 -46.875000 
8.074222 -6.210940 -43.743750 
7.760570 -4.658205 -44.375000


7.760570 -4.658205 -44.375000 
8.074222 -6.210940 -43.743750 
8.381664 -4.658205 -38.750000 
7.760570 -4.658205 -44.375000


8.695316 -6.521487 -40.618750 
8.381664 -4.658205 -38.750000 
8.074222 -6.210940 -43.743750 
8.695316 -6.521487 -40.618750


8.381664 -0.621094 -48.125000 
7.450023 -4.658205 -46.875000 
9.005863 0.307442 -45.000000 
8.381664 -0.621094 -48.125000


17.701179 -19.257019 -35.625000 
19.253914 -21.120301 -40.625000 
20.182450 -22.359384 -36.250000 
17.701179 -19.257019 -35.625000


7.450023 -4.658205 -50.625000 
6.518382 -6.521487 -53.125000 
7.450023 -4.658205 -46.875000 
7.450023 -4.658205 -50.625000


7.142581 -7.142581 -50.618750 
7.450023 -4.658205 -46.875000 
6.518382 -6.521487 -53.125000 
7.142581 -7.142581 -50.618750


8.384769 -9.005863 -44.993750 
10.558598 -10.558598 -40.618750 
9.934399 -9.316410 -41.250000 
8.384769 -9.005863 -44.993750


10.558598 -10.558598 -40.618750 
8.384769 -9.005863 -44.993750 
10.558598 -12.732427 -44.993750 
10.558598 -10.558598 -40.618750


11.490239 -6.210940 -30.631250 
13.042974 -4.968752 -25.618750 
8.074222 0.931641 -15.631250 
11.490239 -6.210940 -30.631250


9.937504 -4.968752 -33.118750 
11.490239 -6.210940 -30.631250 
8.074222 0.931641 -15.631250 
9.937504 -4.968752 -33.118750


7.450023 -4.658205 -46.875000 
8.071117 -7.763675 -47.500000 
8.384769 -9.005863 -44.993750 
7.450023 -4.658205 -46.875000


7.450023 -4.658205 -46.875000 
8.384769 -9.005863 -44.993750 
8.074222 -6.210940 -43.743750 
7.450023 -4.658205 -46.875000


11.179692 -16.458991 -53.756250 
16.148444 -18.322273 -54.381250 
12.732427 -18.943367 -51.868750 
11.179692 -16.458991 -53.756250


14.906256 -18.632820 -53.131250 
12.732427 -18.943367 -51.868750 
16.148444 -18.322273 -54.381250 
14.906256 -18.632820 -53.131250


9.937504 -16.769538 -53.131250 
11.179692 -16.458991 -53.756250 
12.732427 -18.943367 -51.868750 
9.937504 -16.769538 -53.131250


13.974615 -17.701179 -44.993750 
13.974615 -20.185555 -50.618750 
15.216803 -20.806649 -47.493750 
13.974615 -17.701179 -44.993750


10.558598 -12.732427 -44.993750 
12.732427 -15.837897 -46.243750 
13.974615 -17.701179 -44.993750 
10.558598 -12.732427 -44.993750


12.421880 -15.216803 -55.631250 
11.179692 -16.458991 -53.756250 
9.937504 -16.769538 -53.131250 
12.421880 -15.216803 -55.631250


10.869145 -13.353521 -56.256250 
12.421880 -15.216803 -55.631250 
9.937504 -16.769538 -53.131250 
10.869145 -13.353521 -56.256250


8.381664 -13.664068 -54.375000 
8.692211 -12.732427 -55.625000 
9.937504 -16.769538 -53.131250 
8.381664 -13.664068 -54.375000


10.869145 -13.353521 -56.256250 
9.937504 -16.769538 -53.131250 
8.692211 -12.732427 -55.625000 
10.869145 -13.353521 -56.256250


12.732427 -18.943367 -51.868750 
13.974615 -20.185555 -50.618750 
9.937504 -16.769538 -53.131250 
12.732427 -18.943367 -51.868750


11.176587 13.974615 -13.750000 
11.176587 13.974615 -6.250000 
12.421880 16.151549 -10.625000 
11.176587 13.974615 -13.750000


8.381664 -13.664068 -54.375000 
9.934399 -13.042974 -48.125000 
8.384769 -10.869145 -52.493750 
8.381664 -13.664068 -54.375000


8.384769 -10.869145 -52.493750 
8.384769 -9.005863 -44.993750 
8.381664 -9.316410 -50.625000 
8.384769 -10.869145 -52.493750


8.384769 -10.869145 -52.493750 
9.934399 -13.042974 -48.125000 
8.384769 -9.005863 -44.993750 
8.384769 -10.869145 -52.493750


8.384769 -9.005863 -44.993750 
7.142581 -7.142581 -50.618750 
8.381664 -9.316410 -50.625000 
8.384769 -9.005863 -44.993750


8.071117 -7.763675 -47.500000 
7.142581 -7.142581 -50.618750 
8.384769 -9.005863 -44.993750 
8.071117 -7.763675 -47.500000


28.567219 -32.296888 -48.125000 
20.806649 -25.157412 -48.750000 
22.359384 -25.778506 -48.750000 
28.567219 -32.296888 -48.125000


28.567219 -32.296888 -48.125000 
28.259777 -36.955093 -44.993750 
20.806649 -25.157412 -48.750000 
28.567219 -32.296888 -48.125000


15.216803 -20.806649 -47.493750 
13.974615 -20.185555 -50.618750 
15.834792 -22.359384 -50.000000 
15.216803 -20.806649 -47.493750


20.496102 -18.632820 -56.256250 
21.738290 -20.496102 -55.006250 
18.322273 -20.496102 -53.131250 
20.496102 -18.632820 -56.256250


20.806649 -21.738290 -53.131250 
21.738290 -24.222666 -50.631250 
18.322273 -23.601572 -49.368750 
20.806649 -21.738290 -53.131250


15.834792 -22.359384 -50.000000 
20.806649 -21.738290 -53.131250 
18.322273 -23.601572 -49.368750 
15.834792 -22.359384 -50.000000


12.732427 -15.837897 -46.243750 
9.937504 -16.769538 -53.131250 
13.974615 -17.701179 -44.993750 
12.732427 -15.837897 -46.243750


45.026210 -45.960956 -58.750000 
44.097674 -49.687520 -59.381250 
43.476580 -47.203144 -58.131250 
45.026210 -45.960956 -58.750000


15.834792 -22.359384 -50.000000 
18.322273 -20.496102 -53.131250 
20.806649 -21.738290 -53.131250 
15.834792 -22.359384 -50.000000


15.834792 -22.359384 -50.000000 
16.148444 -18.322273 -54.381250 
18.322273 -20.496102 -53.131250 
15.834792 -22.359384 -50.000000


15.834792 -22.359384 -50.000000 
14.906256 -18.632820 -53.131250 
16.148444 -18.322273 -54.381250 
15.834792 -22.359384 -50.000000


8.384769 -9.005863 -44.993750 
9.934399 -9.316410 -41.250000 
8.692211 -8.384769 -43.750000 
8.384769 -9.005863 -44.993750


15.216803 -20.806649 -47.493750 
15.834792 -22.359384 -50.000000 
17.701179 -22.359384 -47.506250 
15.216803 -20.806649 -47.493750


18.322273 -23.601572 -49.368750 
17.701179 -22.359384 -47.506250 
15.834792 -22.359384 -50.000000 
18.322273 -23.601572 -49.368750


20.806649 -25.157412 -48.750000 
22.048837 -24.533213 -44.993750 
18.632820 -22.362489 -45.000000 
20.806649 -25.157412 -48.750000


17.701179 -22.359384 -47.506250 
18.322273 -23.601572 -49.368750 
18.632820 -22.362489 -45.000000 
17.701179 -22.359384 -47.506250


20.806649 -25.157412 -48.750000 
18.632820 -22.362489 -45.000000 
18.322273 -23.601572 -49.368750 
20.806649 -25.157412 -48.750000


15.216803 -20.806649 -47.493750 
14.595709 -17.701179 -43.756250 
13.974615 -17.701179 -44.993750 
15.216803 -20.806649 -47.493750


18.632820 -22.362489 -45.000000 
15.216803 -20.806649 -47.493750 
17.701179 -22.359384 -47.506250 
18.632820 -22.362489 -45.000000


13.974615 -17.701179 -44.993750 
12.111333 -13.974615 -40.631250 
10.558598 -12.732427 -44.993750 
13.974615 -17.701179 -44.993750


12.732427 -2.798028 -11.875000 
17.701179 -3.416017 -12.493750 
18.322273 -2.484376 -11.243750 
12.732427 -2.798028 -11.875000


23.909014 -26.085948 -43.750000 
21.427743 -23.291025 -36.243750 
20.496102 -22.980478 -43.118750 
23.909014 -26.085948 -43.750000


10.558598 -10.558598 -40.618750 
10.558598 -12.732427 -44.993750 
12.111333 -13.974615 -40.631250 
10.558598 -10.558598 -40.618750


14.595709 -17.701179 -43.756250 
15.216803 -20.806649 -47.493750 
18.632820 -21.427743 -43.131250 
14.595709 -17.701179 -43.756250


14.903151 -15.216803 -35.625000 
12.111333 -13.974615 -40.631250 
17.701179 -19.257019 -35.625000 
14.903151 -15.216803 -35.625000


12.111333 -13.974615 -40.631250 
14.595709 -17.701179 -43.756250 
17.701179 -19.257019 -35.625000 
12.111333 -13.974615 -40.631250


10.248051 -2.173829 -33.743750 
8.074222 0.931641 -15.631250 
11.179692 1.552735 -33.743750 
10.248051 -2.173829 -33.743750


10.558598 -10.558598 -40.618750 
9.313305 -5.900393 -36.250000 
8.695316 -6.521487 -40.618750 
10.558598 -10.558598 -40.618750


10.248051 -0.931641 -16.256250 
11.179692 -1.863282 -14.381250 
9.626957 -1.866387 -11.250000 
10.248051 -0.931641 -16.256250


8.695316 -6.521487 -40.618750 
9.934399 -9.316410 -41.250000 
10.558598 -10.558598 -40.618750 
8.695316 -6.521487 -40.618750


8.695316 -6.521487 -40.618750 
8.692211 -8.384769 -43.750000 
9.934399 -9.316410 -41.250000 
8.695316 -6.521487 -40.618750


17.701179 -19.257019 -35.625000 
18.632820 -21.427743 -43.131250 
19.253914 -21.120301 -40.625000 
17.701179 -19.257019 -35.625000


14.595709 -17.701179 -43.756250 
18.632820 -21.427743 -43.131250 
17.701179 -19.257019 -35.625000 
14.595709 -17.701179 -43.756250


14.903151 -15.216803 -35.625000 
17.701179 -19.257019 -35.625000 
17.076980 -16.458991 -33.125000 
14.903151 -15.216803 -35.625000


29.188313 -40.371110 -41.250000 
29.191418 -38.507828 -39.368750 
28.259777 -36.955093 -44.993750 
29.188313 -40.371110 -41.250000


19.253914 -21.120301 -40.625000 
18.632820 -21.427743 -43.131250 
20.182450 -22.359384 -36.250000 
19.253914 -21.120301 -40.625000


18.632820 -21.427743 -43.131250 
18.632820 -22.362489 -45.000000 
20.182450 -22.359384 -36.250000 
18.632820 -21.427743 -43.131250


20.496102 -22.980478 -43.118750 
20.182450 -22.359384 -36.250000 
18.632820 -22.362489 -45.000000 
20.496102 -22.980478 -43.118750


21.427743 -23.291025 -36.243750 
28.877766 -27.949230 -33.125000 
24.533213 -23.601572 -34.368750 
21.427743 -23.291025 -36.243750


29.191418 -38.507828 -39.368750 
29.188313 -40.371110 -41.250000 
30.123059 -41.613298 -39.993750 
29.191418 -38.507828 -39.368750


28.259777 -36.955093 -44.993750 
28.877766 -40.371110 -45.000000 
29.188313 -40.371110 -41.250000 
28.259777 -36.955093 -44.993750


23.601572 -24.846865 -36.875000 
23.909014 -26.085948 -43.750000 
28.570324 -35.091811 -38.743750 
23.601572 -24.846865 -36.875000


30.123059 -41.613298 -39.993750 
33.228529 -40.681657 -39.993750 
30.744153 -38.818375 -36.868750 
30.123059 -41.613298 -39.993750


45.032420 1.552735 -52.500000 
45.032420 -0.310547 -49.375000 
46.274608 -0.931641 -53.125000 
45.032420 1.552735 -52.500000


41.923845 -50.308614 -46.243750 
39.750016 -51.550802 -46.868750 
42.234392 -54.035178 -48.118750 
41.923845 -50.308614 -46.243750


10.248051 -0.931641 -16.256250 
4.658205 0.931641 -11.256250 
8.074222 0.931641 -15.631250 
10.248051 -0.931641 -16.256250


9.626957 -1.866387 -11.250000 
4.658205 0.931641 -11.256250 
10.248051 -0.931641 -16.256250 
9.626957 -1.866387 -11.250000


4.658205 0.931641 -11.256250 
6.210940 1.552735 -12.506250 
8.074222 0.931641 -15.631250 
4.658205 0.931641 -11.256250


28.877766 -27.949230 -33.125000 
27.949230 -23.912119 -31.868750 
23.291025 -22.048837 -33.118750 
28.877766 -27.949230 -33.125000


28.877766 -27.949230 -33.125000 
23.291025 -22.048837 -33.118750 
24.533213 -23.601572 -34.368750 
28.877766 -27.949230 -33.125000


23.909014 -26.085948 -43.750000 
28.259777 -36.955093 -44.993750 
28.570324 -35.091811 -38.743750 
23.909014 -26.085948 -43.750000


20.182450 -22.359384 -36.250000 
21.427743 -23.291025 -36.243750 
21.738290 -21.738290 -34.368750 
20.182450 -22.359384 -36.250000


17.076980 -16.458991 -33.125000 
19.875008 -17.083190 -31.875000 
18.322273 -15.837897 -31.868750 
17.076980 -16.458991 -33.125000


23.291025 -22.048837 -33.118750 
21.427743 -20.496102 -33.118750 
21.738290 -21.738290 -34.368750 
23.291025 -22.048837 -33.118750


21.427743 -23.291025 -36.243750 
23.601572 -24.846865 -36.875000 
30.123059 -30.744153 -32.493750 
21.427743 -23.291025 -36.243750


28.877766 -27.949230 -33.125000 
21.427743 -23.291025 -36.243750 
30.123059 -30.744153 -32.493750 
28.877766 -27.949230 -33.125000


30.123059 -30.744153 -32.493750 
31.054700 -28.570324 -31.243750 
27.949230 -23.912119 -31.868750 
30.123059 -30.744153 -32.493750


30.123059 -30.744153 -32.493750 
27.949230 -23.912119 -31.868750 
28.877766 -27.949230 -33.125000 
30.123059 -30.744153 -32.493750


25.154307 -14.285162 -25.618750 
23.291025 -22.048837 -33.118750 
27.949230 -23.912119 -31.868750 
25.154307 -14.285162 -25.618750


18.011726 -10.558598 -26.868750 
16.148444 -9.316410 -26.243750 
17.076980 -12.732427 -30.000000 
18.011726 -10.558598 -26.868750


17.076980 -16.458991 -33.125000 
17.701179 -19.257019 -35.625000 
18.632820 -18.632820 -34.368750 
17.076980 -16.458991 -33.125000


20.182450 -22.359384 -36.250000 
21.738290 -21.738290 -34.368750 
21.427743 -20.496102 -33.118750 
20.182450 -22.359384 -36.250000


17.076980 -12.732427 -30.000000 
14.906256 -12.111333 -31.868750 
17.076980 -16.458991 -33.125000 
17.076980 -12.732427 -30.000000


17.076980 -12.732427 -30.000000 
17.076980 -16.458991 -33.125000 
18.322273 -15.837897 -31.868750 
17.076980 -12.732427 -30.000000


23.287920 -13.664068 -26.250000 
25.154307 -14.285162 -25.618750 
21.738290 -12.114438 -25.625000 
23.287920 -13.664068 -26.250000


17.076980 -16.458991 -33.125000 
18.632820 -18.632820 -34.368750 
21.427743 -20.496102 -33.118750 
17.076980 -16.458991 -33.125000


19.875008 -17.083190 -31.875000 
17.076980 -16.458991 -33.125000 
21.427743 -20.496102 -33.118750 
19.875008 -17.083190 -31.875000


21.738290 -12.114438 -25.625000 
25.154307 -14.285162 -25.618750 
19.564461 -10.248051 -24.368750 
21.738290 -12.114438 -25.625000


25.154307 -14.285162 -25.618750 
19.564461 -9.005863 -23.118750 
19.564461 -10.248051 -24.368750 
25.154307 -14.285162 -25.618750


25.154307 -14.285162 -25.618750 
23.291025 -10.248051 -23.743750 
19.564461 -9.005863 -23.118750 
25.154307 -14.285162 -25.618750


13.664068 -8.074222 -28.118750 
14.906256 -12.111333 -31.868750 
16.148444 -9.316410 -26.243750 
13.664068 -8.074222 -28.118750


19.564461 -10.248051 -24.368750 
18.011726 -10.558598 -26.868750 
17.076980 -12.732427 -30.000000 
19.564461 -10.248051 -24.368750


19.564461 -10.248051 -24.368750 
17.076980 -12.732427 -30.000000 
18.322273 -15.837897 -31.868750 
19.564461 -10.248051 -24.368750


19.564461 -10.248051 -24.368750 
18.322273 -15.837897 -31.868750 
21.738290 -12.114438 -25.625000 
19.564461 -10.248051 -24.368750


14.903151 -15.216803 -35.625000 
17.076980 -16.458991 -33.125000 
13.353521 -11.490239 -33.118750 
14.903151 -15.216803 -35.625000


14.906256 -12.111333 -31.868750 
13.353521 -11.490239 -33.118750 
17.076980 -16.458991 -33.125000 
14.906256 -12.111333 -31.868750


14.903151 -15.216803 -35.625000 
13.353521 -11.490239 -33.118750 
12.111333 -13.974615 -40.631250 
14.903151 -15.216803 -35.625000


23.287920 -13.664068 -26.250000 
19.875008 -17.083190 -31.875000 
21.427743 -20.496102 -33.118750 
23.287920 -13.664068 -26.250000


21.738290 -12.114438 -25.625000 
18.322273 -15.837897 -31.868750 
19.875008 -17.083190 -31.875000 
21.738290 -12.114438 -25.625000


23.287920 -13.664068 -26.250000 
21.738290 -12.114438 -25.625000 
19.875008 -17.083190 -31.875000 
23.287920 -13.664068 -26.250000


23.287920 -13.664068 -26.250000 
21.427743 -20.496102 -33.118750 
25.154307 -14.285162 -25.618750 
23.287920 -13.664068 -26.250000


15.527350 20.809754 -56.875000 
11.800786 18.946472 -55.625000 
13.974615 19.567566 -55.000000 
15.527350 20.809754 -56.875000


17.701179 -19.257019 -35.625000 
20.182450 -22.359384 -36.250000 
21.427743 -20.496102 -33.118750 
17.701179 -19.257019 -35.625000


18.632820 -18.632820 -34.368750 
17.701179 -19.257019 -35.625000 
21.427743 -20.496102 -33.118750 
18.632820 -18.632820 -34.368750


16.148444 -9.316410 -26.243750 
18.011726 -10.558598 -26.868750 
19.564461 -10.248051 -24.368750 
16.148444 -9.316410 -26.243750


14.906256 -12.111333 -31.868750 
13.664068 -8.074222 -28.118750 
13.353521 -11.490239 -33.118750 
14.906256 -12.111333 -31.868750


30.123059 -30.744153 -32.493750 
23.601572 -24.846865 -36.875000 
30.430501 -36.955093 -34.375000 
30.123059 -30.744153 -32.493750


17.701179 -3.416017 -12.493750 
14.285162 -3.108575 -16.250000 
19.564461 -9.005863 -23.118750 
17.701179 -3.416017 -12.493750


13.042974 -4.968752 -25.618750 
15.216803 -7.763675 -25.618750 
14.595709 -5.589846 -23.743750 
13.042974 -4.968752 -25.618750


14.595709 -5.589846 -23.743750 
15.216803 -7.763675 -25.618750 
14.285162 -3.108575 -16.250000 
14.595709 -5.589846 -23.743750


14.285162 -3.108575 -16.250000 
12.732427 -2.798028 -11.875000 
11.179692 -1.863282 -14.381250 
14.285162 -3.108575 -16.250000


12.732427 -2.798028 -11.875000 
14.285162 -3.108575 -16.250000 
17.701179 -3.416017 -12.493750 
12.732427 -2.798028 -11.875000


13.664068 -8.074222 -28.118750 
16.148444 -9.316410 -26.243750 
15.216803 -7.763675 -25.618750 
13.664068 -8.074222 -28.118750


15.216803 -7.763675 -25.618750 
13.042974 -4.968752 -25.618750 
13.664068 -8.074222 -28.118750 
15.216803 -7.763675 -25.618750


18.322273 5.586741 -5.625000 
22.048837 6.210940 -5.618750 
18.943367 8.074222 -4.368750 
18.322273 5.586741 -5.625000


26.707042 4.347658 -7.493750 
22.048837 6.210940 -5.618750 
27.638683 -1.242188 -9.993750 
26.707042 4.347658 -7.493750


21.117196 -4.347658 -13.743750 
18.322273 -2.484376 -11.243750 
17.701179 -3.416017 -12.493750 
21.117196 -4.347658 -13.743750


18.322273 -2.484376 -11.243750 
22.669931 -1.863282 -11.243750 
18.322273 5.586741 -5.625000 
18.322273 -2.484376 -11.243750


11.179692 -1.863282 -14.381250 
14.595709 -5.589846 -23.743750 
14.285162 -3.108575 -16.250000 
11.179692 -1.863282 -14.381250


10.248051 -0.931641 -16.256250 
14.595709 -5.589846 -23.743750 
11.179692 -1.863282 -14.381250 
10.248051 -0.931641 -16.256250


16.148444 -9.316410 -26.243750 
19.564461 -9.005863 -23.118750 
14.285162 -3.108575 -16.250000 
16.148444 -9.316410 -26.243750


15.216803 -7.763675 -25.618750 
16.148444 -9.316410 -26.243750 
14.285162 -3.108575 -16.250000 
15.216803 -7.763675 -25.618750


13.042974 -4.968752 -25.618750 
14.595709 -5.589846 -23.743750 
10.248051 -0.931641 -16.256250 
13.042974 -4.968752 -25.618750


24.843760 -4.347658 -13.743750 
27.017589 -3.729669 -13.125000 
26.707042 -2.794923 -11.243750 
24.843760 -4.347658 -13.743750


29.501965 9.316410 -5.618750 
25.154307 10.248051 -3.743750 
26.085948 9.005863 -4.993750 
29.501965 9.316410 -5.618750


29.501965 9.316410 -5.618750 
27.328136 11.800786 -3.743750 
25.154307 10.248051 -3.743750 
29.501965 9.316410 -5.618750


26.707042 4.347658 -7.493750 
29.191418 5.900393 -7.493750 
29.501965 9.316410 -5.618750 
26.707042 4.347658 -7.493750


26.707042 4.347658 -7.493750 
29.501965 9.316410 -5.618750 
26.085948 9.005863 -4.993750 
26.707042 4.347658 -7.493750


22.669931 -1.863282 -11.243750 
18.322273 -2.484376 -11.243750 
21.117196 -4.347658 -13.743750 
22.669931 -1.863282 -11.243750


26.707042 -2.794923 -11.243750 
27.017589 -3.729669 -13.125000 
29.812512 -2.176934 -13.750000 
26.707042 -2.794923 -11.243750


21.117196 -4.347658 -13.743750 
23.291025 -10.248051 -23.743750 
24.843760 -4.347658 -13.743750 
21.117196 -4.347658 -13.743750


25.154307 -14.285162 -25.618750 
27.017589 -3.729669 -13.125000 
24.843760 -4.347658 -13.743750 
25.154307 -14.285162 -25.618750


24.843760 -4.347658 -13.743750 
23.291025 -10.248051 -23.743750 
25.154307 -14.285162 -25.618750 
24.843760 -4.347658 -13.743750


26.707042 4.347658 -7.493750 
23.601572 8.384769 -4.368750 
22.048837 6.210940 -5.618750 
26.707042 4.347658 -7.493750


30.119954 -45.960956 -45.625000 
32.607435 -43.476580 -42.493750 
30.123059 -41.613298 -39.993750 
30.119954 -45.960956 -45.625000


30.119954 -45.960956 -45.625000 
30.123059 -41.613298 -39.993750 
30.119954 -42.855486 -42.500000 
30.119954 -45.960956 -45.625000


22.048837 6.210940 -5.618750 
18.322273 5.586741 -5.625000 
22.669931 -1.863282 -11.243750 
22.048837 6.210940 -5.618750


26.707042 -2.794923 -11.243750 
27.638683 -1.242188 -9.993750 
22.669931 -1.863282 -11.243750 
26.707042 -2.794923 -11.243750


34.781264 0.310547 -14.368750 
29.812512 -2.176934 -13.750000 
33.849623 -0.931641 -15.618750 
34.781264 0.310547 -14.368750


31.675794 -1.555840 -15.000000 
33.849623 -0.931641 -15.618750 
29.812512 -2.176934 -13.750000 
31.675794 -1.555840 -15.000000


18.322273 -2.484376 -11.243750 
18.322273 5.586741 -5.625000 
12.732427 -2.798028 -11.875000 
18.322273 -2.484376 -11.243750


30.744153 13.977720 -8.125000 
31.365247 13.356626 -5.625000 
34.160170 11.803891 -10.000000 
30.744153 13.977720 -8.125000


28.570324 18.946472 -41.875000 
27.638683 18.014831 -37.500000 
30.433606 16.769538 -33.131250 
28.570324 18.946472 -41.875000


31.678899 16.148444 -40.000000 
28.570324 18.946472 -41.875000 
30.433606 16.769538 -33.131250 
31.678899 16.148444 -40.000000


16.148444 -2.173829 -65.006250 
13.042974 2.794923 -69.381250 
15.837897 4.037111 -70.006250 
16.148444 -2.173829 -65.006250


11.179692 1.552735 -33.743750 
9.002758 13.664068 -28.750000 
9.937504 12.108228 -31.250000 
11.179692 1.552735 -33.743750


10.558598 15.841002 -36.875000 
11.179692 16.462096 -31.250000 
13.042974 17.704284 -31.875000 
10.558598 15.841002 -36.875000


9.313305 -0.931641 -37.500000 
10.248051 -2.173829 -33.743750 
11.179692 1.552735 -33.743750 
9.313305 -0.931641 -37.500000


9.313305 -0.931641 -37.500000 
9.626957 -1.860177 -36.250000 
10.248051 -2.173829 -33.743750 
9.313305 -0.931641 -37.500000


8.692211 -3.416017 -37.500000 
8.381664 -4.658205 -38.750000 
9.313305 -5.900393 -36.250000 
8.692211 -3.416017 -37.500000


8.695316 -6.521487 -40.618750 
9.313305 -5.900393 -36.250000 
8.381664 -4.658205 -38.750000 
8.695316 -6.521487 -40.618750


10.555493 14.595709 -23.750000 
9.002758 13.664068 -28.750000 
9.934399 13.042974 -26.250000 
10.555493 14.595709 -23.750000


18.011726 11.800786 -1.868750 
18.943367 8.074222 -4.368750 
21.427743 9.937504 -3.743750 
18.011726 11.800786 -1.868750


12.108228 -7.763675 -30.625000 
9.937504 -4.968752 -33.118750 
11.797681 -9.005863 -33.750000 
12.108228 -7.763675 -30.625000


12.108228 -7.763675 -30.625000 
11.490239 -6.210940 -30.631250 
9.937504 -4.968752 -33.118750 
12.108228 -7.763675 -30.625000


9.937504 -4.968752 -33.118750 
8.074222 0.931641 -15.631250 
10.248051 -2.173829 -33.743750 
9.937504 -4.968752 -33.118750


10.248051 -2.173829 -33.743750 
8.692211 -3.416017 -37.500000 
9.937504 -4.968752 -33.118750 
10.248051 -2.173829 -33.743750


10.248051 -2.173829 -33.743750 
9.626957 -1.860177 -36.250000 
8.692211 -3.416017 -37.500000 
10.248051 -2.173829 -33.743750


8.692211 -3.416017 -37.500000 
9.313305 -5.900393 -36.250000 
9.937504 -4.968752 -33.118750 
8.692211 -3.416017 -37.500000


8.692211 -3.416017 -37.500000 
9.626957 -1.860177 -36.250000 
9.313305 -0.931641 -37.500000 
8.692211 -3.416017 -37.500000


10.248051 -0.931641 -16.256250 
8.074222 0.931641 -15.631250 
13.042974 -4.968752 -25.618750 
10.248051 -0.931641 -16.256250


9.313305 -0.931641 -37.500000 
9.002758 0.000000 -40.000000 
8.692211 -3.416017 -37.500000 
9.313305 -0.931641 -37.500000


8.381664 -4.658205 -38.750000 
8.692211 -3.416017 -37.500000 
9.002758 0.000000 -40.000000 
8.381664 -4.658205 -38.750000


33.228529 6.521487 -8.118750 
37.886734 5.900393 -8.118750 
30.123059 7.453128 -6.868750 
33.228529 6.521487 -8.118750


7.760570 -4.658205 -44.375000 
9.005863 0.313652 -41.875000 
9.002758 0.000000 -44.375000 
7.760570 -4.658205 -44.375000


9.002758 12.421880 -34.375000 
9.313305 -0.931641 -37.500000 
11.179692 1.552735 -33.743750 
9.002758 12.421880 -34.375000


9.002758 12.421880 -34.375000 
9.002758 0.000000 -40.000000 
9.313305 -0.931641 -37.500000 
9.002758 12.421880 -34.375000


7.453128 12.732427 -44.368750 
9.313305 2.173829 -45.000000 
7.760570 12.111333 -43.750000 
7.453128 12.732427 -44.368750


9.313305 2.173829 -45.000000 
9.005863 0.313652 -41.875000 
7.760570 12.111333 -43.750000 
9.313305 2.173829 -45.000000


8.074222 0.931641 -15.631250 
9.934399 13.042974 -26.250000 
9.002758 13.664068 -28.750000 
8.074222 0.931641 -15.631250


8.074222 0.931641 -15.631250 
9.002758 13.664068 -28.750000 
11.179692 1.552735 -33.743750 
8.074222 0.931641 -15.631250


18.011726 19.257019 -20.625000 
20.496102 18.635925 -28.125000 
16.769538 18.635925 -27.500000 
18.011726 19.257019 -20.625000


13.042974 2.794923 -69.381250 
16.148444 -2.173829 -65.006250 
12.421880 0.617989 -66.875000 
13.042974 2.794923 -69.381250


28.570324 18.946472 -41.875000 
27.638683 19.253914 -43.756250 
26.707042 19.564461 -44.368750 
28.570324 18.946472 -41.875000


10.248051 20.809754 -71.875000 
13.042974 22.362489 -74.375000 
8.384769 18.635925 -75.000000 
10.248051 20.809754 -71.875000


31.675794 17.701179 -44.381250 
28.570324 18.946472 -41.875000 
31.678899 16.148444 -40.000000 
31.675794 17.701179 -44.381250


13.664068 13.353521 -0.618750 
17.080085 13.974615 -0.618750 
15.837897 16.462096 0.000000 
13.664068 13.353521 -0.618750


11.490239 17.080085 -43.131250 
9.937504 16.148444 -44.368750 
9.626957 15.530455 -39.375000 
11.490239 17.080085 -43.131250


18.011726 19.257019 -20.625000 
16.769538 18.635925 -27.500000 
15.837897 18.946472 -21.250000 
18.011726 19.257019 -20.625000


25.464854 18.946472 -35.000000 
21.738290 19.257019 -36.250000 
22.669931 19.567566 -33.750000 
25.464854 18.946472 -35.000000


24.222666 11.490239 -79.381250 
26.396495 12.732427 -80.631250 
27.017589 11.179692 -78.756250 
24.222666 11.490239 -79.381250


27.949230 16.772643 -13.750000 
29.812512 15.216803 -11.868750 
30.433606 15.530455 -15.000000 
27.949230 16.772643 -13.750000


20.496102 16.772643 0.000000 
22.359384 15.837897 -0.618750 
24.222666 16.462096 -1.250000 
20.496102 16.772643 0.000000


12.421880 15.219908 -0.625000 
11.176587 13.974615 -6.250000 
10.866040 13.042974 -1.250000 
12.421880 15.219908 -0.625000


30.123059 7.453128 -6.868750 
32.296888 4.965647 -8.750000 
33.228529 6.521487 -8.118750 
30.123059 7.453128 -6.868750


43.169138 2.484376 -39.375000 
43.479685 1.552735 -42.500000 
42.234392 3.419122 -41.250000 
43.169138 2.484376 -39.375000


30.123059 7.453128 -6.868750 
29.501965 9.316410 -5.618750 
29.191418 5.900393 -7.493750 
30.123059 7.453128 -6.868750


27.638683 -1.242188 -9.993750 
29.812512 3.416017 -8.743750 
26.707042 4.347658 -7.493750 
27.638683 -1.242188 -9.993750


28.880871 0.000000 -9.993750 
29.812512 3.416017 -8.743750 
27.638683 -1.242188 -9.993750 
28.880871 0.000000 -9.993750


20.496102 16.772643 0.000000 
19.875008 16.772643 -3.125000 
17.701179 16.772643 -2.500000 
20.496102 16.772643 0.000000


18.943367 18.325378 -14.375000 
16.458991 18.014831 -15.000000 
15.837897 18.014831 -10.000000 
18.943367 18.325378 -14.375000


30.123059 13.974615 -3.118750 
29.501965 9.316410 -5.618750 
31.675794 12.732427 -4.368750 
30.123059 13.974615 -3.118750


30.123059 13.974615 -3.118750 
27.328136 11.800786 -3.743750 
29.501965 9.316410 -5.618750 
30.123059 13.974615 -3.118750


17.390632 18.635925 -17.500000 
20.806649 18.635925 -18.125000 
18.011726 19.257019 -20.625000 
17.390632 18.635925 -17.500000


21.427743 9.937504 -3.743750 
23.601572 8.384769 -4.368750 
22.980478 12.421880 -2.493750 
21.427743 9.937504 -3.743750


25.154307 10.248051 -3.743750 
22.980478 12.421880 -2.493750 
23.601572 8.384769 -4.368750 
25.154307 10.248051 -3.743750


22.980478 12.421880 -2.493750 
25.154307 10.248051 -3.743750 
27.328136 11.800786 -3.743750 
22.980478 12.421880 -2.493750


18.011726 11.800786 -1.868750 
21.427743 9.937504 -3.743750 
22.980478 12.421880 -2.493750 
18.011726 11.800786 -1.868750


27.638683 -1.242188 -9.993750 
22.048837 6.210940 -5.618750 
22.669931 -1.863282 -11.243750 
27.638683 -1.242188 -9.993750


12.732427 -2.798028 -11.875000 
9.626957 -1.866387 -11.250000 
11.179692 -1.863282 -14.381250 
12.732427 -2.798028 -11.875000


18.322273 5.586741 -5.625000 
9.626957 -1.866387 -11.250000 
12.732427 -2.798028 -11.875000 
18.322273 5.586741 -5.625000


9.937504 20.188660 -67.500000 
11.800786 21.427743 -69.368750 
10.248051 20.809754 -71.875000 
9.937504 20.188660 -67.500000


13.974615 18.632820 -39.368750 
14.285162 18.946472 -42.500000 
11.800786 17.083190 -40.625000 
13.974615 18.632820 -39.368750


18.011726 19.257019 -20.625000 
20.806649 18.635925 -18.125000 
22.980478 19.257019 -21.875000 
18.011726 19.257019 -20.625000


41.613298 -55.587913 -61.881250 
45.029315 -55.277366 -62.506250 
43.166033 -56.519554 -61.881250 
41.613298 -55.587913 -61.881250


9.626957 -1.866387 -11.250000 
5.900393 1.863282 -11.243750 
4.658205 0.931641 -11.256250 
9.626957 -1.866387 -11.250000


6.210940 1.552735 -12.506250 
4.658205 0.931641 -11.256250 
5.900393 1.863282 -11.243750 
6.210940 1.552735 -12.506250


16.458991 8.695316 -3.743750 
13.974615 12.111333 -1.868750 
10.866040 13.042974 -1.250000 
16.458991 8.695316 -3.743750


11.176587 13.974615 -6.250000 
11.176587 13.974615 -13.750000 
5.900393 1.863282 -11.243750 
11.176587 13.974615 -6.250000


10.555493 14.595709 -23.750000 
11.487134 13.042974 -18.750000 
11.797681 15.527350 -18.125000 
10.555493 14.595709 -23.750000


14.285162 18.325378 -20.625000 
10.555493 14.595709 -23.750000 
11.797681 15.527350 -18.125000 
14.285162 18.325378 -20.625000


14.906256 16.772643 -2.500000 
14.906256 16.772643 -8.125000 
12.421880 15.219908 -7.500000 
14.906256 16.772643 -2.500000


25.464854 17.393737 -10.625000 
23.601572 18.635925 -18.750000 
22.048837 18.014831 -10.625000 
25.464854 17.393737 -10.625000


15.837897 18.946472 -21.250000 
17.390632 18.635925 -17.500000 
18.011726 19.257019 -20.625000 
15.837897 18.946472 -21.250000


25.154307 14.285162 -2.493750 
22.359384 15.837897 -0.618750 
22.980478 12.421880 -2.493750 
25.154307 14.285162 -2.493750


18.011726 11.800786 -1.868750 
16.458991 8.695316 -3.743750 
18.943367 8.074222 -4.368750 
18.011726 11.800786 -1.868750


18.011726 11.800786 -1.868750 
16.458991 9.937504 -3.118750 
16.458991 8.695316 -3.743750 
18.011726 11.800786 -1.868750


16.458991 8.695316 -3.743750 
18.322273 5.586741 -5.625000 
18.943367 8.074222 -4.368750 
16.458991 8.695316 -3.743750


17.076980 7.142581 -5.000000 
18.322273 5.586741 -5.625000 
16.458991 8.695316 -3.743750 
17.076980 7.142581 -5.000000


16.458991 9.937504 -3.118750 
18.011726 11.800786 -1.868750 
13.664068 13.353521 -0.618750 
16.458991 9.937504 -3.118750


18.011726 11.800786 -1.868750 
17.080085 13.974615 -0.618750 
13.664068 13.353521 -0.618750 
18.011726 11.800786 -1.868750


16.458991 8.695316 -3.743750 
16.458991 9.937504 -3.118750 
13.664068 13.353521 -0.618750 
16.458991 8.695316 -3.743750


13.974615 12.111333 -1.868750 
16.458991 8.695316 -3.743750 
13.664068 13.353521 -0.618750 
13.974615 12.111333 -1.868750


16.458991 8.695316 -3.743750 
10.866040 13.042974 -1.250000 
5.900393 1.863282 -11.243750 
16.458991 8.695316 -3.743750


10.866040 12.732427 -23.125000 
6.210940 1.552735 -12.506250 
11.487134 13.042974 -18.750000 
10.866040 12.732427 -23.125000


8.074222 0.931641 -15.631250 
6.210940 1.552735 -12.506250 
10.866040 12.732427 -23.125000 
8.074222 0.931641 -15.631250


11.176587 13.974615 -13.750000 
6.210940 1.552735 -12.506250 
5.900393 1.863282 -11.243750 
11.176587 13.974615 -13.750000


11.800786 17.390632 -43.743750 
14.592604 19.253914 -43.125000 
12.732427 18.014831 -48.750000 
11.800786 17.390632 -43.743750


13.974615 12.111333 -1.868750 
13.664068 13.353521 -0.618750 
10.866040 13.042974 -1.250000 
13.974615 12.111333 -1.868750


12.421880 15.219908 -0.625000 
10.866040 13.042974 -1.250000 
13.664068 13.353521 -0.618750 
12.421880 15.219908 -0.625000


15.837897 16.462096 0.000000 
17.701179 16.772643 -2.500000 
14.906256 16.772643 -2.500000 
15.837897 16.462096 0.000000


16.458991 18.014831 -15.000000 
14.285162 17.704284 -16.250000 
15.837897 18.014831 -10.000000 
16.458991 18.014831 -15.000000


18.943367 18.325378 -14.375000 
17.701179 18.014831 -8.750000 
22.048837 18.014831 -10.625000 
18.943367 18.325378 -14.375000


25.154307 14.285162 -2.493750 
27.328136 11.800786 -3.743750 
26.089053 15.837897 -1.875000 
25.154307 14.285162 -2.493750


27.949230 15.219908 -2.500000 
26.089053 15.837897 -1.875000 
27.328136 11.800786 -3.743750 
27.949230 15.219908 -2.500000


12.421880 16.462096 -15.000000 
11.176587 13.974615 -13.750000 
12.421880 16.151549 -10.625000 
12.421880 16.462096 -15.000000


17.080085 13.974615 -0.618750 
20.496102 15.527350 -0.618750 
20.496102 16.772643 0.000000 
17.080085 13.974615 -0.618750


17.080085 13.974615 -0.618750 
20.496102 16.772643 0.000000 
15.837897 16.462096 0.000000 
17.080085 13.974615 -0.618750


6.210940 1.552735 -12.506250 
11.176587 13.974615 -13.750000 
11.487134 13.042974 -18.750000 
6.210940 1.552735 -12.506250


32.607435 12.111333 -4.993750 
35.091811 9.626957 -6.868750 
34.160170 11.803891 -10.000000 
32.607435 12.111333 -4.993750


33.849623 10.558598 -6.243750 
35.091811 9.626957 -6.868750 
32.607435 12.111333 -4.993750 
33.849623 10.558598 -6.243750


19.875008 16.772643 -3.125000 
18.943367 17.390632 -6.868750 
17.701179 16.772643 -2.500000 
19.875008 16.772643 -3.125000


13.660963 23.291025 -90.000000 
14.285162 22.983583 -86.250000 
17.080085 25.778506 -93.750000 
13.660963 23.291025 -90.000000


18.322273 24.225771 -88.750000 
17.080085 25.778506 -93.750000 
14.285162 22.983583 -86.250000 
18.322273 24.225771 -88.750000


18.632820 20.185555 -90.006250 
20.806649 21.738290 -89.381250 
23.601572 22.669931 -88.756250 
18.632820 20.185555 -90.006250


21.117196 19.875008 -88.131250 
18.632820 20.185555 -90.006250 
23.601572 22.669931 -88.756250 
21.117196 19.875008 -88.131250


22.980478 12.421880 -2.493750 
27.328136 11.800786 -3.743750 
25.154307 14.285162 -2.493750 
22.980478 12.421880 -2.493750


26.089053 15.837897 -1.875000 
24.222666 16.462096 -1.250000 
22.359384 15.837897 -0.618750 
26.089053 15.837897 -1.875000


26.089053 15.837897 -1.875000 
22.359384 15.837897 -0.618750 
25.154307 14.285162 -2.493750 
26.089053 15.837897 -1.875000


17.701179 16.772643 -2.500000 
18.943367 17.390632 -6.868750 
17.701179 18.014831 -8.750000 
17.701179 16.772643 -2.500000


17.701179 16.772643 -2.500000 
17.701179 18.014831 -8.750000 
14.906256 16.772643 -2.500000 
17.701179 16.772643 -2.500000


12.421880 16.462096 -15.000000 
11.797681 15.527350 -18.125000 
11.176587 13.974615 -13.750000 
12.421880 16.462096 -15.000000


12.421880 16.462096 -15.000000 
14.285162 18.325378 -20.625000 
11.797681 15.527350 -18.125000 
12.421880 16.462096 -15.000000


12.421880 16.462096 -15.000000 
14.285162 17.704284 -16.250000 
14.285162 18.325378 -20.625000 
12.421880 16.462096 -15.000000


17.390632 18.635925 -17.500000 
16.458991 18.014831 -15.000000 
18.943367 18.325378 -14.375000 
17.390632 18.635925 -17.500000


12.421880 16.151549 -10.625000 
14.906256 16.772643 -8.125000 
15.837897 18.014831 -10.000000 
12.421880 16.151549 -10.625000


12.421880 15.219908 -7.500000 
12.421880 15.219908 -0.625000 
14.906256 16.772643 -2.500000 
12.421880 15.219908 -7.500000


11.176587 13.974615 -6.250000 
12.421880 15.219908 -0.625000 
12.421880 15.219908 -7.500000 
11.176587 13.974615 -6.250000


13.042974 22.362489 -74.375000 
14.906256 22.983583 -80.000000 
12.732427 21.120301 -80.000000 
13.042974 22.362489 -74.375000


13.042974 22.362489 -74.375000 
15.527350 23.915224 -75.625000 
14.906256 22.983583 -80.000000 
13.042974 22.362489 -74.375000


11.487134 13.042974 -18.750000 
11.176587 13.974615 -13.750000 
11.797681 15.527350 -18.125000 
11.487134 13.042974 -18.750000


10.866040 12.732427 -23.125000 
11.487134 13.042974 -18.750000 
10.555493 14.595709 -23.750000 
10.866040 12.732427 -23.125000


14.285162 17.704284 -16.250000 
15.837897 18.946472 -21.250000 
14.285162 18.325378 -20.625000 
14.285162 17.704284 -16.250000


14.285162 17.704284 -16.250000 
17.390632 18.635925 -17.500000 
15.837897 18.946472 -21.250000 
14.285162 17.704284 -16.250000


11.176587 13.974615 -6.250000 
12.421880 15.219908 -7.500000 
12.421880 16.151549 -10.625000 
11.176587 13.974615 -6.250000


9.002758 13.664068 -28.750000 
9.002758 12.421880 -34.375000 
9.937504 12.108228 -31.250000 
9.002758 13.664068 -28.750000


10.555493 14.595709 -23.750000 
11.179692 16.462096 -31.250000 
9.002758 13.664068 -28.750000 
10.555493 14.595709 -23.750000


10.555493 14.595709 -23.750000 
13.353521 17.393737 -26.250000 
11.179692 16.462096 -31.250000 
10.555493 14.595709 -23.750000


20.496102 16.772643 0.000000 
20.496102 15.527350 -0.618750 
22.359384 15.837897 -0.618750 
20.496102 16.772643 0.000000


12.421880 15.219908 -0.625000 
13.664068 13.353521 -0.618750 
15.837897 16.462096 0.000000 
12.421880 15.219908 -0.625000


14.906256 16.772643 -2.500000 
12.421880 15.219908 -0.625000 
15.837897 16.462096 0.000000 
14.906256 16.772643 -2.500000


15.837897 18.014831 -10.000000 
14.906256 16.772643 -2.500000 
17.701179 18.014831 -8.750000 
15.837897 18.014831 -10.000000


15.837897 18.014831 -10.000000 
14.906256 16.772643 -8.125000 
14.906256 16.772643 -2.500000 
15.837897 18.014831 -10.000000


25.464854 17.393737 -10.625000 
22.048837 18.014831 -10.625000 
23.912119 17.393737 -8.750000 
25.464854 17.393737 -10.625000


25.464854 17.393737 -10.625000 
27.949230 16.772643 -13.750000 
23.601572 18.635925 -18.750000 
25.464854 17.393737 -10.625000


21.117196 17.701179 -7.493750 
18.943367 17.390632 -6.868750 
19.875008 16.772643 -3.125000 
21.117196 17.701179 -7.493750


33.849623 13.977720 -29.375000 
31.986341 15.841002 -32.500000 
29.191418 17.393737 -29.375000 
33.849623 13.977720 -29.375000


21.117196 17.701179 -7.493750 
24.222666 16.462096 -1.250000 
23.912119 17.393737 -8.750000 
21.117196 17.701179 -7.493750


26.089053 15.837897 -1.875000 
23.912119 17.393737 -8.750000 
24.222666 16.462096 -1.250000 
26.089053 15.837897 -1.875000


20.496102 15.527350 -0.618750 
17.080085 13.974615 -0.618750 
18.011726 11.800786 -1.868750 
20.496102 15.527350 -0.618750


27.949230 15.219908 -2.500000 
25.464854 17.393737 -10.625000 
23.912119 17.393737 -8.750000 
27.949230 15.219908 -2.500000


27.949230 15.219908 -2.500000 
28.570324 15.530455 -8.750000 
25.464854 17.393737 -10.625000 
27.949230 15.219908 -2.500000


20.496102 15.527350 -0.618750 
18.011726 11.800786 -1.868750 
22.980478 12.421880 -2.493750 
20.496102 15.527350 -0.618750


22.359384 15.837897 -0.618750 
20.496102 15.527350 -0.618750 
22.980478 12.421880 -2.493750 
22.359384 15.837897 -0.618750


28.570324 15.530455 -8.750000 
29.812512 15.216803 -11.868750 
27.949230 16.148444 -10.618750 
28.570324 15.530455 -8.750000


21.117196 17.701179 -7.493750 
20.496102 16.772643 0.000000 
24.222666 16.462096 -1.250000 
21.117196 17.701179 -7.493750


19.875008 16.772643 -3.125000 
20.496102 16.772643 0.000000 
21.117196 17.701179 -7.493750 
19.875008 16.772643 -3.125000


26.707042 17.701179 -19.993750 
22.980478 19.257019 -21.875000 
23.601572 18.635925 -18.750000 
26.707042 17.701179 -19.993750


27.949230 15.219908 -2.500000 
23.912119 17.393737 -8.750000 
26.089053 15.837897 -1.875000 
27.949230 15.219908 -2.500000


28.570324 15.530455 -8.750000 
27.949230 15.219908 -2.500000 
28.259777 14.909361 -5.000000 
28.570324 15.530455 -8.750000


23.912119 17.393737 -8.750000 
22.048837 18.014831 -10.625000 
21.117196 17.701179 -7.493750 
23.912119 17.393737 -8.750000


34.470717 13.667173 -35.000000 
31.986341 15.841002 -32.500000 
33.849623 13.977720 -29.375000 
34.470717 13.667173 -35.000000


22.980478 19.257019 -21.875000 
20.806649 18.635925 -18.125000 
23.601572 18.635925 -18.750000 
22.980478 19.257019 -21.875000


27.949230 16.148444 -10.618750 
29.812512 15.216803 -11.868750 
27.949230 16.772643 -13.750000 
27.949230 16.148444 -10.618750


27.949230 16.148444 -10.618750 
27.949230 16.772643 -13.750000 
25.464854 17.393737 -10.625000 
27.949230 16.148444 -10.618750


23.912119 18.325378 -28.125000 
27.328136 18.014831 -29.375000 
26.396495 18.635925 -31.875000 
23.912119 18.325378 -28.125000


17.701179 18.014831 -8.750000 
21.117196 17.701179 -7.493750 
22.048837 18.014831 -10.625000 
17.701179 18.014831 -8.750000


18.943367 17.390632 -6.868750 
21.117196 17.701179 -7.493750 
17.701179 18.014831 -8.750000 
18.943367 17.390632 -6.868750


25.154307 20.188660 -48.750000 
26.707042 20.185555 -53.743750 
22.359384 20.499207 -54.375000 
25.154307 20.188660 -48.750000


25.154307 20.188660 -48.750000 
27.952335 19.253914 -51.250000 
26.707042 20.185555 -53.743750 
25.154307 20.188660 -48.750000


27.949230 16.772643 -13.750000 
26.707042 17.701179 -19.993750 
23.601572 18.635925 -18.750000 
27.949230 16.772643 -13.750000


26.707042 19.564461 -44.368750 
24.222666 20.185555 -44.368750 
28.570324 18.946472 -41.875000 
26.707042 19.564461 -44.368750


29.812512 20.188660 -60.625000 
26.085948 21.741395 -65.625000 
26.707042 20.809754 -60.000000 
29.812512 20.188660 -60.625000


20.185555 25.467959 -81.250000 
18.322273 25.157412 -78.750000 
21.427743 25.157412 -76.875000 
20.185555 25.467959 -81.250000


20.496102 18.635925 -28.125000 
18.322273 19.567566 -32.500000 
16.769538 18.635925 -27.500000 
20.496102 18.635925 -28.125000


15.837897 18.635925 -33.125000 
16.769538 18.635925 -27.500000 
18.322273 19.567566 -32.500000 
15.837897 18.635925 -33.125000


8.074222 14.285162 -43.756250 
9.937504 16.148444 -44.368750 
8.074222 14.285162 -44.368750 
8.074222 14.285162 -43.756250


27.017589 18.014831 -23.750000 
29.191418 17.393737 -29.375000 
27.328136 18.014831 -29.375000 
27.017589 18.014831 -23.750000


27.949230 17.393737 -25.625000 
29.191418 17.393737 -29.375000 
27.017589 18.014831 -23.750000 
27.949230 17.393737 -25.625000


27.638683 18.014831 -37.500000 
28.570324 18.946472 -41.875000 
25.464854 18.946472 -35.000000 
27.638683 18.014831 -37.500000


20.806649 19.257019 -38.750000 
18.322273 18.946472 -38.125000 
18.322273 19.567566 -32.500000 
20.806649 19.257019 -38.750000


20.806649 19.257019 -38.750000 
18.322273 19.567566 -32.500000 
21.738290 19.257019 -36.250000 
20.806649 19.257019 -38.750000


20.496102 18.635925 -28.125000 
18.011726 19.257019 -20.625000 
22.980478 19.257019 -21.875000 
20.496102 18.635925 -28.125000


37.576187 10.248051 -79.368750 
36.023452 9.316410 -77.506250 
35.402358 11.179692 -79.381250 
37.576187 10.248051 -79.368750


18.322273 19.567566 -32.500000 
20.496102 18.635925 -28.125000 
22.669931 19.567566 -33.750000 
18.322273 19.567566 -32.500000


31.675794 15.530455 -19.375000 
30.433606 16.151549 -21.875000 
26.707042 17.701179 -19.993750 
31.675794 15.530455 -19.375000


29.191418 17.393737 -29.375000 
30.433606 16.769538 -33.131250 
26.396495 18.635925 -31.875000 
29.191418 17.393737 -29.375000


29.191418 17.393737 -29.375000 
26.396495 18.635925 -31.875000 
27.328136 18.014831 -29.375000 
29.191418 17.393737 -29.375000


33.849623 16.148444 -44.993750 
31.678899 16.148444 -40.000000 
34.470717 13.667173 -35.000000 
33.849623 16.148444 -44.993750


33.849623 16.148444 -44.993750 
34.470717 13.667173 -35.000000 
35.716010 14.285162 -45.000000 
33.849623 16.148444 -44.993750


29.191418 17.393737 -29.375000 
31.986341 14.598814 -26.250000 
33.849623 13.977720 -29.375000 
29.191418 17.393737 -29.375000


25.464854 18.325378 -23.750000 
27.017589 18.014831 -23.750000 
27.328136 18.014831 -29.375000 
25.464854 18.325378 -23.750000


22.980478 19.257019 -21.875000 
25.464854 18.325378 -23.750000 
23.912119 18.325378 -28.125000 
22.980478 19.257019 -21.875000


20.496102 18.635925 -28.125000 
23.912119 18.325378 -28.125000 
22.669931 19.567566 -33.750000 
20.496102 18.635925 -28.125000


11.800786 17.390632 -43.743750 
9.937504 16.148444 -44.368750 
11.490239 17.080085 -43.131250 
11.800786 17.390632 -43.743750


39.439469 9.630062 -46.875000 
37.886734 11.800786 -46.243750 
37.268745 12.111333 -45.000000 
39.439469 9.630062 -46.875000


29.812512 20.188660 -60.625000 
28.259777 20.499207 -56.875000 
31.675794 18.325378 -56.250000 
29.812512 20.188660 -60.625000


26.707042 20.809754 -60.000000 
28.259777 20.499207 -56.875000 
29.812512 20.188660 -60.625000 
26.707042 20.809754 -60.000000


20.185555 21.741395 -60.625000 
18.632820 21.120301 -58.125000 
22.669931 21.430848 -58.750000 
20.185555 21.741395 -60.625000


27.017589 1.863282 -66.881250 
27.328136 5.589846 -70.006250 
29.501965 3.105470 -68.131250 
27.017589 1.863282 -66.881250


13.974615 18.632820 -39.368750 
18.322273 19.875008 -42.506250 
15.527350 19.253914 -42.506250 
13.974615 18.632820 -39.368750


18.322273 18.946472 -38.125000 
18.322273 19.875008 -42.506250 
13.974615 18.632820 -39.368750 
18.322273 18.946472 -38.125000


24.843760 18.635925 -38.125000 
25.464854 18.946472 -35.000000 
24.222666 20.185555 -44.368750 
24.843760 18.635925 -38.125000


28.570324 18.946472 -41.875000 
24.222666 20.185555 -44.368750 
25.464854 18.946472 -35.000000 
28.570324 18.946472 -41.875000


28.259777 20.499207 -56.875000 
26.707042 20.809754 -60.000000 
22.669931 21.430848 -58.750000 
28.259777 20.499207 -56.875000


24.222666 20.809754 -56.875000 
28.259777 20.499207 -56.875000 
22.669931 21.430848 -58.750000 
24.222666 20.809754 -56.875000


13.974615 18.632820 -39.368750 
14.592604 19.253914 -43.125000 
14.285162 18.946472 -42.500000 
13.974615 18.632820 -39.368750


15.527350 19.253914 -42.506250 
14.592604 19.253914 -43.125000 
13.974615 18.632820 -39.368750 
15.527350 19.253914 -42.506250


27.328136 0.621094 -66.256250 
29.501965 3.105470 -68.131250 
29.501965 1.242188 -66.881250 
27.328136 0.621094 -66.256250


27.328136 0.621094 -66.256250 
27.017589 1.863282 -66.881250 
29.501965 3.105470 -68.131250 
27.328136 0.621094 -66.256250


9.005863 0.313652 -41.875000 
9.313305 2.173829 -45.000000 
9.005863 0.307442 -45.000000 
9.005863 0.313652 -41.875000


9.005863 0.313652 -41.875000 
9.005863 0.307442 -45.000000 
9.002758 0.000000 -44.375000 
9.005863 0.313652 -41.875000


14.906256 19.257019 -48.750000 
12.732427 18.635925 -51.250000 
12.732427 18.014831 -48.750000 
14.906256 19.257019 -48.750000


18.322273 18.946472 -38.125000 
20.185555 19.878113 -41.875000 
18.322273 19.875008 -42.506250 
18.322273 18.946472 -38.125000


20.806649 19.257019 -38.750000 
20.185555 19.878113 -41.875000 
18.322273 18.946472 -38.125000 
20.806649 19.257019 -38.750000


18.322273 19.875008 -42.506250 
20.185555 19.878113 -41.875000 
18.632820 19.875008 -43.118750 
18.322273 19.875008 -42.506250


34.781264 23.291025 -88.756250 
32.296888 24.533213 -88.756250 
32.610540 23.912119 -86.250000 
34.781264 23.291025 -88.756250


9.002758 12.421880 -34.375000 
11.179692 1.552735 -33.743750 
9.937504 12.108228 -31.250000 
9.002758 12.421880 -34.375000


8.381664 13.664068 -36.875000 
9.626957 14.598814 -31.875000 
10.558598 15.841002 -36.875000 
8.381664 13.664068 -36.875000


10.558598 15.841002 -36.875000 
9.626957 14.598814 -31.875000 
11.179692 16.462096 -31.250000 
10.558598 15.841002 -36.875000


18.322273 19.567566 -32.500000 
13.974615 18.632820 -39.368750 
15.837897 18.635925 -33.125000 
18.322273 19.567566 -32.500000


18.322273 18.946472 -38.125000 
13.974615 18.632820 -39.368750 
18.322273 19.567566 -32.500000 
18.322273 18.946472 -38.125000


6.521487 11.797681 -56.875000 
5.589846 12.421880 -60.631250 
8.071117 0.931641 -60.000000 
6.521487 11.797681 -56.875000


15.527350 20.809754 -56.875000 
11.800786 20.188660 -62.500000 
11.800786 18.946472 -55.625000 
15.527350 20.809754 -56.875000


15.837897 18.946472 -21.250000 
13.353521 17.393737 -26.250000 
14.285162 18.325378 -20.625000 
15.837897 18.946472 -21.250000


14.285162 18.325378 -20.625000 
13.353521 17.393737 -26.250000 
10.555493 14.595709 -23.750000 
14.285162 18.325378 -20.625000


8.074222 0.931641 -15.631250 
10.866040 12.732427 -23.125000 
9.934399 13.042974 -26.250000 
8.074222 0.931641 -15.631250


7.142581 17.083190 -80.000000 
12.732427 21.120301 -80.000000 
12.421880 21.741395 -86.250000 
7.142581 17.083190 -80.000000


10.558598 15.841002 -36.875000 
11.800786 17.083190 -40.625000 
9.626957 15.530455 -39.375000 
10.558598 15.841002 -36.875000


9.937504 16.151549 -50.000000 
9.937504 16.148444 -44.368750 
12.732427 18.014831 -48.750000 
9.937504 16.151549 -50.000000


15.837897 18.635925 -33.125000 
13.974615 18.632820 -39.368750 
13.042974 17.704284 -31.875000 
15.837897 18.635925 -33.125000


10.558598 15.841002 -36.875000 
13.042974 17.704284 -31.875000 
13.974615 18.632820 -39.368750 
10.558598 15.841002 -36.875000


12.732427 18.635925 -51.250000 
11.800786 18.946472 -55.625000 
8.695316 17.083190 -56.875000 
12.732427 18.635925 -51.250000


12.732427 18.635925 -51.250000 
8.695316 17.083190 -56.875000 
9.937504 16.151549 -50.000000 
12.732427 18.635925 -51.250000


9.002758 13.664068 -28.750000 
9.626957 14.598814 -31.875000 
8.381664 13.664068 -36.875000 
9.002758 13.664068 -28.750000


9.002758 13.664068 -28.750000 
8.381664 13.664068 -36.875000 
9.002758 12.421880 -34.375000 
9.002758 13.664068 -28.750000


6.828929 13.353521 -52.500000 
6.521487 11.797681 -56.875000 
7.142581 11.487134 -52.500000 
6.828929 13.353521 -52.500000


11.179692 16.462096 -31.250000 
9.626957 14.598814 -31.875000 
9.002758 13.664068 -28.750000 
11.179692 16.462096 -31.250000


11.800786 18.632820 -93.756250 
16.148444 18.322273 -90.006250 
13.353521 18.322273 -91.881250 
11.800786 18.632820 -93.756250


11.800786 18.632820 -93.756250 
13.664068 21.117196 -93.756250 
16.148444 18.322273 -90.006250 
11.800786 18.632820 -93.756250


8.384769 -1.239083 -49.375000 
8.381664 1.242188 -53.125000 
7.763675 -2.487481 -53.750000 
8.384769 -1.239083 -49.375000


10.866040 12.732427 -23.125000 
10.555493 14.595709 -23.750000 
9.934399 13.042974 -26.250000 
10.866040 12.732427 -23.125000


14.285162 18.946472 -42.500000 
14.592604 19.253914 -43.125000 
11.800786 17.390632 -43.743750 
14.285162 18.946472 -42.500000


16.769538 18.635925 -27.500000 
15.837897 18.635925 -33.125000 
13.042974 17.704284 -31.875000 
16.769538 18.635925 -27.500000


10.558598 15.841002 -36.875000 
13.974615 18.632820 -39.368750 
11.800786 17.083190 -40.625000 
10.558598 15.841002 -36.875000


13.353521 17.393737 -26.250000 
13.042974 17.704284 -31.875000 
11.179692 16.462096 -31.250000 
13.353521 17.393737 -26.250000


12.732427 18.635925 -51.250000 
9.937504 16.151549 -50.000000 
12.732427 18.014831 -48.750000 
12.732427 18.635925 -51.250000


13.974615 19.567566 -55.000000 
11.800786 18.946472 -55.625000 
12.732427 18.635925 -51.250000 
13.974615 19.567566 -55.000000


10.558598 15.841002 -36.875000 
9.626957 15.530455 -39.375000 
8.381664 13.664068 -36.875000 
10.558598 15.841002 -36.875000


9.626957 15.530455 -39.375000 
8.074222 14.285162 -43.756250 
8.381664 13.664068 -36.875000 
9.626957 15.530455 -39.375000


9.937504 16.148444 -44.368750 
11.800786 17.390632 -43.743750 
12.732427 18.014831 -48.750000 
9.937504 16.148444 -44.368750


15.841002 12.111333 -83.750000 
13.353521 12.111333 -85.006250 
13.356626 14.285162 -87.500000 
15.841002 12.111333 -83.750000


11.800786 18.946472 -55.625000 
11.800786 20.188660 -62.500000 
10.558598 18.325378 -58.125000 
11.800786 18.946472 -55.625000


29.191418 24.225771 -79.375000 
28.570324 24.536318 -82.500000 
24.533213 25.778506 -81.875000 
29.191418 24.225771 -79.375000


7.453128 12.732427 -44.368750 
8.074222 14.285162 -43.756250 
8.074222 14.285162 -44.368750 
7.453128 12.732427 -44.368750


9.937504 16.148444 -44.368750 
8.074222 14.285162 -43.756250 
9.626957 15.530455 -39.375000 
9.937504 16.148444 -44.368750


6.518382 16.148444 -61.875000 
7.763675 17.393737 -60.625000 
9.316410 19.257019 -65.625000 
6.518382 16.148444 -61.875000


7.142581 18.014831 -74.375000 
8.384769 18.635925 -75.000000 
7.142581 17.083190 -80.000000 
7.142581 18.014831 -74.375000


27.017589 11.179692 -78.756250 
25.775401 8.692211 -75.625000 
24.536318 10.558598 -78.125000 
27.017589 11.179692 -78.756250


8.381664 13.664068 -36.875000 
7.453128 12.732427 -44.368750 
7.760570 12.111333 -43.750000 
8.381664 13.664068 -36.875000


8.074222 14.285162 -43.756250 
7.453128 12.732427 -44.368750 
8.381664 13.664068 -36.875000 
8.074222 14.285162 -43.756250


9.316410 19.257019 -65.625000 
7.763675 17.393737 -60.625000 
11.800786 20.188660 -62.500000 
9.316410 19.257019 -65.625000


5.279299 15.216803 -86.243750 
5.276194 13.353521 -86.250000 
4.344553 14.595709 -80.625000 
5.279299 15.216803 -86.243750


5.589846 13.042974 -83.756250 
4.344553 14.595709 -80.625000 
5.276194 13.353521 -86.250000 
5.589846 13.042974 -83.756250


12.732427 18.014831 -48.750000 
14.592604 19.253914 -43.125000 
14.906256 19.257019 -48.750000 
12.732427 18.014831 -48.750000


7.142581 18.014831 -74.375000 
4.965647 15.527350 -70.625000 
10.248051 20.809754 -71.875000 
7.142581 18.014831 -74.375000


9.937504 20.188660 -67.500000 
9.316410 19.257019 -65.625000 
11.800786 20.188660 -62.500000 
9.937504 20.188660 -67.500000


5.586741 14.285162 -58.125000 
6.521487 11.797681 -56.875000 
6.828929 13.353521 -52.500000 
5.586741 14.285162 -58.125000


5.586741 14.285162 -58.125000 
6.828929 13.353521 -52.500000 
8.695316 17.083190 -56.875000 
5.586741 14.285162 -58.125000


10.248051 20.809754 -71.875000 
4.965647 15.527350 -70.625000 
9.937504 20.188660 -67.500000 
10.248051 20.809754 -71.875000


6.518382 16.148444 -67.500000 
9.937504 20.188660 -67.500000 
4.965647 15.527350 -70.625000 
6.518382 16.148444 -67.500000


10.558598 18.325378 -58.125000 
11.800786 20.188660 -62.500000 
7.763675 17.393737 -60.625000 
10.558598 18.325378 -58.125000


15.841002 12.111333 -83.750000 
14.906256 15.524245 -88.125000 
16.148444 14.285162 -85.631250 
15.841002 12.111333 -83.750000


13.356626 14.285162 -87.500000 
14.906256 15.524245 -88.125000 
15.841002 12.111333 -83.750000 
13.356626 14.285162 -87.500000


14.906256 15.524245 -88.125000 
20.185555 14.595709 -84.381250 
16.148444 14.285162 -85.631250 
14.906256 15.524245 -88.125000


14.906256 15.524245 -88.125000 
15.841002 16.148444 -88.125000 
20.185555 14.595709 -84.381250 
14.906256 15.524245 -88.125000


15.841002 16.148444 -88.125000 
18.322273 16.458991 -86.881250 
20.185555 14.595709 -84.381250 
15.841002 16.148444 -88.125000


8.381664 -0.621094 -48.125000 
9.005863 0.307442 -45.000000 
9.313305 2.173829 -45.000000 
8.381664 -0.621094 -48.125000


4.344553 14.285162 -75.000000 
4.965647 15.527350 -70.625000 
7.142581 18.014831 -74.375000 
4.344553 14.285162 -75.000000


20.185555 21.741395 -60.625000 
13.974615 20.499207 -61.875000 
15.527350 20.499207 -60.625000 
20.185555 21.741395 -60.625000


14.906256 19.257019 -48.750000 
13.974615 19.567566 -55.000000 
12.732427 18.635925 -51.250000 
14.906256 19.257019 -48.750000


14.906256 19.257019 -48.750000 
21.117196 20.188660 -50.000000 
15.527350 20.809754 -56.875000 
14.906256 19.257019 -48.750000


13.974615 19.567566 -55.000000 
14.906256 19.257019 -48.750000 
15.527350 20.809754 -56.875000 
13.974615 19.567566 -55.000000


18.322273 4.347658 -69.381250 
18.632820 2.484376 -67.506250 
15.837897 4.037111 -70.006250 
18.322273 4.347658 -69.381250


12.421880 21.741395 -86.250000 
14.906256 22.983583 -80.000000 
14.285162 22.983583 -86.250000 
12.421880 21.741395 -86.250000


12.421880 21.741395 -86.250000 
12.732427 21.120301 -80.000000 
14.906256 22.983583 -80.000000 
12.421880 21.741395 -86.250000


13.974615 20.499207 -61.875000 
15.527350 20.809754 -56.875000 
15.527350 20.499207 -60.625000 
13.974615 20.499207 -61.875000


15.837897 4.037111 -70.006250 
14.595709 6.828929 -76.250000 
18.322273 4.347658 -69.381250 
15.837897 4.037111 -70.006250


20.185555 25.467959 -81.250000 
17.080085 23.915224 -82.500000 
18.322273 25.157412 -78.750000 
20.185555 25.467959 -81.250000


14.906256 22.983583 -80.000000 
15.527350 23.915224 -75.625000 
17.080085 24.536318 -76.875000 
14.906256 22.983583 -80.000000


4.344553 14.285162 -75.000000 
5.586741 12.732427 -73.125000 
5.276194 14.595709 -67.500000 
4.344553 14.285162 -75.000000


4.344553 14.285162 -75.000000 
5.276194 14.595709 -67.500000 
4.965647 15.527350 -70.625000 
4.344553 14.285162 -75.000000


5.279299 15.216803 -86.243750 
4.344553 14.595709 -91.250000 
5.276194 13.353521 -86.250000 
5.279299 15.216803 -86.243750


8.384769 18.635925 -75.000000 
13.042974 22.362489 -74.375000 
12.732427 21.120301 -80.000000 
8.384769 18.635925 -75.000000


7.142581 17.083190 -80.000000 
8.384769 18.635925 -75.000000 
12.732427 21.120301 -80.000000 
7.142581 17.083190 -80.000000


16.148444 23.294130 -85.625000 
17.080085 23.915224 -82.500000 
20.185555 24.846865 -85.625000 
16.148444 23.294130 -85.625000


6.518382 16.148444 -61.875000 
9.316410 19.257019 -65.625000 
6.518382 16.148444 -67.500000 
6.518382 16.148444 -61.875000


13.660963 23.291025 -90.000000 
9.626957 18.946472 -86.250000 
12.421880 21.741395 -86.250000 
13.660963 23.291025 -90.000000


43.787127 -36.955093 -58.756250 
40.681657 -34.160170 -57.506250 
42.544939 -33.539076 -58.756250 
43.787127 -36.955093 -58.756250


9.626957 18.946472 -86.250000 
7.142581 17.083190 -80.000000 
12.421880 21.741395 -86.250000 
9.626957 18.946472 -86.250000


46.582050 5.282404 -70.625000 
45.342967 7.453128 -70.000000 
45.964061 6.210940 -70.000000 
46.582050 5.282404 -70.625000


12.421880 21.741395 -86.250000 
14.285162 22.983583 -86.250000 
13.660963 23.291025 -90.000000 
12.421880 21.741395 -86.250000


9.316410 16.148444 -93.756250 
8.695316 18.325378 -93.750000 
11.800786 18.632820 -93.756250 
9.316410 16.148444 -93.756250


8.384769 9.002758 -81.250000 
9.005863 8.384769 -76.881250 
4.344553 14.285162 -75.000000 
8.384769 9.002758 -81.250000


47.513691 3.726564 -79.381250 
50.305509 1.242188 -80.625000 
48.134785 0.931641 -76.881250 
47.513691 3.726564 -79.381250


21.427743 12.108228 -80.625000 
22.048837 13.042974 -81.881250 
24.222666 11.490239 -79.381250 
21.427743 12.108228 -80.625000


17.080085 25.778506 -93.750000 
18.632820 26.396495 -93.756250 
20.499207 26.396495 -93.750000 
17.080085 25.778506 -93.750000


7.139476 17.080085 -90.000000 
9.626957 18.946472 -86.250000 
13.660963 23.291025 -90.000000 
7.139476 17.080085 -90.000000


8.695316 18.325378 -93.750000 
13.660963 23.291025 -90.000000 
12.111333 21.117196 -93.756250 
8.695316 18.325378 -93.750000


8.695316 18.325378 -93.750000 
7.139476 17.080085 -90.000000 
13.660963 23.291025 -90.000000 
8.695316 18.325378 -93.750000


5.900393 12.421880 -93.756250 
6.521487 11.176587 -90.625000 
4.658205 12.729322 -91.875000 
5.900393 12.421880 -93.756250


5.900393 12.421880 -93.756250 
7.766780 12.732427 -90.625000 
6.521487 11.176587 -90.625000 
5.900393 12.421880 -93.756250


9.626957 18.946472 -86.250000 
7.139476 17.080085 -90.000000 
5.279299 15.216803 -86.243750 
9.626957 18.946472 -86.250000


13.353521 18.322273 -91.881250 
16.148444 18.322273 -90.006250 
12.421880 16.766433 -91.250000 
13.353521 18.322273 -91.881250


15.841002 12.111333 -83.750000 
20.185555 14.595709 -84.381250 
19.564461 13.353521 -83.131250 
15.841002 12.111333 -83.750000


4.655100 15.837897 -80.000000 
5.279299 15.216803 -86.243750 
4.344553 14.595709 -80.625000 
4.655100 15.837897 -80.000000


6.207835 15.837897 -84.375000 
5.279299 15.216803 -86.243750 
4.655100 15.837897 -80.000000 
6.207835 15.837897 -84.375000


54.038283 -12.732427 -74.375000 
53.727736 -15.527350 -68.750000 
54.659377 -17.701179 -71.250000 
54.038283 -12.732427 -74.375000


8.384769 9.002758 -81.250000 
11.179692 8.074222 -79.381250 
10.244946 7.453128 -76.250000 
8.384769 9.002758 -81.250000


9.005863 8.384769 -76.881250 
8.384769 9.002758 -81.250000 
10.244946 7.453128 -76.250000 
9.005863 8.384769 -76.881250


8.384769 9.002758 -81.250000 
5.589846 13.042974 -83.756250 
8.074222 9.623852 -83.125000 
8.384769 9.002758 -81.250000


4.658205 14.595709 -93.756250 
9.316410 16.148444 -93.756250 
5.900393 12.421880 -93.756250 
4.658205 14.595709 -93.756250


52.792990 -8.074222 -75.631250 
51.864454 -5.279299 -75.000000 
52.175001 -8.695316 -71.875000 
52.792990 -8.074222 -75.631250


9.316410 16.148444 -93.756250 
10.869145 16.148444 -91.881250 
5.900393 12.421880 -93.756250 
9.316410 16.148444 -93.756250


9.316410 14.592604 -91.250000 
5.900393 12.421880 -93.756250 
10.869145 16.148444 -91.881250 
9.316410 14.592604 -91.250000


7.766780 12.732427 -90.625000 
13.356626 14.285162 -87.500000 
6.521487 11.176587 -90.625000 
7.766780 12.732427 -90.625000


13.353521 12.111333 -85.006250 
6.521487 11.176587 -90.625000 
13.356626 14.285162 -87.500000 
13.353521 12.111333 -85.006250


10.558598 4.658205 -71.881250 
10.244946 7.453128 -76.250000 
12.732427 6.518382 -76.250000 
10.558598 4.658205 -71.881250


39.750016 12.421880 -81.881250 
40.681657 10.869145 -81.256250 
35.712905 12.111333 -80.631250 
39.750016 12.421880 -81.881250


10.869145 16.148444 -91.881250 
12.421880 16.766433 -91.250000 
14.906256 15.524245 -88.125000 
10.869145 16.148444 -91.881250


13.356626 14.285162 -87.500000 
10.869145 16.148444 -91.881250 
14.906256 15.524245 -88.125000 
13.356626 14.285162 -87.500000


14.906256 10.555493 -81.875000 
13.353521 12.111333 -85.006250 
15.841002 12.111333 -83.750000 
14.906256 10.555493 -81.875000


8.381664 2.173829 -63.125000 
7.450023 -2.173829 -63.125000 
8.071117 0.931641 -60.000000 
8.381664 2.173829 -63.125000


5.586741 12.732427 -73.125000 
4.344553 14.285162 -75.000000 
9.005863 8.384769 -76.881250 
5.586741 12.732427 -73.125000


5.276194 13.353521 -86.250000 
4.344553 14.595709 -91.250000 
4.658205 12.729322 -91.875000 
5.276194 13.353521 -86.250000


6.521487 11.176587 -90.625000 
5.276194 13.353521 -86.250000 
4.658205 12.729322 -91.875000 
6.521487 11.176587 -90.625000


5.276194 13.353521 -86.250000 
7.763675 10.244946 -85.625000 
5.589846 13.042974 -83.756250 
5.276194 13.353521 -86.250000


10.248051 9.626957 -82.506250 
14.906256 10.555493 -81.875000 
13.664068 9.626957 -80.631250 
10.248051 9.626957 -82.506250


7.142581 -3.105470 -64.381250 
8.381664 2.173829 -63.125000 
9.316410 3.416017 -68.131250 
7.142581 -3.105470 -64.381250


6.518382 16.148444 -67.500000 
4.965647 15.527350 -70.625000 
5.276194 14.595709 -67.500000 
6.518382 16.148444 -67.500000


7.142581 18.014831 -74.375000 
4.655100 15.837897 -80.000000 
4.344553 14.285162 -75.000000 
7.142581 18.014831 -74.375000


7.142581 17.083190 -80.000000 
4.655100 15.837897 -80.000000 
7.142581 18.014831 -74.375000 
7.142581 17.083190 -80.000000


7.763675 17.393737 -60.625000 
8.695316 17.083190 -56.875000 
10.558598 18.325378 -58.125000 
7.763675 17.393737 -60.625000


9.937504 2.484376 -69.381250 
12.421880 4.347658 -71.256250 
13.042974 2.794923 -69.381250 
9.937504 2.484376 -69.381250


4.655100 15.837897 -80.000000 
4.344553 14.595709 -80.625000 
4.344553 14.285162 -75.000000 
4.655100 15.837897 -80.000000


7.142581 18.014831 -74.375000 
10.248051 20.809754 -71.875000 
8.384769 18.635925 -75.000000 
7.142581 18.014831 -74.375000


13.353521 12.111333 -85.006250 
10.248051 9.626957 -82.506250 
7.763675 10.244946 -85.625000 
13.353521 12.111333 -85.006250


10.558598 4.658205 -71.881250 
12.732427 6.518382 -76.250000 
9.937504 2.484376 -69.381250 
10.558598 4.658205 -71.881250


12.421880 4.347658 -71.256250 
9.937504 2.484376 -69.381250 
12.732427 6.518382 -76.250000 
12.421880 4.347658 -71.256250


5.589846 13.042974 -83.756250 
8.384769 9.002758 -81.250000 
4.344553 14.595709 -80.625000 
5.589846 13.042974 -83.756250


4.344553 14.285162 -75.000000 
4.344553 14.595709 -80.625000 
8.384769 9.002758 -81.250000 
4.344553 14.285162 -75.000000


23.912119 4.968752 -69.381250 
25.464854 0.000000 -65.631250 
22.669931 -1.552735 -65.006250 
23.912119 4.968752 -69.381250


9.005863 8.384769 -76.881250 
10.244946 7.453128 -76.250000 
10.558598 4.658205 -71.881250 
9.005863 8.384769 -76.881250


10.244946 7.453128 -76.250000 
11.179692 8.074222 -79.381250 
12.732427 6.518382 -76.250000 
10.244946 7.453128 -76.250000


10.248051 9.626957 -82.506250 
13.353521 12.111333 -85.006250 
14.906256 10.555493 -81.875000 
10.248051 9.626957 -82.506250


8.074222 9.623852 -83.125000 
7.763675 10.244946 -85.625000 
10.248051 9.626957 -82.506250 
8.074222 9.623852 -83.125000


48.134785 -6.210940 -70.631250 
49.998067 -5.279299 -74.381250 
50.308614 -6.521487 -73.756250 
48.134785 -6.210940 -70.631250


9.626957 1.242188 -68.131250 
7.142581 -3.105470 -64.381250 
9.316410 3.416017 -68.131250 
9.626957 1.242188 -68.131250


13.974615 20.499207 -61.875000 
20.185555 21.741395 -60.625000 
14.906256 20.809754 -67.500000 
13.974615 20.499207 -61.875000


7.763675 10.244946 -85.625000 
6.521487 11.176587 -90.625000 
13.353521 12.111333 -85.006250 
7.763675 10.244946 -85.625000


4.658205 14.595709 -93.756250 
5.900393 12.421880 -93.756250 
4.658205 12.729322 -91.875000 
4.658205 14.595709 -93.756250


4.344553 14.595709 -91.250000 
4.658205 14.595709 -93.756250 
4.658205 12.729322 -91.875000 
4.344553 14.595709 -91.250000


8.074222 9.623852 -83.125000 
11.179692 8.074222 -79.381250 
8.384769 9.002758 -81.250000 
8.074222 9.623852 -83.125000


8.074222 9.623852 -83.125000 
10.248051 9.626957 -82.506250 
11.179692 8.074222 -79.381250 
8.074222 9.623852 -83.125000


13.664068 9.626957 -80.631250 
11.179692 8.074222 -79.381250 
10.248051 9.626957 -82.506250 
13.664068 9.626957 -80.631250


13.042974 2.794923 -69.381250 
14.595709 6.828929 -76.250000 
15.837897 4.037111 -70.006250 
13.042974 2.794923 -69.381250


18.322273 21.120301 -67.500000 
20.185555 21.741395 -60.625000 
22.359384 22.051942 -61.875000 
18.322273 21.120301 -67.500000


29.191418 24.225771 -79.375000 
27.328136 24.225771 -76.875000 
30.433606 22.669931 -75.618750 
29.191418 24.225771 -79.375000


12.732427 6.518382 -76.250000 
11.179692 8.074222 -79.381250 
14.595709 6.828929 -76.250000 
12.732427 6.518382 -76.250000


11.179692 8.074222 -79.381250 
13.664068 9.626957 -80.631250 
14.595709 6.828929 -76.250000 
11.179692 8.074222 -79.381250


13.042974 2.794923 -69.381250 
9.626957 1.242188 -68.131250 
9.937504 2.484376 -69.381250 
13.042974 2.794923 -69.381250


13.042974 2.794923 -69.381250 
12.421880 0.617989 -66.875000 
9.626957 1.242188 -68.131250 
13.042974 2.794923 -69.381250


7.760570 -1.242188 -55.000000 
8.071117 0.931641 -60.000000 
6.832034 -3.726564 -58.118750 
7.760570 -1.242188 -55.000000


26.707042 19.564461 -44.368750 
28.880871 18.943367 -44.993750 
25.154307 20.188660 -48.750000 
26.707042 19.564461 -44.368750


5.586741 12.732427 -73.125000 
9.937504 2.484376 -69.381250 
9.316410 3.416017 -68.131250 
5.586741 12.732427 -73.125000


9.005863 8.384769 -76.881250 
9.937504 2.484376 -69.381250 
5.586741 12.732427 -73.125000 
9.005863 8.384769 -76.881250


5.586741 12.732427 -73.125000 
9.316410 3.416017 -68.131250 
6.207835 12.421880 -66.875000 
5.586741 12.732427 -73.125000


6.207835 12.421880 -66.875000 
9.316410 3.416017 -68.131250 
8.381664 2.173829 -63.125000 
6.207835 12.421880 -66.875000


7.450023 -2.173829 -63.125000 
6.521487 -4.971857 -61.875000 
8.071117 0.931641 -60.000000 
7.450023 -2.173829 -63.125000


6.832034 -3.726564 -58.118750 
8.071117 0.931641 -60.000000 
6.521487 -4.971857 -61.875000 
6.832034 -3.726564 -58.118750


23.912119 4.968752 -69.381250 
22.669931 -1.552735 -65.006250 
20.806649 0.931641 -66.256250 
23.912119 4.968752 -69.381250


27.328136 0.621094 -66.256250 
23.912119 4.968752 -69.381250 
27.017589 1.863282 -66.881250 
27.328136 0.621094 -66.256250


25.464854 0.000000 -65.631250 
23.912119 4.968752 -69.381250 
27.328136 0.621094 -66.256250 
25.464854 0.000000 -65.631250


8.074222 14.285162 -44.368750 
9.937504 16.151549 -50.000000 
6.828929 13.353521 -52.500000 
8.074222 14.285162 -44.368750


6.828929 13.353521 -52.500000 
7.453128 12.732427 -44.368750 
8.074222 14.285162 -44.368750 
6.828929 13.353521 -52.500000


10.558598 18.325378 -58.125000 
8.695316 17.083190 -56.875000 
11.800786 18.946472 -55.625000 
10.558598 18.325378 -58.125000


7.760570 -1.242188 -55.000000 
7.763675 -2.487481 -53.750000 
8.381664 1.242188 -53.125000 
7.760570 -1.242188 -55.000000


42.544939 16.458991 -85.006250 
41.302751 15.837897 -84.381250 
38.507828 17.080085 -84.381250 
42.544939 16.458991 -85.006250


42.544939 16.458991 -85.006250 
38.507828 17.080085 -84.381250 
40.060563 19.257019 -85.625000 
42.544939 16.458991 -85.006250


8.071117 0.931641 -60.000000 
7.760570 -1.242188 -55.000000 
6.521487 11.797681 -56.875000 
8.071117 0.931641 -60.000000


8.381664 1.242188 -53.125000 
6.521487 11.797681 -56.875000 
7.760570 -1.242188 -55.000000 
8.381664 1.242188 -53.125000


9.316410 19.257019 -65.625000 
9.937504 20.188660 -67.500000 
6.518382 16.148444 -67.500000 
9.316410 19.257019 -65.625000


5.276194 14.595709 -67.500000 
6.207835 12.421880 -66.875000 
5.589846 12.421880 -60.631250 
5.276194 14.595709 -67.500000


5.586741 14.285162 -58.125000 
5.276194 14.595709 -67.500000 
5.589846 12.421880 -60.631250 
5.586741 14.285162 -58.125000


6.518382 16.148444 -61.875000 
5.276194 14.595709 -67.500000 
5.586741 14.285162 -58.125000 
6.518382 16.148444 -61.875000


5.586741 14.285162 -58.125000 
5.589846 12.421880 -60.631250 
6.521487 11.797681 -56.875000 
5.586741 14.285162 -58.125000


5.586741 14.285162 -58.125000 
7.763675 17.393737 -60.625000 
6.518382 16.148444 -61.875000 
5.586741 14.285162 -58.125000


5.589846 12.421880 -60.631250 
6.207835 12.421880 -66.875000 
8.381664 2.173829 -63.125000 
5.589846 12.421880 -60.631250


15.216803 22.359384 -71.243750 
14.906256 20.809754 -67.500000 
20.185555 21.741395 -60.625000 
15.216803 22.359384 -71.243750


18.322273 21.120301 -67.500000 
15.216803 22.359384 -71.243750 
20.185555 21.741395 -60.625000 
18.322273 21.120301 -67.500000


7.142581 11.487134 -52.500000 
8.381664 1.242188 -53.125000 
8.381664 -0.621094 -48.125000 
7.142581 11.487134 -52.500000


6.521487 11.797681 -56.875000 
8.381664 1.242188 -53.125000 
7.142581 11.487134 -52.500000 
6.521487 11.797681 -56.875000


19.253914 19.878113 -46.875000 
22.669931 20.188660 -45.625000 
21.117196 20.188660 -50.000000 
19.253914 19.878113 -46.875000


28.883976 21.738290 -70.000000 
30.433606 20.496102 -68.743750 
31.678899 21.117196 -72.500000 
28.883976 21.738290 -70.000000


18.632820 19.875008 -43.118750 
20.185555 19.878113 -41.875000 
22.669931 20.188660 -45.625000 
18.632820 19.875008 -43.118750


24.536318 10.558598 -78.125000 
25.775401 8.692211 -75.625000 
22.048837 10.244946 -78.125000 
24.536318 10.558598 -78.125000


22.048837 8.695316 -75.631250 
22.048837 10.244946 -78.125000 
25.775401 8.692211 -75.625000 
22.048837 8.695316 -75.631250


18.632820 2.484376 -67.506250 
18.322273 4.347658 -69.381250 
20.806649 0.931641 -66.256250 
18.632820 2.484376 -67.506250


27.017589 1.863282 -66.881250 
23.912119 4.968752 -69.381250 
27.328136 5.589846 -70.006250 
27.017589 1.863282 -66.881250


25.775401 8.692211 -75.625000 
23.912119 4.968752 -69.381250 
22.048837 8.695316 -75.631250 
25.775401 8.692211 -75.625000


29.812512 20.188660 -60.625000 
30.433606 20.496102 -68.743750 
27.328136 21.427743 -66.868750 
29.812512 20.188660 -60.625000


19.875008 -1.552735 -65.006250 
18.632820 2.484376 -67.506250 
20.806649 0.931641 -66.256250 
19.875008 -1.552735 -65.006250


20.185555 19.878113 -41.875000 
24.222666 20.185555 -44.368750 
22.669931 20.188660 -45.625000 
20.185555 19.878113 -41.875000


36.333999 0.307442 -68.125000 
36.023452 -3.726564 -65.631250 
31.054700 -1.863282 -65.631250 
36.333999 0.307442 -68.125000


19.253914 19.878113 -46.875000 
18.632820 19.875008 -43.118750 
22.669931 20.188660 -45.625000 
19.253914 19.878113 -46.875000


27.952335 19.253914 -51.250000 
29.505070 19.253914 -54.375000 
26.707042 20.185555 -53.743750 
27.952335 19.253914 -51.250000


26.707042 20.185555 -53.743750 
28.259777 20.499207 -56.875000 
24.222666 20.809754 -56.875000 
26.707042 20.185555 -53.743750


29.505070 19.253914 -54.375000 
28.259777 20.499207 -56.875000 
26.707042 20.185555 -53.743750 
29.505070 19.253914 -54.375000


21.117196 20.188660 -50.000000 
14.906256 19.257019 -48.750000 
19.253914 19.878113 -46.875000 
21.117196 20.188660 -50.000000


18.011726 9.937504 -79.381250 
14.906256 10.555493 -81.875000 
16.769538 10.866040 -81.250000 
18.011726 9.937504 -79.381250


18.011726 9.937504 -79.381250 
13.664068 9.626957 -80.631250 
14.906256 10.555493 -81.875000 
18.011726 9.937504 -79.381250


27.328136 21.427743 -66.868750 
30.433606 20.496102 -68.743750 
28.883976 21.738290 -70.000000 
27.328136 21.427743 -66.868750


36.023452 -3.726564 -65.631250 
37.886734 -3.416017 -66.256250 
37.265640 -5.279299 -65.006250 
36.023452 -3.726564 -65.631250


25.154307 20.188660 -48.750000 
28.880871 18.943367 -44.993750 
27.952335 19.253914 -51.250000 
25.154307 20.188660 -48.750000


37.576187 0.307442 -68.750000 
36.333999 0.307442 -68.125000 
34.160170 2.484376 -68.756250 
37.576187 0.307442 -68.750000


30.433606 22.669931 -75.618750 
27.328136 24.225771 -76.875000 
28.259777 22.983583 -74.375000 
30.433606 22.669931 -75.618750


18.011726 9.937504 -79.381250 
16.769538 10.866040 -81.250000 
21.427743 12.108228 -80.625000 
18.011726 9.937504 -79.381250


27.328136 5.589846 -70.006250 
23.912119 4.968752 -69.381250 
25.775401 8.692211 -75.625000 
27.328136 5.589846 -70.006250


24.533213 16.458991 -84.381250 
24.533213 21.117196 -87.506250 
30.744153 17.080085 -83.756250 
24.533213 16.458991 -84.381250


27.328136 24.225771 -76.875000 
25.464854 24.222666 -76.243750 
25.775401 23.294130 -72.500000 
27.328136 24.225771 -76.875000


28.259777 22.983583 -74.375000 
27.328136 24.225771 -76.875000 
25.775401 23.294130 -72.500000 
28.259777 22.983583 -74.375000


21.117196 20.188660 -50.000000 
25.154307 20.188660 -48.750000 
22.359384 20.499207 -54.375000 
21.117196 20.188660 -50.000000


15.841002 12.111333 -83.750000 
18.011726 12.418775 -82.500000 
16.769538 10.866040 -81.250000 
15.841002 12.111333 -83.750000


30.433606 22.669931 -75.618750 
33.539076 22.362489 -80.000000 
31.054700 23.294130 -79.375000 
30.433606 22.669931 -75.618750


30.433606 22.669931 -75.618750 
34.470717 20.496102 -76.243750 
33.539076 22.362489 -80.000000 
30.433606 22.669931 -75.618750


18.322273 4.347658 -69.381250 
14.595709 6.828929 -76.250000 
19.875008 8.384769 -75.618750 
18.322273 4.347658 -69.381250


22.048837 8.695316 -75.631250 
23.912119 4.968752 -69.381250 
19.875008 8.384769 -75.618750 
22.048837 8.695316 -75.631250


23.912119 4.968752 -69.381250 
18.322273 4.347658 -69.381250 
19.875008 8.384769 -75.618750 
23.912119 4.968752 -69.381250


19.875008 8.384769 -75.618750 
14.595709 6.828929 -76.250000 
18.011726 9.937504 -79.381250 
19.875008 8.384769 -75.618750


18.011726 9.937504 -79.381250 
22.048837 10.244946 -78.125000 
22.048837 8.695316 -75.631250 
18.011726 9.937504 -79.381250


18.011726 9.937504 -79.381250 
22.048837 8.695316 -75.631250 
19.875008 8.384769 -75.618750 
18.011726 9.937504 -79.381250


25.154307 26.089053 -91.250000 
20.499207 26.396495 -93.750000 
22.048837 25.778506 -84.375000 
25.154307 26.089053 -91.250000


18.014831 18.322273 -88.750000 
16.148444 18.322273 -90.006250 
18.632820 20.185555 -90.006250 
18.014831 18.322273 -88.750000


35.402358 18.632820 -74.368750 
37.265640 18.011726 -76.243750 
36.647651 19.253914 -77.500000 
35.402358 18.632820 -74.368750


14.595709 6.828929 -76.250000 
13.664068 9.626957 -80.631250 
18.011726 9.937504 -79.381250 
14.595709 6.828929 -76.250000


24.533213 16.458991 -84.381250 
21.117196 19.875008 -88.131250 
24.533213 21.117196 -87.506250 
24.533213 16.458991 -84.381250


24.533213 16.458991 -84.381250 
21.738290 18.943367 -86.881250 
21.117196 19.875008 -88.131250 
24.533213 16.458991 -84.381250


35.402358 18.632820 -74.368750 
38.821480 14.595709 -68.125000 
37.265640 18.011726 -76.243750 
35.402358 18.632820 -74.368750


31.365247 13.356626 -5.625000 
32.607435 12.111333 -4.993750 
34.160170 11.803891 -10.000000 
31.365247 13.356626 -5.625000


42.541834 -6.210940 -66.250000 
37.886734 -3.416017 -66.256250 
43.787127 -4.037111 -68.131250 
42.541834 -6.210940 -66.250000


23.601572 22.362489 -70.000000 
25.775401 23.294130 -72.500000 
22.359384 24.222666 -74.993750 
23.601572 22.362489 -70.000000


29.191418 24.225771 -79.375000 
24.533213 25.778506 -81.875000 
27.328136 24.225771 -76.875000 
29.191418 24.225771 -79.375000


24.843760 13.974615 -81.881250 
22.048837 13.042974 -81.881250 
26.085948 15.216803 -83.131250 
24.843760 13.974615 -81.881250


45.342967 7.453128 -70.000000 
40.995309 12.732427 -69.375000 
43.169138 9.005863 -67.500000 
45.342967 7.453128 -70.000000


42.855486 11.182797 -72.500000 
40.995309 12.732427 -69.375000 
45.342967 7.453128 -70.000000 
42.855486 11.182797 -72.500000


22.048837 15.527350 -84.381250 
24.533213 16.458991 -84.381250 
26.085948 15.216803 -83.131250 
22.048837 15.527350 -84.381250


43.169138 13.042974 -80.000000 
42.544939 16.458991 -85.006250 
39.128922 17.080085 -78.118750 
43.169138 13.042974 -80.000000


24.533213 21.117196 -87.506250 
27.328136 22.359384 -87.506250 
29.191418 21.117196 -86.256250 
24.533213 21.117196 -87.506250


22.359384 24.222666 -74.993750 
25.464854 24.222666 -76.243750 
21.427743 25.157412 -76.875000 
22.359384 24.222666 -74.993750


22.048837 15.527350 -84.381250 
20.185555 14.595709 -84.381250 
18.322273 16.458991 -86.881250 
22.048837 15.527350 -84.381250


26.085948 21.741395 -65.625000 
29.812512 20.188660 -60.625000 
27.328136 21.427743 -66.868750 
26.085948 21.741395 -65.625000


17.080085 23.915224 -82.500000 
16.148444 23.294130 -85.625000 
14.285162 22.983583 -86.250000 
17.080085 23.915224 -82.500000


17.080085 23.915224 -82.500000 
14.285162 22.983583 -86.250000 
14.906256 22.983583 -80.000000 
17.080085 23.915224 -82.500000


22.048837 13.042974 -81.881250 
24.843760 13.974615 -81.881250 
26.396495 12.732427 -80.631250 
22.048837 13.042974 -81.881250


22.048837 13.042974 -81.881250 
26.396495 12.732427 -80.631250 
24.222666 11.490239 -79.381250 
22.048837 13.042974 -81.881250


36.647651 20.806649 -81.875000 
38.510933 20.185555 -85.000000 
34.470717 22.362489 -82.500000 
36.647651 20.806649 -81.875000


43.169138 13.042974 -80.000000 
45.032420 13.042974 -84.375000 
42.544939 16.458991 -85.006250 
43.169138 13.042974 -80.000000


26.085948 15.216803 -83.131250 
30.744153 17.080085 -83.756250 
31.675794 13.974615 -81.256250 
26.085948 15.216803 -83.131250


15.841002 16.148444 -88.125000 
18.014831 18.322273 -88.750000 
18.322273 16.458991 -86.881250 
15.841002 16.148444 -88.125000


15.841002 16.148444 -88.125000 
16.148444 18.322273 -90.006250 
18.014831 18.322273 -88.750000 
15.841002 16.148444 -88.125000


18.014831 18.322273 -88.750000 
21.117196 19.875008 -88.131250 
21.738290 18.943367 -86.881250 
18.014831 18.322273 -88.750000


15.841002 12.111333 -83.750000 
16.148444 14.285162 -85.631250 
20.185555 14.595709 -84.381250 
15.841002 12.111333 -83.750000


37.576187 10.248051 -79.368750 
35.402358 11.179692 -79.381250 
35.712905 12.111333 -80.631250 
37.576187 10.248051 -79.368750


18.011726 12.418775 -82.500000 
19.564461 13.353521 -83.131250 
22.048837 13.042974 -81.881250 
18.011726 12.418775 -82.500000


16.769538 10.866040 -81.250000 
22.048837 13.042974 -81.881250 
21.427743 12.108228 -80.625000 
16.769538 10.866040 -81.250000


16.769538 10.866040 -81.250000 
18.011726 12.418775 -82.500000 
22.048837 13.042974 -81.881250 
16.769538 10.866040 -81.250000


19.564461 13.353521 -83.131250 
20.185555 14.595709 -84.381250 
22.048837 13.042974 -81.881250 
19.564461 13.353521 -83.131250


31.054700 23.294130 -79.375000 
33.539076 22.362489 -80.000000 
34.470717 22.362489 -82.500000 
31.054700 23.294130 -79.375000


18.322273 16.458991 -86.881250 
24.533213 16.458991 -84.381250 
22.048837 15.527350 -84.381250 
18.322273 16.458991 -86.881250


18.322273 16.458991 -86.881250 
21.738290 18.943367 -86.881250 
24.533213 16.458991 -84.381250 
18.322273 16.458991 -86.881250


26.085948 15.216803 -83.131250 
30.123059 13.353521 -80.631250 
26.396495 12.732427 -80.631250 
26.085948 15.216803 -83.131250


36.644546 16.462096 -65.000000 
33.231634 19.875008 -72.500000 
30.433606 20.496102 -68.743750 
36.644546 16.462096 -65.000000


45.964061 1.863282 -58.125000 
42.548044 6.521487 -56.875000 
44.721873 3.416017 -55.625000 
45.964061 1.863282 -58.125000


32.610540 23.912119 -86.250000 
32.296888 24.533213 -88.756250 
30.744153 25.775401 -89.381250 
32.610540 23.912119 -86.250000


32.610540 23.912119 -86.250000 
30.744153 25.775401 -89.381250 
29.501965 25.464854 -86.243750 
32.610540 23.912119 -86.250000


24.222666 11.490239 -79.381250 
24.536318 10.558598 -78.125000 
22.048837 10.244946 -78.125000 
24.222666 11.490239 -79.381250


26.707042 20.809754 -60.000000 
22.359384 22.051942 -61.875000 
22.669931 21.430848 -58.750000 
26.707042 20.809754 -60.000000


29.501965 25.464854 -86.243750 
29.191418 24.225771 -79.375000 
31.054700 23.294130 -79.375000 
29.501965 25.464854 -86.243750


29.501965 25.464854 -86.243750 
28.570324 24.536318 -82.500000 
29.191418 24.225771 -79.375000 
29.501965 25.464854 -86.243750


25.154307 26.089053 -91.250000 
27.638683 24.536318 -89.375000 
23.601572 22.669931 -88.756250 
25.154307 26.089053 -91.250000


18.632820 26.396495 -93.756250 
22.048837 25.778506 -84.375000 
20.499207 26.396495 -93.750000 
18.632820 26.396495 -93.756250


22.048837 25.778506 -84.375000 
24.533213 25.778506 -81.875000 
28.259777 25.778506 -86.875000 
22.048837 25.778506 -84.375000


23.601572 22.669931 -88.756250 
24.533213 21.117196 -87.506250 
21.117196 19.875008 -88.131250 
23.601572 22.669931 -88.756250


14.285162 22.983583 -86.250000 
16.148444 23.294130 -85.625000 
18.322273 24.225771 -88.750000 
14.285162 22.983583 -86.250000


29.191418 21.117196 -86.256250 
34.781264 23.291025 -88.756250 
32.917982 19.564461 -85.006250 
29.191418 21.117196 -86.256250


34.470717 22.362489 -82.500000 
32.610540 23.912119 -86.250000 
29.501965 25.464854 -86.243750 
34.470717 22.362489 -82.500000


34.470717 22.362489 -82.500000 
29.501965 25.464854 -86.243750 
31.054700 23.294130 -79.375000 
34.470717 22.362489 -82.500000


21.117196 19.875008 -88.131250 
18.014831 18.322273 -88.750000 
18.632820 20.185555 -90.006250 
21.117196 19.875008 -88.131250


35.091811 15.837897 -83.131250 
35.712905 18.011726 -84.381250 
38.507828 17.080085 -84.381250 
35.091811 15.837897 -83.131250


27.328136 22.359384 -87.506250 
24.533213 21.117196 -87.506250 
27.638683 24.536318 -89.375000 
27.328136 22.359384 -87.506250


23.601572 22.669931 -88.756250 
27.638683 24.536318 -89.375000 
24.533213 21.117196 -87.506250 
23.601572 22.669931 -88.756250


34.470717 22.362489 -82.500000 
38.510933 20.185555 -85.000000 
34.781264 23.291025 -88.756250 
34.470717 22.362489 -82.500000


13.664068 21.117196 -93.756250 
20.499207 26.396495 -93.750000 
18.632820 20.185555 -90.006250 
13.664068 21.117196 -93.756250


20.499207 26.396495 -93.750000 
20.806649 21.738290 -89.381250 
18.632820 20.185555 -90.006250 
20.499207 26.396495 -93.750000


13.664068 21.117196 -93.756250 
15.216803 24.222666 -93.756250 
20.499207 26.396495 -93.750000 
13.664068 21.117196 -93.756250


23.601572 22.669931 -88.756250 
20.806649 21.738290 -89.381250 
25.154307 26.089053 -91.250000 
23.601572 22.669931 -88.756250


24.533213 25.778506 -81.875000 
28.570324 24.536318 -82.500000 
29.501965 25.464854 -86.243750 
24.533213 25.778506 -81.875000


28.259777 25.778506 -86.875000 
24.533213 25.778506 -81.875000 
29.501965 25.464854 -86.243750 
28.259777 25.778506 -86.875000


18.632820 22.359384 -71.243750 
22.359384 22.051942 -61.875000 
22.359384 22.051942 -69.375000 
18.632820 22.359384 -71.243750


18.632820 22.359384 -71.243750 
18.322273 21.120301 -67.500000 
22.359384 22.051942 -61.875000 
18.632820 22.359384 -71.243750


25.154307 26.089053 -91.250000 
20.806649 21.738290 -89.381250 
20.499207 26.396495 -93.750000 
25.154307 26.089053 -91.250000


15.216803 24.222666 -93.756250 
13.660963 23.291025 -90.000000 
17.080085 25.778506 -93.750000 
15.216803 24.222666 -93.756250


28.883976 21.738290 -70.000000 
26.085948 21.741395 -65.625000 
27.328136 21.427743 -66.868750 
28.883976 21.738290 -70.000000


28.883976 21.738290 -70.000000 
25.775401 23.294130 -72.500000 
26.085948 21.741395 -65.625000 
28.883976 21.738290 -70.000000


18.322273 24.225771 -88.750000 
18.632820 26.396495 -93.756250 
17.080085 25.778506 -93.750000 
18.322273 24.225771 -88.750000


30.123059 13.353521 -80.631250 
26.085948 15.216803 -83.131250 
31.675794 13.974615 -81.256250 
30.123059 13.353521 -80.631250


24.533213 25.778506 -81.875000 
25.464854 24.222666 -76.243750 
27.328136 24.225771 -76.875000 
24.533213 25.778506 -81.875000


33.849623 16.462096 -48.125000 
33.539076 17.393737 -57.500000 
31.675794 18.325378 -56.250000 
33.849623 16.462096 -48.125000


26.396495 26.089053 -90.000000 
25.154307 26.089053 -91.250000 
22.048837 25.778506 -84.375000 
26.396495 26.089053 -90.000000


18.322273 24.225771 -88.750000 
16.148444 23.294130 -85.625000 
20.185555 24.846865 -85.625000 
18.322273 24.225771 -88.750000


24.533213 25.778506 -81.875000 
20.185555 25.467959 -81.250000 
21.427743 25.157412 -76.875000 
24.533213 25.778506 -81.875000


26.396495 26.089053 -90.000000 
22.048837 25.778506 -84.375000 
28.259777 25.778506 -86.875000 
26.396495 26.089053 -90.000000


16.148444 23.291025 -73.118750 
22.359384 24.222666 -74.993750 
21.427743 25.157412 -76.875000 
16.148444 23.291025 -73.118750


17.080085 24.536318 -76.875000 
16.148444 23.291025 -73.118750 
21.427743 25.157412 -76.875000 
17.080085 24.536318 -76.875000


20.185555 24.846865 -85.625000 
17.080085 23.915224 -82.500000 
20.185555 25.467959 -81.250000 
20.185555 24.846865 -85.625000


22.048837 25.778506 -84.375000 
20.185555 25.467959 -81.250000 
24.533213 25.778506 -81.875000 
22.048837 25.778506 -84.375000


25.464854 24.222666 -76.243750 
24.533213 25.778506 -81.875000 
21.427743 25.157412 -76.875000 
25.464854 24.222666 -76.243750


29.812512 3.416017 -8.743750 
28.880871 0.000000 -9.993750 
31.054700 1.549630 -10.000000 
29.812512 3.416017 -8.743750


24.533213 21.117196 -87.506250 
29.191418 21.117196 -86.256250 
30.744153 17.080085 -83.756250 
24.533213 21.117196 -87.506250


40.060563 19.257019 -85.625000 
38.507828 17.080085 -84.381250 
37.886734 18.632820 -85.006250 
40.060563 19.257019 -85.625000


15.216803 22.359384 -71.243750 
16.148444 23.291025 -73.118750 
11.800786 21.427743 -69.368750 
15.216803 22.359384 -71.243750


25.775401 23.294130 -72.500000 
28.883976 21.738290 -70.000000 
28.259777 22.983583 -74.375000 
25.775401 23.294130 -72.500000


18.632820 22.359384 -71.243750 
16.148444 23.291025 -73.118750 
15.216803 22.359384 -71.243750 
18.632820 22.359384 -71.243750


15.527350 23.915224 -75.625000 
11.800786 21.427743 -69.368750 
16.148444 23.291025 -73.118750 
15.527350 23.915224 -75.625000


15.527350 23.915224 -75.625000 
13.042974 22.362489 -74.375000 
11.800786 21.427743 -69.368750 
15.527350 23.915224 -75.625000


25.464854 24.222666 -76.243750 
22.359384 24.222666 -74.993750 
25.775401 23.294130 -72.500000 
25.464854 24.222666 -76.243750


22.359384 22.051942 -61.875000 
26.085948 21.741395 -65.625000 
23.601572 22.362489 -70.000000 
22.359384 22.051942 -61.875000


31.678899 21.117196 -72.500000 
30.433606 22.669931 -75.618750 
28.883976 21.738290 -70.000000 
31.678899 21.117196 -72.500000


28.259777 22.983583 -74.375000 
28.883976 21.738290 -70.000000 
30.433606 22.669931 -75.618750 
28.259777 22.983583 -74.375000


43.479685 4.037111 -50.000000 
41.302751 7.456233 -48.750000 
41.302751 5.900393 -46.868750 
43.479685 4.037111 -50.000000


17.080085 24.536318 -76.875000 
15.527350 23.915224 -75.625000 
16.148444 23.291025 -73.118750 
17.080085 24.536318 -76.875000


18.632820 21.120301 -58.125000 
21.117196 20.188660 -50.000000 
22.359384 20.499207 -54.375000 
18.632820 21.120301 -58.125000


14.906256 22.983583 -80.000000 
18.322273 25.157412 -78.750000 
17.080085 23.915224 -82.500000 
14.906256 22.983583 -80.000000


14.906256 22.983583 -80.000000 
17.080085 24.536318 -76.875000 
18.322273 25.157412 -78.750000 
14.906256 22.983583 -80.000000


15.527350 20.809754 -56.875000 
21.117196 20.188660 -50.000000 
18.632820 21.120301 -58.125000 
15.527350 20.809754 -56.875000


18.322273 21.120301 -67.500000 
18.632820 22.359384 -71.243750 
15.216803 22.359384 -71.243750 
18.322273 21.120301 -67.500000


22.359384 22.051942 -69.375000 
23.601572 22.362489 -70.000000 
22.359384 24.222666 -74.993750 
22.359384 22.051942 -69.375000


18.632820 22.359384 -71.243750 
22.359384 22.051942 -69.375000 
22.359384 24.222666 -74.993750 
18.632820 22.359384 -71.243750


21.427743 12.108228 -80.625000 
24.222666 11.490239 -79.381250 
22.048837 10.244946 -78.125000 
21.427743 12.108228 -80.625000


16.148444 23.291025 -73.118750 
18.632820 22.359384 -71.243750 
22.359384 24.222666 -74.993750 
16.148444 23.291025 -73.118750


22.359384 22.051942 -61.875000 
23.601572 22.362489 -70.000000 
22.359384 22.051942 -69.375000 
22.359384 22.051942 -61.875000


22.359384 20.499207 -54.375000 
24.222666 20.809754 -56.875000 
22.669931 21.430848 -58.750000 
22.359384 20.499207 -54.375000


18.632820 21.120301 -58.125000 
22.359384 20.499207 -54.375000 
22.669931 21.430848 -58.750000 
18.632820 21.120301 -58.125000


17.080085 24.536318 -76.875000 
21.427743 25.157412 -76.875000 
18.322273 25.157412 -78.750000 
17.080085 24.536318 -76.875000


28.259777 20.499207 -56.875000 
29.505070 19.253914 -54.375000 
31.675794 18.325378 -56.250000 
28.259777 20.499207 -56.875000


26.085948 21.741395 -65.625000 
22.359384 22.051942 -61.875000 
26.707042 20.809754 -60.000000 
26.085948 21.741395 -65.625000


15.527350 20.809754 -56.875000 
18.632820 21.120301 -58.125000 
20.185555 21.741395 -60.625000 
15.527350 20.809754 -56.875000


15.527350 20.809754 -56.875000 
20.185555 21.741395 -60.625000 
15.527350 20.499207 -60.625000 
15.527350 20.809754 -56.875000


25.154307 20.188660 -48.750000 
21.117196 20.188660 -50.000000 
22.669931 20.188660 -45.625000 
25.154307 20.188660 -48.750000


25.154307 20.188660 -48.750000 
24.222666 20.185555 -44.368750 
26.707042 19.564461 -44.368750 
25.154307 20.188660 -48.750000


24.222666 20.185555 -44.368750 
25.154307 20.188660 -48.750000 
22.669931 20.188660 -45.625000 
24.222666 20.185555 -44.368750


14.906256 19.257019 -48.750000 
16.148444 19.878113 -44.375000 
19.253914 19.878113 -46.875000 
14.906256 19.257019 -48.750000


14.906256 19.257019 -48.750000 
14.592604 19.253914 -43.125000 
16.148444 19.878113 -44.375000 
14.906256 19.257019 -48.750000


14.592604 19.253914 -43.125000 
15.527350 19.253914 -42.506250 
16.148444 19.878113 -44.375000 
14.592604 19.253914 -43.125000


18.632820 19.875008 -43.118750 
19.253914 19.878113 -46.875000 
16.148444 19.878113 -44.375000 
18.632820 19.875008 -43.118750


15.527350 19.253914 -42.506250 
18.322273 19.875008 -42.506250 
16.148444 19.878113 -44.375000 
15.527350 19.253914 -42.506250


18.632820 19.875008 -43.118750 
16.148444 19.878113 -44.375000 
18.322273 19.875008 -42.506250 
18.632820 19.875008 -43.118750


20.185555 19.878113 -41.875000 
21.738290 19.257019 -36.250000 
24.222666 20.185555 -44.368750 
20.185555 19.878113 -41.875000


20.185555 19.878113 -41.875000 
20.806649 19.257019 -38.750000 
21.738290 19.257019 -36.250000 
20.185555 19.878113 -41.875000


21.738290 19.257019 -36.250000 
24.843760 18.635925 -38.125000 
24.222666 20.185555 -44.368750 
21.738290 19.257019 -36.250000


40.681657 10.869145 -81.256250 
37.576187 10.248051 -79.368750 
35.712905 12.111333 -80.631250 
40.681657 10.869145 -81.256250


39.439469 10.248051 -80.006250 
37.576187 10.248051 -79.368750 
40.681657 10.869145 -81.256250 
39.439469 10.248051 -80.006250


42.541834 -6.210940 -66.250000 
45.650409 -8.074222 -67.506250 
42.855486 -8.074222 -65.631250 
42.541834 -6.210940 -66.250000


33.231634 18.322273 -60.625000 
31.675794 18.325378 -56.250000 
33.539076 17.393737 -57.500000 
33.231634 18.322273 -60.625000


33.231634 18.322273 -60.625000 
29.812512 20.188660 -60.625000 
31.675794 18.325378 -56.250000 
33.231634 18.322273 -60.625000


34.160170 14.285162 -81.881250 
35.091811 15.837897 -83.131250 
36.955093 14.285162 -82.506250 
34.160170 14.285162 -81.881250


26.085948 15.216803 -83.131250 
24.533213 16.458991 -84.381250 
30.744153 17.080085 -83.756250 
26.085948 15.216803 -83.131250


30.433606 20.496102 -68.743750 
29.812512 20.188660 -60.625000 
33.231634 18.322273 -60.625000 
30.433606 20.496102 -68.743750


45.957851 0.310547 -74.375000 
38.818375 0.621094 -69.381250 
40.992204 4.658205 -74.993750 
45.957851 0.310547 -74.375000


33.231634 18.322273 -60.625000 
35.405463 17.080085 -61.875000 
30.433606 20.496102 -68.743750 
33.231634 18.322273 -60.625000


36.644546 16.462096 -65.000000 
30.433606 20.496102 -68.743750 
35.405463 17.080085 -61.875000 
36.644546 16.462096 -65.000000


36.647651 20.806649 -81.875000 
33.539076 22.362489 -80.000000 
36.647651 19.253914 -77.500000 
36.647651 20.806649 -81.875000


36.023452 14.906256 -58.118750 
37.889839 13.042974 -59.375000 
35.405463 17.080085 -61.875000 
36.023452 14.906256 -58.118750


33.539076 17.393737 -57.500000 
36.023452 14.906256 -58.118750 
35.405463 17.080085 -61.875000 
33.539076 17.393737 -57.500000


33.231634 18.322273 -60.625000 
33.539076 17.393737 -57.500000 
35.405463 17.080085 -61.875000 
33.231634 18.322273 -60.625000


39.753121 12.111333 -63.125000 
36.644546 16.462096 -65.000000 
35.405463 17.080085 -61.875000 
39.753121 12.111333 -63.125000


37.889839 13.042974 -59.375000 
39.753121 12.111333 -63.125000 
35.405463 17.080085 -61.875000 
37.889839 13.042974 -59.375000


42.855486 11.182797 -72.500000 
39.128922 17.080085 -78.118750 
40.063668 13.974615 -75.000000 
42.855486 11.182797 -72.500000


42.855486 11.182797 -72.500000 
43.169138 13.042974 -80.000000 
39.128922 17.080085 -78.118750 
42.855486 11.182797 -72.500000


38.197281 11.493344 -53.750000 
37.889839 13.042974 -59.375000 
36.023452 14.906256 -58.118750 
38.197281 11.493344 -53.750000


33.539076 17.393737 -57.500000 
38.200386 12.421880 -49.375000 
36.023452 14.906256 -58.118750 
33.539076 17.393737 -57.500000


38.197281 11.493344 -53.750000 
36.023452 14.906256 -58.118750 
38.200386 12.421880 -49.375000 
38.197281 11.493344 -53.750000


37.265640 18.011726 -76.243750 
39.128922 17.080085 -78.118750 
36.647651 19.253914 -77.500000 
37.265640 18.011726 -76.243750


38.510933 20.185555 -85.000000 
40.060563 19.257019 -85.625000 
34.781264 23.291025 -88.756250 
38.510933 20.185555 -85.000000


35.712905 22.048837 -87.506250 
34.781264 23.291025 -88.756250 
40.060563 19.257019 -85.625000 
35.712905 22.048837 -87.506250


36.647651 19.253914 -77.500000 
39.128922 17.080085 -78.118750 
36.647651 20.806649 -81.875000 
36.647651 19.253914 -77.500000


31.986341 -7.763675 -63.131250 
34.160170 -6.521487 -63.756250 
37.886734 -9.005863 -63.131250 
31.986341 -7.763675 -63.131250


36.023452 -9.316410 -62.506250 
31.986341 -7.763675 -63.131250 
37.886734 -9.005863 -63.131250 
36.023452 -9.316410 -62.506250


36.955093 14.285162 -82.506250 
39.750016 12.421880 -81.881250 
35.712905 12.111333 -80.631250 
36.955093 14.285162 -82.506250


31.365247 8.381664 -75.625000 
25.775401 8.692211 -75.625000 
27.017589 11.179692 -78.756250 
31.365247 8.381664 -75.625000


36.333999 6.518382 -75.000000 
38.818375 0.621094 -69.381250 
37.576187 0.307442 -68.750000 
36.333999 6.518382 -75.000000


31.365247 8.381664 -75.625000 
36.023452 9.316410 -77.506250 
36.333999 6.518382 -75.000000 
31.365247 8.381664 -75.625000


31.678899 21.117196 -72.500000 
30.433606 20.496102 -68.743750 
33.231634 19.875008 -72.500000 
31.678899 21.117196 -72.500000


42.855486 -8.074222 -65.631250 
45.650409 -8.074222 -67.506250 
42.544939 -10.558598 -64.381250 
42.855486 -8.074222 -65.631250


42.544939 -10.558598 -64.381250 
45.647304 -11.490239 -65.625000 
45.650409 -13.353521 -65.006250 
42.544939 -10.558598 -64.381250


36.644546 16.462096 -65.000000 
35.402358 18.632820 -74.368750 
33.231634 19.875008 -72.500000 
36.644546 16.462096 -65.000000


30.744153 17.080085 -83.756250 
34.160170 14.285162 -81.881250 
31.675794 13.974615 -81.256250 
30.744153 17.080085 -83.756250


35.402358 18.632820 -74.368750 
36.647651 19.253914 -77.500000 
34.470717 20.496102 -76.243750 
35.402358 18.632820 -74.368750


30.433606 22.669931 -75.618750 
31.678899 21.117196 -72.500000 
34.470717 20.496102 -76.243750 
30.433606 22.669931 -75.618750


33.231634 19.875008 -72.500000 
34.470717 20.496102 -76.243750 
31.678899 21.117196 -72.500000 
33.231634 19.875008 -72.500000


33.231634 19.875008 -72.500000 
35.402358 18.632820 -74.368750 
34.470717 20.496102 -76.243750 
33.231634 19.875008 -72.500000


29.191418 24.225771 -79.375000 
30.433606 22.669931 -75.618750 
31.054700 23.294130 -79.375000 
29.191418 24.225771 -79.375000


35.712905 22.048837 -87.506250 
35.712905 18.011726 -84.381250 
34.781264 20.185555 -85.631250 
35.712905 22.048837 -87.506250


36.955093 14.285162 -82.506250 
38.507828 17.080085 -84.381250 
41.302751 15.837897 -84.381250 
36.955093 14.285162 -82.506250


34.781264 20.185555 -85.631250 
35.712905 18.011726 -84.381250 
32.917982 19.564461 -85.006250 
34.781264 20.185555 -85.631250


44.408221 12.421880 -84.381250 
36.955093 14.285162 -82.506250 
41.302751 15.837897 -84.381250 
44.408221 12.421880 -84.381250


35.712905 22.048837 -87.506250 
38.507828 17.080085 -84.381250 
35.712905 18.011726 -84.381250 
35.712905 22.048837 -87.506250


35.712905 22.048837 -87.506250 
37.886734 18.632820 -85.006250 
38.507828 17.080085 -84.381250 
35.712905 22.048837 -87.506250


45.032420 13.042974 -84.375000 
43.169138 13.042974 -80.000000 
45.339862 10.248051 -79.993750 
45.032420 13.042974 -84.375000


36.333999 6.518382 -75.000000 
32.607435 3.726564 -69.381250 
32.607435 7.763675 -74.993750 
36.333999 6.518382 -75.000000


34.781264 20.185555 -85.631250 
34.781264 23.291025 -88.756250 
35.712905 22.048837 -87.506250 
34.781264 20.185555 -85.631250


30.744153 17.080085 -83.756250 
29.191418 21.117196 -86.256250 
32.917982 19.564461 -85.006250 
30.744153 17.080085 -83.756250


28.259777 25.778506 -86.875000 
30.744153 25.775401 -89.381250 
26.396495 26.089053 -90.000000 
28.259777 25.778506 -86.875000


52.175001 -8.695316 -71.875000 
52.796095 -12.732427 -68.750000 
54.038283 -12.732427 -74.375000 
52.175001 -8.695316 -71.875000


37.886734 18.632820 -85.006250 
35.712905 22.048837 -87.506250 
40.060563 19.257019 -85.625000 
37.886734 18.632820 -85.006250


28.259777 25.778506 -86.875000 
29.501965 25.464854 -86.243750 
30.744153 25.775401 -89.381250 
28.259777 25.778506 -86.875000


50.622266 0.000000 -76.875000 
51.550802 -0.931641 -80.006250 
50.311719 2.173829 -78.125000 
50.622266 0.000000 -76.875000


50.305509 1.242188 -80.625000 
50.311719 2.173829 -78.125000 
51.550802 -0.931641 -80.006250 
50.305509 1.242188 -80.625000


49.998067 -5.279299 -74.381250 
48.134785 -6.210940 -70.631250 
47.821133 -4.037111 -71.875000 
49.998067 -5.279299 -74.381250


27.328136 22.359384 -87.506250 
27.638683 24.536318 -89.375000 
34.781264 23.291025 -88.756250 
27.328136 22.359384 -87.506250


34.470717 22.362489 -82.500000 
34.781264 23.291025 -88.756250 
32.610540 23.912119 -86.250000 
34.470717 22.362489 -82.500000


36.647651 19.253914 -77.500000 
33.539076 22.362489 -80.000000 
34.470717 20.496102 -76.243750 
36.647651 19.253914 -77.500000


30.744153 25.775401 -89.381250 
32.296888 24.533213 -88.756250 
34.781264 23.291025 -88.756250 
30.744153 25.775401 -89.381250


30.744153 25.775401 -89.381250 
34.781264 23.291025 -88.756250 
27.638683 24.536318 -89.375000 
30.744153 25.775401 -89.381250


25.154307 26.089053 -91.250000 
26.396495 26.089053 -90.000000 
30.744153 25.775401 -89.381250 
25.154307 26.089053 -91.250000


27.638683 24.536318 -89.375000 
25.154307 26.089053 -91.250000 
30.744153 25.775401 -89.381250 
27.638683 24.536318 -89.375000


36.955093 14.285162 -82.506250 
35.091811 15.837897 -83.131250 
38.507828 17.080085 -84.381250 
36.955093 14.285162 -82.506250


31.365247 8.381664 -75.625000 
27.017589 11.179692 -78.756250 
30.744153 11.490239 -78.756250 
31.365247 8.381664 -75.625000


34.160170 14.285162 -81.881250 
30.744153 17.080085 -83.756250 
35.091811 15.837897 -83.131250 
34.160170 14.285162 -81.881250


30.744153 17.080085 -83.756250 
35.712905 18.011726 -84.381250 
35.091811 15.837897 -83.131250 
30.744153 17.080085 -83.756250


32.917982 19.564461 -85.006250 
35.712905 18.011726 -84.381250 
30.744153 17.080085 -83.756250 
32.917982 19.564461 -85.006250


34.160170 14.285162 -81.881250 
36.955093 14.285162 -82.506250 
35.712905 12.111333 -80.631250 
34.160170 14.285162 -81.881250


48.134785 -1.242188 -67.493750 
50.001172 -3.105470 -70.625000 
49.069531 0.310547 -71.875000 
48.134785 -1.242188 -67.493750


36.023452 9.316410 -77.506250 
31.365247 8.381664 -75.625000 
30.744153 11.490239 -78.756250 
36.023452 9.316410 -77.506250


35.402358 11.179692 -79.381250 
36.023452 9.316410 -77.506250 
30.744153 11.490239 -78.756250 
35.402358 11.179692 -79.381250


35.712905 12.111333 -80.631250 
31.675794 13.974615 -81.256250 
34.160170 14.285162 -81.881250 
35.712905 12.111333 -80.631250


31.675794 13.974615 -81.256250 
35.712905 12.111333 -80.631250 
30.123059 13.353521 -80.631250 
31.675794 13.974615 -81.256250


26.396495 12.732427 -80.631250 
30.744153 11.490239 -78.756250 
27.017589 11.179692 -78.756250 
26.396495 12.732427 -80.631250


26.396495 12.732427 -80.631250 
30.123059 13.353521 -80.631250 
30.744153 11.490239 -78.756250 
26.396495 12.732427 -80.631250


30.123059 13.353521 -80.631250 
35.712905 12.111333 -80.631250 
30.744153 11.490239 -78.756250 
30.123059 13.353521 -80.631250


35.712905 12.111333 -80.631250 
35.402358 11.179692 -79.381250 
30.744153 11.490239 -78.756250 
35.712905 12.111333 -80.631250


36.644546 16.462096 -65.000000 
39.753121 12.111333 -63.125000 
38.821480 14.595709 -68.125000 
36.644546 16.462096 -65.000000


41.926950 9.937504 -65.000000 
44.097674 5.279299 -64.368750 
43.169138 9.005863 -67.500000 
41.926950 9.937504 -65.000000


29.501965 1.242188 -66.881250 
29.501965 3.105470 -68.131250 
32.607435 3.726564 -69.381250 
29.501965 1.242188 -66.881250


32.296888 1.552735 -67.506250 
29.501965 1.242188 -66.881250 
32.607435 3.726564 -69.381250 
32.296888 1.552735 -67.506250


29.501965 3.105470 -68.131250 
32.607435 7.763675 -74.993750 
32.607435 3.726564 -69.381250 
29.501965 3.105470 -68.131250


39.128922 17.080085 -78.118750 
37.265640 18.011726 -76.243750 
40.995309 12.732427 -69.375000 
39.128922 17.080085 -78.118750


27.017589 -4.037111 -64.381250 
27.328136 0.621094 -66.256250 
31.054700 -1.863282 -65.631250 
27.017589 -4.037111 -64.381250


49.069531 -6.210940 -56.875000 
47.827343 -2.794923 -56.250000 
48.137890 -5.900393 -53.125000 
49.069531 -6.210940 -56.875000


36.333999 6.518382 -75.000000 
34.160170 2.484376 -68.756250 
32.607435 3.726564 -69.381250 
36.333999 6.518382 -75.000000


47.206249 3.105470 -70.000000 
49.069531 0.310547 -71.875000 
48.758984 3.105470 -75.000000 
47.206249 3.105470 -70.000000


36.023452 9.316410 -77.506250 
37.576187 10.248051 -79.368750 
38.818375 6.210940 -75.631250 
36.023452 9.316410 -77.506250


32.607435 7.763675 -74.993750 
31.365247 8.381664 -75.625000 
36.333999 6.518382 -75.000000 
32.607435 7.763675 -74.993750


38.818375 6.210940 -75.631250 
36.333999 6.518382 -75.000000 
36.023452 9.316410 -77.506250 
38.818375 6.210940 -75.631250


52.792990 -8.074222 -75.631250 
52.485548 -6.210940 -76.250000 
51.864454 -5.279299 -75.000000 
52.792990 -8.074222 -75.631250


37.576187 0.307442 -68.750000 
34.160170 2.484376 -68.756250 
36.333999 6.518382 -75.000000 
37.576187 0.307442 -68.750000


30.433606 -15.216803 -60.006250 
31.986341 -7.763675 -63.131250 
32.296888 -15.837897 -60.006250 
30.433606 -15.216803 -60.006250


29.501965 1.242188 -66.881250 
32.296888 1.552735 -67.506250 
31.054700 -1.863282 -65.631250 
29.501965 1.242188 -66.881250


40.060563 -11.800786 -63.131250 
42.544939 -10.558598 -64.381250 
45.650409 -13.353521 -65.006250 
40.060563 -11.800786 -63.131250


37.886734 -3.416017 -66.256250 
40.060563 -6.521487 -65.006250 
37.265640 -5.279299 -65.006250 
37.886734 -3.416017 -66.256250


49.069531 -6.210940 -56.875000 
48.758984 -3.726564 -60.625000 
47.827343 -2.794923 -56.250000 
49.069531 -6.210940 -56.875000


41.302751 7.456233 -48.750000 
41.926950 7.142581 -51.250000 
39.750016 10.251156 -51.875000 
41.302751 7.456233 -48.750000


31.054700 -1.863282 -65.631250 
27.328136 0.621094 -66.256250 
29.501965 1.242188 -66.881250 
31.054700 -1.863282 -65.631250


36.023452 -3.726564 -65.631250 
34.160170 -6.521487 -63.756250 
31.986341 -7.763675 -63.131250 
36.023452 -3.726564 -65.631250


31.675794 -5.589846 -63.756250 
36.023452 -3.726564 -65.631250 
31.986341 -7.763675 -63.131250 
31.675794 -5.589846 -63.756250


43.479685 4.037111 -50.000000 
41.926950 7.142581 -51.250000 
41.302751 7.456233 -48.750000 
43.479685 4.037111 -50.000000


49.069531 -6.210940 -56.875000 
50.001172 -9.316410 -56.875000 
50.622266 -8.384769 -61.875000 
49.069531 -6.210940 -56.875000


49.380078 -9.626957 -53.750000 
50.932813 -12.421880 -56.875000 
50.001172 -9.316410 -56.875000 
49.380078 -9.626957 -53.750000


27.638683 -13.974615 -60.006250 
30.433606 -15.216803 -60.006250 
27.949230 -15.527350 -59.381250 
27.638683 -13.974615 -60.006250


37.265640 -5.279299 -65.006250 
40.060563 -7.763675 -64.381250 
40.060563 -11.800786 -63.131250 
37.265640 -5.279299 -65.006250


37.886734 -9.005863 -63.131250 
37.265640 -5.279299 -65.006250 
40.060563 -11.800786 -63.131250 
37.886734 -9.005863 -63.131250


31.986341 -7.763675 -63.131250 
30.433606 -15.216803 -60.006250 
27.638683 -13.974615 -60.006250 
31.986341 -7.763675 -63.131250


27.017589 -6.835139 -62.500000 
31.986341 -7.763675 -63.131250 
27.638683 -13.974615 -60.006250 
27.017589 -6.835139 -62.500000


27.017589 -6.835139 -62.500000 
28.877766 -5.279299 -63.750000 
31.986341 -7.763675 -63.131250 
27.017589 -6.835139 -62.500000


34.160170 -6.521487 -63.756250 
37.265640 -5.279299 -65.006250 
37.886734 -9.005863 -63.131250 
34.160170 -6.521487 -63.756250


40.374215 10.248051 -61.250000 
39.753121 12.111333 -63.125000 
37.889839 13.042974 -59.375000 
40.374215 10.248051 -61.250000


40.060563 -11.800786 -63.131250 
45.650409 -13.353521 -65.006250 
41.613298 -15.527350 -62.506250 
40.060563 -11.800786 -63.131250


48.758984 -3.726564 -60.625000 
47.827343 -1.863282 -60.000000 
47.827343 -2.794923 -56.250000 
48.758984 -3.726564 -60.625000


37.265640 -13.974615 -61.256250 
36.955093 -11.800786 -61.881250 
39.128922 -12.421880 -62.506250 
37.265640 -13.974615 -61.256250


37.576187 -20.806649 -59.381250 
38.504723 -22.980478 -58.750000 
38.818375 -27.638683 -58.131250 
37.576187 -20.806649 -59.381250


40.060563 -11.800786 -63.131250 
40.060563 -7.763675 -64.381250 
42.855486 -8.074222 -65.631250 
40.060563 -11.800786 -63.131250


42.544939 -10.558598 -64.381250 
40.060563 -11.800786 -63.131250 
42.855486 -8.074222 -65.631250 
42.544939 -10.558598 -64.381250


52.792990 -8.074222 -75.631250 
52.175001 -8.695316 -71.875000 
53.414084 -9.937504 -75.006250 
52.792990 -8.074222 -75.631250


54.038283 -21.117196 -65.000000 
54.038283 -24.222666 -63.125000 
54.659377 -25.154307 -67.500000 
54.038283 -21.117196 -65.000000


48.758984 -3.726564 -60.625000 
49.069531 -6.210940 -56.875000 
50.622266 -8.384769 -61.875000 
48.758984 -3.726564 -60.625000


45.653514 -5.279299 -31.875000 
43.479685 -0.621094 -34.375000 
43.787127 -1.552735 -31.256250 
45.653514 -5.279299 -31.875000


48.134785 -17.080085 -33.118750 
49.069531 -19.875008 -35.625000 
48.137890 -15.216803 -32.500000 
48.134785 -17.080085 -33.118750


44.094569 -23.601572 -61.250000 
45.026210 -21.117196 -62.500000 
45.650409 -24.533213 -61.881250 
44.094569 -23.601572 -61.250000


51.553907 -18.322273 -51.875000 
51.243360 -22.669931 -47.500000 
51.864454 -23.601572 -50.000000 
51.553907 -18.322273 -51.875000


46.274608 -0.931641 -53.125000 
46.585155 -3.726564 -50.625000 
46.895702 -1.863282 -54.375000 
46.274608 -0.931641 -53.125000


46.585155 -3.726564 -50.625000 
48.137890 -5.900393 -53.125000 
46.895702 -1.863282 -54.375000 
46.585155 -3.726564 -50.625000


48.134785 -1.242188 -67.493750 
47.827343 -1.863282 -60.000000 
48.758984 -3.726564 -60.625000 
48.134785 -1.242188 -67.493750


48.134785 -1.242188 -67.493750 
48.758984 -3.726564 -60.625000 
49.069531 -4.347658 -64.375000 
48.134785 -1.242188 -67.493750


48.134785 -1.242188 -67.493750 
47.516796 1.242188 -68.750000 
47.827343 -1.863282 -60.000000 
48.134785 -1.242188 -67.493750


49.063321 -13.664068 -67.500000 
48.134785 -9.937504 -68.756250 
50.308614 -12.732427 -69.381250 
49.063321 -13.664068 -67.500000


42.541834 -6.210940 -66.250000 
40.060563 -6.521487 -65.006250 
37.886734 -3.416017 -66.256250 
42.541834 -6.210940 -66.250000


48.134785 -9.937504 -68.756250 
48.134785 -6.210940 -70.631250 
50.308614 -6.521487 -73.756250 
48.134785 -9.937504 -68.756250


50.308614 -9.626957 -71.256250 
48.134785 -9.937504 -68.756250 
50.308614 -6.521487 -73.756250 
50.308614 -9.626957 -71.256250


50.001172 -3.105470 -70.625000 
51.864454 -5.279299 -75.000000 
51.243360 -3.105470 -75.000000 
50.001172 -3.105470 -70.625000


47.827343 -2.794923 -56.250000 
46.895702 -1.863282 -54.375000 
48.137890 -5.900393 -53.125000 
47.827343 -2.794923 -56.250000


49.380078 -9.626957 -53.750000 
50.001172 -9.316410 -56.875000 
49.069531 -6.210940 -56.875000 
49.380078 -9.626957 -53.750000


49.069531 -6.210940 -56.875000 
48.137890 -5.900393 -53.125000 
49.380078 -9.626957 -53.750000 
49.069531 -6.210940 -56.875000


42.855486 11.182797 -72.500000 
40.063668 13.974615 -75.000000 
40.995309 12.732427 -69.375000 
42.855486 11.182797 -72.500000


49.063321 -13.664068 -67.500000 
50.619161 -14.595709 -68.756250 
44.405116 -17.701179 -63.125000 
49.063321 -13.664068 -67.500000


49.998067 -1.863282 -76.881250 
51.861349 -3.726564 -78.131250 
49.376973 -3.105470 -75.006250 
49.998067 -1.863282 -76.881250


50.001172 -9.316410 -56.875000 
50.932813 -12.421880 -56.875000 
51.864454 -12.111333 -61.875000 
50.001172 -9.316410 -56.875000


50.001172 -9.316410 -56.875000 
51.864454 -12.111333 -61.875000 
50.622266 -8.384769 -61.875000 
50.001172 -9.316410 -56.875000


49.376973 -21.117196 -65.006250 
51.240255 -20.185555 -66.881250 
53.103537 -21.738290 -68.756250 
49.376973 -21.117196 -65.006250


52.171896 -23.601572 -66.881250 
49.376973 -21.117196 -65.006250 
53.103537 -21.738290 -68.756250 
52.171896 -23.601572 -66.881250


51.864454 -12.111333 -61.875000 
50.932813 -12.421880 -56.875000 
52.175001 -15.527350 -58.750000 
51.864454 -12.111333 -61.875000


49.069531 -4.347658 -64.375000 
48.758984 -3.726564 -60.625000 
50.622266 -8.384769 -61.875000 
49.069531 -4.347658 -64.375000


51.861349 -3.726564 -78.131250 
50.622266 0.000000 -76.875000 
51.243360 -3.105470 -75.000000 
51.861349 -3.726564 -78.131250


51.864454 -12.111333 -61.875000 
52.175001 -15.527350 -58.750000 
52.796095 -16.769538 -61.875000 
51.864454 -12.111333 -61.875000


51.864454 -12.111333 -61.875000 
52.796095 -16.769538 -61.875000 
52.485548 -12.732427 -65.000000 
51.864454 -12.111333 -61.875000


43.479685 0.310547 -28.125000 
43.169138 -0.310547 -23.125000 
44.411326 -2.794923 -25.000000 
43.479685 0.310547 -28.125000


51.864454 -5.279299 -75.000000 
50.001172 -3.105470 -70.625000 
50.308614 -5.279299 -69.368750 
51.864454 -5.279299 -75.000000


53.727736 -15.527350 -68.750000 
54.038283 -12.732427 -74.375000 
52.796095 -12.732427 -68.750000 
53.727736 -15.527350 -68.750000


53.414084 -16.458991 -73.756250 
53.414084 -9.937504 -75.006250 
54.038283 -12.732427 -74.375000 
53.414084 -16.458991 -73.756250


53.414084 -16.458991 -73.756250 
52.482443 -12.732427 -73.131250 
53.414084 -9.937504 -75.006250 
53.414084 -16.458991 -73.756250


46.582050 -4.658205 -70.006250 
46.582050 -0.934746 -73.750000 
47.821133 -4.037111 -71.875000 
46.582050 -4.658205 -70.006250


46.582050 -4.658205 -70.006250 
44.097674 -1.863282 -70.006250 
46.582050 -0.934746 -73.750000 
46.582050 -4.658205 -70.006250


52.796095 -12.732427 -68.750000 
50.932813 -8.384769 -65.625000 
52.485548 -12.732427 -65.000000 
52.796095 -12.732427 -68.750000


53.414084 -16.458991 -73.756250 
49.063321 -13.664068 -67.500000 
50.308614 -12.732427 -69.381250 
53.414084 -16.458991 -73.756250


53.414084 -16.458991 -73.756250 
50.619161 -14.595709 -68.756250 
49.063321 -13.664068 -67.500000 
53.414084 -16.458991 -73.756250


54.656272 -19.253914 -73.756250 
54.038283 -12.732427 -74.375000 
54.659377 -17.701179 -71.250000 
54.656272 -19.253914 -73.756250


54.656272 -19.253914 -73.756250 
53.414084 -16.458991 -73.756250 
54.038283 -12.732427 -74.375000 
54.656272 -19.253914 -73.756250


39.128922 -0.310547 -16.868750 
36.333999 -1.555840 -20.625000 
40.371110 -1.245293 -20.000000 
39.128922 -0.310547 -16.868750


45.964061 6.210940 -70.000000 
47.206249 3.105470 -70.000000 
46.582050 5.282404 -70.625000 
45.964061 6.210940 -70.000000


53.414084 -16.458991 -73.756250 
50.308614 -12.732427 -69.381250 
52.482443 -12.732427 -73.131250 
53.414084 -16.458991 -73.756250


50.932813 -8.384769 -65.625000 
52.796095 -12.732427 -68.750000 
52.175001 -8.695316 -71.875000 
50.932813 -8.384769 -65.625000


52.482443 -12.732427 -73.131250 
50.308614 -9.626957 -71.256250 
50.308614 -6.521487 -73.756250 
52.482443 -12.732427 -73.131250


54.659377 -37.886734 -66.875000 
54.966819 -37.576187 -69.381250 
55.277366 -31.675794 -69.381250 
54.659377 -37.886734 -66.875000


51.550802 -0.931641 -80.006250 
51.861349 -3.726564 -78.131250 
49.998067 -1.863282 -76.881250 
51.550802 -0.931641 -80.006250


50.622266 0.000000 -76.875000 
51.861349 -3.726564 -78.131250 
51.550802 -0.931641 -80.006250 
50.622266 0.000000 -76.875000


48.134785 0.931641 -76.881250 
50.305509 1.242188 -80.625000 
49.998067 -1.863282 -76.881250 
48.134785 0.931641 -76.881250


48.134785 -6.210940 -70.631250 
45.650409 -8.074222 -67.506250 
46.582050 -4.658205 -70.006250 
48.134785 -6.210940 -70.631250


51.864454 -5.279299 -75.000000 
50.308614 -5.279299 -69.368750 
52.175001 -8.695316 -71.875000 
51.864454 -5.279299 -75.000000


37.886734 -3.416017 -66.256250 
44.097674 -1.863282 -70.006250 
43.787127 -4.037111 -68.131250 
37.886734 -3.416017 -66.256250


37.886734 -3.416017 -66.256250 
38.818375 0.621094 -69.381250 
44.097674 -1.863282 -70.006250 
37.886734 -3.416017 -66.256250


43.479685 0.310547 -28.125000 
44.411326 -2.794923 -25.000000 
44.097674 -1.239083 -28.750000 
43.479685 0.310547 -28.125000


50.001172 -3.105470 -70.625000 
49.069531 -4.347658 -64.375000 
50.308614 -5.279299 -69.368750 
50.001172 -3.105470 -70.625000


50.001172 -3.105470 -70.625000 
48.134785 -1.242188 -67.493750 
49.069531 -4.347658 -64.375000 
50.001172 -3.105470 -70.625000


44.097674 -1.863282 -70.006250 
46.582050 -4.658205 -70.006250 
43.787127 -4.037111 -68.131250 
44.097674 -1.863282 -70.006250


48.755879 4.347658 -81.256250 
50.305509 1.242188 -80.625000 
47.513691 3.726564 -79.381250 
48.755879 4.347658 -81.256250


48.134785 -6.210940 -70.631250 
46.582050 -4.658205 -70.006250 
47.821133 -4.037111 -71.875000 
48.134785 -6.210940 -70.631250


39.750016 12.421880 -81.881250 
36.955093 14.285162 -82.506250 
44.408221 12.421880 -84.381250 
39.750016 12.421880 -81.881250


43.169138 9.005863 -67.500000 
40.995309 12.732427 -69.375000 
41.926950 9.937504 -65.000000 
43.169138 9.005863 -67.500000


47.516796 1.242188 -68.750000 
48.134785 -1.242188 -67.493750 
49.069531 0.310547 -71.875000 
47.516796 1.242188 -68.750000


51.861349 -3.726564 -78.131250 
52.792990 -8.074222 -75.631250 
49.998067 -5.279299 -74.381250 
51.861349 -3.726564 -78.131250


51.861349 -3.726564 -78.131250 
52.485548 -6.210940 -76.250000 
52.792990 -8.074222 -75.631250 
51.861349 -3.726564 -78.131250


52.792990 -8.074222 -75.631250 
50.308614 -6.521487 -73.756250 
49.998067 -5.279299 -74.381250 
52.792990 -8.074222 -75.631250


46.582050 5.282404 -70.625000 
48.758984 3.105470 -75.000000 
47.824238 4.971857 -75.000000 
46.582050 5.282404 -70.625000


45.650409 -8.074222 -67.506250 
43.787127 -4.037111 -68.131250 
46.582050 -4.658205 -70.006250 
45.650409 -8.074222 -67.506250


38.818375 0.621094 -69.381250 
45.957851 0.310547 -74.375000 
46.582050 -0.934746 -73.750000 
38.818375 0.621094 -69.381250


38.818375 0.621094 -69.381250 
46.582050 -0.934746 -73.750000 
44.097674 -1.863282 -70.006250 
38.818375 0.621094 -69.381250


38.818375 0.621094 -69.381250 
36.333999 6.518382 -75.000000 
40.992204 4.658205 -74.993750 
38.818375 0.621094 -69.381250


49.376973 -3.105470 -75.006250 
45.957851 0.310547 -74.375000 
49.998067 -1.863282 -76.881250 
49.376973 -3.105470 -75.006250


49.376973 -3.105470 -75.006250 
46.582050 -0.934746 -73.750000 
45.957851 0.310547 -74.375000 
49.376973 -3.105470 -75.006250


49.069531 -4.347658 -64.375000 
50.932813 -8.384769 -65.625000 
50.308614 -5.279299 -69.368750 
49.069531 -4.347658 -64.375000


43.166033 7.142581 -79.381250 
40.681657 10.869145 -81.256250 
45.029315 9.005863 -81.881250 
43.166033 7.142581 -79.381250


47.516796 8.074222 -82.500000 
45.032420 13.042974 -84.375000 
45.339862 10.248051 -79.993750 
47.516796 8.074222 -82.500000


40.992204 4.658205 -74.993750 
45.650409 3.105470 -76.256250 
45.957851 0.310547 -74.375000 
40.992204 4.658205 -74.993750


37.889839 9.626957 -31.250000 
38.200386 9.316410 -24.375000 
40.684762 5.279299 -27.500000 
37.889839 9.626957 -31.250000


45.957851 0.310547 -74.375000 
47.513691 3.726564 -79.381250 
48.134785 0.931641 -76.881250 
45.957851 0.310547 -74.375000


45.650409 3.105470 -76.256250 
47.513691 3.726564 -79.381250 
45.957851 0.310547 -74.375000 
45.650409 3.105470 -76.256250


36.333999 6.518382 -75.000000 
38.818375 6.210940 -75.631250 
40.992204 4.658205 -74.993750 
36.333999 6.518382 -75.000000


48.758984 3.105470 -75.000000 
50.622266 0.000000 -76.875000 
50.311719 2.173829 -78.125000 
48.758984 3.105470 -75.000000


49.998067 -1.863282 -76.881250 
45.957851 0.310547 -74.375000 
48.134785 0.931641 -76.881250 
49.998067 -1.863282 -76.881250


40.063668 13.974615 -75.000000 
39.128922 17.080085 -78.118750 
40.995309 12.732427 -69.375000 
40.063668 13.974615 -75.000000


47.827343 5.589846 -77.500000 
47.824238 4.971857 -75.000000 
50.311719 2.173829 -78.125000 
47.827343 5.589846 -77.500000


48.758984 3.105470 -75.000000 
50.311719 2.173829 -78.125000 
47.824238 4.971857 -75.000000 
48.758984 3.105470 -75.000000


45.960956 5.900393 -80.006250 
48.445332 6.210940 -82.506250 
48.755879 4.347658 -81.256250 
45.960956 5.900393 -80.006250


44.097674 -1.239083 -28.750000 
44.718768 -3.726564 -25.618750 
45.650409 -6.521487 -28.118750 
44.097674 -1.239083 -28.750000


47.827343 5.589846 -77.500000 
48.445332 6.210940 -82.506250 
47.516796 8.074222 -82.500000 
47.827343 5.589846 -77.500000


40.063668 9.005863 -47.500000 
39.439469 9.630062 -46.875000 
40.992204 5.592951 -40.000000 
40.063668 9.005863 -47.500000


40.995309 6.521487 -46.875000 
40.063668 9.005863 -47.500000 
40.992204 5.592951 -40.000000 
40.995309 6.521487 -46.875000


47.513691 3.726564 -79.381250 
45.960956 5.900393 -80.006250 
48.755879 4.347658 -81.256250 
47.513691 3.726564 -79.381250


50.305509 1.242188 -80.625000 
48.755879 4.347658 -81.256250 
48.445332 6.210940 -82.506250 
50.305509 1.242188 -80.625000


50.311719 2.173829 -78.125000 
50.305509 1.242188 -80.625000 
48.445332 6.210940 -82.506250 
50.311719 2.173829 -78.125000


46.582050 8.074222 -82.506250 
48.445332 6.210940 -82.506250 
45.960956 5.900393 -80.006250 
46.582050 8.074222 -82.506250


47.827343 5.589846 -77.500000 
50.311719 2.173829 -78.125000 
48.445332 6.210940 -82.506250 
47.827343 5.589846 -77.500000


49.687520 -21.738290 -42.493750 
49.380078 -16.458991 -41.875000 
49.069531 -19.875008 -35.625000 
49.687520 -21.738290 -42.493750


44.408221 12.421880 -84.381250 
41.302751 15.837897 -84.381250 
42.544939 16.458991 -85.006250 
44.408221 12.421880 -84.381250


44.408221 12.421880 -84.381250 
42.544939 16.458991 -85.006250 
45.032420 13.042974 -84.375000 
44.408221 12.421880 -84.381250


48.445332 6.210940 -82.506250 
46.582050 8.074222 -82.506250 
44.408221 12.421880 -84.381250 
48.445332 6.210940 -82.506250


45.032420 13.042974 -84.375000 
48.445332 6.210940 -82.506250 
44.408221 12.421880 -84.381250 
45.032420 13.042974 -84.375000


47.516796 8.074222 -82.500000 
48.445332 6.210940 -82.506250 
45.032420 13.042974 -84.375000 
47.516796 8.074222 -82.500000


39.439469 10.248051 -80.006250 
40.681657 10.869145 -81.256250 
43.166033 7.142581 -79.381250 
39.439469 10.248051 -80.006250


39.750016 10.251156 -51.875000 
38.197281 11.493344 -53.750000 
38.200386 12.421880 -49.375000 
39.750016 10.251156 -51.875000


40.681657 10.869145 -81.256250 
46.582050 8.074222 -82.506250 
45.029315 9.005863 -81.881250 
40.681657 10.869145 -81.256250


40.681657 10.869145 -81.256250 
44.408221 12.421880 -84.381250 
46.582050 8.074222 -82.506250 
40.681657 10.869145 -81.256250


47.513691 3.726564 -79.381250 
43.166033 7.142581 -79.381250 
45.960956 5.900393 -80.006250 
47.513691 3.726564 -79.381250


47.513691 3.726564 -79.381250 
40.992204 4.658205 -74.993750 
43.166033 7.142581 -79.381250 
47.513691 3.726564 -79.381250


47.513691 3.726564 -79.381250 
45.650409 3.105470 -76.256250 
40.992204 4.658205 -74.993750 
47.513691 3.726564 -79.381250


40.992204 4.658205 -74.993750 
38.818375 6.210940 -75.631250 
43.166033 7.142581 -79.381250 
40.992204 4.658205 -74.993750


37.576187 10.248051 -79.368750 
43.166033 7.142581 -79.381250 
38.818375 6.210940 -75.631250 
37.576187 10.248051 -79.368750


37.576187 10.248051 -79.368750 
39.439469 10.248051 -80.006250 
43.166033 7.142581 -79.381250 
37.576187 10.248051 -79.368750


39.753121 12.111333 -63.125000 
40.374215 10.248051 -61.250000 
41.926950 9.937504 -65.000000 
39.753121 12.111333 -63.125000


43.169138 13.042974 -80.000000 
42.855486 11.182797 -72.500000 
44.411326 9.626957 -73.750000 
43.169138 13.042974 -80.000000


45.339862 10.248051 -79.993750 
43.169138 13.042974 -80.000000 
44.411326 9.626957 -73.750000 
45.339862 10.248051 -79.993750


47.827343 5.589846 -77.500000 
45.339862 10.248051 -79.993750 
44.411326 9.626957 -73.750000 
47.827343 5.589846 -77.500000


47.824238 4.971857 -75.000000 
47.827343 5.589846 -77.500000 
44.411326 9.626957 -73.750000 
47.824238 4.971857 -75.000000


51.243360 -3.105470 -75.000000 
49.069531 0.310547 -71.875000 
50.001172 -3.105470 -70.625000 
51.243360 -3.105470 -75.000000


48.758984 3.105470 -75.000000 
49.069531 0.310547 -71.875000 
50.622266 0.000000 -76.875000 
48.758984 3.105470 -75.000000


46.582050 5.282404 -70.625000 
47.824238 4.971857 -75.000000 
45.342967 7.453128 -70.000000 
46.582050 5.282404 -70.625000


44.411326 9.626957 -73.750000 
45.342967 7.453128 -70.000000 
47.824238 4.971857 -75.000000 
44.411326 9.626957 -73.750000


39.753121 12.111333 -63.125000 
41.926950 9.937504 -65.000000 
40.995309 12.732427 -69.375000 
39.753121 12.111333 -63.125000


39.753121 12.111333 -63.125000 
40.995309 12.732427 -69.375000 
38.821480 14.595709 -68.125000 
39.753121 12.111333 -63.125000


51.243360 -3.105470 -75.000000 
50.622266 0.000000 -76.875000 
49.069531 0.310547 -71.875000 
51.243360 -3.105470 -75.000000


48.758984 3.105470 -75.000000 
46.582050 5.282404 -70.625000 
47.206249 3.105470 -70.000000 
48.758984 3.105470 -75.000000


47.206249 3.105470 -70.000000 
44.097674 5.279299 -64.368750 
47.516796 1.242188 -68.750000 
47.206249 3.105470 -70.000000


47.206249 3.105470 -70.000000 
45.964061 6.210940 -70.000000 
44.097674 5.279299 -64.368750 
47.206249 3.105470 -70.000000


47.516796 1.242188 -68.750000 
45.964061 1.863282 -58.125000 
46.585155 0.310547 -58.750000 
47.516796 1.242188 -68.750000


44.411326 9.626957 -73.750000 
42.855486 11.182797 -72.500000 
45.342967 7.453128 -70.000000 
44.411326 9.626957 -73.750000


41.302751 5.900393 -46.868750 
43.479685 1.552735 -42.500000 
43.479685 4.037111 -50.000000 
41.302751 5.900393 -46.868750


41.926950 9.937504 -65.000000 
40.374215 10.248051 -61.250000 
42.548044 6.521487 -56.875000 
41.926950 9.937504 -65.000000


44.097674 5.279299 -64.368750 
41.926950 9.937504 -65.000000 
42.548044 6.521487 -56.875000 
44.097674 5.279299 -64.368750


47.516796 1.242188 -68.750000 
44.097674 5.279299 -64.368750 
45.964061 1.863282 -58.125000 
47.516796 1.242188 -68.750000


45.032420 1.552735 -52.500000 
46.274608 -0.931641 -53.125000 
44.721873 3.416017 -55.625000 
45.032420 1.552735 -52.500000


40.374215 10.248051 -61.250000 
37.889839 13.042974 -59.375000 
39.750016 10.251156 -51.875000 
40.374215 10.248051 -61.250000


38.197281 11.493344 -53.750000 
39.750016 10.251156 -51.875000 
37.889839 13.042974 -59.375000 
38.197281 11.493344 -53.750000


43.169138 9.005863 -67.500000 
44.097674 5.279299 -64.368750 
45.342967 7.453128 -70.000000 
43.169138 9.005863 -67.500000


45.964061 6.210940 -70.000000 
45.342967 7.453128 -70.000000 
44.097674 5.279299 -64.368750 
45.964061 6.210940 -70.000000


42.237497 6.832034 -54.375000 
40.374215 10.248051 -61.250000 
39.750016 10.251156 -51.875000 
42.237497 6.832034 -54.375000


42.237497 6.832034 -54.375000 
42.548044 6.521487 -56.875000 
40.374215 10.248051 -61.250000 
42.237497 6.832034 -54.375000


39.750016 10.251156 -51.875000 
41.926950 7.142581 -51.250000 
42.237497 6.832034 -54.375000 
39.750016 10.251156 -51.875000


41.302751 7.456233 -48.750000 
39.750016 10.251156 -51.875000 
40.063668 9.005863 -47.500000 
41.302751 7.456233 -48.750000


40.063668 9.005863 -47.500000 
40.995309 6.521487 -46.875000 
41.302751 7.456233 -48.750000 
40.063668 9.005863 -47.500000


40.063668 4.037111 -20.000000 
41.926950 0.621094 -18.125000 
42.237497 1.863282 -23.750000 
40.063668 4.037111 -20.000000


38.200386 9.316410 -24.375000 
39.753121 6.832034 -23.125000 
40.684762 5.279299 -27.500000 
38.200386 9.316410 -24.375000


41.302751 5.900393 -46.868750 
42.234392 3.419122 -41.250000 
43.479685 1.552735 -42.500000 
41.302751 5.900393 -46.868750


40.995309 6.521487 -46.875000 
41.302751 5.900393 -46.868750 
41.302751 7.456233 -48.750000 
40.995309 6.521487 -46.875000


37.889839 9.626957 -31.250000 
40.684762 5.279299 -27.500000 
39.753121 6.832034 -32.500000 
37.889839 9.626957 -31.250000


44.721873 3.416017 -55.625000 
43.479685 4.037111 -50.000000 
45.032420 1.552735 -52.500000 
44.721873 3.416017 -55.625000


41.926950 7.142581 -51.250000 
43.479685 4.037111 -50.000000 
44.721873 3.416017 -55.625000 
41.926950 7.142581 -51.250000


41.926950 7.142581 -51.250000 
44.721873 3.416017 -55.625000 
42.237497 6.832034 -54.375000 
41.926950 7.142581 -51.250000


33.849623 13.977720 -29.375000 
38.200386 9.316410 -24.375000 
37.889839 9.626957 -31.250000 
33.849623 13.977720 -29.375000


40.063668 9.005863 -47.500000 
39.750016 10.251156 -51.875000 
38.200386 12.421880 -49.375000 
40.063668 9.005863 -47.500000


36.026557 13.974615 -45.000000 
37.886734 11.800786 -46.243750 
38.200386 12.421880 -49.375000 
36.026557 13.974615 -45.000000


36.026557 13.974615 -45.000000 
37.268745 12.111333 -45.000000 
37.886734 11.800786 -46.243750 
36.026557 13.974615 -45.000000


35.716010 14.285162 -45.000000 
34.470717 13.667173 -35.000000 
36.026557 13.974615 -45.000000 
35.716010 14.285162 -45.000000


37.579292 10.558598 -36.875000 
36.026557 13.974615 -45.000000 
34.470717 13.667173 -35.000000 
37.579292 10.558598 -36.875000


42.237497 1.863282 -23.750000 
43.169138 -0.310547 -23.125000 
43.479685 0.310547 -28.125000 
42.237497 1.863282 -23.750000


36.333999 -1.555840 -20.625000 
39.128922 -0.310547 -16.868750 
33.849623 -0.931641 -15.618750 
36.333999 -1.555840 -20.625000


31.675794 18.325378 -56.250000 
29.505070 19.253914 -54.375000 
31.986341 17.393737 -48.750000 
31.675794 18.325378 -56.250000


33.849623 16.462096 -48.125000 
31.675794 18.325378 -56.250000 
31.986341 17.393737 -48.750000 
33.849623 16.462096 -48.125000


35.716010 14.285162 -45.000000 
33.849623 16.462096 -48.125000 
33.849623 16.148444 -44.993750 
35.716010 14.285162 -45.000000


29.505070 19.253914 -54.375000 
27.952335 19.253914 -51.250000 
31.986341 17.393737 -48.750000 
29.505070 19.253914 -54.375000


31.675794 15.530455 -19.375000 
27.949230 16.772643 -13.750000 
30.433606 15.530455 -15.000000 
31.675794 15.530455 -19.375000


33.542181 13.042974 -17.500000 
31.675794 15.530455 -19.375000 
30.433606 15.530455 -15.000000 
33.542181 13.042974 -17.500000


27.949230 15.219908 -2.500000 
30.123059 13.974615 -3.118750 
28.259777 14.909361 -5.000000 
27.949230 15.219908 -2.500000


27.949230 15.219908 -2.500000 
27.328136 11.800786 -3.743750 
30.123059 13.974615 -3.118750 
27.949230 15.219908 -2.500000


27.952335 19.253914 -51.250000 
28.880871 18.943367 -44.993750 
30.433606 18.322273 -45.006250 
27.952335 19.253914 -51.250000


31.986341 17.393737 -48.750000 
27.952335 19.253914 -51.250000 
30.433606 18.322273 -45.006250 
31.986341 17.393737 -48.750000


30.123059 13.974615 -3.118750 
31.365247 13.356626 -5.625000 
28.570324 15.530455 -8.750000 
30.123059 13.974615 -3.118750


30.123059 13.974615 -3.118750 
28.570324 15.530455 -8.750000 
28.259777 14.909361 -5.000000 
30.123059 13.974615 -3.118750


34.160170 11.803891 -10.000000 
35.091811 9.626957 -6.868750 
36.333999 8.384769 -7.493750 
34.160170 11.803891 -10.000000


31.675794 17.701179 -44.381250 
31.986341 17.393737 -48.750000 
30.433606 18.322273 -45.006250 
31.675794 17.701179 -44.381250


26.707042 17.701179 -19.993750 
30.433606 16.151549 -21.875000 
27.017589 18.014831 -23.750000 
26.707042 17.701179 -19.993750


31.675794 17.701179 -44.381250 
30.433606 18.322273 -45.006250 
28.570324 18.946472 -41.875000 
31.675794 17.701179 -44.381250


34.470717 13.667173 -35.000000 
31.678899 16.148444 -40.000000 
31.986341 15.841002 -32.500000 
34.470717 13.667173 -35.000000


37.579292 10.558598 -36.875000 
34.470717 13.667173 -35.000000 
38.510933 9.626957 -33.750000 
37.579292 10.558598 -36.875000


33.849623 13.977720 -29.375000 
37.889839 9.626957 -31.250000 
38.510933 9.626957 -33.750000 
33.849623 13.977720 -29.375000


33.849623 13.977720 -29.375000 
38.510933 9.626957 -33.750000 
34.470717 13.667173 -35.000000 
33.849623 13.977720 -29.375000


31.365247 13.356626 -5.625000 
31.675794 12.732427 -4.368750 
32.607435 12.111333 -4.993750 
31.365247 13.356626 -5.625000


29.501965 9.316410 -5.618750 
32.607435 12.111333 -4.993750 
31.675794 12.732427 -4.368750 
29.501965 9.316410 -5.618750


31.986341 15.841002 -32.500000 
30.433606 16.769538 -33.131250 
29.191418 17.393737 -29.375000 
31.986341 15.841002 -32.500000


31.365247 13.356626 -5.625000 
30.123059 13.974615 -3.118750 
31.675794 12.732427 -4.368750 
31.365247 13.356626 -5.625000


36.333999 8.384769 -7.493750 
37.579292 8.384769 -11.875000 
35.716010 10.558598 -11.875000 
36.333999 8.384769 -7.493750


36.333999 8.384769 -7.493750 
37.886734 5.900393 -8.118750 
37.579292 8.384769 -11.875000 
36.333999 8.384769 -7.493750


31.989446 13.353521 -13.125000 
33.542181 13.042974 -17.500000 
30.433606 15.530455 -15.000000 
31.989446 13.353521 -13.125000


30.123059 7.453128 -6.868750 
29.812512 3.416017 -8.743750 
32.296888 4.965647 -8.750000 
30.123059 7.453128 -6.868750


30.123059 7.453128 -6.868750 
29.191418 5.900393 -7.493750 
29.812512 3.416017 -8.743750 
30.123059 7.453128 -6.868750


36.026557 13.974615 -45.000000 
37.579292 10.558598 -36.875000 
37.268745 12.111333 -45.000000 
36.026557 13.974615 -45.000000


33.849623 16.148444 -44.993750 
31.675794 17.701179 -44.381250 
31.678899 16.148444 -40.000000 
33.849623 16.148444 -44.993750


27.949230 17.393737 -25.625000 
27.017589 18.014831 -23.750000 
30.433606 16.151549 -21.875000 
27.949230 17.393737 -25.625000


29.812512 15.216803 -11.868750 
28.570324 15.530455 -8.750000 
30.744153 13.977720 -8.125000 
29.812512 15.216803 -11.868750


42.234392 3.419122 -41.250000 
40.995309 6.521487 -46.875000 
40.992204 5.592951 -40.000000 
42.234392 3.419122 -41.250000


42.234392 3.419122 -41.250000 
41.302751 5.900393 -46.868750 
40.995309 6.521487 -46.875000 
42.234392 3.419122 -41.250000


29.191418 17.393737 -29.375000 
27.949230 17.393737 -25.625000 
30.433606 16.151549 -21.875000 
29.191418 17.393737 -29.375000


31.986341 14.598814 -26.250000 
29.191418 17.393737 -29.375000 
30.433606 16.151549 -21.875000 
31.986341 14.598814 -26.250000


33.542181 13.042974 -17.500000 
31.989446 13.353521 -13.125000 
34.160170 11.803891 -10.000000 
33.542181 13.042974 -17.500000


35.716010 10.558598 -11.875000 
33.542181 13.042974 -17.500000 
34.160170 11.803891 -10.000000 
35.716010 10.558598 -11.875000


39.753121 6.832034 -32.500000 
40.684762 5.279299 -27.500000 
41.926950 3.105470 -27.500000 
39.753121 6.832034 -32.500000


30.433606 15.530455 -15.000000 
34.160170 11.803891 -10.000000 
31.989446 13.353521 -13.125000 
30.433606 15.530455 -15.000000


30.433606 15.530455 -15.000000 
29.812512 15.216803 -11.868750 
34.160170 11.803891 -10.000000 
30.433606 15.530455 -15.000000


33.849623 13.977720 -29.375000 
36.647651 11.179692 -22.500000 
38.200386 9.316410 -24.375000 
33.849623 13.977720 -29.375000


32.607435 12.111333 -4.993750 
29.501965 9.316410 -5.618750 
33.849623 10.558598 -6.243750 
32.607435 12.111333 -4.993750


35.091811 9.626957 -6.868750 
33.849623 10.558598 -6.243750 
29.501965 9.316410 -5.618750 
35.091811 9.626957 -6.868750


38.510933 9.626957 -33.750000 
41.616403 4.968752 -37.500000 
37.579292 10.558598 -36.875000 
38.510933 9.626957 -33.750000


38.510933 9.626957 -33.750000 
39.753121 6.832034 -32.500000 
41.616403 4.968752 -37.500000 
38.510933 9.626957 -33.750000


41.616403 4.968752 -37.500000 
39.753121 6.832034 -32.500000 
42.237497 2.173829 -33.750000 
41.616403 4.968752 -37.500000


37.886734 5.900393 -8.118750 
32.296888 4.965647 -8.750000 
35.091811 4.034006 -9.375000 
37.886734 5.900393 -8.118750


33.228529 6.521487 -8.118750 
32.296888 4.965647 -8.750000 
37.886734 5.900393 -8.118750 
33.228529 6.521487 -8.118750


38.200386 9.316410 -24.375000 
36.647651 11.179692 -22.500000 
37.889839 9.316410 -21.250000 
38.200386 9.316410 -24.375000


40.681657 2.794923 -14.368750 
41.926950 0.621094 -18.125000 
40.063668 3.726564 -17.500000 
40.681657 2.794923 -14.368750


28.570324 -3.108575 -18.750000 
25.154307 -14.285162 -25.618750 
36.333999 -1.555840 -20.625000 
28.570324 -3.108575 -18.750000


32.296888 4.965647 -8.750000 
29.812512 3.416017 -8.743750 
35.091811 4.034006 -9.375000 
32.296888 4.965647 -8.750000


31.054700 1.549630 -10.000000 
35.091811 4.034006 -9.375000 
29.812512 3.416017 -8.743750 
31.054700 1.549630 -10.000000


29.501965 9.316410 -5.618750 
37.886734 5.900393 -8.118750 
35.091811 9.626957 -6.868750 
29.501965 9.316410 -5.618750


30.123059 7.453128 -6.868750 
37.886734 5.900393 -8.118750 
29.501965 9.316410 -5.618750 
30.123059 7.453128 -6.868750


27.638683 -1.242188 -9.993750 
32.296888 0.931641 -11.868750 
28.880871 0.000000 -9.993750 
27.638683 -1.242188 -9.993750


27.638683 -1.242188 -9.993750 
29.812512 -2.176934 -13.750000 
32.296888 0.931641 -11.868750 
27.638683 -1.242188 -9.993750


26.707042 -2.794923 -11.243750 
29.812512 -2.176934 -13.750000 
27.638683 -1.242188 -9.993750 
26.707042 -2.794923 -11.243750


39.128922 -0.310547 -16.868750 
40.371110 -1.245293 -20.000000 
42.544939 -1.552735 -20.618750 
39.128922 -0.310547 -16.868750


41.926950 0.621094 -18.125000 
39.128922 -0.310547 -16.868750 
42.544939 -1.552735 -20.618750 
41.926950 0.621094 -18.125000


33.849623 13.977720 -29.375000 
31.986341 14.598814 -26.250000 
36.647651 11.179692 -22.500000 
33.849623 13.977720 -29.375000


37.886734 5.900393 -8.118750 
36.333999 8.384769 -7.493750 
35.091811 9.626957 -6.868750 
37.886734 5.900393 -8.118750


36.026557 10.248051 -18.125000 
37.889839 9.316410 -21.250000 
36.647651 11.179692 -22.500000 
36.026557 10.248051 -18.125000


36.026557 10.248051 -18.125000 
35.716010 10.558598 -11.875000 
37.579292 8.384769 -11.875000 
36.026557 10.248051 -18.125000


38.510933 6.832034 -15.000000 
37.889839 9.316410 -21.250000 
36.026557 10.248051 -18.125000 
38.510933 6.832034 -15.000000


35.716010 10.558598 -11.875000 
36.026557 10.248051 -18.125000 
33.542181 13.042974 -17.500000 
35.716010 10.558598 -11.875000


40.681657 2.794923 -14.368750 
40.063668 3.726564 -17.500000 
38.510933 6.832034 -15.000000 
40.681657 2.794923 -14.368750


37.579292 8.384769 -11.875000 
38.510933 6.832034 -15.000000 
36.026557 10.248051 -18.125000 
37.579292 8.384769 -11.875000


33.542181 13.042974 -17.500000 
36.026557 10.248051 -18.125000 
36.647651 11.179692 -22.500000 
33.542181 13.042974 -17.500000


31.675794 15.530455 -19.375000 
33.542181 13.042974 -17.500000 
36.647651 11.179692 -22.500000 
31.675794 15.530455 -19.375000


31.986341 14.598814 -26.250000 
31.675794 15.530455 -19.375000 
36.647651 11.179692 -22.500000 
31.986341 14.598814 -26.250000


31.986341 14.598814 -26.250000 
30.433606 16.151549 -21.875000 
31.675794 15.530455 -19.375000 
31.986341 14.598814 -26.250000


42.237497 2.173829 -33.750000 
39.753121 6.832034 -32.500000 
41.926950 3.105470 -27.500000 
42.237497 2.173829 -33.750000


37.889839 9.316410 -21.250000 
39.753121 6.832034 -23.125000 
38.200386 9.316410 -24.375000 
37.889839 9.316410 -21.250000


37.889839 9.316410 -21.250000 
38.510933 6.832034 -15.000000 
39.753121 6.832034 -23.125000 
37.889839 9.316410 -21.250000


37.886734 5.900393 -8.118750 
40.060563 4.037111 -11.868750 
37.579292 8.384769 -11.875000 
37.886734 5.900393 -8.118750


41.616403 4.968752 -37.500000 
43.169138 2.484376 -39.375000 
40.992204 5.592951 -40.000000 
41.616403 4.968752 -37.500000


43.169138 -0.310547 -23.125000 
42.544939 -1.552735 -20.618750 
44.411326 -2.794923 -25.000000 
43.169138 -0.310547 -23.125000


40.992204 5.592951 -40.000000 
43.169138 2.484376 -39.375000 
42.234392 3.419122 -41.250000 
40.992204 5.592951 -40.000000


40.684762 5.279299 -27.500000 
39.753121 6.832034 -23.125000 
41.926950 3.105470 -27.500000 
40.684762 5.279299 -27.500000


42.237497 1.863282 -23.750000 
41.926950 3.105470 -27.500000 
39.753121 6.832034 -23.125000 
42.237497 1.863282 -23.750000


45.342967 -3.726564 -37.500000 
46.895702 -8.074222 -32.500000 
47.206249 -7.142581 -40.000000 
45.342967 -3.726564 -37.500000


44.411326 -2.794923 -25.000000 
42.544939 -1.552735 -20.618750 
44.718768 -3.726564 -25.618750 
44.411326 -2.794923 -25.000000


43.479685 4.037111 -50.000000 
45.339862 -1.860177 -45.000000 
45.032420 -0.310547 -49.375000 
43.479685 4.037111 -50.000000


43.479685 1.552735 -42.500000 
45.339862 -1.860177 -45.000000 
43.479685 4.037111 -50.000000 
43.479685 1.552735 -42.500000


48.758984 -9.626957 -45.625000 
47.206249 -5.279299 -46.250000 
47.827343 -8.384769 -43.125000 
48.758984 -9.626957 -45.625000


48.758984 -9.626957 -45.625000 
48.448437 -8.384769 -48.125000 
47.206249 -5.279299 -46.250000 
48.758984 -9.626957 -45.625000


47.206249 -5.279299 -46.250000 
46.585155 -3.726564 -50.625000 
46.585155 -4.037111 -45.625000 
47.206249 -5.279299 -46.250000


41.926950 3.105470 -27.500000 
43.479685 0.310547 -28.125000 
42.237497 2.173829 -33.750000 
41.926950 3.105470 -27.500000


42.544939 -1.552735 -20.618750 
40.371110 -1.245293 -20.000000 
46.271503 -8.074222 -28.743750 
42.544939 -1.552735 -20.618750


41.926950 0.621094 -18.125000 
42.544939 -1.552735 -20.618750 
43.169138 -0.310547 -23.125000 
41.926950 0.621094 -18.125000


42.237497 1.863282 -23.750000 
41.926950 0.621094 -18.125000 
43.169138 -0.310547 -23.125000 
42.237497 1.863282 -23.750000


44.097674 -1.239083 -28.750000 
43.787127 -1.552735 -31.256250 
43.479685 -0.621094 -34.375000 
44.097674 -1.239083 -28.750000


40.060563 4.037111 -11.868750 
40.681657 2.794923 -14.368750 
38.510933 6.832034 -15.000000 
40.060563 4.037111 -11.868750


50.622266 -21.427743 -45.625000 
50.001172 -16.148444 -45.000000 
49.380078 -16.458991 -41.875000 
50.622266 -21.427743 -45.625000


49.687520 -21.738290 -42.493750 
50.622266 -21.427743 -45.625000 
49.380078 -16.458991 -41.875000 
49.687520 -21.738290 -42.493750


39.753121 6.832034 -23.125000 
38.510933 6.832034 -15.000000 
40.063668 3.726564 -17.500000 
39.753121 6.832034 -23.125000


39.753121 6.832034 -23.125000 
40.063668 3.726564 -17.500000 
40.063668 4.037111 -20.000000 
39.753121 6.832034 -23.125000


40.681657 2.794923 -14.368750 
39.128922 -0.310547 -16.868750 
41.926950 0.621094 -18.125000 
40.681657 2.794923 -14.368750


40.060563 4.037111 -11.868750 
37.576187 2.794923 -12.493750 
39.128922 -0.310547 -16.868750 
40.060563 4.037111 -11.868750


40.681657 2.794923 -14.368750 
40.060563 4.037111 -11.868750 
39.128922 -0.310547 -16.868750 
40.681657 2.794923 -14.368750


37.576187 2.794923 -12.493750 
32.296888 0.931641 -11.868750 
35.091811 1.552735 -13.118750 
37.576187 2.794923 -12.493750


37.576187 2.794923 -12.493750 
35.091811 4.034006 -9.375000 
32.296888 0.931641 -11.868750 
37.576187 2.794923 -12.493750


40.063668 4.037111 -20.000000 
40.063668 3.726564 -17.500000 
41.926950 0.621094 -18.125000 
40.063668 4.037111 -20.000000


49.690625 -13.042974 -45.000000 
49.690625 -11.800786 -49.375000 
48.758984 -9.626957 -45.625000 
49.690625 -13.042974 -45.000000


41.926950 3.105470 -27.500000 
42.237497 1.863282 -23.750000 
43.479685 0.310547 -28.125000 
41.926950 3.105470 -27.500000


46.271503 -8.074222 -28.743750 
47.203144 -11.490239 -30.618750 
46.895702 -8.074222 -32.500000 
46.271503 -8.074222 -28.743750


46.271503 -8.074222 -28.743750 
42.544939 -19.875008 -31.868750 
47.203144 -11.490239 -30.618750 
46.271503 -8.074222 -28.743750


48.758984 -17.080085 -36.250000 
48.137890 -15.216803 -32.500000 
49.069531 -19.875008 -35.625000 
48.758984 -17.080085 -36.250000


44.097674 -1.239083 -28.750000 
44.411326 -2.794923 -25.000000 
44.718768 -3.726564 -25.618750 
44.097674 -1.239083 -28.750000


47.203144 -11.490239 -30.618750 
47.513691 -13.042974 -31.243750 
47.516796 -11.800786 -35.000000 
47.203144 -11.490239 -30.618750


37.579292 10.558598 -36.875000 
41.616403 4.968752 -37.500000 
40.992204 5.592951 -40.000000 
37.579292 10.558598 -36.875000


44.097674 -1.239083 -28.750000 
45.653514 -5.279299 -31.875000 
43.787127 -1.552735 -31.256250 
44.097674 -1.239083 -28.750000


46.895702 -8.074222 -32.500000 
45.650409 -6.521487 -28.118750 
46.271503 -8.074222 -28.743750 
46.895702 -8.074222 -32.500000


46.895702 -8.074222 -32.500000 
45.653514 -5.279299 -31.875000 
45.650409 -6.521487 -28.118750 
46.895702 -8.074222 -32.500000


41.302751 -31.054700 -36.243750 
34.160170 -30.744153 -31.868750 
43.476580 -34.470717 -38.118750 
41.302751 -31.054700 -36.243750


37.576187 2.794923 -12.493750 
34.781264 0.310547 -14.368750 
36.955093 0.310547 -15.618750 
37.576187 2.794923 -12.493750


37.576187 2.794923 -12.493750 
35.091811 1.552735 -13.118750 
34.781264 0.310547 -14.368750 
37.576187 2.794923 -12.493750


48.758984 -17.080085 -36.250000 
49.069531 -19.875008 -35.625000 
48.758984 -17.390632 -36.250000 
48.758984 -17.080085 -36.250000


28.880871 0.000000 -9.993750 
32.296888 0.931641 -11.868750 
31.054700 1.549630 -10.000000 
28.880871 0.000000 -9.993750


39.128922 -0.310547 -16.868750 
37.576187 2.794923 -12.493750 
36.955093 0.310547 -15.618750 
39.128922 -0.310547 -16.868750


34.781264 0.310547 -14.368750 
32.296888 0.931641 -11.868750 
29.812512 -2.176934 -13.750000 
34.781264 0.310547 -14.368750


35.091811 1.552735 -13.118750 
32.296888 0.931641 -11.868750 
34.781264 0.310547 -14.368750 
35.091811 1.552735 -13.118750


36.333999 -1.555840 -20.625000 
33.849623 -0.931641 -15.618750 
31.675794 -1.555840 -15.000000 
36.333999 -1.555840 -20.625000


36.333999 -1.555840 -20.625000 
31.675794 -1.555840 -15.000000 
28.570324 -3.108575 -18.750000 
36.333999 -1.555840 -20.625000


34.781264 0.310547 -14.368750 
33.849623 -0.931641 -15.618750 
39.128922 -0.310547 -16.868750 
34.781264 0.310547 -14.368750


34.781264 0.310547 -14.368750 
39.128922 -0.310547 -16.868750 
36.955093 0.310547 -15.618750 
34.781264 0.310547 -14.368750


49.069531 -22.669931 -39.375000 
49.687520 -21.738290 -42.493750 
49.069531 -19.875008 -35.625000 
49.069531 -22.669931 -39.375000


38.510933 9.626957 -33.750000 
37.889839 9.626957 -31.250000 
39.753121 6.832034 -32.500000 
38.510933 9.626957 -33.750000


46.895702 -8.074222 -32.500000 
47.203144 -11.490239 -30.618750 
47.516796 -11.800786 -35.000000 
46.895702 -8.074222 -32.500000


49.690625 -11.800786 -49.375000 
50.001172 -13.042974 -50.000000 
50.932813 -12.421880 -56.875000 
49.690625 -11.800786 -49.375000


49.690625 -11.800786 -49.375000 
50.932813 -12.421880 -56.875000 
49.380078 -9.626957 -53.750000 
49.690625 -11.800786 -49.375000


48.137890 -5.900393 -53.125000 
46.585155 -3.726564 -50.625000 
47.206249 -5.279299 -46.250000 
48.137890 -5.900393 -53.125000


48.448437 -8.384769 -48.125000 
48.137890 -5.900393 -53.125000 
47.206249 -5.279299 -46.250000 
48.448437 -8.384769 -48.125000


49.690625 -13.042974 -45.000000 
50.001172 -16.148444 -45.000000 
50.932813 -16.769538 -48.750000 
49.690625 -13.042974 -45.000000


50.001172 -13.042974 -50.000000 
49.690625 -13.042974 -45.000000 
50.932813 -16.769538 -48.750000 
50.001172 -13.042974 -50.000000


49.069531 -22.980478 -31.875000 
47.513691 -13.042974 -31.243750 
46.892597 -18.632820 -31.868750 
49.069531 -22.980478 -31.875000


49.069531 -22.980478 -31.875000 
48.137890 -15.216803 -32.500000 
47.513691 -13.042974 -31.243750 
49.069531 -22.980478 -31.875000


45.032420 1.552735 -52.500000 
43.479685 4.037111 -50.000000 
45.032420 -0.310547 -49.375000 
45.032420 1.552735 -52.500000


43.476580 0.931641 -36.868750 
43.169138 2.484376 -39.375000 
41.616403 4.968752 -37.500000 
43.476580 0.931641 -36.868750


50.932813 -16.769538 -48.750000 
50.001172 -16.148444 -45.000000 
50.622266 -21.427743 -45.625000 
50.932813 -16.769538 -48.750000


46.895702 -8.074222 -32.500000 
45.342967 -3.726564 -37.500000 
45.653514 -5.279299 -31.875000 
46.895702 -8.074222 -32.500000


42.237497 2.173829 -33.750000 
43.479685 0.310547 -28.125000 
43.476580 0.931641 -36.868750 
42.237497 2.173829 -33.750000


44.097674 -1.239083 -28.750000 
43.479685 -0.621094 -34.375000 
43.476580 0.931641 -36.868750 
44.097674 -1.239083 -28.750000


43.479685 0.310547 -28.125000 
44.097674 -1.239083 -28.750000 
43.476580 0.931641 -36.868750 
43.479685 0.310547 -28.125000


43.169138 2.484376 -39.375000 
43.476580 0.931641 -36.868750 
44.721873 -0.310547 -39.375000 
43.169138 2.484376 -39.375000


43.476580 0.931641 -36.868750 
43.479685 -0.621094 -34.375000 
44.721873 -0.310547 -39.375000 
43.476580 0.931641 -36.868750


43.479685 -0.621094 -34.375000 
45.342967 -3.726564 -37.500000 
44.721873 -0.310547 -39.375000 
43.479685 -0.621094 -34.375000


47.516796 -11.800786 -35.000000 
48.758984 -17.080085 -36.250000 
48.448437 -10.869145 -41.250000 
47.516796 -11.800786 -35.000000


43.479685 1.552735 -42.500000 
43.169138 2.484376 -39.375000 
44.721873 -0.310547 -39.375000 
43.479685 1.552735 -42.500000


49.069531 -22.980478 -31.875000 
42.544939 -19.875008 -31.868750 
43.473475 -25.154307 -32.500000 
49.069531 -22.980478 -31.875000


47.827343 -8.384769 -43.125000 
47.206249 -7.142581 -40.000000 
48.448437 -10.869145 -41.250000 
47.827343 -8.384769 -43.125000


46.895702 -8.074222 -32.500000 
47.516796 -11.800786 -35.000000 
48.448437 -10.869145 -41.250000 
46.895702 -8.074222 -32.500000


46.895702 -8.074222 -32.500000 
48.448437 -10.869145 -41.250000 
47.206249 -7.142581 -40.000000 
46.895702 -8.074222 -32.500000


49.380078 -9.626957 -53.750000 
48.137890 -5.900393 -53.125000 
48.448437 -8.384769 -48.125000 
49.380078 -9.626957 -53.750000


45.342967 -3.726564 -37.500000 
47.206249 -7.142581 -40.000000 
45.964061 -2.484376 -41.875000 
45.342967 -3.726564 -37.500000


45.342967 -3.726564 -37.500000 
45.964061 -2.484376 -41.875000 
44.721873 -0.310547 -39.375000 
45.342967 -3.726564 -37.500000


44.721873 -0.310547 -39.375000 
45.964061 -2.484376 -41.875000 
43.479685 1.552735 -42.500000 
44.721873 -0.310547 -39.375000


45.339862 -1.860177 -45.000000 
43.479685 1.552735 -42.500000 
45.964061 -2.484376 -41.875000 
45.339862 -1.860177 -45.000000


45.339862 -1.860177 -45.000000 
45.964061 -2.484376 -41.875000 
46.585155 -4.037111 -45.625000 
45.339862 -1.860177 -45.000000


47.827343 -8.384769 -43.125000 
45.964061 -2.484376 -41.875000 
47.206249 -7.142581 -40.000000 
47.827343 -8.384769 -43.125000


47.206249 -5.279299 -46.250000 
46.585155 -4.037111 -45.625000 
45.964061 -2.484376 -41.875000 
47.206249 -5.279299 -46.250000


47.827343 -8.384769 -43.125000 
47.206249 -5.279299 -46.250000 
45.964061 -2.484376 -41.875000 
47.827343 -8.384769 -43.125000


49.380078 -16.458991 -41.875000 
50.001172 -16.148444 -45.000000 
49.690625 -13.042974 -45.000000 
49.380078 -16.458991 -41.875000


48.758984 -9.626957 -45.625000 
49.690625 -11.800786 -49.375000 
48.448437 -8.384769 -48.125000 
48.758984 -9.626957 -45.625000


51.243360 -22.669931 -47.500000 
50.932813 -16.769538 -48.750000 
50.622266 -21.427743 -45.625000 
51.243360 -22.669931 -47.500000


52.792990 -28.573429 -53.750000 
52.485548 -22.980478 -55.000000 
52.171896 -27.328136 -50.618750 
52.792990 -28.573429 -53.750000


49.069531 -19.875008 -35.625000 
49.069531 -22.980478 -31.875000 
49.069531 -24.533213 -35.625000 
49.069531 -19.875008 -35.625000


50.619161 -24.222666 -44.993750 
50.622266 -27.949230 -45.000000 
50.932813 -25.154307 -46.250000 
50.619161 -24.222666 -44.993750


50.622266 -15.216803 -51.250000 
50.001172 -13.042974 -50.000000 
50.932813 -16.769538 -48.750000 
50.622266 -15.216803 -51.250000


49.380078 -16.458991 -41.875000 
49.690625 -13.042974 -45.000000 
48.448437 -10.869145 -41.250000 
49.380078 -16.458991 -41.875000


50.311719 -23.601572 -43.750000 
50.619161 -24.222666 -44.993750 
50.622266 -21.427743 -45.625000 
50.311719 -23.601572 -43.750000


49.690625 -13.042974 -45.000000 
50.001172 -13.042974 -50.000000 
49.690625 -11.800786 -49.375000 
49.690625 -13.042974 -45.000000


49.069531 -22.980478 -31.875000 
46.892597 -18.632820 -31.868750 
42.544939 -19.875008 -31.868750 
49.069531 -22.980478 -31.875000


40.681657 -34.160170 -57.506250 
35.091811 -34.160170 -54.381250 
37.883629 -31.365247 -56.250000 
40.681657 -34.160170 -57.506250


29.812512 -30.433606 -51.256250 
31.365247 -34.160170 -50.631250 
30.123059 -34.781264 -48.756250 
29.812512 -30.433606 -51.256250


29.812512 -30.433606 -51.256250 
30.123059 -34.781264 -48.756250 
28.567219 -32.296888 -48.125000 
29.812512 -30.433606 -51.256250


39.128922 -45.029315 -55.631250 
39.439469 -46.892597 -56.256250 
36.644546 -47.203144 -53.756250 
39.128922 -45.029315 -55.631250


48.137890 -15.216803 -32.500000 
48.758984 -17.080085 -36.250000 
47.516796 -11.800786 -35.000000 
48.137890 -15.216803 -32.500000


32.293783 -40.060563 -49.375000 
30.744153 -40.681657 -47.506250 
31.054700 -37.265640 -48.756250 
32.293783 -40.060563 -49.375000


48.134785 -17.080085 -33.118750 
48.137890 -15.216803 -32.500000 
49.069531 -22.980478 -31.875000 
48.134785 -17.080085 -33.118750


33.849623 -22.669931 -29.993750 
31.054700 -28.570324 -31.243750 
35.402358 -25.775401 -31.243750 
33.849623 -22.669931 -29.993750


42.544939 -19.875008 -31.868750 
46.271503 -8.074222 -28.743750 
36.644546 -17.701179 -31.868750 
42.544939 -19.875008 -31.868750


30.744153 -40.681657 -47.506250 
30.123059 -34.781264 -48.756250 
31.054700 -37.265640 -48.756250 
30.744153 -40.681657 -47.506250


30.744153 -40.681657 -47.506250 
28.259777 -36.955093 -44.993750 
30.123059 -34.781264 -48.756250 
30.744153 -40.681657 -47.506250


25.154307 -14.285162 -25.618750 
33.539076 -19.564461 -30.618750 
36.333999 -1.555840 -20.625000 
25.154307 -14.285162 -25.618750


25.154307 -14.285162 -25.618750 
33.849623 -22.669931 -29.993750 
33.539076 -19.564461 -30.618750 
25.154307 -14.285162 -25.618750


25.154307 -14.285162 -25.618750 
27.949230 -23.912119 -31.868750 
33.849623 -22.669931 -29.993750 
25.154307 -14.285162 -25.618750


31.675794 -33.228529 -31.868750 
30.123059 -30.744153 -32.493750 
30.430501 -36.955093 -34.375000 
31.675794 -33.228529 -31.868750


33.539076 -19.564461 -30.618750 
36.644546 -17.701179 -31.868750 
36.333999 -1.555840 -20.625000 
33.539076 -19.564461 -30.618750


36.333999 -1.555840 -20.625000 
36.644546 -17.701179 -31.868750 
40.371110 -1.245293 -20.000000 
36.333999 -1.555840 -20.625000


40.371110 -1.245293 -20.000000 
36.644546 -17.701179 -31.868750 
46.271503 -8.074222 -28.743750 
40.371110 -1.245293 -20.000000


33.539076 -19.564461 -30.618750 
42.544939 -19.875008 -31.868750 
36.644546 -17.701179 -31.868750 
33.539076 -19.564461 -30.618750


33.849623 -22.669931 -29.993750 
42.544939 -19.875008 -31.868750 
33.539076 -19.564461 -30.618750 
33.849623 -22.669931 -29.993750


50.622266 -27.949230 -45.000000 
49.690625 -30.744153 -41.250000 
50.308614 -31.054700 -44.993750 
50.622266 -27.949230 -45.000000


49.690625 -13.042974 -45.000000 
48.758984 -9.626957 -45.625000 
48.448437 -10.869145 -41.250000 
49.690625 -13.042974 -45.000000


34.160170 -30.744153 -31.868750 
42.855486 -28.880871 -34.993750 
36.955093 -27.949230 -32.493750 
34.160170 -30.744153 -31.868750


41.302751 -31.054700 -36.243750 
42.855486 -28.880871 -34.993750 
34.160170 -30.744153 -31.868750 
41.302751 -31.054700 -36.243750


49.380078 -16.458991 -41.875000 
48.758984 -17.390632 -36.250000 
49.069531 -19.875008 -35.625000 
49.380078 -16.458991 -41.875000


48.758984 -17.080085 -36.250000 
48.758984 -17.390632 -36.250000 
49.380078 -16.458991 -41.875000 
48.758984 -17.080085 -36.250000


48.758984 -17.080085 -36.250000 
49.380078 -16.458991 -41.875000 
48.448437 -10.869145 -41.250000 
48.758984 -17.080085 -36.250000


49.066426 -35.402358 -38.743750 
46.271503 -32.607435 -37.493750 
46.271503 -35.402358 -38.743750 
49.066426 -35.402358 -38.743750


49.069531 -22.669931 -39.375000 
49.069531 -19.875008 -35.625000 
49.069531 -24.533213 -35.625000 
49.069531 -22.669931 -39.375000


43.473475 -25.154307 -32.500000 
42.855486 -28.880871 -34.993750 
46.582050 -26.707042 -33.743750 
43.473475 -25.154307 -32.500000


46.582050 -26.707042 -33.743750 
48.755879 -26.085948 -33.118750 
43.473475 -25.154307 -32.500000 
46.582050 -26.707042 -33.743750


53.417189 -31.986341 -56.250000 
53.417189 -35.402358 -57.500000 
54.659377 -31.054700 -64.375000 
53.417189 -31.986341 -56.250000


53.727736 -30.433606 -61.250000 
53.417189 -31.986341 -56.250000 
54.659377 -31.054700 -64.375000 
53.727736 -30.433606 -61.250000


47.203144 -11.490239 -30.618750 
46.892597 -18.632820 -31.868750 
47.513691 -13.042974 -31.243750 
47.203144 -11.490239 -30.618750


47.203144 -11.490239 -30.618750 
42.544939 -19.875008 -31.868750 
46.892597 -18.632820 -31.868750 
47.203144 -11.490239 -30.618750


34.160170 -30.744153 -31.868750 
31.054700 -28.570324 -31.243750 
31.675794 -33.228529 -31.868750 
34.160170 -30.744153 -31.868750


30.123059 -30.744153 -32.493750 
31.675794 -33.228529 -31.868750 
31.054700 -28.570324 -31.243750 
30.123059 -30.744153 -32.493750


30.430501 -36.955093 -34.375000 
29.191418 -38.507828 -39.368750 
30.744153 -38.818375 -36.868750 
30.430501 -36.955093 -34.375000


30.430501 -36.955093 -34.375000 
28.570324 -35.091811 -38.743750 
29.191418 -38.507828 -39.368750 
30.430501 -36.955093 -34.375000


48.134785 -45.029315 -44.368750 
49.376973 -41.613298 -47.493750 
48.445332 -41.613298 -41.868750 
48.134785 -45.029315 -44.368750


50.619161 -24.222666 -44.993750 
51.243360 -22.669931 -47.500000 
50.622266 -21.427743 -45.625000 
50.619161 -24.222666 -44.993750


50.311719 -23.601572 -43.750000 
49.069531 -22.669931 -39.375000 
49.069531 -24.533213 -35.625000 
50.311719 -23.601572 -43.750000


50.308614 -45.964061 -55.000000 
49.380078 -47.203144 -52.500000 
49.690625 -48.445332 -56.250000 
50.308614 -45.964061 -55.000000


42.855486 -28.880871 -34.993750 
49.066426 -28.570324 -34.368750 
46.582050 -26.707042 -33.743750 
42.855486 -28.880871 -34.993750


42.234392 -45.029315 -43.118750 
42.544939 -42.544939 -41.868750 
40.371110 -40.681657 -40.618750 
42.234392 -45.029315 -43.118750


39.128922 -45.029315 -55.631250 
42.544939 -41.302751 -57.506250 
39.439469 -46.892597 -56.256250 
39.128922 -45.029315 -55.631250


49.380078 -29.501965 -39.375000 
49.066426 -28.570324 -34.368750 
49.066426 -29.812512 -35.618750 
49.380078 -29.501965 -39.375000


49.069531 -24.533213 -35.625000 
49.066426 -28.570324 -34.368750 
49.380078 -29.501965 -39.375000 
49.069531 -24.533213 -35.625000


49.066426 -28.570324 -34.368750 
42.855486 -28.880871 -34.993750 
46.271503 -32.607435 -37.493750 
49.066426 -28.570324 -34.368750


52.796095 -44.408221 -61.875000 
52.796095 -45.960956 -64.375000 
54.035178 -40.681657 -66.243750 
52.796095 -44.408221 -61.875000


53.103537 -43.787127 -66.881250 
54.035178 -40.681657 -66.243750 
52.796095 -45.960956 -64.375000 
53.103537 -43.787127 -66.881250


42.855486 -28.880871 -34.993750 
41.302751 -31.054700 -36.243750 
43.476580 -34.470717 -38.118750 
42.855486 -28.880871 -34.993750


42.855486 -28.880871 -34.993750 
43.476580 -34.470717 -38.118750 
46.271503 -32.607435 -37.493750 
42.855486 -28.880871 -34.993750


49.066426 -32.607435 -37.493750 
49.690625 -30.744153 -41.250000 
49.380078 -29.501965 -39.375000 
49.066426 -32.607435 -37.493750


48.755879 -38.818375 -40.618750 
49.066426 -35.402358 -38.743750 
46.271503 -35.402358 -38.743750 
48.755879 -38.818375 -40.618750


34.160170 -30.744153 -31.868750 
35.402358 -25.775401 -31.243750 
31.054700 -28.570324 -31.243750 
34.160170 -30.744153 -31.868750


33.228529 -46.582050 -50.006250 
32.293783 -40.060563 -49.375000 
35.399253 -42.544939 -52.500000 
33.228529 -46.582050 -50.006250


33.228529 -46.582050 -50.006250 
31.675794 -43.476580 -48.131250 
32.293783 -40.060563 -49.375000 
33.228529 -46.582050 -50.006250


42.544939 -42.544939 -41.868750 
42.234392 -45.029315 -43.118750 
48.445332 -41.613298 -41.868750 
42.544939 -42.544939 -41.868750


31.675794 -33.228529 -31.868750 
41.613298 -37.886734 -39.368750 
34.160170 -30.744153 -31.868750 
31.675794 -33.228529 -31.868750


49.066426 -35.402358 -38.743750 
49.066426 -32.607435 -37.493750 
46.271503 -32.607435 -37.493750 
49.066426 -35.402358 -38.743750


49.066426 -35.402358 -38.743750 
49.690625 -30.744153 -41.250000 
49.066426 -32.607435 -37.493750 
49.066426 -35.402358 -38.743750


49.066426 -28.570324 -34.368750 
46.271503 -32.607435 -37.493750 
49.066426 -32.607435 -37.493750 
49.066426 -28.570324 -34.368750


49.066426 -28.570324 -34.368750 
49.066426 -32.607435 -37.493750 
49.066426 -29.812512 -35.618750 
49.066426 -28.570324 -34.368750


49.380078 -29.501965 -39.375000 
49.066426 -29.812512 -35.618750 
49.066426 -32.607435 -37.493750 
49.380078 -29.501965 -39.375000


43.476580 -34.470717 -38.118750 
41.613298 -37.886734 -39.368750 
46.271503 -35.402358 -38.743750 
43.476580 -34.470717 -38.118750


31.675794 -43.476580 -48.131250 
29.809407 -42.855486 -46.250000 
30.744153 -40.681657 -47.506250 
31.675794 -43.476580 -48.131250


46.271503 -32.607435 -37.493750 
43.476580 -34.470717 -38.118750 
46.271503 -35.402358 -38.743750 
46.271503 -32.607435 -37.493750


34.160170 -30.744153 -31.868750 
41.613298 -37.886734 -39.368750 
43.476580 -34.470717 -38.118750 
34.160170 -30.744153 -31.868750


32.914877 -52.792990 -52.500000 
32.914877 -51.550802 -51.250000 
32.607435 -49.998067 -49.381250 
32.914877 -52.792990 -52.500000


31.672689 -48.445332 -48.125000 
32.914877 -52.792990 -52.500000 
32.607435 -49.998067 -49.381250 
31.672689 -48.445332 -48.125000


46.271503 -35.402358 -38.743750 
41.613298 -37.886734 -39.368750 
48.755879 -38.818375 -40.618750 
46.271503 -35.402358 -38.743750


48.445332 -41.613298 -41.868750 
48.755879 -38.818375 -40.618750 
41.613298 -37.886734 -39.368750 
48.445332 -41.613298 -41.868750


48.445332 -41.613298 -41.868750 
41.613298 -37.886734 -39.368750 
42.544939 -42.544939 -41.868750 
48.445332 -41.613298 -41.868750


35.402358 -25.775401 -31.243750 
34.160170 -30.744153 -31.868750 
36.955093 -27.949230 -32.493750 
35.402358 -25.775401 -31.243750


36.955093 -27.949230 -32.493750 
43.473475 -25.154307 -32.500000 
35.402358 -25.775401 -31.243750 
36.955093 -27.949230 -32.493750


43.473475 -25.154307 -32.500000 
36.955093 -27.949230 -32.493750 
42.855486 -28.880871 -34.993750 
43.473475 -25.154307 -32.500000


30.744153 -38.818375 -36.868750 
38.197281 -38.510933 -39.375000 
30.430501 -36.955093 -34.375000 
30.744153 -38.818375 -36.868750


31.675794 -33.228529 -31.868750 
30.430501 -36.955093 -34.375000 
38.197281 -38.510933 -39.375000 
31.675794 -33.228529 -31.868750


37.265640 -52.482443 -47.493750 
33.228529 -47.824238 -46.243750 
34.781264 -50.619161 -48.118750 
37.265640 -52.482443 -47.493750


37.886734 -50.929708 -46.243750 
33.228529 -47.824238 -46.243750 
37.265640 -52.482443 -47.493750 
37.886734 -50.929708 -46.243750


32.607435 -43.476580 -42.493750 
33.228529 -40.681657 -39.993750 
30.123059 -41.613298 -39.993750 
32.607435 -43.476580 -42.493750


32.607435 -43.476580 -42.493750 
34.781264 -44.097674 -43.118750 
33.228529 -40.681657 -39.993750 
32.607435 -43.476580 -42.493750


34.781264 -44.097674 -43.118750 
40.371110 -40.681657 -40.618750 
33.228529 -40.681657 -39.993750 
34.781264 -44.097674 -43.118750


32.607435 -43.476580 -42.493750 
33.228529 -47.824238 -46.243750 
35.712905 -46.585155 -44.375000 
32.607435 -43.476580 -42.493750


29.191418 -38.507828 -39.368750 
30.123059 -41.613298 -39.993750 
30.744153 -38.818375 -36.868750 
29.191418 -38.507828 -39.368750


49.380078 -47.203144 -52.500000 
48.755879 -51.243360 -56.250000 
49.690625 -48.445332 -56.250000 
49.380078 -47.203144 -52.500000


38.818375 -56.519554 -50.618750 
36.644546 -55.587913 -51.243750 
39.128922 -58.075394 -52.500000 
38.818375 -56.519554 -50.618750


41.923845 -50.308614 -46.243750 
37.886734 -50.929708 -46.243750 
39.750016 -51.550802 -46.868750 
41.923845 -50.308614 -46.243750


40.371110 -40.681657 -40.618750 
38.197281 -38.510933 -39.375000 
30.744153 -38.818375 -36.868750 
40.371110 -40.681657 -40.618750


40.371110 -40.681657 -40.618750 
30.744153 -38.818375 -36.868750 
33.228529 -40.681657 -39.993750 
40.371110 -40.681657 -40.618750


41.613298 -37.886734 -39.368750 
31.675794 -33.228529 -31.868750 
38.197281 -38.510933 -39.375000 
41.613298 -37.886734 -39.368750


40.371110 -40.681657 -40.618750 
41.613298 -37.886734 -39.368750 
38.197281 -38.510933 -39.375000 
40.371110 -40.681657 -40.618750


32.914877 -52.792990 -52.500000 
31.672689 -48.445332 -48.125000 
33.228529 -46.582050 -50.006250 
32.914877 -52.792990 -52.500000


47.203144 -52.171896 -52.493750 
47.206249 -51.861349 -50.625000 
46.274608 -54.345725 -51.875000 
47.203144 -52.171896 -52.493750


40.371110 -40.681657 -40.618750 
34.781264 -44.097674 -43.118750 
42.234392 -45.029315 -43.118750 
40.371110 -40.681657 -40.618750


46.892597 -49.066426 -46.243750 
48.755879 -46.271503 -48.743750 
48.134785 -45.029315 -44.368750 
46.892597 -49.066426 -46.243750


37.265640 -52.482443 -47.493750 
34.781264 -50.619161 -48.118750 
36.644546 -53.724631 -49.368750 
37.265640 -52.482443 -47.493750


41.923845 -50.308614 -46.243750 
42.544939 -46.892597 -44.368750 
37.886734 -50.929708 -46.243750 
41.923845 -50.308614 -46.243750


45.960956 -51.861349 -46.868750 
45.339862 -53.103537 -47.493750 
47.206249 -51.861349 -50.625000 
45.960956 -51.861349 -46.868750


42.544939 -46.892597 -44.368750 
45.960956 -51.861349 -46.868750 
46.892597 -49.066426 -46.243750 
42.544939 -46.892597 -44.368750


37.265640 -52.482443 -47.493750 
41.923845 -55.898460 -49.368750 
42.234392 -54.035178 -48.118750 
37.265640 -52.482443 -47.493750


36.644546 -47.203144 -53.756250 
37.576187 -51.240255 -56.256250 
36.023452 -50.619161 -54.381250 
36.644546 -47.203144 -53.756250


38.197281 -49.066426 -55.631250 
37.576187 -51.240255 -56.256250 
36.644546 -47.203144 -53.756250 
38.197281 -49.066426 -55.631250


37.886734 -50.929708 -46.243750 
42.234392 -45.029315 -43.118750 
35.712905 -46.585155 -44.375000 
37.886734 -50.929708 -46.243750


37.886734 -50.929708 -46.243750 
42.544939 -46.892597 -44.368750 
42.234392 -45.029315 -43.118750 
37.886734 -50.929708 -46.243750


32.607435 -43.476580 -42.493750 
30.119954 -45.960956 -45.625000 
33.228529 -47.824238 -46.243750 
32.607435 -43.476580 -42.493750


34.781264 -44.097674 -43.118750 
32.607435 -43.476580 -42.493750 
35.712905 -46.585155 -44.375000 
34.781264 -44.097674 -43.118750


28.877766 -40.371110 -45.000000 
28.259777 -36.955093 -44.993750 
30.744153 -40.681657 -47.506250 
28.877766 -40.371110 -45.000000


29.809407 -42.855486 -46.250000 
28.877766 -40.371110 -45.000000 
30.744153 -40.681657 -47.506250 
29.809407 -42.855486 -46.250000


31.672689 -48.445332 -48.125000 
32.607435 -49.998067 -49.381250 
34.781264 -50.619161 -48.118750 
31.672689 -48.445332 -48.125000


31.672689 -48.445332 -48.125000 
34.781264 -50.619161 -48.118750 
33.228529 -47.824238 -46.243750 
31.672689 -48.445332 -48.125000


37.886734 -50.929708 -46.243750 
35.712905 -46.585155 -44.375000 
33.228529 -47.824238 -46.243750 
37.886734 -50.929708 -46.243750


30.119954 -45.960956 -45.625000 
31.672689 -48.445332 -48.125000 
33.228529 -47.824238 -46.243750 
30.119954 -45.960956 -45.625000


30.119954 -45.960956 -45.625000 
30.744153 -46.892597 -46.868750 
31.672689 -48.445332 -48.125000 
30.119954 -45.960956 -45.625000


30.744153 -46.892597 -46.868750 
29.809407 -42.855486 -46.250000 
31.675794 -43.476580 -48.131250 
30.744153 -46.892597 -46.868750


30.744153 -46.892597 -46.868750 
30.119954 -45.960956 -45.625000 
29.809407 -42.855486 -46.250000 
30.744153 -46.892597 -46.868750


31.675794 -43.476580 -48.131250 
30.744153 -40.681657 -47.506250 
32.293783 -40.060563 -49.375000 
31.675794 -43.476580 -48.131250


42.234392 -54.035178 -48.118750 
45.339862 -53.103537 -47.493750 
41.923845 -50.308614 -46.243750 
42.234392 -54.035178 -48.118750


41.923845 -55.898460 -49.368750 
45.339862 -53.103537 -47.493750 
42.234392 -54.035178 -48.118750 
41.923845 -55.898460 -49.368750


41.923845 -55.898460 -49.368750 
44.097674 -56.519554 -49.993750 
45.339862 -53.103537 -47.493750 
41.923845 -55.898460 -49.368750


45.960956 -51.861349 -46.868750 
41.923845 -50.308614 -46.243750 
45.339862 -53.103537 -47.493750 
45.960956 -51.861349 -46.868750


41.923845 -50.308614 -46.243750 
45.960956 -51.861349 -46.868750 
42.544939 -46.892597 -44.368750 
41.923845 -50.308614 -46.243750


48.755879 -46.271503 -48.743750 
46.892597 -49.066426 -46.243750 
48.137890 -49.376973 -50.625000 
48.755879 -46.271503 -48.743750


31.675794 -31.365247 -52.506250 
33.228529 -34.160170 -52.506250 
31.365247 -34.160170 -50.631250 
31.675794 -31.365247 -52.506250


35.399253 -42.544939 -52.500000 
33.846518 -39.439469 -51.250000 
34.781264 -36.023452 -53.131250 
35.399253 -42.544939 -52.500000


36.023452 -39.128922 -53.131250 
35.399253 -42.544939 -52.500000 
34.781264 -36.023452 -53.131250 
36.023452 -39.128922 -53.131250


51.243360 -22.669931 -47.500000 
50.619161 -24.222666 -44.993750 
50.932813 -25.154307 -46.250000 
51.243360 -22.669931 -47.500000


49.690625 -30.744153 -41.250000 
49.066426 -35.402358 -38.743750 
50.619161 -34.470717 -46.868750 
49.690625 -30.744153 -41.250000


49.066426 -35.402358 -38.743750 
48.755879 -38.818375 -40.618750 
50.308614 -37.576187 -46.868750 
49.066426 -35.402358 -38.743750


49.066426 -35.402358 -38.743750 
50.308614 -37.576187 -46.868750 
50.619161 -34.470717 -46.868750 
49.066426 -35.402358 -38.743750


48.755879 -38.818375 -40.618750 
48.445332 -41.613298 -41.868750 
50.308614 -37.576187 -46.868750 
48.755879 -38.818375 -40.618750


50.308614 -31.054700 -44.993750 
49.690625 -30.744153 -41.250000 
50.619161 -34.470717 -46.868750 
50.308614 -31.054700 -44.993750


51.553907 -18.322273 -51.875000 
51.864454 -23.601572 -50.000000 
52.485548 -22.980478 -55.000000 
51.553907 -18.322273 -51.875000


50.619161 -24.222666 -44.993750 
50.311719 -23.601572 -43.750000 
50.622266 -27.949230 -45.000000 
50.619161 -24.222666 -44.993750


50.311719 -23.601572 -43.750000 
49.380078 -29.501965 -39.375000 
50.622266 -27.949230 -45.000000 
50.311719 -23.601572 -43.750000


50.308614 -37.576187 -46.868750 
48.445332 -41.613298 -41.868750 
49.376973 -41.613298 -47.493750 
50.308614 -37.576187 -46.868750


48.445332 -41.613298 -41.868750 
42.234392 -45.029315 -43.118750 
48.134785 -45.029315 -44.368750 
48.445332 -41.613298 -41.868750


42.234392 -45.029315 -43.118750 
42.544939 -46.892597 -44.368750 
48.134785 -45.029315 -44.368750 
42.234392 -45.029315 -43.118750


42.544939 -46.892597 -44.368750 
46.892597 -49.066426 -46.243750 
48.134785 -45.029315 -44.368750 
42.544939 -46.892597 -44.368750


50.932813 -37.576187 -48.750000 
50.308614 -37.576187 -46.868750 
49.376973 -41.613298 -47.493750 
50.932813 -37.576187 -48.750000


49.380078 -47.203144 -52.500000 
48.137890 -49.376973 -50.625000 
48.755879 -51.243360 -56.250000 
49.380078 -47.203144 -52.500000


51.553907 -18.322273 -51.875000 
53.103537 -21.738290 -59.368750 
52.175001 -15.527350 -58.750000 
51.553907 -18.322273 -51.875000


50.622266 -27.949230 -45.000000 
50.308614 -31.054700 -44.993750 
52.171896 -27.328136 -50.618750 
50.622266 -27.949230 -45.000000


47.206249 -51.861349 -50.625000 
45.339862 -53.103537 -47.493750 
46.274608 -54.345725 -51.875000 
47.206249 -51.861349 -50.625000


53.417189 -29.501965 -56.875000 
52.485548 -22.980478 -55.000000 
53.103537 -29.194523 -55.625000 
53.417189 -29.501965 -56.875000


50.308614 -37.576187 -46.868750 
50.932813 -37.576187 -48.750000 
51.864454 -34.470717 -50.000000 
50.308614 -37.576187 -46.868750


50.619161 -34.470717 -46.868750 
50.308614 -37.576187 -46.868750 
51.864454 -34.470717 -50.000000 
50.619161 -34.470717 -46.868750


39.750016 -49.998067 -57.506250 
39.439469 -54.656272 -59.381250 
36.023452 -54.035178 -56.881250 
39.750016 -49.998067 -57.506250


39.750016 -49.998067 -57.506250 
36.023452 -54.035178 -56.881250 
37.576187 -51.240255 -56.256250 
39.750016 -49.998067 -57.506250


54.659377 -30.744153 -64.375000 
53.727736 -30.433606 -61.250000 
54.659377 -31.054700 -64.375000 
54.659377 -30.744153 -64.375000


46.892597 -49.066426 -46.243750 
47.206249 -51.861349 -50.625000 
48.137890 -49.376973 -50.625000 
46.892597 -49.066426 -46.243750


46.892597 -49.066426 -46.243750 
45.960956 -51.861349 -46.868750 
47.206249 -51.861349 -50.625000 
46.892597 -49.066426 -46.243750


50.932813 -42.234392 -52.500000 
50.001172 -45.029315 -51.250000 
50.308614 -45.964061 -55.000000 
50.932813 -42.234392 -52.500000


35.402358 -47.203144 -52.506250 
34.781264 -52.479338 -54.375000 
32.914877 -52.792990 -52.500000 
35.402358 -47.203144 -52.506250


50.619161 -49.069531 -58.750000 
52.796095 -45.960956 -64.375000 
51.243360 -46.892597 -59.375000 
50.619161 -49.069531 -58.750000


36.644546 -53.724631 -49.368750 
38.818375 -56.519554 -50.618750 
37.265640 -52.482443 -47.493750 
36.644546 -53.724631 -49.368750


41.923845 -55.898460 -49.368750 
43.166033 -57.764847 -51.875000 
44.097674 -56.519554 -49.993750 
41.923845 -55.898460 -49.368750


46.274608 -54.345725 -51.875000 
43.166033 -57.764847 -51.875000 
46.271503 -54.969924 -56.250000 
46.274608 -54.345725 -51.875000


43.166033 -57.764847 -51.875000 
43.166033 -56.519554 -61.881250 
46.271503 -54.969924 -56.250000 
43.166033 -57.764847 -51.875000


41.923845 -55.898460 -49.368750 
39.128922 -58.075394 -52.500000 
43.166033 -57.764847 -51.875000 
41.923845 -55.898460 -49.368750


41.923845 -55.898460 -49.368750 
38.818375 -56.519554 -50.618750 
39.128922 -58.075394 -52.500000 
41.923845 -55.898460 -49.368750


47.513691 -44.718768 -60.631250 
42.544939 -41.302751 -57.506250 
49.687520 -39.439469 -63.756250 
47.513691 -44.718768 -60.631250


39.128922 -58.075394 -52.500000 
35.712905 -56.209007 -53.118750 
37.265640 -57.764847 -54.375000 
39.128922 -58.075394 -52.500000


36.644546 -55.587913 -51.243750 
35.712905 -56.209007 -53.118750 
39.128922 -58.075394 -52.500000 
36.644546 -55.587913 -51.243750


37.576187 -51.240255 -56.256250 
39.439469 -46.892597 -56.256250 
39.750016 -49.998067 -57.506250 
37.576187 -51.240255 -56.256250


37.576187 -51.240255 -56.256250 
38.197281 -49.066426 -55.631250 
39.439469 -46.892597 -56.256250 
37.576187 -51.240255 -56.256250


50.932813 -37.576187 -48.750000 
51.243360 -39.439469 -52.500000 
52.485548 -36.644546 -54.375000 
50.932813 -37.576187 -48.750000


51.864454 -34.470717 -50.000000 
50.932813 -37.576187 -48.750000 
52.485548 -36.644546 -54.375000 
51.864454 -34.470717 -50.000000


50.622266 -15.216803 -51.250000 
50.932813 -16.769538 -48.750000 
51.553907 -18.322273 -51.875000 
50.622266 -15.216803 -51.250000


52.485548 -37.886734 -56.250000 
53.417189 -35.402358 -57.500000 
52.485548 -36.644546 -54.375000 
52.485548 -37.886734 -56.250000


54.038283 -24.222666 -63.125000 
54.348830 -26.707042 -62.500000 
54.659377 -25.154307 -67.500000 
54.038283 -24.222666 -63.125000


51.240255 -48.134785 -65.006250 
52.171896 -46.582050 -65.631250 
52.796095 -45.960956 -64.375000 
51.240255 -48.134785 -65.006250


50.932813 -37.576187 -48.750000 
49.376973 -41.613298 -47.493750 
50.932813 -42.234392 -52.500000 
50.932813 -37.576187 -48.750000


51.243360 -39.439469 -52.500000 
50.932813 -37.576187 -48.750000 
50.932813 -42.234392 -52.500000 
51.243360 -39.439469 -52.500000


35.402358 -47.203144 -52.506250 
33.228529 -46.582050 -50.006250 
35.399253 -42.544939 -52.500000 
35.402358 -47.203144 -52.506250


32.914877 -52.792990 -52.500000 
34.470717 -54.035178 -55.631250 
33.849623 -55.898460 -56.243750 
32.914877 -52.792990 -52.500000


35.712905 -56.209007 -53.118750 
32.914877 -52.792990 -52.500000 
33.849623 -55.898460 -56.243750 
35.712905 -56.209007 -53.118750


50.308614 -50.308614 -63.756250 
45.029315 -55.277366 -62.506250 
51.240255 -48.134785 -65.006250 
50.308614 -50.308614 -63.756250


53.417189 -31.986341 -56.250000 
52.792990 -28.877766 -53.750000 
52.796095 -33.849623 -53.750000 
53.417189 -31.986341 -56.250000


52.175001 -40.992204 -57.500000 
50.932813 -42.234392 -52.500000 
50.308614 -45.964061 -55.000000 
52.175001 -40.992204 -57.500000


40.992204 -32.296888 -58.131250 
42.544939 -33.539076 -58.756250 
40.681657 -34.160170 -57.506250 
40.992204 -32.296888 -58.131250


53.106642 -41.923845 -60.625000 
54.035178 -40.681657 -66.243750 
54.659377 -37.886734 -66.875000 
53.106642 -41.923845 -60.625000


50.001172 -45.029315 -51.250000 
50.932813 -42.234392 -52.500000 
49.376973 -41.613298 -47.493750 
50.001172 -45.029315 -51.250000


52.175001 -15.527350 -58.750000 
50.622266 -15.216803 -51.250000 
51.553907 -18.322273 -51.875000 
52.175001 -15.527350 -58.750000


50.308614 -31.054700 -44.993750 
50.619161 -34.470717 -46.868750 
51.864454 -34.470717 -50.000000 
50.308614 -31.054700 -44.993750


52.171896 -27.328136 -50.618750 
52.485548 -22.980478 -55.000000 
51.864454 -23.601572 -50.000000 
52.171896 -27.328136 -50.618750


50.932813 -25.154307 -46.250000 
52.171896 -27.328136 -50.618750 
51.864454 -23.601572 -50.000000 
50.932813 -25.154307 -46.250000


50.932813 -25.154307 -46.250000 
51.864454 -23.601572 -50.000000 
51.243360 -22.669931 -47.500000 
50.932813 -25.154307 -46.250000


52.485548 -36.644546 -54.375000 
50.932813 -42.234392 -52.500000 
52.485548 -37.886734 -56.250000 
52.485548 -36.644546 -54.375000


52.485548 -36.644546 -54.375000 
51.243360 -39.439469 -52.500000 
50.932813 -42.234392 -52.500000 
52.485548 -36.644546 -54.375000


42.544939 -41.302751 -57.506250 
40.681657 -34.160170 -57.506250 
43.787127 -36.955093 -58.756250 
42.544939 -41.302751 -57.506250


42.544939 -41.302751 -57.506250 
39.128922 -45.029315 -55.631250 
37.883629 -38.818375 -55.000000 
42.544939 -41.302751 -57.506250


52.792990 -28.877766 -53.750000 
53.417189 -31.986341 -56.250000 
53.103537 -29.194523 -55.625000 
52.792990 -28.877766 -53.750000


52.792990 -28.573429 -53.750000 
52.792990 -28.877766 -53.750000 
53.103537 -29.194523 -55.625000 
52.792990 -28.573429 -53.750000


52.796095 -33.849623 -53.750000 
52.485548 -36.644546 -54.375000 
53.417189 -35.402358 -57.500000 
52.796095 -33.849623 -53.750000


53.103537 -29.194523 -55.625000 
53.417189 -31.986341 -56.250000 
53.417189 -29.501965 -56.875000 
53.103537 -29.194523 -55.625000


55.277366 -31.365247 -69.381250 
55.280471 -28.570324 -69.375000 
54.659377 -30.744153 -64.375000 
55.277366 -31.365247 -69.381250


44.405116 -17.701179 -63.125000 
49.376973 -21.117196 -65.006250 
46.582050 -21.427743 -63.131250 
44.405116 -17.701179 -63.125000


40.992204 -32.296888 -58.131250 
38.818375 -27.638683 -58.131250 
40.681657 -28.880871 -58.756250 
40.992204 -32.296888 -58.131250


40.992204 -32.296888 -58.131250 
37.883629 -31.365247 -56.250000 
38.818375 -27.638683 -58.131250 
40.992204 -32.296888 -58.131250


52.796095 -16.769538 -61.875000 
52.175001 -15.527350 -58.750000 
53.103537 -21.738290 -59.368750 
52.796095 -16.769538 -61.875000


47.824238 -26.707042 -63.131250 
46.582050 -21.427743 -63.131250 
48.752774 -25.464854 -63.750000 
47.824238 -26.707042 -63.131250


51.864454 -34.470717 -50.000000 
52.171896 -27.328136 -50.618750 
50.308614 -31.054700 -44.993750 
51.864454 -34.470717 -50.000000


50.932813 -25.154307 -46.250000 
50.622266 -27.949230 -45.000000 
52.171896 -27.328136 -50.618750 
50.932813 -25.154307 -46.250000


52.792990 -28.877766 -53.750000 
51.864454 -34.470717 -50.000000 
52.796095 -33.849623 -53.750000 
52.792990 -28.877766 -53.750000


50.932813 -16.769538 -48.750000 
51.243360 -22.669931 -47.500000 
51.553907 -18.322273 -51.875000 
50.932813 -16.769538 -48.750000


31.675794 -31.365247 -52.506250 
31.365247 -34.160170 -50.631250 
29.812512 -30.433606 -51.256250 
31.675794 -31.365247 -52.506250


52.792990 -28.877766 -53.750000 
52.792990 -28.573429 -53.750000 
52.171896 -27.328136 -50.618750 
52.792990 -28.877766 -53.750000


51.864454 -34.470717 -50.000000 
52.792990 -28.877766 -53.750000 
52.171896 -27.328136 -50.618750 
51.864454 -34.470717 -50.000000


36.955093 -37.576187 -54.381250 
37.883629 -38.818375 -55.000000 
36.023452 -39.128922 -53.131250 
36.955093 -37.576187 -54.381250


45.026210 -45.960956 -58.750000 
42.544939 -41.302751 -57.506250 
47.513691 -44.718768 -60.631250 
45.026210 -45.960956 -58.750000


52.485548 -36.644546 -54.375000 
52.796095 -33.849623 -53.750000 
51.864454 -34.470717 -50.000000 
52.485548 -36.644546 -54.375000


39.439469 -46.892597 -56.256250 
38.197281 -49.066426 -55.631250 
36.644546 -47.203144 -53.756250 
39.439469 -46.892597 -56.256250


37.883629 -31.365247 -56.250000 
35.091811 -34.160170 -54.381250 
34.160170 -30.433606 -55.006250 
37.883629 -31.365247 -56.250000


32.296888 -15.837897 -60.006250 
37.265640 -13.974615 -61.256250 
35.091811 -18.632820 -59.381250 
32.296888 -15.837897 -60.006250


31.675794 -31.365247 -52.506250 
31.054700 -29.191418 -53.131250 
34.160170 -30.433606 -55.006250 
31.675794 -31.365247 -52.506250


51.553907 -18.322273 -51.875000 
52.485548 -22.980478 -55.000000 
53.103537 -21.738290 -59.368750 
51.553907 -18.322273 -51.875000


42.544939 -33.539076 -58.756250 
40.681657 -28.880871 -58.756250 
45.960956 -29.812512 -61.256250 
42.544939 -33.539076 -58.756250


27.638683 -22.669931 -55.631250 
27.949230 -18.322273 -57.506250 
33.539076 -20.185555 -58.131250 
27.638683 -22.669931 -55.631250


37.883629 -31.365247 -56.250000 
40.992204 -32.296888 -58.131250 
40.681657 -34.160170 -57.506250 
37.883629 -31.365247 -56.250000


35.091811 -23.291025 -57.506250 
35.399253 -25.464854 -56.875000 
31.054700 -24.533213 -55.631250 
35.091811 -23.291025 -57.506250


38.818375 -27.638683 -58.131250 
40.681657 -27.949230 -58.756250 
40.681657 -28.880871 -58.756250 
38.818375 -27.638683 -58.131250


27.638683 -22.669931 -55.631250 
33.539076 -20.185555 -58.131250 
31.054700 -24.533213 -55.631250 
27.638683 -22.669931 -55.631250


33.539076 -20.185555 -58.131250 
35.091811 -23.291025 -57.506250 
31.054700 -24.533213 -55.631250 
33.539076 -20.185555 -58.131250


36.023452 -39.128922 -53.131250 
34.781264 -36.023452 -53.131250 
36.955093 -37.576187 -54.381250 
36.023452 -39.128922 -53.131250


29.812512 -30.433606 -51.256250 
31.054700 -29.191418 -53.131250 
31.675794 -31.365247 -52.506250 
29.812512 -30.433606 -51.256250


34.160170 -30.433606 -55.006250 
31.054700 -29.191418 -53.131250 
31.986341 -28.259777 -54.381250 
34.160170 -30.433606 -55.006250


30.123059 -34.781264 -48.756250 
31.362142 -35.712905 -50.000000 
31.054700 -37.265640 -48.756250 
30.123059 -34.781264 -48.756250


31.365247 -34.160170 -50.631250 
33.228529 -34.160170 -52.506250 
31.362142 -35.712905 -50.000000 
31.365247 -34.160170 -50.631250


37.265640 -57.764847 -54.375000 
36.955093 -58.072289 -59.381250 
39.128922 -58.075394 -52.500000 
37.265640 -57.764847 -54.375000


31.672689 -48.445332 -48.125000 
30.744153 -46.892597 -46.868750 
33.228529 -46.582050 -50.006250 
31.672689 -48.445332 -48.125000


36.644546 -53.724631 -49.368750 
32.914877 -51.550802 -51.250000 
32.914877 -52.792990 -52.500000 
36.644546 -53.724631 -49.368750


32.914877 -52.792990 -52.500000 
33.228529 -46.582050 -50.006250 
35.402358 -47.203144 -52.506250 
32.914877 -52.792990 -52.500000


35.399253 -42.544939 -52.500000 
37.883629 -38.818375 -55.000000 
39.128922 -45.029315 -55.631250 
35.399253 -42.544939 -52.500000


49.687520 -44.718768 -63.131250 
47.513691 -44.718768 -60.631250 
49.687520 -39.439469 -63.756250 
49.687520 -44.718768 -63.131250


36.644546 -47.203144 -53.756250 
35.399253 -42.544939 -52.500000 
39.128922 -45.029315 -55.631250 
36.644546 -47.203144 -53.756250


36.644546 -47.203144 -53.756250 
35.402358 -47.203144 -52.506250 
35.399253 -42.544939 -52.500000 
36.644546 -47.203144 -53.756250


37.886734 -27.641788 -57.500000 
37.883629 -31.365247 -56.250000 
34.160170 -30.433606 -55.006250 
37.886734 -27.641788 -57.500000


43.476580 -47.203144 -58.131250 
42.544939 -41.302751 -57.506250 
45.026210 -45.960956 -58.750000 
43.476580 -47.203144 -58.131250


43.476580 -47.203144 -58.131250 
42.855486 -45.960956 -57.506250 
42.544939 -41.302751 -57.506250 
43.476580 -47.203144 -58.131250


36.955093 -37.576187 -54.381250 
35.091811 -34.160170 -54.381250 
37.883629 -38.818375 -55.000000 
36.955093 -37.576187 -54.381250


40.681657 -34.160170 -57.506250 
37.883629 -38.818375 -55.000000 
35.091811 -34.160170 -54.381250 
40.681657 -34.160170 -57.506250


42.544939 -41.302751 -57.506250 
37.883629 -38.818375 -55.000000 
40.681657 -34.160170 -57.506250 
42.544939 -41.302751 -57.506250


39.439469 -46.892597 -56.256250 
42.544939 -41.302751 -57.506250 
39.750016 -49.998067 -57.506250 
39.439469 -46.892597 -56.256250


42.855486 -45.960956 -57.506250 
39.750016 -49.998067 -57.506250 
42.544939 -41.302751 -57.506250 
42.855486 -45.960956 -57.506250


45.026210 -45.960956 -58.750000 
47.513691 -44.718768 -60.631250 
44.097674 -49.687520 -59.381250 
45.026210 -45.960956 -58.750000


35.091811 -34.160170 -54.381250 
36.955093 -37.576187 -54.381250 
34.781264 -36.023452 -53.131250 
35.091811 -34.160170 -54.381250


34.781264 -36.023452 -53.131250 
33.228529 -34.160170 -52.506250 
35.091811 -34.160170 -54.381250 
34.781264 -36.023452 -53.131250


32.914877 -52.792990 -52.500000 
34.781264 -52.479338 -54.375000 
34.470717 -54.035178 -55.631250 
32.914877 -52.792990 -52.500000


32.914877 -52.792990 -52.500000 
35.712905 -56.209007 -53.118750 
36.644546 -55.587913 -51.243750 
32.914877 -52.792990 -52.500000


48.755879 -51.243360 -56.250000 
47.516796 -53.414084 -55.625000 
49.998067 -50.619161 -59.368750 
48.755879 -51.243360 -56.250000


43.166033 -57.764847 -51.875000 
36.955093 -58.072289 -59.381250 
39.439469 -57.451195 -61.256250 
43.166033 -57.764847 -51.875000


39.128922 -58.075394 -52.500000 
36.955093 -58.072289 -59.381250 
43.166033 -57.764847 -51.875000 
39.128922 -58.075394 -52.500000


27.638683 -25.154307 -53.756250 
27.638683 -22.669931 -55.631250 
31.986341 -28.259777 -54.381250 
27.638683 -25.154307 -53.756250


31.054700 -24.533213 -55.631250 
31.986341 -28.259777 -54.381250 
27.638683 -22.669931 -55.631250 
31.054700 -24.533213 -55.631250


33.539076 -20.185555 -58.131250 
35.091811 -20.496102 -58.756250 
35.091811 -23.291025 -57.506250 
33.539076 -20.185555 -58.131250


35.399253 -25.464854 -56.875000 
37.886734 -27.641788 -57.500000 
34.160170 -30.433606 -55.006250 
35.399253 -25.464854 -56.875000


31.054700 -24.533213 -55.631250 
35.399253 -25.464854 -56.875000 
34.160170 -30.433606 -55.006250 
31.054700 -24.533213 -55.631250


43.787127 -36.955093 -58.756250 
49.687520 -39.439469 -63.756250 
42.544939 -41.302751 -57.506250 
43.787127 -36.955093 -58.756250


42.855486 -45.960956 -57.506250 
43.476580 -47.203144 -58.131250 
39.750016 -49.998067 -57.506250 
42.855486 -45.960956 -57.506250


52.796095 -45.960956 -64.375000 
52.796095 -44.408221 -61.875000 
51.243360 -46.892597 -59.375000 
52.796095 -45.960956 -64.375000


49.380078 -47.203144 -52.500000 
50.308614 -45.964061 -55.000000 
50.001172 -45.029315 -51.250000 
49.380078 -47.203144 -52.500000


36.955093 -57.451195 -60.006250 
39.439469 -57.451195 -61.256250 
36.955093 -58.072289 -59.381250 
36.955093 -57.451195 -60.006250


50.308614 -50.308614 -63.756250 
51.240255 -48.134785 -65.006250 
52.796095 -45.960956 -64.375000 
50.308614 -50.308614 -63.756250


37.265640 -57.764847 -54.375000 
34.470717 -57.451195 -58.131250 
36.955093 -58.072289 -59.381250 
37.265640 -57.764847 -54.375000


41.613298 -55.587913 -61.881250 
39.439469 -54.656272 -59.381250 
39.750016 -49.998067 -57.506250 
41.613298 -55.587913 -61.881250


42.544939 -33.539076 -58.756250 
47.203144 -34.470717 -61.256250 
43.787127 -36.955093 -58.756250 
42.544939 -33.539076 -58.756250


36.955093 -57.451195 -60.006250 
39.439469 -54.656272 -59.381250 
41.613298 -55.587913 -61.881250 
36.955093 -57.451195 -60.006250


39.439469 -57.451195 -61.256250 
36.955093 -57.451195 -60.006250 
41.613298 -55.587913 -61.881250 
39.439469 -57.451195 -61.256250


35.712905 -56.209007 -53.118750 
34.470717 -57.451195 -58.131250 
37.265640 -57.764847 -54.375000 
35.712905 -56.209007 -53.118750


35.712905 -56.209007 -53.118750 
33.849623 -55.898460 -56.243750 
34.470717 -57.451195 -58.131250 
35.712905 -56.209007 -53.118750


46.271503 -49.687520 -60.631250 
41.613298 -55.587913 -61.881250 
44.097674 -49.687520 -59.381250 
46.271503 -49.687520 -60.631250


41.613298 -55.587913 -61.881250 
43.166033 -56.519554 -61.881250 
39.439469 -57.451195 -61.256250 
41.613298 -55.587913 -61.881250


50.308614 -45.964061 -55.000000 
49.690625 -48.445332 -56.250000 
50.619161 -49.069531 -58.750000 
50.308614 -45.964061 -55.000000


51.243360 -46.892597 -59.375000 
50.308614 -45.964061 -55.000000 
50.619161 -49.069531 -58.750000 
51.243360 -46.892597 -59.375000


53.106642 -41.923845 -60.625000 
51.243360 -46.892597 -59.375000 
52.796095 -44.408221 -61.875000 
53.106642 -41.923845 -60.625000


49.066426 -27.949230 -63.756250 
54.345725 -28.880871 -69.381250 
52.792990 -31.365247 -66.881250 
49.066426 -27.949230 -63.756250


53.414084 -16.458991 -73.756250 
51.240255 -20.185555 -66.881250 
50.305509 -17.701179 -66.875000 
53.414084 -16.458991 -73.756250


53.103537 -21.738290 -59.368750 
54.348830 -26.707042 -62.500000 
54.038283 -24.222666 -63.125000 
53.103537 -21.738290 -59.368750


54.035178 -38.507828 -69.381250 
51.237150 -37.576187 -65.000000 
49.687520 -35.402358 -63.756250 
54.035178 -38.507828 -69.381250


54.035178 -38.507828 -69.381250 
49.687520 -35.402358 -63.756250 
53.103537 -33.228529 -66.881250 
54.035178 -38.507828 -69.381250


49.069531 -53.414084 -62.500000 
47.516796 -53.414084 -55.625000 
46.271503 -54.969924 -56.250000 
49.069531 -53.414084 -62.500000


46.271503 -54.969924 -56.250000 
46.892597 -54.966819 -62.506250 
49.069531 -53.414084 -62.500000 
46.271503 -54.969924 -56.250000


52.796095 -45.960956 -64.375000 
49.998067 -50.619161 -59.368750 
50.308614 -50.308614 -63.756250 
52.796095 -45.960956 -64.375000


52.796095 -45.960956 -64.375000 
50.619161 -49.069531 -58.750000 
49.998067 -50.619161 -59.368750 
52.796095 -45.960956 -64.375000


34.470717 -57.451195 -58.131250 
36.955093 -57.451195 -60.006250 
36.955093 -58.072289 -59.381250 
34.470717 -57.451195 -58.131250


34.470717 -57.451195 -58.131250 
36.023452 -54.035178 -56.881250 
36.955093 -57.451195 -60.006250 
34.470717 -57.451195 -58.131250


39.439469 -54.656272 -59.381250 
36.955093 -57.451195 -60.006250 
36.023452 -54.035178 -56.881250 
39.439469 -54.656272 -59.381250


47.513691 -44.718768 -60.631250 
49.687520 -44.718768 -63.131250 
44.097674 -49.687520 -59.381250 
47.513691 -44.718768 -60.631250


46.271503 -49.687520 -60.631250 
44.097674 -49.687520 -59.381250 
49.687520 -44.718768 -63.131250 
46.271503 -49.687520 -60.631250


50.308614 -50.308614 -63.756250 
49.069531 -53.414084 -62.500000 
46.892597 -54.966819 -62.506250 
50.308614 -50.308614 -63.756250


48.755879 -51.243360 -56.250000 
47.203144 -52.171896 -52.493750 
47.516796 -53.414084 -55.625000 
48.755879 -51.243360 -56.250000


48.755879 -51.243360 -56.250000 
49.998067 -50.619161 -59.368750 
50.619161 -49.069531 -58.750000 
48.755879 -51.243360 -56.250000


48.755879 -51.243360 -56.250000 
50.619161 -49.069531 -58.750000 
49.690625 -48.445332 -56.250000 
48.755879 -51.243360 -56.250000


41.613298 -15.527350 -62.506250 
37.265640 -13.974615 -61.256250 
39.128922 -12.421880 -62.506250 
41.613298 -15.527350 -62.506250


41.613298 -55.587913 -61.881250 
39.750016 -49.998067 -57.506250 
44.097674 -49.687520 -59.381250 
41.613298 -55.587913 -61.881250


43.476580 -47.203144 -58.131250 
44.097674 -49.687520 -59.381250 
39.750016 -49.998067 -57.506250 
43.476580 -47.203144 -58.131250


46.582050 -21.427743 -63.131250 
49.376973 -21.117196 -65.006250 
48.752774 -25.464854 -63.750000 
46.582050 -21.427743 -63.131250


35.091811 -18.632820 -59.381250 
41.613298 -15.527350 -62.506250 
40.368005 -16.769538 -61.250000 
35.091811 -18.632820 -59.381250


35.091811 -18.632820 -59.381250 
37.265640 -13.974615 -61.256250 
41.613298 -15.527350 -62.506250 
35.091811 -18.632820 -59.381250


37.576187 -20.806649 -59.381250 
35.091811 -18.632820 -59.381250 
40.368005 -16.769538 -61.250000 
37.576187 -20.806649 -59.381250


40.060563 -18.011726 -60.631250 
37.576187 -20.806649 -59.381250 
40.368005 -16.769538 -61.250000 
40.060563 -18.011726 -60.631250


40.681657 -28.880871 -58.756250 
40.681657 -27.949230 -58.756250 
43.166033 -26.707042 -60.006250 
40.681657 -28.880871 -58.756250


43.787127 -36.955093 -58.756250 
47.203144 -34.470717 -61.256250 
48.755879 -38.197281 -62.506250 
43.787127 -36.955093 -58.756250


27.949230 -18.322273 -57.506250 
31.054700 -16.458991 -59.381250 
33.539076 -20.185555 -58.131250 
27.949230 -18.322273 -57.506250


35.091811 -18.632820 -59.381250 
37.576187 -20.806649 -59.381250 
35.091811 -20.496102 -58.756250 
35.091811 -18.632820 -59.381250


40.681657 -27.949230 -58.756250 
38.818375 -27.638683 -58.131250 
38.504723 -22.980478 -58.750000 
40.681657 -27.949230 -58.756250


53.106642 -41.923845 -60.625000 
50.308614 -45.964061 -55.000000 
51.243360 -46.892597 -59.375000 
53.106642 -41.923845 -60.625000


53.106642 -41.923845 -60.625000 
52.175001 -40.992204 -57.500000 
50.308614 -45.964061 -55.000000 
53.106642 -41.923845 -60.625000


35.399253 -25.464854 -56.875000 
38.818375 -27.638683 -58.131250 
37.886734 -27.641788 -57.500000 
35.399253 -25.464854 -56.875000


35.091811 -23.291025 -57.506250 
38.818375 -27.638683 -58.131250 
35.399253 -25.464854 -56.875000 
35.091811 -23.291025 -57.506250


37.576187 -20.806649 -59.381250 
38.818375 -27.638683 -58.131250 
35.091811 -20.496102 -58.756250 
37.576187 -20.806649 -59.381250


35.091811 -23.291025 -57.506250 
35.091811 -20.496102 -58.756250 
38.818375 -27.638683 -58.131250 
35.091811 -23.291025 -57.506250


41.613298 -15.527350 -62.506250 
45.650409 -13.353521 -65.006250 
44.405116 -17.701179 -63.125000 
41.613298 -15.527350 -62.506250


35.091811 -20.496102 -58.756250 
32.296888 -15.837897 -60.006250 
35.091811 -18.632820 -59.381250 
35.091811 -20.496102 -58.756250


35.091811 -20.496102 -58.756250 
31.054700 -16.458991 -59.381250 
32.296888 -15.837897 -60.006250 
35.091811 -20.496102 -58.756250


35.091811 -20.496102 -58.756250 
33.539076 -20.185555 -58.131250 
31.054700 -16.458991 -59.381250 
35.091811 -20.496102 -58.756250


53.414084 -16.458991 -73.756250 
53.103537 -21.738290 -68.756250 
51.240255 -20.185555 -66.881250 
53.414084 -16.458991 -73.756250


45.026210 -21.117196 -62.500000 
40.060563 -18.011726 -60.631250 
44.405116 -17.701179 -63.125000 
45.026210 -21.117196 -62.500000


46.582050 -21.427743 -63.131250 
45.026210 -21.117196 -62.500000 
44.405116 -17.701179 -63.125000 
46.582050 -21.427743 -63.131250


44.094569 -23.601572 -61.250000 
45.650409 -24.533213 -61.881250 
43.166033 -26.707042 -60.006250 
44.094569 -23.601572 -61.250000


54.659377 -17.701179 -71.250000 
53.727736 -15.527350 -68.750000 
53.727736 -19.564461 -66.875000 
54.659377 -17.701179 -71.250000


48.752774 -25.464854 -63.750000 
49.376973 -21.117196 -65.006250 
52.171896 -23.601572 -66.881250 
48.752774 -25.464854 -63.750000


48.752774 -25.464854 -63.750000 
52.171896 -23.601572 -66.881250 
54.345725 -28.880871 -69.381250 
48.752774 -25.464854 -63.750000


55.280471 -25.775401 -70.000000 
54.659377 -21.427743 -68.750000 
54.659377 -25.154307 -67.500000 
55.280471 -25.775401 -70.000000


55.280471 -25.775401 -70.000000 
54.656272 -23.291025 -70.631250 
54.659377 -21.427743 -68.750000 
55.280471 -25.775401 -70.000000


45.650409 -13.353521 -65.006250 
49.063321 -13.664068 -67.500000 
44.405116 -17.701179 -63.125000 
45.650409 -13.353521 -65.006250


47.203144 -34.470717 -61.256250 
49.687520 -35.402358 -63.756250 
48.755879 -38.197281 -62.506250 
47.203144 -34.470717 -61.256250


54.038283 -21.117196 -65.000000 
52.796095 -16.769538 -61.875000 
53.103537 -21.738290 -59.368750 
54.038283 -21.117196 -65.000000


43.166033 -26.707042 -60.006250 
45.650409 -24.533213 -61.881250 
47.824238 -26.707042 -63.131250 
43.166033 -26.707042 -60.006250


40.060563 -18.011726 -60.631250 
41.613298 -15.527350 -62.506250 
44.405116 -17.701179 -63.125000 
40.060563 -18.011726 -60.631250


40.368005 -16.769538 -61.250000 
41.613298 -15.527350 -62.506250 
40.060563 -18.011726 -60.631250 
40.368005 -16.769538 -61.250000


45.026210 -21.117196 -62.500000 
44.094569 -23.601572 -61.250000 
37.576187 -20.806649 -59.381250 
45.026210 -21.117196 -62.500000


38.504723 -22.980478 -58.750000 
37.576187 -20.806649 -59.381250 
44.094569 -23.601572 -61.250000 
38.504723 -22.980478 -58.750000


40.681657 -28.880871 -58.756250 
43.166033 -26.707042 -60.006250 
45.960956 -29.812512 -61.256250 
40.681657 -28.880871 -58.756250


40.681657 -28.880871 -58.756250 
42.544939 -33.539076 -58.756250 
40.992204 -32.296888 -58.131250 
40.681657 -28.880871 -58.756250


49.687520 -39.439469 -63.756250 
43.787127 -36.955093 -58.756250 
48.755879 -38.197281 -62.506250 
49.687520 -39.439469 -63.756250


45.026210 -21.117196 -62.500000 
47.824238 -26.707042 -63.131250 
45.650409 -24.533213 -61.881250 
45.026210 -21.117196 -62.500000


46.582050 -21.427743 -63.131250 
47.824238 -26.707042 -63.131250 
45.026210 -21.117196 -62.500000 
46.582050 -21.427743 -63.131250


45.960956 -29.812512 -61.256250 
43.166033 -26.707042 -60.006250 
47.824238 -26.707042 -63.131250 
45.960956 -29.812512 -61.256250


49.066426 -27.949230 -63.756250 
48.445332 -30.744153 -63.131250 
47.824238 -26.707042 -63.131250 
49.066426 -27.949230 -63.756250


49.376973 -21.117196 -65.006250 
44.405116 -17.701179 -63.125000 
50.305509 -17.701179 -66.875000 
49.376973 -21.117196 -65.006250


53.727736 -15.527350 -68.750000 
52.796095 -16.769538 -61.875000 
54.038283 -21.117196 -65.000000 
53.727736 -15.527350 -68.750000


53.727736 -19.564461 -66.875000 
53.727736 -15.527350 -68.750000 
54.038283 -21.117196 -65.000000 
53.727736 -19.564461 -66.875000


52.171896 -23.601572 -66.881250 
54.656272 -23.291025 -70.631250 
54.345725 -28.880871 -69.381250 
52.171896 -23.601572 -66.881250


47.824238 -26.707042 -63.131250 
48.445332 -30.744153 -63.131250 
45.960956 -29.812512 -61.256250 
47.824238 -26.707042 -63.131250


53.727736 -15.527350 -68.750000 
52.485548 -12.732427 -65.000000 
52.796095 -16.769538 -61.875000 
53.727736 -15.527350 -68.750000


47.203144 -34.470717 -61.256250 
42.544939 -33.539076 -58.756250 
48.445332 -30.744153 -63.131250 
47.203144 -34.470717 -61.256250


45.960956 -29.812512 -61.256250 
48.445332 -30.744153 -63.131250 
42.544939 -33.539076 -58.756250 
45.960956 -29.812512 -61.256250


49.376973 -21.117196 -65.006250 
50.305509 -17.701179 -66.875000 
51.240255 -20.185555 -66.881250 
49.376973 -21.117196 -65.006250


47.824238 -26.707042 -63.131250 
48.752774 -25.464854 -63.750000 
54.345725 -28.880871 -69.381250 
47.824238 -26.707042 -63.131250


47.824238 -26.707042 -63.131250 
54.345725 -28.880871 -69.381250 
49.066426 -27.949230 -63.756250 
47.824238 -26.707042 -63.131250


44.405116 -17.701179 -63.125000 
53.414084 -16.458991 -73.756250 
50.305509 -17.701179 -66.875000 
44.405116 -17.701179 -63.125000


44.405116 -17.701179 -63.125000 
50.619161 -14.595709 -68.756250 
53.414084 -16.458991 -73.756250 
44.405116 -17.701179 -63.125000


54.656272 -19.253914 -73.756250 
53.103537 -21.738290 -68.756250 
53.414084 -16.458991 -73.756250 
54.656272 -19.253914 -73.756250


49.687520 -35.402358 -63.756250 
52.792990 -31.365247 -66.881250 
53.103537 -33.228529 -66.881250 
49.687520 -35.402358 -63.756250


51.237150 -37.576187 -65.000000 
54.035178 -38.507828 -69.381250 
49.687520 -39.439469 -63.756250 
51.237150 -37.576187 -65.000000


54.659377 -17.701179 -71.250000 
53.727736 -19.564461 -66.875000 
54.659377 -21.427743 -68.750000 
54.659377 -17.701179 -71.250000


54.656272 -19.253914 -73.756250 
54.659377 -17.701179 -71.250000 
54.659377 -21.427743 -68.750000 
54.656272 -19.253914 -73.756250


54.656272 -23.291025 -70.631250 
54.656272 -19.253914 -73.756250 
54.659377 -21.427743 -68.750000 
54.656272 -23.291025 -70.631250


54.656272 -23.291025 -70.631250 
53.103537 -21.738290 -68.756250 
54.656272 -19.253914 -73.756250 
54.656272 -23.291025 -70.631250


54.348830 -26.707042 -62.500000 
55.280471 -28.570324 -69.375000 
54.659377 -25.154307 -67.500000 
54.348830 -26.707042 -62.500000


54.659377 -30.744153 -64.375000 
55.280471 -28.570324 -69.375000 
54.348830 -26.707042 -62.500000 
54.659377 -30.744153 -64.375000


54.038283 -21.117196 -65.000000 
53.103537 -21.738290 -59.368750 
54.038283 -24.222666 -63.125000 
54.038283 -21.117196 -65.000000


53.417189 -29.501965 -56.875000 
53.417189 -31.986341 -56.250000 
53.727736 -30.433606 -61.250000 
53.417189 -29.501965 -56.875000


53.727736 -19.564461 -66.875000 
54.038283 -21.117196 -65.000000 
54.659377 -21.427743 -68.750000 
53.727736 -19.564461 -66.875000


54.348830 -26.707042 -62.500000 
53.727736 -30.433606 -61.250000 
54.659377 -30.744153 -64.375000 
54.348830 -26.707042 -62.500000


53.727736 -30.433606 -61.250000 
54.348830 -26.707042 -62.500000 
53.417189 -29.501965 -56.875000 
53.727736 -30.433606 -61.250000


52.792990 -31.365247 -66.881250 
48.445332 -30.744153 -63.131250 
49.066426 -27.949230 -63.756250 
52.792990 -31.365247 -66.881250


54.656272 -19.253914 -73.756250 
54.656272 -23.291025 -70.631250 
55.280471 -25.775401 -70.000000 
54.656272 -19.253914 -73.756250


54.345725 -28.880871 -69.381250 
54.656272 -19.253914 -73.756250 
55.280471 -25.775401 -70.000000 
54.345725 -28.880871 -69.381250


54.345725 -28.880871 -69.381250 
54.656272 -23.291025 -70.631250 
54.656272 -19.253914 -73.756250 
54.345725 -28.880871 -69.381250


55.280471 -25.775401 -70.000000 
54.659377 -25.154307 -67.500000 
55.280471 -28.570324 -69.375000 
55.280471 -25.775401 -70.000000


52.485548 -22.980478 -55.000000 
53.417189 -29.501965 -56.875000 
54.348830 -26.707042 -62.500000 
52.485548 -22.980478 -55.000000


53.103537 -21.738290 -59.368750 
52.485548 -22.980478 -55.000000 
54.348830 -26.707042 -62.500000 
53.103537 -21.738290 -59.368750


55.277366 -31.675794 -69.381250 
55.277366 -31.365247 -69.381250 
54.659377 -31.054700 -64.375000 
55.277366 -31.675794 -69.381250


55.280471 -25.775401 -70.000000 
55.280471 -28.570324 -69.375000 
55.277366 -31.365247 -69.381250 
55.280471 -25.775401 -70.000000


54.345725 -28.880871 -69.381250 
55.280471 -25.775401 -70.000000 
55.277366 -31.365247 -69.381250 
54.345725 -28.880871 -69.381250


52.792990 -31.365247 -66.881250 
54.035178 -38.507828 -69.381250 
53.103537 -33.228529 -66.881250 
52.792990 -31.365247 -66.881250


54.035178 -38.507828 -69.381250 
55.277366 -31.675794 -69.381250 
54.966819 -37.576187 -69.381250 
54.035178 -38.507828 -69.381250


49.687520 -35.402358 -63.756250 
51.237150 -37.576187 -65.000000 
49.687520 -39.439469 -63.756250 
49.687520 -35.402358 -63.756250


49.687520 -35.402358 -63.756250 
49.687520 -39.439469 -63.756250 
48.755879 -38.197281 -62.506250 
49.687520 -35.402358 -63.756250


55.277366 -31.675794 -69.381250 
54.345725 -28.880871 -69.381250 
55.277366 -31.365247 -69.381250 
55.277366 -31.675794 -69.381250


47.516796 -53.414084 -55.625000 
49.069531 -53.414084 -62.500000 
49.998067 -50.619161 -59.368750 
47.516796 -53.414084 -55.625000


47.203144 -34.470717 -61.256250 
48.445332 -30.744153 -63.131250 
49.687520 -35.402358 -63.756250 
47.203144 -34.470717 -61.256250


48.445332 -30.744153 -63.131250 
52.792990 -31.365247 -66.881250 
49.687520 -35.402358 -63.756250 
48.445332 -30.744153 -63.131250


55.277366 -31.675794 -69.381250 
54.659377 -31.054700 -64.375000 
54.348830 -34.470717 -64.375000 
55.277366 -31.675794 -69.381250


54.659377 -37.886734 -66.875000 
55.277366 -31.675794 -69.381250 
54.348830 -34.470717 -64.375000 
54.659377 -37.886734 -66.875000


54.348830 -34.470717 -64.375000 
54.659377 -31.054700 -64.375000 
53.417189 -35.402358 -57.500000 
54.348830 -34.470717 -64.375000


54.659377 -37.886734 -66.875000 
54.348830 -34.470717 -64.375000 
53.106642 -41.923845 -60.625000 
54.659377 -37.886734 -66.875000


53.417189 -35.402358 -57.500000 
53.106642 -41.923845 -60.625000 
54.348830 -34.470717 -64.375000 
53.417189 -35.402358 -57.500000


52.485548 -37.886734 -56.250000 
52.175001 -40.992204 -57.500000 
53.106642 -41.923845 -60.625000 
52.485548 -37.886734 -56.250000


53.417189 -35.402358 -57.500000 
52.485548 -37.886734 -56.250000 
53.106642 -41.923845 -60.625000 
53.417189 -35.402358 -57.500000


49.998067 -50.619161 -59.368750 
49.069531 -53.414084 -62.500000 
50.308614 -50.308614 -63.756250 
49.998067 -50.619161 -59.368750


50.308614 -50.308614 -63.756250 
46.892597 -54.966819 -62.506250 
45.029315 -55.277366 -62.506250 
50.308614 -50.308614 -63.756250


41.613298 -55.587913 -61.881250 
46.271503 -49.687520 -60.631250 
50.929708 -45.960956 -65.006250 
41.613298 -55.587913 -61.881250


46.271503 -49.687520 -60.631250 
49.687520 -44.718768 -63.131250 
50.929708 -45.960956 -65.006250 
46.271503 -49.687520 -60.631250


50.929708 -45.960956 -65.006250 
49.687520 -39.439469 -63.756250 
51.861349 -41.613298 -65.631250 
50.929708 -45.960956 -65.006250


50.929708 -45.960956 -65.006250 
49.687520 -44.718768 -63.131250 
49.687520 -39.439469 -63.756250 
50.929708 -45.960956 -65.006250


54.659377 -37.886734 -66.875000 
54.035178 -40.681657 -66.243750 
54.966819 -37.576187 -69.381250 
54.659377 -37.886734 -66.875000


53.106642 -41.923845 -60.625000 
52.796095 -44.408221 -61.875000 
54.035178 -40.681657 -66.243750 
53.106642 -41.923845 -60.625000


45.029315 -55.277366 -62.506250 
41.613298 -55.587913 -61.881250 
51.240255 -48.134785 -65.006250 
45.029315 -55.277366 -62.506250


50.929708 -45.960956 -65.006250 
51.240255 -48.134785 -65.006250 
41.613298 -55.587913 -61.881250 
50.929708 -45.960956 -65.006250


52.171896 -46.582050 -65.631250 
53.103537 -43.787127 -66.881250 
52.796095 -45.960956 -64.375000 
52.171896 -46.582050 -65.631250


49.687520 -39.439469 -63.756250 
54.035178 -38.507828 -69.381250 
53.724631 -41.923845 -68.756250 
49.687520 -39.439469 -63.756250


54.035178 -38.507828 -69.381250 
54.966819 -37.576187 -69.381250 
53.724631 -41.923845 -68.756250 
54.035178 -38.507828 -69.381250


54.035178 -40.681657 -66.243750 
53.724631 -41.923845 -68.756250 
54.966819 -37.576187 -69.381250 
54.035178 -40.681657 -66.243750


51.861349 -41.613298 -65.631250 
49.687520 -39.439469 -63.756250 
53.724631 -41.923845 -68.756250 
51.861349 -41.613298 -65.631250


53.103537 -43.787127 -66.881250 
52.171896 -46.582050 -65.631250 
53.724631 -41.923845 -68.756250 
53.103537 -43.787127 -66.881250


51.240255 -48.134785 -65.006250 
50.929708 -45.960956 -65.006250 
53.724631 -41.923845 -68.756250 
51.240255 -48.134785 -65.006250


52.171896 -46.582050 -65.631250 
51.240255 -48.134785 -65.006250 
53.724631 -41.923845 -68.756250 
52.171896 -46.582050 -65.631250


50.929708 -45.960956 -65.006250 
51.861349 -41.613298 -65.631250 
53.724631 -41.923845 -68.756250 
50.929708 -45.960956 -65.006250


54.035178 -40.681657 -66.243750 
53.103537 -43.787127 -66.881250 
53.724631 -41.923845 -68.756250 
54.035178 -40.681657 -66.243750


