1148

-13.042974 -11.800786 8.743750 
-10.866040 -10.248051 8.125000 
-10.558598 -13.974615 8.743750 
-13.042974 -11.800786 8.743750


-9.316410 -13.974615 7.493750 
-8.071117 -13.353521 6.875000 
-8.695316 -15.216803 7.493750 
-9.316410 -13.974615 7.493750


5.900393 -45.960956 8.743750 
4.658205 -48.758984 8.750000 
2.484376 -45.650409 7.493750 
5.900393 -45.960956 8.743750


9.940609 -48.445332 7.500000 
4.658205 -48.758984 8.750000 
5.900393 -45.960956 8.743750 
9.940609 -48.445332 7.500000


9.940609 -48.445332 7.500000 
6.832034 -48.445332 6.868750 
4.658205 -48.758984 8.750000 
9.940609 -48.445332 7.500000


7.763675 -48.134785 10.006250 
6.832034 -48.445332 6.868750 
9.940609 -48.445332 7.500000 
7.763675 -48.134785 10.006250


-10.866040 -10.248051 8.125000 
-10.558598 -12.111333 13.118750 
-10.558598 -13.974615 8.743750 
-10.866040 -10.248051 8.125000


-7.450023 -13.974615 10.000000 
-8.695316 -15.216803 7.493750 
-8.071117 -13.353521 6.875000 
-7.450023 -13.974615 10.000000


4.037111 -44.097674 9.993750 
5.900393 -45.960956 8.743750 
2.484376 -45.650409 7.493750 
4.037111 -44.097674 9.993750


-13.974615 -12.111333 9.368750 
-13.042974 -11.800786 8.743750 
-13.042974 -13.353521 9.368750 
-13.974615 -12.111333 9.368750


-13.042974 -13.353521 9.368750 
-13.042974 -11.800786 8.743750 
-10.558598 -13.974615 8.743750 
-13.042974 -13.353521 9.368750


-10.558598 -13.974615 8.743750 
-9.316410 -13.974615 7.493750 
-8.695316 -15.216803 7.493750 
-10.558598 -13.974615 8.743750


-8.695316 -15.216803 7.493750 
-8.695316 -17.390632 9.368750 
-10.558598 -13.974615 8.743750 
-8.695316 -15.216803 7.493750


5.900393 -45.960956 8.743750 
10.248051 -46.892597 9.368750 
9.940609 -48.445332 7.500000 
5.900393 -45.960956 8.743750


-13.042974 -9.005863 11.243750 
-10.866040 -10.248051 8.125000 
-13.042974 -11.800786 8.743750 
-13.042974 -9.005863 11.243750


-11.800786 -14.595709 9.993750 
-13.042974 -13.353521 9.368750 
-10.558598 -13.974615 8.743750 
-11.800786 -14.595709 9.993750


-10.558598 -12.111333 13.118750 
-9.316410 -13.974615 7.493750 
-10.558598 -13.974615 8.743750 
-10.558598 -12.111333 13.118750


-11.800786 -14.595709 9.993750 
-10.558598 -13.974615 8.743750 
-8.695316 -17.390632 9.368750 
-11.800786 -14.595709 9.993750


-7.450023 -16.148444 11.250000 
-8.695316 -17.390632 9.368750 
-8.695316 -15.216803 7.493750 
-7.450023 -16.148444 11.250000


-0.621094 -41.923845 9.993750 
4.037111 -44.097674 9.993750 
0.310547 -43.166033 8.743750 
-0.621094 -41.923845 9.993750


0.310547 -43.166033 8.743750 
2.484376 -45.650409 7.493750 
0.617989 -45.650409 11.250000 
0.310547 -43.166033 8.743750


0.310547 -43.166033 8.743750 
4.037111 -44.097674 9.993750 
2.484376 -45.650409 7.493750 
0.310547 -43.166033 8.743750


0.617989 -45.650409 11.250000 
2.484376 -45.650409 7.493750 
2.794923 -47.516796 10.000000 
0.617989 -45.650409 11.250000


2.794923 -47.516796 10.000000 
2.484376 -45.650409 7.493750 
4.658205 -48.758984 8.750000 
2.794923 -47.516796 10.000000


4.037111 -44.097674 9.993750 
7.142581 -45.029315 9.993750 
5.900393 -45.960956 8.743750 
4.037111 -44.097674 9.993750


7.763675 -48.134785 10.006250 
4.658205 -48.758984 8.750000 
6.832034 -48.445332 6.868750 
7.763675 -48.134785 10.006250


7.142581 -45.029315 9.993750 
10.248051 -46.892597 9.368750 
5.900393 -45.960956 8.743750 
7.142581 -45.029315 9.993750


10.869145 -45.029315 10.618750 
10.248051 -46.892597 9.368750 
7.142581 -45.029315 9.993750 
10.869145 -45.029315 10.618750


-13.042974 -13.353521 9.368750 
-11.800786 -14.595709 9.993750 
-13.042974 -15.527350 10.618750 
-13.042974 -13.353521 9.368750


-10.248051 -19.253914 11.868750 
-8.695316 -17.390632 9.368750 
-8.384769 -19.875008 9.993750 
-10.248051 -19.253914 11.868750


-8.071117 -13.353521 6.875000 
-8.074222 -11.179692 13.118750 
-7.450023 -13.974615 10.000000 
-8.071117 -13.353521 6.875000


-7.450023 -13.974615 10.000000 
-7.450023 -16.148444 11.250000 
-8.695316 -15.216803 7.493750 
-7.450023 -13.974615 10.000000


-1.863282 -40.371110 10.618750 
0.000000 -40.371110 10.618750 
-0.621094 -41.923845 9.993750 
-1.863282 -40.371110 10.618750


1.552735 -41.302751 11.243750 
-0.621094 -41.923845 9.993750 
0.000000 -40.371110 10.618750 
1.552735 -41.302751 11.243750


1.552735 -41.302751 11.243750 
4.037111 -44.097674 9.993750 
-0.621094 -41.923845 9.993750 
1.552735 -41.302751 11.243750


5.586741 -43.787127 10.625000 
7.142581 -45.029315 9.993750 
4.037111 -44.097674 9.993750 
5.586741 -43.787127 10.625000


10.248051 -46.892597 9.368750 
7.763675 -48.134785 10.006250 
9.940609 -48.445332 7.500000 
10.248051 -46.892597 9.368750


-16.148444 -10.869145 10.618750 
-14.285162 -13.042974 10.618750 
-18.322273 -12.424985 11.250000 
-16.148444 -10.869145 10.618750


-16.148444 -10.869145 10.618750 
-13.974615 -12.111333 9.368750 
-14.285162 -13.042974 10.618750 
-16.148444 -10.869145 10.618750


-14.285162 -13.042974 10.618750 
-13.974615 -12.111333 9.368750 
-13.042974 -13.353521 9.368750 
-14.285162 -13.042974 10.618750


-13.042974 -9.005863 11.243750 
-13.042974 -11.800786 8.743750 
-13.974615 -12.111333 9.368750 
-13.042974 -9.005863 11.243750


-16.148444 -10.869145 10.618750 
-13.042974 -9.005863 11.243750 
-13.974615 -12.111333 9.368750 
-16.148444 -10.869145 10.618750


-13.042974 -9.005863 11.243750 
-11.179692 -8.381664 11.875000 
-10.866040 -10.248051 8.125000 
-13.042974 -9.005863 11.243750


-13.042974 -15.527350 10.618750 
-11.800786 -14.595709 9.993750 
-10.558598 -17.701179 11.243750 
-13.042974 -15.527350 10.618750


-10.558598 -17.701179 11.243750 
-11.800786 -14.595709 9.993750 
-8.695316 -17.390632 9.368750 
-10.558598 -17.701179 11.243750


-10.558598 -17.701179 11.243750 
-8.695316 -17.390632 9.368750 
-10.248051 -19.253914 11.868750 
-10.558598 -17.701179 11.243750


-7.450023 -16.148444 11.250000 
-6.832034 -19.253914 12.493750 
-8.695316 -17.390632 9.368750 
-7.450023 -16.148444 11.250000


-6.832034 -19.253914 12.493750 
-8.384769 -19.875008 9.993750 
-8.695316 -17.390632 9.368750 
-6.832034 -19.253914 12.493750


0.000000 -40.371110 10.618750 
-1.863282 -40.371110 10.618750 
-3.105470 -38.818375 11.243750 
0.000000 -40.371110 10.618750


-17.390632 -9.626957 11.243750 
-16.148444 -10.869145 10.618750 
-18.322273 -12.424985 11.250000 
-17.390632 -9.626957 11.243750


-14.285162 -13.042974 10.618750 
-15.527350 -14.595709 11.243750 
-18.322273 -12.424985 11.250000 
-14.285162 -13.042974 10.618750


-15.527350 -14.595709 11.243750 
-13.042974 -13.353521 9.368750 
-13.042974 -15.527350 10.618750 
-15.527350 -14.595709 11.243750


-15.527350 -14.595709 11.243750 
-14.285162 -13.042974 10.618750 
-13.042974 -13.353521 9.368750 
-15.527350 -14.595709 11.243750


-10.558598 -17.701179 11.243750 
-13.042974 -18.943367 12.493750 
-13.042974 -15.527350 10.618750 
-10.558598 -17.701179 11.243750


-10.558598 -12.111333 13.118750 
-8.074222 -11.179692 13.118750 
-9.316410 -13.974615 7.493750 
-10.558598 -12.111333 13.118750


-8.074222 -11.179692 13.118750 
-8.071117 -13.353521 6.875000 
-9.316410 -13.974615 7.493750 
-8.074222 -11.179692 13.118750


-6.521487 -21.427743 12.493750 
-7.763675 -26.085948 11.243750 
-8.074222 -22.980478 10.618750 
-6.521487 -21.427743 12.493750


-6.521487 -21.427743 12.493750 
-8.074222 -22.980478 10.618750 
-8.384769 -19.875008 9.993750 
-6.521487 -21.427743 12.493750


-6.832034 -19.253914 12.493750 
-6.521487 -21.427743 12.493750 
-8.384769 -19.875008 9.993750 
-6.832034 -19.253914 12.493750


-4.661310 -35.712905 11.875000 
-1.863282 -36.955093 11.868750 
-3.105470 -38.818375 11.243750 
-4.661310 -35.712905 11.875000


-1.863282 -36.955093 11.868750 
-0.310547 -38.197281 11.868750 
-3.105470 -38.818375 11.243750 
-1.863282 -36.955093 11.868750


-0.310547 -38.197281 11.868750 
0.000000 -40.371110 10.618750 
-3.105470 -38.818375 11.243750 
-0.310547 -38.197281 11.868750


0.931641 -39.750016 11.868750 
1.552735 -41.302751 11.243750 
0.000000 -40.371110 10.618750 
0.931641 -39.750016 11.868750


2.794923 -47.516796 10.000000 
1.242188 -44.718768 13.756250 
0.617989 -45.650409 11.250000 
2.794923 -47.516796 10.000000


1.552735 -41.302751 11.243750 
2.794923 -42.544939 11.868750 
4.037111 -44.097674 9.993750 
1.552735 -41.302751 11.243750


2.794923 -47.516796 10.000000 
4.658205 -48.758984 8.750000 
7.763675 -48.134785 10.006250 
2.794923 -47.516796 10.000000


5.900393 -43.476580 12.493750 
5.586741 -43.787127 10.625000 
4.037111 -44.097674 9.993750 
5.900393 -43.476580 12.493750


12.732427 -44.100779 13.125000 
10.248051 -46.892597 9.368750 
10.869145 -45.029315 10.618750 
12.732427 -44.100779 13.125000


-13.974615 -15.216803 12.493750 
-18.322273 -12.424985 11.250000 
-15.527350 -14.595709 11.243750 
-13.974615 -15.216803 12.493750


-17.390632 -9.626957 11.243750 
-17.390632 -9.316410 12.493750 
-16.148444 -10.869145 10.618750 
-17.390632 -9.626957 11.243750


-13.974615 -15.216803 12.493750 
-15.527350 -14.595709 11.243750 
-13.042974 -15.527350 10.618750 
-13.974615 -15.216803 12.493750


-11.179692 -8.381664 11.875000 
-8.384769 -10.558598 11.881250 
-10.866040 -10.248051 8.125000 
-11.179692 -8.381664 11.875000


-9.316410 -8.384769 11.881250 
-8.384769 -10.558598 11.881250 
-11.179692 -8.381664 11.875000 
-9.316410 -8.384769 11.881250


-9.316410 -8.384769 11.881250 
-8.384769 -9.316410 9.993750 
-8.384769 -10.558598 11.881250 
-9.316410 -8.384769 11.881250


-10.248051 -22.669931 13.743750 
-10.248051 -19.253914 11.868750 
-8.074222 -22.980478 10.618750 
-10.248051 -22.669931 13.743750


-10.248051 -19.253914 11.868750 
-8.384769 -19.875008 9.993750 
-8.074222 -22.980478 10.618750 
-10.248051 -19.253914 11.868750


-10.248051 -24.533213 14.368750 
-8.074222 -22.980478 10.618750 
-7.763675 -26.085948 11.243750 
-10.248051 -24.533213 14.368750


-9.316410 -8.384769 11.881250 
-8.384769 -10.558598 11.881250 
-8.384769 -9.316410 9.993750 
-9.316410 -8.384769 11.881250


-7.763675 -26.085948 11.243750 
-6.521487 -27.638683 12.493750 
-8.695316 -28.880871 14.368750 
-7.763675 -26.085948 11.243750


-6.521487 -27.638683 12.493750 
-6.832034 -30.123059 11.868750 
-8.695316 -28.880871 14.368750 
-6.521487 -27.638683 12.493750


-6.521487 -21.427743 12.493750 
-6.521487 -27.638683 12.493750 
-7.763675 -26.085948 11.243750 
-6.521487 -21.427743 12.493750


-3.729669 -39.128922 12.500000 
-3.105470 -38.818375 11.243750 
-1.863282 -40.371110 10.618750 
-3.729669 -39.128922 12.500000


-3.416017 -35.091811 12.493750 
-1.863282 -36.955093 11.868750 
-4.661310 -35.712905 11.875000 
-3.416017 -35.091811 12.493750


-3.416017 -42.237497 16.250000 
-1.863282 -40.371110 10.618750 
-0.621094 -41.923845 9.993750 
-3.416017 -42.237497 16.250000


-0.310547 -38.197281 11.868750 
0.931641 -39.750016 11.868750 
0.000000 -40.371110 10.618750 
-0.310547 -38.197281 11.868750


0.931641 -39.750016 11.868750 
2.794923 -42.544939 11.868750 
1.552735 -41.302751 11.243750 
0.931641 -39.750016 11.868750


4.347658 -40.992204 13.118750 
2.794923 -42.544939 11.868750 
0.931641 -39.750016 11.868750 
4.347658 -40.992204 13.118750


2.794923 -42.544939 11.868750 
5.900393 -43.476580 12.493750 
4.037111 -44.097674 9.993750 
2.794923 -42.544939 11.868750


7.763675 -44.097674 12.493750 
5.586741 -43.787127 10.625000 
5.900393 -43.476580 12.493750 
7.763675 -44.097674 12.493750


5.586741 -43.787127 10.625000 
7.763675 -44.097674 12.493750 
7.142581 -45.029315 9.993750 
5.586741 -43.787127 10.625000


7.763675 -44.097674 12.493750 
10.869145 -45.029315 10.618750 
7.142581 -45.029315 9.993750 
7.763675 -44.097674 12.493750


-19.564461 -13.664068 12.493750 
-20.806649 -12.732427 12.493750 
-18.322273 -12.424985 11.250000 
-19.564461 -13.664068 12.493750


-17.390632 -9.316410 12.493750 
-18.322273 -12.424985 11.250000 
-20.806649 -12.732427 12.493750 
-17.390632 -9.316410 12.493750


-17.390632 -9.316410 12.493750 
-17.390632 -9.626957 11.243750 
-18.322273 -12.424985 11.250000 
-17.390632 -9.316410 12.493750


-20.185555 -8.695316 12.493750 
-17.390632 -9.316410 12.493750 
-20.806649 -12.732427 12.493750 
-20.185555 -8.695316 12.493750


-17.390632 -7.763675 12.493750 
-17.390632 -9.316410 12.493750 
-20.185555 -8.695316 12.493750 
-17.390632 -7.763675 12.493750


-13.974615 -15.216803 12.493750 
-16.458991 -17.083190 12.500000 
-19.564461 -13.664068 12.493750 
-13.974615 -15.216803 12.493750


-19.564461 -13.664068 12.493750 
-18.322273 -12.424985 11.250000 
-13.974615 -15.216803 12.493750 
-19.564461 -13.664068 12.493750


-16.148444 -6.828929 13.750000 
-17.390632 -9.316410 12.493750 
-17.390632 -7.763675 12.493750 
-16.148444 -6.828929 13.750000


-16.148444 -6.828929 13.750000 
-13.042974 -9.005863 11.243750 
-17.390632 -9.316410 12.493750 
-16.148444 -6.828929 13.750000


-15.216803 -18.011726 13.743750 
-13.974615 -15.216803 12.493750 
-13.042974 -18.943367 12.493750 
-15.216803 -18.011726 13.743750


-16.458991 -17.083190 12.500000 
-13.974615 -15.216803 12.493750 
-15.216803 -18.011726 13.743750 
-16.458991 -17.083190 12.500000


-13.974615 -15.216803 12.493750 
-13.042974 -15.527350 10.618750 
-13.042974 -18.943367 12.493750 
-13.974615 -15.216803 12.493750


-17.390632 -9.316410 12.493750 
-13.042974 -9.005863 11.243750 
-16.148444 -10.869145 10.618750 
-17.390632 -9.316410 12.493750


-13.042974 -9.005863 11.243750 
-12.111333 -7.142581 13.743750 
-11.179692 -8.381664 11.875000 
-13.042974 -9.005863 11.243750


-13.042974 -18.943367 12.493750 
-10.558598 -17.701179 11.243750 
-11.490239 -20.496102 13.743750 
-13.042974 -18.943367 12.493750


-11.490239 -20.496102 13.743750 
-10.558598 -17.701179 11.243750 
-10.248051 -19.253914 11.868750 
-11.490239 -20.496102 13.743750


-11.179692 -8.381664 11.875000 
-10.558598 -12.111333 13.118750 
-10.866040 -10.248051 8.125000 
-11.179692 -8.381664 11.875000


-8.384769 -10.558598 11.881250 
-11.179692 -8.381664 11.875000 
-10.866040 -10.248051 8.125000 
-8.384769 -10.558598 11.881250


-9.316410 -8.384769 11.881250 
-11.179692 -8.381664 11.875000 
-8.384769 -10.558598 11.881250 
-9.316410 -8.384769 11.881250


-8.074222 -11.179692 13.118750 
-7.139476 -13.353521 13.750000 
-7.450023 -13.974615 10.000000 
-8.074222 -11.179692 13.118750


-8.695316 -30.433606 15.618750 
-6.832034 -30.123059 11.868750 
-6.210940 -31.986341 12.493750 
-8.695316 -30.433606 15.618750


-6.832034 -30.123059 11.868750 
-4.968752 -32.607435 12.493750 
-6.210940 -31.986341 12.493750 
-6.832034 -30.123059 11.868750


-6.521487 -27.638683 12.493750 
-4.968752 -30.433606 13.118750 
-6.832034 -30.123059 11.868750 
-6.521487 -27.638683 12.493750


-6.832034 -30.123059 11.868750 
-4.968752 -30.433606 13.118750 
-4.968752 -32.607435 12.493750 
-6.832034 -30.123059 11.868750


-4.968752 -32.607435 12.493750 
-4.661310 -35.712905 11.875000 
-6.210940 -31.986341 12.493750 
-4.968752 -32.607435 12.493750


-6.214045 -37.265640 16.250000 
-4.661310 -35.712905 11.875000 
-3.105470 -38.818375 11.243750 
-6.214045 -37.265640 16.250000


-4.968752 -32.607435 12.493750 
-3.416017 -35.091811 12.493750 
-4.661310 -35.712905 11.875000 
-4.968752 -32.607435 12.493750


-3.416017 -42.237497 16.250000 
-0.621094 -41.923845 9.993750 
0.310547 -43.166033 8.743750 
-3.416017 -42.237497 16.250000


4.347658 -40.992204 13.118750 
5.900393 -43.476580 12.493750 
2.794923 -42.544939 11.868750 
4.347658 -40.992204 13.118750


5.900393 -43.476580 12.493750 
6.210940 -42.544939 13.118750 
7.763675 -44.097674 12.493750 
5.900393 -43.476580 12.493750


9.316410 -45.653514 14.375000 
7.763675 -48.134785 10.006250 
10.248051 -46.892597 9.368750 
9.316410 -45.653514 14.375000


7.763675 -44.097674 12.493750 
12.732427 -44.100779 13.125000 
10.869145 -45.029315 10.618750 
7.763675 -44.097674 12.493750


-20.806649 -12.732427 12.493750 
-19.564461 -13.664068 12.493750 
-21.738290 -14.285162 13.743750 
-20.806649 -12.732427 12.493750


-15.527350 -19.253914 13.743750 
-15.216803 -18.011726 13.743750 
-13.042974 -18.943367 12.493750 
-15.527350 -19.253914 13.743750


-9.937504 -8.074222 13.118750 
-10.558598 -12.111333 13.118750 
-11.179692 -8.381664 11.875000 
-9.937504 -8.074222 13.118750


-9.937504 -8.074222 13.118750 
-8.384769 -8.074222 13.118750 
-10.558598 -12.111333 13.118750 
-9.937504 -8.074222 13.118750


-10.248051 -22.669931 13.743750 
-8.074222 -22.980478 10.618750 
-10.248051 -24.533213 14.368750 
-10.248051 -22.669931 13.743750


-8.384769 -8.074222 13.118750 
-8.074222 -11.179692 13.118750 
-10.558598 -12.111333 13.118750 
-8.384769 -8.074222 13.118750


-7.139476 -13.353521 13.750000 
-7.450023 -16.148444 11.250000 
-7.450023 -13.974615 10.000000 
-7.139476 -13.353521 13.750000


-5.900393 -16.148444 14.368750 
-6.832034 -19.253914 12.493750 
-7.450023 -16.148444 11.250000 
-5.900393 -16.148444 14.368750


-6.521487 -21.427743 12.493750 
-5.279299 -23.291025 14.368750 
-6.521487 -27.638683 12.493750 
-6.521487 -21.427743 12.493750


-6.832034 -19.253914 12.493750 
-5.279299 -23.291025 14.368750 
-6.521487 -21.427743 12.493750 
-6.832034 -19.253914 12.493750


-4.968752 -30.433606 13.118750 
-1.552735 -32.607435 14.368750 
-4.968752 -32.607435 12.493750 
-4.968752 -30.433606 13.118750


-4.968752 -32.607435 12.493750 
-0.310547 -34.160170 14.993750 
-0.931641 -36.333999 13.118750 
-4.968752 -32.607435 12.493750


-0.931641 -36.333999 13.118750 
-3.416017 -35.091811 12.493750 
-4.968752 -32.607435 12.493750 
-0.931641 -36.333999 13.118750


-1.552735 -32.607435 14.368750 
-0.310547 -34.160170 14.993750 
-4.968752 -32.607435 12.493750 
-1.552735 -32.607435 14.368750


-3.416017 -35.091811 12.493750 
-0.931641 -36.333999 13.118750 
-1.863282 -36.955093 11.868750 
-3.416017 -35.091811 12.493750


-1.863282 -36.955093 11.868750 
-0.931641 -36.333999 13.118750 
-0.310547 -38.197281 11.868750 
-1.863282 -36.955093 11.868750


0.621094 -35.091811 14.381250 
-0.310547 -38.197281 11.868750 
-0.931641 -36.333999 13.118750 
0.621094 -35.091811 14.381250


0.621094 -35.091811 14.381250 
1.242188 -36.644546 13.743750 
-0.310547 -38.197281 11.868750 
0.621094 -35.091811 14.381250


2.794923 -38.504723 13.750000 
4.347658 -40.992204 13.118750 
0.931641 -39.750016 11.868750 
2.794923 -38.504723 13.750000


2.794923 -47.516796 10.000000 
3.726564 -45.653514 14.375000 
1.242188 -44.718768 13.756250 
2.794923 -47.516796 10.000000


6.210940 -42.544939 13.118750 
5.900393 -43.476580 12.493750 
4.347658 -40.992204 13.118750 
6.210940 -42.544939 13.118750


-23.291025 -13.974615 14.993750 
-23.912119 -12.421880 15.618750 
-21.738290 -14.285162 13.743750 
-23.291025 -13.974615 14.993750


-21.738290 -14.285162 13.743750 
-22.359384 -12.111333 14.368750 
-20.806649 -12.732427 12.493750 
-21.738290 -14.285162 13.743750


-21.427743 -8.695316 13.743750 
-20.806649 -12.732427 12.493750 
-22.359384 -12.111333 14.368750 
-21.427743 -8.695316 13.743750


-21.738290 -14.285162 13.743750 
-19.564461 -13.664068 12.493750 
-19.253914 -14.285162 13.743750 
-21.738290 -14.285162 13.743750


-21.427743 -8.695316 13.743750 
-20.185555 -8.695316 12.493750 
-20.806649 -12.732427 12.493750 
-21.427743 -8.695316 13.743750


-15.216803 -18.011726 13.743750 
-15.527350 -19.253914 13.743750 
-16.458991 -17.083190 12.500000 
-15.216803 -18.011726 13.743750


-16.148444 -6.828929 13.750000 
-12.111333 -6.832034 14.993750 
-12.111333 -7.142581 13.743750 
-16.148444 -6.828929 13.750000


-16.148444 -6.828929 13.750000 
-12.111333 -7.142581 13.743750 
-13.042974 -9.005863 11.243750 
-16.148444 -6.828929 13.750000


-11.490239 -20.496102 13.743750 
-14.906256 -20.806649 14.368750 
-15.527350 -19.253914 13.743750 
-11.490239 -20.496102 13.743750


-11.490239 -20.496102 13.743750 
-15.527350 -19.253914 13.743750 
-13.042974 -18.943367 12.493750 
-11.490239 -20.496102 13.743750


-12.111333 -7.142581 13.743750 
-9.005863 -6.210940 15.618750 
-11.179692 -8.381664 11.875000 
-12.111333 -7.142581 13.743750


-11.490239 -20.496102 13.743750 
-10.248051 -19.253914 11.868750 
-10.248051 -22.669931 13.743750 
-11.490239 -20.496102 13.743750


-5.279299 -23.291025 14.368750 
-4.968752 -26.085948 14.368750 
-6.521487 -27.638683 12.493750 
-5.279299 -23.291025 14.368750


-4.968752 -26.085948 14.368750 
-4.968752 -30.433606 13.118750 
-6.521487 -27.638683 12.493750 
-4.968752 -26.085948 14.368750


-5.900393 -16.148444 14.368750 
-5.279299 -23.291025 14.368750 
-6.832034 -19.253914 12.493750 
-5.900393 -16.148444 14.368750


-2.173829 -43.787127 15.006250 
-3.416017 -42.237497 16.250000 
0.310547 -43.166033 8.743750 
-2.173829 -43.787127 15.006250


-2.173829 -43.787127 15.006250 
0.310547 -43.166033 8.743750 
0.617989 -45.650409 11.250000 
-2.173829 -43.787127 15.006250


-0.310547 -34.160170 14.993750 
0.621094 -35.091811 14.381250 
-0.931641 -36.333999 13.118750 
-0.310547 -34.160170 14.993750


1.242188 -36.644546 13.743750 
2.794923 -38.504723 13.750000 
-0.310547 -38.197281 11.868750 
1.242188 -36.644546 13.743750


-0.310547 -38.197281 11.868750 
2.794923 -38.504723 13.750000 
0.931641 -39.750016 11.868750 
-0.310547 -38.197281 11.868750


3.726564 -45.653514 14.375000 
2.794923 -47.516796 10.000000 
7.763675 -48.134785 10.006250 
3.726564 -45.653514 14.375000


5.900393 -40.371110 14.368750 
6.210940 -42.544939 13.118750 
4.347658 -40.992204 13.118750 
5.900393 -40.371110 14.368750


6.210940 -42.544939 13.118750 
9.005863 -43.166033 13.743750 
7.763675 -44.097674 12.493750 
6.210940 -42.544939 13.118750


7.763675 -44.097674 12.493750 
9.005863 -43.166033 13.743750 
12.732427 -44.100779 13.125000 
7.763675 -44.097674 12.493750


9.005863 -43.166033 13.743750 
13.977720 -42.234392 15.000000 
12.732427 -44.100779 13.125000 
9.005863 -43.166033 13.743750


-22.359384 -12.111333 14.368750 
-21.738290 -14.285162 13.743750 
-23.912119 -12.421880 15.618750 
-22.359384 -12.111333 14.368750


-11.490239 -23.601572 15.618750 
-14.906256 -20.806649 14.368750 
-10.248051 -22.669931 13.743750 
-11.490239 -23.601572 15.618750


-11.490239 -20.496102 13.743750 
-10.248051 -22.669931 13.743750 
-14.906256 -20.806649 14.368750 
-11.490239 -20.496102 13.743750


-12.111333 -6.832034 14.993750 
-9.005863 -6.210940 15.618750 
-12.111333 -7.142581 13.743750 
-12.111333 -6.832034 14.993750


-9.005863 -6.210940 15.618750 
-9.937504 -8.074222 13.118750 
-11.179692 -8.381664 11.875000 
-9.005863 -6.210940 15.618750


-7.763675 -26.085948 11.243750 
-8.695316 -28.880871 14.368750 
-9.940609 -27.328136 15.625000 
-7.763675 -26.085948 11.243750


-8.695316 -30.433606 15.618750 
-8.695316 -28.880871 14.368750 
-6.832034 -30.123059 11.868750 
-8.695316 -30.433606 15.618750


-8.384769 -8.074222 13.118750 
-7.760570 -8.695316 16.250000 
-8.074222 -11.179692 13.118750 
-8.384769 -8.074222 13.118750


-7.760570 -8.695316 16.250000 
-7.139476 -13.353521 13.750000 
-8.074222 -11.179692 13.118750 
-7.760570 -8.695316 16.250000


-6.832034 -34.470717 15.618750 
-6.210940 -31.986341 12.493750 
-4.661310 -35.712905 11.875000 
-6.832034 -34.470717 15.618750


-7.139476 -13.353521 13.750000 
-5.900393 -16.148444 14.368750 
-7.450023 -16.148444 11.250000 
-7.139476 -13.353521 13.750000


-6.214045 -37.265640 16.250000 
-3.105470 -38.818375 11.243750 
-3.729669 -39.128922 12.500000 
-6.214045 -37.265640 16.250000


-4.968752 -26.085948 14.368750 
-4.037111 -28.259777 14.993750 
-4.968752 -30.433606 13.118750 
-4.968752 -26.085948 14.368750


-2.173829 -31.365247 14.368750 
-4.968752 -30.433606 13.118750 
-4.037111 -28.259777 14.993750 
-2.173829 -31.365247 14.368750


-4.968752 -30.433606 13.118750 
-2.173829 -31.365247 14.368750 
-1.552735 -32.607435 14.368750 
-4.968752 -30.433606 13.118750


2.794923 -38.504723 13.750000 
5.900393 -40.371110 14.368750 
4.347658 -40.992204 13.118750 
2.794923 -38.504723 13.750000


5.900393 -40.371110 14.368750 
9.005863 -43.166033 13.743750 
6.210940 -42.544939 13.118750 
5.900393 -40.371110 14.368750


9.316410 -45.653514 14.375000 
3.726564 -45.653514 14.375000 
7.763675 -48.134785 10.006250 
9.316410 -45.653514 14.375000


10.558598 -43.476580 17.506250 
10.248051 -46.892597 9.368750 
12.732427 -44.100779 13.125000 
10.558598 -43.476580 17.506250


-23.912119 -12.421880 15.618750 
-23.291025 -13.974615 14.993750 
-24.533213 -14.285162 15.618750 
-23.912119 -12.421880 15.618750


-21.427743 -8.695316 13.743750 
-22.359384 -12.111333 14.368750 
-22.980478 -8.074222 16.243750 
-21.427743 -8.695316 13.743750


-23.291025 -13.974615 14.993750 
-21.738290 -14.285162 13.743750 
-19.253914 -14.285162 13.743750 
-23.291025 -13.974615 14.993750


-19.253914 -14.285162 13.743750 
-20.806649 -16.458991 14.993750 
-23.291025 -13.974615 14.993750 
-19.253914 -14.285162 13.743750


-19.253914 -14.285162 13.743750 
-18.011726 -17.080085 16.243750 
-20.806649 -16.458991 14.993750 
-19.253914 -14.285162 13.743750


-19.253914 -14.285162 13.743750 
-19.564461 -13.664068 12.493750 
-18.011726 -17.080085 16.243750 
-19.253914 -14.285162 13.743750


-18.011726 -17.080085 16.243750 
-19.564461 -13.664068 12.493750 
-16.458991 -17.083190 12.500000 
-18.011726 -17.080085 16.243750


-18.011726 -17.080085 16.243750 
-16.458991 -17.083190 12.500000 
-15.527350 -19.253914 13.743750 
-18.011726 -17.080085 16.243750


-12.111333 -6.832034 14.993750 
-16.148444 -6.828929 13.750000 
-14.595709 -4.655100 16.250000 
-12.111333 -6.832034 14.993750


-11.490239 -23.601572 15.618750 
-15.216803 -21.427743 16.243750 
-14.906256 -20.806649 14.368750 
-11.490239 -23.601572 15.618750


-11.490239 -23.601572 15.618750 
-10.248051 -22.669931 13.743750 
-10.248051 -24.533213 14.368750 
-11.490239 -23.601572 15.618750


-9.940609 -27.328136 15.625000 
-10.248051 -24.533213 14.368750 
-7.763675 -26.085948 11.243750 
-9.940609 -27.328136 15.625000


-9.937504 -8.074222 13.118750 
-7.760570 -6.832034 15.000000 
-8.384769 -8.074222 13.118750 
-9.937504 -8.074222 13.118750


-7.760570 -6.832034 15.000000 
-7.760570 -8.695316 16.250000 
-8.384769 -8.074222 13.118750 
-7.760570 -6.832034 15.000000


-9.005863 -31.365247 17.493750 
-8.695316 -30.433606 15.618750 
-6.210940 -31.986341 12.493750 
-9.005863 -31.365247 17.493750


-4.347658 -16.458991 16.243750 
-5.279299 -23.291025 14.368750 
-5.900393 -16.148444 14.368750 
-4.347658 -16.458991 16.243750


-4.968752 -26.085948 14.368750 
-3.416017 -24.222666 15.618750 
-4.037111 -28.259777 14.993750 
-4.968752 -26.085948 14.368750


-4.661310 -41.302751 17.500000 
-1.863282 -40.371110 10.618750 
-3.416017 -42.237497 16.250000 
-4.661310 -41.302751 17.500000


0.310547 -32.917982 16.868750 
-0.310547 -34.160170 14.993750 
-1.552735 -32.607435 14.368750 
0.310547 -32.917982 16.868750


2.484376 -36.333999 15.618750 
2.794923 -38.504723 13.750000 
1.242188 -36.644546 13.743750 
2.484376 -36.333999 15.618750


1.242188 -44.718768 13.756250 
3.726564 -45.653514 14.375000 
1.863282 -43.476580 16.256250 
1.242188 -44.718768 13.756250


4.968752 -37.576187 15.618750 
5.900393 -40.371110 14.368750 
2.794923 -38.504723 13.750000 
4.968752 -37.576187 15.618750


9.316410 -45.653514 14.375000 
4.968752 -44.097674 16.256250 
3.726564 -45.653514 14.375000 
9.316410 -45.653514 14.375000


5.900393 -40.371110 14.368750 
8.695316 -40.681657 15.618750 
9.005863 -43.166033 13.743750 
5.900393 -40.371110 14.368750


8.384769 -43.787127 16.881250 
4.968752 -44.097674 16.256250 
9.316410 -45.653514 14.375000 
8.384769 -43.787127 16.881250


12.732427 -42.234392 17.506250 
12.732427 -44.100779 13.125000 
13.977720 -42.234392 15.000000 
12.732427 -42.234392 17.506250


-23.291025 -13.974615 14.993750 
-23.291025 -17.080085 16.243750 
-24.533213 -14.285162 15.618750 
-23.291025 -13.974615 14.993750


-23.291025 -17.080085 16.243750 
-23.291025 -13.974615 14.993750 
-20.806649 -16.458991 14.993750 
-23.291025 -17.080085 16.243750


-18.632820 -5.279299 20.618750 
-20.185555 -8.695316 12.493750 
-21.427743 -8.695316 13.743750 
-18.632820 -5.279299 20.618750


-17.390632 -4.658205 20.618750 
-17.390632 -7.763675 12.493750 
-20.185555 -8.695316 12.493750 
-17.390632 -4.658205 20.618750


-15.527350 -19.253914 13.743750 
-14.906256 -20.806649 14.368750 
-15.216803 -21.427743 16.243750 
-15.527350 -19.253914 13.743750


-16.148444 -6.828929 13.750000 
-17.390632 -4.658205 20.618750 
-14.595709 -4.655100 16.250000 
-16.148444 -6.828929 13.750000


-11.490239 -23.601572 15.618750 
-13.974615 -23.291025 17.493750 
-15.216803 -21.427743 16.243750 
-11.490239 -23.601572 15.618750


-13.974615 -23.291025 17.493750 
-11.490239 -23.601572 15.618750 
-10.248051 -24.533213 14.368750 
-13.974615 -23.291025 17.493750


-12.111333 -6.832034 14.993750 
-11.179692 -5.586741 16.250000 
-9.005863 -6.210940 15.618750 
-12.111333 -6.832034 14.993750


-9.940609 -27.328136 15.625000 
-8.695316 -28.880871 14.368750 
-8.695316 -30.433606 15.618750 
-9.940609 -27.328136 15.625000


-9.005863 -6.210940 15.618750 
-7.760570 -6.832034 15.000000 
-9.937504 -8.074222 13.118750 
-9.005863 -6.210940 15.618750


-4.347658 -16.458991 16.243750 
-3.416017 -24.222666 15.618750 
-5.279299 -23.291025 14.368750 
-4.347658 -16.458991 16.243750


-5.279299 -23.291025 14.368750 
-3.416017 -24.222666 15.618750 
-4.968752 -26.085948 14.368750 
-5.279299 -23.291025 14.368750


-3.105470 -16.458991 16.868750 
-3.416017 -24.222666 15.618750 
-4.347658 -16.458991 16.243750 
-3.105470 -16.458991 16.868750


-3.416017 -24.222666 15.618750 
-2.794923 -27.949230 15.618750 
-4.037111 -28.259777 14.993750 
-3.416017 -24.222666 15.618750


-2.794923 -27.949230 15.618750 
-2.173829 -31.365247 14.368750 
-4.037111 -28.259777 14.993750 
-2.794923 -27.949230 15.618750


-2.173829 -31.365247 14.368750 
-0.931641 -31.365247 16.243750 
-1.552735 -32.607435 14.368750 
-2.173829 -31.365247 14.368750


-2.173829 -43.787127 15.006250 
0.617989 -45.650409 11.250000 
1.242188 -44.718768 13.756250 
-2.173829 -43.787127 15.006250


-2.173829 -43.787127 15.006250 
1.242188 -44.718768 13.756250 
1.863282 -43.476580 16.256250 
-2.173829 -43.787127 15.006250


2.484376 -36.333999 15.618750 
1.242188 -36.644546 13.743750 
0.621094 -35.091811 14.381250 
2.484376 -36.333999 15.618750


2.484376 -36.333999 15.618750 
4.968752 -37.576187 15.618750 
2.794923 -38.504723 13.750000 
2.484376 -36.333999 15.618750


2.484376 -36.333999 15.618750 
3.416017 -35.402358 16.868750 
4.968752 -37.576187 15.618750 
2.484376 -36.333999 15.618750


4.968752 -37.576187 15.618750 
7.142581 -38.507828 16.243750 
5.900393 -40.371110 14.368750 
4.968752 -37.576187 15.618750


7.142581 -38.507828 16.243750 
8.695316 -40.681657 15.618750 
5.900393 -40.371110 14.368750 
7.142581 -38.507828 16.243750


10.558598 -43.476580 17.506250 
9.316410 -45.653514 14.375000 
10.248051 -46.892597 9.368750 
10.558598 -43.476580 17.506250


8.695316 -40.681657 15.618750 
13.977720 -42.234392 15.000000 
9.005863 -43.166033 13.743750 
8.695316 -40.681657 15.618750


13.974615 -41.926950 16.875000 
12.732427 -42.234392 17.506250 
13.977720 -42.234392 15.000000 
13.974615 -41.926950 16.875000


-24.843760 -11.179692 16.868750 
-23.912119 -12.421880 15.618750 
-24.533213 -14.285162 15.618750 
-24.843760 -11.179692 16.868750


-24.222666 -17.701179 17.493750 
-24.533213 -14.285162 15.618750 
-23.291025 -17.080085 16.243750 
-24.222666 -17.701179 17.493750


-23.912119 -7.453128 17.493750 
-22.980478 -8.074222 16.243750 
-23.912119 -12.421880 15.618750 
-23.912119 -7.453128 17.493750


-22.980478 -8.074222 16.243750 
-22.359384 -12.111333 14.368750 
-23.912119 -12.421880 15.618750 
-22.980478 -8.074222 16.243750


-20.806649 -16.458991 14.993750 
-20.806649 -18.632820 16.868750 
-23.291025 -17.080085 16.243750 
-20.806649 -16.458991 14.993750


-20.806649 -16.458991 14.993750 
-18.632820 -20.185555 16.243750 
-20.806649 -18.632820 16.868750 
-20.806649 -16.458991 14.993750


-18.011726 -17.080085 16.243750 
-18.632820 -20.185555 16.243750 
-20.806649 -16.458991 14.993750 
-18.011726 -17.080085 16.243750


-18.632820 -5.279299 20.618750 
-17.390632 -4.658205 20.618750 
-20.185555 -8.695316 12.493750 
-18.632820 -5.279299 20.618750


-18.011726 -17.080085 16.243750 
-15.216803 -21.427743 16.243750 
-18.632820 -20.185555 16.243750 
-18.011726 -17.080085 16.243750


-15.216803 -21.427743 16.243750 
-18.011726 -17.080085 16.243750 
-15.527350 -19.253914 13.743750 
-15.216803 -21.427743 16.243750


-14.595709 -4.655100 16.250000 
-11.179692 -5.586741 16.250000 
-12.111333 -6.832034 14.993750 
-14.595709 -4.655100 16.250000


-12.111333 -26.085948 17.493750 
-13.974615 -23.291025 17.493750 
-9.940609 -27.328136 15.625000 
-12.111333 -26.085948 17.493750


-13.974615 -23.291025 17.493750 
-10.248051 -24.533213 14.368750 
-9.940609 -27.328136 15.625000 
-13.974615 -23.291025 17.493750


-11.490239 -28.570324 17.493750 
-9.940609 -27.328136 15.625000 
-8.695316 -30.433606 15.618750 
-11.490239 -28.570324 17.493750


-9.005863 -31.365247 17.493750 
-11.490239 -28.570324 17.493750 
-8.695316 -30.433606 15.618750 
-9.005863 -31.365247 17.493750


-9.005863 -31.365247 17.493750 
-6.210940 -31.986341 12.493750 
-6.832034 -34.470717 15.618750 
-9.005863 -31.365247 17.493750


-4.661310 -35.712905 11.875000 
-6.214045 -37.265640 16.250000 
-8.695316 -36.644546 19.993750 
-4.661310 -35.712905 11.875000


-4.037111 -14.595709 18.118750 
-4.347658 -16.458991 16.243750 
-5.900393 -16.148444 14.368750 
-4.037111 -14.595709 18.118750


-3.105470 -16.458991 16.868750 
-2.173829 -22.048837 16.868750 
-3.416017 -24.222666 15.618750 
-3.105470 -16.458991 16.868750


-2.173829 -24.533213 16.868750 
-2.794923 -27.949230 15.618750 
-3.416017 -24.222666 15.618750 
-2.173829 -24.533213 16.868750


-0.931641 -28.880871 16.868750 
-2.173829 -31.365247 14.368750 
-2.794923 -27.949230 15.618750 
-0.931641 -28.880871 16.868750


-0.310547 -41.613298 18.131250 
-2.173829 -43.787127 15.006250 
1.863282 -43.476580 16.256250 
-0.310547 -41.613298 18.131250


-0.931641 -31.365247 16.243750 
0.310547 -32.917982 16.868750 
-1.552735 -32.607435 14.368750 
-0.931641 -31.365247 16.243750


-0.310547 -34.160170 14.993750 
0.310547 -32.917982 16.868750 
0.621094 -35.091811 14.381250 
-0.310547 -34.160170 14.993750


0.621094 -35.091811 14.381250 
0.310547 -32.917982 16.868750 
2.484376 -36.333999 15.618750 
0.621094 -35.091811 14.381250


0.310547 -32.917982 16.868750 
3.416017 -35.402358 16.868750 
2.484376 -36.333999 15.618750 
0.310547 -32.917982 16.868750


8.384769 -37.886734 17.493750 
7.142581 -38.507828 16.243750 
4.968752 -37.576187 15.618750 
8.384769 -37.886734 17.493750


11.179692 -39.439469 17.493750 
8.695316 -40.681657 15.618750 
7.142581 -38.507828 16.243750 
11.179692 -39.439469 17.493750


10.558598 -43.476580 17.506250 
8.384769 -43.787127 16.881250 
9.316410 -45.653514 14.375000 
10.558598 -43.476580 17.506250


11.179692 -39.439469 17.493750 
12.732427 -40.992204 16.243750 
8.695316 -40.681657 15.618750 
11.179692 -39.439469 17.493750


8.695316 -40.681657 15.618750 
12.732427 -40.992204 16.243750 
13.977720 -42.234392 15.000000 
8.695316 -40.681657 15.618750


12.732427 -40.992204 16.243750 
13.974615 -41.926950 16.875000 
13.977720 -42.234392 15.000000 
12.732427 -40.992204 16.243750


-25.775401 -15.837897 17.493750 
-27.328136 -14.285162 16.868750 
-24.533213 -14.285162 15.618750 
-25.775401 -15.837897 17.493750


-24.843760 -11.179692 16.868750 
-24.533213 -14.285162 15.618750 
-27.328136 -14.285162 16.868750 
-24.843760 -11.179692 16.868750


-25.775401 -15.837897 17.493750 
-24.533213 -14.285162 15.618750 
-24.222666 -17.701179 17.493750 
-25.775401 -15.837897 17.493750


-24.222666 -17.701179 17.493750 
-23.291025 -17.080085 16.243750 
-22.669931 -20.185555 17.493750 
-24.222666 -17.701179 17.493750


-22.669931 -20.185555 17.493750 
-23.291025 -17.080085 16.243750 
-20.806649 -18.632820 16.868750 
-22.669931 -20.185555 17.493750


-20.806649 -20.496102 17.493750 
-22.669931 -20.185555 17.493750 
-20.806649 -18.632820 16.868750 
-20.806649 -20.496102 17.493750


-18.632820 -20.185555 16.243750 
-20.806649 -20.496102 17.493750 
-20.806649 -18.632820 16.868750 
-18.632820 -20.185555 16.243750


-17.390632 -4.658205 20.618750 
-16.148444 -6.828929 13.750000 
-17.390632 -7.763675 12.493750 
-17.390632 -4.658205 20.618750


-5.586741 -8.074222 21.250000 
-7.760570 -8.695316 16.250000 
-7.760570 -6.832034 15.000000 
-5.586741 -8.074222 21.250000


-8.074222 -35.091811 18.118750 
-6.832034 -34.470717 15.618750 
-4.661310 -35.712905 11.875000 
-8.074222 -35.091811 18.118750


-5.589846 -11.490239 19.993750 
-7.139476 -13.353521 13.750000 
-7.760570 -8.695316 16.250000 
-5.589846 -11.490239 19.993750


-7.139476 -13.353521 13.750000 
-4.037111 -14.595709 18.118750 
-5.900393 -16.148444 14.368750 
-7.139476 -13.353521 13.750000


-4.037111 -14.595709 18.118750 
-3.105470 -16.458991 16.868750 
-4.347658 -16.458991 16.243750 
-4.037111 -14.595709 18.118750


-2.173829 -22.048837 16.868750 
-2.173829 -24.533213 16.868750 
-3.416017 -24.222666 15.618750 
-2.173829 -22.048837 16.868750


-3.416017 -42.237497 16.250000 
-2.173829 -43.787127 15.006250 
-0.310547 -41.613298 18.131250 
-3.416017 -42.237497 16.250000


-2.173829 -24.533213 16.868750 
-0.931641 -28.880871 16.868750 
-2.794923 -27.949230 15.618750 
-2.173829 -24.533213 16.868750


-3.105470 -16.458991 16.868750 
-0.931641 -22.669931 17.493750 
-2.173829 -22.048837 16.868750 
-3.105470 -16.458991 16.868750


-0.931641 -28.880871 16.868750 
-0.931641 -31.365247 16.243750 
-2.173829 -31.365247 14.368750 
-0.931641 -28.880871 16.868750


-0.931641 -31.365247 16.243750 
1.552735 -31.675794 17.493750 
0.310547 -32.917982 16.868750 
-0.931641 -31.365247 16.243750


1.552735 -31.675794 17.493750 
3.416017 -35.402358 16.868750 
0.310547 -32.917982 16.868750 
1.552735 -31.675794 17.493750


3.416017 -42.234392 19.381250 
1.863282 -43.476580 16.256250 
4.968752 -44.097674 16.256250 
3.416017 -42.234392 19.381250


4.968752 -44.097674 16.256250 
1.863282 -43.476580 16.256250 
3.726564 -45.653514 14.375000 
4.968752 -44.097674 16.256250


3.416017 -35.402358 16.868750 
5.900393 -36.023452 17.493750 
4.968752 -37.576187 15.618750 
3.416017 -35.402358 16.868750


5.900393 -36.023452 17.493750 
8.384769 -37.886734 17.493750 
4.968752 -37.576187 15.618750 
5.900393 -36.023452 17.493750


12.732427 -42.234392 17.506250 
10.558598 -43.476580 17.506250 
12.732427 -44.100779 13.125000 
12.732427 -42.234392 17.506250


-23.912119 -7.453128 17.493750 
-23.912119 -12.421880 15.618750 
-24.843760 -11.179692 16.868750 
-23.912119 -7.453128 17.493750


-23.912119 -7.453128 17.493750 
-22.669931 -5.900393 19.368750 
-22.980478 -8.074222 16.243750 
-23.912119 -7.453128 17.493750


-20.806649 -20.496102 17.493750 
-13.974615 -23.291025 17.493750 
-15.216803 -24.533213 17.493750 
-20.806649 -20.496102 17.493750


-20.806649 -20.496102 17.493750 
-15.216803 -24.533213 17.493750 
-18.943367 -22.980478 17.493750 
-20.806649 -20.496102 17.493750


-20.806649 -20.496102 17.493750 
-18.632820 -20.185555 16.243750 
-13.974615 -23.291025 17.493750 
-20.806649 -20.496102 17.493750


-13.974615 -23.291025 17.493750 
-18.632820 -20.185555 16.243750 
-15.216803 -21.427743 16.243750 
-13.974615 -23.291025 17.493750


-13.974615 -23.291025 17.493750 
-12.111333 -26.085948 17.493750 
-15.216803 -24.533213 17.493750 
-13.974615 -23.291025 17.493750


-13.974615 -4.347658 18.743750 
-11.179692 -5.586741 16.250000 
-14.595709 -4.655100 16.250000 
-13.974615 -4.347658 18.743750


-12.111333 -26.085948 17.493750 
-9.940609 -27.328136 15.625000 
-11.490239 -28.570324 17.493750 
-12.111333 -26.085948 17.493750


-11.179692 -5.586741 16.250000 
-6.210940 -5.279299 18.118750 
-9.005863 -6.210940 15.618750 
-11.179692 -5.586741 16.250000


-9.005863 -6.210940 15.618750 
-6.210940 -5.279299 18.118750 
-7.760570 -6.832034 15.000000 
-9.005863 -6.210940 15.618750


-8.074222 -35.091811 18.118750 
-4.661310 -35.712905 11.875000 
-8.695316 -36.644546 19.993750 
-8.074222 -35.091811 18.118750


-5.589846 -11.490239 19.993750 
-4.037111 -14.595709 18.118750 
-7.139476 -13.353521 13.750000 
-5.589846 -11.490239 19.993750


-4.661310 -41.302751 17.500000 
-3.729669 -39.128922 12.500000 
-1.863282 -40.371110 10.618750 
-4.661310 -41.302751 17.500000


-2.484376 -15.837897 18.118750 
0.000000 -18.011726 18.743750 
-3.105470 -16.458991 16.868750 
-2.484376 -15.837897 18.118750


-2.173829 -22.048837 16.868750 
-0.931641 -22.669931 17.493750 
-2.173829 -24.533213 16.868750 
-2.173829 -22.048837 16.868750


-3.105470 -16.458991 16.868750 
0.000000 -18.011726 18.743750 
-0.931641 -22.669931 17.493750 
-3.105470 -16.458991 16.868750


-0.931641 -22.669931 17.493750 
0.931641 -27.638683 18.118750 
-2.173829 -24.533213 16.868750 
-0.931641 -22.669931 17.493750


-2.173829 -24.533213 16.868750 
0.931641 -27.638683 18.118750 
-0.931641 -28.880871 16.868750 
-2.173829 -24.533213 16.868750


-0.931641 -28.880871 16.868750 
1.552735 -31.675794 17.493750 
-0.931641 -31.365247 16.243750 
-0.931641 -28.880871 16.868750


3.416017 -42.234392 19.381250 
1.552735 -41.302751 19.381250 
1.863282 -43.476580 16.256250 
3.416017 -42.234392 19.381250


1.552735 -31.675794 17.493750 
4.658205 -32.917982 18.743750 
3.416017 -35.402358 16.868750 
1.552735 -31.675794 17.493750


6.832034 -34.781264 18.743750 
8.384769 -37.886734 17.493750 
5.900393 -36.023452 17.493750 
6.832034 -34.781264 18.743750


8.384769 -37.886734 17.493750 
11.179692 -39.439469 17.493750 
7.142581 -38.507828 16.243750 
8.384769 -37.886734 17.493750


9.937504 -37.265640 18.743750 
11.179692 -39.439469 17.493750 
8.384769 -37.886734 17.493750 
9.937504 -37.265640 18.743750


11.179692 -39.439469 17.493750 
14.285162 -40.060563 18.118750 
12.732427 -40.992204 16.243750 
11.179692 -39.439469 17.493750


12.732427 -40.992204 16.243750 
14.285162 -40.060563 18.118750 
13.974615 -41.926950 16.875000 
12.732427 -40.992204 16.243750


-27.328136 -14.285162 16.868750 
-25.775401 -15.837897 17.493750 
-27.638683 -16.148444 18.743750 
-27.328136 -14.285162 16.868750


-27.952335 -12.111333 18.750000 
-24.843760 -11.179692 16.868750 
-27.328136 -14.285162 16.868750 
-27.952335 -12.111333 18.750000


-27.952335 -12.111333 18.750000 
-25.464854 -9.626957 18.118750 
-24.843760 -11.179692 16.868750 
-27.952335 -12.111333 18.750000


-22.048837 -21.117196 18.743750 
-22.669931 -20.185555 17.493750 
-20.806649 -20.496102 17.493750 
-22.048837 -21.117196 18.743750


-22.048837 -21.117196 18.743750 
-20.806649 -20.496102 17.493750 
-20.809754 -23.291025 18.750000 
-22.048837 -21.117196 18.743750


-18.943367 -22.980478 17.493750 
-20.809754 -23.291025 18.750000 
-20.806649 -20.496102 17.493750 
-18.943367 -22.980478 17.493750


-18.011726 -24.843760 19.368750 
-18.943367 -22.980478 17.493750 
-15.216803 -24.533213 17.493750 
-18.011726 -24.843760 19.368750


-15.216803 -24.533213 17.493750 
-11.490239 -28.570324 17.493750 
-13.974615 -27.638683 18.743750 
-15.216803 -24.533213 17.493750


-12.111333 -26.085948 17.493750 
-11.490239 -28.570324 17.493750 
-15.216803 -24.533213 17.493750 
-12.111333 -26.085948 17.493750


-11.179692 -31.054700 19.368750 
-11.490239 -28.570324 17.493750 
-9.005863 -31.365247 17.493750 
-11.179692 -31.054700 19.368750


-10.558598 -4.037111 18.743750 
-11.179692 -5.586741 16.250000 
-12.111333 -3.726564 18.743750 
-10.558598 -4.037111 18.743750


-10.558598 -32.607435 19.993750 
-9.005863 -31.365247 17.493750 
-6.832034 -34.470717 15.618750 
-10.558598 -32.607435 19.993750


-10.558598 -32.607435 19.993750 
-6.832034 -34.470717 15.618750 
-8.074222 -35.091811 18.118750 
-10.558598 -32.607435 19.993750


-6.210940 -5.279299 18.118750 
-5.586741 -8.074222 21.250000 
-7.760570 -6.832034 15.000000 
-6.210940 -5.279299 18.118750


-4.037111 -14.595709 18.118750 
-2.484376 -15.837897 18.118750 
-3.105470 -16.458991 16.868750 
-4.037111 -14.595709 18.118750


-4.661310 -41.302751 17.500000 
-3.416017 -42.237497 16.250000 
-0.310547 -41.613298 18.131250 
-4.661310 -41.302751 17.500000


0.931641 -22.980478 18.743750 
0.931641 -27.638683 18.118750 
-0.931641 -22.669931 17.493750 
0.931641 -22.980478 18.743750


0.000000 -18.011726 18.743750 
0.931641 -22.980478 18.743750 
-0.931641 -22.669931 17.493750 
0.000000 -18.011726 18.743750


0.000000 -18.011726 18.743750 
0.621094 -20.806649 18.743750 
0.931641 -22.980478 18.743750 
0.000000 -18.011726 18.743750


1.552735 -25.775401 18.743750 
0.931641 -27.638683 18.118750 
0.931641 -22.980478 18.743750 
1.552735 -25.775401 18.743750


-0.931641 -28.880871 16.868750 
0.931641 -27.638683 18.118750 
1.552735 -31.675794 17.493750 
-0.931641 -28.880871 16.868750


0.931641 -27.638683 18.118750 
3.416017 -32.296888 18.118750 
1.552735 -31.675794 17.493750 
0.931641 -27.638683 18.118750


3.416017 -32.296888 18.118750 
4.658205 -32.917982 18.743750 
1.552735 -31.675794 17.493750 
3.416017 -32.296888 18.118750


4.658205 -32.917982 18.743750 
5.900393 -36.023452 17.493750 
3.416017 -35.402358 16.868750 
4.658205 -32.917982 18.743750


8.384769 -43.787127 16.881250 
3.416017 -42.234392 19.381250 
4.968752 -44.097674 16.256250 
8.384769 -43.787127 16.881250


6.832034 -34.781264 18.743750 
9.937504 -37.265640 18.743750 
8.384769 -37.886734 17.493750 
6.832034 -34.781264 18.743750


9.937504 -37.265640 18.743750 
14.285162 -40.060563 18.118750 
11.179692 -39.439469 17.493750 
9.937504 -37.265640 18.743750


-27.638683 -16.148444 18.743750 
-27.952335 -12.111333 18.750000 
-27.328136 -14.285162 16.868750 
-27.638683 -16.148444 18.743750


-25.464854 -9.626957 18.118750 
-27.952335 -12.111333 18.750000 
-27.638683 -10.248051 19.368750 
-25.464854 -9.626957 18.118750


-26.707042 -19.564461 19.993750 
-25.775401 -15.837897 17.493750 
-24.222666 -17.701179 17.493750 
-26.707042 -19.564461 19.993750


-27.638683 -16.148444 18.743750 
-25.775401 -15.837897 17.493750 
-26.707042 -19.564461 19.993750 
-27.638683 -16.148444 18.743750


-23.912119 -7.453128 17.493750 
-24.843760 -11.179692 16.868750 
-25.464854 -9.626957 18.118750 
-23.912119 -7.453128 17.493750


-24.222666 -17.701179 17.493750 
-22.669931 -20.185555 17.493750 
-23.912119 -20.806649 18.743750 
-24.222666 -17.701179 17.493750


-22.048837 -21.117196 18.743750 
-23.912119 -20.806649 18.743750 
-22.669931 -20.185555 17.493750 
-22.048837 -21.117196 18.743750


-18.011726 -24.843760 19.368750 
-20.809754 -23.291025 18.750000 
-18.943367 -22.980478 17.493750 
-18.011726 -24.843760 19.368750


-18.011726 -24.843760 19.368750 
-15.216803 -24.533213 17.493750 
-15.837897 -25.775401 18.743750 
-18.011726 -24.843760 19.368750


-13.974615 -2.794923 18.743750 
-14.595709 -4.655100 16.250000 
-17.390632 -4.658205 20.618750 
-13.974615 -2.794923 18.743750


-13.974615 -2.794923 18.743750 
-13.974615 -4.347658 18.743750 
-14.595709 -4.655100 16.250000 
-13.974615 -2.794923 18.743750


-13.974615 -27.638683 18.743750 
-15.837897 -25.775401 18.743750 
-15.216803 -24.533213 17.493750 
-13.974615 -27.638683 18.743750


-12.111333 -3.726564 18.743750 
-13.974615 -4.347658 18.743750 
-13.974615 -2.794923 18.743750 
-12.111333 -3.726564 18.743750


-13.974615 -4.347658 18.743750 
-12.111333 -3.726564 18.743750 
-11.179692 -5.586741 16.250000 
-13.974615 -4.347658 18.743750


-11.179692 -31.054700 19.368750 
-9.005863 -31.365247 17.493750 
-10.558598 -32.607435 19.993750 
-11.179692 -31.054700 19.368750


-10.558598 -4.037111 18.743750 
-6.210940 -5.279299 18.118750 
-11.179692 -5.586741 16.250000 
-10.558598 -4.037111 18.743750


-7.763675 -38.507828 20.618750 
-6.214045 -37.265640 16.250000 
-3.729669 -39.128922 12.500000 
-7.763675 -38.507828 20.618750


-4.344553 -5.589846 23.125000 
-5.586741 -8.074222 21.250000 
-6.210940 -5.279299 18.118750 
-4.344553 -5.589846 23.125000


1.552735 -18.632820 19.993750 
0.621094 -20.806649 18.743750 
0.000000 -18.011726 18.743750 
1.552735 -18.632820 19.993750


-0.310547 -41.613298 18.131250 
1.863282 -43.476580 16.256250 
1.552735 -41.302751 19.381250 
-0.310547 -41.613298 18.131250


0.931641 -27.638683 18.118750 
3.726564 -29.501965 19.368750 
3.416017 -32.296888 18.118750 
0.931641 -27.638683 18.118750


4.658205 -32.917982 18.743750 
3.416017 -32.296888 18.118750 
3.726564 -29.501965 19.368750 
4.658205 -32.917982 18.743750


6.210940 -30.433606 19.993750 
4.658205 -32.917982 18.743750 
3.726564 -29.501965 19.368750 
6.210940 -30.433606 19.993750


4.658205 -32.917982 18.743750 
6.832034 -34.781264 18.743750 
5.900393 -36.023452 17.493750 
4.658205 -32.917982 18.743750


5.900393 -32.917982 19.368750 
6.832034 -34.781264 18.743750 
4.658205 -32.917982 18.743750 
5.900393 -32.917982 19.368750


8.695316 -34.470717 19.993750 
9.937504 -37.265640 18.743750 
6.832034 -34.781264 18.743750 
8.695316 -34.470717 19.993750


9.316410 -41.923845 20.631250 
8.384769 -43.787127 16.881250 
10.558598 -43.476580 17.506250 
9.316410 -41.923845 20.631250


9.937504 -37.265640 18.743750 
12.732427 -37.886734 18.743750 
14.285162 -40.060563 18.118750 
9.937504 -37.265640 18.743750


14.285162 -40.060563 18.118750 
12.732427 -42.234392 17.506250 
13.974615 -41.926950 16.875000 
14.285162 -40.060563 18.118750


14.909361 -39.128922 20.625000 
12.732427 -42.234392 17.506250 
14.285162 -40.060563 18.118750 
14.909361 -39.128922 20.625000


-27.638683 -10.248051 19.368750 
-27.952335 -12.111333 18.750000 
-27.638683 -16.148444 18.743750 
-27.638683 -10.248051 19.368750


-27.638683 -10.248051 19.368750 
-27.017589 -6.210940 20.618750 
-25.464854 -9.626957 18.118750 
-27.638683 -10.248051 19.368750


-27.017589 -6.210940 20.618750 
-23.912119 -7.453128 17.493750 
-25.464854 -9.626957 18.118750 
-27.017589 -6.210940 20.618750


-23.912119 -20.806649 18.743750 
-26.707042 -19.564461 19.993750 
-24.222666 -17.701179 17.493750 
-23.912119 -20.806649 18.743750


-27.017589 -6.210940 20.618750 
-25.464854 -6.521487 19.368750 
-23.912119 -7.453128 17.493750 
-27.017589 -6.210940 20.618750


-25.154307 -4.347658 20.618750 
-22.669931 -5.900393 19.368750 
-25.464854 -6.521487 19.368750 
-25.154307 -4.347658 20.618750


-25.464854 -6.521487 19.368750 
-22.669931 -5.900393 19.368750 
-23.912119 -7.453128 17.493750 
-25.464854 -6.521487 19.368750


-22.980478 -23.291025 20.618750 
-22.048837 -21.117196 18.743750 
-20.809754 -23.291025 18.750000 
-22.980478 -23.291025 20.618750


-22.669931 -5.900393 19.368750 
-18.632820 -5.279299 20.618750 
-22.980478 -8.074222 16.243750 
-22.669931 -5.900393 19.368750


-22.980478 -8.074222 16.243750 
-18.632820 -5.279299 20.618750 
-21.427743 -8.695316 13.743750 
-22.980478 -8.074222 16.243750


-22.980478 -23.291025 20.618750 
-20.809754 -23.291025 18.750000 
-18.011726 -24.843760 19.368750 
-22.980478 -23.291025 20.618750


-19.253914 -26.707042 19.993750 
-18.011726 -24.843760 19.368750 
-15.837897 -25.775401 18.743750 
-19.253914 -26.707042 19.993750


-13.974615 -27.638683 18.743750 
-11.490239 -28.570324 17.493750 
-11.179692 -31.054700 19.368750 
-13.974615 -27.638683 18.743750


-10.558598 -4.037111 18.743750 
-8.074222 -3.105470 19.993750 
-6.210940 -5.279299 18.118750 
-10.558598 -4.037111 18.743750


-7.763675 -38.507828 20.618750 
-3.729669 -39.128922 12.500000 
-4.661310 -41.302751 17.500000 
-7.763675 -38.507828 20.618750


-3.416017 -39.753121 20.625000 
-4.661310 -41.302751 17.500000 
-0.310547 -41.613298 18.131250 
-3.416017 -39.753121 20.625000


-3.416017 -39.753121 20.625000 
-0.310547 -41.613298 18.131250 
-0.931641 -37.886734 24.381250 
-3.416017 -39.753121 20.625000


-4.037111 -14.595709 18.118750 
-1.863282 -15.216803 19.368750 
-2.484376 -15.837897 18.118750 
-4.037111 -14.595709 18.118750


-1.863282 -15.216803 19.368750 
0.621094 -16.458991 19.993750 
-2.484376 -15.837897 18.118750 
-1.863282 -15.216803 19.368750


0.621094 -16.458991 19.993750 
0.000000 -18.011726 18.743750 
-2.484376 -15.837897 18.118750 
0.621094 -16.458991 19.993750


0.621094 -20.806649 18.743750 
1.552735 -25.775401 18.743750 
0.931641 -22.980478 18.743750 
0.621094 -20.806649 18.743750


1.552735 -25.775401 18.743750 
3.726564 -29.501965 19.368750 
0.931641 -27.638683 18.118750 
1.552735 -25.775401 18.743750


0.621094 -20.806649 18.743750 
2.173829 -21.738290 19.993750 
1.552735 -25.775401 18.743750 
0.621094 -20.806649 18.743750


3.726564 -27.328136 19.993750 
3.726564 -29.501965 19.368750 
1.552735 -25.775401 18.743750 
3.726564 -27.328136 19.993750


5.900393 -32.917982 19.368750 
4.658205 -32.917982 18.743750 
6.210940 -30.433606 19.993750 
5.900393 -32.917982 19.368750


5.900393 -32.917982 19.368750 
8.695316 -34.470717 19.993750 
6.832034 -34.781264 18.743750 
5.900393 -32.917982 19.368750


8.695316 -34.470717 19.993750 
12.732427 -37.886734 18.743750 
9.937504 -37.265640 18.743750 
8.695316 -34.470717 19.993750


11.490239 -35.402358 19.993750 
12.732427 -37.886734 18.743750 
8.695316 -34.470717 19.993750 
11.490239 -35.402358 19.993750


13.664068 -34.781264 20.618750 
14.598814 -37.886734 19.375000 
12.732427 -37.886734 18.743750 
13.664068 -34.781264 20.618750


12.732427 -37.886734 18.743750 
14.598814 -37.886734 19.375000 
14.285162 -40.060563 18.118750 
12.732427 -37.886734 18.743750


14.598814 -37.886734 19.375000 
14.909361 -39.128922 20.625000 
14.285162 -40.060563 18.118750 
14.598814 -37.886734 19.375000


-25.467959 -21.427743 21.250000 
-26.707042 -19.564461 19.993750 
-23.912119 -20.806649 18.743750 
-25.467959 -21.427743 21.250000


-25.154307 -4.347658 20.618750 
-25.464854 -6.521487 19.368750 
-27.017589 -6.210940 20.618750 
-25.154307 -4.347658 20.618750


-22.980478 -23.291025 20.618750 
-18.011726 -24.843760 19.368750 
-19.253914 -26.707042 19.993750 
-22.980478 -23.291025 20.618750


-15.837897 -25.775401 18.743750 
-19.564461 -27.949230 22.493750 
-19.253914 -26.707042 19.993750 
-15.837897 -25.775401 18.743750


-14.906256 -29.191418 20.618750 
-16.769538 -27.328136 20.618750 
-15.837897 -25.775401 18.743750 
-14.906256 -29.191418 20.618750


-14.906256 -29.191418 20.618750 
-15.837897 -25.775401 18.743750 
-13.974615 -27.638683 18.743750 
-14.906256 -29.191418 20.618750


-14.285162 -1.242188 21.243750 
-13.974615 -2.794923 18.743750 
-17.390632 -4.658205 20.618750 
-14.285162 -1.242188 21.243750


-14.906256 -29.191418 20.618750 
-13.974615 -27.638683 18.743750 
-11.179692 -31.054700 19.368750 
-14.906256 -29.191418 20.618750


-14.906256 -29.191418 20.618750 
-11.179692 -31.054700 19.368750 
-10.558598 -32.607435 19.993750 
-14.906256 -29.191418 20.618750


-8.695316 -36.644546 19.993750 
-10.558598 -32.607435 19.993750 
-8.074222 -35.091811 18.118750 
-8.695316 -36.644546 19.993750


-10.558598 -4.037111 18.743750 
-8.384769 -1.863282 22.493750 
-8.074222 -3.105470 19.993750 
-10.558598 -4.037111 18.743750


-8.387874 -39.128922 22.500000 
-7.763675 -38.507828 20.618750 
-4.661310 -41.302751 17.500000 
-8.387874 -39.128922 22.500000


-8.074222 -3.105470 19.993750 
-4.347658 -3.416017 20.618750 
-6.210940 -5.279299 18.118750 
-8.074222 -3.105470 19.993750


-3.105470 -12.111333 23.743750 
-1.863282 -15.216803 19.368750 
-4.037111 -14.595709 18.118750 
-3.105470 -12.111333 23.743750


1.552735 -41.302751 19.381250 
-0.931641 -37.886734 24.381250 
-0.310547 -41.613298 18.131250 
1.552735 -41.302751 19.381250


0.621094 -16.458991 19.993750 
1.552735 -18.632820 19.993750 
0.000000 -18.011726 18.743750 
0.621094 -16.458991 19.993750


1.552735 -18.632820 19.993750 
2.173829 -21.738290 19.993750 
0.621094 -20.806649 18.743750 
1.552735 -18.632820 19.993750


3.726564 -41.302751 21.256250 
1.552735 -41.302751 19.381250 
3.416017 -42.234392 19.381250 
3.726564 -41.302751 21.256250


1.552735 -25.775401 18.743750 
2.173829 -21.738290 19.993750 
3.726564 -27.328136 19.993750 
1.552735 -25.775401 18.743750


3.726564 -27.328136 19.993750 
6.210940 -30.433606 19.993750 
3.726564 -29.501965 19.368750 
3.726564 -27.328136 19.993750


4.658205 -24.843760 20.618750 
3.726564 -27.328136 19.993750 
2.173829 -21.738290 19.993750 
4.658205 -24.843760 20.618750


3.726564 -27.328136 19.993750 
6.521487 -28.259777 20.618750 
6.210940 -30.433606 19.993750 
3.726564 -27.328136 19.993750


5.279299 -26.707042 19.993750 
6.521487 -28.259777 20.618750 
3.726564 -27.328136 19.993750 
5.279299 -26.707042 19.993750


7.453128 -32.607435 19.993750 
5.900393 -32.917982 19.368750 
6.210940 -30.433606 19.993750 
7.453128 -32.607435 19.993750


6.521487 -28.259777 20.618750 
8.384769 -28.570324 20.618750 
6.210940 -30.433606 19.993750 
6.521487 -28.259777 20.618750


7.453128 -32.607435 19.993750 
8.695316 -34.470717 19.993750 
5.900393 -32.917982 19.368750 
7.453128 -32.607435 19.993750


8.384769 -28.570324 20.618750 
8.695316 -31.675794 20.618750 
7.453128 -32.607435 19.993750 
8.384769 -28.570324 20.618750


10.248051 -33.539076 19.993750 
8.695316 -34.470717 19.993750 
7.453128 -32.607435 19.993750 
10.248051 -33.539076 19.993750


8.695316 -31.675794 20.618750 
10.248051 -33.539076 19.993750 
7.453128 -32.607435 19.993750 
8.695316 -31.675794 20.618750


8.695316 -31.675794 20.618750 
10.869145 -31.986341 20.618750 
10.248051 -33.539076 19.993750 
8.695316 -31.675794 20.618750


12.732427 -42.234392 17.506250 
10.869145 -40.374215 21.875000 
9.316410 -41.923845 20.631250 
12.732427 -42.234392 17.506250


10.248051 -33.539076 19.993750 
13.042974 -33.539076 21.243750 
11.490239 -35.402358 19.993750 
10.248051 -33.539076 19.993750


12.732427 -42.234392 17.506250 
9.316410 -41.923845 20.631250 
10.558598 -43.476580 17.506250 
12.732427 -42.234392 17.506250


13.664068 -34.781264 20.618750 
12.732427 -37.886734 18.743750 
11.490239 -35.402358 19.993750 
13.664068 -34.781264 20.618750


13.042974 -33.539076 21.243750 
13.664068 -34.781264 20.618750 
11.490239 -35.402358 19.993750 
13.042974 -33.539076 21.243750


14.909361 -39.128922 20.625000 
13.042974 -38.818375 23.131250 
12.732427 -42.234392 17.506250 
14.909361 -39.128922 20.625000


14.909361 -35.712905 21.250000 
14.598814 -37.886734 19.375000 
13.664068 -34.781264 20.618750 
14.909361 -35.712905 21.250000


14.909361 -35.712905 21.250000 
14.909361 -39.128922 20.625000 
14.598814 -37.886734 19.375000 
14.909361 -35.712905 21.250000


-27.017589 -6.210940 20.618750 
-27.638683 -10.248051 19.368750 
-26.707042 -8.695316 23.131250 
-27.017589 -6.210940 20.618750


-26.089053 -18.322273 22.500000 
-27.638683 -16.148444 18.743750 
-26.707042 -19.564461 19.993750 
-26.089053 -18.322273 22.500000


-26.710147 -4.347658 21.250000 
-25.154307 -4.347658 20.618750 
-27.017589 -6.210940 20.618750 
-26.710147 -4.347658 21.250000


-22.980478 -23.291025 20.618750 
-23.912119 -20.806649 18.743750 
-22.048837 -21.117196 18.743750 
-22.980478 -23.291025 20.618750


-25.154307 -4.347658 20.618750 
-18.632820 -5.279299 20.618750 
-22.669931 -5.900393 19.368750 
-25.154307 -4.347658 20.618750


-23.294130 -25.464854 22.500000 
-22.980478 -23.291025 20.618750 
-19.253914 -26.707042 19.993750 
-23.294130 -25.464854 22.500000


-20.185555 -4.347658 21.868750 
-25.154307 -4.347658 20.618750 
-22.980478 -3.416017 20.618750 
-20.185555 -4.347658 21.868750


-20.185555 -4.347658 21.868750 
-18.632820 -5.279299 20.618750 
-25.154307 -4.347658 20.618750 
-20.185555 -4.347658 21.868750


-16.769538 -27.328136 20.618750 
-19.564461 -27.949230 22.493750 
-15.837897 -25.775401 18.743750 
-16.769538 -27.328136 20.618750


-17.080085 -29.501965 21.868750 
-16.769538 -27.328136 20.618750 
-14.906256 -29.191418 20.618750 
-17.080085 -29.501965 21.868750


-14.285162 -1.242188 21.243750 
-17.390632 -4.658205 20.618750 
-18.322273 -3.723459 22.500000 
-14.285162 -1.242188 21.243750


-13.974615 -2.794923 18.743750 
-14.285162 -1.242188 21.243750 
-12.111333 -3.726564 18.743750 
-13.974615 -2.794923 18.743750


-13.042974 -32.296888 21.868750 
-14.906256 -29.191418 20.618750 
-10.558598 -32.607435 19.993750 
-13.042974 -32.296888 21.868750


-12.111333 -3.726564 18.743750 
-11.179692 -2.173829 21.868750 
-10.558598 -4.037111 18.743750 
-12.111333 -3.726564 18.743750


-7.763675 -38.507828 20.618750 
-8.695316 -36.644546 19.993750 
-6.214045 -37.265640 16.250000 
-7.763675 -38.507828 20.618750


-8.387874 -39.128922 22.500000 
-4.661310 -41.302751 17.500000 
-3.416017 -39.753121 20.625000 
-8.387874 -39.128922 22.500000


-5.586741 -8.074222 21.250000 
-4.034006 -8.074222 25.625000 
-7.760570 -8.695316 16.250000 
-5.586741 -8.074222 21.250000


-3.105470 -12.111333 23.743750 
-5.589846 -11.490239 19.993750 
-7.760570 -8.695316 16.250000 
-3.105470 -12.111333 23.743750


-3.105470 -12.111333 23.743750 
-4.037111 -14.595709 18.118750 
-5.589846 -11.490239 19.993750 
-3.105470 -12.111333 23.743750


0.621094 -16.458991 19.993750 
3.416017 -17.701179 21.868750 
1.552735 -18.632820 19.993750 
0.621094 -16.458991 19.993750


3.416017 -17.701179 21.868750 
2.173829 -21.738290 19.993750 
1.552735 -18.632820 19.993750 
3.416017 -17.701179 21.868750


3.416017 -17.701179 21.868750 
4.347658 -21.427743 21.243750 
2.173829 -21.738290 19.993750 
3.416017 -17.701179 21.868750


4.347658 -19.253914 21.868750 
4.347658 -21.427743 21.243750 
3.416017 -17.701179 21.868750 
4.347658 -19.253914 21.868750


2.173829 -21.738290 19.993750 
4.347658 -21.427743 21.243750 
4.658205 -24.843760 20.618750 
2.173829 -21.738290 19.993750


4.658205 -24.843760 20.618750 
5.279299 -26.707042 19.993750 
3.726564 -27.328136 19.993750 
4.658205 -24.843760 20.618750


6.832034 -24.533213 21.243750 
5.279299 -26.707042 19.993750 
4.658205 -24.843760 20.618750 
6.832034 -24.533213 21.243750


8.384769 -28.570324 20.618750 
7.453128 -32.607435 19.993750 
6.210940 -30.433606 19.993750 
8.384769 -28.570324 20.618750


8.384769 -43.787127 16.881250 
3.726564 -41.302751 21.256250 
3.416017 -42.234392 19.381250 
8.384769 -43.787127 16.881250


5.279299 -26.707042 19.993750 
8.384769 -28.570324 20.618750 
6.521487 -28.259777 20.618750 
5.279299 -26.707042 19.993750


8.384769 -28.570324 20.618750 
10.869145 -31.986341 20.618750 
8.695316 -31.675794 20.618750 
8.384769 -28.570324 20.618750


10.248051 -33.539076 19.993750 
11.490239 -35.402358 19.993750 
8.695316 -34.470717 19.993750 
10.248051 -33.539076 19.993750


13.042974 -33.539076 21.243750 
10.248051 -33.539076 19.993750 
10.869145 -31.986341 20.618750 
13.042974 -33.539076 21.243750


-26.707042 -8.695316 23.131250 
-27.638683 -10.248051 19.368750 
-27.638683 -16.148444 18.743750 
-26.707042 -8.695316 23.131250


-22.980478 -23.291025 20.618750 
-24.222666 -23.601572 21.868750 
-25.467959 -21.427743 21.250000 
-22.980478 -23.291025 20.618750


-22.980478 -23.291025 20.618750 
-25.467959 -21.427743 21.250000 
-23.912119 -20.806649 18.743750 
-22.980478 -23.291025 20.618750


-25.778506 -2.794923 22.500000 
-22.980478 -3.416017 20.618750 
-25.154307 -4.347658 20.618750 
-25.778506 -2.794923 22.500000


-23.294130 -25.464854 22.500000 
-19.253914 -26.707042 19.993750 
-20.185555 -27.017589 21.243750 
-23.294130 -25.464854 22.500000


-16.769538 -27.328136 20.618750 
-17.080085 -29.501965 21.868750 
-19.564461 -27.949230 22.493750 
-16.769538 -27.328136 20.618750


-17.080085 -29.501965 21.868750 
-14.906256 -29.191418 20.618750 
-14.595709 -31.365247 21.868750 
-17.080085 -29.501965 21.868750


-13.042974 -32.296888 21.868750 
-14.595709 -31.365247 21.868750 
-14.906256 -29.191418 20.618750 
-13.042974 -32.296888 21.868750


-14.285162 -1.242188 21.243750 
-11.179692 -2.173829 21.868750 
-12.111333 -3.726564 18.743750 
-14.285162 -1.242188 21.243750


-11.182797 -34.781264 21.875000 
-10.558598 -32.607435 19.993750 
-8.695316 -36.644546 19.993750 
-11.182797 -34.781264 21.875000


-11.182797 -34.781264 21.875000 
-8.695316 -36.644546 19.993750 
-9.937504 -36.955093 22.493750 
-11.182797 -34.781264 21.875000


-9.937504 -36.955093 22.493750 
-8.695316 -36.644546 19.993750 
-7.763675 -38.507828 20.618750 
-9.937504 -36.955093 22.493750


-8.384769 -1.863282 22.493750 
-4.347658 -3.416017 20.618750 
-8.074222 -3.105470 19.993750 
-8.384769 -1.863282 22.493750


-1.863282 -15.216803 19.368750 
0.621094 -14.906256 21.868750 
0.621094 -16.458991 19.993750 
-1.863282 -15.216803 19.368750


4.347658 -21.427743 21.243750 
6.832034 -24.533213 21.243750 
4.658205 -24.843760 20.618750 
4.347658 -21.427743 21.243750


9.316410 -41.923845 20.631250 
3.726564 -41.302751 21.256250 
8.384769 -43.787127 16.881250 
9.316410 -41.923845 20.631250


6.832034 -24.533213 21.243750 
8.384769 -28.570324 20.618750 
5.279299 -26.707042 19.993750 
6.832034 -24.533213 21.243750


8.074222 -25.775401 21.868750 
8.384769 -28.570324 20.618750 
6.832034 -24.533213 21.243750 
8.074222 -25.775401 21.868750


10.869145 -29.191418 22.493750 
10.869145 -31.986341 20.618750 
8.384769 -28.570324 20.618750 
10.869145 -29.191418 22.493750


-26.707042 -12.732427 22.506250 
-26.707042 -8.695316 23.131250 
-27.638683 -16.148444 18.743750 
-26.707042 -12.732427 22.506250


-22.980478 -20.185555 27.506250 
-26.707042 -19.564461 19.993750 
-25.467959 -21.427743 21.250000 
-22.980478 -20.185555 27.506250


-26.710147 -4.347658 21.250000 
-25.778506 -2.794923 22.500000 
-25.154307 -4.347658 20.618750 
-26.710147 -4.347658 21.250000


-22.980478 -22.669931 25.631250 
-25.467959 -21.427743 21.250000 
-24.222666 -23.601572 21.868750 
-22.980478 -22.669931 25.631250


-25.778506 -2.794923 22.500000 
-22.980478 -1.863282 21.868750 
-22.980478 -3.416017 20.618750 
-25.778506 -2.794923 22.500000


-24.222666 -23.601572 21.868750 
-22.980478 -23.291025 20.618750 
-23.294130 -25.464854 22.500000 
-24.222666 -23.601572 21.868750


-22.980478 -1.863282 21.868750 
-20.185555 -4.347658 21.868750 
-22.980478 -3.416017 20.618750 
-22.980478 -1.863282 21.868750


-18.322273 -3.723459 22.500000 
-20.185555 -4.347658 21.868750 
-22.980478 -1.863282 21.868750 
-18.322273 -3.723459 22.500000


-19.564461 -27.949230 22.493750 
-20.185555 -27.017589 21.243750 
-19.253914 -26.707042 19.993750 
-19.564461 -27.949230 22.493750


-20.185555 -4.347658 21.868750 
-18.322273 -3.723459 22.500000 
-18.632820 -5.279299 20.618750 
-20.185555 -4.347658 21.868750


-18.322273 -3.723459 22.500000 
-17.390632 -4.658205 20.618750 
-18.632820 -5.279299 20.618750 
-18.322273 -3.723459 22.500000


-17.701179 -2.481271 23.125000 
-14.285162 -1.242188 21.243750 
-18.322273 -3.723459 22.500000 
-17.701179 -2.481271 23.125000


-13.042974 -32.296888 21.868750 
-14.595709 -32.917982 23.743750 
-14.595709 -31.365247 21.868750 
-13.042974 -32.296888 21.868750


-13.042974 -32.296888 21.868750 
-10.558598 -32.607435 19.993750 
-11.182797 -34.781264 21.875000 
-13.042974 -32.296888 21.868750


-8.387874 -39.128922 22.500000 
-9.937504 -36.955093 22.493750 
-7.763675 -38.507828 20.618750 
-8.387874 -39.128922 22.500000


-4.347658 -1.242188 23.118750 
-4.347658 -3.416017 20.618750 
-8.384769 -1.863282 22.493750 
-4.347658 -1.242188 23.118750


-4.347658 -3.416017 20.618750 
-4.344553 -5.589846 23.125000 
-6.210940 -5.279299 18.118750 
-4.347658 -3.416017 20.618750


0.621094 -14.906256 21.868750 
3.105470 -16.148444 23.118750 
0.621094 -16.458991 19.993750 
0.621094 -14.906256 21.868750


3.105470 -16.148444 23.118750 
3.416017 -17.701179 21.868750 
0.621094 -16.458991 19.993750 
3.105470 -16.148444 23.118750


4.347658 -19.253914 21.868750 
5.589846 -19.253914 23.118750 
4.347658 -21.427743 21.243750 
4.347658 -19.253914 21.868750


6.832034 -24.533213 21.243750 
7.763675 -24.222666 21.868750 
8.074222 -25.775401 21.868750 
6.832034 -24.533213 21.243750


8.074222 -25.775401 21.868750 
10.869145 -29.191418 22.493750 
8.384769 -28.570324 20.618750 
8.074222 -25.775401 21.868750


10.869145 -29.191418 22.493750 
12.111333 -31.365247 21.868750 
10.869145 -31.986341 20.618750 
10.869145 -29.191418 22.493750


13.042974 -38.818375 23.131250 
10.869145 -40.374215 21.875000 
12.732427 -42.234392 17.506250 
13.042974 -38.818375 23.131250


12.111333 -31.365247 21.868750 
13.042974 -33.539076 21.243750 
10.869145 -31.986341 20.618750 
12.111333 -31.365247 21.868750


13.042974 -33.539076 21.243750 
14.909361 -35.712905 21.250000 
13.664068 -34.781264 20.618750 
13.042974 -33.539076 21.243750


-26.710147 -4.347658 21.250000 
-27.017589 -6.210940 20.618750 
-26.707042 -8.695316 23.131250 
-26.710147 -4.347658 21.250000


-24.536318 -3.105470 26.250000 
-25.778506 -2.794923 22.500000 
-26.710147 -4.347658 21.250000 
-24.536318 -3.105470 26.250000


-23.291025 -1.242188 23.118750 
-22.980478 -1.863282 21.868750 
-25.778506 -2.794923 22.500000 
-23.291025 -1.242188 23.118750


-21.117196 -27.949230 23.118750 
-23.294130 -25.464854 22.500000 
-20.185555 -27.017589 21.243750 
-21.117196 -27.949230 23.118750


-21.117196 -27.949230 23.118750 
-20.185555 -27.017589 21.243750 
-19.564461 -27.949230 22.493750 
-21.117196 -27.949230 23.118750


-16.772643 -32.607435 25.000000 
-17.080085 -29.501965 21.868750 
-14.595709 -31.365247 21.868750 
-16.772643 -32.607435 25.000000


-17.701179 -2.481271 23.125000 
-17.080085 -1.242188 24.368750 
-14.285162 -1.242188 21.243750 
-17.701179 -2.481271 23.125000


-17.080085 -1.242188 24.368750 
-12.732427 -0.931641 22.493750 
-14.285162 -1.242188 21.243750 
-17.080085 -1.242188 24.368750


-14.595709 -32.917982 23.743750 
-13.042974 -32.296888 21.868750 
-11.182797 -34.781264 21.875000 
-14.595709 -32.917982 23.743750


-11.182797 -34.781264 21.875000 
-12.732427 -35.712905 25.006250 
-14.595709 -32.917982 23.743750 
-11.182797 -34.781264 21.875000


-11.179692 -2.173829 21.868750 
-14.285162 -1.242188 21.243750 
-12.732427 -0.931641 22.493750 
-11.179692 -2.173829 21.868750


-10.558598 -4.037111 18.743750 
-11.179692 -2.173829 21.868750 
-8.384769 -1.863282 22.493750 
-10.558598 -4.037111 18.743750


-0.931641 -37.886734 24.381250 
-3.105470 -36.955093 26.881250 
-3.416017 -39.753121 20.625000 
-0.931641 -37.886734 24.381250


3.726564 -41.302751 21.256250 
-0.931641 -37.886734 24.381250 
1.552735 -41.302751 19.381250 
3.726564 -41.302751 21.256250


4.347658 -21.427743 21.243750 
7.142581 -21.117196 23.743750 
6.832034 -24.533213 21.243750 
4.347658 -21.427743 21.243750


5.589846 -19.253914 23.118750 
7.142581 -21.117196 23.743750 
4.347658 -21.427743 21.243750 
5.589846 -19.253914 23.118750


10.248051 -27.328136 23.118750 
8.074222 -25.775401 21.868750 
7.763675 -24.222666 21.868750 
10.248051 -27.328136 23.118750


10.248051 -27.328136 23.118750 
10.869145 -29.191418 22.493750 
8.074222 -25.775401 21.868750 
10.248051 -27.328136 23.118750


10.869145 -29.191418 22.493750 
12.735532 -29.501965 25.625000 
12.111333 -31.365247 21.868750 
10.869145 -29.191418 22.493750


14.598814 -33.539076 23.750000 
14.909361 -35.712905 21.250000 
13.042974 -33.539076 21.243750 
14.598814 -33.539076 23.750000


-26.707042 -12.732427 22.506250 
-27.638683 -16.148444 18.743750 
-26.089053 -18.322273 22.500000 
-26.707042 -12.732427 22.506250


-24.225771 -0.310547 24.375000 
-23.291025 -1.242188 23.118750 
-25.778506 -2.794923 22.500000 
-24.225771 -0.310547 24.375000


-23.291025 -1.242188 23.118750 
-21.427743 -2.173829 23.118750 
-22.980478 -1.863282 21.868750 
-23.291025 -1.242188 23.118750


-21.427743 -2.173829 23.118750 
-18.322273 -3.723459 22.500000 
-22.980478 -1.863282 21.868750 
-21.427743 -2.173829 23.118750


-18.011726 -30.433606 23.118750 
-20.188660 -28.880871 23.750000 
-19.564461 -27.949230 22.493750 
-18.011726 -30.433606 23.118750


-21.427743 -2.173829 23.118750 
-17.701179 -2.481271 23.125000 
-18.322273 -3.723459 22.500000 
-21.427743 -2.173829 23.118750


-18.011726 -30.433606 23.118750 
-19.564461 -27.949230 22.493750 
-17.080085 -29.501965 21.868750 
-18.011726 -30.433606 23.118750


-17.080085 -1.242188 24.368750 
-13.353521 0.310547 24.993750 
-12.732427 -0.931641 22.493750 
-17.080085 -1.242188 24.368750


-11.490239 -0.310547 24.368750 
-11.179692 -2.173829 21.868750 
-12.732427 -0.931641 22.493750 
-11.490239 -0.310547 24.368750


-10.251156 -37.886734 23.750000 
-11.182797 -34.781264 21.875000 
-9.937504 -36.955093 22.493750 
-10.251156 -37.886734 23.750000


-8.387874 -39.128922 22.500000 
-10.251156 -37.886734 23.750000 
-9.937504 -36.955093 22.493750 
-8.387874 -39.128922 22.500000


-11.179692 -2.173829 21.868750 
-11.490239 -0.310547 24.368750 
-8.384769 -1.863282 22.493750 
-11.179692 -2.173829 21.868750


-3.102365 -10.558598 26.250000 
-7.760570 -8.695316 16.250000 
-4.034006 -8.074222 25.625000 
-3.102365 -10.558598 26.250000


-4.347658 -1.242188 23.118750 
-4.344553 -1.552735 34.375000 
-4.347658 -3.416017 20.618750 
-4.347658 -1.242188 23.118750


2.484376 -37.886734 26.256250 
3.726564 -41.302751 21.256250 
3.726564 -39.439469 25.006250 
2.484376 -37.886734 26.256250


3.416017 -17.701179 21.868750 
5.589846 -19.253914 23.118750 
4.347658 -19.253914 21.868750 
3.416017 -17.701179 21.868750


9.316410 -41.923845 20.631250 
3.726564 -39.439469 25.006250 
3.726564 -41.302751 21.256250 
9.316410 -41.923845 20.631250


7.142581 -21.117196 23.743750 
7.763675 -24.222666 21.868750 
6.832034 -24.533213 21.243750 
7.142581 -21.117196 23.743750


8.695316 -22.048837 24.993750 
7.763675 -24.222666 21.868750 
7.142581 -21.117196 23.743750 
8.695316 -22.048837 24.993750


12.111333 -31.365247 21.868750 
14.598814 -33.539076 23.750000 
13.042974 -33.539076 21.243750 
12.111333 -31.365247 21.868750


14.909361 -37.576187 24.375000 
13.042974 -38.818375 23.131250 
14.909361 -39.128922 20.625000 
14.909361 -37.576187 24.375000


14.909361 -37.576187 24.375000 
14.909361 -39.128922 20.625000 
14.909361 -35.712905 21.250000 
14.909361 -37.576187 24.375000


-22.980478 -20.185555 27.506250 
-26.089053 -18.322273 22.500000 
-26.707042 -19.564461 19.993750 
-22.980478 -20.185555 27.506250


-23.294130 -25.464854 22.500000 
-22.980478 -22.669931 25.631250 
-24.222666 -23.601572 21.868750 
-23.294130 -25.464854 22.500000


-20.188660 -28.880871 23.750000 
-21.117196 -27.949230 23.118750 
-19.564461 -27.949230 22.493750 
-20.188660 -28.880871 23.750000


-18.011726 -30.433606 23.118750 
-17.080085 -29.501965 21.868750 
-16.772643 -32.607435 25.000000 
-18.011726 -30.433606 23.118750


-16.772643 -32.607435 25.000000 
-14.595709 -31.365247 21.868750 
-14.595709 -32.917982 23.743750 
-16.772643 -32.607435 25.000000


-17.390632 0.621094 25.618750 
-13.353521 0.310547 24.993750 
-17.080085 -1.242188 24.368750 
-17.390632 0.621094 25.618750


-14.288267 -34.470717 25.000000 
-14.595709 -32.917982 23.743750 
-12.732427 -35.712905 25.006250 
-14.288267 -34.470717 25.000000


-13.353521 0.310547 24.993750 
-11.490239 -0.310547 24.368750 
-12.732427 -0.931641 22.493750 
-13.353521 0.310547 24.993750


-12.732427 -35.712905 25.006250 
-11.182797 -34.781264 21.875000 
-10.251156 -37.886734 23.750000 
-12.732427 -35.712905 25.006250


-10.248051 0.621094 24.993750 
-7.453128 -0.621094 23.743750 
-11.490239 -0.310547 24.368750 
-10.248051 0.621094 24.993750


-11.490239 -0.310547 24.368750 
-7.453128 -0.621094 23.743750 
-8.384769 -1.863282 22.493750 
-11.490239 -0.310547 24.368750


-8.384769 -1.863282 22.493750 
-7.453128 -0.621094 23.743750 
-4.347658 -1.242188 23.118750 
-8.384769 -1.863282 22.493750


-3.105470 -36.955093 26.881250 
-8.387874 -39.128922 22.500000 
-3.416017 -39.753121 20.625000 
-3.105470 -36.955093 26.881250


-7.760570 -8.695316 16.250000 
-3.102365 -10.558598 26.250000 
-3.105470 -12.111333 23.743750 
-7.760570 -8.695316 16.250000


-7.453128 -0.621094 23.743750 
-4.658205 0.621094 24.993750 
-4.347658 -1.242188 23.118750 
-7.453128 -0.621094 23.743750


-3.105470 -12.111333 23.743750 
0.000000 -13.350416 24.375000 
-1.863282 -15.216803 19.368750 
-3.105470 -12.111333 23.743750


-1.863282 -15.216803 19.368750 
0.000000 -13.350416 24.375000 
0.621094 -14.906256 21.868750 
-1.863282 -15.216803 19.368750


2.484376 -37.886734 26.256250 
-0.931641 -37.886734 24.381250 
3.726564 -41.302751 21.256250 
2.484376 -37.886734 26.256250


3.105470 -16.148444 23.118750 
5.589846 -18.011726 24.368750 
3.416017 -17.701179 21.868750 
3.105470 -16.148444 23.118750


5.589846 -18.011726 24.368750 
5.589846 -19.253914 23.118750 
3.416017 -17.701179 21.868750 
5.589846 -18.011726 24.368750


10.251156 -23.912119 26.250000 
7.763675 -24.222666 21.868750 
8.695316 -22.048837 24.993750 
10.251156 -23.912119 26.250000


14.598814 -33.539076 23.750000 
14.909361 -37.576187 24.375000 
14.909361 -35.712905 21.250000 
14.598814 -33.539076 23.750000


-21.117196 -25.464854 26.256250 
-23.294130 -25.464854 22.500000 
-21.117196 -27.949230 23.118750 
-21.117196 -25.464854 26.256250


-24.225771 -0.310547 24.375000 
-20.185555 -0.310547 24.368750 
-23.291025 -1.242188 23.118750 
-24.225771 -0.310547 24.375000


-23.291025 -1.242188 23.118750 
-20.185555 -0.310547 24.368750 
-21.427743 -2.173829 23.118750 
-23.291025 -1.242188 23.118750


-20.185555 -0.310547 24.368750 
-17.080085 -1.242188 24.368750 
-21.427743 -2.173829 23.118750 
-20.185555 -0.310547 24.368750


-21.427743 -2.173829 23.118750 
-17.080085 -1.242188 24.368750 
-17.701179 -2.481271 23.125000 
-21.427743 -2.173829 23.118750


-16.772643 -32.607435 25.000000 
-14.595709 -32.917982 23.743750 
-14.288267 -34.470717 25.000000 
-16.772643 -32.607435 25.000000


-8.074222 -38.507828 23.756250 
-10.251156 -37.886734 23.750000 
-8.387874 -39.128922 22.500000 
-8.074222 -38.507828 23.756250


-8.074222 -38.507828 23.756250 
-8.387874 -39.128922 22.500000 
-3.105470 -36.955093 26.881250 
-8.074222 -38.507828 23.756250


-5.586741 -8.074222 21.250000 
-4.344553 -5.589846 23.125000 
-4.034006 -8.074222 25.625000 
-5.586741 -8.074222 21.250000


5.589846 -19.253914 23.118750 
8.074222 -19.875008 26.868750 
7.142581 -21.117196 23.743750 
5.589846 -19.253914 23.118750


8.074222 -19.875008 26.868750 
8.695316 -22.048837 24.993750 
7.142581 -21.117196 23.743750 
8.074222 -19.875008 26.868750


9.316410 -39.128922 26.256250 
9.316410 -41.923845 20.631250 
10.869145 -40.374215 21.875000 
9.316410 -39.128922 26.256250


9.316410 -39.128922 26.256250 
10.869145 -40.374215 21.875000 
13.042974 -38.818375 23.131250 
9.316410 -39.128922 26.256250


-25.157412 -5.279299 26.250000 
-26.710147 -4.347658 21.250000 
-26.707042 -8.695316 23.131250 
-25.157412 -5.279299 26.250000


-25.157412 -5.279299 26.250000 
-24.536318 -3.105470 26.250000 
-26.710147 -4.347658 21.250000 
-25.157412 -5.279299 26.250000


-22.980478 -22.669931 25.631250 
-22.980478 -20.185555 27.506250 
-25.467959 -21.427743 21.250000 
-22.980478 -22.669931 25.631250


-21.117196 2.173829 26.243750 
-20.185555 -0.310547 24.368750 
-24.225771 -0.310547 24.375000 
-21.117196 2.173829 26.243750


-20.185555 -0.310547 24.368750 
-18.322273 -0.931641 25.618750 
-17.080085 -1.242188 24.368750 
-20.185555 -0.310547 24.368750


-16.772643 -32.607435 25.000000 
-20.188660 -28.880871 23.750000 
-18.011726 -30.433606 23.118750 
-16.772643 -32.607435 25.000000


-18.011726 -29.501965 26.881250 
-20.188660 -28.880871 23.750000 
-16.772643 -32.607435 25.000000 
-18.011726 -29.501965 26.881250


-13.974615 2.173829 26.243750 
-13.353521 0.310547 24.993750 
-17.390632 0.621094 25.618750 
-13.974615 2.173829 26.243750


-8.074222 -38.507828 23.756250 
-10.248051 -36.023452 26.881250 
-10.251156 -37.886734 23.750000 
-8.074222 -38.507828 23.756250


-10.248051 0.621094 24.993750 
-7.142581 1.552735 26.243750 
-7.453128 -0.621094 23.743750 
-10.248051 0.621094 24.993750


-7.142581 1.552735 26.243750 
-4.658205 0.621094 24.993750 
-7.453128 -0.621094 23.743750 
-7.142581 1.552735 26.243750


-7.142581 -36.955093 26.256250 
-8.074222 -38.507828 23.756250 
-3.105470 -36.955093 26.881250 
-7.142581 -36.955093 26.256250


-4.655100 1.863282 26.250000 
-4.658205 0.621094 24.993750 
-7.142581 1.552735 26.243750 
-4.655100 1.863282 26.250000


-4.347658 -3.416017 20.618750 
-3.102365 -4.347658 26.250000 
-4.344553 -5.589846 23.125000 
-4.347658 -3.416017 20.618750


-3.102365 -10.558598 26.250000 
0.000000 -13.350416 24.375000 
-3.105470 -12.111333 23.743750 
-3.102365 -10.558598 26.250000


0.621094 -14.906256 21.868750 
2.794923 -13.660963 28.750000 
3.105470 -16.148444 23.118750 
0.621094 -14.906256 21.868750


7.763675 -24.222666 21.868750 
10.251156 -23.912119 26.250000 
10.248051 -27.328136 23.118750 
7.763675 -24.222666 21.868750


10.869145 -37.268745 28.125000 
9.316410 -39.128922 26.256250 
13.042974 -38.818375 23.131250 
10.869145 -37.268745 28.125000


10.248051 -27.328136 23.118750 
12.735532 -29.501965 25.625000 
10.869145 -29.191418 22.493750 
10.248051 -27.328136 23.118750


14.909361 -36.333999 26.875000 
13.042974 -38.818375 23.131250 
14.909361 -37.576187 24.375000 
14.909361 -36.333999 26.875000


14.909361 -36.333999 26.875000 
13.353521 -34.781264 30.631250 
13.042974 -38.818375 23.131250 
14.909361 -36.333999 26.875000


-24.536318 -3.105470 26.250000 
-24.225771 -0.310547 24.375000 
-25.778506 -2.794923 22.500000 
-24.536318 -3.105470 26.250000


-22.980478 -22.669931 25.631250 
-23.294130 -25.464854 22.500000 
-21.117196 -25.464854 26.256250 
-22.980478 -22.669931 25.631250


-23.604677 0.931641 25.625000 
-21.117196 2.173829 26.243750 
-24.225771 -0.310547 24.375000 
-23.604677 0.931641 25.625000


-21.117196 2.173829 26.243750 
-18.322273 -0.931641 25.618750 
-20.185555 -0.310547 24.368750 
-21.117196 2.173829 26.243750


-21.117196 -25.464854 26.256250 
-21.117196 -27.949230 23.118750 
-18.943367 -28.570324 26.256250 
-21.117196 -25.464854 26.256250


-18.943367 -28.570324 26.256250 
-21.117196 -27.949230 23.118750 
-20.188660 -28.880871 23.750000 
-18.943367 -28.570324 26.256250


-21.117196 2.173829 26.243750 
-17.390632 0.621094 25.618750 
-18.322273 -0.931641 25.618750 
-21.117196 2.173829 26.243750


-17.390632 0.621094 25.618750 
-17.080085 -1.242188 24.368750 
-18.322273 -0.931641 25.618750 
-17.390632 0.621094 25.618750


-17.390632 0.621094 25.618750 
-16.769538 2.173829 26.868750 
-13.974615 2.173829 26.243750 
-17.390632 0.621094 25.618750


-13.974615 2.173829 26.243750 
-10.248051 0.621094 24.993750 
-13.353521 0.310547 24.993750 
-13.974615 2.173829 26.243750


-13.353521 0.310547 24.993750 
-10.248051 0.621094 24.993750 
-11.490239 -0.310547 24.368750 
-13.353521 0.310547 24.993750


-10.558598 2.173829 26.868750 
-7.142581 1.552735 26.243750 
-10.248051 0.621094 24.993750 
-10.558598 2.173829 26.868750


4.968752 -38.818375 26.256250 
3.726564 -39.439469 25.006250 
9.316410 -41.923845 20.631250 
4.968752 -38.818375 26.256250


8.384769 -18.322273 28.743750 
5.589846 -19.253914 23.118750 
5.589846 -18.011726 24.368750 
8.384769 -18.322273 28.743750


12.111333 -31.365247 21.868750 
14.598814 -31.675794 27.500000 
14.598814 -33.539076 23.750000 
12.111333 -31.365247 21.868750


14.598814 -33.539076 23.750000 
14.909361 -36.333999 26.875000 
14.909361 -37.576187 24.375000 
14.598814 -33.539076 23.750000


-22.980478 -1.242188 30.006250 
-24.225771 -0.310547 24.375000 
-24.536318 -3.105470 26.250000 
-22.980478 -1.242188 30.006250


-11.490239 -35.402358 26.881250 
-14.288267 -34.470717 25.000000 
-12.732427 -35.712905 25.006250 
-11.490239 -35.402358 26.881250


-13.974615 2.173829 26.243750 
-10.558598 2.173829 26.868750 
-10.248051 0.621094 24.993750 
-13.974615 2.173829 26.243750


-11.490239 -35.402358 26.881250 
-12.732427 -35.712905 25.006250 
-10.251156 -37.886734 23.750000 
-11.490239 -35.402358 26.881250


-11.490239 -35.402358 26.881250 
-10.251156 -37.886734 23.750000 
-10.248051 -36.023452 26.881250 
-11.490239 -35.402358 26.881250


-7.142581 -36.955093 26.256250 
-10.248051 -36.023452 26.881250 
-8.074222 -38.507828 23.756250 
-7.142581 -36.955093 26.256250


-5.897288 3.726564 28.125000 
-7.142581 1.552735 26.243750 
-10.558598 2.173829 26.868750 
-5.897288 3.726564 28.125000


-4.655100 1.863282 26.250000 
-4.344553 -1.552735 34.375000 
-4.658205 0.621094 24.993750 
-4.655100 1.863282 26.250000


-3.105470 -36.955093 26.881250 
-0.931641 -37.886734 24.381250 
2.484376 -37.886734 26.256250 
-3.105470 -36.955093 26.881250


2.794923 -13.660963 28.750000 
0.621094 -14.906256 21.868750 
0.000000 -13.350416 24.375000 
2.794923 -13.660963 28.750000


7.142581 -17.390632 27.493750 
5.589846 -18.011726 24.368750 
3.105470 -16.148444 23.118750 
7.142581 -17.390632 27.493750


8.384769 -18.322273 28.743750 
8.074222 -19.875008 26.868750 
5.589846 -19.253914 23.118750 
8.384769 -18.322273 28.743750


4.968752 -38.818375 26.256250 
9.316410 -41.923845 20.631250 
9.316410 -39.128922 26.256250 
4.968752 -38.818375 26.256250


9.316410 -39.128922 26.256250 
6.832034 -38.197281 27.506250 
4.968752 -38.818375 26.256250 
9.316410 -39.128922 26.256250


10.869145 -21.738290 29.993750 
10.251156 -23.912119 26.250000 
8.695316 -22.048837 24.993750 
10.869145 -21.738290 29.993750


10.251156 -23.912119 26.250000 
11.803891 -26.707042 26.875000 
10.248051 -27.328136 23.118750 
10.251156 -23.912119 26.250000


10.248051 -27.328136 23.118750 
11.803891 -26.707042 26.875000 
12.735532 -29.501965 25.625000 
10.248051 -27.328136 23.118750


-25.157412 -5.279299 26.250000 
-26.707042 -8.695316 23.131250 
-26.707042 -12.732427 22.506250 
-25.157412 -5.279299 26.250000


-23.912119 -13.664068 29.381250 
-26.707042 -12.732427 22.506250 
-26.089053 -18.322273 22.500000 
-23.912119 -13.664068 29.381250


-23.291025 -4.658205 30.631250 
-24.536318 -3.105470 26.250000 
-25.157412 -5.279299 26.250000 
-23.291025 -4.658205 30.631250


-22.980478 -1.242188 30.006250 
-23.604677 0.931641 25.625000 
-24.225771 -0.310547 24.375000 
-22.980478 -1.242188 30.006250


-23.604677 0.931641 25.625000 
-22.359384 2.484376 27.493750 
-21.117196 2.173829 26.243750 
-23.604677 0.931641 25.625000


-18.943367 -28.570324 26.256250 
-18.632820 -26.707042 29.381250 
-21.117196 -25.464854 26.256250 
-18.943367 -28.570324 26.256250


-21.117196 2.173829 26.243750 
-19.875008 3.105470 27.493750 
-17.390632 0.621094 25.618750 
-21.117196 2.173829 26.243750


-19.875008 3.105470 27.493750 
-16.769538 2.173829 26.868750 
-17.390632 0.621094 25.618750 
-19.875008 3.105470 27.493750


-19.875008 3.105470 27.493750 
-14.595709 3.416017 27.493750 
-16.769538 2.173829 26.868750 
-19.875008 3.105470 27.493750


-9.937504 3.105470 27.493750 
-10.558598 2.173829 26.868750 
-13.974615 2.173829 26.243750 
-9.937504 3.105470 27.493750


-9.937504 3.105470 27.493750 
-5.897288 3.726564 28.125000 
-10.558598 2.173829 26.868750 
-9.937504 3.105470 27.493750


-4.658205 -36.023452 28.131250 
-10.248051 -36.023452 26.881250 
-7.142581 -36.955093 26.256250 
-4.658205 -36.023452 28.131250


-5.897288 3.726564 28.125000 
-4.655100 1.863282 26.250000 
-7.142581 1.552735 26.243750 
-5.897288 3.726564 28.125000


-3.102365 -10.558598 26.250000 
-2.791818 -11.179692 29.375000 
0.000000 -13.350416 24.375000 
-3.102365 -10.558598 26.250000


2.484376 -37.886734 26.256250 
0.621094 -36.958198 27.500000 
-3.105470 -36.955093 26.881250 
2.484376 -37.886734 26.256250


2.484376 -37.886734 26.256250 
3.726564 -39.439469 25.006250 
4.968752 -38.818375 26.256250 
2.484376 -37.886734 26.256250


4.968752 -38.818375 26.256250 
6.832034 -38.197281 27.506250 
2.484376 -37.886734 26.256250 
4.968752 -38.818375 26.256250


5.589846 -18.011726 24.368750 
7.142581 -17.390632 27.493750 
8.384769 -18.322273 28.743750 
5.589846 -18.011726 24.368750


9.316410 -39.128922 26.256250 
10.869145 -37.268745 28.125000 
6.832034 -38.197281 27.506250 
9.316410 -39.128922 26.256250


13.353521 -34.781264 30.631250 
10.869145 -37.268745 28.125000 
13.042974 -38.818375 23.131250 
13.353521 -34.781264 30.631250


14.598814 -33.539076 23.750000 
14.598814 -31.675794 27.500000 
14.909361 -36.333999 26.875000 
14.598814 -33.539076 23.750000


-24.533213 -11.179692 28.756250 
-25.157412 -5.279299 26.250000 
-26.707042 -12.732427 22.506250 
-24.533213 -11.179692 28.756250


-23.912119 -13.664068 29.381250 
-26.089053 -18.322273 22.500000 
-21.738290 -17.390632 31.881250 
-23.912119 -13.664068 29.381250


-20.185555 -20.806649 32.506250 
-22.980478 -20.185555 27.506250 
-22.980478 -22.669931 25.631250 
-20.185555 -20.806649 32.506250


-18.943367 -23.912119 32.506250 
-22.980478 -22.669931 25.631250 
-21.117196 -25.464854 26.256250 
-18.943367 -23.912119 32.506250


-19.875008 3.105470 27.493750 
-22.359384 2.484376 27.493750 
-21.427743 3.729669 28.125000 
-19.875008 3.105470 27.493750


-22.359384 2.484376 27.493750 
-19.875008 3.105470 27.493750 
-21.117196 2.173829 26.243750 
-22.359384 2.484376 27.493750


-18.011726 -29.501965 26.881250 
-18.943367 -28.570324 26.256250 
-20.188660 -28.880871 23.750000 
-18.011726 -29.501965 26.881250


-14.595709 3.416017 27.493750 
-13.974615 2.173829 26.243750 
-16.769538 2.173829 26.868750 
-14.595709 3.416017 27.493750


-18.011726 -29.501965 26.881250 
-16.772643 -32.607435 25.000000 
-14.288267 -34.470717 25.000000 
-18.011726 -29.501965 26.881250


-13.974615 2.173829 26.243750 
-11.800786 4.347658 28.743750 
-9.937504 3.105470 27.493750 
-13.974615 2.173829 26.243750


-4.658205 0.621094 24.993750 
-4.344553 -1.552735 34.375000 
-4.347658 -1.242188 23.118750 
-4.658205 0.621094 24.993750


-3.105470 -36.955093 26.881250 
-4.658205 -36.023452 28.131250 
-7.142581 -36.955093 26.256250 
-3.105470 -36.955093 26.881250


0.621094 -36.958198 27.500000 
2.484376 -37.886734 26.256250 
0.931641 -35.091811 30.631250 
0.621094 -36.958198 27.500000


2.794923 -13.660963 28.750000 
4.658205 -14.282057 31.250000 
3.105470 -16.148444 23.118750 
2.794923 -13.660963 28.750000


13.353521 -34.781264 30.631250 
10.869145 -35.712905 30.631250 
10.869145 -37.268745 28.125000 
13.353521 -34.781264 30.631250


13.046079 -26.396495 31.875000 
11.803891 -26.707042 26.875000 
10.251156 -23.912119 26.250000 
13.046079 -26.396495 31.875000


13.977720 -29.812512 28.750000 
14.598814 -31.675794 27.500000 
12.111333 -31.365247 21.868750 
13.977720 -29.812512 28.750000


12.735532 -29.501965 25.625000 
13.977720 -29.812512 28.750000 
12.111333 -31.365247 21.868750 
12.735532 -29.501965 25.625000


-24.533213 -11.179692 28.756250 
-26.707042 -12.732427 22.506250 
-23.912119 -13.664068 29.381250 
-24.533213 -11.179692 28.756250


-22.980478 -1.242188 30.006250 
-24.536318 -3.105470 26.250000 
-23.291025 -4.658205 30.631250 
-22.980478 -1.242188 30.006250


-22.359384 2.484376 27.493750 
-23.604677 0.931641 25.625000 
-21.117196 1.242188 31.256250 
-22.359384 2.484376 27.493750


-18.011726 5.279299 29.368750 
-14.595709 4.658205 28.118750 
-19.875008 3.105470 27.493750 
-18.011726 5.279299 29.368750


-19.875008 3.105470 27.493750 
-14.595709 4.658205 28.118750 
-14.595709 3.416017 27.493750 
-19.875008 3.105470 27.493750


-14.595709 4.658205 28.118750 
-11.800786 4.347658 28.743750 
-14.595709 3.416017 27.493750 
-14.595709 4.658205 28.118750


-14.595709 3.416017 27.493750 
-11.800786 4.347658 28.743750 
-13.974615 2.173829 26.243750 
-14.595709 3.416017 27.493750


-10.248051 -36.023452 26.881250 
-11.800786 -31.986341 33.131250 
-11.490239 -35.402358 26.881250 
-10.248051 -36.023452 26.881250


-6.832034 4.661310 28.750000 
-5.897288 3.726564 28.125000 
-9.937504 3.105470 27.493750 
-6.832034 4.661310 28.750000


-3.412912 -6.210940 33.125000 
-4.344553 -5.589846 23.125000 
-3.102365 -4.347658 26.250000 
-3.412912 -6.210940 33.125000


0.621094 -36.958198 27.500000 
-4.658205 -36.023452 28.131250 
-3.105470 -36.955093 26.881250 
0.621094 -36.958198 27.500000


-2.791818 -11.179692 29.375000 
-0.310547 -13.350416 29.375000 
0.000000 -13.350416 24.375000 
-2.791818 -11.179692 29.375000


-0.310547 -13.350416 29.375000 
2.794923 -13.660963 28.750000 
0.000000 -13.350416 24.375000 
-0.310547 -13.350416 29.375000


8.695316 -22.048837 24.993750 
10.561703 -20.185555 31.250000 
10.869145 -21.738290 29.993750 
8.695316 -22.048837 24.993750


8.074222 -19.875008 26.868750 
10.561703 -20.185555 31.250000 
8.695316 -22.048837 24.993750 
8.074222 -19.875008 26.868750


11.803891 -26.707042 26.875000 
13.977720 -29.812512 28.750000 
12.735532 -29.501965 25.625000 
11.803891 -26.707042 26.875000


-23.291025 -8.695316 31.256250 
-25.157412 -5.279299 26.250000 
-24.533213 -11.179692 28.756250 
-23.291025 -8.695316 31.256250


-21.117196 1.242188 31.256250 
-23.604677 0.931641 25.625000 
-22.980478 -1.242188 30.006250 
-21.117196 1.242188 31.256250


-18.943367 -23.912119 32.506250 
-21.117196 -25.464854 26.256250 
-18.632820 -26.707042 29.381250 
-18.943367 -23.912119 32.506250


-17.080085 -28.570324 30.631250 
-18.943367 -28.570324 26.256250 
-18.011726 -29.501965 26.881250 
-17.080085 -28.570324 30.631250


-17.390632 6.214045 30.625000 
-14.595709 4.658205 28.118750 
-18.011726 5.279299 29.368750 
-17.390632 6.214045 30.625000


-13.042974 -31.986341 31.881250 
-18.011726 -29.501965 26.881250 
-14.288267 -34.470717 25.000000 
-13.042974 -31.986341 31.881250


-13.042974 -31.986341 31.881250 
-14.288267 -34.470717 25.000000 
-11.490239 -35.402358 26.881250 
-13.042974 -31.986341 31.881250


-11.800786 4.347658 28.743750 
-8.384769 5.589846 29.993750 
-9.937504 3.105470 27.493750 
-11.800786 4.347658 28.743750


-8.384769 5.589846 29.993750 
-6.832034 4.661310 28.750000 
-9.937504 3.105470 27.493750 
-8.384769 5.589846 29.993750


-5.897288 3.726564 28.125000 
-6.210940 2.173829 33.756250 
-4.655100 1.863282 26.250000 
-5.897288 3.726564 28.125000


-4.034006 -8.074222 25.625000 
-3.723459 -7.763675 30.000000 
-3.102365 -10.558598 26.250000 
-4.034006 -8.074222 25.625000


-4.347658 -3.416017 20.618750 
-3.412912 -2.794923 30.625000 
-3.102365 -4.347658 26.250000 
-4.347658 -3.416017 20.618750


-4.344553 -1.552735 34.375000 
-3.412912 -2.794923 30.625000 
-4.347658 -3.416017 20.618750 
-4.344553 -1.552735 34.375000


10.869145 -37.268745 28.125000 
5.279299 -36.333999 29.381250 
6.832034 -38.197281 27.506250 
10.869145 -37.268745 28.125000


10.869145 -21.738290 29.993750 
12.114438 -23.912119 30.625000 
10.251156 -23.912119 26.250000 
10.869145 -21.738290 29.993750


14.598814 -31.675794 27.500000 
14.909361 -34.160170 30.000000 
14.909361 -36.333999 26.875000 
14.598814 -31.675794 27.500000


-23.291025 -8.695316 31.256250 
-23.291025 -4.658205 30.631250 
-25.157412 -5.279299 26.250000 
-23.291025 -8.695316 31.256250


-22.048837 -1.242188 31.256250 
-21.117196 1.242188 31.256250 
-22.980478 -1.242188 30.006250 
-22.048837 -1.242188 31.256250


-19.875008 -19.564461 33.756250 
-26.089053 -18.322273 22.500000 
-22.980478 -20.185555 27.506250 
-19.875008 -19.564461 33.756250


-21.427743 3.729669 28.125000 
-18.011726 5.279299 29.368750 
-19.875008 3.105470 27.493750 
-21.427743 3.729669 28.125000


-11.800786 -31.986341 33.131250 
-10.248051 -36.023452 26.881250 
-9.937504 -34.470717 30.006250 
-11.800786 -31.986341 33.131250


-6.521487 -34.781264 29.381250 
-10.248051 -36.023452 26.881250 
-4.658205 -36.023452 28.131250 
-6.521487 -34.781264 29.381250


-4.655100 1.863282 26.250000 
-6.210940 2.173829 33.756250 
-4.344553 -1.552735 34.375000 
-4.655100 1.863282 26.250000


-4.344553 -5.589846 23.125000 
-3.723459 -7.763675 30.000000 
-4.034006 -8.074222 25.625000 
-4.344553 -5.589846 23.125000


0.621094 -36.958198 27.500000 
-0.310547 -34.781264 30.631250 
-4.658205 -36.023452 28.131250 
0.621094 -36.958198 27.500000


0.931641 -35.091811 30.631250 
2.484376 -37.886734 26.256250 
5.279299 -36.333999 29.381250 
0.931641 -35.091811 30.631250


5.279299 -36.333999 29.381250 
2.484376 -37.886734 26.256250 
6.832034 -38.197281 27.506250 
5.279299 -36.333999 29.381250


6.521487 -15.524245 31.250000 
3.105470 -16.148444 23.118750 
4.658205 -14.282057 31.250000 
6.521487 -15.524245 31.250000


3.105470 -16.148444 23.118750 
6.521487 -15.524245 31.250000 
7.142581 -17.390632 27.493750 
3.105470 -16.148444 23.118750


8.695316 -35.712905 30.631250 
5.279299 -36.333999 29.381250 
10.869145 -37.268745 28.125000 
8.695316 -35.712905 30.631250


8.384769 -18.322273 28.743750 
10.561703 -20.185555 31.250000 
8.074222 -19.875008 26.868750 
8.384769 -18.322273 28.743750


10.869145 -35.712905 30.631250 
8.695316 -35.712905 30.631250 
10.869145 -37.268745 28.125000 
10.869145 -35.712905 30.631250


13.667173 -28.259777 31.875000 
13.977720 -29.812512 28.750000 
11.803891 -26.707042 26.875000 
13.667173 -28.259777 31.875000


13.046079 -26.396495 31.875000 
13.667173 -28.259777 31.875000 
11.803891 -26.707042 26.875000 
13.046079 -26.396495 31.875000


-21.738290 -14.595709 32.506250 
-23.912119 -13.664068 29.381250 
-21.738290 -17.390632 31.881250 
-21.738290 -14.595709 32.506250


-21.738290 -17.390632 31.881250 
-26.089053 -18.322273 22.500000 
-19.875008 -19.564461 33.756250 
-21.738290 -17.390632 31.881250


-19.564461 3.416017 31.881250 
-21.427743 3.729669 28.125000 
-22.359384 2.484376 27.493750 
-19.564461 3.416017 31.881250


-20.496102 -22.669931 30.631250 
-22.980478 -22.669931 25.631250 
-18.943367 -23.912119 32.506250 
-20.496102 -22.669931 30.631250


-18.632820 -26.707042 29.381250 
-18.943367 -28.570324 26.256250 
-17.080085 -28.570324 30.631250 
-18.632820 -26.707042 29.381250


-14.595709 6.210940 30.618750 
-14.595709 4.658205 28.118750 
-17.390632 6.214045 30.625000 
-14.595709 6.210940 30.618750


-14.595709 4.658205 28.118750 
-14.595709 6.210940 30.618750 
-11.800786 4.347658 28.743750 
-14.595709 4.658205 28.118750


-10.869145 6.521487 30.618750 
-11.800786 4.347658 28.743750 
-14.595709 6.210940 30.618750 
-10.869145 6.521487 30.618750


-10.869145 6.521487 30.618750 
-8.384769 5.589846 29.993750 
-11.800786 4.347658 28.743750 
-10.869145 6.521487 30.618750


-9.937504 -34.470717 30.006250 
-10.248051 -36.023452 26.881250 
-6.521487 -34.781264 29.381250 
-9.937504 -34.470717 30.006250


-6.832034 4.661310 28.750000 
-6.210940 2.173829 33.756250 
-5.897288 3.726564 28.125000 
-6.832034 4.661310 28.750000


-6.521487 -34.781264 29.381250 
-4.658205 -36.023452 28.131250 
-0.310547 -34.781264 30.631250 
-6.521487 -34.781264 29.381250


-3.723459 -7.763675 30.000000 
-3.102365 -11.179692 35.000000 
-3.102365 -10.558598 26.250000 
-3.723459 -7.763675 30.000000


-0.310547 -13.350416 29.375000 
1.552735 -13.971510 31.250000 
2.794923 -13.660963 28.750000 
-0.310547 -13.350416 29.375000


6.521487 -15.524245 31.250000 
8.695316 -17.387527 31.250000 
7.142581 -17.390632 27.493750 
6.521487 -15.524245 31.250000


7.142581 -17.390632 27.493750 
8.695316 -17.387527 31.250000 
8.384769 -18.322273 28.743750 
7.142581 -17.390632 27.493750


12.114438 -23.912119 30.625000 
13.046079 -26.396495 31.875000 
10.251156 -23.912119 26.250000 
12.114438 -23.912119 30.625000


14.909361 -34.160170 30.000000 
13.353521 -34.781264 30.631250 
14.909361 -36.333999 26.875000 
14.909361 -34.160170 30.000000


-19.564461 3.416017 31.881250 
-18.011726 5.279299 29.368750 
-21.427743 3.729669 28.125000 
-19.564461 3.416017 31.881250


-14.285162 7.145686 31.875000 
-14.595709 6.210940 30.618750 
-17.390632 6.214045 30.625000 
-14.285162 7.145686 31.875000


-13.042974 -31.986341 31.881250 
-11.490239 -35.402358 26.881250 
-11.800786 -31.986341 33.131250 
-13.042974 -31.986341 31.881250


-1.242188 -33.539076 31.881250 
-9.937504 -34.470717 30.006250 
-6.521487 -34.781264 29.381250 
-1.242188 -33.539076 31.881250


-0.310547 -34.781264 30.631250 
0.621094 -36.958198 27.500000 
0.931641 -35.091811 30.631250 
-0.310547 -34.781264 30.631250


1.552735 -13.971510 31.250000 
4.658205 -14.282057 31.250000 
2.794923 -13.660963 28.750000 
1.552735 -13.971510 31.250000


13.667173 -28.259777 31.875000 
14.598814 -30.433606 31.875000 
13.977720 -29.812512 28.750000 
13.667173 -28.259777 31.875000


14.909361 -34.160170 30.000000 
13.353521 -32.917982 33.131250 
13.353521 -34.781264 30.631250 
14.909361 -34.160170 30.000000


-22.359384 -10.558598 32.506250 
-24.533213 -11.179692 28.756250 
-23.912119 -13.664068 29.381250 
-22.359384 -10.558598 32.506250


-22.359384 -10.558598 32.506250 
-23.291025 -8.695316 31.256250 
-24.533213 -11.179692 28.756250 
-22.359384 -10.558598 32.506250


-22.048837 -2.794923 31.881250 
-22.980478 -1.242188 30.006250 
-23.291025 -4.658205 30.631250 
-22.048837 -2.794923 31.881250


-19.564461 3.416017 31.881250 
-22.359384 2.484376 27.493750 
-21.117196 1.242188 31.256250 
-19.564461 3.416017 31.881250


-17.080085 -26.396495 33.131250 
-18.943367 -23.912119 32.506250 
-18.632820 -26.707042 29.381250 
-17.080085 -26.396495 33.131250


-17.390632 6.214045 30.625000 
-18.011726 5.279299 29.368750 
-19.564461 3.416017 31.881250 
-17.390632 6.214045 30.625000


-17.080085 -26.396495 33.131250 
-18.632820 -26.707042 29.381250 
-17.080085 -28.570324 30.631250 
-17.080085 -26.396495 33.131250


-3.412912 -6.210940 33.125000 
-3.723459 -7.763675 30.000000 
-4.344553 -5.589846 23.125000 
-3.412912 -6.210940 33.125000


-1.242188 -33.539076 31.881250 
-6.521487 -34.781264 29.381250 
-0.310547 -34.781264 30.631250 
-1.242188 -33.539076 31.881250


8.695316 -17.387527 31.250000 
10.561703 -20.185555 31.250000 
8.384769 -18.322273 28.743750 
8.695316 -17.387527 31.250000


13.353521 -34.781264 30.631250 
11.800786 -34.160170 32.506250 
10.869145 -35.712905 30.631250 
13.353521 -34.781264 30.631250


13.977720 -29.812512 28.750000 
14.909361 -34.160170 30.000000 
14.598814 -31.675794 27.500000 
13.977720 -29.812512 28.750000


-22.359384 -10.558598 32.506250 
-23.912119 -13.664068 29.381250 
-21.738290 -14.595709 32.506250 
-22.359384 -10.558598 32.506250


-22.048837 -2.794923 31.881250 
-23.291025 -4.658205 30.631250 
-23.291025 -8.695316 31.256250 
-22.048837 -2.794923 31.881250


-22.048837 -1.242188 31.256250 
-22.980478 -1.242188 30.006250 
-22.048837 -2.794923 31.881250 
-22.048837 -1.242188 31.256250


-20.185555 -1.242188 34.381250 
-21.117196 1.242188 31.256250 
-22.048837 -1.242188 31.256250 
-20.185555 -1.242188 34.381250


-20.185555 -20.806649 32.506250 
-19.875008 -19.564461 33.756250 
-22.980478 -20.185555 27.506250 
-20.185555 -20.806649 32.506250


-20.185555 -20.806649 32.506250 
-22.980478 -22.669931 25.631250 
-20.496102 -22.669931 30.631250 
-20.185555 -20.806649 32.506250


-18.322273 -22.980478 33.756250 
-20.496102 -22.669931 30.631250 
-18.943367 -23.912119 32.506250 
-18.322273 -22.980478 33.756250


-15.527350 4.968752 34.381250 
-14.285162 7.145686 31.875000 
-17.390632 6.214045 30.625000 
-15.527350 4.968752 34.381250


-17.080085 -28.570324 30.631250 
-18.011726 -29.501965 26.881250 
-13.042974 -31.986341 31.881250 
-17.080085 -28.570324 30.631250


-10.869145 6.521487 30.618750 
-14.595709 6.210940 30.618750 
-14.285162 7.145686 31.875000 
-10.869145 6.521487 30.618750


-8.074222 4.037111 33.756250 
-6.832034 4.661310 28.750000 
-8.384769 5.589846 29.993750 
-8.074222 4.037111 33.756250


-3.102365 -11.179692 35.000000 
-2.791818 -11.179692 29.375000 
-3.102365 -10.558598 26.250000 
-3.102365 -11.179692 35.000000


-3.412912 -2.794923 30.625000 
-3.412912 -6.210940 33.125000 
-3.102365 -4.347658 26.250000 
-3.412912 -2.794923 30.625000


-4.037111 -3.105470 35.006250 
-3.412912 -6.210940 33.125000 
-3.412912 -2.794923 30.625000 
-4.037111 -3.105470 35.006250


5.279299 -33.539076 33.756250 
0.931641 -35.091811 30.631250 
5.279299 -36.333999 29.381250 
5.279299 -33.539076 33.756250


11.800786 -34.160170 32.506250 
8.695316 -35.712905 30.631250 
10.869145 -35.712905 30.631250 
11.800786 -34.160170 32.506250


10.869145 -21.738290 29.993750 
11.803891 -22.980478 33.750000 
12.114438 -23.912119 30.625000 
10.869145 -21.738290 29.993750


13.353521 -32.917982 33.131250 
11.800786 -34.160170 32.506250 
13.353521 -34.781264 30.631250 
13.353521 -32.917982 33.131250


13.977720 -29.812512 28.750000 
14.598814 -30.433606 31.875000 
14.909361 -34.160170 30.000000 
13.977720 -29.812512 28.750000


-22.048837 -2.794923 31.881250 
-23.291025 -8.695316 31.256250 
-22.359384 -10.558598 32.506250 
-22.048837 -2.794923 31.881250


-10.869145 6.521487 30.618750 
-10.248051 5.592951 34.375000 
-8.384769 5.589846 29.993750 
-10.869145 6.521487 30.618750


-6.210940 -33.231634 33.125000 
-9.937504 -34.470717 30.006250 
-1.242188 -33.539076 31.881250 
-6.210940 -33.231634 33.125000


-8.074222 4.037111 33.756250 
-6.210940 2.173829 33.756250 
-6.832034 4.661310 28.750000 
-8.074222 4.037111 33.756250


-4.344553 -1.552735 34.375000 
-4.037111 -3.105470 35.006250 
-3.412912 -2.794923 30.625000 
-4.344553 -1.552735 34.375000


0.931641 -35.091811 30.631250 
-1.242188 -33.539076 31.881250 
-0.310547 -34.781264 30.631250 
0.931641 -35.091811 30.631250


2.173829 -33.228529 33.756250 
0.931641 -35.091811 30.631250 
5.279299 -33.539076 33.756250 
2.173829 -33.228529 33.756250


6.521487 -15.524245 31.250000 
8.698421 -17.390632 35.000000 
8.695316 -17.387527 31.250000 
6.521487 -15.524245 31.250000


10.561703 -20.185555 31.250000 
11.182797 -22.048837 35.625000 
10.869145 -21.738290 29.993750 
10.561703 -20.185555 31.250000


13.667173 -28.259777 31.875000 
13.664068 -30.744153 34.381250 
14.598814 -30.433606 31.875000 
13.667173 -28.259777 31.875000


-19.875008 -19.564461 33.756250 
-21.738290 -14.595709 32.506250 
-21.738290 -17.390632 31.881250 
-19.875008 -19.564461 33.756250


-20.185555 -15.216803 34.381250 
-22.359384 -10.558598 32.506250 
-21.738290 -14.595709 32.506250 
-20.185555 -15.216803 34.381250


-20.185555 -20.806649 32.506250 
-20.496102 -22.669931 30.631250 
-18.322273 -22.980478 33.756250 
-20.185555 -20.806649 32.506250


-18.632820 2.484376 33.756250 
-17.390632 6.214045 30.625000 
-19.564461 3.416017 31.881250 
-18.632820 2.484376 33.756250


-13.042974 -31.986341 31.881250 
-17.080085 -26.396495 33.131250 
-17.080085 -28.570324 30.631250 
-13.042974 -31.986341 31.881250


-11.800786 -31.986341 33.131250 
-17.080085 -26.396495 33.131250 
-13.042974 -31.986341 31.881250 
-11.800786 -31.986341 33.131250


-14.285162 7.145686 31.875000 
-10.248051 5.592951 34.375000 
-10.869145 6.521487 30.618750 
-14.285162 7.145686 31.875000


-11.800786 -31.986341 33.131250 
-9.937504 -34.470717 30.006250 
-6.210940 -33.231634 33.125000 
-11.800786 -31.986341 33.131250


-6.210940 -33.231634 33.125000 
-10.558598 -31.054700 34.381250 
-11.800786 -31.986341 33.131250 
-6.210940 -33.231634 33.125000


-10.248051 5.592951 34.375000 
-9.934399 4.037111 36.875000 
-8.384769 5.589846 29.993750 
-10.248051 5.592951 34.375000


-6.521487 0.310547 36.881250 
-5.589846 -1.552735 36.881250 
-6.210940 2.173829 33.756250 
-6.521487 0.310547 36.881250


-2.484376 -31.675794 35.006250 
-6.210940 -33.231634 33.125000 
-1.242188 -33.539076 31.881250 
-2.484376 -31.675794 35.006250


-0.931641 -31.986341 34.381250 
-2.484376 -31.675794 35.006250 
-1.242188 -33.539076 31.881250 
-0.931641 -31.986341 34.381250


-3.102365 -11.179692 35.000000 
-0.310547 -13.350416 29.375000 
-2.791818 -11.179692 29.375000 
-3.102365 -11.179692 35.000000


-0.310547 -13.350416 29.375000 
1.552735 -14.595709 37.506250 
1.552735 -13.971510 31.250000 
-0.310547 -13.350416 29.375000


-1.242188 -33.539076 31.881250 
0.931641 -35.091811 30.631250 
2.173829 -33.228529 33.756250 
-1.242188 -33.539076 31.881250


8.695316 -35.712905 30.631250 
8.074222 -33.539076 33.756250 
5.279299 -36.333999 29.381250 
8.695316 -35.712905 30.631250


11.800786 -34.160170 32.506250 
8.074222 -33.539076 33.756250 
8.695316 -35.712905 30.631250 
11.800786 -34.160170 32.506250


11.182797 -22.048837 35.625000 
11.803891 -22.980478 33.750000 
10.869145 -21.738290 29.993750 
11.182797 -22.048837 35.625000


12.114438 -23.912119 30.625000 
12.735532 -27.017589 35.000000 
13.046079 -26.396495 31.875000 
12.114438 -23.912119 30.625000


14.598814 -30.433606 31.875000 
13.353521 -32.917982 33.131250 
14.909361 -34.160170 30.000000 
14.598814 -30.433606 31.875000


-20.496102 -10.248051 35.006250 
-22.048837 -2.794923 31.881250 
-22.359384 -10.558598 32.506250 
-20.496102 -10.248051 35.006250


-20.496102 -10.248051 35.006250 
-21.117196 -6.210940 34.381250 
-22.048837 -2.794923 31.881250 
-20.496102 -10.248051 35.006250


-20.496102 -10.248051 35.006250 
-22.359384 -10.558598 32.506250 
-20.185555 -15.216803 34.381250 
-20.496102 -10.248051 35.006250


-20.185555 -1.242188 34.381250 
-22.048837 -2.794923 31.881250 
-19.875008 -3.416017 35.006250 
-20.185555 -1.242188 34.381250


-20.185555 -1.242188 34.381250 
-22.048837 -1.242188 31.256250 
-22.048837 -2.794923 31.881250 
-20.185555 -1.242188 34.381250


-20.185555 -1.242188 34.381250 
-18.632820 2.484376 33.756250 
-21.117196 1.242188 31.256250 
-20.185555 -1.242188 34.381250


-19.564461 3.416017 31.881250 
-21.117196 1.242188 31.256250 
-18.632820 2.484376 33.756250 
-19.564461 3.416017 31.881250


-18.632820 2.484376 33.756250 
-15.527350 4.968752 34.381250 
-17.390632 6.214045 30.625000 
-18.632820 2.484376 33.756250


-16.769538 -24.843760 34.381250 
-18.943367 -23.912119 32.506250 
-17.080085 -26.396495 33.131250 
-16.769538 -24.843760 34.381250


-13.042974 -30.433606 33.756250 
-17.080085 -26.396495 33.131250 
-11.800786 -31.986341 33.131250 
-13.042974 -30.433606 33.756250


-14.285162 7.145686 31.875000 
-13.664068 5.279299 35.631250 
-10.248051 5.592951 34.375000 
-14.285162 7.145686 31.875000


-9.934399 4.037111 36.875000 
-8.074222 4.037111 33.756250 
-8.384769 5.589846 29.993750 
-9.934399 4.037111 36.875000


-3.412912 -6.210940 33.125000 
-3.723459 -8.074222 35.625000 
-3.723459 -7.763675 30.000000 
-3.412912 -6.210940 33.125000


-0.931641 -31.986341 34.381250 
-1.242188 -33.539076 31.881250 
2.173829 -33.228529 33.756250 
-0.931641 -31.986341 34.381250


1.552735 -13.971510 31.250000 
3.416017 -14.282057 35.625000 
4.658205 -14.282057 31.250000 
1.552735 -13.971510 31.250000


3.416017 -14.282057 35.625000 
5.589846 -14.903151 34.375000 
4.658205 -14.282057 31.250000 
3.416017 -14.282057 35.625000


8.074222 -33.539076 33.756250 
5.279299 -33.539076 33.756250 
5.279299 -36.333999 29.381250 
8.074222 -33.539076 33.756250


4.658205 -14.282057 31.250000 
5.589846 -14.903151 34.375000 
6.521487 -15.524245 31.250000 
4.658205 -14.282057 31.250000


5.589846 -14.903151 34.375000 
8.698421 -17.390632 35.000000 
6.521487 -15.524245 31.250000 
5.589846 -14.903151 34.375000


13.353521 -32.917982 33.131250 
10.248051 -32.296888 35.006250 
11.800786 -34.160170 32.506250 
13.353521 -32.917982 33.131250


11.803891 -22.980478 33.750000 
12.735532 -27.017589 35.000000 
12.114438 -23.912119 30.625000 
11.803891 -22.980478 33.750000


12.735532 -27.017589 35.000000 
13.664068 -30.744153 34.381250 
13.667173 -28.259777 31.875000 
12.735532 -27.017589 35.000000


13.664068 -30.744153 34.381250 
13.353521 -32.917982 33.131250 
14.598814 -30.433606 31.875000 
13.664068 -30.744153 34.381250


-18.632820 -18.943367 35.006250 
-20.185555 -20.806649 32.506250 
-18.322273 -22.980478 33.756250 
-18.632820 -18.943367 35.006250


-18.632820 -18.943367 35.006250 
-19.875008 -19.564461 33.756250 
-20.185555 -20.806649 32.506250 
-18.632820 -18.943367 35.006250


-17.701179 1.552735 35.631250 
-18.632820 2.484376 33.756250 
-20.185555 -1.242188 34.381250 
-17.701179 1.552735 35.631250


-16.769538 -24.843760 34.381250 
-18.322273 -22.980478 33.756250 
-18.943367 -23.912119 32.506250 
-16.769538 -24.843760 34.381250


-15.527350 4.968752 34.381250 
-18.632820 2.484376 33.756250 
-16.148444 4.037111 35.006250 
-15.527350 4.968752 34.381250


-13.042974 -30.433606 33.756250 
-16.769538 -24.843760 34.381250 
-17.080085 -26.396495 33.131250 
-13.042974 -30.433606 33.756250


-15.527350 4.968752 34.381250 
-13.664068 5.279299 35.631250 
-14.285162 7.145686 31.875000 
-15.527350 4.968752 34.381250


-10.558598 -31.054700 34.381250 
-13.042974 -30.433606 33.756250 
-11.800786 -31.986341 33.131250 
-10.558598 -31.054700 34.381250


-6.210940 2.173829 33.756250 
-5.589846 -1.552735 36.881250 
-4.344553 -1.552735 34.375000 
-6.210940 2.173829 33.756250


-3.723459 -8.074222 35.625000 
-3.102365 -11.179692 35.000000 
-3.723459 -7.763675 30.000000 
-3.723459 -8.074222 35.625000


-4.655100 -6.521487 38.125000 
-3.723459 -8.074222 35.625000 
-3.412912 -6.210940 33.125000 
-4.655100 -6.521487 38.125000


11.800786 -34.160170 32.506250 
10.248051 -32.296888 35.006250 
8.074222 -33.539076 33.756250 
11.800786 -34.160170 32.506250


13.046079 -26.396495 31.875000 
12.735532 -27.017589 35.000000 
13.667173 -28.259777 31.875000 
13.046079 -26.396495 31.875000


-21.117196 -6.210940 34.381250 
-19.875008 -3.416017 35.006250 
-22.048837 -2.794923 31.881250 
-21.117196 -6.210940 34.381250


-18.632820 -18.943367 35.006250 
-20.185555 -15.216803 34.381250 
-21.738290 -14.595709 32.506250 
-18.632820 -18.943367 35.006250


-18.632820 -18.943367 35.006250 
-21.738290 -14.595709 32.506250 
-19.875008 -19.564461 33.756250 
-18.632820 -18.943367 35.006250


-18.632820 -2.484376 36.256250 
-20.185555 -1.242188 34.381250 
-19.875008 -3.416017 35.006250 
-18.632820 -2.484376 36.256250


-17.701179 -17.080085 36.881250 
-20.185555 -15.216803 34.381250 
-18.632820 -18.943367 35.006250 
-17.701179 -17.080085 36.881250


-18.632820 -2.484376 36.256250 
-18.322273 0.310547 35.631250 
-20.185555 -1.242188 34.381250 
-18.632820 -2.484376 36.256250


-17.701179 1.552735 35.631250 
-20.185555 -1.242188 34.381250 
-18.322273 0.310547 35.631250 
-17.701179 1.552735 35.631250


-15.837897 -23.912119 35.631250 
-18.322273 -22.980478 33.756250 
-16.769538 -24.843760 34.381250 
-15.837897 -23.912119 35.631250


-11.800786 -28.880871 35.631250 
-13.042974 -30.433606 33.756250 
-10.558598 -31.054700 34.381250 
-11.800786 -28.880871 35.631250


-10.558598 -31.054700 34.381250 
-6.210940 -33.231634 33.125000 
-6.521487 -31.675794 35.631250 
-10.558598 -31.054700 34.381250


-5.589846 -1.552735 36.881250 
-4.037111 -3.105470 35.006250 
-4.344553 -1.552735 34.375000 
-5.589846 -1.552735 36.881250


-4.037111 -3.105470 35.006250 
-4.655100 -6.521487 38.125000 
-3.412912 -6.210940 33.125000 
-4.037111 -3.105470 35.006250


-3.102365 -11.179692 35.000000 
-0.307442 -13.974615 37.500000 
-0.310547 -13.350416 29.375000 
-3.102365 -11.179692 35.000000


-0.307442 -13.974615 37.500000 
1.552735 -14.595709 37.506250 
-0.310547 -13.350416 29.375000 
-0.307442 -13.974615 37.500000


2.173829 -33.228529 33.756250 
2.484376 -31.675794 35.631250 
-0.931641 -31.986341 34.381250 
2.173829 -33.228529 33.756250


8.074222 -33.539076 33.756250 
10.248051 -32.296888 35.006250 
5.279299 -33.539076 33.756250 
8.074222 -33.539076 33.756250


9.316410 -19.875008 37.506250 
11.182797 -22.048837 35.625000 
10.561703 -20.185555 31.250000 
9.316410 -19.875008 37.506250


8.695316 -17.387527 31.250000 
9.316410 -19.875008 37.506250 
10.561703 -20.185555 31.250000 
8.695316 -17.387527 31.250000


-18.632820 -18.943367 35.006250 
-18.322273 -22.980478 33.756250 
-15.837897 -23.912119 35.631250 
-18.632820 -18.943367 35.006250


-16.148444 4.037111 35.006250 
-18.632820 2.484376 33.756250 
-17.701179 1.552735 35.631250 
-16.148444 4.037111 35.006250


-16.148444 -21.427743 36.881250 
-18.632820 -18.943367 35.006250 
-15.837897 -23.912119 35.631250 
-16.148444 -21.427743 36.881250


-16.148444 4.037111 35.006250 
-13.664068 5.279299 35.631250 
-15.527350 4.968752 34.381250 
-16.148444 4.037111 35.006250


-16.769538 -24.843760 34.381250 
-13.042974 -30.433606 33.756250 
-11.800786 -28.880871 35.631250 
-16.769538 -24.843760 34.381250


-13.664068 5.279299 35.631250 
-9.934399 4.037111 36.875000 
-10.248051 5.592951 34.375000 
-13.664068 5.279299 35.631250


-2.484376 -31.675794 35.006250 
-6.521487 -31.675794 35.631250 
-6.210940 -33.231634 33.125000 
-2.484376 -31.675794 35.006250


-0.931641 -31.986341 34.381250 
-0.621094 -30.744153 36.256250 
-2.484376 -31.675794 35.006250 
-0.931641 -31.986341 34.381250


-0.621094 -30.744153 36.256250 
-0.931641 -31.986341 34.381250 
2.484376 -31.675794 35.631250 
-0.621094 -30.744153 36.256250


1.552735 -14.595709 37.506250 
3.416017 -14.282057 35.625000 
1.552735 -13.971510 31.250000 
1.552735 -14.595709 37.506250


10.248051 -32.296888 35.006250 
2.173829 -33.228529 33.756250 
5.279299 -33.539076 33.756250 
10.248051 -32.296888 35.006250


8.698421 -17.390632 35.000000 
9.316410 -19.875008 37.506250 
8.695316 -17.387527 31.250000 
8.698421 -17.390632 35.000000


13.353521 -32.917982 33.131250 
11.179692 -30.744153 36.256250 
10.248051 -32.296888 35.006250 
13.353521 -32.917982 33.131250


11.182797 -22.048837 35.625000 
11.182797 -24.843760 36.875000 
11.803891 -22.980478 33.750000 
11.182797 -22.048837 35.625000


13.664068 -30.744153 34.381250 
11.179692 -30.744153 36.256250 
13.353521 -32.917982 33.131250 
13.664068 -30.744153 34.381250


12.732427 -29.812512 35.631250 
11.179692 -30.744153 36.256250 
13.664068 -30.744153 34.381250 
12.732427 -29.812512 35.631250


11.803891 -22.980478 33.750000 
11.182797 -24.843760 36.875000 
12.735532 -27.017589 35.000000 
11.803891 -22.980478 33.750000


12.735532 -27.017589 35.000000 
12.732427 -29.812512 35.631250 
13.664068 -30.744153 34.381250 
12.735532 -27.017589 35.000000


-18.632820 -13.042974 36.881250 
-20.496102 -10.248051 35.006250 
-20.185555 -15.216803 34.381250 
-18.632820 -13.042974 36.881250


-19.564461 -7.763675 36.881250 
-21.117196 -6.210940 34.381250 
-20.496102 -10.248051 35.006250 
-19.564461 -7.763675 36.881250


-18.632820 -13.042974 36.881250 
-20.185555 -15.216803 34.381250 
-17.701179 -17.080085 36.881250 
-18.632820 -13.042974 36.881250


-18.322273 -4.968752 37.506250 
-19.875008 -3.416017 35.006250 
-21.117196 -6.210940 34.381250 
-18.322273 -4.968752 37.506250


-16.769538 -19.564461 36.881250 
-18.632820 -18.943367 35.006250 
-16.148444 -21.427743 36.881250 
-16.769538 -19.564461 36.881250


-14.285162 -24.533213 36.881250 
-16.148444 -21.427743 36.881250 
-15.837897 -23.912119 35.631250 
-14.285162 -24.533213 36.881250


-13.664068 5.279299 35.631250 
-16.148444 4.037111 35.006250 
-14.906256 1.552735 38.131250 
-13.664068 5.279299 35.631250


-11.800786 -28.880871 35.631250 
-15.837897 -23.912119 35.631250 
-16.769538 -24.843760 34.381250 
-11.800786 -28.880871 35.631250


-6.521487 -31.675794 35.631250 
-11.800786 -28.880871 35.631250 
-10.558598 -31.054700 34.381250 
-6.521487 -31.675794 35.631250


-9.934399 4.037111 36.875000 
-10.248051 3.105470 38.131250 
-8.074222 4.037111 33.756250 
-9.934399 4.037111 36.875000


-4.037111 -3.105470 35.006250 
-5.276194 -4.037111 36.875000 
-4.655100 -6.521487 38.125000 
-4.037111 -3.105470 35.006250


-5.589846 -1.552735 36.881250 
-5.276194 -4.037111 36.875000 
-4.037111 -3.105470 35.006250 
-5.589846 -1.552735 36.881250


-3.105470 -30.433606 36.881250 
-6.521487 -31.675794 35.631250 
-2.484376 -31.675794 35.006250 
-3.105470 -30.433606 36.881250


-3.723459 -8.074222 35.625000 
-4.034006 -10.558598 38.125000 
-3.102365 -11.179692 35.000000 
-3.723459 -8.074222 35.625000


-0.621094 -30.744153 36.256250 
-3.105470 -30.433606 36.881250 
-2.484376 -31.675794 35.006250 
-0.621094 -30.744153 36.256250


-2.173829 -13.353521 40.006250 
-0.307442 -13.974615 37.500000 
-3.102365 -11.179692 35.000000 
-2.173829 -13.353521 40.006250


2.484376 -31.675794 35.631250 
2.173829 -33.228529 33.756250 
10.248051 -32.296888 35.006250 
2.484376 -31.675794 35.631250


9.626957 -21.738290 38.131250 
11.182797 -22.048837 35.625000 
9.316410 -19.875008 37.506250 
9.626957 -21.738290 38.131250


-18.322273 -4.968752 37.506250 
-21.117196 -6.210940 34.381250 
-19.564461 -7.763675 36.881250 
-18.322273 -4.968752 37.506250


-18.632820 -13.042974 36.881250 
-19.564461 -7.763675 36.881250 
-20.496102 -10.248051 35.006250 
-18.632820 -13.042974 36.881250


-18.632820 -2.484376 36.256250 
-19.875008 -3.416017 35.006250 
-18.322273 -4.968752 37.506250 
-18.632820 -2.484376 36.256250


-17.701179 -17.080085 36.881250 
-18.632820 -18.943367 35.006250 
-16.769538 -19.564461 36.881250 
-17.701179 -17.080085 36.881250


-17.080085 -2.173829 38.131250 
-18.322273 0.310547 35.631250 
-18.632820 -2.484376 36.256250 
-17.080085 -2.173829 38.131250


-14.906256 1.552735 38.131250 
-16.148444 4.037111 35.006250 
-17.701179 1.552735 35.631250 
-14.906256 1.552735 38.131250


-15.837897 -23.912119 35.631250 
-11.800786 -28.880871 35.631250 
-11.490239 -27.328136 36.881250 
-15.837897 -23.912119 35.631250


-11.490239 -27.328136 36.881250 
-11.800786 -28.880871 35.631250 
-6.521487 -31.675794 35.631250 
-11.490239 -27.328136 36.881250


-7.453128 -30.123059 36.881250 
-11.490239 -27.328136 36.881250 
-6.521487 -31.675794 35.631250 
-7.453128 -30.123059 36.881250


-8.074222 4.037111 33.756250 
-10.248051 3.105470 38.131250 
-6.210940 2.173829 33.756250 
-8.074222 4.037111 33.756250


-5.276194 -4.037111 36.875000 
-7.453128 -4.347658 40.631250 
-4.655100 -6.521487 38.125000 
-5.276194 -4.037111 36.875000


1.552735 -14.595709 37.506250 
3.105470 -16.458991 40.006250 
3.416017 -14.282057 35.625000 
1.552735 -14.595709 37.506250


2.484376 -31.675794 35.631250 
4.347658 -30.123059 37.506250 
-0.621094 -30.744153 36.256250 
2.484376 -31.675794 35.631250


3.416017 -14.282057 35.625000 
5.589846 -15.834792 37.500000 
5.589846 -14.903151 34.375000 
3.416017 -14.282057 35.625000


5.589846 -14.903151 34.375000 
5.589846 -15.834792 37.500000 
8.698421 -17.390632 35.000000 
5.589846 -14.903151 34.375000


10.248051 -32.296888 35.006250 
4.347658 -30.123059 37.506250 
2.484376 -31.675794 35.631250 
10.248051 -32.296888 35.006250


11.179692 -30.744153 36.256250 
4.347658 -30.123059 37.506250 
10.248051 -32.296888 35.006250 
11.179692 -30.744153 36.256250


12.732427 -29.812512 35.631250 
10.248051 -29.191418 37.506250 
11.179692 -30.744153 36.256250 
12.732427 -29.812512 35.631250


11.179692 -27.638683 37.506250 
10.248051 -29.191418 37.506250 
12.732427 -29.812512 35.631250 
11.179692 -27.638683 37.506250


11.179692 -27.638683 37.506250 
12.732427 -29.812512 35.631250 
12.735532 -27.017589 35.000000 
11.179692 -27.638683 37.506250


-18.011726 -11.490239 38.131250 
-19.564461 -7.763675 36.881250 
-18.632820 -13.042974 36.881250 
-18.011726 -11.490239 38.131250


-14.906256 1.552735 38.131250 
-17.701179 1.552735 35.631250 
-16.148444 0.000000 38.131250 
-14.906256 1.552735 38.131250


-14.906256 -21.427743 38.131250 
-16.769538 -19.564461 36.881250 
-16.148444 -21.427743 36.881250 
-14.906256 -21.427743 38.131250


-14.906256 1.552735 38.131250 
-13.353521 4.347658 36.881250 
-13.664068 5.279299 35.631250 
-14.906256 1.552735 38.131250


-14.285162 -24.533213 36.881250 
-15.837897 -23.912119 35.631250 
-11.490239 -27.328136 36.881250 
-14.285162 -24.533213 36.881250


-13.353521 4.347658 36.881250 
-9.934399 4.037111 36.875000 
-13.664068 5.279299 35.631250 
-13.353521 4.347658 36.881250


-8.695316 1.242188 38.756250 
-6.521487 0.310547 36.881250 
-10.248051 3.105470 38.131250 
-8.695316 1.242188 38.756250


-10.248051 3.105470 38.131250 
-6.521487 0.310547 36.881250 
-6.210940 2.173829 33.756250 
-10.248051 3.105470 38.131250


-3.105470 -30.433606 36.881250 
-7.453128 -30.123059 36.881250 
-6.521487 -31.675794 35.631250 
-3.105470 -30.433606 36.881250


-4.655100 -6.521487 38.125000 
-4.034006 -10.558598 38.125000 
-3.723459 -8.074222 35.625000 
-4.655100 -6.521487 38.125000


-4.034006 -10.558598 38.125000 
-2.173829 -13.353521 40.006250 
-3.102365 -11.179692 35.000000 
-4.034006 -10.558598 38.125000


-0.621094 -30.744153 36.256250 
-2.794923 -29.191418 37.506250 
-3.105470 -30.433606 36.881250 
-0.621094 -30.744153 36.256250


11.179692 -30.744153 36.256250 
7.453128 -30.123059 37.506250 
4.347658 -30.123059 37.506250 
11.179692 -30.744153 36.256250


10.248051 -29.191418 37.506250 
7.453128 -30.123059 37.506250 
11.179692 -30.744153 36.256250 
10.248051 -29.191418 37.506250


9.626957 -21.738290 38.131250 
11.182797 -24.843760 36.875000 
11.182797 -22.048837 35.625000 
9.626957 -21.738290 38.131250


11.182797 -24.843760 36.875000 
10.558598 -26.396495 38.131250 
11.179692 -27.638683 37.506250 
11.182797 -24.843760 36.875000


12.735532 -27.017589 35.000000 
11.182797 -24.843760 36.875000 
11.179692 -27.638683 37.506250 
12.735532 -27.017589 35.000000


-17.701179 -7.142581 38.756250 
-19.564461 -7.763675 36.881250 
-18.011726 -11.490239 38.131250 
-17.701179 -7.142581 38.756250


-18.322273 -4.968752 37.506250 
-19.564461 -7.763675 36.881250 
-17.701179 -7.142581 38.756250 
-18.322273 -4.968752 37.506250


-17.080085 -14.906256 38.131250 
-18.011726 -11.490239 38.131250 
-18.632820 -13.042974 36.881250 
-17.080085 -14.906256 38.131250


-17.080085 -14.906256 38.131250 
-18.632820 -13.042974 36.881250 
-17.701179 -17.080085 36.881250 
-17.080085 -14.906256 38.131250


-18.322273 -4.968752 37.506250 
-17.080085 -2.173829 38.131250 
-18.632820 -2.484376 36.256250 
-18.322273 -4.968752 37.506250


-16.148444 0.000000 38.131250 
-18.322273 0.310547 35.631250 
-17.080085 -2.173829 38.131250 
-16.148444 0.000000 38.131250


-16.148444 0.000000 38.131250 
-17.701179 1.552735 35.631250 
-18.322273 0.310547 35.631250 
-16.148444 0.000000 38.131250


-15.837897 -17.701179 38.756250 
-17.701179 -17.080085 36.881250 
-16.769538 -19.564461 36.881250 
-15.837897 -17.701179 38.756250


-14.906256 -21.427743 38.131250 
-16.148444 -21.427743 36.881250 
-14.285162 -24.533213 36.881250 
-14.906256 -21.427743 38.131250


-13.353521 2.173829 38.756250 
-13.353521 4.347658 36.881250 
-14.906256 1.552735 38.131250 
-13.353521 2.173829 38.756250


-13.353521 2.173829 38.756250 
-9.934399 4.037111 36.875000 
-13.353521 4.347658 36.881250 
-13.353521 2.173829 38.756250


-14.285162 -24.533213 36.881250 
-11.490239 -27.328136 36.881250 
-10.558598 -26.707042 38.131250 
-14.285162 -24.533213 36.881250


-10.248051 3.105470 38.131250 
-9.934399 4.037111 36.875000 
-13.353521 2.173829 38.756250 
-10.248051 3.105470 38.131250


-10.558598 -26.707042 38.131250 
-11.490239 -27.328136 36.881250 
-7.453128 -30.123059 36.881250 
-10.558598 -26.707042 38.131250


-2.794923 -29.191418 37.506250 
-7.763675 -28.570324 38.131250 
-7.453128 -30.123059 36.881250 
-2.794923 -29.191418 37.506250


-6.521487 0.310547 36.881250 
-8.074222 -1.863282 39.381250 
-5.589846 -1.552735 36.881250 
-6.521487 0.310547 36.881250


-3.105470 -30.433606 36.881250 
-2.794923 -29.191418 37.506250 
-7.453128 -30.123059 36.881250 
-3.105470 -30.433606 36.881250


4.347658 -30.123059 37.506250 
-2.794923 -29.191418 37.506250 
-0.621094 -30.744153 36.256250 
4.347658 -30.123059 37.506250


2.484376 -29.191418 38.131250 
-2.794923 -29.191418 37.506250 
4.347658 -30.123059 37.506250 
2.484376 -29.191418 38.131250


6.521487 -18.632820 39.381250 
9.316410 -19.875008 37.506250 
8.698421 -17.390632 35.000000 
6.521487 -18.632820 39.381250


10.558598 -26.396495 38.131250 
10.248051 -29.191418 37.506250 
11.179692 -27.638683 37.506250 
10.558598 -26.396495 38.131250


9.626957 -21.738290 38.131250 
10.558598 -26.396495 38.131250 
11.182797 -24.843760 36.875000 
9.626957 -21.738290 38.131250


-17.080085 -14.906256 38.131250 
-17.701179 -17.080085 36.881250 
-15.837897 -17.701179 38.756250 
-17.080085 -14.906256 38.131250


-14.906256 -21.427743 38.131250 
-14.285162 -24.533213 36.881250 
-10.558598 -26.707042 38.131250 
-14.906256 -21.427743 38.131250


-13.042974 -22.980478 38.756250 
-14.906256 -21.427743 38.131250 
-10.558598 -26.707042 38.131250 
-13.042974 -22.980478 38.756250


-10.558598 -26.707042 38.131250 
-7.453128 -30.123059 36.881250 
-7.763675 -28.570324 38.131250 
-10.558598 -26.707042 38.131250


-8.074222 -26.707042 39.381250 
-10.558598 -26.707042 38.131250 
-7.763675 -28.570324 38.131250 
-8.074222 -26.707042 39.381250


-8.074222 -1.863282 39.381250 
-7.453128 -4.347658 40.631250 
-5.276194 -4.037111 36.875000 
-8.074222 -1.863282 39.381250


-5.589846 -1.552735 36.881250 
-8.074222 -1.863282 39.381250 
-5.276194 -4.037111 36.875000 
-5.589846 -1.552735 36.881250


-2.794923 -29.191418 37.506250 
-4.347658 -27.952335 38.750000 
-7.763675 -28.570324 38.131250 
-2.794923 -29.191418 37.506250


-2.173829 -13.353521 40.006250 
-0.621094 -16.458991 40.631250 
-0.307442 -13.974615 37.500000 
-2.173829 -13.353521 40.006250


1.552735 -14.595709 37.506250 
-0.307442 -13.974615 37.500000 
-0.621094 -16.458991 40.631250 
1.552735 -14.595709 37.506250


7.453128 -30.123059 37.506250 
2.484376 -29.191418 38.131250 
4.347658 -30.123059 37.506250 
7.453128 -30.123059 37.506250


4.968752 -17.701179 40.006250 
6.521487 -18.632820 39.381250 
5.589846 -15.834792 37.500000 
4.968752 -17.701179 40.006250


5.589846 -15.834792 37.500000 
6.521487 -18.632820 39.381250 
8.698421 -17.390632 35.000000 
5.589846 -15.834792 37.500000


6.521487 -18.632820 39.381250 
8.384769 -20.806649 38.756250 
9.316410 -19.875008 37.506250 
6.521487 -18.632820 39.381250


9.316410 -19.875008 37.506250 
8.384769 -20.806649 38.756250 
9.626957 -21.738290 38.131250 
9.316410 -19.875008 37.506250


-16.148444 -12.111333 39.381250 
-17.701179 -7.142581 38.756250 
-18.011726 -11.490239 38.131250 
-16.148444 -12.111333 39.381250


-18.322273 -4.968752 37.506250 
-17.701179 -7.142581 38.756250 
-16.458991 -5.279299 40.006250 
-18.322273 -4.968752 37.506250


-16.458991 -5.279299 40.006250 
-17.080085 -2.173829 38.131250 
-18.322273 -4.968752 37.506250 
-16.458991 -5.279299 40.006250


-16.148444 -12.111333 39.381250 
-18.011726 -11.490239 38.131250 
-17.080085 -14.906256 38.131250 
-16.148444 -12.111333 39.381250


-13.664068 -0.310547 40.631250 
-16.148444 0.000000 38.131250 
-17.080085 -2.173829 38.131250 
-13.664068 -0.310547 40.631250


-15.527350 -14.285162 40.006250 
-17.080085 -14.906256 38.131250 
-15.837897 -17.701179 38.756250 
-15.527350 -14.285162 40.006250


-15.837897 -17.701179 38.756250 
-16.769538 -19.564461 36.881250 
-14.906256 -21.427743 38.131250 
-15.837897 -17.701179 38.756250


-13.353521 2.173829 38.756250 
-14.906256 1.552735 38.131250 
-16.148444 0.000000 38.131250 
-13.353521 2.173829 38.756250


-8.074222 -26.707042 39.381250 
-13.042974 -22.980478 38.756250 
-10.558598 -26.707042 38.131250 
-8.074222 -26.707042 39.381250


-13.353521 2.173829 38.756250 
-8.695316 1.242188 38.756250 
-10.248051 3.105470 38.131250 
-13.353521 2.173829 38.756250


-7.763675 -28.570324 38.131250 
-4.347658 -27.952335 38.750000 
-8.074222 -26.707042 39.381250 
-7.763675 -28.570324 38.131250


-4.347658 -11.800786 40.631250 
-2.173829 -13.353521 40.006250 
-4.034006 -10.558598 38.125000 
-4.347658 -11.800786 40.631250


-0.621094 -27.949230 38.756250 
-4.347658 -27.952335 38.750000 
-2.794923 -29.191418 37.506250 
-0.621094 -27.949230 38.756250


-2.173829 -13.353521 40.006250 
-2.173829 -15.527350 41.256250 
-0.621094 -16.458991 40.631250 
-2.173829 -13.353521 40.006250


1.552735 -15.837897 40.006250 
1.552735 -14.595709 37.506250 
-0.621094 -16.458991 40.631250 
1.552735 -15.837897 40.006250


-0.621094 -27.949230 38.756250 
-2.794923 -29.191418 37.506250 
2.484376 -29.191418 38.131250 
-0.621094 -27.949230 38.756250


1.552735 -14.595709 37.506250 
1.552735 -15.837897 40.006250 
3.105470 -16.458991 40.006250 
1.552735 -14.595709 37.506250


3.105470 -16.458991 40.006250 
5.589846 -15.834792 37.500000 
3.416017 -14.282057 35.625000 
3.105470 -16.458991 40.006250


4.968752 -17.701179 40.006250 
5.589846 -15.834792 37.500000 
3.105470 -16.458991 40.006250 
4.968752 -17.701179 40.006250


7.453128 -30.123059 37.506250 
-0.621094 -27.949230 38.756250 
2.484376 -29.191418 38.131250 
7.453128 -30.123059 37.506250


10.248051 -29.191418 37.506250 
-0.621094 -27.949230 38.756250 
7.453128 -30.123059 37.506250 
10.248051 -29.191418 37.506250


7.453128 -27.328136 39.381250 
-0.621094 -27.949230 38.756250 
10.248051 -29.191418 37.506250 
7.453128 -27.328136 39.381250


6.521487 -18.632820 39.381250 
6.832034 -20.185555 40.006250 
8.384769 -20.806649 38.756250 
6.521487 -18.632820 39.381250


10.558598 -26.396495 38.131250 
7.453128 -27.328136 39.381250 
10.248051 -29.191418 37.506250 
10.558598 -26.396495 38.131250


8.384769 -20.806649 38.756250 
8.384769 -26.085948 39.381250 
9.626957 -21.738290 38.131250 
8.384769 -20.806649 38.756250


10.558598 -26.396495 38.131250 
8.384769 -26.085948 39.381250 
7.453128 -27.328136 39.381250 
10.558598 -26.396495 38.131250


10.558598 -26.396495 38.131250 
9.626957 -21.738290 38.131250 
8.384769 -26.085948 39.381250 
10.558598 -26.396495 38.131250


-15.527350 -14.285162 40.006250 
-16.148444 -12.111333 39.381250 
-17.080085 -14.906256 38.131250 
-15.527350 -14.285162 40.006250


-15.527350 -14.285162 40.006250 
-15.837897 -17.701179 38.756250 
-13.974615 -18.943367 40.006250 
-15.527350 -14.285162 40.006250


-13.974615 -18.943367 40.006250 
-15.837897 -17.701179 38.756250 
-14.906256 -21.427743 38.131250 
-13.974615 -18.943367 40.006250


-13.664068 -0.310547 40.631250 
-13.353521 2.173829 38.756250 
-16.148444 0.000000 38.131250 
-13.664068 -0.310547 40.631250


-13.974615 -18.943367 40.006250 
-14.906256 -21.427743 38.131250 
-13.353521 -20.496102 40.006250 
-13.974615 -18.943367 40.006250


-13.353521 -20.496102 40.006250 
-14.906256 -21.427743 38.131250 
-13.042974 -22.980478 38.756250 
-13.353521 -20.496102 40.006250


-8.074222 -26.707042 39.381250 
-13.353521 -20.496102 40.006250 
-13.042974 -22.980478 38.756250 
-8.074222 -26.707042 39.381250


-11.490239 1.552735 40.006250 
-8.695316 1.242188 38.756250 
-13.353521 2.173829 38.756250 
-11.490239 1.552735 40.006250


-6.521487 0.310547 36.881250 
-8.695316 1.242188 38.756250 
-8.074222 -1.863282 39.381250 
-6.521487 0.310547 36.881250


-7.453128 -4.347658 40.631250 
-5.897288 -6.832034 40.625000 
-4.655100 -6.521487 38.125000 
-7.453128 -4.347658 40.631250


-4.655100 -6.521487 38.125000 
-5.897288 -6.832034 40.625000 
-4.034006 -10.558598 38.125000 
-4.655100 -6.521487 38.125000


-6.521487 -10.248051 42.506250 
-4.347658 -11.800786 40.631250 
-4.034006 -10.558598 38.125000 
-6.521487 -10.248051 42.506250


-4.347658 -27.952335 38.750000 
-3.726564 -24.533213 40.631250 
-8.074222 -26.707042 39.381250 
-4.347658 -27.952335 38.750000


-1.552735 -26.707042 39.381250 
-3.726564 -24.533213 40.631250 
-4.347658 -27.952335 38.750000 
-1.552735 -26.707042 39.381250


-1.552735 -26.707042 39.381250 
-4.347658 -27.952335 38.750000 
-0.621094 -27.949230 38.756250 
-1.552735 -26.707042 39.381250


-0.621094 -27.949230 38.756250 
7.453128 -27.328136 39.381250 
-1.552735 -26.707042 39.381250 
-0.621094 -27.949230 38.756250


8.384769 -20.806649 38.756250 
6.832034 -20.185555 40.006250 
8.384769 -26.085948 39.381250 
8.384769 -20.806649 38.756250


-13.664068 -16.458991 41.256250 
-15.527350 -14.285162 40.006250 
-13.974615 -18.943367 40.006250 
-13.664068 -16.458991 41.256250


-11.490239 1.552735 40.006250 
-13.353521 2.173829 38.756250 
-13.664068 -0.310547 40.631250 
-11.490239 1.552735 40.006250


-13.353521 -20.496102 40.006250 
-8.074222 -26.707042 39.381250 
-9.316410 -24.533213 40.006250 
-13.353521 -20.496102 40.006250


-9.316410 -24.533213 40.006250 
-9.626957 -23.291025 40.631250 
-13.353521 -20.496102 40.006250 
-9.316410 -24.533213 40.006250


-8.695316 1.242188 38.756250 
-10.558598 -2.484376 41.881250 
-8.074222 -1.863282 39.381250 
-8.695316 1.242188 38.756250


-10.558598 -2.484376 41.881250 
-9.005863 -4.037111 41.881250 
-8.074222 -1.863282 39.381250 
-10.558598 -2.484376 41.881250


-8.074222 -1.863282 39.381250 
-9.005863 -4.037111 41.881250 
-7.453128 -4.347658 40.631250 
-8.074222 -1.863282 39.381250


-3.726564 -24.533213 40.631250 
-9.316410 -24.533213 40.006250 
-8.074222 -26.707042 39.381250 
-3.726564 -24.533213 40.631250


0.000000 -26.085948 40.006250 
-3.726564 -24.533213 40.631250 
-1.552735 -26.707042 39.381250 
0.000000 -26.085948 40.006250


7.453128 -27.328136 39.381250 
0.000000 -26.085948 40.006250 
-1.552735 -26.707042 39.381250 
7.453128 -27.328136 39.381250


3.105470 -16.458991 40.006250 
4.037111 -18.943367 41.256250 
4.968752 -17.701179 40.006250 
3.105470 -16.458991 40.006250


7.453128 -27.328136 39.381250 
5.589846 -25.154307 40.631250 
0.000000 -26.085948 40.006250 
7.453128 -27.328136 39.381250


4.968752 -17.701179 40.006250 
4.037111 -18.943367 41.256250 
6.521487 -18.632820 39.381250 
4.968752 -17.701179 40.006250


4.037111 -18.943367 41.256250 
6.832034 -20.185555 40.006250 
6.521487 -18.632820 39.381250 
4.037111 -18.943367 41.256250


6.832034 -20.185555 40.006250 
5.589846 -25.154307 40.631250 
7.453128 -27.328136 39.381250 
6.832034 -20.185555 40.006250


6.832034 -20.185555 40.006250 
7.453128 -27.328136 39.381250 
8.384769 -26.085948 39.381250 
6.832034 -20.185555 40.006250


-16.458991 -5.279299 40.006250 
-17.701179 -7.142581 38.756250 
-15.216803 -10.248051 41.256250 
-16.458991 -5.279299 40.006250


-15.216803 -10.248051 41.256250 
-17.701179 -7.142581 38.756250 
-16.148444 -12.111333 39.381250 
-15.216803 -10.248051 41.256250


-15.527350 -14.285162 40.006250 
-15.216803 -10.248051 41.256250 
-16.148444 -12.111333 39.381250 
-15.527350 -14.285162 40.006250


-13.664068 -0.310547 40.631250 
-17.080085 -2.173829 38.131250 
-16.458991 -5.279299 40.006250 
-13.664068 -0.310547 40.631250


-13.974615 -12.111333 41.881250 
-15.216803 -10.248051 41.256250 
-15.527350 -14.285162 40.006250 
-13.974615 -12.111333 41.881250


-14.595709 -4.037111 41.881250 
-13.664068 -0.310547 40.631250 
-16.458991 -5.279299 40.006250 
-14.595709 -4.037111 41.881250


-9.626957 -23.291025 40.631250 
-12.421880 -19.253914 41.256250 
-13.974615 -18.943367 40.006250 
-9.626957 -23.291025 40.631250


-13.664068 -0.310547 40.631250 
-10.558598 -2.484376 41.881250 
-11.490239 1.552735 40.006250 
-13.664068 -0.310547 40.631250


-13.974615 -18.943367 40.006250 
-13.353521 -20.496102 40.006250 
-9.626957 -23.291025 40.631250 
-13.974615 -18.943367 40.006250


-10.558598 -2.484376 41.881250 
-8.695316 1.242188 38.756250 
-11.490239 1.552735 40.006250 
-10.558598 -2.484376 41.881250


-5.589846 -22.980478 41.256250 
-9.316410 -24.533213 40.006250 
-3.726564 -24.533213 40.631250 
-5.589846 -22.980478 41.256250


-3.726564 -21.738290 41.881250 
-5.589846 -22.980478 41.256250 
-3.726564 -24.533213 40.631250 
-3.726564 -21.738290 41.881250


-4.347658 -11.800786 40.631250 
-2.173829 -15.527350 41.256250 
-2.173829 -13.353521 40.006250 
-4.347658 -11.800786 40.631250


-2.173829 -15.527350 41.256250 
-0.931641 -18.011726 41.256250 
-0.621094 -16.458991 40.631250 
-2.173829 -15.527350 41.256250


-0.931641 -18.011726 41.256250 
1.552735 -15.837897 40.006250 
-0.621094 -16.458991 40.631250 
-0.931641 -18.011726 41.256250


4.037111 -24.222666 41.256250 
-3.726564 -24.533213 40.631250 
0.000000 -26.085948 40.006250 
4.037111 -24.222666 41.256250


4.037111 -24.222666 41.256250 
0.000000 -26.085948 40.006250 
5.589846 -25.154307 40.631250 
4.037111 -24.222666 41.256250


1.552735 -15.837897 40.006250 
4.037111 -18.943367 41.256250 
3.105470 -16.458991 40.006250 
1.552735 -15.837897 40.006250


-14.595709 -4.037111 41.881250 
-16.458991 -5.279299 40.006250 
-15.216803 -10.248051 41.256250 
-14.595709 -4.037111 41.881250


-13.974615 -12.111333 41.881250 
-15.527350 -14.285162 40.006250 
-13.664068 -16.458991 41.256250 
-13.974615 -12.111333 41.881250


-12.732427 -1.242188 41.881250 
-13.664068 -0.310547 40.631250 
-14.595709 -4.037111 41.881250 
-12.732427 -1.242188 41.881250


-13.664068 -16.458991 41.256250 
-13.974615 -18.943367 40.006250 
-12.421880 -19.253914 41.256250 
-13.664068 -16.458991 41.256250


-11.800786 -17.390632 42.506250 
-13.664068 -16.458991 41.256250 
-12.421880 -19.253914 41.256250 
-11.800786 -17.390632 42.506250


-10.558598 -2.484376 41.881250 
-13.664068 -0.310547 40.631250 
-12.732427 -1.242188 41.881250 
-10.558598 -2.484376 41.881250


-9.005863 -4.037111 41.881250 
-8.384769 -5.589846 42.506250 
-7.453128 -4.347658 40.631250 
-9.005863 -4.037111 41.881250


-9.626957 -23.291025 40.631250 
-9.316410 -24.533213 40.006250 
-5.589846 -22.980478 41.256250 
-9.626957 -23.291025 40.631250


-7.453128 -4.347658 40.631250 
-8.384769 -5.589846 42.506250 
-5.897288 -6.832034 40.625000 
-7.453128 -4.347658 40.631250


-5.897288 -6.832034 40.625000 
-6.521487 -10.248051 42.506250 
-4.034006 -10.558598 38.125000 
-5.897288 -6.832034 40.625000


-0.931641 -18.011726 41.256250 
-3.726564 -21.738290 41.881250 
4.037111 -24.222666 41.256250 
-0.931641 -18.011726 41.256250


-2.173829 -15.527350 41.256250 
-2.794923 -16.769538 41.881250 
-0.931641 -18.011726 41.256250 
-2.173829 -15.527350 41.256250


-3.726564 -21.738290 41.881250 
-3.726564 -24.533213 40.631250 
4.037111 -24.222666 41.256250 
-3.726564 -21.738290 41.881250


4.037111 -18.943367 41.256250 
1.552735 -15.837897 40.006250 
-0.931641 -18.011726 41.256250 
4.037111 -18.943367 41.256250


4.037111 -18.943367 41.256250 
-0.931641 -18.011726 41.256250 
4.037111 -24.222666 41.256250 
4.037111 -18.943367 41.256250


6.832034 -20.185555 40.006250 
4.037111 -18.943367 41.256250 
4.037111 -24.222666 41.256250 
6.832034 -20.185555 40.006250


6.832034 -20.185555 40.006250 
4.037111 -24.222666 41.256250 
5.589846 -25.154307 40.631250 
6.832034 -20.185555 40.006250


-12.732427 -15.216803 42.506250 
-13.974615 -12.111333 41.881250 
-13.664068 -16.458991 41.256250 
-12.732427 -15.216803 42.506250


-12.732427 -15.216803 42.506250 
-13.664068 -16.458991 41.256250 
-11.800786 -17.390632 42.506250 
-12.732427 -15.216803 42.506250


-11.800786 -2.794923 42.506250 
-10.558598 -2.484376 41.881250 
-14.595709 -4.037111 41.881250 
-11.800786 -2.794923 42.506250


-10.558598 -2.484376 41.881250 
-12.732427 -1.242188 41.881250 
-14.595709 -4.037111 41.881250 
-10.558598 -2.484376 41.881250


-10.558598 -2.484376 41.881250 
-11.800786 -2.794923 42.506250 
-9.005863 -4.037111 41.881250 
-10.558598 -2.484376 41.881250


-9.626957 -19.875008 43.131250 
-12.421880 -19.253914 41.256250 
-9.626957 -23.291025 40.631250 
-9.626957 -19.875008 43.131250


-6.832034 -20.185555 42.506250 
-9.626957 -19.875008 43.131250 
-9.626957 -23.291025 40.631250 
-6.832034 -20.185555 42.506250


-5.589846 -22.980478 41.256250 
-6.832034 -20.185555 42.506250 
-9.626957 -23.291025 40.631250 
-5.589846 -22.980478 41.256250


-8.384769 -5.589846 42.506250 
-7.142581 -7.453128 42.506250 
-5.897288 -6.832034 40.625000 
-8.384769 -5.589846 42.506250


-6.832034 -20.185555 42.506250 
-5.589846 -22.980478 41.256250 
-3.726564 -21.738290 41.881250 
-6.832034 -20.185555 42.506250


-6.521487 -10.248051 42.506250 
-5.279299 -14.285162 43.131250 
-4.347658 -11.800786 40.631250 
-6.521487 -10.248051 42.506250


-3.726564 -21.738290 41.881250 
-4.347658 -20.496102 42.506250 
-6.832034 -20.185555 42.506250 
-3.726564 -21.738290 41.881250


-5.279299 -14.285162 43.131250 
-2.794923 -16.769538 41.881250 
-4.347658 -11.800786 40.631250 
-5.279299 -14.285162 43.131250


-2.794923 -16.769538 41.881250 
-2.173829 -15.527350 41.256250 
-4.347658 -11.800786 40.631250 
-2.794923 -16.769538 41.881250


-2.794923 -16.769538 41.881250 
-4.347658 -20.496102 42.506250 
-3.726564 -21.738290 41.881250 
-2.794923 -16.769538 41.881250


-0.931641 -18.011726 41.256250 
-2.794923 -16.769538 41.881250 
-3.726564 -21.738290 41.881250 
-0.931641 -18.011726 41.256250


-14.595709 -4.037111 41.881250 
-15.216803 -10.248051 41.256250 
-13.664068 -6.832034 43.756250 
-14.595709 -4.037111 41.881250


-12.732427 -7.763675 43.756250 
-15.216803 -10.248051 41.256250 
-13.974615 -12.111333 41.881250 
-12.732427 -7.763675 43.756250


-13.664068 -6.832034 43.756250 
-13.664068 -4.037111 42.506250 
-14.595709 -4.037111 41.881250 
-13.664068 -6.832034 43.756250


-13.664068 -4.037111 42.506250 
-11.800786 -2.794923 42.506250 
-14.595709 -4.037111 41.881250 
-13.664068 -4.037111 42.506250


-11.490239 -15.216803 43.756250 
-13.974615 -12.111333 41.881250 
-12.732427 -15.216803 42.506250 
-11.490239 -15.216803 43.756250


-11.800786 -17.390632 42.506250 
-12.421880 -19.253914 41.256250 
-9.626957 -19.875008 43.131250 
-11.800786 -17.390632 42.506250


-9.005863 -4.037111 41.881250 
-11.800786 -2.794923 42.506250 
-11.490239 -5.279299 43.131250 
-9.005863 -4.037111 41.881250


-8.384769 -5.589846 42.506250 
-9.005863 -4.037111 41.881250 
-11.490239 -5.279299 43.131250 
-8.384769 -5.589846 42.506250


-7.142581 -7.453128 42.506250 
-6.521487 -10.248051 42.506250 
-5.897288 -6.832034 40.625000 
-7.142581 -7.453128 42.506250


-4.658205 -17.701179 43.131250 
-6.832034 -20.185555 42.506250 
-4.347658 -20.496102 42.506250 
-4.658205 -17.701179 43.131250


-2.794923 -16.769538 41.881250 
-5.279299 -14.285162 43.131250 
-4.658205 -17.701179 43.131250 
-2.794923 -16.769538 41.881250


-2.794923 -16.769538 41.881250 
-4.658205 -17.701179 43.131250 
-4.347658 -20.496102 42.506250 
-2.794923 -16.769538 41.881250


-13.664068 -6.832034 43.756250 
-15.216803 -10.248051 41.256250 
-12.732427 -7.763675 43.756250 
-13.664068 -6.832034 43.756250


-12.732427 -7.763675 43.756250 
-13.974615 -12.111333 41.881250 
-12.421880 -12.111333 43.756250 
-12.732427 -7.763675 43.756250


-11.490239 -5.279299 43.131250 
-13.664068 -4.037111 42.506250 
-13.664068 -6.832034 43.756250 
-11.490239 -5.279299 43.131250


-12.421880 -12.111333 43.756250 
-13.974615 -12.111333 41.881250 
-11.490239 -15.216803 43.756250 
-12.421880 -12.111333 43.756250


-11.800786 -2.794923 42.506250 
-13.664068 -4.037111 42.506250 
-11.490239 -5.279299 43.131250 
-11.800786 -2.794923 42.506250


-11.490239 -15.216803 43.756250 
-12.732427 -15.216803 42.506250 
-11.800786 -17.390632 42.506250 
-11.490239 -15.216803 43.756250


-11.490239 -15.216803 43.756250 
-11.800786 -17.390632 42.506250 
-9.626957 -19.875008 43.131250 
-11.490239 -15.216803 43.756250


-11.490239 -15.216803 43.756250 
-9.626957 -19.875008 43.131250 
-8.074222 -18.632820 43.756250 
-11.490239 -15.216803 43.756250


-11.490239 -5.279299 43.131250 
-8.695316 -8.384769 43.756250 
-8.384769 -5.589846 42.506250 
-11.490239 -5.279299 43.131250


-8.384769 -5.589846 42.506250 
-8.695316 -8.384769 43.756250 
-7.142581 -7.453128 42.506250 
-8.384769 -5.589846 42.506250


-8.695316 -8.384769 43.756250 
-7.142581 -12.732427 43.756250 
-7.142581 -7.453128 42.506250 
-8.695316 -8.384769 43.756250


-6.832034 -20.185555 42.506250 
-8.074222 -18.632820 43.756250 
-9.626957 -19.875008 43.131250 
-6.832034 -20.185555 42.506250


-4.658205 -17.701179 43.131250 
-8.074222 -18.632820 43.756250 
-6.832034 -20.185555 42.506250 
-4.658205 -17.701179 43.131250


-6.521487 -10.248051 42.506250 
-7.142581 -7.453128 42.506250 
-7.142581 -12.732427 43.756250 
-6.521487 -10.248051 42.506250


-5.279299 -14.285162 43.131250 
-6.210940 -14.906256 43.756250 
-8.074222 -18.632820 43.756250 
-5.279299 -14.285162 43.131250


-7.142581 -12.732427 43.756250 
-6.210940 -14.906256 43.756250 
-5.279299 -14.285162 43.131250 
-7.142581 -12.732427 43.756250


-4.658205 -17.701179 43.131250 
-5.279299 -14.285162 43.131250 
-8.074222 -18.632820 43.756250 
-4.658205 -17.701179 43.131250


-5.279299 -14.285162 43.131250 
-6.521487 -10.248051 42.506250 
-7.142581 -12.732427 43.756250 
-5.279299 -14.285162 43.131250


-8.695316 -8.384769 43.756250 
-13.664068 -6.832034 43.756250 
-12.732427 -7.763675 43.756250 
-8.695316 -8.384769 43.756250


-11.490239 -5.279299 43.131250 
-13.664068 -6.832034 43.756250 
-8.695316 -8.384769 43.756250 
-11.490239 -5.279299 43.131250


-12.421880 -12.111333 43.756250 
-11.490239 -15.216803 43.756250 
-8.074222 -18.632820 43.756250 
-12.421880 -12.111333 43.756250


-8.695316 -8.384769 43.756250 
-12.732427 -7.763675 43.756250 
-7.142581 -12.732427 43.756250 
-8.695316 -8.384769 43.756250


-7.142581 -12.732427 43.756250 
-12.732427 -7.763675 43.756250 
-12.421880 -12.111333 43.756250 
-7.142581 -12.732427 43.756250


-6.210940 -14.906256 43.756250 
-12.421880 -12.111333 43.756250 
-8.074222 -18.632820 43.756250 
-6.210940 -14.906256 43.756250


-6.210940 -14.906256 43.756250 
-7.142581 -12.732427 43.756250 
-12.421880 -12.111333 43.756250 
-6.210940 -14.906256 43.756250


