822

22.980478 0.003105 -10.625000 
26.396495 -1.242188 -10.006250 
23.912119 -2.173829 -10.631250 
22.980478 0.003105 -10.625000


24.843760 0.931641 -9.381250 
26.396495 -1.242188 -10.006250 
22.980478 0.003105 -10.625000 
24.843760 0.931641 -9.381250


24.843760 -1.555840 -8.125000 
23.912119 -2.173829 -10.631250 
26.396495 -1.242188 -10.006250 
24.843760 -1.555840 -8.125000


27.328136 -2.484376 -10.006250 
24.843760 -1.555840 -8.125000 
26.396495 -1.242188 -10.006250 
27.328136 -2.484376 -10.006250


24.843760 -1.555840 -8.125000 
22.980478 0.003105 -10.625000 
23.912119 -2.173829 -10.631250 
24.843760 -1.555840 -8.125000


27.014484 -2.484376 -6.250000 
24.843760 -1.555840 -8.125000 
27.328136 -2.484376 -10.006250 
27.014484 -2.484376 -6.250000


24.843760 0.931641 -9.381250 
27.328136 -2.484376 -10.006250 
26.396495 -1.242188 -10.006250 
24.843760 0.931641 -9.381250


26.707042 0.000000 -8.756250 
27.328136 -2.484376 -10.006250 
24.843760 0.931641 -9.381250 
26.707042 0.000000 -8.756250


30.123059 1.242188 -9.381250 
27.328136 -2.484376 -10.006250 
26.707042 0.000000 -8.756250 
30.123059 1.242188 -9.381250


24.843760 0.931641 -9.381250 
22.980478 0.003105 -10.625000 
24.843760 -1.555840 -8.125000 
24.843760 0.931641 -9.381250


25.154307 2.484376 -8.131250 
26.707042 0.000000 -8.756250 
24.843760 0.931641 -9.381250 
25.154307 2.484376 -8.131250


27.017589 3.108575 -8.125000 
26.707042 0.000000 -8.756250 
25.154307 2.484376 -8.131250 
27.017589 3.108575 -8.125000


30.123059 1.242188 -9.381250 
30.123059 -1.242188 -5.006250 
27.328136 -2.484376 -10.006250 
30.123059 1.242188 -9.381250


26.707042 0.000000 -8.756250 
32.296888 2.484376 -8.756250 
30.123059 1.242188 -9.381250 
26.707042 0.000000 -8.756250


27.017589 3.108575 -8.125000 
32.296888 2.484376 -8.756250 
26.707042 0.000000 -8.756250 
27.017589 3.108575 -8.125000


31.365247 4.037111 -8.131250 
32.296888 2.484376 -8.756250 
27.017589 3.108575 -8.125000 
31.365247 4.037111 -8.131250


31.678899 0.621094 -6.250000 
30.123059 -1.242188 -5.006250 
30.123059 1.242188 -9.381250 
31.678899 0.621094 -6.250000


31.365247 4.037111 -8.131250 
35.402358 4.347658 -8.756250 
32.296888 2.484376 -8.756250 
31.365247 4.037111 -8.131250


26.396495 -3.416017 -8.131250 
27.014484 -2.484376 -6.250000 
27.328136 -2.484376 -10.006250 
26.396495 -3.416017 -8.131250


30.744153 5.589846 -8.131250 
31.365247 4.037111 -8.131250 
27.017589 3.108575 -8.125000 
30.744153 5.589846 -8.131250


32.296888 2.484376 -8.756250 
31.678899 0.621094 -6.250000 
30.123059 1.242188 -9.381250 
32.296888 2.484376 -8.756250


30.744153 5.589846 -8.131250 
37.265640 5.279299 -8.131250 
31.365247 4.037111 -8.131250 
30.744153 5.589846 -8.131250


33.228529 6.521487 -7.506250 
37.265640 5.279299 -8.131250 
30.744153 5.589846 -8.131250 
33.228529 6.521487 -7.506250


31.365247 4.037111 -8.131250 
37.265640 5.279299 -8.131250 
35.402358 4.347658 -8.756250 
31.365247 4.037111 -8.131250


25.151202 0.310547 -3.750000 
24.843760 0.931641 -9.381250 
24.843760 -1.555840 -8.125000 
25.151202 0.310547 -3.750000


25.151202 0.310547 -3.750000 
25.154307 2.484376 -8.131250 
24.843760 0.931641 -9.381250 
25.151202 0.310547 -3.750000


25.154307 6.832034 -5.631250 
27.017589 3.108575 -8.125000 
25.154307 2.484376 -8.131250 
25.154307 6.832034 -5.631250


33.228529 6.521487 -7.506250 
37.579292 6.521487 -7.500000 
37.265640 5.279299 -8.131250 
33.228529 6.521487 -7.506250


26.707042 -4.968752 -6.256250 
25.151202 -4.037111 -7.500000 
26.396495 -3.416017 -8.131250 
26.707042 -4.968752 -6.256250


28.259777 6.214045 -6.875000 
27.017589 3.108575 -8.125000 
25.154307 6.832034 -5.631250 
28.259777 6.214045 -6.875000


26.707042 -4.968752 -6.256250 
26.396495 -3.416017 -8.131250 
27.328136 -2.484376 -10.006250 
26.707042 -4.968752 -6.256250


28.259777 6.214045 -6.875000 
30.744153 5.589846 -8.131250 
27.017589 3.108575 -8.125000 
28.259777 6.214045 -6.875000


33.228529 6.521487 -7.506250 
30.744153 5.589846 -8.131250 
28.259777 6.214045 -6.875000 
33.228529 6.521487 -7.506250


28.880871 7.766780 -6.250000 
33.228529 6.521487 -7.506250 
28.259777 6.214045 -6.875000 
28.880871 7.766780 -6.250000


31.986341 8.695316 -6.256250 
33.228529 6.521487 -7.506250 
28.880871 7.766780 -6.250000 
31.986341 8.695316 -6.256250


36.644546 7.453128 -6.881250 
33.228529 6.521487 -7.506250 
31.986341 8.695316 -6.256250 
36.644546 7.453128 -6.881250


34.781264 2.173829 -5.006250 
32.296888 2.484376 -8.756250 
35.402358 4.347658 -8.756250 
34.781264 2.173829 -5.006250


33.228529 6.521487 -7.506250 
36.644546 7.453128 -6.881250 
37.579292 6.521487 -7.500000 
33.228529 6.521487 -7.506250


37.265640 5.279299 -8.131250 
36.955093 2.484376 -3.756250 
35.402358 4.347658 -8.756250 
37.265640 5.279299 -8.131250


36.955093 2.484376 -3.756250 
37.265640 5.279299 -8.131250 
39.128922 4.347658 -5.631250 
36.955093 2.484376 -3.756250


37.579292 6.521487 -7.500000 
39.128922 4.347658 -5.631250 
37.265640 5.279299 -8.131250 
37.579292 6.521487 -7.500000


24.843760 -1.552735 -3.756250 
24.843760 -1.555840 -8.125000 
27.014484 -2.484376 -6.250000 
24.843760 -1.552735 -3.756250


25.775401 8.074222 -5.006250 
28.880871 7.766780 -6.250000 
25.154307 6.832034 -5.631250 
25.775401 8.074222 -5.006250


28.880871 7.766780 -6.250000 
28.259777 6.214045 -6.875000 
25.154307 6.832034 -5.631250 
28.880871 7.766780 -6.250000


30.123059 -1.242188 -5.006250 
30.747258 -3.105470 -3.125000 
27.328136 -2.484376 -10.006250 
30.123059 -1.242188 -5.006250


33.539076 11.179692 -5.006250 
36.644546 7.453128 -6.881250 
31.986341 8.695316 -6.256250 
33.539076 11.179692 -5.006250


21.741395 5.589846 -5.625000 
20.806649 3.416017 -5.006250 
18.632820 5.279299 -5.006250 
21.741395 5.589846 -5.625000


24.843760 -1.552735 -3.756250 
25.151202 0.310547 -3.750000 
24.843760 -1.555840 -8.125000 
24.843760 -1.552735 -3.756250


25.151202 -4.037111 -7.500000 
24.843760 -1.552735 -3.756250 
26.396495 -3.416017 -8.131250 
25.151202 -4.037111 -7.500000


25.775401 8.074222 -5.006250 
29.812512 9.316410 -5.631250 
28.880871 7.766780 -6.250000 
25.775401 8.074222 -5.006250


28.880871 7.766780 -6.250000 
29.812512 9.316410 -5.631250 
31.986341 8.695316 -6.256250 
28.880871 7.766780 -6.250000


33.539076 11.179692 -5.006250 
29.812512 9.316410 -5.631250 
30.744153 11.490239 -4.381250 
33.539076 11.179692 -5.006250


33.539076 11.179692 -5.006250 
31.986341 8.695316 -6.256250 
29.812512 9.316410 -5.631250 
33.539076 11.179692 -5.006250


34.781264 2.173829 -5.006250 
35.402358 4.347658 -8.756250 
36.955093 2.484376 -3.756250 
34.781264 2.173829 -5.006250


22.669931 7.453128 -4.381250 
21.741395 5.589846 -5.625000 
18.632820 5.279299 -5.006250 
22.669931 7.453128 -4.381250


22.669931 7.453128 -4.381250 
25.775401 8.074222 -5.006250 
21.741395 5.589846 -5.625000 
22.669931 7.453128 -4.381250


25.154307 2.484376 -8.131250 
25.151202 0.310547 -3.750000 
24.843760 4.968752 -3.131250 
25.154307 2.484376 -8.131250


24.843760 4.968752 -3.131250 
25.154307 6.832034 -5.631250 
25.154307 2.484376 -8.131250 
24.843760 4.968752 -3.131250


21.741395 5.589846 -5.625000 
25.775401 8.074222 -5.006250 
25.154307 6.832034 -5.631250 
21.741395 5.589846 -5.625000


25.151202 -4.037111 -7.500000 
26.707042 -4.968752 -6.256250 
26.082843 -4.347658 -2.500000 
25.151202 -4.037111 -7.500000


24.843760 -1.552735 -3.756250 
27.014484 -2.484376 -6.250000 
26.396495 -3.416017 -8.131250 
24.843760 -1.552735 -3.756250


27.949230 10.869145 -4.381250 
29.812512 9.316410 -5.631250 
25.775401 8.074222 -5.006250 
27.949230 10.869145 -4.381250


29.815617 -4.968752 -2.500000 
26.707042 -4.968752 -6.256250 
27.328136 -2.484376 -10.006250 
29.815617 -4.968752 -2.500000


30.744153 11.490239 -4.381250 
29.812512 9.316410 -5.631250 
27.949230 10.869145 -4.381250 
30.744153 11.490239 -4.381250


36.026557 9.005863 -2.500000 
37.579292 6.521487 -7.500000 
36.644546 7.453128 -6.881250 
36.026557 9.005863 -2.500000


17.076980 7.453128 -3.750000 
22.669931 7.453128 -4.381250 
18.632820 5.279299 -5.006250 
17.076980 7.453128 -3.750000


20.496102 2.173829 -3.131250 
18.632820 5.279299 -5.006250 
20.806649 3.416017 -5.006250 
20.496102 2.173829 -3.131250


21.120301 5.589846 -3.125000 
20.806649 3.416017 -5.006250 
21.741395 5.589846 -5.625000 
21.120301 5.589846 -3.125000


25.464854 9.626957 -4.381250 
25.775401 8.074222 -5.006250 
22.669931 7.453128 -4.381250 
25.464854 9.626957 -4.381250


24.843760 -1.552735 -3.756250 
25.151202 -4.037111 -7.500000 
26.082843 -4.347658 -2.500000 
24.843760 -1.552735 -3.756250


25.464854 9.626957 -4.381250 
27.949230 10.869145 -4.381250 
25.775401 8.074222 -5.006250 
25.464854 9.626957 -4.381250


29.815617 -4.968752 -2.500000 
27.949230 -6.214045 -3.750000 
26.707042 -4.968752 -6.256250 
29.815617 -4.968752 -2.500000


30.747258 -3.105470 -3.125000 
29.815617 -4.968752 -2.500000 
27.328136 -2.484376 -10.006250 
30.747258 -3.105470 -3.125000


30.744153 13.664068 -3.131250 
30.744153 11.490239 -4.381250 
27.949230 10.869145 -4.381250 
30.744153 13.664068 -3.131250


31.678899 0.621094 -6.250000 
31.986341 -1.242188 -3.131250 
30.123059 -1.242188 -5.006250 
31.678899 0.621094 -6.250000


33.539076 11.179692 -5.006250 
36.026557 9.005863 -2.500000 
36.644546 7.453128 -6.881250 
33.539076 11.179692 -5.006250


37.579292 6.521487 -7.500000 
38.510933 4.968752 -1.875000 
39.128922 4.347658 -5.631250 
37.579292 6.521487 -7.500000


18.008621 5.279299 -3.125000 
17.076980 7.453128 -3.750000 
18.632820 5.279299 -5.006250 
18.008621 5.279299 -3.125000


17.076980 7.453128 -3.750000 
21.738290 8.384769 -3.131250 
22.669931 7.453128 -4.381250 
17.076980 7.453128 -3.750000


21.117196 0.931641 -1.881250 
20.496102 2.173829 -3.131250 
20.806649 3.416017 -5.006250 
21.117196 0.931641 -1.881250


25.464854 9.626957 -4.381250 
22.669931 7.453128 -4.381250 
21.738290 8.384769 -3.131250 
25.464854 9.626957 -4.381250


24.843760 4.968752 -3.131250 
21.741395 5.589846 -5.625000 
25.154307 6.832034 -5.631250 
24.843760 4.968752 -3.131250


26.082843 -4.347658 -2.500000 
26.707042 -4.968752 -6.256250 
27.949230 -6.214045 -3.750000 
26.082843 -4.347658 -2.500000


27.017589 11.800786 -3.131250 
30.744153 13.664068 -3.131250 
27.949230 10.869145 -4.381250 
27.017589 11.800786 -3.131250


31.986341 -1.242188 -3.131250 
30.747258 -3.105470 -3.125000 
30.123059 -1.242188 -5.006250 
31.986341 -1.242188 -3.131250


30.744153 13.664068 -3.131250 
33.539076 11.179692 -5.006250 
30.744153 11.490239 -4.381250 
30.744153 13.664068 -3.131250


34.781264 2.173829 -5.006250 
33.228529 -1.552735 -1.881250 
32.296888 2.484376 -8.756250 
34.781264 2.173829 -5.006250


36.023452 0.931641 -3.131250 
33.228529 -1.552735 -1.881250 
34.781264 2.173829 -5.006250 
36.023452 0.931641 -3.131250


22.359384 11.179692 -3.131250 
17.076980 7.453128 -3.750000 
16.769538 9.626957 -2.506250 
22.359384 11.179692 -3.131250


22.359384 11.179692 -3.131250 
21.738290 8.384769 -3.131250 
17.076980 7.453128 -3.750000 
22.359384 11.179692 -3.131250


20.806649 3.416017 -5.006250 
21.120301 5.589846 -3.125000 
21.117196 0.931641 -1.881250 
20.806649 3.416017 -5.006250


27.017589 11.800786 -3.131250 
21.738290 8.384769 -3.131250 
22.359384 11.179692 -3.131250 
27.017589 11.800786 -3.131250


24.843760 4.968752 -3.131250 
25.151202 0.310547 -3.750000 
23.598467 3.726564 -2.500000 
24.843760 4.968752 -3.131250


21.738290 8.384769 -3.131250 
27.017589 11.800786 -3.131250 
25.464854 9.626957 -4.381250 
21.738290 8.384769 -3.131250


26.082843 -2.173829 -0.625000 
24.843760 -1.552735 -3.756250 
26.082843 -4.347658 -2.500000 
26.082843 -2.173829 -0.625000


25.464854 9.626957 -4.381250 
27.017589 11.800786 -3.131250 
27.949230 10.869145 -4.381250 
25.464854 9.626957 -4.381250


28.259777 14.906256 -1.881250 
30.744153 13.664068 -3.131250 
27.017589 11.800786 -3.131250 
28.259777 14.906256 -1.881250


33.228529 -1.552735 -1.881250 
31.986341 -1.242188 -3.131250 
31.678899 0.621094 -6.250000 
33.228529 -1.552735 -1.881250


33.539076 11.803891 -2.500000 
36.026557 9.005863 -2.500000 
33.539076 11.179692 -5.006250 
33.539076 11.803891 -2.500000


36.955093 2.484376 -3.756250 
36.023452 0.931641 -3.131250 
34.781264 2.173829 -5.006250 
36.955093 2.484376 -3.756250


36.026557 9.005863 -2.500000 
38.510933 4.968752 -1.875000 
37.579292 6.521487 -7.500000 
36.026557 9.005863 -2.500000


39.128922 4.347658 -5.631250 
38.507828 1.860177 -2.500000 
36.955093 2.484376 -3.756250 
39.128922 4.347658 -5.631250


17.698074 7.453128 -0.625000 
16.769538 9.626957 -2.506250 
17.076980 7.453128 -3.750000 
17.698074 7.453128 -0.625000


17.698074 7.453128 -0.625000 
17.076980 7.453128 -3.750000 
18.008621 5.279299 -3.125000 
17.698074 7.453128 -0.625000


18.008621 5.279299 -3.125000 
18.632820 5.279299 -5.006250 
20.496102 2.173829 -3.131250 
18.008621 5.279299 -3.125000


16.769538 9.626957 -2.506250 
23.291025 12.421880 -2.506250 
22.359384 11.179692 -3.131250 
16.769538 9.626957 -2.506250


21.120301 5.589846 -3.125000 
21.741395 5.589846 -5.625000 
24.843760 4.968752 -3.131250 
21.120301 5.589846 -3.125000


23.598467 3.726564 -2.500000 
25.151202 0.310547 -3.750000 
23.291025 0.621094 -1.881250 
23.598467 3.726564 -2.500000


25.151202 0.310547 -3.750000 
24.843760 -1.552735 -3.756250 
26.082843 -2.173829 -0.625000 
25.151202 0.310547 -3.750000


23.291025 12.421880 -2.506250 
27.017589 11.800786 -3.131250 
22.359384 11.179692 -3.131250 
23.291025 12.421880 -2.506250


27.017589 11.800786 -3.131250 
23.291025 12.421880 -2.506250 
25.154307 13.042974 -1.881250 
27.017589 11.800786 -3.131250


28.259777 14.906256 -1.881250 
27.017589 11.800786 -3.131250 
25.154307 13.042974 -1.881250 
28.259777 14.906256 -1.881250


30.744153 13.664068 -3.131250 
33.539076 11.803891 -2.500000 
33.539076 11.179692 -5.006250 
30.744153 13.664068 -3.131250


32.296888 2.484376 -8.756250 
33.228529 -1.552735 -1.881250 
31.678899 0.621094 -6.250000 
32.296888 2.484376 -8.756250


38.507828 1.860177 -2.500000 
36.023452 0.931641 -3.131250 
36.955093 2.484376 -3.756250 
38.507828 1.860177 -2.500000


16.769538 12.424985 -1.250000 
16.769538 9.626957 -2.506250 
15.524245 10.869145 -1.875000 
16.769538 12.424985 -1.250000


20.185555 14.285162 -1.256250 
16.769538 9.626957 -2.506250 
16.769538 12.424985 -1.250000 
20.185555 14.285162 -1.256250


20.185555 14.285162 -1.256250 
23.291025 12.421880 -2.506250 
16.769538 9.626957 -2.506250 
20.185555 14.285162 -1.256250


21.120301 5.589846 -3.125000 
23.598467 3.726564 -2.500000 
21.117196 0.931641 -1.881250 
21.120301 5.589846 -3.125000


23.598467 3.726564 -2.500000 
23.291025 0.621094 -1.881250 
21.117196 0.931641 -1.881250 
23.598467 3.726564 -2.500000


21.120301 5.589846 -3.125000 
24.843760 4.968752 -3.131250 
23.598467 3.726564 -2.500000 
21.120301 5.589846 -3.125000


20.185555 14.285162 -1.256250 
25.154307 13.042974 -1.881250 
23.291025 12.421880 -2.506250 
20.185555 14.285162 -1.256250


30.744153 13.664068 -3.131250 
30.436711 13.042974 0.000000 
33.539076 11.803891 -2.500000 
30.744153 13.664068 -3.131250


35.091811 -1.552735 -1.881250 
33.228529 -1.552735 -1.881250 
36.023452 0.931641 -3.131250 
35.091811 -1.552735 -1.881250


37.886734 -0.931641 -0.631250 
36.023452 0.931641 -3.131250 
38.507828 1.860177 -2.500000 
37.886734 -0.931641 -0.631250


36.026557 9.005863 -2.500000 
36.958198 4.347658 3.750000 
38.510933 4.968752 -1.875000 
36.026557 9.005863 -2.500000


39.128922 4.347658 -5.631250 
40.063668 1.242188 -0.625000 
38.507828 1.860177 -2.500000 
39.128922 4.347658 -5.631250


16.769538 12.424985 -1.250000 
15.524245 10.869145 -1.875000 
12.421880 12.111333 -0.631250 
16.769538 12.424985 -1.250000


15.524245 9.005863 1.875000 
15.524245 10.869145 -1.875000 
16.769538 9.626957 -2.506250 
15.524245 9.005863 1.875000


15.524245 9.005863 1.875000 
16.769538 9.626957 -2.506250 
17.698074 7.453128 -0.625000 
15.524245 9.005863 1.875000


18.943367 14.595709 -0.006250 
20.185555 14.285162 -1.256250 
16.769538 12.424985 -1.250000 
18.943367 14.595709 -0.006250


23.291025 0.621094 -1.881250 
21.427743 -1.552735 0.618750 
21.117196 0.931641 -1.881250 
23.291025 0.621094 -1.881250


25.464854 15.841002 -0.625000 
25.154307 13.042974 -1.881250 
20.185555 14.285162 -1.256250 
25.464854 15.841002 -0.625000


24.843760 -1.245293 3.125000 
23.291025 0.621094 -1.881250 
25.151202 0.310547 -3.750000 
24.843760 -1.245293 3.125000


26.082843 -4.347658 -2.500000 
24.840655 -5.589846 1.250000 
24.530108 -4.658205 -1.250000 
26.082843 -4.347658 -2.500000


25.464854 15.841002 -0.625000 
28.259777 14.906256 -1.881250 
25.154307 13.042974 -1.881250 
25.464854 15.841002 -0.625000


28.880871 -5.903498 0.625000 
27.949230 -6.214045 -3.750000 
29.815617 -4.968752 -2.500000 
28.880871 -5.903498 0.625000


28.259777 14.906256 -1.881250 
30.436711 13.042974 0.000000 
30.744153 13.664068 -3.131250 
28.259777 14.906256 -1.881250


30.747258 -3.105470 -3.125000 
31.986341 -4.347658 -0.631250 
29.815617 -4.968752 -2.500000 
30.747258 -3.105470 -3.125000


31.986341 -1.242188 -3.131250 
31.986341 -4.347658 -0.631250 
30.747258 -3.105470 -3.125000 
31.986341 -1.242188 -3.131250


33.228529 -1.552735 -1.881250 
31.986341 -4.347658 -0.631250 
31.986341 -1.242188 -3.131250 
33.228529 -1.552735 -1.881250


33.228529 -1.552735 -1.881250 
34.781264 -3.416017 -0.631250 
31.986341 -4.347658 -0.631250 
33.228529 -1.552735 -1.881250


33.228529 -1.552735 -1.881250 
35.091811 -1.552735 -1.881250 
34.781264 -3.416017 -0.631250 
33.228529 -1.552735 -1.881250


35.091811 -1.552735 -1.881250 
36.023452 0.931641 -3.131250 
37.886734 -0.931641 -0.631250 
35.091811 -1.552735 -1.881250


12.421880 12.111333 -0.631250 
11.179692 10.248051 3.118750 
10.869145 12.421880 -0.631250 
12.421880 12.111333 -0.631250


13.042974 13.353521 -0.006250 
12.421880 12.111333 -0.631250 
10.869145 12.421880 -0.631250 
13.042974 13.353521 -0.006250


15.524245 9.005863 1.875000 
12.421880 12.111333 -0.631250 
15.524245 10.869145 -1.875000 
15.524245 9.005863 1.875000


12.421880 12.111333 -0.631250 
18.943367 14.595709 -0.006250 
16.769538 12.424985 -1.250000 
12.421880 12.111333 -0.631250


13.042974 13.353521 -0.006250 
18.943367 14.595709 -0.006250 
12.421880 12.111333 -0.631250 
13.042974 13.353521 -0.006250


18.008621 2.484376 3.125000 
17.390632 4.037111 3.118750 
20.496102 2.173829 -3.131250 
18.008621 2.484376 3.125000


17.390632 4.037111 3.118750 
18.008621 5.279299 -3.125000 
20.496102 2.173829 -3.131250 
17.390632 4.037111 3.118750


23.291025 16.462096 0.000000 
25.464854 15.841002 -0.625000 
20.185555 14.285162 -1.256250 
23.291025 16.462096 0.000000


24.530108 -4.658205 -1.250000 
26.082843 -2.173829 -0.625000 
26.082843 -4.347658 -2.500000 
24.530108 -4.658205 -1.250000


24.840655 -5.589846 1.250000 
26.082843 -4.347658 -2.500000 
27.949230 -6.214045 -3.750000 
24.840655 -5.589846 1.250000


25.464854 15.841002 -0.625000 
27.641788 14.285162 0.625000 
28.259777 14.906256 -1.881250 
25.464854 15.841002 -0.625000


37.886734 -0.931641 -0.631250 
34.781264 -3.416017 -0.631250 
35.091811 -1.552735 -1.881250 
37.886734 -0.931641 -0.631250


33.539076 11.803891 -2.500000 
35.094916 9.316410 1.250000 
36.026557 9.005863 -2.500000 
33.539076 11.803891 -2.500000


40.063668 1.242188 -0.625000 
37.886734 -0.931641 -0.631250 
38.507828 1.860177 -2.500000 
40.063668 1.242188 -0.625000


12.111333 14.906256 -0.006250 
13.042974 13.353521 -0.006250 
10.869145 12.421880 -0.631250 
12.111333 14.906256 -0.006250


12.111333 14.906256 -0.006250 
14.906256 15.841002 0.625000 
13.042974 13.353521 -0.006250 
12.111333 14.906256 -0.006250


14.906256 15.841002 0.625000 
18.943367 14.595709 -0.006250 
13.042974 13.353521 -0.006250 
14.906256 15.841002 0.625000


18.943367 14.595709 -0.006250 
14.906256 15.841002 0.625000 
20.806649 16.772643 0.625000 
18.943367 14.595709 -0.006250


18.008621 2.484376 3.125000 
20.496102 2.173829 -3.131250 
21.117196 0.931641 -1.881250 
18.008621 2.484376 3.125000


18.943367 14.595709 -0.006250 
23.291025 16.462096 0.000000 
20.185555 14.285162 -1.256250 
18.943367 14.595709 -0.006250


20.806649 16.772643 0.625000 
23.291025 16.462096 0.000000 
18.943367 14.595709 -0.006250 
20.806649 16.772643 0.625000


26.085948 -3.726564 1.256250 
26.082843 -2.173829 -0.625000 
24.530108 -4.658205 -1.250000 
26.085948 -3.726564 1.256250


27.017589 -6.832034 1.243750 
27.949230 -6.214045 -3.750000 
28.880871 -5.903498 0.625000 
27.017589 -6.832034 1.243750


30.436711 13.042974 0.000000 
31.675794 12.114438 2.500000 
33.539076 11.803891 -2.500000 
30.436711 13.042974 0.000000


37.886734 -0.931641 -0.631250 
36.955093 -2.798028 0.625000 
34.781264 -3.416017 -0.631250 
37.886734 -0.931641 -0.631250


37.889839 2.484376 3.750000 
39.128922 4.347658 -5.631250 
38.510933 4.968752 -1.875000 
37.889839 2.484376 3.750000


11.179692 10.248051 3.118750 
12.421880 12.111333 -0.631250 
13.353521 10.248051 3.118750 
11.179692 10.248051 3.118750


13.353521 10.248051 3.118750 
12.421880 12.111333 -0.631250 
15.524245 9.005863 1.875000 
13.353521 10.248051 3.118750


17.080085 5.279299 2.493750 
17.698074 7.453128 -0.625000 
18.008621 5.279299 -3.125000 
17.080085 5.279299 2.493750


17.080085 5.279299 2.493750 
18.008621 5.279299 -3.125000 
17.390632 4.037111 3.118750 
17.080085 5.279299 2.493750


20.806649 16.772643 0.625000 
22.048837 16.148444 1.881250 
23.291025 16.462096 0.000000 
20.806649 16.772643 0.625000


24.840655 -5.589846 1.250000 
26.085948 -3.726564 1.256250 
24.530108 -4.658205 -1.250000 
24.840655 -5.589846 1.250000


24.843760 -1.245293 3.125000 
25.151202 0.310547 -3.750000 
26.082843 -2.173829 -0.625000 
24.843760 -1.245293 3.125000


27.017589 -6.832034 1.243750 
24.840655 -5.589846 1.250000 
27.949230 -6.214045 -3.750000 
27.017589 -6.832034 1.243750


27.641788 14.285162 0.625000 
29.191418 13.046079 3.125000 
28.259777 14.906256 -1.881250 
27.641788 14.285162 0.625000


30.744153 -5.589846 4.368750 
28.880871 -5.903498 0.625000 
29.815617 -4.968752 -2.500000 
30.744153 -5.589846 4.368750


30.744153 -5.589846 4.368750 
29.815617 -4.968752 -2.500000 
31.986341 -4.347658 -0.631250 
30.744153 -5.589846 4.368750


30.744153 -5.589846 4.368750 
31.986341 -4.347658 -0.631250 
32.607435 -4.350763 1.875000 
30.744153 -5.589846 4.368750


32.607435 -4.350763 1.875000 
31.986341 -4.347658 -0.631250 
34.781264 -3.416017 -0.631250 
32.607435 -4.350763 1.875000


40.374215 -1.242188 1.250000 
36.955093 -2.798028 0.625000 
37.886734 -0.931641 -0.631250 
40.374215 -1.242188 1.250000


40.063668 1.242188 -0.625000 
40.374215 -1.242188 1.250000 
37.886734 -0.931641 -0.631250 
40.063668 1.242188 -0.625000


37.889839 2.484376 3.750000 
39.132027 0.000000 3.750000 
39.128922 4.347658 -5.631250 
37.889839 2.484376 3.750000


39.132027 0.000000 3.750000 
40.063668 1.242188 -0.625000 
39.128922 4.347658 -5.631250 
39.132027 0.000000 3.750000


12.111333 14.906256 -0.006250 
10.869145 12.421880 -0.631250 
11.179692 10.248051 3.118750 
12.111333 14.906256 -0.006250


13.042974 13.977720 3.125000 
14.906256 15.841002 0.625000 
12.111333 14.906256 -0.006250 
13.042974 13.977720 3.125000


18.008621 2.484376 3.125000 
21.117196 0.931641 -1.881250 
21.427743 -1.552735 0.618750 
18.008621 2.484376 3.125000


27.641788 14.285162 0.625000 
25.464854 15.841002 -0.625000 
23.291025 16.462096 0.000000 
27.641788 14.285162 0.625000


34.781264 -3.416017 -0.631250 
36.955093 -2.798028 0.625000 
36.333999 -3.108575 4.375000 
34.781264 -3.416017 -0.631250


35.094916 9.316410 1.250000 
36.958198 4.347658 3.750000 
36.026557 9.005863 -2.500000 
35.094916 9.316410 1.250000


36.958198 4.347658 3.750000 
37.889839 2.484376 3.750000 
38.510933 4.968752 -1.875000 
36.958198 4.347658 3.750000


17.080085 5.279299 2.493750 
15.524245 9.005863 1.875000 
17.698074 7.453128 -0.625000 
17.080085 5.279299 2.493750


18.011726 15.841002 3.750000 
20.806649 16.772643 0.625000 
14.906256 15.841002 0.625000 
18.011726 15.841002 3.750000


19.250809 0.000000 2.500000 
21.427743 -1.552735 0.618750 
21.738290 -3.105470 4.993750 
19.250809 0.000000 2.500000


23.291025 0.621094 -1.881250 
24.843760 -1.245293 3.125000 
21.427743 -1.552735 0.618750 
23.291025 0.621094 -1.881250


21.738290 14.288267 3.750000 
23.291025 16.462096 0.000000 
22.048837 16.148444 1.881250 
21.738290 14.288267 3.750000


23.291025 16.462096 0.000000 
21.738290 14.288267 3.750000 
27.641788 14.285162 0.625000 
23.291025 16.462096 0.000000


26.085948 -6.832034 4.381250 
24.840655 -5.589846 1.250000 
27.017589 -6.832034 1.243750 
26.085948 -6.832034 4.381250


26.393390 -2.794923 3.750000 
26.082843 -2.173829 -0.625000 
26.085948 -3.726564 1.256250 
26.393390 -2.794923 3.750000


28.259777 14.906256 -1.881250 
29.191418 13.046079 3.125000 
30.436711 13.042974 0.000000 
28.259777 14.906256 -1.881250


29.191418 13.046079 3.125000 
31.675794 12.114438 2.500000 
30.436711 13.042974 0.000000 
29.191418 13.046079 3.125000


31.675794 12.114438 2.500000 
35.094916 9.316410 1.250000 
33.539076 11.803891 -2.500000 
31.675794 12.114438 2.500000


36.333999 -3.108575 4.375000 
32.607435 -4.350763 1.875000 
34.781264 -3.416017 -0.631250 
36.333999 -3.108575 4.375000


14.906256 15.841002 0.625000 
13.042974 13.977720 3.125000 
15.837897 15.219908 3.750000 
14.906256 15.841002 0.625000


16.145339 5.900393 4.375000 
15.524245 9.005863 1.875000 
17.080085 5.279299 2.493750 
16.145339 5.900393 4.375000


18.011726 15.841002 3.750000 
14.906256 15.841002 0.625000 
15.837897 15.219908 3.750000 
18.011726 15.841002 3.750000


19.250809 0.000000 2.500000 
18.008621 2.484376 3.125000 
21.427743 -1.552735 0.618750 
19.250809 0.000000 2.500000


22.048837 16.148444 1.881250 
20.806649 16.772643 0.625000 
18.011726 15.841002 3.750000 
22.048837 16.148444 1.881250


24.843760 -1.245293 3.125000 
23.291025 -3.105470 4.368750 
21.427743 -1.552735 0.618750 
24.843760 -1.245293 3.125000


27.017589 13.977720 4.375000 
29.191418 13.046079 3.125000 
27.641788 14.285162 0.625000 
27.017589 13.977720 4.375000


35.716010 6.521487 4.375000 
36.958198 4.347658 3.750000 
35.094916 9.316410 1.250000 
35.716010 6.521487 4.375000


36.333999 -3.108575 4.375000 
36.955093 -2.798028 0.625000 
38.197281 -2.798028 5.000000 
36.333999 -3.108575 4.375000


40.374215 -1.242188 1.250000 
40.063668 1.242188 -0.625000 
39.132027 0.000000 3.750000 
40.374215 -1.242188 1.250000


10.244946 11.179692 6.250000 
12.111333 14.906256 -0.006250 
11.179692 10.248051 3.118750 
10.244946 11.179692 6.250000


13.353521 10.248051 3.118750 
11.487134 8.074222 7.500000 
11.179692 10.248051 3.118750 
13.353521 10.248051 3.118750


21.738290 -3.105470 4.993750 
21.427743 -1.552735 0.618750 
23.291025 -3.105470 4.368750 
21.738290 -3.105470 4.993750


24.843760 -1.245293 3.125000 
26.082843 -2.173829 -0.625000 
26.393390 -2.794923 3.750000 
24.843760 -1.245293 3.125000


26.085948 -6.832034 4.381250 
26.085948 -3.726564 1.256250 
24.840655 -5.589846 1.250000 
26.085948 -6.832034 4.381250


30.744153 -6.832034 8.743750 
27.017589 -6.832034 1.243750 
28.880871 -5.903498 0.625000 
30.744153 -6.832034 8.743750


38.197281 -2.798028 5.000000 
36.955093 -2.798028 0.625000 
40.374215 -1.242188 1.250000 
38.197281 -2.798028 5.000000


18.319168 1.242188 6.250000 
17.390632 4.037111 3.118750 
18.008621 2.484376 3.125000 
18.319168 1.242188 6.250000


21.738290 14.288267 3.750000 
22.048837 16.148444 1.881250 
19.564461 14.598814 5.625000 
21.738290 14.288267 3.750000


21.738290 14.288267 3.750000 
27.017589 13.977720 4.375000 
27.641788 14.285162 0.625000 
21.738290 14.288267 3.750000


26.393390 -2.794923 3.750000 
26.085948 -3.726564 1.256250 
26.085948 -6.832034 4.381250 
26.393390 -2.794923 3.750000


30.744153 -5.589846 4.368750 
30.744153 -6.832034 8.743750 
28.880871 -5.903498 0.625000 
30.744153 -5.589846 4.368750


36.333999 -3.108575 4.375000 
33.228529 -4.661310 5.000000 
32.607435 -4.350763 1.875000 
36.333999 -3.108575 4.375000


12.111333 14.906256 -0.006250 
13.353521 14.598814 5.625000 
13.042974 13.977720 3.125000 
12.111333 14.906256 -0.006250


13.353521 8.695316 5.618750 
11.487134 8.074222 7.500000 
13.353521 10.248051 3.118750 
13.353521 8.695316 5.618750


16.145339 5.900393 4.375000 
17.080085 5.279299 2.493750 
17.390632 4.037111 3.118750 
16.145339 5.900393 4.375000


18.011726 15.841002 3.750000 
19.564461 14.598814 5.625000 
22.048837 16.148444 1.881250 
18.011726 15.841002 3.750000


26.396495 13.667173 9.375000 
27.017589 13.977720 4.375000 
21.738290 14.288267 3.750000 
26.396495 13.667173 9.375000


25.464854 -2.484376 6.868750 
24.843760 -1.245293 3.125000 
26.393390 -2.794923 3.750000 
25.464854 -2.484376 6.868750


29.191418 -6.521487 8.743750 
27.017589 -6.832034 1.243750 
30.744153 -6.832034 8.743750 
29.191418 -6.521487 8.743750


33.228529 -4.661310 5.000000 
30.744153 -5.589846 4.368750 
32.607435 -4.350763 1.875000 
33.228529 -4.661310 5.000000


29.815617 12.421880 6.250000 
35.094916 9.316410 1.250000 
31.675794 12.114438 2.500000 
29.815617 12.421880 6.250000


38.510933 1.552735 6.250000 
39.132027 0.000000 3.750000 
37.889839 2.484376 3.750000 
38.510933 1.552735 6.250000


12.111333 13.356626 9.375000 
12.111333 14.906256 -0.006250 
10.244946 11.179692 6.250000 
12.111333 13.356626 9.375000


12.111333 13.356626 9.375000 
13.353521 14.598814 5.625000 
12.111333 14.906256 -0.006250 
12.111333 13.356626 9.375000


13.353521 14.598814 5.625000 
15.837897 15.219908 3.750000 
13.042974 13.977720 3.125000 
13.353521 14.598814 5.625000


13.974615 6.207835 9.375000 
13.353521 8.695316 5.618750 
15.524245 9.005863 1.875000 
13.974615 6.207835 9.375000


21.738290 14.288267 3.750000 
22.048837 14.598814 7.500000 
26.396495 13.667173 9.375000 
21.738290 14.288267 3.750000


21.738290 -3.105470 4.993750 
23.291025 -3.105470 4.368750 
23.291025 -4.968752 4.993750 
21.738290 -3.105470 4.993750


29.191418 13.046079 3.125000 
29.815617 12.421880 6.250000 
31.675794 12.114438 2.500000 
29.191418 13.046079 3.125000


13.353521 8.695316 5.618750 
13.353521 10.248051 3.118750 
15.524245 9.005863 1.875000 
13.353521 8.695316 5.618750


13.974615 6.207835 9.375000 
15.524245 9.005863 1.875000 
16.145339 5.900393 4.375000 
13.974615 6.207835 9.375000


18.322273 14.909361 10.625000 
18.011726 15.841002 3.750000 
15.837897 15.219908 3.750000 
18.322273 14.909361 10.625000


18.319168 -0.931641 7.500000 
18.008621 2.484376 3.125000 
19.250809 0.000000 2.500000 
18.319168 -0.931641 7.500000


18.319168 -0.931641 7.500000 
19.250809 0.000000 2.500000 
21.738290 -3.105470 4.993750 
18.319168 -0.931641 7.500000


23.601572 -2.794923 6.868750 
23.291025 -3.105470 4.368750 
24.843760 -1.245293 3.125000 
23.601572 -2.794923 6.868750


25.464854 -2.484376 6.868750 
26.393390 -2.794923 3.750000 
26.707042 -4.347658 6.868750 
25.464854 -2.484376 6.868750


26.393390 -2.794923 3.750000 
26.085948 -6.832034 4.381250 
26.707042 -4.347658 6.868750 
26.393390 -2.794923 3.750000


26.085948 -6.832034 4.381250 
27.017589 -6.832034 1.243750 
29.191418 -6.521487 8.743750 
26.085948 -6.832034 4.381250


27.017589 13.977720 4.375000 
27.949230 12.732427 9.381250 
29.191418 13.046079 3.125000 
27.017589 13.977720 4.375000


29.815617 12.421880 6.250000 
35.716010 6.521487 4.375000 
35.094916 9.316410 1.250000 
29.815617 12.421880 6.250000


36.958198 4.347658 3.750000 
38.510933 1.552735 6.250000 
37.889839 2.484376 3.750000 
36.958198 4.347658 3.750000


39.132027 0.000000 3.750000 
39.753121 -1.863282 6.875000 
40.374215 -1.242188 1.250000 
39.132027 0.000000 3.750000


14.906256 14.909361 8.750000 
18.322273 14.909361 10.625000 
15.837897 15.219908 3.750000 
14.906256 14.909361 8.750000


18.319168 -0.931641 7.500000 
18.319168 1.242188 6.250000 
18.008621 2.484376 3.125000 
18.319168 -0.931641 7.500000


18.011726 15.841002 3.750000 
19.875008 14.909361 8.750000 
19.564461 14.598814 5.625000 
18.011726 15.841002 3.750000


18.943367 -3.105470 9.381250 
18.319168 -0.931641 7.500000 
21.738290 -3.105470 4.993750 
18.943367 -3.105470 9.381250


19.564461 14.598814 5.625000 
22.048837 14.598814 7.500000 
21.738290 14.288267 3.750000 
19.564461 14.598814 5.625000


23.291025 -3.105470 4.368750 
23.601572 -2.794923 6.868750 
23.291025 -4.968752 4.993750 
23.291025 -3.105470 4.368750


23.601572 -2.794923 6.868750 
24.843760 -1.245293 3.125000 
25.464854 -2.484376 6.868750 
23.601572 -2.794923 6.868750


29.191418 13.046079 3.125000 
27.949230 12.732427 9.381250 
29.815617 12.421880 6.250000 
29.191418 13.046079 3.125000


29.815617 12.421880 6.250000 
33.542181 9.005863 8.125000 
35.716010 6.521487 4.375000 
29.815617 12.421880 6.250000


37.265640 -3.726564 9.368750 
36.333999 -3.108575 4.375000 
38.197281 -2.798028 5.000000 
37.265640 -3.726564 9.368750


35.716010 6.521487 4.375000 
36.958198 3.416017 8.750000 
36.958198 4.347658 3.750000 
35.716010 6.521487 4.375000


36.958198 3.416017 8.750000 
38.510933 1.552735 6.250000 
36.958198 4.347658 3.750000 
36.958198 3.416017 8.750000


39.753121 -1.863282 6.875000 
38.197281 -2.798028 5.000000 
40.374215 -1.242188 1.250000 
39.753121 -1.863282 6.875000


18.319168 1.242188 6.250000 
16.145339 5.900393 4.375000 
17.390632 4.037111 3.118750 
18.319168 1.242188 6.250000


21.117196 -4.037111 7.493750 
21.738290 -3.105470 4.993750 
23.291025 -4.968752 4.993750 
21.117196 -4.037111 7.493750


23.601572 -2.794923 6.868750 
26.707042 -4.347658 6.868750 
23.291025 -4.968752 4.993750 
23.601572 -2.794923 6.868750


23.601572 -2.794923 6.868750 
25.464854 -2.484376 6.868750 
26.707042 -4.347658 6.868750 
23.601572 -2.794923 6.868750


35.091811 -4.968752 11.868750 
30.744153 -5.589846 4.368750 
33.228529 -4.661310 5.000000 
35.091811 -4.968752 11.868750


37.265640 -3.726564 9.368750 
33.228529 -4.661310 5.000000 
36.333999 -3.108575 4.375000 
37.265640 -3.726564 9.368750


10.866040 8.695316 10.625000 
11.179692 10.248051 3.118750 
11.487134 8.074222 7.500000 
10.866040 8.695316 10.625000


13.974615 6.207835 9.375000 
11.487134 8.074222 7.500000 
13.353521 8.695316 5.618750 
13.974615 6.207835 9.375000


13.353521 14.598814 5.625000 
14.906256 14.909361 8.750000 
15.837897 15.219908 3.750000 
13.353521 14.598814 5.625000


19.875008 14.909361 8.750000 
22.048837 14.598814 7.500000 
19.564461 14.598814 5.625000 
19.875008 14.909361 8.750000


23.291025 -6.521487 9.381250 
21.117196 -4.037111 7.493750 
24.533213 -7.453128 7.493750 
23.291025 -6.521487 9.381250


24.533213 -7.453128 7.493750 
21.117196 -4.037111 7.493750 
23.291025 -4.968752 4.993750 
24.533213 -7.453128 7.493750


26.707042 -4.347658 6.868750 
24.533213 -7.453128 7.493750 
23.291025 -4.968752 4.993750 
26.707042 -4.347658 6.868750


33.542181 9.005863 8.125000 
34.160170 7.145686 10.625000 
35.716010 6.521487 4.375000 
33.542181 9.005863 8.125000


36.958198 3.416017 8.750000 
38.510933 -0.310547 10.625000 
38.510933 1.552735 6.250000 
36.958198 3.416017 8.750000


38.510933 1.552735 6.250000 
38.821480 -3.416017 13.125000 
39.132027 0.000000 3.750000 
38.510933 1.552735 6.250000


10.866040 8.695316 10.625000 
10.244946 11.179692 6.250000 
11.179692 10.248051 3.118750 
10.866040 8.695316 10.625000


10.866040 8.695316 10.625000 
12.111333 13.356626 9.375000 
10.244946 11.179692 6.250000 
10.866040 8.695316 10.625000


16.145339 5.900393 4.375000 
18.319168 1.242188 6.250000 
16.455886 2.794923 10.625000 
16.145339 5.900393 4.375000


18.943367 -3.105470 9.381250 
21.738290 -3.105470 4.993750 
21.117196 -4.037111 7.493750 
18.943367 -3.105470 9.381250


26.396495 13.667173 9.375000 
27.949230 12.732427 9.381250 
27.017589 13.977720 4.375000 
26.396495 13.667173 9.375000


27.949230 12.732427 9.381250 
30.433606 11.493344 9.375000 
29.815617 12.421880 6.250000 
27.949230 12.732427 9.381250


33.849623 -5.282404 12.500000 
30.744153 -6.832034 8.743750 
30.744153 -5.589846 4.368750 
33.849623 -5.282404 12.500000


29.815617 12.421880 6.250000 
30.433606 11.493344 9.375000 
33.542181 9.005863 8.125000 
29.815617 12.421880 6.250000


35.716010 5.279299 9.375000 
36.958198 3.416017 8.750000 
35.716010 6.521487 4.375000 
35.716010 5.279299 9.375000


39.753121 -1.863282 6.875000 
37.265640 -3.726564 9.368750 
38.197281 -2.798028 5.000000 
39.753121 -1.863282 6.875000


38.821480 -3.416017 13.125000 
39.753121 -1.863282 6.875000 
39.132027 0.000000 3.750000 
38.821480 -3.416017 13.125000


10.866040 8.695316 10.625000 
11.487134 8.074222 7.500000 
13.974615 6.207835 9.375000 
10.866040 8.695316 10.625000


17.076980 1.242188 11.250000 
16.455886 2.794923 10.625000 
18.319168 1.242188 6.250000 
17.076980 1.242188 11.250000


17.076980 1.242188 11.250000 
18.319168 1.242188 6.250000 
17.387527 -0.310547 11.250000 
17.076980 1.242188 11.250000


18.319168 -0.931641 7.500000 
17.387527 -0.310547 11.250000 
18.319168 1.242188 6.250000 
18.319168 -0.931641 7.500000


17.387527 -0.310547 11.250000 
18.319168 -0.931641 7.500000 
18.943367 -3.105470 9.381250 
17.387527 -0.310547 11.250000


21.738290 -5.589846 10.006250 
21.117196 -4.037111 7.493750 
23.291025 -6.521487 9.381250 
21.738290 -5.589846 10.006250


22.359384 14.598814 10.625000 
26.396495 13.667173 9.375000 
22.048837 14.598814 7.500000 
22.359384 14.598814 10.625000


23.601572 -7.453128 10.006250 
23.291025 -6.521487 9.381250 
24.533213 -7.453128 7.493750 
23.601572 -7.453128 10.006250


26.707042 -4.347658 6.868750 
25.775401 -6.210940 9.368750 
24.533213 -7.453128 7.493750 
26.707042 -4.347658 6.868750


27.017589 -8.384769 9.993750 
26.707042 -4.347658 6.868750 
26.085948 -6.832034 4.381250 
27.017589 -8.384769 9.993750


35.091811 -4.968752 11.868750 
33.849623 -5.282404 12.500000 
30.744153 -5.589846 4.368750 
35.091811 -4.968752 11.868750


34.160170 7.145686 10.625000 
35.716010 5.279299 9.375000 
35.716010 6.521487 4.375000 
34.160170 7.145686 10.625000


38.510933 -0.310547 10.625000 
38.821480 -3.416017 13.125000 
38.510933 1.552735 6.250000 
38.510933 -0.310547 10.625000


19.250809 -3.416017 11.250000 
18.943367 -3.105470 9.381250 
21.117196 -4.037111 7.493750 
19.250809 -3.416017 11.250000


19.875008 14.909361 8.750000 
22.359384 14.598814 10.625000 
22.048837 14.598814 7.500000 
19.875008 14.909361 8.750000


25.775401 -6.210940 9.368750 
26.707042 -8.387874 11.875000 
24.533213 -7.453128 7.493750 
25.775401 -6.210940 9.368750


27.017589 -8.384769 9.993750 
25.775401 -6.210940 9.368750 
26.707042 -4.347658 6.868750 
27.017589 -8.384769 9.993750


29.191418 -6.521487 8.743750 
27.017589 -8.384769 9.993750 
26.085948 -6.832034 4.381250 
29.191418 -6.521487 8.743750


11.487134 11.800786 13.750000 
12.111333 13.356626 9.375000 
10.866040 8.695316 10.625000 
11.487134 11.800786 13.750000


12.111333 13.356626 9.375000 
13.974615 12.735532 13.750000 
13.353521 14.598814 5.625000 
12.111333 13.356626 9.375000


13.974615 12.735532 13.750000 
14.906256 14.909361 8.750000 
13.353521 14.598814 5.625000 
13.974615 12.735532 13.750000


16.455886 2.794923 10.625000 
13.974615 6.207835 9.375000 
16.145339 5.900393 4.375000 
16.455886 2.794923 10.625000


18.322273 14.909361 10.625000 
19.875008 14.909361 8.750000 
18.011726 15.841002 3.750000 
18.322273 14.909361 10.625000


19.250809 -3.416017 11.250000 
21.117196 -4.037111 7.493750 
21.738290 -5.589846 10.006250 
19.250809 -3.416017 11.250000


23.601572 -7.453128 10.006250 
23.598467 -6.210940 11.250000 
23.291025 -6.521487 9.381250 
23.601572 -7.453128 10.006250


24.533213 13.042974 11.256250 
26.396495 13.667173 9.375000 
22.359384 14.598814 10.625000 
24.533213 13.042974 11.256250


23.601572 -7.453128 10.006250 
24.533213 -7.453128 7.493750 
25.154307 -9.940609 11.250000 
23.601572 -7.453128 10.006250


26.707042 -8.387874 11.875000 
25.154307 -9.940609 11.250000 
24.533213 -7.453128 7.493750 
26.707042 -8.387874 11.875000


35.091811 -4.968752 11.868750 
33.228529 -4.661310 5.000000 
37.265640 -3.726564 9.368750 
35.091811 -4.968752 11.868750


15.837897 14.285162 11.881250 
18.322273 14.909361 10.625000 
14.906256 14.909361 8.750000 
15.837897 14.285162 11.881250


23.291025 -6.521487 9.381250 
19.250809 -3.416017 11.250000 
21.738290 -5.589846 10.006250 
23.291025 -6.521487 9.381250


23.598467 -6.210940 11.250000 
19.250809 -3.416017 11.250000 
23.291025 -6.521487 9.381250 
23.598467 -6.210940 11.250000


26.396495 13.667173 9.375000 
26.085948 11.803891 13.125000 
27.949230 12.732427 9.381250 
26.396495 13.667173 9.375000


28.570324 -9.005863 13.118750 
29.191418 -6.521487 8.743750 
30.744153 -6.832034 8.743750 
28.570324 -9.005863 13.118750


27.949230 12.732427 9.381250 
31.365247 9.937504 13.131250 
30.433606 11.493344 9.375000 
27.949230 12.732427 9.381250


38.821480 -3.416017 13.125000 
37.265640 -3.726564 9.368750 
39.753121 -1.863282 6.875000 
38.821480 -3.416017 13.125000


12.732427 6.518382 13.125000 
10.866040 8.695316 10.625000 
13.974615 6.207835 9.375000 
12.732427 6.518382 13.125000


11.487134 11.800786 13.750000 
13.974615 12.735532 13.750000 
12.111333 13.356626 9.375000 
11.487134 11.800786 13.750000


13.974615 12.735532 13.750000 
15.837897 14.285162 11.881250 
14.906256 14.909361 8.750000 
13.974615 12.735532 13.750000


20.496102 13.974615 13.131250 
19.875008 14.909361 8.750000 
18.322273 14.909361 10.625000 
20.496102 13.974615 13.131250


25.154307 -9.940609 11.250000 
23.598467 -6.210940 11.250000 
23.601572 -7.453128 10.006250 
25.154307 -9.940609 11.250000


26.707042 -8.387874 11.875000 
25.775401 -6.210940 9.368750 
27.017589 -8.384769 9.993750 
26.707042 -8.387874 11.875000


28.570324 -9.005863 13.118750 
27.017589 -8.384769 9.993750 
29.191418 -6.521487 8.743750 
28.570324 -9.005863 13.118750


33.849623 -5.282404 12.500000 
30.744153 -8.384769 12.493750 
30.744153 -6.832034 8.743750 
33.849623 -5.282404 12.500000


30.433606 11.493344 9.375000 
31.365247 9.937504 13.131250 
33.542181 9.005863 8.125000 
30.433606 11.493344 9.375000


34.160170 7.145686 10.625000 
35.094916 5.279299 13.750000 
35.716010 5.279299 9.375000 
34.160170 7.145686 10.625000


35.716010 5.279299 9.375000 
35.094916 5.279299 13.750000 
36.958198 3.416017 8.750000 
35.716010 5.279299 9.375000


37.268745 2.484376 12.500000 
38.510933 -0.310547 10.625000 
36.958198 3.416017 8.750000 
37.268745 2.484376 12.500000


12.732427 6.518382 13.125000 
13.974615 6.207835 9.375000 
16.455886 2.794923 10.625000 
12.732427 6.518382 13.125000


18.011726 14.288267 13.750000 
18.322273 14.909361 10.625000 
15.837897 14.285162 11.881250 
18.011726 14.288267 13.750000


16.458991 -2.484376 14.993750 
18.943367 -3.105470 9.381250 
19.250809 -3.416017 11.250000 
16.458991 -2.484376 14.993750


16.458991 -2.484376 14.993750 
17.387527 -0.310547 11.250000 
18.943367 -3.105470 9.381250 
16.458991 -2.484376 14.993750


20.496102 13.974615 13.131250 
18.322273 14.909361 10.625000 
18.011726 14.288267 13.750000 
20.496102 13.974615 13.131250


20.496102 13.974615 13.131250 
22.359384 14.598814 10.625000 
19.875008 14.909361 8.750000 
20.496102 13.974615 13.131250


19.250809 -3.416017 11.250000 
23.598467 -6.210940 11.250000 
22.048837 -5.900393 12.493750 
19.250809 -3.416017 11.250000


22.048837 -5.900393 12.493750 
23.598467 -6.210940 11.250000 
22.980478 -6.832034 13.118750 
22.048837 -5.900393 12.493750


24.533213 13.042974 11.256250 
26.085948 11.803891 13.125000 
26.396495 13.667173 9.375000 
24.533213 13.042974 11.256250


27.017589 -10.561703 15.000000 
26.707042 -8.387874 11.875000 
27.017589 -8.384769 9.993750 
27.017589 -10.561703 15.000000


30.744153 -8.384769 12.493750 
28.570324 -9.005863 13.118750 
30.744153 -6.832034 8.743750 
30.744153 -8.384769 12.493750


15.837897 1.552735 13.743750 
16.455886 2.794923 10.625000 
17.076980 1.242188 11.250000 
15.837897 1.552735 13.743750


19.564461 -4.658205 12.493750 
19.250809 -3.416017 11.250000 
22.048837 -5.900393 12.493750 
19.564461 -4.658205 12.493750


22.980478 -6.832034 13.118750 
23.598467 -6.210940 11.250000 
25.154307 -9.940609 11.250000 
22.980478 -6.832034 13.118750


27.017589 -10.561703 15.000000 
25.154307 -9.940609 11.250000 
26.707042 -8.387874 11.875000 
27.017589 -10.561703 15.000000


37.265640 -3.726564 9.368750 
38.200386 -4.347658 15.000000 
35.091811 -4.968752 11.868750 
37.265640 -3.726564 9.368750


13.974615 2.794923 14.993750 
12.732427 6.518382 13.125000 
16.455886 2.794923 10.625000 
13.974615 2.794923 14.993750


13.974615 2.794923 14.993750 
16.455886 2.794923 10.625000 
15.837897 1.552735 13.743750 
13.974615 2.794923 14.993750


18.011726 14.288267 13.750000 
15.837897 14.285162 11.881250 
13.974615 12.424985 16.250000 
18.011726 14.288267 13.750000


17.076980 1.242188 11.250000 
17.387527 -0.310547 11.250000 
15.837897 -0.931641 14.993750 
17.076980 1.242188 11.250000


16.458991 -2.484376 14.993750 
19.250809 -3.416017 11.250000 
19.564461 -4.658205 12.493750 
16.458991 -2.484376 14.993750


26.085948 11.803891 13.125000 
24.533213 13.042974 11.256250 
22.669931 12.114438 14.375000 
26.085948 11.803891 13.125000


23.601572 -9.626957 14.368750 
25.154307 -9.940609 11.250000 
24.225771 -12.421880 15.625000 
23.601572 -9.626957 14.368750


25.154307 -9.940609 11.250000 
27.017589 -10.561703 15.000000 
24.225771 -12.421880 15.625000 
25.154307 -9.940609 11.250000


27.949230 12.732427 9.381250 
27.949230 11.182797 14.375000 
31.365247 9.937504 13.131250 
27.949230 12.732427 9.381250


33.539076 -6.521487 14.368750 
30.744153 -8.384769 12.493750 
33.849623 -5.282404 12.500000 
33.539076 -6.521487 14.368750


35.094916 5.279299 13.750000 
37.268745 2.484376 12.500000 
36.958198 3.416017 8.750000 
35.094916 5.279299 13.750000


37.268745 2.484376 12.500000 
37.265640 -0.310547 15.006250 
38.510933 -0.310547 10.625000 
37.268745 2.484376 12.500000


38.821480 -3.416017 13.125000 
38.200386 -4.347658 15.000000 
37.265640 -3.726564 9.368750 
38.821480 -3.416017 13.125000


11.800786 9.005863 15.631250 
10.866040 8.695316 10.625000 
12.732427 6.518382 13.125000 
11.800786 9.005863 15.631250


11.487134 11.800786 13.750000 
10.866040 8.695316 10.625000 
11.800786 9.005863 15.631250 
11.487134 11.800786 13.750000


15.837897 -0.931641 14.993750 
17.387527 -0.310547 11.250000 
16.458991 -2.484376 14.993750 
15.837897 -0.931641 14.993750


18.632820 -5.589846 14.368750 
16.458991 -2.484376 14.993750 
19.564461 -4.658205 12.493750 
18.632820 -5.589846 14.368750


22.048837 -5.900393 12.493750 
18.632820 -5.589846 14.368750 
19.564461 -4.658205 12.493750 
22.048837 -5.900393 12.493750


20.496102 13.974615 13.131250 
22.669931 12.114438 14.375000 
22.359384 14.598814 10.625000 
20.496102 13.974615 13.131250


22.669931 12.114438 14.375000 
24.533213 13.042974 11.256250 
22.359384 14.598814 10.625000 
22.669931 12.114438 14.375000


23.601572 -9.626957 14.368750 
22.980478 -6.832034 13.118750 
25.154307 -9.940609 11.250000 
23.601572 -9.626957 14.368750


26.085948 11.803891 13.125000 
27.949230 11.182797 14.375000 
27.949230 12.732427 9.381250 
26.085948 11.803891 13.125000


27.017589 -10.561703 15.000000 
27.017589 -8.384769 9.993750 
28.570324 -9.005863 13.118750 
27.017589 -10.561703 15.000000


29.191418 -8.695316 14.993750 
28.570324 -9.005863 13.118750 
30.744153 -8.384769 12.493750 
29.191418 -8.695316 14.993750


33.542181 9.005863 8.125000 
33.849623 5.900393 15.631250 
34.160170 7.145686 10.625000 
33.542181 9.005863 8.125000


38.510933 -0.310547 10.625000 
37.265640 -0.310547 15.006250 
38.821480 -3.416017 13.125000 
38.510933 -0.310547 10.625000


13.974615 12.424985 16.250000 
13.974615 12.735532 13.750000 
11.487134 11.800786 13.750000 
13.974615 12.424985 16.250000


14.282057 5.589846 16.875000 
12.732427 6.518382 13.125000 
13.974615 2.794923 14.993750 
14.282057 5.589846 16.875000


14.906256 0.931641 15.618750 
17.076980 1.242188 11.250000 
15.837897 -0.931641 14.993750 
14.906256 0.931641 15.618750


14.906256 0.931641 15.618750 
15.837897 1.552735 13.743750 
17.076980 1.242188 11.250000 
14.906256 0.931641 15.618750


18.632820 -5.589846 14.368750 
22.048837 -5.900393 12.493750 
20.806649 -8.074222 15.618750 
18.632820 -5.589846 14.368750


20.806649 -8.074222 15.618750 
22.048837 -5.900393 12.493750 
22.980478 -6.832034 13.118750 
20.806649 -8.074222 15.618750


20.806649 -8.074222 15.618750 
22.980478 -6.832034 13.118750 
23.601572 -9.626957 14.368750 
20.806649 -8.074222 15.618750


26.085948 11.803891 13.125000 
25.775401 11.493344 16.875000 
27.949230 11.182797 14.375000 
26.085948 11.803891 13.125000


28.570324 -9.005863 13.118750 
27.949230 -10.251156 16.250000 
27.017589 -10.561703 15.000000 
28.570324 -9.005863 13.118750


29.191418 -8.695316 14.993750 
27.949230 -10.251156 16.250000 
28.570324 -9.005863 13.118750 
29.191418 -8.695316 14.993750


27.949230 11.182797 14.375000 
28.570324 10.561703 16.875000 
31.365247 9.937504 13.131250 
27.949230 11.182797 14.375000


32.296888 -8.074222 16.868750 
29.191418 -8.695316 14.993750 
30.744153 -8.384769 12.493750 
32.296888 -8.074222 16.868750


31.678899 7.453128 17.500000 
33.849623 5.900393 15.631250 
33.542181 9.005863 8.125000 
31.678899 7.453128 17.500000


31.365247 9.937504 13.131250 
31.678899 7.453128 17.500000 
33.542181 9.005863 8.125000 
31.365247 9.937504 13.131250


34.784369 -6.521487 14.375000 
33.849623 -5.282404 12.500000 
35.091811 -4.968752 11.868750 
34.784369 -6.521487 14.375000


33.539076 -6.521487 14.368750 
33.849623 -5.282404 12.500000 
34.784369 -6.521487 14.375000 
33.539076 -6.521487 14.368750


33.849623 5.900393 15.631250 
35.405463 3.726564 15.000000 
35.094916 5.279299 13.750000 
33.849623 5.900393 15.631250


13.974615 2.794923 14.993750 
15.837897 1.552735 13.743750 
14.906256 0.931641 15.618750 
13.974615 2.794923 14.993750


13.974615 12.424985 16.250000 
15.837897 14.285162 11.881250 
13.974615 12.735532 13.750000 
13.974615 12.424985 16.250000


32.296888 -8.074222 16.868750 
30.744153 -8.384769 12.493750 
33.539076 -6.521487 14.368750 
32.296888 -8.074222 16.868750


33.849623 5.900393 15.631250 
35.094916 5.279299 13.750000 
34.160170 7.145686 10.625000 
33.849623 5.900393 15.631250


35.405463 3.726564 15.000000 
37.268745 2.484376 12.500000 
35.094916 5.279299 13.750000 
35.405463 3.726564 15.000000


38.200386 -4.347658 15.000000 
34.784369 -6.521487 14.375000 
35.091811 -4.968752 11.868750 
38.200386 -4.347658 15.000000


37.265640 -0.310547 15.006250 
36.026557 -2.173829 17.500000 
38.821480 -3.416017 13.125000 
37.265640 -0.310547 15.006250


13.042974 10.248051 17.506250 
11.487134 11.800786 13.750000 
11.800786 9.005863 15.631250 
13.042974 10.248051 17.506250


16.148444 -4.968752 16.868750 
16.458991 -2.484376 14.993750 
18.632820 -5.589846 14.368750 
16.148444 -4.968752 16.868750


19.875008 -8.384769 16.243750 
16.148444 -4.968752 16.868750 
20.806649 -8.074222 15.618750 
19.875008 -8.384769 16.243750


16.148444 -4.968752 16.868750 
18.632820 -5.589846 14.368750 
20.806649 -8.074222 15.618750 
16.148444 -4.968752 16.868750


18.011726 14.288267 13.750000 
22.669931 12.114438 14.375000 
20.496102 13.974615 13.131250 
18.011726 14.288267 13.750000


22.980478 -12.111333 16.868750 
23.601572 -9.626957 14.368750 
24.225771 -12.421880 15.625000 
22.980478 -12.111333 16.868750


22.669931 12.114438 14.375000 
24.533213 12.424985 21.250000 
26.085948 11.803891 13.125000 
22.669931 12.114438 14.375000


27.017589 -10.561703 15.000000 
26.396495 -12.732427 18.743750 
24.225771 -12.421880 15.625000 
27.017589 -10.561703 15.000000


35.405463 3.726564 15.000000 
34.784369 1.242188 18.125000 
37.268745 2.484376 12.500000 
35.405463 3.726564 15.000000


37.268745 2.484376 12.500000 
34.784369 1.242188 18.125000 
37.265640 -0.310547 15.006250 
37.268745 2.484376 12.500000


13.042974 10.248051 17.506250 
13.974615 12.424985 16.250000 
11.487134 11.800786 13.750000 
13.042974 10.248051 17.506250


14.282057 5.589846 16.875000 
13.974615 2.794923 14.993750 
13.350416 3.105470 17.500000 
14.282057 5.589846 16.875000


14.282057 5.589846 16.875000 
14.282057 8.074222 21.250000 
12.732427 6.518382 13.125000 
14.282057 5.589846 16.875000


15.837897 -0.931641 14.993750 
16.458991 -2.484376 14.993750 
15.216803 -4.037111 17.493750 
15.837897 -0.931641 14.993750


17.701179 -8.074222 17.493750 
16.148444 -4.968752 16.868750 
19.875008 -8.384769 16.243750 
17.701179 -8.074222 17.493750


19.875008 -8.384769 16.243750 
20.806649 -8.074222 15.618750 
23.601572 -9.626957 14.368750 
19.875008 -8.384769 16.243750


21.738290 12.424985 20.000000 
24.533213 12.424985 21.250000 
22.669931 12.114438 14.375000 
21.738290 12.424985 20.000000


19.875008 -8.384769 16.243750 
23.601572 -9.626957 14.368750 
22.980478 -12.111333 16.868750 
19.875008 -8.384769 16.243750


22.980478 -12.111333 16.868750 
24.225771 -12.421880 15.625000 
23.291025 -14.285162 16.868750 
22.980478 -12.111333 16.868750


24.533213 12.424985 21.250000 
25.775401 11.493344 16.875000 
26.085948 11.803891 13.125000 
24.533213 12.424985 21.250000


29.191418 -8.695316 14.993750 
30.744153 -9.940609 17.500000 
27.949230 -10.251156 16.250000 
29.191418 -8.695316 14.993750


30.744153 -9.940609 17.500000 
29.191418 -8.695316 14.993750 
32.296888 -8.074222 16.868750 
30.744153 -9.940609 17.500000


38.821480 -3.416017 13.125000 
36.958198 -4.347658 16.875000 
38.200386 -4.347658 15.000000 
38.821480 -3.416017 13.125000


36.026557 -2.173829 17.500000 
36.958198 -4.347658 16.875000 
38.821480 -3.416017 13.125000 
36.026557 -2.173829 17.500000


14.282057 8.074222 21.250000 
11.800786 9.005863 15.631250 
12.732427 6.518382 13.125000 
14.282057 8.074222 21.250000


16.148444 -4.968752 16.868750 
15.216803 -4.037111 17.493750 
16.458991 -2.484376 14.993750 
16.148444 -4.968752 16.868750


16.769538 13.046079 19.375000 
18.011726 14.288267 13.750000 
13.974615 12.424985 16.250000 
16.769538 13.046079 19.375000


18.011726 14.288267 13.750000 
18.632820 13.046079 18.125000 
22.669931 12.114438 14.375000 
18.011726 14.288267 13.750000


17.701179 -8.074222 17.493750 
19.875008 -8.384769 16.243750 
21.427743 -11.179692 17.493750 
17.701179 -8.074222 17.493750


19.875008 -8.384769 16.243750 
22.980478 -12.111333 16.868750 
21.427743 -11.179692 17.493750 
19.875008 -8.384769 16.243750


27.949230 -10.251156 16.250000 
27.641788 -12.421880 19.375000 
27.017589 -10.561703 15.000000 
27.949230 -10.251156 16.250000


28.570324 10.561703 16.875000 
31.678899 7.453128 17.500000 
31.365247 9.937504 13.131250 
28.570324 10.561703 16.875000


32.296888 -8.074222 16.868750 
33.539076 -6.521487 14.368750 
34.470717 -7.763675 17.493750 
32.296888 -8.074222 16.868750


34.470717 -7.763675 17.493750 
33.539076 -6.521487 14.368750 
34.784369 -6.521487 14.375000 
34.470717 -7.763675 17.493750


33.231634 4.347658 18.125000 
35.405463 3.726564 15.000000 
33.849623 5.900393 15.631250 
33.231634 4.347658 18.125000


36.958198 -6.521487 18.750000 
34.784369 -6.521487 14.375000 
38.200386 -4.347658 15.000000 
36.958198 -6.521487 18.750000


13.660963 0.621094 20.000000 
13.350416 3.105470 17.500000 
13.974615 2.794923 14.993750 
13.660963 0.621094 20.000000


16.458991 10.558598 23.756250 
16.769538 13.046079 19.375000 
13.974615 12.424985 16.250000 
16.458991 10.558598 23.756250


17.701179 -8.074222 17.493750 
15.837897 -7.763675 18.743750 
16.148444 -4.968752 16.868750 
17.701179 -8.074222 17.493750


16.769538 13.046079 19.375000 
18.632820 13.046079 18.125000 
18.011726 14.288267 13.750000 
16.769538 13.046079 19.375000


21.427743 -11.179692 17.493750 
22.980478 -12.111333 16.868750 
23.291025 -14.285162 16.868750 
21.427743 -11.179692 17.493750


24.225771 -12.421880 15.625000 
26.396495 -12.732427 18.743750 
23.291025 -14.285162 16.868750 
24.225771 -12.421880 15.625000


26.396495 -12.732427 18.743750 
27.017589 -10.561703 15.000000 
27.641788 -12.421880 19.375000 
26.396495 -12.732427 18.743750


27.949230 11.182797 14.375000 
27.949230 10.872250 20.625000 
28.570324 10.561703 16.875000 
27.949230 11.182797 14.375000


34.784369 1.242188 18.125000 
36.026557 -2.173829 17.500000 
37.265640 -0.310547 15.006250 
34.784369 1.242188 18.125000


13.042974 10.248051 17.506250 
11.800786 9.005863 15.631250 
14.282057 8.074222 21.250000 
13.042974 10.248051 17.506250


13.660963 0.621094 20.000000 
13.974615 2.794923 14.993750 
14.906256 0.931641 15.618750 
13.660963 0.621094 20.000000


14.906256 0.931641 15.618750 
15.837897 -0.931641 14.993750 
13.660963 -3.726564 20.000000 
14.906256 0.931641 15.618750


13.660963 -3.726564 20.000000 
15.837897 -0.931641 14.993750 
15.216803 -4.037111 17.493750 
13.660963 -3.726564 20.000000


15.216803 -4.037111 17.493750 
16.148444 -4.968752 16.868750 
15.837897 -7.763675 18.743750 
15.216803 -4.037111 17.493750


15.837897 -7.763675 18.743750 
17.701179 -8.074222 17.493750 
21.427743 -11.179692 17.493750 
15.837897 -7.763675 18.743750


15.837897 -7.763675 18.743750 
21.427743 -11.179692 17.493750 
19.253914 -11.800786 18.118750 
15.837897 -7.763675 18.743750


21.427743 -11.179692 17.493750 
22.359384 -16.458991 18.118750 
19.253914 -11.800786 18.118750 
21.427743 -11.179692 17.493750


18.632820 13.046079 18.125000 
21.738290 12.424985 20.000000 
22.669931 12.114438 14.375000 
18.632820 13.046079 18.125000


22.359384 -16.458991 18.118750 
21.427743 -11.179692 17.493750 
23.291025 -14.285162 16.868750 
22.359384 -16.458991 18.118750


23.291025 -14.285162 16.868750 
23.912119 -16.769538 21.243750 
22.359384 -16.458991 18.118750 
23.291025 -14.285162 16.868750


26.085948 -14.598814 20.625000 
23.291025 -14.285162 16.868750 
26.396495 -12.732427 18.743750 
26.085948 -14.598814 20.625000


25.775401 11.493344 16.875000 
27.949230 10.872250 20.625000 
27.949230 11.182797 14.375000 
25.775401 11.493344 16.875000


29.812512 9.008968 20.000000 
31.678899 7.453128 17.500000 
28.570324 10.561703 16.875000 
29.812512 9.008968 20.000000


31.678899 7.453128 17.500000 
33.231634 4.347658 18.125000 
33.849623 5.900393 15.631250 
31.678899 7.453128 17.500000


34.163275 1.242188 21.250000 
35.405463 3.726564 15.000000 
33.231634 4.347658 18.125000 
34.163275 1.242188 21.250000


34.784369 1.242188 18.125000 
35.716010 -1.863282 20.625000 
36.026557 -2.173829 17.500000 
34.784369 1.242188 18.125000


36.958198 -4.347658 16.875000 
36.958198 -6.521487 18.750000 
38.200386 -4.347658 15.000000 
36.958198 -4.347658 16.875000


13.660963 0.621094 20.000000 
14.906256 0.931641 15.618750 
13.660963 -3.726564 20.000000 
13.660963 0.621094 20.000000


13.660963 -6.832034 22.500000 
15.216803 -4.037111 17.493750 
15.837897 -7.763675 18.743750 
13.660963 -6.832034 22.500000


16.769538 -11.179692 19.368750 
15.837897 -7.763675 18.743750 
19.253914 -11.800786 18.118750 
16.769538 -11.179692 19.368750


18.322273 -13.353521 19.993750 
19.253914 -11.800786 18.118750 
20.185555 -16.148444 19.368750 
18.322273 -13.353521 19.993750


19.253914 -11.800786 18.118750 
22.359384 -16.458991 18.118750 
20.185555 -16.148444 19.368750 
19.253914 -11.800786 18.118750


22.359384 -16.458991 18.118750 
21.738290 -19.253914 19.368750 
20.185555 -16.148444 19.368750 
22.359384 -16.458991 18.118750


23.291025 -14.285162 16.868750 
26.085948 -14.598814 20.625000 
23.912119 -16.769538 21.243750 
23.291025 -14.285162 16.868750


30.744153 -9.940609 17.500000 
27.641788 -12.421880 19.375000 
27.949230 -10.251156 16.250000 
30.744153 -9.940609 17.500000


33.228529 -9.937504 20.618750 
30.744153 -9.940609 17.500000 
32.296888 -8.074222 16.868750 
33.228529 -9.937504 20.618750


35.405463 3.726564 15.000000 
34.163275 1.242188 21.250000 
34.784369 1.242188 18.125000 
35.405463 3.726564 15.000000


36.958198 -6.521487 18.750000 
34.470717 -7.763675 17.493750 
34.784369 -6.521487 14.375000 
36.958198 -6.521487 18.750000


36.026557 -2.173829 17.500000 
35.716010 -1.863282 20.625000 
36.958198 -4.347658 16.875000 
36.026557 -2.173829 17.500000


16.458991 10.558598 23.756250 
13.974615 12.424985 16.250000 
13.042974 10.248051 17.506250 
16.458991 10.558598 23.756250


16.769538 -11.179692 19.368750 
19.253914 -11.800786 18.118750 
18.322273 -13.353521 19.993750 
16.769538 -11.179692 19.368750


19.564461 -16.769538 19.993750 
21.738290 -19.253914 19.368750 
20.496102 -22.048837 19.993750 
19.564461 -16.769538 19.993750


19.564461 -16.769538 19.993750 
20.185555 -16.148444 19.368750 
21.738290 -19.253914 19.368750 
19.564461 -16.769538 19.993750


23.912119 -16.769538 21.243750 
21.738290 -19.253914 19.368750 
22.359384 -16.458991 18.118750 
23.912119 -16.769538 21.243750


27.949230 10.872250 20.625000 
29.812512 9.008968 20.000000 
28.570324 10.561703 16.875000 
27.949230 10.872250 20.625000


33.228529 -9.937504 20.618750 
30.744153 -11.800786 21.868750 
30.744153 -9.940609 17.500000 
33.228529 -9.937504 20.618750


31.678899 7.453128 17.500000 
31.678899 6.210940 21.875000 
33.231634 4.347658 18.125000 
31.678899 7.453128 17.500000


34.470717 -7.763675 17.493750 
34.781264 -9.630062 21.250000 
32.296888 -8.074222 16.868750 
34.470717 -7.763675 17.493750


14.903151 -9.937504 21.875000 
13.660963 -6.832034 22.500000 
15.837897 -7.763675 18.743750 
14.903151 -9.937504 21.875000


14.903151 -9.937504 21.875000 
16.769538 -11.179692 19.368750 
16.458991 -12.111333 20.618750 
14.903151 -9.937504 21.875000


14.903151 -9.937504 21.875000 
15.837897 -7.763675 18.743750 
16.769538 -11.179692 19.368750 
14.903151 -9.937504 21.875000


16.458991 -12.111333 20.618750 
16.769538 -11.179692 19.368750 
18.322273 -13.353521 19.993750 
16.458991 -12.111333 20.618750


18.322273 -13.353521 19.993750 
20.185555 -16.148444 19.368750 
19.564461 -16.769538 19.993750 
18.322273 -13.353521 19.993750


23.912119 -16.769538 21.243750 
24.533213 -18.632820 22.493750 
21.738290 -19.253914 19.368750 
23.912119 -16.769538 21.243750


30.744153 -9.940609 17.500000 
30.744153 -11.800786 21.868750 
27.641788 -12.421880 19.375000 
30.744153 -9.940609 17.500000


32.296888 -8.074222 16.868750 
34.781264 -9.630062 21.250000 
33.228529 -9.937504 20.618750 
32.296888 -8.074222 16.868750


35.716010 -1.863282 20.625000 
36.026557 -5.279299 21.250000 
36.958198 -4.347658 16.875000 
35.716010 -1.863282 20.625000


36.958198 -4.347658 16.875000 
36.026557 -5.279299 21.250000 
36.958198 -6.521487 18.750000 
36.958198 -4.347658 16.875000


13.350416 3.105470 17.500000 
16.145339 3.726564 25.625000 
14.282057 5.589846 16.875000 
13.350416 3.105470 17.500000


14.903151 -9.937504 21.875000 
16.458991 -12.111333 20.618750 
15.837897 -12.111333 21.243750 
14.903151 -9.937504 21.875000


16.458991 -12.111333 20.618750 
18.322273 -13.353521 19.993750 
17.080085 -16.769538 21.243750 
16.458991 -12.111333 20.618750


18.322273 -13.353521 19.993750 
18.322273 -19.564461 21.243750 
17.080085 -16.769538 21.243750 
18.322273 -13.353521 19.993750


18.322273 -19.564461 21.243750 
18.322273 -13.353521 19.993750 
19.564461 -16.769538 19.993750 
18.322273 -19.564461 21.243750


16.769538 13.046079 19.375000 
21.738290 12.424985 20.000000 
18.632820 13.046079 18.125000 
16.769538 13.046079 19.375000


26.085948 -14.598814 20.625000 
26.396495 -12.732427 18.743750 
27.641788 -12.421880 19.375000 
26.085948 -14.598814 20.625000


29.812512 9.008968 20.000000 
31.678899 6.210940 21.875000 
31.678899 7.453128 17.500000 
29.812512 9.008968 20.000000


34.470717 -7.763675 17.493750 
36.337104 -8.695316 21.250000 
34.781264 -9.630062 21.250000 
34.470717 -7.763675 17.493750


36.958198 -6.521487 18.750000 
36.337104 -8.695316 21.250000 
34.470717 -7.763675 17.493750 
36.958198 -6.521487 18.750000


36.026557 -5.279299 21.250000 
36.337104 -8.695316 21.250000 
36.958198 -6.521487 18.750000 
36.026557 -5.279299 21.250000


16.145339 3.726564 25.625000 
14.282057 8.074222 21.250000 
14.282057 5.589846 16.875000 
16.145339 3.726564 25.625000


15.524245 -15.527350 23.125000 
15.837897 -12.111333 21.243750 
17.080085 -16.769538 21.243750 
15.524245 -15.527350 23.125000


15.837897 -12.111333 21.243750 
16.458991 -12.111333 20.618750 
17.080085 -16.769538 21.243750 
15.837897 -12.111333 21.243750


17.080085 -16.769538 21.243750 
18.322273 -19.564461 21.243750 
17.080085 -18.322273 21.868750 
17.080085 -16.769538 21.243750


18.322273 -19.564461 21.243750 
20.496102 -22.048837 19.993750 
19.564461 -23.912119 21.243750 
18.322273 -19.564461 21.243750


18.322273 -19.564461 21.243750 
19.564461 -16.769538 19.993750 
20.496102 -22.048837 19.993750 
18.322273 -19.564461 21.243750


20.496102 -22.048837 19.993750 
21.117196 -22.980478 21.243750 
19.564461 -23.912119 21.243750 
20.496102 -22.048837 19.993750


21.117196 -22.980478 21.243750 
20.806649 -24.533213 23.118750 
19.564461 -23.912119 21.243750 
21.117196 -22.980478 21.243750


20.496102 -22.048837 19.993750 
22.359384 -21.427743 22.493750 
21.117196 -22.980478 21.243750 
20.496102 -22.048837 19.993750


25.778506 -16.769538 21.875000 
24.533213 -18.632820 22.493750 
23.912119 -16.769538 21.243750 
25.778506 -16.769538 21.875000


26.085948 -14.598814 20.625000 
25.778506 -16.769538 21.875000 
23.912119 -16.769538 21.243750 
26.085948 -14.598814 20.625000


24.533213 12.424985 21.250000 
24.843760 11.800786 22.506250 
25.775401 11.493344 16.875000 
24.533213 12.424985 21.250000


24.843760 11.800786 22.506250 
27.949230 10.872250 20.625000 
25.775401 11.493344 16.875000 
24.843760 11.800786 22.506250


29.191418 -12.421880 21.868750 
27.641788 -12.421880 19.375000 
30.744153 -11.800786 21.868750 
29.191418 -12.421880 21.868750


31.678899 6.210940 21.875000 
32.921087 1.242188 25.625000 
33.231634 4.347658 18.125000 
31.678899 6.210940 21.875000


33.231634 4.347658 18.125000 
32.921087 1.242188 25.625000 
34.163275 1.242188 21.250000 
33.231634 4.347658 18.125000


34.163275 1.242188 21.250000 
34.784369 -0.621094 21.875000 
34.784369 1.242188 18.125000 
34.163275 1.242188 21.250000


34.784369 -0.621094 21.875000 
35.716010 -1.863282 20.625000 
34.784369 1.242188 18.125000 
34.784369 -0.621094 21.875000


13.660963 -0.621094 23.125000 
13.350416 3.105470 17.500000 
13.660963 0.621094 20.000000 
13.660963 -0.621094 23.125000


14.282057 2.173829 24.375000 
13.350416 3.105470 17.500000 
13.660963 -0.621094 23.125000 
14.282057 2.173829 24.375000


13.660963 -3.726564 20.000000 
15.216803 -4.037111 17.493750 
13.660963 -6.832034 22.500000 
13.660963 -3.726564 20.000000


14.282057 2.173829 24.375000 
16.145339 3.726564 25.625000 
13.350416 3.105470 17.500000 
14.282057 2.173829 24.375000


18.322273 -23.601572 22.493750 
17.080085 -18.322273 21.868750 
19.564461 -23.912119 21.243750 
18.322273 -23.601572 22.493750


18.322273 -23.601572 22.493750 
19.564461 -25.464854 21.243750 
18.011726 -28.259777 22.493750 
18.322273 -23.601572 22.493750


19.564461 -23.912119 21.243750 
19.564461 -25.464854 21.243750 
18.322273 -23.601572 22.493750 
19.564461 -23.912119 21.243750


17.080085 -18.322273 21.868750 
18.322273 -19.564461 21.243750 
19.564461 -23.912119 21.243750 
17.080085 -18.322273 21.868750


16.769538 13.046079 19.375000 
22.359384 11.800786 23.756250 
21.738290 12.424985 20.000000 
16.769538 13.046079 19.375000


20.496102 11.800786 24.381250 
22.359384 11.800786 23.756250 
16.769538 13.046079 19.375000 
20.496102 11.800786 24.381250


21.738290 -19.253914 19.368750 
22.359384 -21.427743 22.493750 
20.496102 -22.048837 19.993750 
21.738290 -19.253914 19.368750


24.533213 -18.632820 22.493750 
22.359384 -21.427743 22.493750 
21.738290 -19.253914 19.368750 
24.533213 -18.632820 22.493750


29.191418 -12.421880 21.868750 
25.778506 -16.769538 21.875000 
26.085948 -14.598814 20.625000 
29.191418 -12.421880 21.868750


27.641788 -12.421880 19.375000 
29.191418 -12.421880 21.868750 
26.085948 -14.598814 20.625000 
27.641788 -12.421880 19.375000


30.744153 -11.800786 21.868750 
33.228529 -9.937504 20.618750 
33.228529 -10.869145 21.868750 
30.744153 -11.800786 21.868750


13.660963 -0.621094 23.125000 
13.660963 0.621094 20.000000 
13.660963 -3.726564 20.000000 
13.660963 -0.621094 23.125000


16.766433 8.695316 25.625000 
16.458991 10.558598 23.756250 
13.042974 10.248051 17.506250 
16.766433 8.695316 25.625000


15.216803 -13.664068 22.493750 
14.903151 -9.937504 21.875000 
15.837897 -12.111333 21.243750 
15.216803 -13.664068 22.493750


15.527350 6.832034 24.381250 
14.282057 8.074222 21.250000 
16.145339 3.726564 25.625000 
15.527350 6.832034 24.381250


16.766433 8.695316 25.625000 
13.042974 10.248051 17.506250 
14.282057 8.074222 21.250000 
16.766433 8.695316 25.625000


15.216803 -13.664068 22.493750 
15.837897 -12.111333 21.243750 
15.524245 -15.527350 23.125000 
15.216803 -13.664068 22.493750


17.080085 -18.322273 21.868750 
18.322273 -23.601572 22.493750 
15.837897 -21.738290 24.993750 
17.080085 -18.322273 21.868750


17.080085 -23.912119 23.743750 
18.322273 -23.601572 22.493750 
18.011726 -28.259777 22.493750 
17.080085 -23.912119 23.743750


19.564461 -25.464854 21.243750 
21.427743 -27.017589 24.368750 
18.011726 -28.259777 22.493750 
19.564461 -25.464854 21.243750


20.806649 -24.533213 23.118750 
19.564461 -25.464854 21.243750 
19.564461 -23.912119 21.243750 
20.806649 -24.533213 23.118750


22.359384 -21.427743 22.493750 
23.601572 -22.669931 23.743750 
21.117196 -22.980478 21.243750 
22.359384 -21.427743 22.493750


21.738290 12.424985 20.000000 
22.359384 11.800786 23.756250 
24.533213 12.424985 21.250000 
21.738290 12.424985 20.000000


24.843760 11.800786 22.506250 
27.328136 9.937504 23.756250 
27.949230 10.872250 20.625000 
24.843760 11.800786 22.506250


28.570324 -13.353521 23.118750 
29.191418 -12.421880 21.868750 
30.744153 -11.800786 21.868750 
28.570324 -13.353521 23.118750


33.228529 -10.869145 21.868750 
33.228529 -9.937504 20.618750 
34.781264 -9.630062 21.250000 
33.228529 -10.869145 21.868750


36.337104 -8.695316 21.250000 
35.402358 -11.490239 23.743750 
34.781264 -9.630062 21.250000 
36.337104 -8.695316 21.250000


36.026557 -5.279299 21.250000 
35.402358 -11.490239 23.743750 
36.337104 -8.695316 21.250000 
36.026557 -5.279299 21.250000


12.729322 -3.416017 25.000000 
13.660963 -0.621094 23.125000 
13.660963 -3.726564 20.000000 
12.729322 -3.416017 25.000000


15.527350 6.832034 24.381250 
16.766433 8.695316 25.625000 
14.282057 8.074222 21.250000 
15.527350 6.832034 24.381250


17.080085 -18.322273 21.868750 
15.524245 -15.527350 23.125000 
17.080085 -16.769538 21.243750 
17.080085 -18.322273 21.868750


18.322273 11.179692 24.381250 
16.769538 13.046079 19.375000 
16.458991 10.558598 23.756250 
18.322273 11.179692 24.381250


16.766433 -28.570324 24.375000 
18.011726 -28.259777 22.493750 
17.701179 -29.501965 23.118750 
16.766433 -28.570324 24.375000


18.322273 11.179692 24.381250 
20.496102 11.800786 24.381250 
16.769538 13.046079 19.375000 
18.322273 11.179692 24.381250


21.427743 -27.017589 24.368750 
17.701179 -29.501965 23.118750 
18.011726 -28.259777 22.493750 
21.427743 -27.017589 24.368750


20.185555 -28.880871 24.993750 
17.701179 -29.501965 23.118750 
21.427743 -27.017589 24.368750 
20.185555 -28.880871 24.993750


20.806649 -24.533213 23.118750 
21.427743 -27.017589 24.368750 
19.564461 -25.464854 21.243750 
20.806649 -24.533213 23.118750


20.806649 -24.533213 23.118750 
22.669931 -25.154307 23.743750 
21.427743 -27.017589 24.368750 
20.806649 -24.533213 23.118750


22.359384 -21.427743 22.493750 
25.778506 -19.253914 23.125000 
23.601572 -22.669931 23.743750 
22.359384 -21.427743 22.493750


24.533213 -18.632820 22.493750 
25.778506 -19.253914 23.125000 
22.359384 -21.427743 22.493750 
24.533213 -18.632820 22.493750


27.017589 -16.769538 23.118750 
25.778506 -19.253914 23.125000 
24.533213 -18.632820 22.493750 
27.017589 -16.769538 23.118750


25.778506 -16.769538 21.875000 
27.017589 -16.769538 23.118750 
24.533213 -18.632820 22.493750 
25.778506 -16.769538 21.875000


25.778506 -16.769538 21.875000 
29.191418 -14.595709 23.118750 
27.017589 -16.769538 23.118750 
25.778506 -16.769538 21.875000


29.191418 -12.421880 21.868750 
29.191418 -14.595709 23.118750 
25.778506 -16.769538 21.875000 
29.191418 -12.421880 21.868750


28.570324 -13.353521 23.118750 
29.191418 -14.595709 23.118750 
29.191418 -12.421880 21.868750 
28.570324 -13.353521 23.118750


28.570324 -13.353521 23.118750 
33.849623 -13.974615 24.368750 
29.191418 -14.595709 23.118750 
28.570324 -13.353521 23.118750


28.570324 -13.353521 23.118750 
30.744153 -11.800786 21.868750 
33.228529 -10.869145 21.868750 
28.570324 -13.353521 23.118750


34.160170 -12.421880 24.368750 
33.849623 -13.974615 24.368750 
28.570324 -13.353521 23.118750 
34.160170 -12.421880 24.368750


28.570324 -13.353521 23.118750 
33.228529 -10.869145 21.868750 
34.160170 -12.421880 24.368750 
28.570324 -13.353521 23.118750


31.989446 4.037111 25.000000 
32.921087 1.242188 25.625000 
31.678899 6.210940 21.875000 
31.989446 4.037111 25.000000


32.921087 1.242188 25.625000 
33.542181 -0.931641 27.500000 
34.163275 1.242188 21.250000 
32.921087 1.242188 25.625000


35.402358 -11.490239 23.743750 
33.228529 -10.869145 21.868750 
34.781264 -9.630062 21.250000 
35.402358 -11.490239 23.743750


36.026557 -5.279299 21.250000 
35.405463 -9.005863 24.375000 
35.402358 -11.490239 23.743750 
36.026557 -5.279299 21.250000


12.418775 -9.005863 26.250000 
13.660963 -6.832034 22.500000 
14.903151 -9.937504 21.875000 
12.418775 -9.005863 26.250000


15.216803 -13.664068 22.493750 
15.524245 -15.527350 23.125000 
14.285162 -15.216803 24.993750 
15.216803 -13.664068 22.493750


16.766433 -28.570324 24.375000 
17.080085 -23.912119 23.743750 
18.011726 -28.259777 22.493750 
16.766433 -28.570324 24.375000


17.080085 -23.912119 23.743750 
15.837897 -21.738290 24.993750 
18.322273 -23.601572 22.493750 
17.080085 -23.912119 23.743750


18.325378 -30.433606 24.375000 
17.080085 -31.675794 24.368750 
17.701179 -29.501965 23.118750 
18.325378 -30.433606 24.375000


23.601572 -22.669931 23.743750 
20.806649 -24.533213 23.118750 
21.117196 -22.980478 21.243750 
23.601572 -22.669931 23.743750


23.601572 -22.669931 23.743750 
22.669931 -25.154307 23.743750 
20.806649 -24.533213 23.118750 
23.601572 -22.669931 23.743750


22.359384 11.800786 23.756250 
24.843760 11.800786 22.506250 
24.533213 12.424985 21.250000 
22.359384 11.800786 23.756250


29.191418 -14.595709 23.118750 
28.259777 -15.216803 24.368750 
27.017589 -16.769538 23.118750 
29.191418 -14.595709 23.118750


29.812512 9.008968 20.000000 
30.747258 4.968752 29.375000 
31.678899 6.210940 21.875000 
29.812512 9.008968 20.000000


29.191418 -14.595709 23.118750 
33.849623 -13.974615 24.368750 
32.607435 -15.527350 24.993750 
29.191418 -14.595709 23.118750


34.160170 -12.421880 24.368750 
33.228529 -10.869145 21.868750 
35.402358 -11.490239 23.743750 
34.160170 -12.421880 24.368750


33.542181 -0.931641 27.500000 
34.784369 -0.621094 21.875000 
34.163275 1.242188 21.250000 
33.542181 -0.931641 27.500000


35.716010 -1.863282 20.625000 
34.473822 -5.900393 26.250000 
36.026557 -5.279299 21.250000 
35.716010 -1.863282 20.625000


13.660963 -0.310547 26.875000 
14.282057 2.173829 24.375000 
13.660963 -0.621094 23.125000 
13.660963 -0.310547 26.875000


14.595709 -17.701179 26.243750 
17.080085 -18.322273 21.868750 
15.837897 -21.738290 24.993750 
14.595709 -17.701179 26.243750


14.595709 -17.701179 26.243750 
15.524245 -15.527350 23.125000 
17.080085 -18.322273 21.868750 
14.595709 -17.701179 26.243750


15.834792 -24.222666 26.250000 
15.837897 -21.738290 24.993750 
17.080085 -23.912119 23.743750 
15.834792 -24.222666 26.250000


15.834792 -31.054700 26.875000 
17.701179 -29.501965 23.118750 
17.080085 -31.675794 24.368750 
15.834792 -31.054700 26.875000


18.325378 -30.433606 24.375000 
17.701179 -29.501965 23.118750 
20.185555 -28.880871 24.993750 
18.325378 -30.433606 24.375000


23.601572 -22.669931 23.743750 
25.154307 -24.536318 24.375000 
22.669931 -25.154307 23.743750 
23.601572 -22.669931 23.743750


26.085948 -19.564461 24.368750 
25.154307 -24.536318 24.375000 
23.601572 -22.669931 23.743750 
26.085948 -19.564461 24.368750


26.085948 -19.564461 24.368750 
23.601572 -22.669931 23.743750 
25.778506 -19.253914 23.125000 
26.085948 -19.564461 24.368750


26.085948 -19.564461 24.368750 
27.641788 -20.806649 24.375000 
25.154307 -24.536318 24.375000 
26.085948 -19.564461 24.368750


27.641788 -20.806649 24.375000 
26.396495 -22.980478 25.618750 
25.154307 -24.536318 24.375000 
27.641788 -20.806649 24.375000


27.017589 -16.769538 23.118750 
26.085948 -19.564461 24.368750 
25.778506 -19.253914 23.125000 
27.017589 -16.769538 23.118750


27.017589 -16.769538 23.118750 
30.123059 -18.011726 24.368750 
26.085948 -19.564461 24.368750 
27.017589 -16.769538 23.118750


28.259777 -15.216803 24.368750 
30.123059 -18.011726 24.368750 
27.017589 -16.769538 23.118750 
28.259777 -15.216803 24.368750


30.123059 -18.011726 24.368750 
27.641788 -20.806649 24.375000 
26.085948 -19.564461 24.368750 
30.123059 -18.011726 24.368750


27.638683 8.698421 25.625000 
30.747258 4.968752 29.375000 
29.812512 9.008968 20.000000 
27.638683 8.698421 25.625000


28.259777 -15.216803 24.368750 
32.607435 -15.527350 24.993750 
30.123059 -18.011726 24.368750 
28.259777 -15.216803 24.368750


28.259777 -15.216803 24.368750 
29.191418 -14.595709 23.118750 
32.607435 -15.527350 24.993750 
28.259777 -15.216803 24.368750


34.784369 -0.621094 21.875000 
34.473822 -5.900393 26.250000 
35.716010 -1.863282 20.625000 
34.784369 -0.621094 21.875000


32.917982 -3.105470 30.006250 
34.473822 -5.900393 26.250000 
34.784369 -0.621094 21.875000 
32.917982 -3.105470 30.006250


35.402358 -11.490239 23.743750 
35.091811 -13.042974 25.618750 
34.160170 -12.421880 24.368750 
35.402358 -11.490239 23.743750


12.729322 -3.416017 25.000000 
13.660963 -3.726564 20.000000 
13.660963 -6.832034 22.500000 
12.729322 -3.416017 25.000000


15.834792 -31.054700 26.875000 
16.766433 -28.570324 24.375000 
17.701179 -29.501965 23.118750 
15.834792 -31.054700 26.875000


21.427743 -27.017589 24.368750 
23.291025 -28.259777 26.243750 
20.185555 -28.880871 24.993750 
21.427743 -27.017589 24.368750


23.291025 -27.638683 24.993750 
23.291025 -28.259777 26.243750 
21.427743 -27.017589 24.368750 
23.291025 -27.638683 24.993750


21.427743 -27.017589 24.368750 
22.669931 -25.154307 23.743750 
23.291025 -27.638683 24.993750 
21.427743 -27.017589 24.368750


23.291025 -27.638683 24.993750 
22.669931 -25.154307 23.743750 
25.154307 -24.536318 24.375000 
23.291025 -27.638683 24.993750


26.396495 -22.980478 25.618750 
23.291025 -27.638683 24.993750 
25.154307 -24.536318 24.375000 
26.396495 -22.980478 25.618750


27.641788 -20.806649 24.375000 
25.154307 -24.536318 24.375000 
26.396495 -22.980478 25.618750 
27.641788 -20.806649 24.375000


27.328136 9.937504 23.756250 
27.638683 8.698421 25.625000 
27.949230 10.872250 20.625000 
27.328136 9.937504 23.756250


30.123059 -18.011726 24.368750 
28.259777 -20.806649 25.618750 
27.641788 -20.806649 24.375000 
30.123059 -18.011726 24.368750


30.744153 -20.185555 25.618750 
28.259777 -20.806649 25.618750 
30.123059 -18.011726 24.368750 
30.744153 -20.185555 25.618750


27.949230 10.872250 20.625000 
27.638683 8.698421 25.625000 
29.812512 9.008968 20.000000 
27.949230 10.872250 20.625000


33.539076 -17.080085 25.618750 
30.123059 -18.011726 24.368750 
32.607435 -15.527350 24.993750 
33.539076 -17.080085 25.618750


31.678899 6.210940 21.875000 
30.747258 4.968752 29.375000 
31.989446 4.037111 25.000000 
31.678899 6.210940 21.875000


31.989446 4.037111 25.000000 
31.986341 0.621094 30.631250 
32.921087 1.242188 25.625000 
31.989446 4.037111 25.000000


34.473822 -5.900393 26.250000 
35.405463 -9.005863 24.375000 
36.026557 -5.279299 21.250000 
34.473822 -5.900393 26.250000


35.405463 -9.005863 24.375000 
35.091811 -13.042974 25.618750 
35.402358 -11.490239 23.743750 
35.405463 -9.005863 24.375000


11.797681 -5.279299 28.125000 
13.660963 -6.832034 22.500000 
12.418775 -9.005863 26.250000 
11.797681 -5.279299 28.125000


11.797681 -5.279299 28.125000 
12.729322 -3.416017 25.000000 
13.660963 -6.832034 22.500000 
11.797681 -5.279299 28.125000


15.834792 -31.054700 26.875000 
17.080085 -31.675794 24.368750 
16.458991 -35.094916 27.500000 
15.834792 -31.054700 26.875000


17.393737 -32.607435 25.625000 
16.458991 -35.094916 27.500000 
17.080085 -31.675794 24.368750 
17.393737 -32.607435 25.625000


15.834792 -24.222666 26.250000 
17.080085 -23.912119 23.743750 
16.766433 -28.570324 24.375000 
15.834792 -24.222666 26.250000


16.766433 8.695316 25.625000 
18.322273 11.179692 24.381250 
16.458991 10.558598 23.756250 
16.766433 8.695316 25.625000


20.185555 -31.986341 26.868750 
17.080085 -31.675794 24.368750 
18.325378 -30.433606 24.375000 
20.185555 -31.986341 26.868750


20.185555 -28.880871 24.993750 
20.185555 -31.986341 26.868750 
18.325378 -30.433606 24.375000 
20.185555 -28.880871 24.993750


20.185555 -28.880871 24.993750 
22.359384 -30.433606 26.243750 
20.185555 -31.986341 26.868750 
20.185555 -28.880871 24.993750


20.185555 -28.880871 24.993750 
23.291025 -28.259777 26.243750 
22.359384 -30.433606 26.243750 
20.185555 -28.880871 24.993750


26.396495 -22.980478 25.618750 
26.085948 -27.328136 26.243750 
23.291025 -27.638683 24.993750 
26.396495 -22.980478 25.618750


24.843760 11.800786 22.506250 
22.359384 11.800786 23.756250 
25.154307 9.630062 28.125000 
24.843760 11.800786 22.506250


24.843760 11.800786 22.506250 
25.154307 9.630062 28.125000 
27.328136 9.937504 23.756250 
24.843760 11.800786 22.506250


27.641788 -20.806649 24.375000 
26.396495 -22.980478 25.618750 
25.154307 -24.536318 24.375000 
27.641788 -20.806649 24.375000


28.570324 -23.601572 26.243750 
26.085948 -27.328136 26.243750 
26.396495 -22.980478 25.618750 
28.570324 -23.601572 26.243750


28.259777 -20.806649 25.618750 
26.396495 -22.980478 25.618750 
27.641788 -20.806649 24.375000 
28.259777 -20.806649 25.618750


28.259777 -20.806649 25.618750 
28.570324 -23.601572 26.243750 
26.396495 -22.980478 25.618750 
28.259777 -20.806649 25.618750


28.259777 -20.806649 25.618750 
30.433606 -24.533213 26.243750 
28.570324 -23.601572 26.243750 
28.259777 -20.806649 25.618750


30.744153 -20.185555 25.618750 
30.433606 -24.533213 26.243750 
28.259777 -20.806649 25.618750 
30.744153 -20.185555 25.618750


33.539076 -17.080085 25.618750 
30.744153 -20.185555 25.618750 
30.123059 -18.011726 24.368750 
33.539076 -17.080085 25.618750


33.539076 -17.080085 25.618750 
31.675794 -21.427743 25.618750 
30.744153 -20.185555 25.618750 
33.539076 -17.080085 25.618750


33.539076 -17.080085 25.618750 
33.231634 -20.496102 26.875000 
31.675794 -21.427743 25.618750 
33.539076 -17.080085 25.618750


32.607435 -15.527350 24.993750 
33.849623 -13.974615 24.368750 
35.091811 -14.595709 25.618750 
32.607435 -15.527350 24.993750


33.542181 -0.931641 27.500000 
32.917982 -3.105470 30.006250 
34.784369 -0.621094 21.875000 
33.542181 -0.931641 27.500000


35.091811 -13.042974 25.618750 
35.091811 -14.595709 25.618750 
33.849623 -13.974615 24.368750 
35.091811 -13.042974 25.618750


34.160170 -12.421880 24.368750 
35.091811 -13.042974 25.618750 
33.849623 -13.974615 24.368750 
34.160170 -12.421880 24.368750


12.418775 -12.111333 26.875000 
15.216803 -13.664068 22.493750 
12.418775 -15.527350 29.375000 
12.418775 -12.111333 26.875000


12.418775 -12.111333 26.875000 
14.903151 -9.937504 21.875000 
15.216803 -13.664068 22.493750 
12.418775 -12.111333 26.875000


13.660963 -0.310547 26.875000 
13.660963 -0.621094 23.125000 
12.729322 -3.416017 25.000000 
13.660963 -0.310547 26.875000


15.216803 -13.664068 22.493750 
14.285162 -15.216803 24.993750 
12.418775 -15.527350 29.375000 
15.216803 -13.664068 22.493750


13.660963 -17.080085 27.500000 
15.524245 -15.527350 23.125000 
14.595709 -17.701179 26.243750 
13.660963 -17.080085 27.500000


13.660963 -17.080085 27.500000 
14.285162 -15.216803 24.993750 
15.524245 -15.527350 23.125000 
13.660963 -17.080085 27.500000


18.322273 4.968752 31.256250 
15.527350 6.832034 24.381250 
16.145339 3.726564 25.625000 
18.322273 4.968752 31.256250


20.185555 -31.986341 26.868750 
17.393737 -32.607435 25.625000 
17.080085 -31.675794 24.368750 
20.185555 -31.986341 26.868750


20.806649 9.316410 30.631250 
22.359384 11.800786 23.756250 
20.496102 11.800786 24.381250 
20.806649 9.316410 30.631250


23.291025 -28.259777 26.243750 
26.707042 -29.812512 26.868750 
22.359384 -30.433606 26.243750 
23.291025 -28.259777 26.243750


23.291025 -28.259777 26.243750 
23.291025 -27.638683 24.993750 
26.085948 -27.328136 26.243750 
23.291025 -28.259777 26.243750


26.085948 -27.328136 26.243750 
26.707042 -29.812512 26.868750 
23.291025 -28.259777 26.243750 
26.085948 -27.328136 26.243750


25.154307 9.630062 28.125000 
27.638683 8.698421 25.625000 
27.328136 9.937504 23.756250 
25.154307 9.630062 28.125000


26.085948 -27.328136 26.243750 
28.570324 -23.601572 26.243750 
26.707042 -29.812512 26.868750 
26.085948 -27.328136 26.243750


28.570324 -23.601572 26.243750 
29.501965 -27.638683 26.868750 
26.707042 -29.812512 26.868750 
28.570324 -23.601572 26.243750


28.570324 -23.601572 26.243750 
30.433606 -24.533213 26.243750 
29.501965 -27.638683 26.868750 
28.570324 -23.601572 26.243750


29.501965 -27.638683 26.868750 
30.433606 -24.533213 26.243750 
30.433606 -27.020694 26.875000 
29.501965 -27.638683 26.868750


31.678899 -24.843760 26.875000 
30.433606 -27.020694 26.875000 
30.433606 -24.533213 26.243750 
31.678899 -24.843760 26.875000


30.433606 -24.533213 26.243750 
30.744153 -20.185555 25.618750 
31.675794 -21.427743 25.618750 
30.433606 -24.533213 26.243750


30.433606 -24.533213 26.243750 
31.675794 -21.427743 25.618750 
31.678899 -24.843760 26.875000 
30.433606 -24.533213 26.243750


35.091811 -14.595709 25.618750 
33.539076 -17.080085 25.618750 
32.607435 -15.527350 24.993750 
35.091811 -14.595709 25.618750


34.473822 -5.900393 26.250000 
32.921087 -10.558598 30.000000 
35.405463 -9.005863 24.375000 
34.473822 -5.900393 26.250000


12.418775 -12.111333 26.875000 
12.418775 -9.005863 26.250000 
14.903151 -9.937504 21.875000 
12.418775 -12.111333 26.875000


13.660963 -0.310547 26.875000 
12.729322 -3.416017 25.000000 
12.418775 -3.726564 30.625000 
13.660963 -0.310547 26.875000


16.145339 3.726564 25.625000 
14.282057 2.173829 24.375000 
13.660963 -0.310547 26.875000 
16.145339 3.726564 25.625000


15.216803 -0.310547 31.881250 
16.145339 3.726564 25.625000 
13.660963 -0.310547 26.875000 
15.216803 -0.310547 31.881250


15.213698 -27.949230 29.375000 
15.834792 -24.222666 26.250000 
16.766433 -28.570324 24.375000 
15.213698 -27.949230 29.375000


15.213698 -27.949230 29.375000 
16.766433 -28.570324 24.375000 
15.834792 -31.054700 26.875000 
15.213698 -27.949230 29.375000


18.632820 7.763675 30.006250 
16.766433 8.695316 25.625000 
15.527350 6.832034 24.381250 
18.632820 7.763675 30.006250


18.632820 9.316410 28.756250 
20.496102 11.800786 24.381250 
18.322273 11.179692 24.381250 
18.632820 9.316410 28.756250


23.291025 -31.675794 27.493750 
24.222666 -33.231634 28.125000 
20.185555 -31.986341 26.868750 
23.291025 -31.675794 27.493750


23.291025 -31.675794 27.493750 
20.185555 -31.986341 26.868750 
22.359384 -30.433606 26.243750 
23.291025 -31.675794 27.493750


26.707042 -29.812512 26.868750 
23.291025 -31.675794 27.493750 
22.359384 -30.433606 26.243750 
26.707042 -29.812512 26.868750


28.573429 -29.191418 27.500000 
26.707042 -29.812512 26.868750 
29.501965 -27.638683 26.868750 
28.573429 -29.191418 27.500000


29.505070 6.832034 29.375000 
30.747258 4.968752 29.375000 
27.638683 8.698421 25.625000 
29.505070 6.832034 29.375000


32.610540 -22.359384 26.875000 
31.678899 -24.843760 26.875000 
31.675794 -21.427743 25.618750 
32.610540 -22.359384 26.875000


33.231634 -20.496102 26.875000 
32.610540 -22.359384 26.875000 
31.675794 -21.427743 25.618750 
33.231634 -20.496102 26.875000


33.852728 -18.322273 26.875000 
33.231634 -20.496102 26.875000 
33.539076 -17.080085 25.618750 
33.852728 -18.322273 26.875000


35.091811 -14.595709 25.618750 
33.852728 -18.322273 26.875000 
33.539076 -17.080085 25.618750 
35.091811 -14.595709 25.618750


35.405463 -9.005863 24.375000 
32.921087 -10.558598 30.000000 
35.091811 -13.042974 25.618750 
35.405463 -9.005863 24.375000


13.660963 -20.806649 30.625000 
14.595709 -17.701179 26.243750 
15.837897 -21.738290 24.993750 
13.660963 -20.806649 30.625000


16.458991 1.863282 30.006250 
16.145339 3.726564 25.625000 
15.216803 -0.310547 31.881250 
16.458991 1.863282 30.006250


15.837897 -31.054700 28.118750 
15.834792 -31.054700 26.875000 
16.458991 -35.094916 27.500000 
15.837897 -31.054700 28.118750


19.253914 2.794923 33.131250 
18.322273 4.968752 31.256250 
16.145339 3.726564 25.625000 
19.253914 2.794923 33.131250


18.632820 7.763675 30.006250 
15.527350 6.832034 24.381250 
18.322273 4.968752 31.256250 
18.632820 7.763675 30.006250


19.564461 -33.542181 28.125000 
16.458991 -35.094916 27.500000 
17.393737 -32.607435 25.625000 
19.564461 -33.542181 28.125000


19.564461 -33.542181 28.125000 
17.393737 -32.607435 25.625000 
20.185555 -31.986341 26.868750 
19.564461 -33.542181 28.125000


16.766433 8.695316 25.625000 
18.632820 9.316410 28.756250 
18.322273 11.179692 24.381250 
16.766433 8.695316 25.625000


20.496102 11.800786 24.381250 
18.632820 9.316410 28.756250 
20.806649 9.316410 30.631250 
20.496102 11.800786 24.381250


26.707042 -29.812512 26.868750 
26.089053 -31.675794 28.125000 
23.291025 -31.675794 27.493750 
26.707042 -29.812512 26.868750


27.328136 -27.949230 32.506250 
29.501965 -27.638683 26.868750 
30.433606 -27.020694 26.875000 
27.328136 -27.949230 32.506250


28.570324 -26.085948 32.506250 
27.328136 -27.949230 32.506250 
30.433606 -27.020694 26.875000 
28.570324 -26.085948 32.506250


12.418775 -9.316410 31.250000 
11.797681 -5.279299 28.125000 
12.418775 -9.005863 26.250000 
12.418775 -9.316410 31.250000


12.418775 -15.527350 29.375000 
14.285162 -15.216803 24.993750 
13.660963 -17.080085 27.500000 
12.418775 -15.527350 29.375000


14.282057 -22.980478 30.000000 
15.837897 -21.738290 24.993750 
15.213698 -27.949230 29.375000 
14.282057 -22.980478 30.000000


15.213698 -27.949230 29.375000 
15.837897 -21.738290 24.993750 
15.834792 -24.222666 26.250000 
15.213698 -27.949230 29.375000


15.837897 -31.054700 28.118750 
15.213698 -27.949230 29.375000 
15.834792 -31.054700 26.875000 
15.837897 -31.054700 28.118750


19.253914 2.794923 33.131250 
16.145339 3.726564 25.625000 
16.458991 1.863282 30.006250 
19.253914 2.794923 33.131250


18.632820 9.316410 28.756250 
16.766433 8.695316 25.625000 
18.632820 7.763675 30.006250 
18.632820 9.316410 28.756250


19.564461 -33.542181 28.125000 
20.185555 -31.986341 26.868750 
24.222666 -33.231634 28.125000 
19.564461 -33.542181 28.125000


26.089053 -31.675794 28.125000 
24.222666 -33.231634 28.125000 
23.291025 -31.675794 27.493750 
26.089053 -31.675794 28.125000


20.806649 9.316410 30.631250 
25.154307 9.630062 28.125000 
22.359384 11.800786 23.756250 
20.806649 9.316410 30.631250


28.573429 -29.191418 27.500000 
26.089053 -31.675794 28.125000 
26.707042 -29.812512 26.868750 
28.573429 -29.191418 27.500000


27.638683 8.698421 25.625000 
27.638683 7.142581 31.256250 
29.505070 6.832034 29.375000 
27.638683 8.698421 25.625000


27.328136 -27.949230 32.506250 
28.573429 -29.191418 27.500000 
29.501965 -27.638683 26.868750 
27.328136 -27.949230 32.506250


31.989446 4.037111 25.000000 
30.747258 4.968752 29.375000 
31.365247 3.416017 30.006250 
31.989446 4.037111 25.000000


31.365247 3.416017 30.006250 
31.986341 0.621094 30.631250 
31.989446 4.037111 25.000000 
31.365247 3.416017 30.006250


31.986341 0.621094 30.631250 
33.542181 -0.931641 27.500000 
32.921087 1.242188 25.625000 
31.986341 0.621094 30.631250


35.091811 -14.595709 25.618750 
33.542181 -16.769538 29.375000 
33.852728 -18.322273 26.875000 
35.091811 -14.595709 25.618750


32.917982 -3.105470 30.006250 
32.921087 -10.558598 30.000000 
34.473822 -5.900393 26.250000 
32.917982 -3.105470 30.006250


12.418775 -9.316410 31.250000 
12.418775 -9.005863 26.250000 
12.418775 -12.111333 26.875000 
12.418775 -9.316410 31.250000


13.660963 -17.080085 27.500000 
14.595709 -17.701179 26.243750 
13.660963 -20.806649 30.625000 
13.660963 -17.080085 27.500000


13.660963 -20.806649 30.625000 
15.837897 -21.738290 24.993750 
14.282057 -22.980478 30.000000 
13.660963 -20.806649 30.625000


16.769538 -34.160170 29.381250 
15.837897 -31.054700 28.118750 
16.458991 -35.094916 27.500000 
16.769538 -34.160170 29.381250


19.564461 -34.473822 28.750000 
19.564461 -33.542181 28.125000 
24.222666 -33.231634 28.125000 
19.564461 -34.473822 28.750000


24.222666 -33.231634 28.125000 
21.427743 -33.849623 28.756250 
19.564461 -34.473822 28.750000 
24.222666 -33.231634 28.125000


25.154307 9.630062 28.125000 
27.638683 7.142581 31.256250 
27.638683 8.698421 25.625000 
25.154307 9.630062 28.125000


31.678899 -22.669931 29.375000 
32.610540 -22.359384 26.875000 
33.231634 -20.496102 26.875000 
31.678899 -22.669931 29.375000


35.091811 -13.042974 25.618750 
33.542181 -16.769538 29.375000 
35.091811 -14.595709 25.618750 
35.091811 -13.042974 25.618750


12.729322 -3.416017 25.000000 
11.797681 -5.279299 28.125000 
12.108228 -5.589846 31.250000 
12.729322 -3.416017 25.000000


12.108228 -5.589846 31.250000 
12.418775 -3.726564 30.625000 
12.729322 -3.416017 25.000000 
12.108228 -5.589846 31.250000


12.111333 -14.285162 30.631250 
12.418775 -12.111333 26.875000 
12.418775 -15.527350 29.375000 
12.111333 -14.285162 30.631250


15.216803 -0.310547 31.881250 
13.660963 -0.310547 26.875000 
12.418775 -3.726564 30.625000 
15.216803 -0.310547 31.881250


19.564461 6.832034 32.506250 
18.632820 7.763675 30.006250 
18.322273 4.968752 31.256250 
19.564461 6.832034 32.506250


16.458991 -35.094916 27.500000 
19.564461 -33.542181 28.125000 
19.564461 -34.473822 28.750000 
16.458991 -35.094916 27.500000


19.564461 -34.473822 28.750000 
16.769538 -34.160170 29.381250 
16.458991 -35.094916 27.500000 
19.564461 -34.473822 28.750000


16.769538 -32.917982 31.881250 
16.769538 -34.160170 29.381250 
19.564461 -34.473822 28.750000 
16.769538 -32.917982 31.881250


19.564461 6.832034 32.506250 
18.632820 9.316410 28.756250 
18.632820 7.763675 30.006250 
19.564461 6.832034 32.506250


20.806649 9.316410 30.631250 
24.843760 8.384769 31.881250 
25.154307 9.630062 28.125000 
20.806649 9.316410 30.631250


25.775401 -29.812512 32.506250 
26.089053 -31.675794 28.125000 
28.573429 -29.191418 27.500000 
25.775401 -29.812512 32.506250


25.775401 7.453128 32.506250 
27.638683 7.142581 31.256250 
25.154307 9.630062 28.125000 
25.775401 7.453128 32.506250


28.570324 -26.085948 32.506250 
30.433606 -27.020694 26.875000 
31.678899 -24.843760 26.875000 
28.570324 -26.085948 32.506250


31.678899 -22.669931 29.375000 
31.678899 -24.843760 26.875000 
32.610540 -22.359384 26.875000 
31.678899 -22.669931 29.375000


31.675794 -19.253914 31.256250 
33.852728 -18.322273 26.875000 
33.542181 -16.769538 29.375000 
31.675794 -19.253914 31.256250


12.418775 -9.316410 31.250000 
12.418775 -12.111333 26.875000 
12.111333 -14.285162 30.631250 
12.418775 -9.316410 31.250000


12.108228 -5.589846 31.250000 
11.797681 -5.279299 28.125000 
12.418775 -9.316410 31.250000 
12.108228 -5.589846 31.250000


13.039869 -18.943367 32.500000 
12.418775 -15.527350 29.375000 
13.660963 -17.080085 27.500000 
13.039869 -18.943367 32.500000


13.039869 -18.943367 32.500000 
13.660963 -17.080085 27.500000 
13.660963 -20.806649 30.625000 
13.039869 -18.943367 32.500000


15.834792 -31.675794 31.875000 
15.837897 -31.054700 28.118750 
16.769538 -32.917982 31.881250 
15.834792 -31.675794 31.875000


15.213698 -27.949230 29.375000 
15.837897 -31.054700 28.118750 
15.834792 -31.675794 31.875000 
15.213698 -27.949230 29.375000


16.769538 -32.917982 31.881250 
15.837897 -31.054700 28.118750 
16.769538 -34.160170 29.381250 
16.769538 -32.917982 31.881250


19.564461 6.832034 32.506250 
20.806649 9.316410 30.631250 
18.632820 9.316410 28.756250 
19.564461 6.832034 32.506250


21.427743 -33.849623 28.756250 
24.222666 -33.231634 28.125000 
22.669931 -31.054700 33.756250 
21.427743 -33.849623 28.756250


24.843760 8.384769 31.881250 
25.775401 7.453128 32.506250 
25.154307 9.630062 28.125000 
24.843760 8.384769 31.881250


29.505070 6.832034 29.375000 
29.812512 5.279299 30.631250 
30.747258 4.968752 29.375000 
29.505070 6.832034 29.375000


31.678899 -22.669931 29.375000 
30.123059 -23.601572 31.881250 
31.678899 -24.843760 26.875000 
31.678899 -22.669931 29.375000


33.852728 -18.322273 26.875000 
31.675794 -19.253914 31.256250 
33.231634 -20.496102 26.875000 
33.852728 -18.322273 26.875000


15.213698 -27.017589 33.750000 
14.282057 -22.980478 30.000000 
15.213698 -27.949230 29.375000 
15.213698 -27.017589 33.750000


24.222666 -33.231634 28.125000 
24.222666 -30.744153 33.131250 
22.669931 -31.054700 33.756250 
24.222666 -33.231634 28.125000


25.775401 -29.812512 32.506250 
24.222666 -30.744153 33.131250 
26.089053 -31.675794 28.125000 
25.775401 -29.812512 32.506250


30.747258 4.968752 29.375000 
29.812512 5.279299 30.631250 
31.365247 3.416017 30.006250 
30.747258 4.968752 29.375000


32.921087 -10.558598 30.000000 
32.296888 -16.148444 31.256250 
33.542181 -16.769538 29.375000 
32.921087 -10.558598 30.000000


33.542181 -0.931641 27.500000 
31.986341 0.621094 30.631250 
32.917982 -3.105470 30.006250 
33.542181 -0.931641 27.500000


32.921087 -10.558598 30.000000 
33.542181 -16.769538 29.375000 
35.091811 -13.042974 25.618750 
32.921087 -10.558598 30.000000


12.418775 -9.316410 31.250000 
12.111333 -14.285162 30.631250 
13.039869 -15.527350 34.375000 
12.418775 -9.316410 31.250000


15.216803 -0.310547 31.881250 
12.418775 -3.726564 30.625000 
15.216803 -2.173829 33.756250 
15.216803 -0.310547 31.881250


17.080085 0.000000 33.756250 
16.458991 1.863282 30.006250 
15.216803 -0.310547 31.881250 
17.080085 0.000000 33.756250


24.222666 -30.744153 33.131250 
24.222666 -33.231634 28.125000 
26.089053 -31.675794 28.125000 
24.222666 -30.744153 33.131250


29.812512 5.279299 30.631250 
29.505070 6.832034 29.375000 
27.638683 7.142581 31.256250 
29.812512 5.279299 30.631250


28.880871 4.037111 32.506250 
31.365247 3.416017 30.006250 
29.812512 5.279299 30.631250 
28.880871 4.037111 32.506250


33.231634 -20.496102 26.875000 
30.433606 -20.496102 32.506250 
31.678899 -22.669931 29.375000 
33.231634 -20.496102 26.875000


31.675794 -19.253914 31.256250 
30.433606 -20.496102 32.506250 
33.231634 -20.496102 26.875000 
31.675794 -19.253914 31.256250


31.365247 -11.490239 31.881250 
32.296888 -16.148444 31.256250 
32.921087 -10.558598 30.000000 
31.365247 -11.490239 31.881250


32.296888 -16.148444 31.256250 
31.675794 -19.253914 31.256250 
33.542181 -16.769538 29.375000 
32.296888 -16.148444 31.256250


15.837897 -29.501965 33.756250 
15.213698 -27.949230 29.375000 
15.834792 -31.675794 31.875000 
15.837897 -29.501965 33.756250


25.775401 7.453128 32.506250 
26.396495 4.968752 33.756250 
27.638683 7.142581 31.256250 
25.775401 7.453128 32.506250


31.365247 3.416017 30.006250 
31.054700 -3.416017 33.131250 
31.986341 0.621094 30.631250 
31.365247 3.416017 30.006250


31.365247 -11.490239 31.881250 
31.675794 -19.253914 31.256250 
32.296888 -16.148444 31.256250 
31.365247 -11.490239 31.881250


32.917982 -3.105470 30.006250 
31.054700 -3.416017 33.131250 
31.365247 -11.490239 31.881250 
32.917982 -3.105470 30.006250


31.986341 0.621094 30.631250 
31.054700 -3.416017 33.131250 
32.917982 -3.105470 30.006250 
31.986341 0.621094 30.631250


32.917982 -3.105470 30.006250 
31.365247 -11.490239 31.881250 
32.921087 -10.558598 30.000000 
32.917982 -3.105470 30.006250


13.042974 -8.074222 34.381250 
12.418775 -9.316410 31.250000 
13.039869 -15.527350 34.375000 
13.042974 -8.074222 34.381250


13.664068 -5.589846 34.381250 
12.418775 -3.726564 30.625000 
12.108228 -5.589846 31.250000 
13.664068 -5.589846 34.381250


13.039869 -15.527350 34.375000 
12.418775 -15.527350 29.375000 
13.039869 -18.943367 32.500000 
13.039869 -15.527350 34.375000


12.111333 -14.285162 30.631250 
12.418775 -15.527350 29.375000 
13.039869 -15.527350 34.375000 
12.111333 -14.285162 30.631250


14.906256 -21.738290 36.881250 
13.039869 -18.943367 32.500000 
13.660963 -20.806649 30.625000 
14.906256 -21.738290 36.881250


14.903151 -23.912119 35.000000 
14.282057 -22.980478 30.000000 
15.213698 -27.017589 33.750000 
14.903151 -23.912119 35.000000


15.213698 -27.017589 33.750000 
15.213698 -27.949230 29.375000 
15.837897 -29.501965 33.756250 
15.213698 -27.017589 33.750000


19.564461 6.832034 32.506250 
18.322273 4.968752 31.256250 
19.253914 2.794923 33.131250 
19.564461 6.832034 32.506250


22.669931 -31.054700 33.756250 
20.496102 -31.054700 35.006250 
19.564461 -34.473822 28.750000 
22.669931 -31.054700 33.756250


22.669931 -31.054700 33.756250 
19.564461 -34.473822 28.750000 
21.427743 -33.849623 28.756250 
22.669931 -31.054700 33.756250


22.048837 7.453128 33.131250 
20.806649 9.316410 30.631250 
19.564461 6.832034 32.506250 
22.048837 7.453128 33.131250


25.775401 -28.259777 33.756250 
25.775401 -29.812512 32.506250 
28.573429 -29.191418 27.500000 
25.775401 -28.259777 33.756250


28.573429 -29.191418 27.500000 
27.328136 -27.949230 32.506250 
25.775401 -28.259777 33.756250 
28.573429 -29.191418 27.500000


26.396495 4.968752 33.756250 
29.812512 5.279299 30.631250 
27.638683 7.142581 31.256250 
26.396495 4.968752 33.756250


30.123059 -23.601572 31.881250 
28.570324 -26.085948 32.506250 
31.678899 -24.843760 26.875000 
30.123059 -23.601572 31.881250


28.880871 4.037111 32.506250 
28.570324 1.863282 33.756250 
31.365247 3.416017 30.006250 
28.880871 4.037111 32.506250


31.678899 -22.669931 29.375000 
29.191418 -21.117196 33.756250 
30.123059 -23.601572 31.881250 
31.678899 -22.669931 29.375000


13.042974 -8.074222 34.381250 
12.108228 -5.589846 31.250000 
12.418775 -9.316410 31.250000 
13.042974 -8.074222 34.381250


14.906256 -21.738290 36.881250 
13.660963 -20.806649 30.625000 
14.282057 -22.980478 30.000000 
14.906256 -21.738290 36.881250


14.906256 -21.738290 36.881250 
14.282057 -22.980478 30.000000 
14.903151 -23.912119 35.000000 
14.906256 -21.738290 36.881250


15.216803 -2.173829 33.756250 
17.080085 0.000000 33.756250 
15.216803 -0.310547 31.881250 
15.216803 -2.173829 33.756250


19.875008 1.863282 35.006250 
16.458991 1.863282 30.006250 
17.080085 0.000000 33.756250 
19.875008 1.863282 35.006250


19.253914 2.794923 33.131250 
16.458991 1.863282 30.006250 
19.875008 1.863282 35.006250 
19.253914 2.794923 33.131250


20.185555 4.347658 34.381250 
19.564461 6.832034 32.506250 
19.253914 2.794923 33.131250 
20.185555 4.347658 34.381250


22.048837 7.453128 33.131250 
19.564461 6.832034 32.506250 
20.185555 4.347658 34.381250 
22.048837 7.453128 33.131250


24.843760 8.384769 31.881250 
20.806649 9.316410 30.631250 
22.048837 7.453128 33.131250 
24.843760 8.384769 31.881250


25.775401 7.453128 32.506250 
24.843760 8.384769 31.881250 
22.048837 7.453128 33.131250 
25.775401 7.453128 32.506250


27.328136 -27.949230 32.506250 
27.328136 -26.085948 33.756250 
25.775401 -28.259777 33.756250 
27.328136 -27.949230 32.506250


28.570324 -26.085948 32.506250 
27.328136 -26.085948 33.756250 
27.328136 -27.949230 32.506250 
28.570324 -26.085948 32.506250


29.812512 5.279299 30.631250 
26.396495 4.968752 33.756250 
28.880871 4.037111 32.506250 
29.812512 5.279299 30.631250


28.880871 -22.980478 33.756250 
28.570324 -26.085948 32.506250 
30.123059 -23.601572 31.881250 
28.880871 -22.980478 33.756250


29.191418 -21.117196 33.756250 
28.880871 -22.980478 33.756250 
30.123059 -23.601572 31.881250 
29.191418 -21.117196 33.756250


30.433606 -20.496102 32.506250 
29.191418 -21.117196 33.756250 
31.678899 -22.669931 29.375000 
30.433606 -20.496102 32.506250


30.744153 -14.906256 32.506250 
30.433606 -20.496102 32.506250 
31.675794 -19.253914 31.256250 
30.744153 -14.906256 32.506250


31.365247 3.416017 30.006250 
28.570324 1.863282 33.756250 
31.054700 -3.416017 33.131250 
31.365247 3.416017 30.006250


30.744153 -14.906256 32.506250 
31.675794 -19.253914 31.256250 
31.365247 -11.490239 31.881250 
30.744153 -14.906256 32.506250


13.974615 -18.943367 35.631250 
13.039869 -18.943367 32.500000 
14.906256 -21.738290 36.881250 
13.974615 -18.943367 35.631250


20.496102 -31.054700 35.006250 
16.769538 -32.917982 31.881250 
19.564461 -34.473822 28.750000 
20.496102 -31.054700 35.006250


25.775401 -28.259777 33.756250 
24.222666 -30.744153 33.131250 
25.775401 -29.812512 32.506250 
25.775401 -28.259777 33.756250


25.775401 7.453128 32.506250 
24.843760 5.279299 34.381250 
26.396495 4.968752 33.756250 
25.775401 7.453128 32.506250


26.396495 4.968752 33.756250 
28.570324 1.863282 33.756250 
28.880871 4.037111 32.506250 
26.396495 4.968752 33.756250


28.570324 -26.085948 32.506250 
28.880871 -22.980478 33.756250 
27.328136 -26.085948 33.756250 
28.570324 -26.085948 32.506250


28.570324 1.863282 33.756250 
29.501965 -1.242188 33.756250 
31.054700 -3.416017 33.131250 
28.570324 1.863282 33.756250


29.501965 -1.242188 33.756250 
30.744153 -5.589846 33.756250 
31.054700 -3.416017 33.131250 
29.501965 -1.242188 33.756250


29.501965 -15.527350 35.006250 
30.433606 -20.496102 32.506250 
30.744153 -14.906256 32.506250 
29.501965 -15.527350 35.006250


31.365247 -11.490239 31.881250 
29.194523 -12.421880 35.000000 
30.744153 -14.906256 32.506250 
31.365247 -11.490239 31.881250


31.054700 -3.416017 33.131250 
30.744153 -10.248051 33.756250 
31.365247 -11.490239 31.881250 
31.054700 -3.416017 33.131250


13.039869 -15.527350 34.375000 
13.974615 -9.937504 36.256250 
13.042974 -8.074222 34.381250 
13.039869 -15.527350 34.375000


13.974615 -18.943367 35.631250 
13.039869 -15.527350 34.375000 
13.039869 -18.943367 32.500000 
13.974615 -18.943367 35.631250


13.664068 -5.589846 34.381250 
12.108228 -5.589846 31.250000 
13.042974 -8.074222 34.381250 
13.664068 -5.589846 34.381250


13.664068 -5.589846 34.381250 
15.216803 -2.173829 33.756250 
12.418775 -3.726564 30.625000 
13.664068 -5.589846 34.381250


14.903151 -23.912119 35.000000 
15.213698 -27.017589 33.750000 
16.458991 -26.085948 36.881250 
14.903151 -23.912119 35.000000


15.837897 -29.501965 33.756250 
15.834792 -31.675794 31.875000 
16.769538 -32.917982 31.881250 
15.837897 -29.501965 33.756250


18.011726 -0.310547 35.006250 
17.080085 0.000000 33.756250 
15.216803 -2.173829 33.756250 
18.011726 -0.310547 35.006250


22.048837 5.279299 35.006250 
22.048837 7.453128 33.131250 
20.185555 4.347658 34.381250 
22.048837 5.279299 35.006250


24.222666 -30.744153 33.131250 
20.496102 -31.054700 35.006250 
22.669931 -31.054700 33.756250 
24.222666 -30.744153 33.131250


23.601572 -28.570324 35.006250 
20.496102 -31.054700 35.006250 
24.222666 -30.744153 33.131250 
23.601572 -28.570324 35.006250


25.775401 -28.259777 33.756250 
23.601572 -28.570324 35.006250 
24.222666 -30.744153 33.131250 
25.775401 -28.259777 33.756250


22.048837 5.279299 35.006250 
24.843760 5.279299 34.381250 
22.048837 7.453128 33.131250 
22.048837 5.279299 35.006250


22.048837 7.453128 33.131250 
24.843760 5.279299 34.381250 
25.775401 7.453128 32.506250 
22.048837 7.453128 33.131250


24.533213 -26.707042 35.631250 
23.601572 -28.570324 35.006250 
25.775401 -28.259777 33.756250 
24.533213 -26.707042 35.631250


27.328136 -26.085948 33.756250 
24.533213 -26.707042 35.631250 
25.775401 -28.259777 33.756250 
27.328136 -26.085948 33.756250


26.396495 1.242188 35.631250 
28.570324 1.863282 33.756250 
26.396495 4.968752 33.756250 
26.396495 1.242188 35.631250


26.085948 -23.291025 36.881250 
27.328136 -26.085948 33.756250 
28.880871 -22.980478 33.756250 
26.085948 -23.291025 36.881250


28.570324 1.863282 33.756250 
28.259777 -1.863282 35.006250 
29.501965 -1.242188 33.756250 
28.570324 1.863282 33.756250


29.501965 -15.527350 35.006250 
29.191418 -21.117196 33.756250 
30.433606 -20.496102 32.506250 
29.501965 -15.527350 35.006250


30.744153 -5.589846 33.756250 
29.501965 -8.384769 35.006250 
30.744153 -10.248051 33.756250 
30.744153 -5.589846 33.756250


29.501965 -8.384769 35.006250 
31.365247 -11.490239 31.881250 
30.744153 -10.248051 33.756250 
29.501965 -8.384769 35.006250


30.744153 -5.589846 33.756250 
30.744153 -10.248051 33.756250 
31.054700 -3.416017 33.131250 
30.744153 -5.589846 33.756250


13.974615 -9.937504 36.256250 
13.039869 -15.527350 34.375000 
13.664068 -14.285162 36.256250 
13.974615 -9.937504 36.256250


14.285162 -7.453128 35.631250 
13.664068 -5.589846 34.381250 
13.042974 -8.074222 34.381250 
14.285162 -7.453128 35.631250


13.664068 -5.589846 34.381250 
14.906256 -4.658205 35.006250 
15.216803 -2.173829 33.756250 
13.664068 -5.589846 34.381250


15.837897 -29.501965 33.756250 
16.769538 -32.917982 31.881250 
17.701179 -30.123059 35.631250 
15.837897 -29.501965 33.756250


19.875008 1.863282 35.006250 
17.080085 0.000000 33.756250 
18.011726 -0.310547 35.006250 
19.875008 1.863282 35.006250


17.701179 -30.123059 35.631250 
16.769538 -32.917982 31.881250 
20.496102 -31.054700 35.006250 
17.701179 -30.123059 35.631250


20.185555 4.347658 34.381250 
19.253914 2.794923 33.131250 
19.875008 1.863282 35.006250 
20.185555 4.347658 34.381250


24.843760 5.279299 34.381250 
25.154307 3.105470 35.631250 
26.396495 4.968752 33.756250 
24.843760 5.279299 34.381250


26.396495 4.968752 33.756250 
25.154307 3.105470 35.631250 
26.396495 1.242188 35.631250 
26.396495 4.968752 33.756250


27.017589 -18.322273 36.881250 
27.638683 -20.496102 36.256250 
29.191418 -21.117196 33.756250 
27.017589 -18.322273 36.881250


29.501965 -15.527350 35.006250 
27.017589 -18.322273 36.881250 
29.191418 -21.117196 33.756250 
29.501965 -15.527350 35.006250


29.501965 -1.242188 33.756250 
28.570324 -6.210940 35.631250 
30.744153 -5.589846 33.756250 
29.501965 -1.242188 33.756250


29.194523 -12.421880 35.000000 
29.501965 -15.527350 35.006250 
30.744153 -14.906256 32.506250 
29.194523 -12.421880 35.000000


30.744153 -5.589846 33.756250 
28.570324 -6.210940 35.631250 
29.501965 -8.384769 35.006250 
30.744153 -5.589846 33.756250


29.501965 -8.384769 35.006250 
29.194523 -12.421880 35.000000 
31.365247 -11.490239 31.881250 
29.501965 -8.384769 35.006250


13.664068 -14.285162 36.256250 
13.039869 -15.527350 34.375000 
13.974615 -18.943367 35.631250 
13.664068 -14.285162 36.256250


14.285162 -7.453128 35.631250 
13.042974 -8.074222 34.381250 
13.974615 -9.937504 36.256250 
14.285162 -7.453128 35.631250


16.769538 -5.900393 36.881250 
13.664068 -5.589846 34.381250 
14.285162 -7.453128 35.631250 
16.769538 -5.900393 36.881250


16.769538 -5.900393 36.881250 
14.906256 -4.658205 35.006250 
13.664068 -5.589846 34.381250 
16.769538 -5.900393 36.881250


17.390632 -3.416017 36.256250 
14.906256 -4.658205 35.006250 
16.769538 -5.900393 36.881250 
17.390632 -3.416017 36.256250


15.837897 -29.501965 33.756250 
16.458991 -26.085948 36.881250 
15.213698 -27.017589 33.750000 
15.837897 -29.501965 33.756250


18.011726 -29.501965 36.256250 
16.458991 -26.085948 36.881250 
15.837897 -29.501965 33.756250 
18.011726 -29.501965 36.256250


14.906256 -4.658205 35.006250 
18.011726 -0.310547 35.006250 
15.216803 -2.173829 33.756250 
14.906256 -4.658205 35.006250


18.011726 -0.310547 35.006250 
14.906256 -4.658205 35.006250 
17.390632 -3.416017 36.256250 
18.011726 -0.310547 35.006250


21.738290 3.726564 35.631250 
20.185555 4.347658 34.381250 
19.875008 1.863282 35.006250 
21.738290 3.726564 35.631250


21.738290 3.726564 35.631250 
22.048837 5.279299 35.006250 
20.185555 4.347658 34.381250 
21.738290 3.726564 35.631250


24.843760 5.279299 34.381250 
22.048837 5.279299 35.006250 
21.738290 3.726564 35.631250 
24.843760 5.279299 34.381250


24.533213 -26.707042 35.631250 
22.669931 -27.017589 36.881250 
23.601572 -28.570324 35.006250 
24.533213 -26.707042 35.631250


23.291025 3.416017 36.256250 
24.843760 5.279299 34.381250 
21.738290 3.726564 35.631250 
23.291025 3.416017 36.256250


24.843760 5.279299 34.381250 
23.291025 3.416017 36.256250 
25.154307 3.105470 35.631250 
24.843760 5.279299 34.381250


26.085948 -23.291025 36.881250 
23.601572 -24.843760 37.506250 
27.328136 -26.085948 33.756250 
26.085948 -23.291025 36.881250


28.570324 1.863282 33.756250 
26.396495 1.242188 35.631250 
28.259777 -1.863282 35.006250 
28.570324 1.863282 33.756250


28.880871 -22.980478 33.756250 
27.638683 -20.496102 36.256250 
26.085948 -23.291025 36.881250 
28.880871 -22.980478 33.756250


29.191418 -21.117196 33.756250 
27.638683 -20.496102 36.256250 
28.880871 -22.980478 33.756250 
29.191418 -21.117196 33.756250


28.259777 -1.863282 35.006250 
28.570324 -6.210940 35.631250 
29.501965 -1.242188 33.756250 
28.259777 -1.863282 35.006250


14.595709 -13.974615 37.506250 
13.974615 -9.937504 36.256250 
13.664068 -14.285162 36.256250 
14.595709 -13.974615 37.506250


20.496102 -31.054700 35.006250 
15.837897 -29.501965 33.756250 
17.701179 -30.123059 35.631250 
20.496102 -31.054700 35.006250


20.496102 -31.054700 35.006250 
18.011726 -29.501965 36.256250 
15.837897 -29.501965 33.756250 
20.496102 -31.054700 35.006250


21.117196 0.931641 36.881250 
19.875008 1.863282 35.006250 
18.011726 -0.310547 35.006250 
21.117196 0.931641 36.881250


21.427743 -27.949230 36.881250 
18.011726 -29.501965 36.256250 
20.496102 -31.054700 35.006250 
21.427743 -27.949230 36.881250


21.117196 0.931641 36.881250 
21.738290 3.726564 35.631250 
19.875008 1.863282 35.006250 
21.117196 0.931641 36.881250


23.601572 -28.570324 35.006250 
21.427743 -27.949230 36.881250 
20.496102 -31.054700 35.006250 
23.601572 -28.570324 35.006250


23.601572 -24.843760 37.506250 
24.533213 -26.707042 35.631250 
27.328136 -26.085948 33.756250 
23.601572 -24.843760 37.506250


26.396495 1.242188 35.631250 
26.707042 -0.931641 36.256250 
28.259777 -1.863282 35.006250 
26.396495 1.242188 35.631250


26.707042 -0.931641 36.256250 
27.638683 -4.037111 36.256250 
28.259777 -1.863282 35.006250 
26.707042 -0.931641 36.256250


28.259777 -1.863282 35.006250 
27.638683 -4.037111 36.256250 
28.570324 -6.210940 35.631250 
28.259777 -1.863282 35.006250


29.194523 -12.421880 35.000000 
27.017589 -15.216803 36.881250 
27.017589 -18.322273 36.881250 
29.194523 -12.421880 35.000000


29.194523 -12.421880 35.000000 
27.017589 -18.322273 36.881250 
29.501965 -15.527350 35.006250 
29.194523 -12.421880 35.000000


28.570324 -9.316410 35.631250 
27.017589 -15.216803 36.881250 
29.194523 -12.421880 35.000000 
28.570324 -9.316410 35.631250


28.570324 -6.210940 35.631250 
27.328136 -6.832034 37.506250 
29.501965 -8.384769 35.006250 
28.570324 -6.210940 35.631250


27.328136 -6.832034 37.506250 
28.570324 -9.316410 35.631250 
29.501965 -8.384769 35.006250 
27.328136 -6.832034 37.506250


29.501965 -8.384769 35.006250 
28.570324 -9.316410 35.631250 
29.194523 -12.421880 35.000000 
29.501965 -8.384769 35.006250


16.148444 -8.384769 37.506250 
16.769538 -5.900393 36.881250 
14.285162 -7.453128 35.631250 
16.148444 -8.384769 37.506250


17.390632 -3.416017 36.256250 
19.253914 -1.552735 36.881250 
18.011726 -0.310547 35.006250 
17.390632 -3.416017 36.256250


19.253914 -1.552735 36.881250 
21.117196 0.931641 36.881250 
18.011726 -0.310547 35.006250 
19.253914 -1.552735 36.881250


22.669931 -27.017589 36.881250 
21.427743 -27.949230 36.881250 
23.601572 -28.570324 35.006250 
22.669931 -27.017589 36.881250


23.601572 -24.843760 37.506250 
22.669931 -27.017589 36.881250 
24.533213 -26.707042 35.631250 
23.601572 -24.843760 37.506250


23.291025 3.416017 36.256250 
23.912119 0.931641 37.506250 
25.154307 3.105470 35.631250 
23.291025 3.416017 36.256250


25.154307 3.105470 35.631250 
23.912119 0.931641 37.506250 
26.396495 1.242188 35.631250 
25.154307 3.105470 35.631250


26.396495 1.242188 35.631250 
23.912119 0.931641 37.506250 
26.707042 -0.931641 36.256250 
26.396495 1.242188 35.631250


27.638683 -4.037111 36.256250 
27.328136 -6.832034 37.506250 
28.570324 -6.210940 35.631250 
27.638683 -4.037111 36.256250


27.638683 -12.111333 36.881250 
27.017589 -15.216803 36.881250 
28.570324 -9.316410 35.631250 
27.638683 -12.111333 36.881250


15.216803 -19.564461 37.506250 
13.974615 -18.943367 35.631250 
14.906256 -21.738290 36.881250 
15.216803 -19.564461 37.506250


16.148444 -8.384769 37.506250 
14.285162 -7.453128 35.631250 
13.974615 -9.937504 36.256250 
16.148444 -8.384769 37.506250


14.906256 -21.738290 36.881250 
14.903151 -23.912119 35.000000 
16.458991 -26.085948 36.881250 
14.906256 -21.738290 36.881250


17.080085 -24.843760 38.131250 
14.906256 -21.738290 36.881250 
16.458991 -26.085948 36.881250 
17.080085 -24.843760 38.131250


18.943367 -27.949230 37.506250 
16.458991 -26.085948 36.881250 
18.011726 -29.501965 36.256250 
18.943367 -27.949230 37.506250


19.564461 -4.347658 38.131250 
17.390632 -3.416017 36.256250 
16.769538 -5.900393 36.881250 
19.564461 -4.347658 38.131250


21.427743 -27.949230 36.881250 
18.943367 -27.949230 37.506250 
18.011726 -29.501965 36.256250 
21.427743 -27.949230 36.881250


19.253914 -1.552735 36.881250 
17.390632 -3.416017 36.256250 
19.564461 -4.347658 38.131250 
19.253914 -1.552735 36.881250


20.185555 -1.863282 37.506250 
19.253914 -1.552735 36.881250 
19.564461 -4.347658 38.131250 
20.185555 -1.863282 37.506250


19.875008 -26.396495 38.131250 
18.943367 -27.949230 37.506250 
21.427743 -27.949230 36.881250 
19.875008 -26.396495 38.131250


20.185555 -1.863282 37.506250 
21.117196 0.931641 36.881250 
19.253914 -1.552735 36.881250 
20.185555 -1.863282 37.506250


22.669931 -27.017589 36.881250 
19.875008 -26.396495 38.131250 
21.427743 -27.949230 36.881250 
22.669931 -27.017589 36.881250


23.912119 0.931641 37.506250 
21.117196 0.931641 36.881250 
20.185555 -1.863282 37.506250 
23.912119 0.931641 37.506250


23.291025 3.416017 36.256250 
21.738290 3.726564 35.631250 
21.117196 0.931641 36.881250 
23.291025 3.416017 36.256250


23.601572 -24.843760 37.506250 
19.875008 -26.396495 38.131250 
22.669931 -27.017589 36.881250 
23.601572 -24.843760 37.506250


23.912119 0.931641 37.506250 
23.291025 3.416017 36.256250 
21.117196 0.931641 36.881250 
23.912119 0.931641 37.506250


24.843760 -20.185555 38.756250 
24.843760 -22.048837 38.131250 
26.085948 -23.291025 36.881250 
24.843760 -20.185555 38.756250


23.912119 0.931641 37.506250 
24.843760 -1.242188 38.131250 
26.707042 -0.931641 36.256250 
23.912119 0.931641 37.506250


27.638683 -20.496102 36.256250 
24.843760 -20.185555 38.756250 
26.085948 -23.291025 36.881250 
27.638683 -20.496102 36.256250


26.707042 -0.931641 36.256250 
25.775401 -3.726564 38.756250 
27.638683 -4.037111 36.256250 
26.707042 -0.931641 36.256250


27.638683 -20.496102 36.256250 
27.017589 -18.322273 36.881250 
24.843760 -20.185555 38.756250 
27.638683 -20.496102 36.256250


27.638683 -4.037111 36.256250 
26.085948 -7.142581 38.756250 
27.328136 -6.832034 37.506250 
27.638683 -4.037111 36.256250


27.328136 -6.832034 37.506250 
27.638683 -12.111333 36.881250 
28.570324 -9.316410 35.631250 
27.328136 -6.832034 37.506250


15.216803 -19.564461 37.506250 
13.664068 -14.285162 36.256250 
13.974615 -18.943367 35.631250 
15.216803 -19.564461 37.506250


14.595709 -13.974615 37.506250 
13.664068 -14.285162 36.256250 
15.216803 -19.564461 37.506250 
14.595709 -13.974615 37.506250


14.595709 -13.974615 37.506250 
16.148444 -8.384769 37.506250 
13.974615 -9.937504 36.256250 
14.595709 -13.974615 37.506250


17.080085 -24.843760 38.131250 
16.458991 -26.085948 36.881250 
18.943367 -27.949230 37.506250 
17.080085 -24.843760 38.131250


19.564461 -4.347658 38.131250 
16.769538 -5.900393 36.881250 
16.148444 -8.384769 37.506250 
19.564461 -4.347658 38.131250


19.253914 -5.900393 38.756250 
19.564461 -4.347658 38.131250 
16.148444 -8.384769 37.506250 
19.253914 -5.900393 38.756250


20.185555 -1.863282 37.506250 
24.843760 -1.242188 38.131250 
23.912119 0.931641 37.506250 
20.185555 -1.863282 37.506250


26.085948 -23.291025 36.881250 
22.048837 -24.222666 38.756250 
23.601572 -24.843760 37.506250 
26.085948 -23.291025 36.881250


24.843760 -22.048837 38.131250 
22.048837 -24.222666 38.756250 
26.085948 -23.291025 36.881250 
24.843760 -22.048837 38.131250


27.017589 -15.216803 36.881250 
25.464854 -18.322273 38.756250 
27.017589 -18.322273 36.881250 
27.017589 -15.216803 36.881250


24.843760 -1.242188 38.131250 
25.775401 -3.726564 38.756250 
26.707042 -0.931641 36.256250 
24.843760 -1.242188 38.131250


27.638683 -12.111333 36.881250 
25.464854 -13.664068 38.756250 
27.017589 -15.216803 36.881250 
27.638683 -12.111333 36.881250


27.328136 -6.832034 37.506250 
26.085948 -11.179692 38.756250 
27.638683 -12.111333 36.881250 
27.328136 -6.832034 37.506250


26.085948 -7.142581 38.756250 
26.085948 -11.179692 38.756250 
27.328136 -6.832034 37.506250 
26.085948 -7.142581 38.756250


17.080085 -22.669931 38.756250 
15.216803 -19.564461 37.506250 
14.906256 -21.738290 36.881250 
17.080085 -22.669931 38.756250


16.769538 -17.080085 39.381250 
16.148444 -8.384769 37.506250 
14.595709 -13.974615 37.506250 
16.769538 -17.080085 39.381250


16.769538 -10.248051 38.756250 
16.148444 -8.384769 37.506250 
16.769538 -17.080085 39.381250 
16.769538 -10.248051 38.756250


17.080085 -22.669931 38.756250 
14.906256 -21.738290 36.881250 
17.080085 -24.843760 38.131250 
17.080085 -22.669931 38.756250


17.390632 -19.875008 39.381250 
15.216803 -19.564461 37.506250 
17.080085 -22.669931 38.756250 
17.390632 -19.875008 39.381250


19.875008 -26.396495 38.131250 
17.080085 -22.669931 38.756250 
17.080085 -24.843760 38.131250 
19.875008 -26.396495 38.131250


18.011726 -8.074222 38.756250 
16.148444 -8.384769 37.506250 
16.769538 -10.248051 38.756250 
18.011726 -8.074222 38.756250


18.011726 -8.074222 38.756250 
19.253914 -5.900393 38.756250 
16.148444 -8.384769 37.506250 
18.011726 -8.074222 38.756250


19.875008 -26.396495 38.131250 
17.080085 -24.843760 38.131250 
18.943367 -27.949230 37.506250 
19.875008 -26.396495 38.131250


21.117196 -3.416017 38.756250 
19.564461 -4.347658 38.131250 
19.253914 -5.900393 38.756250 
21.117196 -3.416017 38.756250


20.185555 -1.863282 37.506250 
19.564461 -4.347658 38.131250 
21.117196 -3.416017 38.756250 
20.185555 -1.863282 37.506250


23.601572 -24.843760 37.506250 
22.048837 -24.222666 38.756250 
19.875008 -26.396495 38.131250 
23.601572 -24.843760 37.506250


21.117196 -3.416017 38.756250 
24.843760 -1.242188 38.131250 
20.185555 -1.863282 37.506250 
21.117196 -3.416017 38.756250


25.464854 -18.322273 38.756250 
24.843760 -20.185555 38.756250 
27.017589 -18.322273 36.881250 
25.464854 -18.322273 38.756250


25.464854 -13.664068 38.756250 
25.464854 -18.322273 38.756250 
27.017589 -15.216803 36.881250 
25.464854 -13.664068 38.756250


25.775401 -3.726564 38.756250 
26.085948 -7.142581 38.756250 
27.638683 -4.037111 36.256250 
25.775401 -3.726564 38.756250


17.390632 -19.875008 39.381250 
14.595709 -13.974615 37.506250 
15.216803 -19.564461 37.506250 
17.390632 -19.875008 39.381250


17.390632 -19.875008 39.381250 
16.769538 -17.080085 39.381250 
14.595709 -13.974615 37.506250 
17.390632 -19.875008 39.381250


17.390632 -11.179692 39.381250 
16.769538 -10.248051 38.756250 
16.769538 -17.080085 39.381250 
17.390632 -11.179692 39.381250


22.048837 -24.222666 38.756250 
17.080085 -22.669931 38.756250 
19.875008 -26.396495 38.131250 
22.048837 -24.222666 38.756250


24.843760 -22.048837 38.131250 
23.291025 -21.427743 39.381250 
22.048837 -24.222666 38.756250 
24.843760 -22.048837 38.131250


23.912119 -2.794923 39.381250 
24.843760 -1.242188 38.131250 
21.117196 -3.416017 38.756250 
23.912119 -2.794923 39.381250


25.775401 -3.726564 38.756250 
24.843760 -1.242188 38.131250 
23.912119 -2.794923 39.381250 
25.775401 -3.726564 38.756250


25.775401 -3.726564 38.756250 
23.912119 -2.794923 39.381250 
24.533213 -5.589846 40.006250 
25.775401 -3.726564 38.756250


24.533213 -5.589846 40.006250 
26.085948 -7.142581 38.756250 
25.775401 -3.726564 38.756250 
24.533213 -5.589846 40.006250


26.085948 -7.142581 38.756250 
25.154307 -9.005863 40.006250 
26.085948 -11.179692 38.756250 
26.085948 -7.142581 38.756250


27.638683 -12.111333 36.881250 
26.085948 -11.179692 38.756250 
25.464854 -13.664068 38.756250 
27.638683 -12.111333 36.881250


18.011726 -14.595709 40.006250 
17.390632 -11.179692 39.381250 
16.769538 -17.080085 39.381250 
18.011726 -14.595709 40.006250


18.322273 -16.458991 40.631250 
16.769538 -17.080085 39.381250 
17.390632 -19.875008 39.381250 
18.322273 -16.458991 40.631250


20.496102 -22.359384 40.006250 
17.390632 -19.875008 39.381250 
17.080085 -22.669931 38.756250 
20.496102 -22.359384 40.006250


17.390632 -11.179692 39.381250 
18.011726 -8.074222 38.756250 
16.769538 -10.248051 38.756250 
17.390632 -11.179692 39.381250


19.253914 -12.111333 40.631250 
18.011726 -8.074222 38.756250 
17.390632 -11.179692 39.381250 
19.253914 -12.111333 40.631250


20.806649 -7.763675 40.006250 
18.011726 -8.074222 38.756250 
19.253914 -12.111333 40.631250 
20.806649 -7.763675 40.006250


20.806649 -7.763675 40.006250 
19.253914 -5.900393 38.756250 
18.011726 -8.074222 38.756250 
20.806649 -7.763675 40.006250


22.048837 -24.222666 38.756250 
20.496102 -22.359384 40.006250 
17.080085 -22.669931 38.756250 
22.048837 -24.222666 38.756250


23.912119 -2.794923 39.381250 
21.117196 -3.416017 38.756250 
19.253914 -5.900393 38.756250 
23.912119 -2.794923 39.381250


23.291025 -21.427743 39.381250 
20.496102 -22.359384 40.006250 
22.048837 -24.222666 38.756250 
23.291025 -21.427743 39.381250


20.806649 -7.763675 40.006250 
23.291025 -4.968752 40.006250 
19.253914 -5.900393 38.756250 
20.806649 -7.763675 40.006250


23.291025 -4.968752 40.006250 
23.912119 -2.794923 39.381250 
19.253914 -5.900393 38.756250 
23.291025 -4.968752 40.006250


24.843760 -20.185555 38.756250 
22.359384 -19.253914 40.631250 
23.291025 -21.427743 39.381250 
24.843760 -20.185555 38.756250


24.843760 -20.185555 38.756250 
23.291025 -21.427743 39.381250 
24.843760 -22.048837 38.131250 
24.843760 -20.185555 38.756250


24.533213 -5.589846 40.006250 
23.912119 -2.794923 39.381250 
23.291025 -4.968752 40.006250 
24.533213 -5.589846 40.006250


24.843760 -20.185555 38.756250 
25.464854 -18.322273 38.756250 
22.359384 -19.253914 40.631250 
24.843760 -20.185555 38.756250


24.222666 -11.490239 40.631250 
25.464854 -13.664068 38.756250 
26.085948 -11.179692 38.756250 
24.222666 -11.490239 40.631250


25.154307 -9.005863 40.006250 
24.222666 -11.490239 40.631250 
26.085948 -11.179692 38.756250 
25.154307 -9.005863 40.006250


18.322273 -16.458991 40.631250 
18.011726 -14.595709 40.006250 
16.769538 -17.080085 39.381250 
18.322273 -16.458991 40.631250


19.253914 -12.111333 40.631250 
17.390632 -11.179692 39.381250 
18.011726 -14.595709 40.006250 
19.253914 -12.111333 40.631250


19.875008 -20.496102 40.006250 
17.390632 -19.875008 39.381250 
20.496102 -22.359384 40.006250 
19.875008 -20.496102 40.006250


19.875008 -20.496102 40.006250 
18.322273 -16.458991 40.631250 
17.390632 -19.875008 39.381250 
19.875008 -20.496102 40.006250


20.806649 -9.937504 40.631250 
20.806649 -7.763675 40.006250 
19.253914 -12.111333 40.631250 
20.806649 -9.937504 40.631250


23.291025 -21.427743 39.381250 
19.875008 -20.496102 40.006250 
20.496102 -22.359384 40.006250 
23.291025 -21.427743 39.381250


23.291025 -4.968752 40.006250 
20.806649 -7.763675 40.006250 
20.806649 -9.937504 40.631250 
23.291025 -4.968752 40.006250


22.359384 -19.253914 40.631250 
19.875008 -20.496102 40.006250 
23.291025 -21.427743 39.381250 
22.359384 -19.253914 40.631250


24.533213 -5.589846 40.006250 
23.291025 -4.968752 40.006250 
25.154307 -9.005863 40.006250 
24.533213 -5.589846 40.006250


23.601572 -16.148444 40.631250 
22.359384 -19.253914 40.631250 
25.464854 -18.322273 38.756250 
23.601572 -16.148444 40.631250


24.222666 -11.490239 40.631250 
23.601572 -16.148444 40.631250 
25.464854 -18.322273 38.756250 
24.222666 -11.490239 40.631250


25.464854 -13.664068 38.756250 
24.222666 -11.490239 40.631250 
25.464854 -18.322273 38.756250 
25.464854 -13.664068 38.756250


25.154307 -9.005863 40.006250 
26.085948 -7.142581 38.756250 
24.533213 -5.589846 40.006250 
25.154307 -9.005863 40.006250


18.322273 -16.458991 40.631250 
19.253914 -12.111333 40.631250 
18.011726 -14.595709 40.006250 
18.322273 -16.458991 40.631250


23.601572 -16.148444 40.631250 
19.253914 -12.111333 40.631250 
18.322273 -16.458991 40.631250 
23.601572 -16.148444 40.631250


22.359384 -19.253914 40.631250 
18.322273 -16.458991 40.631250 
19.875008 -20.496102 40.006250 
22.359384 -19.253914 40.631250


18.322273 -16.458991 40.631250 
22.359384 -19.253914 40.631250 
23.601572 -16.148444 40.631250 
18.322273 -16.458991 40.631250


23.601572 -16.148444 40.631250 
20.806649 -9.937504 40.631250 
19.253914 -12.111333 40.631250 
23.601572 -16.148444 40.631250


24.222666 -11.490239 40.631250 
20.806649 -9.937504 40.631250 
23.601572 -16.148444 40.631250 
24.222666 -11.490239 40.631250


23.291025 -4.968752 40.006250 
20.806649 -9.937504 40.631250 
24.222666 -11.490239 40.631250 
23.291025 -4.968752 40.006250


25.154307 -9.005863 40.006250 
23.291025 -4.968752 40.006250 
24.222666 -11.490239 40.631250 
25.154307 -9.005863 40.006250


