956

39.439469 9.630062 -46.875000 
40.995309 6.521487 -46.875000 
37.576187 7.142581 -46.256250 
39.439469 9.630062 -46.875000


40.995309 6.521487 -46.875000 
39.128922 5.589846 -45.631250 
37.576187 7.142581 -46.256250 
40.995309 6.521487 -46.875000


39.128922 5.589846 -45.631250 
36.333999 6.832034 -45.631250 
37.576187 7.142581 -46.256250 
39.128922 5.589846 -45.631250


38.510933 8.074222 -42.500000 
40.995309 6.521487 -46.875000 
39.439469 9.630062 -46.875000 
38.510933 8.074222 -42.500000


39.439469 9.630062 -46.875000 
37.576187 7.142581 -46.256250 
36.333999 6.832034 -45.631250 
39.439469 9.630062 -46.875000


37.268745 12.111333 -45.000000 
39.439469 9.630062 -46.875000 
36.333999 6.832034 -45.631250 
37.268745 12.111333 -45.000000


34.781264 13.353521 -44.381250 
36.026557 13.974615 -45.000000 
34.781264 7.142581 -45.006250 
34.781264 13.353521 -44.381250


34.781264 7.142581 -45.006250 
36.333999 6.832034 -45.631250 
34.470717 4.658205 -45.006250 
34.781264 7.142581 -45.006250


37.268745 12.111333 -45.000000 
36.333999 6.832034 -45.631250 
34.781264 7.142581 -45.006250 
37.268745 12.111333 -45.000000


36.026557 13.974615 -45.000000 
37.268745 12.111333 -45.000000 
34.781264 7.142581 -45.006250 
36.026557 13.974615 -45.000000


37.268745 12.111333 -45.000000 
36.026557 10.869145 -40.000000 
39.439469 9.630062 -46.875000 
37.268745 12.111333 -45.000000


29.501965 16.148444 -44.381250 
27.638683 19.253914 -43.756250 
30.433606 18.322273 -45.006250 
29.501965 16.148444 -44.381250


30.433606 18.322273 -45.006250 
31.675794 17.701179 -44.381250 
29.501965 16.148444 -44.381250 
30.433606 18.322273 -45.006250


31.675794 17.701179 -44.381250 
31.675794 15.527350 -44.381250 
29.501965 16.148444 -44.381250 
31.675794 17.701179 -44.381250


31.675794 15.527350 -44.381250 
32.296888 11.179692 -44.381250 
29.501965 16.148444 -44.381250 
31.675794 15.527350 -44.381250


31.675794 15.527350 -44.381250 
33.539076 13.042974 -43.756250 
32.296888 11.179692 -44.381250 
31.675794 15.527350 -44.381250


34.781264 13.353521 -44.381250 
34.470717 4.658205 -45.006250 
31.675794 15.527350 -44.381250 
34.781264 13.353521 -44.381250


36.026557 13.974615 -45.000000 
31.675794 15.527350 -44.381250 
31.675794 17.701179 -44.381250 
36.026557 13.974615 -45.000000


34.781264 13.353521 -44.381250 
34.781264 7.142581 -45.006250 
34.470717 4.658205 -45.006250 
34.781264 13.353521 -44.381250


31.675794 15.527350 -44.381250 
36.026557 13.974615 -45.000000 
34.781264 13.353521 -44.381250 
31.675794 15.527350 -44.381250


34.470717 4.658205 -45.006250 
36.333999 6.832034 -45.631250 
39.128922 5.589846 -45.631250 
34.470717 4.658205 -45.006250


38.818375 3.102365 -42.500000 
34.470717 4.658205 -45.006250 
39.128922 5.589846 -45.631250 
38.818375 3.102365 -42.500000


41.613298 2.794923 -40.631250 
39.128922 5.589846 -45.631250 
40.995309 6.521487 -46.875000 
41.613298 2.794923 -40.631250


41.613298 2.794923 -40.631250 
40.995309 6.521487 -46.875000 
41.302751 4.347658 -42.506250 
41.613298 2.794923 -40.631250


8.074222 14.285162 -43.756250 
10.558598 11.179692 -43.131250 
7.760570 12.111333 -43.750000 
8.074222 14.285162 -43.756250


11.490239 17.080085 -43.131250 
10.558598 11.179692 -43.131250 
8.074222 14.285162 -43.756250 
11.490239 17.080085 -43.131250


13.353521 14.595709 -42.506250 
14.285162 13.974615 -43.131250 
12.421880 13.042974 -43.756250 
13.353521 14.595709 -42.506250


27.638683 19.253914 -43.756250 
26.396495 17.390632 -43.756250 
25.154307 19.564461 -43.756250 
27.638683 19.253914 -43.756250


26.396495 17.390632 -43.756250 
27.638683 19.253914 -43.756250 
29.501965 16.148444 -44.381250 
26.396495 17.390632 -43.756250


29.501965 16.148444 -44.381250 
29.812512 14.595709 -43.756250 
26.396495 17.390632 -43.756250 
29.501965 16.148444 -44.381250


27.638683 19.253914 -43.756250 
28.570324 18.946472 -41.875000 
30.433606 18.322273 -45.006250 
27.638683 19.253914 -43.756250


29.812512 14.595709 -43.756250 
29.501965 16.148444 -44.381250 
32.296888 11.179692 -44.381250 
29.812512 14.595709 -43.756250


29.812512 14.595709 -43.756250 
32.296888 11.179692 -44.381250 
30.123059 9.316410 -43.756250 
29.812512 14.595709 -43.756250


31.986341 5.900393 -43.131250 
32.917982 3.416017 -43.756250 
30.123059 2.173829 -43.131250 
31.986341 5.900393 -43.131250


33.539076 13.042974 -43.756250 
32.917982 3.416017 -43.756250 
31.986341 5.900393 -43.131250 
33.539076 13.042974 -43.756250


32.296888 11.179692 -44.381250 
33.539076 13.042974 -43.756250 
31.986341 5.900393 -43.131250 
32.296888 11.179692 -44.381250


33.539076 13.042974 -43.756250 
34.470717 4.658205 -45.006250 
32.917982 3.416017 -43.756250 
33.539076 13.042974 -43.756250


33.539076 13.042974 -43.756250 
31.675794 15.527350 -44.381250 
34.470717 4.658205 -45.006250 
33.539076 13.042974 -43.756250


31.675794 17.701179 -44.381250 
33.542181 13.664068 -40.000000 
36.026557 13.974615 -45.000000 
31.675794 17.701179 -44.381250


34.160170 3.416017 -42.506250 
34.470717 4.658205 -45.006250 
38.818375 3.102365 -42.500000 
34.160170 3.416017 -42.506250


38.510933 8.074222 -42.500000 
41.302751 4.347658 -42.506250 
40.995309 6.521487 -46.875000 
38.510933 8.074222 -42.500000


10.558598 11.179692 -43.131250 
12.421880 13.042974 -43.756250 
13.356626 9.005863 -43.125000 
10.558598 11.179692 -43.131250


15.216803 0.000000 -43.131250 
11.490239 0.310547 -42.506250 
9.626957 1.863282 -42.506250 
15.216803 0.000000 -43.131250


10.558598 11.179692 -43.131250 
13.353521 14.595709 -42.506250 
12.421880 13.042974 -43.756250 
10.558598 11.179692 -43.131250


11.490239 17.080085 -43.131250 
13.353521 14.595709 -42.506250 
10.558598 11.179692 -43.131250 
11.490239 17.080085 -43.131250


9.626957 1.863282 -42.506250 
15.213698 1.552735 -43.125000 
15.216803 0.000000 -43.131250 
9.626957 1.863282 -42.506250


12.732427 3.726564 -43.131250 
15.213698 1.552735 -43.125000 
9.626957 1.863282 -42.506250 
12.732427 3.726564 -43.131250


14.285162 18.946472 -42.500000 
13.353521 14.595709 -42.506250 
11.490239 17.080085 -43.131250 
14.285162 18.946472 -42.500000


14.285162 13.974615 -43.131250 
13.356626 9.005863 -43.125000 
12.421880 13.042974 -43.756250 
14.285162 13.974615 -43.131250


13.356626 9.005863 -43.125000 
13.974615 9.316410 -41.881250 
13.353521 6.210940 -43.131250 
13.356626 9.005863 -43.125000


13.353521 14.595709 -42.506250 
15.837897 16.769538 -42.506250 
14.285162 13.974615 -43.131250 
13.353521 14.595709 -42.506250


12.732427 3.726564 -43.131250 
17.701179 0.621094 -42.506250 
15.213698 1.552735 -43.125000 
12.732427 3.726564 -43.131250


17.701179 4.658205 -43.131250 
12.732427 3.726564 -43.131250 
13.353521 6.210940 -43.131250 
17.701179 4.658205 -43.131250


17.701179 0.621094 -42.506250 
15.216803 0.000000 -43.131250 
15.213698 1.552735 -43.125000 
17.701179 0.621094 -42.506250


15.216803 0.000000 -43.131250 
17.701179 0.621094 -42.506250 
17.390632 -1.242188 -43.131250 
15.216803 0.000000 -43.131250


12.732427 3.726564 -43.131250 
17.701179 4.658205 -43.131250 
17.701179 0.621094 -42.506250 
12.732427 3.726564 -43.131250


17.701179 4.658205 -43.131250 
20.188660 0.931641 -43.125000 
17.701179 0.621094 -42.506250 
17.701179 4.658205 -43.131250


19.875008 19.253914 -43.131250 
22.980478 18.011726 -43.131250 
18.632820 17.698074 -43.125000 
19.875008 19.253914 -43.131250


25.154307 19.564461 -43.756250 
19.875008 19.253914 -43.131250 
20.185555 19.878113 -41.875000 
25.154307 19.564461 -43.756250


24.222666 3.412912 -43.125000 
20.188660 0.931641 -43.125000 
17.701179 4.658205 -43.131250 
24.222666 3.412912 -43.125000


24.222666 3.412912 -43.125000 
17.701179 4.658205 -43.131250 
22.048837 4.658205 -42.506250 
24.222666 3.412912 -43.125000


25.154307 19.564461 -43.756250 
22.980478 18.011726 -43.131250 
19.875008 19.253914 -43.131250 
25.154307 19.564461 -43.756250


24.222666 5.900393 -43.131250 
24.222666 3.412912 -43.125000 
22.048837 4.658205 -42.506250 
24.222666 5.900393 -43.131250


25.154307 19.564461 -43.756250 
25.775401 15.527350 -43.131250 
22.980478 18.011726 -43.131250 
25.154307 19.564461 -43.756250


25.775401 15.527350 -43.131250 
25.154307 19.564461 -43.756250 
26.396495 17.390632 -43.756250 
25.775401 15.527350 -43.131250


29.191418 7.450023 -43.125000 
24.222666 3.412912 -43.125000 
24.222666 5.900393 -43.131250 
29.191418 7.450023 -43.125000


25.154307 19.564461 -43.756250 
24.843760 18.635925 -38.125000 
27.638683 19.253914 -43.756250 
25.154307 19.564461 -43.756250


26.085948 1.863282 -41.881250 
27.638683 1.863282 -43.131250 
26.396495 -0.621094 -43.131250 
26.085948 1.863282 -41.881250


29.191418 7.450023 -43.125000 
24.222666 5.900393 -43.131250 
26.707042 10.558598 -43.131250 
29.191418 7.450023 -43.125000


29.194523 1.242188 -43.125000 
26.396495 -0.621094 -43.131250 
27.638683 1.863282 -43.131250 
29.194523 1.242188 -43.125000


25.775401 15.527350 -43.131250 
29.812512 14.595709 -43.756250 
26.707042 10.558598 -43.131250 
25.775401 15.527350 -43.131250


25.775401 15.527350 -43.131250 
26.396495 17.390632 -43.756250 
29.812512 14.595709 -43.756250 
25.775401 15.527350 -43.131250


27.638683 1.863282 -43.131250 
30.123059 2.173829 -43.131250 
29.194523 1.242188 -43.125000 
27.638683 1.863282 -43.131250


30.123059 2.173829 -43.131250 
27.638683 1.863282 -43.131250 
29.812512 4.968752 -42.506250 
30.123059 2.173829 -43.131250


30.744153 8.695316 -43.131250 
29.191418 7.450023 -43.125000 
26.707042 10.558598 -43.131250 
30.744153 8.695316 -43.131250


29.812512 14.595709 -43.756250 
30.123059 9.316410 -43.756250 
26.707042 10.558598 -43.131250 
29.812512 14.595709 -43.756250


26.707042 10.558598 -43.131250 
30.123059 9.316410 -43.756250 
30.744153 8.695316 -43.131250 
26.707042 10.558598 -43.131250


31.986341 5.900393 -43.131250 
30.123059 2.173829 -43.131250 
29.812512 4.968752 -42.506250 
31.986341 5.900393 -43.131250


32.296888 11.179692 -44.381250 
30.744153 8.695316 -43.131250 
30.123059 9.316410 -43.756250 
32.296888 11.179692 -44.381250


30.744153 8.695316 -43.131250 
31.986341 5.900393 -43.131250 
29.812512 4.968752 -42.506250 
30.744153 8.695316 -43.131250


30.744153 2.170724 -42.500000 
30.123059 2.173829 -43.131250 
32.917982 3.416017 -43.756250 
30.744153 2.170724 -42.500000


30.744153 8.695316 -43.131250 
32.296888 11.179692 -44.381250 
31.986341 5.900393 -43.131250 
30.744153 8.695316 -43.131250


34.160170 3.416017 -42.506250 
32.917982 3.416017 -43.756250 
34.470717 4.658205 -45.006250 
34.160170 3.416017 -42.506250


40.992204 5.592951 -40.000000 
41.302751 4.347658 -42.506250 
38.510933 8.074222 -42.500000 
40.992204 5.592951 -40.000000


7.760570 12.111333 -43.750000 
10.558598 11.179692 -43.131250 
10.248051 11.487134 -38.750000 
7.760570 12.111333 -43.750000


13.974615 9.316410 -41.881250 
16.148444 7.142581 -41.881250 
13.353521 6.210940 -43.131250 
13.974615 9.316410 -41.881250


14.595709 13.664068 -41.881250 
13.356626 9.005863 -43.125000 
14.285162 13.974615 -43.131250 
14.595709 13.664068 -41.881250


16.148444 7.142581 -41.881250 
17.701179 4.658205 -43.131250 
13.353521 6.210940 -43.131250 
16.148444 7.142581 -41.881250


14.285162 18.946472 -42.500000 
15.837897 16.769538 -42.506250 
13.353521 14.595709 -42.506250 
14.285162 18.946472 -42.500000


15.527350 19.253914 -42.506250 
15.837897 16.769538 -42.506250 
14.285162 18.946472 -42.500000 
15.527350 19.253914 -42.506250


17.080085 -1.555840 -41.250000 
15.216803 0.000000 -43.131250 
17.390632 -1.242188 -43.131250 
17.080085 -1.555840 -41.250000


15.837897 16.769538 -42.506250 
14.595709 13.664068 -41.881250 
14.285162 13.974615 -43.131250 
15.837897 16.769538 -42.506250


18.632820 17.390632 -41.881250 
15.837897 16.769538 -42.506250 
18.632820 17.698074 -43.125000 
18.632820 17.390632 -41.881250


15.527350 19.253914 -42.506250 
18.632820 17.698074 -43.125000 
15.837897 16.769538 -42.506250 
15.527350 19.253914 -42.506250


17.390632 -1.242188 -43.131250 
20.806649 -1.242188 -42.506250 
17.080085 -1.555840 -41.250000 
17.390632 -1.242188 -43.131250


17.701179 0.621094 -42.506250 
20.188660 0.931641 -43.125000 
21.427743 0.931641 -42.506250 
17.701179 0.621094 -42.506250


17.701179 0.621094 -42.506250 
21.427743 0.931641 -42.506250 
17.390632 -1.242188 -43.131250 
17.701179 0.621094 -42.506250


20.806649 -1.242188 -42.506250 
17.390632 -1.242188 -43.131250 
21.427743 0.931641 -42.506250 
20.806649 -1.242188 -42.506250


18.322273 19.875008 -42.506250 
18.632820 17.698074 -43.125000 
15.527350 19.253914 -42.506250 
18.322273 19.875008 -42.506250


18.322273 19.875008 -42.506250 
19.875008 19.253914 -43.131250 
18.632820 17.698074 -43.125000 
18.322273 19.875008 -42.506250


18.632820 17.390632 -41.881250 
18.632820 17.698074 -43.125000 
22.980478 18.011726 -43.131250 
18.632820 17.390632 -41.881250


22.048837 4.658205 -42.506250 
17.701179 4.658205 -43.131250 
18.943367 5.589846 -41.881250 
22.048837 4.658205 -42.506250


24.222666 3.412912 -43.125000 
22.048837 2.173829 -41.256250 
20.188660 0.931641 -43.125000 
24.222666 3.412912 -43.125000


24.533213 9.626957 -41.881250 
24.222666 5.900393 -43.131250 
22.048837 4.658205 -42.506250 
24.533213 9.626957 -41.881250


22.980478 18.011726 -43.131250 
25.775401 15.527350 -43.131250 
25.154307 15.216803 -42.506250 
22.980478 18.011726 -43.131250


26.085948 1.863282 -41.881250 
26.396495 -0.621094 -43.131250 
21.427743 0.931641 -42.506250 
26.085948 1.863282 -41.881250


25.154307 15.216803 -42.506250 
26.707042 10.558598 -43.131250 
25.464854 12.111333 -41.881250 
25.154307 15.216803 -42.506250


29.191418 7.450023 -43.125000 
27.017589 5.279299 -41.881250 
24.222666 3.412912 -43.125000 
29.191418 7.450023 -43.125000


25.154307 15.216803 -42.506250 
25.775401 15.527350 -43.131250 
26.707042 10.558598 -43.131250 
25.154307 15.216803 -42.506250


26.085948 1.863282 -41.881250 
29.812512 4.968752 -42.506250 
27.638683 1.863282 -43.131250 
26.085948 1.863282 -41.881250


29.194523 1.242188 -43.125000 
29.501965 -0.931641 -40.006250 
26.396495 -0.621094 -43.131250 
29.194523 1.242188 -43.125000


38.510933 8.074222 -42.500000 
39.439469 9.630062 -46.875000 
36.026557 10.869145 -40.000000 
38.510933 8.074222 -42.500000


41.613298 2.794923 -40.631250 
38.818375 3.102365 -42.500000 
39.128922 5.589846 -45.631250 
41.613298 2.794923 -40.631250


9.626957 1.863282 -42.506250 
11.490239 0.310547 -42.506250 
9.002758 0.000000 -40.000000 
9.626957 1.863282 -42.506250


9.626957 15.530455 -39.375000 
11.490239 17.080085 -43.131250 
8.074222 14.285162 -43.756250 
9.626957 15.530455 -39.375000


11.800786 17.083190 -40.625000 
11.490239 17.080085 -43.131250 
9.626957 15.530455 -39.375000 
11.800786 17.083190 -40.625000


14.595709 13.664068 -41.881250 
13.974615 9.316410 -41.881250 
13.356626 9.005863 -43.125000 
14.595709 13.664068 -41.881250


14.595709 13.664068 -41.881250 
16.769538 11.800786 -41.256250 
13.974615 9.316410 -41.881250 
14.595709 13.664068 -41.881250


16.769538 11.800786 -41.256250 
16.148444 7.142581 -41.881250 
13.974615 9.316410 -41.881250 
16.769538 11.800786 -41.256250


18.632820 17.390632 -41.881250 
14.595709 13.664068 -41.881250 
15.837897 16.769538 -42.506250 
18.632820 17.390632 -41.881250


18.632820 17.390632 -41.881250 
16.769538 11.800786 -41.256250 
14.595709 13.664068 -41.881250 
18.632820 17.390632 -41.881250


18.632820 14.285162 -41.256250 
16.769538 11.800786 -41.256250 
18.632820 17.390632 -41.881250 
18.632820 14.285162 -41.256250


16.148444 7.142581 -41.881250 
18.943367 5.589846 -41.881250 
17.701179 4.658205 -43.131250 
16.148444 7.142581 -41.881250


18.322273 19.875008 -42.506250 
20.185555 19.878113 -41.875000 
19.875008 19.253914 -43.131250 
18.322273 19.875008 -42.506250


18.632820 17.390632 -41.881250 
21.738290 15.216803 -41.256250 
18.632820 14.285162 -41.256250 
18.632820 17.390632 -41.881250


20.188660 0.931641 -43.125000 
22.048837 2.173829 -41.256250 
21.427743 0.931641 -42.506250 
20.188660 0.931641 -43.125000


21.427743 7.142581 -41.256250 
23.291025 10.248051 -41.881250 
18.943367 5.589846 -41.881250 
21.427743 7.142581 -41.256250


23.291025 10.248051 -41.881250 
22.048837 4.658205 -42.506250 
18.943367 5.589846 -41.881250 
23.291025 10.248051 -41.881250


25.154307 15.216803 -42.506250 
18.632820 17.390632 -41.881250 
22.980478 18.011726 -43.131250 
25.154307 15.216803 -42.506250


23.291025 10.248051 -41.881250 
24.533213 9.626957 -41.881250 
22.048837 4.658205 -42.506250 
23.291025 10.248051 -41.881250


21.427743 0.931641 -42.506250 
23.291025 -1.863282 -41.881250 
20.806649 -1.242188 -42.506250 
21.427743 0.931641 -42.506250


18.632820 17.390632 -41.881250 
25.154307 15.216803 -42.506250 
21.738290 15.216803 -41.256250 
18.632820 17.390632 -41.881250


26.396495 -0.621094 -43.131250 
23.291025 -1.863282 -41.881250 
21.427743 0.931641 -42.506250 
26.396495 -0.621094 -43.131250


24.533213 9.626957 -41.881250 
26.707042 10.558598 -43.131250 
24.222666 5.900393 -43.131250 
24.533213 9.626957 -41.881250


22.048837 2.173829 -41.256250 
26.085948 1.863282 -41.881250 
21.427743 0.931641 -42.506250 
22.048837 2.173829 -41.256250


25.464854 12.111333 -41.881250 
24.533213 9.626957 -41.881250 
23.291025 10.248051 -41.881250 
25.464854 12.111333 -41.881250


25.154307 3.726564 -41.881250 
26.085948 1.863282 -41.881250 
22.048837 2.173829 -41.256250 
25.154307 3.726564 -41.881250


25.464854 12.111333 -41.881250 
26.707042 10.558598 -43.131250 
24.533213 9.626957 -41.881250 
25.464854 12.111333 -41.881250


26.396495 -0.621094 -43.131250 
26.707042 -1.863282 -40.631250 
23.291025 -1.863282 -41.881250 
26.396495 -0.621094 -43.131250


25.154307 3.726564 -41.881250 
27.017589 5.279299 -41.881250 
26.085948 1.863282 -41.881250 
25.154307 3.726564 -41.881250


24.843760 18.635925 -38.125000 
28.570324 18.946472 -41.875000 
27.638683 19.253914 -43.756250 
24.843760 18.635925 -38.125000


27.017589 5.279299 -41.881250 
29.812512 4.968752 -42.506250 
26.085948 1.863282 -41.881250 
27.017589 5.279299 -41.881250


27.017589 5.279299 -41.881250 
29.191418 7.450023 -43.125000 
30.744153 8.695316 -43.131250 
27.017589 5.279299 -41.881250


27.017589 5.279299 -41.881250 
30.744153 8.695316 -43.131250 
29.812512 4.968752 -42.506250 
27.017589 5.279299 -41.881250


30.744153 2.170724 -42.500000 
29.501965 -0.931641 -40.006250 
29.194523 1.242188 -43.125000 
30.744153 2.170724 -42.500000


30.123059 2.173829 -43.131250 
30.744153 2.170724 -42.500000 
29.194523 1.242188 -43.125000 
30.123059 2.173829 -43.131250


32.607435 1.242188 -41.881250 
30.744153 2.170724 -42.500000 
32.917982 3.416017 -43.756250 
32.607435 1.242188 -41.881250


32.607435 1.242188 -41.881250 
32.917982 3.416017 -43.756250 
34.160170 3.416017 -42.506250 
32.607435 1.242188 -41.881250


34.160170 3.416017 -42.506250 
36.644546 1.552735 -41.256250 
32.607435 1.242188 -41.881250 
34.160170 3.416017 -42.506250


34.160170 3.416017 -42.506250 
38.818375 3.102365 -42.500000 
36.644546 1.552735 -41.256250 
34.160170 3.416017 -42.506250


33.542181 13.664068 -40.000000 
36.026557 10.869145 -40.000000 
36.026557 13.974615 -45.000000 
33.542181 13.664068 -40.000000


36.026557 13.974615 -45.000000 
36.026557 10.869145 -40.000000 
37.268745 12.111333 -45.000000 
36.026557 13.974615 -45.000000


9.313305 -0.931641 -37.500000 
9.002758 0.000000 -40.000000 
11.490239 0.310547 -42.506250 
9.313305 -0.931641 -37.500000


10.869145 2.176934 -38.750000 
12.732427 3.726564 -43.131250 
9.626957 1.863282 -42.506250 
10.869145 2.176934 -38.750000


12.729322 4.968752 -38.125000 
13.353521 6.210940 -43.131250 
12.732427 3.726564 -43.131250 
12.729322 4.968752 -38.125000


13.350416 8.384769 -40.625000 
13.356626 9.005863 -43.125000 
13.353521 6.210940 -43.131250 
13.350416 8.384769 -40.625000


19.253914 8.074222 -40.631250 
16.148444 7.142581 -41.881250 
16.769538 11.800786 -41.256250 
19.253914 8.074222 -40.631250


17.080085 11.800786 -40.631250 
19.253914 8.074222 -40.631250 
16.769538 11.800786 -41.256250 
17.080085 11.800786 -40.631250


19.253914 8.074222 -40.631250 
18.943367 5.589846 -41.881250 
16.148444 7.142581 -41.881250 
19.253914 8.074222 -40.631250


19.253914 8.074222 -40.631250 
21.427743 7.142581 -41.256250 
18.943367 5.589846 -41.881250 
19.253914 8.074222 -40.631250


19.253914 8.074222 -40.631250 
21.117196 9.626957 -41.256250 
21.427743 7.142581 -41.256250 
19.253914 8.074222 -40.631250


21.117196 9.626957 -41.256250 
23.291025 10.248051 -41.881250 
21.427743 7.142581 -41.256250 
21.117196 9.626957 -41.256250


22.980478 13.664068 -41.256250 
23.291025 10.248051 -41.881250 
21.117196 9.626957 -41.256250 
22.980478 13.664068 -41.256250


22.669931 -1.866387 -40.000000 
20.806649 -1.242188 -42.506250 
23.291025 -1.863282 -41.881250 
22.669931 -1.866387 -40.000000


24.222666 3.412912 -43.125000 
25.154307 3.726564 -41.881250 
22.048837 2.173829 -41.256250 
24.222666 3.412912 -43.125000


25.464854 12.111333 -41.881250 
23.291025 10.248051 -41.881250 
22.980478 13.664068 -41.256250 
25.464854 12.111333 -41.881250


21.738290 15.216803 -41.256250 
25.464854 12.111333 -41.881250 
22.980478 13.664068 -41.256250 
21.738290 15.216803 -41.256250


25.154307 15.216803 -42.506250 
25.464854 12.111333 -41.881250 
21.738290 15.216803 -41.256250 
25.154307 15.216803 -42.506250


24.222666 3.412912 -43.125000 
27.017589 5.279299 -41.881250 
25.154307 3.726564 -41.881250 
24.222666 3.412912 -43.125000


26.707042 -1.863282 -40.631250 
26.396495 -0.621094 -43.131250 
29.501965 -0.931641 -40.006250 
26.707042 -1.863282 -40.631250


10.869145 2.176934 -38.750000 
12.729322 4.968752 -38.125000 
12.732427 3.726564 -43.131250 
10.869145 2.176934 -38.750000


11.800786 17.083190 -40.625000 
14.285162 18.946472 -42.500000 
11.490239 17.080085 -43.131250 
11.800786 17.083190 -40.625000


11.800786 17.083190 -40.625000 
13.974615 18.632820 -39.368750 
14.285162 18.946472 -42.500000 
11.800786 17.083190 -40.625000


14.285162 -1.866387 -37.500000 
11.490239 0.310547 -42.506250 
15.216803 0.000000 -43.131250 
14.285162 -1.866387 -37.500000


13.974615 18.632820 -39.368750 
15.527350 19.253914 -42.506250 
14.285162 18.946472 -42.500000 
13.974615 18.632820 -39.368750


18.632820 14.285162 -41.256250 
17.080085 11.800786 -40.631250 
16.769538 11.800786 -41.256250 
18.632820 14.285162 -41.256250


17.080085 11.800786 -40.631250 
18.632820 14.285162 -41.256250 
19.253914 8.074222 -40.631250 
17.080085 11.800786 -40.631250


22.980478 13.664068 -41.256250 
19.253914 8.074222 -40.631250 
18.632820 14.285162 -41.256250 
22.980478 13.664068 -41.256250


18.322273 19.875008 -42.506250 
20.806649 19.257019 -38.750000 
20.185555 19.878113 -41.875000 
18.322273 19.875008 -42.506250


19.253914 8.074222 -40.631250 
22.980478 13.664068 -41.256250 
21.117196 9.626957 -41.256250 
19.253914 8.074222 -40.631250


18.632820 14.285162 -41.256250 
21.738290 15.216803 -41.256250 
22.980478 13.664068 -41.256250 
18.632820 14.285162 -41.256250


20.806649 19.257019 -38.750000 
25.154307 19.564461 -43.756250 
20.185555 19.878113 -41.875000 
20.806649 19.257019 -38.750000


29.501965 -0.931641 -40.006250 
28.880871 -1.863282 -40.006250 
26.707042 -1.863282 -40.631250 
29.501965 -0.931641 -40.006250


30.433606 18.322273 -45.006250 
29.812512 16.151549 -36.250000 
31.675794 17.701179 -44.381250 
30.433606 18.322273 -45.006250


29.501965 -0.931641 -40.006250 
30.744153 2.170724 -42.500000 
32.607435 1.242188 -41.881250 
29.501965 -0.931641 -40.006250


29.812512 16.151549 -36.250000 
31.678899 16.148444 -40.000000 
31.675794 17.701179 -44.381250 
29.812512 16.151549 -36.250000


31.675794 17.701179 -44.381250 
31.678899 16.148444 -40.000000 
33.542181 13.664068 -40.000000 
31.675794 17.701179 -44.381250


38.197281 1.242188 -40.006250 
36.644546 1.552735 -41.256250 
38.818375 3.102365 -42.500000 
38.197281 1.242188 -40.006250


39.750016 0.621094 -38.756250 
38.197281 1.242188 -40.006250 
38.818375 3.102365 -42.500000 
39.750016 0.621094 -38.756250


39.750016 0.621094 -38.756250 
38.818375 3.102365 -42.500000 
41.613298 2.794923 -40.631250 
39.750016 0.621094 -38.756250


41.302751 4.347658 -42.506250 
43.169138 2.484376 -39.375000 
41.613298 2.794923 -40.631250 
41.302751 4.347658 -42.506250


10.558598 11.179692 -43.131250 
13.356626 9.005863 -43.125000 
13.350416 8.384769 -40.625000 
10.558598 11.179692 -43.131250


14.285162 -1.866387 -37.500000 
15.216803 0.000000 -43.131250 
17.080085 -1.555840 -41.250000 
14.285162 -1.866387 -37.500000


24.222666 -2.794923 -39.381250 
22.669931 -1.866387 -40.000000 
23.291025 -1.863282 -41.881250 
24.222666 -2.794923 -39.381250


26.707042 -1.863282 -40.631250 
24.222666 -2.794923 -39.381250 
23.291025 -1.863282 -41.881250 
26.707042 -1.863282 -40.631250


28.570324 18.946472 -41.875000 
29.812512 16.151549 -36.250000 
30.433606 18.322273 -45.006250 
28.570324 18.946472 -41.875000


29.812512 16.151549 -36.250000 
31.986341 14.598814 -38.125000 
31.678899 16.148444 -40.000000 
29.812512 16.151549 -36.250000


34.160170 -0.621094 -40.006250 
29.501965 -0.931641 -40.006250 
32.607435 1.242188 -41.881250 
34.160170 -0.621094 -40.006250


31.678899 16.148444 -40.000000 
31.986341 14.598814 -38.125000 
33.542181 13.664068 -40.000000 
31.678899 16.148444 -40.000000


34.160170 -0.621094 -40.006250 
32.607435 1.242188 -41.881250 
38.197281 1.242188 -40.006250 
34.160170 -0.621094 -40.006250


34.160170 -0.621094 -40.006250 
38.197281 1.242188 -40.006250 
36.023452 -0.621094 -40.006250 
34.160170 -0.621094 -40.006250


38.197281 1.242188 -40.006250 
32.607435 1.242188 -41.881250 
36.644546 1.552735 -41.256250 
38.197281 1.242188 -40.006250


37.579292 10.558598 -36.875000 
40.992204 5.592951 -40.000000 
38.510933 8.074222 -42.500000 
37.579292 10.558598 -36.875000


8.381664 13.664068 -36.875000 
9.626957 15.530455 -39.375000 
8.074222 14.285162 -43.756250 
8.381664 13.664068 -36.875000


10.869145 2.176934 -38.750000 
9.626957 1.863282 -42.506250 
9.002758 0.000000 -40.000000 
10.869145 2.176934 -38.750000


9.313305 -0.931641 -37.500000 
11.490239 0.310547 -42.506250 
12.421880 -1.866387 -36.250000 
9.313305 -0.931641 -37.500000


13.350416 8.384769 -40.625000 
10.248051 11.487134 -38.750000 
10.558598 11.179692 -43.131250 
13.350416 8.384769 -40.625000


12.729322 4.968752 -38.125000 
13.350416 8.384769 -40.625000 
13.353521 6.210940 -43.131250 
12.729322 4.968752 -38.125000


18.322273 18.946472 -38.125000 
20.806649 19.257019 -38.750000 
18.322273 19.875008 -42.506250 
18.322273 18.946472 -38.125000


20.806649 19.257019 -38.750000 
24.843760 18.635925 -38.125000 
25.154307 19.564461 -43.756250 
20.806649 19.257019 -38.750000


24.222666 -2.794923 -39.381250 
26.707042 -1.863282 -40.631250 
26.707042 -4.968752 -36.256250 
24.222666 -2.794923 -39.381250


28.880871 -1.863282 -40.006250 
29.191418 -3.105470 -38.756250 
26.707042 -1.863282 -40.631250 
28.880871 -1.863282 -40.006250


29.501965 -0.931641 -40.006250 
32.607435 -1.863282 -38.756250 
28.880871 -1.863282 -40.006250 
29.501965 -0.931641 -40.006250


29.501965 -0.931641 -40.006250 
34.160170 -0.621094 -40.006250 
32.607435 -1.863282 -38.756250 
29.501965 -0.931641 -40.006250


34.781264 -1.863282 -38.756250 
34.160170 -0.621094 -40.006250 
36.023452 -0.621094 -40.006250 
34.781264 -1.863282 -38.756250


36.026557 10.869145 -40.000000 
37.579292 10.558598 -36.875000 
38.510933 8.074222 -42.500000 
36.026557 10.869145 -40.000000


7.760570 12.111333 -43.750000 
8.381664 13.664068 -36.875000 
8.074222 14.285162 -43.756250 
7.760570 12.111333 -43.750000


12.421880 -1.866387 -36.250000 
11.490239 0.310547 -42.506250 
14.285162 -1.866387 -37.500000 
12.421880 -1.866387 -36.250000


15.527350 19.253914 -42.506250 
18.322273 18.946472 -38.125000 
18.322273 19.875008 -42.506250 
15.527350 19.253914 -42.506250


19.253914 -3.416017 -34.368750 
14.285162 -1.866387 -37.500000 
17.080085 -1.555840 -41.250000 
19.253914 -3.416017 -34.368750


17.080085 -1.555840 -41.250000 
20.806649 -1.242188 -42.506250 
20.496102 -3.726564 -35.006250 
17.080085 -1.555840 -41.250000


24.843760 18.635925 -38.125000 
27.638683 18.014831 -37.500000 
28.570324 18.946472 -41.875000 
24.843760 18.635925 -38.125000


29.191418 -3.105470 -38.756250 
26.707042 -4.968752 -36.256250 
26.707042 -1.863282 -40.631250 
29.191418 -3.105470 -38.756250


32.607435 -1.863282 -38.756250 
34.160170 -0.621094 -40.006250 
34.781264 -1.863282 -38.756250 
32.607435 -1.863282 -38.756250


33.542181 13.664068 -40.000000 
34.781264 12.424985 -38.750000 
36.026557 10.869145 -40.000000 
33.542181 13.664068 -40.000000


42.234392 0.621094 -37.506250 
39.750016 0.621094 -38.756250 
41.613298 2.794923 -40.631250 
42.234392 0.621094 -37.506250


40.992204 5.592951 -40.000000 
41.616403 4.968752 -37.500000 
41.302751 4.347658 -42.506250 
40.992204 5.592951 -40.000000


43.169138 2.484376 -39.375000 
42.234392 0.621094 -37.506250 
41.613298 2.794923 -40.631250 
43.169138 2.484376 -39.375000


11.179692 1.552735 -33.743750 
10.869145 2.176934 -38.750000 
9.002758 0.000000 -40.000000 
11.179692 1.552735 -33.743750


10.248051 11.487134 -38.750000 
13.350416 8.384769 -40.625000 
12.418775 9.316410 -37.500000 
10.248051 11.487134 -38.750000


18.322273 18.946472 -38.125000 
15.527350 19.253914 -42.506250 
13.974615 18.632820 -39.368750 
18.322273 18.946472 -38.125000


19.253914 -3.416017 -34.368750 
17.080085 -1.555840 -41.250000 
20.496102 -3.726564 -35.006250 
19.253914 -3.416017 -34.368750


27.638683 18.014831 -37.500000 
29.812512 16.151549 -36.250000 
28.570324 18.946472 -41.875000 
27.638683 18.014831 -37.500000


28.880871 -1.863282 -40.006250 
31.365247 -3.416017 -37.506250 
29.191418 -3.105470 -38.756250 
28.880871 -1.863282 -40.006250


31.365247 -3.416017 -37.506250 
28.880871 -1.863282 -40.006250 
32.607435 -1.863282 -38.756250 
31.365247 -3.416017 -37.506250


36.333999 -1.242188 -36.881250 
34.781264 -1.863282 -38.756250 
36.023452 -0.621094 -40.006250 
36.333999 -1.242188 -36.881250


38.197281 1.242188 -40.006250 
36.333999 -1.242188 -36.881250 
36.023452 -0.621094 -40.006250 
38.197281 1.242188 -40.006250


42.234392 0.621094 -37.506250 
40.681657 -0.621094 -37.506250 
39.750016 0.621094 -38.756250 
42.234392 0.621094 -37.506250


40.992204 5.592951 -40.000000 
39.753121 6.832034 -32.500000 
41.616403 4.968752 -37.500000 
40.992204 5.592951 -40.000000


41.616403 4.968752 -37.500000 
43.169138 2.484376 -39.375000 
41.302751 4.347658 -42.506250 
41.616403 4.968752 -37.500000


9.002758 12.421880 -34.375000 
8.381664 13.664068 -36.875000 
7.760570 12.111333 -43.750000 
9.002758 12.421880 -34.375000


11.179692 1.552735 -33.743750 
9.002758 0.000000 -40.000000 
9.313305 -0.931641 -37.500000 
11.179692 1.552735 -33.743750


9.626957 15.530455 -39.375000 
10.558598 15.841002 -36.875000 
11.800786 17.083190 -40.625000 
9.626957 15.530455 -39.375000


20.496102 -3.726564 -35.006250 
20.806649 -1.242188 -42.506250 
22.669931 -1.866387 -40.000000 
20.496102 -3.726564 -35.006250


23.601572 -4.040216 -35.625000 
22.669931 -1.866387 -40.000000 
24.222666 -2.794923 -39.381250 
23.601572 -4.040216 -35.625000


20.806649 19.257019 -38.750000 
25.464854 18.946472 -35.000000 
24.843760 18.635925 -38.125000 
20.806649 19.257019 -38.750000


26.085948 -5.592951 -33.125000 
24.222666 -2.794923 -39.381250 
26.707042 -4.968752 -36.256250 
26.085948 -5.592951 -33.125000


31.675794 -4.658205 -35.631250 
26.707042 -4.968752 -36.256250 
29.191418 -3.105470 -38.756250 
31.675794 -4.658205 -35.631250


31.365247 -3.416017 -37.506250 
31.675794 -4.658205 -35.631250 
29.191418 -3.105470 -38.756250 
31.365247 -3.416017 -37.506250


31.986341 14.598814 -38.125000 
34.781264 12.424985 -38.750000 
33.542181 13.664068 -40.000000 
31.986341 14.598814 -38.125000


31.365247 -3.416017 -37.506250 
32.607435 -1.863282 -38.756250 
34.781264 -1.863282 -38.756250 
31.365247 -3.416017 -37.506250


36.333999 -1.242188 -36.881250 
38.197281 1.242188 -40.006250 
40.681657 -0.621094 -37.506250 
36.333999 -1.242188 -36.881250


39.750016 0.621094 -38.756250 
40.681657 -0.621094 -37.506250 
38.197281 1.242188 -40.006250 
39.750016 0.621094 -38.756250


9.002758 12.421880 -34.375000 
7.760570 12.111333 -43.750000 
10.248051 11.487134 -38.750000 
9.002758 12.421880 -34.375000


10.558598 15.841002 -36.875000 
9.626957 15.530455 -39.375000 
8.381664 13.664068 -36.875000 
10.558598 15.841002 -36.875000


13.971510 6.521487 -34.375000 
12.418775 9.316410 -37.500000 
13.350416 8.384769 -40.625000 
13.971510 6.521487 -34.375000


13.971510 6.521487 -34.375000 
13.350416 8.384769 -40.625000 
12.729322 4.968752 -38.125000 
13.971510 6.521487 -34.375000


15.837897 18.635925 -33.125000 
18.322273 18.946472 -38.125000 
13.974615 18.632820 -39.368750 
15.837897 18.635925 -33.125000


19.564461 18.946472 -33.750000 
20.806649 19.257019 -38.750000 
18.322273 18.946472 -38.125000 
19.564461 18.946472 -33.750000


25.464854 18.946472 -35.000000 
27.638683 18.014831 -37.500000 
24.843760 18.635925 -38.125000 
25.464854 18.946472 -35.000000


29.191418 -4.968752 -36.881250 
26.707042 -4.968752 -36.256250 
31.675794 -4.658205 -35.631250 
29.191418 -4.968752 -36.881250


33.539076 -4.040216 -36.250000 
31.675794 -4.658205 -35.631250 
31.365247 -3.416017 -37.506250 
33.539076 -4.040216 -36.250000


34.781264 12.424985 -38.750000 
37.579292 10.558598 -36.875000 
36.026557 10.869145 -40.000000 
34.781264 12.424985 -38.750000


41.616403 4.968752 -37.500000 
42.237497 2.173829 -33.750000 
43.169138 2.484376 -39.375000 
41.616403 4.968752 -37.500000


13.971510 6.521487 -34.375000 
12.729322 4.968752 -38.125000 
13.042974 3.726564 -33.118750 
13.971510 6.521487 -34.375000


11.800786 17.083190 -40.625000 
13.042974 17.704284 -31.875000 
13.974615 18.632820 -39.368750 
11.800786 17.083190 -40.625000


12.421880 -1.866387 -36.250000 
14.285162 -1.866387 -37.500000 
14.285162 -2.173829 -34.368750 
12.421880 -1.866387 -36.250000


20.496102 -3.726564 -35.006250 
22.669931 -1.866387 -40.000000 
23.601572 -4.040216 -35.625000 
20.496102 -3.726564 -35.006250


29.812512 16.151549 -36.250000 
31.986341 15.841002 -32.500000 
31.986341 14.598814 -38.125000 
29.812512 16.151549 -36.250000


31.986341 14.598814 -38.125000 
34.470717 13.667173 -35.000000 
34.781264 12.424985 -38.750000 
31.986341 14.598814 -38.125000


35.402358 -2.794923 -36.256250 
31.365247 -3.416017 -37.506250 
34.781264 -1.863282 -38.756250 
35.402358 -2.794923 -36.256250


33.539076 -4.040216 -36.250000 
31.365247 -3.416017 -37.506250 
35.402358 -2.794923 -36.256250 
33.539076 -4.040216 -36.250000


36.333999 -1.242188 -36.881250 
35.402358 -2.794923 -36.256250 
34.781264 -1.863282 -38.756250 
36.333999 -1.242188 -36.881250


36.333999 -1.242188 -36.881250 
37.576187 -2.173829 -36.256250 
35.402358 -2.794923 -36.256250 
36.333999 -1.242188 -36.881250


40.681657 -1.863282 -35.631250 
37.576187 -2.173829 -36.256250 
36.333999 -1.242188 -36.881250 
40.681657 -1.863282 -35.631250


40.681657 -1.863282 -35.631250 
36.333999 -1.242188 -36.881250 
40.681657 -0.621094 -37.506250 
40.681657 -1.863282 -35.631250


42.234392 0.621094 -37.506250 
40.681657 -1.863282 -35.631250 
40.681657 -0.621094 -37.506250 
42.234392 0.621094 -37.506250


43.169138 2.484376 -39.375000 
43.479685 -0.621094 -34.375000 
42.234392 0.621094 -37.506250 
43.169138 2.484376 -39.375000


11.179692 1.552735 -33.743750 
9.313305 -0.931641 -37.500000 
11.179692 -1.866387 -34.375000 
11.179692 1.552735 -33.743750


9.313305 -0.931641 -37.500000 
12.421880 -1.866387 -36.250000 
11.179692 -1.866387 -34.375000 
9.313305 -0.931641 -37.500000


13.042974 3.726564 -33.118750 
12.729322 4.968752 -38.125000 
10.869145 2.176934 -38.750000 
13.042974 3.726564 -33.118750


14.285162 -2.173829 -34.368750 
14.285162 -1.866387 -37.500000 
19.253914 -3.416017 -34.368750 
14.285162 -2.173829 -34.368750


15.837897 18.635925 -33.125000 
19.564461 18.946472 -33.750000 
18.322273 18.946472 -38.125000 
15.837897 18.635925 -33.125000


23.601572 -4.040216 -35.625000 
23.291025 -4.971857 -33.750000 
20.496102 -3.726564 -35.006250 
23.601572 -4.040216 -35.625000


20.806649 19.257019 -38.750000 
21.738290 19.257019 -36.250000 
25.464854 18.946472 -35.000000 
20.806649 19.257019 -38.750000


26.085948 -5.592951 -33.125000 
23.601572 -4.040216 -35.625000 
24.222666 -2.794923 -39.381250 
26.085948 -5.592951 -33.125000


31.986341 15.841002 -32.500000 
34.470717 13.667173 -35.000000 
31.986341 14.598814 -38.125000 
31.986341 15.841002 -32.500000


34.470717 13.667173 -35.000000 
37.579292 10.558598 -36.875000 
34.781264 12.424985 -38.750000 
34.470717 13.667173 -35.000000


37.579292 10.558598 -36.875000 
39.753121 6.832034 -32.500000 
40.992204 5.592951 -40.000000 
37.579292 10.558598 -36.875000


43.479685 -0.621094 -34.375000 
41.613298 -4.040216 -30.000000 
42.234392 0.621094 -37.506250 
43.479685 -0.621094 -34.375000


12.111333 2.484376 -32.493750 
10.869145 2.176934 -38.750000 
11.179692 1.552735 -33.743750 
12.111333 2.484376 -32.493750


13.971510 6.521487 -34.375000 
13.971510 8.695316 -32.500000 
12.418775 9.316410 -37.500000 
13.971510 6.521487 -34.375000


15.837897 18.635925 -33.125000 
13.974615 18.632820 -39.368750 
13.042974 17.704284 -31.875000 
15.837897 18.635925 -33.125000


19.564461 18.946472 -33.750000 
21.738290 19.257019 -36.250000 
20.806649 19.257019 -38.750000 
19.564461 18.946472 -33.750000


25.464854 18.946472 -35.000000 
26.396495 18.635925 -31.875000 
27.638683 18.014831 -37.500000 
25.464854 18.946472 -35.000000


31.054700 -6.835139 -32.500000 
29.191418 -4.968752 -36.881250 
31.675794 -4.658205 -35.631250 
31.054700 -6.835139 -32.500000


30.433606 16.769538 -33.131250 
31.986341 15.841002 -32.500000 
29.812512 16.151549 -36.250000 
30.433606 16.769538 -33.131250


33.539076 -4.040216 -36.250000 
33.539076 -6.524592 -32.500000 
31.675794 -4.658205 -35.631250 
33.539076 -4.040216 -36.250000


35.402358 -2.794923 -36.256250 
37.576187 -3.726564 -35.006250 
33.539076 -4.040216 -36.250000 
35.402358 -2.794923 -36.256250


35.402358 -2.794923 -36.256250 
37.576187 -2.173829 -36.256250 
37.576187 -3.726564 -35.006250 
35.402358 -2.794923 -36.256250


40.681657 -1.863282 -35.631250 
37.576187 -3.726564 -35.006250 
37.576187 -2.173829 -36.256250 
40.681657 -1.863282 -35.631250


41.613298 -4.040216 -30.000000 
40.681657 -1.863282 -35.631250 
42.234392 0.621094 -37.506250 
41.613298 -4.040216 -30.000000


42.237497 2.173829 -33.750000 
43.479685 -0.621094 -34.375000 
43.169138 2.484376 -39.375000 
42.237497 2.173829 -33.750000


9.937504 12.108228 -31.250000 
9.002758 12.421880 -34.375000 
10.248051 11.487134 -38.750000 
9.937504 12.108228 -31.250000


11.179692 16.462096 -31.250000 
11.800786 17.083190 -40.625000 
10.558598 15.841002 -36.875000 
11.179692 16.462096 -31.250000


12.111333 2.484376 -32.493750 
13.042974 3.726564 -33.118750 
10.869145 2.176934 -38.750000 
12.111333 2.484376 -32.493750


11.179692 -1.866387 -34.375000 
12.421880 -1.866387 -36.250000 
14.285162 -2.173829 -34.368750 
11.179692 -1.866387 -34.375000


12.111333 11.176587 -32.500000 
10.248051 11.487134 -38.750000 
12.418775 9.316410 -37.500000 
12.111333 11.176587 -32.500000


25.464854 18.946472 -35.000000 
19.564461 18.946472 -33.750000 
22.669931 19.567566 -33.750000 
25.464854 18.946472 -35.000000


19.564461 18.946472 -33.750000 
25.464854 18.946472 -35.000000 
21.738290 19.257019 -36.250000 
19.564461 18.946472 -33.750000


26.085948 -5.592951 -33.125000 
23.291025 -4.971857 -33.750000 
23.601572 -4.040216 -35.625000 
26.085948 -5.592951 -33.125000


28.259777 -7.145686 -32.500000 
26.085948 -5.592951 -33.125000 
26.707042 -4.968752 -36.256250 
28.259777 -7.145686 -32.500000


26.396495 18.635925 -31.875000 
30.433606 16.769538 -33.131250 
27.638683 18.014831 -37.500000 
26.396495 18.635925 -31.875000


28.259777 -7.145686 -32.500000 
26.707042 -4.968752 -36.256250 
29.191418 -4.968752 -36.881250 
28.259777 -7.145686 -32.500000


30.433606 16.769538 -33.131250 
29.812512 16.151549 -36.250000 
27.638683 18.014831 -37.500000 
30.433606 16.769538 -33.131250


31.054700 -6.835139 -32.500000 
31.675794 -4.658205 -35.631250 
33.539076 -6.524592 -32.500000 
31.054700 -6.835139 -32.500000


37.579292 10.558598 -36.875000 
38.510933 9.626957 -33.750000 
39.753121 6.832034 -32.500000 
37.579292 10.558598 -36.875000


41.616403 4.968752 -37.500000 
40.684762 4.037111 -31.875000 
42.237497 2.173829 -33.750000 
41.616403 4.968752 -37.500000


9.626957 14.598814 -31.875000 
8.381664 13.664068 -36.875000 
9.002758 12.421880 -34.375000 
9.626957 14.598814 -31.875000


9.626957 14.598814 -31.875000 
10.558598 15.841002 -36.875000 
8.381664 13.664068 -36.875000 
9.626957 14.598814 -31.875000


12.732427 0.621094 -33.743750 
11.179692 1.552735 -33.743750 
11.179692 -1.866387 -34.375000 
12.732427 0.621094 -33.743750


14.285162 -2.173829 -34.368750 
18.943367 -1.242188 -34.368750 
11.179692 -1.866387 -34.375000 
14.285162 -2.173829 -34.368750


12.111333 11.176587 -32.500000 
12.418775 9.316410 -37.500000 
13.971510 8.695316 -32.500000 
12.111333 11.176587 -32.500000


12.732427 0.621094 -33.743750 
11.179692 -1.866387 -34.375000 
18.943367 -1.242188 -34.368750 
12.732427 0.621094 -33.743750


18.943367 -1.242188 -34.368750 
14.906256 0.621094 -31.868750 
12.732427 0.621094 -33.743750 
18.943367 -1.242188 -34.368750


19.253914 -3.416017 -34.368750 
18.943367 -1.242188 -34.368750 
14.285162 -2.173829 -34.368750 
19.253914 -3.416017 -34.368750


17.390632 -0.624199 -31.250000 
14.906256 0.621094 -31.868750 
18.943367 -1.242188 -34.368750 
17.390632 -0.624199 -31.250000


19.253914 -3.726564 -32.493750 
18.943367 -1.242188 -34.368750 
19.253914 -3.416017 -34.368750 
19.253914 -3.726564 -32.493750


19.253914 0.000000 -33.118750 
18.943367 -1.242188 -34.368750 
19.253914 -3.726564 -32.493750 
19.253914 0.000000 -33.118750


19.253914 -3.416017 -34.368750 
20.496102 -3.726564 -35.006250 
19.253914 -3.726564 -32.493750 
19.253914 -3.416017 -34.368750


34.470717 13.667173 -35.000000 
38.510933 9.626957 -33.750000 
37.579292 10.558598 -36.875000 
34.470717 13.667173 -35.000000


40.681657 -1.863282 -35.631250 
39.128922 -3.419122 -33.750000 
37.576187 -3.726564 -35.006250 
40.681657 -1.863282 -35.631250


39.753121 6.832034 -32.500000 
40.684762 4.037111 -31.875000 
41.616403 4.968752 -37.500000 
39.753121 6.832034 -32.500000


9.626957 14.598814 -31.875000 
11.179692 16.462096 -31.250000 
10.558598 15.841002 -36.875000 
9.626957 14.598814 -31.875000


11.179692 16.462096 -31.250000 
13.042974 17.704284 -31.875000 
11.800786 17.083190 -40.625000 
11.179692 16.462096 -31.250000


14.906256 0.621094 -31.868750 
13.664068 2.173829 -31.868750 
12.732427 0.621094 -33.743750 
14.906256 0.621094 -31.868750


18.322273 19.567566 -32.500000 
22.669931 19.567566 -33.750000 
19.564461 18.946472 -33.750000 
18.322273 19.567566 -32.500000


31.054700 -6.835139 -32.500000 
28.259777 -7.145686 -32.500000 
29.191418 -4.968752 -36.881250 
31.054700 -6.835139 -32.500000


38.507828 -5.282404 -31.250000 
37.576187 -3.726564 -35.006250 
39.128922 -3.419122 -33.750000 
38.507828 -5.282404 -31.250000


43.479685 -0.621094 -34.375000 
42.234392 -4.040216 -28.125000 
41.613298 -4.040216 -30.000000 
43.479685 -0.621094 -34.375000


9.937504 12.108228 -31.250000 
10.248051 11.487134 -38.750000 
12.111333 11.176587 -32.500000 
9.937504 12.108228 -31.250000


12.111333 2.484376 -32.493750 
11.179692 1.552735 -33.743750 
12.732427 0.621094 -33.743750 
12.111333 2.484376 -32.493750


12.111333 2.484376 -32.493750 
13.664068 2.173829 -31.868750 
13.042974 3.726564 -33.118750 
12.111333 2.484376 -32.493750


15.837897 18.635925 -33.125000 
18.322273 19.567566 -32.500000 
19.564461 18.946472 -33.750000 
15.837897 18.635925 -33.125000


17.390632 -0.624199 -31.250000 
18.943367 -1.242188 -34.368750 
19.253914 0.000000 -33.118750 
17.390632 -0.624199 -31.250000


21.738290 -5.282404 -30.625000 
20.496102 -3.726564 -35.006250 
23.291025 -4.971857 -33.750000 
21.738290 -5.282404 -30.625000


23.601572 -5.592951 -28.750000 
23.291025 -4.971857 -33.750000 
26.085948 -5.592951 -33.125000 
23.601572 -5.592951 -28.750000


26.396495 18.635925 -31.875000 
27.328136 18.014831 -29.375000 
30.433606 16.769538 -33.131250 
26.396495 18.635925 -31.875000


31.986341 15.841002 -32.500000 
33.849623 13.977720 -29.375000 
34.470717 13.667173 -35.000000 
31.986341 15.841002 -32.500000


37.265640 -5.282404 -31.250000 
33.539076 -4.040216 -36.250000 
37.576187 -3.726564 -35.006250 
37.265640 -5.282404 -31.250000


34.470717 13.667173 -35.000000 
37.889839 9.626957 -31.250000 
38.510933 9.626957 -33.750000 
34.470717 13.667173 -35.000000


38.507828 -5.282404 -31.250000 
37.265640 -5.282404 -31.250000 
37.576187 -3.726564 -35.006250 
38.507828 -5.282404 -31.250000


37.889839 9.626957 -31.250000 
38.821480 6.832034 -29.375000 
38.510933 9.626957 -33.750000 
37.889839 9.626957 -31.250000


41.613298 -4.040216 -30.000000 
39.128922 -3.419122 -33.750000 
40.681657 -1.863282 -35.631250 
41.613298 -4.040216 -30.000000


40.684762 4.037111 -31.875000 
41.926950 1.552735 -30.625000 
42.237497 2.173829 -33.750000 
40.684762 4.037111 -31.875000


41.926950 1.552735 -30.625000 
43.479685 -0.621094 -34.375000 
42.237497 2.173829 -33.750000 
41.926950 1.552735 -30.625000


12.111333 2.484376 -32.493750 
12.732427 0.621094 -33.743750 
13.664068 2.173829 -31.868750 
12.111333 2.484376 -32.493750


14.595709 4.347658 -29.993750 
13.971510 6.521487 -34.375000 
13.042974 3.726564 -33.118750 
14.595709 4.347658 -29.993750


14.282057 8.074222 -26.875000 
12.111333 11.176587 -32.500000 
13.971510 8.695316 -32.500000 
14.282057 8.074222 -26.875000


13.664068 2.173829 -31.868750 
14.595709 3.105470 -31.243750 
13.042974 3.726564 -33.118750 
13.664068 2.173829 -31.868750


19.253914 -3.726564 -32.493750 
20.496102 -3.726564 -35.006250 
21.738290 -5.282404 -30.625000 
19.253914 -3.726564 -32.493750


22.669931 19.567566 -33.750000 
23.912119 18.325378 -28.125000 
25.464854 18.946472 -35.000000 
22.669931 19.567566 -33.750000


23.912119 18.325378 -28.125000 
26.396495 18.635925 -31.875000 
25.464854 18.946472 -35.000000 
23.912119 18.325378 -28.125000


33.539076 -6.524592 -32.500000 
31.986341 -4.658205 -28.743750 
31.054700 -6.835139 -32.500000 
33.539076 -6.524592 -32.500000


33.539076 -6.524592 -32.500000 
33.539076 -4.040216 -36.250000 
37.265640 -5.282404 -31.250000 
33.539076 -6.524592 -32.500000


34.470717 13.667173 -35.000000 
34.163275 12.732427 -27.500000 
37.889839 9.626957 -31.250000 
34.470717 13.667173 -35.000000


38.821480 6.832034 -29.375000 
39.753121 6.832034 -32.500000 
38.510933 9.626957 -33.750000 
38.821480 6.832034 -29.375000


43.479685 -0.621094 -34.375000 
43.787127 -1.552735 -31.256250 
42.234392 -4.040216 -28.125000 
43.479685 -0.621094 -34.375000


41.926950 1.552735 -30.625000 
43.787127 -1.552735 -31.256250 
43.479685 -0.621094 -34.375000 
41.926950 1.552735 -30.625000


12.421880 10.555493 -28.750000 
12.111333 11.176587 -32.500000 
14.282057 8.074222 -26.875000 
12.421880 10.555493 -28.750000


9.937504 12.108228 -31.250000 
12.111333 11.176587 -32.500000 
12.421880 10.555493 -28.750000 
9.937504 12.108228 -31.250000


14.595709 4.347658 -29.993750 
13.971510 8.695316 -32.500000 
13.971510 6.521487 -34.375000 
14.595709 4.347658 -29.993750


14.595709 3.105470 -31.243750 
14.595709 4.347658 -29.993750 
13.042974 3.726564 -33.118750 
14.595709 3.105470 -31.243750


16.769538 2.484376 -31.868750 
13.664068 2.173829 -31.868750 
14.906256 0.621094 -31.868750 
16.769538 2.484376 -31.868750


14.595709 3.105470 -31.243750 
13.664068 2.173829 -31.868750 
16.769538 2.484376 -31.868750 
14.595709 3.105470 -31.243750


16.769538 2.484376 -31.868750 
14.906256 0.621094 -31.868750 
17.390632 -0.624199 -31.250000 
16.769538 2.484376 -31.868750


17.701179 1.242188 -28.743750 
17.390632 -0.624199 -31.250000 
19.253914 0.000000 -33.118750 
17.701179 1.242188 -28.743750


21.738290 -5.282404 -30.625000 
23.291025 -4.971857 -33.750000 
23.601572 -5.592951 -28.750000 
21.738290 -5.282404 -30.625000


25.154307 -6.521487 -28.118750 
23.601572 -5.592951 -28.750000 
26.085948 -5.592951 -33.125000 
25.154307 -6.521487 -28.118750


25.154307 -6.521487 -28.118750 
26.085948 -5.592951 -33.125000 
28.259777 -7.145686 -32.500000 
25.154307 -6.521487 -28.118750


27.328136 18.014831 -29.375000 
29.191418 17.393737 -29.375000 
30.433606 16.769538 -33.131250 
27.328136 18.014831 -29.375000


33.849623 13.977720 -29.375000 
34.163275 12.732427 -27.500000 
34.470717 13.667173 -35.000000 
33.849623 13.977720 -29.375000


38.507828 -5.282404 -31.250000 
39.128922 -3.419122 -33.750000 
41.613298 -4.040216 -30.000000 
38.507828 -5.282404 -31.250000


9.002758 13.664068 -28.750000 
9.626957 14.598814 -31.875000 
9.002758 12.421880 -34.375000 
9.002758 13.664068 -28.750000


11.179692 16.462096 -31.250000 
9.626957 14.598814 -31.875000 
9.002758 13.664068 -28.750000 
11.179692 16.462096 -31.250000


17.701179 1.242188 -28.743750 
16.769538 2.484376 -31.868750 
17.390632 -0.624199 -31.250000 
17.701179 1.242188 -28.743750


17.701179 -3.726564 -30.631250 
17.701179 -1.242188 -30.631250 
19.253914 -3.726564 -32.493750 
17.701179 -3.726564 -30.631250


17.701179 -1.242188 -30.631250 
19.253914 0.000000 -33.118750 
19.253914 -3.726564 -32.493750 
17.701179 -1.242188 -30.631250


19.561356 1.552735 -27.500000 
17.701179 1.242188 -28.743750 
19.253914 0.000000 -33.118750 
19.561356 1.552735 -27.500000


20.496102 18.635925 -28.125000 
23.912119 18.325378 -28.125000 
22.669931 19.567566 -33.750000 
20.496102 18.635925 -28.125000


28.570324 -6.214045 -30.625000 
28.259777 -7.145686 -32.500000 
31.986341 -4.658205 -28.743750 
28.570324 -6.214045 -30.625000


31.986341 -4.658205 -28.743750 
28.259777 -7.145686 -32.500000 
31.054700 -6.835139 -32.500000 
31.986341 -4.658205 -28.743750


33.539076 -6.524592 -32.500000 
33.228529 -4.347658 -28.118750 
31.986341 -4.658205 -28.743750 
33.539076 -6.524592 -32.500000


38.821480 6.832034 -29.375000 
40.684762 4.037111 -31.875000 
39.753121 6.832034 -32.500000 
38.821480 6.832034 -29.375000


41.926950 1.552735 -30.625000 
44.097674 -1.239083 -28.750000 
43.787127 -1.552735 -31.256250 
41.926950 1.552735 -30.625000


9.002758 13.664068 -28.750000 
9.002758 12.421880 -34.375000 
9.937504 12.108228 -31.250000 
9.002758 13.664068 -28.750000


14.595709 5.589846 -28.118750 
13.971510 8.695316 -32.500000 
14.595709 4.347658 -29.993750 
14.595709 5.589846 -28.118750


15.834792 2.794923 -29.375000 
14.595709 3.105470 -31.243750 
16.769538 2.484376 -31.868750 
15.834792 2.794923 -29.375000


15.834792 2.794923 -29.375000 
16.769538 2.484376 -31.868750 
17.701179 1.242188 -28.743750 
15.834792 2.794923 -29.375000


15.837897 18.635925 -33.125000 
16.769538 18.635925 -27.500000 
18.322273 19.567566 -32.500000 
15.837897 18.635925 -33.125000


19.561356 1.552735 -27.500000 
19.253914 0.000000 -33.118750 
17.701179 -1.242188 -30.631250 
19.561356 1.552735 -27.500000


18.322273 19.567566 -32.500000 
20.496102 18.635925 -28.125000 
22.669931 19.567566 -33.750000 
18.322273 19.567566 -32.500000


30.433606 16.769538 -33.131250 
29.191418 17.393737 -29.375000 
31.986341 15.841002 -32.500000 
30.433606 16.769538 -33.131250


33.228529 -4.347658 -28.118750 
33.539076 -6.524592 -32.500000 
37.265640 -5.282404 -31.250000 
33.228529 -4.347658 -28.118750


34.781264 -3.416017 -26.868750 
33.228529 -4.347658 -28.118750 
37.265640 -5.282404 -31.250000 
34.781264 -3.416017 -26.868750


36.955093 9.630062 -26.875000 
37.889839 9.626957 -31.250000 
34.163275 12.732427 -27.500000 
36.955093 9.630062 -26.875000


41.926950 3.105470 -27.500000 
41.926950 1.552735 -30.625000 
40.684762 4.037111 -31.875000 
41.926950 3.105470 -27.500000


9.934399 13.042974 -26.250000 
9.002758 13.664068 -28.750000 
9.937504 12.108228 -31.250000 
9.934399 13.042974 -26.250000


13.353521 17.393737 -26.250000 
13.042974 17.704284 -31.875000 
11.179692 16.462096 -31.250000 
13.353521 17.393737 -26.250000


13.042974 17.704284 -31.875000 
16.769538 18.635925 -27.500000 
15.837897 18.635925 -33.125000 
13.042974 17.704284 -31.875000


15.837897 -4.350763 -26.875000 
16.769538 -0.931641 -29.381250 
17.701179 -3.726564 -30.631250 
15.837897 -4.350763 -26.875000


16.769538 -0.931641 -29.381250 
17.701179 -1.242188 -30.631250 
17.701179 -3.726564 -30.631250 
16.769538 -0.931641 -29.381250


19.253914 -3.726564 -32.493750 
21.738290 -5.282404 -30.625000 
21.427743 -5.903498 -27.500000 
19.253914 -3.726564 -32.493750


29.812512 -4.040216 -26.250000 
28.570324 -6.214045 -30.625000 
31.986341 -4.658205 -28.743750 
29.812512 -4.040216 -26.250000


34.781264 -3.416017 -26.868750 
37.265640 -5.282404 -31.250000 
37.886734 -3.726564 -27.493750 
34.781264 -3.416017 -26.868750


37.886734 -3.726564 -27.493750 
37.265640 -5.282404 -31.250000 
38.507828 -5.282404 -31.250000 
37.886734 -3.726564 -27.493750


38.821480 6.832034 -29.375000 
41.926950 3.105470 -27.500000 
40.684762 4.037111 -31.875000 
38.821480 6.832034 -29.375000


16.769538 4.965647 -26.250000 
14.595709 4.347658 -29.993750 
14.595709 3.105470 -31.243750 
16.769538 4.965647 -26.250000


16.769538 4.965647 -26.250000 
14.595709 3.105470 -31.243750 
15.834792 2.794923 -29.375000 
16.769538 4.965647 -26.250000


16.769538 18.635925 -27.500000 
20.496102 18.635925 -28.125000 
18.322273 19.567566 -32.500000 
16.769538 18.635925 -27.500000


19.253914 -4.658205 -26.868750 
17.701179 -3.726564 -30.631250 
19.253914 -3.726564 -32.493750 
19.253914 -4.658205 -26.868750


16.769538 -0.931641 -29.381250 
19.561356 1.552735 -27.500000 
17.701179 -1.242188 -30.631250 
16.769538 -0.931641 -29.381250


18.011726 0.624199 -26.875000 
19.561356 1.552735 -27.500000 
16.769538 -0.931641 -29.381250 
18.011726 0.624199 -26.875000


23.912119 18.325378 -28.125000 
25.464854 18.325378 -23.750000 
26.396495 18.635925 -31.875000 
23.912119 18.325378 -28.125000


27.328136 -5.592951 -28.125000 
28.259777 -7.145686 -32.500000 
28.570324 -6.214045 -30.625000 
27.328136 -5.592951 -28.125000


42.234392 -4.040216 -28.125000 
38.507828 -5.282404 -31.250000 
41.613298 -4.040216 -30.000000 
42.234392 -4.040216 -28.125000


38.821480 6.832034 -29.375000 
40.684762 5.279299 -27.500000 
41.926950 3.105470 -27.500000 
38.821480 6.832034 -29.375000


41.926950 1.552735 -30.625000 
43.479685 0.310547 -28.125000 
44.097674 -1.239083 -28.750000 
41.926950 1.552735 -30.625000


9.934399 13.042974 -26.250000 
9.937504 12.108228 -31.250000 
12.421880 10.555493 -28.750000 
9.934399 13.042974 -26.250000


14.282057 8.074222 -26.875000 
13.971510 8.695316 -32.500000 
14.595709 5.589846 -28.118750 
14.282057 8.074222 -26.875000


16.769538 4.965647 -26.250000 
14.595709 5.589846 -28.118750 
14.595709 4.347658 -29.993750 
16.769538 4.965647 -26.250000


14.595709 -1.863282 -26.868750 
16.769538 -0.931641 -29.381250 
15.837897 -4.350763 -26.875000 
14.595709 -1.863282 -26.868750


19.253914 -4.658205 -26.868750 
15.837897 -4.350763 -26.875000 
17.701179 -3.726564 -30.631250 
19.253914 -4.658205 -26.868750


21.427743 -5.903498 -27.500000 
19.253914 -4.658205 -26.868750 
19.253914 -3.726564 -32.493750 
21.427743 -5.903498 -27.500000


27.328136 -5.592951 -28.125000 
25.154307 -6.521487 -28.118750 
28.259777 -7.145686 -32.500000 
27.328136 -5.592951 -28.125000


29.191418 17.393737 -29.375000 
31.986341 14.598814 -26.250000 
31.986341 15.841002 -32.500000 
29.191418 17.393737 -29.375000


31.986341 14.598814 -26.250000 
33.849623 13.977720 -29.375000 
31.986341 15.841002 -32.500000 
31.986341 14.598814 -26.250000


33.228529 -4.347658 -28.118750 
34.781264 -3.416017 -26.868750 
31.986341 -4.658205 -28.743750 
33.228529 -4.347658 -28.118750


36.955093 9.630062 -26.875000 
38.821480 6.832034 -29.375000 
37.889839 9.626957 -31.250000 
36.955093 9.630062 -26.875000


13.353521 17.393737 -26.250000 
16.769538 18.635925 -27.500000 
13.042974 17.704284 -31.875000 
13.353521 17.393737 -26.250000


16.769538 -0.931641 -29.381250 
14.595709 -1.863282 -26.868750 
18.011726 0.624199 -26.875000 
16.769538 -0.931641 -29.381250


17.390632 4.658205 -28.118750 
16.769538 4.965647 -26.250000 
15.834792 2.794923 -29.375000 
17.390632 4.658205 -28.118750


21.427743 -5.903498 -27.500000 
21.738290 -5.282404 -30.625000 
23.601572 -5.592951 -28.750000 
21.427743 -5.903498 -27.500000


25.464854 18.325378 -23.750000 
27.328136 18.014831 -29.375000 
26.396495 18.635925 -31.875000 
25.464854 18.325378 -23.750000


29.812512 -4.040216 -26.250000 
27.328136 -5.592951 -28.125000 
28.570324 -6.214045 -30.625000 
29.812512 -4.040216 -26.250000


31.675794 -3.726564 -26.243750 
29.812512 -4.040216 -26.250000 
31.986341 -4.658205 -28.743750 
31.675794 -3.726564 -26.243750


34.781264 -3.416017 -26.868750 
31.675794 -3.726564 -26.243750 
31.986341 -4.658205 -28.743750 
34.781264 -3.416017 -26.868750


37.886734 -3.726564 -27.493750 
38.507828 -5.282404 -31.250000 
42.234392 -4.040216 -28.125000 
37.886734 -3.726564 -27.493750


41.926950 3.105470 -27.500000 
43.479685 0.310547 -28.125000 
41.926950 1.552735 -30.625000 
41.926950 3.105470 -27.500000


14.282057 9.937504 -23.750000 
12.421880 10.555493 -28.750000 
14.282057 8.074222 -26.875000 
14.282057 9.937504 -23.750000


18.943367 -5.282404 -25.625000 
19.253914 -4.658205 -26.868750 
21.427743 -5.903498 -27.500000 
18.943367 -5.282404 -25.625000


22.980478 -6.524592 -25.000000 
21.427743 -5.903498 -27.500000 
23.601572 -5.592951 -28.750000 
22.980478 -6.524592 -25.000000


27.328136 18.014831 -29.375000 
27.949230 17.393737 -25.625000 
29.191418 17.393737 -29.375000 
27.328136 18.014831 -29.375000


31.986341 14.598814 -26.250000 
34.163275 12.732427 -27.500000 
33.849623 13.977720 -29.375000 
31.986341 14.598814 -26.250000


36.955093 9.630062 -26.875000 
38.200386 9.316410 -24.375000 
38.821480 6.832034 -29.375000 
36.955093 9.630062 -26.875000


40.684762 5.279299 -27.500000 
42.237497 1.863282 -23.750000 
41.926950 3.105470 -27.500000 
40.684762 5.279299 -27.500000


43.787127 -1.552735 -31.256250 
44.411326 -2.794923 -25.000000 
42.234392 -4.040216 -28.125000 
43.787127 -1.552735 -31.256250


44.097674 -1.239083 -28.750000 
44.411326 -2.794923 -25.000000 
43.787127 -1.552735 -31.256250 
44.097674 -1.239083 -28.750000


9.002758 13.664068 -28.750000 
13.353521 17.393737 -26.250000 
11.179692 16.462096 -31.250000 
9.002758 13.664068 -28.750000


10.866040 12.732427 -23.125000 
9.934399 13.042974 -26.250000 
12.421880 10.555493 -28.750000 
10.866040 12.732427 -23.125000


16.769538 4.965647 -26.250000 
15.837897 6.521487 -24.993750 
14.595709 5.589846 -28.118750 
16.769538 4.965647 -26.250000


18.322273 4.658205 -25.618750 
15.834792 2.794923 -29.375000 
17.701179 1.242188 -28.743750 
18.322273 4.658205 -25.618750


18.322273 4.658205 -25.618750 
17.390632 4.658205 -28.118750 
15.834792 2.794923 -29.375000 
18.322273 4.658205 -25.618750


16.769538 4.965647 -26.250000 
17.390632 4.658205 -28.118750 
18.322273 4.658205 -25.618750 
16.769538 4.965647 -26.250000


18.322273 4.658205 -25.618750 
17.701179 1.242188 -28.743750 
19.561356 1.552735 -27.500000 
18.322273 4.658205 -25.618750


19.253914 -4.658205 -26.868750 
14.595709 -1.863282 -26.868750 
15.837897 -4.350763 -26.875000 
19.253914 -4.658205 -26.868750


18.011726 0.624199 -26.875000 
14.595709 -1.863282 -26.868750 
19.253914 -4.658205 -26.868750 
18.011726 0.624199 -26.875000


19.253914 0.621094 -25.631250 
18.011726 0.624199 -26.875000 
19.253914 -4.658205 -26.868750 
19.253914 0.621094 -25.631250


19.253914 0.621094 -25.631250 
19.561356 1.552735 -27.500000 
18.011726 0.624199 -26.875000 
19.253914 0.621094 -25.631250


18.943367 -5.282404 -25.625000 
21.427743 -5.903498 -27.500000 
20.496102 -6.524592 -22.500000 
18.943367 -5.282404 -25.625000


22.980478 18.325378 -25.625000 
23.912119 18.325378 -28.125000 
20.496102 18.635925 -28.125000 
22.980478 18.325378 -25.625000


22.980478 -6.524592 -25.000000 
23.601572 -5.592951 -28.750000 
25.154307 -6.521487 -28.118750 
22.980478 -6.524592 -25.000000


44.411326 -2.794923 -25.000000 
39.439469 -1.555840 -22.500000 
37.886734 -3.726564 -27.493750 
44.411326 -2.794923 -25.000000


37.886734 -3.726564 -27.493750 
42.234392 -4.040216 -28.125000 
44.411326 -2.794923 -25.000000 
37.886734 -3.726564 -27.493750


10.555493 14.595709 -23.750000 
9.002758 13.664068 -28.750000 
9.934399 13.042974 -26.250000 
10.555493 14.595709 -23.750000


10.555493 14.595709 -23.750000 
13.353521 17.393737 -26.250000 
9.002758 13.664068 -28.750000 
10.555493 14.595709 -23.750000


14.595709 -0.310547 -25.631250 
18.943367 -5.282404 -25.625000 
13.664068 -2.794923 -25.631250 
14.595709 -0.310547 -25.631250


15.837897 18.946472 -21.250000 
16.769538 18.635925 -27.500000 
13.353521 17.393737 -26.250000 
15.837897 18.946472 -21.250000


15.837897 -4.971857 -23.750000 
13.664068 -2.794923 -25.631250 
18.943367 -5.282404 -25.625000 
15.837897 -4.971857 -23.750000


16.769538 18.635925 -27.500000 
22.980478 19.257019 -21.875000 
20.496102 18.635925 -28.125000 
16.769538 18.635925 -27.500000


19.253914 0.621094 -25.631250 
18.943367 -5.282404 -25.625000 
14.595709 -0.310547 -25.631250 
19.253914 0.621094 -25.631250


19.253914 0.621094 -25.631250 
19.253914 -4.658205 -26.868750 
18.943367 -5.282404 -25.625000 
19.253914 0.621094 -25.631250


22.980478 18.325378 -25.625000 
25.464854 18.325378 -23.750000 
23.912119 18.325378 -28.125000 
22.980478 18.325378 -25.625000


25.464854 18.325378 -23.750000 
27.017589 18.014831 -23.750000 
27.328136 18.014831 -29.375000 
25.464854 18.325378 -23.750000


27.017589 18.014831 -23.750000 
27.949230 17.393737 -25.625000 
27.328136 18.014831 -29.375000 
27.017589 18.014831 -23.750000


37.886734 -3.726564 -27.493750 
35.091811 -2.176934 -23.750000 
34.781264 -3.416017 -26.868750 
37.886734 -3.726564 -27.493750


34.163275 12.732427 -27.500000 
36.647651 11.179692 -22.500000 
36.955093 9.630062 -26.875000 
34.163275 12.732427 -27.500000


39.753121 6.832034 -23.125000 
40.684762 5.279299 -27.500000 
38.821480 6.832034 -29.375000 
39.753121 6.832034 -23.125000


41.926950 3.105470 -27.500000 
42.237497 1.863282 -23.750000 
43.479685 0.310547 -28.125000 
41.926950 3.105470 -27.500000


13.042974 -2.173829 -23.118750 
14.595709 -0.310547 -25.631250 
13.664068 -2.794923 -25.631250 
13.042974 -2.173829 -23.118750


13.042974 -2.173829 -23.118750 
13.353521 0.621094 -23.118750 
14.595709 -0.310547 -25.631250 
13.042974 -2.173829 -23.118750


15.837897 6.521487 -24.993750 
14.282057 9.937504 -23.750000 
14.282057 8.074222 -26.875000 
15.837897 6.521487 -24.993750


15.837897 6.521487 -24.993750 
14.282057 8.074222 -26.875000 
14.595709 5.589846 -28.118750 
15.837897 6.521487 -24.993750


18.008621 2.484376 -22.500000 
19.561356 1.552735 -27.500000 
19.253914 0.621094 -22.493750 
18.008621 2.484376 -22.500000


24.533213 -4.661310 -22.500000 
22.980478 -6.524592 -25.000000 
25.154307 -6.521487 -28.118750 
24.533213 -4.661310 -22.500000


27.328136 -5.592951 -28.125000 
24.533213 -4.661310 -22.500000 
25.154307 -6.521487 -28.118750 
27.328136 -5.592951 -28.125000


27.949230 -4.037111 -22.493750 
27.328136 -5.592951 -28.125000 
29.812512 -4.040216 -26.250000 
27.949230 -4.037111 -22.493750


32.917982 -2.487481 -24.375000 
31.675794 -3.726564 -26.243750 
34.781264 -3.416017 -26.868750 
32.917982 -2.487481 -24.375000


39.439469 -1.555840 -22.500000 
35.091811 -2.176934 -23.750000 
37.886734 -3.726564 -27.493750 
39.439469 -1.555840 -22.500000


10.866040 12.732427 -23.125000 
10.555493 14.595709 -23.750000 
9.934399 13.042974 -26.250000 
10.866040 12.732427 -23.125000


14.282057 9.937504 -23.750000 
10.866040 12.732427 -23.125000 
12.421880 10.555493 -28.750000 
14.282057 9.937504 -23.750000


16.458991 1.242188 -23.118750 
19.253914 0.621094 -25.631250 
14.595709 -0.310547 -25.631250 
16.458991 1.242188 -23.118750


18.322273 4.658205 -25.618750 
15.837897 6.521487 -24.993750 
16.769538 4.965647 -26.250000 
18.322273 4.658205 -25.618750


19.253914 0.621094 -22.493750 
19.561356 1.552735 -27.500000 
19.253914 0.621094 -25.631250 
19.253914 0.621094 -22.493750


20.496102 18.635925 -28.125000 
22.980478 19.257019 -21.875000 
22.980478 18.325378 -25.625000 
20.496102 18.635925 -28.125000


20.496102 -6.524592 -22.500000 
21.427743 -5.903498 -27.500000 
22.980478 -6.524592 -25.000000 
20.496102 -6.524592 -22.500000


28.880871 -2.487481 -21.250000 
27.949230 -4.037111 -22.493750 
29.812512 -4.040216 -26.250000 
28.880871 -2.487481 -21.250000


31.675794 -3.726564 -26.243750 
28.880871 -2.487481 -21.250000 
29.812512 -4.040216 -26.250000 
31.675794 -3.726564 -26.243750


29.191418 17.393737 -29.375000 
30.433606 16.151549 -21.875000 
31.986341 14.598814 -26.250000 
29.191418 17.393737 -29.375000


31.986341 14.598814 -26.250000 
36.647651 11.179692 -22.500000 
34.163275 12.732427 -27.500000 
31.986341 14.598814 -26.250000


44.411326 -2.794923 -25.000000 
42.544939 -1.552735 -20.618750 
39.439469 -1.555840 -22.500000 
44.411326 -2.794923 -25.000000


42.237497 1.863282 -23.750000 
43.169138 -0.310547 -23.125000 
43.479685 0.310547 -28.125000 
42.237497 1.863282 -23.750000


43.479685 0.310547 -28.125000 
43.169138 -0.310547 -23.125000 
44.097674 -1.239083 -28.750000 
43.479685 0.310547 -28.125000


13.042974 -2.173829 -23.118750 
13.664068 -2.794923 -25.631250 
15.837897 -4.971857 -23.750000 
13.042974 -2.173829 -23.118750


16.148444 8.381664 -20.625000 
14.282057 9.937504 -23.750000 
15.837897 6.521487 -24.993750 
16.148444 8.381664 -20.625000


20.806649 2.794923 -23.118750 
19.561356 1.552735 -27.500000 
18.008621 2.484376 -22.500000 
20.806649 2.794923 -23.118750


20.806649 2.794923 -23.118750 
18.322273 4.658205 -25.618750 
19.561356 1.552735 -27.500000 
20.806649 2.794923 -23.118750


24.533213 -4.661310 -22.500000 
27.328136 -5.592951 -28.125000 
27.949230 -4.037111 -22.493750 
24.533213 -4.661310 -22.500000


27.949230 17.393737 -25.625000 
30.433606 16.151549 -21.875000 
29.191418 17.393737 -29.375000 
27.949230 17.393737 -25.625000


31.365247 -1.866387 -21.250000 
31.675794 -3.726564 -26.243750 
32.917982 -2.487481 -24.375000 
31.365247 -1.866387 -21.250000


35.091811 -2.176934 -23.750000 
32.917982 -2.487481 -24.375000 
34.781264 -3.416017 -26.868750 
35.091811 -2.176934 -23.750000


36.647651 11.179692 -22.500000 
38.200386 9.316410 -24.375000 
36.955093 9.630062 -26.875000 
36.647651 11.179692 -22.500000


38.200386 9.316410 -24.375000 
39.753121 6.832034 -23.125000 
38.821480 6.832034 -29.375000 
38.200386 9.316410 -24.375000


39.753121 6.832034 -23.125000 
40.063668 4.037111 -20.000000 
40.684762 5.279299 -27.500000 
39.753121 6.832034 -23.125000


16.148444 8.381664 -20.625000 
10.866040 12.732427 -23.125000 
14.282057 9.937504 -23.750000 
16.148444 8.381664 -20.625000


13.353521 17.393737 -26.250000 
14.285162 18.325378 -20.625000 
15.837897 18.946472 -21.250000 
13.353521 17.393737 -26.250000


13.353521 0.621094 -23.118750 
16.458991 1.242188 -23.118750 
14.595709 -0.310547 -25.631250 
13.353521 0.621094 -23.118750


16.148444 -5.279299 -22.493750 
15.837897 -4.971857 -23.750000 
18.943367 -5.282404 -25.625000 
16.148444 -5.279299 -22.493750


15.837897 -4.971857 -23.750000 
16.148444 -5.279299 -22.493750 
19.564461 -4.347658 -23.743750 
15.837897 -4.971857 -23.750000


19.253914 0.621094 -25.631250 
16.458991 1.242188 -23.118750 
19.253914 0.621094 -22.493750 
19.253914 0.621094 -25.631250


16.769538 18.635925 -27.500000 
18.011726 19.257019 -20.625000 
22.980478 19.257019 -21.875000 
16.769538 18.635925 -27.500000


19.253914 -4.658205 -22.493750 
19.564461 -4.347658 -23.743750 
16.148444 -5.279299 -22.493750 
19.253914 -4.658205 -22.493750


18.943367 6.521487 -21.868750 
15.837897 6.521487 -24.993750 
18.322273 4.658205 -25.618750 
18.943367 6.521487 -21.868750


22.980478 18.325378 -25.625000 
22.980478 19.257019 -21.875000 
25.464854 18.325378 -23.750000 
22.980478 18.325378 -25.625000


40.063668 4.037111 -20.000000 
42.237497 1.863282 -23.750000 
40.684762 5.279299 -27.500000 
40.063668 4.037111 -20.000000


43.169138 -0.310547 -23.125000 
44.411326 -2.794923 -25.000000 
44.097674 -1.239083 -28.750000 
43.169138 -0.310547 -23.125000


13.353521 0.621094 -23.118750 
13.042974 -2.173829 -23.118750 
15.837897 -4.971857 -23.750000 
13.353521 0.621094 -23.118750


16.458991 1.242188 -23.118750 
13.353521 0.621094 -23.118750 
15.837897 -4.971857 -23.750000 
16.458991 1.242188 -23.118750


19.253914 -4.658205 -22.493750 
15.837897 -4.971857 -23.750000 
19.564461 -4.347658 -23.743750 
19.253914 -4.658205 -22.493750


16.458991 1.242188 -23.118750 
15.837897 -4.971857 -23.750000 
19.253914 -4.658205 -22.493750 
16.458991 1.242188 -23.118750


20.496102 -6.524592 -22.500000 
16.148444 -5.279299 -22.493750 
18.943367 -5.282404 -25.625000 
20.496102 -6.524592 -22.500000


20.806649 2.794923 -23.118750 
20.185555 4.658205 -21.868750 
18.322273 4.658205 -25.618750 
20.806649 2.794923 -23.118750


20.185555 4.658205 -21.868750 
18.943367 6.521487 -21.868750 
18.322273 4.658205 -25.618750 
20.185555 4.658205 -21.868750


19.253914 -4.658205 -22.493750 
19.253914 0.621094 -22.493750 
16.458991 1.242188 -23.118750 
19.253914 -4.658205 -22.493750


21.738290 -1.552735 -22.493750 
19.253914 0.621094 -22.493750 
19.253914 -4.658205 -22.493750 
21.738290 -1.552735 -22.493750


20.806649 2.794923 -23.118750 
19.253914 0.621094 -22.493750 
21.738290 -1.552735 -22.493750 
20.806649 2.794923 -23.118750


24.222666 -2.794923 -22.493750 
26.396495 -1.552735 -23.118750 
21.738290 -1.552735 -22.493750 
24.222666 -2.794923 -22.493750


20.806649 2.794923 -23.118750 
21.738290 -1.552735 -22.493750 
26.396495 -1.552735 -23.118750 
20.806649 2.794923 -23.118750


24.533213 -4.661310 -22.500000 
20.496102 -6.524592 -22.500000 
22.980478 -6.524592 -25.000000 
24.533213 -4.661310 -22.500000


24.222666 4.658205 -23.118750 
20.806649 2.794923 -23.118750 
26.396495 -1.552735 -23.118750 
24.222666 4.658205 -23.118750


27.017589 2.484376 -23.118750 
24.222666 4.658205 -23.118750 
26.396495 -1.552735 -23.118750 
27.017589 2.484376 -23.118750


27.017589 2.484376 -23.118750 
26.703937 3.726564 -21.875000 
24.222666 4.658205 -23.118750 
27.017589 2.484376 -23.118750


31.365247 -1.866387 -21.250000 
28.880871 -2.487481 -21.250000 
31.675794 -3.726564 -26.243750 
31.365247 -1.866387 -21.250000


30.433606 16.151549 -21.875000 
31.675794 15.530455 -19.375000 
31.986341 14.598814 -26.250000 
30.433606 16.151549 -21.875000


39.439469 -1.555840 -22.500000 
36.333999 -1.555840 -20.625000 
35.091811 -2.176934 -23.750000 
39.439469 -1.555840 -22.500000


36.647651 11.179692 -22.500000 
37.889839 9.316410 -21.250000 
38.200386 9.316410 -24.375000 
36.647651 11.179692 -22.500000


42.544939 -1.552735 -20.618750 
40.371110 -1.245293 -20.000000 
39.439469 -1.555840 -22.500000 
42.544939 -1.552735 -20.618750


42.544939 -1.552735 -20.618750 
44.411326 -2.794923 -25.000000 
43.169138 -0.310547 -23.125000 
42.544939 -1.552735 -20.618750


14.285162 18.325378 -20.625000 
13.353521 17.393737 -26.250000 
10.555493 14.595709 -23.750000 
14.285162 18.325378 -20.625000


15.837897 18.946472 -21.250000 
18.011726 19.257019 -20.625000 
16.769538 18.635925 -27.500000 
15.837897 18.946472 -21.250000


20.496102 -6.524592 -22.500000 
19.253914 -4.658205 -22.493750 
16.148444 -5.279299 -22.493750 
20.496102 -6.524592 -22.500000


20.806649 2.794923 -23.118750 
18.008621 2.484376 -22.500000 
19.253914 0.621094 -22.493750 
20.806649 2.794923 -23.118750


24.222666 -2.794923 -22.493750 
21.738290 -1.552735 -22.493750 
19.253914 -4.658205 -22.493750 
24.222666 -2.794923 -22.493750


22.359384 4.968752 -21.868750 
20.806649 2.794923 -23.118750 
24.222666 4.658205 -23.118750 
22.359384 4.968752 -21.868750


24.533213 -4.661310 -22.500000 
19.253914 -4.658205 -22.493750 
20.496102 -6.524592 -22.500000 
24.533213 -4.661310 -22.500000


24.533213 -4.661310 -22.500000 
24.222666 -2.794923 -22.493750 
19.253914 -4.658205 -22.493750 
24.533213 -4.661310 -22.500000


27.949230 -4.037111 -22.493750 
24.222666 -2.794923 -22.493750 
24.533213 -4.661310 -22.500000 
27.949230 -4.037111 -22.493750


26.396495 -1.552735 -23.118750 
24.222666 -2.794923 -22.493750 
27.949230 -4.037111 -22.493750 
26.396495 -1.552735 -23.118750


27.017589 18.014831 -23.750000 
30.433606 16.151549 -21.875000 
27.949230 17.393737 -25.625000 
27.017589 18.014831 -23.750000


26.707042 17.701179 -19.993750 
30.433606 16.151549 -21.875000 
27.017589 18.014831 -23.750000 
26.707042 17.701179 -19.993750


31.675794 -1.555840 -15.000000 
28.880871 -2.487481 -21.250000 
31.365247 -1.866387 -21.250000 
31.675794 -1.555840 -15.000000


31.675794 15.530455 -19.375000 
36.647651 11.179692 -22.500000 
31.986341 14.598814 -26.250000 
31.675794 15.530455 -19.375000


36.333999 -1.555840 -20.625000 
32.917982 -2.487481 -24.375000 
35.091811 -2.176934 -23.750000 
36.333999 -1.555840 -20.625000


38.510933 5.900393 -17.500000 
40.063668 4.037111 -20.000000 
39.753121 6.832034 -23.125000 
38.510933 5.900393 -17.500000


11.487134 13.042974 -18.750000 
10.555493 14.595709 -23.750000 
10.866040 12.732427 -23.125000 
11.487134 13.042974 -18.750000


22.359384 4.968752 -21.868750 
20.185555 4.658205 -21.868750 
20.806649 2.794923 -23.118750 
22.359384 4.968752 -21.868750


23.601572 18.635925 -18.750000 
27.017589 18.014831 -23.750000 
25.464854 18.325378 -23.750000 
23.601572 18.635925 -18.750000


26.703937 3.726564 -21.875000 
24.533213 5.586741 -17.500000 
24.222666 4.658205 -23.118750 
26.703937 3.726564 -21.875000


27.638683 0.310547 -19.993750 
26.396495 -1.552735 -23.118750 
26.393390 -0.310547 -21.250000 
27.638683 0.310547 -19.993750


27.014484 3.416017 -17.500000 
26.703937 3.726564 -21.875000 
27.017589 2.484376 -23.118750 
27.014484 3.416017 -17.500000


26.393390 -0.310547 -21.250000 
26.396495 -1.552735 -23.118750 
27.949230 -4.037111 -22.493750 
26.393390 -0.310547 -21.250000


28.880871 -2.487481 -21.250000 
26.393390 -0.310547 -21.250000 
27.949230 -4.037111 -22.493750 
28.880871 -2.487481 -21.250000


28.880871 -2.487481 -21.250000 
27.638683 0.310547 -19.993750 
26.393390 -0.310547 -21.250000 
28.880871 -2.487481 -21.250000


38.200386 9.316410 -24.375000 
37.889839 9.316410 -21.250000 
39.753121 6.832034 -23.125000 
38.200386 9.316410 -24.375000


42.237497 1.863282 -23.750000 
42.544939 -1.552735 -20.618750 
43.169138 -0.310547 -23.125000 
42.237497 1.863282 -23.750000


11.797681 15.527350 -18.125000 
10.555493 14.595709 -23.750000 
11.487134 13.042974 -18.750000 
11.797681 15.527350 -18.125000


11.487134 13.042974 -18.750000 
10.866040 12.732427 -23.125000 
16.148444 8.381664 -20.625000 
11.487134 13.042974 -18.750000


18.943367 6.521487 -21.868750 
16.148444 8.381664 -20.625000 
15.837897 6.521487 -24.993750 
18.943367 6.521487 -21.868750


20.806649 18.635925 -18.125000 
22.980478 19.257019 -21.875000 
18.011726 19.257019 -20.625000 
20.806649 18.635925 -18.125000


24.533213 5.586741 -17.500000 
22.359384 4.968752 -21.868750 
24.222666 4.658205 -23.118750 
24.533213 5.586741 -17.500000


22.980478 19.257019 -21.875000 
23.601572 18.635925 -18.750000 
25.464854 18.325378 -23.750000 
22.980478 19.257019 -21.875000


23.601572 18.635925 -18.750000 
26.707042 17.701179 -19.993750 
27.017589 18.014831 -23.750000 
23.601572 18.635925 -18.750000


27.638683 0.310547 -19.993750 
27.017589 2.484376 -23.118750 
26.396495 -1.552735 -23.118750 
27.638683 0.310547 -19.993750


27.014484 3.416017 -17.500000 
27.017589 2.484376 -23.118750 
27.638683 0.310547 -19.993750 
27.014484 3.416017 -17.500000


33.542181 13.042974 -17.500000 
36.026557 10.248051 -18.125000 
36.647651 11.179692 -22.500000 
33.542181 13.042974 -17.500000


37.889839 9.316410 -21.250000 
38.510933 5.900393 -17.500000 
39.753121 6.832034 -23.125000 
37.889839 9.316410 -21.250000


40.063668 4.037111 -20.000000 
41.926950 0.621094 -18.125000 
42.237497 1.863282 -23.750000 
40.063668 4.037111 -20.000000


11.797681 15.527350 -18.125000 
14.285162 18.325378 -20.625000 
10.555493 14.595709 -23.750000 
11.797681 15.527350 -18.125000


20.185555 5.900393 -18.118750 
18.943367 6.521487 -21.868750 
20.185555 4.658205 -21.868750 
20.185555 5.900393 -18.118750


22.359384 4.968752 -21.868750 
20.185555 5.900393 -18.118750 
20.185555 4.658205 -21.868750 
22.359384 4.968752 -21.868750


24.533213 5.586741 -17.500000 
22.359384 6.207835 -17.500000 
22.359384 4.968752 -21.868750 
24.533213 5.586741 -17.500000


28.570324 -3.108575 -18.750000 
27.638683 0.310547 -19.993750 
28.880871 -2.487481 -21.250000 
28.570324 -3.108575 -18.750000


29.191418 15.841002 -16.875000 
31.675794 15.530455 -19.375000 
30.433606 16.151549 -21.875000 
29.191418 15.841002 -16.875000


31.675794 -1.555840 -15.000000 
32.917982 -2.487481 -24.375000 
36.333999 -1.555840 -20.625000 
31.675794 -1.555840 -15.000000


31.675794 15.530455 -19.375000 
33.542181 13.042974 -17.500000 
36.647651 11.179692 -22.500000 
31.675794 15.530455 -19.375000


36.647651 11.179692 -22.500000 
36.026557 10.248051 -18.125000 
37.889839 9.316410 -21.250000 
36.647651 11.179692 -22.500000


41.926950 0.621094 -18.125000 
42.544939 -1.552735 -20.618750 
42.237497 1.863282 -23.750000 
41.926950 0.621094 -18.125000


16.148444 8.381664 -20.625000 
18.943367 6.521487 -21.868750 
17.701179 8.381664 -16.875000 
16.148444 8.381664 -20.625000


17.701179 8.381664 -16.875000 
18.943367 6.521487 -21.868750 
20.185555 5.900393 -18.118750 
17.701179 8.381664 -16.875000


22.359384 6.207835 -17.500000 
20.185555 5.900393 -18.118750 
22.359384 4.968752 -21.868750 
22.359384 6.207835 -17.500000


26.396495 -4.037111 -18.743750 
21.738290 -5.900393 -19.381250 
18.632820 -3.726564 -19.368750 
26.396495 -4.037111 -18.743750


21.427743 -1.863282 -19.381250 
26.396495 -4.037111 -18.743750 
18.632820 -3.726564 -19.368750 
21.427743 -1.863282 -19.381250


25.464854 -3.412912 -18.750000 
26.396495 -4.037111 -18.743750 
21.427743 -1.863282 -19.381250 
25.464854 -3.412912 -18.750000


26.707042 17.701179 -19.993750 
29.191418 15.841002 -16.875000 
30.433606 16.151549 -21.875000 
26.707042 17.701179 -19.993750


31.675794 -1.555840 -15.000000 
36.333999 -1.555840 -20.625000 
33.849623 -0.931641 -15.618750 
31.675794 -1.555840 -15.000000


39.128922 -0.310547 -16.868750 
36.333999 -1.555840 -20.625000 
40.371110 -1.245293 -20.000000 
39.128922 -0.310547 -16.868750


40.371110 -1.245293 -20.000000 
36.333999 -1.555840 -20.625000 
39.439469 -1.555840 -22.500000 
40.371110 -1.245293 -20.000000


21.427743 -1.863282 -19.381250 
18.943367 -2.173829 -18.131250 
20.185555 -0.307442 -18.125000 
21.427743 -1.863282 -19.381250


21.738290 -5.900393 -19.381250 
21.427743 -1.863282 -19.381250 
18.632820 -3.726564 -19.368750 
21.738290 -5.900393 -19.381250


26.396495 -4.037111 -18.743750 
21.427743 -1.863282 -19.381250 
21.738290 -5.900393 -19.381250 
26.396495 -4.037111 -18.743750


22.980478 -4.658205 -17.506250 
21.427743 -1.863282 -19.381250 
26.396495 -4.037111 -18.743750 
22.980478 -4.658205 -17.506250


20.806649 18.635925 -18.125000 
23.601572 18.635925 -18.750000 
22.980478 19.257019 -21.875000 
20.806649 18.635925 -18.125000


24.533213 5.586741 -17.500000 
26.703937 3.726564 -21.875000 
26.396495 4.658205 -15.618750 
24.533213 5.586741 -17.500000


26.396495 4.658205 -15.618750 
26.703937 3.726564 -21.875000 
27.014484 3.416017 -17.500000 
26.396495 4.658205 -15.618750


26.396495 16.772643 -16.875000 
29.191418 15.841002 -16.875000 
26.707042 17.701179 -19.993750 
26.396495 16.772643 -16.875000


27.638683 0.310547 -19.993750 
28.570324 -3.108575 -18.750000 
27.017589 -0.931641 -16.881250 
27.638683 0.310547 -19.993750


31.675794 -1.555840 -15.000000 
28.570324 -3.108575 -18.750000 
28.880871 -2.487481 -21.250000 
31.675794 -1.555840 -15.000000


31.365247 -1.866387 -21.250000 
32.917982 -2.487481 -24.375000 
31.675794 -1.555840 -15.000000 
31.365247 -1.866387 -21.250000


40.063668 3.726564 -17.500000 
41.926950 0.621094 -18.125000 
40.063668 4.037111 -20.000000 
40.063668 3.726564 -17.500000


11.797681 15.527350 -18.125000 
14.285162 17.704284 -16.250000 
14.285162 18.325378 -20.625000 
11.797681 15.527350 -18.125000


14.903151 10.869145 -15.000000 
11.487134 13.042974 -18.750000 
16.148444 8.381664 -20.625000 
14.903151 10.869145 -15.000000


15.837897 18.946472 -21.250000 
17.390632 18.635925 -17.500000 
18.011726 19.257019 -20.625000 
15.837897 18.946472 -21.250000


18.943367 -2.173829 -18.131250 
18.632820 0.313652 -16.250000 
20.185555 -0.307442 -18.125000 
18.943367 -2.173829 -18.131250


20.185555 -0.307442 -18.125000 
22.673036 -1.242188 -17.500000 
21.427743 -1.863282 -19.381250 
20.185555 -0.307442 -18.125000


20.806649 -4.347658 -16.881250 
18.943367 -2.173829 -18.131250 
21.427743 -1.863282 -19.381250 
20.806649 -4.347658 -16.881250


23.601572 18.635925 -18.750000 
23.601572 17.393737 -16.250000 
26.707042 17.701179 -19.993750 
23.601572 18.635925 -18.750000


23.601572 17.393737 -16.250000 
26.396495 16.772643 -16.875000 
26.707042 17.701179 -19.993750 
23.601572 17.393737 -16.250000


25.464854 -3.412912 -18.750000 
26.396495 -3.726564 -16.881250 
26.396495 -4.037111 -18.743750 
25.464854 -3.412912 -18.750000


27.328136 0.310547 -17.506250 
27.014484 3.416017 -17.500000 
27.638683 0.310547 -19.993750 
27.328136 0.310547 -17.506250


27.328136 0.310547 -17.506250 
27.638683 0.310547 -19.993750 
27.017589 -0.931641 -16.881250 
27.328136 0.310547 -17.506250


27.017589 -0.931641 -16.881250 
28.570324 -3.108575 -18.750000 
26.396495 -3.726564 -16.881250 
27.017589 -0.931641 -16.881250


29.191418 15.841002 -16.875000 
33.542181 13.042974 -17.500000 
31.675794 15.530455 -19.375000 
29.191418 15.841002 -16.875000


41.926950 0.621094 -18.125000 
40.371110 -1.245293 -20.000000 
42.544939 -1.552735 -20.618750 
41.926950 0.621094 -18.125000


16.458991 18.014831 -15.000000 
15.837897 18.946472 -21.250000 
14.285162 18.325378 -20.625000 
16.458991 18.014831 -15.000000


16.458991 18.014831 -15.000000 
17.390632 18.635925 -17.500000 
15.837897 18.946472 -21.250000 
16.458991 18.014831 -15.000000


18.011726 19.257019 -20.625000 
17.390632 18.635925 -17.500000 
20.806649 18.635925 -18.125000 
18.011726 19.257019 -20.625000


22.980478 -4.658205 -17.506250 
20.806649 -4.347658 -16.881250 
21.427743 -1.863282 -19.381250 
22.980478 -4.658205 -17.506250


22.673036 -1.242188 -17.500000 
22.980478 -2.170724 -16.250000 
21.427743 -1.863282 -19.381250 
22.673036 -1.242188 -17.500000


22.980478 -2.170724 -16.250000 
25.464854 -3.412912 -18.750000 
21.427743 -1.863282 -19.381250 
22.980478 -2.170724 -16.250000


36.026557 10.248051 -18.125000 
36.647651 8.384769 -15.625000 
37.889839 9.316410 -21.250000 
36.026557 10.248051 -18.125000


38.510933 5.900393 -17.500000 
40.063668 3.726564 -17.500000 
40.063668 4.037111 -20.000000 
38.510933 5.900393 -17.500000


12.421880 16.462096 -15.000000 
14.285162 17.704284 -16.250000 
11.797681 15.527350 -18.125000 
12.421880 16.462096 -15.000000


16.458991 18.014831 -15.000000 
14.285162 18.325378 -20.625000 
14.285162 17.704284 -16.250000 
16.458991 18.014831 -15.000000


14.903151 10.869145 -15.000000 
16.148444 8.381664 -20.625000 
17.701179 8.381664 -16.875000 
14.903151 10.869145 -15.000000


18.632820 0.313652 -16.250000 
18.943367 -2.173829 -18.131250 
16.458991 -3.105470 -16.256250 
18.632820 0.313652 -16.250000


23.601572 17.393737 -16.250000 
23.601572 18.635925 -18.750000 
20.806649 18.635925 -18.125000 
23.601572 17.393737 -16.250000


24.843760 -4.347658 -13.743750 
22.980478 -4.658205 -17.506250 
26.396495 -4.037111 -18.743750 
24.843760 -4.347658 -13.743750


25.775401 -2.484376 -16.256250 
26.396495 -3.726564 -16.881250 
25.464854 -3.412912 -18.750000 
25.775401 -2.484376 -16.256250


25.775401 -2.484376 -16.256250 
27.017589 -0.931641 -16.881250 
26.396495 -3.726564 -16.881250 
25.775401 -2.484376 -16.256250


27.017589 2.173829 -15.631250 
27.014484 3.416017 -17.500000 
27.328136 0.310547 -17.506250 
27.017589 2.173829 -15.631250


33.542181 13.042974 -17.500000 
33.852728 11.179692 -13.750000 
36.026557 10.248051 -18.125000 
33.542181 13.042974 -17.500000


41.926950 0.621094 -18.125000 
39.128922 -0.310547 -16.868750 
40.371110 -1.245293 -20.000000 
41.926950 0.621094 -18.125000


11.487134 13.353521 -15.000000 
11.797681 15.527350 -18.125000 
11.487134 13.042974 -18.750000 
11.487134 13.353521 -15.000000


11.487134 13.353521 -15.000000 
12.421880 16.462096 -15.000000 
11.797681 15.527350 -18.125000 
11.487134 13.353521 -15.000000


8.074222 0.931641 -15.631250 
14.285162 -3.108575 -16.250000 
10.248051 -0.931641 -16.256250 
8.074222 0.931641 -15.631250


16.458991 1.242188 -16.256250 
16.458991 -3.105470 -16.256250 
8.074222 0.931641 -15.631250 
16.458991 1.242188 -16.256250


11.490239 1.555840 -14.375000 
16.458991 1.242188 -16.256250 
8.074222 0.931641 -15.631250 
11.490239 1.555840 -14.375000


16.458991 -3.105470 -16.256250 
14.285162 -3.108575 -16.250000 
8.074222 0.931641 -15.631250 
16.458991 -3.105470 -16.256250


18.632820 0.313652 -16.250000 
16.458991 -3.105470 -16.256250 
16.458991 1.242188 -16.256250 
18.632820 0.313652 -16.250000


21.117196 -4.347658 -13.743750 
16.458991 -3.105470 -16.256250 
18.943367 -2.173829 -18.131250 
21.117196 -4.347658 -13.743750


21.117196 -4.347658 -13.743750 
18.943367 -2.173829 -18.131250 
20.806649 -4.347658 -16.881250 
21.117196 -4.347658 -13.743750


20.185555 -0.307442 -18.125000 
22.980478 -2.170724 -16.250000 
22.673036 -1.242188 -17.500000 
20.185555 -0.307442 -18.125000


22.359384 -0.310547 -12.506250 
22.980478 -2.170724 -16.250000 
20.185555 -0.307442 -18.125000 
22.359384 -0.310547 -12.506250


24.843760 -4.347658 -13.743750 
26.396495 -4.037111 -18.743750 
26.396495 -3.726564 -16.881250 
24.843760 -4.347658 -13.743750


27.017589 -0.931641 -16.881250 
25.775401 -2.484376 -16.256250 
25.154307 -1.242188 -16.256250 
27.017589 -0.931641 -16.881250


27.017589 2.173829 -15.631250 
27.328136 0.310547 -17.506250 
27.017589 -0.931641 -16.881250 
27.017589 2.173829 -15.631250


26.396495 4.658205 -15.618750 
27.014484 3.416017 -17.500000 
27.017589 2.173829 -15.631250 
26.396495 4.658205 -15.618750


29.191418 15.841002 -16.875000 
30.433606 15.530455 -15.000000 
33.542181 13.042974 -17.500000 
29.191418 15.841002 -16.875000


30.433606 15.530455 -15.000000 
31.989446 13.353521 -13.125000 
33.542181 13.042974 -17.500000 
30.433606 15.530455 -15.000000


33.849623 -0.931641 -15.618750 
36.333999 -1.555840 -20.625000 
36.955093 0.310547 -15.618750 
33.849623 -0.931641 -15.618750


36.955093 0.310547 -15.618750 
36.333999 -1.555840 -20.625000 
39.128922 -0.310547 -16.868750 
36.955093 0.310547 -15.618750


36.647651 8.384769 -15.625000 
38.510933 6.832034 -15.000000 
37.889839 9.316410 -21.250000 
36.647651 8.384769 -15.625000


37.889839 9.316410 -21.250000 
38.510933 6.832034 -15.000000 
38.510933 5.900393 -17.500000 
37.889839 9.316410 -21.250000


41.926950 0.621094 -18.125000 
38.507828 0.931641 -15.618750 
39.128922 -0.310547 -16.868750 
41.926950 0.621094 -18.125000


40.063668 3.726564 -17.500000 
40.681657 2.794923 -14.368750 
41.926950 0.621094 -18.125000 
40.063668 3.726564 -17.500000


15.216803 1.866387 -15.000000 
16.458991 1.242188 -16.256250 
11.490239 1.555840 -14.375000 
15.216803 1.866387 -15.000000


11.487134 13.353521 -15.000000 
11.487134 13.042974 -18.750000 
14.903151 10.869145 -15.000000 
11.487134 13.353521 -15.000000


16.458991 1.242188 -16.256250 
16.458991 0.934746 -13.750000 
18.632820 0.313652 -16.250000 
16.458991 1.242188 -16.256250


16.458991 18.014831 -15.000000 
18.943367 18.325378 -14.375000 
17.390632 18.635925 -17.500000 
16.458991 18.014831 -15.000000


16.458991 0.934746 -13.750000 
18.635925 -0.310547 -13.125000 
18.632820 0.313652 -16.250000 
16.458991 0.934746 -13.750000


18.632820 0.313652 -16.250000 
18.635925 -0.310547 -13.125000 
20.185555 -0.307442 -18.125000 
18.632820 0.313652 -16.250000


17.390632 18.635925 -17.500000 
21.427743 17.704284 -12.500000 
20.806649 18.635925 -18.125000 
17.390632 18.635925 -17.500000


20.185555 5.900393 -18.118750 
22.359384 6.207835 -17.500000 
22.359384 7.450023 -13.750000 
20.185555 5.900393 -18.118750


22.359384 7.450023 -13.750000 
22.359384 6.207835 -17.500000 
24.533213 5.586741 -17.500000 
22.359384 7.450023 -13.750000


24.843760 6.521487 -15.618750 
22.359384 7.450023 -13.750000 
24.533213 5.586741 -17.500000 
24.843760 6.521487 -15.618750


22.980478 -2.170724 -16.250000 
24.843760 -2.484376 -12.506250 
25.464854 -3.412912 -18.750000 
22.980478 -2.170724 -16.250000


26.396495 4.658205 -15.618750 
24.843760 6.521487 -15.618750 
24.533213 5.586741 -17.500000 
26.396495 4.658205 -15.618750


27.017589 2.173829 -15.631250 
27.017589 -0.931641 -16.881250 
25.154307 -1.242188 -16.256250 
27.017589 2.173829 -15.631250


26.396495 16.772643 -16.875000 
30.433606 15.530455 -15.000000 
29.191418 15.841002 -16.875000 
26.396495 16.772643 -16.875000


33.542181 13.042974 -17.500000 
31.989446 13.353521 -13.125000 
33.852728 11.179692 -13.750000 
33.542181 13.042974 -17.500000


33.852728 11.179692 -13.750000 
36.647651 8.384769 -15.625000 
36.026557 10.248051 -18.125000 
33.852728 11.179692 -13.750000


38.507828 0.931641 -15.618750 
36.955093 0.310547 -15.618750 
39.128922 -0.310547 -16.868750 
38.507828 0.931641 -15.618750


40.681657 2.794923 -14.368750 
38.507828 0.931641 -15.618750 
41.926950 0.621094 -18.125000 
40.681657 2.794923 -14.368750


11.176587 13.974615 -13.750000 
12.421880 16.462096 -15.000000 
11.487134 13.353521 -15.000000 
11.176587 13.974615 -13.750000


11.179692 -1.863282 -14.381250 
10.248051 -0.931641 -16.256250 
14.285162 -3.108575 -16.250000 
11.179692 -1.863282 -14.381250


11.179692 -1.863282 -14.381250 
14.285162 -3.108575 -16.250000 
12.732427 -2.798028 -11.875000 
11.179692 -1.863282 -14.381250


18.943367 8.692211 -13.125000 
17.701179 8.381664 -16.875000 
20.185555 5.900393 -18.118750 
18.943367 8.692211 -13.125000


17.390632 18.635925 -17.500000 
18.943367 18.325378 -14.375000 
21.427743 17.704284 -12.500000 
17.390632 18.635925 -17.500000


18.635925 -0.310547 -13.125000 
22.359384 -0.310547 -12.506250 
20.185555 -0.307442 -18.125000 
18.635925 -0.310547 -13.125000


21.117196 -4.347658 -13.743750 
20.806649 -4.347658 -16.881250 
22.980478 -4.658205 -17.506250 
21.117196 -4.347658 -13.743750


21.117196 -4.347658 -13.743750 
22.980478 -4.658205 -17.506250 
24.843760 -4.347658 -13.743750 
21.117196 -4.347658 -13.743750


24.843760 -4.347658 -13.743750 
26.396495 -3.726564 -16.881250 
27.017589 -3.729669 -13.125000 
24.843760 -4.347658 -13.743750


26.396495 7.760570 -13.750000 
24.843760 6.521487 -15.618750 
26.396495 4.658205 -15.618750 
26.396495 7.760570 -13.750000


26.396495 16.772643 -16.875000 
27.949230 16.772643 -13.750000 
30.433606 15.530455 -15.000000 
26.396495 16.772643 -16.875000


29.812512 -2.176934 -13.750000 
28.570324 -3.108575 -18.750000 
31.675794 -1.555840 -15.000000 
29.812512 -2.176934 -13.750000


36.955093 0.310547 -15.618750 
34.781264 0.310547 -14.368750 
33.849623 -0.931641 -15.618750 
36.955093 0.310547 -15.618750


35.091811 1.552735 -13.118750 
34.781264 0.310547 -14.368750 
36.955093 0.310547 -15.618750 
35.091811 1.552735 -13.118750


33.852728 11.179692 -13.750000 
35.716010 10.558598 -11.875000 
36.647651 8.384769 -15.625000 
33.852728 11.179692 -13.750000


38.510933 5.900393 -17.500000 
40.060563 4.037111 -11.868750 
40.063668 3.726564 -17.500000 
38.510933 5.900393 -17.500000


11.490239 1.555840 -14.375000 
8.074222 0.931641 -15.631250 
6.210940 1.552735 -12.506250 
11.490239 1.555840 -14.375000


11.179692 -1.863282 -14.381250 
8.074222 0.931641 -15.631250 
10.248051 -0.931641 -16.256250 
11.179692 -1.863282 -14.381250


15.837897 18.014831 -10.000000 
16.458991 18.014831 -15.000000 
14.285162 17.704284 -16.250000 
15.837897 18.014831 -10.000000


15.837897 10.558598 -12.493750 
14.903151 10.869145 -15.000000 
17.701179 8.381664 -16.875000 
15.837897 10.558598 -12.493750


15.837897 10.558598 -12.493750 
17.701179 8.381664 -16.875000 
18.943367 8.692211 -13.125000 
15.837897 10.558598 -12.493750


17.701179 -3.416017 -12.493750 
16.458991 -3.105470 -16.256250 
21.117196 -4.347658 -13.743750 
17.701179 -3.416017 -12.493750


18.943367 8.692211 -13.125000 
20.185555 5.900393 -18.118750 
22.359384 7.450023 -13.750000 
18.943367 8.692211 -13.125000


20.806649 18.635925 -18.125000 
21.427743 17.704284 -12.500000 
23.601572 17.393737 -16.250000 
20.806649 18.635925 -18.125000


25.464854 -3.412912 -18.750000 
24.843760 -2.484376 -12.506250 
25.775401 -2.484376 -16.256250 
25.464854 -3.412912 -18.750000


23.601572 17.393737 -16.250000 
27.949230 16.772643 -13.750000 
26.396495 16.772643 -16.875000 
23.601572 17.393737 -16.250000


24.840655 0.000000 -14.375000 
25.154307 -1.242188 -16.256250 
25.775401 -2.484376 -16.256250 
24.840655 0.000000 -14.375000


24.840655 0.000000 -14.375000 
27.017589 2.173829 -15.631250 
25.154307 -1.242188 -16.256250 
24.840655 0.000000 -14.375000


25.151202 4.347658 -13.125000 
27.017589 2.173829 -15.631250 
24.840655 0.000000 -14.375000 
25.151202 4.347658 -13.125000


25.151202 4.347658 -13.125000 
26.396495 4.658205 -15.618750 
27.017589 2.173829 -15.631250 
25.151202 4.347658 -13.125000


25.151202 4.347658 -13.125000 
26.396495 7.760570 -13.750000 
26.396495 4.658205 -15.618750 
25.151202 4.347658 -13.125000


29.812512 -2.176934 -13.750000 
27.017589 -3.729669 -13.125000 
28.570324 -3.108575 -18.750000 
29.812512 -2.176934 -13.750000


32.296888 0.931641 -11.868750 
31.675794 -1.555840 -15.000000 
33.849623 -0.931641 -15.618750 
32.296888 0.931641 -11.868750


37.576187 2.794923 -12.493750 
35.091811 1.552735 -13.118750 
36.955093 0.310547 -15.618750 
37.576187 2.794923 -12.493750


38.507828 0.931641 -15.618750 
37.576187 2.794923 -12.493750 
36.955093 0.310547 -15.618750 
38.507828 0.931641 -15.618750


40.681657 2.794923 -14.368750 
37.576187 2.794923 -12.493750 
38.507828 0.931641 -15.618750 
40.681657 2.794923 -14.368750


12.421880 16.151549 -10.625000 
12.421880 16.462096 -15.000000 
11.176587 13.974615 -13.750000 
12.421880 16.151549 -10.625000


11.490239 1.555840 -14.375000 
13.664068 1.242188 -11.243750 
15.216803 1.866387 -15.000000 
11.490239 1.555840 -14.375000


14.592604 12.421880 -9.375000 
11.487134 13.353521 -15.000000 
14.903151 10.869145 -15.000000 
14.592604 12.421880 -9.375000


23.912119 1.552735 -12.506250 
24.843760 -2.484376 -12.506250 
22.980478 -2.170724 -16.250000 
23.912119 1.552735 -12.506250


22.359384 -0.310547 -12.506250 
23.912119 1.552735 -12.506250 
22.980478 -2.170724 -16.250000 
22.359384 -0.310547 -12.506250


24.843760 6.521487 -15.618750 
23.291025 7.142581 -12.493750 
22.359384 7.450023 -13.750000 
24.843760 6.521487 -15.618750


26.396495 7.760570 -13.750000 
23.291025 7.142581 -12.493750 
24.843760 6.521487 -15.618750 
26.396495 7.760570 -13.750000


27.017589 -3.729669 -13.125000 
26.396495 -3.726564 -16.881250 
28.570324 -3.108575 -18.750000 
27.017589 -3.729669 -13.125000


30.123059 0.000000 -11.868750 
29.812512 -2.176934 -13.750000 
31.675794 -1.555840 -15.000000 
30.123059 0.000000 -11.868750


34.781264 0.310547 -14.368750 
32.296888 0.931641 -11.868750 
33.849623 -0.931641 -15.618750 
34.781264 0.310547 -14.368750


35.716010 10.558598 -11.875000 
37.579292 8.384769 -11.875000 
36.647651 8.384769 -15.625000 
35.716010 10.558598 -11.875000


38.510933 6.832034 -15.000000 
40.060563 4.037111 -11.868750 
38.510933 5.900393 -17.500000 
38.510933 6.832034 -15.000000


40.060563 4.037111 -11.868750 
40.681657 2.794923 -14.368750 
40.063668 3.726564 -17.500000 
40.060563 4.037111 -11.868750


9.626957 -1.866387 -11.250000 
8.074222 0.931641 -15.631250 
11.179692 -1.863282 -14.381250 
9.626957 -1.866387 -11.250000


12.732427 13.039869 -10.625000 
11.176587 13.974615 -13.750000 
11.487134 13.353521 -15.000000 
12.732427 13.039869 -10.625000


15.837897 10.558598 -12.493750 
14.592604 12.421880 -9.375000 
14.903151 10.869145 -15.000000 
15.837897 10.558598 -12.493750


17.701179 -3.416017 -12.493750 
14.285162 -3.108575 -16.250000 
16.458991 -3.105470 -16.256250 
17.701179 -3.416017 -12.493750


15.216803 1.866387 -15.000000 
16.769538 -0.621094 -11.243750 
16.458991 1.242188 -16.256250 
15.216803 1.866387 -15.000000


16.769538 -0.621094 -11.243750 
16.458991 0.934746 -13.750000 
16.458991 1.242188 -16.256250 
16.769538 -0.621094 -11.243750


16.458991 0.934746 -13.750000 
16.769538 -0.621094 -11.243750 
18.635925 -0.310547 -13.125000 
16.458991 0.934746 -13.750000


21.427743 17.704284 -12.500000 
23.601572 16.772643 -12.500000 
23.601572 17.393737 -16.250000 
21.427743 17.704284 -12.500000


24.843760 3.416017 -11.868750 
25.151202 4.347658 -13.125000 
24.840655 0.000000 -14.375000 
24.843760 3.416017 -11.868750


23.912119 1.552735 -12.506250 
24.840655 0.000000 -14.375000 
25.775401 -2.484376 -16.256250 
23.912119 1.552735 -12.506250


36.647651 8.384769 -15.625000 
37.579292 8.384769 -11.875000 
38.510933 6.832034 -15.000000 
36.647651 8.384769 -15.625000


40.060563 4.037111 -11.868750 
37.576187 2.794923 -12.493750 
40.681657 2.794923 -14.368750 
40.060563 4.037111 -11.868750


4.658205 0.931641 -11.256250 
6.210940 1.552735 -12.506250 
8.074222 0.931641 -15.631250 
4.658205 0.931641 -11.256250


12.421880 16.462096 -15.000000 
15.837897 18.014831 -10.000000 
14.285162 17.704284 -16.250000 
12.421880 16.462096 -15.000000


14.906256 16.772643 -8.125000 
15.837897 18.014831 -10.000000 
12.421880 16.462096 -15.000000 
14.906256 16.772643 -8.125000


13.664068 1.242188 -11.243750 
16.769538 -0.621094 -11.243750 
15.216803 1.866387 -15.000000 
13.664068 1.242188 -11.243750


22.669931 -1.863282 -11.243750 
17.701179 -3.416017 -12.493750 
21.117196 -4.347658 -13.743750 
22.669931 -1.863282 -11.243750


20.806649 -0.621094 -11.243750 
22.359384 -0.310547 -12.506250 
18.635925 -0.310547 -13.125000 
20.806649 -0.621094 -11.243750


23.291025 7.142581 -12.493750 
18.943367 8.692211 -13.125000 
22.359384 7.450023 -13.750000 
23.291025 7.142581 -12.493750


24.843760 -4.347658 -13.743750 
22.669931 -1.863282 -11.243750 
21.117196 -4.347658 -13.743750 
24.843760 -4.347658 -13.743750


27.017589 -3.729669 -13.125000 
22.669931 -1.863282 -11.243750 
24.843760 -4.347658 -13.743750 
27.017589 -3.729669 -13.125000


24.843760 3.416017 -11.868750 
24.840655 0.000000 -14.375000 
23.912119 1.552735 -12.506250 
24.843760 3.416017 -11.868750


26.707042 -2.794923 -11.243750 
22.669931 -1.863282 -11.243750 
27.017589 -3.729669 -13.125000 
26.707042 -2.794923 -11.243750


23.912119 1.552735 -12.506250 
25.775401 -2.484376 -16.256250 
24.843760 -2.484376 -12.506250 
23.912119 1.552735 -12.506250


23.601572 17.393737 -16.250000 
25.464854 17.393737 -10.625000 
27.949230 16.772643 -13.750000 
23.601572 17.393737 -16.250000


24.843760 3.416017 -11.868750 
26.396495 7.760570 -13.750000 
25.151202 4.347658 -13.125000 
24.843760 3.416017 -11.868750


26.396495 7.453128 -10.631250 
26.396495 7.760570 -13.750000 
24.843760 3.416017 -11.868750 
26.396495 7.453128 -10.631250


27.017589 16.148444 -11.243750 
27.949230 16.148444 -10.618750 
27.949230 16.772643 -13.750000 
27.017589 16.148444 -11.243750


27.949230 16.772643 -13.750000 
27.949230 16.148444 -10.618750 
30.433606 15.530455 -15.000000 
27.949230 16.772643 -13.750000


29.812512 13.977720 -12.500000 
31.989446 13.353521 -13.125000 
29.812512 15.216803 -11.868750 
29.812512 13.977720 -12.500000


29.812512 15.216803 -11.868750 
31.989446 13.353521 -13.125000 
30.433606 15.530455 -15.000000 
29.812512 15.216803 -11.868750


31.989446 13.353521 -13.125000 
34.160170 11.803891 -10.000000 
33.852728 11.179692 -13.750000 
31.989446 13.353521 -13.125000


35.091811 4.034006 -9.375000 
34.781264 0.310547 -14.368750 
35.091811 1.552735 -13.118750 
35.091811 4.034006 -9.375000


34.160170 11.803891 -10.000000 
35.716010 10.558598 -11.875000 
33.852728 11.179692 -13.750000 
34.160170 11.803891 -10.000000


37.576187 2.794923 -12.493750 
35.091811 4.034006 -9.375000 
35.091811 1.552735 -13.118750 
37.576187 2.794923 -12.493750


5.900393 1.863282 -11.243750 
6.210940 1.552735 -12.506250 
4.658205 0.931641 -11.256250 
5.900393 1.863282 -11.243750


4.658205 0.931641 -11.256250 
8.074222 0.931641 -15.631250 
9.626957 -1.866387 -11.250000 
4.658205 0.931641 -11.256250


11.490239 1.555840 -14.375000 
6.210940 1.552735 -12.506250 
13.664068 1.242188 -11.243750 
11.490239 1.555840 -14.375000


14.906256 16.772643 -8.125000 
12.421880 16.462096 -15.000000 
12.421880 16.151549 -10.625000 
14.906256 16.772643 -8.125000


12.732427 -2.798028 -11.875000 
14.285162 -3.108575 -16.250000 
17.701179 -3.416017 -12.493750 
12.732427 -2.798028 -11.875000


17.387527 9.316410 -10.000000 
15.837897 10.558598 -12.493750 
18.943367 8.692211 -13.125000 
17.387527 9.316410 -10.000000


22.669931 -1.863282 -11.243750 
18.322273 -2.484376 -11.243750 
17.701179 -3.416017 -12.493750 
22.669931 -1.863282 -11.243750


21.427743 17.704284 -12.500000 
22.048837 18.014831 -10.625000 
23.601572 16.772643 -12.500000 
21.427743 17.704284 -12.500000


22.359384 -0.310547 -12.506250 
23.291025 0.000000 -10.618750 
23.912119 1.552735 -12.506250 
22.359384 -0.310547 -12.506250


23.601572 16.772643 -12.500000 
25.464854 17.393737 -10.625000 
23.601572 17.393737 -16.250000 
23.601572 16.772643 -12.500000


25.464854 17.393737 -10.625000 
27.017589 16.148444 -11.243750 
27.949230 16.772643 -13.750000 
25.464854 17.393737 -10.625000


29.812512 -2.176934 -13.750000 
26.707042 -2.794923 -11.243750 
27.017589 -3.729669 -13.125000 
29.812512 -2.176934 -13.750000


29.812512 15.216803 -11.868750 
27.949230 16.148444 -10.618750 
29.812512 13.977720 -12.500000 
29.812512 15.216803 -11.868750


28.880871 0.000000 -9.993750 
27.638683 -1.242188 -9.993750 
29.812512 -2.176934 -13.750000 
28.880871 0.000000 -9.993750


27.949230 16.148444 -10.618750 
29.812512 15.216803 -11.868750 
30.433606 15.530455 -15.000000 
27.949230 16.148444 -10.618750


30.123059 0.000000 -11.868750 
28.880871 0.000000 -9.993750 
29.812512 -2.176934 -13.750000 
30.123059 0.000000 -11.868750


32.296888 0.931641 -11.868750 
30.123059 0.000000 -11.868750 
31.675794 -1.555840 -15.000000 
32.296888 0.931641 -11.868750


9.626957 -1.866387 -11.250000 
11.179692 -1.863282 -14.381250 
12.732427 -2.798028 -11.875000 
9.626957 -1.866387 -11.250000


5.900393 1.863282 -11.243750 
13.664068 1.242188 -11.243750 
6.210940 1.552735 -12.506250 
5.900393 1.863282 -11.243750


14.592604 12.421880 -9.375000 
12.732427 13.039869 -10.625000 
11.487134 13.353521 -15.000000 
14.592604 12.421880 -9.375000


18.322273 -2.484376 -11.243750 
12.732427 -2.798028 -11.875000 
17.701179 -3.416017 -12.493750 
18.322273 -2.484376 -11.243750


16.769538 -0.621094 -11.243750 
18.322273 -2.484376 -11.243750 
18.635925 -0.310547 -13.125000 
16.769538 -0.621094 -11.243750


18.322273 -2.484376 -11.243750 
20.806649 -0.621094 -11.243750 
18.635925 -0.310547 -13.125000 
18.322273 -2.484376 -11.243750


20.806649 6.828929 -8.750000 
18.943367 8.692211 -13.125000 
23.291025 7.142581 -12.493750 
20.806649 6.828929 -8.750000


23.291025 0.000000 -10.618750 
22.359384 -0.310547 -12.506250 
20.806649 -0.621094 -11.243750 
23.291025 0.000000 -10.618750


24.843760 3.416017 -11.868750 
23.912119 1.552735 -12.506250 
23.291025 0.000000 -10.618750 
24.843760 3.416017 -11.868750


23.601572 16.772643 -12.500000 
22.048837 18.014831 -10.625000 
25.464854 17.393737 -10.625000 
23.601572 16.772643 -12.500000


26.396495 7.453128 -10.631250 
23.291025 7.142581 -12.493750 
26.396495 7.760570 -13.750000 
26.396495 7.453128 -10.631250


26.396495 7.453128 -10.631250 
24.843760 3.416017 -11.868750 
24.843760 5.592951 -10.625000 
26.396495 7.453128 -10.631250


29.812512 13.977720 -12.500000 
30.744153 13.977720 -8.125000 
31.989446 13.353521 -13.125000 
29.812512 13.977720 -12.500000


31.054700 1.549630 -10.000000 
32.296888 0.931641 -11.868750 
34.781264 0.310547 -14.368750 
31.054700 1.549630 -10.000000


37.579292 8.384769 -11.875000 
37.886734 5.900393 -8.118750 
38.510933 6.832034 -15.000000 
37.579292 8.384769 -11.875000


5.900393 1.863282 -11.243750 
4.658205 0.931641 -11.256250 
9.626957 -1.866387 -11.250000 
5.900393 1.863282 -11.243750


13.664068 1.242188 -11.243750 
5.900393 1.863282 -11.243750 
9.626957 -1.866387 -11.250000 
13.664068 1.242188 -11.243750


16.769538 -0.621094 -11.243750 
9.626957 -1.866387 -11.250000 
18.322273 -2.484376 -11.243750 
16.769538 -0.621094 -11.243750


12.732427 -2.798028 -11.875000 
18.322273 -2.484376 -11.243750 
9.626957 -1.866387 -11.250000 
12.732427 -2.798028 -11.875000


13.664068 1.242188 -11.243750 
9.626957 -1.866387 -11.250000 
16.769538 -0.621094 -11.243750 
13.664068 1.242188 -11.243750


16.766433 10.248051 -8.750000 
15.837897 10.558598 -12.493750 
17.387527 9.316410 -10.000000 
16.766433 10.248051 -8.750000


16.458991 18.014831 -15.000000 
17.701179 18.014831 -8.750000 
18.943367 18.325378 -14.375000 
16.458991 18.014831 -15.000000


17.701179 18.014831 -8.750000 
21.117196 17.701179 -7.493750 
18.943367 18.325378 -14.375000 
17.701179 18.014831 -8.750000


17.387527 9.316410 -10.000000 
18.943367 8.692211 -13.125000 
20.806649 6.828929 -8.750000 
17.387527 9.316410 -10.000000


18.943367 18.325378 -14.375000 
22.048837 18.014831 -10.625000 
21.427743 17.704284 -12.500000 
18.943367 18.325378 -14.375000


22.669931 -1.863282 -11.243750 
23.291025 0.000000 -10.618750 
18.322273 -2.484376 -11.243750 
22.669931 -1.863282 -11.243750


23.291025 0.000000 -10.618750 
20.806649 -0.621094 -11.243750 
18.322273 -2.484376 -11.243750 
23.291025 0.000000 -10.618750


24.843760 0.931641 -9.993750 
24.843760 3.416017 -11.868750 
23.291025 0.000000 -10.618750 
24.843760 0.931641 -9.993750


25.154307 2.173829 -9.368750 
24.843760 3.416017 -11.868750 
24.843760 0.931641 -9.993750 
25.154307 2.173829 -9.368750


26.707042 -2.794923 -11.243750 
23.291025 0.000000 -10.618750 
22.669931 -1.863282 -11.243750 
26.707042 -2.794923 -11.243750


26.396495 7.453128 -10.631250 
24.843760 5.592951 -10.625000 
23.291025 7.142581 -12.493750 
26.396495 7.453128 -10.631250


27.638683 -1.242188 -9.993750 
26.707042 -2.794923 -11.243750 
29.812512 -2.176934 -13.750000 
27.638683 -1.242188 -9.993750


27.949230 16.148444 -10.618750 
28.570324 15.530455 -8.750000 
29.812512 13.977720 -12.500000 
27.949230 16.148444 -10.618750


31.054700 1.549630 -10.000000 
30.123059 0.000000 -11.868750 
32.296888 0.931641 -11.868750 
31.054700 1.549630 -10.000000


35.091811 4.034006 -9.375000 
31.054700 1.549630 -10.000000 
34.781264 0.310547 -14.368750 
35.091811 4.034006 -9.375000


37.886734 5.900393 -8.118750 
35.091811 4.034006 -9.375000 
37.576187 2.794923 -12.493750 
37.886734 5.900393 -8.118750


37.886734 5.900393 -8.118750 
40.060563 4.037111 -11.868750 
38.510933 6.832034 -15.000000 
37.886734 5.900393 -8.118750


15.837897 18.014831 -10.000000 
17.701179 18.014831 -8.750000 
16.458991 18.014831 -15.000000 
15.837897 18.014831 -10.000000


18.943367 18.325378 -14.375000 
21.117196 17.701179 -7.493750 
22.048837 18.014831 -10.625000 
18.943367 18.325378 -14.375000


20.806649 6.828929 -8.750000 
23.291025 7.142581 -12.493750 
22.980478 7.139476 -9.375000 
20.806649 6.828929 -8.750000


25.154307 4.658205 -8.118750 
24.843760 5.592951 -10.625000 
24.843760 3.416017 -11.868750 
25.154307 4.658205 -8.118750


22.980478 7.139476 -9.375000 
23.291025 7.142581 -12.493750 
24.843760 5.592951 -10.625000 
22.980478 7.139476 -9.375000


26.707042 -2.794923 -11.243750 
24.843760 0.931641 -9.993750 
23.291025 0.000000 -10.618750 
26.707042 -2.794923 -11.243750


25.154307 4.658205 -8.118750 
24.843760 3.416017 -11.868750 
25.154307 2.173829 -9.368750 
25.154307 4.658205 -8.118750


25.154307 15.841002 -8.125000 
27.949230 16.148444 -10.618750 
27.017589 16.148444 -11.243750 
25.154307 15.841002 -8.125000


25.464854 17.393737 -10.625000 
25.154307 15.841002 -8.125000 
27.017589 16.148444 -11.243750 
25.464854 17.393737 -10.625000


27.638683 -1.242188 -9.993750 
24.843760 0.931641 -9.993750 
26.707042 -2.794923 -11.243750 
27.638683 -1.242188 -9.993750


28.570324 15.530455 -8.750000 
30.744153 13.977720 -8.125000 
29.812512 13.977720 -12.500000 
28.570324 15.530455 -8.750000


31.054700 1.549630 -10.000000 
28.880871 0.000000 -9.993750 
30.123059 0.000000 -11.868750 
31.054700 1.549630 -10.000000


31.989446 13.353521 -13.125000 
30.744153 13.977720 -8.125000 
34.160170 11.803891 -10.000000 
31.989446 13.353521 -13.125000


40.060563 4.037111 -11.868750 
37.886734 5.900393 -8.118750 
37.576187 2.794923 -12.493750 
40.060563 4.037111 -11.868750


11.176587 13.974615 -6.250000 
12.421880 16.151549 -10.625000 
11.176587 13.974615 -13.750000 
11.176587 13.974615 -6.250000


11.176587 13.974615 -6.250000 
11.176587 13.974615 -13.750000 
12.732427 13.039869 -10.625000 
11.176587 13.974615 -6.250000


14.592604 12.421880 -9.375000 
15.837897 10.558598 -12.493750 
16.766433 10.248051 -8.750000 
14.592604 12.421880 -9.375000


18.319168 7.142581 -8.125000 
17.387527 9.316410 -10.000000 
20.806649 6.828929 -8.750000 
18.319168 7.142581 -8.125000


23.912119 17.393737 -8.750000 
25.464854 17.393737 -10.625000 
22.048837 18.014831 -10.625000 
23.912119 17.393737 -8.750000


25.154307 4.658205 -8.118750 
22.980478 7.139476 -9.375000 
24.843760 5.592951 -10.625000 
25.154307 4.658205 -8.118750


27.017589 1.863282 -9.368750 
27.638683 -1.242188 -9.993750 
28.880871 0.000000 -9.993750 
27.017589 1.863282 -9.368750


31.054700 1.549630 -10.000000 
27.017589 1.863282 -9.368750 
28.880871 0.000000 -9.993750 
31.054700 1.549630 -10.000000


34.160170 11.803891 -10.000000 
35.091811 9.626957 -6.868750 
35.716010 10.558598 -11.875000 
34.160170 11.803891 -10.000000


35.716010 10.558598 -11.875000 
36.333999 8.384769 -7.493750 
37.579292 8.384769 -11.875000 
35.716010 10.558598 -11.875000


22.048837 18.014831 -10.625000 
21.117196 17.701179 -7.493750 
23.912119 17.393737 -8.750000 
22.048837 18.014831 -10.625000


23.912119 17.393737 -8.750000 
25.154307 15.841002 -8.125000 
25.464854 17.393737 -10.625000 
23.912119 17.393737 -8.750000


25.154307 2.173829 -9.368750 
24.843760 0.931641 -9.993750 
27.638683 -1.242188 -9.993750 
25.154307 2.173829 -9.368750


27.017589 1.863282 -9.368750 
25.154307 2.173829 -9.368750 
27.638683 -1.242188 -9.993750 
27.017589 1.863282 -9.368750


32.296888 4.965647 -8.750000 
29.812512 3.416017 -8.743750 
27.017589 1.863282 -9.368750 
32.296888 4.965647 -8.750000


32.296888 4.965647 -8.750000 
27.017589 1.863282 -9.368750 
31.054700 1.549630 -10.000000 
32.296888 4.965647 -8.750000


35.091811 4.034006 -9.375000 
32.296888 4.965647 -8.750000 
31.054700 1.549630 -10.000000 
35.091811 4.034006 -9.375000


35.091811 9.626957 -6.868750 
36.333999 8.384769 -7.493750 
35.716010 10.558598 -11.875000 
35.091811 9.626957 -6.868750


14.906256 16.772643 -8.125000 
17.701179 18.014831 -8.750000 
15.837897 18.014831 -10.000000 
14.906256 16.772643 -8.125000


18.943367 17.390632 -6.868750 
21.117196 17.701179 -7.493750 
17.701179 18.014831 -8.750000 
18.943367 17.390632 -6.868750


25.154307 2.173829 -9.368750 
27.017589 1.863282 -9.368750 
29.812512 3.416017 -8.743750 
25.154307 2.173829 -9.368750


25.154307 15.841002 -8.125000 
28.570324 15.530455 -8.750000 
27.949230 16.148444 -10.618750 
25.154307 15.841002 -8.125000


26.707042 4.347658 -7.493750 
25.154307 2.173829 -9.368750 
29.812512 3.416017 -8.743750 
26.707042 4.347658 -7.493750


32.296888 4.965647 -8.750000 
26.707042 4.347658 -7.493750 
29.812512 3.416017 -8.743750 
32.296888 4.965647 -8.750000


32.296888 4.965647 -8.750000 
29.191418 5.900393 -7.493750 
26.707042 4.347658 -7.493750 
32.296888 4.965647 -8.750000


33.228529 6.521487 -8.118750 
29.191418 5.900393 -7.493750 
32.296888 4.965647 -8.750000 
33.228529 6.521487 -8.118750


31.365247 13.356626 -5.625000 
34.160170 11.803891 -10.000000 
30.744153 13.977720 -8.125000 
31.365247 13.356626 -5.625000


35.712905 6.832034 -8.118750 
33.228529 6.521487 -8.118750 
32.296888 4.965647 -8.750000 
35.712905 6.832034 -8.118750


35.091811 4.034006 -9.375000 
35.712905 6.832034 -8.118750 
32.296888 4.965647 -8.750000 
35.091811 4.034006 -9.375000


35.712905 6.832034 -8.118750 
35.091811 4.034006 -9.375000 
37.886734 5.900393 -8.118750 
35.712905 6.832034 -8.118750


36.333999 8.384769 -7.493750 
37.886734 5.900393 -8.118750 
37.579292 8.384769 -11.875000 
36.333999 8.384769 -7.493750


12.421880 15.219908 -7.500000 
12.421880 16.151549 -10.625000 
11.176587 13.974615 -6.250000 
12.421880 15.219908 -7.500000


11.176587 13.974615 -6.250000 
12.732427 13.039869 -10.625000 
13.353521 12.418775 -6.250000 
11.176587 13.974615 -6.250000


14.906256 16.772643 -8.125000 
12.421880 16.151549 -10.625000 
12.421880 15.219908 -7.500000 
14.906256 16.772643 -8.125000


18.322273 5.586741 -5.625000 
18.319168 7.142581 -8.125000 
20.806649 6.828929 -8.750000 
18.322273 5.586741 -5.625000


22.048837 6.210940 -5.618750 
20.806649 6.828929 -8.750000 
22.980478 7.139476 -9.375000 
22.048837 6.210940 -5.618750


23.912119 17.393737 -8.750000 
23.601572 15.841002 -6.250000 
25.154307 15.841002 -8.125000 
23.912119 17.393737 -8.750000


25.154307 6.828929 -6.250000 
22.980478 7.139476 -9.375000 
25.154307 4.658205 -8.118750 
25.154307 6.828929 -6.250000


25.154307 4.658205 -8.118750 
25.154307 2.173829 -9.368750 
26.707042 4.347658 -7.493750 
25.154307 4.658205 -8.118750


36.333999 8.384769 -7.493750 
33.228529 6.521487 -8.118750 
35.712905 6.832034 -8.118750 
36.333999 8.384769 -7.493750


36.333999 8.384769 -7.493750 
35.712905 6.832034 -8.118750 
37.886734 5.900393 -8.118750 
36.333999 8.384769 -7.493750


13.353521 12.418775 -6.250000 
12.732427 13.039869 -10.625000 
14.592604 12.421880 -9.375000 
13.353521 12.418775 -6.250000


14.906256 16.772643 -2.500000 
17.701179 18.014831 -8.750000 
14.906256 16.772643 -8.125000 
14.906256 16.772643 -2.500000


21.117196 17.701179 -7.493750 
21.738290 16.151549 -6.250000 
23.912119 17.393737 -8.750000 
21.117196 17.701179 -7.493750


29.191418 5.900393 -7.493750 
25.154307 6.828929 -6.250000 
25.154307 4.658205 -8.118750 
29.191418 5.900393 -7.493750


26.707042 4.347658 -7.493750 
29.191418 5.900393 -7.493750 
25.154307 4.658205 -8.118750 
26.707042 4.347658 -7.493750


23.601572 15.841002 -6.250000 
27.949230 15.219908 -2.500000 
25.154307 15.841002 -8.125000 
23.601572 15.841002 -6.250000


28.570324 15.530455 -8.750000 
31.365247 13.356626 -5.625000 
30.744153 13.977720 -8.125000 
28.570324 15.530455 -8.750000


28.259777 14.909361 -5.000000 
31.365247 13.356626 -5.625000 
28.570324 15.530455 -8.750000 
28.259777 14.909361 -5.000000


31.675794 9.005863 -6.868750 
29.191418 5.900393 -7.493750 
33.228529 6.521487 -8.118750 
31.675794 9.005863 -6.868750


31.675794 9.005863 -6.868750 
30.123059 7.453128 -6.868750 
29.191418 5.900393 -7.493750 
31.675794 9.005863 -6.868750


31.365247 13.356626 -5.625000 
32.607435 12.111333 -4.993750 
34.160170 11.803891 -10.000000 
31.365247 13.356626 -5.625000


36.333999 8.384769 -7.493750 
31.675794 9.005863 -6.868750 
33.228529 6.521487 -8.118750 
36.333999 8.384769 -7.493750


14.906256 16.772643 -2.500000 
14.906256 16.772643 -8.125000 
12.421880 15.219908 -7.500000 
14.906256 16.772643 -2.500000


17.076980 7.142581 -5.000000 
17.387527 9.316410 -10.000000 
18.319168 7.142581 -8.125000 
17.076980 7.142581 -5.000000


18.322273 5.586741 -5.625000 
20.806649 6.828929 -8.750000 
22.048837 6.210940 -5.618750 
18.322273 5.586741 -5.625000


18.943367 17.390632 -6.868750 
21.738290 16.151549 -6.250000 
21.117196 17.701179 -7.493750 
18.943367 17.390632 -6.868750


21.738290 16.151549 -6.250000 
23.601572 15.841002 -6.250000 
23.912119 17.393737 -8.750000 
21.738290 16.151549 -6.250000


25.154307 6.828929 -6.250000 
22.048837 6.210940 -5.618750 
22.980478 7.139476 -9.375000 
25.154307 6.828929 -6.250000


27.328136 8.695316 -6.243750 
25.154307 6.828929 -6.250000 
29.191418 5.900393 -7.493750 
27.328136 8.695316 -6.243750


30.123059 7.453128 -6.868750 
27.328136 8.695316 -6.243750 
29.191418 5.900393 -7.493750 
30.123059 7.453128 -6.868750


29.501965 9.316410 -5.618750 
27.328136 8.695316 -6.243750 
30.123059 7.453128 -6.868750 
29.501965 9.316410 -5.618750


31.675794 9.005863 -6.868750 
29.501965 9.316410 -5.618750 
30.123059 7.453128 -6.868750 
31.675794 9.005863 -6.868750


36.333999 8.384769 -7.493750 
35.091811 9.626957 -6.868750 
31.675794 9.005863 -6.868750 
36.333999 8.384769 -7.493750


33.849623 10.558598 -6.243750 
35.091811 9.626957 -6.868750 
34.160170 11.803891 -10.000000 
33.849623 10.558598 -6.243750


16.458991 9.937504 -3.118750 
13.353521 12.418775 -6.250000 
14.592604 12.421880 -9.375000 
16.458991 9.937504 -3.118750


16.458991 9.937504 -3.118750 
14.592604 12.421880 -9.375000 
16.766433 10.248051 -8.750000 
16.458991 9.937504 -3.118750


16.458991 8.695316 -3.743750 
17.387527 9.316410 -10.000000 
17.076980 7.142581 -5.000000 
16.458991 8.695316 -3.743750


17.076980 7.142581 -5.000000 
18.319168 7.142581 -8.125000 
18.322273 5.586741 -5.625000 
17.076980 7.142581 -5.000000


23.912119 15.219908 -3.750000 
27.949230 15.219908 -2.500000 
23.601572 15.841002 -6.250000 
23.912119 15.219908 -3.750000


27.328136 8.695316 -6.243750 
26.085948 9.005863 -4.993750 
25.154307 6.828929 -6.250000 
27.328136 8.695316 -6.243750


25.154307 15.841002 -8.125000 
28.259777 14.909361 -5.000000 
28.570324 15.530455 -8.750000 
25.154307 15.841002 -8.125000


32.607435 12.111333 -4.993750 
29.501965 9.316410 -5.618750 
33.849623 10.558598 -6.243750 
32.607435 12.111333 -4.993750


31.675794 9.005863 -6.868750 
33.849623 10.558598 -6.243750 
29.501965 9.316410 -5.618750 
31.675794 9.005863 -6.868750


35.091811 9.626957 -6.868750 
33.849623 10.558598 -6.243750 
31.675794 9.005863 -6.868750 
35.091811 9.626957 -6.868750


32.607435 12.111333 -4.993750 
33.849623 10.558598 -6.243750 
34.160170 11.803891 -10.000000 
32.607435 12.111333 -4.993750


12.421880 15.219908 -0.625000 
11.176587 13.974615 -6.250000 
13.353521 12.418775 -6.250000 
12.421880 15.219908 -0.625000


12.421880 15.219908 -0.625000 
12.421880 15.219908 -7.500000 
11.176587 13.974615 -6.250000 
12.421880 15.219908 -0.625000


14.906256 16.772643 -2.500000 
18.943367 17.390632 -6.868750 
17.701179 18.014831 -8.750000 
14.906256 16.772643 -2.500000


22.048837 6.210940 -5.618750 
18.943367 8.074222 -4.368750 
18.322273 5.586741 -5.625000 
22.048837 6.210940 -5.618750


18.943367 17.390632 -6.868750 
19.875008 16.772643 -3.125000 
21.738290 16.151549 -6.250000 
18.943367 17.390632 -6.868750


25.154307 6.828929 -6.250000 
23.601572 8.384769 -4.368750 
22.048837 6.210940 -5.618750 
25.154307 6.828929 -6.250000


26.085948 9.005863 -4.993750 
23.601572 8.384769 -4.368750 
25.154307 6.828929 -6.250000 
26.085948 9.005863 -4.993750


27.638683 10.869145 -4.993750 
26.085948 9.005863 -4.993750 
27.328136 8.695316 -6.243750 
27.638683 10.869145 -4.993750


27.949230 15.219908 -2.500000 
28.259777 14.909361 -5.000000 
25.154307 15.841002 -8.125000 
27.949230 15.219908 -2.500000


27.328136 8.695316 -6.243750 
29.501965 9.316410 -5.618750 
27.638683 10.869145 -4.993750 
27.328136 8.695316 -6.243750


32.607435 12.111333 -4.993750 
27.638683 10.869145 -4.993750 
29.501965 9.316410 -5.618750 
32.607435 12.111333 -4.993750


28.259777 14.909361 -5.000000 
30.123059 13.974615 -3.118750 
31.365247 13.356626 -5.625000 
28.259777 14.909361 -5.000000


13.974615 12.111333 -1.868750 
13.353521 12.418775 -6.250000 
16.458991 9.937504 -3.118750 
13.974615 12.111333 -1.868750


16.458991 9.937504 -3.118750 
16.766433 10.248051 -8.750000 
16.458991 8.695316 -3.743750 
16.458991 9.937504 -3.118750


16.458991 8.695316 -3.743750 
16.766433 10.248051 -8.750000 
17.387527 9.316410 -10.000000 
16.458991 8.695316 -3.743750


14.906256 16.772643 -2.500000 
17.701179 16.772643 -2.500000 
18.943367 17.390632 -6.868750 
14.906256 16.772643 -2.500000


17.701179 16.772643 -2.500000 
19.875008 16.772643 -3.125000 
18.943367 17.390632 -6.868750 
17.701179 16.772643 -2.500000


18.943367 8.074222 -4.368750 
17.076980 7.142581 -5.000000 
18.322273 5.586741 -5.625000 
18.943367 8.074222 -4.368750


22.048837 6.210940 -5.618750 
23.601572 8.384769 -4.368750 
18.943367 8.074222 -4.368750 
22.048837 6.210940 -5.618750


26.085948 9.005863 -4.993750 
25.154307 10.248051 -3.743750 
23.601572 8.384769 -4.368750 
26.085948 9.005863 -4.993750


26.089053 15.837897 -1.875000 
27.949230 15.219908 -2.500000 
23.912119 15.219908 -3.750000 
26.089053 15.837897 -1.875000


27.638683 10.869145 -4.993750 
25.154307 10.248051 -3.743750 
26.085948 9.005863 -4.993750 
27.638683 10.869145 -4.993750


27.328136 11.800786 -3.743750 
25.154307 10.248051 -3.743750 
27.638683 10.869145 -4.993750 
27.328136 11.800786 -3.743750


31.675794 12.732427 -4.368750 
27.638683 10.869145 -4.993750 
32.607435 12.111333 -4.993750 
31.675794 12.732427 -4.368750


31.675794 12.732427 -4.368750 
32.607435 12.111333 -4.993750 
31.365247 13.356626 -5.625000 
31.675794 12.732427 -4.368750


18.943367 8.074222 -4.368750 
16.458991 8.695316 -3.743750 
17.076980 7.142581 -5.000000 
18.943367 8.074222 -4.368750


23.601572 8.384769 -4.368750 
21.427743 9.937504 -3.743750 
18.943367 8.074222 -4.368750 
23.601572 8.384769 -4.368750


19.875008 16.772643 -3.125000 
22.359384 15.837897 -0.618750 
21.738290 16.151549 -6.250000 
19.875008 16.772643 -3.125000


22.359384 15.837897 -0.618750 
23.601572 15.841002 -6.250000 
21.738290 16.151549 -6.250000 
22.359384 15.837897 -0.618750


25.154307 10.248051 -3.743750 
21.427743 9.937504 -3.743750 
23.601572 8.384769 -4.368750 
25.154307 10.248051 -3.743750


30.123059 13.974615 -3.118750 
27.328136 11.800786 -3.743750 
27.638683 10.869145 -4.993750 
30.123059 13.974615 -3.118750


31.675794 12.732427 -4.368750 
30.123059 13.974615 -3.118750 
27.638683 10.869145 -4.993750 
31.675794 12.732427 -4.368750


30.123059 13.974615 -3.118750 
31.675794 12.732427 -4.368750 
31.365247 13.356626 -5.625000 
30.123059 13.974615 -3.118750


12.421880 15.219908 -0.625000 
14.906256 16.772643 -2.500000 
12.421880 15.219908 -7.500000 
12.421880 15.219908 -0.625000


16.458991 8.695316 -3.743750 
18.943367 8.074222 -4.368750 
21.427743 9.937504 -3.743750 
16.458991 8.695316 -3.743750


27.328136 11.800786 -3.743750 
21.427743 9.937504 -3.743750 
25.154307 10.248051 -3.743750 
27.328136 11.800786 -3.743750


27.328136 11.800786 -3.743750 
22.980478 12.421880 -2.493750 
21.427743 9.937504 -3.743750 
27.328136 11.800786 -3.743750


22.359384 15.837897 -0.618750 
23.912119 15.219908 -3.750000 
23.601572 15.841002 -6.250000 
22.359384 15.837897 -0.618750


30.123059 13.974615 -3.118750 
26.085948 13.353521 -3.118750 
27.328136 11.800786 -3.743750 
30.123059 13.974615 -3.118750


27.949230 15.219908 -2.500000 
30.123059 13.974615 -3.118750 
28.259777 14.909361 -5.000000 
27.949230 15.219908 -2.500000


10.866040 13.042974 -1.250000 
12.421880 15.219908 -0.625000 
13.353521 12.418775 -6.250000 
10.866040 13.042974 -1.250000


10.866040 13.042974 -1.250000 
13.353521 12.418775 -6.250000 
13.974615 12.111333 -1.868750 
10.866040 13.042974 -1.250000


21.427743 9.937504 -3.743750 
16.458991 9.937504 -3.118750 
16.458991 8.695316 -3.743750 
21.427743 9.937504 -3.743750


21.427743 9.937504 -3.743750 
18.011726 10.869145 -3.118750 
16.458991 9.937504 -3.118750 
21.427743 9.937504 -3.743750


20.496102 16.772643 0.000000 
22.359384 15.837897 -0.618750 
19.875008 16.772643 -3.125000 
20.496102 16.772643 0.000000


22.980478 12.421880 -2.493750 
18.011726 10.869145 -3.118750 
21.427743 9.937504 -3.743750 
22.980478 12.421880 -2.493750


26.085948 13.353521 -3.118750 
22.980478 12.421880 -2.493750 
27.328136 11.800786 -3.743750 
26.085948 13.353521 -3.118750


26.089053 15.837897 -1.875000 
23.912119 15.219908 -3.750000 
24.222666 16.462096 -1.250000 
26.089053 15.837897 -1.875000


30.123059 13.974615 -3.118750 
27.949230 15.219908 -2.500000 
26.085948 13.353521 -3.118750 
30.123059 13.974615 -3.118750


14.906256 16.772643 -2.500000 
15.837897 16.462096 0.000000 
17.701179 16.772643 -2.500000 
14.906256 16.772643 -2.500000


18.011726 10.869145 -3.118750 
18.011726 11.800786 -1.868750 
16.458991 9.937504 -3.118750 
18.011726 10.869145 -3.118750


20.496102 13.660963 -1.875000 
18.011726 11.800786 -1.868750 
18.011726 10.869145 -3.118750 
20.496102 13.660963 -1.875000


18.011726 10.869145 -3.118750 
22.980478 12.421880 -2.493750 
20.496102 13.660963 -1.875000 
18.011726 10.869145 -3.118750


22.359384 15.837897 -0.618750 
24.222666 16.462096 -1.250000 
23.912119 15.219908 -3.750000 
22.359384 15.837897 -0.618750


26.085948 13.353521 -3.118750 
25.154307 14.285162 -2.493750 
22.980478 12.421880 -2.493750 
26.085948 13.353521 -3.118750


27.949230 15.219908 -2.500000 
25.154307 14.285162 -2.493750 
26.085948 13.353521 -3.118750 
27.949230 15.219908 -2.500000


27.949230 15.219908 -2.500000 
26.089053 15.837897 -1.875000 
25.154307 14.285162 -2.493750 
27.949230 15.219908 -2.500000


12.421880 15.219908 -0.625000 
15.837897 16.462096 0.000000 
14.906256 16.772643 -2.500000 
12.421880 15.219908 -0.625000


18.011726 11.800786 -1.868750 
13.974615 12.111333 -1.868750 
16.458991 9.937504 -3.118750 
18.011726 11.800786 -1.868750


17.701179 16.772643 -2.500000 
20.496102 16.772643 0.000000 
19.875008 16.772643 -3.125000 
17.701179 16.772643 -2.500000


25.154307 14.285162 -2.493750 
20.496102 15.527350 -0.618750 
20.496102 13.660963 -1.875000 
25.154307 14.285162 -2.493750


25.154307 14.285162 -2.493750 
20.496102 13.660963 -1.875000 
22.980478 12.421880 -2.493750 
25.154307 14.285162 -2.493750


13.664068 13.353521 -0.618750 
10.866040 13.042974 -1.250000 
13.974615 12.111333 -1.868750 
13.664068 13.353521 -0.618750


18.011726 11.800786 -1.868750 
13.664068 13.353521 -0.618750 
13.974615 12.111333 -1.868750 
18.011726 11.800786 -1.868750


17.080085 13.974615 -0.618750 
13.664068 13.353521 -0.618750 
18.011726 11.800786 -1.868750 
17.080085 13.974615 -0.618750


20.496102 13.660963 -1.875000 
17.080085 13.974615 -0.618750 
18.011726 11.800786 -1.868750 
20.496102 13.660963 -1.875000


17.701179 16.772643 -2.500000 
15.837897 16.462096 0.000000 
20.496102 16.772643 0.000000 
17.701179 16.772643 -2.500000


25.154307 14.285162 -2.493750 
22.359384 15.837897 -0.618750 
20.496102 15.527350 -0.618750 
25.154307 14.285162 -2.493750


24.222666 16.462096 -1.250000 
22.359384 15.837897 -0.618750 
25.154307 14.285162 -2.493750 
24.222666 16.462096 -1.250000


26.089053 15.837897 -1.875000 
24.222666 16.462096 -1.250000 
25.154307 14.285162 -2.493750 
26.089053 15.837897 -1.875000


12.421880 15.219908 -0.625000 
10.866040 13.042974 -1.250000 
13.664068 13.353521 -0.618750 
12.421880 15.219908 -0.625000


17.080085 13.974615 -0.618750 
12.421880 15.219908 -0.625000 
13.664068 13.353521 -0.618750 
17.080085 13.974615 -0.618750


15.837897 16.462096 0.000000 
12.421880 15.219908 -0.625000 
17.080085 13.974615 -0.618750 
15.837897 16.462096 0.000000


20.496102 15.527350 -0.618750 
15.837897 16.462096 0.000000 
17.080085 13.974615 -0.618750 
20.496102 15.527350 -0.618750


20.496102 15.527350 -0.618750 
17.080085 13.974615 -0.618750 
20.496102 13.660963 -1.875000 
20.496102 15.527350 -0.618750


22.359384 15.837897 -0.618750 
20.496102 16.772643 0.000000 
20.496102 15.527350 -0.618750 
22.359384 15.837897 -0.618750


20.496102 16.772643 0.000000 
15.837897 16.462096 0.000000 
20.496102 15.527350 -0.618750 
20.496102 16.772643 0.000000


