608

55.277366 -31.675794 -69.381250 
54.966819 -37.576187 -69.381250 
54.035178 -38.507828 -69.381250 
55.277366 -31.675794 -69.381250


52.792990 -31.365247 -66.881250 
55.277366 -31.675794 -69.381250 
54.035178 -38.507828 -69.381250 
52.792990 -31.365247 -66.881250


53.103537 -33.228529 -66.881250 
52.792990 -31.365247 -66.881250 
54.035178 -38.507828 -69.381250 
53.103537 -33.228529 -66.881250


54.966819 -37.576187 -69.381250 
54.035178 -40.681657 -66.243750 
54.035178 -38.507828 -69.381250 
54.966819 -37.576187 -69.381250


51.861349 -41.613298 -65.631250 
53.724631 -41.923845 -68.756250 
53.103537 -43.787127 -66.881250 
51.861349 -41.613298 -65.631250


51.861349 -41.613298 -65.631250 
54.035178 -38.507828 -69.381250 
53.724631 -41.923845 -68.756250 
51.861349 -41.613298 -65.631250


54.659377 -37.886734 -66.875000 
54.035178 -40.681657 -66.243750 
54.966819 -37.576187 -69.381250 
54.659377 -37.886734 -66.875000


51.861349 -41.613298 -65.631250 
52.792990 -38.818375 -66.881250 
54.035178 -38.507828 -69.381250 
51.861349 -41.613298 -65.631250


53.103537 -33.228529 -66.881250 
54.035178 -38.507828 -69.381250 
52.792990 -38.818375 -66.881250 
53.103537 -33.228529 -66.881250


54.035178 -38.507828 -69.381250 
54.035178 -40.681657 -66.243750 
53.724631 -41.923845 -68.756250 
54.035178 -38.507828 -69.381250


55.277366 -31.675794 -69.381250 
54.348830 -34.470717 -64.375000 
54.966819 -37.576187 -69.381250 
55.277366 -31.675794 -69.381250


52.792990 -38.818375 -66.881250 
52.792990 -31.365247 -66.881250 
53.103537 -33.228529 -66.881250 
52.792990 -38.818375 -66.881250


52.792990 -31.365247 -66.881250 
54.659377 -31.054700 -64.375000 
55.277366 -31.675794 -69.381250 
52.792990 -31.365247 -66.881250


55.277366 -31.675794 -69.381250 
54.659377 -31.054700 -64.375000 
54.348830 -34.470717 -64.375000 
55.277366 -31.675794 -69.381250


51.861349 -41.613298 -65.631250 
53.103537 -43.787127 -66.881250 
52.171896 -46.582050 -65.631250 
51.861349 -41.613298 -65.631250


51.237150 -37.576187 -65.000000 
51.550802 -31.051595 -65.000000 
52.792990 -38.818375 -66.881250 
51.237150 -37.576187 -65.000000


52.792990 -31.365247 -66.881250 
52.792990 -38.818375 -66.881250 
51.550802 -31.051595 -65.000000 
52.792990 -31.365247 -66.881250


54.035178 -40.681657 -66.243750 
53.103537 -43.787127 -66.881250 
53.724631 -41.923845 -68.756250 
54.035178 -40.681657 -66.243750


54.348830 -34.470717 -64.375000 
54.659377 -37.886734 -66.875000 
54.966819 -37.576187 -69.381250 
54.348830 -34.470717 -64.375000


50.929708 -45.960956 -65.006250 
52.171896 -46.582050 -65.631250 
51.240255 -48.134785 -65.006250 
50.929708 -45.960956 -65.006250


50.929708 -45.960956 -65.006250 
51.861349 -41.613298 -65.631250 
52.171896 -46.582050 -65.631250 
50.929708 -45.960956 -65.006250


51.237150 -37.576187 -65.000000 
52.792990 -38.818375 -66.881250 
51.861349 -41.613298 -65.631250 
51.237150 -37.576187 -65.000000


52.796095 -45.960956 -64.375000 
52.171896 -46.582050 -65.631250 
53.103537 -43.787127 -66.881250 
52.796095 -45.960956 -64.375000


51.550802 -31.051595 -65.000000 
54.659377 -31.054700 -64.375000 
52.792990 -31.365247 -66.881250 
51.550802 -31.051595 -65.000000


49.687520 -39.439469 -63.756250 
51.237150 -37.576187 -65.000000 
51.861349 -41.613298 -65.631250 
49.687520 -39.439469 -63.756250


51.550802 -31.051595 -65.000000 
51.237150 -37.576187 -65.000000 
49.687520 -35.402358 -63.756250 
51.550802 -31.051595 -65.000000


54.348830 -34.470717 -64.375000 
53.106642 -38.197281 -63.125000 
54.659377 -37.886734 -66.875000 
54.348830 -34.470717 -64.375000


50.308614 -50.308614 -63.756250 
50.929708 -45.960956 -65.006250 
51.240255 -48.134785 -65.006250 
50.308614 -50.308614 -63.756250


49.066426 -32.607435 -63.131250 
51.550802 -31.051595 -65.000000 
49.687520 -35.402358 -63.756250 
49.066426 -32.607435 -63.131250


51.861349 -41.613298 -65.631250 
50.929708 -45.960956 -65.006250 
49.687520 -44.718768 -63.131250 
51.861349 -41.613298 -65.631250


49.687520 -39.439469 -63.756250 
49.687520 -35.402358 -63.756250 
51.237150 -37.576187 -65.000000 
49.687520 -39.439469 -63.756250


48.134785 -30.744153 -62.506250 
51.550802 -31.051595 -65.000000 
49.066426 -32.607435 -63.131250 
48.134785 -30.744153 -62.506250


52.171896 -46.582050 -65.631250 
50.308614 -50.308614 -63.756250 
51.240255 -48.134785 -65.006250 
52.171896 -46.582050 -65.631250


53.103537 -43.787127 -66.881250 
53.106642 -41.923845 -60.625000 
52.796095 -45.960956 -64.375000 
53.103537 -43.787127 -66.881250


53.106642 -38.197281 -63.125000 
54.035178 -40.681657 -66.243750 
54.659377 -37.886734 -66.875000 
53.106642 -38.197281 -63.125000


48.755879 -38.197281 -62.506250 
49.066426 -32.607435 -63.131250 
49.687520 -35.402358 -63.756250 
48.755879 -38.197281 -62.506250


48.755879 -38.197281 -62.506250 
49.687520 -35.402358 -63.756250 
49.687520 -39.439469 -63.756250 
48.755879 -38.197281 -62.506250


49.687520 -44.718768 -63.131250 
50.929708 -45.960956 -65.006250 
50.308614 -50.308614 -63.756250 
49.687520 -44.718768 -63.131250


49.687520 -39.439469 -63.756250 
51.861349 -41.613298 -65.631250 
49.687520 -44.718768 -63.131250 
49.687520 -39.439469 -63.756250


52.171896 -46.582050 -65.631250 
50.619161 -49.069531 -58.750000 
50.308614 -50.308614 -63.756250 
52.171896 -46.582050 -65.631250


51.243360 -46.892597 -59.375000 
50.619161 -49.069531 -58.750000 
52.171896 -46.582050 -65.631250 
51.243360 -46.892597 -59.375000


52.796095 -45.960956 -64.375000 
51.243360 -46.892597 -59.375000 
52.171896 -46.582050 -65.631250 
52.796095 -45.960956 -64.375000


53.106642 -38.197281 -63.125000 
53.106642 -41.923845 -60.625000 
53.103537 -43.787127 -66.881250 
53.106642 -38.197281 -63.125000


54.035178 -40.681657 -66.243750 
53.106642 -38.197281 -63.125000 
53.103537 -43.787127 -66.881250 
54.035178 -40.681657 -66.243750


53.106642 -41.923845 -60.625000 
52.796095 -44.408221 -61.875000 
52.796095 -45.960956 -64.375000 
53.106642 -41.923845 -60.625000


51.550802 -31.051595 -65.000000 
53.727736 -30.433606 -61.250000 
54.659377 -31.054700 -64.375000 
51.550802 -31.051595 -65.000000


53.417189 -32.607435 -61.250000 
54.348830 -34.470717 -64.375000 
54.659377 -31.054700 -64.375000 
53.417189 -32.607435 -61.250000


46.892597 -54.966819 -62.506250 
45.029315 -55.277366 -62.506250 
45.029315 -53.414084 -61.256250 
46.892597 -54.966819 -62.506250


46.271503 -52.171896 -61.256250 
49.066426 -50.619161 -62.506250 
46.892597 -54.966819 -62.506250 
46.271503 -52.171896 -61.256250


49.066426 -50.619161 -62.506250 
49.069531 -53.414084 -62.500000 
46.892597 -54.966819 -62.506250 
49.066426 -50.619161 -62.506250


47.203144 -34.470717 -61.256250 
49.066426 -32.607435 -63.131250 
48.755879 -38.197281 -62.506250 
47.203144 -34.470717 -61.256250


48.134785 -30.744153 -62.506250 
49.066426 -32.607435 -63.131250 
47.203144 -34.470717 -61.256250 
48.134785 -30.744153 -62.506250


48.445332 -46.892597 -61.256250 
50.308614 -50.308614 -63.756250 
49.066426 -50.619161 -62.506250 
48.445332 -46.892597 -61.256250


50.308614 -50.308614 -63.756250 
49.069531 -53.414084 -62.500000 
49.066426 -50.619161 -62.506250 
50.308614 -50.308614 -63.756250


48.755879 -38.197281 -62.506250 
49.687520 -39.439469 -63.756250 
49.687520 -44.718768 -63.131250 
48.755879 -38.197281 -62.506250


48.134785 -30.744153 -62.506250 
53.727736 -30.433606 -61.250000 
51.550802 -31.051595 -65.000000 
48.134785 -30.744153 -62.506250


53.417189 -32.607435 -61.250000 
53.106642 -38.197281 -63.125000 
54.348830 -34.470717 -64.375000 
53.417189 -32.607435 -61.250000


53.727736 -30.433606 -61.250000 
53.417189 -32.607435 -61.250000 
54.659377 -31.054700 -64.375000 
53.727736 -30.433606 -61.250000


41.613298 -55.587913 -61.881250 
43.166033 -56.519554 -61.881250 
39.439469 -57.451195 -61.256250 
41.613298 -55.587913 -61.881250


41.613298 -55.587913 -61.881250 
45.029315 -55.277366 -62.506250 
43.166033 -56.519554 -61.881250 
41.613298 -55.587913 -61.881250


45.029315 -53.414084 -61.256250 
45.029315 -55.277366 -62.506250 
41.613298 -55.587913 -61.881250 
45.029315 -53.414084 -61.256250


46.271503 -52.171896 -61.256250 
46.892597 -54.966819 -62.506250 
45.029315 -53.414084 -61.256250 
46.271503 -52.171896 -61.256250


48.134785 -30.744153 -62.506250 
47.203144 -34.470717 -61.256250 
45.650409 -30.123059 -60.631250 
48.134785 -30.744153 -62.506250


46.271503 -49.687520 -60.631250 
49.066426 -50.619161 -62.506250 
46.271503 -52.171896 -61.256250 
46.271503 -49.687520 -60.631250


48.445332 -46.892597 -61.256250 
48.755879 -38.197281 -62.506250 
49.687520 -44.718768 -63.131250 
48.445332 -46.892597 -61.256250


48.445332 -46.892597 -61.256250 
49.687520 -44.718768 -63.131250 
50.308614 -50.308614 -63.756250 
48.445332 -46.892597 -61.256250


53.417189 -32.607435 -61.250000 
53.417189 -35.402358 -57.500000 
53.106642 -38.197281 -63.125000 
53.417189 -32.607435 -61.250000


47.203144 -34.470717 -61.256250 
48.755879 -38.197281 -62.506250 
47.203144 -38.507828 -60.631250 
47.203144 -34.470717 -61.256250


48.445332 -46.892597 -61.256250 
49.066426 -50.619161 -62.506250 
46.271503 -49.687520 -60.631250 
48.445332 -46.892597 -61.256250


47.203144 -38.507828 -60.631250 
48.445332 -46.892597 -61.256250 
47.513691 -44.718768 -60.631250 
47.203144 -38.507828 -60.631250


47.203144 -38.507828 -60.631250 
48.755879 -38.197281 -62.506250 
48.445332 -46.892597 -61.256250 
47.203144 -38.507828 -60.631250


49.998067 -50.619161 -59.368750 
49.069531 -53.414084 -62.500000 
50.308614 -50.308614 -63.756250 
49.998067 -50.619161 -59.368750


50.619161 -49.069531 -58.750000 
49.998067 -50.619161 -59.368750 
50.308614 -50.308614 -63.756250 
50.619161 -49.069531 -58.750000


53.417189 -35.402358 -57.500000 
53.106642 -41.923845 -60.625000 
53.106642 -38.197281 -63.125000 
53.417189 -35.402358 -57.500000


39.439469 -54.656272 -59.381250 
39.439469 -57.451195 -61.256250 
36.955093 -57.451195 -60.006250 
39.439469 -54.656272 -59.381250


39.439469 -54.656272 -59.381250 
41.613298 -55.587913 -61.881250 
39.439469 -57.451195 -61.256250 
39.439469 -54.656272 -59.381250


41.302751 -54.656272 -60.006250 
41.613298 -55.587913 -61.881250 
39.439469 -54.656272 -59.381250 
41.302751 -54.656272 -60.006250


41.613298 -55.587913 -61.881250 
41.302751 -54.656272 -60.006250 
45.029315 -53.414084 -61.256250 
41.613298 -55.587913 -61.881250


45.650409 -33.228529 -60.006250 
45.650409 -30.123059 -60.631250 
47.203144 -34.470717 -61.256250 
45.650409 -33.228529 -60.006250


48.445332 -46.892597 -61.256250 
46.271503 -49.687520 -60.631250 
47.513691 -44.718768 -60.631250 
48.445332 -46.892597 -61.256250


52.796095 -44.408221 -61.875000 
51.243360 -46.892597 -59.375000 
52.796095 -45.960956 -64.375000 
52.796095 -44.408221 -61.875000


43.787127 -51.861349 -59.381250 
45.029315 -53.414084 -61.256250 
41.302751 -54.656272 -60.006250 
43.787127 -51.861349 -59.381250


43.787127 -51.861349 -59.381250 
46.271503 -52.171896 -61.256250 
45.029315 -53.414084 -61.256250 
43.787127 -51.861349 -59.381250


46.271503 -49.687520 -60.631250 
46.271503 -52.171896 -61.256250 
43.787127 -51.861349 -59.381250 
46.271503 -49.687520 -60.631250


46.271503 -54.969924 -56.250000 
45.029315 -55.277366 -62.506250 
46.892597 -54.966819 -62.506250 
46.271503 -54.969924 -56.250000


45.029315 -36.023452 -58.756250 
47.203144 -34.470717 -61.256250 
47.203144 -38.507828 -60.631250 
45.029315 -36.023452 -58.756250


45.650409 -33.228529 -60.006250 
47.203144 -34.470717 -61.256250 
45.029315 -36.023452 -58.756250 
45.650409 -33.228529 -60.006250


47.203144 -38.507828 -60.631250 
45.650409 -43.166033 -58.756250 
45.960956 -38.818375 -59.381250 
47.203144 -38.507828 -60.631250


45.029315 -36.023452 -58.756250 
47.203144 -38.507828 -60.631250 
45.960956 -38.818375 -59.381250 
45.029315 -36.023452 -58.756250


47.203144 -38.507828 -60.631250 
47.513691 -44.718768 -60.631250 
45.650409 -43.166033 -58.756250 
47.203144 -38.507828 -60.631250


45.650409 -30.123059 -60.631250 
48.755879 -29.812512 -55.631250 
48.134785 -30.744153 -62.506250 
45.650409 -30.123059 -60.631250


49.069531 -53.414084 -62.500000 
46.271503 -54.969924 -56.250000 
46.892597 -54.966819 -62.506250 
49.069531 -53.414084 -62.500000


48.755879 -29.812512 -55.631250 
50.619161 -29.501965 -58.756250 
48.134785 -30.744153 -62.506250 
48.755879 -29.812512 -55.631250


48.134785 -30.744153 -62.506250 
50.619161 -29.501965 -58.756250 
53.727736 -30.433606 -61.250000 
48.134785 -30.744153 -62.506250


53.417189 -29.501965 -56.875000 
53.417189 -32.607435 -61.250000 
53.727736 -30.433606 -61.250000 
53.417189 -29.501965 -56.875000


36.955093 -57.451195 -60.006250 
36.955093 -58.072289 -59.381250 
34.470717 -57.451195 -58.131250 
36.955093 -57.451195 -60.006250


36.955093 -58.072289 -59.381250 
36.955093 -57.451195 -60.006250 
39.439469 -57.451195 -61.256250 
36.955093 -58.072289 -59.381250


38.197281 -54.035178 -57.506250 
39.439469 -54.656272 -59.381250 
36.955093 -57.451195 -60.006250 
38.197281 -54.035178 -57.506250


44.097674 -49.687520 -59.381250 
43.787127 -51.861349 -59.381250 
41.302751 -54.656272 -60.006250 
44.097674 -49.687520 -59.381250


42.544939 -28.567219 -58.750000 
45.650409 -33.228529 -60.006250 
43.787127 -32.607435 -58.756250 
42.544939 -28.567219 -58.750000


44.097674 -29.501965 -59.381250 
45.650409 -33.228529 -60.006250 
42.544939 -28.567219 -58.750000 
44.097674 -29.501965 -59.381250


44.097674 -49.687520 -59.381250 
46.271503 -49.687520 -60.631250 
43.787127 -51.861349 -59.381250 
44.097674 -49.687520 -59.381250


44.097674 -29.501965 -59.381250 
45.650409 -30.123059 -60.631250 
45.650409 -33.228529 -60.006250 
44.097674 -29.501965 -59.381250


47.513691 -44.718768 -60.631250 
46.271503 -49.687520 -60.631250 
44.097674 -49.687520 -59.381250 
47.513691 -44.718768 -60.631250


45.026210 -45.960956 -58.750000 
47.513691 -44.718768 -60.631250 
44.097674 -49.687520 -59.381250 
45.026210 -45.960956 -58.750000


45.650409 -43.166033 -58.756250 
47.513691 -44.718768 -60.631250 
45.026210 -45.960956 -58.750000 
45.650409 -43.166033 -58.756250


53.417189 -29.501965 -56.875000 
53.727736 -30.433606 -61.250000 
50.619161 -29.501965 -58.756250 
53.417189 -29.501965 -56.875000


53.417189 -35.402358 -57.500000 
52.175001 -40.992204 -57.500000 
53.106642 -41.923845 -60.625000 
53.417189 -35.402358 -57.500000


53.417189 -31.986341 -56.250000 
53.417189 -32.607435 -61.250000 
53.417189 -29.501965 -56.875000 
53.417189 -31.986341 -56.250000


38.197281 -54.035178 -57.506250 
36.955093 -57.451195 -60.006250 
34.470717 -57.451195 -58.131250 
38.197281 -54.035178 -57.506250


39.439469 -54.656272 -59.381250 
40.681657 -53.103537 -58.131250 
41.302751 -54.656272 -60.006250 
39.439469 -54.656272 -59.381250


44.097674 -49.687520 -59.381250 
41.302751 -54.656272 -60.006250 
40.681657 -53.103537 -58.131250 
44.097674 -49.687520 -59.381250


40.992204 -32.296888 -58.131250 
43.787127 -32.607435 -58.756250 
42.544939 -33.539076 -58.756250 
40.992204 -32.296888 -58.131250


40.681657 -28.880871 -58.756250 
43.787127 -32.607435 -58.756250 
40.992204 -32.296888 -58.131250 
40.681657 -28.880871 -58.756250


42.544939 -28.567219 -58.750000 
43.787127 -32.607435 -58.756250 
40.681657 -28.880871 -58.756250 
42.544939 -28.567219 -58.750000


45.029315 -36.023452 -58.756250 
43.787127 -36.955093 -58.756250 
42.544939 -33.539076 -58.756250 
45.029315 -36.023452 -58.756250


43.476580 -47.203144 -58.131250 
45.026210 -45.960956 -58.750000 
44.097674 -49.687520 -59.381250 
43.476580 -47.203144 -58.131250


43.787127 -32.607435 -58.756250 
45.029315 -36.023452 -58.756250 
42.544939 -33.539076 -58.756250 
43.787127 -32.607435 -58.756250


45.960956 -38.818375 -59.381250 
45.650409 -43.166033 -58.756250 
43.787127 -36.955093 -58.756250 
45.960956 -38.818375 -59.381250


43.787127 -32.607435 -58.756250 
45.650409 -33.228529 -60.006250 
45.029315 -36.023452 -58.756250 
43.787127 -32.607435 -58.756250


45.029315 -36.023452 -58.756250 
45.960956 -38.818375 -59.381250 
43.787127 -36.955093 -58.756250 
45.029315 -36.023452 -58.756250


49.690625 -48.445332 -56.250000 
50.619161 -49.069531 -58.750000 
51.243360 -46.892597 -59.375000 
49.690625 -48.445332 -56.250000


52.485548 -37.886734 -56.250000 
52.175001 -40.992204 -57.500000 
53.417189 -35.402358 -57.500000 
52.485548 -37.886734 -56.250000


33.849623 -55.898460 -56.243750 
38.197281 -54.035178 -57.506250 
34.470717 -57.451195 -58.131250 
33.849623 -55.898460 -56.243750


40.681657 -53.103537 -58.131250 
39.439469 -54.656272 -59.381250 
38.197281 -54.035178 -57.506250 
40.681657 -53.103537 -58.131250


39.128922 -28.259777 -57.506250 
40.060563 -27.014484 -58.125000 
40.992204 -32.296888 -58.131250 
39.128922 -28.259777 -57.506250


40.060563 -27.014484 -58.125000 
40.681657 -28.880871 -58.756250 
40.992204 -32.296888 -58.131250 
40.060563 -27.014484 -58.125000


40.681657 -34.160170 -57.506250 
40.992204 -32.296888 -58.131250 
42.544939 -33.539076 -58.756250 
40.681657 -34.160170 -57.506250


40.681657 -34.160170 -57.506250 
42.544939 -33.539076 -58.756250 
43.787127 -36.955093 -58.756250 
40.681657 -34.160170 -57.506250


42.234392 -28.567219 -56.875000 
42.544939 -28.567219 -58.750000 
40.681657 -28.880871 -58.756250 
42.234392 -28.567219 -56.875000


43.476580 -47.203144 -58.131250 
44.097674 -49.687520 -59.381250 
40.681657 -53.103537 -58.131250 
43.476580 -47.203144 -58.131250


41.302751 -49.376973 -57.506250 
43.476580 -47.203144 -58.131250 
40.681657 -53.103537 -58.131250 
41.302751 -49.376973 -57.506250


42.855486 -45.960956 -57.506250 
45.026210 -45.960956 -58.750000 
43.476580 -47.203144 -58.131250 
42.855486 -45.960956 -57.506250


42.855486 -45.960956 -57.506250 
43.787127 -36.955093 -58.756250 
45.026210 -45.960956 -58.750000 
42.855486 -45.960956 -57.506250


43.787127 -36.955093 -58.756250 
45.650409 -43.166033 -58.756250 
45.026210 -45.960956 -58.750000 
43.787127 -36.955093 -58.756250


45.650409 -29.809407 -53.750000 
48.755879 -29.812512 -55.631250 
45.650409 -30.123059 -60.631250 
45.650409 -29.809407 -53.750000


49.998067 -50.619161 -59.368750 
48.755879 -51.243360 -56.250000 
49.069531 -53.414084 -62.500000 
49.998067 -50.619161 -59.368750


52.796095 -44.408221 -61.875000 
50.308614 -45.964061 -55.000000 
51.243360 -46.892597 -59.375000 
52.796095 -44.408221 -61.875000


36.023452 -54.035178 -56.881250 
38.197281 -54.035178 -57.506250 
33.849623 -55.898460 -56.243750 
36.023452 -54.035178 -56.881250


39.128922 -58.075394 -52.500000 
36.955093 -58.072289 -59.381250 
39.439469 -57.451195 -61.256250 
39.128922 -58.075394 -52.500000


40.681657 -53.103537 -58.131250 
38.197281 -54.035178 -57.506250 
39.750016 -49.998067 -57.506250 
40.681657 -53.103537 -58.131250


39.128922 -28.259777 -57.506250 
40.992204 -32.296888 -58.131250 
37.883629 -31.365247 -56.250000 
39.128922 -28.259777 -57.506250


41.302751 -49.376973 -57.506250 
40.681657 -53.103537 -58.131250 
39.750016 -49.998067 -57.506250 
41.302751 -49.376973 -57.506250


42.544939 -56.519554 -53.131250 
39.439469 -57.451195 -61.256250 
43.166033 -56.519554 -61.881250 
42.544939 -56.519554 -53.131250


39.439469 -46.892597 -56.256250 
42.855486 -45.960956 -57.506250 
39.750016 -49.998067 -57.506250 
39.439469 -46.892597 -56.256250


42.855486 -45.960956 -57.506250 
41.302751 -49.376973 -57.506250 
39.750016 -49.998067 -57.506250 
42.855486 -45.960956 -57.506250


42.855486 -45.960956 -57.506250 
43.476580 -47.203144 -58.131250 
41.302751 -49.376973 -57.506250 
42.855486 -45.960956 -57.506250


40.681657 -34.160170 -57.506250 
43.787127 -36.955093 -58.756250 
42.544939 -41.302751 -57.506250 
40.681657 -34.160170 -57.506250


42.544939 -41.302751 -57.506250 
43.787127 -36.955093 -58.756250 
42.855486 -45.960956 -57.506250 
42.544939 -41.302751 -57.506250


42.544939 -28.567219 -58.750000 
42.234392 -28.567219 -56.875000 
44.097674 -29.501965 -59.381250 
42.544939 -28.567219 -58.750000


49.069531 -53.414084 -62.500000 
47.516796 -53.414084 -55.625000 
46.271503 -54.969924 -56.250000 
49.069531 -53.414084 -62.500000


48.755879 -51.243360 -56.250000 
47.516796 -53.414084 -55.625000 
49.069531 -53.414084 -62.500000 
48.755879 -51.243360 -56.250000


50.619161 -49.069531 -58.750000 
49.690625 -48.445332 -56.250000 
49.998067 -50.619161 -59.368750 
50.619161 -49.069531 -58.750000


50.308614 -45.964061 -55.000000 
49.690625 -48.445332 -56.250000 
51.243360 -46.892597 -59.375000 
50.308614 -45.964061 -55.000000


53.417189 -32.607435 -61.250000 
53.417189 -31.986341 -56.250000 
53.417189 -35.402358 -57.500000 
53.417189 -32.607435 -61.250000


37.576187 -51.240255 -56.256250 
39.750016 -49.998067 -57.506250 
38.197281 -54.035178 -57.506250 
37.576187 -51.240255 -56.256250


38.197281 -49.066426 -55.631250 
39.439469 -46.892597 -56.256250 
39.750016 -49.998067 -57.506250 
38.197281 -49.066426 -55.631250


37.883629 -31.365247 -56.250000 
40.992204 -32.296888 -58.131250 
40.681657 -34.160170 -57.506250 
37.883629 -31.365247 -56.250000


40.060563 -27.949230 -55.618750 
40.060563 -27.014484 -58.125000 
39.128922 -28.259777 -57.506250 
40.060563 -27.949230 -55.618750


42.544939 -56.519554 -53.131250 
43.166033 -56.519554 -61.881250 
43.166033 -56.212112 -55.000000 
42.544939 -56.519554 -53.131250


40.681657 -45.339862 -56.256250 
42.855486 -45.960956 -57.506250 
39.439469 -46.892597 -56.256250 
40.681657 -45.339862 -56.256250


40.681657 -37.886734 -56.256250 
42.544939 -41.302751 -57.506250 
40.681657 -45.339862 -56.256250 
40.681657 -37.886734 -56.256250


40.681657 -37.886734 -56.256250 
40.681657 -34.160170 -57.506250 
42.544939 -41.302751 -57.506250 
40.681657 -37.886734 -56.256250


42.544939 -41.302751 -57.506250 
42.855486 -45.960956 -57.506250 
40.681657 -45.339862 -56.256250 
42.544939 -41.302751 -57.506250


43.166033 -56.519554 -61.881250 
45.029315 -55.277366 -62.506250 
43.166033 -56.212112 -55.000000 
43.166033 -56.519554 -61.881250


53.417189 -31.986341 -56.250000 
52.796095 -33.849623 -53.750000 
53.417189 -35.402358 -57.500000 
53.417189 -31.986341 -56.250000


35.712905 -56.209007 -53.118750 
34.470717 -57.451195 -58.131250 
36.955093 -58.072289 -59.381250 
35.712905 -56.209007 -53.118750


36.023452 -26.707042 -56.256250 
37.883629 -31.365247 -56.250000 
34.781264 -27.328136 -55.631250 
36.023452 -26.707042 -56.256250


37.576187 -51.240255 -56.256250 
38.197281 -54.035178 -57.506250 
36.023452 -54.035178 -56.881250 
37.576187 -51.240255 -56.256250


36.023452 -26.707042 -56.256250 
39.128922 -28.259777 -57.506250 
37.883629 -31.365247 -56.250000 
36.023452 -26.707042 -56.256250


37.576187 -51.240255 -56.256250 
38.197281 -49.066426 -55.631250 
39.750016 -49.998067 -57.506250 
37.576187 -51.240255 -56.256250


37.883629 -31.365247 -56.250000 
40.681657 -34.160170 -57.506250 
38.197281 -33.849623 -55.631250 
37.883629 -31.365247 -56.250000


38.197281 -33.849623 -55.631250 
40.681657 -34.160170 -57.506250 
40.681657 -37.886734 -56.256250 
38.197281 -33.849623 -55.631250


44.097674 -29.501965 -59.381250 
45.650409 -29.809407 -53.750000 
45.650409 -30.123059 -60.631250 
44.097674 -29.501965 -59.381250


49.690625 -48.445332 -56.250000 
48.755879 -51.243360 -56.250000 
49.998067 -50.619161 -59.368750 
49.690625 -48.445332 -56.250000


50.932813 -42.234392 -52.500000 
52.796095 -44.408221 -61.875000 
53.106642 -41.923845 -60.625000 
50.932813 -42.234392 -52.500000


35.712905 -56.209007 -53.118750 
33.849623 -55.898460 -56.243750 
34.470717 -57.451195 -58.131250 
35.712905 -56.209007 -53.118750


34.470717 -54.035178 -55.631250 
36.023452 -54.035178 -56.881250 
33.849623 -55.898460 -56.243750 
34.470717 -54.035178 -55.631250


34.470717 -54.035178 -55.631250 
37.576187 -51.240255 -56.256250 
36.023452 -54.035178 -56.881250 
34.470717 -54.035178 -55.631250


34.781264 -52.479338 -54.375000 
37.576187 -51.240255 -56.256250 
34.470717 -54.035178 -55.631250 
34.781264 -52.479338 -54.375000


34.160170 -30.433606 -55.006250 
38.197281 -33.849623 -55.631250 
36.644546 -33.228529 -55.006250 
34.160170 -30.433606 -55.006250


34.160170 -30.433606 -55.006250 
34.781264 -27.328136 -55.631250 
38.197281 -33.849623 -55.631250 
34.160170 -30.433606 -55.006250


34.781264 -27.328136 -55.631250 
37.883629 -31.365247 -56.250000 
38.197281 -33.849623 -55.631250 
34.781264 -27.328136 -55.631250


37.883629 -38.818375 -55.000000 
40.681657 -37.886734 -56.256250 
39.128922 -45.029315 -55.631250 
37.883629 -38.818375 -55.000000


40.681657 -37.886734 -56.256250 
37.883629 -38.818375 -55.000000 
38.197281 -33.849623 -55.631250 
40.681657 -37.886734 -56.256250


39.128922 -45.029315 -55.631250 
40.681657 -45.339862 -56.256250 
39.439469 -46.892597 -56.256250 
39.128922 -45.029315 -55.631250


40.681657 -37.886734 -56.256250 
40.681657 -45.339862 -56.256250 
39.128922 -45.029315 -55.631250 
40.681657 -37.886734 -56.256250


39.128922 -58.075394 -52.500000 
39.439469 -57.451195 -61.256250 
42.544939 -56.519554 -53.131250 
39.128922 -58.075394 -52.500000


40.060563 -27.014484 -58.125000 
40.060563 -27.949230 -55.618750 
40.681657 -28.880871 -58.756250 
40.060563 -27.014484 -58.125000


40.060563 -27.949230 -55.618750 
42.234392 -28.567219 -56.875000 
40.681657 -28.880871 -58.756250 
40.060563 -27.949230 -55.618750


46.271503 -54.969924 -56.250000 
43.166033 -56.212112 -55.000000 
45.029315 -55.277366 -62.506250 
46.271503 -54.969924 -56.250000


45.650409 -29.809407 -53.750000 
47.824238 -29.501965 -54.381250 
48.755879 -29.812512 -55.631250 
45.650409 -29.809407 -53.750000


50.932813 -42.234392 -52.500000 
50.308614 -45.964061 -55.000000 
52.796095 -44.408221 -61.875000 
50.932813 -42.234392 -52.500000


52.175001 -40.992204 -57.500000 
50.932813 -42.234392 -52.500000 
53.106642 -41.923845 -60.625000 
52.175001 -40.992204 -57.500000


53.417189 -35.402358 -57.500000 
52.485548 -36.644546 -54.375000 
52.485548 -37.886734 -56.250000 
53.417189 -35.402358 -57.500000


50.619161 -29.501965 -58.756250 
52.792990 -28.877766 -53.750000 
53.417189 -29.501965 -56.875000 
50.619161 -29.501965 -58.756250


34.781264 -27.328136 -55.631250 
34.160170 -30.433606 -55.006250 
32.917982 -27.946125 -54.375000 
34.781264 -27.328136 -55.631250


35.712905 -56.209007 -53.118750 
34.470717 -54.035178 -55.631250 
33.849623 -55.898460 -56.243750 
35.712905 -56.209007 -53.118750


35.091811 -34.160170 -54.381250 
34.160170 -30.433606 -55.006250 
36.644546 -33.228529 -55.006250 
35.091811 -34.160170 -54.381250


37.265640 -57.764847 -54.375000 
35.712905 -56.209007 -53.118750 
36.955093 -58.072289 -59.381250 
37.265640 -57.764847 -54.375000


36.023452 -50.619161 -54.381250 
37.576187 -51.240255 -56.256250 
34.781264 -52.479338 -54.375000 
36.023452 -50.619161 -54.381250


36.644546 -33.228529 -55.006250 
38.197281 -33.849623 -55.631250 
36.955093 -37.576187 -54.381250 
36.644546 -33.228529 -55.006250


38.197281 -49.066426 -55.631250 
37.576187 -51.240255 -56.256250 
36.023452 -50.619161 -54.381250 
38.197281 -49.066426 -55.631250


36.955093 -37.576187 -54.381250 
38.197281 -33.849623 -55.631250 
37.883629 -38.818375 -55.000000 
36.955093 -37.576187 -54.381250


37.886734 -45.650409 -54.381250 
39.128922 -45.029315 -55.631250 
38.197281 -49.066426 -55.631250 
37.886734 -45.650409 -54.381250


38.197281 -49.066426 -55.631250 
39.128922 -45.029315 -55.631250 
39.439469 -46.892597 -56.256250 
38.197281 -49.066426 -55.631250


37.883629 -38.818375 -55.000000 
39.128922 -45.029315 -55.631250 
37.886734 -45.650409 -54.381250 
37.883629 -38.818375 -55.000000


44.718768 -54.969924 -53.750000 
43.166033 -56.212112 -55.000000 
46.271503 -54.969924 -56.250000 
44.718768 -54.969924 -53.750000


51.240255 -28.570324 -54.381250 
50.619161 -29.501965 -58.756250 
48.755879 -29.812512 -55.631250 
51.240255 -28.570324 -54.381250


51.243360 -39.439469 -52.500000 
50.932813 -42.234392 -52.500000 
52.175001 -40.992204 -57.500000 
51.243360 -39.439469 -52.500000


52.485548 -37.886734 -56.250000 
51.243360 -39.439469 -52.500000 
52.175001 -40.992204 -57.500000 
52.485548 -37.886734 -56.250000


52.796095 -33.849623 -53.750000 
52.485548 -36.644546 -54.375000 
53.417189 -35.402358 -57.500000 
52.796095 -33.849623 -53.750000


32.917982 -27.946125 -54.375000 
34.160170 -30.433606 -55.006250 
35.091811 -34.160170 -54.381250 
32.917982 -27.946125 -54.375000


34.781264 -26.707042 -51.881250 
34.781264 -27.328136 -55.631250 
32.917982 -27.946125 -54.375000 
34.781264 -26.707042 -51.881250


35.091811 -34.160170 -54.381250 
36.644546 -33.228529 -55.006250 
36.955093 -37.576187 -54.381250 
35.091811 -34.160170 -54.381250


36.644546 -47.203144 -53.756250 
38.197281 -49.066426 -55.631250 
36.023452 -50.619161 -54.381250 
36.644546 -47.203144 -53.756250


37.883629 -38.818375 -55.000000 
36.644546 -44.408221 -53.131250 
36.955093 -37.576187 -54.381250 
37.883629 -38.818375 -55.000000


37.886734 -45.650409 -54.381250 
38.197281 -49.066426 -55.631250 
36.644546 -47.203144 -53.756250 
37.886734 -45.650409 -54.381250


37.883629 -38.818375 -55.000000 
37.886734 -45.650409 -54.381250 
36.644546 -44.408221 -53.131250 
37.883629 -38.818375 -55.000000


37.265640 -57.764847 -54.375000 
36.955093 -58.072289 -59.381250 
39.128922 -58.075394 -52.500000 
37.265640 -57.764847 -54.375000


36.023452 -26.707042 -56.256250 
38.197281 -26.707042 -51.881250 
39.128922 -28.259777 -57.506250 
36.023452 -26.707042 -56.256250


38.197281 -26.707042 -51.881250 
40.060563 -27.949230 -55.618750 
39.128922 -28.259777 -57.506250 
38.197281 -26.707042 -51.881250


44.718768 -54.969924 -53.750000 
42.544939 -56.519554 -53.131250 
43.166033 -56.212112 -55.000000 
44.718768 -54.969924 -53.750000


42.234392 -28.567219 -56.875000 
43.166033 -28.259777 -55.006250 
44.097674 -29.501965 -59.381250 
42.234392 -28.567219 -56.875000


44.097674 -29.501965 -59.381250 
43.166033 -28.259777 -55.006250 
45.650409 -29.809407 -53.750000 
44.097674 -29.501965 -59.381250


43.787127 -27.946125 -50.625000 
45.650409 -29.809407 -53.750000 
43.166033 -28.259777 -55.006250 
43.787127 -27.946125 -50.625000


47.516796 -53.414084 -55.625000 
44.718768 -54.969924 -53.750000 
46.271503 -54.969924 -56.250000 
47.516796 -53.414084 -55.625000


48.755879 -51.243360 -56.250000 
47.203144 -52.171896 -52.493750 
47.516796 -53.414084 -55.625000 
48.755879 -51.243360 -56.250000


47.824238 -29.501965 -54.381250 
51.240255 -28.570324 -54.381250 
48.755879 -29.812512 -55.631250 
47.824238 -29.501965 -54.381250


53.417189 -29.501965 -56.875000 
52.796095 -33.849623 -53.750000 
53.417189 -31.986341 -56.250000 
53.417189 -29.501965 -56.875000


52.792990 -28.877766 -53.750000 
52.796095 -33.849623 -53.750000 
53.417189 -29.501965 -56.875000 
52.792990 -28.877766 -53.750000


31.675794 -31.365247 -52.506250 
31.054700 -29.191418 -53.131250 
35.091811 -34.160170 -54.381250 
31.675794 -31.365247 -52.506250


31.054700 -29.191418 -53.131250 
32.917982 -27.946125 -54.375000 
35.091811 -34.160170 -54.381250 
31.054700 -29.191418 -53.131250


34.470717 -54.035178 -55.631250 
32.914877 -52.792990 -52.500000 
34.781264 -52.479338 -54.375000 
34.470717 -54.035178 -55.631250


34.470717 -49.998067 -51.881250 
36.023452 -50.619161 -54.381250 
32.914877 -52.792990 -52.500000 
34.470717 -49.998067 -51.881250


33.228529 -34.160170 -52.506250 
35.091811 -34.160170 -54.381250 
34.781264 -36.023452 -53.131250 
33.228529 -34.160170 -52.506250


36.023452 -50.619161 -54.381250 
34.781264 -52.479338 -54.375000 
32.914877 -52.792990 -52.500000 
36.023452 -50.619161 -54.381250


35.091811 -34.160170 -54.381250 
36.955093 -37.576187 -54.381250 
34.781264 -36.023452 -53.131250 
35.091811 -34.160170 -54.381250


34.781264 -26.707042 -51.881250 
36.023452 -26.707042 -56.256250 
34.781264 -27.328136 -55.631250 
34.781264 -26.707042 -51.881250


34.781264 -36.023452 -53.131250 
36.955093 -37.576187 -54.381250 
36.023452 -39.128922 -53.131250 
34.781264 -36.023452 -53.131250


37.886734 -45.650409 -54.381250 
36.644546 -47.203144 -53.756250 
36.644546 -44.408221 -53.131250 
37.886734 -45.650409 -54.381250


36.023452 -39.128922 -53.131250 
36.955093 -37.576187 -54.381250 
36.644546 -44.408221 -53.131250 
36.023452 -39.128922 -53.131250


37.886734 -25.775401 -52.506250 
38.197281 -26.707042 -51.881250 
36.023452 -26.707042 -56.256250 
37.886734 -25.775401 -52.506250


42.234392 -28.567219 -56.875000 
40.060563 -27.949230 -55.618750 
43.166033 -28.259777 -55.006250 
42.234392 -28.567219 -56.875000


47.516796 -53.414084 -55.625000 
47.203144 -52.171896 -52.493750 
44.718768 -54.969924 -53.750000 
47.516796 -53.414084 -55.625000


51.240255 -28.570324 -54.381250 
52.792990 -28.877766 -53.750000 
50.619161 -29.501965 -58.756250 
51.240255 -28.570324 -54.381250


32.914877 -52.792990 -52.500000 
34.470717 -54.035178 -55.631250 
35.712905 -56.209007 -53.118750 
32.914877 -52.792990 -52.500000


34.781264 -26.707042 -51.881250 
32.917982 -27.946125 -54.375000 
32.296888 -28.259777 -50.631250 
34.781264 -26.707042 -51.881250


36.644546 -47.203144 -53.756250 
36.023452 -50.619161 -54.381250 
34.470717 -49.998067 -51.881250 
36.644546 -47.203144 -53.756250


35.402358 -47.203144 -52.506250 
36.644546 -47.203144 -53.756250 
34.470717 -49.998067 -51.881250 
35.402358 -47.203144 -52.506250


35.399253 -42.544939 -52.500000 
36.023452 -39.128922 -53.131250 
36.644546 -44.408221 -53.131250 
35.399253 -42.544939 -52.500000


35.402358 -47.203144 -52.506250 
36.644546 -44.408221 -53.131250 
36.644546 -47.203144 -53.756250 
35.402358 -47.203144 -52.506250


42.544939 -56.519554 -53.131250 
43.166033 -57.764847 -51.875000 
39.128922 -58.075394 -52.500000 
42.544939 -56.519554 -53.131250


48.137890 -49.376973 -50.625000 
48.755879 -51.243360 -56.250000 
49.690625 -48.445332 -56.250000 
48.137890 -49.376973 -50.625000


50.308614 -45.964061 -55.000000 
49.380078 -47.203144 -52.500000 
49.690625 -48.445332 -56.250000 
50.308614 -45.964061 -55.000000


50.001172 -45.029315 -51.250000 
49.380078 -47.203144 -52.500000 
50.308614 -45.964061 -55.000000 
50.001172 -45.029315 -51.250000


50.932813 -37.576187 -48.750000 
51.243360 -39.439469 -52.500000 
52.485548 -37.886734 -56.250000 
50.932813 -37.576187 -48.750000


52.485548 -36.644546 -54.375000 
50.932813 -37.576187 -48.750000 
52.485548 -37.886734 -56.250000 
52.485548 -36.644546 -54.375000


29.812512 -30.433606 -51.256250 
31.054700 -29.191418 -53.131250 
31.675794 -31.365247 -52.506250 
29.812512 -30.433606 -51.256250


32.296888 -28.259777 -50.631250 
32.917982 -27.946125 -54.375000 
31.054700 -29.191418 -53.131250 
32.296888 -28.259777 -50.631250


33.228529 -34.160170 -52.506250 
31.675794 -31.365247 -52.506250 
35.091811 -34.160170 -54.381250 
33.228529 -34.160170 -52.506250


36.644546 -44.408221 -53.131250 
35.402358 -47.203144 -52.506250 
35.399253 -42.544939 -52.500000 
36.644546 -44.408221 -53.131250


35.402358 -25.154307 -50.631250 
36.023452 -26.707042 -56.256250 
34.781264 -26.707042 -51.881250 
35.402358 -25.154307 -50.631250


36.023452 -26.707042 -56.256250 
35.402358 -25.154307 -50.631250 
37.886734 -25.775401 -52.506250 
36.023452 -26.707042 -56.256250


40.060563 -27.949230 -55.618750 
43.787127 -27.946125 -50.625000 
43.166033 -28.259777 -55.006250 
40.060563 -27.949230 -55.618750


44.718768 -54.969924 -53.750000 
43.166033 -57.764847 -51.875000 
42.544939 -56.519554 -53.131250 
44.718768 -54.969924 -53.750000


46.274608 -54.345725 -51.875000 
43.166033 -57.764847 -51.875000 
44.718768 -54.969924 -53.750000 
46.274608 -54.345725 -51.875000


43.787127 -27.946125 -50.625000 
47.824238 -29.501965 -54.381250 
45.650409 -29.809407 -53.750000 
43.787127 -27.946125 -50.625000


47.203144 -52.171896 -52.493750 
46.274608 -54.345725 -51.875000 
44.718768 -54.969924 -53.750000 
47.203144 -52.171896 -52.493750


48.445332 -28.259777 -51.881250 
51.240255 -28.570324 -54.381250 
47.824238 -29.501965 -54.381250 
48.445332 -28.259777 -51.881250


48.445332 -28.259777 -51.881250 
49.376973 -27.328136 -50.631250 
51.240255 -28.570324 -54.381250 
48.445332 -28.259777 -51.881250


50.932813 -42.234392 -52.500000 
50.001172 -45.029315 -51.250000 
50.308614 -45.964061 -55.000000 
50.932813 -42.234392 -52.500000


29.812512 -28.880871 -51.881250 
31.054700 -29.191418 -53.131250 
29.812512 -30.433606 -51.256250 
29.812512 -28.880871 -51.881250


32.914877 -51.550802 -51.250000 
34.470717 -49.998067 -51.881250 
32.914877 -52.792990 -52.500000 
32.914877 -51.550802 -51.250000


34.781264 -36.023452 -53.131250 
36.023452 -39.128922 -53.131250 
33.846518 -39.439469 -51.250000 
34.781264 -36.023452 -53.131250


33.846518 -39.439469 -51.250000 
36.023452 -39.128922 -53.131250 
35.399253 -42.544939 -52.500000 
33.846518 -39.439469 -51.250000


36.644546 -55.587913 -51.243750 
35.712905 -56.209007 -53.118750 
37.265640 -57.764847 -54.375000 
36.644546 -55.587913 -51.243750


38.818375 -56.519554 -50.618750 
39.128922 -58.075394 -52.500000 
43.166033 -57.764847 -51.875000 
38.818375 -56.519554 -50.618750


38.197281 -26.707042 -51.881250 
39.439469 -26.085948 -51.256250 
40.060563 -27.949230 -55.618750 
38.197281 -26.707042 -51.881250


39.439469 -26.085948 -51.256250 
41.302751 -27.328136 -50.631250 
40.060563 -27.949230 -55.618750 
39.439469 -26.085948 -51.256250


41.302751 -27.328136 -50.631250 
43.787127 -27.946125 -50.625000 
40.060563 -27.949230 -55.618750 
41.302751 -27.328136 -50.631250


43.787127 -27.946125 -50.625000 
48.445332 -28.259777 -51.881250 
47.824238 -29.501965 -54.381250 
43.787127 -27.946125 -50.625000


47.206249 -51.861349 -50.625000 
46.274608 -54.345725 -51.875000 
47.203144 -52.171896 -52.493750 
47.206249 -51.861349 -50.625000


49.380078 -47.203144 -52.500000 
48.137890 -49.376973 -50.625000 
49.690625 -48.445332 -56.250000 
49.380078 -47.203144 -52.500000


51.864454 -34.470717 -50.000000 
50.932813 -37.576187 -48.750000 
52.485548 -36.644546 -54.375000 
51.864454 -34.470717 -50.000000


52.796095 -33.849623 -53.750000 
51.864454 -34.470717 -50.000000 
52.485548 -36.644546 -54.375000 
52.796095 -33.849623 -53.750000


29.812512 -28.880871 -51.881250 
32.296888 -28.259777 -50.631250 
31.054700 -29.191418 -53.131250 
29.812512 -28.880871 -51.881250


29.812512 -30.433606 -51.256250 
31.675794 -31.365247 -52.506250 
33.228529 -34.160170 -52.506250 
29.812512 -30.433606 -51.256250


31.365247 -34.160170 -50.631250 
33.846518 -39.439469 -51.250000 
31.362142 -35.712905 -50.000000 
31.365247 -34.160170 -50.631250


31.365247 -34.160170 -50.631250 
33.228529 -34.160170 -52.506250 
34.781264 -36.023452 -53.131250 
31.365247 -34.160170 -50.631250


31.365247 -34.160170 -50.631250 
34.781264 -36.023452 -53.131250 
33.846518 -39.439469 -51.250000 
31.365247 -34.160170 -50.631250


33.228529 -46.582050 -50.006250 
35.402358 -47.203144 -52.506250 
34.470717 -49.998067 -51.881250 
33.228529 -46.582050 -50.006250


33.228529 -46.582050 -50.006250 
35.399253 -42.544939 -52.500000 
35.402358 -47.203144 -52.506250 
33.228529 -46.582050 -50.006250


33.228529 -46.582050 -50.006250 
33.846518 -39.439469 -51.250000 
35.399253 -42.544939 -52.500000 
33.228529 -46.582050 -50.006250


39.128922 -58.075394 -52.500000 
36.644546 -55.587913 -51.243750 
37.265640 -57.764847 -54.375000 
39.128922 -58.075394 -52.500000


46.274608 -54.345725 -51.875000 
44.097674 -56.519554 -49.993750 
43.166033 -57.764847 -51.875000 
46.274608 -54.345725 -51.875000


48.137890 -49.376973 -50.625000 
47.203144 -52.171896 -52.493750 
48.755879 -51.243360 -56.250000 
48.137890 -49.376973 -50.625000


49.376973 -41.613298 -47.493750 
50.001172 -45.029315 -51.250000 
50.932813 -42.234392 -52.500000 
49.376973 -41.613298 -47.493750


49.376973 -27.328136 -50.631250 
52.792990 -28.877766 -53.750000 
51.240255 -28.570324 -54.381250 
49.376973 -27.328136 -50.631250


31.365247 -34.160170 -50.631250 
29.812512 -30.433606 -51.256250 
33.228529 -34.160170 -52.506250 
31.365247 -34.160170 -50.631250


32.296888 -28.259777 -50.631250 
29.812512 -28.880871 -51.881250 
31.365247 -26.396495 -49.381250 
32.296888 -28.259777 -50.631250


35.402358 -25.154307 -50.631250 
32.296888 -28.259777 -50.631250 
31.365247 -26.396495 -49.381250 
35.402358 -25.154307 -50.631250


32.914877 -52.792990 -52.500000 
35.712905 -56.209007 -53.118750 
36.644546 -55.587913 -51.243750 
32.914877 -52.792990 -52.500000


35.402358 -25.154307 -50.631250 
34.781264 -26.707042 -51.881250 
32.296888 -28.259777 -50.631250 
35.402358 -25.154307 -50.631250


32.914877 -51.550802 -51.250000 
32.914877 -52.792990 -52.500000 
36.644546 -55.587913 -51.243750 
32.914877 -51.550802 -51.250000


37.886734 -25.775401 -52.506250 
39.439469 -26.085948 -51.256250 
38.197281 -26.707042 -51.881250 
37.886734 -25.775401 -52.506250


38.818375 -56.519554 -50.618750 
36.644546 -55.587913 -51.243750 
39.128922 -58.075394 -52.500000 
38.818375 -56.519554 -50.618750


40.681657 -25.775401 -48.131250 
41.302751 -27.328136 -50.631250 
39.439469 -26.085948 -51.256250 
40.681657 -25.775401 -48.131250


43.787127 -27.946125 -50.625000 
46.582050 -28.259777 -50.631250 
48.445332 -28.259777 -51.881250 
43.787127 -27.946125 -50.625000


48.137890 -49.376973 -50.625000 
47.206249 -51.861349 -50.625000 
47.203144 -52.171896 -52.493750 
48.137890 -49.376973 -50.625000


49.376973 -27.014484 -49.375000 
49.376973 -27.328136 -50.631250 
46.582050 -28.259777 -50.631250 
49.376973 -27.014484 -49.375000


46.582050 -28.259777 -50.631250 
49.376973 -27.328136 -50.631250 
48.445332 -28.259777 -51.881250 
46.582050 -28.259777 -50.631250


50.001172 -45.029315 -51.250000 
48.755879 -46.271503 -48.743750 
49.380078 -47.203144 -52.500000 
50.001172 -45.029315 -51.250000


51.243360 -39.439469 -52.500000 
49.376973 -41.613298 -47.493750 
50.932813 -42.234392 -52.500000 
51.243360 -39.439469 -52.500000


50.932813 -37.576187 -48.750000 
49.376973 -41.613298 -47.493750 
51.243360 -39.439469 -52.500000 
50.932813 -37.576187 -48.750000


52.792990 -28.877766 -53.750000 
51.864454 -34.470717 -50.000000 
52.796095 -33.849623 -53.750000 
52.792990 -28.877766 -53.750000


27.949230 -28.259777 -48.756250 
29.812512 -28.880871 -51.881250 
29.812512 -30.433606 -51.256250 
27.949230 -28.259777 -48.756250


28.567219 -32.296888 -48.125000 
29.812512 -30.433606 -51.256250 
31.365247 -34.160170 -50.631250 
28.567219 -32.296888 -48.125000


32.607435 -49.998067 -49.381250 
34.470717 -49.998067 -51.881250 
32.914877 -51.550802 -51.250000 
32.607435 -49.998067 -49.381250


31.362142 -35.712905 -50.000000 
33.846518 -39.439469 -51.250000 
32.293783 -40.060563 -49.375000 
31.362142 -35.712905 -50.000000


31.672689 -48.445332 -48.125000 
33.228529 -46.582050 -50.006250 
34.470717 -49.998067 -51.881250 
31.672689 -48.445332 -48.125000


36.644546 -53.724631 -49.368750 
32.914877 -51.550802 -51.250000 
36.644546 -55.587913 -51.243750 
36.644546 -53.724631 -49.368750


35.402358 -22.359384 -49.381250 
37.886734 -25.775401 -52.506250 
35.402358 -25.154307 -50.631250 
35.402358 -22.359384 -49.381250


36.023452 -22.048837 -48.131250 
37.886734 -24.843760 -49.381250 
35.402358 -22.359384 -49.381250 
36.023452 -22.048837 -48.131250


39.439469 -54.656272 -50.618750 
36.644546 -53.724631 -49.368750 
36.644546 -55.587913 -51.243750 
39.439469 -54.656272 -50.618750


38.818375 -56.519554 -50.618750 
39.439469 -54.656272 -50.618750 
36.644546 -55.587913 -51.243750 
38.818375 -56.519554 -50.618750


41.923845 -55.898460 -49.368750 
39.439469 -54.656272 -50.618750 
38.818375 -56.519554 -50.618750 
41.923845 -55.898460 -49.368750


44.097674 -56.519554 -49.993750 
41.923845 -55.898460 -49.368750 
38.818375 -56.519554 -50.618750 
44.097674 -56.519554 -49.993750


38.818375 -56.519554 -50.618750 
43.166033 -57.764847 -51.875000 
44.097674 -56.519554 -49.993750 
38.818375 -56.519554 -50.618750


41.302751 -27.328136 -50.631250 
46.582050 -28.259777 -50.631250 
43.787127 -27.946125 -50.625000 
41.302751 -27.328136 -50.631250


47.206249 -51.861349 -50.625000 
45.339862 -53.103537 -47.493750 
46.274608 -54.345725 -51.875000 
47.206249 -51.861349 -50.625000


49.376973 -27.014484 -49.375000 
52.792990 -28.877766 -53.750000 
49.376973 -27.328136 -50.631250 
49.376973 -27.014484 -49.375000


30.123059 -34.781264 -48.756250 
28.567219 -32.296888 -48.125000 
31.365247 -34.160170 -50.631250 
30.123059 -34.781264 -48.756250


31.365247 -26.396495 -49.381250 
29.812512 -28.880871 -51.881250 
27.949230 -28.259777 -48.756250 
31.365247 -26.396495 -49.381250


29.812512 -24.843760 -48.131250 
31.365247 -26.396495 -49.381250 
27.949230 -28.259777 -48.756250 
29.812512 -24.843760 -48.131250


30.123059 -34.781264 -48.756250 
31.365247 -34.160170 -50.631250 
31.362142 -35.712905 -50.000000 
30.123059 -34.781264 -48.756250


31.054700 -37.265640 -48.756250 
31.362142 -35.712905 -50.000000 
32.293783 -40.060563 -49.375000 
31.054700 -37.265640 -48.756250


33.539076 -23.601572 -49.381250 
31.365247 -26.396495 -49.381250 
29.812512 -24.843760 -48.131250 
33.539076 -23.601572 -49.381250


31.672689 -48.445332 -48.125000 
34.470717 -49.998067 -51.881250 
32.607435 -49.998067 -49.381250 
31.672689 -48.445332 -48.125000


32.293783 -40.060563 -49.375000 
33.846518 -39.439469 -51.250000 
33.228529 -46.582050 -50.006250 
32.293783 -40.060563 -49.375000


33.539076 -23.601572 -49.381250 
35.402358 -22.359384 -49.381250 
31.365247 -26.396495 -49.381250 
33.539076 -23.601572 -49.381250


35.402358 -22.359384 -49.381250 
35.402358 -25.154307 -50.631250 
31.365247 -26.396495 -49.381250 
35.402358 -22.359384 -49.381250


41.613298 -54.035178 -49.368750 
36.644546 -53.724631 -49.368750 
39.439469 -54.656272 -50.618750 
41.613298 -54.035178 -49.368750


35.402358 -22.359384 -49.381250 
37.886734 -24.843760 -49.381250 
37.886734 -25.775401 -52.506250 
35.402358 -22.359384 -49.381250


37.886734 -25.775401 -52.506250 
37.886734 -24.843760 -49.381250 
39.439469 -26.085948 -51.256250 
37.886734 -25.775401 -52.506250


41.613298 -54.035178 -49.368750 
39.439469 -54.656272 -50.618750 
41.923845 -55.898460 -49.368750 
41.613298 -54.035178 -49.368750


41.302751 -27.328136 -50.631250 
49.376973 -27.014484 -49.375000 
46.582050 -28.259777 -50.631250 
41.302751 -27.328136 -50.631250


48.755879 -46.271503 -48.743750 
48.137890 -49.376973 -50.625000 
49.380078 -47.203144 -52.500000 
48.755879 -46.271503 -48.743750


50.932813 -25.154307 -46.250000 
51.864454 -34.470717 -50.000000 
52.792990 -28.877766 -53.750000 
50.932813 -25.154307 -46.250000


31.675794 -43.476580 -48.131250 
32.293783 -40.060563 -49.375000 
33.228529 -46.582050 -50.006250 
31.675794 -43.476580 -48.131250


31.675794 -43.476580 -48.131250 
33.228529 -46.582050 -50.006250 
31.672689 -48.445332 -48.125000 
31.675794 -43.476580 -48.131250


32.607435 -49.998067 -49.381250 
32.914877 -51.550802 -51.250000 
34.781264 -50.619161 -48.118750 
32.607435 -49.998067 -49.381250


36.644546 -53.724631 -49.368750 
34.781264 -50.619161 -48.118750 
32.914877 -51.550802 -51.250000 
36.644546 -53.724631 -49.368750


39.128922 -52.792990 -48.743750 
36.644546 -53.724631 -49.368750 
41.613298 -54.035178 -49.368750 
39.128922 -52.792990 -48.743750


36.023452 -22.048837 -48.131250 
38.507828 -24.533213 -48.131250 
37.886734 -24.843760 -49.381250 
36.023452 -22.048837 -48.131250


37.886734 -24.843760 -49.381250 
38.507828 -24.533213 -48.131250 
39.439469 -26.085948 -51.256250 
37.886734 -24.843760 -49.381250


38.507828 -24.533213 -48.131250 
40.681657 -25.775401 -48.131250 
39.439469 -26.085948 -51.256250 
38.507828 -24.533213 -48.131250


42.234392 -54.035178 -48.118750 
41.613298 -54.035178 -49.368750 
41.923845 -55.898460 -49.368750 
42.234392 -54.035178 -48.118750


45.339862 -53.103537 -47.493750 
41.923845 -55.898460 -49.368750 
44.097674 -56.519554 -49.993750 
45.339862 -53.103537 -47.493750


45.339862 -53.103537 -47.493750 
44.097674 -56.519554 -49.993750 
46.274608 -54.345725 -51.875000 
45.339862 -53.103537 -47.493750


49.066426 -26.085948 -46.881250 
50.932813 -25.154307 -46.250000 
49.376973 -27.014484 -49.375000 
49.066426 -26.085948 -46.881250


49.376973 -27.014484 -49.375000 
50.932813 -25.154307 -46.250000 
52.792990 -28.877766 -53.750000 
49.376973 -27.014484 -49.375000


28.567219 -32.296888 -48.125000 
27.949230 -28.259777 -48.756250 
29.812512 -30.433606 -51.256250 
28.567219 -32.296888 -48.125000


31.054700 -37.265640 -48.756250 
30.123059 -34.781264 -48.756250 
31.362142 -35.712905 -50.000000 
31.054700 -37.265640 -48.756250


31.054700 -37.265640 -48.756250 
32.293783 -40.060563 -49.375000 
30.744153 -40.681657 -47.506250 
31.054700 -37.265640 -48.756250


30.744153 -40.681657 -47.506250 
32.293783 -40.060563 -49.375000 
31.675794 -43.476580 -48.131250 
30.744153 -40.681657 -47.506250


31.054700 -23.291025 -48.131250 
33.539076 -23.601572 -49.381250 
29.812512 -24.843760 -48.131250 
31.054700 -23.291025 -48.131250


36.023452 -22.048837 -48.131250 
35.402358 -22.359384 -49.381250 
33.539076 -23.601572 -49.381250 
36.023452 -22.048837 -48.131250


36.644546 -53.724631 -49.368750 
37.265640 -52.482443 -47.493750 
34.781264 -50.619161 -48.118750 
36.644546 -53.724631 -49.368750


42.234392 -54.035178 -48.118750 
39.128922 -52.792990 -48.743750 
41.613298 -54.035178 -49.368750 
42.234392 -54.035178 -48.118750


40.681657 -25.775401 -48.131250 
46.582050 -26.396495 -48.756250 
41.302751 -27.328136 -50.631250 
40.681657 -25.775401 -48.131250


41.302751 -27.328136 -50.631250 
46.582050 -26.396495 -48.756250 
49.376973 -27.014484 -49.375000 
41.302751 -27.328136 -50.631250


42.234392 -54.035178 -48.118750 
41.923845 -55.898460 -49.368750 
45.339862 -53.103537 -47.493750 
42.234392 -54.035178 -48.118750


40.681657 -25.775401 -48.131250 
41.302751 -25.464854 -46.881250 
46.582050 -26.396495 -48.756250 
40.681657 -25.775401 -48.131250


46.892597 -49.066426 -46.243750 
47.206249 -51.861349 -50.625000 
48.137890 -49.376973 -50.625000 
46.892597 -49.066426 -46.243750


46.582050 -26.396495 -48.756250 
49.066426 -26.085948 -46.881250 
49.376973 -27.014484 -49.375000 
46.582050 -26.396495 -48.756250


49.376973 -41.613298 -47.493750 
48.755879 -46.271503 -48.743750 
50.001172 -45.029315 -51.250000 
49.376973 -41.613298 -47.493750


50.932813 -37.576187 -48.750000 
48.758984 -39.128922 -45.000000 
49.376973 -41.613298 -47.493750 
50.932813 -37.576187 -48.750000


50.619161 -34.470717 -46.868750 
50.932813 -37.576187 -48.750000 
51.864454 -34.470717 -50.000000 
50.619161 -34.470717 -46.868750


50.622266 -27.949230 -45.000000 
50.308614 -31.054700 -44.993750 
51.864454 -34.470717 -50.000000 
50.622266 -27.949230 -45.000000


50.932813 -25.154307 -46.250000 
50.622266 -27.949230 -45.000000 
51.864454 -34.470717 -50.000000 
50.932813 -25.154307 -46.250000


28.259777 -25.464854 -46.881250 
27.949230 -28.259777 -48.756250 
27.328136 -27.014484 -45.625000 
28.259777 -25.464854 -46.881250


27.946125 -30.433606 -45.625000 
27.949230 -28.259777 -48.756250 
28.567219 -32.296888 -48.125000 
27.946125 -30.433606 -45.625000


28.259777 -25.464854 -46.881250 
29.812512 -24.843760 -48.131250 
27.949230 -28.259777 -48.756250 
28.259777 -25.464854 -46.881250


29.809407 -42.855486 -46.250000 
30.744153 -40.681657 -47.506250 
31.675794 -43.476580 -48.131250 
29.809407 -42.855486 -46.250000


30.119954 -45.960956 -45.625000 
31.675794 -43.476580 -48.131250 
30.744153 -46.892597 -46.868750 
30.119954 -45.960956 -45.625000


30.744153 -46.892597 -46.868750 
31.675794 -43.476580 -48.131250 
31.672689 -48.445332 -48.125000 
30.744153 -46.892597 -46.868750


33.228529 -21.427743 -46.256250 
33.539076 -23.601572 -49.381250 
31.054700 -23.291025 -48.131250 
33.228529 -21.427743 -46.256250


31.672689 -48.445332 -48.125000 
32.607435 -49.998067 -49.381250 
34.781264 -50.619161 -48.118750 
31.672689 -48.445332 -48.125000


37.265640 -52.482443 -47.493750 
31.672689 -48.445332 -48.125000 
34.781264 -50.619161 -48.118750 
37.265640 -52.482443 -47.493750


37.265640 -52.482443 -47.493750 
36.644546 -53.724631 -49.368750 
39.128922 -52.792990 -48.743750 
37.265640 -52.482443 -47.493750


39.750016 -51.550802 -46.868750 
37.265640 -52.482443 -47.493750 
39.128922 -52.792990 -48.743750 
39.750016 -51.550802 -46.868750


45.960956 -51.861349 -46.868750 
45.339862 -53.103537 -47.493750 
47.206249 -51.861349 -50.625000 
45.960956 -51.861349 -46.868750


47.206249 -47.513691 -46.250000 
48.137890 -49.376973 -50.625000 
48.755879 -46.271503 -48.743750 
47.206249 -47.513691 -46.250000


45.650409 -25.464854 -46.881250 
49.066426 -26.085948 -46.881250 
46.582050 -26.396495 -48.756250 
45.650409 -25.464854 -46.881250


50.932813 -25.154307 -46.250000 
49.066426 -26.085948 -46.881250 
49.994962 -24.222666 -48.750000 
50.932813 -25.154307 -46.250000


28.567219 -32.296888 -48.125000 
30.123059 -34.781264 -48.756250 
29.191418 -35.402358 -45.618750 
28.567219 -32.296888 -48.125000


28.877766 -40.371110 -45.000000 
31.054700 -37.265640 -48.756250 
30.744153 -40.681657 -47.506250 
28.877766 -40.371110 -45.000000


29.191418 -35.402358 -45.618750 
30.123059 -34.781264 -48.756250 
31.054700 -37.265640 -48.756250 
29.191418 -35.402358 -45.618750


28.259777 -25.464854 -46.881250 
31.054700 -23.291025 -48.131250 
29.812512 -24.843760 -48.131250 
28.259777 -25.464854 -46.881250


29.809407 -42.855486 -46.250000 
31.675794 -43.476580 -48.131250 
30.119954 -45.960956 -45.625000 
29.809407 -42.855486 -46.250000


33.228529 -21.427743 -46.256250 
31.054700 -23.291025 -48.131250 
28.259777 -25.464854 -46.881250 
33.228529 -21.427743 -46.256250


33.228529 -21.427743 -46.256250 
36.023452 -22.048837 -48.131250 
33.539076 -23.601572 -49.381250 
33.228529 -21.427743 -46.256250


37.886734 -50.929708 -46.243750 
31.672689 -48.445332 -48.125000 
37.265640 -52.482443 -47.493750 
37.886734 -50.929708 -46.243750


33.849623 -20.496102 -46.256250 
36.644546 -20.803544 -45.000000 
36.023452 -22.048837 -48.131250 
33.849623 -20.496102 -46.256250


36.023452 -22.048837 -48.131250 
38.818375 -24.222666 -46.881250 
38.507828 -24.533213 -48.131250 
36.023452 -22.048837 -48.131250


38.507828 -24.533213 -48.131250 
41.302751 -25.464854 -46.881250 
40.681657 -25.775401 -48.131250 
38.507828 -24.533213 -48.131250


38.818375 -24.222666 -46.881250 
41.302751 -25.464854 -46.881250 
38.507828 -24.533213 -48.131250 
38.818375 -24.222666 -46.881250


39.750016 -51.550802 -46.868750 
39.128922 -52.792990 -48.743750 
42.234392 -54.035178 -48.118750 
39.750016 -51.550802 -46.868750


45.339862 -53.103537 -47.493750 
45.960956 -51.861349 -46.868750 
42.234392 -54.035178 -48.118750 
45.339862 -53.103537 -47.493750


41.302751 -25.464854 -46.881250 
45.650409 -25.464854 -46.881250 
46.582050 -26.396495 -48.756250 
41.302751 -25.464854 -46.881250


46.892597 -49.066426 -46.243750 
45.960956 -51.861349 -46.868750 
47.206249 -51.861349 -50.625000 
46.892597 -49.066426 -46.243750


47.206249 -47.513691 -46.250000 
46.892597 -49.066426 -46.243750 
48.137890 -49.376973 -50.625000 
47.206249 -47.513691 -46.250000


48.137890 -43.166033 -45.625000 
48.755879 -46.271503 -48.743750 
49.376973 -41.613298 -47.493750 
48.137890 -43.166033 -45.625000


48.758984 -39.128922 -45.000000 
48.137890 -43.166033 -45.625000 
49.376973 -41.613298 -47.493750 
48.758984 -39.128922 -45.000000


50.308614 -37.576187 -46.868750 
48.758984 -39.128922 -45.000000 
50.932813 -37.576187 -48.750000 
50.308614 -37.576187 -46.868750


50.619161 -34.470717 -46.868750 
50.308614 -37.576187 -46.868750 
50.932813 -37.576187 -48.750000 
50.619161 -34.470717 -46.868750


28.259777 -36.955093 -44.993750 
29.191418 -35.402358 -45.618750 
28.877766 -40.371110 -45.000000 
28.259777 -36.955093 -44.993750


29.191418 -35.402358 -45.618750 
31.054700 -37.265640 -48.756250 
28.877766 -40.371110 -45.000000 
29.191418 -35.402358 -45.618750


28.877766 -40.371110 -45.000000 
30.744153 -40.681657 -47.506250 
29.809407 -42.855486 -46.250000 
28.877766 -40.371110 -45.000000


31.365247 -45.339862 -44.993750 
30.119954 -45.960956 -45.625000 
30.744153 -46.892597 -46.868750 
31.365247 -45.339862 -44.993750


30.744153 -46.892597 -46.868750 
31.672689 -48.445332 -48.125000 
33.228529 -47.824238 -46.243750 
30.744153 -46.892597 -46.868750


33.849623 -20.496102 -46.256250 
36.023452 -22.048837 -48.131250 
33.228529 -21.427743 -46.256250 
33.849623 -20.496102 -46.256250


33.228529 -47.824238 -46.243750 
31.672689 -48.445332 -48.125000 
37.886734 -50.929708 -46.243750 
33.228529 -47.824238 -46.243750


39.750016 -51.550802 -46.868750 
37.886734 -50.929708 -46.243750 
37.265640 -52.482443 -47.493750 
39.750016 -51.550802 -46.868750


45.960956 -51.861349 -46.868750 
41.923845 -50.308614 -46.243750 
39.750016 -51.550802 -46.868750 
45.960956 -51.861349 -46.868750


45.960956 -51.861349 -46.868750 
39.750016 -51.550802 -46.868750 
42.234392 -54.035178 -48.118750 
45.960956 -51.861349 -46.868750


46.892597 -49.066426 -46.243750 
41.923845 -50.308614 -46.243750 
45.960956 -51.861349 -46.868750 
46.892597 -49.066426 -46.243750


48.134785 -45.029315 -44.368750 
48.755879 -46.271503 -48.743750 
48.137890 -43.166033 -45.625000 
48.134785 -45.029315 -44.368750


47.513691 -24.533213 -45.631250 
49.066426 -26.085948 -46.881250 
45.650409 -25.464854 -46.881250 
47.513691 -24.533213 -45.631250


50.619161 -34.470717 -46.868750 
48.758984 -39.128922 -45.000000 
50.308614 -37.576187 -46.868750 
50.619161 -34.470717 -46.868750


50.932813 -25.154307 -46.250000 
49.994962 -24.222666 -48.750000 
49.066426 -26.085948 -46.881250 
50.932813 -25.154307 -46.250000


51.864454 -34.470717 -50.000000 
50.308614 -31.054700 -44.993750 
50.619161 -34.470717 -46.868750 
51.864454 -34.470717 -50.000000


27.946125 -30.433606 -45.625000 
27.328136 -27.014484 -45.625000 
27.949230 -28.259777 -48.756250 
27.946125 -30.433606 -45.625000


29.191418 -35.402358 -45.618750 
27.946125 -30.433606 -45.625000 
28.567219 -32.296888 -48.125000 
29.191418 -35.402358 -45.618750


33.228529 -47.824238 -46.243750 
31.365247 -45.339862 -44.993750 
30.744153 -46.892597 -46.868750 
33.228529 -47.824238 -46.243750


30.741048 -22.669931 -41.875000 
33.228529 -21.427743 -46.256250 
28.259777 -25.464854 -46.881250 
30.741048 -22.669931 -41.875000


32.293783 -20.806649 -44.375000 
33.849623 -20.496102 -46.256250 
33.228529 -21.427743 -46.256250 
32.293783 -20.806649 -44.375000


38.507828 -49.376973 -46.243750 
33.228529 -47.824238 -46.243750 
37.886734 -50.929708 -46.243750 
38.507828 -49.376973 -46.243750


38.507828 -49.376973 -46.243750 
35.712905 -47.513691 -45.618750 
33.228529 -47.824238 -46.243750 
38.507828 -49.376973 -46.243750


36.644546 -20.803544 -45.000000 
37.576187 -22.359384 -45.631250 
36.023452 -22.048837 -48.131250 
36.644546 -20.803544 -45.000000


36.023452 -22.048837 -48.131250 
37.576187 -22.359384 -45.631250 
38.818375 -24.222666 -46.881250 
36.023452 -22.048837 -48.131250


37.576187 -22.359384 -45.631250 
40.060563 -23.291025 -44.381250 
38.818375 -24.222666 -46.881250 
37.576187 -22.359384 -45.631250


41.923845 -50.308614 -46.243750 
38.507828 -49.376973 -46.243750 
37.886734 -50.929708 -46.243750 
41.923845 -50.308614 -46.243750


38.818375 -24.222666 -46.881250 
42.234392 -24.533213 -45.631250 
41.302751 -25.464854 -46.881250 
38.818375 -24.222666 -46.881250


40.060563 -23.291025 -44.381250 
42.234392 -24.533213 -45.631250 
38.818375 -24.222666 -46.881250 
40.060563 -23.291025 -44.381250


37.886734 -50.929708 -46.243750 
39.750016 -51.550802 -46.868750 
41.923845 -50.308614 -46.243750 
37.886734 -50.929708 -46.243750


42.234392 -24.533213 -45.631250 
47.513691 -24.533213 -45.631250 
41.302751 -25.464854 -46.881250 
42.234392 -24.533213 -45.631250


41.302751 -25.464854 -46.881250 
47.513691 -24.533213 -45.631250 
45.650409 -25.464854 -46.881250 
41.302751 -25.464854 -46.881250


46.892597 -49.066426 -46.243750 
43.787127 -48.755879 -46.243750 
41.923845 -50.308614 -46.243750 
46.892597 -49.066426 -46.243750


47.206249 -47.513691 -46.250000 
45.960956 -46.582050 -45.618750 
43.787127 -48.755879 -46.243750 
47.206249 -47.513691 -46.250000


47.206249 -47.513691 -46.250000 
43.787127 -48.755879 -46.243750 
46.892597 -49.066426 -46.243750 
47.206249 -47.513691 -46.250000


48.134785 -45.029315 -44.368750 
47.206249 -47.513691 -46.250000 
48.755879 -46.271503 -48.743750 
48.134785 -45.029315 -44.368750


27.328136 -27.014484 -45.625000 
27.946125 -30.433606 -45.625000 
28.256672 -30.744153 -43.750000 
27.328136 -27.014484 -45.625000


30.119954 -33.539076 -44.375000 
27.946125 -30.433606 -45.625000 
29.191418 -35.402358 -45.618750 
30.119954 -33.539076 -44.375000


28.877766 -40.371110 -45.000000 
29.809407 -42.855486 -46.250000 
30.119954 -45.960956 -45.625000 
28.877766 -40.371110 -45.000000


28.259777 -36.955093 -44.993750 
30.744153 -41.613298 -44.993750 
30.123059 -38.818375 -45.618750 
28.259777 -36.955093 -44.993750


30.119954 -33.539076 -44.375000 
29.191418 -35.402358 -45.618750 
30.123059 -35.402358 -44.381250 
30.119954 -33.539076 -44.375000


30.123059 -35.402358 -44.381250 
29.191418 -35.402358 -45.618750 
30.123059 -38.818375 -45.618750 
30.123059 -35.402358 -44.381250


30.123059 -35.402358 -44.381250 
30.123059 -38.818375 -45.618750 
30.744153 -41.613298 -44.993750 
30.123059 -35.402358 -44.381250


31.365247 -45.339862 -44.993750 
33.228529 -47.824238 -46.243750 
35.712905 -47.513691 -45.618750 
31.365247 -45.339862 -44.993750


33.849623 -20.496102 -46.256250 
34.470717 -19.564461 -44.381250 
36.644546 -20.803544 -45.000000 
33.849623 -20.496102 -46.256250


38.507828 -49.376973 -46.243750 
35.712905 -46.585155 -44.375000 
35.712905 -47.513691 -45.618750 
38.507828 -49.376973 -46.243750


37.886734 -45.650409 -45.618750 
35.712905 -46.585155 -44.375000 
38.507828 -49.376973 -46.243750 
37.886734 -45.650409 -45.618750


39.439469 -47.513691 -45.618750 
37.886734 -45.650409 -45.618750 
38.507828 -49.376973 -46.243750 
39.439469 -47.513691 -45.618750


43.787127 -48.755879 -46.243750 
39.439469 -47.513691 -45.618750 
38.507828 -49.376973 -46.243750 
43.787127 -48.755879 -46.243750


43.787127 -48.755879 -46.243750 
38.507828 -49.376973 -46.243750 
41.923845 -50.308614 -46.243750 
43.787127 -48.755879 -46.243750


44.408221 -45.653514 -44.375000 
42.544939 -46.892597 -44.368750 
39.439469 -47.513691 -45.618750 
44.408221 -45.653514 -44.375000


43.787127 -48.755879 -46.243750 
44.408221 -45.653514 -44.375000 
39.439469 -47.513691 -45.618750 
43.787127 -48.755879 -46.243750


45.960956 -46.582050 -45.618750 
44.408221 -45.653514 -44.375000 
43.787127 -48.755879 -46.243750 
45.960956 -46.582050 -45.618750


42.234392 -24.533213 -45.631250 
47.513691 -23.601572 -44.381250 
47.513691 -24.533213 -45.631250 
42.234392 -24.533213 -45.631250


47.513691 -24.533213 -45.631250 
48.755879 -24.533213 -44.381250 
49.066426 -26.085948 -46.881250 
47.513691 -24.533213 -45.631250


49.069531 -34.781264 -43.750000 
48.758984 -39.128922 -45.000000 
50.619161 -34.470717 -46.868750 
49.069531 -34.781264 -43.750000


50.308614 -31.054700 -44.993750 
49.069531 -34.781264 -43.750000 
50.619161 -34.470717 -46.868750 
50.308614 -31.054700 -44.993750


48.755879 -24.533213 -44.381250 
50.932813 -25.154307 -46.250000 
49.066426 -26.085948 -46.881250 
48.755879 -24.533213 -44.381250


28.256672 -30.744153 -43.750000 
27.946125 -30.433606 -45.625000 
30.119954 -33.539076 -44.375000 
28.256672 -30.744153 -43.750000


30.744153 -41.613298 -44.993750 
28.259777 -36.955093 -44.993750 
28.877766 -40.371110 -45.000000 
30.744153 -41.613298 -44.993750


29.191418 -35.402358 -45.618750 
28.259777 -36.955093 -44.993750 
30.123059 -38.818375 -45.618750 
29.191418 -35.402358 -45.618750


31.365247 -45.339862 -44.993750 
28.877766 -40.371110 -45.000000 
30.119954 -45.960956 -45.625000 
31.365247 -45.339862 -44.993750


30.744153 -41.613298 -44.993750 
28.877766 -40.371110 -45.000000 
31.365247 -45.339862 -44.993750 
30.744153 -41.613298 -44.993750


30.741048 -39.128922 -44.375000 
30.123059 -35.402358 -44.381250 
30.744153 -41.613298 -44.993750 
30.741048 -39.128922 -44.375000


31.675794 -19.564461 -43.131250 
33.849623 -20.496102 -46.256250 
32.293783 -20.806649 -44.375000 
31.675794 -19.564461 -43.131250


31.675794 -19.564461 -43.131250 
34.470717 -19.564461 -44.381250 
33.849623 -20.496102 -46.256250 
31.675794 -19.564461 -43.131250


33.539076 -18.940262 -41.875000 
34.470717 -19.564461 -44.381250 
31.675794 -19.564461 -43.131250 
33.539076 -18.940262 -41.875000


35.712905 -46.585155 -44.375000 
34.781264 -44.097674 -43.118750 
35.712905 -47.513691 -45.618750 
35.712905 -46.585155 -44.375000


40.060563 -23.291025 -44.381250 
37.576187 -22.359384 -45.631250 
40.992204 -21.738290 -43.131250 
40.060563 -23.291025 -44.381250


42.544939 -46.892597 -44.368750 
37.886734 -45.650409 -45.618750 
39.439469 -47.513691 -45.618750 
42.544939 -46.892597 -44.368750


47.513691 -23.601572 -44.381250 
42.234392 -24.533213 -45.631250 
40.060563 -23.291025 -44.381250 
47.513691 -23.601572 -44.381250


40.060563 -23.291025 -44.381250 
47.513691 -22.980478 -43.131250 
47.513691 -23.601572 -44.381250 
40.060563 -23.291025 -44.381250


45.960956 -46.582050 -45.618750 
46.582050 -44.097674 -44.368750 
44.408221 -45.653514 -44.375000 
45.960956 -46.582050 -45.618750


48.134785 -45.029315 -44.368750 
46.582050 -44.097674 -44.368750 
45.960956 -46.582050 -45.618750 
48.134785 -45.029315 -44.368750


48.134785 -45.029315 -44.368750 
45.960956 -46.582050 -45.618750 
47.206249 -47.513691 -46.250000 
48.134785 -45.029315 -44.368750


48.758984 -39.128922 -45.000000 
48.445332 -41.613298 -41.868750 
48.137890 -43.166033 -45.625000 
48.758984 -39.128922 -45.000000


49.069531 -34.781264 -43.750000 
48.755879 -38.818375 -40.618750 
48.758984 -39.128922 -45.000000 
49.069531 -34.781264 -43.750000


50.622266 -27.949230 -45.000000 
49.380078 -29.812512 -43.125000 
50.308614 -31.054700 -44.993750 
50.622266 -27.949230 -45.000000


48.755879 -24.533213 -44.381250 
50.311719 -23.601572 -43.750000 
50.932813 -25.154307 -46.250000 
48.755879 -24.533213 -44.381250


27.014484 -28.259777 -40.625000 
26.082843 -26.707042 -42.500000 
27.328136 -27.014484 -45.625000 
27.014484 -28.259777 -40.625000


27.014484 -28.259777 -40.625000 
27.328136 -27.014484 -45.625000 
28.256672 -30.744153 -43.750000 
27.014484 -28.259777 -40.625000


27.328136 -27.014484 -45.625000 
28.570324 -24.533213 -41.881250 
28.259777 -25.464854 -46.881250 
27.328136 -27.014484 -45.625000


29.501965 -36.955093 -43.756250 
30.123059 -35.402358 -44.381250 
30.741048 -39.128922 -44.375000 
29.501965 -36.955093 -43.756250


30.119954 -42.855486 -42.500000 
30.741048 -39.128922 -44.375000 
30.744153 -41.613298 -44.993750 
30.119954 -42.855486 -42.500000


30.119954 -42.855486 -42.500000 
30.744153 -41.613298 -44.993750 
31.365247 -45.339862 -44.993750 
30.119954 -42.855486 -42.500000


30.741048 -22.669931 -41.875000 
32.293783 -20.806649 -44.375000 
33.228529 -21.427743 -46.256250 
30.741048 -22.669931 -41.875000


31.365247 -45.339862 -44.993750 
35.712905 -47.513691 -45.618750 
34.781264 -44.097674 -43.118750 
31.365247 -45.339862 -44.993750


35.712905 -43.476580 -43.118750 
34.781264 -44.097674 -43.118750 
35.712905 -46.585155 -44.375000 
35.712905 -43.476580 -43.118750


38.818375 -44.721873 -43.750000 
35.712905 -46.585155 -44.375000 
37.886734 -45.650409 -45.618750 
38.818375 -44.721873 -43.750000


38.818375 -44.721873 -43.750000 
37.886734 -45.650409 -45.618750 
42.544939 -46.892597 -44.368750 
38.818375 -44.721873 -43.750000


44.408221 -45.653514 -44.375000 
42.234392 -45.029315 -43.118750 
42.544939 -46.892597 -44.368750 
44.408221 -45.653514 -44.375000


46.582050 -44.097674 -44.368750 
42.234392 -45.029315 -43.118750 
44.408221 -45.653514 -44.375000 
46.582050 -44.097674 -44.368750


45.650409 -42.544939 -43.118750 
42.234392 -45.029315 -43.118750 
46.582050 -44.097674 -44.368750 
45.650409 -42.544939 -43.118750


48.445332 -41.613298 -41.868750 
48.134785 -45.029315 -44.368750 
48.137890 -43.166033 -45.625000 
48.445332 -41.613298 -41.868750


47.513691 -22.980478 -43.131250 
49.687520 -22.045732 -42.500000 
48.755879 -24.533213 -44.381250 
47.513691 -22.980478 -43.131250


50.308614 -31.054700 -44.993750 
49.690625 -30.744153 -41.250000 
49.069531 -34.781264 -43.750000 
50.308614 -31.054700 -44.993750


49.687520 -22.045732 -42.500000 
50.311719 -23.601572 -43.750000 
48.755879 -24.533213 -44.381250 
49.687520 -22.045732 -42.500000


50.311719 -23.601572 -43.750000 
50.622266 -27.949230 -45.000000 
50.932813 -25.154307 -46.250000 
50.311719 -23.601572 -43.750000


28.570324 -24.533213 -41.881250 
27.328136 -27.014484 -45.625000 
26.082843 -26.707042 -42.500000 
28.570324 -24.533213 -41.881250


29.188313 -40.371110 -41.250000 
29.501965 -36.955093 -43.756250 
30.741048 -39.128922 -44.375000 
29.188313 -40.371110 -41.250000


30.123059 -35.402358 -44.381250 
28.880871 -33.539076 -40.631250 
30.119954 -33.539076 -44.375000 
30.123059 -35.402358 -44.381250


34.781264 -44.097674 -43.118750 
32.607435 -43.476580 -42.493750 
31.365247 -45.339862 -44.993750 
34.781264 -44.097674 -43.118750


31.675794 -19.564461 -43.131250 
32.293783 -20.806649 -44.375000 
30.741048 -22.669931 -41.875000 
31.675794 -19.564461 -43.131250


34.470717 -19.564461 -44.381250 
33.539076 -18.940262 -41.875000 
36.023452 -19.875008 -43.131250 
34.470717 -19.564461 -44.381250


34.470717 -19.564461 -44.381250 
36.023452 -19.875008 -43.131250 
36.644546 -20.803544 -45.000000 
34.470717 -19.564461 -44.381250


36.023452 -19.875008 -43.131250 
38.197281 -19.875008 -41.881250 
36.644546 -20.803544 -45.000000 
36.023452 -19.875008 -43.131250


38.818375 -44.721873 -43.750000 
35.712905 -43.476580 -43.118750 
35.712905 -46.585155 -44.375000 
38.818375 -44.721873 -43.750000


38.818375 -44.721873 -43.750000 
38.197281 -41.923845 -43.118750 
35.712905 -43.476580 -43.118750 
38.818375 -44.721873 -43.750000


38.197281 -19.875008 -41.881250 
37.576187 -22.359384 -45.631250 
36.644546 -20.803544 -45.000000 
38.197281 -19.875008 -41.881250


40.992204 -21.738290 -43.131250 
37.576187 -22.359384 -45.631250 
38.197281 -19.875008 -41.881250 
40.992204 -21.738290 -43.131250


42.234392 -45.029315 -43.118750 
38.818375 -44.721873 -43.750000 
42.544939 -46.892597 -44.368750 
42.234392 -45.029315 -43.118750


40.992204 -21.738290 -43.131250 
47.513691 -22.980478 -43.131250 
40.060563 -23.291025 -44.381250 
40.992204 -21.738290 -43.131250


47.513691 -22.980478 -43.131250 
40.992204 -21.738290 -43.131250 
47.203144 -21.738290 -43.131250 
47.513691 -22.980478 -43.131250


46.892597 -41.923845 -43.118750 
45.650409 -42.544939 -43.118750 
46.582050 -44.097674 -44.368750 
46.892597 -41.923845 -43.118750


47.513691 -23.601572 -44.381250 
48.755879 -24.533213 -44.381250 
47.513691 -24.533213 -45.631250 
47.513691 -23.601572 -44.381250


47.513691 -22.980478 -43.131250 
48.755879 -24.533213 -44.381250 
47.513691 -23.601572 -44.381250 
47.513691 -22.980478 -43.131250


49.380078 -29.812512 -43.125000 
49.690625 -30.744153 -41.250000 
50.308614 -31.054700 -44.993750 
49.380078 -29.812512 -43.125000


49.069531 -24.533213 -41.250000 
50.622266 -27.949230 -45.000000 
50.311719 -23.601572 -43.750000 
49.069531 -24.533213 -41.250000


28.880871 -33.539076 -40.631250 
28.256672 -30.744153 -43.750000 
30.119954 -33.539076 -44.375000 
28.880871 -33.539076 -40.631250


30.741048 -22.669931 -41.875000 
28.259777 -25.464854 -46.881250 
28.570324 -24.533213 -41.881250 
30.741048 -22.669931 -41.875000


29.188313 -40.371110 -41.250000 
30.741048 -39.128922 -44.375000 
30.119954 -42.855486 -42.500000 
29.188313 -40.371110 -41.250000


31.675794 -19.564461 -43.131250 
31.986341 -17.698074 -41.250000 
33.539076 -18.940262 -41.875000 
31.675794 -19.564461 -43.131250


35.712905 -41.302751 -41.868750 
34.160170 -42.234392 -41.868750 
34.781264 -44.097674 -43.118750 
35.712905 -41.302751 -41.868750


35.712905 -41.302751 -41.868750 
34.781264 -44.097674 -43.118750 
35.712905 -43.476580 -43.118750 
35.712905 -41.302751 -41.868750


42.544939 -42.544939 -41.868750 
38.197281 -41.923845 -43.118750 
38.818375 -44.721873 -43.750000 
42.544939 -42.544939 -41.868750


45.650409 -42.544939 -43.118750 
38.818375 -44.721873 -43.750000 
42.234392 -45.029315 -43.118750 
45.650409 -42.544939 -43.118750


45.650409 -42.544939 -43.118750 
42.544939 -42.544939 -41.868750 
38.818375 -44.721873 -43.750000 
45.650409 -42.544939 -43.118750


44.718768 -40.374215 -41.875000 
42.544939 -42.544939 -41.868750 
45.650409 -42.544939 -43.118750 
44.718768 -40.374215 -41.875000


46.585155 -21.427743 -41.875000 
42.855486 -21.738290 -41.881250 
40.992204 -20.806649 -41.881250 
46.585155 -21.427743 -41.875000


40.992204 -21.738290 -43.131250 
46.585155 -21.427743 -41.875000 
47.203144 -21.738290 -43.131250 
40.992204 -21.738290 -43.131250


42.855486 -21.738290 -41.881250 
46.585155 -21.427743 -41.875000 
40.992204 -21.738290 -43.131250 
42.855486 -21.738290 -41.881250


46.892597 -41.923845 -43.118750 
46.582050 -44.097674 -44.368750 
48.134785 -45.029315 -44.368750 
46.892597 -41.923845 -43.118750


48.445332 -20.185555 -41.256250 
47.513691 -22.980478 -43.131250 
47.203144 -21.738290 -43.131250 
48.445332 -20.185555 -41.256250


46.892597 -41.923845 -43.118750 
48.134785 -45.029315 -44.368750 
48.445332 -41.613298 -41.868750 
46.892597 -41.923845 -43.118750


48.445332 -20.185555 -41.256250 
49.687520 -22.045732 -42.500000 
47.513691 -22.980478 -43.131250 
48.445332 -20.185555 -41.256250


48.758984 -39.128922 -45.000000 
48.755879 -38.818375 -40.618750 
48.445332 -41.613298 -41.868750 
48.758984 -39.128922 -45.000000


49.066426 -35.402358 -38.743750 
48.755879 -38.818375 -40.618750 
49.069531 -34.781264 -43.750000 
49.066426 -35.402358 -38.743750


29.191418 -31.054700 -38.118750 
28.256672 -30.744153 -43.750000 
28.880871 -33.539076 -40.631250 
29.191418 -31.054700 -38.118750


28.880871 -33.539076 -40.631250 
30.123059 -35.402358 -44.381250 
29.501965 -36.955093 -43.756250 
28.880871 -33.539076 -40.631250


30.123059 -41.613298 -39.993750 
29.188313 -40.371110 -41.250000 
30.119954 -42.855486 -42.500000 
30.123059 -41.613298 -39.993750


30.119954 -42.855486 -42.500000 
31.365247 -45.339862 -44.993750 
32.607435 -43.476580 -42.493750 
30.119954 -42.855486 -42.500000


34.160170 -42.234392 -41.868750 
32.607435 -43.476580 -42.493750 
34.781264 -44.097674 -43.118750 
34.160170 -42.234392 -41.868750


33.539076 -18.940262 -41.875000 
36.955093 -18.322273 -40.631250 
36.023452 -19.875008 -43.131250 
33.539076 -18.940262 -41.875000


33.539076 -18.940262 -41.875000 
35.402358 -17.701179 -40.631250 
36.955093 -18.322273 -40.631250 
33.539076 -18.940262 -41.875000


37.576187 -40.060563 -41.243750 
35.712905 -41.302751 -41.868750 
38.197281 -41.923845 -43.118750 
37.576187 -40.060563 -41.243750


38.197281 -41.923845 -43.118750 
35.712905 -41.302751 -41.868750 
35.712905 -43.476580 -43.118750 
38.197281 -41.923845 -43.118750


36.023452 -19.875008 -43.131250 
36.955093 -18.322273 -40.631250 
38.197281 -19.875008 -41.881250 
36.023452 -19.875008 -43.131250


38.197281 -19.875008 -41.881250 
40.992204 -20.806649 -41.881250 
40.992204 -21.738290 -43.131250 
38.197281 -19.875008 -41.881250


37.576187 -40.060563 -41.243750 
38.197281 -41.923845 -43.118750 
42.544939 -42.544939 -41.868750 
37.576187 -40.060563 -41.243750


38.197281 -19.875008 -41.881250 
40.992204 -19.564461 -40.631250 
40.992204 -20.806649 -41.881250 
38.197281 -19.875008 -41.881250


40.992204 -21.738290 -43.131250 
40.992204 -20.806649 -41.881250 
42.855486 -21.738290 -41.881250 
40.992204 -21.738290 -43.131250


46.892597 -41.923845 -43.118750 
44.718768 -40.374215 -41.875000 
45.650409 -42.544939 -43.118750 
46.892597 -41.923845 -43.118750


46.585155 -21.427743 -41.875000 
48.445332 -20.185555 -41.256250 
47.203144 -21.738290 -43.131250 
46.585155 -21.427743 -41.875000


49.069531 -24.533213 -41.250000 
49.380078 -29.812512 -43.125000 
50.622266 -27.949230 -45.000000 
49.069531 -24.533213 -41.250000


49.687520 -22.045732 -42.500000 
49.069531 -24.533213 -41.250000 
50.311719 -23.601572 -43.750000 
49.687520 -22.045732 -42.500000


41.923845 -40.060563 -41.868750 
37.576187 -40.060563 -41.243750 
42.544939 -42.544939 -41.868750 
41.923845 -40.060563 -41.868750


40.371110 -40.681657 -40.618750 
37.576187 -40.060563 -41.243750 
41.923845 -40.060563 -41.868750 
40.371110 -40.681657 -40.618750


44.718768 -40.374215 -41.875000 
41.923845 -40.060563 -41.868750 
42.544939 -42.544939 -41.868750 
44.718768 -40.374215 -41.875000


44.718768 -38.200386 -40.625000 
41.923845 -40.060563 -41.868750 
44.718768 -40.374215 -41.875000 
44.718768 -38.200386 -40.625000


46.585155 -21.427743 -41.875000 
40.992204 -20.806649 -41.881250 
45.960956 -20.492997 -40.000000 
46.585155 -21.427743 -41.875000


45.960956 -20.492997 -40.000000 
48.445332 -20.185555 -41.256250 
46.585155 -21.427743 -41.875000 
45.960956 -20.492997 -40.000000


47.203144 -19.253914 -39.381250 
48.134785 -18.008621 -42.500000 
48.445332 -20.185555 -41.256250 
47.203144 -19.253914 -39.381250


44.718768 -40.374215 -41.875000 
46.892597 -41.923845 -43.118750 
48.445332 -41.613298 -41.868750 
44.718768 -40.374215 -41.875000


48.755879 -38.818375 -40.618750 
44.718768 -40.374215 -41.875000 
48.445332 -41.613298 -41.868750 
48.755879 -38.818375 -40.618750


49.069531 -22.669931 -39.375000 
49.069531 -24.533213 -41.250000 
49.687520 -22.045732 -42.500000 
49.069531 -22.669931 -39.375000


49.690625 -30.744153 -41.250000 
49.066426 -35.402358 -38.743750 
49.069531 -34.781264 -43.750000 
49.690625 -30.744153 -41.250000


29.191418 -31.054700 -38.118750 
27.014484 -28.259777 -40.625000 
28.256672 -30.744153 -43.750000 
29.191418 -31.054700 -38.118750


29.191418 -38.507828 -39.368750 
29.501965 -36.955093 -43.756250 
29.188313 -40.371110 -41.250000 
29.191418 -38.507828 -39.368750


28.570324 -35.091811 -38.743750 
29.501965 -36.955093 -43.756250 
29.191418 -38.507828 -39.368750 
28.570324 -35.091811 -38.743750


28.880871 -33.539076 -40.631250 
29.501965 -36.955093 -43.756250 
28.570324 -35.091811 -38.743750 
28.880871 -33.539076 -40.631250


30.744153 -19.564461 -39.381250 
31.675794 -19.564461 -43.131250 
30.741048 -22.669931 -41.875000 
30.744153 -19.564461 -39.381250


30.123059 -41.613298 -39.993750 
30.119954 -42.855486 -42.500000 
32.607435 -43.476580 -42.493750 
30.123059 -41.613298 -39.993750


30.744153 -19.564461 -39.381250 
31.986341 -17.698074 -41.250000 
31.675794 -19.564461 -43.131250 
30.744153 -19.564461 -39.381250


34.160170 -42.234392 -41.868750 
30.123059 -41.613298 -39.993750 
32.607435 -43.476580 -42.493750 
34.160170 -42.234392 -41.868750


35.712905 -41.302751 -41.868750 
33.228529 -40.681657 -39.993750 
34.160170 -42.234392 -41.868750 
35.712905 -41.302751 -41.868750


36.333999 -39.128922 -40.618750 
33.228529 -40.681657 -39.993750 
35.712905 -41.302751 -41.868750 
36.333999 -39.128922 -40.618750


35.402358 -17.701179 -40.631250 
31.986341 -17.698074 -41.250000 
31.986341 -16.769538 -40.006250 
35.402358 -17.701179 -40.631250


33.539076 -18.940262 -41.875000 
31.986341 -17.698074 -41.250000 
35.402358 -17.701179 -40.631250 
33.539076 -18.940262 -41.875000


37.576187 -40.060563 -41.243750 
36.333999 -39.128922 -40.618750 
35.712905 -41.302751 -41.868750 
37.576187 -40.060563 -41.243750


38.197281 -19.875008 -41.881250 
36.955093 -18.322273 -40.631250 
40.992204 -19.564461 -40.631250 
38.197281 -19.875008 -41.881250


44.718768 -38.200386 -40.625000 
40.371110 -40.681657 -40.618750 
41.923845 -40.060563 -41.868750 
44.718768 -38.200386 -40.625000


44.718768 -18.322273 -41.256250 
40.992204 -20.806649 -41.881250 
40.992204 -19.564461 -40.631250 
44.718768 -18.322273 -41.256250


42.855486 -18.943367 -39.381250 
44.718768 -18.322273 -41.256250 
40.992204 -19.564461 -40.631250 
42.855486 -18.943367 -39.381250


44.718768 -18.322273 -41.256250 
45.960956 -20.492997 -40.000000 
40.992204 -20.806649 -41.881250 
44.718768 -18.322273 -41.256250


45.029315 -18.008621 -38.750000 
47.203144 -19.253914 -39.381250 
44.718768 -18.322273 -41.256250 
45.029315 -18.008621 -38.750000


48.755879 -38.818375 -40.618750 
44.718768 -38.200386 -40.625000 
44.718768 -40.374215 -41.875000 
48.755879 -38.818375 -40.618750


48.445332 -20.185555 -41.256250 
49.069531 -22.669931 -39.375000 
49.687520 -22.045732 -42.500000 
48.445332 -20.185555 -41.256250


49.380078 -29.812512 -43.125000 
49.069531 -24.533213 -41.250000 
49.380078 -29.501965 -39.375000 
49.380078 -29.812512 -43.125000


27.014484 -28.259777 -40.625000 
27.017589 -24.222666 -39.381250 
26.082843 -26.707042 -42.500000 
27.014484 -28.259777 -40.625000


27.017589 -24.222666 -39.381250 
28.570324 -24.533213 -41.881250 
26.082843 -26.707042 -42.500000 
27.017589 -24.222666 -39.381250


29.501965 -22.048837 -38.131250 
30.741048 -22.669931 -41.875000 
28.570324 -24.533213 -41.881250 
29.501965 -22.048837 -38.131250


30.123059 -41.613298 -39.993750 
34.160170 -42.234392 -41.868750 
33.228529 -40.681657 -39.993750 
30.123059 -41.613298 -39.993750


31.986341 -16.769538 -40.006250 
34.160170 -16.458991 -38.756250 
35.402358 -17.701179 -40.631250 
31.986341 -16.769538 -40.006250


38.197281 -38.510933 -39.375000 
35.712905 -37.886734 -39.368750 
36.333999 -39.128922 -40.618750 
38.197281 -38.510933 -39.375000


36.333999 -17.080085 -38.756250 
40.681657 -17.701179 -39.381250 
36.955093 -18.322273 -40.631250 
36.333999 -17.080085 -38.756250


40.371110 -40.681657 -40.618750 
36.333999 -39.128922 -40.618750 
37.576187 -40.060563 -41.243750 
40.371110 -40.681657 -40.618750


40.371110 -40.681657 -40.618750 
38.197281 -38.510933 -39.375000 
36.333999 -39.128922 -40.618750 
40.371110 -40.681657 -40.618750


41.613298 -37.886734 -39.368750 
38.197281 -38.510933 -39.375000 
40.371110 -40.681657 -40.618750 
41.613298 -37.886734 -39.368750


45.339862 -36.955093 -39.993750 
40.371110 -40.681657 -40.618750 
44.718768 -38.200386 -40.625000 
45.339862 -36.955093 -39.993750


45.339862 -36.955093 -39.993750 
41.613298 -37.886734 -39.368750 
40.371110 -40.681657 -40.618750 
45.339862 -36.955093 -39.993750


44.408221 -35.712905 -39.368750 
41.613298 -37.886734 -39.368750 
45.339862 -36.955093 -39.993750 
44.408221 -35.712905 -39.368750


45.960956 -20.492997 -40.000000 
47.203144 -19.253914 -39.381250 
48.445332 -20.185555 -41.256250 
45.960956 -20.492997 -40.000000


48.134785 -18.008621 -42.500000 
49.069531 -22.669931 -39.375000 
48.445332 -20.185555 -41.256250 
48.134785 -18.008621 -42.500000


49.066426 -32.607435 -37.493750 
49.066426 -35.402358 -38.743750 
49.690625 -30.744153 -41.250000 
49.066426 -32.607435 -37.493750


27.325031 -27.328136 -37.500000 
27.014484 -28.259777 -40.625000 
29.191418 -31.054700 -38.118750 
27.325031 -27.328136 -37.500000


29.501965 -22.048837 -38.131250 
28.570324 -24.533213 -41.881250 
27.017589 -24.222666 -39.381250 
29.501965 -22.048837 -38.131250


30.123059 -37.265640 -38.743750 
29.191418 -38.507828 -39.368750 
29.188313 -40.371110 -41.250000 
30.123059 -37.265640 -38.743750


30.744153 -19.564461 -39.381250 
30.741048 -22.669931 -41.875000 
29.501965 -22.048837 -38.131250 
30.744153 -19.564461 -39.381250


30.123059 -37.265640 -38.743750 
29.188313 -40.371110 -41.250000 
30.123059 -41.613298 -39.993750 
30.123059 -37.265640 -38.743750


29.809407 -18.943367 -36.875000 
31.986341 -16.769538 -40.006250 
31.986341 -17.698074 -41.250000 
29.809407 -18.943367 -36.875000


33.228529 -40.681657 -39.993750 
30.744153 -38.818375 -36.868750 
30.123059 -41.613298 -39.993750 
33.228529 -40.681657 -39.993750


32.917982 -39.128922 -38.743750 
33.228529 -40.681657 -39.993750 
36.333999 -39.128922 -40.618750 
32.917982 -39.128922 -38.743750


35.712905 -37.886734 -39.368750 
32.917982 -39.128922 -38.743750 
36.333999 -39.128922 -40.618750 
35.712905 -37.886734 -39.368750


36.333999 -17.080085 -38.756250 
36.955093 -18.322273 -40.631250 
35.402358 -17.701179 -40.631250 
36.333999 -17.080085 -38.756250


36.955093 -18.322273 -40.631250 
40.681657 -17.701179 -39.381250 
40.992204 -19.564461 -40.631250 
36.955093 -18.322273 -40.631250


40.681657 -17.701179 -39.381250 
42.855486 -18.943367 -39.381250 
40.992204 -19.564461 -40.631250 
40.681657 -17.701179 -39.381250


47.203144 -19.253914 -39.381250 
45.960956 -20.492997 -40.000000 
44.718768 -18.322273 -41.256250 
47.203144 -19.253914 -39.381250


45.339862 -36.955093 -39.993750 
44.718768 -38.200386 -40.625000 
48.755879 -38.818375 -40.618750 
45.339862 -36.955093 -39.993750


46.271503 -35.402358 -38.743750 
45.339862 -36.955093 -39.993750 
48.755879 -38.818375 -40.618750 
46.271503 -35.402358 -38.743750


49.380078 -29.812512 -43.125000 
49.066426 -32.607435 -37.493750 
49.690625 -30.744153 -41.250000 
49.380078 -29.812512 -43.125000


27.325031 -27.328136 -37.500000 
27.017589 -24.222666 -39.381250 
27.014484 -28.259777 -40.625000 
27.325031 -27.328136 -37.500000


27.014484 -23.291025 -38.125000 
29.501965 -22.048837 -38.131250 
27.017589 -24.222666 -39.381250 
27.014484 -23.291025 -38.125000


30.123059 -37.265640 -38.743750 
28.570324 -35.091811 -38.743750 
29.191418 -38.507828 -39.368750 
30.123059 -37.265640 -38.743750


30.744153 -38.818375 -36.868750 
30.123059 -37.265640 -38.743750 
30.123059 -41.613298 -39.993750 
30.744153 -38.818375 -36.868750


29.809407 -18.943367 -36.875000 
31.986341 -17.698074 -41.250000 
30.744153 -19.564461 -39.381250 
29.809407 -18.943367 -36.875000


32.917982 -39.128922 -38.743750 
30.744153 -38.818375 -36.868750 
33.228529 -40.681657 -39.993750 
32.917982 -39.128922 -38.743750


34.160170 -16.458991 -38.756250 
36.333999 -17.080085 -38.756250 
35.402358 -17.701179 -40.631250 
34.160170 -16.458991 -38.756250


40.371110 -36.023452 -39.368750 
34.160170 -36.333999 -38.118750 
35.712905 -37.886734 -39.368750 
40.371110 -36.023452 -39.368750


40.371110 -36.023452 -39.368750 
36.955093 -35.712905 -38.118750 
34.160170 -36.333999 -38.118750 
40.371110 -36.023452 -39.368750


38.197281 -38.510933 -39.375000 
40.371110 -36.023452 -39.368750 
35.712905 -37.886734 -39.368750 
38.197281 -38.510933 -39.375000


36.333999 -17.080085 -38.756250 
39.439469 -17.076980 -37.500000 
40.681657 -17.701179 -39.381250 
36.333999 -17.080085 -38.756250


40.371110 -36.023452 -39.368750 
38.197281 -38.510933 -39.375000 
41.613298 -37.886734 -39.368750 
40.371110 -36.023452 -39.368750


44.408221 -35.712905 -39.368750 
43.476580 -34.470717 -38.118750 
40.371110 -36.023452 -39.368750 
44.408221 -35.712905 -39.368750


44.408221 -35.712905 -39.368750 
40.371110 -36.023452 -39.368750 
41.613298 -37.886734 -39.368750 
44.408221 -35.712905 -39.368750


42.855486 -18.943367 -39.381250 
45.029315 -18.008621 -38.750000 
44.718768 -18.322273 -41.256250 
42.855486 -18.943367 -39.381250


45.339862 -36.955093 -39.993750 
43.476580 -34.470717 -38.118750 
44.408221 -35.712905 -39.368750 
45.339862 -36.955093 -39.993750


46.271503 -35.402358 -38.743750 
43.476580 -34.470717 -38.118750 
45.339862 -36.955093 -39.993750 
46.271503 -35.402358 -38.743750


45.029315 -18.008621 -38.750000 
46.582050 -17.076980 -41.250000 
47.203144 -19.253914 -39.381250 
45.029315 -18.008621 -38.750000


46.582050 -17.076980 -41.250000 
48.758984 -17.390632 -36.250000 
47.203144 -19.253914 -39.381250 
46.582050 -17.076980 -41.250000


48.758984 -17.390632 -36.250000 
48.134785 -18.008621 -42.500000 
47.203144 -19.253914 -39.381250 
48.758984 -17.390632 -36.250000


49.066426 -35.402358 -38.743750 
46.271503 -35.402358 -38.743750 
48.755879 -38.818375 -40.618750 
49.066426 -35.402358 -38.743750


49.380078 -29.501965 -39.375000 
49.066426 -32.607435 -37.493750 
49.380078 -29.812512 -43.125000 
49.380078 -29.501965 -39.375000


49.069531 -22.669931 -39.375000 
49.069531 -24.533213 -35.625000 
49.069531 -24.533213 -41.250000 
49.069531 -22.669931 -39.375000


29.191418 -31.054700 -38.118750 
28.880871 -33.539076 -40.631250 
28.570324 -35.091811 -38.743750 
29.191418 -31.054700 -38.118750


29.809407 -18.943367 -36.875000 
30.744153 -19.564461 -39.381250 
29.501965 -22.048837 -38.131250 
29.809407 -18.943367 -36.875000


41.613298 -17.080085 -36.881250 
45.029315 -18.008621 -38.750000 
42.855486 -18.943367 -39.381250 
41.613298 -17.080085 -36.881250


46.271503 -32.607435 -37.493750 
43.476580 -34.470717 -38.118750 
46.271503 -35.402358 -38.743750 
46.271503 -32.607435 -37.493750


45.339862 -16.145339 -33.750000 
48.758984 -17.390632 -36.250000 
46.582050 -17.076980 -41.250000 
45.339862 -16.145339 -33.750000


48.134785 -18.008621 -42.500000 
48.758984 -17.390632 -36.250000 
49.069531 -22.669931 -39.375000 
48.134785 -18.008621 -42.500000


28.570324 -21.427743 -36.881250 
29.501965 -22.048837 -38.131250 
27.014484 -23.291025 -38.125000 
28.570324 -21.427743 -36.881250


29.191418 -31.054700 -38.118750 
28.570324 -35.091811 -38.743750 
30.123059 -37.265640 -38.743750 
29.191418 -31.054700 -38.118750


30.741048 -34.470717 -37.500000 
29.191418 -31.054700 -38.118750 
30.123059 -37.265640 -38.743750 
30.741048 -34.470717 -37.500000


30.744153 -38.818375 -36.868750 
30.741048 -34.470717 -37.500000 
30.123059 -37.265640 -38.743750 
30.744153 -38.818375 -36.868750


35.712905 -37.886734 -39.368750 
32.296888 -36.955093 -36.243750 
32.917982 -39.128922 -38.743750 
35.712905 -37.886734 -39.368750


33.849623 -35.402358 -36.868750 
34.160170 -36.333999 -38.118750 
36.644546 -33.849623 -38.118750 
33.849623 -35.402358 -36.868750


36.955093 -35.712905 -38.118750 
36.644546 -33.849623 -38.118750 
34.160170 -36.333999 -38.118750 
36.955093 -35.712905 -38.118750


40.371110 -36.023452 -39.368750 
36.644546 -33.849623 -38.118750 
36.955093 -35.712905 -38.118750 
40.371110 -36.023452 -39.368750


41.613298 -17.080085 -36.881250 
40.681657 -17.701179 -39.381250 
39.439469 -17.076980 -37.500000 
41.613298 -17.080085 -36.881250


43.476580 -34.470717 -38.118750 
36.644546 -33.849623 -38.118750 
40.371110 -36.023452 -39.368750 
43.476580 -34.470717 -38.118750


40.681657 -17.701179 -39.381250 
41.613298 -17.080085 -36.881250 
42.855486 -18.943367 -39.381250 
40.681657 -17.701179 -39.381250


42.544939 -32.917982 -38.118750 
36.644546 -33.849623 -38.118750 
43.476580 -34.470717 -38.118750 
42.544939 -32.917982 -38.118750


46.271503 -32.607435 -37.493750 
42.544939 -32.917982 -38.118750 
43.476580 -34.470717 -38.118750 
46.271503 -32.607435 -37.493750


45.339862 -16.145339 -33.750000 
46.582050 -17.076980 -41.250000 
45.029315 -18.008621 -38.750000 
45.339862 -16.145339 -33.750000


49.066426 -35.402358 -38.743750 
46.271503 -32.607435 -37.493750 
46.271503 -35.402358 -38.743750 
49.066426 -35.402358 -38.743750


28.880871 -29.191418 -35.618750 
27.325031 -27.328136 -37.500000 
29.191418 -31.054700 -38.118750 
28.880871 -29.191418 -35.618750


28.880871 -29.191418 -35.618750 
29.191418 -31.054700 -38.118750 
30.123059 -31.365247 -36.868750 
28.880871 -29.191418 -35.618750


29.809407 -18.943367 -36.875000 
29.501965 -22.048837 -38.131250 
28.570324 -21.427743 -36.881250 
29.809407 -18.943367 -36.875000


30.123059 -31.365247 -36.868750 
29.191418 -31.054700 -38.118750 
30.741048 -34.470717 -37.500000 
30.123059 -31.365247 -36.868750


30.430501 -36.955093 -34.375000 
30.741048 -34.470717 -37.500000 
30.744153 -38.818375 -36.868750 
30.430501 -36.955093 -34.375000


32.296888 -36.955093 -36.243750 
30.744153 -38.818375 -36.868750 
32.917982 -39.128922 -38.743750 
32.296888 -36.955093 -36.243750


32.296888 -15.216803 -34.368750 
31.986341 -16.769538 -40.006250 
29.809407 -18.943367 -36.875000 
32.296888 -15.216803 -34.368750


34.160170 -16.458991 -38.756250 
31.986341 -16.769538 -40.006250 
32.296888 -15.216803 -34.368750 
34.160170 -16.458991 -38.756250


34.160170 -36.333999 -38.118750 
32.296888 -36.955093 -36.243750 
35.712905 -37.886734 -39.368750 
34.160170 -36.333999 -38.118750


36.644546 -33.849623 -38.118750 
36.023452 -32.296888 -36.868750 
33.849623 -35.402358 -36.868750 
36.644546 -33.849623 -38.118750


37.886734 -31.675794 -36.243750 
36.023452 -32.296888 -36.868750 
36.644546 -33.849623 -38.118750 
37.886734 -31.675794 -36.243750


38.507828 -31.986341 -37.493750 
37.886734 -31.675794 -36.243750 
36.644546 -33.849623 -38.118750 
38.507828 -31.986341 -37.493750


41.302751 -31.054700 -36.243750 
37.886734 -31.675794 -36.243750 
38.507828 -31.986341 -37.493750 
41.302751 -31.054700 -36.243750


42.544939 -32.917982 -38.118750 
38.507828 -31.986341 -37.493750 
36.644546 -33.849623 -38.118750 
42.544939 -32.917982 -38.118750


42.544939 -32.917982 -38.118750 
41.302751 -31.054700 -36.243750 
38.507828 -31.986341 -37.493750 
42.544939 -32.917982 -38.118750


41.302751 -31.054700 -36.243750 
42.544939 -32.917982 -38.118750 
45.339862 -31.054700 -36.868750 
41.302751 -31.054700 -36.243750


45.339862 -31.054700 -36.868750 
42.544939 -32.917982 -38.118750 
46.271503 -32.607435 -37.493750 
45.339862 -31.054700 -36.868750


46.271503 -32.607435 -37.493750 
49.066426 -35.402358 -38.743750 
49.066426 -32.607435 -37.493750 
46.271503 -32.607435 -37.493750


49.066426 -32.607435 -37.493750 
45.339862 -31.054700 -36.868750 
46.271503 -32.607435 -37.493750 
49.066426 -32.607435 -37.493750


49.066426 -29.812512 -35.618750 
49.066426 -32.607435 -37.493750 
49.380078 -29.501965 -39.375000 
49.066426 -29.812512 -35.618750


48.758984 -17.390632 -36.250000 
49.069531 -19.875008 -35.625000 
49.069531 -22.669931 -39.375000 
48.758984 -17.390632 -36.250000


49.069531 -24.533213 -41.250000 
49.066426 -29.812512 -35.618750 
49.380078 -29.501965 -39.375000 
49.069531 -24.533213 -41.250000


49.066426 -28.570324 -34.368750 
49.066426 -29.812512 -35.618750 
49.069531 -24.533213 -41.250000 
49.066426 -28.570324 -34.368750


27.638683 -26.396495 -34.993750 
27.014484 -23.291025 -38.125000 
27.017589 -24.222666 -39.381250 
27.638683 -26.396495 -34.993750


27.638683 -26.396495 -34.993750 
27.017589 -24.222666 -39.381250 
27.325031 -27.328136 -37.500000 
27.638683 -26.396495 -34.993750


27.638683 -26.396495 -34.993750 
27.325031 -27.328136 -37.500000 
28.880871 -29.191418 -35.618750 
27.638683 -26.396495 -34.993750


31.054700 -35.091811 -33.743750 
30.123059 -31.365247 -36.868750 
30.741048 -34.470717 -37.500000 
31.054700 -35.091811 -33.743750


33.849623 -35.402358 -36.868750 
32.296888 -36.955093 -36.243750 
34.160170 -36.333999 -38.118750 
33.849623 -35.402358 -36.868750


32.296888 -15.216803 -34.368750 
36.333999 -17.080085 -38.756250 
34.160170 -16.458991 -38.756250 
32.296888 -15.216803 -34.368750


42.855486 -28.880871 -34.993750 
41.302751 -31.054700 -36.243750 
45.339862 -31.054700 -36.868750 
42.855486 -28.880871 -34.993750


49.066426 -29.812512 -35.618750 
45.339862 -31.054700 -36.868750 
49.066426 -32.607435 -37.493750 
49.066426 -29.812512 -35.618750


49.069531 -24.533213 -35.625000 
49.066426 -28.570324 -34.368750 
49.069531 -24.533213 -41.250000 
49.069531 -24.533213 -35.625000


49.069531 -19.875008 -35.625000 
49.069531 -24.533213 -35.625000 
49.069531 -22.669931 -39.375000 
49.069531 -19.875008 -35.625000


27.638683 -26.396495 -34.993750 
28.570324 -21.427743 -36.881250 
27.014484 -23.291025 -38.125000 
27.638683 -26.396495 -34.993750


29.812512 -31.675794 -35.006250 
30.123059 -31.365247 -36.868750 
31.054700 -35.091811 -33.743750 
29.812512 -31.675794 -35.006250


32.296888 -36.955093 -36.243750 
30.430501 -36.955093 -34.375000 
30.744153 -38.818375 -36.868750 
32.296888 -36.955093 -36.243750


36.023452 -32.296888 -36.868750 
33.539076 -32.607435 -34.368750 
33.849623 -35.402358 -36.868750 
36.023452 -32.296888 -36.868750


38.818375 -15.834792 -33.750000 
36.333999 -17.080085 -38.756250 
32.296888 -15.216803 -34.368750 
38.818375 -15.834792 -33.750000


37.886734 -31.675794 -36.243750 
37.576187 -30.433606 -34.993750 
36.023452 -32.296888 -36.868750 
37.886734 -31.675794 -36.243750


41.302751 -31.054700 -36.243750 
37.576187 -30.433606 -34.993750 
37.886734 -31.675794 -36.243750 
41.302751 -31.054700 -36.243750


49.066426 -29.812512 -35.618750 
45.650409 -29.501965 -36.243750 
45.339862 -31.054700 -36.868750 
49.066426 -29.812512 -35.618750


26.393390 -24.222666 -34.375000 
27.638683 -26.396495 -34.993750 
27.949230 -23.912119 -31.868750 
26.393390 -24.222666 -34.375000


26.393390 -24.222666 -34.375000 
28.570324 -21.427743 -36.881250 
27.638683 -26.396495 -34.993750 
26.393390 -24.222666 -34.375000


28.877766 -27.949230 -33.125000 
27.638683 -26.396495 -34.993750 
28.880871 -29.191418 -35.618750 
28.877766 -27.949230 -33.125000


31.054700 -35.091811 -33.743750 
30.741048 -34.470717 -37.500000 
30.430501 -36.955093 -34.375000 
31.054700 -35.091811 -33.743750


29.812512 -31.675794 -35.006250 
28.880871 -29.191418 -35.618750 
30.123059 -31.365247 -36.868750 
29.812512 -31.675794 -35.006250


31.365247 -17.390632 -32.493750 
32.296888 -15.216803 -34.368750 
29.809407 -18.943367 -36.875000 
31.365247 -17.390632 -32.493750


36.023452 -32.296888 -36.868750 
35.712905 -30.744153 -34.368750 
33.539076 -32.607435 -34.368750 
36.023452 -32.296888 -36.868750


37.576187 -30.433606 -34.993750 
35.712905 -30.744153 -34.368750 
36.023452 -32.296888 -36.868750 
37.576187 -30.433606 -34.993750


36.333999 -17.080085 -38.756250 
38.818375 -15.834792 -33.750000 
39.439469 -17.076980 -37.500000 
36.333999 -17.080085 -38.756250


42.855486 -28.880871 -34.993750 
37.576187 -30.433606 -34.993750 
41.302751 -31.054700 -36.243750 
42.855486 -28.880871 -34.993750


41.613298 -17.080085 -36.881250 
45.339862 -16.145339 -33.750000 
45.029315 -18.008621 -38.750000 
41.613298 -17.080085 -36.881250


45.650409 -29.501965 -36.243750 
44.097674 -27.638683 -34.993750 
42.855486 -28.880871 -34.993750 
45.650409 -29.501965 -36.243750


45.650409 -29.501965 -36.243750 
42.855486 -28.880871 -34.993750 
45.339862 -31.054700 -36.868750 
45.650409 -29.501965 -36.243750


49.066426 -29.812512 -35.618750 
44.097674 -27.638683 -34.993750 
45.650409 -29.501965 -36.243750 
49.066426 -29.812512 -35.618750


28.877766 -27.949230 -33.125000 
28.880871 -29.191418 -35.618750 
29.812512 -31.675794 -35.006250 
28.877766 -27.949230 -33.125000


29.812512 -18.632820 -30.618750 
29.809407 -18.943367 -36.875000 
28.570324 -21.427743 -36.881250 
29.812512 -18.632820 -30.618750


38.818375 -15.834792 -33.750000 
41.613298 -17.080085 -36.881250 
39.439469 -17.076980 -37.500000 
38.818375 -15.834792 -33.750000


42.855486 -28.880871 -34.993750 
37.886734 -28.570324 -34.993750 
37.576187 -30.433606 -34.993750 
42.855486 -28.880871 -34.993750


44.408221 -26.085948 -34.368750 
39.439469 -26.710147 -33.750000 
37.886734 -28.570324 -34.993750 
44.408221 -26.085948 -34.368750


37.886734 -28.570324 -34.993750 
42.855486 -28.880871 -34.993750 
44.097674 -27.638683 -34.993750 
37.886734 -28.570324 -34.993750


44.097674 -27.638683 -34.993750 
44.408221 -26.085948 -34.368750 
37.886734 -28.570324 -34.993750 
44.097674 -27.638683 -34.993750


46.582050 -26.707042 -33.743750 
44.097674 -27.638683 -34.993750 
49.066426 -29.812512 -35.618750 
46.582050 -26.707042 -33.743750


49.066426 -28.570324 -34.368750 
46.582050 -26.707042 -33.743750 
49.066426 -29.812512 -35.618750 
49.066426 -28.570324 -34.368750


48.758984 -17.390632 -36.250000 
49.069531 -22.980478 -31.875000 
49.069531 -19.875008 -35.625000 
48.758984 -17.390632 -36.250000


48.755879 -26.085948 -33.118750 
49.066426 -28.570324 -34.368750 
49.069531 -24.533213 -35.625000 
48.755879 -26.085948 -33.118750


49.069531 -19.875008 -35.625000 
49.069531 -22.980478 -31.875000 
49.069531 -24.533213 -35.625000 
49.069531 -19.875008 -35.625000


27.638683 -22.048837 -33.118750 
28.570324 -21.427743 -36.881250 
26.393390 -24.222666 -34.375000 
27.638683 -22.048837 -33.118750


29.812512 -18.632820 -30.618750 
28.570324 -21.427743 -36.881250 
27.638683 -22.048837 -33.118750 
29.812512 -18.632820 -30.618750


30.123059 -30.744153 -32.493750 
29.812512 -31.675794 -35.006250 
31.054700 -35.091811 -33.743750 
30.123059 -30.744153 -32.493750


32.296888 -36.955093 -36.243750 
31.054700 -35.091811 -33.743750 
30.430501 -36.955093 -34.375000 
32.296888 -36.955093 -36.243750


31.365247 -17.390632 -32.493750 
29.809407 -18.943367 -36.875000 
29.812512 -18.632820 -30.618750 
31.365247 -17.390632 -32.493750


33.849623 -35.402358 -36.868750 
31.054700 -35.091811 -33.743750 
32.296888 -36.955093 -36.243750 
33.849623 -35.402358 -36.868750


31.054700 -35.091811 -33.743750 
33.849623 -35.402358 -36.868750 
33.539076 -32.607435 -34.368750 
31.054700 -35.091811 -33.743750


35.712905 -30.744153 -34.368750 
34.160170 -30.744153 -31.868750 
33.539076 -32.607435 -34.368750 
35.712905 -30.744153 -34.368750


34.470717 -28.880871 -31.868750 
35.712905 -30.744153 -34.368750 
37.886734 -28.570324 -34.993750 
34.470717 -28.880871 -31.868750


37.886734 -28.570324 -34.993750 
35.712905 -30.744153 -34.368750 
37.576187 -30.433606 -34.993750 
37.886734 -28.570324 -34.993750


41.613298 -17.080085 -36.881250 
42.855486 -16.769538 -33.118750 
45.339862 -16.145339 -33.750000 
41.613298 -17.080085 -36.881250


46.582050 -26.707042 -33.743750 
44.408221 -26.085948 -34.368750 
44.097674 -27.638683 -34.993750 
46.582050 -26.707042 -33.743750


45.339862 -16.145339 -33.750000 
48.134785 -17.080085 -33.118750 
48.758984 -17.390632 -36.250000 
45.339862 -16.145339 -33.750000


49.069531 -22.980478 -31.875000 
48.755879 -26.085948 -33.118750 
49.069531 -24.533213 -35.625000 
49.069531 -22.980478 -31.875000


28.877766 -27.949230 -33.125000 
29.812512 -31.675794 -35.006250 
30.123059 -30.744153 -32.493750 
28.877766 -27.949230 -33.125000


30.123059 -30.744153 -32.493750 
31.054700 -35.091811 -33.743750 
31.675794 -33.228529 -31.868750 
30.123059 -30.744153 -32.493750


36.955093 -27.949230 -32.493750 
34.470717 -28.880871 -31.868750 
37.886734 -28.570324 -34.993750 
36.955093 -27.949230 -32.493750


39.439469 -26.710147 -33.750000 
36.955093 -27.949230 -32.493750 
37.886734 -28.570324 -34.993750 
39.439469 -26.710147 -33.750000


39.439469 -26.710147 -33.750000 
38.197281 -25.154307 -33.118750 
36.955093 -27.949230 -32.493750 
39.439469 -26.710147 -33.750000


44.408221 -26.085948 -34.368750 
40.060563 -24.533213 -33.743750 
39.439469 -26.710147 -33.750000 
44.408221 -26.085948 -34.368750


40.060563 -24.533213 -33.743750 
38.197281 -25.154307 -33.118750 
39.439469 -26.710147 -33.750000 
40.060563 -24.533213 -33.743750


41.613298 -17.080085 -36.881250 
38.818375 -15.834792 -33.750000 
42.855486 -16.769538 -33.118750 
41.613298 -17.080085 -36.881250


43.473475 -25.154307 -32.500000 
40.060563 -24.533213 -33.743750 
45.339862 -24.533213 -33.118750 
43.473475 -25.154307 -32.500000


45.339862 -24.533213 -33.118750 
40.060563 -24.533213 -33.743750 
44.408221 -26.085948 -34.368750 
45.339862 -24.533213 -33.118750


46.582050 -26.707042 -33.743750 
45.339862 -24.533213 -33.118750 
44.408221 -26.085948 -34.368750 
46.582050 -26.707042 -33.743750


49.066426 -28.570324 -34.368750 
48.755879 -26.085948 -33.118750 
46.582050 -26.707042 -33.743750 
49.066426 -28.570324 -34.368750


48.134785 -17.080085 -33.118750 
49.069531 -22.980478 -31.875000 
48.758984 -17.390632 -36.250000 
48.134785 -17.080085 -33.118750


28.877766 -27.949230 -33.125000 
27.949230 -23.912119 -31.868750 
27.638683 -26.396495 -34.993750 
28.877766 -27.949230 -33.125000


32.296888 -15.216803 -34.368750 
35.402358 -16.769538 -32.493750 
38.818375 -15.834792 -33.750000 
32.296888 -15.216803 -34.368750


31.365247 -17.390632 -32.493750 
35.402358 -16.769538 -32.493750 
32.296888 -15.216803 -34.368750 
31.365247 -17.390632 -32.493750


40.060563 -24.533213 -33.743750 
39.128922 -23.291025 -33.118750 
38.197281 -25.154307 -33.118750 
40.060563 -24.533213 -33.743750


36.644546 -17.701179 -31.868750 
38.818375 -15.834792 -33.750000 
35.402358 -16.769538 -32.493750 
36.644546 -17.701179 -31.868750


42.234392 -22.359384 -32.493750 
39.128922 -23.291025 -33.118750 
40.060563 -24.533213 -33.743750 
42.234392 -22.359384 -32.493750


43.473475 -25.154307 -32.500000 
42.234392 -22.359384 -32.493750 
40.060563 -24.533213 -33.743750 
43.473475 -25.154307 -32.500000


42.234392 -22.359384 -32.493750 
43.473475 -25.154307 -32.500000 
45.339862 -24.533213 -33.118750 
42.234392 -22.359384 -32.493750


48.755879 -26.085948 -33.118750 
45.339862 -24.533213 -33.118750 
46.582050 -26.707042 -33.743750 
48.755879 -26.085948 -33.118750


46.892597 -18.632820 -31.868750 
48.134785 -17.080085 -33.118750 
42.855486 -16.769538 -33.118750 
46.892597 -18.632820 -31.868750


42.855486 -16.769538 -33.118750 
48.134785 -17.080085 -33.118750 
45.339862 -16.145339 -33.750000 
42.855486 -16.769538 -33.118750


27.949230 -23.912119 -31.868750 
27.638683 -22.048837 -33.118750 
26.393390 -24.222666 -34.375000 
27.949230 -23.912119 -31.868750


30.433606 -20.496102 -31.243750 
29.812512 -18.632820 -30.618750 
27.638683 -22.048837 -33.118750 
30.433606 -20.496102 -31.243750


30.123059 -30.744153 -32.493750 
31.054700 -28.570324 -31.243750 
28.877766 -27.949230 -33.125000 
30.123059 -30.744153 -32.493750


31.675794 -33.228529 -31.868750 
31.054700 -35.091811 -33.743750 
33.539076 -32.607435 -34.368750 
31.675794 -33.228529 -31.868750


34.470717 -18.011726 -31.868750 
35.402358 -16.769538 -32.493750 
31.365247 -17.390632 -32.493750 
34.470717 -18.011726 -31.868750


34.470717 -28.880871 -31.868750 
34.160170 -30.744153 -31.868750 
35.712905 -30.744153 -34.368750 
34.470717 -28.880871 -31.868750


36.333999 -23.912119 -31.868750 
34.470717 -28.880871 -31.868750 
36.955093 -27.949230 -32.493750 
36.333999 -23.912119 -31.868750


36.644546 -17.701179 -31.868750 
35.402358 -16.769538 -32.493750 
34.470717 -18.011726 -31.868750 
36.644546 -17.701179 -31.868750


38.197281 -25.154307 -33.118750 
36.333999 -23.912119 -31.868750 
36.955093 -27.949230 -32.493750 
38.197281 -25.154307 -33.118750


36.333999 -23.912119 -31.868750 
38.197281 -25.154307 -33.118750 
39.128922 -23.291025 -33.118750 
36.333999 -23.912119 -31.868750


37.576187 -21.738290 -32.493750 
36.333999 -23.912119 -31.868750 
39.128922 -23.291025 -33.118750 
37.576187 -21.738290 -32.493750


38.818375 -15.834792 -33.750000 
36.644546 -17.701179 -31.868750 
42.855486 -16.769538 -33.118750 
38.818375 -15.834792 -33.750000


42.234392 -22.359384 -32.493750 
42.544939 -19.875008 -31.868750 
37.576187 -21.738290 -32.493750 
42.234392 -22.359384 -32.493750


42.234392 -22.359384 -32.493750 
37.576187 -21.738290 -32.493750 
39.128922 -23.291025 -33.118750 
42.234392 -22.359384 -32.493750


42.855486 -16.769538 -33.118750 
36.644546 -17.701179 -31.868750 
42.544939 -19.875008 -31.868750 
42.855486 -16.769538 -33.118750


44.718768 -19.875008 -32.493750 
42.855486 -16.769538 -33.118750 
42.544939 -19.875008 -31.868750 
44.718768 -19.875008 -32.493750


45.650409 -21.738290 -32.493750 
42.544939 -19.875008 -31.868750 
42.234392 -22.359384 -32.493750 
45.650409 -21.738290 -32.493750


45.650409 -21.738290 -32.493750 
42.234392 -22.359384 -32.493750 
45.339862 -24.533213 -33.118750 
45.650409 -21.738290 -32.493750


46.892597 -18.632820 -31.868750 
42.855486 -16.769538 -33.118750 
44.718768 -19.875008 -32.493750 
46.892597 -18.632820 -31.868750


45.650409 -21.738290 -32.493750 
45.339862 -24.533213 -33.118750 
48.755879 -26.085948 -33.118750 
45.650409 -21.738290 -32.493750


27.949230 -23.912119 -31.868750 
28.877766 -27.949230 -33.125000 
31.054700 -28.570324 -31.243750 
27.949230 -23.912119 -31.868750


27.949230 -23.912119 -31.868750 
31.986341 -23.601572 -31.243750 
27.638683 -22.048837 -33.118750 
27.949230 -23.912119 -31.868750


33.539076 -26.396495 -31.868750 
27.949230 -23.912119 -31.868750 
31.054700 -28.570324 -31.243750 
33.539076 -26.396495 -31.868750


31.986341 -23.601572 -31.243750 
27.949230 -23.912119 -31.868750 
33.539076 -26.396495 -31.868750 
31.986341 -23.601572 -31.243750


31.054700 -28.570324 -31.243750 
30.123059 -30.744153 -32.493750 
31.675794 -33.228529 -31.868750 
31.054700 -28.570324 -31.243750


33.539076 -26.396495 -31.868750 
31.054700 -28.570324 -31.243750 
34.160170 -30.744153 -31.868750 
33.539076 -26.396495 -31.868750


34.160170 -30.744153 -31.868750 
31.675794 -33.228529 -31.868750 
33.539076 -32.607435 -34.368750 
34.160170 -30.744153 -31.868750


34.470717 -28.880871 -31.868750 
33.539076 -26.396495 -31.868750 
34.160170 -30.744153 -31.868750 
34.470717 -28.880871 -31.868750


34.470717 -18.011726 -31.868750 
34.781264 -21.738290 -31.243750 
37.576187 -21.738290 -32.493750 
34.470717 -18.011726 -31.868750


36.333999 -23.912119 -31.868750 
35.402358 -25.775401 -31.243750 
34.470717 -28.880871 -31.868750 
36.333999 -23.912119 -31.868750


42.544939 -19.875008 -31.868750 
34.470717 -18.011726 -31.868750 
37.576187 -21.738290 -32.493750 
42.544939 -19.875008 -31.868750


36.644546 -17.701179 -31.868750 
34.470717 -18.011726 -31.868750 
42.544939 -19.875008 -31.868750 
36.644546 -17.701179 -31.868750


45.650409 -21.738290 -32.493750 
44.718768 -19.875008 -32.493750 
42.544939 -19.875008 -31.868750 
45.650409 -21.738290 -32.493750


46.892597 -18.632820 -31.868750 
44.718768 -19.875008 -32.493750 
45.650409 -21.738290 -32.493750 
46.892597 -18.632820 -31.868750


46.892597 -18.632820 -31.868750 
45.650409 -21.738290 -32.493750 
49.069531 -22.980478 -31.875000 
46.892597 -18.632820 -31.868750


49.069531 -22.980478 -31.875000 
45.650409 -21.738290 -32.493750 
48.755879 -26.085948 -33.118750 
49.069531 -22.980478 -31.875000


48.134785 -17.080085 -33.118750 
46.892597 -18.632820 -31.868750 
49.069531 -22.980478 -31.875000 
48.134785 -17.080085 -33.118750


31.054700 -19.564461 -30.618750 
31.365247 -17.390632 -32.493750 
29.812512 -18.632820 -30.618750 
31.054700 -19.564461 -30.618750


31.986341 -23.601572 -31.243750 
30.433606 -20.496102 -31.243750 
27.638683 -22.048837 -33.118750 
31.986341 -23.601572 -31.243750


34.470717 -18.011726 -31.868750 
31.365247 -17.390632 -32.493750 
31.054700 -19.564461 -30.618750 
34.470717 -18.011726 -31.868750


31.054700 -19.564461 -30.618750 
30.433606 -20.496102 -31.243750 
31.986341 -23.601572 -31.243750 
31.054700 -19.564461 -30.618750


31.054700 -28.570324 -31.243750 
31.675794 -33.228529 -31.868750 
34.160170 -30.744153 -31.868750 
31.054700 -28.570324 -31.243750


33.539076 -19.564461 -30.618750 
34.470717 -18.011726 -31.868750 
31.054700 -19.564461 -30.618750 
33.539076 -19.564461 -30.618750


35.402358 -25.775401 -31.243750 
31.986341 -23.601572 -31.243750 
33.539076 -26.396495 -31.868750 
35.402358 -25.775401 -31.243750


35.402358 -25.775401 -31.243750 
33.539076 -26.396495 -31.868750 
34.470717 -28.880871 -31.868750 
35.402358 -25.775401 -31.243750


36.333999 -23.912119 -31.868750 
34.781264 -21.738290 -31.243750 
35.402358 -25.775401 -31.243750 
36.333999 -23.912119 -31.868750


37.576187 -21.738290 -32.493750 
34.781264 -21.738290 -31.243750 
36.333999 -23.912119 -31.868750 
37.576187 -21.738290 -32.493750


31.054700 -19.564461 -30.618750 
29.812512 -18.632820 -30.618750 
30.433606 -20.496102 -31.243750 
31.054700 -19.564461 -30.618750


33.849623 -22.669931 -29.993750 
31.054700 -19.564461 -30.618750 
31.986341 -23.601572 -31.243750 
33.849623 -22.669931 -29.993750


35.402358 -25.775401 -31.243750 
33.849623 -22.669931 -29.993750 
31.986341 -23.601572 -31.243750 
35.402358 -25.775401 -31.243750


33.539076 -19.564461 -30.618750 
33.849623 -22.669931 -29.993750 
34.781264 -21.738290 -31.243750 
33.539076 -19.564461 -30.618750


34.470717 -18.011726 -31.868750 
33.539076 -19.564461 -30.618750 
34.781264 -21.738290 -31.243750 
34.470717 -18.011726 -31.868750


33.849623 -22.669931 -29.993750 
35.402358 -25.775401 -31.243750 
34.781264 -21.738290 -31.243750 
33.849623 -22.669931 -29.993750


33.849623 -22.669931 -29.993750 
33.539076 -19.564461 -30.618750 
31.054700 -19.564461 -30.618750 
33.849623 -22.669931 -29.993750


