1226

50.305509 1.242188 -80.625000 
47.513691 3.726564 -79.381250 
48.755879 4.347658 -81.256250 
50.305509 1.242188 -80.625000


50.311719 2.173829 -78.125000 
50.305509 1.242188 -80.625000 
48.755879 4.347658 -81.256250 
50.311719 2.173829 -78.125000


48.134785 0.931641 -76.881250 
50.305509 1.242188 -80.625000 
51.550802 -0.931641 -80.006250 
48.134785 0.931641 -76.881250


47.824238 4.971857 -75.000000 
48.755879 4.347658 -81.256250 
47.513691 3.726564 -79.381250 
47.824238 4.971857 -75.000000


47.513691 3.726564 -79.381250 
50.305509 1.242188 -80.625000 
48.134785 0.931641 -76.881250 
47.513691 3.726564 -79.381250


47.824238 4.971857 -75.000000 
50.311719 2.173829 -78.125000 
48.755879 4.347658 -81.256250 
47.824238 4.971857 -75.000000


50.311719 2.173829 -78.125000 
50.622266 0.000000 -76.875000 
50.305509 1.242188 -80.625000 
50.311719 2.173829 -78.125000


51.861349 -3.726564 -78.131250 
49.998067 -1.863282 -76.881250 
51.550802 -0.931641 -80.006250 
51.861349 -3.726564 -78.131250


50.305509 1.242188 -80.625000 
50.622266 0.000000 -76.875000 
51.550802 -0.931641 -80.006250 
50.305509 1.242188 -80.625000


51.550802 -0.931641 -80.006250 
51.243360 -3.105470 -75.000000 
51.861349 -3.726564 -78.131250 
51.550802 -0.931641 -80.006250


50.622266 0.000000 -76.875000 
51.243360 -3.105470 -75.000000 
51.550802 -0.931641 -80.006250 
50.622266 0.000000 -76.875000


49.998067 -1.863282 -76.881250 
48.134785 0.931641 -76.881250 
51.550802 -0.931641 -80.006250 
49.998067 -1.863282 -76.881250


49.069531 0.310547 -71.875000 
50.622266 0.000000 -76.875000 
50.311719 2.173829 -78.125000 
49.069531 0.310547 -71.875000


49.998067 -5.279299 -74.381250 
51.861349 -3.726564 -78.131250 
52.485548 -6.210940 -76.250000 
49.998067 -5.279299 -74.381250


51.864454 -5.279299 -75.000000 
52.485548 -6.210940 -76.250000 
51.861349 -3.726564 -78.131250 
51.864454 -5.279299 -75.000000


45.650409 3.105470 -76.256250 
47.824238 4.971857 -75.000000 
47.513691 3.726564 -79.381250 
45.650409 3.105470 -76.256250


45.650409 3.105470 -76.256250 
47.513691 3.726564 -79.381250 
48.134785 0.931641 -76.881250 
45.650409 3.105470 -76.256250


47.824238 4.971857 -75.000000 
48.758984 3.105470 -75.000000 
50.311719 2.173829 -78.125000 
47.824238 4.971857 -75.000000


46.582050 0.621094 -75.006250 
45.650409 3.105470 -76.256250 
48.134785 0.931641 -76.881250 
46.582050 0.621094 -75.006250


46.582050 0.621094 -75.006250 
48.134785 0.931641 -76.881250 
49.998067 -1.863282 -76.881250 
46.582050 0.621094 -75.006250


49.998067 -5.279299 -74.381250 
49.998067 -1.863282 -76.881250 
51.861349 -3.726564 -78.131250 
49.998067 -5.279299 -74.381250


49.998067 -5.279299 -74.381250 
52.485548 -6.210940 -76.250000 
52.792990 -8.074222 -75.631250 
49.998067 -5.279299 -74.381250


51.243360 -3.105470 -75.000000 
51.864454 -5.279299 -75.000000 
51.861349 -3.726564 -78.131250 
51.243360 -3.105470 -75.000000


46.582050 0.621094 -75.006250 
44.408221 2.484376 -74.368750 
45.650409 3.105470 -76.256250 
46.582050 0.621094 -75.006250


46.582050 0.621094 -75.006250 
49.998067 -1.863282 -76.881250 
49.376973 -3.105470 -75.006250 
46.582050 0.621094 -75.006250


49.998067 -5.279299 -74.381250 
49.376973 -3.105470 -75.006250 
49.998067 -1.863282 -76.881250 
49.998067 -5.279299 -74.381250


52.792990 -8.074222 -75.631250 
53.414084 -9.937504 -75.006250 
50.308614 -9.626957 -71.256250 
52.792990 -8.074222 -75.631250


51.864454 -5.279299 -75.000000 
52.175001 -8.695316 -71.875000 
52.485548 -6.210940 -76.250000 
51.864454 -5.279299 -75.000000


52.482443 -12.732427 -73.131250 
53.414084 -9.937504 -75.006250 
54.038283 -12.732427 -74.375000 
52.482443 -12.732427 -73.131250


44.408221 2.484376 -74.368750 
46.582050 0.621094 -75.006250 
45.957851 0.310547 -74.375000 
44.408221 2.484376 -74.368750


45.957851 0.310547 -74.375000 
46.582050 0.621094 -75.006250 
49.376973 -3.105470 -75.006250 
45.957851 0.310547 -74.375000


46.582050 -0.934746 -73.750000 
45.957851 0.310547 -74.375000 
49.376973 -3.105470 -75.006250 
46.582050 -0.934746 -73.750000


47.206249 3.105470 -70.000000 
48.758984 3.105470 -75.000000 
47.824238 4.971857 -75.000000 
47.206249 3.105470 -70.000000


48.758984 3.105470 -75.000000 
49.069531 0.310547 -71.875000 
50.311719 2.173829 -78.125000 
48.758984 3.105470 -75.000000


50.308614 -6.521487 -73.756250 
49.998067 -5.279299 -74.381250 
52.792990 -8.074222 -75.631250 
50.308614 -6.521487 -73.756250


50.001172 -3.105470 -70.625000 
51.243360 -3.105470 -75.000000 
50.622266 0.000000 -76.875000 
50.001172 -3.105470 -70.625000


50.308614 -9.626957 -71.256250 
50.308614 -6.521487 -73.756250 
52.792990 -8.074222 -75.631250 
50.308614 -9.626957 -71.256250


52.792990 -8.074222 -75.631250 
52.175001 -8.695316 -71.875000 
53.414084 -9.937504 -75.006250 
52.792990 -8.074222 -75.631250


49.998067 -5.279299 -74.381250 
47.821133 -4.037111 -71.875000 
49.376973 -3.105470 -75.006250 
49.998067 -5.279299 -74.381250


49.069531 0.310547 -71.875000 
50.001172 -3.105470 -70.625000 
50.622266 0.000000 -76.875000 
49.069531 0.310547 -71.875000


50.308614 -9.626957 -71.256250 
53.414084 -9.937504 -75.006250 
52.482443 -12.732427 -73.131250 
50.308614 -9.626957 -71.256250


52.485548 -6.210940 -76.250000 
52.175001 -8.695316 -71.875000 
52.792990 -8.074222 -75.631250 
52.485548 -6.210940 -76.250000


46.582050 -0.934746 -73.750000 
46.271503 -0.931641 -71.881250 
45.957851 0.310547 -74.375000 
46.582050 -0.934746 -73.750000


46.271503 -0.931641 -71.881250 
44.408221 2.484376 -74.368750 
45.957851 0.310547 -74.375000 
46.271503 -0.931641 -71.881250


47.821133 -4.037111 -71.875000 
46.582050 -0.934746 -73.750000 
49.376973 -3.105470 -75.006250 
47.821133 -4.037111 -71.875000


50.308614 -6.521487 -73.756250 
49.066426 -5.900393 -71.881250 
49.998067 -5.279299 -74.381250 
50.308614 -6.521487 -73.756250


52.482443 -12.732427 -73.131250 
54.038283 -12.732427 -74.375000 
53.414084 -16.458991 -73.756250 
52.482443 -12.732427 -73.131250


52.175001 -8.695316 -71.875000 
52.485548 -12.732427 -71.250000 
53.414084 -9.937504 -75.006250 
52.175001 -8.695316 -71.875000


52.485548 -12.732427 -71.250000 
53.414084 -16.458991 -73.756250 
54.038283 -12.732427 -74.375000 
52.485548 -12.732427 -71.250000


53.414084 -9.937504 -75.006250 
52.485548 -12.732427 -71.250000 
54.038283 -12.732427 -74.375000 
53.414084 -9.937504 -75.006250


43.166033 0.310547 -70.631250 
44.408221 2.484376 -74.368750 
46.271503 -0.931641 -71.881250 
43.166033 0.310547 -70.631250


46.582050 5.282404 -70.625000 
45.650409 3.105470 -76.256250 
44.408221 2.484376 -74.368750 
46.582050 5.282404 -70.625000


46.582050 5.282404 -70.625000 
47.824238 4.971857 -75.000000 
45.650409 3.105470 -76.256250 
46.582050 5.282404 -70.625000


46.582050 5.282404 -70.625000 
47.206249 3.105470 -70.000000 
47.824238 4.971857 -75.000000 
46.582050 5.282404 -70.625000


49.066426 -5.900393 -71.881250 
50.308614 -6.521487 -73.756250 
50.308614 -9.626957 -71.256250 
49.066426 -5.900393 -71.881250


50.308614 -5.279299 -69.368750 
52.175001 -8.695316 -71.875000 
51.864454 -5.279299 -75.000000 
50.308614 -5.279299 -69.368750


53.414084 -16.458991 -73.756250 
54.659377 -17.701179 -71.250000 
54.656272 -19.253914 -73.756250 
53.414084 -16.458991 -73.756250


54.659377 -17.701179 -71.250000 
54.659377 -21.427743 -68.750000 
54.656272 -19.253914 -73.756250 
54.659377 -17.701179 -71.250000


43.166033 0.310547 -70.631250 
42.855486 2.484376 -71.881250 
44.408221 2.484376 -74.368750 
43.166033 0.310547 -70.631250


46.271503 -0.931641 -71.881250 
46.582050 -0.934746 -73.750000 
47.821133 -4.037111 -71.875000 
46.271503 -0.931641 -71.881250


48.134785 -6.210940 -70.631250 
47.821133 -4.037111 -71.875000 
49.066426 -5.900393 -71.881250 
48.134785 -6.210940 -70.631250


49.066426 -5.900393 -71.881250 
47.821133 -4.037111 -71.875000 
49.998067 -5.279299 -74.381250 
49.066426 -5.900393 -71.881250


48.134785 -1.242188 -67.493750 
50.001172 -3.105470 -70.625000 
49.069531 0.310547 -71.875000 
48.134785 -1.242188 -67.493750


51.243360 -3.105470 -75.000000 
50.308614 -5.279299 -69.368750 
51.864454 -5.279299 -75.000000 
51.243360 -3.105470 -75.000000


52.792990 -19.564461 -68.756250 
53.414084 -16.458991 -73.756250 
54.656272 -19.253914 -73.756250 
52.792990 -19.564461 -68.756250


52.485548 -12.732427 -71.250000 
53.727736 -15.527350 -68.750000 
53.414084 -16.458991 -73.756250 
52.485548 -12.732427 -71.250000


53.103537 -21.738290 -68.756250 
54.656272 -19.253914 -73.756250 
54.656272 -23.291025 -70.631250 
53.103537 -21.738290 -68.756250


54.659377 -21.427743 -68.750000 
54.656272 -23.291025 -70.631250 
54.656272 -19.253914 -73.756250 
54.659377 -21.427743 -68.750000


43.166033 0.310547 -70.631250 
46.271503 -0.931641 -71.881250 
45.650409 -1.863282 -71.256250 
43.166033 0.310547 -70.631250


45.650409 -1.863282 -71.256250 
46.271503 -0.931641 -71.881250 
47.821133 -4.037111 -71.875000 
45.650409 -1.863282 -71.256250


46.582050 -4.658205 -70.006250 
47.821133 -4.037111 -71.875000 
48.134785 -6.210940 -70.631250 
46.582050 -4.658205 -70.006250


50.619161 -14.595709 -68.756250 
53.414084 -16.458991 -73.756250 
52.168791 -17.080085 -69.375000 
50.619161 -14.595709 -68.756250


40.681657 1.552735 -70.631250 
41.923845 2.794923 -66.881250 
42.855486 2.484376 -71.881250 
40.681657 1.552735 -70.631250


44.097674 -1.863282 -70.006250 
40.681657 1.552735 -70.631250 
43.166033 0.310547 -70.631250 
44.097674 -1.863282 -70.006250


40.681657 1.552735 -70.631250 
42.855486 2.484376 -71.881250 
43.166033 0.310547 -70.631250 
40.681657 1.552735 -70.631250


44.097674 -1.863282 -70.006250 
43.166033 0.310547 -70.631250 
45.650409 -1.863282 -71.256250 
44.097674 -1.863282 -70.006250


46.582050 5.282404 -70.625000 
44.408221 2.484376 -74.368750 
42.855486 2.484376 -71.881250 
46.582050 5.282404 -70.625000


46.582050 -4.658205 -70.006250 
45.650409 -1.863282 -71.256250 
47.821133 -4.037111 -71.875000 
46.582050 -4.658205 -70.006250


47.206249 3.105470 -70.000000 
49.069531 0.310547 -71.875000 
48.758984 3.105470 -75.000000 
47.206249 3.105470 -70.000000


50.308614 -12.732427 -69.381250 
50.308614 -9.626957 -71.256250 
52.482443 -12.732427 -73.131250 
50.308614 -12.732427 -69.381250


50.932813 -9.005863 -69.375000 
52.175001 -8.695316 -71.875000 
50.308614 -5.279299 -69.368750 
50.932813 -9.005863 -69.375000


50.619161 -14.595709 -68.756250 
52.482443 -12.732427 -73.131250 
53.414084 -16.458991 -73.756250 
50.619161 -14.595709 -68.756250


50.932813 -9.005863 -69.375000 
52.485548 -12.732427 -71.250000 
52.175001 -8.695316 -71.875000 
50.932813 -9.005863 -69.375000


52.168791 -17.080085 -69.375000 
53.414084 -16.458991 -73.756250 
52.792990 -19.564461 -68.756250 
52.168791 -17.080085 -69.375000


53.103537 -21.738290 -68.756250 
52.792990 -19.564461 -68.756250 
54.656272 -19.253914 -73.756250 
53.103537 -21.738290 -68.756250


54.345725 -28.880871 -69.381250 
54.656272 -23.291025 -70.631250 
55.280471 -25.775401 -70.000000 
54.345725 -28.880871 -69.381250


54.659377 -21.427743 -68.750000 
55.280471 -25.775401 -70.000000 
54.656272 -23.291025 -70.631250 
54.659377 -21.427743 -68.750000


44.097674 -1.863282 -70.006250 
41.923845 -1.242188 -68.756250 
40.681657 1.552735 -70.631250 
44.097674 -1.863282 -70.006250


44.097674 -1.863282 -70.006250 
45.650409 -1.863282 -71.256250 
46.582050 -4.658205 -70.006250 
44.097674 -1.863282 -70.006250


47.206249 3.105470 -70.000000 
47.516796 1.242188 -68.750000 
49.069531 0.310547 -71.875000 
47.206249 3.105470 -70.000000


48.134785 -9.937504 -68.756250 
48.134785 -6.210940 -70.631250 
50.308614 -9.626957 -71.256250 
48.134785 -9.937504 -68.756250


48.134785 -6.210940 -70.631250 
49.066426 -5.900393 -71.881250 
50.308614 -9.626957 -71.256250 
48.134785 -6.210940 -70.631250


50.308614 -5.279299 -69.368750 
51.243360 -3.105470 -75.000000 
50.001172 -3.105470 -70.625000 
50.308614 -5.279299 -69.368750


50.308614 -12.732427 -69.381250 
52.482443 -12.732427 -73.131250 
50.619161 -14.595709 -68.756250 
50.308614 -12.732427 -69.381250


55.280471 -25.775401 -70.000000 
55.280471 -28.570324 -69.375000 
54.345725 -28.880871 -69.381250 
55.280471 -25.775401 -70.000000


54.659377 -17.701179 -71.250000 
53.727736 -19.564461 -66.875000 
54.659377 -21.427743 -68.750000 
54.659377 -17.701179 -71.250000


38.818375 0.621094 -69.381250 
40.681657 1.552735 -70.631250 
41.923845 -1.242188 -68.756250 
38.818375 0.621094 -69.381250


44.097674 -1.863282 -70.006250 
46.582050 -4.658205 -70.006250 
47.203144 -7.763675 -68.756250 
44.097674 -1.863282 -70.006250


47.203144 -7.763675 -68.756250 
46.582050 -4.658205 -70.006250 
48.134785 -6.210940 -70.631250 
47.203144 -7.763675 -68.756250


47.203144 -7.763675 -68.756250 
48.134785 -6.210940 -70.631250 
48.134785 -9.937504 -68.756250 
47.203144 -7.763675 -68.756250


48.134785 -9.937504 -68.756250 
50.308614 -9.626957 -71.256250 
50.308614 -12.732427 -69.381250 
48.134785 -9.937504 -68.756250


50.305509 -17.701179 -66.875000 
52.168791 -17.080085 -69.375000 
52.792990 -19.564461 -68.756250 
50.305509 -17.701179 -66.875000


53.103537 -21.738290 -68.756250 
54.656272 -23.291025 -70.631250 
52.171896 -23.601572 -66.881250 
53.103537 -21.738290 -68.756250


53.414084 -16.458991 -73.756250 
53.727736 -19.564461 -66.875000 
54.659377 -17.701179 -71.250000 
53.414084 -16.458991 -73.756250


39.750016 2.794923 -65.006250 
40.681657 1.552735 -70.631250 
38.818375 0.621094 -69.381250 
39.750016 2.794923 -65.006250


39.750016 2.794923 -65.006250 
41.923845 2.794923 -66.881250 
40.681657 1.552735 -70.631250 
39.750016 2.794923 -65.006250


41.923845 -1.242188 -68.756250 
44.097674 -1.863282 -70.006250 
43.787127 -4.037111 -68.131250 
41.923845 -1.242188 -68.756250


44.097674 5.279299 -64.368750 
46.582050 5.282404 -70.625000 
42.855486 2.484376 -71.881250 
44.097674 5.279299 -64.368750


43.787127 -4.037111 -68.131250 
44.097674 -1.863282 -70.006250 
47.203144 -7.763675 -68.756250 
43.787127 -4.037111 -68.131250


48.448437 -4.037111 -66.875000 
50.308614 -5.279299 -69.368750 
50.001172 -3.105470 -70.625000 
48.448437 -4.037111 -66.875000


49.063321 -13.664068 -67.500000 
50.308614 -12.732427 -69.381250 
50.619161 -14.595709 -68.756250 
49.063321 -13.664068 -67.500000


49.690625 -6.832034 -66.875000 
50.932813 -9.005863 -69.375000 
50.308614 -5.279299 -69.368750 
49.690625 -6.832034 -66.875000


51.240255 -20.185555 -66.881250 
50.305509 -17.701179 -66.875000 
52.792990 -19.564461 -68.756250 
51.240255 -20.185555 -66.881250


52.485548 -12.732427 -71.250000 
52.796095 -12.732427 -68.750000 
53.727736 -15.527350 -68.750000 
52.485548 -12.732427 -71.250000


53.414084 -16.458991 -73.756250 
53.727736 -15.527350 -68.750000 
53.727736 -19.564461 -66.875000 
53.414084 -16.458991 -73.756250


55.280471 -28.570324 -69.375000 
55.277366 -31.365247 -69.381250 
54.345725 -28.880871 -69.381250 
55.280471 -28.570324 -69.375000


54.659377 -30.744153 -64.375000 
55.277366 -31.365247 -69.381250 
55.280471 -28.570324 -69.375000 
54.659377 -30.744153 -64.375000


54.659377 -25.154307 -67.500000 
55.280471 -28.570324 -69.375000 
55.280471 -25.775401 -70.000000 
54.659377 -25.154307 -67.500000


54.659377 -21.427743 -68.750000 
54.659377 -25.154307 -67.500000 
55.280471 -25.775401 -70.000000 
54.659377 -21.427743 -68.750000


37.576187 -1.863282 -66.881250 
35.091811 -0.621094 -66.881250 
38.818375 0.621094 -69.381250 
37.576187 -1.863282 -66.881250


41.923845 -1.242188 -68.756250 
37.576187 -1.863282 -66.881250 
38.818375 0.621094 -69.381250 
41.923845 -1.242188 -68.756250


40.681657 -3.105470 -66.881250 
41.923845 -1.242188 -68.756250 
43.787127 -4.037111 -68.131250 
40.681657 -3.105470 -66.881250


45.650409 -8.074222 -67.506250 
43.787127 -4.037111 -68.131250 
47.203144 -7.763675 -68.756250 
45.650409 -8.074222 -67.506250


47.203144 -7.763675 -68.756250 
48.134785 -9.937504 -68.756250 
47.203144 -9.937504 -67.506250 
47.203144 -7.763675 -68.756250


49.063321 -13.664068 -67.500000 
48.134785 -9.937504 -68.756250 
50.308614 -12.732427 -69.381250 
49.063321 -13.664068 -67.500000


50.619161 -14.595709 -68.756250 
52.168791 -17.080085 -69.375000 
50.305509 -17.701179 -66.875000 
50.619161 -14.595709 -68.756250


52.485548 -12.732427 -71.250000 
50.932813 -9.005863 -69.375000 
52.796095 -12.732427 -68.750000 
52.485548 -12.732427 -71.250000


52.792990 -19.564461 -68.756250 
53.103537 -21.738290 -68.756250 
51.240255 -20.185555 -66.881250 
52.792990 -19.564461 -68.756250


52.171896 -23.601572 -66.881250 
54.656272 -23.291025 -70.631250 
54.345725 -28.880871 -69.381250 
52.171896 -23.601572 -66.881250


53.103537 -31.057805 -66.875000 
54.345725 -28.880871 -69.381250 
55.277366 -31.365247 -69.381250 
53.103537 -31.057805 -66.875000


37.576187 -1.863282 -66.881250 
41.923845 -1.242188 -68.756250 
40.681657 -3.105470 -66.881250 
37.576187 -1.863282 -66.881250


40.681657 -3.105470 -66.881250 
43.787127 -4.037111 -68.131250 
45.650409 -8.074222 -67.506250 
40.681657 -3.105470 -66.881250


45.650409 -8.074222 -67.506250 
47.203144 -7.763675 -68.756250 
47.203144 -9.937504 -67.506250 
45.650409 -8.074222 -67.506250


47.516796 1.242188 -68.750000 
46.585155 0.000000 -65.625000 
49.069531 0.310547 -71.875000 
47.516796 1.242188 -68.750000


49.690625 -6.832034 -66.875000 
50.932813 -8.384769 -65.625000 
50.932813 -9.005863 -69.375000 
49.690625 -6.832034 -66.875000


52.171896 -23.601572 -66.881250 
54.345725 -28.880871 -69.381250 
51.861349 -27.949230 -65.631250 
52.171896 -23.601572 -66.881250


35.091811 -0.621094 -66.881250 
37.265640 1.552735 -64.381250 
38.818375 0.621094 -69.381250 
35.091811 -0.621094 -66.881250


40.681657 -3.105470 -66.881250 
37.886734 -3.416017 -66.256250 
37.576187 -1.863282 -66.881250 
40.681657 -3.105470 -66.881250


39.750016 2.794923 -65.006250 
38.818375 0.621094 -69.381250 
37.265640 1.552735 -64.381250 
39.750016 2.794923 -65.006250


42.541834 -6.210940 -66.250000 
40.681657 -3.105470 -66.881250 
45.650409 -8.074222 -67.506250 
42.541834 -6.210940 -66.250000


46.582050 5.282404 -70.625000 
44.100779 3.416017 -62.500000 
47.206249 3.105470 -70.000000 
46.582050 5.282404 -70.625000


45.650409 -8.074222 -67.506250 
47.203144 -9.937504 -67.506250 
45.647304 -11.490239 -65.625000 
45.650409 -8.074222 -67.506250


46.585155 0.000000 -65.625000 
48.134785 -1.242188 -67.493750 
49.069531 0.310547 -71.875000 
46.585155 0.000000 -65.625000


47.203144 -9.937504 -67.506250 
48.134785 -9.937504 -68.756250 
49.063321 -13.664068 -67.500000 
47.203144 -9.937504 -67.506250


49.063321 -13.664068 -67.500000 
50.619161 -14.595709 -68.756250 
47.203144 -13.664068 -65.631250 
49.063321 -13.664068 -67.500000


47.203144 -13.664068 -65.631250 
50.619161 -14.595709 -68.756250 
50.305509 -17.701179 -66.875000 
47.203144 -13.664068 -65.631250


51.240255 -20.185555 -66.881250 
53.103537 -21.738290 -68.756250 
52.171896 -23.601572 -66.881250 
51.240255 -20.185555 -66.881250


51.861349 -27.949230 -65.631250 
54.345725 -28.880871 -69.381250 
53.103537 -31.057805 -66.875000 
51.861349 -27.949230 -65.631250


52.796095 -12.732427 -68.750000 
52.485548 -12.732427 -65.000000 
53.727736 -15.527350 -68.750000 
52.796095 -12.732427 -68.750000


53.103537 -31.057805 -66.875000 
55.277366 -31.365247 -69.381250 
54.659377 -30.744153 -64.375000 
53.103537 -31.057805 -66.875000


37.886734 -3.416017 -66.256250 
36.023452 -3.726564 -65.631250 
33.849623 -0.931641 -66.256250 
37.886734 -3.416017 -66.256250


35.091811 -0.621094 -66.881250 
37.886734 -3.416017 -66.256250 
33.849623 -0.931641 -66.256250 
35.091811 -0.621094 -66.881250


37.576187 -1.863282 -66.881250 
37.886734 -3.416017 -66.256250 
35.091811 -0.621094 -66.881250 
37.576187 -1.863282 -66.881250


42.541834 -6.210940 -66.250000 
40.060563 -6.521487 -65.006250 
37.886734 -3.416017 -66.256250 
42.541834 -6.210940 -66.250000


37.886734 -3.416017 -66.256250 
40.681657 -3.105470 -66.881250 
42.541834 -6.210940 -66.250000 
37.886734 -3.416017 -66.256250


44.097674 5.279299 -64.368750 
42.855486 2.484376 -71.881250 
41.923845 2.794923 -66.881250 
44.097674 5.279299 -64.368750


42.541834 -6.210940 -66.250000 
45.650409 -8.074222 -67.506250 
44.408221 -8.695316 -65.631250 
42.541834 -6.210940 -66.250000


44.408221 -8.695316 -65.631250 
45.650409 -8.074222 -67.506250 
45.647304 -11.490239 -65.625000 
44.408221 -8.695316 -65.631250


45.647304 -11.490239 -65.625000 
47.203144 -9.937504 -67.506250 
47.203144 -13.664068 -65.631250 
45.647304 -11.490239 -65.625000


47.203144 -13.664068 -65.631250 
47.203144 -9.937504 -67.506250 
49.063321 -13.664068 -67.500000 
47.203144 -13.664068 -65.631250


50.001172 -3.105470 -70.625000 
48.134785 -1.242188 -67.493750 
48.448437 -4.037111 -66.875000 
50.001172 -3.105470 -70.625000


48.448437 -4.037111 -66.875000 
49.690625 -6.832034 -66.875000 
50.308614 -5.279299 -69.368750 
48.448437 -4.037111 -66.875000


48.442227 -18.011726 -65.000000 
47.203144 -13.664068 -65.631250 
50.305509 -17.701179 -66.875000 
48.442227 -18.011726 -65.000000


48.442227 -18.011726 -65.000000 
50.305509 -17.701179 -66.875000 
51.240255 -20.185555 -66.881250 
48.442227 -18.011726 -65.000000


49.376973 -21.117196 -65.006250 
51.240255 -20.185555 -66.881250 
52.171896 -23.601572 -66.881250 
49.376973 -21.117196 -65.006250


50.932813 -8.384769 -65.625000 
51.864454 -12.111333 -61.875000 
50.932813 -9.005863 -69.375000 
50.932813 -8.384769 -65.625000


50.932813 -9.005863 -69.375000 
52.485548 -12.732427 -65.000000 
52.796095 -12.732427 -68.750000 
50.932813 -9.005863 -69.375000


53.727736 -19.564461 -66.875000 
54.038283 -21.117196 -65.000000 
54.659377 -21.427743 -68.750000 
53.727736 -19.564461 -66.875000


54.659377 -21.427743 -68.750000 
54.038283 -21.117196 -65.000000 
54.659377 -25.154307 -67.500000 
54.659377 -21.427743 -68.750000


36.023452 -3.726564 -65.631250 
31.986341 -2.173829 -65.006250 
33.849623 -0.931641 -66.256250 
36.023452 -3.726564 -65.631250


37.265640 1.552735 -64.381250 
35.091811 -0.621094 -66.881250 
33.849623 -0.931641 -66.256250 
37.265640 1.552735 -64.381250


36.023452 -3.726564 -65.631250 
37.886734 -3.416017 -66.256250 
37.265640 -5.279299 -65.006250 
36.023452 -3.726564 -65.631250


40.060563 3.729669 -63.125000 
44.097674 5.279299 -64.368750 
41.923845 2.794923 -66.881250 
40.060563 3.729669 -63.125000


40.060563 -6.521487 -65.006250 
42.541834 -6.210940 -66.250000 
42.855486 -8.074222 -65.631250 
40.060563 -6.521487 -65.006250


42.855486 -8.074222 -65.631250 
42.541834 -6.210940 -66.250000 
44.408221 -8.695316 -65.631250 
42.855486 -8.074222 -65.631250


42.855486 -8.074222 -65.631250 
44.408221 -8.695316 -65.631250 
45.647304 -11.490239 -65.625000 
42.855486 -8.074222 -65.631250


44.100779 3.416017 -62.500000 
47.516796 1.242188 -68.750000 
47.206249 3.105470 -70.000000 
44.100779 3.416017 -62.500000


45.647304 -11.490239 -65.625000 
47.203144 -13.664068 -65.631250 
45.650409 -13.353521 -65.006250 
45.647304 -11.490239 -65.625000


47.206249 -1.863282 -64.375000 
48.448437 -4.037111 -66.875000 
48.134785 -1.242188 -67.493750 
47.206249 -1.863282 -64.375000


46.271503 -15.527350 -64.381250 
47.203144 -13.664068 -65.631250 
48.442227 -18.011726 -65.000000 
46.271503 -15.527350 -64.381250


48.442227 -18.011726 -65.000000 
51.240255 -20.185555 -66.881250 
49.376973 -21.117196 -65.006250 
48.442227 -18.011726 -65.000000


50.308614 -23.291025 -65.006250 
49.376973 -21.117196 -65.006250 
52.171896 -23.601572 -66.881250 
50.308614 -23.291025 -65.006250


50.308614 -23.291025 -65.006250 
51.861349 -27.949230 -65.631250 
50.619161 -27.638683 -64.381250 
50.308614 -23.291025 -65.006250


50.308614 -23.291025 -65.006250 
52.171896 -23.601572 -66.881250 
51.861349 -27.949230 -65.631250 
50.308614 -23.291025 -65.006250


51.864454 -12.111333 -61.875000 
52.485548 -12.732427 -65.000000 
50.932813 -9.005863 -69.375000 
51.864454 -12.111333 -61.875000


54.038283 -21.117196 -65.000000 
53.727736 -19.564461 -66.875000 
53.727736 -15.527350 -68.750000 
54.038283 -21.117196 -65.000000


54.659377 -25.154307 -67.500000 
54.348830 -26.707042 -62.500000 
55.280471 -28.570324 -69.375000 
54.659377 -25.154307 -67.500000


35.091811 0.931641 -64.381250 
37.265640 1.552735 -64.381250 
33.849623 -0.931641 -66.256250 
35.091811 0.931641 -64.381250


36.023452 -3.726564 -65.631250 
37.265640 -5.279299 -65.006250 
31.986341 -2.173829 -65.006250 
36.023452 -3.726564 -65.631250


40.060563 -6.521487 -65.006250 
36.644546 -6.832034 -63.756250 
37.265640 -5.279299 -65.006250 
40.060563 -6.521487 -65.006250


37.265640 -5.279299 -65.006250 
37.886734 -3.416017 -66.256250 
40.060563 -6.521487 -65.006250 
37.265640 -5.279299 -65.006250


42.855486 -8.074222 -65.631250 
40.060563 -7.763675 -64.381250 
40.060563 -6.521487 -65.006250 
42.855486 -8.074222 -65.631250


45.650409 -13.353521 -65.006250 
42.855486 -8.074222 -65.631250 
45.647304 -11.490239 -65.625000 
45.650409 -13.353521 -65.006250


46.582050 5.282404 -70.625000 
44.097674 5.279299 -64.368750 
44.100779 3.416017 -62.500000 
46.582050 5.282404 -70.625000


46.585155 0.000000 -65.625000 
47.206249 -1.863282 -64.375000 
48.134785 -1.242188 -67.493750 
46.585155 0.000000 -65.625000


45.650409 -13.353521 -65.006250 
47.203144 -13.664068 -65.631250 
46.271503 -15.527350 -64.381250 
45.650409 -13.353521 -65.006250


48.448437 -4.037111 -66.875000 
49.069531 -4.347658 -64.375000 
49.690625 -6.832034 -66.875000 
48.448437 -4.037111 -66.875000


49.690625 -6.832034 -66.875000 
50.622266 -8.384769 -61.875000 
50.932813 -8.384769 -65.625000 
49.690625 -6.832034 -66.875000


50.619161 -27.638683 -64.381250 
51.861349 -27.949230 -65.631250 
50.619161 -31.057805 -64.375000 
50.619161 -27.638683 -64.381250


50.619161 -31.057805 -64.375000 
51.861349 -27.949230 -65.631250 
53.103537 -31.057805 -66.875000 
50.619161 -31.057805 -64.375000


54.038283 -24.222666 -63.125000 
54.348830 -26.707042 -62.500000 
54.659377 -25.154307 -67.500000 
54.038283 -24.222666 -63.125000


54.038283 -21.117196 -65.000000 
54.038283 -24.222666 -63.125000 
54.659377 -25.154307 -67.500000 
54.038283 -21.117196 -65.000000


31.986341 -2.173829 -65.006250 
31.675794 -5.589846 -63.756250 
30.123059 -4.037111 -64.381250 
31.986341 -2.173829 -65.006250


31.986341 -2.173829 -65.006250 
33.228529 -1.242188 -63.756250 
33.849623 -0.931641 -66.256250 
31.986341 -2.173829 -65.006250


31.986341 -2.173829 -65.006250 
34.160170 -6.521487 -63.756250 
31.675794 -5.589846 -63.756250 
31.986341 -2.173829 -65.006250


31.986341 -2.173829 -65.006250 
37.265640 -5.279299 -65.006250 
34.160170 -6.521487 -63.756250 
31.986341 -2.173829 -65.006250


35.091811 0.931641 -64.381250 
33.849623 -0.931641 -66.256250 
33.228529 -1.242188 -63.756250 
35.091811 0.931641 -64.381250


36.644546 -6.832034 -63.756250 
34.160170 -6.521487 -63.756250 
37.265640 -5.279299 -65.006250 
36.644546 -6.832034 -63.756250


36.023452 2.484376 -63.131250 
39.750016 2.794923 -65.006250 
37.265640 1.552735 -64.381250 
36.023452 2.484376 -63.131250


40.060563 -7.763675 -64.381250 
36.644546 -6.832034 -63.756250 
40.060563 -6.521487 -65.006250 
40.060563 -7.763675 -64.381250


43.476580 -12.111333 -63.756250 
40.060563 -11.800786 -63.131250 
42.544939 -10.558598 -64.381250 
43.476580 -12.111333 -63.756250


40.060563 -7.763675 -64.381250 
42.855486 -8.074222 -65.631250 
42.544939 -10.558598 -64.381250 
40.060563 -7.763675 -64.381250


42.855486 5.592951 -61.250000 
44.097674 5.279299 -64.368750 
40.060563 3.729669 -63.125000 
42.855486 5.592951 -61.250000


42.855486 -8.074222 -65.631250 
45.650409 -13.353521 -65.006250 
42.544939 -10.558598 -64.381250 
42.855486 -8.074222 -65.631250


45.650409 -13.353521 -65.006250 
43.476580 -12.111333 -63.756250 
42.544939 -10.558598 -64.381250 
45.650409 -13.353521 -65.006250


46.271503 -15.527350 -64.381250 
45.650409 -16.769538 -63.756250 
43.476580 -12.111333 -63.756250 
46.271503 -15.527350 -64.381250


45.650409 -13.353521 -65.006250 
46.271503 -15.527350 -64.381250 
43.476580 -12.111333 -63.756250 
45.650409 -13.353521 -65.006250


47.513691 -18.322273 -63.756250 
46.271503 -15.527350 -64.381250 
48.442227 -18.011726 -65.000000 
47.513691 -18.322273 -63.756250


47.206249 -1.863282 -64.375000 
49.069531 -4.347658 -64.375000 
48.448437 -4.037111 -66.875000 
47.206249 -1.863282 -64.375000


47.513691 -18.322273 -63.756250 
48.442227 -18.011726 -65.000000 
49.376973 -21.117196 -65.006250 
47.513691 -18.322273 -63.756250


49.376973 -21.117196 -65.006250 
50.308614 -23.291025 -65.006250 
48.752774 -25.464854 -63.750000 
49.376973 -21.117196 -65.006250


48.752774 -25.464854 -63.750000 
50.308614 -23.291025 -65.006250 
50.619161 -27.638683 -64.381250 
48.752774 -25.464854 -63.750000


55.280471 -28.570324 -69.375000 
54.348830 -26.707042 -62.500000 
54.659377 -30.744153 -64.375000 
55.280471 -28.570324 -69.375000


28.877766 -5.279299 -63.750000 
30.123059 -4.037111 -64.381250 
31.675794 -5.589846 -63.756250 
28.877766 -5.279299 -63.750000


33.228529 -1.242188 -63.756250 
31.986341 -2.173829 -65.006250 
30.123059 -4.037111 -64.381250 
33.228529 -1.242188 -63.756250


31.675794 -5.589846 -63.756250 
34.160170 -6.521487 -63.756250 
28.877766 -5.279299 -63.750000 
31.675794 -5.589846 -63.756250


36.644546 -6.832034 -63.756250 
36.023452 -9.316410 -62.506250 
34.160170 -6.521487 -63.756250 
36.644546 -6.832034 -63.756250


37.886734 -9.005863 -63.131250 
36.644546 -6.832034 -63.756250 
40.060563 -7.763675 -64.381250 
37.886734 -9.005863 -63.131250


36.023452 2.484376 -63.131250 
40.060563 3.729669 -63.125000 
39.750016 2.794923 -65.006250 
36.023452 2.484376 -63.131250


39.750016 2.794923 -65.006250 
40.060563 3.729669 -63.125000 
41.923845 2.794923 -66.881250 
39.750016 2.794923 -65.006250


40.060563 -7.763675 -64.381250 
42.544939 -10.558598 -64.381250 
40.060563 -11.800786 -63.131250 
40.060563 -7.763675 -64.381250


43.476580 -12.111333 -63.756250 
42.234392 -13.042974 -63.131250 
40.060563 -11.800786 -63.131250 
43.476580 -12.111333 -63.756250


45.650409 -16.769538 -63.756250 
42.234392 -13.042974 -63.131250 
43.476580 -12.111333 -63.756250 
45.650409 -16.769538 -63.756250


47.513691 -18.322273 -63.756250 
44.405116 -17.701179 -63.125000 
45.650409 -16.769538 -63.756250 
47.513691 -18.322273 -63.756250


44.100779 3.416017 -62.500000 
46.585155 0.310547 -58.750000 
47.516796 1.242188 -68.750000 
44.100779 3.416017 -62.500000


46.585155 0.310547 -58.750000 
46.585155 0.000000 -65.625000 
47.516796 1.242188 -68.750000 
46.585155 0.310547 -58.750000


46.271503 -15.527350 -64.381250 
47.513691 -18.322273 -63.756250 
45.650409 -16.769538 -63.756250 
46.271503 -15.527350 -64.381250


47.824238 -26.707042 -63.131250 
48.752774 -25.464854 -63.750000 
49.066426 -27.949230 -63.756250 
47.824238 -26.707042 -63.131250


47.513691 -18.322273 -63.756250 
49.376973 -21.117196 -65.006250 
48.752774 -25.464854 -63.750000 
47.513691 -18.322273 -63.756250


49.066426 -27.949230 -63.756250 
50.619161 -31.057805 -64.375000 
48.445332 -30.744153 -63.131250 
49.066426 -27.949230 -63.756250


50.619161 -27.638683 -64.381250 
50.619161 -31.057805 -64.375000 
49.066426 -27.949230 -63.756250 
50.619161 -27.638683 -64.381250


48.752774 -25.464854 -63.750000 
50.619161 -27.638683 -64.381250 
49.066426 -27.949230 -63.756250 
48.752774 -25.464854 -63.750000


50.929708 -30.436711 -61.875000 
50.619161 -31.057805 -64.375000 
53.103537 -31.057805 -66.875000 
50.929708 -30.436711 -61.875000


52.485548 -12.732427 -65.000000 
52.796095 -16.769538 -61.875000 
53.727736 -15.527350 -68.750000 
52.485548 -12.732427 -65.000000


31.986341 -7.763675 -63.131250 
27.325031 -6.832034 -62.500000 
28.877766 -5.279299 -63.750000 
31.986341 -7.763675 -63.131250


34.160170 -6.521487 -63.756250 
31.986341 -7.763675 -63.131250 
28.877766 -5.279299 -63.750000 
34.160170 -6.521487 -63.756250


36.023452 -9.316410 -62.506250 
31.986341 -7.763675 -63.131250 
34.160170 -6.521487 -63.756250 
36.023452 -9.316410 -62.506250


36.644546 -6.832034 -63.756250 
37.886734 -9.005863 -63.131250 
36.023452 -9.316410 -62.506250 
36.644546 -6.832034 -63.756250


35.091811 0.931641 -64.381250 
36.023452 2.484376 -63.131250 
37.265640 1.552735 -64.381250 
35.091811 0.931641 -64.381250


40.060563 -7.763675 -64.381250 
40.060563 -11.800786 -63.131250 
37.886734 -9.005863 -63.131250 
40.060563 -7.763675 -64.381250


45.650409 -16.769538 -63.756250 
44.405116 -17.701179 -63.125000 
42.234392 -13.042974 -63.131250 
45.650409 -16.769538 -63.756250


45.026210 -21.117196 -62.500000 
47.513691 -18.322273 -63.756250 
46.582050 -21.427743 -63.131250 
45.026210 -21.117196 -62.500000


44.405116 -17.701179 -63.125000 
47.513691 -18.322273 -63.756250 
45.026210 -21.117196 -62.500000 
44.405116 -17.701179 -63.125000


46.585155 0.000000 -65.625000 
46.585155 0.310547 -58.750000 
47.206249 -1.863282 -64.375000 
46.585155 0.000000 -65.625000


47.513691 -18.322273 -63.756250 
48.752774 -25.464854 -63.750000 
46.582050 -21.427743 -63.131250 
47.513691 -18.322273 -63.756250


48.752774 -25.464854 -63.750000 
47.824238 -26.707042 -63.131250 
46.582050 -21.427743 -63.131250 
48.752774 -25.464854 -63.750000


46.892597 -28.259777 -61.881250 
49.066426 -27.949230 -63.756250 
48.445332 -30.744153 -63.131250 
46.892597 -28.259777 -61.881250


50.929708 -30.436711 -61.875000 
48.445332 -30.744153 -63.131250 
50.619161 -31.057805 -64.375000 
50.929708 -30.436711 -61.875000


53.727736 -15.527350 -68.750000 
52.796095 -16.769538 -61.875000 
54.038283 -21.117196 -65.000000 
53.727736 -15.527350 -68.750000


30.123059 -4.037111 -64.381250 
28.877766 -5.279299 -63.750000 
28.567219 -4.658205 -58.750000 
30.123059 -4.037111 -64.381250


31.983236 -1.863282 -61.875000 
33.228529 -1.242188 -63.756250 
30.123059 -4.037111 -64.381250 
31.983236 -1.863282 -61.875000


36.955093 -11.800786 -61.881250 
36.023452 -9.316410 -62.506250 
39.128922 -12.421880 -62.506250 
36.955093 -11.800786 -61.881250


40.060563 -11.800786 -63.131250 
39.128922 -12.421880 -62.506250 
36.023452 -9.316410 -62.506250 
40.060563 -11.800786 -63.131250


36.023452 -9.316410 -62.506250 
37.886734 -9.005863 -63.131250 
40.060563 -11.800786 -63.131250 
36.023452 -9.316410 -62.506250


39.128922 -12.421880 -62.506250 
40.060563 -11.800786 -63.131250 
42.234392 -13.042974 -63.131250 
39.128922 -12.421880 -62.506250


42.234392 -13.042974 -63.131250 
41.613298 -15.527350 -62.506250 
39.128922 -12.421880 -62.506250 
42.234392 -13.042974 -63.131250


41.613298 -15.527350 -62.506250 
42.234392 -13.042974 -63.131250 
44.405116 -17.701179 -63.125000 
41.613298 -15.527350 -62.506250


45.026210 -21.117196 -62.500000 
47.824238 -26.707042 -63.131250 
45.650409 -24.533213 -61.881250 
45.026210 -21.117196 -62.500000


46.582050 -21.427743 -63.131250 
47.824238 -26.707042 -63.131250 
45.026210 -21.117196 -62.500000 
46.582050 -21.427743 -63.131250


46.892597 -28.259777 -61.881250 
47.824238 -26.707042 -63.131250 
49.066426 -27.949230 -63.756250 
46.892597 -28.259777 -61.881250


49.069531 -4.347658 -64.375000 
50.622266 -8.384769 -61.875000 
49.690625 -6.832034 -66.875000 
49.069531 -4.347658 -64.375000


50.932813 -8.384769 -65.625000 
50.622266 -8.384769 -61.875000 
50.932813 -12.421880 -56.875000 
50.932813 -8.384769 -65.625000


50.929708 -30.436711 -61.875000 
53.103537 -31.057805 -66.875000 
54.659377 -30.744153 -64.375000 
50.929708 -30.436711 -61.875000


28.570324 -9.316410 -60.631250 
27.325031 -6.832034 -62.500000 
31.986341 -7.763675 -63.131250 
28.570324 -9.316410 -60.631250


30.123059 -3.105470 -60.006250 
30.123059 -4.037111 -64.381250 
28.567219 -4.658205 -58.750000 
30.123059 -3.105470 -60.006250


31.983236 -1.863282 -61.875000 
30.123059 -4.037111 -64.381250 
30.123059 -3.105470 -60.006250 
31.983236 -1.863282 -61.875000


33.228529 0.621094 -61.881250 
33.228529 -1.242188 -63.756250 
31.983236 -1.863282 -61.875000 
33.228529 0.621094 -61.881250


36.023452 -11.490239 -61.256250 
31.986341 -7.763675 -63.131250 
36.023452 -9.316410 -62.506250 
36.023452 -11.490239 -61.256250


32.607435 -10.248051 -61.256250 
31.986341 -7.763675 -63.131250 
36.023452 -11.490239 -61.256250 
32.607435 -10.248051 -61.256250


33.228529 0.621094 -61.881250 
35.091811 0.931641 -64.381250 
33.228529 -1.242188 -63.756250 
33.228529 0.621094 -61.881250


35.402358 2.173829 -61.881250 
36.023452 2.484376 -63.131250 
35.091811 0.931641 -64.381250 
35.402358 2.173829 -61.881250


36.023452 -11.490239 -61.256250 
36.023452 -9.316410 -62.506250 
36.955093 -11.800786 -61.881250 
36.023452 -11.490239 -61.256250


36.023452 2.484376 -63.131250 
39.128922 3.729669 -60.625000 
40.060563 3.729669 -63.125000 
36.023452 2.484376 -63.131250


39.128922 -12.421880 -62.506250 
41.613298 -15.527350 -62.506250 
36.955093 -11.800786 -61.881250 
39.128922 -12.421880 -62.506250


40.368005 -16.769538 -61.250000 
41.613298 -15.527350 -62.506250 
44.405116 -17.701179 -63.125000 
40.368005 -16.769538 -61.250000


44.405116 -17.701179 -63.125000 
43.787127 -20.806649 -61.256250 
40.368005 -16.769538 -61.250000 
44.405116 -17.701179 -63.125000


42.855486 5.592951 -61.250000 
44.100779 3.416017 -62.500000 
44.097674 5.279299 -64.368750 
42.855486 5.592951 -61.250000


43.787127 -20.806649 -61.256250 
44.405116 -17.701179 -63.125000 
45.026210 -21.117196 -62.500000 
43.787127 -20.806649 -61.256250


43.787127 -20.806649 -61.256250 
45.026210 -21.117196 -62.500000 
45.650409 -24.533213 -61.881250 
43.787127 -20.806649 -61.256250


45.650409 -24.533213 -61.881250 
47.824238 -26.707042 -63.131250 
46.892597 -28.259777 -61.881250 
45.650409 -24.533213 -61.881250


45.960956 -29.812512 -61.256250 
46.892597 -28.259777 -61.881250 
48.445332 -30.744153 -63.131250 
45.960956 -29.812512 -61.256250


48.758984 -3.726564 -60.625000 
49.069531 -6.210940 -56.875000 
49.069531 -4.347658 -64.375000 
48.758984 -3.726564 -60.625000


50.932813 -8.384769 -65.625000 
50.932813 -12.421880 -56.875000 
51.864454 -12.111333 -61.875000 
50.932813 -8.384769 -65.625000


54.348830 -26.707042 -62.500000 
53.106642 -29.812512 -60.000000 
54.659377 -30.744153 -64.375000 
54.348830 -26.707042 -62.500000


28.567219 -4.658205 -58.750000 
28.877766 -5.279299 -63.750000 
27.325031 -6.832034 -62.500000 
28.567219 -4.658205 -58.750000


28.570324 -9.316410 -60.631250 
31.986341 -7.763675 -63.131250 
29.812512 -10.869145 -60.006250 
28.570324 -9.316410 -60.631250


29.812512 -10.869145 -60.006250 
31.986341 -7.763675 -63.131250 
32.607435 -10.248051 -61.256250 
29.812512 -10.869145 -60.006250


33.228529 0.621094 -61.881250 
35.402358 2.173829 -61.881250 
35.091811 0.931641 -64.381250 
33.228529 0.621094 -61.881250


36.023452 -11.490239 -61.256250 
34.160170 -11.800786 -60.631250 
32.607435 -10.248051 -61.256250 
36.023452 -11.490239 -61.256250


36.023452 -11.490239 -61.256250 
37.265640 -13.974615 -61.256250 
34.160170 -11.800786 -60.631250 
36.023452 -11.490239 -61.256250


36.023452 -11.490239 -61.256250 
40.368005 -16.769538 -61.250000 
37.265640 -13.974615 -61.256250 
36.023452 -11.490239 -61.256250


36.023452 -11.490239 -61.256250 
36.955093 -11.800786 -61.881250 
41.613298 -15.527350 -62.506250 
36.023452 -11.490239 -61.256250


36.023452 -11.490239 -61.256250 
41.613298 -15.527350 -62.506250 
40.368005 -16.769538 -61.250000 
36.023452 -11.490239 -61.256250


40.992204 5.592951 -57.500000 
42.855486 5.592951 -61.250000 
40.060563 3.729669 -63.125000 
40.992204 5.592951 -57.500000


41.302751 -20.806649 -60.006250 
43.787127 -20.806649 -61.256250 
44.094569 -23.601572 -61.250000 
41.302751 -20.806649 -60.006250


44.094569 -23.601572 -61.250000 
43.787127 -20.806649 -61.256250 
45.650409 -24.533213 -61.881250 
44.094569 -23.601572 -61.250000


45.960956 -29.812512 -61.256250 
45.650409 -24.533213 -61.881250 
46.892597 -28.259777 -61.881250 
45.960956 -29.812512 -61.256250


53.103537 -21.738290 -59.368750 
54.038283 -24.222666 -63.125000 
54.038283 -21.117196 -65.000000 
53.103537 -21.738290 -59.368750


26.703937 -5.589846 -55.625000 
27.325031 -6.832034 -62.500000 
27.635578 -8.074222 -58.125000 
26.703937 -5.589846 -55.625000


32.607435 -10.248051 -61.256250 
32.296888 -13.042974 -60.006250 
29.812512 -10.869145 -60.006250 
32.607435 -10.248051 -61.256250


32.296888 -13.042974 -60.006250 
32.607435 -10.248051 -61.256250 
34.160170 -11.800786 -60.631250 
32.296888 -13.042974 -60.006250


39.128922 3.729669 -60.625000 
40.992204 5.592951 -57.500000 
40.060563 3.729669 -63.125000 
39.128922 3.729669 -60.625000


41.302751 -20.806649 -60.006250 
40.368005 -16.769538 -61.250000 
43.787127 -20.806649 -61.256250 
41.302751 -20.806649 -60.006250


40.060563 -18.011726 -60.631250 
40.368005 -16.769538 -61.250000 
41.302751 -20.806649 -60.006250 
40.060563 -18.011726 -60.631250


40.992204 5.592951 -57.500000 
42.544939 6.214045 -56.875000 
42.855486 5.592951 -61.250000 
40.992204 5.592951 -57.500000


44.094569 -23.601572 -61.250000 
42.231287 -23.291025 -60.000000 
41.302751 -20.806649 -60.006250 
44.094569 -23.601572 -61.250000


42.231287 -23.291025 -60.000000 
44.094569 -23.601572 -61.250000 
43.166033 -26.707042 -60.006250 
42.231287 -23.291025 -60.000000


43.166033 -26.707042 -60.006250 
45.650409 -24.533213 -61.881250 
45.960956 -29.812512 -61.256250 
43.166033 -26.707042 -60.006250


43.166033 -26.707042 -60.006250 
44.094569 -23.601572 -61.250000 
45.650409 -24.533213 -61.881250 
43.166033 -26.707042 -60.006250


44.100779 3.416017 -62.500000 
45.964061 1.863282 -58.125000 
46.585155 0.310547 -58.750000 
44.100779 3.416017 -62.500000


49.687520 -29.812512 -59.368750 
45.960956 -29.812512 -61.256250 
48.445332 -30.744153 -63.131250 
49.687520 -29.812512 -59.368750


47.206249 -1.863282 -64.375000 
48.758984 -3.726564 -60.625000 
49.069531 -4.347658 -64.375000 
47.206249 -1.863282 -64.375000


47.827343 -1.863282 -60.000000 
48.758984 -3.726564 -60.625000 
47.206249 -1.863282 -64.375000 
47.827343 -1.863282 -60.000000


49.069531 -4.347658 -64.375000 
50.001172 -9.316410 -56.875000 
50.622266 -8.384769 -61.875000 
49.069531 -4.347658 -64.375000


53.106642 -29.812512 -60.000000 
50.929708 -30.436711 -61.875000 
54.659377 -30.744153 -64.375000 
53.106642 -29.812512 -60.000000


52.796095 -16.769538 -61.875000 
53.103537 -21.738290 -59.368750 
54.038283 -21.117196 -65.000000 
52.796095 -16.769538 -61.875000


54.038283 -24.222666 -63.125000 
53.106642 -29.812512 -60.000000 
54.348830 -26.707042 -62.500000 
54.038283 -24.222666 -63.125000


53.103537 -21.738290 -59.368750 
53.106642 -29.812512 -60.000000 
54.038283 -24.222666 -63.125000 
53.103537 -21.738290 -59.368750


27.635578 -8.074222 -58.125000 
27.325031 -6.832034 -62.500000 
28.570324 -9.316410 -60.631250 
27.635578 -8.074222 -58.125000


28.567219 -4.658205 -58.750000 
27.325031 -6.832034 -62.500000 
26.703937 -5.589846 -55.625000 
28.567219 -4.658205 -58.750000


32.296888 -13.042974 -60.006250 
30.433606 -15.216803 -60.006250 
29.812512 -10.869145 -60.006250 
32.296888 -13.042974 -60.006250


32.296888 0.624199 -56.875000 
33.228529 0.621094 -61.881250 
31.983236 -1.863282 -61.875000 
32.296888 0.624199 -56.875000


34.160170 -11.800786 -60.631250 
37.265640 -13.974615 -61.256250 
35.402358 -14.906256 -59.381250 
34.160170 -11.800786 -60.631250


35.402358 -14.906256 -59.381250 
40.368005 -16.769538 -61.250000 
40.060563 -18.011726 -60.631250 
35.402358 -14.906256 -59.381250


35.402358 -14.906256 -59.381250 
37.265640 -13.974615 -61.256250 
40.368005 -16.769538 -61.250000 
35.402358 -14.906256 -59.381250


40.060563 -18.011726 -60.631250 
41.302751 -20.806649 -60.006250 
38.818375 -18.943367 -59.381250 
40.060563 -18.011726 -60.631250


43.787127 -28.880871 -59.381250 
43.166033 -26.707042 -60.006250 
45.960956 -29.812512 -61.256250 
43.787127 -28.880871 -59.381250


42.855486 5.592951 -61.250000 
45.964061 1.863282 -58.125000 
44.100779 3.416017 -62.500000 
42.855486 5.592951 -61.250000


50.929708 -30.436711 -61.875000 
49.687520 -29.812512 -59.368750 
48.445332 -30.744153 -63.131250 
50.929708 -30.436711 -61.875000


50.622266 -8.384769 -61.875000 
50.001172 -9.316410 -56.875000 
50.932813 -12.421880 -56.875000 
50.622266 -8.384769 -61.875000


51.864454 -12.111333 -61.875000 
52.175001 -15.527350 -58.750000 
52.485548 -12.732427 -65.000000 
51.864454 -12.111333 -61.875000


52.175001 -15.527350 -58.750000 
52.796095 -16.769538 -61.875000 
52.485548 -12.732427 -65.000000 
52.175001 -15.527350 -58.750000


31.672689 -16.769538 -58.750000 
30.433606 -15.216803 -60.006250 
32.296888 -15.837897 -60.006250 
31.672689 -16.769538 -58.750000


30.433606 -15.216803 -60.006250 
32.296888 -13.042974 -60.006250 
32.296888 -15.837897 -60.006250 
30.433606 -15.216803 -60.006250


35.091811 -18.632820 -59.381250 
31.672689 -16.769538 -58.750000 
32.296888 -15.837897 -60.006250 
35.091811 -18.632820 -59.381250


32.296888 -13.042974 -60.006250 
35.402358 -14.906256 -59.381250 
32.296888 -15.837897 -60.006250 
32.296888 -13.042974 -60.006250


35.402358 -14.906256 -59.381250 
35.091811 -18.632820 -59.381250 
32.296888 -15.837897 -60.006250 
35.402358 -14.906256 -59.381250


34.467612 2.484376 -55.625000 
35.402358 2.173829 -61.881250 
33.228529 0.621094 -61.881250 
34.467612 2.484376 -55.625000


32.296888 -13.042974 -60.006250 
34.160170 -11.800786 -60.631250 
35.402358 -14.906256 -59.381250 
32.296888 -13.042974 -60.006250


37.886734 4.037111 -58.131250 
36.023452 2.484376 -63.131250 
35.402358 2.173829 -61.881250 
37.886734 4.037111 -58.131250


36.023452 2.484376 -63.131250 
37.886734 4.037111 -58.131250 
39.128922 3.729669 -60.625000 
36.023452 2.484376 -63.131250


38.818375 -18.943367 -59.381250 
37.576187 -20.806649 -59.381250 
35.091811 -18.632820 -59.381250 
38.818375 -18.943367 -59.381250


35.402358 -14.906256 -59.381250 
38.818375 -18.943367 -59.381250 
35.091811 -18.632820 -59.381250 
35.402358 -14.906256 -59.381250


35.402358 -14.906256 -59.381250 
40.060563 -18.011726 -60.631250 
38.818375 -18.943367 -59.381250 
35.402358 -14.906256 -59.381250


40.681657 -27.949230 -58.756250 
40.992204 -24.533213 -58.756250 
42.234392 -27.638683 -58.756250 
40.681657 -27.949230 -58.756250


38.818375 -18.943367 -59.381250 
41.302751 -20.806649 -60.006250 
42.231287 -23.291025 -60.000000 
38.818375 -18.943367 -59.381250


40.992204 -24.533213 -58.756250 
38.818375 -18.943367 -59.381250 
42.231287 -23.291025 -60.000000 
40.992204 -24.533213 -58.756250


40.992204 -24.533213 -58.756250 
43.166033 -26.707042 -60.006250 
42.234392 -27.638683 -58.756250 
40.992204 -24.533213 -58.756250


42.231287 -23.291025 -60.000000 
43.166033 -26.707042 -60.006250 
40.992204 -24.533213 -58.756250 
42.231287 -23.291025 -60.000000


43.166033 -26.707042 -60.006250 
43.787127 -28.880871 -59.381250 
42.234392 -27.638683 -58.756250 
43.166033 -26.707042 -60.006250


46.585155 0.310547 -58.750000 
47.827343 -1.863282 -60.000000 
47.206249 -1.863282 -64.375000 
46.585155 0.310547 -58.750000


30.119954 -13.042974 -57.500000 
28.570324 -9.316410 -60.631250 
29.812512 -10.869145 -60.006250 
30.119954 -13.042974 -57.500000


30.119954 -13.042974 -57.500000 
29.812512 -10.869145 -60.006250 
30.433606 -15.216803 -60.006250 
30.119954 -13.042974 -57.500000


32.296888 0.624199 -56.875000 
31.983236 -1.863282 -61.875000 
30.123059 -3.105470 -60.006250 
32.296888 0.624199 -56.875000


30.744153 -14.906256 -56.881250 
30.433606 -15.216803 -60.006250 
31.672689 -16.769538 -58.750000 
30.744153 -14.906256 -56.881250


31.672689 -16.769538 -58.750000 
37.576187 -20.806649 -59.381250 
35.091811 -20.496102 -58.756250 
31.672689 -16.769538 -58.750000


31.672689 -16.769538 -58.750000 
35.091811 -18.632820 -59.381250 
37.576187 -20.806649 -59.381250 
31.672689 -16.769538 -58.750000


37.576187 -20.806649 -59.381250 
38.504723 -22.980478 -58.750000 
35.091811 -20.496102 -58.756250 
37.576187 -20.806649 -59.381250


38.818375 -18.943367 -59.381250 
40.992204 -24.533213 -58.756250 
37.576187 -20.806649 -59.381250 
38.818375 -18.943367 -59.381250


40.992204 -24.533213 -58.756250 
38.504723 -22.980478 -58.750000 
37.576187 -20.806649 -59.381250 
40.992204 -24.533213 -58.756250


38.818375 -27.638683 -58.131250 
38.504723 -22.980478 -58.750000 
40.681657 -27.949230 -58.756250 
38.818375 -27.638683 -58.131250


40.992204 -24.533213 -58.756250 
40.681657 -27.949230 -58.756250 
38.504723 -22.980478 -58.750000 
40.992204 -24.533213 -58.756250


42.234392 -28.262882 -56.875000 
42.234392 -27.638683 -58.756250 
43.787127 -28.880871 -59.381250 
42.234392 -28.262882 -56.875000


46.585155 0.310547 -58.750000 
47.827343 -2.794923 -56.250000 
47.827343 -1.863282 -60.000000 
46.585155 0.310547 -58.750000


48.134785 -29.815617 -56.250000 
45.960956 -29.812512 -61.256250 
49.687520 -29.812512 -59.368750 
48.134785 -29.815617 -56.250000


49.069531 -6.210940 -56.875000 
50.001172 -9.316410 -56.875000 
49.069531 -4.347658 -64.375000 
49.069531 -6.210940 -56.875000


51.864454 -12.111333 -61.875000 
50.932813 -12.421880 -56.875000 
52.175001 -15.527350 -58.750000 
51.864454 -12.111333 -61.875000


52.175001 -24.843760 -56.875000 
53.103537 -29.194523 -55.625000 
53.106642 -29.812512 -60.000000 
52.175001 -24.843760 -56.875000


53.103537 -21.738290 -59.368750 
52.175001 -24.843760 -56.875000 
53.106642 -29.812512 -60.000000 
53.103537 -21.738290 -59.368750


28.256672 -8.695316 -55.625000 
27.635578 -8.074222 -58.125000 
28.570324 -9.316410 -60.631250 
28.256672 -8.695316 -55.625000


29.188313 -11.179692 -56.875000 
28.570324 -9.316410 -60.631250 
30.119954 -13.042974 -57.500000 
29.188313 -11.179692 -56.875000


29.188313 -11.179692 -56.875000 
28.256672 -8.695316 -55.625000 
28.570324 -9.316410 -60.631250 
29.188313 -11.179692 -56.875000


30.123059 -1.552735 -58.131250 
30.123059 -3.105470 -60.006250 
28.567219 -4.658205 -58.750000 
30.123059 -1.552735 -58.131250


30.744153 -14.906256 -56.881250 
30.119954 -13.042974 -57.500000 
30.433606 -15.216803 -60.006250 
30.744153 -14.906256 -56.881250


30.123059 -1.552735 -58.131250 
32.296888 0.624199 -56.875000 
30.123059 -3.105470 -60.006250 
30.123059 -1.552735 -58.131250


31.672689 -18.322273 -57.500000 
31.672689 -16.769538 -58.750000 
35.091811 -20.496102 -58.756250 
31.672689 -18.322273 -57.500000


33.539076 -20.185555 -58.131250 
31.672689 -18.322273 -57.500000 
35.091811 -20.496102 -58.756250 
33.539076 -20.185555 -58.131250


32.296888 0.624199 -56.875000 
34.467612 2.484376 -55.625000 
33.228529 0.621094 -61.881250 
32.296888 0.624199 -56.875000


35.091811 -20.496102 -58.756250 
35.091811 -23.291025 -57.506250 
33.539076 -20.185555 -58.131250 
35.091811 -20.496102 -58.756250


35.402358 2.173829 -61.881250 
34.467612 2.484376 -55.625000 
37.886734 4.037111 -58.131250 
35.402358 2.173829 -61.881250


35.091811 -23.291025 -57.506250 
35.091811 -20.496102 -58.756250 
38.818375 -27.638683 -58.131250 
35.091811 -23.291025 -57.506250


38.504723 -22.980478 -58.750000 
38.818375 -27.638683 -58.131250 
35.091811 -20.496102 -58.756250 
38.504723 -22.980478 -58.750000


40.371110 -27.638683 -55.006250 
38.818375 -27.638683 -58.131250 
40.681657 -27.949230 -58.756250 
40.371110 -27.638683 -55.006250


42.855486 5.592951 -61.250000 
44.721873 3.416017 -55.625000 
45.964061 1.863282 -58.125000 
42.855486 5.592951 -61.250000


53.103537 -29.194523 -55.625000 
49.687520 -29.812512 -59.368750 
50.929708 -30.436711 -61.875000 
53.103537 -29.194523 -55.625000


53.103537 -29.194523 -55.625000 
50.929708 -30.436711 -61.875000 
53.106642 -29.812512 -60.000000 
53.103537 -29.194523 -55.625000


52.796095 -16.769538 -61.875000 
51.864454 -20.806649 -56.875000 
53.103537 -21.738290 -59.368750 
52.796095 -16.769538 -61.875000


28.256672 -8.695316 -55.625000 
26.703937 -5.589846 -55.625000 
27.635578 -8.074222 -58.125000 
28.256672 -8.695316 -55.625000


30.744153 -14.906256 -56.881250 
31.672689 -16.769538 -58.750000 
31.672689 -18.322273 -57.500000 
30.744153 -14.906256 -56.881250


40.371110 -27.638683 -55.006250 
40.681657 -27.949230 -58.756250 
42.234392 -28.262882 -56.875000 
40.371110 -27.638683 -55.006250


45.964061 1.863282 -58.125000 
46.274608 -0.931641 -53.125000 
46.585155 0.310547 -58.750000 
45.964061 1.863282 -58.125000


47.827343 -2.794923 -56.250000 
48.758984 -3.726564 -60.625000 
47.827343 -1.863282 -60.000000 
47.827343 -2.794923 -56.250000


49.998067 -29.505070 -56.250000 
49.687520 -29.812512 -59.368750 
53.103537 -29.194523 -55.625000 
49.998067 -29.505070 -56.250000


50.619161 -28.262882 -55.000000 
49.998067 -29.505070 -56.250000 
53.103537 -29.194523 -55.625000 
50.619161 -28.262882 -55.000000


51.864454 -20.806649 -56.875000 
52.175001 -24.843760 -56.875000 
53.103537 -21.738290 -59.368750 
51.864454 -20.806649 -56.875000


52.175001 -15.527350 -58.750000 
51.864454 -20.806649 -56.875000 
52.796095 -16.769538 -61.875000 
52.175001 -15.527350 -58.750000


28.570324 -2.794923 -56.881250 
30.123059 -1.552735 -58.131250 
28.567219 -4.658205 -58.750000 
28.570324 -2.794923 -56.881250


31.054700 -17.080085 -55.631250 
30.744153 -14.906256 -56.881250 
31.672689 -18.322273 -57.500000 
31.054700 -17.080085 -55.631250


33.539076 -20.185555 -58.131250 
31.054700 -17.080085 -55.631250 
31.672689 -18.322273 -57.500000 
33.539076 -20.185555 -58.131250


33.535971 -20.496102 -55.625000 
33.539076 -20.185555 -58.131250 
35.091811 -23.291025 -57.506250 
33.535971 -20.496102 -55.625000


34.470717 -23.291025 -56.243750 
35.091811 -23.291025 -57.506250 
35.399253 -25.464854 -56.875000 
34.470717 -23.291025 -56.243750


37.886734 -27.641788 -57.500000 
35.399253 -25.464854 -56.875000 
35.091811 -23.291025 -57.506250 
37.886734 -27.641788 -57.500000


37.886734 -27.641788 -57.500000 
35.091811 -23.291025 -57.506250 
38.818375 -27.638683 -58.131250 
37.886734 -27.641788 -57.500000


37.886734 4.037111 -58.131250 
39.439469 5.592951 -53.125000 
39.128922 3.729669 -60.625000 
37.886734 4.037111 -58.131250


42.234392 -27.638683 -58.756250 
42.234392 -28.262882 -56.875000 
40.681657 -27.949230 -58.756250 
42.234392 -27.638683 -58.756250


48.134785 -29.815617 -56.250000 
43.787127 -28.880871 -59.381250 
45.960956 -29.812512 -61.256250 
48.134785 -29.815617 -56.250000


44.718768 -28.570324 -53.118750 
43.787127 -28.880871 -59.381250 
48.134785 -29.815617 -56.250000 
44.718768 -28.570324 -53.118750


46.895702 -1.863282 -54.375000 
47.827343 -2.794923 -56.250000 
46.585155 0.310547 -58.750000 
46.895702 -1.863282 -54.375000


49.998067 -29.505070 -56.250000 
48.134785 -29.815617 -56.250000 
49.687520 -29.812512 -59.368750 
49.998067 -29.505070 -56.250000


48.758984 -3.726564 -60.625000 
48.137890 -5.900393 -53.125000 
49.069531 -6.210940 -56.875000 
48.758984 -3.726564 -60.625000


26.396495 -6.210940 -53.131250 
26.703937 -5.589846 -55.625000 
28.256672 -8.695316 -55.625000 
26.396495 -6.210940 -53.131250


28.877766 -12.732427 -54.375000 
29.188313 -11.179692 -56.875000 
30.119954 -13.042974 -57.500000 
28.877766 -12.732427 -54.375000


36.023452 4.347658 -54.381250 
37.886734 4.037111 -58.131250 
34.467612 2.484376 -55.625000 
36.023452 4.347658 -54.381250


36.023452 -25.775401 -53.743750 
35.399253 -25.464854 -56.875000 
37.886734 -27.641788 -57.500000 
36.023452 -25.775401 -53.743750


39.439469 5.592951 -53.125000 
40.992204 5.592951 -57.500000 
39.128922 3.729669 -60.625000 
39.439469 5.592951 -53.125000


42.237497 6.832034 -54.375000 
40.992204 5.592951 -57.500000 
39.439469 5.592951 -53.125000 
42.237497 6.832034 -54.375000


40.992204 5.592951 -57.500000 
42.237497 6.832034 -54.375000 
42.544939 6.214045 -56.875000 
40.992204 5.592951 -57.500000


43.476580 -28.880871 -54.993750 
42.234392 -28.262882 -56.875000 
43.787127 -28.880871 -59.381250 
43.476580 -28.880871 -54.993750


42.544939 6.214045 -56.875000 
44.721873 3.416017 -55.625000 
42.855486 5.592951 -61.250000 
42.544939 6.214045 -56.875000


43.476580 -28.880871 -54.993750 
43.787127 -28.880871 -59.381250 
44.718768 -28.570324 -53.118750 
43.476580 -28.880871 -54.993750


46.274608 -0.931641 -53.125000 
46.895702 -1.863282 -54.375000 
46.585155 0.310547 -58.750000 
46.274608 -0.931641 -53.125000


49.069531 -6.210940 -56.875000 
49.380078 -9.626957 -53.750000 
50.001172 -9.316410 -56.875000 
49.069531 -6.210940 -56.875000


50.932813 -17.390632 -55.000000 
51.864454 -20.806649 -56.875000 
52.175001 -15.527350 -58.750000 
50.932813 -17.390632 -55.000000


52.485548 -22.980478 -55.000000 
52.175001 -24.843760 -56.875000 
51.864454 -20.806649 -56.875000 
52.485548 -22.980478 -55.000000


27.638683 -3.412912 -54.375000 
28.567219 -4.658205 -58.750000 
26.703937 -5.589846 -55.625000 
27.638683 -3.412912 -54.375000


28.567219 -9.005863 -51.250000 
28.256672 -8.695316 -55.625000 
29.188313 -11.179692 -56.875000 
28.567219 -9.005863 -51.250000


27.638683 -3.412912 -54.375000 
28.570324 -2.794923 -56.881250 
28.567219 -4.658205 -58.750000 
27.638683 -3.412912 -54.375000


29.188313 -14.595709 -54.375000 
30.119954 -13.042974 -57.500000 
30.744153 -14.906256 -56.881250 
29.188313 -14.595709 -54.375000


28.877766 -12.732427 -54.375000 
30.119954 -13.042974 -57.500000 
29.188313 -14.595709 -54.375000 
28.877766 -12.732427 -54.375000


32.914877 1.863282 -51.875000 
32.296888 0.624199 -56.875000 
30.123059 -1.552735 -58.131250 
32.914877 1.863282 -51.875000


31.054700 -17.080085 -55.631250 
33.539076 -20.185555 -58.131250 
33.535971 -20.496102 -55.625000 
31.054700 -17.080085 -55.631250


33.535971 -20.496102 -55.625000 
35.091811 -23.291025 -57.506250 
34.470717 -23.291025 -56.243750 
33.535971 -20.496102 -55.625000


38.197281 -26.710147 -53.125000 
36.023452 -25.775401 -53.743750 
37.886734 -27.641788 -57.500000 
38.197281 -26.710147 -53.125000


38.197281 -26.710147 -53.125000 
37.886734 -27.641788 -57.500000 
38.818375 -27.638683 -58.131250 
38.197281 -26.710147 -53.125000


40.371110 -27.638683 -55.006250 
38.197281 -26.710147 -53.125000 
38.818375 -27.638683 -58.131250 
40.371110 -27.638683 -55.006250


42.237497 6.832034 -54.375000 
44.721873 3.416017 -55.625000 
42.544939 6.214045 -56.875000 
42.237497 6.832034 -54.375000


44.721873 3.416017 -55.625000 
45.032420 1.552735 -52.500000 
45.964061 1.863282 -58.125000 
44.721873 3.416017 -55.625000


47.824238 -29.191418 -53.743750 
48.134785 -29.815617 -56.250000 
49.998067 -29.505070 -56.250000 
47.824238 -29.191418 -53.743750


27.946125 -7.453128 -52.500000 
26.396495 -6.210940 -53.131250 
28.256672 -8.695316 -55.625000 
27.946125 -7.453128 -52.500000


32.914877 1.863282 -51.875000 
30.123059 -1.552735 -58.131250 
28.570324 -2.794923 -56.881250 
32.914877 1.863282 -51.875000


36.023452 -25.775401 -53.743750 
34.470717 -23.291025 -56.243750 
35.399253 -25.464854 -56.875000 
36.023452 -25.775401 -53.743750


40.992204 -27.328136 -51.243750 
40.371110 -27.638683 -55.006250 
42.234392 -28.262882 -56.875000 
40.992204 -27.328136 -51.243750


49.998067 -29.505070 -56.250000 
50.619161 -28.262882 -55.000000 
47.824238 -29.191418 -53.743750 
49.998067 -29.505070 -56.250000


49.690625 -13.974615 -52.500000 
50.932813 -17.390632 -55.000000 
50.932813 -12.421880 -56.875000 
49.690625 -13.974615 -52.500000


52.175001 -15.527350 -58.750000 
50.932813 -12.421880 -56.875000 
50.932813 -17.390632 -55.000000 
52.175001 -15.527350 -58.750000


50.932813 -17.390632 -55.000000 
51.553907 -18.322273 -51.875000 
51.864454 -20.806649 -56.875000 
50.932813 -17.390632 -55.000000


50.619161 -28.262882 -55.000000 
53.103537 -29.194523 -55.625000 
52.792990 -28.573429 -53.750000 
50.619161 -28.262882 -55.000000


52.485548 -22.980478 -55.000000 
52.792990 -28.573429 -53.750000 
52.175001 -24.843760 -56.875000 
52.485548 -22.980478 -55.000000


25.461749 -5.279299 -53.125000 
27.638683 -3.412912 -54.375000 
26.703937 -5.589846 -55.625000 
25.461749 -5.279299 -53.125000


27.946125 -7.453128 -52.500000 
28.256672 -8.695316 -55.625000 
28.567219 -9.005863 -51.250000 
27.946125 -7.453128 -52.500000


29.188313 -14.595709 -54.375000 
30.744153 -14.906256 -56.881250 
31.054700 -17.080085 -55.631250 
29.188313 -14.595709 -54.375000


35.091811 -22.359384 -50.618750 
33.535971 -20.496102 -55.625000 
34.470717 -23.291025 -56.243750 
35.091811 -22.359384 -50.618750


36.023452 4.347658 -54.381250 
38.197281 5.592951 -50.000000 
37.886734 4.037111 -58.131250 
36.023452 4.347658 -54.381250


38.197281 -26.710147 -53.125000 
40.371110 -27.638683 -55.006250 
40.371110 -26.710147 -53.125000 
38.197281 -26.710147 -53.125000


45.032420 1.552735 -52.500000 
46.274608 -0.931641 -53.125000 
45.964061 1.863282 -58.125000 
45.032420 1.552735 -52.500000


47.824238 -29.191418 -53.743750 
44.718768 -28.570324 -53.118750 
48.134785 -29.815617 -56.250000 
47.824238 -29.191418 -53.743750


47.827343 -2.794923 -56.250000 
48.137890 -5.900393 -53.125000 
48.758984 -3.726564 -60.625000 
47.827343 -2.794923 -56.250000


48.137890 -8.074222 -51.250000 
49.380078 -9.626957 -53.750000 
49.069531 -6.210940 -56.875000 
48.137890 -8.074222 -51.250000


50.001172 -9.316410 -56.875000 
49.380078 -9.626957 -53.750000 
50.932813 -12.421880 -56.875000 
50.001172 -9.316410 -56.875000


52.792990 -28.573429 -53.750000 
49.684415 -27.638683 -52.500000 
50.619161 -28.262882 -55.000000 
52.792990 -28.573429 -53.750000


52.175001 -24.843760 -56.875000 
52.792990 -28.573429 -53.750000 
53.103537 -29.194523 -55.625000 
52.175001 -24.843760 -56.875000


28.877766 -12.732427 -54.375000 
28.567219 -9.005863 -51.250000 
29.188313 -11.179692 -56.875000 
28.877766 -12.732427 -54.375000


29.188313 -14.595709 -54.375000 
31.054700 -17.080085 -55.631250 
30.123059 -16.772643 -53.125000 
29.188313 -14.595709 -54.375000


31.054700 -17.080085 -55.631250 
33.535971 -20.496102 -55.625000 
31.365247 -18.946472 -51.875000 
31.054700 -17.080085 -55.631250


33.539076 -20.806649 -49.368750 
31.365247 -18.946472 -51.875000 
33.535971 -20.496102 -55.625000 
33.539076 -20.806649 -49.368750


33.539076 -20.806649 -49.368750 
33.535971 -20.496102 -55.625000 
35.091811 -22.359384 -50.618750 
33.539076 -20.806649 -49.368750


32.914877 1.863282 -51.875000 
34.467612 2.484376 -55.625000 
32.296888 0.624199 -56.875000 
32.914877 1.863282 -51.875000


37.886734 4.037111 -58.131250 
38.197281 5.592951 -50.000000 
39.439469 5.592951 -53.125000 
37.886734 4.037111 -58.131250


43.476580 -27.949230 -51.243750 
42.234392 -28.262882 -56.875000 
43.476580 -28.880871 -54.993750 
43.476580 -27.949230 -51.243750


50.622266 -15.216803 -51.250000 
51.553907 -18.322273 -51.875000 
50.932813 -17.390632 -55.000000 
50.622266 -15.216803 -51.250000


26.396495 -6.210940 -53.131250 
25.461749 -5.279299 -53.125000 
26.703937 -5.589846 -55.625000 
26.396495 -6.210940 -53.131250


31.675794 0.931641 -50.631250 
32.914877 1.863282 -51.875000 
28.570324 -2.794923 -56.881250 
31.675794 0.931641 -50.631250


34.467612 4.037111 -51.875000 
36.023452 4.347658 -54.381250 
34.467612 2.484376 -55.625000 
34.467612 4.037111 -51.875000


36.333999 4.350763 -51.250000 
36.023452 4.347658 -54.381250 
34.467612 4.037111 -51.875000 
36.333999 4.350763 -51.250000


39.125817 -26.396495 -51.250000 
38.197281 -26.710147 -53.125000 
40.371110 -26.710147 -53.125000 
39.125817 -26.396495 -51.250000


40.992204 -27.328136 -51.243750 
40.371110 -26.710147 -53.125000 
40.371110 -27.638683 -55.006250 
40.992204 -27.328136 -51.243750


43.476580 -27.949230 -51.243750 
43.476580 -28.880871 -54.993750 
44.718768 -28.570324 -53.118750 
43.476580 -27.949230 -51.243750


50.619161 -28.262882 -55.000000 
49.684415 -27.638683 -52.500000 
47.824238 -29.191418 -53.743750 
50.619161 -28.262882 -55.000000


48.137890 -5.900393 -53.125000 
48.137890 -8.074222 -51.250000 
49.069531 -6.210940 -56.875000 
48.137890 -5.900393 -53.125000


49.690625 -13.974615 -52.500000 
50.622266 -15.216803 -51.250000 
50.932813 -17.390632 -55.000000 
49.690625 -13.974615 -52.500000


51.864454 -20.806649 -56.875000 
51.864454 -23.601572 -50.000000 
52.485548 -22.980478 -55.000000 
51.864454 -20.806649 -56.875000


31.675794 0.931641 -50.631250 
28.570324 -2.794923 -56.881250 
27.638683 -3.412912 -54.375000 
31.675794 0.931641 -50.631250


30.123059 -16.772643 -53.125000 
31.054700 -17.080085 -55.631250 
31.365247 -18.946472 -51.875000 
30.123059 -16.772643 -53.125000


34.467612 4.037111 -51.875000 
34.467612 2.484376 -55.625000 
32.914877 1.863282 -51.875000 
34.467612 4.037111 -51.875000


36.026557 -23.291025 -50.000000 
35.091811 -22.359384 -50.618750 
34.470717 -23.291025 -56.243750 
36.026557 -23.291025 -50.000000


36.026557 -23.291025 -50.000000 
34.470717 -23.291025 -56.243750 
36.023452 -25.775401 -53.743750 
36.026557 -23.291025 -50.000000


36.023452 4.347658 -54.381250 
36.333999 4.350763 -51.250000 
38.197281 5.592951 -50.000000 
36.023452 4.347658 -54.381250


36.026557 -23.291025 -50.000000 
36.023452 -25.775401 -53.743750 
38.197281 -26.710147 -53.125000 
36.026557 -23.291025 -50.000000


47.824238 -29.191418 -53.743750 
47.824238 -27.638683 -51.243750 
44.718768 -28.570324 -53.118750 
47.824238 -29.191418 -53.743750


46.585155 -3.726564 -50.625000 
47.827343 -2.794923 -56.250000 
46.895702 -1.863282 -54.375000 
46.585155 -3.726564 -50.625000


52.171896 -27.328136 -50.618750 
49.684415 -27.638683 -52.500000 
52.792990 -28.573429 -53.750000 
52.171896 -27.328136 -50.618750


52.485548 -22.980478 -55.000000 
52.171896 -27.328136 -50.618750 
52.792990 -28.573429 -53.750000 
52.485548 -22.980478 -55.000000


24.843760 -3.726564 -50.006250 
25.461749 -5.279299 -53.125000 
26.396495 -6.210940 -53.131250 
24.843760 -3.726564 -50.006250


28.567219 -9.005863 -51.250000 
28.877766 -12.732427 -54.375000 
29.188313 -14.595709 -54.375000 
28.567219 -9.005863 -51.250000


39.125817 -26.396495 -51.250000 
36.026557 -23.291025 -50.000000 
38.197281 -26.710147 -53.125000 
39.125817 -26.396495 -51.250000


42.237497 6.832034 -54.375000 
43.479685 4.037111 -50.000000 
44.721873 3.416017 -55.625000 
42.237497 6.832034 -54.375000


46.585155 -3.726564 -50.625000 
48.137890 -5.900393 -53.125000 
47.827343 -2.794923 -56.250000 
46.585155 -3.726564 -50.625000


48.137890 -8.074222 -51.250000 
50.001172 -13.042974 -50.000000 
49.380078 -9.626957 -53.750000 
48.137890 -8.074222 -51.250000


49.380078 -9.626957 -53.750000 
50.001172 -13.042974 -50.000000 
50.932813 -12.421880 -56.875000 
49.380078 -9.626957 -53.750000


50.932813 -12.421880 -56.875000 
50.001172 -13.042974 -50.000000 
49.690625 -13.974615 -52.500000 
50.932813 -12.421880 -56.875000


51.553907 -18.322273 -51.875000 
51.864454 -23.601572 -50.000000 
51.864454 -20.806649 -56.875000 
51.553907 -18.322273 -51.875000


51.864454 -23.601572 -50.000000 
52.171896 -27.328136 -50.618750 
52.485548 -22.980478 -55.000000 
51.864454 -23.601572 -50.000000


25.775401 -6.521487 -48.118750 
24.843760 -3.726564 -50.006250 
26.396495 -6.210940 -53.131250 
25.775401 -6.521487 -48.118750


26.396495 -6.210940 -53.131250 
27.946125 -7.453128 -52.500000 
27.017589 -7.145686 -48.125000 
26.396495 -6.210940 -53.131250


27.017589 -7.145686 -48.125000 
27.946125 -7.453128 -52.500000 
28.567219 -9.005863 -51.250000 
27.017589 -7.145686 -48.125000


28.567219 -10.558598 -48.750000 
28.567219 -9.005863 -51.250000 
29.188313 -14.595709 -54.375000 
28.567219 -10.558598 -48.750000


34.470717 4.350763 -49.375000 
34.467612 4.037111 -51.875000 
32.914877 1.863282 -51.875000 
34.470717 4.350763 -49.375000


39.125817 -26.396495 -51.250000 
37.579292 -24.533213 -50.000000 
36.026557 -23.291025 -50.000000 
39.125817 -26.396495 -51.250000


42.237497 6.832034 -54.375000 
41.302751 7.456233 -48.750000 
41.926950 7.142581 -51.250000 
42.237497 6.832034 -54.375000


40.992204 -27.328136 -51.243750 
42.234392 -28.262882 -56.875000 
43.476580 -27.949230 -51.243750 
40.992204 -27.328136 -51.243750


43.479685 4.037111 -50.000000 
42.858591 2.173829 -46.875000 
44.721873 3.416017 -55.625000 
43.479685 4.037111 -50.000000


49.684415 -27.638683 -52.500000 
47.824238 -27.638683 -51.243750 
47.824238 -29.191418 -53.743750 
49.684415 -27.638683 -52.500000


50.001172 -13.042974 -50.000000 
50.622266 -15.216803 -51.250000 
49.690625 -13.974615 -52.500000 
50.001172 -13.042974 -50.000000


25.775401 -3.412912 -50.625000 
25.461749 -5.279299 -53.125000 
24.843760 -3.726564 -50.006250 
25.775401 -3.412912 -50.625000


25.775401 -3.412912 -50.625000 
27.638683 -3.412912 -54.375000 
25.461749 -5.279299 -53.125000 
25.775401 -3.412912 -50.625000


25.775401 -3.412912 -50.625000 
31.675794 0.931641 -50.631250 
27.638683 -3.412912 -54.375000 
25.775401 -3.412912 -50.625000


27.949230 -0.621094 -50.631250 
31.675794 0.931641 -50.631250 
25.775401 -3.412912 -50.625000 
27.949230 -0.621094 -50.631250


29.188313 -12.732427 -45.625000 
29.188313 -14.595709 -54.375000 
30.123059 -16.772643 -53.125000 
29.188313 -12.732427 -45.625000


28.567219 -10.558598 -48.750000 
29.188313 -14.595709 -54.375000 
29.188313 -12.732427 -45.625000 
28.567219 -10.558598 -48.750000


29.188313 -12.732427 -45.625000 
30.123059 -16.772643 -53.125000 
29.809407 -16.458991 -46.875000 
29.188313 -12.732427 -45.625000


29.809407 -16.458991 -46.875000 
30.123059 -16.772643 -53.125000 
31.365247 -18.946472 -51.875000 
29.809407 -16.458991 -46.875000


30.744153 0.621094 -49.381250 
32.914877 1.863282 -51.875000 
31.675794 0.931641 -50.631250 
30.744153 0.621094 -49.381250


30.744153 0.621094 -49.381250 
34.470717 4.350763 -49.375000 
32.914877 1.863282 -51.875000 
30.744153 0.621094 -49.381250


40.992204 -26.399600 -48.750000 
40.371110 -26.710147 -53.125000 
40.992204 -27.328136 -51.243750 
40.992204 -26.399600 -48.750000


41.926950 7.142581 -51.250000 
43.479685 4.037111 -50.000000 
42.237497 6.832034 -54.375000 
41.926950 7.142581 -51.250000


45.339862 -27.949230 -49.993750 
43.476580 -27.949230 -51.243750 
44.718768 -28.570324 -53.118750 
45.339862 -27.949230 -49.993750


44.718768 -28.570324 -53.118750 
47.824238 -27.638683 -51.243750 
45.339862 -27.949230 -49.993750 
44.718768 -28.570324 -53.118750


45.032420 1.552735 -52.500000 
45.032420 -0.310547 -49.375000 
46.274608 -0.931641 -53.125000 
45.032420 1.552735 -52.500000


46.585155 -3.726564 -50.625000 
46.895702 -1.863282 -54.375000 
46.274608 -0.931641 -53.125000 
46.585155 -3.726564 -50.625000


49.690625 -11.800786 -49.375000 
50.001172 -13.042974 -50.000000 
48.137890 -8.074222 -51.250000 
49.690625 -11.800786 -49.375000


52.171896 -27.328136 -50.618750 
49.066426 -26.085948 -47.493750 
49.684415 -27.638683 -52.500000 
52.171896 -27.328136 -50.618750


27.017589 -7.145686 -48.125000 
28.567219 -9.005863 -51.250000 
28.567219 -10.558598 -48.750000 
27.017589 -7.145686 -48.125000


27.949230 -0.621094 -50.631250 
30.744153 0.621094 -49.381250 
31.675794 0.931641 -50.631250 
27.949230 -0.621094 -50.631250


33.539076 -20.806649 -49.368750 
35.091811 -22.359384 -50.618750 
36.023452 -22.045732 -48.750000 
33.539076 -20.806649 -49.368750


37.579292 -24.533213 -50.000000 
36.023452 -22.045732 -48.750000 
36.026557 -23.291025 -50.000000 
37.579292 -24.533213 -50.000000


40.371110 -25.461749 -48.750000 
39.125817 -26.396495 -51.250000 
40.371110 -26.710147 -53.125000 
40.371110 -25.461749 -48.750000


41.302751 7.456233 -48.750000 
39.439469 5.592951 -53.125000 
38.197281 5.592951 -50.000000 
41.302751 7.456233 -48.750000


41.302751 7.456233 -48.750000 
42.237497 6.832034 -54.375000 
39.439469 5.592951 -53.125000 
41.302751 7.456233 -48.750000


40.992204 -27.328136 -51.243750 
43.476580 -27.949230 -51.243750 
45.339862 -27.949230 -49.993750 
40.992204 -27.328136 -51.243750


44.721873 3.416017 -55.625000 
45.032420 -0.310547 -49.375000 
45.032420 1.552735 -52.500000 
44.721873 3.416017 -55.625000


49.066426 -26.085948 -47.493750 
47.824238 -27.638683 -51.243750 
49.684415 -27.638683 -52.500000 
49.066426 -26.085948 -47.493750


50.622266 -15.216803 -51.250000 
50.932813 -16.769538 -48.750000 
51.553907 -18.322273 -51.875000 
50.622266 -15.216803 -51.250000


25.775401 -1.863282 -48.131250 
25.775401 -3.412912 -50.625000 
24.843760 -3.726564 -50.006250 
25.775401 -1.863282 -48.131250


25.775401 -1.863282 -48.131250 
27.949230 -0.621094 -50.631250 
25.775401 -3.412912 -50.625000 
25.775401 -1.863282 -48.131250


29.809407 -16.458991 -46.875000 
31.365247 -18.946472 -51.875000 
31.054700 -18.632820 -48.118750 
29.809407 -16.458991 -46.875000


31.054700 -18.632820 -48.118750 
31.365247 -18.946472 -51.875000 
33.539076 -20.806649 -49.368750 
31.054700 -18.632820 -48.118750


31.675794 3.108575 -48.125000 
34.470717 4.350763 -49.375000 
30.744153 0.621094 -49.381250 
31.675794 3.108575 -48.125000


38.194176 -23.912119 -47.500000 
37.579292 -24.533213 -50.000000 
39.125817 -26.396495 -51.250000 
38.194176 -23.912119 -47.500000


40.992204 -26.399600 -48.750000 
40.992204 -27.328136 -51.243750 
47.824238 -27.638683 -51.243750 
40.992204 -26.399600 -48.750000


40.992204 -27.328136 -51.243750 
45.339862 -27.949230 -49.993750 
47.824238 -27.638683 -51.243750 
40.992204 -27.328136 -51.243750


47.206249 -5.279299 -46.250000 
48.137890 -5.900393 -53.125000 
46.585155 -3.726564 -50.625000 
47.206249 -5.279299 -46.250000


50.001172 -13.042974 -50.000000 
50.932813 -16.769538 -48.750000 
50.622266 -15.216803 -51.250000 
50.001172 -13.042974 -50.000000


50.932813 -16.769538 -48.750000 
51.243360 -22.669931 -47.500000 
51.553907 -18.322273 -51.875000 
50.932813 -16.769538 -48.750000


51.243360 -22.669931 -47.500000 
51.864454 -23.601572 -50.000000 
51.553907 -18.322273 -51.875000 
51.243360 -22.669931 -47.500000


28.880871 0.931641 -48.131250 
30.744153 0.621094 -49.381250 
27.949230 -0.621094 -50.631250 
28.880871 0.931641 -48.131250


31.054700 -17.080085 -45.618750 
29.809407 -16.458991 -46.875000 
31.054700 -18.632820 -48.118750 
31.054700 -17.080085 -45.618750


36.023452 -22.045732 -48.750000 
35.091811 -22.359384 -50.618750 
36.026557 -23.291025 -50.000000 
36.023452 -22.045732 -48.750000


38.197281 5.592951 -50.000000 
36.333999 4.350763 -51.250000 
36.333999 5.900393 -46.243750 
38.197281 5.592951 -50.000000


38.194176 -23.912119 -47.500000 
39.125817 -26.396495 -51.250000 
40.371110 -25.461749 -48.750000 
38.194176 -23.912119 -47.500000


40.371110 -25.461749 -48.750000 
40.371110 -26.710147 -53.125000 
40.992204 -26.399600 -48.750000 
40.371110 -25.461749 -48.750000


43.166033 -25.461749 -47.500000 
40.371110 -25.461749 -48.750000 
40.992204 -26.399600 -48.750000 
43.166033 -25.461749 -47.500000


48.134785 -26.710147 -48.750000 
43.166033 -25.461749 -47.500000 
40.992204 -26.399600 -48.750000 
48.134785 -26.710147 -48.750000


42.858591 2.173829 -46.875000 
45.032420 -0.310547 -49.375000 
44.721873 3.416017 -55.625000 
42.858591 2.173829 -46.875000


46.274608 -0.931641 -53.125000 
46.585155 -4.037111 -45.625000 
46.585155 -3.726564 -50.625000 
46.274608 -0.931641 -53.125000


48.134785 -26.710147 -48.750000 
40.992204 -26.399600 -48.750000 
47.824238 -27.638683 -51.243750 
48.134785 -26.710147 -48.750000


48.137890 -5.900393 -53.125000 
47.206249 -5.279299 -46.250000 
48.137890 -8.074222 -51.250000 
48.137890 -5.900393 -53.125000


47.206249 -5.279299 -46.250000 
48.448437 -8.384769 -48.125000 
48.137890 -8.074222 -51.250000 
47.206249 -5.279299 -46.250000


48.134785 -26.710147 -48.750000 
47.824238 -27.638683 -51.243750 
49.066426 -26.085948 -47.493750 
48.134785 -26.710147 -48.750000


48.448437 -8.384769 -48.125000 
49.690625 -11.800786 -49.375000 
48.137890 -8.074222 -51.250000 
48.448437 -8.384769 -48.125000


24.840655 -4.968752 -46.875000 
24.843760 -3.726564 -50.006250 
25.775401 -6.521487 -48.118750 
24.840655 -4.968752 -46.875000


25.775401 -6.521487 -48.118750 
26.396495 -6.210940 -53.131250 
27.017589 -7.145686 -48.125000 
25.775401 -6.521487 -48.118750


28.880871 0.931641 -48.131250 
27.949230 -0.621094 -50.631250 
25.775401 -1.863282 -48.131250 
28.880871 0.931641 -48.131250


31.675794 3.108575 -48.125000 
30.744153 0.621094 -49.381250 
28.880871 0.931641 -48.131250 
31.675794 3.108575 -48.125000


31.054700 -18.632820 -48.118750 
33.539076 -20.806649 -49.368750 
34.160170 -19.878113 -47.500000 
31.054700 -18.632820 -48.118750


31.675794 3.108575 -48.125000 
33.228529 4.037111 -44.368750 
34.470717 4.350763 -49.375000 
31.675794 3.108575 -48.125000


34.160170 -19.878113 -47.500000 
33.539076 -20.806649 -49.368750 
36.023452 -22.045732 -48.750000 
34.160170 -19.878113 -47.500000


36.333999 5.900393 -46.243750 
34.467612 4.037111 -51.875000 
34.470717 4.350763 -49.375000 
36.333999 5.900393 -46.243750


34.467612 4.037111 -51.875000 
36.333999 5.900393 -46.243750 
36.333999 4.350763 -51.250000 
34.467612 4.037111 -51.875000


36.023452 -22.045732 -48.750000 
37.579292 -24.533213 -50.000000 
38.194176 -23.912119 -47.500000 
36.023452 -22.045732 -48.750000


36.333999 5.900393 -46.243750 
41.302751 7.456233 -48.750000 
38.197281 5.592951 -50.000000 
36.333999 5.900393 -46.243750


41.302751 5.900393 -46.868750 
41.926950 7.142581 -51.250000 
41.302751 7.456233 -48.750000 
41.302751 5.900393 -46.868750


41.926950 7.142581 -51.250000 
41.302751 5.900393 -46.868750 
43.479685 4.037111 -50.000000 
41.926950 7.142581 -51.250000


46.582050 -26.085948 -47.493750 
43.166033 -25.461749 -47.500000 
48.134785 -26.710147 -48.750000 
46.582050 -26.085948 -47.493750


46.585155 -4.037111 -45.625000 
47.206249 -5.279299 -46.250000 
46.585155 -3.726564 -50.625000 
46.585155 -4.037111 -45.625000


48.448437 -8.384769 -48.125000 
48.758984 -9.626957 -45.625000 
49.690625 -11.800786 -49.375000 
48.448437 -8.384769 -48.125000


49.690625 -11.800786 -49.375000 
49.380078 -16.458991 -41.875000 
50.001172 -13.042974 -50.000000 
49.690625 -11.800786 -49.375000


51.864454 -23.601572 -50.000000 
50.619161 -25.464854 -46.868750 
52.171896 -27.328136 -50.618750 
51.864454 -23.601572 -50.000000


51.243360 -22.669931 -47.500000 
50.619161 -25.464854 -46.868750 
51.864454 -23.601572 -50.000000 
51.243360 -22.669931 -47.500000


38.194176 -23.912119 -47.500000 
40.371110 -25.461749 -48.750000 
42.234392 -24.533213 -46.243750 
38.194176 -23.912119 -47.500000


45.032420 -0.310547 -49.375000 
45.339862 -1.860177 -45.000000 
46.274608 -0.931641 -53.125000 
45.032420 -0.310547 -49.375000


45.339862 -1.860177 -45.000000 
46.585155 -4.037111 -45.625000 
46.274608 -0.931641 -53.125000 
45.339862 -1.860177 -45.000000


46.582050 -26.085948 -47.493750 
48.134785 -26.710147 -48.750000 
47.513691 -25.464854 -48.118750 
46.582050 -26.085948 -47.493750


49.066426 -26.085948 -47.493750 
47.513691 -25.464854 -48.118750 
48.134785 -26.710147 -48.750000 
49.066426 -26.085948 -47.493750


48.445332 -24.533213 -44.993750 
49.066426 -26.085948 -47.493750 
49.690625 -24.533213 -48.750000 
48.445332 -24.533213 -44.993750


50.619161 -25.464854 -46.868750 
49.690625 -24.533213 -48.750000 
49.066426 -26.085948 -47.493750 
50.619161 -25.464854 -46.868750


50.932813 -16.769538 -48.750000 
50.622266 -21.427743 -45.625000 
51.243360 -22.669931 -47.500000 
50.932813 -16.769538 -48.750000


52.171896 -27.328136 -50.618750 
50.619161 -25.464854 -46.868750 
49.066426 -26.085948 -47.493750 
52.171896 -27.328136 -50.618750


24.530108 -3.726564 -45.625000 
24.843760 -3.726564 -50.006250 
24.840655 -4.968752 -46.875000 
24.530108 -3.726564 -45.625000


26.085948 -6.210940 -43.118750 
25.775401 -6.521487 -48.118750 
27.017589 -7.145686 -48.125000 
26.085948 -6.210940 -43.118750


25.775401 -1.863282 -48.131250 
27.017589 -0.307442 -44.375000 
28.880871 0.931641 -48.131250 
25.775401 -1.863282 -48.131250


30.433606 -15.216803 -43.118750 
29.188313 -12.732427 -45.625000 
29.809407 -16.458991 -46.875000 
30.433606 -15.216803 -43.118750


35.088706 -20.496102 -46.250000 
36.023452 -22.045732 -48.750000 
36.955093 -22.669931 -46.243750 
35.088706 -20.496102 -46.250000


35.088706 -20.496102 -46.250000 
34.160170 -19.878113 -47.500000 
36.023452 -22.045732 -48.750000 
35.088706 -20.496102 -46.250000


36.955093 -22.669931 -46.243750 
36.023452 -22.045732 -48.750000 
38.194176 -23.912119 -47.500000 
36.955093 -22.669931 -46.243750


39.439469 -22.983583 -46.250000 
36.955093 -22.669931 -46.243750 
38.194176 -23.912119 -47.500000 
39.439469 -22.983583 -46.250000


36.333999 5.900393 -46.243750 
39.128922 5.589846 -46.243750 
41.302751 7.456233 -48.750000 
36.333999 5.900393 -46.243750


39.439469 -22.983583 -46.250000 
38.194176 -23.912119 -47.500000 
42.234392 -24.533213 -46.243750 
39.439469 -22.983583 -46.250000


39.128922 5.589846 -46.243750 
41.302751 5.900393 -46.868750 
41.302751 7.456233 -48.750000 
39.128922 5.589846 -46.243750


42.234392 -24.533213 -46.243750 
40.371110 -25.461749 -48.750000 
43.166033 -25.461749 -47.500000 
42.234392 -24.533213 -46.243750


42.234392 -24.533213 -46.243750 
43.166033 -25.461749 -47.500000 
45.650409 -24.846865 -46.250000 
42.234392 -24.533213 -46.243750


45.650409 -24.846865 -46.250000 
43.166033 -25.461749 -47.500000 
46.582050 -26.085948 -47.493750 
45.650409 -24.846865 -46.250000


48.445332 -24.533213 -44.993750 
49.690625 -24.533213 -48.750000 
50.619161 -25.464854 -46.868750 
48.445332 -24.533213 -44.993750


25.775401 -1.863282 -48.131250 
24.843760 -3.726564 -50.006250 
24.530108 -3.726564 -45.625000 
25.775401 -1.863282 -48.131250


25.464854 -1.552735 -42.493750 
27.017589 -0.307442 -44.375000 
25.775401 -1.863282 -48.131250 
25.464854 -1.552735 -42.493750


27.635578 -8.695316 -44.375000 
27.017589 -7.145686 -48.125000 
28.567219 -10.558598 -48.750000 
27.635578 -8.695316 -44.375000


31.054700 -17.080085 -45.618750 
30.433606 -15.216803 -43.118750 
29.809407 -16.458991 -46.875000 
31.054700 -17.080085 -45.618750


32.917982 -18.632820 -43.118750 
31.054700 -17.080085 -45.618750 
31.054700 -18.632820 -48.118750 
32.917982 -18.632820 -43.118750


29.812512 2.484376 -43.743750 
33.228529 4.037111 -44.368750 
31.675794 3.108575 -48.125000 
29.812512 2.484376 -43.743750


32.917982 -18.632820 -43.118750 
31.054700 -18.632820 -48.118750 
34.160170 -19.878113 -47.500000 
32.917982 -18.632820 -43.118750


39.439469 -22.983583 -46.250000 
37.265640 -21.114091 -45.000000 
36.955093 -22.669931 -46.243750 
39.439469 -22.983583 -46.250000


43.479685 1.552735 -42.500000 
42.858591 2.173829 -46.875000 
43.479685 4.037111 -50.000000 
43.479685 1.552735 -42.500000


48.445332 -24.533213 -44.993750 
47.513691 -23.604677 -45.000000 
45.650409 -24.846865 -46.250000 
48.445332 -24.533213 -44.993750


49.690625 -11.800786 -49.375000 
49.690625 -13.042974 -45.000000 
49.380078 -16.458991 -41.875000 
49.690625 -11.800786 -49.375000


49.380078 -16.458991 -41.875000 
50.001172 -16.148444 -45.000000 
50.001172 -13.042974 -50.000000 
49.380078 -16.458991 -41.875000


50.001172 -13.042974 -50.000000 
50.001172 -16.148444 -45.000000 
50.932813 -16.769538 -48.750000 
50.001172 -13.042974 -50.000000


48.445332 -24.533213 -44.993750 
50.619161 -25.464854 -46.868750 
50.619161 -24.222666 -44.993750 
48.445332 -24.533213 -44.993750


50.932813 -16.769538 -48.750000 
50.001172 -16.148444 -45.000000 
50.622266 -21.427743 -45.625000 
50.932813 -16.769538 -48.750000


51.243360 -22.669931 -47.500000 
50.619161 -24.222666 -44.993750 
50.619161 -25.464854 -46.868750 
51.243360 -22.669931 -47.500000


25.464854 -1.552735 -42.493750 
25.775401 -1.863282 -48.131250 
24.530108 -3.726564 -45.625000 
25.464854 -1.552735 -42.493750


24.530108 -3.726564 -45.625000 
24.840655 -4.968752 -46.875000 
25.775401 -6.521487 -48.118750 
24.530108 -3.726564 -45.625000


35.712905 5.279299 -45.618750 
36.333999 5.900393 -46.243750 
34.470717 4.350763 -49.375000 
35.712905 5.279299 -45.618750


39.128922 5.589846 -46.243750 
36.333999 5.900393 -46.243750 
35.712905 5.279299 -45.618750 
39.128922 5.589846 -46.243750


37.265640 -21.114091 -45.000000 
35.088706 -20.496102 -46.250000 
36.955093 -22.669931 -46.243750 
37.265640 -21.114091 -45.000000


38.507828 -21.741395 -45.000000 
37.265640 -21.114091 -45.000000 
39.439469 -22.983583 -46.250000 
38.507828 -21.741395 -45.000000


40.060563 -23.294130 -45.000000 
39.439469 -22.983583 -46.250000 
42.234392 -24.533213 -46.243750 
40.060563 -23.294130 -45.000000


43.479685 1.552735 -42.500000 
43.479685 4.037111 -50.000000 
41.302751 5.900393 -46.868750 
43.479685 1.552735 -42.500000


42.858591 2.173829 -46.875000 
43.479685 1.552735 -42.500000 
45.032420 -0.310547 -49.375000 
42.858591 2.173829 -46.875000


48.445332 -24.533213 -44.993750 
45.650409 -24.846865 -46.250000 
46.582050 -26.085948 -47.493750 
48.445332 -24.533213 -44.993750


48.445332 -24.533213 -44.993750 
46.582050 -26.085948 -47.493750 
47.513691 -25.464854 -48.118750 
48.445332 -24.533213 -44.993750


49.690625 -11.800786 -49.375000 
48.758984 -9.626957 -45.625000 
49.690625 -13.042974 -45.000000 
49.690625 -11.800786 -49.375000


49.687520 -21.738290 -42.493750 
49.376973 -22.669931 -43.743750 
50.622266 -21.427743 -45.625000 
49.687520 -21.738290 -42.493750


50.622266 -21.427743 -45.625000 
50.619161 -24.222666 -44.993750 
51.243360 -22.669931 -47.500000 
50.622266 -21.427743 -45.625000


29.188313 -11.179692 -42.500000 
28.567219 -10.558598 -48.750000 
29.188313 -12.732427 -45.625000 
29.188313 -11.179692 -42.500000


27.635578 -8.695316 -44.375000 
28.567219 -10.558598 -48.750000 
29.188313 -11.179692 -42.500000 
27.635578 -8.695316 -44.375000


29.812512 2.484376 -43.743750 
28.880871 0.931641 -48.131250 
27.017589 -0.307442 -44.375000 
29.812512 2.484376 -43.743750


28.880871 0.931641 -48.131250 
29.812512 2.484376 -43.743750 
31.675794 3.108575 -48.125000 
28.880871 0.931641 -48.131250


32.917982 -18.632820 -43.118750 
34.160170 -19.878113 -47.500000 
35.088706 -20.496102 -46.250000 
32.917982 -18.632820 -43.118750


33.228529 4.037111 -44.368750 
35.712905 5.279299 -45.618750 
34.470717 4.350763 -49.375000 
33.228529 4.037111 -44.368750


35.091811 -19.257019 -43.750000 
35.088706 -20.496102 -46.250000 
37.265640 -21.114091 -45.000000 
35.091811 -19.257019 -43.750000


40.060563 -23.294130 -45.000000 
38.507828 -21.741395 -45.000000 
39.439469 -22.983583 -46.250000 
40.060563 -23.294130 -45.000000


39.439469 3.416017 -43.118750 
41.302751 5.900393 -46.868750 
39.128922 5.589846 -46.243750 
39.439469 3.416017 -43.118750


43.479685 1.552735 -42.500000 
45.339862 -1.860177 -45.000000 
45.032420 -0.310547 -49.375000 
43.479685 1.552735 -42.500000


47.513691 -23.604677 -45.000000 
47.203144 -22.980478 -43.743750 
40.060563 -23.294130 -45.000000 
47.513691 -23.604677 -45.000000


47.513691 -23.604677 -45.000000 
42.234392 -24.533213 -46.243750 
45.650409 -24.846865 -46.250000 
47.513691 -23.604677 -45.000000


48.445332 -24.533213 -44.993750 
47.513691 -25.464854 -48.118750 
49.066426 -26.085948 -47.493750 
48.445332 -24.533213 -44.993750


47.206249 -5.279299 -46.250000 
47.827343 -8.384769 -43.125000 
48.448437 -8.384769 -48.125000 
47.206249 -5.279299 -46.250000


49.376973 -22.669931 -43.743750 
50.619161 -24.222666 -44.993750 
50.622266 -21.427743 -45.625000 
49.376973 -22.669931 -43.743750


26.085948 -6.210940 -43.118750 
24.530108 -3.726564 -45.625000 
25.775401 -6.521487 -48.118750 
26.085948 -6.210940 -43.118750


30.123059 -13.664068 -40.006250 
29.188313 -12.732427 -45.625000 
30.433606 -15.216803 -43.118750 
30.123059 -13.664068 -40.006250


35.091811 -19.257019 -43.750000 
32.917982 -18.632820 -43.118750 
35.088706 -20.496102 -46.250000 
35.091811 -19.257019 -43.750000


32.607435 2.484376 -43.118750 
35.712905 5.279299 -45.618750 
33.228529 4.037111 -44.368750 
32.607435 2.484376 -43.118750


39.439469 3.416017 -43.118750 
35.712905 5.279299 -45.618750 
32.607435 2.484376 -43.118750 
39.439469 3.416017 -43.118750


35.091811 -19.257019 -43.750000 
37.265640 -21.114091 -45.000000 
38.197281 -20.806649 -43.743750 
35.091811 -19.257019 -43.750000


38.197281 -20.806649 -43.743750 
37.265640 -21.114091 -45.000000 
38.507828 -21.741395 -45.000000 
38.197281 -20.806649 -43.743750


35.712905 5.279299 -45.618750 
39.439469 3.416017 -43.118750 
39.128922 5.589846 -46.243750 
35.712905 5.279299 -45.618750


38.507828 -21.741395 -45.000000 
40.060563 -23.294130 -45.000000 
41.923845 -22.359384 -43.743750 
38.507828 -21.741395 -45.000000


42.234392 3.419122 -41.250000 
43.479685 1.552735 -42.500000 
41.302751 5.900393 -46.868750 
42.234392 3.419122 -41.250000


42.234392 -24.533213 -46.243750 
47.513691 -23.604677 -45.000000 
40.060563 -23.294130 -45.000000 
42.234392 -24.533213 -46.243750


49.376973 -22.669931 -43.743750 
47.203144 -22.980478 -43.743750 
47.513691 -23.604677 -45.000000 
49.376973 -22.669931 -43.743750


48.448437 -8.384769 -48.125000 
48.448437 -10.869145 -41.250000 
48.758984 -9.626957 -45.625000 
48.448437 -8.384769 -48.125000


50.619161 -24.222666 -44.993750 
49.376973 -22.669931 -43.743750 
48.445332 -24.533213 -44.993750 
50.619161 -24.222666 -44.993750


48.758984 -9.626957 -45.625000 
48.448437 -10.869145 -41.250000 
49.690625 -13.042974 -45.000000 
48.758984 -9.626957 -45.625000


25.461749 -4.037111 -41.875000 
25.464854 -1.552735 -42.493750 
24.530108 -3.726564 -45.625000 
25.461749 -4.037111 -41.875000


27.635578 -8.074222 -40.625000 
27.017589 -7.145686 -48.125000 
27.635578 -8.695316 -44.375000 
27.635578 -8.074222 -40.625000


27.635578 -8.074222 -40.625000 
26.085948 -6.210940 -43.118750 
27.017589 -7.145686 -48.125000 
27.635578 -8.074222 -40.625000


32.607435 2.484376 -43.118750 
33.228529 4.037111 -44.368750 
29.812512 2.484376 -43.743750 
32.607435 2.484376 -43.118750


35.091811 -19.257019 -43.750000 
38.197281 -20.806649 -43.743750 
37.889839 -19.564461 -42.500000 
35.091811 -19.257019 -43.750000


41.923845 -22.359384 -43.743750 
38.197281 -20.806649 -43.743750 
38.507828 -21.741395 -45.000000 
41.923845 -22.359384 -43.743750


41.923845 -22.359384 -43.743750 
40.060563 -23.294130 -45.000000 
47.203144 -22.980478 -43.743750 
41.923845 -22.359384 -43.743750


47.203144 -21.738290 -43.743750 
42.855486 -21.741395 -42.500000 
41.923845 -22.359384 -43.743750 
47.203144 -21.738290 -43.743750


41.923845 -22.359384 -43.743750 
47.203144 -22.980478 -43.743750 
47.203144 -21.738290 -43.743750 
41.923845 -22.359384 -43.743750


50.001172 -16.148444 -45.000000 
49.687520 -21.738290 -42.493750 
50.622266 -21.427743 -45.625000 
50.001172 -16.148444 -45.000000


29.501965 -0.310547 -41.243750 
29.812512 2.484376 -43.743750 
27.017589 -0.307442 -44.375000 
29.501965 -0.310547 -41.243750


29.498860 -11.179692 -40.000000 
27.635578 -8.695316 -44.375000 
29.188313 -11.179692 -42.500000 
29.498860 -11.179692 -40.000000


31.986341 -17.704284 -41.875000 
32.917982 -18.632820 -43.118750 
33.849623 -18.011726 -41.868750 
31.986341 -17.704284 -41.875000


33.849623 -18.011726 -41.868750 
32.917982 -18.632820 -43.118750 
35.091811 -19.257019 -43.750000 
33.849623 -18.011726 -41.868750


35.402358 -18.632820 -42.493750 
33.849623 -18.011726 -41.868750 
35.091811 -19.257019 -43.750000 
35.402358 -18.632820 -42.493750


35.402358 -18.632820 -42.493750 
35.091811 -19.257019 -43.750000 
37.889839 -19.564461 -42.500000 
35.402358 -18.632820 -42.493750


40.371110 -20.806649 -42.493750 
38.197281 -20.806649 -43.743750 
41.923845 -22.359384 -43.743750 
40.371110 -20.806649 -42.493750


40.371110 -20.806649 -42.493750 
41.923845 -22.359384 -43.743750 
42.855486 -21.741395 -42.500000 
40.371110 -20.806649 -42.493750


45.339862 -1.860177 -45.000000 
45.964061 -2.484376 -41.875000 
46.585155 -4.037111 -45.625000 
45.339862 -1.860177 -45.000000


47.203144 -21.738290 -43.743750 
47.203144 -22.980478 -43.743750 
49.376973 -22.669931 -43.743750 
47.203144 -21.738290 -43.743750


49.376973 -22.669931 -43.743750 
47.513691 -23.604677 -45.000000 
48.445332 -24.533213 -44.993750 
49.376973 -22.669931 -43.743750


47.827343 -8.384769 -43.125000 
48.448437 -10.869145 -41.250000 
48.448437 -8.384769 -48.125000 
47.827343 -8.384769 -43.125000


25.461749 -4.037111 -41.875000 
24.530108 -3.726564 -45.625000 
26.085948 -6.210940 -43.118750 
25.461749 -4.037111 -41.875000


25.461749 -4.037111 -41.875000 
26.085948 -6.210940 -43.118750 
27.635578 -8.074222 -40.625000 
25.461749 -4.037111 -41.875000


25.464854 -1.552735 -42.493750 
26.707042 -1.863282 -41.243750 
27.017589 -0.307442 -44.375000 
25.464854 -1.552735 -42.493750


26.707042 -1.863282 -41.243750 
29.501965 -0.310547 -41.243750 
27.017589 -0.307442 -44.375000 
26.707042 -1.863282 -41.243750


30.123059 1.242188 -42.493750 
29.812512 2.484376 -43.743750 
29.501965 -0.310547 -41.243750 
30.123059 1.242188 -42.493750


31.986341 -17.704284 -41.875000 
31.054700 -17.080085 -45.618750 
32.917982 -18.632820 -43.118750 
31.986341 -17.704284 -41.875000


33.228529 -17.390632 -41.243750 
31.986341 -17.704284 -41.875000 
33.849623 -18.011726 -41.868750 
33.228529 -17.390632 -41.243750


37.579292 -18.322273 -41.250000 
33.849623 -18.011726 -41.868750 
35.402358 -18.632820 -42.493750 
37.579292 -18.322273 -41.250000


37.889839 -19.564461 -42.500000 
37.579292 -18.322273 -41.250000 
35.402358 -18.632820 -42.493750 
37.889839 -19.564461 -42.500000


37.886734 1.863282 -41.243750 
39.439469 3.416017 -43.118750 
32.607435 2.484376 -43.118750 
37.886734 1.863282 -41.243750


46.892597 -21.117196 -42.493750 
42.234392 -20.185555 -41.243750 
42.855486 -21.741395 -42.500000 
46.892597 -21.117196 -42.493750


46.892597 -21.117196 -42.493750 
42.855486 -21.741395 -42.500000 
47.203144 -21.738290 -43.743750 
46.892597 -21.117196 -42.493750


46.585155 -4.037111 -45.625000 
45.653514 -6.521487 -36.875000 
47.206249 -5.279299 -46.250000 
46.585155 -4.037111 -45.625000


47.206249 -5.279299 -46.250000 
47.206249 -7.142581 -40.000000 
47.827343 -8.384769 -43.125000 
47.206249 -5.279299 -46.250000


46.892597 -21.117196 -42.493750 
47.203144 -21.738290 -43.743750 
49.376973 -22.669931 -43.743750 
46.892597 -21.117196 -42.493750


46.892597 -21.117196 -42.493750 
49.376973 -22.669931 -43.743750 
49.687520 -21.738290 -42.493750 
46.892597 -21.117196 -42.493750


49.380078 -16.458991 -41.875000 
49.687520 -21.738290 -42.493750 
50.001172 -16.148444 -45.000000 
49.380078 -16.458991 -41.875000


29.498860 -11.179692 -40.000000 
29.188313 -12.732427 -45.625000 
30.123059 -13.664068 -40.006250 
29.498860 -11.179692 -40.000000


29.498860 -11.179692 -40.000000 
29.188313 -11.179692 -42.500000 
29.188313 -12.732427 -45.625000 
29.498860 -11.179692 -40.000000


30.123059 1.242188 -42.493750 
32.607435 2.484376 -43.118750 
29.812512 2.484376 -43.743750 
30.123059 1.242188 -42.493750


30.433606 -15.216803 -43.118750 
31.054700 -17.080085 -45.618750 
31.986341 -17.704284 -41.875000 
30.433606 -15.216803 -43.118750


40.371110 -20.806649 -42.493750 
37.889839 -19.564461 -42.500000 
38.197281 -20.806649 -43.743750 
40.371110 -20.806649 -42.493750


37.889839 -19.564461 -42.500000 
40.371110 -20.806649 -42.493750 
42.234392 -20.185555 -41.243750 
37.889839 -19.564461 -42.500000


42.234392 3.419122 -41.250000 
41.302751 5.900393 -46.868750 
39.439469 3.416017 -43.118750 
42.234392 3.419122 -41.250000


43.479685 1.552735 -42.500000 
44.721873 -0.310547 -39.375000 
45.339862 -1.860177 -45.000000 
43.479685 1.552735 -42.500000


26.707042 -1.863282 -41.243750 
25.464854 -1.552735 -42.493750 
25.461749 -4.037111 -41.875000 
26.707042 -1.863282 -41.243750


28.570324 -1.863282 -39.993750 
29.501965 -0.310547 -41.243750 
26.707042 -1.863282 -41.243750 
28.570324 -1.863282 -39.993750


27.635578 -8.074222 -40.625000 
27.635578 -8.695316 -44.375000 
29.498860 -11.179692 -40.000000 
27.635578 -8.074222 -40.625000


32.607435 2.484376 -43.118750 
30.123059 1.242188 -42.493750 
33.849623 0.621094 -40.618750 
32.607435 2.484376 -43.118750


37.579292 -18.322273 -41.250000 
33.228529 -17.390632 -41.243750 
33.849623 -18.011726 -41.868750 
37.579292 -18.322273 -41.250000


33.849623 0.621094 -40.618750 
37.886734 1.863282 -41.243750 
32.607435 2.484376 -43.118750 
33.849623 0.621094 -40.618750


37.579292 -18.322273 -41.250000 
37.889839 -19.564461 -42.500000 
42.234392 -20.185555 -41.243750 
37.579292 -18.322273 -41.250000


37.886734 1.863282 -41.243750 
38.197281 1.242188 -40.618750 
39.439469 3.416017 -43.118750 
37.886734 1.863282 -41.243750


42.234392 -20.185555 -41.243750 
40.371110 -18.322273 -39.993750 
37.579292 -18.322273 -41.250000 
42.234392 -20.185555 -41.243750


42.234392 -20.185555 -41.243750 
40.371110 -20.806649 -42.493750 
42.855486 -21.741395 -42.500000 
42.234392 -20.185555 -41.243750


45.650409 -18.322273 -41.868750 
42.234392 -20.185555 -41.243750 
44.097674 -19.564461 -41.243750 
45.650409 -18.322273 -41.868750


45.964061 -2.484376 -41.875000 
45.653514 -6.521487 -36.875000 
46.585155 -4.037111 -45.625000 
45.964061 -2.484376 -41.875000


46.892597 -18.322273 -39.368750 
48.137890 -17.701179 -38.750000 
45.964061 -17.390632 -41.250000 
46.892597 -18.322273 -39.368750


49.066426 -20.185555 -41.243750 
48.137890 -17.701179 -38.750000 
48.134785 -18.943367 -42.493750 
49.066426 -20.185555 -41.243750


47.516796 -13.974615 -38.125000 
49.380078 -16.458991 -41.875000 
49.690625 -13.042974 -45.000000 
47.516796 -13.974615 -38.125000


48.448437 -10.869145 -41.250000 
47.516796 -13.974615 -38.125000 
49.690625 -13.042974 -45.000000 
48.448437 -10.869145 -41.250000


46.892597 -21.117196 -42.493750 
49.687520 -21.738290 -42.493750 
49.066426 -20.185555 -41.243750 
46.892597 -21.117196 -42.493750


49.066426 -20.185555 -41.243750 
49.687520 -21.738290 -42.493750 
49.380078 -16.458991 -41.875000 
49.066426 -20.185555 -41.243750


27.017589 -4.658205 -37.493750 
25.461749 -4.037111 -41.875000 
27.635578 -8.074222 -40.625000 
27.017589 -4.658205 -37.493750


33.849623 0.621094 -40.618750 
30.123059 1.242188 -42.493750 
29.501965 -0.310547 -41.243750 
33.849623 0.621094 -40.618750


37.579292 -18.322273 -41.250000 
36.641441 -17.701179 -39.375000 
33.228529 -17.390632 -41.243750 
37.579292 -18.322273 -41.250000


42.234392 3.419122 -41.250000 
39.439469 3.416017 -43.118750 
38.197281 1.242188 -40.618750 
42.234392 3.419122 -41.250000


40.371110 -18.322273 -39.993750 
42.234392 -20.185555 -41.243750 
42.855486 -18.946472 -40.000000 
40.371110 -18.322273 -39.993750


42.855486 -18.946472 -40.000000 
42.234392 -20.185555 -41.243750 
45.650409 -18.322273 -41.868750 
42.855486 -18.946472 -40.000000


42.234392 -20.185555 -41.243750 
46.892597 -21.117196 -42.493750 
44.097674 -19.564461 -41.243750 
42.234392 -20.185555 -41.243750


46.892597 -18.322273 -39.368750 
44.097674 -19.564461 -41.243750 
46.892597 -21.117196 -42.493750 
46.892597 -18.322273 -39.368750


46.892597 -18.322273 -39.368750 
46.892597 -21.117196 -42.493750 
49.066426 -20.185555 -41.243750 
46.892597 -18.322273 -39.368750


46.892597 -18.322273 -39.368750 
49.066426 -20.185555 -41.243750 
48.134785 -18.943367 -42.493750 
46.892597 -18.322273 -39.368750


47.206249 -7.142581 -40.000000 
48.448437 -10.869145 -41.250000 
47.827343 -8.384769 -43.125000 
47.206249 -7.142581 -40.000000


26.707042 -1.863282 -41.243750 
25.461749 -4.037111 -41.875000 
27.017589 -4.658205 -37.493750 
26.707042 -1.863282 -41.243750


30.744153 -1.863282 -39.993750 
29.501965 -0.310547 -41.243750 
28.570324 -1.863282 -39.993750 
30.744153 -1.863282 -39.993750


30.744153 -13.353521 -37.493750 
29.498860 -11.179692 -40.000000 
30.123059 -13.664068 -40.006250 
30.744153 -13.353521 -37.493750


30.744153 -1.863282 -39.993750 
33.849623 0.621094 -40.618750 
29.501965 -0.310547 -41.243750 
30.744153 -1.863282 -39.993750


35.091811 -1.552735 -39.368750 
33.849623 0.621094 -40.618750 
30.744153 -1.863282 -39.993750 
35.091811 -1.552735 -39.368750


35.091811 -1.552735 -39.368750 
38.197281 1.242188 -40.618750 
33.849623 0.621094 -40.618750 
35.091811 -1.552735 -39.368750


38.197281 1.242188 -40.618750 
37.886734 1.863282 -41.243750 
33.849623 0.621094 -40.618750 
38.197281 1.242188 -40.618750


36.641441 -17.701179 -39.375000 
37.579292 -18.322273 -41.250000 
37.886734 -17.701179 -39.993750 
36.641441 -17.701179 -39.375000


40.371110 -18.322273 -39.993750 
37.886734 -17.701179 -39.993750 
37.579292 -18.322273 -41.250000 
40.371110 -18.322273 -39.993750


42.234392 3.419122 -41.250000 
38.197281 1.242188 -40.618750 
41.302751 1.552735 -39.993750 
42.234392 3.419122 -41.250000


42.855486 -18.946472 -40.000000 
45.650409 -18.322273 -41.868750 
45.029315 -17.701179 -38.743750 
42.855486 -18.946472 -40.000000


46.892597 -18.322273 -39.368750 
45.650409 -18.322273 -41.868750 
44.097674 -19.564461 -41.243750 
46.892597 -18.322273 -39.368750


48.758984 -17.080085 -36.250000 
45.964061 -17.390632 -41.250000 
48.137890 -17.701179 -38.750000 
48.758984 -17.080085 -36.250000


48.137890 -17.701179 -38.750000 
46.892597 -18.322273 -39.368750 
48.134785 -18.943367 -42.493750 
48.137890 -17.701179 -38.750000


47.206249 -7.142581 -40.000000 
46.895702 -10.558598 -38.125000 
48.448437 -10.869145 -41.250000 
47.206249 -7.142581 -40.000000


49.380078 -16.458991 -41.875000 
48.137890 -17.701179 -38.750000 
49.066426 -20.185555 -41.243750 
49.380078 -16.458991 -41.875000


27.017589 -4.658205 -37.493750 
29.812512 -3.105470 -39.368750 
26.707042 -1.863282 -41.243750 
27.017589 -4.658205 -37.493750


29.812512 -3.105470 -39.368750 
28.570324 -1.863282 -39.993750 
26.707042 -1.863282 -41.243750 
29.812512 -3.105470 -39.368750


30.123059 -13.664068 -40.006250 
30.433606 -15.216803 -43.118750 
32.296888 -14.595709 -34.368750 
30.123059 -13.664068 -40.006250


43.476580 0.931641 -36.868750 
42.234392 3.419122 -41.250000 
41.302751 1.552735 -39.993750 
43.476580 0.931641 -36.868750


42.234392 3.419122 -41.250000 
43.476580 0.931641 -36.868750 
43.479685 1.552735 -42.500000 
42.234392 3.419122 -41.250000


45.339862 -1.860177 -45.000000 
45.342967 -3.726564 -37.500000 
45.964061 -2.484376 -41.875000 
45.339862 -1.860177 -45.000000


45.342967 -3.726564 -37.500000 
45.653514 -6.521487 -36.875000 
45.964061 -2.484376 -41.875000 
45.342967 -3.726564 -37.500000


45.029315 -17.701179 -38.743750 
45.964061 -17.390632 -41.250000 
48.758984 -17.080085 -36.250000 
45.029315 -17.701179 -38.743750


45.653514 -6.521487 -36.875000 
47.206249 -7.142581 -40.000000 
47.206249 -5.279299 -46.250000 
45.653514 -6.521487 -36.875000


47.516796 -13.974615 -38.125000 
48.137890 -17.701179 -38.750000 
49.380078 -16.458991 -41.875000 
47.516796 -13.974615 -38.125000


28.877766 -8.384769 -36.250000 
27.635578 -8.074222 -40.625000 
29.498860 -11.179692 -40.000000 
28.877766 -8.384769 -36.250000


28.570324 -1.863282 -39.993750 
29.812512 -3.105470 -39.368750 
30.744153 -1.863282 -39.993750 
28.570324 -1.863282 -39.993750


29.812512 -3.105470 -39.368750 
35.091811 -1.552735 -39.368750 
30.744153 -1.863282 -39.993750 
29.812512 -3.105470 -39.368750


32.296888 -2.794923 -38.118750 
35.091811 -1.552735 -39.368750 
29.812512 -3.105470 -39.368750 
32.296888 -2.794923 -38.118750


32.296888 -14.595709 -34.368750 
30.433606 -15.216803 -43.118750 
31.986341 -17.704284 -41.875000 
32.296888 -14.595709 -34.368750


36.641441 -17.701179 -39.375000 
34.160170 -15.841002 -37.500000 
33.228529 -17.390632 -41.243750 
36.641441 -17.701179 -39.375000


36.333999 -1.552735 -36.868750 
38.197281 1.242188 -40.618750 
35.091811 -1.552735 -39.368750 
36.333999 -1.552735 -36.868750


38.197281 1.242188 -40.618750 
39.439469 -0.621094 -38.118750 
40.992204 0.000000 -38.743750 
38.197281 1.242188 -40.618750


38.197281 1.242188 -40.618750 
40.992204 0.000000 -38.743750 
41.302751 1.552735 -39.993750 
38.197281 1.242188 -40.618750


43.476580 -17.080085 -37.493750 
40.371110 -18.322273 -39.993750 
42.855486 -18.946472 -40.000000 
43.476580 -17.080085 -37.493750


43.479685 1.552735 -42.500000 
43.476580 0.931641 -36.868750 
44.721873 -0.310547 -39.375000 
43.479685 1.552735 -42.500000


45.339862 -1.860177 -45.000000 
44.721873 -0.310547 -39.375000 
45.342967 -3.726564 -37.500000 
45.339862 -1.860177 -45.000000


45.029315 -17.701179 -38.743750 
45.650409 -18.322273 -41.868750 
46.892597 -18.322273 -39.368750 
45.029315 -17.701179 -38.743750


45.029315 -17.701179 -38.743750 
46.892597 -18.322273 -39.368750 
45.964061 -17.390632 -41.250000 
45.029315 -17.701179 -38.743750


46.895702 -10.558598 -38.125000 
47.516796 -13.974615 -38.125000 
48.448437 -10.869145 -41.250000 
46.895702 -10.558598 -38.125000


27.949230 -6.210940 -36.243750 
27.017589 -4.658205 -37.493750 
27.635578 -8.074222 -40.625000 
27.949230 -6.210940 -36.243750


30.119954 -10.869145 -37.500000 
29.498860 -11.179692 -40.000000 
30.744153 -13.353521 -37.493750 
30.119954 -10.869145 -37.500000


32.296888 -2.794923 -38.118750 
32.607435 -4.037111 -36.868750 
35.091811 -1.552735 -39.368750 
32.296888 -2.794923 -38.118750


34.160170 -15.841002 -37.500000 
36.641441 -17.701179 -39.375000 
37.886734 -17.701179 -39.993750 
34.160170 -15.841002 -37.500000


39.439469 -0.621094 -38.118750 
38.197281 1.242188 -40.618750 
36.333999 -1.552735 -36.868750 
39.439469 -0.621094 -38.118750


40.371110 -16.769538 -38.118750 
37.886734 -17.701179 -39.993750 
40.371110 -18.322273 -39.993750 
40.371110 -16.769538 -38.118750


40.371110 -16.769538 -38.118750 
40.371110 -18.322273 -39.993750 
43.476580 -17.080085 -37.493750 
40.371110 -16.769538 -38.118750


43.476580 -17.080085 -37.493750 
42.855486 -18.946472 -40.000000 
45.029315 -17.701179 -38.743750 
43.476580 -17.080085 -37.493750


28.877766 -8.384769 -36.250000 
27.949230 -6.210940 -36.243750 
27.635578 -8.074222 -40.625000 
28.877766 -8.384769 -36.250000


30.119954 -10.869145 -37.500000 
28.877766 -8.384769 -36.250000 
29.498860 -11.179692 -40.000000 
30.119954 -10.869145 -37.500000


29.812512 -3.105470 -39.368750 
27.017589 -4.658205 -37.493750 
31.365247 -4.347658 -36.868750 
29.812512 -3.105470 -39.368750


31.365247 -4.347658 -36.868750 
32.296888 -2.794923 -38.118750 
29.812512 -3.105470 -39.368750 
31.365247 -4.347658 -36.868750


32.607435 -4.037111 -36.868750 
32.296888 -2.794923 -38.118750 
31.365247 -4.347658 -36.868750 
32.607435 -4.037111 -36.868750


32.296888 -14.595709 -34.368750 
31.986341 -17.704284 -41.875000 
33.228529 -17.390632 -41.243750 
32.296888 -14.595709 -34.368750


32.296888 -14.595709 -34.368750 
33.228529 -17.390632 -41.243750 
34.160170 -15.841002 -37.500000 
32.296888 -14.595709 -34.368750


41.302751 1.552735 -39.993750 
40.992204 0.000000 -38.743750 
43.476580 -0.621094 -34.993750 
41.302751 1.552735 -39.993750


46.274608 -9.316410 -36.250000 
46.895702 -10.558598 -38.125000 
47.206249 -7.142581 -40.000000 
46.274608 -9.316410 -36.250000


45.653514 -6.521487 -36.875000 
46.274608 -9.316410 -36.250000 
47.206249 -7.142581 -40.000000 
45.653514 -6.521487 -36.875000


47.516796 -11.800786 -35.000000 
47.516796 -13.974615 -38.125000 
46.895702 -10.558598 -38.125000 
47.516796 -11.800786 -35.000000


27.949230 -6.210940 -36.243750 
31.365247 -4.347658 -36.868750 
27.017589 -4.658205 -37.493750 
27.949230 -6.210940 -36.243750


32.296888 -14.595709 -34.368750 
30.744153 -13.353521 -37.493750 
30.123059 -13.664068 -40.006250 
32.296888 -14.595709 -34.368750


36.955093 -14.906256 -34.368750 
34.160170 -15.841002 -37.500000 
37.886734 -17.701179 -39.993750 
36.955093 -14.906256 -34.368750


36.333999 -1.552735 -36.868750 
39.750016 -1.552735 -36.868750 
39.439469 -0.621094 -38.118750 
36.333999 -1.552735 -36.868750


39.439469 -0.621094 -38.118750 
39.750016 -1.552735 -36.868750 
40.992204 0.000000 -38.743750 
39.439469 -0.621094 -38.118750


39.750016 -1.552735 -36.868750 
43.476580 -0.621094 -34.993750 
40.992204 0.000000 -38.743750 
39.750016 -1.552735 -36.868750


43.476580 0.931641 -36.868750 
43.476580 -0.621094 -34.993750 
44.721873 -0.310547 -39.375000 
43.476580 0.931641 -36.868750


47.516796 -13.974615 -38.125000 
48.758984 -17.080085 -36.250000 
48.137890 -17.701179 -38.750000 
47.516796 -13.974615 -38.125000


36.333999 -1.552735 -36.868750 
35.091811 -1.552735 -39.368750 
32.607435 -4.037111 -36.868750 
36.333999 -1.552735 -36.868750


34.470717 -4.347658 -35.618750 
36.333999 -1.552735 -36.868750 
32.607435 -4.037111 -36.868750 
34.470717 -4.347658 -35.618750


38.197281 -3.105470 -35.618750 
36.333999 -1.552735 -36.868750 
34.470717 -4.347658 -35.618750 
38.197281 -3.105470 -35.618750


38.818375 -15.837897 -34.368750 
37.886734 -17.701179 -39.993750 
40.371110 -16.769538 -38.118750 
38.818375 -15.837897 -34.368750


38.197281 -3.105470 -35.618750 
39.750016 -1.552735 -36.868750 
36.333999 -1.552735 -36.868750 
38.197281 -3.105470 -35.618750


40.992204 -14.906256 -34.368750 
40.371110 -16.769538 -38.118750 
43.476580 -17.080085 -37.493750 
40.992204 -14.906256 -34.368750


43.476580 -0.621094 -34.993750 
43.476580 0.931641 -36.868750 
41.302751 1.552735 -39.993750 
43.476580 -0.621094 -34.993750


48.758984 -17.080085 -36.250000 
43.476580 -17.080085 -37.493750 
45.029315 -17.701179 -38.743750 
48.758984 -17.080085 -36.250000


30.433606 -6.832034 -33.118750 
31.365247 -4.347658 -36.868750 
27.949230 -6.210940 -36.243750 
30.433606 -6.832034 -33.118750


28.877766 -8.384769 -36.250000 
30.119954 -10.869145 -37.500000 
30.744153 -11.490239 -33.743750 
28.877766 -8.384769 -36.250000


31.365247 -4.347658 -36.868750 
33.228529 -5.279299 -35.618750 
32.607435 -4.037111 -36.868750 
31.365247 -4.347658 -36.868750


38.818375 -15.837897 -34.368750 
36.955093 -14.906256 -34.368750 
37.886734 -17.701179 -39.993750 
38.818375 -15.837897 -34.368750


38.818375 -15.837897 -34.368750 
40.371110 -16.769538 -38.118750 
40.992204 -14.906256 -34.368750 
38.818375 -15.837897 -34.368750


44.097674 -15.216803 -33.118750 
43.476580 -17.080085 -37.493750 
48.758984 -17.080085 -36.250000 
44.097674 -15.216803 -33.118750


45.653514 -6.521487 -36.875000 
46.895702 -8.074222 -32.500000 
46.274608 -9.316410 -36.250000 
45.653514 -6.521487 -36.875000


28.880871 -7.453128 -33.118750 
27.949230 -6.210940 -36.243750 
28.877766 -8.384769 -36.250000 
28.880871 -7.453128 -33.118750


28.880871 -7.453128 -33.118750 
28.877766 -8.384769 -36.250000 
30.744153 -11.490239 -33.743750 
28.880871 -7.453128 -33.118750


30.744153 -11.490239 -33.743750 
30.119954 -10.869145 -37.500000 
30.744153 -13.353521 -37.493750 
30.744153 -11.490239 -33.743750


33.228529 -5.279299 -35.618750 
34.470717 -5.900393 -32.493750 
32.607435 -4.037111 -36.868750 
33.228529 -5.279299 -35.618750


34.470717 -5.900393 -32.493750 
34.470717 -4.347658 -35.618750 
32.607435 -4.037111 -36.868750 
34.470717 -5.900393 -32.493750


38.197281 -3.105470 -35.618750 
34.470717 -4.347658 -35.618750 
36.644546 -3.726564 -35.618750 
38.197281 -3.105470 -35.618750


44.721873 -0.310547 -39.375000 
43.476580 -0.621094 -34.993750 
45.342967 -3.726564 -37.500000 
44.721873 -0.310547 -39.375000


45.653514 -5.279299 -31.875000 
45.653514 -6.521487 -36.875000 
45.342967 -3.726564 -37.500000 
45.653514 -5.279299 -31.875000


46.274608 -9.316410 -36.250000 
47.516796 -11.800786 -35.000000 
46.895702 -10.558598 -38.125000 
46.274608 -9.316410 -36.250000


47.516796 -13.974615 -38.125000 
48.137890 -15.216803 -32.500000 
48.758984 -17.080085 -36.250000 
47.516796 -13.974615 -38.125000


47.516796 -11.800786 -35.000000 
48.137890 -15.216803 -32.500000 
47.516796 -13.974615 -38.125000 
47.516796 -11.800786 -35.000000


30.433606 -6.832034 -33.118750 
27.949230 -6.210940 -36.243750 
28.880871 -7.453128 -33.118750 
30.433606 -6.832034 -33.118750


31.365247 -4.347658 -36.868750 
30.433606 -6.832034 -33.118750 
33.228529 -5.279299 -35.618750 
31.365247 -4.347658 -36.868750


36.955093 -14.906256 -34.368750 
32.296888 -14.595709 -34.368750 
34.160170 -15.841002 -37.500000 
36.955093 -14.906256 -34.368750


45.653514 -5.279299 -31.875000 
46.895702 -8.074222 -32.500000 
45.653514 -6.521487 -36.875000 
45.653514 -5.279299 -31.875000


48.134785 -16.148444 -33.118750 
44.097674 -15.216803 -33.118750 
48.758984 -17.080085 -36.250000 
48.134785 -16.148444 -33.118750


30.744153 -11.490239 -33.743750 
30.744153 -13.353521 -37.493750 
32.296888 -14.595709 -34.368750 
30.744153 -11.490239 -33.743750


36.955093 -14.906256 -34.368750 
30.744153 -11.490239 -33.743750 
32.296888 -14.595709 -34.368750 
36.955093 -14.906256 -34.368750


36.023452 -12.111333 -33.743750 
30.744153 -11.490239 -33.743750 
36.955093 -14.906256 -34.368750 
36.023452 -12.111333 -33.743750


38.507828 -5.589846 -31.243750 
38.197281 -3.105470 -35.618750 
36.644546 -3.726564 -35.618750 
38.507828 -5.589846 -31.243750


40.992204 -14.906256 -34.368750 
36.955093 -14.906256 -34.368750 
38.818375 -15.837897 -34.368750 
40.992204 -14.906256 -34.368750


44.097674 -15.216803 -33.118750 
40.992204 -14.906256 -34.368750 
43.476580 -17.080085 -37.493750 
44.097674 -15.216803 -33.118750


43.476580 -0.621094 -34.993750 
43.787127 -1.860177 -31.250000 
45.342967 -3.726564 -37.500000 
43.476580 -0.621094 -34.993750


43.787127 -1.860177 -31.250000 
45.653514 -5.279299 -31.875000 
45.342967 -3.726564 -37.500000 
43.787127 -1.860177 -31.250000


33.849623 -9.316410 -33.743750 
28.880871 -7.453128 -33.118750 
30.744153 -11.490239 -33.743750 
33.849623 -9.316410 -33.743750


33.849623 -9.316410 -33.743750 
30.744153 -11.490239 -33.743750 
36.023452 -12.111333 -33.743750 
33.849623 -9.316410 -33.743750


34.470717 -4.347658 -35.618750 
34.470717 -5.900393 -32.493750 
36.644546 -3.726564 -35.618750 
34.470717 -4.347658 -35.618750


36.023452 -6.210940 -31.868750 
36.644546 -3.726564 -35.618750 
34.470717 -5.900393 -32.493750 
36.023452 -6.210940 -31.868750


38.197281 -11.490239 -33.118750 
36.023452 -12.111333 -33.743750 
36.955093 -14.906256 -34.368750 
38.197281 -11.490239 -33.118750


40.992204 -14.906256 -34.368750 
38.197281 -11.490239 -33.118750 
36.955093 -14.906256 -34.368750 
40.992204 -14.906256 -34.368750


43.787127 -1.860177 -31.250000 
43.476580 -0.621094 -34.993750 
39.750016 -1.552735 -36.868750 
43.787127 -1.860177 -31.250000


48.137890 -15.216803 -32.500000 
44.097674 -15.216803 -33.118750 
48.134785 -16.148444 -33.118750 
48.137890 -15.216803 -32.500000


47.203144 -11.490239 -30.618750 
47.513691 -13.042974 -31.243750 
47.516796 -11.800786 -35.000000 
47.203144 -11.490239 -30.618750


48.137890 -15.216803 -32.500000 
48.134785 -16.148444 -33.118750 
48.758984 -17.080085 -36.250000 
48.137890 -15.216803 -32.500000


34.470717 -5.900393 -32.493750 
30.433606 -6.832034 -33.118750 
28.880871 -7.453128 -33.118750 
34.470717 -5.900393 -32.493750


30.433606 -6.832034 -33.118750 
34.470717 -5.900393 -32.493750 
33.228529 -5.279299 -35.618750 
30.433606 -6.832034 -33.118750


34.470717 -5.900393 -32.493750 
28.880871 -7.453128 -33.118750 
33.849623 -9.316410 -33.743750 
34.470717 -5.900393 -32.493750


35.402358 -9.005863 -32.493750 
34.470717 -5.900393 -32.493750 
33.849623 -9.316410 -33.743750 
35.402358 -9.005863 -32.493750


36.023452 -12.111333 -33.743750 
35.402358 -9.005863 -32.493750 
33.849623 -9.316410 -33.743750 
36.023452 -12.111333 -33.743750


38.197281 -11.490239 -33.118750 
38.507828 -8.384769 -32.493750 
35.402358 -9.005863 -32.493750 
38.197281 -11.490239 -33.118750


38.197281 -11.490239 -33.118750 
35.402358 -9.005863 -32.493750 
36.023452 -12.111333 -33.743750 
38.197281 -11.490239 -33.118750


38.197281 -3.105470 -35.618750 
40.371110 -4.968752 -29.993750 
39.750016 -1.552735 -36.868750 
38.197281 -3.105470 -35.618750


44.097674 -15.216803 -33.118750 
38.197281 -11.490239 -33.118750 
40.992204 -14.906256 -34.368750 
44.097674 -15.216803 -33.118750


42.234392 -13.042974 -33.118750 
38.197281 -11.490239 -33.118750 
44.097674 -15.216803 -33.118750 
42.234392 -13.042974 -33.118750


45.650409 -12.732427 -32.493750 
42.234392 -13.042974 -33.118750 
44.097674 -15.216803 -33.118750 
45.650409 -12.732427 -32.493750


48.137890 -15.216803 -32.500000 
45.650409 -12.732427 -32.493750 
44.097674 -15.216803 -33.118750 
48.137890 -15.216803 -32.500000


45.653514 -5.279299 -31.875000 
46.271503 -8.074222 -28.743750 
46.895702 -8.074222 -32.500000 
45.653514 -5.279299 -31.875000


46.274608 -9.316410 -36.250000 
47.203144 -11.490239 -30.618750 
47.516796 -11.800786 -35.000000 
46.274608 -9.316410 -36.250000


36.023452 -6.210940 -31.868750 
34.470717 -5.900393 -32.493750 
35.402358 -9.005863 -32.493750 
36.023452 -6.210940 -31.868750


38.507828 -8.384769 -32.493750 
36.023452 -6.210940 -31.868750 
35.402358 -9.005863 -32.493750 
38.507828 -8.384769 -32.493750


40.371110 -4.968752 -29.993750 
38.197281 -3.105470 -35.618750 
38.507828 -5.589846 -31.243750 
40.371110 -4.968752 -29.993750


40.371110 -10.558598 -32.493750 
38.507828 -8.384769 -32.493750 
38.197281 -11.490239 -33.118750 
40.371110 -10.558598 -32.493750


42.234392 -13.042974 -33.118750 
40.371110 -10.558598 -32.493750 
38.197281 -11.490239 -33.118750 
42.234392 -13.042974 -33.118750


41.302751 -4.658205 -29.368750 
43.787127 -1.860177 -31.250000 
39.750016 -1.552735 -36.868750 
41.302751 -4.658205 -29.368750


40.371110 -10.558598 -32.493750 
42.234392 -13.042974 -33.118750 
45.650409 -12.732427 -32.493750 
40.371110 -10.558598 -32.493750


41.302751 -4.658205 -29.368750 
43.476580 -3.416017 -26.868750 
43.787127 -1.860177 -31.250000 
41.302751 -4.658205 -29.368750


44.408221 -9.937504 -31.243750 
40.371110 -10.558598 -32.493750 
45.650409 -12.732427 -32.493750 
44.408221 -9.937504 -31.243750


47.513691 -13.042974 -31.243750 
48.137890 -15.216803 -32.500000 
47.516796 -11.800786 -35.000000 
47.513691 -13.042974 -31.243750


38.507828 -5.589846 -31.243750 
36.644546 -3.726564 -35.618750 
36.023452 -6.210940 -31.868750 
38.507828 -5.589846 -31.243750


40.371110 -10.558598 -32.493750 
36.023452 -6.210940 -31.868750 
38.507828 -8.384769 -32.493750 
40.371110 -10.558598 -32.493750


38.507828 -5.589846 -31.243750 
36.023452 -6.210940 -31.868750 
40.371110 -10.558598 -32.493750 
38.507828 -5.589846 -31.243750


41.613298 -9.005863 -31.868750 
38.507828 -5.589846 -31.243750 
40.371110 -10.558598 -32.493750 
41.613298 -9.005863 -31.868750


40.371110 -4.968752 -29.993750 
41.302751 -4.658205 -29.368750 
39.750016 -1.552735 -36.868750 
40.371110 -4.968752 -29.993750


44.408221 -9.937504 -31.243750 
41.613298 -9.005863 -31.868750 
40.371110 -10.558598 -32.493750 
44.408221 -9.937504 -31.243750


47.513691 -13.042974 -31.243750 
45.650409 -12.732427 -32.493750 
48.137890 -15.216803 -32.500000 
47.513691 -13.042974 -31.243750


46.895702 -8.074222 -32.500000 
47.203144 -11.490239 -30.618750 
46.274608 -9.316410 -36.250000 
46.895702 -8.074222 -32.500000


42.544939 -7.142581 -30.618750 
38.507828 -5.589846 -31.243750 
41.613298 -9.005863 -31.868750 
42.544939 -7.142581 -30.618750


42.544939 -7.142581 -30.618750 
41.613298 -9.005863 -31.868750 
44.408221 -9.937504 -31.243750 
42.544939 -7.142581 -30.618750


47.513691 -13.042974 -31.243750 
44.408221 -9.937504 -31.243750 
45.650409 -12.732427 -32.493750 
47.513691 -13.042974 -31.243750


47.203144 -11.490239 -30.618750 
44.408221 -9.937504 -31.243750 
47.513691 -13.042974 -31.243750 
47.203144 -11.490239 -30.618750


40.371110 -4.968752 -29.993750 
38.507828 -5.589846 -31.243750 
42.544939 -7.142581 -30.618750 
40.371110 -4.968752 -29.993750


41.302751 -4.658205 -29.368750 
40.371110 -4.968752 -29.993750 
42.544939 -7.142581 -30.618750 
41.302751 -4.658205 -29.368750


41.302751 -4.658205 -29.368750 
42.544939 -7.142581 -30.618750 
44.408221 -9.937504 -31.243750 
41.302751 -4.658205 -29.368750


46.271503 -8.074222 -28.743750 
41.302751 -4.658205 -29.368750 
44.408221 -9.937504 -31.243750 
46.271503 -8.074222 -28.743750


46.271503 -8.074222 -28.743750 
44.408221 -9.937504 -31.243750 
47.203144 -11.490239 -30.618750 
46.271503 -8.074222 -28.743750


46.271503 -8.074222 -28.743750 
47.203144 -11.490239 -30.618750 
46.895702 -8.074222 -32.500000 
46.271503 -8.074222 -28.743750


45.650409 -6.521487 -28.118750 
45.653514 -5.279299 -31.875000 
43.787127 -1.860177 -31.250000 
45.650409 -6.521487 -28.118750


45.650409 -6.521487 -28.118750 
46.271503 -8.074222 -28.743750 
45.653514 -5.279299 -31.875000 
45.650409 -6.521487 -28.118750


46.271503 -8.074222 -28.743750 
45.650409 -6.521487 -28.118750 
41.302751 -4.658205 -29.368750 
46.271503 -8.074222 -28.743750


43.476580 -3.416017 -26.868750 
41.302751 -4.658205 -29.368750 
45.650409 -6.521487 -28.118750 
43.476580 -3.416017 -26.868750


43.476580 -3.416017 -26.868750 
44.718768 -3.726564 -25.618750 
43.787127 -1.860177 -31.250000 
43.476580 -3.416017 -26.868750


44.718768 -3.726564 -25.618750 
45.650409 -6.521487 -28.118750 
43.787127 -1.860177 -31.250000 
44.718768 -3.726564 -25.618750


44.718768 -3.726564 -25.618750 
43.476580 -3.416017 -26.868750 
45.650409 -6.521487 -28.118750 
44.718768 -3.726564 -25.618750


