1026

4.658205 14.595709 -93.756250 
5.900393 12.421880 -93.756250 
4.658205 12.729322 -91.875000 
4.658205 14.595709 -93.756250


4.658205 14.595709 -93.756250 
9.316410 16.148444 -93.756250 
5.900393 12.421880 -93.756250 
4.658205 14.595709 -93.756250


8.695316 18.325378 -93.750000 
9.316410 16.148444 -93.756250 
4.658205 14.595709 -93.756250 
8.695316 18.325378 -93.750000


11.800786 18.632820 -93.756250 
9.316410 16.148444 -93.756250 
8.695316 18.325378 -93.750000 
11.800786 18.632820 -93.756250


12.111333 21.117196 -93.756250 
11.800786 18.632820 -93.756250 
8.695316 18.325378 -93.750000 
12.111333 21.117196 -93.756250


13.664068 21.117196 -93.756250 
11.800786 18.632820 -93.756250 
12.111333 21.117196 -93.756250 
13.664068 21.117196 -93.756250


12.111333 21.117196 -93.756250 
15.216803 24.222666 -93.756250 
13.664068 21.117196 -93.756250 
12.111333 21.117196 -93.756250


17.080085 25.778506 -93.750000 
17.704284 23.291025 -91.875000 
15.216803 24.222666 -93.756250 
17.080085 25.778506 -93.750000


18.632820 26.396495 -93.756250 
17.704284 23.291025 -91.875000 
17.080085 25.778506 -93.750000 
18.632820 26.396495 -93.756250


9.316410 14.592604 -91.250000 
5.900393 12.421880 -93.756250 
9.316410 16.148444 -93.756250 
9.316410 14.592604 -91.250000


11.800786 18.632820 -93.756250 
10.869145 16.148444 -91.881250 
9.316410 16.148444 -93.756250 
11.800786 18.632820 -93.756250


13.353521 18.322273 -91.881250 
11.800786 18.632820 -93.756250 
13.664068 21.117196 -93.756250 
13.353521 18.322273 -91.881250


4.658205 12.729322 -91.875000 
5.900393 12.421880 -93.756250 
6.521487 11.176587 -90.625000 
4.658205 12.729322 -91.875000


9.316410 14.592604 -91.250000 
7.766780 12.732427 -90.625000 
5.900393 12.421880 -93.756250 
9.316410 14.592604 -91.250000


12.421880 16.766433 -91.250000 
10.869145 16.148444 -91.881250 
11.800786 18.632820 -93.756250 
12.421880 16.766433 -91.250000


13.353521 18.322273 -91.881250 
12.421880 16.766433 -91.250000 
11.800786 18.632820 -93.756250 
13.353521 18.322273 -91.881250


13.660963 23.291025 -90.000000 
15.216803 24.222666 -93.756250 
12.111333 21.117196 -93.756250 
13.660963 23.291025 -90.000000


14.909361 21.117196 -92.500000 
13.353521 18.322273 -91.881250 
13.664068 21.117196 -93.756250 
14.909361 21.117196 -92.500000


15.216803 24.222666 -93.756250 
14.909361 21.117196 -92.500000 
13.664068 21.117196 -93.756250 
15.216803 24.222666 -93.756250


17.704284 23.291025 -91.875000 
14.909361 21.117196 -92.500000 
15.216803 24.222666 -93.756250 
17.704284 23.291025 -91.875000


19.257019 24.533213 -91.875000 
17.704284 23.291025 -91.875000 
18.632820 26.396495 -93.756250 
19.257019 24.533213 -91.875000


18.632820 26.396495 -93.756250 
20.806649 25.157412 -89.375000 
20.499207 26.396495 -93.750000 
18.632820 26.396495 -93.756250


7.766780 12.732427 -90.625000 
6.521487 11.176587 -90.625000 
5.900393 12.421880 -93.756250 
7.766780 12.732427 -90.625000


9.316410 14.592604 -91.250000 
9.316410 16.148444 -93.756250 
10.869145 16.148444 -91.881250 
9.316410 14.592604 -91.250000


16.148444 23.294130 -85.625000 
17.080085 25.778506 -93.750000 
15.216803 24.222666 -93.756250 
16.148444 23.294130 -85.625000


19.257019 24.533213 -91.875000 
18.632820 26.396495 -93.756250 
20.499207 26.396495 -93.750000 
19.257019 24.533213 -91.875000


4.344553 14.595709 -91.250000 
4.658205 14.595709 -93.756250 
4.658205 12.729322 -91.875000 
4.344553 14.595709 -91.250000


14.909361 21.117196 -92.500000 
14.595709 18.943367 -90.631250 
13.353521 18.322273 -91.881250 
14.909361 21.117196 -92.500000


18.011726 21.738290 -89.381250 
14.909361 21.117196 -92.500000 
17.704284 23.291025 -91.875000 
18.011726 21.738290 -89.381250


20.496102 22.980478 -90.006250 
17.704284 23.291025 -91.875000 
19.257019 24.533213 -91.875000 
20.496102 22.980478 -90.006250


17.080085 25.778506 -93.750000 
20.806649 25.157412 -89.375000 
18.632820 26.396495 -93.756250 
17.080085 25.778506 -93.750000


20.806649 25.157412 -89.375000 
25.154307 26.089053 -91.250000 
20.499207 26.396495 -93.750000 
20.806649 25.157412 -89.375000


24.843760 24.843760 -88.756250 
22.980478 24.533213 -89.381250 
20.499207 26.396495 -93.750000 
24.843760 24.843760 -88.756250


25.154307 26.089053 -91.250000 
24.843760 24.843760 -88.756250 
20.499207 26.396495 -93.750000 
25.154307 26.089053 -91.250000


7.139476 17.080085 -90.000000 
4.658205 14.595709 -93.756250 
4.344553 14.595709 -91.250000 
7.139476 17.080085 -90.000000


7.139476 17.080085 -90.000000 
8.695316 18.325378 -93.750000 
4.658205 14.595709 -93.756250 
7.139476 17.080085 -90.000000


14.595709 18.943367 -90.631250 
16.148444 18.322273 -90.006250 
12.421880 16.766433 -91.250000 
14.595709 18.943367 -90.631250


14.595709 18.943367 -90.631250 
12.421880 16.766433 -91.250000 
13.353521 18.322273 -91.881250 
14.595709 18.943367 -90.631250


18.011726 21.738290 -89.381250 
14.595709 18.943367 -90.631250 
14.909361 21.117196 -92.500000 
18.011726 21.738290 -89.381250


17.704284 23.291025 -91.875000 
20.496102 22.980478 -90.006250 
18.011726 21.738290 -89.381250 
17.704284 23.291025 -91.875000


20.806649 25.157412 -89.375000 
17.080085 25.778506 -93.750000 
18.322273 24.225771 -88.750000 
20.806649 25.157412 -89.375000


19.257019 24.533213 -91.875000 
20.499207 26.396495 -93.750000 
22.980478 24.533213 -89.381250 
19.257019 24.533213 -91.875000


20.496102 22.980478 -90.006250 
19.257019 24.533213 -91.875000 
22.980478 24.533213 -89.381250 
20.496102 22.980478 -90.006250


12.421880 21.741395 -86.250000 
12.111333 21.117196 -93.756250 
8.695316 18.325378 -93.750000 
12.421880 21.741395 -86.250000


13.356626 14.285162 -87.500000 
9.316410 14.592604 -91.250000 
10.869145 16.148444 -91.881250 
13.356626 14.285162 -87.500000


12.421880 21.741395 -86.250000 
13.660963 23.291025 -90.000000 
12.111333 21.117196 -93.756250 
12.421880 21.741395 -86.250000


12.421880 16.766433 -91.250000 
13.356626 14.285162 -87.500000 
10.869145 16.148444 -91.881250 
12.421880 16.766433 -91.250000


16.148444 23.294130 -85.625000 
15.216803 24.222666 -93.756250 
13.660963 23.291025 -90.000000 
16.148444 23.294130 -85.625000


18.632820 20.185555 -90.006250 
14.595709 18.943367 -90.631250 
18.011726 21.738290 -89.381250 
18.632820 20.185555 -90.006250


18.632820 20.185555 -90.006250 
16.148444 18.322273 -90.006250 
14.595709 18.943367 -90.631250 
18.632820 20.185555 -90.006250


26.396495 26.089053 -90.000000 
24.843760 24.843760 -88.756250 
25.154307 26.089053 -91.250000 
26.396495 26.089053 -90.000000


5.279299 15.216803 -86.243750 
4.344553 14.595709 -91.250000 
4.658205 12.729322 -91.875000 
5.279299 15.216803 -86.243750


16.148444 18.322273 -90.006250 
14.906256 15.524245 -88.125000 
12.421880 16.766433 -91.250000 
16.148444 18.322273 -90.006250


16.148444 23.294130 -85.625000 
18.322273 24.225771 -88.750000 
17.080085 25.778506 -93.750000 
16.148444 23.294130 -85.625000


18.632820 20.185555 -90.006250 
18.014831 18.322273 -88.750000 
16.148444 18.322273 -90.006250 
18.632820 20.185555 -90.006250


20.806649 21.738290 -89.381250 
18.632820 20.185555 -90.006250 
18.011726 21.738290 -89.381250 
20.806649 21.738290 -89.381250


18.011726 21.738290 -89.381250 
20.496102 22.980478 -90.006250 
20.806649 21.738290 -89.381250 
18.011726 21.738290 -89.381250


22.980478 24.533213 -89.381250 
20.806649 21.738290 -89.381250 
20.496102 22.980478 -90.006250 
22.980478 24.533213 -89.381250


22.980478 24.533213 -89.381250 
23.601572 22.669931 -88.756250 
20.806649 21.738290 -89.381250 
22.980478 24.533213 -89.381250


27.638683 24.536318 -89.375000 
26.396495 26.089053 -90.000000 
29.191418 23.601572 -88.131250 
27.638683 24.536318 -89.375000


26.396495 26.089053 -90.000000 
28.259777 25.778506 -86.875000 
30.744153 25.775401 -89.381250 
26.396495 26.089053 -90.000000


8.695316 18.325378 -93.750000 
7.139476 17.080085 -90.000000 
9.626957 18.946472 -86.250000 
8.695316 18.325378 -93.750000


13.356626 14.285162 -87.500000 
11.179692 13.353521 -86.881250 
9.316410 14.592604 -91.250000 
13.356626 14.285162 -87.500000


14.906256 15.524245 -88.125000 
13.356626 14.285162 -87.500000 
12.421880 16.766433 -91.250000 
14.906256 15.524245 -88.125000


15.841002 16.148444 -88.125000 
14.906256 15.524245 -88.125000 
16.148444 18.322273 -90.006250 
15.841002 16.148444 -88.125000


18.014831 18.322273 -88.750000 
18.322273 16.458991 -86.881250 
16.148444 18.322273 -90.006250 
18.014831 18.322273 -88.750000


21.117196 19.875008 -88.131250 
18.632820 20.185555 -90.006250 
20.806649 21.738290 -89.381250 
21.117196 19.875008 -88.131250


23.601572 22.669931 -88.756250 
21.117196 19.875008 -88.131250 
20.806649 21.738290 -89.381250 
23.601572 22.669931 -88.756250


24.843760 24.843760 -88.756250 
23.601572 22.669931 -88.756250 
22.980478 24.533213 -89.381250 
24.843760 24.843760 -88.756250


24.843760 24.843760 -88.756250 
27.638683 24.536318 -89.375000 
23.601572 22.669931 -88.756250 
24.843760 24.843760 -88.756250


25.154307 26.089053 -91.250000 
28.259777 25.778506 -86.875000 
26.396495 26.089053 -90.000000 
25.154307 26.089053 -91.250000


24.843760 24.843760 -88.756250 
26.396495 26.089053 -90.000000 
27.638683 24.536318 -89.375000 
24.843760 24.843760 -88.756250


28.259777 25.778506 -86.875000 
29.501965 25.464854 -86.243750 
30.744153 25.775401 -89.381250 
28.259777 25.778506 -86.875000


29.191418 23.601572 -88.131250 
26.396495 26.089053 -90.000000 
30.744153 25.775401 -89.381250 
29.191418 23.601572 -88.131250


29.191418 23.601572 -88.131250 
30.744153 25.775401 -89.381250 
32.296888 24.533213 -88.756250 
29.191418 23.601572 -88.131250


16.148444 14.285162 -85.631250 
14.906256 15.524245 -88.125000 
15.841002 16.148444 -88.125000 
16.148444 14.285162 -85.631250


14.285162 22.983583 -86.250000 
16.148444 23.294130 -85.625000 
13.660963 23.291025 -90.000000 
14.285162 22.983583 -86.250000


18.322273 16.458991 -86.881250 
15.841002 16.148444 -88.125000 
16.148444 18.322273 -90.006250 
18.322273 16.458991 -86.881250


23.601572 22.669931 -88.756250 
27.638683 24.536318 -89.375000 
27.328136 22.359384 -87.506250 
23.601572 22.669931 -88.756250


27.328136 22.359384 -87.506250 
27.638683 24.536318 -89.375000 
29.191418 23.601572 -88.131250 
27.328136 22.359384 -87.506250


32.917982 22.669931 -86.881250 
29.191418 23.601572 -88.131250 
32.296888 24.533213 -88.756250 
32.917982 22.669931 -86.881250


5.279299 15.216803 -86.243750 
7.139476 17.080085 -90.000000 
4.344553 14.595709 -91.250000 
5.279299 15.216803 -86.243750


9.316410 14.592604 -91.250000 
11.179692 13.353521 -86.881250 
7.766780 12.732427 -90.625000 
9.316410 14.592604 -91.250000


9.626957 18.946472 -86.250000 
12.421880 21.741395 -86.250000 
8.695316 18.325378 -93.750000 
9.626957 18.946472 -86.250000


21.117196 19.875008 -88.131250 
18.014831 18.322273 -88.750000 
18.632820 20.185555 -90.006250 
21.117196 19.875008 -88.131250


19.567566 17.701179 -86.875000 
18.014831 18.322273 -88.750000 
21.117196 19.875008 -88.131250 
19.567566 17.701179 -86.875000


23.912119 19.564461 -86.256250 
21.117196 19.875008 -88.131250 
23.601572 22.669931 -88.756250 
23.912119 19.564461 -86.256250


24.533213 21.117196 -87.506250 
23.912119 19.564461 -86.256250 
23.601572 22.669931 -88.756250 
24.533213 21.117196 -87.506250


24.533213 21.117196 -87.506250 
23.601572 22.669931 -88.756250 
27.328136 22.359384 -87.506250 
24.533213 21.117196 -87.506250


32.917982 22.669931 -86.881250 
29.191418 21.117196 -86.256250 
29.191418 23.601572 -88.131250 
32.917982 22.669931 -86.881250


30.744153 25.775401 -89.381250 
32.610540 23.912119 -86.250000 
32.296888 24.533213 -88.756250 
30.744153 25.775401 -89.381250


32.917982 22.669931 -86.881250 
32.296888 24.533213 -88.756250 
34.781264 23.291025 -88.756250 
32.917982 22.669931 -86.881250


32.917982 22.669931 -86.881250 
34.781264 23.291025 -88.756250 
35.712905 22.048837 -87.506250 
32.917982 22.669931 -86.881250


5.276194 13.353521 -86.250000 
5.279299 15.216803 -86.243750 
4.658205 12.729322 -91.875000 
5.276194 13.353521 -86.250000


4.658205 12.729322 -91.875000 
6.521487 11.176587 -90.625000 
5.276194 13.353521 -86.250000 
4.658205 12.729322 -91.875000


11.179692 13.353521 -86.881250 
8.074222 9.623852 -83.125000 
7.766780 12.732427 -90.625000 
11.179692 13.353521 -86.881250


13.353521 12.111333 -85.006250 
11.179692 13.353521 -86.881250 
13.356626 14.285162 -87.500000 
13.353521 12.111333 -85.006250


12.421880 21.741395 -86.250000 
14.285162 22.983583 -86.250000 
13.660963 23.291025 -90.000000 
12.421880 21.741395 -86.250000


18.322273 16.458991 -86.881250 
16.148444 14.285162 -85.631250 
15.841002 16.148444 -88.125000 
18.322273 16.458991 -86.881250


18.014831 18.322273 -88.750000 
19.567566 17.701179 -86.875000 
18.322273 16.458991 -86.881250 
18.014831 18.322273 -88.750000


21.738290 18.943367 -86.881250 
19.567566 17.701179 -86.875000 
21.117196 19.875008 -88.131250 
21.738290 18.943367 -86.881250


23.912119 19.564461 -86.256250 
21.738290 18.943367 -86.881250 
21.117196 19.875008 -88.131250 
23.912119 19.564461 -86.256250


20.806649 25.157412 -89.375000 
21.738290 25.157412 -86.250000 
25.154307 26.089053 -91.250000 
20.806649 25.157412 -89.375000


24.533213 21.117196 -87.506250 
27.328136 22.359384 -87.506250 
27.017589 20.806649 -86.256250 
24.533213 21.117196 -87.506250


27.017589 20.806649 -86.256250 
27.328136 22.359384 -87.506250 
29.191418 21.117196 -86.256250 
27.017589 20.806649 -86.256250


29.191418 21.117196 -86.256250 
27.328136 22.359384 -87.506250 
29.191418 23.601572 -88.131250 
29.191418 21.117196 -86.256250


32.610540 23.912119 -86.250000 
34.781264 23.291025 -88.756250 
32.296888 24.533213 -88.756250 
32.610540 23.912119 -86.250000


37.886734 18.632820 -85.006250 
34.781264 20.185555 -85.631250 
40.060563 19.257019 -85.625000 
37.886734 18.632820 -85.006250


35.712905 22.048837 -87.506250 
40.060563 19.257019 -85.625000 
34.781264 20.185555 -85.631250 
35.712905 22.048837 -87.506250


5.279299 15.216803 -86.243750 
6.207835 15.837897 -84.375000 
7.139476 17.080085 -90.000000 
5.279299 15.216803 -86.243750


7.763675 10.244946 -85.625000 
5.276194 13.353521 -86.250000 
6.521487 11.176587 -90.625000 
7.763675 10.244946 -85.625000


7.766780 12.732427 -90.625000 
7.763675 10.244946 -85.625000 
6.521487 11.176587 -90.625000 
7.766780 12.732427 -90.625000


11.179692 11.487134 -84.375000 
8.074222 9.623852 -83.125000 
11.179692 13.353521 -86.881250 
11.179692 11.487134 -84.375000


13.353521 12.111333 -85.006250 
11.179692 11.487134 -84.375000 
11.179692 13.353521 -86.881250 
13.353521 12.111333 -85.006250


16.148444 14.285162 -85.631250 
13.356626 14.285162 -87.500000 
14.906256 15.524245 -88.125000 
16.148444 14.285162 -85.631250


17.701179 14.595709 -85.006250 
16.148444 14.285162 -85.631250 
18.322273 16.458991 -86.881250 
17.701179 14.595709 -85.006250


16.148444 23.294130 -85.625000 
20.185555 24.846865 -85.625000 
18.322273 24.225771 -88.750000 
16.148444 23.294130 -85.625000


18.322273 24.225771 -88.750000 
20.185555 24.846865 -85.625000 
20.806649 25.157412 -89.375000 
18.322273 24.225771 -88.750000


21.427743 17.390632 -85.631250 
19.567566 17.701179 -86.875000 
21.738290 18.943367 -86.881250 
21.427743 17.390632 -85.631250


20.185555 24.846865 -85.625000 
21.738290 25.157412 -86.250000 
20.806649 25.157412 -89.375000 
20.185555 24.846865 -85.625000


28.259777 25.778506 -86.875000 
25.154307 26.089053 -91.250000 
21.738290 25.157412 -86.250000 
28.259777 25.778506 -86.875000


23.912119 19.564461 -86.256250 
24.533213 21.117196 -87.506250 
27.017589 20.806649 -86.256250 
23.912119 19.564461 -86.256250


29.501965 25.464854 -86.243750 
32.610540 23.912119 -86.250000 
30.744153 25.775401 -89.381250 
29.501965 25.464854 -86.243750


34.781264 20.185555 -85.631250 
32.917982 22.669931 -86.881250 
35.712905 22.048837 -87.506250 
34.781264 20.185555 -85.631250


34.781264 23.291025 -88.756250 
36.647651 20.806649 -81.875000 
35.712905 22.048837 -87.506250 
34.781264 23.291025 -88.756250


35.712905 22.048837 -87.506250 
38.510933 20.185555 -85.000000 
40.060563 19.257019 -85.625000 
35.712905 22.048837 -87.506250


9.626957 18.946472 -86.250000 
7.139476 17.080085 -90.000000 
6.207835 15.837897 -84.375000 
9.626957 18.946472 -86.250000


8.074222 9.623852 -83.125000 
7.763675 10.244946 -85.625000 
7.766780 12.732427 -90.625000 
8.074222 9.623852 -83.125000


13.353521 12.111333 -85.006250 
13.356626 14.285162 -87.500000 
16.148444 14.285162 -85.631250 
13.353521 12.111333 -85.006250


17.080085 23.915224 -82.500000 
20.185555 24.846865 -85.625000 
16.148444 23.294130 -85.625000 
17.080085 23.915224 -82.500000


19.567566 17.701179 -86.875000 
20.185555 14.595709 -84.381250 
17.701179 14.595709 -85.006250 
19.567566 17.701179 -86.875000


19.567566 17.701179 -86.875000 
17.701179 14.595709 -85.006250 
18.322273 16.458991 -86.881250 
19.567566 17.701179 -86.875000


21.427743 17.390632 -85.631250 
22.048837 15.527350 -84.381250 
19.567566 17.701179 -86.875000 
21.427743 17.390632 -85.631250


25.464854 18.632820 -85.006250 
21.738290 18.943367 -86.881250 
23.912119 19.564461 -86.256250 
25.464854 18.632820 -85.006250


27.017589 20.806649 -86.256250 
25.464854 18.632820 -85.006250 
23.912119 19.564461 -86.256250 
27.017589 20.806649 -86.256250


32.917982 19.564461 -85.006250 
27.017589 20.806649 -86.256250 
29.191418 21.117196 -86.256250 
32.917982 19.564461 -85.006250


29.191418 21.117196 -86.256250 
34.781264 20.185555 -85.631250 
32.917982 19.564461 -85.006250 
29.191418 21.117196 -86.256250


34.781264 20.185555 -85.631250 
29.191418 21.117196 -86.256250 
32.917982 22.669931 -86.881250 
34.781264 20.185555 -85.631250


40.060563 19.257019 -85.625000 
38.507828 17.080085 -84.381250 
37.886734 18.632820 -85.006250 
40.060563 19.257019 -85.625000


42.544939 16.458991 -85.006250 
41.302751 15.837897 -84.381250 
40.060563 19.257019 -85.625000 
42.544939 16.458991 -85.006250


6.207835 15.837897 -84.375000 
5.279299 15.216803 -86.243750 
5.276194 13.353521 -86.250000 
6.207835 15.837897 -84.375000


5.589846 13.042974 -83.756250 
5.276194 13.353521 -86.250000 
7.763675 10.244946 -85.625000 
5.589846 13.042974 -83.756250


22.048837 15.527350 -84.381250 
20.185555 14.595709 -84.381250 
19.567566 17.701179 -86.875000 
22.048837 15.527350 -84.381250


22.048837 25.778506 -84.375000 
21.738290 25.157412 -86.250000 
20.185555 24.846865 -85.625000 
22.048837 25.778506 -84.375000


21.427743 17.390632 -85.631250 
21.738290 18.943367 -86.881250 
25.464854 18.632820 -85.006250 
21.427743 17.390632 -85.631250


25.464854 18.632820 -85.006250 
27.017589 20.806649 -86.256250 
32.917982 19.564461 -85.006250 
25.464854 18.632820 -85.006250


28.259777 25.778506 -86.875000 
28.570324 24.536318 -82.500000 
29.501965 25.464854 -86.243750 
28.259777 25.778506 -86.875000


34.470717 22.362489 -82.500000 
36.647651 20.806649 -81.875000 
34.781264 23.291025 -88.756250 
34.470717 22.362489 -82.500000


38.507828 17.080085 -84.381250 
35.712905 18.011726 -84.381250 
37.886734 18.632820 -85.006250 
38.507828 17.080085 -84.381250


32.917982 19.564461 -85.006250 
37.886734 18.632820 -85.006250 
35.712905 18.011726 -84.381250 
32.917982 19.564461 -85.006250


37.886734 18.632820 -85.006250 
32.917982 19.564461 -85.006250 
34.781264 20.185555 -85.631250 
37.886734 18.632820 -85.006250


35.712905 22.048837 -87.506250 
36.647651 20.806649 -81.875000 
38.510933 20.185555 -85.000000 
35.712905 22.048837 -87.506250


38.507828 17.080085 -84.381250 
40.060563 19.257019 -85.625000 
41.302751 15.837897 -84.381250 
38.507828 17.080085 -84.381250


41.302751 15.837897 -84.381250 
42.544939 16.458991 -85.006250 
44.408221 12.421880 -84.381250 
41.302751 15.837897 -84.381250


42.544939 16.458991 -85.006250 
45.032420 13.042974 -84.375000 
44.408221 12.421880 -84.381250 
42.544939 16.458991 -85.006250


16.148444 14.285162 -85.631250 
15.841002 12.111333 -83.750000 
13.353521 12.111333 -85.006250 
16.148444 14.285162 -85.631250


17.701179 14.595709 -85.006250 
15.841002 12.111333 -83.750000 
16.148444 14.285162 -85.631250 
17.701179 14.595709 -85.006250


20.185555 25.467959 -81.250000 
20.185555 24.846865 -85.625000 
17.080085 23.915224 -82.500000 
20.185555 25.467959 -81.250000


20.185555 14.595709 -84.381250 
19.564461 13.353521 -83.131250 
17.701179 14.595709 -85.006250 
20.185555 14.595709 -84.381250


22.048837 15.527350 -84.381250 
21.427743 17.390632 -85.631250 
24.533213 16.458991 -84.381250 
22.048837 15.527350 -84.381250


22.048837 25.778506 -84.375000 
24.533213 25.778506 -81.875000 
21.738290 25.157412 -86.250000 
22.048837 25.778506 -84.375000


24.533213 16.458991 -84.381250 
21.427743 17.390632 -85.631250 
25.464854 18.632820 -85.006250 
24.533213 16.458991 -84.381250


24.533213 25.778506 -81.875000 
28.259777 25.778506 -86.875000 
21.738290 25.157412 -86.250000 
24.533213 25.778506 -81.875000


24.533213 16.458991 -84.381250 
25.464854 18.632820 -85.006250 
28.259777 17.390632 -83.756250 
24.533213 16.458991 -84.381250


28.259777 17.390632 -83.756250 
25.464854 18.632820 -85.006250 
32.917982 19.564461 -85.006250 
28.259777 17.390632 -83.756250


28.259777 17.390632 -83.756250 
32.917982 19.564461 -85.006250 
31.054700 18.632820 -84.381250 
28.259777 17.390632 -83.756250


35.712905 18.011726 -84.381250 
31.054700 18.632820 -84.381250 
32.917982 19.564461 -85.006250 
35.712905 18.011726 -84.381250


32.610540 23.912119 -86.250000 
34.470717 22.362489 -82.500000 
34.781264 23.291025 -88.756250 
32.610540 23.912119 -86.250000


38.507828 17.080085 -84.381250 
36.955093 16.769538 -83.756250 
35.712905 18.011726 -84.381250 
38.507828 17.080085 -84.381250


40.371110 14.595709 -83.131250 
38.507828 17.080085 -84.381250 
41.302751 15.837897 -84.381250 
40.371110 14.595709 -83.131250


44.408221 12.421880 -84.381250 
43.166033 12.111333 -83.131250 
41.302751 15.837897 -84.381250 
44.408221 12.421880 -84.381250


5.589846 13.042974 -83.756250 
6.207835 15.837897 -84.375000 
5.276194 13.353521 -86.250000 
5.589846 13.042974 -83.756250


14.906256 10.555493 -81.875000 
11.179692 11.487134 -84.375000 
13.353521 12.111333 -85.006250 
14.906256 10.555493 -81.875000


14.285162 22.983583 -86.250000 
12.421880 21.741395 -86.250000 
9.626957 18.946472 -86.250000 
14.285162 22.983583 -86.250000


14.906256 10.555493 -81.875000 
13.353521 12.111333 -85.006250 
15.841002 12.111333 -83.750000 
14.906256 10.555493 -81.875000


17.080085 23.915224 -82.500000 
14.285162 22.983583 -86.250000 
14.906256 22.983583 -80.000000 
17.080085 23.915224 -82.500000


17.080085 23.915224 -82.500000 
16.148444 23.294130 -85.625000 
14.285162 22.983583 -86.250000 
17.080085 23.915224 -82.500000


18.011726 12.418775 -82.500000 
15.841002 12.111333 -83.750000 
17.701179 14.595709 -85.006250 
18.011726 12.418775 -82.500000


19.564461 13.353521 -83.131250 
18.011726 12.418775 -82.500000 
17.701179 14.595709 -85.006250 
19.564461 13.353521 -83.131250


20.185555 25.467959 -81.250000 
22.048837 25.778506 -84.375000 
20.185555 24.846865 -85.625000 
20.185555 25.467959 -81.250000


24.533213 16.458991 -84.381250 
28.259777 17.390632 -83.756250 
27.638683 16.148444 -83.131250 
24.533213 16.458991 -84.381250


24.533213 25.778506 -81.875000 
28.570324 24.536318 -82.500000 
28.259777 25.778506 -86.875000 
24.533213 25.778506 -81.875000


28.259777 17.390632 -83.756250 
31.054700 18.632820 -84.381250 
30.744153 17.080085 -83.756250 
28.259777 17.390632 -83.756250


35.712905 18.011726 -84.381250 
30.744153 17.080085 -83.756250 
31.054700 18.632820 -84.381250 
35.712905 18.011726 -84.381250


36.955093 16.769538 -83.756250 
35.091811 15.837897 -83.131250 
35.712905 18.011726 -84.381250 
36.955093 16.769538 -83.756250


36.955093 16.769538 -83.756250 
38.507828 17.080085 -84.381250 
40.371110 14.595709 -83.131250 
36.955093 16.769538 -83.756250


36.955093 16.769538 -83.756250 
40.371110 14.595709 -83.131250 
36.955093 14.285162 -82.506250 
36.955093 16.769538 -83.756250


38.510933 20.185555 -85.000000 
42.544939 16.458991 -85.006250 
40.060563 19.257019 -85.625000 
38.510933 20.185555 -85.000000


41.302751 15.837897 -84.381250 
43.166033 12.111333 -83.131250 
40.371110 14.595709 -83.131250 
41.302751 15.837897 -84.381250


45.029315 9.005863 -81.881250 
44.408221 12.421880 -84.381250 
47.516796 8.074222 -82.500000 
45.029315 9.005863 -81.881250


45.032420 13.042974 -84.375000 
47.516796 8.074222 -82.500000 
44.408221 12.421880 -84.381250 
45.032420 13.042974 -84.375000


5.589846 13.042974 -83.756250 
7.763675 10.244946 -85.625000 
8.074222 9.623852 -83.125000 
5.589846 13.042974 -83.756250


10.248051 9.626957 -82.506250 
8.074222 9.623852 -83.125000 
11.179692 11.487134 -84.375000 
10.248051 9.626957 -82.506250


10.248051 9.626957 -82.506250 
11.179692 11.487134 -84.375000 
14.906256 10.555493 -81.875000 
10.248051 9.626957 -82.506250


22.048837 15.527350 -84.381250 
19.564461 13.353521 -83.131250 
20.185555 14.595709 -84.381250 
22.048837 15.527350 -84.381250


24.533213 16.458991 -84.381250 
26.085948 15.216803 -83.131250 
22.048837 15.527350 -84.381250 
24.533213 16.458991 -84.381250


24.843760 13.974615 -81.881250 
22.048837 15.527350 -84.381250 
26.085948 15.216803 -83.131250 
24.843760 13.974615 -81.881250


26.085948 15.216803 -83.131250 
24.533213 16.458991 -84.381250 
27.638683 16.148444 -83.131250 
26.085948 15.216803 -83.131250


30.744153 17.080085 -83.756250 
27.638683 16.148444 -83.131250 
28.259777 17.390632 -83.756250 
30.744153 17.080085 -83.756250


30.744153 17.080085 -83.756250 
35.712905 18.011726 -84.381250 
35.091811 15.837897 -83.131250 
30.744153 17.080085 -83.756250


35.091811 15.837897 -83.131250 
36.955093 16.769538 -83.756250 
36.955093 14.285162 -82.506250 
35.091811 15.837897 -83.131250


39.750016 12.421880 -81.881250 
36.955093 14.285162 -82.506250 
40.371110 14.595709 -83.131250 
39.750016 12.421880 -81.881250


43.166033 12.111333 -83.131250 
41.923845 11.490239 -81.881250 
40.371110 14.595709 -83.131250 
43.166033 12.111333 -83.131250


45.029315 9.005863 -81.881250 
41.923845 11.490239 -81.881250 
43.166033 12.111333 -83.131250 
45.029315 9.005863 -81.881250


42.544939 16.458991 -85.006250 
43.169138 13.042974 -80.000000 
45.032420 13.042974 -84.375000 
42.544939 16.458991 -85.006250


45.029315 9.005863 -81.881250 
43.166033 12.111333 -83.131250 
44.408221 12.421880 -84.381250 
45.029315 9.005863 -81.881250


47.516796 8.074222 -82.500000 
46.582050 8.074222 -82.506250 
45.029315 9.005863 -81.881250 
47.516796 8.074222 -82.500000


9.937504 18.325378 -81.250000 
9.626957 18.946472 -86.250000 
6.207835 15.837897 -84.375000 
9.937504 18.325378 -81.250000


12.732427 21.120301 -80.000000 
14.285162 22.983583 -86.250000 
9.626957 18.946472 -86.250000 
12.732427 21.120301 -80.000000


16.769538 10.866040 -81.250000 
14.906256 10.555493 -81.875000 
15.841002 12.111333 -83.750000 
16.769538 10.866040 -81.250000


18.011726 12.418775 -82.500000 
16.769538 10.866040 -81.250000 
15.841002 12.111333 -83.750000 
18.011726 12.418775 -82.500000


22.048837 13.042974 -81.881250 
19.564461 13.353521 -83.131250 
22.048837 15.527350 -84.381250 
22.048837 13.042974 -81.881250


24.843760 13.974615 -81.881250 
22.048837 13.042974 -81.881250 
22.048837 15.527350 -84.381250 
24.843760 13.974615 -81.881250


34.160170 14.285162 -81.881250 
31.675794 13.974615 -81.256250 
35.091811 15.837897 -83.131250 
34.160170 14.285162 -81.881250


27.638683 16.148444 -83.131250 
35.091811 15.837897 -83.131250 
31.675794 13.974615 -81.256250 
27.638683 16.148444 -83.131250


27.638683 16.148444 -83.131250 
30.744153 17.080085 -83.756250 
35.091811 15.837897 -83.131250 
27.638683 16.148444 -83.131250


28.570324 24.536318 -82.500000 
31.054700 23.294130 -79.375000 
29.501965 25.464854 -86.243750 
28.570324 24.536318 -82.500000


29.501965 25.464854 -86.243750 
31.054700 23.294130 -79.375000 
32.610540 23.912119 -86.250000 
29.501965 25.464854 -86.243750


31.054700 23.294130 -79.375000 
34.470717 22.362489 -82.500000 
32.610540 23.912119 -86.250000 
31.054700 23.294130 -79.375000


36.955093 14.285162 -82.506250 
37.265640 13.042974 -81.256250 
35.091811 15.837897 -83.131250 
36.955093 14.285162 -82.506250


39.750016 12.421880 -81.881250 
40.371110 14.595709 -83.131250 
41.923845 11.490239 -81.881250 
39.750016 12.421880 -81.881250


47.516796 8.074222 -82.500000 
48.445332 6.210940 -82.506250 
46.582050 8.074222 -82.506250 
47.516796 8.074222 -82.500000


4.344553 14.595709 -80.625000 
6.207835 15.837897 -84.375000 
5.589846 13.042974 -83.756250 
4.344553 14.595709 -80.625000


14.906256 22.983583 -80.000000 
14.285162 22.983583 -86.250000 
12.732427 21.120301 -80.000000 
14.906256 22.983583 -80.000000


21.427743 12.108228 -80.625000 
18.011726 12.418775 -82.500000 
19.564461 13.353521 -83.131250 
21.427743 12.108228 -80.625000


24.843760 13.974615 -81.881250 
26.085948 15.216803 -83.131250 
27.638683 16.148444 -83.131250 
24.843760 13.974615 -81.881250


24.843760 13.974615 -81.881250 
27.638683 16.148444 -83.131250 
31.675794 13.974615 -81.256250 
24.843760 13.974615 -81.881250


34.160170 14.285162 -81.881250 
35.091811 15.837897 -83.131250 
37.265640 13.042974 -81.256250 
34.160170 14.285162 -81.881250


37.265640 13.042974 -81.256250 
36.955093 14.285162 -82.506250 
39.750016 12.421880 -81.881250 
37.265640 13.042974 -81.256250


41.923845 11.490239 -81.881250 
40.681657 10.869145 -81.256250 
39.750016 12.421880 -81.881250 
41.923845 11.490239 -81.881250


43.169138 13.042974 -80.000000 
45.339862 10.248051 -79.993750 
45.032420 13.042974 -84.375000 
43.169138 13.042974 -80.000000


4.655100 15.837897 -80.000000 
6.207835 15.837897 -84.375000 
4.344553 14.595709 -80.625000 
4.655100 15.837897 -80.000000


4.344553 14.595709 -80.625000 
5.589846 13.042974 -83.756250 
8.071117 10.558598 -75.625000 
4.344553 14.595709 -80.625000


5.589846 13.042974 -83.756250 
8.074222 9.623852 -83.125000 
8.384769 9.002758 -81.250000 
5.589846 13.042974 -83.756250


7.142581 17.083190 -80.000000 
9.937504 18.325378 -81.250000 
6.207835 15.837897 -84.375000 
7.142581 17.083190 -80.000000


8.384769 9.002758 -81.250000 
8.074222 9.623852 -83.125000 
10.248051 9.626957 -82.506250 
8.384769 9.002758 -81.250000


18.011726 12.418775 -82.500000 
18.011726 9.937504 -79.381250 
16.769538 10.866040 -81.250000 
18.011726 12.418775 -82.500000


22.048837 13.042974 -81.881250 
24.843760 13.974615 -81.881250 
26.396495 12.732427 -80.631250 
22.048837 13.042974 -81.881250


30.123059 13.353521 -80.631250 
24.843760 13.974615 -81.881250 
31.675794 13.974615 -81.256250 
30.123059 13.353521 -80.631250


31.054700 23.294130 -79.375000 
33.539076 22.362489 -80.000000 
34.470717 22.362489 -82.500000 
31.054700 23.294130 -79.375000


37.265640 13.042974 -81.256250 
35.712905 12.111333 -80.631250 
31.675794 13.974615 -81.256250 
37.265640 13.042974 -81.256250


34.160170 14.285162 -81.881250 
37.265640 13.042974 -81.256250 
31.675794 13.974615 -81.256250 
34.160170 14.285162 -81.881250


40.681657 10.869145 -81.256250 
35.712905 12.111333 -80.631250 
37.265640 13.042974 -81.256250 
40.681657 10.869145 -81.256250


40.681657 10.869145 -81.256250 
37.265640 13.042974 -81.256250 
39.750016 12.421880 -81.881250 
40.681657 10.869145 -81.256250


36.647651 19.253914 -77.500000 
38.510933 20.185555 -85.000000 
36.647651 20.806649 -81.875000 
36.647651 19.253914 -77.500000


38.510933 20.185555 -85.000000 
43.169138 13.042974 -80.000000 
42.544939 16.458991 -85.006250 
38.510933 20.185555 -85.000000


40.681657 10.869145 -81.256250 
41.923845 11.490239 -81.881250 
45.029315 9.005863 -81.881250 
40.681657 10.869145 -81.256250


40.681657 10.869145 -81.256250 
45.029315 9.005863 -81.881250 
42.544939 8.695316 -80.006250 
40.681657 10.869145 -81.256250


48.445332 6.210940 -82.506250 
45.029315 9.005863 -81.881250 
46.582050 8.074222 -82.506250 
48.445332 6.210940 -82.506250


47.516796 8.074222 -82.500000 
45.964061 7.453128 -77.500000 
48.445332 6.210940 -82.506250 
47.516796 8.074222 -82.500000


8.384769 9.002758 -81.250000 
10.248051 9.626957 -82.506250 
11.179692 8.074222 -79.381250 
8.384769 9.002758 -81.250000


9.937504 18.325378 -81.250000 
12.732427 21.120301 -80.000000 
9.626957 18.946472 -86.250000 
9.937504 18.325378 -81.250000


13.664068 9.626957 -80.631250 
14.906256 10.555493 -81.875000 
16.769538 10.866040 -81.250000 
13.664068 9.626957 -80.631250


17.080085 24.536318 -76.875000 
17.080085 23.915224 -82.500000 
14.906256 22.983583 -80.000000 
17.080085 24.536318 -76.875000


17.080085 23.915224 -82.500000 
18.322273 25.157412 -78.750000 
20.185555 25.467959 -81.250000 
17.080085 23.915224 -82.500000


24.533213 25.778506 -81.875000 
22.048837 25.778506 -84.375000 
20.185555 25.467959 -81.250000 
24.533213 25.778506 -81.875000


22.048837 13.042974 -81.881250 
21.427743 12.108228 -80.625000 
19.564461 13.353521 -83.131250 
22.048837 13.042974 -81.881250


24.222666 11.490239 -79.381250 
22.048837 13.042974 -81.881250 
26.396495 12.732427 -80.631250 
24.222666 11.490239 -79.381250


26.396495 12.732427 -80.631250 
24.843760 13.974615 -81.881250 
30.123059 13.353521 -80.631250 
26.396495 12.732427 -80.631250


27.328136 24.225771 -76.875000 
29.191418 24.225771 -79.375000 
28.570324 24.536318 -82.500000 
27.328136 24.225771 -76.875000


28.570324 24.536318 -82.500000 
29.191418 24.225771 -79.375000 
31.054700 23.294130 -79.375000 
28.570324 24.536318 -82.500000


31.986341 12.732427 -80.006250 
30.123059 13.353521 -80.631250 
31.675794 13.974615 -81.256250 
31.986341 12.732427 -80.006250


35.712905 12.111333 -80.631250 
31.986341 12.732427 -80.006250 
31.675794 13.974615 -81.256250 
35.712905 12.111333 -80.631250


39.439469 10.248051 -80.006250 
35.712905 12.111333 -80.631250 
40.681657 10.869145 -81.256250 
39.439469 10.248051 -80.006250


38.510933 20.185555 -85.000000 
39.128922 17.080085 -78.118750 
40.063668 13.974615 -75.000000 
38.510933 20.185555 -85.000000


42.544939 8.695316 -80.006250 
45.029315 9.005863 -81.881250 
45.960956 5.900393 -80.006250 
42.544939 8.695316 -80.006250


45.029315 9.005863 -81.881250 
48.445332 6.210940 -82.506250 
45.960956 5.900393 -80.006250 
45.029315 9.005863 -81.881250


45.960956 5.900393 -80.006250 
48.445332 6.210940 -82.506250 
48.448437 4.658205 -80.000000 
45.960956 5.900393 -80.006250


4.655100 15.837897 -80.000000 
7.142581 17.083190 -80.000000 
6.207835 15.837897 -84.375000 
4.655100 15.837897 -80.000000


13.664068 9.626957 -80.631250 
11.179692 8.074222 -79.381250 
10.248051 9.626957 -82.506250 
13.664068 9.626957 -80.631250


13.664068 9.626957 -80.631250 
10.248051 9.626957 -82.506250 
14.906256 10.555493 -81.875000 
13.664068 9.626957 -80.631250


21.427743 12.108228 -80.625000 
18.011726 9.937504 -79.381250 
18.011726 12.418775 -82.500000 
21.427743 12.108228 -80.625000


24.222666 11.490239 -79.381250 
21.427743 12.108228 -80.625000 
22.048837 13.042974 -81.881250 
24.222666 11.490239 -79.381250


30.123059 13.353521 -80.631250 
30.744153 11.490239 -78.756250 
26.396495 12.732427 -80.631250 
30.123059 13.353521 -80.631250


31.986341 12.732427 -80.006250 
30.744153 11.490239 -78.756250 
30.123059 13.353521 -80.631250 
31.986341 12.732427 -80.006250


37.576187 10.248051 -79.368750 
35.712905 12.111333 -80.631250 
39.439469 10.248051 -80.006250 
37.576187 10.248051 -79.368750


36.647651 19.253914 -77.500000 
39.128922 17.080085 -78.118750 
38.510933 20.185555 -85.000000 
36.647651 19.253914 -77.500000


39.439469 10.248051 -80.006250 
40.681657 10.869145 -81.256250 
42.544939 8.695316 -80.006250 
39.439469 10.248051 -80.006250


43.166033 7.142581 -79.381250 
42.544939 8.695316 -80.006250 
45.960956 5.900393 -80.006250 
43.166033 7.142581 -79.381250


45.032420 13.042974 -84.375000 
45.339862 10.248051 -79.993750 
47.516796 8.074222 -82.500000 
45.032420 13.042974 -84.375000


45.964061 7.453128 -77.500000 
48.448437 4.658205 -80.000000 
48.445332 6.210940 -82.506250 
45.964061 7.453128 -77.500000


9.005863 8.384769 -76.881250 
8.384769 9.002758 -81.250000 
11.179692 8.074222 -79.381250 
9.005863 8.384769 -76.881250


18.322273 25.157412 -78.750000 
17.080085 23.915224 -82.500000 
17.080085 24.536318 -76.875000 
18.322273 25.157412 -78.750000


18.322273 25.157412 -78.750000 
24.533213 25.778506 -81.875000 
20.185555 25.467959 -81.250000 
18.322273 25.157412 -78.750000


24.222666 11.490239 -79.381250 
22.048837 10.244946 -78.125000 
21.427743 12.108228 -80.625000 
24.222666 11.490239 -79.381250


27.017589 11.179692 -78.756250 
24.222666 11.490239 -79.381250 
26.396495 12.732427 -80.631250 
27.017589 11.179692 -78.756250


24.533213 25.778506 -81.875000 
25.464854 24.222666 -76.243750 
28.570324 24.536318 -82.500000 
24.533213 25.778506 -81.875000


30.744153 11.490239 -78.756250 
27.017589 11.179692 -78.756250 
26.396495 12.732427 -80.631250 
30.744153 11.490239 -78.756250


25.464854 24.222666 -76.243750 
27.328136 24.225771 -76.875000 
28.570324 24.536318 -82.500000 
25.464854 24.222666 -76.243750


35.402358 11.179692 -79.381250 
31.986341 12.732427 -80.006250 
35.712905 12.111333 -80.631250 
35.402358 11.179692 -79.381250


36.955093 10.869145 -78.131250 
35.712905 12.111333 -80.631250 
37.576187 10.248051 -79.368750 
36.955093 10.869145 -78.131250


44.408221 5.589846 -76.881250 
43.166033 7.142581 -79.381250 
45.960956 5.900393 -80.006250 
44.408221 5.589846 -76.881250


4.344553 14.285162 -75.000000 
4.655100 15.837897 -80.000000 
4.344553 14.595709 -80.625000 
4.344553 14.285162 -75.000000


4.344553 14.285162 -75.000000 
4.344553 14.595709 -80.625000 
8.071117 10.558598 -75.625000 
4.344553 14.285162 -75.000000


7.142581 17.083190 -80.000000 
8.384769 18.635925 -75.000000 
9.937504 18.325378 -81.250000 
7.142581 17.083190 -80.000000


10.558598 8.695316 -76.881250 
9.005863 8.384769 -76.881250 
11.179692 8.074222 -79.381250 
10.558598 8.695316 -76.881250


9.626957 18.325378 -78.125000 
12.732427 21.120301 -80.000000 
9.937504 18.325378 -81.250000 
9.626957 18.325378 -78.125000


18.011726 9.937504 -79.381250 
13.664068 9.626957 -80.631250 
16.769538 10.866040 -81.250000 
18.011726 9.937504 -79.381250


18.011726 9.937504 -79.381250 
21.427743 12.108228 -80.625000 
22.048837 10.244946 -78.125000 
18.011726 9.937504 -79.381250


24.533213 25.778506 -81.875000 
18.322273 25.157412 -78.750000 
21.427743 25.157412 -76.875000 
24.533213 25.778506 -81.875000


21.427743 25.157412 -76.875000 
25.464854 24.222666 -76.243750 
24.533213 25.778506 -81.875000 
21.427743 25.157412 -76.875000


30.744153 11.490239 -78.756250 
31.986341 12.732427 -80.006250 
35.402358 11.179692 -79.381250 
30.744153 11.490239 -78.756250


33.539076 22.362489 -80.000000 
34.470717 20.496102 -76.243750 
34.470717 22.362489 -82.500000 
33.539076 22.362489 -80.000000


34.470717 22.362489 -82.500000 
34.470717 20.496102 -76.243750 
36.647651 20.806649 -81.875000 
34.470717 22.362489 -82.500000


35.712905 12.111333 -80.631250 
36.955093 10.869145 -78.131250 
35.402358 11.179692 -79.381250 
35.712905 12.111333 -80.631250


34.470717 20.496102 -76.243750 
36.647651 19.253914 -77.500000 
36.647651 20.806649 -81.875000 
34.470717 20.496102 -76.243750


36.955093 10.869145 -78.131250 
37.576187 10.248051 -79.368750 
39.439469 10.248051 -80.006250 
36.955093 10.869145 -78.131250


36.955093 10.869145 -78.131250 
39.439469 10.248051 -80.006250 
40.681657 9.005863 -78.131250 
36.955093 10.869145 -78.131250


40.681657 9.005863 -78.131250 
39.439469 10.248051 -80.006250 
42.544939 8.695316 -80.006250 
40.681657 9.005863 -78.131250


45.339862 10.248051 -79.993750 
45.964061 7.453128 -77.500000 
47.516796 8.074222 -82.500000 
45.339862 10.248051 -79.993750


46.271503 3.726564 -76.881250 
44.408221 5.589846 -76.881250 
45.960956 5.900393 -80.006250 
46.271503 3.726564 -76.881250


47.827343 5.589846 -77.500000 
48.448437 4.658205 -80.000000 
45.964061 7.453128 -77.500000 
47.827343 5.589846 -77.500000


5.589846 13.042974 -83.756250 
8.384769 9.002758 -81.250000 
8.071117 10.558598 -75.625000 
5.589846 13.042974 -83.756250


8.384769 18.635925 -75.000000 
9.626957 18.325378 -78.125000 
9.937504 18.325378 -81.250000 
8.384769 18.635925 -75.000000


14.595709 6.828929 -76.250000 
11.179692 8.074222 -79.381250 
13.664068 9.626957 -80.631250 
14.595709 6.828929 -76.250000


15.527350 23.915224 -75.625000 
17.080085 24.536318 -76.875000 
14.906256 22.983583 -80.000000 
15.527350 23.915224 -75.625000


18.011726 9.937504 -79.381250 
16.769538 8.074222 -76.243750 
13.664068 9.626957 -80.631250 
18.011726 9.937504 -79.381250


19.875008 8.384769 -75.618750 
18.011726 9.937504 -79.381250 
22.048837 10.244946 -78.125000 
19.875008 8.384769 -75.618750


24.536318 10.558598 -78.125000 
24.222666 11.490239 -79.381250 
27.017589 11.179692 -78.756250 
24.536318 10.558598 -78.125000


30.744153 11.490239 -78.756250 
24.536318 10.558598 -78.125000 
27.017589 11.179692 -78.756250 
30.744153 11.490239 -78.756250


29.191418 24.225771 -79.375000 
30.433606 22.669931 -75.618750 
31.054700 23.294130 -79.375000 
29.191418 24.225771 -79.375000


36.023452 9.316410 -77.506250 
32.607435 9.937504 -76.881250 
30.744153 11.490239 -78.756250 
36.023452 9.316410 -77.506250


36.023452 9.316410 -77.506250 
30.744153 11.490239 -78.756250 
35.402358 11.179692 -79.381250 
36.023452 9.316410 -77.506250


36.955093 10.869145 -78.131250 
36.023452 9.316410 -77.506250 
35.402358 11.179692 -79.381250 
36.955093 10.869145 -78.131250


41.613298 7.142581 -76.881250 
42.544939 8.695316 -80.006250 
43.166033 7.142581 -79.381250 
41.613298 7.142581 -76.881250


45.960956 5.900393 -80.006250 
48.448437 4.658205 -80.000000 
46.271503 3.726564 -76.881250 
45.960956 5.900393 -80.006250


7.142581 18.014831 -74.375000 
8.384769 18.635925 -75.000000 
7.142581 17.083190 -80.000000 
7.142581 18.014831 -74.375000


10.244946 7.453128 -76.250000 
10.558598 8.695316 -76.881250 
11.179692 8.074222 -79.381250 
10.244946 7.453128 -76.250000


14.595709 6.828929 -76.250000 
12.732427 6.518382 -76.250000 
11.179692 8.074222 -79.381250 
14.595709 6.828929 -76.250000


14.595709 6.828929 -76.250000 
13.664068 9.626957 -80.631250 
16.769538 8.074222 -76.243750 
14.595709 6.828929 -76.250000


22.048837 10.244946 -78.125000 
22.048837 8.695316 -75.631250 
19.875008 8.384769 -75.618750 
22.048837 10.244946 -78.125000


24.536318 10.558598 -78.125000 
22.048837 10.244946 -78.125000 
24.222666 11.490239 -79.381250 
24.536318 10.558598 -78.125000


32.607435 9.937504 -76.881250 
24.536318 10.558598 -78.125000 
30.744153 11.490239 -78.756250 
32.607435 9.937504 -76.881250


30.433606 22.669931 -75.618750 
33.539076 22.362489 -80.000000 
31.054700 23.294130 -79.375000 
30.433606 22.669931 -75.618750


38.818375 8.074222 -76.881250 
36.023452 9.316410 -77.506250 
36.955093 10.869145 -78.131250 
38.818375 8.074222 -76.881250


37.265640 18.011726 -76.243750 
39.128922 17.080085 -78.118750 
36.647651 19.253914 -77.500000 
37.265640 18.011726 -76.243750


36.955093 10.869145 -78.131250 
40.681657 9.005863 -78.131250 
38.818375 8.074222 -76.881250 
36.955093 10.869145 -78.131250


40.681657 9.005863 -78.131250 
42.544939 8.695316 -80.006250 
41.613298 7.142581 -76.881250 
40.681657 9.005863 -78.131250


38.818375 8.074222 -76.881250 
40.681657 9.005863 -78.131250 
41.613298 7.142581 -76.881250 
38.818375 8.074222 -76.881250


43.169138 13.042974 -80.000000 
38.510933 20.185555 -85.000000 
40.063668 13.974615 -75.000000 
43.169138 13.042974 -80.000000


43.166033 5.279299 -76.256250 
41.613298 7.142581 -76.881250 
43.166033 7.142581 -79.381250 
43.166033 5.279299 -76.256250


43.790232 10.248051 -77.500000 
45.339862 10.248051 -79.993750 
43.169138 13.042974 -80.000000 
43.790232 10.248051 -77.500000


43.166033 5.279299 -76.256250 
43.166033 7.142581 -79.381250 
44.408221 5.589846 -76.881250 
43.166033 5.279299 -76.256250


45.339862 10.248051 -79.993750 
43.790232 10.248051 -77.500000 
45.964061 7.453128 -77.500000 
45.339862 10.248051 -79.993750


7.142581 18.014831 -74.375000 
7.142581 17.083190 -80.000000 
4.655100 15.837897 -80.000000 
7.142581 18.014831 -74.375000


8.071117 10.558598 -75.625000 
8.384769 9.002758 -81.250000 
9.005863 8.384769 -76.881250 
8.071117 10.558598 -75.625000


12.732427 21.120301 -80.000000 
15.527350 23.915224 -75.625000 
14.906256 22.983583 -80.000000 
12.732427 21.120301 -80.000000


17.080085 24.536318 -76.875000 
21.427743 25.157412 -76.875000 
18.322273 25.157412 -78.750000 
17.080085 24.536318 -76.875000


22.048837 8.695316 -75.631250 
22.048837 10.244946 -78.125000 
24.536318 10.558598 -78.125000 
22.048837 8.695316 -75.631250


24.536318 10.558598 -78.125000 
25.775401 8.692211 -75.625000 
22.048837 8.695316 -75.631250 
24.536318 10.558598 -78.125000


32.607435 9.937504 -76.881250 
25.775401 8.692211 -75.625000 
24.536318 10.558598 -78.125000 
32.607435 9.937504 -76.881250


27.328136 24.225771 -76.875000 
28.259777 22.983583 -74.375000 
29.191418 24.225771 -79.375000 
27.328136 24.225771 -76.875000


30.433606 22.669931 -75.618750 
31.678899 21.117196 -72.500000 
33.539076 22.362489 -80.000000 
30.433606 22.669931 -75.618750


32.917982 8.384769 -75.631250 
31.365247 8.381664 -75.625000 
32.607435 9.937504 -76.881250 
32.917982 8.384769 -75.631250


36.023452 9.316410 -77.506250 
32.917982 8.384769 -75.631250 
32.607435 9.937504 -76.881250 
36.023452 9.316410 -77.506250


40.063668 13.974615 -75.000000 
43.790232 10.248051 -77.500000 
43.169138 13.042974 -80.000000 
40.063668 13.974615 -75.000000


45.964061 7.453128 -77.500000 
43.790232 10.248051 -77.500000 
47.827343 5.589846 -77.500000 
45.964061 7.453128 -77.500000


47.827343 5.589846 -77.500000 
46.271503 3.726564 -76.881250 
48.448437 4.658205 -80.000000 
47.827343 5.589846 -77.500000


12.732427 6.518382 -76.250000 
10.244946 7.453128 -76.250000 
11.179692 8.074222 -79.381250 
12.732427 6.518382 -76.250000


15.527350 8.381664 -75.625000 
14.595709 6.828929 -76.250000 
16.769538 8.074222 -76.243750 
15.527350 8.381664 -75.625000


19.875008 8.384769 -75.618750 
16.769538 8.074222 -76.243750 
18.011726 9.937504 -79.381250 
19.875008 8.384769 -75.618750


28.259777 22.983583 -74.375000 
30.433606 22.669931 -75.618750 
29.191418 24.225771 -79.375000 
28.259777 22.983583 -74.375000


25.775401 8.692211 -75.625000 
32.607435 9.937504 -76.881250 
31.365247 8.381664 -75.625000 
25.775401 8.692211 -75.625000


32.917982 8.384769 -75.631250 
36.023452 9.316410 -77.506250 
36.955093 8.074222 -76.256250 
32.917982 8.384769 -75.631250


35.402358 18.632820 -74.368750 
36.647651 19.253914 -77.500000 
34.470717 20.496102 -76.243750 
35.402358 18.632820 -74.368750


36.955093 8.074222 -76.256250 
36.023452 9.316410 -77.506250 
38.818375 8.074222 -76.881250 
36.955093 8.074222 -76.256250


43.166033 5.279299 -76.256250 
40.992204 4.658205 -74.993750 
41.613298 7.142581 -76.881250 
43.166033 5.279299 -76.256250


43.166033 5.279299 -76.256250 
46.271503 3.726564 -76.881250 
42.541834 4.347658 -75.000000 
43.166033 5.279299 -76.256250


43.166033 5.279299 -76.256250 
44.408221 5.589846 -76.881250 
46.271503 3.726564 -76.881250 
43.166033 5.279299 -76.256250


4.965647 15.527350 -70.625000 
4.655100 15.837897 -80.000000 
4.344553 14.285162 -75.000000 
4.965647 15.527350 -70.625000


12.732427 21.120301 -80.000000 
9.626957 18.325378 -78.125000 
10.248051 20.809754 -71.875000 
12.732427 21.120301 -80.000000


13.042974 22.362489 -74.375000 
15.527350 23.915224 -75.625000 
12.732427 21.120301 -80.000000 
13.042974 22.362489 -74.375000


15.527350 8.381664 -75.625000 
12.732427 6.518382 -76.250000 
14.595709 6.828929 -76.250000 
15.527350 8.381664 -75.625000


22.359384 24.222666 -74.993750 
25.464854 24.222666 -76.243750 
21.427743 25.157412 -76.875000 
22.359384 24.222666 -74.993750


32.607435 7.763675 -74.993750 
32.917982 8.384769 -75.631250 
36.333999 6.518382 -75.000000 
32.607435 7.763675 -74.993750


36.955093 8.074222 -76.256250 
36.333999 6.518382 -75.000000 
32.917982 8.384769 -75.631250 
36.955093 8.074222 -76.256250


35.402358 18.632820 -74.368750 
37.265640 18.011726 -76.243750 
36.647651 19.253914 -77.500000 
35.402358 18.632820 -74.368750


36.955093 8.074222 -76.256250 
38.818375 6.210940 -75.631250 
36.333999 6.518382 -75.000000 
36.955093 8.074222 -76.256250


36.955093 8.074222 -76.256250 
38.818375 8.074222 -76.881250 
38.818375 6.210940 -75.631250 
36.955093 8.074222 -76.256250


38.818375 6.210940 -75.631250 
41.613298 7.142581 -76.881250 
40.992204 4.658205 -74.993750 
38.818375 6.210940 -75.631250


38.818375 6.210940 -75.631250 
38.818375 8.074222 -76.881250 
41.613298 7.142581 -76.881250 
38.818375 6.210940 -75.631250


46.271503 3.726564 -76.881250 
44.097674 2.794923 -74.368750 
42.541834 4.347658 -75.000000 
46.271503 3.726564 -76.881250


43.790232 10.248051 -77.500000 
46.585155 5.279299 -71.875000 
47.827343 5.589846 -77.500000 
43.790232 10.248051 -77.500000


9.313305 8.695316 -73.125000 
8.071117 10.558598 -75.625000 
9.005863 8.384769 -76.881250 
9.313305 8.695316 -73.125000


8.384769 18.635925 -75.000000 
10.248051 20.809754 -71.875000 
9.626957 18.325378 -78.125000 
8.384769 18.635925 -75.000000


9.313305 8.695316 -73.125000 
9.005863 8.384769 -76.881250 
10.558598 8.695316 -76.881250 
9.313305 8.695316 -73.125000


10.866040 5.900393 -71.250000 
10.558598 8.695316 -76.881250 
10.244946 7.453128 -76.250000 
10.866040 5.900393 -71.250000


10.866040 5.900393 -71.250000 
10.244946 7.453128 -76.250000 
12.732427 6.518382 -76.250000 
10.866040 5.900393 -71.250000


13.042974 22.362489 -74.375000 
12.732427 21.120301 -80.000000 
10.248051 20.809754 -71.875000 
13.042974 22.362489 -74.375000


16.148444 23.291025 -73.118750 
17.080085 24.536318 -76.875000 
15.527350 23.915224 -75.625000 
16.148444 23.291025 -73.118750


20.185555 8.074222 -73.131250 
16.769538 8.074222 -76.243750 
19.875008 8.384769 -75.618750 
20.185555 8.074222 -73.131250


17.080085 24.536318 -76.875000 
16.148444 23.291025 -73.118750 
21.427743 25.157412 -76.875000 
17.080085 24.536318 -76.875000


25.775401 23.294130 -72.500000 
25.464854 24.222666 -76.243750 
22.359384 24.222666 -74.993750 
25.775401 23.294130 -72.500000


25.775401 8.692211 -75.625000 
31.365247 8.381664 -75.625000 
32.917982 8.384769 -75.631250 
25.775401 8.692211 -75.625000


31.365247 8.692211 -73.125000 
25.775401 8.692211 -75.625000 
32.917982 8.384769 -75.631250 
31.365247 8.692211 -73.125000


32.607435 7.763675 -74.993750 
31.365247 8.692211 -73.125000 
32.917982 8.384769 -75.631250 
32.607435 7.763675 -74.993750


33.231634 19.875008 -72.500000 
34.470717 20.496102 -76.243750 
33.539076 22.362489 -80.000000 
33.231634 19.875008 -72.500000


39.128922 13.977720 -71.875000 
40.063668 13.974615 -75.000000 
39.128922 17.080085 -78.118750 
39.128922 13.977720 -71.875000


42.541834 4.347658 -75.000000 
40.992204 4.658205 -74.993750 
43.166033 5.279299 -76.256250 
42.541834 4.347658 -75.000000


40.063668 13.974615 -75.000000 
42.855486 11.182797 -72.500000 
43.790232 10.248051 -77.500000 
40.063668 13.974615 -75.000000


46.585155 5.279299 -71.875000 
44.097674 2.794923 -74.368750 
46.271503 3.726564 -76.881250 
46.585155 5.279299 -71.875000


43.790232 10.248051 -77.500000 
44.411326 9.626957 -73.750000 
46.585155 5.279299 -71.875000 
43.790232 10.248051 -77.500000


5.586741 12.732427 -73.125000 
4.344553 14.285162 -75.000000 
8.071117 10.558598 -75.625000 
5.586741 12.732427 -73.125000


12.732427 6.207835 -73.750000 
10.866040 5.900393 -71.250000 
12.732427 6.518382 -76.250000 
12.732427 6.207835 -73.750000


15.216803 7.450023 -74.375000 
12.732427 6.518382 -76.250000 
15.527350 8.381664 -75.625000 
15.216803 7.450023 -74.375000


20.185555 8.074222 -73.131250 
15.527350 8.381664 -75.625000 
16.769538 8.074222 -76.243750 
20.185555 8.074222 -73.131250


20.185555 8.074222 -73.131250 
19.875008 8.384769 -75.618750 
25.775401 8.692211 -75.625000 
20.185555 8.074222 -73.131250


25.775401 8.692211 -75.625000 
19.875008 8.384769 -75.618750 
22.048837 8.695316 -75.631250 
25.775401 8.692211 -75.625000


28.259777 22.983583 -74.375000 
27.328136 24.225771 -76.875000 
25.464854 24.222666 -76.243750 
28.259777 22.983583 -74.375000


36.955093 8.384769 -73.756250 
31.365247 8.692211 -73.125000 
32.607435 7.763675 -74.993750 
36.955093 8.384769 -73.756250


36.333999 6.518382 -75.000000 
36.955093 8.384769 -73.756250 
32.607435 7.763675 -74.993750 
36.333999 6.518382 -75.000000


37.265640 18.011726 -76.243750 
39.128922 13.977720 -71.875000 
39.128922 17.080085 -78.118750 
37.265640 18.011726 -76.243750


40.992204 4.658205 -74.993750 
36.333999 6.518382 -75.000000 
38.818375 6.210940 -75.631250 
40.992204 4.658205 -74.993750


40.992204 4.658205 -74.993750 
37.265640 7.142581 -73.131250 
36.333999 6.518382 -75.000000 
40.992204 4.658205 -74.993750


42.541834 4.347658 -75.000000 
41.302751 5.279299 -73.131250 
40.992204 4.658205 -74.993750 
42.541834 4.347658 -75.000000


44.097674 3.102365 -73.125000 
41.302751 5.279299 -73.131250 
42.541834 4.347658 -75.000000 
44.097674 3.102365 -73.125000


42.855486 11.182797 -72.500000 
44.411326 9.626957 -73.750000 
43.790232 10.248051 -77.500000 
42.855486 11.182797 -72.500000


46.585155 5.279299 -71.875000 
46.271503 3.726564 -76.881250 
47.827343 5.589846 -77.500000 
46.585155 5.279299 -71.875000


7.139476 11.490239 -70.625000 
8.071117 10.558598 -75.625000 
9.313305 8.695316 -73.125000 
7.139476 11.490239 -70.625000


12.732427 6.207835 -73.750000 
12.732427 6.518382 -76.250000 
15.216803 7.450023 -74.375000 
12.732427 6.207835 -73.750000


20.185555 8.074222 -73.131250 
25.775401 8.692211 -75.625000 
22.359384 7.453128 -71.881250 
20.185555 8.074222 -73.131250


31.678899 21.117196 -72.500000 
33.231634 19.875008 -72.500000 
33.539076 22.362489 -80.000000 
31.678899 21.117196 -72.500000


34.470717 20.496102 -76.243750 
33.231634 19.875008 -72.500000 
35.402358 18.632820 -74.368750 
34.470717 20.496102 -76.243750


39.750016 5.900393 -73.131250 
37.265640 7.142581 -73.131250 
40.992204 4.658205 -74.993750 
39.750016 5.900393 -73.131250


39.750016 5.900393 -73.131250 
40.992204 4.658205 -74.993750 
41.302751 5.279299 -73.131250 
39.750016 5.900393 -73.131250


44.097674 3.102365 -73.125000 
42.541834 4.347658 -75.000000 
44.097674 2.794923 -74.368750 
44.097674 3.102365 -73.125000


46.585155 5.279299 -71.875000 
44.097674 3.102365 -73.125000 
44.097674 2.794923 -74.368750 
46.585155 5.279299 -71.875000


45.964061 6.210940 -70.000000 
46.585155 5.279299 -71.875000 
44.411326 9.626957 -73.750000 
45.964061 6.210940 -70.000000


4.965647 15.527350 -70.625000 
7.142581 18.014831 -74.375000 
4.655100 15.837897 -80.000000 
4.965647 15.527350 -70.625000


7.139476 11.490239 -70.625000 
5.586741 12.732427 -73.125000 
8.071117 10.558598 -75.625000 
7.139476 11.490239 -70.625000


12.421880 4.347658 -71.256250 
10.866040 5.900393 -71.250000 
12.732427 6.207835 -73.750000 
12.421880 4.347658 -71.256250


14.595709 5.589846 -71.881250 
12.732427 6.207835 -73.750000 
15.216803 7.450023 -74.375000 
14.595709 5.589846 -71.881250


15.216803 22.359384 -71.243750 
15.527350 23.915224 -75.625000 
13.042974 22.362489 -74.375000 
15.216803 22.359384 -71.243750


15.216803 22.359384 -71.243750 
16.148444 23.291025 -73.118750 
15.527350 23.915224 -75.625000 
15.216803 22.359384 -71.243750


20.185555 8.074222 -73.131250 
18.943367 6.832034 -71.881250 
15.527350 8.381664 -75.625000 
20.185555 8.074222 -73.131250


22.359384 7.453128 -71.881250 
25.775401 8.692211 -75.625000 
31.365247 8.692211 -73.125000 
22.359384 7.453128 -71.881250


25.775401 23.294130 -72.500000 
28.259777 22.983583 -74.375000 
25.464854 24.222666 -76.243750 
25.775401 23.294130 -72.500000


33.231634 19.875008 -72.500000 
34.470717 17.704284 -70.625000 
35.091811 17.701179 -74.368750 
33.231634 19.875008 -72.500000


36.955093 8.384769 -73.756250 
37.265640 7.142581 -73.131250 
31.365247 8.692211 -73.125000 
36.955093 8.384769 -73.756250


33.231634 19.875008 -72.500000 
35.091811 17.701179 -74.368750 
35.402358 18.632820 -74.368750 
33.231634 19.875008 -72.500000


35.402358 18.632820 -74.368750 
39.128922 13.977720 -71.875000 
37.265640 18.011726 -76.243750 
35.402358 18.632820 -74.368750


37.265640 7.142581 -73.131250 
36.955093 8.384769 -73.756250 
36.333999 6.518382 -75.000000 
37.265640 7.142581 -73.131250


9.623852 6.832034 -70.625000 
9.313305 8.695316 -73.125000 
10.558598 8.695316 -76.881250 
9.623852 6.832034 -70.625000


10.558598 4.658205 -71.881250 
10.866040 5.900393 -71.250000 
12.421880 4.347658 -71.256250 
10.558598 4.658205 -71.881250


11.800786 21.427743 -69.368750 
15.216803 22.359384 -71.243750 
13.042974 22.362489 -74.375000 
11.800786 21.427743 -69.368750


18.322273 5.586741 -70.625000 
15.216803 7.450023 -74.375000 
15.527350 8.381664 -75.625000 
18.322273 5.586741 -70.625000


22.359384 7.453128 -71.881250 
18.943367 6.832034 -71.881250 
20.185555 8.074222 -73.131250 
22.359384 7.453128 -71.881250


16.148444 23.291025 -73.118750 
22.359384 24.222666 -74.993750 
21.427743 25.157412 -76.875000 
16.148444 23.291025 -73.118750


31.365247 8.692211 -73.125000 
29.501965 6.832034 -71.256250 
22.359384 7.453128 -71.881250 
31.365247 8.692211 -73.125000


31.365247 8.692211 -73.125000 
31.986341 7.142581 -71.881250 
29.501965 6.832034 -71.256250 
31.365247 8.692211 -73.125000


37.265640 7.142581 -73.131250 
31.986341 7.142581 -71.881250 
31.365247 8.692211 -73.125000 
37.265640 7.142581 -73.131250


34.470717 17.704284 -70.625000 
35.402358 18.632820 -74.368750 
35.091811 17.701179 -74.368750 
34.470717 17.704284 -70.625000


39.128922 13.977720 -71.875000 
40.995309 12.732427 -69.375000 
40.063668 13.974615 -75.000000 
39.128922 13.977720 -71.875000


40.995309 12.732427 -69.375000 
42.855486 11.182797 -72.500000 
40.063668 13.974615 -75.000000 
40.995309 12.732427 -69.375000


42.234392 2.794923 -71.881250 
41.302751 5.279299 -73.131250 
44.097674 3.102365 -73.125000 
42.234392 2.794923 -71.881250


45.339862 4.965647 -69.375000 
44.097674 3.102365 -73.125000 
46.585155 5.279299 -71.875000 
45.339862 4.965647 -69.375000


11.800786 21.427743 -69.368750 
13.042974 22.362489 -74.375000 
10.248051 20.809754 -71.875000 
11.800786 21.427743 -69.368750


12.421880 4.347658 -71.256250 
12.732427 6.207835 -73.750000 
14.595709 5.589846 -71.881250 
12.421880 4.347658 -71.256250


18.632820 22.359384 -71.243750 
16.148444 23.291025 -73.118750 
15.216803 22.359384 -71.243750 
18.632820 22.359384 -71.243750


18.322273 5.586741 -70.625000 
15.527350 8.381664 -75.625000 
18.943367 6.832034 -71.881250 
18.322273 5.586741 -70.625000


23.601572 22.362489 -70.000000 
25.775401 23.294130 -72.500000 
22.359384 24.222666 -74.993750 
23.601572 22.362489 -70.000000


37.265640 7.142581 -73.131250 
37.576187 4.658205 -71.256250 
31.986341 7.142581 -71.881250 
37.265640 7.142581 -73.131250


39.750016 5.900393 -73.131250 
37.576187 4.658205 -71.256250 
37.265640 7.142581 -73.131250 
39.750016 5.900393 -73.131250


39.750016 5.900393 -73.131250 
41.302751 5.279299 -73.131250 
42.234392 2.794923 -71.881250 
39.750016 5.900393 -73.131250


37.576187 4.658205 -71.256250 
39.750016 5.900393 -73.131250 
42.234392 2.794923 -71.881250 
37.576187 4.658205 -71.256250


39.439469 3.105470 -71.256250 
37.576187 4.658205 -71.256250 
42.234392 2.794923 -71.881250 
39.439469 3.105470 -71.256250


4.965647 15.527350 -70.625000 
4.344553 14.285162 -75.000000 
5.276194 14.595709 -67.500000 
4.965647 15.527350 -70.625000


5.276194 14.595709 -67.500000 
4.344553 14.285162 -75.000000 
5.586741 12.732427 -73.125000 
5.276194 14.595709 -67.500000


6.207835 12.421880 -66.875000 
5.586741 12.732427 -73.125000 
7.139476 11.490239 -70.625000 
6.207835 12.421880 -66.875000


4.965647 15.527350 -70.625000 
9.937504 20.188660 -67.500000 
7.142581 18.014831 -74.375000 
4.965647 15.527350 -70.625000


9.316410 8.074222 -70.618750 
7.139476 11.490239 -70.625000 
9.313305 8.695316 -73.125000 
9.316410 8.074222 -70.618750


9.623852 6.832034 -70.625000 
9.316410 8.074222 -70.618750 
9.313305 8.695316 -73.125000 
9.623852 6.832034 -70.625000


10.866040 5.900393 -71.250000 
9.623852 6.832034 -70.625000 
10.558598 8.695316 -76.881250 
10.866040 5.900393 -71.250000


14.595709 5.589846 -71.881250 
15.216803 7.450023 -74.375000 
18.322273 5.586741 -70.625000 
14.595709 5.589846 -71.881250


16.148444 23.291025 -73.118750 
18.632820 22.359384 -71.243750 
22.359384 24.222666 -74.993750 
16.148444 23.291025 -73.118750


18.943367 21.120301 -68.125000 
22.359384 24.222666 -74.993750 
18.632820 22.359384 -71.243750 
18.943367 21.120301 -68.125000


22.359384 7.453128 -71.881250 
22.669931 6.207835 -70.625000 
18.943367 6.832034 -71.881250 
22.359384 7.453128 -71.881250


23.601572 22.362489 -70.000000 
22.359384 24.222666 -74.993750 
22.359384 22.051942 -69.375000 
23.601572 22.362489 -70.000000


25.775401 23.294130 -72.500000 
28.883976 21.738290 -70.000000 
28.259777 22.983583 -74.375000 
25.775401 23.294130 -72.500000


28.259777 22.983583 -74.375000 
28.883976 21.738290 -70.000000 
30.433606 22.669931 -75.618750 
28.259777 22.983583 -74.375000


31.986341 7.142581 -71.881250 
37.576187 4.658205 -71.256250 
34.470717 4.347658 -70.006250 
31.986341 7.142581 -71.881250


34.470717 17.704284 -70.625000 
35.712905 16.462096 -69.375000 
35.402358 18.632820 -74.368750 
34.470717 17.704284 -70.625000


35.402358 18.632820 -74.368750 
35.712905 16.462096 -69.375000 
39.128922 13.977720 -71.875000 
35.402358 18.632820 -74.368750


39.439469 3.105470 -71.256250 
42.234392 2.794923 -71.881250 
40.992204 2.173829 -70.631250 
39.439469 3.105470 -71.256250


42.855486 11.182797 -72.500000 
43.169138 9.005863 -67.500000 
44.411326 9.626957 -73.750000 
42.855486 11.182797 -72.500000


45.339862 4.965647 -69.375000 
42.855486 3.412912 -68.750000 
44.097674 3.102365 -73.125000 
45.339862 4.965647 -69.375000


45.342967 7.453128 -70.000000 
45.964061 6.210940 -70.000000 
44.411326 9.626957 -73.750000 
45.342967 7.453128 -70.000000


6.518382 16.148444 -67.500000 
9.937504 20.188660 -67.500000 
4.965647 15.527350 -70.625000 
6.518382 16.148444 -67.500000


9.937504 20.188660 -67.500000 
8.384769 18.635925 -75.000000 
7.142581 18.014831 -74.375000 
9.937504 20.188660 -67.500000


9.937504 20.188660 -67.500000 
10.248051 20.809754 -71.875000 
8.384769 18.635925 -75.000000 
9.937504 20.188660 -67.500000


10.558598 7.763675 -68.756250 
9.316410 8.074222 -70.618750 
9.623852 6.832034 -70.625000 
10.558598 7.763675 -68.756250


9.937504 2.484376 -69.381250 
10.866040 5.900393 -71.250000 
10.558598 4.658205 -71.881250 
9.937504 2.484376 -69.381250


10.866040 5.900393 -71.250000 
10.558598 7.763675 -68.756250 
9.623852 6.832034 -70.625000 
10.866040 5.900393 -71.250000


13.042974 2.794923 -69.381250 
10.558598 4.658205 -71.881250 
12.421880 4.347658 -71.256250 
13.042974 2.794923 -69.381250


15.837897 4.037111 -70.006250 
13.042974 2.794923 -69.381250 
14.595709 5.589846 -71.881250 
15.837897 4.037111 -70.006250


13.042974 2.794923 -69.381250 
12.421880 4.347658 -71.256250 
14.595709 5.589846 -71.881250 
13.042974 2.794923 -69.381250


15.837897 4.037111 -70.006250 
14.595709 5.589846 -71.881250 
18.322273 5.586741 -70.625000 
15.837897 4.037111 -70.006250


18.322273 5.586741 -70.625000 
18.943367 6.832034 -71.881250 
22.669931 6.207835 -70.625000 
18.322273 5.586741 -70.625000


22.669931 6.207835 -70.625000 
27.328136 5.589846 -70.006250 
23.912119 4.968752 -69.381250 
22.669931 6.207835 -70.625000


22.669931 6.207835 -70.625000 
22.359384 7.453128 -71.881250 
29.501965 6.832034 -71.256250 
22.669931 6.207835 -70.625000


22.669931 6.207835 -70.625000 
29.501965 6.832034 -71.256250 
27.328136 5.589846 -70.006250 
22.669931 6.207835 -70.625000


27.328136 21.427743 -66.868750 
28.883976 21.738290 -70.000000 
25.775401 23.294130 -72.500000 
27.328136 21.427743 -66.868750


34.470717 4.347658 -70.006250 
27.328136 5.589846 -70.006250 
29.501965 6.832034 -71.256250 
34.470717 4.347658 -70.006250


34.470717 4.347658 -70.006250 
29.501965 6.832034 -71.256250 
31.986341 7.142581 -71.881250 
34.470717 4.347658 -70.006250


30.433606 20.496102 -68.743750 
31.678899 21.117196 -72.500000 
30.433606 22.669931 -75.618750 
30.433606 20.496102 -68.743750


31.678899 21.117196 -72.500000 
34.470717 17.704284 -70.625000 
33.231634 19.875008 -72.500000 
31.678899 21.117196 -72.500000


37.576187 4.658205 -71.256250 
37.576187 2.484376 -70.006250 
34.470717 4.347658 -70.006250 
37.576187 4.658205 -71.256250


37.576187 2.484376 -70.006250 
37.576187 4.658205 -71.256250 
39.439469 3.105470 -71.256250 
37.576187 2.484376 -70.006250


37.576187 2.484376 -70.006250 
39.439469 3.105470 -71.256250 
40.992204 2.173829 -70.631250 
37.576187 2.484376 -70.006250


44.097674 3.102365 -73.125000 
42.855486 3.412912 -68.750000 
42.234392 2.794923 -71.881250 
44.097674 3.102365 -73.125000


40.995309 12.732427 -69.375000 
43.169138 9.005863 -67.500000 
42.855486 11.182797 -72.500000 
40.995309 12.732427 -69.375000


43.169138 9.005863 -67.500000 
45.342967 7.453128 -70.000000 
44.411326 9.626957 -73.750000 
43.169138 9.005863 -67.500000


10.248051 8.384769 -66.868750 
7.139476 11.490239 -70.625000 
9.316410 8.074222 -70.618750 
10.248051 8.384769 -66.868750


10.558598 7.763675 -68.756250 
10.248051 8.384769 -66.868750 
9.316410 8.074222 -70.618750 
10.558598 7.763675 -68.756250


9.937504 2.484376 -69.381250 
10.558598 4.658205 -71.881250 
13.042974 2.794923 -69.381250 
9.937504 2.484376 -69.381250


18.322273 4.347658 -69.381250 
15.837897 4.037111 -70.006250 
18.322273 5.586741 -70.625000 
18.322273 4.347658 -69.381250


18.943367 21.120301 -68.125000 
22.359384 22.051942 -69.375000 
22.359384 24.222666 -74.993750 
18.943367 21.120301 -68.125000


23.912119 4.968752 -69.381250 
18.322273 5.586741 -70.625000 
22.669931 6.207835 -70.625000 
23.912119 4.968752 -69.381250


23.601572 22.362489 -70.000000 
27.328136 21.427743 -66.868750 
25.775401 23.294130 -72.500000 
23.601572 22.362489 -70.000000


28.883976 21.738290 -70.000000 
30.433606 20.496102 -68.743750 
30.433606 22.669931 -75.618750 
28.883976 21.738290 -70.000000


32.607435 3.726564 -69.381250 
27.328136 5.589846 -70.006250 
34.470717 4.347658 -70.006250 
32.607435 3.726564 -69.381250


31.678899 21.117196 -72.500000 
30.433606 20.496102 -68.743750 
34.470717 17.704284 -70.625000 
31.678899 21.117196 -72.500000


34.160170 2.484376 -68.756250 
34.470717 4.347658 -70.006250 
37.576187 2.484376 -70.006250 
34.160170 2.484376 -68.756250


35.712905 16.462096 -69.375000 
38.821480 14.595709 -68.125000 
39.128922 13.977720 -71.875000 
35.712905 16.462096 -69.375000


40.995309 3.105470 -65.625000 
40.992204 2.173829 -70.631250 
42.234392 2.794923 -71.881250 
40.995309 3.105470 -65.625000


42.855486 3.412912 -68.750000 
40.995309 3.105470 -65.625000 
42.234392 2.794923 -71.881250 
42.855486 3.412912 -68.750000


45.964061 6.210940 -70.000000 
45.339862 4.965647 -69.375000 
46.585155 5.279299 -71.875000 
45.964061 6.210940 -70.000000


6.207835 12.421880 -66.875000 
7.139476 11.490239 -70.625000 
7.763675 11.487134 -66.875000 
6.207835 12.421880 -66.875000


9.937504 5.589846 -68.756250 
9.623852 6.832034 -70.625000 
10.866040 5.900393 -71.250000 
9.937504 5.589846 -68.756250


9.937504 5.589846 -68.756250 
10.866040 5.900393 -71.250000 
9.937504 2.484376 -69.381250 
9.937504 5.589846 -68.756250


9.937504 5.589846 -68.756250 
10.558598 7.763675 -68.756250 
9.623852 6.832034 -70.625000 
9.937504 5.589846 -68.756250


10.558598 7.763675 -68.756250 
10.866040 5.900393 -71.250000 
9.623852 6.832034 -70.625000 
10.558598 7.763675 -68.756250


9.937504 20.188660 -67.500000 
11.800786 21.427743 -69.368750 
10.248051 20.809754 -71.875000 
9.937504 20.188660 -67.500000


15.216803 22.359384 -71.243750 
18.322273 21.120301 -67.500000 
18.632820 22.359384 -71.243750 
15.216803 22.359384 -71.243750


18.322273 4.347658 -69.381250 
18.322273 5.586741 -70.625000 
23.912119 4.968752 -69.381250 
18.322273 4.347658 -69.381250


34.470717 4.347658 -70.006250 
34.160170 2.484376 -68.756250 
32.607435 3.726564 -69.381250 
34.470717 4.347658 -70.006250


33.539076 17.704284 -68.750000 
35.712905 16.462096 -69.375000 
34.470717 17.704284 -70.625000 
33.539076 17.704284 -68.750000


37.576187 2.484376 -70.006250 
36.333999 0.307442 -68.125000 
34.160170 2.484376 -68.756250 
37.576187 2.484376 -70.006250


37.576187 0.307442 -68.750000 
37.576187 2.484376 -70.006250 
40.992204 2.173829 -70.631250 
37.576187 0.307442 -68.750000


38.821480 14.595709 -68.125000 
40.995309 12.732427 -69.375000 
39.128922 13.977720 -71.875000 
38.821480 14.595709 -68.125000


40.995309 3.105470 -65.625000 
39.439469 1.552735 -68.118750 
40.992204 2.173829 -70.631250 
40.995309 3.105470 -65.625000


10.248051 8.384769 -66.868750 
7.763675 11.487134 -66.875000 
7.139476 11.490239 -70.625000 
10.248051 8.384769 -66.868750


14.906256 20.809754 -67.500000 
15.216803 22.359384 -71.243750 
11.800786 21.427743 -69.368750 
14.906256 20.809754 -67.500000


14.595709 1.863282 -67.506250 
13.042974 2.794923 -69.381250 
15.837897 4.037111 -70.006250 
14.595709 1.863282 -67.506250


18.632820 2.484376 -67.506250 
14.595709 1.863282 -67.506250 
15.837897 4.037111 -70.006250 
18.632820 2.484376 -67.506250


18.322273 21.120301 -67.500000 
18.943367 21.120301 -68.125000 
18.632820 22.359384 -71.243750 
18.322273 21.120301 -67.500000


23.912119 4.968752 -69.381250 
27.328136 3.726564 -68.131250 
18.322273 4.347658 -69.381250 
23.912119 4.968752 -69.381250


27.328136 5.589846 -70.006250 
27.328136 3.726564 -68.131250 
23.912119 4.968752 -69.381250 
27.328136 5.589846 -70.006250


27.328136 5.589846 -70.006250 
29.501965 3.105470 -68.131250 
27.328136 3.726564 -68.131250 
27.328136 5.589846 -70.006250


28.883976 21.738290 -70.000000 
27.328136 21.427743 -66.868750 
30.433606 20.496102 -68.743750 
28.883976 21.738290 -70.000000


27.328136 5.589846 -70.006250 
32.607435 3.726564 -69.381250 
29.501965 3.105470 -68.131250 
27.328136 5.589846 -70.006250


31.675794 18.635925 -66.875000 
33.539076 17.704284 -68.750000 
34.470717 17.704284 -70.625000 
31.675794 18.635925 -66.875000


36.333999 0.307442 -68.125000 
37.576187 2.484376 -70.006250 
37.576187 0.307442 -68.750000 
36.333999 0.307442 -68.125000


40.992204 2.173829 -70.631250 
39.439469 1.552735 -68.118750 
37.576187 0.307442 -68.750000 
40.992204 2.173829 -70.631250


40.995309 12.732427 -69.375000 
41.926950 9.937504 -65.000000 
43.169138 9.005863 -67.500000 
40.995309 12.732427 -69.375000


5.276194 14.595709 -67.500000 
6.518382 16.148444 -67.500000 
4.965647 15.527350 -70.625000 
5.276194 14.595709 -67.500000


9.316410 3.416017 -68.131250 
9.937504 2.484376 -69.381250 
9.626957 1.242188 -68.131250 
9.316410 3.416017 -68.131250


10.248051 8.384769 -66.868750 
10.558598 7.763675 -68.756250 
9.937504 5.589846 -68.756250 
10.248051 8.384769 -66.868750


9.626957 1.242188 -68.131250 
9.937504 2.484376 -69.381250 
13.042974 2.794923 -69.381250 
9.626957 1.242188 -68.131250


9.934399 4.347658 -65.625000 
9.937504 2.484376 -69.381250 
9.316410 3.416017 -68.131250 
9.934399 4.347658 -65.625000


9.934399 4.347658 -65.625000 
9.937504 5.589846 -68.756250 
9.937504 2.484376 -69.381250 
9.934399 4.347658 -65.625000


18.322273 4.347658 -69.381250 
18.632820 2.484376 -67.506250 
15.837897 4.037111 -70.006250 
18.322273 4.347658 -69.381250


18.632820 2.484376 -67.506250 
18.322273 4.347658 -69.381250 
27.328136 3.726564 -68.131250 
18.632820 2.484376 -67.506250


27.328136 3.726564 -68.131250 
22.980478 3.105470 -67.506250 
18.632820 2.484376 -67.506250 
27.328136 3.726564 -68.131250


32.607435 3.726564 -69.381250 
32.296888 1.552735 -67.506250 
29.501965 3.105470 -68.131250 
32.607435 3.726564 -69.381250


34.160170 2.484376 -68.756250 
32.296888 1.552735 -67.506250 
32.607435 3.726564 -69.381250 
34.160170 2.484376 -68.756250


9.626957 1.242188 -68.131250 
13.042974 2.794923 -69.381250 
12.421880 0.617989 -66.875000 
9.626957 1.242188 -68.131250


14.595709 1.863282 -67.506250 
12.421880 0.617989 -66.875000 
13.042974 2.794923 -69.381250 
14.595709 1.863282 -67.506250


16.458991 1.242188 -66.256250 
14.595709 1.863282 -67.506250 
17.701179 1.863282 -66.881250 
16.458991 1.242188 -66.256250


18.632820 2.484376 -67.506250 
17.701179 1.863282 -66.881250 
14.595709 1.863282 -67.506250 
18.632820 2.484376 -67.506250


14.906256 20.809754 -67.500000 
18.322273 21.120301 -67.500000 
15.216803 22.359384 -71.243750 
14.906256 20.809754 -67.500000


22.980478 3.105470 -67.506250 
17.701179 1.863282 -66.881250 
18.632820 2.484376 -67.506250 
22.980478 3.105470 -67.506250


22.359384 21.430848 -65.000000 
23.601572 22.362489 -70.000000 
22.359384 22.051942 -69.375000 
22.359384 21.430848 -65.000000


27.017589 1.863282 -66.881250 
22.980478 3.105470 -67.506250 
27.328136 3.726564 -68.131250 
27.017589 1.863282 -66.881250


27.017589 1.863282 -66.881250 
27.328136 3.726564 -68.131250 
29.501965 3.105470 -68.131250 
27.017589 1.863282 -66.881250


32.296888 1.552735 -67.506250 
29.501965 1.242188 -66.881250 
29.501965 3.105470 -68.131250 
32.296888 1.552735 -67.506250


33.228529 0.310547 -66.881250 
29.501965 1.242188 -66.881250 
32.296888 1.552735 -67.506250 
33.228529 0.310547 -66.881250


31.675794 18.635925 -66.875000 
34.470717 17.704284 -70.625000 
30.433606 20.496102 -68.743750 
31.675794 18.635925 -66.875000


36.333999 0.307442 -68.125000 
33.228529 0.310547 -66.881250 
32.296888 1.552735 -67.506250 
36.333999 0.307442 -68.125000


36.333999 0.307442 -68.125000 
32.296888 1.552735 -67.506250 
34.160170 2.484376 -68.756250 
36.333999 0.307442 -68.125000


36.644546 16.462096 -65.000000 
38.821480 14.595709 -68.125000 
35.712905 16.462096 -69.375000 
36.644546 16.462096 -65.000000


5.276194 14.595709 -67.500000 
5.586741 12.732427 -73.125000 
6.207835 12.421880 -66.875000 
5.276194 14.595709 -67.500000


9.316410 19.257019 -65.625000 
9.937504 20.188660 -67.500000 
6.518382 16.148444 -67.500000 
9.316410 19.257019 -65.625000


8.381664 2.173829 -63.125000 
9.316410 3.416017 -68.131250 
9.626957 1.242188 -68.131250 
8.381664 2.173829 -63.125000


12.421880 0.617989 -66.875000 
9.005863 0.000000 -66.256250 
9.626957 1.242188 -68.131250 
12.421880 0.617989 -66.875000


13.353521 20.188660 -65.625000 
11.800786 21.427743 -69.368750 
9.937504 20.188660 -67.500000 
13.353521 20.188660 -65.625000


13.353521 20.188660 -65.625000 
14.906256 20.809754 -67.500000 
11.800786 21.427743 -69.368750 
13.353521 20.188660 -65.625000


20.806649 0.931641 -66.256250 
16.458991 1.242188 -66.256250 
17.701179 1.863282 -66.881250 
20.806649 0.931641 -66.256250


18.943367 21.120301 -68.125000 
22.359384 21.430848 -65.000000 
22.359384 22.051942 -69.375000 
18.943367 21.120301 -68.125000


17.701179 1.863282 -66.881250 
22.980478 3.105470 -67.506250 
20.806649 0.931641 -66.256250 
17.701179 1.863282 -66.881250


27.017589 1.863282 -66.881250 
27.328136 0.621094 -66.256250 
22.980478 3.105470 -67.506250 
27.017589 1.863282 -66.881250


27.017589 1.863282 -66.881250 
29.501965 3.105470 -68.131250 
29.501965 1.242188 -66.881250 
27.017589 1.863282 -66.881250


27.328136 21.427743 -66.868750 
29.191418 19.567566 -65.000000 
30.433606 20.496102 -68.743750 
27.328136 21.427743 -66.868750


29.191418 19.567566 -65.000000 
31.675794 18.635925 -66.875000 
30.433606 20.496102 -68.743750 
29.191418 19.567566 -65.000000


33.539076 17.704284 -68.750000 
36.644546 16.462096 -65.000000 
35.712905 16.462096 -69.375000 
33.539076 17.704284 -68.750000


37.576187 0.307442 -68.750000 
37.265640 1.549630 -65.000000 
36.333999 0.307442 -68.125000 
37.576187 0.307442 -68.750000


8.381664 2.173829 -63.125000 
9.626957 1.242188 -68.131250 
9.005863 0.000000 -66.256250 
8.381664 2.173829 -63.125000


11.800786 -0.931641 -65.631250 
9.005863 0.000000 -66.256250 
12.421880 0.617989 -66.875000 
11.800786 -0.931641 -65.631250


14.285162 -0.931641 -65.006250 
11.800786 -0.931641 -65.631250 
12.421880 0.617989 -66.875000 
14.285162 -0.931641 -65.006250


14.285162 -0.931641 -65.006250 
12.421880 0.617989 -66.875000 
14.595709 1.863282 -67.506250 
14.285162 -0.931641 -65.006250


16.458991 1.242188 -66.256250 
14.285162 -0.931641 -65.006250 
14.595709 1.863282 -67.506250 
16.458991 1.242188 -66.256250


27.328136 0.621094 -66.256250 
20.806649 0.931641 -66.256250 
22.980478 3.105470 -67.506250 
27.328136 0.621094 -66.256250


27.328136 0.621094 -66.256250 
25.464854 0.000000 -65.631250 
20.806649 0.931641 -66.256250 
27.328136 0.621094 -66.256250


26.085948 21.741395 -65.625000 
27.328136 21.427743 -66.868750 
23.601572 22.362489 -70.000000 
26.085948 21.741395 -65.625000


27.328136 0.621094 -66.256250 
27.017589 1.863282 -66.881250 
29.501965 1.242188 -66.881250 
27.328136 0.621094 -66.256250


33.228529 0.310547 -66.881250 
33.228529 -1.555840 -65.625000 
29.501965 1.242188 -66.881250 
33.228529 0.310547 -66.881250


35.716010 0.310547 -65.000000 
33.228529 0.310547 -66.881250 
36.333999 0.307442 -68.125000 
35.716010 0.310547 -65.000000


37.265640 1.549630 -65.000000 
35.716010 0.310547 -65.000000 
36.333999 0.307442 -68.125000 
37.265640 1.549630 -65.000000


37.265640 1.549630 -65.000000 
37.576187 0.307442 -68.750000 
39.439469 1.552735 -68.118750 
37.265640 1.549630 -65.000000


7.763675 17.393737 -60.625000 
9.316410 19.257019 -65.625000 
6.518382 16.148444 -67.500000 
7.763675 17.393737 -60.625000


10.555493 8.695316 -63.125000 
7.763675 11.487134 -66.875000 
10.248051 8.384769 -66.868750 
10.555493 8.695316 -63.125000


11.800786 -0.931641 -65.631250 
8.695316 -1.552735 -65.631250 
9.005863 0.000000 -66.256250 
11.800786 -0.931641 -65.631250


9.934399 4.347658 -65.625000 
9.316410 3.416017 -68.131250 
8.381664 2.173829 -63.125000 
9.934399 4.347658 -65.625000


10.248051 8.384769 -66.868750 
9.937504 5.589846 -68.756250 
10.244946 7.142581 -63.750000 
10.248051 8.384769 -66.868750


9.316410 19.257019 -65.625000 
11.800786 20.188660 -62.500000 
9.937504 20.188660 -67.500000 
9.316410 19.257019 -65.625000


16.458991 1.242188 -66.256250 
16.148444 -2.173829 -65.006250 
14.285162 -0.931641 -65.006250 
16.458991 1.242188 -66.256250


14.906256 20.809754 -67.500000 
18.322273 20.809754 -61.875000 
18.322273 21.120301 -67.500000 
14.906256 20.809754 -67.500000


16.458991 1.242188 -66.256250 
20.806649 0.931641 -66.256250 
19.875008 -1.552735 -65.006250 
16.458991 1.242188 -66.256250


20.806649 0.931641 -66.256250 
25.464854 0.000000 -65.631250 
22.669931 -1.552735 -65.006250 
20.806649 0.931641 -66.256250


29.501965 1.242188 -66.881250 
33.228529 -1.555840 -65.625000 
27.328136 0.621094 -66.256250 
29.501965 1.242188 -66.881250


33.228529 -1.555840 -65.625000 
31.054700 -1.863282 -65.631250 
27.328136 0.621094 -66.256250 
33.228529 -1.555840 -65.625000


31.675794 18.635925 -66.875000 
35.405463 17.080085 -61.875000 
33.539076 17.704284 -68.750000 
31.675794 18.635925 -66.875000


35.716010 0.310547 -65.000000 
33.228529 -1.555840 -65.625000 
33.228529 0.310547 -66.881250 
35.716010 0.310547 -65.000000


39.128922 2.794923 -64.993750 
37.265640 1.549630 -65.000000 
39.439469 1.552735 -68.118750 
39.128922 2.794923 -64.993750


36.644546 16.462096 -65.000000 
39.753121 12.111333 -63.125000 
38.821480 14.595709 -68.125000 
36.644546 16.462096 -65.000000


39.128922 2.794923 -64.993750 
39.439469 1.552735 -68.118750 
40.995309 3.105470 -65.625000 
39.128922 2.794923 -64.993750


40.995309 4.037111 -63.750000 
40.995309 3.105470 -65.625000 
42.855486 3.412912 -68.750000 
40.995309 4.037111 -63.750000


41.926950 9.937504 -65.000000 
41.305856 8.074222 -61.250000 
43.169138 9.005863 -67.500000 
41.926950 9.937504 -65.000000


45.342967 7.453128 -70.000000 
43.169138 5.589846 -63.125000 
45.964061 6.210940 -70.000000 
45.342967 7.453128 -70.000000


45.964061 6.210940 -70.000000 
43.169138 5.589846 -63.125000 
45.339862 4.965647 -69.375000 
45.964061 6.210940 -70.000000


9.316410 -4.037111 -63.756250 
8.695316 -1.552735 -65.631250 
11.800786 -0.931641 -65.631250 
9.316410 -4.037111 -63.756250


10.244946 7.142581 -63.750000 
9.937504 5.589846 -68.756250 
9.934399 4.347658 -65.625000 
10.244946 7.142581 -63.750000


10.555493 8.695316 -63.125000 
10.248051 8.384769 -66.868750 
10.244946 7.142581 -63.750000 
10.555493 8.695316 -63.125000


11.800786 -0.931641 -65.631250 
16.148444 -2.173829 -65.006250 
11.179692 -2.484376 -64.381250 
11.800786 -0.931641 -65.631250


14.285162 -0.931641 -65.006250 
16.148444 -2.173829 -65.006250 
11.800786 -0.931641 -65.631250 
14.285162 -0.931641 -65.006250


13.353521 20.188660 -65.625000 
13.974615 20.499207 -61.875000 
14.906256 20.809754 -67.500000 
13.353521 20.188660 -65.625000


16.148444 -2.173829 -65.006250 
16.458991 1.242188 -66.256250 
19.875008 -1.552735 -65.006250 
16.148444 -2.173829 -65.006250


22.669931 -1.552735 -65.006250 
19.875008 -1.552735 -65.006250 
20.806649 0.931641 -66.256250 
22.669931 -1.552735 -65.006250


25.464854 0.000000 -65.631250 
26.396495 -1.552735 -64.381250 
22.669931 -1.552735 -65.006250 
25.464854 0.000000 -65.631250


31.054700 -1.863282 -65.631250 
28.570324 -3.416017 -64.381250 
26.396495 -1.552735 -64.381250 
31.054700 -1.863282 -65.631250


25.464854 0.000000 -65.631250 
31.054700 -1.863282 -65.631250 
26.396495 -1.552735 -64.381250 
25.464854 0.000000 -65.631250


31.054700 -1.863282 -65.631250 
25.464854 0.000000 -65.631250 
27.328136 0.621094 -66.256250 
31.054700 -1.863282 -65.631250


35.716010 0.310547 -65.000000 
31.986341 -1.552735 -62.493750 
33.228529 -1.555840 -65.625000 
35.716010 0.310547 -65.000000


33.539076 17.704284 -68.750000 
35.405463 17.080085 -61.875000 
36.644546 16.462096 -65.000000 
33.539076 17.704284 -68.750000


39.753121 12.111333 -63.125000 
40.995309 12.732427 -69.375000 
38.821480 14.595709 -68.125000 
39.753121 12.111333 -63.125000


43.169138 9.005863 -67.500000 
43.169138 5.589846 -63.125000 
45.342967 7.453128 -70.000000 
43.169138 9.005863 -67.500000


10.555493 8.695316 -63.125000 
8.074222 11.176587 -61.250000 
7.763675 11.487134 -66.875000 
10.555493 8.695316 -63.125000


7.142581 -3.105470 -64.381250 
8.695316 -1.552735 -65.631250 
9.316410 -4.037111 -63.756250 
7.142581 -3.105470 -64.381250


10.555493 4.968752 -63.750000 
10.244946 7.142581 -63.750000 
9.934399 4.347658 -65.625000 
10.555493 4.968752 -63.750000


9.316410 -4.037111 -63.756250 
11.800786 -0.931641 -65.631250 
11.179692 -2.484376 -64.381250 
9.316410 -4.037111 -63.756250


9.937504 20.188660 -67.500000 
11.800786 20.188660 -62.500000 
13.353521 20.188660 -65.625000 
9.937504 20.188660 -67.500000


11.179692 -2.484376 -64.381250 
16.148444 -2.173829 -65.006250 
14.906256 -3.105470 -63.756250 
11.179692 -2.484376 -64.381250


18.011726 -2.794923 -64.381250 
14.906256 -3.105470 -63.756250 
16.148444 -2.173829 -65.006250 
18.011726 -2.794923 -64.381250


19.875008 -1.552735 -65.006250 
18.011726 -2.794923 -64.381250 
16.148444 -2.173829 -65.006250 
19.875008 -1.552735 -65.006250


18.322273 21.120301 -67.500000 
18.322273 20.809754 -61.875000 
18.943367 21.120301 -68.125000 
18.322273 21.120301 -67.500000


19.875008 -1.552735 -65.006250 
22.359384 -3.416017 -63.756250 
18.011726 -2.794923 -64.381250 
19.875008 -1.552735 -65.006250


18.943367 21.120301 -68.125000 
20.185555 21.741395 -60.625000 
22.359384 21.430848 -65.000000 
18.943367 21.120301 -68.125000


22.359384 -3.416017 -63.756250 
19.875008 -1.552735 -65.006250 
22.669931 -1.552735 -65.006250 
22.359384 -3.416017 -63.756250


27.017589 -4.037111 -64.381250 
22.359384 -3.416017 -63.756250 
22.669931 -1.552735 -65.006250 
27.017589 -4.037111 -64.381250


23.601572 22.362489 -70.000000 
22.359384 22.051942 -61.875000 
26.085948 21.741395 -65.625000 
23.601572 22.362489 -70.000000


26.396495 -1.552735 -64.381250 
27.017589 -4.037111 -64.381250 
22.669931 -1.552735 -65.006250 
26.396495 -1.552735 -64.381250


27.017589 -4.037111 -64.381250 
26.396495 -1.552735 -64.381250 
28.570324 -3.416017 -64.381250 
27.017589 -4.037111 -64.381250


30.744153 -3.419122 -64.375000 
29.191418 -4.661310 -63.750000 
28.570324 -3.416017 -64.381250 
30.744153 -3.419122 -64.375000


30.744153 -3.419122 -64.375000 
28.570324 -3.416017 -64.381250 
31.054700 -1.863282 -65.631250 
30.744153 -3.419122 -64.375000


30.744153 -3.419122 -64.375000 
31.054700 -1.863282 -65.631250 
33.228529 -1.555840 -65.625000 
30.744153 -3.419122 -64.375000


31.986341 -1.552735 -62.493750 
30.744153 -3.419122 -64.375000 
33.228529 -1.555840 -65.625000 
31.986341 -1.552735 -62.493750


31.986341 -1.552735 -62.493750 
35.716010 0.310547 -65.000000 
34.470717 1.239083 -62.500000 
31.986341 -1.552735 -62.493750


40.995309 3.105470 -65.625000 
40.060563 3.726564 -63.743750 
39.128922 2.794923 -64.993750 
40.995309 3.105470 -65.625000


40.995309 4.037111 -63.750000 
40.060563 3.726564 -63.743750 
40.995309 3.105470 -65.625000 
40.995309 4.037111 -63.750000


6.518382 16.148444 -61.875000 
6.518382 16.148444 -67.500000 
5.276194 14.595709 -67.500000 
6.518382 16.148444 -61.875000


5.589846 12.421880 -60.631250 
5.276194 14.595709 -67.500000 
6.207835 12.421880 -66.875000 
5.589846 12.421880 -60.631250


7.450023 -2.173829 -63.125000 
8.695316 -1.552735 -65.631250 
7.142581 -3.105470 -64.381250 
7.450023 -2.173829 -63.125000


7.450023 -2.173829 -63.125000 
9.005863 0.000000 -66.256250 
8.695316 -1.552735 -65.631250 
7.450023 -2.173829 -63.125000


8.381664 2.173829 -63.125000 
9.005863 0.000000 -66.256250 
7.450023 -2.173829 -63.125000 
8.381664 2.173829 -63.125000


6.207835 12.421880 -66.875000 
7.763675 11.487134 -66.875000 
8.074222 11.176587 -61.250000 
6.207835 12.421880 -66.875000


10.244946 9.316410 -58.750000 
8.074222 11.176587 -61.250000 
10.555493 8.695316 -63.125000 
10.244946 9.316410 -58.750000


10.555493 4.968752 -63.750000 
9.934399 4.347658 -65.625000 
8.381664 2.173829 -63.125000 
10.555493 4.968752 -63.750000


11.179692 -2.484376 -64.381250 
13.353521 -5.279299 -62.506250 
9.316410 -4.037111 -63.756250 
11.179692 -2.484376 -64.381250


13.353521 -5.279299 -62.506250 
11.179692 -2.484376 -64.381250 
14.906256 -3.105470 -63.756250 
13.353521 -5.279299 -62.506250


22.359384 -3.416017 -63.756250 
17.080085 -4.037111 -63.131250 
18.011726 -2.794923 -64.381250 
22.359384 -3.416017 -63.756250


27.017589 -4.037111 -64.381250 
23.291025 -4.347658 -63.131250 
22.359384 -3.416017 -63.756250 
27.017589 -4.037111 -64.381250


29.191418 -4.661310 -63.750000 
27.017589 -4.037111 -64.381250 
28.570324 -3.416017 -64.381250 
29.191418 -4.661310 -63.750000


34.470717 1.239083 -62.500000 
33.228529 0.621094 -62.493750 
31.986341 -1.552735 -62.493750 
34.470717 1.239083 -62.500000


37.265640 1.549630 -65.000000 
34.470717 1.239083 -62.500000 
35.716010 0.310547 -65.000000 
37.265640 1.549630 -65.000000


45.339862 4.965647 -69.375000 
40.995309 4.037111 -63.750000 
42.855486 3.412912 -68.750000 
45.339862 4.965647 -69.375000


41.305856 8.074222 -61.250000 
43.169138 5.589846 -63.125000 
43.169138 9.005863 -67.500000 
41.305856 8.074222 -61.250000


8.074222 -5.589846 -62.506250 
7.142581 -3.105470 -64.381250 
9.316410 -4.037111 -63.756250 
8.074222 -5.589846 -62.506250


8.071117 0.931641 -60.000000 
8.381664 2.173829 -63.125000 
7.450023 -2.173829 -63.125000 
8.071117 0.931641 -60.000000


9.316410 -4.037111 -63.756250 
13.353521 -5.279299 -62.506250 
8.074222 -5.589846 -62.506250 
9.316410 -4.037111 -63.756250


13.353521 -5.279299 -62.506250 
14.906256 -3.105470 -63.756250 
18.011726 -2.794923 -64.381250 
13.353521 -5.279299 -62.506250


15.837897 -5.279299 -62.506250 
13.353521 -5.279299 -62.506250 
17.080085 -4.037111 -63.131250 
15.837897 -5.279299 -62.506250


13.353521 -5.279299 -62.506250 
18.011726 -2.794923 -64.381250 
17.080085 -4.037111 -63.131250 
13.353521 -5.279299 -62.506250


20.496102 -4.347658 -62.506250 
15.837897 -5.279299 -62.506250 
17.080085 -4.037111 -63.131250 
20.496102 -4.347658 -62.506250


18.943367 21.120301 -68.125000 
18.322273 20.809754 -61.875000 
20.185555 21.741395 -60.625000 
18.943367 21.120301 -68.125000


20.496102 -4.347658 -62.506250 
17.080085 -4.037111 -63.131250 
22.359384 -3.416017 -63.756250 
20.496102 -4.347658 -62.506250


23.291025 -4.347658 -63.131250 
20.496102 -4.347658 -62.506250 
22.359384 -3.416017 -63.756250 
23.291025 -4.347658 -63.131250


22.359384 21.430848 -65.000000 
22.359384 22.051942 -61.875000 
23.601572 22.362489 -70.000000 
22.359384 21.430848 -65.000000


27.017589 -6.835139 -62.500000 
23.912119 -6.210940 -61.881250 
23.291025 -4.347658 -63.131250 
27.017589 -6.835139 -62.500000


29.191418 -4.661310 -63.750000 
27.017589 -6.835139 -62.500000 
23.291025 -4.347658 -63.131250 
29.191418 -4.661310 -63.750000


26.085948 21.741395 -65.625000 
26.707042 20.809754 -60.000000 
27.328136 21.427743 -66.868750 
26.085948 21.741395 -65.625000


23.291025 -4.347658 -63.131250 
27.017589 -4.037111 -64.381250 
29.191418 -4.661310 -63.750000 
23.291025 -4.347658 -63.131250


26.707042 20.809754 -60.000000 
29.191418 19.567566 -65.000000 
27.328136 21.427743 -66.868750 
26.707042 20.809754 -60.000000


29.812512 20.188660 -60.625000 
31.675794 18.635925 -66.875000 
29.191418 19.567566 -65.000000 
29.812512 20.188660 -60.625000


39.128922 2.794923 -64.993750 
35.402358 2.791818 -60.625000 
37.265640 1.549630 -65.000000 
39.128922 2.794923 -64.993750


36.644546 16.462096 -65.000000 
37.889839 13.042974 -59.375000 
39.753121 12.111333 -63.125000 
36.644546 16.462096 -65.000000


40.374215 10.248051 -61.250000 
41.305856 8.074222 -61.250000 
41.926950 9.937504 -65.000000 
40.374215 10.248051 -61.250000


40.995309 12.732427 -69.375000 
40.374215 10.248051 -61.250000 
41.926950 9.937504 -65.000000 
40.995309 12.732427 -69.375000


40.995309 4.037111 -63.750000 
45.339862 4.965647 -69.375000 
43.169138 5.589846 -63.125000 
40.995309 4.037111 -63.750000


6.521487 11.797681 -56.875000 
5.589846 12.421880 -60.631250 
6.207835 12.421880 -66.875000 
6.521487 11.797681 -56.875000


6.521487 -4.971857 -61.875000 
7.142581 -3.105470 -64.381250 
8.074222 -5.589846 -62.506250 
6.521487 -4.971857 -61.875000


7.450023 -2.173829 -63.125000 
7.142581 -3.105470 -64.381250 
6.521487 -4.971857 -61.875000 
7.450023 -2.173829 -63.125000


8.074222 11.176587 -61.250000 
6.521487 11.797681 -56.875000 
6.207835 12.421880 -66.875000 
8.074222 11.176587 -61.250000


6.518382 16.148444 -61.875000 
7.763675 17.393737 -60.625000 
6.518382 16.148444 -67.500000 
6.518382 16.148444 -61.875000


7.763675 17.393737 -60.625000 
10.558598 18.325378 -58.125000 
9.316410 19.257019 -65.625000 
7.763675 17.393737 -60.625000


10.558598 18.325378 -58.125000 
11.800786 20.188660 -62.500000 
9.316410 19.257019 -65.625000 
10.558598 18.325378 -58.125000


10.244946 7.142581 -63.750000 
10.555493 4.968752 -63.750000 
10.866040 5.279299 -60.625000 
10.244946 7.142581 -63.750000


11.800786 20.188660 -62.500000 
13.974615 20.499207 -61.875000 
13.353521 20.188660 -65.625000 
11.800786 20.188660 -62.500000


15.837897 -5.279299 -62.506250 
14.285162 -6.524592 -61.250000 
13.353521 -5.279299 -62.506250 
15.837897 -5.279299 -62.506250


15.527350 20.499207 -60.625000 
14.906256 20.809754 -67.500000 
13.974615 20.499207 -61.875000 
15.527350 20.499207 -60.625000


20.496102 -4.347658 -62.506250 
18.322273 -5.279299 -62.506250 
15.837897 -5.279299 -62.506250 
20.496102 -4.347658 -62.506250


23.912119 -6.210940 -61.881250 
20.496102 -4.347658 -62.506250 
23.291025 -4.347658 -63.131250 
23.912119 -6.210940 -61.881250


33.231634 18.322273 -60.625000 
35.405463 17.080085 -61.875000 
31.675794 18.635925 -66.875000 
33.231634 18.322273 -60.625000


35.402358 2.791818 -60.625000 
34.470717 1.239083 -62.500000 
37.265640 1.549630 -65.000000 
35.402358 2.791818 -60.625000


40.374215 10.248051 -61.250000 
40.995309 12.732427 -69.375000 
39.753121 12.111333 -63.125000 
40.374215 10.248051 -61.250000


10.555493 8.695316 -63.125000 
10.244946 7.142581 -63.750000 
10.866040 5.279299 -60.625000 
10.555493 8.695316 -63.125000


11.179692 -5.903498 -61.875000 
8.074222 -5.589846 -62.506250 
13.353521 -5.279299 -62.506250 
11.179692 -5.903498 -61.875000


11.179692 -5.903498 -61.875000 
13.353521 -5.279299 -62.506250 
14.285162 -6.524592 -61.250000 
11.179692 -5.903498 -61.875000


18.322273 -5.279299 -62.506250 
18.632820 -6.835139 -61.250000 
15.837897 -5.279299 -62.506250 
18.322273 -5.279299 -62.506250


23.912119 -6.210940 -61.881250 
18.632820 -6.835139 -61.250000 
18.322273 -5.279299 -62.506250 
23.912119 -6.210940 -61.881250


18.322273 -5.279299 -62.506250 
20.496102 -4.347658 -62.506250 
23.912119 -6.210940 -61.881250 
18.322273 -5.279299 -62.506250


23.912119 -6.210940 -61.881250 
22.359384 -6.835139 -61.250000 
18.632820 -6.835139 -61.250000 
23.912119 -6.210940 -61.881250


22.359384 22.051942 -61.875000 
22.359384 21.430848 -65.000000 
20.185555 21.741395 -60.625000 
22.359384 22.051942 -61.875000


26.707042 -5.592951 -57.500000 
27.017589 -6.835139 -62.500000 
29.191418 -4.661310 -63.750000 
26.707042 -5.592951 -57.500000


26.707042 20.809754 -60.000000 
29.812512 20.188660 -60.625000 
29.191418 19.567566 -65.000000 
26.707042 20.809754 -60.000000


30.744153 -3.419122 -64.375000 
27.949230 -4.350763 -56.875000 
29.191418 -4.661310 -63.750000 
30.744153 -3.419122 -64.375000


31.054700 -0.931641 -61.243750 
30.744153 -3.419122 -64.375000 
31.986341 -1.552735 -62.493750 
31.054700 -0.931641 -61.243750


33.228529 0.621094 -62.493750 
31.054700 -0.931641 -61.243750 
31.986341 -1.552735 -62.493750 
33.228529 0.621094 -62.493750


5.586741 14.285162 -58.125000 
6.518382 16.148444 -61.875000 
5.276194 14.595709 -67.500000 
5.586741 14.285162 -58.125000


6.832034 -3.726564 -58.118750 
7.450023 -2.173829 -63.125000 
6.521487 -4.971857 -61.875000 
6.832034 -3.726564 -58.118750


6.832034 -3.726564 -58.118750 
6.521487 -4.971857 -61.875000 
8.074222 -5.589846 -62.506250 
6.832034 -3.726564 -58.118750


8.071117 0.931641 -60.000000 
10.555493 4.968752 -63.750000 
8.381664 2.173829 -63.125000 
8.071117 0.931641 -60.000000


10.866040 7.142581 -59.375000 
10.555493 8.695316 -63.125000 
10.866040 5.279299 -60.625000 
10.866040 7.142581 -59.375000


14.285162 -6.524592 -61.250000 
15.837897 -5.279299 -62.506250 
18.632820 -6.835139 -61.250000 
14.285162 -6.524592 -61.250000


24.843760 -6.214045 -58.125000 
22.359384 -6.835139 -61.250000 
23.912119 -6.210940 -61.881250 
24.843760 -6.214045 -58.125000


22.359384 22.051942 -61.875000 
26.707042 20.809754 -60.000000 
26.085948 21.741395 -65.625000 
22.359384 22.051942 -61.875000


31.054700 -0.931641 -61.243750 
30.123059 -2.794923 -59.993750 
30.744153 -3.419122 -64.375000 
31.054700 -0.931641 -61.243750


38.507828 4.034006 -60.000000 
39.128922 2.794923 -64.993750 
40.060563 3.726564 -63.743750 
38.507828 4.034006 -60.000000


40.995309 4.037111 -63.750000 
38.507828 4.034006 -60.000000 
40.060563 3.726564 -63.743750 
40.995309 4.037111 -63.750000


42.234392 5.900393 -59.368750 
43.169138 5.589846 -63.125000 
41.305856 8.074222 -61.250000 
42.234392 5.900393 -59.368750


7.760570 -1.242188 -55.000000 
8.071117 0.931641 -60.000000 
7.450023 -2.173829 -63.125000 
7.760570 -1.242188 -55.000000


14.906256 20.809754 -67.500000 
15.527350 20.499207 -60.625000 
18.322273 20.809754 -61.875000 
14.906256 20.809754 -67.500000


24.222666 20.809754 -56.875000 
26.707042 20.809754 -60.000000 
22.359384 22.051942 -61.875000 
24.222666 20.809754 -56.875000


27.949230 -4.350763 -56.875000 
26.707042 -5.592951 -57.500000 
29.191418 -4.661310 -63.750000 
27.949230 -4.350763 -56.875000


34.470717 1.239083 -62.500000 
31.054700 -0.931641 -61.243750 
33.228529 0.621094 -62.493750 
34.470717 1.239083 -62.500000


35.402358 2.791818 -60.625000 
31.054700 -0.931641 -61.243750 
34.470717 1.239083 -62.500000 
35.402358 2.791818 -60.625000


35.405463 17.080085 -61.875000 
36.023452 14.906256 -58.118750 
36.644546 16.462096 -65.000000 
35.405463 17.080085 -61.875000


37.889839 13.042974 -59.375000 
40.374215 10.248051 -61.250000 
39.753121 12.111333 -63.125000 
37.889839 13.042974 -59.375000


5.586741 14.285162 -58.125000 
5.276194 14.595709 -67.500000 
5.589846 12.421880 -60.631250 
5.586741 14.285162 -58.125000


9.623852 3.105470 -58.125000 
10.555493 4.968752 -63.750000 
8.071117 0.931641 -60.000000 
9.623852 3.105470 -58.125000


9.623852 3.105470 -58.125000 
10.866040 5.279299 -60.625000 
10.555493 4.968752 -63.750000 
9.623852 3.105470 -58.125000


18.632820 21.120301 -58.125000 
20.185555 21.741395 -60.625000 
18.322273 20.809754 -61.875000 
18.632820 21.120301 -58.125000


20.185555 -5.900393 -56.868750 
18.632820 -6.835139 -61.250000 
22.359384 -6.835139 -61.250000 
20.185555 -5.900393 -56.868750


22.669931 21.430848 -58.750000 
22.359384 22.051942 -61.875000 
20.185555 21.741395 -60.625000 
22.669931 21.430848 -58.750000


24.843760 -6.214045 -58.125000 
23.912119 -6.210940 -61.881250 
27.017589 -6.835139 -62.500000 
24.843760 -6.214045 -58.125000


30.123059 -2.794923 -59.993750 
27.949230 -4.350763 -56.875000 
30.744153 -3.419122 -64.375000 
30.123059 -2.794923 -59.993750


29.812512 20.188660 -60.625000 
33.231634 18.322273 -60.625000 
31.675794 18.635925 -66.875000 
29.812512 20.188660 -60.625000


33.231634 18.322273 -60.625000 
33.539076 17.393737 -57.500000 
35.405463 17.080085 -61.875000 
33.231634 18.322273 -60.625000


38.507828 4.034006 -60.000000 
35.402358 2.791818 -60.625000 
39.128922 2.794923 -64.993750 
38.507828 4.034006 -60.000000


36.644546 16.462096 -65.000000 
36.023452 14.906256 -58.118750 
37.889839 13.042974 -59.375000 
36.644546 16.462096 -65.000000


42.234392 5.900393 -59.368750 
38.507828 4.034006 -60.000000 
40.995309 4.037111 -63.750000 
42.234392 5.900393 -59.368750


42.234392 5.900393 -59.368750 
40.995309 4.037111 -63.750000 
43.169138 5.589846 -63.125000 
42.234392 5.900393 -59.368750


10.244946 9.316410 -58.750000 
10.555493 8.695316 -63.125000 
10.866040 7.142581 -59.375000 
10.244946 9.316410 -58.750000


11.800786 20.188660 -62.500000 
12.732427 19.257019 -58.750000 
13.974615 20.499207 -61.875000 
11.800786 20.188660 -62.500000


13.974615 -5.589846 -58.118750 
11.179692 -5.903498 -61.875000 
14.285162 -6.524592 -61.250000 
13.974615 -5.589846 -58.118750


13.974615 -5.589846 -58.118750 
14.285162 -6.524592 -61.250000 
18.632820 -6.835139 -61.250000 
13.974615 -5.589846 -58.118750


18.632820 21.120301 -58.125000 
18.322273 20.809754 -61.875000 
15.527350 20.499207 -60.625000 
18.632820 21.120301 -58.125000


20.185555 -5.900393 -56.868750 
22.359384 -6.835139 -61.250000 
24.843760 -6.214045 -58.125000 
20.185555 -5.900393 -56.868750


22.669931 21.430848 -58.750000 
24.222666 20.809754 -56.875000 
22.359384 22.051942 -61.875000 
22.669931 21.430848 -58.750000


24.843760 -6.214045 -58.125000 
27.017589 -6.835139 -62.500000 
26.707042 -5.592951 -57.500000 
24.843760 -6.214045 -58.125000


29.812512 20.188660 -60.625000 
31.675794 18.325378 -56.250000 
33.231634 18.322273 -60.625000 
29.812512 20.188660 -60.625000


33.539076 17.393737 -57.500000 
36.023452 14.906256 -58.118750 
35.405463 17.080085 -61.875000 
33.539076 17.393737 -57.500000


36.023452 14.906256 -58.118750 
36.647651 13.042974 -56.875000 
37.889839 13.042974 -59.375000 
36.023452 14.906256 -58.118750


5.586741 14.285162 -58.125000 
7.763675 17.393737 -60.625000 
6.518382 16.148444 -61.875000 
5.586741 14.285162 -58.125000


8.695316 17.083190 -56.875000 
10.558598 18.325378 -58.125000 
7.763675 17.393737 -60.625000 
8.695316 17.083190 -56.875000


9.937504 -3.105470 -54.368750 
6.832034 -3.726564 -58.118750 
8.074222 -5.589846 -62.506250 
9.937504 -3.105470 -54.368750


11.179692 -5.903498 -61.875000 
9.937504 -3.105470 -54.368750 
8.074222 -5.589846 -62.506250 
11.179692 -5.903498 -61.875000


11.800786 20.188660 -62.500000 
11.800786 18.946472 -55.625000 
12.732427 19.257019 -58.750000 
11.800786 20.188660 -62.500000


12.732427 19.257019 -58.750000 
15.527350 20.499207 -60.625000 
13.974615 20.499207 -61.875000 
12.732427 19.257019 -58.750000


15.527350 20.809754 -56.875000 
15.527350 20.499207 -60.625000 
12.732427 19.257019 -58.750000 
15.527350 20.809754 -56.875000


20.185555 -5.900393 -56.868750 
13.974615 -5.589846 -58.118750 
18.632820 -6.835139 -61.250000 
20.185555 -5.900393 -56.868750


18.632820 21.120301 -58.125000 
22.669931 21.430848 -58.750000 
20.185555 21.741395 -60.625000 
18.632820 21.120301 -58.125000


24.222666 20.809754 -56.875000 
28.259777 20.499207 -56.875000 
26.707042 20.809754 -60.000000 
24.222666 20.809754 -56.875000


29.505070 19.253914 -54.375000 
29.812512 20.188660 -60.625000 
26.707042 20.809754 -60.000000 
29.505070 19.253914 -54.375000


34.160170 2.481271 -56.250000 
31.054700 -0.931641 -61.243750 
35.402358 2.791818 -60.625000 
34.160170 2.481271 -56.250000


36.333999 3.726564 -56.243750 
35.402358 2.791818 -60.625000 
38.507828 4.034006 -60.000000 
36.333999 3.726564 -56.243750


5.586741 14.285162 -58.125000 
5.589846 12.421880 -60.631250 
6.521487 11.797681 -56.875000 
5.586741 14.285162 -58.125000


6.832034 -3.726564 -58.118750 
7.760570 -1.242188 -55.000000 
7.450023 -2.173829 -63.125000 
6.832034 -3.726564 -58.118750


8.695316 17.083190 -56.875000 
7.763675 17.393737 -60.625000 
5.586741 14.285162 -58.125000 
8.695316 17.083190 -56.875000


9.937504 -3.105470 -54.368750 
11.179692 -5.903498 -61.875000 
12.111333 -4.658205 -56.868750 
9.937504 -3.105470 -54.368750


11.800786 18.946472 -55.625000 
11.800786 20.188660 -62.500000 
10.558598 18.325378 -58.125000 
11.800786 18.946472 -55.625000


18.632820 21.120301 -58.125000 
15.527350 20.499207 -60.625000 
15.527350 20.809754 -56.875000 
18.632820 21.120301 -58.125000


26.707042 20.809754 -60.000000 
28.259777 20.499207 -56.875000 
29.505070 19.253914 -54.375000 
26.707042 20.809754 -60.000000


29.194523 -2.173829 -57.500000 
27.949230 -4.350763 -56.875000 
30.123059 -2.794923 -59.993750 
29.194523 -2.173829 -57.500000


31.054700 -0.931641 -61.243750 
29.194523 -2.173829 -57.500000 
30.123059 -2.794923 -59.993750 
31.054700 -0.931641 -61.243750


8.381664 1.242188 -53.125000 
9.623852 3.105470 -58.125000 
8.071117 0.931641 -60.000000 
8.381664 1.242188 -53.125000


8.074222 11.176587 -61.250000 
10.244946 9.316410 -58.750000 
11.797681 7.763675 -53.750000 
8.074222 11.176587 -61.250000


11.490239 4.968752 -54.368750 
10.866040 5.279299 -60.625000 
9.623852 3.105470 -58.125000 
11.490239 4.968752 -54.368750


11.797681 7.763675 -53.750000 
10.244946 9.316410 -58.750000 
10.866040 7.142581 -59.375000 
11.797681 7.763675 -53.750000


11.490239 4.968752 -54.368750 
10.866040 7.142581 -59.375000 
10.866040 5.279299 -60.625000 
11.490239 4.968752 -54.368750


20.185555 -5.900393 -56.868750 
14.906256 -4.968752 -56.868750 
13.974615 -5.589846 -58.118750 
20.185555 -5.900393 -56.868750


26.707042 20.185555 -53.743750 
28.259777 20.499207 -56.875000 
24.222666 20.809754 -56.875000 
26.707042 20.185555 -53.743750


31.054700 -0.931641 -61.243750 
31.675794 0.307442 -56.875000 
29.194523 -2.173829 -57.500000 
31.054700 -0.931641 -61.243750


31.675794 18.325378 -56.250000 
33.539076 17.393737 -57.500000 
33.231634 18.322273 -60.625000 
31.675794 18.325378 -56.250000


36.333999 3.726564 -56.243750 
34.160170 2.481271 -56.250000 
35.402358 2.791818 -60.625000 
36.333999 3.726564 -56.243750


36.647651 13.042974 -56.875000 
40.374215 10.248051 -61.250000 
37.889839 13.042974 -59.375000 
36.647651 13.042974 -56.875000


40.374215 10.248051 -61.250000 
42.548044 6.521487 -56.875000 
41.305856 8.074222 -61.250000 
40.374215 10.248051 -61.250000


41.305856 8.074222 -61.250000 
42.548044 6.521487 -56.875000 
42.234392 5.900393 -59.368750 
41.305856 8.074222 -61.250000


5.586741 14.285162 -58.125000 
6.521487 11.797681 -56.875000 
6.828929 13.353521 -52.500000 
5.586741 14.285162 -58.125000


9.937504 -3.105470 -54.368750 
7.763675 -2.487481 -53.750000 
6.832034 -3.726564 -58.118750 
9.937504 -3.105470 -54.368750


8.381664 1.242188 -53.125000 
10.248051 3.105470 -53.743750 
9.623852 3.105470 -58.125000 
8.381664 1.242188 -53.125000


14.906256 -4.968752 -56.868750 
11.179692 -5.903498 -61.875000 
13.974615 -5.589846 -58.118750 
14.906256 -4.968752 -56.868750


12.111333 -4.658205 -56.868750 
11.179692 -5.903498 -61.875000 
14.906256 -4.968752 -56.868750 
12.111333 -4.658205 -56.868750


13.974615 19.567566 -55.000000 
15.527350 20.809754 -56.875000 
12.732427 19.257019 -58.750000 
13.974615 19.567566 -55.000000


29.505070 19.253914 -54.375000 
31.675794 18.325378 -56.250000 
29.812512 20.188660 -60.625000 
29.505070 19.253914 -54.375000


31.675794 0.307442 -56.875000 
31.054700 -0.931641 -61.243750 
34.160170 2.481271 -56.250000 
31.675794 0.307442 -56.875000


42.234392 5.900393 -59.368750 
39.439469 5.897288 -53.125000 
38.507828 4.034006 -60.000000 
42.234392 5.900393 -59.368750


7.763675 -2.487481 -53.750000 
7.760570 -1.242188 -55.000000 
6.832034 -3.726564 -58.118750 
7.763675 -2.487481 -53.750000


8.695316 17.083190 -56.875000 
11.800786 18.946472 -55.625000 
10.558598 18.325378 -58.125000 
8.695316 17.083190 -56.875000


9.626957 10.555493 -54.375000 
8.074222 11.176587 -61.250000 
11.797681 7.763675 -53.750000 
9.626957 10.555493 -54.375000


13.974615 19.567566 -55.000000 
12.732427 19.257019 -58.750000 
11.800786 18.946472 -55.625000 
13.974615 19.567566 -55.000000


16.769538 -4.661310 -54.375000 
12.111333 -4.658205 -56.868750 
14.906256 -4.968752 -56.868750 
16.769538 -4.661310 -54.375000


16.769538 -4.661310 -54.375000 
14.906256 -4.968752 -56.868750 
20.806649 -5.279299 -56.868750 
16.769538 -4.661310 -54.375000


20.185555 -5.900393 -56.868750 
20.806649 -5.279299 -56.868750 
14.906256 -4.968752 -56.868750 
20.185555 -5.900393 -56.868750


24.843760 -6.214045 -58.125000 
20.806649 -5.279299 -56.868750 
20.185555 -5.900393 -56.868750 
24.843760 -6.214045 -58.125000


22.669931 21.430848 -58.750000 
22.359384 20.499207 -54.375000 
24.222666 20.809754 -56.875000 
22.669931 21.430848 -58.750000


24.843760 -6.214045 -58.125000 
24.222666 -5.282404 -55.625000 
20.806649 -5.279299 -56.868750 
24.843760 -6.214045 -58.125000


27.638683 -3.416017 -54.993750 
26.707042 -5.592951 -57.500000 
27.949230 -4.350763 -56.875000 
27.638683 -3.416017 -54.993750


29.194523 -2.173829 -57.500000 
27.638683 -3.416017 -54.993750 
27.949230 -4.350763 -56.875000 
29.194523 -2.173829 -57.500000


36.333999 3.726564 -56.243750 
38.507828 4.034006 -60.000000 
39.439469 5.897288 -53.125000 
36.333999 3.726564 -56.243750


36.647651 13.042974 -56.875000 
39.750016 10.251156 -51.875000 
42.548044 6.521487 -56.875000 
36.647651 13.042974 -56.875000


40.374215 10.248051 -61.250000 
36.647651 13.042974 -56.875000 
42.548044 6.521487 -56.875000 
40.374215 10.248051 -61.250000


42.548044 6.521487 -56.875000 
39.439469 5.897288 -53.125000 
42.234392 5.900393 -59.368750 
42.548044 6.521487 -56.875000


9.626957 10.555493 -54.375000 
6.521487 11.797681 -56.875000 
8.074222 11.176587 -61.250000 
9.626957 10.555493 -54.375000


10.248051 3.105470 -53.743750 
11.490239 4.968752 -54.368750 
9.623852 3.105470 -58.125000 
10.248051 3.105470 -53.743750


10.866040 -3.726564 -54.375000 
9.937504 -3.105470 -54.368750 
12.111333 -4.658205 -56.868750 
10.866040 -3.726564 -54.375000


10.866040 7.142581 -59.375000 
11.490239 4.968752 -54.368750 
11.797681 7.763675 -53.750000 
10.866040 7.142581 -59.375000


15.527350 20.809754 -56.875000 
15.527350 19.257019 -52.500000 
18.632820 21.120301 -58.125000 
15.527350 20.809754 -56.875000


24.222666 -5.282404 -55.625000 
24.843760 -6.214045 -58.125000 
26.707042 -5.592951 -57.500000 
24.222666 -5.282404 -55.625000


31.675794 18.325378 -56.250000 
32.607435 16.151549 -51.875000 
33.539076 17.393737 -57.500000 
31.675794 18.325378 -56.250000


35.091811 3.416017 -53.743750 
34.160170 2.481271 -56.250000 
36.333999 3.726564 -56.243750 
35.091811 3.416017 -53.743750


7.760570 -1.242188 -55.000000 
8.381664 1.242188 -53.125000 
8.071117 0.931641 -60.000000 
7.760570 -1.242188 -55.000000


9.316410 15.530455 -52.500000 
8.695316 17.083190 -56.875000 
5.586741 14.285162 -58.125000 
9.316410 15.530455 -52.500000


18.632820 21.120301 -58.125000 
22.359384 20.499207 -54.375000 
22.669931 21.430848 -58.750000 
18.632820 21.120301 -58.125000


32.607435 16.151549 -51.875000 
36.647651 13.042974 -56.875000 
36.023452 14.906256 -58.118750 
32.607435 16.151549 -51.875000


33.539076 17.393737 -57.500000 
32.607435 16.151549 -51.875000 
36.023452 14.906256 -58.118750 
33.539076 17.393737 -57.500000


13.974615 19.567566 -55.000000 
15.527350 19.257019 -52.500000 
15.527350 20.809754 -56.875000 
13.974615 19.567566 -55.000000


15.527350 19.257019 -52.500000 
19.564461 19.567566 -52.500000 
18.632820 21.120301 -58.125000 
15.527350 19.257019 -52.500000


19.564461 19.567566 -52.500000 
22.359384 20.499207 -54.375000 
18.632820 21.120301 -58.125000 
19.564461 19.567566 -52.500000


24.533213 -4.347658 -51.243750 
24.222666 -5.282404 -55.625000 
26.707042 -5.592951 -57.500000 
24.533213 -4.347658 -51.243750


29.505070 19.253914 -54.375000 
30.123059 17.704284 -51.250000 
31.675794 18.325378 -56.250000 
29.505070 19.253914 -54.375000


30.123059 17.704284 -51.250000 
32.607435 16.151549 -51.875000 
31.675794 18.325378 -56.250000 
30.123059 17.704284 -51.250000


33.539076 3.105470 -51.243750 
31.675794 0.307442 -56.875000 
34.160170 2.481271 -56.250000 
33.539076 3.105470 -51.243750


32.607435 16.151549 -51.875000 
34.781264 14.288267 -53.750000 
36.647651 13.042974 -56.875000 
32.607435 16.151549 -51.875000


34.781264 14.288267 -53.750000 
38.197281 11.493344 -53.750000 
36.647651 13.042974 -56.875000 
34.781264 14.288267 -53.750000


38.197281 11.493344 -53.750000 
39.750016 10.251156 -51.875000 
36.647651 13.042974 -56.875000 
38.197281 11.493344 -53.750000


6.828929 13.353521 -52.500000 
9.316410 15.530455 -52.500000 
5.586741 14.285162 -58.125000 
6.828929 13.353521 -52.500000


7.142581 11.487134 -52.500000 
6.521487 11.797681 -56.875000 
9.626957 10.555493 -54.375000 
7.142581 11.487134 -52.500000


8.381664 1.242188 -53.125000 
7.760570 -1.242188 -55.000000 
7.763675 -2.487481 -53.750000 
8.381664 1.242188 -53.125000


11.800786 18.946472 -55.625000 
8.695316 17.083190 -56.875000 
9.316410 15.530455 -52.500000 
11.800786 18.946472 -55.625000


12.108228 4.658205 -51.875000 
11.797681 7.763675 -53.750000 
11.490239 4.968752 -54.368750 
12.108228 4.658205 -51.875000


22.359384 20.499207 -54.375000 
26.707042 20.185555 -53.743750 
24.222666 20.809754 -56.875000 
22.359384 20.499207 -54.375000


26.707042 20.185555 -53.743750 
27.952335 19.253914 -51.250000 
28.259777 20.499207 -56.875000 
26.707042 20.185555 -53.743750


28.259777 20.499207 -56.875000 
27.952335 19.253914 -51.250000 
29.505070 19.253914 -54.375000 
28.259777 20.499207 -56.875000


33.539076 3.105470 -51.243750 
34.160170 2.481271 -56.250000 
35.091811 3.416017 -53.743750 
33.539076 3.105470 -51.243750


39.439469 5.897288 -53.125000 
36.644546 4.965647 -50.000000 
36.333999 3.726564 -56.243750 
39.439469 5.897288 -53.125000


9.316410 15.530455 -52.500000 
12.732427 18.635925 -51.250000 
11.800786 18.946472 -55.625000 
9.316410 15.530455 -52.500000


12.108228 4.658205 -51.875000 
11.490239 4.968752 -54.368750 
10.248051 3.105470 -53.743750 
12.108228 4.658205 -51.875000


12.732427 18.635925 -51.250000 
13.974615 19.567566 -55.000000 
11.800786 18.946472 -55.625000 
12.732427 18.635925 -51.250000


11.800786 -2.794923 -51.243750 
10.866040 -3.726564 -54.375000 
12.111333 -4.658205 -56.868750 
11.800786 -2.794923 -51.243750


21.117196 -4.037111 -49.993750 
16.769538 -4.661310 -54.375000 
20.806649 -5.279299 -56.868750 
21.117196 -4.037111 -49.993750


27.638683 -3.416017 -54.993750 
24.533213 -4.347658 -51.243750 
26.707042 -5.592951 -57.500000 
27.638683 -3.416017 -54.993750


27.017589 -3.416017 -51.243750 
24.533213 -4.347658 -51.243750 
27.638683 -3.416017 -54.993750 
27.017589 -3.416017 -51.243750


30.433606 -0.313652 -51.250000 
27.017589 -3.416017 -51.243750 
27.638683 -3.416017 -54.993750 
30.433606 -0.313652 -51.250000


29.194523 -2.173829 -57.500000 
30.433606 -0.313652 -51.250000 
27.638683 -3.416017 -54.993750 
29.194523 -2.173829 -57.500000


31.675794 0.307442 -56.875000 
31.986341 1.242188 -51.243750 
29.194523 -2.173829 -57.500000 
31.675794 0.307442 -56.875000


33.539076 3.105470 -51.243750 
31.986341 1.242188 -51.243750 
31.675794 0.307442 -56.875000 
33.539076 3.105470 -51.243750


40.992204 7.453128 -48.743750 
42.548044 6.521487 -56.875000 
39.750016 10.251156 -51.875000 
40.992204 7.453128 -48.743750


6.828929 13.353521 -52.500000 
6.521487 11.797681 -56.875000 
7.142581 11.487134 -52.500000 
6.828929 13.353521 -52.500000


9.005863 11.176587 -48.750000 
9.626957 10.555493 -54.375000 
11.797681 7.763675 -53.750000 
9.005863 11.176587 -48.750000


14.595709 -3.729669 -50.000000 
11.800786 -2.794923 -51.243750 
12.111333 -4.658205 -56.868750 
14.595709 -3.729669 -50.000000


14.595709 -3.729669 -50.000000 
12.111333 -4.658205 -56.868750 
16.769538 -4.661310 -54.375000 
14.595709 -3.729669 -50.000000


21.117196 -4.037111 -49.993750 
20.806649 -5.279299 -56.868750 
24.222666 -5.282404 -55.625000 
21.117196 -4.037111 -49.993750


31.986341 1.242188 -51.243750 
30.433606 -0.313652 -51.250000 
29.194523 -2.173829 -57.500000 
31.986341 1.242188 -51.243750


42.548044 6.521487 -56.875000 
40.060563 6.518382 -50.625000 
39.439469 5.897288 -53.125000 
42.548044 6.521487 -56.875000


10.248051 -2.173829 -51.243750 
7.763675 -2.487481 -53.750000 
9.937504 -3.105470 -54.368750 
10.248051 -2.173829 -51.243750


9.005863 11.176587 -48.750000 
7.142581 11.487134 -52.500000 
9.626957 10.555493 -54.375000 
9.005863 11.176587 -48.750000


9.934399 2.173829 -50.625000 
10.248051 3.105470 -53.743750 
8.381664 1.242188 -53.125000 
9.934399 2.173829 -50.625000


10.866040 -3.726564 -54.375000 
10.248051 -2.173829 -51.243750 
9.937504 -3.105470 -54.368750 
10.866040 -3.726564 -54.375000


12.732427 18.014831 -48.750000 
13.974615 19.567566 -55.000000 
12.732427 18.635925 -51.250000 
12.732427 18.014831 -48.750000


12.732427 18.014831 -48.750000 
15.527350 19.257019 -52.500000 
13.974615 19.567566 -55.000000 
12.732427 18.014831 -48.750000


21.117196 20.188660 -50.000000 
22.359384 20.499207 -54.375000 
19.564461 19.567566 -52.500000 
21.117196 20.188660 -50.000000


22.359384 20.499207 -54.375000 
25.154307 20.188660 -48.750000 
26.707042 20.185555 -53.743750 
22.359384 20.499207 -54.375000


27.952335 19.253914 -51.250000 
30.123059 17.704284 -51.250000 
29.505070 19.253914 -54.375000 
27.952335 19.253914 -51.250000


35.091811 3.416017 -53.743750 
36.333999 3.726564 -56.243750 
36.644546 4.965647 -50.000000 
35.091811 3.416017 -53.743750


38.200386 12.421880 -49.375000 
38.197281 11.493344 -53.750000 
34.781264 14.288267 -53.750000 
38.200386 12.421880 -49.375000


40.992204 7.453128 -48.743750 
40.060563 6.518382 -50.625000 
42.548044 6.521487 -56.875000 
40.992204 7.453128 -48.743750


12.732427 18.635925 -51.250000 
9.316410 15.530455 -52.500000 
9.937504 16.151549 -50.000000 
12.732427 18.635925 -51.250000


10.248051 -2.173829 -51.243750 
10.866040 -3.726564 -54.375000 
11.800786 -2.794923 -51.243750 
10.248051 -2.173829 -51.243750


11.487134 9.005863 -48.750000 
9.005863 11.176587 -48.750000 
11.797681 7.763675 -53.750000 
11.487134 9.005863 -48.750000


12.108228 5.900393 -46.250000 
11.797681 7.763675 -53.750000 
12.108228 4.658205 -51.875000 
12.108228 5.900393 -46.250000


16.769538 -3.726564 -49.993750 
14.595709 -3.729669 -50.000000 
16.769538 -4.661310 -54.375000 
16.769538 -3.726564 -49.993750


16.769538 -3.726564 -49.993750 
16.769538 -4.661310 -54.375000 
21.117196 -4.037111 -49.993750 
16.769538 -3.726564 -49.993750


24.533213 -4.347658 -51.243750 
21.117196 -4.037111 -49.993750 
24.222666 -5.282404 -55.625000 
24.533213 -4.347658 -51.243750


39.439469 5.897288 -53.125000 
40.060563 6.518382 -50.625000 
36.644546 4.965647 -50.000000 
39.439469 5.897288 -53.125000


11.487134 9.005863 -48.750000 
11.797681 7.763675 -53.750000 
12.108228 5.900393 -46.250000 
11.487134 9.005863 -48.750000


21.117196 20.188660 -50.000000 
22.669931 20.188660 -45.625000 
22.359384 20.499207 -54.375000 
21.117196 20.188660 -50.000000


24.533213 -4.347658 -51.243750 
22.359384 -3.416017 -48.743750 
21.117196 -4.037111 -49.993750 
24.533213 -4.347658 -51.243750


26.396495 -2.176934 -50.000000 
24.533213 -4.347658 -51.243750 
27.017589 -3.416017 -51.243750 
26.396495 -2.176934 -50.000000


25.154307 20.188660 -48.750000 
27.952335 19.253914 -51.250000 
26.707042 20.185555 -53.743750 
25.154307 20.188660 -48.750000


30.433606 -0.313652 -51.250000 
26.396495 -2.176934 -50.000000 
27.017589 -3.416017 -51.243750 
30.433606 -0.313652 -51.250000


38.197281 11.493344 -53.750000 
38.200386 12.421880 -49.375000 
39.750016 10.251156 -51.875000 
38.197281 11.493344 -53.750000


7.453128 12.732427 -44.368750 
6.828929 13.353521 -52.500000 
7.142581 11.487134 -52.500000 
7.453128 12.732427 -44.368750


8.381664 -0.621094 -48.125000 
7.763675 -2.487481 -53.750000 
10.248051 -2.173829 -51.243750 
8.381664 -0.621094 -48.125000


9.934399 2.173829 -50.625000 
12.108228 4.658205 -51.875000 
10.248051 3.105470 -53.743750 
9.934399 2.173829 -50.625000


14.906256 19.257019 -48.750000 
19.564461 19.567566 -52.500000 
15.527350 19.257019 -52.500000 
14.906256 19.257019 -48.750000


28.880871 0.310547 -48.743750 
27.328136 -0.621094 -48.743750 
30.433606 -0.313652 -51.250000 
28.880871 0.310547 -48.743750


30.123059 17.704284 -51.250000 
31.986341 17.393737 -48.750000 
32.607435 16.151549 -51.875000 
30.123059 17.704284 -51.250000


31.986341 17.393737 -48.750000 
33.849623 16.462096 -48.125000 
32.607435 16.151549 -51.875000 
31.986341 17.393737 -48.750000


32.607435 16.151549 -51.875000 
33.849623 16.462096 -48.125000 
34.781264 14.288267 -53.750000 
32.607435 16.151549 -51.875000


40.060563 6.518382 -50.625000 
37.886734 6.521487 -47.493750 
36.644546 4.965647 -50.000000 
40.060563 6.518382 -50.625000


11.800786 17.390632 -43.743750 
12.732427 18.014831 -48.750000 
12.732427 18.635925 -51.250000 
11.800786 17.390632 -43.743750


12.732427 -0.934746 -47.500000 
11.800786 -2.794923 -51.243750 
14.595709 -3.729669 -50.000000 
12.732427 -0.934746 -47.500000


12.732427 18.014831 -48.750000 
14.906256 19.257019 -48.750000 
15.527350 19.257019 -52.500000 
12.732427 18.014831 -48.750000


16.769538 -3.726564 -49.993750 
16.769538 -3.416017 -48.743750 
14.595709 -3.729669 -50.000000 
16.769538 -3.726564 -49.993750


21.117196 -4.037111 -49.993750 
16.769538 -3.416017 -48.743750 
16.769538 -3.726564 -49.993750 
21.117196 -4.037111 -49.993750


19.253914 19.878113 -46.875000 
19.564461 19.567566 -52.500000 
14.906256 19.257019 -48.750000 
19.253914 19.878113 -46.875000


22.359384 -3.416017 -48.743750 
19.564461 -3.726564 -48.743750 
21.117196 -4.037111 -49.993750 
22.359384 -3.416017 -48.743750


24.843760 -2.487481 -47.500000 
24.533213 -4.347658 -51.243750 
26.396495 -2.176934 -50.000000 
24.843760 -2.487481 -47.500000


25.154307 20.188660 -48.750000 
28.880871 18.943367 -44.993750 
27.952335 19.253914 -51.250000 
25.154307 20.188660 -48.750000


27.328136 -0.621094 -48.743750 
26.396495 -2.176934 -50.000000 
30.433606 -0.313652 -51.250000 
27.328136 -0.621094 -48.743750


30.433606 -0.313652 -51.250000 
31.986341 2.484376 -48.743750 
28.880871 0.310547 -48.743750 
30.433606 -0.313652 -51.250000


31.986341 1.242188 -51.243750 
31.986341 2.484376 -48.743750 
30.433606 -0.313652 -51.250000 
31.986341 1.242188 -51.243750


32.917982 3.723459 -47.500000 
31.986341 2.484376 -48.743750 
31.986341 1.242188 -51.243750 
32.917982 3.723459 -47.500000


33.539076 3.105470 -51.243750 
32.917982 3.723459 -47.500000 
31.986341 1.242188 -51.243750 
33.539076 3.105470 -51.243750


32.917982 3.723459 -47.500000 
33.539076 3.105470 -51.243750 
35.091811 3.416017 -53.743750 
32.917982 3.723459 -47.500000


35.402358 5.900393 -45.618750 
32.917982 3.723459 -47.500000 
35.091811 3.416017 -53.743750 
35.402358 5.900393 -45.618750


36.644546 4.965647 -50.000000 
35.402358 5.900393 -45.618750 
35.091811 3.416017 -53.743750 
36.644546 4.965647 -50.000000


34.781264 14.288267 -53.750000 
35.716010 14.285162 -45.000000 
38.200386 12.421880 -49.375000 
34.781264 14.288267 -53.750000


40.992204 7.453128 -48.743750 
37.886734 6.521487 -47.493750 
40.060563 6.518382 -50.625000 
40.992204 7.453128 -48.743750


8.381664 -0.621094 -48.125000 
8.381664 1.242188 -53.125000 
7.763675 -2.487481 -53.750000 
8.381664 -0.621094 -48.125000


11.797681 3.726564 -47.500000 
12.108228 4.658205 -51.875000 
9.934399 2.173829 -50.625000 
11.797681 3.726564 -47.500000


11.800786 -2.794923 -51.243750 
12.732427 -0.934746 -47.500000 
10.248051 -2.173829 -51.243750 
11.800786 -2.794923 -51.243750


12.732427 -0.934746 -47.500000 
14.595709 -3.729669 -50.000000 
14.285162 -2.173829 -48.743750 
12.732427 -0.934746 -47.500000


16.769538 -3.416017 -48.743750 
14.285162 -2.173829 -48.743750 
14.595709 -3.729669 -50.000000 
16.769538 -3.416017 -48.743750


19.564461 -3.726564 -48.743750 
16.769538 -3.416017 -48.743750 
21.117196 -4.037111 -49.993750 
19.564461 -3.726564 -48.743750


22.669931 20.188660 -45.625000 
25.154307 20.188660 -48.750000 
22.359384 20.499207 -54.375000 
22.669931 20.188660 -45.625000


24.843760 -2.487481 -47.500000 
22.359384 -3.416017 -48.743750 
24.533213 -4.347658 -51.243750 
24.843760 -2.487481 -47.500000


28.880871 18.943367 -44.993750 
30.123059 17.704284 -51.250000 
27.952335 19.253914 -51.250000 
28.880871 18.943367 -44.993750


35.716010 14.285162 -45.000000 
37.886734 11.800786 -46.243750 
38.200386 12.421880 -49.375000 
35.716010 14.285162 -45.000000


40.063668 9.005863 -47.500000 
40.992204 7.453128 -48.743750 
39.750016 10.251156 -51.875000 
40.063668 9.005863 -47.500000


8.074222 14.285162 -44.368750 
9.316410 15.530455 -52.500000 
6.828929 13.353521 -52.500000 
8.074222 14.285162 -44.368750


7.453128 12.732427 -44.368750 
7.142581 11.487134 -52.500000 
9.005863 11.176587 -48.750000 
7.453128 12.732427 -44.368750


8.381664 -0.621094 -48.125000 
9.934399 2.173829 -50.625000 
8.381664 1.242188 -53.125000 
8.381664 -0.621094 -48.125000


12.421880 0.310547 -43.118750 
10.248051 -2.173829 -51.243750 
12.732427 -0.934746 -47.500000 
12.421880 0.310547 -43.118750


12.108228 5.900393 -46.250000 
12.108228 4.658205 -51.875000 
11.797681 3.726564 -47.500000 
12.108228 5.900393 -46.250000


9.937504 16.151549 -50.000000 
11.800786 17.390632 -43.743750 
12.732427 18.635925 -51.250000 
9.937504 16.151549 -50.000000


16.769538 -3.416017 -48.743750 
16.148444 -1.555840 -46.875000 
14.285162 -2.173829 -48.743750 
16.769538 -3.416017 -48.743750


18.011726 -2.484376 -47.493750 
16.148444 -1.555840 -46.875000 
16.769538 -3.416017 -48.743750 
18.011726 -2.484376 -47.493750


19.564461 -3.726564 -48.743750 
18.011726 -2.484376 -47.493750 
16.769538 -3.416017 -48.743750 
19.564461 -3.726564 -48.743750


19.253914 19.878113 -46.875000 
21.117196 20.188660 -50.000000 
19.564461 19.567566 -52.500000 
19.253914 19.878113 -46.875000


20.806649 -2.484376 -46.868750 
19.564461 -3.726564 -48.743750 
22.359384 -3.416017 -48.743750 
20.806649 -2.484376 -46.868750


24.843760 -2.487481 -47.500000 
22.359384 -2.794923 -46.868750 
22.359384 -3.416017 -48.743750 
24.843760 -2.487481 -47.500000


28.880871 0.310547 -48.743750 
29.191418 1.242188 -47.493750 
27.328136 -0.621094 -48.743750 
28.880871 0.310547 -48.743750


29.191418 1.242188 -47.493750 
28.880871 0.310547 -48.743750 
31.986341 2.484376 -48.743750 
29.191418 1.242188 -47.493750


30.744153 3.102365 -44.375000 
29.191418 1.242188 -47.493750 
31.986341 2.484376 -48.743750 
30.744153 3.102365 -44.375000


30.123059 17.704284 -51.250000 
30.744153 18.011726 -44.993750 
31.986341 17.393737 -48.750000 
30.123059 17.704284 -51.250000


32.917982 3.723459 -47.500000 
30.744153 3.102365 -44.375000 
31.986341 2.484376 -48.743750 
32.917982 3.723459 -47.500000


38.200386 12.421880 -49.375000 
40.063668 9.005863 -47.500000 
39.750016 10.251156 -51.875000 
38.200386 12.421880 -49.375000


8.074222 14.285162 -44.368750 
6.828929 13.353521 -52.500000 
7.453128 12.732427 -44.368750 
8.074222 14.285162 -44.368750


9.313305 2.173829 -45.000000 
9.934399 2.173829 -50.625000 
8.381664 -0.621094 -48.125000 
9.313305 2.173829 -45.000000


12.421880 0.310547 -43.118750 
8.381664 -0.621094 -48.125000 
10.248051 -2.173829 -51.243750 
12.421880 0.310547 -43.118750


22.359384 -2.794923 -46.868750 
20.806649 -2.484376 -46.868750 
22.359384 -3.416017 -48.743750 
22.359384 -2.794923 -46.868750


22.669931 20.188660 -45.625000 
24.222666 20.185555 -44.368750 
25.154307 20.188660 -48.750000 
22.669931 20.188660 -45.625000


24.843760 -2.487481 -47.500000 
26.396495 -2.176934 -50.000000 
27.328136 -0.621094 -48.743750 
24.843760 -2.487481 -47.500000


28.880871 18.943367 -44.993750 
30.744153 18.011726 -44.993750 
30.123059 17.704284 -51.250000 
28.880871 18.943367 -44.993750


33.849623 16.148444 -44.993750 
33.849623 16.462096 -48.125000 
31.986341 17.393737 -48.750000 
33.849623 16.148444 -44.993750


36.644546 6.521487 -46.243750 
36.644546 4.965647 -50.000000 
37.886734 6.521487 -47.493750 
36.644546 6.521487 -46.243750


37.886734 11.800786 -46.243750 
38.507828 10.558598 -46.243750 
38.200386 12.421880 -49.375000 
37.886734 11.800786 -46.243750


7.453128 12.732427 -44.368750 
9.005863 11.176587 -48.750000 
9.005863 11.487134 -44.375000 
7.453128 12.732427 -44.368750


8.074222 14.285162 -44.368750 
9.937504 16.151549 -50.000000 
9.316410 15.530455 -52.500000 
8.074222 14.285162 -44.368750


11.797681 3.726564 -47.500000 
9.934399 2.173829 -50.625000 
9.313305 2.173829 -45.000000 
11.797681 3.726564 -47.500000


9.937504 16.148444 -44.368750 
9.937504 16.151549 -50.000000 
8.074222 14.285162 -44.368750 
9.937504 16.148444 -44.368750


13.042974 8.384769 -43.743750 
9.005863 11.176587 -48.750000 
11.487134 9.005863 -48.750000 
13.042974 8.384769 -43.743750


9.937504 16.148444 -44.368750 
11.800786 17.390632 -43.743750 
9.937504 16.151549 -50.000000 
9.937504 16.148444 -44.368750


14.285162 -0.310547 -43.743750 
12.732427 -0.934746 -47.500000 
14.285162 -2.173829 -48.743750 
14.285162 -0.310547 -43.743750


19.564461 -3.726564 -48.743750 
20.806649 -2.484376 -46.868750 
18.011726 -2.484376 -47.493750 
19.564461 -3.726564 -48.743750


35.402358 5.900393 -45.618750 
33.849623 4.655100 -45.000000 
32.917982 3.723459 -47.500000 
35.402358 5.900393 -45.618750


33.849623 16.462096 -48.125000 
35.716010 14.285162 -45.000000 
34.781264 14.288267 -53.750000 
33.849623 16.462096 -48.125000


40.063668 9.005863 -47.500000 
36.644546 6.521487 -46.243750 
37.886734 6.521487 -47.493750 
40.063668 9.005863 -47.500000


38.507828 10.558598 -46.243750 
40.063668 9.005863 -47.500000 
38.200386 12.421880 -49.375000 
38.507828 10.558598 -46.243750


40.063668 9.005863 -47.500000 
37.886734 6.521487 -47.493750 
40.992204 7.453128 -48.743750 
40.063668 9.005863 -47.500000


9.313305 2.173829 -45.000000 
8.381664 -0.621094 -48.125000 
9.005863 0.307442 -45.000000 
9.313305 2.173829 -45.000000


9.005863 0.307442 -45.000000 
8.381664 -0.621094 -48.125000 
12.421880 0.310547 -43.118750 
9.005863 0.307442 -45.000000


14.592604 19.253914 -43.125000 
14.906256 19.257019 -48.750000 
12.732427 18.014831 -48.750000 
14.592604 19.253914 -43.125000


16.148444 -1.555840 -46.875000 
14.285162 -0.310547 -43.743750 
14.285162 -2.173829 -48.743750 
16.148444 -1.555840 -46.875000


14.906256 19.257019 -48.750000 
16.148444 19.878113 -44.375000 
19.253914 19.878113 -46.875000 
14.906256 19.257019 -48.750000


24.222666 20.185555 -44.368750 
26.707042 19.564461 -44.368750 
25.154307 20.188660 -48.750000 
24.222666 20.185555 -44.368750


25.154307 20.188660 -48.750000 
26.707042 19.564461 -44.368750 
28.880871 18.943367 -44.993750 
25.154307 20.188660 -48.750000


29.501965 2.484376 -43.743750 
29.191418 1.242188 -47.493750 
30.744153 3.102365 -44.375000 
29.501965 2.484376 -43.743750


35.402358 5.900393 -45.618750 
36.644546 4.965647 -50.000000 
36.644546 6.521487 -46.243750 
35.402358 5.900393 -45.618750


38.507828 10.558598 -46.243750 
36.644546 6.521487 -46.243750 
40.063668 9.005863 -47.500000 
38.507828 10.558598 -46.243750


9.313305 2.173829 -45.000000 
11.490239 3.416017 -43.743750 
11.797681 3.726564 -47.500000 
9.313305 2.173829 -45.000000


12.732427 5.900393 -44.368750 
12.108228 5.900393 -46.250000 
11.797681 3.726564 -47.500000 
12.732427 5.900393 -44.368750


13.042974 8.384769 -43.743750 
11.487134 9.005863 -48.750000 
12.108228 5.900393 -46.250000 
13.042974 8.384769 -43.743750


11.800786 17.390632 -43.743750 
14.592604 19.253914 -43.125000 
12.732427 18.014831 -48.750000 
11.800786 17.390632 -43.743750


19.253914 19.878113 -46.875000 
22.669931 20.188660 -45.625000 
21.117196 20.188660 -50.000000 
19.253914 19.878113 -46.875000


31.986341 17.393737 -48.750000 
30.744153 18.011726 -44.993750 
33.849623 16.148444 -44.993750 
31.986341 17.393737 -48.750000


33.849623 16.148444 -44.993750 
35.716010 14.285162 -45.000000 
33.849623 16.462096 -48.125000 
33.849623 16.148444 -44.993750


38.507828 10.558598 -46.243750 
36.333999 10.869145 -46.243750 
36.644546 6.521487 -46.243750 
38.507828 10.558598 -46.243750


37.886734 11.800786 -46.243750 
36.333999 10.869145 -46.243750 
38.507828 10.558598 -46.243750 
37.886734 11.800786 -46.243750


9.005863 11.487134 -44.375000 
9.005863 11.176587 -48.750000 
11.490239 10.248051 -43.743750 
9.005863 11.487134 -44.375000


9.005863 11.176587 -48.750000 
13.042974 8.384769 -43.743750 
11.490239 10.248051 -43.743750 
9.005863 11.176587 -48.750000


11.490239 3.416017 -43.743750 
12.732427 5.900393 -44.368750 
11.797681 3.726564 -47.500000 
11.490239 3.416017 -43.743750


16.769538 -1.245293 -43.750000 
16.148444 -1.555840 -46.875000 
18.011726 -2.484376 -47.493750 
16.769538 -1.245293 -43.750000


20.806649 -2.484376 -46.868750 
16.769538 -1.245293 -43.750000 
18.011726 -2.484376 -47.493750 
20.806649 -2.484376 -46.868750


21.117196 -1.242188 -42.493750 
20.806649 -2.484376 -46.868750 
22.359384 -2.794923 -46.868750 
21.117196 -1.242188 -42.493750


29.191418 1.242188 -47.493750 
26.707042 -0.310547 -43.743750 
27.328136 -0.621094 -48.743750 
29.191418 1.242188 -47.493750


36.333999 10.869145 -46.243750 
35.091811 13.664068 -45.618750 
35.402358 5.900393 -45.618750 
36.333999 10.869145 -46.243750


36.333999 10.869145 -46.243750 
35.402358 5.900393 -45.618750 
36.644546 6.521487 -46.243750 
36.333999 10.869145 -46.243750


35.091811 13.664068 -45.618750 
36.333999 10.869145 -46.243750 
37.886734 11.800786 -46.243750 
35.091811 13.664068 -45.618750


37.886734 11.800786 -46.243750 
35.716010 14.285162 -45.000000 
35.091811 13.664068 -45.618750 
37.886734 11.800786 -46.243750


9.313305 2.173829 -45.000000 
9.005863 0.307442 -45.000000 
9.316410 0.621094 -42.493750 
9.313305 2.173829 -45.000000


12.732427 5.900393 -44.368750 
13.042974 8.384769 -43.743750 
12.108228 5.900393 -46.250000 
12.732427 5.900393 -44.368750


16.769538 -1.245293 -43.750000 
14.285162 -0.310547 -43.743750 
16.148444 -1.555840 -46.875000 
16.769538 -1.245293 -43.750000


16.148444 19.878113 -44.375000 
14.906256 19.257019 -48.750000 
14.592604 19.253914 -43.125000 
16.148444 19.878113 -44.375000


16.148444 19.878113 -44.375000 
18.632820 19.875008 -43.118750 
19.253914 19.878113 -46.875000 
16.148444 19.878113 -44.375000


18.322273 -0.621094 -43.118750 
16.769538 -1.245293 -43.750000 
21.117196 -1.242188 -42.493750 
18.322273 -0.621094 -43.118750


21.117196 -1.242188 -42.493750 
16.769538 -1.245293 -43.750000 
20.806649 -2.484376 -46.868750 
21.117196 -1.242188 -42.493750


20.496102 19.253914 -43.743750 
24.222666 20.185555 -44.368750 
22.669931 20.188660 -45.625000 
20.496102 19.253914 -43.743750


26.707042 -0.310547 -43.743750 
24.843760 -2.487481 -47.500000 
27.328136 -0.621094 -48.743750 
26.707042 -0.310547 -43.743750


29.501965 2.484376 -43.743750 
26.707042 -0.310547 -43.743750 
29.191418 1.242188 -47.493750 
29.501965 2.484376 -43.743750


26.707042 19.564461 -44.368750 
28.880871 16.769538 -44.368750 
28.880871 18.943367 -44.993750 
26.707042 19.564461 -44.368750


30.744153 18.011726 -44.993750 
28.880871 18.943367 -44.993750 
28.880871 16.769538 -44.368750 
30.744153 18.011726 -44.993750


30.744153 18.011726 -44.993750 
28.880871 16.769538 -44.368750 
31.986341 15.216803 -44.368750 
30.744153 18.011726 -44.993750


31.986341 15.216803 -44.368750 
28.880871 16.769538 -44.368750 
30.123059 14.285162 -44.368750 
31.986341 15.216803 -44.368750


33.849623 4.655100 -45.000000 
30.744153 3.102365 -44.375000 
32.917982 3.723459 -47.500000 
33.849623 4.655100 -45.000000


33.539076 13.042974 -44.368750 
30.123059 14.285162 -44.368750 
32.917982 10.558598 -43.743750 
33.539076 13.042974 -44.368750


30.744153 18.011726 -44.993750 
31.986341 15.216803 -44.368750 
33.539076 13.042974 -44.368750 
30.744153 18.011726 -44.993750


35.091811 13.664068 -45.618750 
33.539076 13.042974 -44.368750 
33.849623 4.655100 -45.000000 
35.091811 13.664068 -45.618750


35.091811 13.664068 -45.618750 
33.849623 4.655100 -45.000000 
35.402358 5.900393 -45.618750 
35.091811 13.664068 -45.618750


35.716010 14.285162 -45.000000 
33.539076 13.042974 -44.368750 
35.091811 13.664068 -45.618750 
35.716010 14.285162 -45.000000


35.716010 14.285162 -45.000000 
30.744153 18.011726 -44.993750 
33.539076 13.042974 -44.368750 
35.716010 14.285162 -45.000000


35.716010 14.285162 -45.000000 
33.849623 16.148444 -44.993750 
30.744153 18.011726 -44.993750 
35.716010 14.285162 -45.000000


8.074222 14.285162 -44.368750 
7.453128 12.732427 -44.368750 
9.005863 11.487134 -44.375000 
8.074222 14.285162 -44.368750


9.005863 11.487134 -44.375000 
9.937504 16.148444 -44.368750 
8.074222 14.285162 -44.368750 
9.005863 11.487134 -44.375000


11.490239 3.416017 -43.743750 
9.313305 2.173829 -45.000000 
9.316410 0.621094 -42.493750 
11.490239 3.416017 -43.743750


12.421880 0.310547 -43.118750 
12.732427 -0.934746 -47.500000 
14.285162 -0.310547 -43.743750 
12.421880 0.310547 -43.118750


19.253914 19.878113 -46.875000 
18.632820 19.875008 -43.118750 
22.669931 20.188660 -45.625000 
19.253914 19.878113 -46.875000


24.843760 -1.866387 -42.500000 
22.359384 -2.794923 -46.868750 
24.843760 -2.487481 -47.500000 
24.843760 -1.866387 -42.500000


26.085948 17.701179 -43.743750 
24.222666 20.185555 -44.368750 
23.291025 18.011726 -43.743750 
26.085948 17.701179 -43.743750


26.707042 19.564461 -44.368750 
24.222666 20.185555 -44.368750 
26.085948 17.701179 -43.743750 
26.707042 19.564461 -44.368750


26.085948 17.701179 -43.743750 
29.191418 14.285162 -43.743750 
28.880871 16.769538 -44.368750 
26.085948 17.701179 -43.743750


26.707042 19.564461 -44.368750 
26.085948 17.701179 -43.743750 
28.880871 16.769538 -44.368750 
26.707042 19.564461 -44.368750


30.123059 14.285162 -44.368750 
28.880871 16.769538 -44.368750 
29.191418 14.285162 -43.743750 
30.123059 14.285162 -44.368750


32.917982 10.558598 -43.743750 
30.123059 14.285162 -44.368750 
30.744153 8.695316 -43.743750 
32.917982 10.558598 -43.743750


31.986341 15.216803 -44.368750 
30.123059 14.285162 -44.368750 
33.539076 13.042974 -44.368750 
31.986341 15.216803 -44.368750


33.849623 4.655100 -45.000000 
31.986341 5.900393 -43.743750 
30.744153 3.102365 -44.375000 
33.849623 4.655100 -45.000000


33.539076 13.042974 -44.368750 
31.986341 5.900393 -43.743750 
33.849623 4.655100 -45.000000 
33.539076 13.042974 -44.368750


33.539076 13.042974 -44.368750 
32.917982 10.558598 -43.743750 
31.986341 5.900393 -43.743750 
33.539076 13.042974 -44.368750


12.421880 0.310547 -43.118750 
9.316410 0.621094 -42.493750 
9.005863 0.307442 -45.000000 
12.421880 0.310547 -43.118750


11.490239 3.416017 -43.743750 
9.316410 0.621094 -42.493750 
12.421880 0.310547 -43.118750 
11.490239 3.416017 -43.743750


12.732427 11.490239 -43.743750 
9.005863 11.487134 -44.375000 
11.490239 10.248051 -43.743750 
12.732427 11.490239 -43.743750


12.732427 11.490239 -43.743750 
9.937504 16.148444 -44.368750 
9.005863 11.487134 -44.375000 
12.732427 11.490239 -43.743750


13.353521 13.664068 -43.743750 
9.937504 16.148444 -44.368750 
12.732427 11.490239 -43.743750 
13.353521 13.664068 -43.743750


13.353521 13.664068 -43.743750 
11.800786 17.390632 -43.743750 
9.937504 16.148444 -44.368750 
13.353521 13.664068 -43.743750


12.732427 3.416017 -43.743750 
11.490239 3.416017 -43.743750 
12.421880 0.310547 -43.118750 
12.732427 3.416017 -43.743750


14.285162 -0.310547 -43.743750 
12.732427 3.416017 -43.743750 
12.421880 0.310547 -43.118750 
14.285162 -0.310547 -43.743750


13.042974 8.384769 -43.743750 
12.732427 5.900393 -44.368750 
12.732427 3.416017 -43.743750 
13.042974 8.384769 -43.743750


12.732427 11.490239 -43.743750 
11.490239 10.248051 -43.743750 
13.042974 8.384769 -43.743750 
12.732427 11.490239 -43.743750


14.595709 11.490239 -42.493750 
12.732427 11.490239 -43.743750 
13.042974 8.384769 -43.743750 
14.595709 11.490239 -42.493750


14.595709 11.490239 -42.493750 
13.353521 13.664068 -43.743750 
12.732427 11.490239 -43.743750 
14.595709 11.490239 -42.493750


16.769538 16.148444 -42.493750 
13.353521 13.664068 -43.743750 
14.595709 11.490239 -42.493750 
16.769538 16.148444 -42.493750


15.527350 0.931641 -43.743750 
12.732427 3.416017 -43.743750 
14.285162 -0.310547 -43.743750 
15.527350 0.931641 -43.743750


16.769538 16.148444 -42.493750 
15.837897 16.458991 -43.743750 
13.353521 13.664068 -43.743750 
16.769538 16.148444 -42.493750


20.496102 1.552735 -43.743750 
13.042974 8.384769 -43.743750 
12.732427 3.416017 -43.743750 
20.496102 1.552735 -43.743750


13.660963 8.384769 -43.125000 
13.042974 8.384769 -43.743750 
18.632820 4.347658 -43.743750 
13.660963 8.384769 -43.125000


20.496102 1.552735 -43.743750 
12.732427 3.416017 -43.743750 
15.527350 0.931641 -43.743750 
20.496102 1.552735 -43.743750


18.632820 4.347658 -43.743750 
13.042974 8.384769 -43.743750 
20.496102 1.552735 -43.743750 
18.632820 4.347658 -43.743750


15.527350 0.931641 -43.743750 
14.285162 -0.310547 -43.743750 
16.769538 -1.245293 -43.750000 
15.527350 0.931641 -43.743750


18.632820 19.875008 -43.118750 
16.148444 19.878113 -44.375000 
14.592604 19.253914 -43.125000 
18.632820 19.875008 -43.118750


16.769538 16.148444 -42.493750 
18.632820 17.393737 -42.500000 
15.837897 16.458991 -43.743750 
16.769538 16.148444 -42.493750


18.322273 17.701179 -43.743750 
15.837897 16.458991 -43.743750 
18.632820 17.393737 -42.500000 
18.322273 17.701179 -43.743750


20.806649 0.931641 -43.118750 
20.496102 1.552735 -43.743750 
15.527350 0.931641 -43.743750 
20.806649 0.931641 -43.118750


20.496102 19.253914 -43.743750 
18.322273 17.701179 -43.743750 
23.291025 18.011726 -43.743750 
20.496102 19.253914 -43.743750


18.632820 19.875008 -43.118750 
20.496102 19.253914 -43.743750 
22.669931 20.188660 -45.625000 
18.632820 19.875008 -43.118750


22.980478 2.794923 -43.743750 
18.632820 4.347658 -43.743750 
20.496102 1.552735 -43.743750 
22.980478 2.794923 -43.743750


24.843760 -1.866387 -42.500000 
21.117196 -1.242188 -42.493750 
22.359384 -2.794923 -46.868750 
24.843760 -1.866387 -42.500000


22.980478 2.794923 -43.743750 
24.222666 5.279299 -43.743750 
18.632820 4.347658 -43.743750 
22.980478 2.794923 -43.743750


23.291025 18.011726 -43.743750 
24.222666 20.185555 -44.368750 
20.496102 19.253914 -43.743750 
23.291025 18.011726 -43.743750


25.464854 4.347658 -43.743750 
24.222666 5.279299 -43.743750 
22.980478 2.794923 -43.743750 
25.464854 4.347658 -43.743750


25.464854 4.347658 -43.743750 
25.154307 7.142581 -43.743750 
24.222666 5.279299 -43.743750 
25.464854 4.347658 -43.743750


26.707042 -0.310547 -43.743750 
24.843760 -1.866387 -42.500000 
24.843760 -2.487481 -47.500000 
26.707042 -0.310547 -43.743750


23.291025 18.011726 -43.743750 
24.843760 15.216803 -42.493750 
26.085948 17.701179 -43.743750 
23.291025 18.011726 -43.743750


29.501965 7.453128 -43.118750 
25.154307 7.142581 -43.743750 
25.464854 4.347658 -43.743750 
29.501965 7.453128 -43.118750


26.085948 17.701179 -43.743750 
26.707042 13.664068 -43.118750 
26.707042 10.558598 -43.743750 
26.085948 17.701179 -43.743750


28.259777 4.968752 -42.493750 
29.501965 7.453128 -43.118750 
25.464854 4.347658 -43.743750 
28.259777 4.968752 -42.493750


29.501965 7.453128 -43.118750 
26.707042 10.558598 -43.743750 
25.154307 7.142581 -43.743750 
29.501965 7.453128 -43.118750


26.085948 17.701179 -43.743750 
26.707042 10.558598 -43.743750 
29.191418 14.285162 -43.743750 
26.085948 17.701179 -43.743750


30.744153 8.695316 -43.743750 
26.707042 10.558598 -43.743750 
29.501965 7.453128 -43.118750 
30.744153 8.695316 -43.743750


30.123059 14.285162 -44.368750 
29.191418 14.285162 -43.743750 
26.707042 10.558598 -43.743750 
30.123059 14.285162 -44.368750


30.744153 8.695316 -43.743750 
30.123059 14.285162 -44.368750 
26.707042 10.558598 -43.743750 
30.744153 8.695316 -43.743750


30.744153 3.102365 -44.375000 
30.433606 5.900393 -43.743750 
29.501965 2.484376 -43.743750 
30.744153 3.102365 -44.375000


30.744153 3.102365 -44.375000 
31.986341 5.900393 -43.743750 
30.433606 5.900393 -43.743750 
30.744153 3.102365 -44.375000


31.986341 5.900393 -43.743750 
30.744153 8.695316 -43.743750 
30.433606 5.900393 -43.743750 
31.986341 5.900393 -43.743750


31.986341 5.900393 -43.743750 
32.917982 10.558598 -43.743750 
30.744153 8.695316 -43.743750 
31.986341 5.900393 -43.743750


12.732427 3.416017 -43.743750 
12.732427 5.900393 -44.368750 
11.490239 3.416017 -43.743750 
12.732427 3.416017 -43.743750


13.660963 8.384769 -43.125000 
14.595709 11.490239 -42.493750 
13.042974 8.384769 -43.743750 
13.660963 8.384769 -43.125000


15.837897 16.458991 -43.743750 
11.800786 17.390632 -43.743750 
13.353521 13.664068 -43.743750 
15.837897 16.458991 -43.743750


15.837897 16.458991 -43.743750 
14.592604 19.253914 -43.125000 
11.800786 17.390632 -43.743750 
15.837897 16.458991 -43.743750


15.837897 9.005863 -42.493750 
13.660963 8.384769 -43.125000 
18.632820 4.347658 -43.743750 
15.837897 9.005863 -42.493750


18.322273 17.701179 -43.743750 
14.592604 19.253914 -43.125000 
15.837897 16.458991 -43.743750 
18.322273 17.701179 -43.743750


18.322273 17.701179 -43.743750 
18.632820 19.875008 -43.118750 
14.592604 19.253914 -43.125000 
18.322273 17.701179 -43.743750


18.322273 -0.621094 -43.118750 
15.527350 0.931641 -43.743750 
16.769538 -1.245293 -43.750000 
18.322273 -0.621094 -43.118750


20.496102 19.253914 -43.743750 
18.632820 19.875008 -43.118750 
18.322273 17.701179 -43.743750 
20.496102 19.253914 -43.743750


20.806649 0.931641 -43.118750 
15.527350 0.931641 -43.743750 
18.322273 -0.621094 -43.118750 
20.806649 0.931641 -43.118750


20.806649 0.931641 -43.118750 
18.322273 -0.621094 -43.118750 
21.117196 -1.242188 -42.493750 
20.806649 0.931641 -43.118750


24.222666 5.279299 -43.743750 
21.738290 6.832034 -42.493750 
18.632820 4.347658 -43.743750 
24.222666 5.279299 -43.743750


18.322273 17.701179 -43.743750 
22.048837 17.080085 -42.493750 
23.291025 18.011726 -43.743750 
18.322273 17.701179 -43.743750


25.154307 7.142581 -43.743750 
21.738290 6.832034 -42.493750 
24.222666 5.279299 -43.743750 
25.154307 7.142581 -43.743750


27.017589 2.484376 -42.493750 
22.669931 0.931641 -42.493750 
26.707042 -0.310547 -43.743750 
27.017589 2.484376 -42.493750


23.912119 2.484376 -42.493750 
25.464854 4.347658 -43.743750 
22.980478 2.794923 -43.743750 
23.912119 2.484376 -42.493750


22.669931 0.931641 -42.493750 
24.843760 -1.866387 -42.500000 
26.707042 -0.310547 -43.743750 
22.669931 0.931641 -42.493750


26.707042 10.558598 -43.743750 
24.533213 9.316410 -43.118750 
25.154307 7.142581 -43.743750 
26.707042 10.558598 -43.743750


26.707042 13.664068 -43.118750 
25.464854 11.490239 -42.493750 
24.533213 9.316410 -43.118750 
26.707042 13.664068 -43.118750


26.707042 10.558598 -43.743750 
26.707042 13.664068 -43.118750 
24.533213 9.316410 -43.118750 
26.707042 10.558598 -43.743750


24.843760 15.216803 -42.493750 
25.464854 11.490239 -42.493750 
26.707042 13.664068 -43.118750 
24.843760 15.216803 -42.493750


29.501965 2.484376 -43.743750 
27.017589 2.484376 -42.493750 
26.707042 -0.310547 -43.743750 
29.501965 2.484376 -43.743750


26.085948 17.701179 -43.743750 
24.843760 15.216803 -42.493750 
26.707042 13.664068 -43.118750 
26.085948 17.701179 -43.743750


29.501965 2.484376 -43.743750 
28.259777 4.968752 -42.493750 
27.017589 2.484376 -42.493750 
29.501965 2.484376 -43.743750


30.433606 5.900393 -43.743750 
28.259777 4.968752 -42.493750 
29.501965 2.484376 -43.743750 
30.433606 5.900393 -43.743750


29.501965 7.453128 -43.118750 
28.259777 4.968752 -42.493750 
30.433606 5.900393 -43.743750 
29.501965 7.453128 -43.118750


30.433606 5.900393 -43.743750 
30.744153 8.695316 -43.743750 
29.501965 7.453128 -43.118750 
30.433606 5.900393 -43.743750


15.837897 9.005863 -42.493750 
14.595709 11.490239 -42.493750 
13.660963 8.384769 -43.125000 
15.837897 9.005863 -42.493750


16.148444 11.179692 -41.868750 
14.595709 11.490239 -42.493750 
15.837897 9.005863 -42.493750 
16.148444 11.179692 -41.868750


16.148444 11.179692 -41.868750 
16.769538 16.148444 -42.493750 
14.595709 11.490239 -42.493750 
16.148444 11.179692 -41.868750


18.011726 14.906256 -42.493750 
16.769538 16.148444 -42.493750 
16.148444 11.179692 -41.868750 
18.011726 14.906256 -42.493750


15.837897 9.005863 -42.493750 
18.632820 4.347658 -43.743750 
19.564461 6.210940 -42.493750 
15.837897 9.005863 -42.493750


17.701179 13.353521 -41.243750 
18.011726 14.906256 -42.493750 
16.148444 11.179692 -41.868750 
17.701179 13.353521 -41.243750


18.632820 17.393737 -42.500000 
16.769538 16.148444 -42.493750 
22.048837 17.080085 -42.493750 
18.632820 17.393737 -42.500000


19.875008 15.216803 -41.868750 
22.048837 17.080085 -42.493750 
18.011726 14.906256 -42.493750 
19.875008 15.216803 -41.868750


22.048837 17.080085 -42.493750 
16.769538 16.148444 -42.493750 
18.011726 14.906256 -42.493750 
22.048837 17.080085 -42.493750


18.632820 17.393737 -42.500000 
22.048837 17.080085 -42.493750 
18.322273 17.701179 -43.743750 
18.632820 17.393737 -42.500000


22.669931 0.931641 -42.493750 
20.806649 0.931641 -43.118750 
21.117196 -1.242188 -42.493750 
22.669931 0.931641 -42.493750


19.564461 6.210940 -42.493750 
18.632820 4.347658 -43.743750 
21.738290 6.832034 -42.493750 
19.564461 6.210940 -42.493750


22.669931 0.931641 -42.493750 
20.496102 1.552735 -43.743750 
20.806649 0.931641 -43.118750 
22.669931 0.931641 -42.493750


23.912119 2.484376 -42.493750 
22.980478 2.794923 -43.743750 
20.496102 1.552735 -43.743750 
23.912119 2.484376 -42.493750


22.669931 0.931641 -42.493750 
23.912119 2.484376 -42.493750 
20.496102 1.552735 -43.743750 
22.669931 0.931641 -42.493750


19.875008 15.216803 -41.868750 
24.843760 15.216803 -42.493750 
22.048837 17.080085 -42.493750 
19.875008 15.216803 -41.868750


24.533213 9.316410 -43.118750 
21.738290 6.832034 -42.493750 
25.154307 7.142581 -43.743750 
24.533213 9.316410 -43.118750


24.533213 9.316410 -43.118750 
22.980478 9.626957 -42.493750 
21.738290 6.832034 -42.493750 
24.533213 9.316410 -43.118750


22.048837 17.080085 -42.493750 
24.843760 15.216803 -42.493750 
23.291025 18.011726 -43.743750 
22.048837 17.080085 -42.493750


22.669931 0.931641 -42.493750 
21.117196 -1.242188 -42.493750 
24.843760 -1.866387 -42.500000 
22.669931 0.931641 -42.493750


25.464854 11.490239 -42.493750 
22.980478 9.626957 -42.493750 
24.533213 9.316410 -43.118750 
25.464854 11.490239 -42.493750


23.912119 2.484376 -42.493750 
22.669931 0.931641 -42.493750 
27.017589 2.484376 -42.493750 
23.912119 2.484376 -42.493750


27.017589 2.484376 -42.493750 
25.775401 4.037111 -42.493750 
23.912119 2.484376 -42.493750 
27.017589 2.484376 -42.493750


25.775401 4.037111 -42.493750 
25.464854 4.347658 -43.743750 
23.912119 2.484376 -42.493750 
25.775401 4.037111 -42.493750


25.775401 4.037111 -42.493750 
28.259777 4.968752 -42.493750 
25.464854 4.347658 -43.743750 
25.775401 4.037111 -42.493750


28.259777 4.968752 -42.493750 
25.775401 4.037111 -42.493750 
27.017589 2.484376 -42.493750 
28.259777 4.968752 -42.493750


19.564461 6.210940 -42.493750 
16.148444 11.179692 -41.868750 
15.837897 9.005863 -42.493750 
19.564461 6.210940 -42.493750


19.875008 15.216803 -41.868750 
18.011726 14.906256 -42.493750 
17.701179 13.353521 -41.243750 
19.875008 15.216803 -41.868750


22.359384 13.974615 -41.243750 
19.875008 15.216803 -41.868750 
17.701179 13.353521 -41.243750 
22.359384 13.974615 -41.243750


22.980478 9.626957 -42.493750 
19.564461 6.210940 -42.493750 
21.738290 6.832034 -42.493750 
22.980478 9.626957 -42.493750


22.980478 9.626957 -42.493750 
21.427743 9.937504 -41.868750 
19.564461 6.210940 -42.493750 
22.980478 9.626957 -42.493750


22.359384 13.974615 -41.243750 
24.843760 15.216803 -42.493750 
19.875008 15.216803 -41.868750 
22.359384 13.974615 -41.243750


24.843760 15.216803 -42.493750 
22.359384 13.974615 -41.243750 
21.427743 9.937504 -41.868750 
24.843760 15.216803 -42.493750


25.464854 11.490239 -42.493750 
21.427743 9.937504 -41.868750 
22.980478 9.626957 -42.493750 
25.464854 11.490239 -42.493750


24.843760 15.216803 -42.493750 
21.427743 9.937504 -41.868750 
25.464854 11.490239 -42.493750 
24.843760 15.216803 -42.493750


21.427743 9.937504 -41.868750 
16.148444 11.179692 -41.868750 
19.564461 6.210940 -42.493750 
21.427743 9.937504 -41.868750


21.427743 9.937504 -41.868750 
17.701179 13.353521 -41.243750 
16.148444 11.179692 -41.868750 
21.427743 9.937504 -41.868750


22.359384 13.974615 -41.243750 
17.701179 13.353521 -41.243750 
21.427743 9.937504 -41.868750 
22.359384 13.974615 -41.243750


