1110

-12.732427 -13.353521 -8.756250 
-10.869145 -15.527350 -10.631250 
-12.111333 -15.837897 -8.756250 
-12.732427 -13.353521 -8.756250


-13.664068 -16.458991 -7.506250 
-12.732427 -13.353521 -8.756250 
-12.111333 -15.837897 -8.756250 
-13.664068 -16.458991 -7.506250


-10.866040 -19.253914 4.375000 
-10.869145 -19.564461 -4.381250 
-10.869145 -15.527350 -10.631250 
-10.866040 -19.253914 4.375000


-10.869145 -19.564461 -4.381250 
-12.111333 -15.837897 -8.756250 
-10.869145 -15.527350 -10.631250 
-10.869145 -19.564461 -4.381250


-14.906256 -13.664068 -6.881250 
-12.732427 -13.353521 -8.756250 
-13.664068 -16.458991 -7.506250 
-14.906256 -13.664068 -6.881250


-12.732427 -13.353521 -8.756250 
-10.869145 -11.797681 -1.875000 
-10.869145 -15.527350 -10.631250 
-12.732427 -13.353521 -8.756250


-14.906256 -13.664068 -6.881250 
-13.664068 -16.458991 -7.506250 
-15.837897 -13.974615 -5.631250 
-14.906256 -13.664068 -6.881250


-12.421880 -17.701179 -5.006250 
-13.664068 -16.458991 -7.506250 
-12.111333 -15.837897 -8.756250 
-12.421880 -17.701179 -5.006250


-10.869145 -15.527350 -10.631250 
-10.866040 -16.148444 1.250000 
-10.866040 -19.253914 4.375000 
-10.869145 -15.527350 -10.631250


-10.869145 -11.797681 -1.875000 
-10.866040 -16.148444 1.250000 
-10.869145 -15.527350 -10.631250 
-10.869145 -11.797681 -1.875000


-15.837897 -13.974615 -5.631250 
-13.664068 -16.458991 -7.506250 
-15.527350 -17.704284 -5.000000 
-15.837897 -13.974615 -5.631250


-12.421880 -17.701179 -5.006250 
-15.527350 -17.704284 -5.000000 
-13.664068 -16.458991 -7.506250 
-12.421880 -17.701179 -5.006250


-15.837897 -13.974615 -5.631250 
-15.527350 -17.704284 -5.000000 
-17.701179 -13.974615 -5.006250 
-15.837897 -13.974615 -5.631250


-10.869145 -19.564461 -4.381250 
-12.421880 -17.701179 -5.006250 
-12.111333 -15.837897 -8.756250 
-10.869145 -19.564461 -4.381250


-17.701179 -13.974615 -5.006250 
-15.527350 -17.704284 -5.000000 
-18.322273 -18.943367 -4.381250 
-17.701179 -13.974615 -5.006250


-35.405463 -19.875008 -3.750000 
-31.675794 -18.322273 -4.381250 
-32.607435 -23.291025 -4.381250 
-35.405463 -19.875008 -3.750000


-34.160170 -17.390632 -3.756250 
-31.675794 -18.322273 -4.381250 
-35.405463 -19.875008 -3.750000 
-34.160170 -17.390632 -3.756250


-34.160170 -15.216803 -3.756250 
-31.675794 -18.322273 -4.381250 
-34.160170 -17.390632 -3.756250 
-34.160170 -15.216803 -3.756250


-31.675794 -18.322273 -4.381250 
-31.054700 -26.707042 -4.381250 
-33.849623 -24.843760 -3.756250 
-31.675794 -18.322273 -4.381250


-32.607435 -23.291025 -4.381250 
-31.675794 -18.322273 -4.381250 
-33.849623 -24.843760 -3.756250 
-32.607435 -23.291025 -4.381250


-29.812512 -15.837897 -3.756250 
-27.017589 -20.806649 -4.381250 
-31.675794 -18.322273 -4.381250 
-29.812512 -15.837897 -3.756250


-31.675794 -18.322273 -4.381250 
-27.017589 -20.806649 -4.381250 
-31.054700 -26.707042 -4.381250 
-31.675794 -18.322273 -4.381250


-27.017589 -25.775401 -4.381250 
-31.054700 -26.707042 -4.381250 
-27.017589 -20.806649 -4.381250 
-27.017589 -25.775401 -4.381250


-24.843760 -23.291025 -3.756250 
-27.017589 -25.775401 -4.381250 
-27.017589 -20.806649 -4.381250 
-24.843760 -23.291025 -3.756250


-24.222666 -20.185555 -3.756250 
-24.843760 -23.291025 -3.756250 
-27.017589 -20.806649 -4.381250 
-24.222666 -20.185555 -3.756250


-17.701179 -13.974615 -5.006250 
-18.322273 -18.943367 -4.381250 
-19.253914 -14.285162 -4.381250 
-17.701179 -13.974615 -5.006250


-13.353521 -12.108228 -3.125000 
-12.732427 -13.353521 -8.756250 
-14.906256 -13.664068 -6.881250 
-13.353521 -12.108228 -3.125000


-35.716010 -15.216803 -2.500000 
-34.160170 -17.390632 -3.756250 
-35.405463 -19.875008 -3.750000 
-35.716010 -15.216803 -2.500000


-34.160170 -15.216803 -3.756250 
-34.160170 -17.390632 -3.756250 
-35.716010 -15.216803 -2.500000 
-34.160170 -15.216803 -3.756250


-35.405463 -19.875008 -3.750000 
-33.849623 -24.843760 -3.756250 
-35.091811 -25.154307 -3.756250 
-35.405463 -19.875008 -3.750000


-33.849623 -24.843760 -3.756250 
-34.160170 -27.017589 -3.131250 
-35.091811 -25.154307 -3.756250 
-33.849623 -24.843760 -3.756250


-35.405463 -19.875008 -3.750000 
-32.607435 -23.291025 -4.381250 
-33.849623 -24.843760 -3.756250 
-35.405463 -19.875008 -3.750000


-33.849623 -24.843760 -3.756250 
-31.054700 -26.707042 -4.381250 
-34.160170 -27.017589 -3.131250 
-33.849623 -24.843760 -3.756250


-31.054700 -26.707042 -4.381250 
-31.986341 -29.501965 -3.131250 
-34.160170 -27.017589 -3.131250 
-31.054700 -26.707042 -4.381250


-29.812512 -15.837897 -3.756250 
-31.675794 -18.322273 -4.381250 
-34.160170 -15.216803 -3.756250 
-29.812512 -15.837897 -3.756250


-29.812512 -15.837897 -3.756250 
-34.160170 -15.216803 -3.756250 
-31.365247 -15.213698 -3.125000 
-29.812512 -15.837897 -3.756250


-26.707042 -28.880871 -3.756250 
-31.986341 -29.501965 -3.131250 
-31.054700 -26.707042 -4.381250 
-26.707042 -28.880871 -3.756250


-27.017589 -25.775401 -4.381250 
-26.707042 -28.880871 -3.756250 
-31.054700 -26.707042 -4.381250 
-27.017589 -25.775401 -4.381250


-29.812512 -15.837897 -3.756250 
-24.222666 -20.185555 -3.756250 
-27.017589 -20.806649 -4.381250 
-29.812512 -15.837897 -3.756250


-27.949230 -15.834792 -3.125000 
-24.222666 -20.185555 -3.756250 
-29.812512 -15.837897 -3.756250 
-27.949230 -15.834792 -3.125000


-25.154307 -28.880871 -3.756250 
-26.707042 -28.880871 -3.756250 
-27.017589 -25.775401 -4.381250 
-25.154307 -28.880871 -3.756250


-25.154307 -28.880871 -3.756250 
-25.154307 -31.986341 -3.131250 
-30.123059 -32.296888 -3.131250 
-25.154307 -28.880871 -3.756250


-27.017589 -25.775401 -4.381250 
-25.154307 -27.638683 -3.756250 
-25.154307 -28.880871 -3.756250 
-27.017589 -25.775401 -4.381250


-23.601572 -24.222666 -3.756250 
-25.154307 -27.638683 -3.756250 
-27.017589 -25.775401 -4.381250 
-23.601572 -24.222666 -3.756250


-24.843760 -23.291025 -3.756250 
-23.601572 -24.222666 -3.756250 
-27.017589 -25.775401 -4.381250 
-24.843760 -23.291025 -3.756250


-25.154307 -15.834792 -3.125000 
-24.222666 -20.185555 -3.756250 
-27.949230 -15.834792 -3.125000 
-25.154307 -15.834792 -3.125000


-24.222666 -20.185555 -3.756250 
-23.601572 -24.222666 -3.756250 
-24.843760 -23.291025 -3.756250 
-24.222666 -20.185555 -3.756250


-24.222666 -20.185555 -3.756250 
-22.980478 -22.980478 -3.756250 
-23.601572 -24.222666 -3.756250 
-24.222666 -20.185555 -3.756250


-19.875008 -20.806649 -2.506250 
-22.980478 -22.980478 -3.756250 
-24.222666 -20.185555 -3.756250 
-19.875008 -20.806649 -2.506250


-21.738290 -17.701179 -3.756250 
-19.875008 -20.806649 -2.506250 
-24.222666 -20.185555 -3.756250 
-21.738290 -17.701179 -3.756250


-18.322273 -18.943367 -4.381250 
-19.875008 -20.806649 -2.506250 
-21.738290 -17.701179 -3.756250 
-18.322273 -18.943367 -4.381250


-18.322273 -18.943367 -4.381250 
-21.738290 -17.701179 -3.756250 
-22.048837 -15.527350 -3.131250 
-18.322273 -18.943367 -4.381250


-19.253914 -14.285162 -4.381250 
-18.322273 -18.943367 -4.381250 
-22.048837 -15.527350 -3.131250 
-19.253914 -14.285162 -4.381250


-17.390632 -14.282057 -2.500000 
-15.837897 -13.974615 -5.631250 
-17.701179 -13.974615 -5.006250 
-17.390632 -14.282057 -2.500000


-15.837897 -13.974615 -5.631250 
-13.353521 -12.108228 -3.125000 
-14.906256 -13.664068 -6.881250 
-15.837897 -13.974615 -5.631250


-12.421880 -17.701179 -5.006250 
-13.042974 -18.943367 -2.506250 
-15.527350 -17.704284 -5.000000 
-12.421880 -17.701179 -5.006250


-13.353521 -12.108228 -3.125000 
-10.869145 -11.797681 -1.875000 
-12.732427 -13.353521 -8.756250 
-13.353521 -12.108228 -3.125000


-31.986341 -29.501965 -3.131250 
-33.231634 -30.123059 -2.500000 
-34.160170 -27.017589 -3.131250 
-31.986341 -29.501965 -3.131250


-30.123059 -32.296888 -3.131250 
-33.231634 -30.123059 -2.500000 
-31.986341 -29.501965 -3.131250 
-30.123059 -32.296888 -3.131250


-26.707042 -28.880871 -3.756250 
-30.123059 -32.296888 -3.131250 
-31.986341 -29.501965 -3.131250 
-26.707042 -28.880871 -3.756250


-26.707042 -28.880871 -3.756250 
-25.154307 -28.880871 -3.756250 
-30.123059 -32.296888 -3.131250 
-26.707042 -28.880871 -3.756250


-30.123059 -32.296888 -3.131250 
-25.775401 -33.849623 -2.506250 
-27.017589 -34.781264 -2.506250 
-30.123059 -32.296888 -3.131250


-25.154307 -31.986341 -3.131250 
-25.775401 -33.849623 -2.506250 
-30.123059 -32.296888 -3.131250 
-25.154307 -31.986341 -3.131250


-22.048837 -15.527350 -3.131250 
-24.222666 -20.185555 -3.756250 
-25.154307 -15.834792 -3.125000 
-22.048837 -15.527350 -3.131250


-22.048837 -15.527350 -3.131250 
-21.738290 -17.701179 -3.756250 
-24.222666 -20.185555 -3.756250 
-22.048837 -15.527350 -3.131250


-19.875008 -20.806649 -2.506250 
-21.738290 -22.980478 -1.256250 
-22.980478 -22.980478 -3.756250 
-19.875008 -20.806649 -2.506250


-17.390632 -14.282057 -2.500000 
-17.701179 -13.974615 -5.006250 
-19.253914 -14.285162 -4.381250 
-17.390632 -14.282057 -2.500000


-15.527350 -17.704284 -5.000000 
-18.011726 -20.185555 -1.256250 
-18.322273 -18.943367 -4.381250 
-15.527350 -17.704284 -5.000000


-13.042974 -18.943367 -2.506250 
-12.421880 -17.701179 -5.006250 
-10.869145 -19.564461 -4.381250 
-13.042974 -18.943367 -2.506250


-13.042974 -18.943367 -2.506250 
-10.869145 -19.564461 -4.381250 
-10.869145 -21.117196 -1.881250 
-13.042974 -18.943367 -2.506250


-34.784369 -23.291025 -0.625000 
-35.405463 -19.875008 -3.750000 
-35.091811 -25.154307 -3.756250 
-34.784369 -23.291025 -0.625000


-34.784369 -23.291025 -0.625000 
-35.405463 -20.806649 -1.875000 
-35.405463 -19.875008 -3.750000 
-34.784369 -23.291025 -0.625000


-33.231634 -30.123059 -2.500000 
-30.123059 -32.296888 -3.131250 
-29.812512 -33.228529 -1.881250 
-33.231634 -30.123059 -2.500000


-29.812512 -33.228529 -1.881250 
-31.989446 -32.607435 -1.875000 
-33.231634 -30.123059 -2.500000 
-29.812512 -33.228529 -1.881250


-31.365247 -15.213698 -3.125000 
-29.501965 -15.213698 -1.875000 
-29.812512 -15.837897 -3.756250 
-31.365247 -15.213698 -3.125000


-29.812512 -15.837897 -3.756250 
-29.501965 -15.213698 -1.875000 
-27.949230 -15.834792 -3.125000 
-29.812512 -15.837897 -3.756250


-29.812512 -33.228529 -1.881250 
-30.123059 -32.296888 -3.131250 
-27.017589 -34.781264 -2.506250 
-29.812512 -33.228529 -1.881250


-25.775401 -33.849623 -2.506250 
-26.085948 -37.265640 -1.881250 
-27.017589 -34.781264 -2.506250 
-25.775401 -33.849623 -2.506250


-25.154307 -15.834792 -3.125000 
-21.427743 -13.974615 -1.881250 
-22.048837 -15.527350 -3.131250 
-25.154307 -15.834792 -3.125000


-21.738290 -22.980478 -1.256250 
-23.601572 -24.222666 -3.756250 
-22.980478 -22.980478 -3.756250 
-21.738290 -22.980478 -1.256250


-21.427743 -13.974615 -1.881250 
-19.253914 -14.285162 -4.381250 
-22.048837 -15.527350 -3.131250 
-21.427743 -13.974615 -1.881250


-18.011726 -20.185555 -1.256250 
-19.875008 -20.806649 -2.506250 
-18.322273 -18.943367 -4.381250 
-18.011726 -20.185555 -1.256250


-12.421880 -21.427743 -0.631250 
-13.042974 -18.943367 -2.506250 
-10.869145 -21.117196 -1.881250 
-12.421880 -21.427743 -0.631250


-35.405463 -20.806649 -1.875000 
-35.716010 -15.216803 -2.500000 
-35.405463 -19.875008 -3.750000 
-35.405463 -20.806649 -1.875000


-34.160170 -15.216803 -3.756250 
-31.675794 -14.903151 0.000000 
-31.365247 -15.213698 -3.125000 
-34.160170 -15.216803 -3.756250


-30.436711 -35.091811 -1.250000 
-31.989446 -32.607435 -1.875000 
-29.812512 -33.228529 -1.881250 
-30.436711 -35.091811 -1.250000


-29.812512 -33.228529 -1.881250 
-27.949230 -36.955093 -1.881250 
-30.436711 -35.091811 -1.250000 
-29.812512 -33.228529 -1.881250


-27.017589 -34.781264 -2.506250 
-27.949230 -36.955093 -1.881250 
-29.812512 -33.228529 -1.881250 
-27.017589 -34.781264 -2.506250


-26.085948 -40.060563 -1.881250 
-28.262882 -38.818375 -0.625000 
-27.949230 -36.955093 -1.881250 
-26.085948 -40.060563 -1.881250


-27.017589 -34.781264 -2.506250 
-26.085948 -37.265640 -1.881250 
-27.949230 -36.955093 -1.881250 
-27.017589 -34.781264 -2.506250


-27.949230 -15.834792 -3.125000 
-29.501965 -15.213698 -1.875000 
-25.154307 -15.834792 -3.125000 
-27.949230 -15.834792 -3.125000


-27.949230 -36.955093 -1.881250 
-26.085948 -37.265640 -1.881250 
-26.085948 -40.060563 -1.881250 
-27.949230 -36.955093 -1.881250


-21.427743 -13.974615 -1.881250 
-29.501965 -15.213698 -1.875000 
-24.533213 -13.042974 -0.631250 
-21.427743 -13.974615 -1.881250


-25.154307 -31.986341 -3.131250 
-23.909014 -34.160170 0.000000 
-25.775401 -33.849623 -2.506250 
-25.154307 -31.986341 -3.131250


-25.154307 -28.880871 -3.756250 
-23.909014 -34.160170 0.000000 
-25.154307 -31.986341 -3.131250 
-25.154307 -28.880871 -3.756250


-25.154307 -27.638683 -3.756250 
-22.666826 -27.017589 -0.625000 
-25.154307 -28.880871 -3.756250 
-25.154307 -27.638683 -3.756250


-23.601572 -24.222666 -3.756250 
-22.666826 -27.017589 -0.625000 
-25.154307 -27.638683 -3.756250 
-23.601572 -24.222666 -3.756250


-29.501965 -15.213698 -1.875000 
-21.427743 -13.974615 -1.881250 
-25.154307 -15.834792 -3.125000 
-29.501965 -15.213698 -1.875000


-19.875008 -20.806649 -2.506250 
-20.185555 -21.738290 -1.256250 
-21.738290 -22.980478 -1.256250 
-19.875008 -20.806649 -2.506250


-21.427743 -13.974615 -1.881250 
-17.390632 -14.282057 -2.500000 
-19.253914 -14.285162 -4.381250 
-21.427743 -13.974615 -1.881250


-16.769538 -13.353521 -0.631250 
-15.837897 -13.974615 -5.631250 
-17.390632 -14.282057 -2.500000 
-16.769538 -13.353521 -0.631250


-18.011726 -20.185555 -1.256250 
-15.527350 -17.704284 -5.000000 
-13.042974 -18.943367 -2.506250 
-18.011726 -20.185555 -1.256250


-13.042974 -18.943367 -2.506250 
-13.974615 -20.185555 -1.256250 
-18.011726 -20.185555 -1.256250 
-13.042974 -18.943367 -2.506250


-34.781264 -14.903151 0.625000 
-35.716010 -15.216803 -2.500000 
-35.405463 -20.806649 -1.875000 
-34.781264 -14.903151 0.625000


-32.607435 -27.328136 0.631250 
-34.160170 -27.017589 -3.131250 
-33.231634 -30.123059 -2.500000 
-32.607435 -27.328136 0.631250


-30.436711 -35.091811 -1.250000 
-27.949230 -36.955093 -1.881250 
-28.262882 -38.818375 -0.625000 
-30.436711 -35.091811 -1.250000


-29.501965 -15.213698 -1.875000 
-26.707042 -13.353521 -0.631250 
-24.533213 -13.042974 -0.631250 
-29.501965 -15.213698 -1.875000


-22.048837 -25.464854 -0.631250 
-22.666826 -27.017589 -0.625000 
-23.601572 -24.222666 -3.756250 
-22.048837 -25.464854 -0.631250


-21.738290 -22.980478 -1.256250 
-22.048837 -25.464854 -0.631250 
-23.601572 -24.222666 -3.756250 
-21.738290 -22.980478 -1.256250


-18.011726 -20.185555 -1.256250 
-20.185555 -21.738290 -1.256250 
-19.875008 -20.806649 -2.506250 
-18.011726 -20.185555 -1.256250


-18.011726 -20.185555 -1.256250 
-17.080085 -22.048837 -0.631250 
-20.185555 -21.738290 -1.256250 
-18.011726 -20.185555 -1.256250


-18.011726 -20.185555 -1.256250 
-13.974615 -20.185555 -1.256250 
-17.080085 -22.048837 -0.631250 
-18.011726 -20.185555 -1.256250


-16.769538 -13.353521 -0.631250 
-16.769538 -12.108228 0.625000 
-15.837897 -13.974615 -5.631250 
-16.769538 -13.353521 -0.631250


-13.974615 -20.185555 -1.256250 
-13.042974 -18.943367 -2.506250 
-12.421880 -21.427743 -0.631250 
-13.974615 -20.185555 -1.256250


-10.869145 -11.797681 -1.875000 
-10.866040 -13.042974 0.000000 
-10.866040 -16.148444 1.250000 
-10.869145 -11.797681 -1.875000


-32.607435 -27.328136 0.631250 
-35.091811 -25.154307 -3.756250 
-34.160170 -27.017589 -3.131250 
-32.607435 -27.328136 0.631250


-30.123059 -32.917982 0.631250 
-31.989446 -32.607435 -1.875000 
-30.436711 -35.091811 -1.250000 
-30.123059 -32.917982 0.631250


-31.675794 -14.903151 0.000000 
-29.501965 -13.974615 -0.631250 
-31.365247 -15.213698 -3.125000 
-31.675794 -14.903151 0.000000


-31.365247 -15.213698 -3.125000 
-29.501965 -13.974615 -0.631250 
-29.501965 -15.213698 -1.875000 
-31.365247 -15.213698 -3.125000


-29.501965 -13.974615 -0.631250 
-26.707042 -13.353521 -0.631250 
-29.501965 -15.213698 -1.875000 
-29.501965 -13.974615 -0.631250


-23.601572 -36.644546 1.243750 
-26.085948 -37.265640 -1.881250 
-25.775401 -33.849623 -2.506250 
-23.601572 -36.644546 1.243750


-23.601572 -36.644546 1.243750 
-24.222666 -38.818375 -0.006250 
-26.085948 -37.265640 -1.881250 
-23.601572 -36.644546 1.243750


-23.291025 -29.812512 -0.006250 
-23.909014 -34.160170 0.000000 
-25.154307 -28.880871 -3.756250 
-23.291025 -29.812512 -0.006250


-22.666826 -27.017589 -0.625000 
-23.291025 -29.812512 -0.006250 
-25.154307 -28.880871 -3.756250 
-22.666826 -27.017589 -0.625000


-22.666826 -27.017589 -0.625000 
-22.669931 -27.949230 0.618750 
-23.291025 -29.812512 -0.006250 
-22.666826 -27.017589 -0.625000


-20.185555 -21.738290 -1.256250 
-22.048837 -25.464854 -0.631250 
-21.738290 -22.980478 -1.256250 
-20.185555 -21.738290 -1.256250


-20.185555 -21.738290 -1.256250 
-17.080085 -22.048837 -0.631250 
-22.048837 -25.464854 -0.631250 
-20.185555 -21.738290 -1.256250


-21.427743 -13.974615 -1.881250 
-16.769538 -13.353521 -0.631250 
-17.390632 -14.282057 -2.500000 
-21.427743 -13.974615 -1.881250


-24.533213 -13.042974 -0.631250 
-16.769538 -13.353521 -0.631250 
-21.427743 -13.974615 -1.881250 
-24.533213 -13.042974 -0.631250


-13.353521 -12.108228 -3.125000 
-15.837897 -13.974615 -5.631250 
-16.769538 -12.108228 0.625000 
-13.353521 -12.108228 -3.125000


-13.353521 -21.738290 -0.006250 
-13.974615 -20.185555 -1.256250 
-12.421880 -21.427743 -0.631250 
-13.353521 -21.738290 -0.006250


-10.869145 -23.912119 0.618750 
-12.421880 -21.427743 -0.631250 
-10.869145 -21.117196 -1.881250 
-10.869145 -23.912119 0.618750


-10.869145 -19.564461 -4.381250 
-10.866040 -19.253914 4.375000 
-10.869145 -21.117196 -1.881250 
-10.869145 -19.564461 -4.381250


-33.539076 -22.980478 1.256250 
-35.405463 -20.806649 -1.875000 
-34.784369 -23.291025 -0.625000 
-33.539076 -22.980478 1.256250


-34.160170 -20.496102 1.256250 
-35.405463 -20.806649 -1.875000 
-33.539076 -22.980478 1.256250 
-34.160170 -20.496102 1.256250


-33.539076 -22.980478 1.256250 
-34.784369 -23.291025 -0.625000 
-35.091811 -25.154307 -3.756250 
-33.539076 -22.980478 1.256250


-31.675794 -30.123059 0.631250 
-32.607435 -27.328136 0.631250 
-33.231634 -30.123059 -2.500000 
-31.675794 -30.123059 0.631250


-31.675794 -30.123059 0.631250 
-31.989446 -32.607435 -1.875000 
-30.123059 -32.917982 0.631250 
-31.675794 -30.123059 0.631250


-29.812512 -35.091811 0.006250 
-30.436711 -35.091811 -1.250000 
-28.262882 -38.818375 -0.625000 
-29.812512 -35.091811 0.006250


-28.259777 -13.660963 3.125000 
-26.707042 -13.353521 -0.631250 
-29.501965 -13.974615 -0.631250 
-28.259777 -13.660963 3.125000


-25.775401 -41.302751 0.631250 
-28.262882 -38.818375 -0.625000 
-26.085948 -40.060563 -1.881250 
-25.775401 -41.302751 0.631250


-24.222666 -38.818375 -0.006250 
-25.775401 -41.302751 0.631250 
-26.085948 -40.060563 -1.881250 
-24.222666 -38.818375 -0.006250


-26.085948 -37.265640 -1.881250 
-24.222666 -38.818375 -0.006250 
-26.085948 -40.060563 -1.881250 
-26.085948 -37.265640 -1.881250


-22.666826 -31.986341 0.625000 
-23.909014 -34.160170 0.000000 
-23.291025 -29.812512 -0.006250 
-22.666826 -31.986341 0.625000


-22.666826 -31.986341 0.625000 
-22.980478 -32.607435 1.243750 
-23.909014 -34.160170 0.000000 
-22.666826 -31.986341 0.625000


-17.080085 -22.048837 -0.631250 
-20.806649 -24.533213 0.618750 
-22.048837 -25.464854 -0.631250 
-17.080085 -22.048837 -0.631250


-18.943367 -45.339862 0.618750 
-17.080085 -48.134785 -0.006250 
-18.632820 -47.513691 0.618750 
-18.943367 -45.339862 0.618750


-13.974615 -20.185555 -1.256250 
-13.353521 -21.738290 -0.006250 
-17.080085 -22.048837 -0.631250 
-13.974615 -20.185555 -1.256250


-12.421880 -46.582050 0.618750 
-13.664068 -48.755879 0.618750 
-17.080085 -48.134785 -0.006250 
-12.421880 -46.582050 0.618750


-13.664068 -48.755879 0.618750 
-11.179692 -49.998067 0.618750 
-14.285162 -50.001172 0.625000 
-13.664068 -48.755879 0.618750


-13.042974 -22.673036 1.250000 
-13.353521 -21.738290 -0.006250 
-10.869145 -23.912119 0.618750 
-13.042974 -22.673036 1.250000


-13.353521 -21.738290 -0.006250 
-12.421880 -21.427743 -0.631250 
-10.869145 -23.912119 0.618750 
-13.353521 -21.738290 -0.006250


-34.781264 -14.903151 0.625000 
-35.405463 -20.806649 -1.875000 
-34.160170 -20.496102 1.256250 
-34.781264 -14.903151 0.625000


-34.781264 -14.903151 0.625000 
-34.160170 -15.216803 -3.756250 
-35.716010 -15.216803 -2.500000 
-34.781264 -14.903151 0.625000


-33.539076 -22.980478 1.256250 
-35.091811 -25.154307 -3.756250 
-32.607435 -25.775401 1.256250 
-33.539076 -22.980478 1.256250


-32.607435 -25.775401 1.256250 
-35.091811 -25.154307 -3.756250 
-32.607435 -27.328136 0.631250 
-32.607435 -25.775401 1.256250


-34.781264 -14.903151 0.625000 
-31.675794 -14.903151 0.000000 
-34.160170 -15.216803 -3.756250 
-34.781264 -14.903151 0.625000


-31.675794 -30.123059 0.631250 
-33.231634 -30.123059 -2.500000 
-31.989446 -32.607435 -1.875000 
-31.675794 -30.123059 0.631250


-30.123059 -32.917982 0.631250 
-30.436711 -35.091811 -1.250000 
-29.812512 -35.091811 0.006250 
-30.123059 -32.917982 0.631250


-31.054700 -14.595709 0.618750 
-29.501965 -13.974615 -0.631250 
-31.675794 -14.903151 0.000000 
-31.054700 -14.595709 0.618750


-27.638683 -38.197281 0.631250 
-29.812512 -35.091811 0.006250 
-28.262882 -38.818375 -0.625000 
-27.638683 -38.197281 0.631250


-26.085948 -39.750016 1.256250 
-27.638683 -38.197281 0.631250 
-28.262882 -38.818375 -0.625000 
-26.085948 -39.750016 1.256250


-24.222666 -38.818375 -0.006250 
-22.980478 -40.681657 0.618750 
-25.775401 -41.302751 0.631250 
-24.222666 -38.818375 -0.006250


-23.909014 -34.160170 0.000000 
-23.601572 -36.644546 1.243750 
-25.775401 -33.849623 -2.506250 
-23.909014 -34.160170 0.000000


-24.533213 -13.042974 -0.631250 
-20.496102 -13.039869 1.875000 
-16.769538 -13.353521 -0.631250 
-24.533213 -13.042974 -0.631250


-20.806649 -43.476580 1.243750 
-21.427743 -45.650409 0.618750 
-25.775401 -41.302751 0.631250 
-20.806649 -43.476580 1.243750


-22.980478 -40.681657 0.618750 
-20.806649 -43.476580 1.243750 
-25.775401 -41.302751 0.631250 
-22.980478 -40.681657 0.618750


-22.669931 -27.949230 0.618750 
-22.666826 -31.986341 0.625000 
-23.291025 -29.812512 -0.006250 
-22.669931 -27.949230 0.618750


-22.669931 -27.949230 0.618750 
-20.806649 -28.570324 0.618750 
-22.666826 -31.986341 0.625000 
-22.669931 -27.949230 0.618750


-22.048837 -25.464854 -0.631250 
-22.669931 -27.949230 0.618750 
-22.666826 -27.017589 -0.625000 
-22.048837 -25.464854 -0.631250


-20.806649 -24.533213 0.618750 
-22.669931 -27.949230 0.618750 
-22.048837 -25.464854 -0.631250 
-20.806649 -24.533213 0.618750


-20.806649 -24.533213 0.618750 
-20.806649 -28.570324 0.618750 
-22.669931 -27.949230 0.618750 
-20.806649 -24.533213 0.618750


-20.496102 -27.017589 1.868750 
-20.806649 -28.570324 0.618750 
-20.806649 -24.533213 0.618750 
-20.496102 -27.017589 1.868750


-20.806649 -43.476580 1.243750 
-18.632820 -47.513691 0.618750 
-21.427743 -45.650409 0.618750 
-20.806649 -43.476580 1.243750


-17.390632 -24.222666 0.618750 
-20.496102 -27.017589 1.868750 
-20.806649 -24.533213 0.618750 
-17.390632 -24.222666 0.618750


-20.806649 -24.533213 0.618750 
-17.080085 -22.048837 -0.631250 
-17.390632 -24.222666 0.618750 
-20.806649 -24.533213 0.618750


-18.943367 -45.339862 0.618750 
-18.632820 -47.513691 0.618750 
-20.806649 -43.476580 1.243750 
-18.943367 -45.339862 0.618750


-18.943367 -43.166033 0.618750 
-17.080085 -48.134785 -0.006250 
-18.943367 -45.339862 0.618750 
-18.943367 -43.166033 0.618750


-18.632820 -47.513691 0.618750 
-17.080085 -48.134785 -0.006250 
-16.148444 -49.376973 0.618750 
-18.632820 -47.513691 0.618750


-18.943367 -43.166033 0.618750 
-12.421880 -46.582050 0.618750 
-17.080085 -48.134785 -0.006250 
-18.943367 -43.166033 0.618750


-15.216803 -23.912119 1.243750 
-17.080085 -22.048837 -0.631250 
-13.353521 -21.738290 -0.006250 
-15.216803 -23.912119 1.243750


-17.390632 -24.222666 0.618750 
-17.080085 -22.048837 -0.631250 
-15.216803 -23.912119 1.243750 
-17.390632 -24.222666 0.618750


-13.974615 -45.026210 0.625000 
-12.421880 -46.582050 0.618750 
-18.943367 -43.166033 0.618750 
-13.974615 -45.026210 0.625000


-16.148444 -49.376973 0.618750 
-17.080085 -48.134785 -0.006250 
-13.664068 -48.755879 0.618750 
-16.148444 -49.376973 0.618750


-13.664068 -48.755879 0.618750 
-14.285162 -50.001172 0.625000 
-16.148444 -49.376973 0.618750 
-13.664068 -48.755879 0.618750


-13.042974 -22.673036 1.250000 
-15.216803 -23.912119 1.243750 
-13.353521 -21.738290 -0.006250 
-13.042974 -22.673036 1.250000


-11.803891 -43.476580 1.250000 
-12.421880 -46.582050 0.618750 
-13.974615 -45.026210 0.625000 
-11.803891 -43.476580 1.250000


-12.421880 -46.582050 0.618750 
-10.248051 -47.824238 0.618750 
-13.664068 -48.755879 0.618750 
-12.421880 -46.582050 0.618750


-13.664068 -48.755879 0.618750 
-10.248051 -47.824238 0.618750 
-11.179692 -49.998067 0.618750 
-13.664068 -48.755879 0.618750


-11.803891 -43.476580 1.250000 
-9.937504 -44.097674 1.243750 
-12.421880 -46.582050 0.618750 
-11.803891 -43.476580 1.250000


-10.248051 -47.824238 0.618750 
-12.421880 -46.582050 0.618750 
-9.937504 -44.097674 1.243750 
-10.248051 -47.824238 0.618750


-10.866040 -19.253914 4.375000 
-10.869145 -23.912119 0.618750 
-10.869145 -21.117196 -1.881250 
-10.866040 -19.253914 4.375000


-7.142581 -48.134785 1.243750 
-11.179692 -49.998067 0.618750 
-10.248051 -47.824238 0.618750 
-7.142581 -48.134785 1.243750


-28.573429 -34.470717 3.750000 
-30.123059 -32.917982 0.631250 
-29.812512 -35.091811 0.006250 
-28.573429 -34.470717 3.750000


-31.054700 -14.595709 0.618750 
-28.259777 -13.660963 3.125000 
-29.501965 -13.974615 -0.631250 
-31.054700 -14.595709 0.618750


-26.085948 -39.750016 1.256250 
-28.262882 -38.818375 -0.625000 
-25.775401 -41.302751 0.631250 
-26.085948 -39.750016 1.256250


-23.601572 -36.644546 1.243750 
-22.980478 -40.681657 0.618750 
-24.222666 -38.818375 -0.006250 
-23.601572 -36.644546 1.243750


-23.909014 -34.160170 0.000000 
-22.980478 -32.607435 1.243750 
-23.601572 -36.644546 1.243750 
-23.909014 -34.160170 0.000000


-23.601572 -36.644546 1.243750 
-21.738290 -38.818375 2.493750 
-22.980478 -40.681657 0.618750 
-23.601572 -36.644546 1.243750


-22.980478 -32.607435 1.243750 
-22.359384 -35.712905 1.868750 
-23.601572 -36.644546 1.243750 
-22.980478 -32.607435 1.243750


-22.359384 -35.712905 1.868750 
-21.738290 -38.818375 2.493750 
-23.601572 -36.644546 1.243750 
-22.359384 -35.712905 1.868750


-20.806649 -28.570324 0.618750 
-22.980478 -32.607435 1.243750 
-22.666826 -31.986341 0.625000 
-20.806649 -28.570324 0.618750


-21.738290 -38.818375 2.493750 
-20.806649 -43.476580 1.243750 
-22.980478 -40.681657 0.618750 
-21.738290 -38.818375 2.493750


-20.496102 -40.371110 1.868750 
-18.943367 -43.166033 0.618750 
-20.806649 -43.476580 1.243750 
-20.496102 -40.371110 1.868750


-18.632820 -41.613298 1.868750 
-18.943367 -43.166033 0.618750 
-20.496102 -40.371110 1.868750 
-18.632820 -41.613298 1.868750


-18.943367 -43.166033 0.618750 
-18.943367 -45.339862 0.618750 
-20.806649 -43.476580 1.243750 
-18.943367 -43.166033 0.618750


-18.632820 -41.613298 1.868750 
-18.322273 -43.787127 1.868750 
-18.943367 -43.166033 0.618750 
-18.632820 -41.613298 1.868750


-20.496102 -13.039869 1.875000 
-16.769538 -12.108228 0.625000 
-16.769538 -13.353521 -0.631250 
-20.496102 -13.039869 1.875000


-18.943367 -43.166033 0.618750 
-18.322273 -43.787127 1.868750 
-13.974615 -45.026210 0.625000 
-18.943367 -43.166033 0.618750


-16.769538 -12.108228 0.625000 
-10.869145 -11.797681 -1.875000 
-13.353521 -12.108228 -3.125000 
-16.769538 -12.108228 0.625000


-10.558598 -40.992204 1.868750 
-11.803891 -43.476580 1.250000 
-12.421880 -41.613298 1.868750 
-10.558598 -40.992204 1.868750


-10.869145 -26.396495 2.493750 
-13.042974 -22.673036 1.250000 
-10.869145 -23.912119 0.618750 
-10.869145 -26.396495 2.493750


-10.558598 -40.992204 1.868750 
-9.937504 -44.097674 1.243750 
-11.803891 -43.476580 1.250000 
-10.558598 -40.992204 1.868750


-10.866040 -11.490239 6.875000 
-10.866040 -13.042974 0.000000 
-10.869145 -11.797681 -1.875000 
-10.866040 -11.490239 6.875000


-9.937504 -44.097674 1.243750 
-7.142581 -48.134785 1.243750 
-10.248051 -47.824238 0.618750 
-9.937504 -44.097674 1.243750


-6.521487 -44.718768 1.243750 
-7.142581 -48.134785 1.243750 
-9.937504 -44.097674 1.243750 
-6.521487 -44.718768 1.243750


-9.937504 -44.097674 1.243750 
-7.142581 -43.787127 1.243750 
-6.521487 -44.718768 1.243750 
-9.937504 -44.097674 1.243750


-7.142581 -43.787127 1.243750 
-9.937504 -44.097674 1.243750 
-8.695316 -40.681657 1.868750 
-7.142581 -43.787127 1.243750


-6.521487 -44.718768 1.243750 
-7.763675 -45.960956 1.868750 
-7.142581 -48.134785 1.243750 
-6.521487 -44.718768 1.243750


-30.436711 -30.123059 4.375000 
-32.607435 -27.328136 0.631250 
-31.675794 -30.123059 0.631250 
-30.436711 -30.123059 4.375000


-31.368352 -27.017589 4.375000 
-32.607435 -27.328136 0.631250 
-30.436711 -30.123059 4.375000 
-31.368352 -27.017589 4.375000


-28.573429 -34.470717 3.750000 
-29.812512 -35.091811 0.006250 
-27.638683 -38.197281 0.631250 
-28.573429 -34.470717 3.750000


-22.359384 -42.544939 5.006250 
-25.775401 -41.302751 0.631250 
-21.427743 -45.650409 0.618750 
-22.359384 -42.544939 5.006250


-21.738290 -38.818375 2.493750 
-20.496102 -40.371110 1.868750 
-20.806649 -43.476580 1.243750 
-21.738290 -38.818375 2.493750


-22.980478 -32.607435 1.243750 
-19.875008 -31.675794 1.868750 
-22.359384 -35.712905 1.868750 
-22.980478 -32.607435 1.243750


-20.496102 -27.017589 1.868750 
-22.980478 -32.607435 1.243750 
-20.806649 -28.570324 0.618750 
-20.496102 -27.017589 1.868750


-20.496102 -27.017589 1.868750 
-19.875008 -31.675794 1.868750 
-22.980478 -32.607435 1.243750 
-20.496102 -27.017589 1.868750


-18.943367 -27.017589 1.868750 
-19.875008 -31.675794 1.868750 
-20.496102 -27.017589 1.868750 
-18.943367 -27.017589 1.868750


-19.875008 -39.128922 1.868750 
-18.632820 -41.613298 1.868750 
-20.496102 -40.371110 1.868750 
-19.875008 -39.128922 1.868750


-17.390632 -24.222666 0.618750 
-18.943367 -27.017589 1.868750 
-20.496102 -27.017589 1.868750 
-17.390632 -24.222666 0.618750


-18.632820 -41.613298 1.868750 
-15.837897 -42.855486 3.118750 
-18.322273 -43.787127 1.868750 
-18.632820 -41.613298 1.868750


-19.875008 -39.128922 1.868750 
-16.458991 -39.439469 3.118750 
-18.632820 -41.613298 1.868750 
-19.875008 -39.128922 1.868750


-16.769538 -25.467959 1.875000 
-18.943367 -27.017589 1.868750 
-17.390632 -24.222666 0.618750 
-16.769538 -25.467959 1.875000


-20.496102 -13.039869 1.875000 
-17.080085 -12.418775 3.125000 
-16.769538 -12.108228 0.625000 
-20.496102 -13.039869 1.875000


-19.875008 -39.128922 1.868750 
-15.527350 -37.576187 3.118750 
-16.458991 -39.439469 3.118750 
-19.875008 -39.128922 1.868750


-15.216803 -23.912119 1.243750 
-16.769538 -25.467959 1.875000 
-17.390632 -24.222666 0.618750 
-15.216803 -23.912119 1.243750


-18.322273 -43.787127 1.868750 
-11.803891 -43.476580 1.250000 
-13.974615 -45.026210 0.625000 
-18.322273 -43.787127 1.868750


-12.421880 -41.613298 1.868750 
-11.803891 -43.476580 1.250000 
-15.837897 -42.855486 3.118750 
-12.421880 -41.613298 1.868750


-13.042974 -22.673036 1.250000 
-13.042974 -25.464854 3.118750 
-15.216803 -23.912119 1.243750 
-13.042974 -22.673036 1.250000


-15.837897 -42.855486 3.118750 
-11.803891 -43.476580 1.250000 
-18.322273 -43.787127 1.868750 
-15.837897 -42.855486 3.118750


-10.869145 -23.912119 0.618750 
-10.866040 -19.253914 4.375000 
-10.869145 -26.396495 2.493750 
-10.869145 -23.912119 0.618750


-9.316410 -39.439469 1.868750 
-8.695316 -40.681657 1.868750 
-10.558598 -40.992204 1.868750 
-9.316410 -39.439469 1.868750


-8.695316 -40.681657 1.868750 
-9.937504 -44.097674 1.243750 
-10.558598 -40.992204 1.868750 
-8.695316 -40.681657 1.868750


-5.900393 -49.069531 2.500000 
-11.179692 -49.998067 0.618750 
-7.142581 -48.134785 1.243750 
-5.900393 -49.069531 2.500000


-7.763675 -45.960956 1.868750 
-6.521487 -44.718768 1.243750 
-5.279299 -45.960956 2.493750 
-7.763675 -45.960956 1.868750


-4.968752 -49.066426 3.118750 
-7.142581 -48.134785 1.243750 
-7.763675 -45.960956 1.868750 
-4.968752 -49.066426 3.118750


-34.781264 -14.903151 0.625000 
-34.160170 -20.496102 1.256250 
-32.921087 -17.080085 6.250000 
-34.781264 -14.903151 0.625000


-31.365247 -14.282057 5.000000 
-31.675794 -14.903151 0.000000 
-34.781264 -14.903151 0.625000 
-31.365247 -14.282057 5.000000


-32.607435 -25.775401 1.256250 
-32.299993 -24.222666 4.375000 
-33.539076 -22.980478 1.256250 
-32.607435 -25.775401 1.256250


-30.436711 -30.123059 4.375000 
-31.675794 -30.123059 0.631250 
-30.123059 -32.917982 0.631250 
-30.436711 -30.123059 4.375000


-26.089053 -38.197281 4.375000 
-28.573429 -34.470717 3.750000 
-27.638683 -38.197281 0.631250 
-26.089053 -38.197281 4.375000


-26.089053 -38.197281 4.375000 
-27.638683 -38.197281 0.631250 
-26.085948 -39.750016 1.256250 
-26.089053 -38.197281 4.375000


-26.089053 -38.197281 4.375000 
-26.085948 -39.750016 1.256250 
-23.601572 -40.681657 5.631250 
-26.089053 -38.197281 4.375000


-22.359384 -42.544939 5.006250 
-26.085948 -39.750016 1.256250 
-25.775401 -41.302751 0.631250 
-22.359384 -42.544939 5.006250


-20.806649 -36.644546 3.118750 
-21.738290 -38.818375 2.493750 
-22.359384 -35.712905 1.868750 
-20.806649 -36.644546 3.118750


-19.875008 -39.128922 1.868750 
-20.496102 -40.371110 1.868750 
-21.738290 -38.818375 2.493750 
-19.875008 -39.128922 1.868750


-20.806649 -36.644546 3.118750 
-19.875008 -39.128922 1.868750 
-21.738290 -38.818375 2.493750 
-20.806649 -36.644546 3.118750


-18.632820 -27.328136 3.118750 
-19.875008 -31.675794 1.868750 
-18.943367 -27.017589 1.868750 
-18.632820 -27.328136 3.118750


-16.769538 -25.467959 1.875000 
-15.216803 -23.912119 1.243750 
-14.595709 -26.707042 3.118750 
-16.769538 -25.467959 1.875000


-13.042974 -25.464854 3.118750 
-14.595709 -26.707042 3.118750 
-15.216803 -23.912119 1.243750 
-13.042974 -25.464854 3.118750


-12.111333 -39.750016 3.118750 
-12.421880 -41.613298 1.868750 
-15.837897 -42.855486 3.118750 
-12.111333 -39.750016 3.118750


-11.800786 -48.445332 6.256250 
-14.285162 -50.001172 0.625000 
-11.179692 -49.998067 0.618750 
-11.800786 -48.445332 6.256250


-13.042974 -25.464854 3.118750 
-13.042974 -22.673036 1.250000 
-10.869145 -26.396495 2.493750 
-13.042974 -25.464854 3.118750


-12.111333 -39.750016 3.118750 
-10.558598 -40.992204 1.868750 
-12.421880 -41.613298 1.868750 
-12.111333 -39.750016 3.118750


-12.111333 -39.750016 3.118750 
-11.490239 -37.576187 2.493750 
-10.558598 -40.992204 1.868750 
-12.111333 -39.750016 3.118750


-9.316410 -39.439469 1.868750 
-10.558598 -40.992204 1.868750 
-11.490239 -37.576187 2.493750 
-9.316410 -39.439469 1.868750


-10.248051 -36.333999 3.118750 
-9.316410 -39.439469 1.868750 
-11.490239 -37.576187 2.493750 
-10.248051 -36.333999 3.118750


-10.866040 -13.042974 0.000000 
-9.316410 -14.285162 2.493750 
-10.866040 -16.148444 1.250000 
-10.866040 -13.042974 0.000000


-8.695316 -40.681657 1.868750 
-4.968752 -43.166033 5.618750 
-7.142581 -43.787127 1.243750 
-8.695316 -40.681657 1.868750


-4.968752 -43.166033 5.618750 
-6.521487 -44.718768 1.243750 
-7.142581 -43.787127 1.243750 
-4.968752 -43.166033 5.618750


-4.968752 -49.066426 3.118750 
-5.900393 -49.069531 2.500000 
-7.142581 -48.134785 1.243750 
-4.968752 -49.066426 3.118750


-5.279299 -45.960956 2.493750 
-4.968752 -49.066426 3.118750 
-7.763675 -45.960956 1.868750 
-5.279299 -45.960956 2.493750


-34.160170 -20.496102 1.256250 
-33.539076 -22.980478 1.256250 
-32.299993 -24.222666 4.375000 
-34.160170 -20.496102 1.256250


-31.368352 -27.017589 4.375000 
-32.607435 -25.775401 1.256250 
-32.607435 -27.328136 0.631250 
-31.368352 -27.017589 4.375000


-31.057805 -28.570324 4.375000 
-31.368352 -27.017589 4.375000 
-30.436711 -30.123059 4.375000 
-31.057805 -28.570324 4.375000


-30.123059 -13.971510 8.125000 
-28.259777 -13.660963 3.125000 
-31.054700 -14.595709 0.618750 
-30.123059 -13.971510 8.125000


-22.359384 -42.544939 5.006250 
-23.601572 -40.681657 5.631250 
-26.085948 -39.750016 1.256250 
-22.359384 -42.544939 5.006250


-24.533213 -12.729322 7.500000 
-20.496102 -13.039869 1.875000 
-24.533213 -13.042974 -0.631250 
-24.533213 -12.729322 7.500000


-19.875008 -31.675794 1.868750 
-20.806649 -36.644546 3.118750 
-22.359384 -35.712905 1.868750 
-19.875008 -31.675794 1.868750


-19.875008 -31.675794 1.868750 
-15.527350 -37.576187 3.118750 
-20.806649 -36.644546 3.118750 
-19.875008 -31.675794 1.868750


-16.458991 -31.054700 3.118750 
-15.527350 -37.576187 3.118750 
-19.875008 -31.675794 1.868750 
-16.458991 -31.054700 3.118750


-18.632820 -27.328136 3.118750 
-16.458991 -31.054700 3.118750 
-19.875008 -31.675794 1.868750 
-18.632820 -27.328136 3.118750


-15.527350 -37.576187 3.118750 
-19.875008 -39.128922 1.868750 
-20.806649 -36.644546 3.118750 
-15.527350 -37.576187 3.118750


-16.769538 -25.467959 1.875000 
-16.458991 -31.054700 3.118750 
-18.632820 -27.328136 3.118750 
-16.769538 -25.467959 1.875000


-18.632820 -27.328136 3.118750 
-18.943367 -27.017589 1.868750 
-16.769538 -25.467959 1.875000 
-18.632820 -27.328136 3.118750


-12.111333 -39.750016 3.118750 
-15.837897 -42.855486 3.118750 
-18.632820 -41.613298 1.868750 
-12.111333 -39.750016 3.118750


-16.458991 -39.439469 3.118750 
-12.111333 -39.750016 3.118750 
-18.632820 -41.613298 1.868750 
-16.458991 -39.439469 3.118750


-14.595709 -26.707042 3.118750 
-16.458991 -31.054700 3.118750 
-16.769538 -25.467959 1.875000 
-14.595709 -26.707042 3.118750


-17.080085 -12.418775 3.125000 
-15.216803 -11.797681 4.375000 
-16.769538 -12.108228 0.625000 
-17.080085 -12.418775 3.125000


-16.458991 -31.054700 3.118750 
-14.595709 -34.470717 3.743750 
-15.527350 -37.576187 3.118750 
-16.458991 -31.054700 3.118750


-14.595709 -34.470717 3.743750 
-12.421880 -36.333999 3.743750 
-15.527350 -37.576187 3.118750 
-14.595709 -34.470717 3.743750


-15.527350 -37.576187 3.118750 
-12.111333 -39.750016 3.118750 
-16.458991 -39.439469 3.118750 
-15.527350 -37.576187 3.118750


-13.974615 -48.755879 5.006250 
-16.148444 -49.376973 0.618750 
-14.285162 -50.001172 0.625000 
-13.974615 -48.755879 5.006250


-11.490239 -37.576187 2.493750 
-15.527350 -37.576187 3.118750 
-12.421880 -36.333999 3.743750 
-11.490239 -37.576187 2.493750


-13.042974 -25.464854 3.118750 
-13.042974 -28.570324 3.743750 
-14.595709 -26.707042 3.118750 
-13.042974 -25.464854 3.118750


-11.490239 -37.576187 2.493750 
-12.111333 -39.750016 3.118750 
-15.527350 -37.576187 3.118750 
-11.490239 -37.576187 2.493750


-13.042974 -25.464854 3.118750 
-12.111333 -27.328136 3.743750 
-13.042974 -28.570324 3.743750 
-13.042974 -25.464854 3.118750


-10.558598 -35.091811 3.743750 
-11.490239 -37.576187 2.493750 
-12.421880 -36.333999 3.743750 
-10.558598 -35.091811 3.743750


-10.248051 -36.333999 3.118750 
-11.490239 -37.576187 2.493750 
-10.558598 -35.091811 3.743750 
-10.248051 -36.333999 3.118750


-10.869145 -26.396495 2.493750 
-12.111333 -27.328136 3.743750 
-13.042974 -25.464854 3.118750 
-10.869145 -26.396495 2.493750


-11.490239 -32.917982 3.743750 
-10.869145 -30.123059 3.743750 
-10.558598 -35.091811 3.743750 
-11.490239 -32.917982 3.743750


-10.869145 -26.396495 2.493750 
-10.869145 -30.123059 3.743750 
-12.111333 -27.328136 3.743750 
-10.869145 -26.396495 2.493750


-9.316410 -14.285162 2.493750 
-9.313305 -16.458991 4.375000 
-10.866040 -16.148444 1.250000 
-9.316410 -14.285162 2.493750


-9.316410 -39.439469 1.868750 
-7.142581 -41.613298 4.993750 
-8.695316 -40.681657 1.868750 
-9.316410 -39.439469 1.868750


-4.968752 -43.166033 5.618750 
-5.279299 -45.960956 2.493750 
-6.521487 -44.718768 1.243750 
-4.968752 -43.166033 5.618750


-5.279299 -45.960956 2.493750 
-4.037111 -45.960956 3.118750 
-4.968752 -49.066426 3.118750 
-5.279299 -45.960956 2.493750


-32.921087 -17.080085 6.250000 
-34.160170 -20.496102 1.256250 
-32.921087 -20.806649 5.000000 
-32.921087 -17.080085 6.250000


-32.921087 -20.806649 5.000000 
-34.160170 -20.496102 1.256250 
-32.299993 -24.222666 4.375000 
-32.921087 -20.806649 5.000000


-31.365247 -14.282057 5.000000 
-31.054700 -14.595709 0.618750 
-31.675794 -14.903151 0.000000 
-31.365247 -14.282057 5.000000


-24.533213 -13.042974 -0.631250 
-26.707042 -13.353521 -0.631250 
-24.533213 -12.729322 7.500000 
-24.533213 -13.042974 -0.631250


-17.701179 -46.582050 5.006250 
-22.359384 -42.544939 5.006250 
-21.427743 -45.650409 0.618750 
-17.701179 -46.582050 5.006250


-21.427743 -45.650409 0.618750 
-18.632820 -47.513691 0.618750 
-17.701179 -46.582050 5.006250 
-21.427743 -45.650409 0.618750


-16.148444 -49.376973 0.618750 
-17.701179 -46.582050 5.006250 
-18.632820 -47.513691 0.618750 
-16.148444 -49.376973 0.618750


-14.595709 -26.707042 3.118750 
-15.837897 -31.057805 3.750000 
-16.458991 -31.054700 3.118750 
-14.595709 -26.707042 3.118750


-13.042974 -28.570324 3.743750 
-15.837897 -31.057805 3.750000 
-14.595709 -26.707042 3.118750 
-13.042974 -28.570324 3.743750


-13.974615 -48.755879 5.006250 
-16.458991 -46.582050 6.256250 
-16.148444 -49.376973 0.618750 
-13.974615 -48.755879 5.006250


-12.421880 -36.333999 3.743750 
-14.595709 -34.470717 3.743750 
-15.837897 -31.057805 3.750000 
-12.421880 -36.333999 3.743750


-13.042974 -28.570324 3.743750 
-13.353521 -31.675794 4.368750 
-15.837897 -31.057805 3.750000 
-13.042974 -28.570324 3.743750


-13.353521 -31.675794 4.368750 
-11.490239 -32.917982 3.743750 
-12.421880 -36.333999 3.743750 
-13.353521 -31.675794 4.368750


-15.837897 -31.057805 3.750000 
-13.353521 -31.675794 4.368750 
-12.421880 -36.333999 3.743750 
-15.837897 -31.057805 3.750000


-11.800786 -48.445332 6.256250 
-13.974615 -48.755879 5.006250 
-14.285162 -50.001172 0.625000 
-11.800786 -48.445332 6.256250


-10.869145 -30.123059 3.743750 
-11.490239 -32.917982 3.743750 
-13.042974 -28.570324 3.743750 
-10.869145 -30.123059 3.743750


-12.111333 -27.328136 3.743750 
-10.869145 -30.123059 3.743750 
-13.042974 -28.570324 3.743750 
-12.111333 -27.328136 3.743750


-11.490239 -32.917982 3.743750 
-10.558598 -35.091811 3.743750 
-12.421880 -36.333999 3.743750 
-11.490239 -32.917982 3.743750


-10.869145 -30.123059 3.743750 
-10.866040 -32.917982 5.000000 
-10.558598 -35.091811 3.743750 
-10.869145 -30.123059 3.743750


-10.869145 -26.396495 2.493750 
-10.866040 -19.253914 4.375000 
-10.869145 -30.123059 3.743750 
-10.869145 -26.396495 2.493750


-8.692211 -34.781264 8.125000 
-10.248051 -36.333999 3.118750 
-10.558598 -35.091811 3.743750 
-8.692211 -34.781264 8.125000


-10.248051 -36.333999 3.118750 
-7.763675 -38.197281 6.868750 
-9.316410 -39.439469 1.868750 
-10.248051 -36.333999 3.118750


-9.316410 -48.758984 5.000000 
-11.179692 -49.998067 0.618750 
-5.900393 -49.069531 2.500000 
-9.316410 -48.758984 5.000000


-7.142581 -41.613298 4.993750 
-4.968752 -43.166033 5.618750 
-8.695316 -40.681657 1.868750 
-7.142581 -41.613298 4.993750


-31.365247 -14.282057 5.000000 
-34.781264 -14.903151 0.625000 
-32.921087 -17.080085 6.250000 
-31.365247 -14.282057 5.000000


-32.299993 -24.222666 4.375000 
-32.607435 -25.775401 1.256250 
-31.368352 -27.017589 4.375000 
-32.299993 -24.222666 4.375000


-15.837897 -31.057805 3.750000 
-14.595709 -34.470717 3.743750 
-16.458991 -31.054700 3.118750 
-15.837897 -31.057805 3.750000


-15.216803 -11.797681 4.375000 
-10.866040 -11.490239 6.875000 
-16.769538 -12.108228 0.625000 
-15.216803 -11.797681 4.375000


-16.769538 -12.108228 0.625000 
-10.866040 -11.490239 6.875000 
-10.869145 -11.797681 -1.875000 
-16.769538 -12.108228 0.625000


-13.042974 -28.570324 3.743750 
-11.490239 -32.917982 3.743750 
-13.353521 -31.675794 4.368750 
-13.042974 -28.570324 3.743750


-8.692211 -34.781264 8.125000 
-10.558598 -35.091811 3.743750 
-10.866040 -32.917982 5.000000 
-8.692211 -34.781264 8.125000


-10.866040 -19.253914 4.375000 
-10.866040 -32.917982 5.000000 
-10.869145 -30.123059 3.743750 
-10.866040 -19.253914 4.375000


-9.316410 -48.758984 5.000000 
-11.800786 -48.445332 6.256250 
-11.179692 -49.998067 0.618750 
-9.316410 -48.758984 5.000000


-9.313305 -16.458991 4.375000 
-10.866040 -19.253914 4.375000 
-10.866040 -16.148444 1.250000 
-9.313305 -16.458991 4.375000


-5.900393 -49.069531 2.500000 
-4.968752 -49.066426 3.118750 
-4.658205 -47.827343 6.250000 
-5.900393 -49.069531 2.500000


-4.037111 -45.960956 3.118750 
-2.484376 -48.448437 5.000000 
-4.968752 -49.066426 3.118750 
-4.037111 -45.960956 3.118750


-2.173829 -46.892597 4.993750 
-2.484376 -48.448437 5.000000 
-4.037111 -45.960956 3.118750 
-2.173829 -46.892597 4.993750


-31.365247 -14.282057 5.000000 
-30.123059 -13.971510 8.125000 
-31.054700 -14.595709 0.618750 
-31.365247 -14.282057 5.000000


-28.259777 -32.917982 6.256250 
-30.436711 -30.123059 4.375000 
-30.123059 -32.917982 0.631250 
-28.259777 -32.917982 6.256250


-28.259777 -32.917982 6.256250 
-30.123059 -32.917982 0.631250 
-28.573429 -34.470717 3.750000 
-28.259777 -32.917982 6.256250


-26.707042 -35.712905 6.256250 
-28.573429 -34.470717 3.750000 
-26.089053 -38.197281 4.375000 
-26.707042 -35.712905 6.256250


-24.533213 -12.729322 7.500000 
-17.701179 -12.729322 7.500000 
-20.496102 -13.039869 1.875000 
-24.533213 -12.729322 7.500000


-13.974615 -47.203144 6.881250 
-16.458991 -46.582050 6.256250 
-13.974615 -48.755879 5.006250 
-13.974615 -47.203144 6.881250


-10.869145 -13.042974 7.506250 
-10.866040 -13.042974 0.000000 
-10.866040 -11.490239 6.875000 
-10.869145 -13.042974 7.506250


-9.316410 -14.285162 2.493750 
-8.384769 -15.216803 6.881250 
-9.313305 -16.458991 4.375000 
-9.316410 -14.285162 2.493750


-7.763675 -38.197281 6.868750 
-7.142581 -41.613298 4.993750 
-9.316410 -39.439469 1.868750 
-7.763675 -38.197281 6.868750


-9.316410 -48.758984 5.000000 
-5.900393 -49.069531 2.500000 
-4.658205 -47.827343 6.250000 
-9.316410 -48.758984 5.000000


-5.279299 -45.960956 2.493750 
-3.726564 -44.408221 5.618750 
-4.037111 -45.960956 3.118750 
-5.279299 -45.960956 2.493750


-4.658205 -47.827343 6.250000 
-4.968752 -49.066426 3.118750 
-2.484376 -48.448437 5.000000 
-4.658205 -47.827343 6.250000


-32.296888 -20.496102 6.881250 
-32.921087 -17.080085 6.250000 
-32.921087 -20.806649 5.000000 
-32.296888 -20.496102 6.881250


-28.880871 -29.501965 8.131250 
-31.057805 -28.570324 4.375000 
-30.436711 -30.123059 4.375000 
-28.880871 -29.501965 8.131250


-17.701179 -12.729322 7.500000 
-17.080085 -12.418775 3.125000 
-20.496102 -13.039869 1.875000 
-17.701179 -12.729322 7.500000


-17.701179 -46.582050 5.006250 
-16.148444 -49.376973 0.618750 
-16.458991 -46.582050 6.256250 
-17.701179 -46.582050 5.006250


-15.216803 -11.797681 4.375000 
-13.042974 -12.111333 8.131250 
-10.866040 -11.490239 6.875000 
-15.216803 -11.797681 4.375000


-10.248051 -29.191418 9.368750 
-10.866040 -32.917982 5.000000 
-10.866040 -19.253914 4.375000 
-10.248051 -29.191418 9.368750


-10.869145 -13.042974 7.506250 
-9.316410 -14.285162 2.493750 
-10.866040 -13.042974 0.000000 
-10.869145 -13.042974 7.506250


-4.968752 -43.166033 5.618750 
-3.726564 -44.408221 5.618750 
-5.279299 -45.960956 2.493750 
-4.968752 -43.166033 5.618750


-4.037111 -45.960956 3.118750 
-3.726564 -44.408221 5.618750 
-2.173829 -46.892597 4.993750 
-4.037111 -45.960956 3.118750


-2.173829 -46.892597 4.993750 
0.000000 -46.892597 5.618750 
-2.484376 -48.448437 5.000000 
-2.173829 -46.892597 4.993750


-32.607435 -14.282057 6.875000 
-31.365247 -14.282057 5.000000 
-32.921087 -17.080085 6.250000 
-32.607435 -14.282057 6.875000


-30.433606 -23.601572 8.756250 
-32.921087 -20.806649 5.000000 
-32.299993 -24.222666 4.375000 
-30.433606 -23.601572 8.756250


-32.607435 -14.282057 6.875000 
-30.123059 -13.971510 8.125000 
-31.365247 -14.282057 5.000000 
-32.607435 -14.282057 6.875000


-30.123059 -13.971510 8.125000 
-28.570324 -14.285162 10.631250 
-28.259777 -13.660963 3.125000 
-30.123059 -13.971510 8.125000


-20.496102 -43.476580 6.256250 
-23.601572 -40.681657 5.631250 
-22.359384 -42.544939 5.006250 
-20.496102 -43.476580 6.256250


-17.701179 -12.729322 7.500000 
-24.533213 -12.729322 7.500000 
-18.632820 -12.732427 11.881250 
-17.701179 -12.729322 7.500000


-20.496102 -43.476580 6.256250 
-22.359384 -42.544939 5.006250 
-17.701179 -46.582050 5.006250 
-20.496102 -43.476580 6.256250


-17.701179 -12.729322 7.500000 
-15.841002 -11.800786 8.125000 
-17.080085 -12.418775 3.125000 
-17.701179 -12.729322 7.500000


-17.080085 -12.418775 3.125000 
-15.841002 -11.800786 8.125000 
-15.216803 -11.797681 4.375000 
-17.080085 -12.418775 3.125000


-10.248051 -29.191418 9.368750 
-9.005863 -30.123059 9.993750 
-10.866040 -32.917982 5.000000 
-10.248051 -29.191418 9.368750


-9.313305 -16.458991 4.375000 
-9.623852 -18.632820 6.875000 
-10.866040 -19.253914 4.375000 
-9.313305 -16.458991 4.375000


-7.763675 -38.197281 6.868750 
-5.589846 -40.681657 8.118750 
-7.142581 -41.613298 4.993750 
-7.763675 -38.197281 6.868750


-4.968752 -43.166033 5.618750 
-4.037111 -41.923845 8.118750 
-3.726564 -44.408221 5.618750 
-4.968752 -43.166033 5.618750


-3.726564 -44.408221 5.618750 
0.000000 -46.892597 5.618750 
-2.173829 -46.892597 4.993750 
-3.726564 -44.408221 5.618750


0.621094 -44.097674 8.118750 
0.000000 -46.892597 5.618750 
-3.726564 -44.408221 5.618750 
0.621094 -44.097674 8.118750


-27.017589 -31.054700 10.006250 
-30.436711 -30.123059 4.375000 
-28.259777 -32.917982 6.256250 
-27.017589 -31.054700 10.006250


-27.017589 -31.054700 10.006250 
-28.880871 -29.501965 8.131250 
-30.436711 -30.123059 4.375000 
-27.017589 -31.054700 10.006250


-23.912119 -37.886734 8.131250 
-26.707042 -35.712905 6.256250 
-26.089053 -38.197281 4.375000 
-23.912119 -37.886734 8.131250


-20.496102 -43.476580 6.256250 
-17.701179 -46.582050 5.006250 
-16.458991 -46.582050 6.256250 
-20.496102 -43.476580 6.256250


-13.974615 -47.203144 6.881250 
-13.974615 -48.755879 5.006250 
-11.800786 -48.445332 6.256250 
-13.974615 -47.203144 6.881250


-8.074222 -32.607435 10.618750 
-8.692211 -34.781264 8.125000 
-10.866040 -32.917982 5.000000 
-8.074222 -32.607435 10.618750


-8.384769 -15.216803 6.881250 
-9.623852 -18.632820 6.875000 
-9.313305 -16.458991 4.375000 
-8.384769 -15.216803 6.881250


-7.142581 -41.613298 4.993750 
-5.589846 -40.681657 8.118750 
-4.968752 -43.166033 5.618750 
-7.142581 -41.613298 4.993750


-2.173829 -43.476580 7.493750 
0.621094 -44.097674 8.118750 
-3.726564 -44.408221 5.618750 
-2.173829 -43.476580 7.493750


0.310547 -47.513691 7.506250 
-2.484376 -48.448437 5.000000 
0.000000 -46.892597 5.618750 
0.310547 -47.513691 7.506250


0.621094 -44.097674 8.118750 
2.176934 -45.960956 7.500000 
0.000000 -46.892597 5.618750 
0.621094 -44.097674 8.118750


-30.433606 -23.601572 8.756250 
-32.296888 -20.496102 6.881250 
-32.921087 -20.806649 5.000000 
-30.433606 -23.601572 8.756250


-32.299993 -24.222666 4.375000 
-31.368352 -27.017589 4.375000 
-28.880871 -27.328136 10.006250 
-32.299993 -24.222666 4.375000


-28.880871 -27.328136 10.006250 
-31.368352 -27.017589 4.375000 
-31.057805 -28.570324 4.375000 
-28.880871 -27.328136 10.006250


-27.017589 -32.607435 8.756250 
-27.017589 -31.054700 10.006250 
-28.259777 -32.917982 6.256250 
-27.017589 -32.607435 8.756250


-24.533213 -35.091811 10.006250 
-28.259777 -32.917982 6.256250 
-28.573429 -34.470717 3.750000 
-24.533213 -35.091811 10.006250


-28.259777 -13.660963 3.125000 
-26.707042 -13.039869 10.625000 
-26.707042 -13.353521 -0.631250 
-28.259777 -13.660963 3.125000


-16.458991 -46.582050 6.256250 
-16.769538 -44.718768 8.131250 
-20.496102 -43.476580 6.256250 
-16.458991 -46.582050 6.256250


-11.800786 -48.445332 6.256250 
-11.800786 -47.203144 8.131250 
-13.974615 -47.203144 6.881250 
-11.800786 -48.445332 6.256250


-10.558598 -24.843760 8.743750 
-10.248051 -29.191418 9.368750 
-10.866040 -19.253914 4.375000 
-10.558598 -24.843760 8.743750


-9.623852 -18.632820 6.875000 
-9.626957 -21.427743 8.743750 
-10.866040 -19.253914 4.375000 
-9.623852 -18.632820 6.875000


-9.005863 -30.123059 9.993750 
-8.074222 -32.607435 10.618750 
-10.866040 -32.917982 5.000000 
-9.005863 -30.123059 9.993750


-10.248051 -36.333999 3.118750 
-7.142581 -36.644546 9.993750 
-7.763675 -38.197281 6.868750 
-10.248051 -36.333999 3.118750


-8.692211 -34.781264 8.125000 
-7.142581 -36.644546 9.993750 
-10.248051 -36.333999 3.118750 
-8.692211 -34.781264 8.125000


-4.037111 -41.923845 8.118750 
-2.173829 -43.476580 7.493750 
-3.726564 -44.408221 5.618750 
-4.037111 -41.923845 8.118750


-1.863282 -44.097674 14.381250 
-2.484376 -48.448437 5.000000 
0.310547 -47.513691 7.506250 
-1.863282 -44.097674 14.381250


-31.989446 -14.595709 9.375000 
-32.607435 -14.282057 6.875000 
-32.921087 -17.080085 6.250000 
-31.989446 -14.595709 9.375000


-31.989446 -14.595709 9.375000 
-30.123059 -13.971510 8.125000 
-32.607435 -14.282057 6.875000 
-31.989446 -14.595709 9.375000


-24.533213 -35.091811 10.006250 
-28.573429 -34.470717 3.750000 
-26.707042 -35.712905 6.256250 
-24.533213 -35.091811 10.006250


-24.222666 -13.042974 11.881250 
-26.707042 -13.353521 -0.631250 
-26.707042 -13.039869 10.625000 
-24.222666 -13.042974 11.881250


-23.912119 -37.886734 8.131250 
-26.089053 -38.197281 4.375000 
-23.601572 -40.681657 5.631250 
-23.912119 -37.886734 8.131250


-20.496102 -41.613298 8.756250 
-23.601572 -40.681657 5.631250 
-20.496102 -43.476580 6.256250 
-20.496102 -41.613298 8.756250


-20.496102 -41.613298 8.756250 
-20.496102 -43.476580 6.256250 
-16.769538 -44.718768 8.131250 
-20.496102 -41.613298 8.756250


-16.769538 -44.718768 8.131250 
-16.458991 -46.582050 6.256250 
-13.974615 -47.203144 6.881250 
-16.769538 -44.718768 8.131250


-14.595709 -45.650409 8.131250 
-16.769538 -44.718768 8.131250 
-13.974615 -47.203144 6.881250 
-14.595709 -45.650409 8.131250


-15.527350 -11.800786 10.006250 
-13.042974 -12.111333 8.131250 
-15.216803 -11.797681 4.375000 
-15.527350 -11.800786 10.006250


-10.866040 -11.490239 6.875000 
-13.042974 -12.111333 8.131250 
-10.869145 -13.042974 7.506250 
-10.866040 -11.490239 6.875000


-10.869145 -13.042974 7.506250 
-9.626957 -15.837897 8.756250 
-9.316410 -14.285162 2.493750 
-10.869145 -13.042974 7.506250


-8.695316 -46.271503 10.006250 
-11.800786 -47.203144 8.131250 
-11.800786 -48.445332 6.256250 
-8.695316 -46.271503 10.006250


-9.626957 -21.427743 8.743750 
-10.558598 -24.843760 8.743750 
-10.866040 -19.253914 4.375000 
-9.626957 -21.427743 8.743750


-9.316410 -14.285162 2.493750 
-9.626957 -15.837897 8.756250 
-8.384769 -15.216803 6.881250 
-9.316410 -14.285162 2.493750


-8.695316 -46.271503 10.006250 
-11.800786 -48.445332 6.256250 
-9.316410 -48.758984 5.000000 
-8.695316 -46.271503 10.006250


-8.384769 -15.216803 6.881250 
-8.692211 -17.701179 8.750000 
-9.623852 -18.632820 6.875000 
-8.384769 -15.216803 6.881250


-4.658205 -47.827343 6.250000 
-8.695316 -46.271503 10.006250 
-9.316410 -48.758984 5.000000 
-4.658205 -47.827343 6.250000


-6.210940 -46.271503 10.631250 
-8.695316 -46.271503 10.006250 
-4.658205 -47.827343 6.250000 
-6.210940 -46.271503 10.631250


-5.589846 -40.681657 8.118750 
-4.037111 -41.923845 8.118750 
-4.968752 -43.166033 5.618750 
-5.589846 -40.681657 8.118750


-2.173829 -46.274608 10.625000 
-4.658205 -47.827343 6.250000 
-2.484376 -48.448437 5.000000 
-2.173829 -46.274608 10.625000


-1.863282 -44.097674 14.381250 
-2.173829 -46.274608 10.625000 
-2.484376 -48.448437 5.000000 
-1.863282 -44.097674 14.381250


-2.173829 -43.476580 7.493750 
-0.617989 -42.544939 9.375000 
0.621094 -44.097674 8.118750 
-2.173829 -43.476580 7.493750


0.000000 -45.650409 11.881250 
2.176934 -45.960956 7.500000 
0.621094 -44.097674 8.118750 
0.000000 -45.650409 11.881250


0.310547 -47.513691 7.506250 
0.000000 -46.892597 5.618750 
2.798028 -47.824238 8.750000 
0.310547 -47.513691 7.506250


2.176934 -45.960956 7.500000 
2.798028 -47.824238 8.750000 
0.000000 -46.892597 5.618750 
2.176934 -45.960956 7.500000


-31.989446 -14.595709 9.375000 
-32.921087 -17.080085 6.250000 
-30.747258 -17.390632 12.500000 
-31.989446 -14.595709 9.375000


-24.533213 -35.091811 10.006250 
-26.707042 -35.712905 6.256250 
-23.912119 -37.886734 8.131250 
-24.533213 -35.091811 10.006250


-23.912119 -37.886734 8.131250 
-23.601572 -40.681657 5.631250 
-20.496102 -41.613298 8.756250 
-23.912119 -37.886734 8.131250


-18.632820 -12.108228 10.625000 
-15.841002 -11.800786 8.125000 
-17.701179 -12.729322 7.500000 
-18.632820 -12.108228 10.625000


-15.841002 -11.800786 8.125000 
-15.527350 -11.800786 10.006250 
-15.216803 -11.797681 4.375000 
-15.841002 -11.800786 8.125000


-11.800786 -47.203144 8.131250 
-14.595709 -45.650409 8.131250 
-13.974615 -47.203144 6.881250 
-11.800786 -47.203144 8.131250


-15.527350 -11.800786 10.006250 
-14.285162 -13.664068 10.631250 
-13.042974 -12.111333 8.131250 
-15.527350 -11.800786 10.006250


-13.042974 -12.111333 8.131250 
-11.490239 -14.285162 8.756250 
-10.869145 -13.042974 7.506250 
-13.042974 -12.111333 8.131250


-11.490239 -14.285162 8.756250 
-9.626957 -15.837897 8.756250 
-10.869145 -13.042974 7.506250 
-11.490239 -14.285162 8.756250


-9.626957 -15.837897 8.756250 
-8.692211 -17.701179 8.750000 
-8.384769 -15.216803 6.881250 
-9.626957 -15.837897 8.756250


-5.589846 -38.507828 9.993750 
-4.037111 -41.923845 8.118750 
-5.589846 -40.681657 8.118750 
-5.589846 -38.507828 9.993750


-2.484376 -40.992204 9.368750 
-2.173829 -43.476580 7.493750 
-4.037111 -41.923845 8.118750 
-2.484376 -40.992204 9.368750


-2.484376 -40.992204 9.368750 
-0.617989 -42.544939 9.375000 
-2.173829 -43.476580 7.493750 
-2.484376 -40.992204 9.368750


-30.126164 -19.875008 12.500000 
-32.921087 -17.080085 6.250000 
-32.296888 -20.496102 6.881250 
-30.126164 -19.875008 12.500000


-27.017589 -32.607435 8.756250 
-28.259777 -32.917982 6.256250 
-24.533213 -35.091811 10.006250 
-27.017589 -32.607435 8.756250


-24.222666 -13.042974 11.881250 
-24.533213 -12.729322 7.500000 
-26.707042 -13.353521 -0.631250 
-24.222666 -13.042974 11.881250


-18.632820 -12.732427 11.881250 
-18.632820 -12.108228 10.625000 
-17.701179 -12.729322 7.500000 
-18.632820 -12.732427 11.881250


-16.769538 -42.544939 10.631250 
-20.496102 -41.613298 8.756250 
-16.769538 -44.718768 8.131250 
-16.769538 -42.544939 10.631250


-18.632820 -12.108228 10.625000 
-15.527350 -11.800786 10.006250 
-15.841002 -11.800786 8.125000 
-18.632820 -12.108228 10.625000


-14.285162 -13.664068 10.631250 
-11.490239 -14.285162 8.756250 
-13.042974 -12.111333 8.131250 
-14.285162 -13.664068 10.631250


-8.695316 -46.271503 10.006250 
-12.421880 -45.339862 10.006250 
-11.800786 -47.203144 8.131250 
-8.695316 -46.271503 10.006250


-9.626957 -21.427743 8.743750 
-8.384769 -25.464854 10.618750 
-10.558598 -24.843760 8.743750 
-9.626957 -21.427743 8.743750


-8.692211 -19.875008 9.375000 
-9.626957 -21.427743 8.743750 
-9.623852 -18.632820 6.875000 
-8.692211 -19.875008 9.375000


-9.623852 -18.632820 6.875000 
-8.692211 -17.701179 8.750000 
-8.692211 -19.875008 9.375000 
-9.623852 -18.632820 6.875000


-7.763675 -38.197281 6.868750 
-7.142581 -36.644546 9.993750 
-5.589846 -40.681657 8.118750 
-7.763675 -38.197281 6.868750


-7.142581 -36.644546 9.993750 
-5.589846 -38.507828 9.993750 
-5.589846 -40.681657 8.118750 
-7.142581 -36.644546 9.993750


-2.484376 -40.992204 9.368750 
-4.037111 -41.923845 8.118750 
-5.589846 -38.507828 9.993750 
-2.484376 -40.992204 9.368750


-0.617989 -42.544939 9.375000 
-1.863282 -44.097674 14.381250 
0.621094 -44.097674 8.118750 
-0.617989 -42.544939 9.375000


-30.747258 -17.390632 12.500000 
-32.921087 -17.080085 6.250000 
-30.126164 -19.875008 12.500000 
-30.747258 -17.390632 12.500000


-29.815617 -21.738290 11.875000 
-30.126164 -19.875008 12.500000 
-32.296888 -20.496102 6.881250 
-29.815617 -21.738290 11.875000


-31.989446 -14.595709 9.375000 
-28.570324 -14.285162 10.631250 
-30.123059 -13.971510 8.125000 
-31.989446 -14.595709 9.375000


-28.880871 -27.328136 10.006250 
-31.057805 -28.570324 4.375000 
-28.880871 -29.501965 8.131250 
-28.880871 -27.328136 10.006250


-27.328136 -29.501965 11.256250 
-28.880871 -29.501965 8.131250 
-27.017589 -31.054700 10.006250 
-27.328136 -29.501965 11.256250


-24.533213 -12.729322 7.500000 
-24.222666 -13.042974 11.881250 
-20.496102 -12.732427 11.881250 
-24.533213 -12.729322 7.500000


-19.253914 -41.302751 10.006250 
-23.912119 -37.886734 8.131250 
-20.496102 -41.613298 8.756250 
-19.253914 -41.302751 10.006250


-19.253914 -41.302751 10.006250 
-20.496102 -41.613298 8.756250 
-16.769538 -42.544939 10.631250 
-19.253914 -41.302751 10.006250


-18.632820 -12.108228 10.625000 
-16.458991 -12.421880 10.631250 
-15.527350 -11.800786 10.006250 
-18.632820 -12.108228 10.625000


-16.769538 -42.544939 10.631250 
-16.769538 -44.718768 8.131250 
-14.595709 -45.650409 8.131250 
-16.769538 -42.544939 10.631250


-11.800786 -47.203144 8.131250 
-14.906256 -42.855486 11.881250 
-14.595709 -45.650409 8.131250 
-11.800786 -47.203144 8.131250


-12.421880 -45.339862 10.006250 
-14.906256 -42.855486 11.881250 
-11.800786 -47.203144 8.131250 
-12.421880 -45.339862 10.006250


-9.626957 -15.837897 8.756250 
-10.869145 -17.390632 10.631250 
-8.692211 -17.701179 8.750000 
-9.626957 -15.837897 8.756250


-10.558598 -24.843760 8.743750 
-9.005863 -30.123059 9.993750 
-10.248051 -29.191418 9.368750 
-10.558598 -24.843760 8.743750


-8.384769 -25.464854 10.618750 
-9.005863 -30.123059 9.993750 
-10.558598 -24.843760 8.743750 
-8.384769 -25.464854 10.618750


-8.384769 -25.464854 10.618750 
-8.384769 -28.259777 10.618750 
-9.005863 -30.123059 9.993750 
-8.384769 -25.464854 10.618750


-10.248051 -19.875008 11.881250 
-8.692211 -19.875008 9.375000 
-8.692211 -17.701179 8.750000 
-10.248051 -19.875008 11.881250


-8.692211 -19.875008 9.375000 
-8.381664 -22.048837 10.000000 
-9.626957 -21.427743 8.743750 
-8.692211 -19.875008 9.375000


-8.074222 -32.607435 10.618750 
-6.832034 -34.160170 11.243750 
-8.692211 -34.781264 8.125000 
-8.074222 -32.607435 10.618750


-9.005863 -30.123059 9.993750 
-8.384769 -28.259777 10.618750 
-8.074222 -32.607435 10.618750 
-9.005863 -30.123059 9.993750


-6.832034 -34.160170 11.243750 
-7.142581 -36.644546 9.993750 
-8.692211 -34.781264 8.125000 
-6.832034 -34.160170 11.243750


-6.210940 -46.271503 10.631250 
-4.658205 -47.827343 6.250000 
-2.173829 -46.274608 10.625000 
-6.210940 -46.271503 10.631250


-5.589846 -38.507828 9.993750 
-3.102365 -39.128922 10.625000 
-2.484376 -40.992204 9.368750 
-5.589846 -38.507828 9.993750


-0.617989 -42.544939 9.375000 
-2.484376 -40.992204 9.368750 
-3.102365 -39.128922 10.625000 
-0.617989 -42.544939 9.375000


0.000000 -45.650409 11.881250 
2.798028 -47.824238 8.750000 
2.176934 -45.960956 7.500000 
0.000000 -45.650409 11.881250


-27.328136 -29.501965 11.256250 
-28.880871 -27.328136 10.006250 
-28.880871 -29.501965 8.131250 
-27.328136 -29.501965 11.256250


-28.570324 -14.285162 10.631250 
-26.707042 -13.039869 10.625000 
-28.259777 -13.660963 3.125000 
-28.570324 -14.285162 10.631250


-24.533213 -35.091811 10.006250 
-23.912119 -37.886734 8.131250 
-22.980478 -36.955093 10.631250 
-24.533213 -35.091811 10.006250


-20.496102 -39.439469 11.256250 
-22.980478 -36.955093 10.631250 
-23.912119 -37.886734 8.131250 
-20.496102 -39.439469 11.256250


-20.496102 -39.439469 11.256250 
-23.912119 -37.886734 8.131250 
-19.253914 -41.302751 10.006250 
-20.496102 -39.439469 11.256250


-14.285162 -13.664068 10.631250 
-10.869145 -17.390632 10.631250 
-11.490239 -14.285162 8.756250 
-14.285162 -13.664068 10.631250


-11.490239 -14.285162 8.756250 
-10.869145 -17.390632 10.631250 
-9.626957 -15.837897 8.756250 
-11.490239 -14.285162 8.756250


-10.869145 -17.390632 10.631250 
-10.869145 -18.943367 11.881250 
-8.692211 -17.701179 8.750000 
-10.869145 -17.390632 10.631250


-8.692211 -17.701179 8.750000 
-10.869145 -18.943367 11.881250 
-10.248051 -19.875008 11.881250 
-8.692211 -17.701179 8.750000


-9.626957 -21.427743 8.743750 
-8.381664 -22.048837 10.000000 
-8.384769 -25.464854 10.618750 
-9.626957 -21.427743 8.743750


-7.760570 -26.396495 11.250000 
-8.384769 -28.259777 10.618750 
-8.384769 -25.464854 10.618750 
-7.760570 -26.396495 11.250000


-6.832034 -34.160170 11.243750 
-4.344553 -36.955093 11.250000 
-7.142581 -36.644546 9.993750 
-6.832034 -34.160170 11.243750


-4.344553 -36.955093 11.250000 
-5.589846 -38.507828 9.993750 
-7.142581 -36.644546 9.993750 
-4.344553 -36.955093 11.250000


-4.344553 -36.955093 11.250000 
-3.102365 -39.128922 10.625000 
-5.589846 -38.507828 9.993750 
-4.344553 -36.955093 11.250000


-3.726564 -42.544939 16.256250 
-0.617989 -42.544939 9.375000 
-3.102365 -39.128922 10.625000 
-3.726564 -42.544939 16.256250


0.310547 -47.513691 7.506250 
0.000000 -45.650409 11.881250 
-1.863282 -44.097674 14.381250 
0.310547 -47.513691 7.506250


2.798028 -47.824238 8.750000 
0.000000 -45.650409 11.881250 
0.310547 -47.513691 7.506250 
2.798028 -47.824238 8.750000


-29.815617 -21.738290 11.875000 
-32.296888 -20.496102 6.881250 
-30.433606 -23.601572 8.756250 
-29.815617 -21.738290 11.875000


-31.989446 -14.595709 9.375000 
-28.259777 -14.592604 12.500000 
-28.570324 -14.285162 10.631250 
-31.989446 -14.595709 9.375000


-28.262882 -25.464854 13.125000 
-32.299993 -24.222666 4.375000 
-28.880871 -27.328136 10.006250 
-28.262882 -25.464854 13.125000


-28.259777 -14.592604 12.500000 
-26.707042 -13.039869 10.625000 
-28.570324 -14.285162 10.631250 
-28.259777 -14.592604 12.500000


-17.390632 -40.681657 13.131250 
-20.496102 -39.439469 11.256250 
-19.253914 -41.302751 10.006250 
-17.390632 -40.681657 13.131250


-18.632820 -12.732427 11.881250 
-16.458991 -12.421880 10.631250 
-18.632820 -12.108228 10.625000 
-18.632820 -12.732427 11.881250


-16.769538 -42.544939 10.631250 
-17.390632 -40.681657 13.131250 
-19.253914 -41.302751 10.006250 
-16.769538 -42.544939 10.631250


-16.458991 -12.421880 10.631250 
-14.285162 -13.664068 10.631250 
-15.527350 -11.800786 10.006250 
-16.458991 -12.421880 10.631250


-15.527350 -14.906256 11.881250 
-14.285162 -13.664068 10.631250 
-16.458991 -12.421880 10.631250 
-15.527350 -14.906256 11.881250


-16.769538 -42.544939 10.631250 
-14.595709 -45.650409 8.131250 
-14.906256 -42.855486 11.881250 
-16.769538 -42.544939 10.631250


-10.869145 -17.390632 10.631250 
-14.285162 -13.664068 10.631250 
-13.974615 -16.769538 11.881250 
-10.869145 -17.390632 10.631250


-10.869145 -17.390632 10.631250 
-13.974615 -16.769538 11.881250 
-10.869145 -18.943367 11.881250 
-10.869145 -17.390632 10.631250


-11.800786 -44.097674 11.881250 
-12.421880 -45.339862 10.006250 
-8.695316 -46.271503 10.006250 
-11.800786 -44.097674 11.881250


-10.248051 -25.464854 14.381250 
-7.760570 -26.396495 11.250000 
-8.384769 -25.464854 10.618750 
-10.248051 -25.464854 14.381250


-8.384769 -28.259777 10.618750 
-6.832034 -34.160170 11.243750 
-8.074222 -32.607435 10.618750 
-8.384769 -28.259777 10.618750


-6.518382 -31.054700 11.875000 
-6.832034 -34.160170 11.243750 
-8.384769 -28.259777 10.618750 
-6.518382 -31.054700 11.875000


-5.589846 -34.470717 11.881250 
-4.344553 -36.955093 11.250000 
-6.832034 -34.160170 11.243750 
-5.589846 -34.470717 11.881250


-6.210940 -46.271503 10.631250 
-2.173829 -46.274608 10.625000 
-5.279299 -45.339862 11.881250 
-6.210940 -46.271503 10.631250


0.000000 -45.650409 11.881250 
0.621094 -44.097674 8.118750 
-1.863282 -44.097674 14.381250 
0.000000 -45.650409 11.881250


-28.883976 -23.291025 13.125000 
-29.815617 -21.738290 11.875000 
-30.433606 -23.601572 8.756250 
-28.883976 -23.291025 13.125000


-28.262882 -25.464854 13.125000 
-30.433606 -23.601572 8.756250 
-32.299993 -24.222666 4.375000 
-28.262882 -25.464854 13.125000


-28.262882 -25.464854 13.125000 
-28.883976 -23.291025 13.125000 
-30.433606 -23.601572 8.756250 
-28.262882 -25.464854 13.125000


-24.533213 -12.729322 7.500000 
-20.496102 -12.732427 11.881250 
-18.632820 -12.732427 11.881250 
-24.533213 -12.729322 7.500000


-17.390632 -40.681657 13.131250 
-21.427743 -35.402358 16.256250 
-20.496102 -39.439469 11.256250 
-17.390632 -40.681657 13.131250


-18.632820 -12.732427 11.881250 
-15.527350 -14.906256 11.881250 
-16.458991 -12.421880 10.631250 
-18.632820 -12.732427 11.881250


-14.906256 -42.855486 11.881250 
-16.458991 -39.128922 17.506250 
-16.769538 -42.544939 10.631250 
-14.906256 -42.855486 11.881250


-11.800786 -44.097674 11.881250 
-14.906256 -42.855486 11.881250 
-12.421880 -45.339862 10.006250 
-11.800786 -44.097674 11.881250


-10.248051 -19.875008 11.881250 
-10.248051 -22.669931 13.131250 
-8.381664 -22.048837 10.000000 
-10.248051 -19.875008 11.881250


-8.692211 -19.875008 9.375000 
-10.248051 -19.875008 11.881250 
-8.381664 -22.048837 10.000000 
-8.692211 -19.875008 9.375000


-8.695316 -46.271503 10.006250 
-8.384769 -43.787127 13.131250 
-11.800786 -44.097674 11.881250 
-8.695316 -46.271503 10.006250


-6.518382 -31.054700 11.875000 
-5.589846 -34.470717 11.881250 
-6.832034 -34.160170 11.243750 
-6.518382 -31.054700 11.875000


-5.279299 -45.339862 11.881250 
-8.384769 -43.787127 13.131250 
-6.210940 -46.271503 10.631250 
-5.279299 -45.339862 11.881250


-25.154307 -31.986341 13.131250 
-27.017589 -31.054700 10.006250 
-27.017589 -32.607435 8.756250 
-25.154307 -31.986341 13.131250


-23.912119 -13.350416 13.750000 
-24.222666 -13.042974 11.881250 
-26.707042 -13.039869 10.625000 
-23.912119 -13.350416 13.750000


-21.427743 -35.402358 16.256250 
-24.533213 -35.091811 10.006250 
-22.980478 -36.955093 10.631250 
-21.427743 -35.402358 16.256250


-23.912119 -13.350416 13.750000 
-20.496102 -12.732427 11.881250 
-24.222666 -13.042974 11.881250 
-23.912119 -13.350416 13.750000


-21.427743 -35.402358 16.256250 
-22.980478 -36.955093 10.631250 
-20.496102 -39.439469 11.256250 
-21.427743 -35.402358 16.256250


-20.496102 -12.732427 11.881250 
-21.427743 -13.974615 13.131250 
-18.632820 -12.732427 11.881250 
-20.496102 -12.732427 11.881250


-19.253914 -14.285162 13.131250 
-18.632820 -12.732427 11.881250 
-21.427743 -13.974615 13.131250 
-19.253914 -14.285162 13.131250


-19.253914 -14.285162 13.131250 
-18.940262 -14.906256 14.375000 
-16.458991 -18.011726 13.131250 
-19.253914 -14.285162 13.131250


-13.974615 -16.769538 11.881250 
-19.253914 -14.285162 13.131250 
-16.458991 -18.011726 13.131250 
-13.974615 -16.769538 11.881250


-13.974615 -16.769538 11.881250 
-18.632820 -12.732427 11.881250 
-19.253914 -14.285162 13.131250 
-13.974615 -16.769538 11.881250


-15.527350 -14.906256 11.881250 
-18.632820 -12.732427 11.881250 
-13.974615 -16.769538 11.881250 
-15.527350 -14.906256 11.881250


-14.285162 -13.664068 10.631250 
-15.527350 -14.906256 11.881250 
-13.974615 -16.769538 11.881250 
-14.285162 -13.664068 10.631250


-10.869145 -18.943367 11.881250 
-13.974615 -16.769538 11.881250 
-14.285162 -19.253914 13.131250 
-10.869145 -18.943367 11.881250


-11.179692 -20.496102 13.131250 
-10.869145 -18.943367 11.881250 
-14.285162 -19.253914 13.131250 
-11.179692 -20.496102 13.131250


-10.869145 -18.943367 11.881250 
-11.179692 -20.496102 13.131250 
-10.248051 -19.875008 11.881250 
-10.869145 -18.943367 11.881250


-8.384769 -43.787127 13.131250 
-10.869145 -41.926950 16.875000 
-11.800786 -44.097674 11.881250 
-8.384769 -43.787127 13.131250


-8.381664 -22.048837 10.000000 
-10.248051 -25.464854 14.381250 
-8.384769 -25.464854 10.618750 
-8.381664 -22.048837 10.000000


-8.384769 -43.787127 13.131250 
-8.695316 -46.271503 10.006250 
-6.210940 -46.271503 10.631250 
-8.384769 -43.787127 13.131250


-8.074222 -31.675794 15.631250 
-5.589846 -34.470717 11.881250 
-6.518382 -31.054700 11.875000 
-8.074222 -31.675794 15.631250


-5.589846 -34.470717 11.881250 
-7.139476 -36.023452 16.250000 
-4.344553 -36.955093 11.250000 
-5.589846 -34.470717 11.881250


-28.262882 -25.464854 13.125000 
-28.880871 -27.328136 10.006250 
-27.328136 -29.501965 11.256250 
-28.262882 -25.464854 13.125000


-25.154307 -31.986341 13.131250 
-27.328136 -29.501965 11.256250 
-27.017589 -31.054700 10.006250 
-25.154307 -31.986341 13.131250


-22.048837 -33.228529 17.506250 
-25.154307 -31.986341 13.131250 
-27.017589 -32.607435 8.756250 
-22.048837 -33.228529 17.506250


-23.912119 -13.350416 13.750000 
-21.427743 -13.974615 13.131250 
-20.496102 -12.732427 11.881250 
-23.912119 -13.350416 13.750000


-16.458991 -39.128922 17.506250 
-17.390632 -40.681657 13.131250 
-16.769538 -42.544939 10.631250 
-16.458991 -39.128922 17.506250


-13.974615 -16.769538 11.881250 
-16.458991 -18.011726 13.131250 
-14.285162 -19.253914 13.131250 
-13.974615 -16.769538 11.881250


-11.179692 -20.496102 13.131250 
-10.248051 -22.669931 13.131250 
-10.248051 -19.875008 11.881250 
-11.179692 -20.496102 13.131250


-7.760570 -26.396495 11.250000 
-9.623852 -28.259777 15.000000 
-8.384769 -28.259777 10.618750 
-7.760570 -26.396495 11.250000


-4.344553 -36.955093 11.250000 
-4.965647 -39.128922 15.000000 
-3.102365 -39.128922 10.625000 
-4.344553 -36.955093 11.250000


-28.570324 -18.322273 16.256250 
-30.747258 -17.390632 12.500000 
-30.126164 -19.875008 12.500000 
-28.570324 -18.322273 16.256250


-29.191418 -14.906256 16.256250 
-28.259777 -14.592604 12.500000 
-31.989446 -14.595709 9.375000 
-29.191418 -14.906256 16.256250


-27.949230 -21.117196 16.256250 
-30.126164 -19.875008 12.500000 
-29.815617 -21.738290 11.875000 
-27.949230 -21.117196 16.256250


-27.949230 -21.117196 16.256250 
-29.815617 -21.738290 11.875000 
-28.883976 -23.291025 13.125000 
-27.949230 -21.117196 16.256250


-26.707042 -14.282057 16.250000 
-26.707042 -13.039869 10.625000 
-28.259777 -14.592604 12.500000 
-26.707042 -14.282057 16.250000


-22.048837 -14.906256 14.381250 
-19.253914 -14.285162 13.131250 
-21.427743 -13.974615 13.131250 
-22.048837 -14.906256 14.381250


-18.940262 -14.906256 14.375000 
-19.253914 -14.285162 13.131250 
-22.048837 -14.906256 14.381250 
-18.940262 -14.906256 14.375000


-14.285162 -19.253914 13.131250 
-16.458991 -18.011726 13.131250 
-14.906256 -20.806649 13.756250 
-14.285162 -19.253914 13.131250


-14.285162 -19.253914 13.131250 
-14.906256 -20.806649 13.756250 
-11.179692 -20.496102 13.131250 
-14.285162 -19.253914 13.131250


-11.490239 -23.601572 15.006250 
-10.248051 -25.464854 14.381250 
-10.248051 -22.669931 13.131250 
-11.490239 -23.601572 15.006250


-10.248051 -22.669931 13.131250 
-10.248051 -25.464854 14.381250 
-8.381664 -22.048837 10.000000 
-10.248051 -22.669931 13.131250


-9.623852 -28.259777 15.000000 
-9.005863 -30.433606 15.631250 
-8.384769 -28.259777 10.618750 
-9.623852 -28.259777 15.000000


-5.279299 -45.339862 11.881250 
-4.658205 -43.166033 15.006250 
-8.384769 -43.787127 13.131250 
-5.279299 -45.339862 11.881250


-5.279299 -45.339862 11.881250 
-2.173829 -46.274608 10.625000 
-4.658205 -43.166033 15.006250 
-5.279299 -45.339862 11.881250


-1.863282 -44.097674 14.381250 
-0.617989 -42.544939 9.375000 
-3.726564 -42.544939 16.256250 
-1.863282 -44.097674 14.381250


-30.747258 -17.390632 12.500000 
-29.191418 -14.906256 16.256250 
-31.989446 -14.595709 9.375000 
-30.747258 -17.390632 12.500000


-26.396495 -26.396495 16.256250 
-28.883976 -23.291025 13.125000 
-28.262882 -25.464854 13.125000 
-26.396495 -26.396495 16.256250


-26.707042 -14.282057 16.250000 
-28.259777 -14.592604 12.500000 
-27.949230 -14.906256 17.506250 
-26.707042 -14.282057 16.250000


-22.048837 -33.228529 17.506250 
-27.017589 -32.607435 8.756250 
-24.533213 -35.091811 10.006250 
-22.048837 -33.228529 17.506250


-23.912119 -14.906256 15.631250 
-22.048837 -14.906256 14.381250 
-23.912119 -13.350416 13.750000 
-23.912119 -14.906256 15.631250


-21.427743 -13.974615 13.131250 
-23.912119 -13.350416 13.750000 
-22.048837 -14.906256 14.381250 
-21.427743 -13.974615 13.131250


-16.458991 -18.011726 13.131250 
-18.011726 -17.080085 15.631250 
-14.906256 -20.806649 13.756250 
-16.458991 -18.011726 13.131250


-12.732427 -41.613298 16.881250 
-16.458991 -39.128922 17.506250 
-14.906256 -42.855486 11.881250 
-12.732427 -41.613298 16.881250


-12.732427 -41.613298 16.881250 
-14.906256 -42.855486 11.881250 
-11.800786 -44.097674 11.881250 
-12.732427 -41.613298 16.881250


-14.906256 -20.806649 13.756250 
-12.732427 -22.669931 15.006250 
-10.248051 -22.669931 13.131250 
-14.906256 -20.806649 13.756250


-11.179692 -20.496102 13.131250 
-14.906256 -20.806649 13.756250 
-10.248051 -22.669931 13.131250 
-11.179692 -20.496102 13.131250


-12.732427 -22.669931 15.006250 
-11.490239 -23.601572 15.006250 
-10.248051 -22.669931 13.131250 
-12.732427 -22.669931 15.006250


-8.384769 -28.259777 10.618750 
-9.005863 -30.433606 15.631250 
-6.518382 -31.054700 11.875000 
-8.384769 -28.259777 10.618750


-6.518382 -31.054700 11.875000 
-9.005863 -30.433606 15.631250 
-8.074222 -31.675794 15.631250 
-6.518382 -31.054700 11.875000


-7.139476 -36.023452 16.250000 
-4.965647 -39.128922 15.000000 
-4.344553 -36.955093 11.250000 
-7.139476 -36.023452 16.250000


-4.658205 -43.166033 15.006250 
-2.173829 -46.274608 10.625000 
-1.863282 -44.097674 14.381250 
-4.658205 -43.166033 15.006250


-28.570324 -18.322273 16.256250 
-30.126164 -19.875008 12.500000 
-27.949230 -21.117196 16.256250 
-28.570324 -18.322273 16.256250


-26.707042 -23.912119 16.881250 
-27.949230 -21.117196 16.256250 
-28.883976 -23.291025 13.125000 
-26.707042 -23.912119 16.881250


-29.191418 -14.906256 16.256250 
-27.949230 -14.906256 17.506250 
-28.259777 -14.592604 12.500000 
-29.191418 -14.906256 16.256250


-26.707042 -23.912119 16.881250 
-28.883976 -23.291025 13.125000 
-26.396495 -26.396495 16.256250 
-26.707042 -23.912119 16.881250


-24.843760 -27.328136 17.506250 
-28.262882 -25.464854 13.125000 
-27.328136 -29.501965 11.256250 
-24.843760 -27.328136 17.506250


-26.707042 -14.282057 16.250000 
-23.912119 -13.350416 13.750000 
-26.707042 -13.039869 10.625000 
-26.707042 -14.282057 16.250000


-22.048837 -33.228529 17.506250 
-24.222666 -29.191418 17.506250 
-25.154307 -31.986341 13.131250 
-22.048837 -33.228529 17.506250


-21.738290 -16.769538 15.006250 
-18.940262 -14.906256 14.375000 
-22.048837 -14.906256 14.381250 
-21.738290 -16.769538 15.006250


-18.011726 -17.080085 15.631250 
-18.940262 -14.906256 14.375000 
-21.738290 -16.769538 15.006250 
-18.011726 -17.080085 15.631250


-18.940262 -14.906256 14.375000 
-18.011726 -17.080085 15.631250 
-16.458991 -18.011726 13.131250 
-18.940262 -14.906256 14.375000


-14.595709 -21.427743 15.006250 
-12.732427 -22.669931 15.006250 
-14.906256 -20.806649 13.756250 
-14.595709 -21.427743 15.006250


-10.869145 -41.926950 16.875000 
-12.732427 -41.613298 16.881250 
-11.800786 -44.097674 11.881250 
-10.869145 -41.926950 16.875000


-10.248051 -25.464854 14.381250 
-9.623852 -28.259777 15.000000 
-7.760570 -26.396495 11.250000 
-10.248051 -25.464854 14.381250


-8.074222 -31.675794 15.631250 
-9.005863 -33.849623 18.131250 
-5.589846 -34.470717 11.881250 
-8.074222 -31.675794 15.631250


-9.005863 -33.849623 18.131250 
-7.139476 -36.023452 16.250000 
-5.589846 -34.470717 11.881250 
-9.005863 -33.849623 18.131250


-29.191418 -14.906256 16.256250 
-30.747258 -17.390632 12.500000 
-28.570324 -18.322273 16.256250 
-29.191418 -14.906256 16.256250


-24.843760 -27.328136 17.506250 
-26.396495 -26.396495 16.256250 
-28.262882 -25.464854 13.125000 
-24.843760 -27.328136 17.506250


-24.222666 -29.191418 17.506250 
-27.328136 -29.501965 11.256250 
-25.154307 -31.986341 13.131250 
-24.222666 -29.191418 17.506250


-23.912119 -13.350416 13.750000 
-26.707042 -14.282057 16.250000 
-23.912119 -14.906256 15.631250 
-23.912119 -13.350416 13.750000


-23.912119 -14.906256 15.631250 
-24.222666 -16.769538 15.631250 
-22.048837 -14.906256 14.381250 
-23.912119 -14.906256 15.631250


-22.048837 -14.906256 14.381250 
-24.222666 -16.769538 15.631250 
-21.738290 -16.769538 15.006250 
-22.048837 -14.906256 14.381250


-18.011726 -17.080085 15.631250 
-14.595709 -21.427743 15.006250 
-14.906256 -20.806649 13.756250 
-18.011726 -17.080085 15.631250


-10.248051 -25.464854 14.381250 
-11.179692 -28.570324 16.881250 
-9.623852 -28.259777 15.000000 
-10.248051 -25.464854 14.381250


-12.111333 -25.464854 16.256250 
-11.179692 -28.570324 16.881250 
-10.248051 -25.464854 14.381250 
-12.111333 -25.464854 16.256250


-4.965647 -39.128922 15.000000 
-6.210940 -40.681657 19.381250 
-3.102365 -39.128922 10.625000 
-4.965647 -39.128922 15.000000


-1.863282 -44.097674 14.381250 
-3.726564 -42.544939 16.256250 
-4.658205 -43.166033 15.006250 
-1.863282 -44.097674 14.381250


-23.291025 -17.701179 16.881250 
-21.738290 -16.769538 15.006250 
-24.222666 -16.769538 15.631250 
-23.291025 -17.701179 16.881250


-20.496102 -18.322273 15.631250 
-21.738290 -16.769538 15.006250 
-23.291025 -17.701179 16.881250 
-20.496102 -18.322273 15.631250


-18.011726 -17.080085 15.631250 
-21.738290 -16.769538 15.006250 
-20.496102 -18.322273 15.631250 
-18.011726 -17.080085 15.631250


-21.738290 -20.185555 17.506250 
-19.253914 -19.564461 16.881250 
-20.496102 -18.322273 15.631250 
-21.738290 -20.185555 17.506250


-20.496102 -18.322273 15.631250 
-19.253914 -19.564461 16.881250 
-14.595709 -21.427743 15.006250 
-20.496102 -18.322273 15.631250


-14.595709 -21.427743 15.006250 
-18.011726 -17.080085 15.631250 
-20.496102 -18.322273 15.631250 
-14.595709 -21.427743 15.006250


-18.011726 -38.818375 16.256250 
-17.390632 -40.681657 13.131250 
-16.458991 -39.128922 17.506250 
-18.011726 -38.818375 16.256250


-19.253914 -19.564461 16.881250 
-14.285162 -23.601572 16.881250 
-14.595709 -21.427743 15.006250 
-19.253914 -19.564461 16.881250


-14.285162 -23.601572 16.881250 
-12.111333 -25.464854 16.256250 
-12.732427 -22.669931 15.006250 
-14.285162 -23.601572 16.881250


-12.732427 -22.669931 15.006250 
-12.111333 -25.464854 16.256250 
-11.490239 -23.601572 15.006250 
-12.732427 -22.669931 15.006250


-11.490239 -23.601572 15.006250 
-12.111333 -25.464854 16.256250 
-10.248051 -25.464854 14.381250 
-11.490239 -23.601572 15.006250


-4.658205 -43.166033 15.006250 
-10.869145 -41.926950 16.875000 
-8.384769 -43.787127 13.131250 
-4.658205 -43.166033 15.006250


-9.005863 -37.576187 21.256250 
-4.965647 -39.128922 15.000000 
-7.139476 -36.023452 16.250000 
-9.005863 -37.576187 21.256250


-27.949230 -14.906256 17.506250 
-26.396495 -16.148444 17.506250 
-26.707042 -14.282057 16.250000 
-27.949230 -14.906256 17.506250


-26.396495 -16.148444 17.506250 
-23.912119 -14.906256 15.631250 
-26.707042 -14.282057 16.250000 
-26.396495 -16.148444 17.506250


-23.912119 -14.906256 15.631250 
-26.396495 -16.148444 17.506250 
-23.291025 -17.701179 16.881250 
-23.912119 -14.906256 15.631250


-23.912119 -14.906256 15.631250 
-23.291025 -17.701179 16.881250 
-24.222666 -16.769538 15.631250 
-23.912119 -14.906256 15.631250


-22.048837 -33.228529 17.506250 
-24.533213 -35.091811 10.006250 
-21.427743 -35.402358 16.256250 
-22.048837 -33.228529 17.506250


-20.496102 -18.322273 15.631250 
-23.291025 -17.701179 16.881250 
-23.291025 -20.185555 17.506250 
-20.496102 -18.322273 15.631250


-21.738290 -20.185555 17.506250 
-20.496102 -18.322273 15.631250 
-23.291025 -20.185555 17.506250 
-21.738290 -20.185555 17.506250


-18.011726 -38.818375 16.256250 
-21.427743 -35.402358 16.256250 
-17.390632 -40.681657 13.131250 
-18.011726 -38.818375 16.256250


-14.285162 -23.601572 16.881250 
-12.732427 -22.669931 15.006250 
-14.595709 -21.427743 15.006250 
-14.285162 -23.601572 16.881250


-11.490239 -40.371110 20.006250 
-12.732427 -41.613298 16.881250 
-10.869145 -41.926950 16.875000 
-11.490239 -40.371110 20.006250


-9.623852 -28.259777 15.000000 
-11.179692 -28.570324 16.881250 
-9.005863 -30.433606 15.631250 
-9.623852 -28.259777 15.000000


-6.210940 -40.681657 19.381250 
-10.869145 -41.926950 16.875000 
-4.658205 -43.166033 15.006250 
-6.210940 -40.681657 19.381250


-3.102365 -39.128922 10.625000 
-6.210940 -40.681657 19.381250 
-3.726564 -42.544939 16.256250 
-3.102365 -39.128922 10.625000


-27.949230 -14.906256 17.506250 
-29.191418 -14.906256 16.256250 
-28.570324 -18.322273 16.256250 
-27.949230 -14.906256 17.506250


-27.949230 -14.906256 17.506250 
-28.570324 -18.322273 16.256250 
-27.017589 -18.943367 18.756250 
-27.949230 -14.906256 17.506250


-27.017589 -18.943367 18.756250 
-28.570324 -18.322273 16.256250 
-27.949230 -21.117196 16.256250 
-27.017589 -18.943367 18.756250


-26.085948 -21.117196 20.631250 
-27.949230 -21.117196 16.256250 
-26.707042 -23.912119 16.881250 
-26.085948 -21.117196 20.631250


-26.396495 -16.148444 17.506250 
-25.154307 -18.943367 18.131250 
-23.291025 -17.701179 16.881250 
-26.396495 -16.148444 17.506250


-24.222666 -29.191418 17.506250 
-24.843760 -27.328136 17.506250 
-27.328136 -29.501965 11.256250 
-24.222666 -29.191418 17.506250


-23.291025 -17.701179 16.881250 
-25.154307 -18.943367 18.131250 
-23.291025 -20.185555 17.506250 
-23.291025 -17.701179 16.881250


-22.980478 -30.744153 18.131250 
-24.222666 -29.191418 17.506250 
-22.048837 -33.228529 17.506250 
-22.980478 -30.744153 18.131250


-20.496102 -34.470717 18.131250 
-21.427743 -35.402358 16.256250 
-18.011726 -38.818375 16.256250 
-20.496102 -34.470717 18.131250


-19.253914 -19.564461 16.881250 
-21.738290 -20.185555 17.506250 
-18.943367 -22.980478 16.881250 
-19.253914 -19.564461 16.881250


-18.943367 -22.980478 16.881250 
-15.527350 -24.222666 18.131250 
-14.285162 -23.601572 16.881250 
-18.943367 -22.980478 16.881250


-19.253914 -19.564461 16.881250 
-18.943367 -22.980478 16.881250 
-14.285162 -23.601572 16.881250 
-19.253914 -19.564461 16.881250


-13.974615 -40.371110 18.131250 
-16.458991 -39.128922 17.506250 
-12.732427 -41.613298 16.881250 
-13.974615 -40.371110 18.131250


-13.353521 -26.707042 17.506250 
-12.111333 -25.464854 16.256250 
-14.285162 -23.601572 16.881250 
-13.353521 -26.707042 17.506250


-9.937504 -31.675794 18.131250 
-9.005863 -30.433606 15.631250 
-11.179692 -28.570324 16.881250 
-9.937504 -31.675794 18.131250


-12.421880 -28.880871 18.756250 
-9.937504 -31.675794 18.131250 
-11.179692 -28.570324 16.881250 
-12.421880 -28.880871 18.756250


-9.937504 -31.675794 18.131250 
-9.005863 -33.849623 18.131250 
-8.074222 -31.675794 15.631250 
-9.937504 -31.675794 18.131250


-9.005863 -30.433606 15.631250 
-9.937504 -31.675794 18.131250 
-8.074222 -31.675794 15.631250 
-9.005863 -30.433606 15.631250


-4.965647 -39.128922 15.000000 
-7.453128 -40.060563 21.256250 
-6.210940 -40.681657 19.381250 
-4.965647 -39.128922 15.000000


-6.210940 -40.681657 19.381250 
-4.658205 -43.166033 15.006250 
-3.726564 -42.544939 16.256250 
-6.210940 -40.681657 19.381250


-26.396495 -16.148444 17.506250 
-27.017589 -18.943367 18.756250 
-25.154307 -18.943367 18.131250 
-26.396495 -16.148444 17.506250


-23.912119 -26.085948 21.256250 
-26.707042 -23.912119 16.881250 
-26.396495 -26.396495 16.256250 
-23.912119 -26.085948 21.256250


-23.912119 -26.085948 21.256250 
-26.396495 -26.396495 16.256250 
-24.843760 -27.328136 17.506250 
-23.912119 -26.085948 21.256250


-22.048837 -33.228529 17.506250 
-21.427743 -35.402358 16.256250 
-20.496102 -34.470717 18.131250 
-22.048837 -33.228529 17.506250


-18.943367 -22.980478 16.881250 
-21.738290 -20.185555 17.506250 
-20.806649 -22.359384 17.506250 
-18.943367 -22.980478 16.881250


-20.496102 -34.470717 18.131250 
-18.011726 -38.818375 16.256250 
-16.769538 -37.576187 18.756250 
-20.496102 -34.470717 18.131250


-16.769538 -37.576187 18.756250 
-18.011726 -38.818375 16.256250 
-16.458991 -39.128922 17.506250 
-16.769538 -37.576187 18.756250


-14.285162 -23.601572 16.881250 
-15.837897 -25.775401 18.131250 
-13.353521 -26.707042 17.506250 
-14.285162 -23.601572 16.881250


-15.837897 -25.775401 18.131250 
-14.285162 -23.601572 16.881250 
-15.527350 -24.222666 18.131250 
-15.837897 -25.775401 18.131250


-12.421880 -28.880871 18.756250 
-11.179692 -28.570324 16.881250 
-13.353521 -26.707042 17.506250 
-12.421880 -28.880871 18.756250


-11.179692 -28.570324 16.881250 
-12.111333 -25.464854 16.256250 
-13.353521 -26.707042 17.506250 
-11.179692 -28.570324 16.881250


-26.085948 -21.117196 20.631250 
-27.017589 -18.943367 18.756250 
-27.949230 -21.117196 16.256250 
-26.085948 -21.117196 20.631250


-26.396495 -16.148444 17.506250 
-27.949230 -14.906256 17.506250 
-27.017589 -18.943367 18.756250 
-26.396495 -16.148444 17.506250


-25.154307 -24.222666 20.006250 
-26.085948 -21.117196 20.631250 
-26.707042 -23.912119 16.881250 
-25.154307 -24.222666 20.006250


-25.154307 -24.222666 20.006250 
-26.707042 -23.912119 16.881250 
-23.912119 -26.085948 21.256250 
-25.154307 -24.222666 20.006250


-23.912119 -26.085948 21.256250 
-24.843760 -27.328136 17.506250 
-24.222666 -29.191418 17.506250 
-23.912119 -26.085948 21.256250


-22.048837 -29.812512 20.631250 
-24.222666 -29.191418 17.506250 
-22.980478 -30.744153 18.131250 
-22.048837 -29.812512 20.631250


-23.291025 -20.185555 17.506250 
-25.154307 -18.943367 18.131250 
-23.291025 -22.048837 19.381250 
-23.291025 -20.185555 17.506250


-21.738290 -20.185555 17.506250 
-23.291025 -22.048837 19.381250 
-20.806649 -22.359384 17.506250 
-21.738290 -20.185555 17.506250


-23.291025 -22.048837 19.381250 
-21.738290 -20.185555 17.506250 
-23.291025 -20.185555 17.506250 
-23.291025 -22.048837 19.381250


-21.427743 -31.054700 20.631250 
-22.980478 -30.744153 18.131250 
-22.048837 -33.228529 17.506250 
-21.427743 -31.054700 20.631250


-19.253914 -25.154307 19.381250 
-18.943367 -22.980478 16.881250 
-21.427743 -24.843760 20.631250 
-19.253914 -25.154307 19.381250


-21.427743 -24.843760 20.631250 
-18.943367 -22.980478 16.881250 
-20.806649 -22.359384 17.506250 
-21.427743 -24.843760 20.631250


-18.943367 -22.980478 16.881250 
-19.253914 -25.154307 19.381250 
-17.390632 -25.464854 18.756250 
-18.943367 -22.980478 16.881250


-15.837897 -25.775401 18.131250 
-18.943367 -22.980478 16.881250 
-17.390632 -25.464854 18.756250 
-15.837897 -25.775401 18.131250


-15.527350 -24.222666 18.131250 
-18.943367 -22.980478 16.881250 
-15.837897 -25.775401 18.131250 
-15.527350 -24.222666 18.131250


-11.490239 -40.371110 20.006250 
-13.974615 -40.371110 18.131250 
-12.732427 -41.613298 16.881250 
-11.490239 -40.371110 20.006250


-12.421880 -28.880871 18.756250 
-12.111333 -30.433606 19.381250 
-9.937504 -31.675794 18.131250 
-12.421880 -28.880871 18.756250


-9.005863 -33.849623 18.131250 
-10.248051 -35.402358 20.631250 
-7.139476 -36.023452 16.250000 
-9.005863 -33.849623 18.131250


-25.154307 -18.943367 18.131250 
-26.085948 -21.117196 20.631250 
-23.291025 -22.048837 19.381250 
-25.154307 -18.943367 18.131250


-22.048837 -29.812512 20.631250 
-23.912119 -26.085948 21.256250 
-24.222666 -29.191418 17.506250 
-22.048837 -29.812512 20.631250


-23.291025 -22.048837 19.381250 
-21.427743 -24.843760 20.631250 
-20.806649 -22.359384 17.506250 
-23.291025 -22.048837 19.381250


-21.427743 -31.054700 20.631250 
-22.048837 -33.228529 17.506250 
-20.496102 -34.470717 18.131250 
-21.427743 -31.054700 20.631250


-17.390632 -25.464854 18.756250 
-16.769538 -27.325031 20.000000 
-14.906256 -29.191418 20.006250 
-17.390632 -25.464854 18.756250


-16.769538 -37.576187 18.756250 
-16.458991 -39.128922 17.506250 
-13.974615 -40.371110 18.131250 
-16.769538 -37.576187 18.756250


-15.837897 -25.775401 18.131250 
-17.390632 -25.464854 18.756250 
-14.906256 -29.191418 20.006250 
-15.837897 -25.775401 18.131250


-12.421880 -28.880871 18.756250 
-15.837897 -25.775401 18.131250 
-14.906256 -29.191418 20.006250 
-12.421880 -28.880871 18.756250


-15.837897 -25.775401 18.131250 
-12.421880 -28.880871 18.756250 
-13.353521 -26.707042 17.506250 
-15.837897 -25.775401 18.131250


-12.421880 -28.880871 18.756250 
-14.906256 -29.191418 20.006250 
-12.111333 -30.433606 19.381250 
-12.421880 -28.880871 18.756250


-12.111333 -30.433606 19.381250 
-13.042974 -32.296888 21.256250 
-9.937504 -31.675794 18.131250 
-12.111333 -30.433606 19.381250


-13.042974 -32.296888 21.256250 
-9.934399 -33.849623 19.375000 
-9.937504 -31.675794 18.131250 
-13.042974 -32.296888 21.256250


-9.937504 -31.675794 18.131250 
-9.934399 -33.849623 19.375000 
-9.005863 -33.849623 18.131250 
-9.937504 -31.675794 18.131250


-6.210940 -40.681657 19.381250 
-7.453128 -40.060563 21.256250 
-10.869145 -41.926950 16.875000 
-6.210940 -40.681657 19.381250


-10.248051 -35.402358 20.631250 
-9.005863 -33.849623 18.131250 
-9.934399 -33.849623 19.375000 
-10.248051 -35.402358 20.631250


-27.017589 -18.943367 18.756250 
-26.085948 -21.117196 20.631250 
-25.154307 -18.943367 18.131250 
-27.017589 -18.943367 18.756250


-23.291025 -23.291025 20.631250 
-23.291025 -22.048837 19.381250 
-26.085948 -21.117196 20.631250 
-23.291025 -23.291025 20.631250


-21.427743 -31.054700 20.631250 
-22.048837 -29.812512 20.631250 
-22.980478 -30.744153 18.131250 
-21.427743 -31.054700 20.631250


-23.291025 -22.048837 19.381250 
-23.291025 -23.291025 20.631250 
-21.427743 -24.843760 20.631250 
-23.291025 -22.048837 19.381250


-17.080085 -36.023452 21.256250 
-21.427743 -31.054700 20.631250 
-20.496102 -34.470717 18.131250 
-17.080085 -36.023452 21.256250


-21.427743 -24.843760 20.631250 
-19.875008 -27.017589 20.631250 
-19.253914 -25.154307 19.381250 
-21.427743 -24.843760 20.631250


-17.390632 -25.464854 18.756250 
-19.253914 -25.154307 19.381250 
-19.875008 -27.017589 20.631250 
-17.390632 -25.464854 18.756250


-14.595709 -37.886734 21.256250 
-16.769538 -37.576187 18.756250 
-13.974615 -40.371110 18.131250 
-14.595709 -37.886734 21.256250


-12.111333 -34.160170 21.881250 
-10.248051 -35.402358 20.631250 
-9.934399 -33.849623 19.375000 
-12.111333 -34.160170 21.881250


-10.248051 -35.402358 20.631250 
-9.005863 -37.576187 21.256250 
-7.139476 -36.023452 16.250000 
-10.248051 -35.402358 20.631250


-9.005863 -37.576187 21.256250 
-7.453128 -40.060563 21.256250 
-4.965647 -39.128922 15.000000 
-9.005863 -37.576187 21.256250


-17.080085 -36.023452 21.256250 
-20.496102 -34.470717 18.131250 
-16.769538 -37.576187 18.756250 
-17.080085 -36.023452 21.256250


-17.390632 -25.464854 18.756250 
-19.875008 -27.017589 20.631250 
-16.769538 -27.325031 20.000000 
-17.390632 -25.464854 18.756250


-14.906256 -29.191418 20.006250 
-16.769538 -27.325031 20.000000 
-15.837897 -29.501965 20.631250 
-14.906256 -29.191418 20.006250


-14.906256 -29.191418 20.006250 
-15.837897 -29.501965 20.631250 
-12.111333 -30.433606 19.381250 
-14.906256 -29.191418 20.006250


-14.595709 -37.886734 21.256250 
-13.974615 -40.371110 18.131250 
-11.490239 -40.371110 20.006250 
-14.595709 -37.886734 21.256250


-11.800786 -38.818375 22.506250 
-14.595709 -37.886734 21.256250 
-11.490239 -40.371110 20.006250 
-11.800786 -38.818375 22.506250


-13.042974 -32.296888 21.256250 
-12.111333 -34.160170 21.881250 
-9.934399 -33.849623 19.375000 
-13.042974 -32.296888 21.256250


-23.912119 -25.154307 21.881250 
-25.154307 -24.222666 20.006250 
-23.912119 -26.085948 21.256250 
-23.912119 -25.154307 21.881250


-21.738290 -28.259777 22.506250 
-23.912119 -26.085948 21.256250 
-22.048837 -29.812512 20.631250 
-21.738290 -28.259777 22.506250


-23.291025 -23.291025 20.631250 
-23.912119 -25.154307 21.881250 
-21.427743 -24.843760 20.631250 
-23.291025 -23.291025 20.631250


-22.669931 -25.775401 22.506250 
-19.875008 -27.017589 20.631250 
-21.427743 -24.843760 20.631250 
-22.669931 -25.775401 22.506250


-19.875008 -27.017589 20.631250 
-18.632820 -28.570324 21.881250 
-16.769538 -27.325031 20.000000 
-19.875008 -27.017589 20.631250


-16.769538 -27.325031 20.000000 
-18.632820 -28.570324 21.881250 
-15.837897 -29.501965 20.631250 
-16.769538 -27.325031 20.000000


-15.837897 -29.501965 20.631250 
-15.216803 -32.296888 23.131250 
-13.042974 -32.296888 21.256250 
-15.837897 -29.501965 20.631250


-15.837897 -29.501965 20.631250 
-13.042974 -32.296888 21.256250 
-12.111333 -30.433606 19.381250 
-15.837897 -29.501965 20.631250


-9.626957 -38.818375 23.131250 
-9.005863 -37.576187 21.256250 
-10.248051 -35.402358 20.631250 
-9.626957 -38.818375 23.131250


-9.626957 -38.818375 23.131250 
-7.453128 -40.060563 21.256250 
-9.005863 -37.576187 21.256250 
-9.626957 -38.818375 23.131250


-26.085948 -21.117196 20.631250 
-25.154307 -24.222666 20.006250 
-23.912119 -25.154307 21.881250 
-26.085948 -21.117196 20.631250


-23.291025 -23.291025 20.631250 
-26.085948 -21.117196 20.631250 
-23.912119 -25.154307 21.881250 
-23.291025 -23.291025 20.631250


-23.912119 -25.154307 21.881250 
-22.669931 -25.775401 22.506250 
-21.427743 -24.843760 20.631250 
-23.912119 -25.154307 21.881250


-20.185555 -30.433606 22.506250 
-22.048837 -29.812512 20.631250 
-21.427743 -31.054700 20.631250 
-20.185555 -30.433606 22.506250


-20.185555 -30.433606 22.506250 
-21.427743 -31.054700 20.631250 
-17.080085 -36.023452 21.256250 
-20.185555 -30.433606 22.506250


-18.632820 -28.570324 21.881250 
-17.390632 -30.433606 22.506250 
-15.837897 -29.501965 20.631250 
-18.632820 -28.570324 21.881250


-17.080085 -36.023452 21.256250 
-16.769538 -37.576187 18.756250 
-14.595709 -37.886734 21.256250 
-17.080085 -36.023452 21.256250


-23.912119 -25.154307 21.881250 
-23.912119 -26.085948 21.256250 
-21.738290 -28.259777 22.506250 
-23.912119 -25.154307 21.881250


-22.669931 -25.775401 22.506250 
-23.912119 -25.154307 21.881250 
-21.738290 -28.259777 22.506250 
-22.669931 -25.775401 22.506250


-20.185555 -30.433606 22.506250 
-21.738290 -28.259777 22.506250 
-22.048837 -29.812512 20.631250 
-20.185555 -30.433606 22.506250


-22.669931 -25.775401 22.506250 
-21.738290 -28.259777 22.506250 
-19.875008 -27.017589 20.631250 
-22.669931 -25.775401 22.506250


-15.216803 -32.296888 23.131250 
-15.837897 -29.501965 20.631250 
-17.390632 -30.433606 22.506250 
-15.216803 -32.296888 23.131250


-13.042974 -32.296888 21.256250 
-15.216803 -32.296888 23.131250 
-12.111333 -34.160170 21.881250 
-13.042974 -32.296888 21.256250


-7.453128 -40.060563 21.256250 
-11.800786 -38.818375 22.506250 
-11.490239 -40.371110 20.006250 
-7.453128 -40.060563 21.256250


-7.453128 -40.060563 21.256250 
-11.490239 -40.371110 20.006250 
-10.869145 -41.926950 16.875000 
-7.453128 -40.060563 21.256250


-19.875008 -27.017589 20.631250 
-21.738290 -28.259777 22.506250 
-18.632820 -28.570324 21.881250 
-19.875008 -27.017589 20.631250


-18.632820 -28.570324 21.881250 
-19.253914 -30.430501 23.750000 
-17.390632 -30.433606 22.506250 
-18.632820 -28.570324 21.881250


-17.701179 -33.849623 22.506250 
-20.185555 -30.433606 22.506250 
-17.080085 -36.023452 21.256250 
-17.701179 -33.849623 22.506250


-14.285162 -35.712905 23.756250 
-17.701179 -33.849623 22.506250 
-17.080085 -36.023452 21.256250 
-14.285162 -35.712905 23.756250


-17.080085 -36.023452 21.256250 
-14.595709 -37.886734 21.256250 
-11.800786 -38.818375 22.506250 
-17.080085 -36.023452 21.256250


-14.285162 -35.712905 23.756250 
-17.080085 -36.023452 21.256250 
-11.800786 -38.818375 22.506250 
-14.285162 -35.712905 23.756250


-12.111333 -34.160170 21.881250 
-11.800786 -37.265640 24.381250 
-10.248051 -35.402358 20.631250 
-12.111333 -34.160170 21.881250


-9.626957 -38.818375 23.131250 
-11.800786 -38.818375 22.506250 
-7.453128 -40.060563 21.256250 
-9.626957 -38.818375 23.131250


-19.253914 -30.430501 23.750000 
-21.738290 -28.259777 22.506250 
-20.185555 -30.433606 22.506250 
-19.253914 -30.430501 23.750000


-21.738290 -28.259777 22.506250 
-19.253914 -30.430501 23.750000 
-18.632820 -28.570324 21.881250 
-21.738290 -28.259777 22.506250


-19.253914 -30.430501 23.750000 
-20.185555 -30.433606 22.506250 
-17.701179 -33.849623 22.506250 
-19.253914 -30.430501 23.750000


-16.458991 -32.296888 24.381250 
-15.216803 -32.296888 23.131250 
-17.390632 -30.433606 22.506250 
-16.458991 -32.296888 24.381250


-15.216803 -32.296888 23.131250 
-14.285162 -34.160170 24.381250 
-12.111333 -34.160170 21.881250 
-15.216803 -32.296888 23.131250


-11.800786 -37.265640 24.381250 
-14.285162 -35.712905 23.756250 
-11.800786 -38.818375 22.506250 
-11.800786 -37.265640 24.381250


-11.800786 -37.265640 24.381250 
-11.800786 -38.818375 22.506250 
-9.626957 -38.818375 23.131250 
-11.800786 -37.265640 24.381250


-10.248051 -35.402358 20.631250 
-11.800786 -37.265640 24.381250 
-9.626957 -38.818375 23.131250 
-10.248051 -35.402358 20.631250


-19.253914 -30.430501 23.750000 
-17.701179 -33.849623 22.506250 
-14.285162 -35.712905 23.756250 
-19.253914 -30.430501 23.750000


-16.458991 -32.296888 24.381250 
-14.285162 -34.160170 24.381250 
-15.216803 -32.296888 23.131250 
-16.458991 -32.296888 24.381250


-19.253914 -30.430501 23.750000 
-16.458991 -32.296888 24.381250 
-17.390632 -30.433606 22.506250 
-19.253914 -30.430501 23.750000


-16.458991 -32.296888 24.381250 
-19.253914 -30.430501 23.750000 
-14.285162 -35.712905 23.756250 
-16.458991 -32.296888 24.381250


-14.285162 -34.160170 24.381250 
-16.458991 -32.296888 24.381250 
-14.285162 -35.712905 23.756250 
-14.285162 -34.160170 24.381250


-14.285162 -34.160170 24.381250 
-11.800786 -37.265640 24.381250 
-12.111333 -34.160170 21.881250 
-14.285162 -34.160170 24.381250


-14.285162 -35.712905 23.756250 
-11.800786 -37.265640 24.381250 
-14.285162 -34.160170 24.381250 
-14.285162 -35.712905 23.756250


