806

-3.105470 -58.072289 -46.256250 
-0.621094 -59.003930 -46.256250 
-2.173829 -61.488306 -48.131250 
-3.105470 -58.072289 -46.256250


-3.108575 -60.556665 -46.250000 
-3.105470 -58.072289 -46.256250 
-2.173829 -61.488306 -48.131250 
-3.108575 -60.556665 -46.250000


-2.173829 -61.488306 -48.131250 
-2.173829 -60.249223 -43.750000 
-3.108575 -60.556665 -46.250000 
-2.173829 -61.488306 -48.131250


-2.173829 -60.249223 -43.750000 
-2.173829 -61.488306 -48.131250 
-0.621094 -59.003930 -46.256250 
-2.173829 -60.249223 -43.750000


-4.658205 -55.277366 -42.506250 
-3.105470 -58.072289 -46.256250 
-3.108575 -60.556665 -46.250000 
-4.658205 -55.277366 -42.506250


-0.931641 -56.830101 -42.506250 
-3.105470 -58.072289 -46.256250 
-4.658205 -55.277366 -42.506250 
-0.931641 -56.830101 -42.506250


-0.931641 -56.830101 -42.506250 
-0.621094 -59.003930 -46.256250 
-3.105470 -58.072289 -46.256250 
-0.931641 -56.830101 -42.506250


-0.931641 -56.830101 -42.506250 
1.242188 -58.382836 -43.756250 
-0.621094 -59.003930 -46.256250 
-0.931641 -56.830101 -42.506250


-5.589846 -60.246118 -40.006250 
-4.658205 -55.277366 -42.506250 
-3.108575 -60.556665 -46.250000 
-5.589846 -60.246118 -40.006250


0.310547 -59.628129 -41.250000 
-2.173829 -60.249223 -43.750000 
-0.621094 -59.003930 -46.256250 
0.310547 -59.628129 -41.250000


1.242188 -58.382836 -43.756250 
0.310547 -59.628129 -41.250000 
-0.621094 -59.003930 -46.256250 
1.242188 -58.382836 -43.756250


-0.931641 -56.830101 -42.506250 
2.176934 -57.761742 -41.250000 
1.242188 -58.382836 -43.756250 
-0.931641 -56.830101 -42.506250


-5.589846 -60.246118 -40.006250 
-3.108575 -60.556665 -46.250000 
-2.173829 -60.249223 -43.750000 
-5.589846 -60.246118 -40.006250


0.310547 -59.628129 -41.250000 
-2.484376 -59.628129 -38.750000 
-2.173829 -60.249223 -43.750000 
0.310547 -59.628129 -41.250000


3.416017 -56.830101 -42.506250 
2.176934 -57.761742 -41.250000 
-0.931641 -56.830101 -42.506250 
3.416017 -56.830101 -42.506250


-2.484376 -59.628129 -38.750000 
-5.589846 -60.246118 -40.006250 
-2.173829 -60.249223 -43.750000 
-2.484376 -59.628129 -38.750000


-4.658205 -55.277366 -42.506250 
-2.794923 -54.656272 -41.256250 
-0.931641 -56.830101 -42.506250 
-4.658205 -55.277366 -42.506250


-0.931641 -55.277366 -41.256250 
-0.931641 -56.830101 -42.506250 
-2.794923 -54.656272 -41.256250 
-0.931641 -55.277366 -41.256250


-0.931641 -55.277366 -41.256250 
3.416017 -56.830101 -42.506250 
-0.931641 -56.830101 -42.506250 
-0.931641 -55.277366 -41.256250


-0.931641 -55.277366 -41.256250 
5.589846 -55.587913 -41.881250 
3.416017 -56.830101 -42.506250 
-0.931641 -55.277366 -41.256250


-6.832034 -53.724631 -37.506250 
-4.658205 -55.277366 -42.506250 
-5.589846 -60.246118 -40.006250 
-6.832034 -53.724631 -37.506250


-4.347658 -53.414084 -41.256250 
-4.658205 -55.277366 -42.506250 
-6.832034 -53.724631 -37.506250 
-4.347658 -53.414084 -41.256250


-4.347658 -53.414084 -41.256250 
-2.794923 -54.656272 -41.256250 
-4.658205 -55.277366 -42.506250 
-4.347658 -53.414084 -41.256250


-0.931641 -55.277366 -41.256250 
3.416017 -54.345725 -40.631250 
5.589846 -55.587913 -41.881250 
-0.931641 -55.277366 -41.256250


5.589846 -55.587913 -41.881250 
4.971857 -56.519554 -41.250000 
3.416017 -56.830101 -42.506250 
5.589846 -55.587913 -41.881250


6.210940 -55.898460 -40.631250 
4.971857 -56.519554 -41.250000 
5.589846 -55.587913 -41.881250 
6.210940 -55.898460 -40.631250


-5.589846 -50.929708 -40.006250 
-2.794923 -54.656272 -41.256250 
-4.347658 -53.414084 -41.256250 
-5.589846 -50.929708 -40.006250


-3.416017 -52.792990 -40.006250 
-2.794923 -54.656272 -41.256250 
-5.589846 -50.929708 -40.006250 
-3.416017 -52.792990 -40.006250


-3.416017 -52.792990 -40.006250 
-0.931641 -55.277366 -41.256250 
-2.794923 -54.656272 -41.256250 
-3.416017 -52.792990 -40.006250


-0.931641 -53.103537 -39.381250 
-0.931641 -55.277366 -41.256250 
-3.416017 -52.792990 -40.006250 
-0.931641 -53.103537 -39.381250


0.310547 -59.317582 -36.875000 
0.310547 -59.628129 -41.250000 
1.242188 -58.382836 -43.756250 
0.310547 -59.317582 -36.875000


2.173829 -58.385941 -35.625000 
0.310547 -59.317582 -36.875000 
1.242188 -58.382836 -43.756250 
2.173829 -58.385941 -35.625000


1.242188 -54.035178 -40.006250 
3.416017 -54.345725 -40.631250 
-0.931641 -55.277366 -41.256250 
1.242188 -54.035178 -40.006250


6.210940 -53.724631 -40.006250 
6.210940 -55.898460 -40.631250 
5.589846 -55.587913 -41.881250 
6.210940 -53.724631 -40.006250


3.416017 -54.345725 -40.631250 
6.210940 -53.724631 -40.006250 
5.589846 -55.587913 -41.881250 
3.416017 -54.345725 -40.631250


-3.416017 -50.308614 -39.381250 
-3.416017 -52.792990 -40.006250 
-5.589846 -50.929708 -40.006250 
-3.416017 -50.308614 -39.381250


-0.931641 -53.103537 -39.381250 
1.242188 -54.035178 -40.006250 
-0.931641 -55.277366 -41.256250 
-0.931641 -53.103537 -39.381250


2.176934 -57.761742 -41.250000 
2.173829 -58.385941 -35.625000 
1.242188 -58.382836 -43.756250 
2.176934 -57.761742 -41.250000


2.176934 -57.761742 -41.250000 
3.416017 -56.830101 -42.506250 
4.971857 -56.519554 -41.250000 
2.176934 -57.761742 -41.250000


-6.832034 -53.724631 -37.506250 
-5.589846 -60.246118 -40.006250 
-7.142581 -60.867212 -38.131250 
-6.832034 -53.724631 -37.506250


-4.968752 -60.246118 -33.743750 
-5.589846 -60.246118 -40.006250 
-2.484376 -59.628129 -38.750000 
-4.968752 -60.246118 -33.743750


-3.416017 -50.308614 -39.381250 
-0.931641 -53.103537 -39.381250 
-3.416017 -52.792990 -40.006250 
-3.416017 -50.308614 -39.381250


-2.484376 -59.628129 -38.750000 
0.310547 -59.628129 -41.250000 
0.310547 -59.317582 -36.875000 
-2.484376 -59.628129 -38.750000


-0.310547 -52.482443 -38.756250 
-0.931641 -53.103537 -39.381250 
-3.416017 -50.308614 -39.381250 
-0.310547 -52.482443 -38.756250


4.037111 -51.861349 -38.756250 
1.242188 -54.035178 -40.006250 
-0.931641 -53.103537 -39.381250 
4.037111 -51.861349 -38.756250


1.242188 -54.035178 -40.006250 
6.210940 -53.724631 -40.006250 
3.416017 -54.345725 -40.631250 
1.242188 -54.035178 -40.006250


4.037111 -51.861349 -38.756250 
6.210940 -53.724631 -40.006250 
1.242188 -54.035178 -40.006250 
4.037111 -51.861349 -38.756250


7.766780 -53.414084 -38.125000 
6.210940 -53.724631 -40.006250 
4.037111 -51.861349 -38.756250 
7.766780 -53.414084 -38.125000


-5.589846 -50.929708 -40.006250 
-4.347658 -53.414084 -41.256250 
-6.832034 -53.724631 -37.506250 
-5.589846 -50.929708 -40.006250


-2.484376 -49.376973 -38.131250 
-3.416017 -50.308614 -39.381250 
-5.589846 -50.929708 -40.006250 
-2.484376 -49.376973 -38.131250


-0.310547 -50.308614 -37.506250 
-0.310547 -52.482443 -38.756250 
-3.416017 -50.308614 -39.381250 
-0.310547 -50.308614 -37.506250


-0.931641 -53.103537 -39.381250 
-0.310547 -52.482443 -38.756250 
4.037111 -51.861349 -38.756250 
-0.931641 -53.103537 -39.381250


3.416017 -50.308614 -38.131250 
4.037111 -51.861349 -38.756250 
-0.310547 -52.482443 -38.756250 
3.416017 -50.308614 -38.131250


6.521487 -51.550802 -37.506250 
7.766780 -53.414084 -38.125000 
4.037111 -51.861349 -38.756250 
6.521487 -51.550802 -37.506250


8.077327 -55.587913 -38.125000 
4.971857 -56.519554 -41.250000 
6.210940 -55.898460 -40.631250 
8.077327 -55.587913 -38.125000


6.210940 -53.724631 -40.006250 
8.077327 -55.587913 -38.125000 
6.210940 -55.898460 -40.631250 
6.210940 -53.724631 -40.006250


-2.484376 -49.376973 -38.131250 
-0.310547 -50.308614 -37.506250 
-3.416017 -50.308614 -39.381250 
-2.484376 -49.376973 -38.131250


-1.552735 -47.513691 -37.506250 
-0.310547 -50.308614 -37.506250 
-2.484376 -49.376973 -38.131250 
-1.552735 -47.513691 -37.506250


-0.310547 -50.308614 -37.506250 
3.416017 -50.308614 -38.131250 
-0.310547 -52.482443 -38.756250 
-0.310547 -50.308614 -37.506250


4.658205 -49.687520 -36.881250 
4.037111 -51.861349 -38.756250 
3.416017 -50.308614 -38.131250 
4.658205 -49.687520 -36.881250


4.658205 -49.687520 -36.881250 
6.521487 -51.550802 -37.506250 
4.037111 -51.861349 -38.756250 
4.658205 -49.687520 -36.881250


-8.698421 -60.867212 -35.000000 
-7.453128 -57.451195 -36.256250 
-7.142581 -60.867212 -38.131250 
-8.698421 -60.867212 -35.000000


-7.142581 -60.867212 -38.131250 
-7.453128 -57.451195 -36.256250 
-6.832034 -53.724631 -37.506250 
-7.142581 -60.867212 -38.131250


-7.763675 -49.687520 -35.631250 
-5.589846 -50.929708 -40.006250 
-6.832034 -53.724631 -37.506250 
-7.763675 -49.687520 -35.631250


1.863282 -49.066426 -37.506250 
-0.310547 -50.308614 -37.506250 
-1.552735 -47.513691 -37.506250 
1.863282 -49.066426 -37.506250


-0.310547 -50.308614 -37.506250 
1.863282 -49.066426 -37.506250 
3.416017 -50.308614 -38.131250 
-0.310547 -50.308614 -37.506250


1.863282 -49.066426 -37.506250 
4.658205 -49.687520 -36.881250 
3.416017 -50.308614 -38.131250 
1.863282 -49.066426 -37.506250


2.794923 -57.764847 -31.875000 
2.173829 -58.385941 -35.625000 
2.176934 -57.761742 -41.250000 
2.794923 -57.764847 -31.875000


6.210940 -53.724631 -40.006250 
7.766780 -53.414084 -38.125000 
8.077327 -55.587913 -38.125000 
6.210940 -53.724631 -40.006250


-6.521487 -59.938676 -31.250000 
-7.142581 -60.867212 -38.131250 
-5.589846 -60.246118 -40.006250 
-6.521487 -59.938676 -31.250000


-1.242188 -45.650409 -36.881250 
0.000000 -47.513691 -36.256250 
-1.552735 -47.513691 -37.506250 
-1.242188 -45.650409 -36.881250


0.000000 -47.513691 -36.256250 
1.863282 -49.066426 -37.506250 
-1.552735 -47.513691 -37.506250 
0.000000 -47.513691 -36.256250


4.037111 -48.134785 -34.993750 
4.658205 -49.687520 -36.881250 
1.863282 -49.066426 -37.506250 
4.037111 -48.134785 -34.993750


-8.074222 -55.277366 -35.631250 
-6.832034 -53.724631 -37.506250 
-7.453128 -57.451195 -36.256250 
-8.074222 -55.277366 -35.631250


-8.074222 -55.277366 -35.631250 
-7.763675 -49.687520 -35.631250 
-6.832034 -53.724631 -37.506250 
-8.074222 -55.277366 -35.631250


-4.347658 -48.445332 -34.381250 
-5.589846 -50.929708 -40.006250 
-7.763675 -49.687520 -35.631250 
-4.347658 -48.445332 -34.381250


-4.968752 -60.246118 -33.743750 
-6.521487 -59.938676 -31.250000 
-5.589846 -60.246118 -40.006250 
-4.968752 -60.246118 -33.743750


-1.552735 -59.317582 -32.500000 
-4.968752 -60.246118 -33.743750 
-2.484376 -59.628129 -38.750000 
-1.552735 -59.317582 -32.500000


-1.552735 -59.317582 -32.500000 
-2.484376 -59.628129 -38.750000 
0.310547 -59.317582 -36.875000 
-1.552735 -59.317582 -32.500000


-2.173829 -44.408221 -34.381250 
-1.242188 -45.650409 -36.881250 
-1.552735 -47.513691 -37.506250 
-2.173829 -44.408221 -34.381250


1.555840 -45.960956 -35.000000 
0.000000 -47.513691 -36.256250 
-1.242188 -45.650409 -36.881250 
1.555840 -45.960956 -35.000000


0.000000 -47.513691 -36.256250 
1.555840 -45.960956 -35.000000 
1.863282 -49.066426 -37.506250 
0.000000 -47.513691 -36.256250


4.658205 -49.687520 -36.881250 
6.214045 -50.929708 -35.625000 
6.521487 -51.550802 -37.506250 
4.658205 -49.687520 -36.881250


-9.626957 -54.345725 -33.756250 
-7.453128 -57.451195 -36.256250 
-8.698421 -60.867212 -35.000000 
-9.626957 -54.345725 -33.756250


-9.626957 -54.345725 -33.756250 
-8.074222 -55.277366 -35.631250 
-7.453128 -57.451195 -36.256250 
-9.626957 -54.345725 -33.756250


-5.589846 -50.929708 -40.006250 
-4.347658 -48.445332 -34.381250 
-2.484376 -49.376973 -38.131250 
-5.589846 -50.929708 -40.006250


-4.347658 -48.445332 -34.381250 
-1.552735 -47.513691 -37.506250 
-2.484376 -49.376973 -38.131250 
-4.347658 -48.445332 -34.381250


-3.416017 -46.582050 -33.756250 
-1.552735 -47.513691 -37.506250 
-4.347658 -48.445332 -34.381250 
-3.416017 -46.582050 -33.756250


-0.310547 -43.787127 -35.006250 
-1.242188 -45.650409 -36.881250 
-2.173829 -44.408221 -34.381250 
-0.310547 -43.787127 -35.006250


-0.310547 -43.787127 -35.006250 
1.555840 -45.960956 -35.000000 
-1.242188 -45.650409 -36.881250 
-0.310547 -43.787127 -35.006250


2.173829 -58.385941 -35.625000 
0.000000 -58.385941 -31.875000 
0.310547 -59.317582 -36.875000 
2.173829 -58.385941 -35.625000


1.555840 -45.960956 -35.000000 
4.037111 -48.134785 -34.993750 
1.863282 -49.066426 -37.506250 
1.555840 -45.960956 -35.000000


7.453128 -56.522659 -33.750000 
4.971857 -56.519554 -41.250000 
8.077327 -55.587913 -38.125000 
7.453128 -56.522659 -33.750000


7.766780 -53.414084 -38.125000 
7.453128 -56.522659 -33.750000 
8.077327 -55.587913 -38.125000 
7.766780 -53.414084 -38.125000


-9.005863 -48.755879 -34.381250 
-7.763675 -49.687520 -35.631250 
-8.074222 -55.277366 -35.631250 
-9.005863 -48.755879 -34.381250


-3.416017 -46.582050 -33.756250 
-2.173829 -44.408221 -34.381250 
-1.552735 -47.513691 -37.506250 
-3.416017 -46.582050 -33.756250


-2.173829 -44.408221 -34.381250 
-1.242188 -41.302751 -33.756250 
-0.310547 -43.787127 -35.006250 
-2.173829 -44.408221 -34.381250


0.624199 -43.476580 -33.125000 
1.555840 -45.960956 -35.000000 
-0.310547 -43.787127 -35.006250 
0.624199 -43.476580 -33.125000


7.453128 -56.522659 -33.750000 
2.176934 -57.761742 -41.250000 
4.971857 -56.519554 -41.250000 
7.453128 -56.522659 -33.750000


4.037111 -48.134785 -34.993750 
4.037111 -50.619161 -33.118750 
6.214045 -50.929708 -35.625000 
4.037111 -48.134785 -34.993750


4.037111 -48.134785 -34.993750 
6.214045 -50.929708 -35.625000 
4.658205 -49.687520 -36.881250 
4.037111 -48.134785 -34.993750


6.214045 -50.929708 -35.625000 
7.142581 -54.345725 -31.868750 
6.521487 -51.550802 -37.506250 
6.214045 -50.929708 -35.625000


6.521487 -51.550802 -37.506250 
7.142581 -54.345725 -31.868750 
7.766780 -53.414084 -38.125000 
6.521487 -51.550802 -37.506250


-9.316410 -60.246118 -33.756250 
-9.626957 -54.345725 -33.756250 
-8.698421 -60.867212 -35.000000 
-9.316410 -60.246118 -33.756250


-9.005863 -48.755879 -34.381250 
-8.074222 -55.277366 -35.631250 
-9.626957 -54.345725 -33.756250 
-9.005863 -48.755879 -34.381250


-6.521487 -59.938676 -31.250000 
-8.698421 -60.867212 -35.000000 
-7.142581 -60.867212 -38.131250 
-6.521487 -59.938676 -31.250000


-9.005863 -48.755879 -34.381250 
-4.347658 -48.445332 -34.381250 
-7.763675 -49.687520 -35.631250 
-9.005863 -48.755879 -34.381250


-1.552735 -59.317582 -32.500000 
0.310547 -59.317582 -36.875000 
0.000000 -58.385941 -31.875000 
-1.552735 -59.317582 -32.500000


1.555840 -45.960956 -35.000000 
2.484376 -48.755879 -33.118750 
4.037111 -48.134785 -34.993750 
1.555840 -45.960956 -35.000000


-4.037111 -59.628129 -31.250000 
-4.968752 -60.246118 -33.743750 
-1.552735 -59.317582 -32.500000 
-4.037111 -59.628129 -31.250000


0.624199 -43.476580 -33.125000 
0.934746 -47.203144 -32.500000 
1.555840 -45.960956 -35.000000 
0.624199 -43.476580 -33.125000


0.934746 -47.203144 -32.500000 
2.484376 -48.755879 -33.118750 
1.555840 -45.960956 -35.000000 
0.934746 -47.203144 -32.500000


2.484376 -48.755879 -33.118750 
4.037111 -50.619161 -33.118750 
4.037111 -48.134785 -34.993750 
2.484376 -48.755879 -33.118750


7.453128 -56.522659 -33.750000 
2.794923 -57.764847 -31.875000 
2.176934 -57.761742 -41.250000 
7.453128 -56.522659 -33.750000


-11.490239 -47.513691 -32.506250 
-9.626957 -54.345725 -33.756250 
-11.493344 -54.345725 -31.875000 
-11.490239 -47.513691 -32.506250


-9.005863 -48.755879 -34.381250 
-9.626957 -54.345725 -33.756250 
-11.490239 -47.513691 -32.506250 
-9.005863 -48.755879 -34.381250


-11.490239 -47.513691 -32.506250 
-10.558598 -46.582050 -32.506250 
-9.005863 -48.755879 -34.381250 
-11.490239 -47.513691 -32.506250


-9.626957 -54.345725 -33.756250 
-9.316410 -60.246118 -33.756250 
-11.182797 -56.519554 -32.500000 
-9.626957 -54.345725 -33.756250


-6.521487 -59.938676 -31.250000 
-9.316410 -60.246118 -33.756250 
-8.698421 -60.867212 -35.000000 
-6.521487 -59.938676 -31.250000


-10.558598 -46.582050 -32.506250 
-5.279299 -48.134785 -33.131250 
-9.005863 -48.755879 -34.381250 
-10.558598 -46.582050 -32.506250


-6.521487 -46.892597 -31.881250 
-5.279299 -48.134785 -33.131250 
-10.558598 -46.582050 -32.506250 
-6.521487 -46.892597 -31.881250


-9.005863 -48.755879 -34.381250 
-5.279299 -48.134785 -33.131250 
-4.347658 -48.445332 -34.381250 
-9.005863 -48.755879 -34.381250


-5.279299 -48.134785 -33.131250 
-3.416017 -46.582050 -33.756250 
-4.347658 -48.445332 -34.381250 
-5.279299 -48.134785 -33.131250


-1.242188 -41.302751 -33.756250 
-2.173829 -44.408221 -34.381250 
-3.416017 -46.582050 -33.756250 
-1.242188 -41.302751 -33.756250


-4.037111 -44.408221 -32.506250 
-1.242188 -41.302751 -33.756250 
-3.416017 -46.582050 -33.756250 
-4.037111 -44.408221 -32.506250


-1.242188 -41.302751 -33.756250 
0.624199 -43.476580 -33.125000 
-0.310547 -43.787127 -35.006250 
-1.242188 -41.302751 -33.756250


0.000000 -58.385941 -31.875000 
2.173829 -58.385941 -35.625000 
2.794923 -57.764847 -31.875000 
0.000000 -58.385941 -31.875000


4.658205 -57.143753 -29.375000 
2.794923 -57.764847 -31.875000 
7.453128 -56.522659 -33.750000 
4.658205 -57.143753 -29.375000


7.142581 -54.345725 -31.868750 
7.453128 -56.522659 -33.750000 
7.766780 -53.414084 -38.125000 
7.142581 -54.345725 -31.868750


-11.800786 -44.097674 -32.506250 
-10.558598 -46.582050 -32.506250 
-11.490239 -47.513691 -32.506250 
-11.800786 -44.097674 -32.506250


-11.493344 -54.345725 -31.875000 
-9.626957 -54.345725 -33.756250 
-11.182797 -56.519554 -32.500000 
-11.493344 -54.345725 -31.875000


-4.037111 -44.408221 -32.506250 
-3.416017 -46.582050 -33.756250 
-5.279299 -48.134785 -33.131250 
-4.037111 -44.408221 -32.506250


-6.521487 -46.892597 -31.881250 
-4.037111 -44.408221 -32.506250 
-5.279299 -48.134785 -33.131250 
-6.521487 -46.892597 -31.881250


-4.968752 -43.476580 -31.881250 
-4.037111 -44.408221 -32.506250 
-6.521487 -46.892597 -31.881250 
-4.968752 -43.476580 -31.881250


-1.549630 -40.060563 -30.000000 
-1.242188 -43.476580 -29.993750 
-1.242188 -41.302751 -33.756250 
-1.549630 -40.060563 -30.000000


-1.242188 -41.302751 -33.756250 
-1.242188 -43.476580 -29.993750 
0.624199 -43.476580 -33.125000 
-1.242188 -41.302751 -33.756250


0.624199 -43.476580 -33.125000 
0.000000 -46.892597 -31.243750 
0.934746 -47.203144 -32.500000 
0.624199 -43.476580 -33.125000


2.173829 -50.308614 -31.868750 
2.484376 -48.755879 -33.118750 
0.934746 -47.203144 -32.500000 
2.173829 -50.308614 -31.868750


2.484376 -48.755879 -33.118750 
2.173829 -50.308614 -31.868750 
4.037111 -50.619161 -33.118750 
2.484376 -48.755879 -33.118750


-12.421880 -46.582050 -31.256250 
-11.493344 -54.345725 -31.875000 
-13.042974 -49.998067 -31.256250 
-12.421880 -46.582050 -31.256250


-12.421880 -46.582050 -31.256250 
-11.490239 -47.513691 -32.506250 
-11.493344 -54.345725 -31.875000 
-12.421880 -46.582050 -31.256250


-12.421880 -46.582050 -31.256250 
-11.800786 -44.097674 -32.506250 
-11.490239 -47.513691 -32.506250 
-12.421880 -46.582050 -31.256250


-8.695316 -45.029315 -31.256250 
-10.558598 -46.582050 -32.506250 
-11.800786 -44.097674 -32.506250 
-8.695316 -45.029315 -31.256250


-11.182797 -56.519554 -32.500000 
-9.316410 -60.246118 -33.756250 
-10.558598 -59.628129 -30.625000 
-11.182797 -56.519554 -32.500000


-8.695316 -59.317582 -30.000000 
-9.316410 -60.246118 -33.756250 
-6.521487 -59.938676 -31.250000 
-8.695316 -59.317582 -30.000000


-10.558598 -46.582050 -32.506250 
-8.695316 -45.029315 -31.256250 
-6.521487 -46.892597 -31.881250 
-10.558598 -46.582050 -32.506250


-4.968752 -43.476580 -31.881250 
-6.521487 -46.892597 -31.881250 
-8.695316 -45.029315 -31.256250 
-4.968752 -43.476580 -31.881250


-4.037111 -59.628129 -31.250000 
-6.521487 -59.938676 -31.250000 
-4.968752 -60.246118 -33.743750 
-4.037111 -59.628129 -31.250000


-4.968752 -41.923845 -30.631250 
-4.037111 -44.408221 -32.506250 
-4.968752 -43.476580 -31.881250 
-4.968752 -41.923845 -30.631250


-4.968752 -41.923845 -30.631250 
-3.416017 -40.681657 -31.881250 
-4.037111 -44.408221 -32.506250 
-4.968752 -41.923845 -30.631250


-3.416017 -40.681657 -31.881250 
-1.242188 -41.302751 -33.756250 
-4.037111 -44.408221 -32.506250 
-3.416017 -40.681657 -31.881250


-1.549630 -39.128922 -31.250000 
-1.242188 -41.302751 -33.756250 
-3.416017 -40.681657 -31.881250 
-1.549630 -39.128922 -31.250000


-1.549630 -39.128922 -31.250000 
-1.549630 -40.060563 -30.000000 
-1.242188 -41.302751 -33.756250 
-1.549630 -39.128922 -31.250000


-1.242188 -43.476580 -29.993750 
0.000000 -46.892597 -31.243750 
0.624199 -43.476580 -33.125000 
-1.242188 -43.476580 -29.993750


-0.621094 -58.385941 -28.750000 
0.000000 -58.385941 -31.875000 
2.794923 -57.764847 -31.875000 
-0.621094 -58.385941 -28.750000


4.037111 -50.619161 -33.118750 
6.210940 -54.656272 -31.243750 
6.214045 -50.929708 -35.625000 
4.037111 -50.619161 -33.118750


6.214045 -50.929708 -35.625000 
6.210940 -54.656272 -31.243750 
7.142581 -54.345725 -31.868750 
6.214045 -50.929708 -35.625000


7.142581 -54.345725 -31.868750 
6.210940 -55.898460 -29.368750 
7.453128 -56.522659 -33.750000 
7.142581 -54.345725 -31.868750


-13.974615 -41.302751 -30.631250 
-12.421880 -46.582050 -31.256250 
-14.598814 -46.892597 -30.625000 
-13.974615 -41.302751 -30.631250


-14.598814 -46.892597 -30.625000 
-12.421880 -46.582050 -31.256250 
-13.042974 -49.998067 -31.256250 
-14.598814 -46.892597 -30.625000


-13.974615 -41.302751 -30.631250 
-11.800786 -44.097674 -32.506250 
-12.421880 -46.582050 -31.256250 
-13.974615 -41.302751 -30.631250


-11.800786 -41.299646 -30.625000 
-11.800786 -44.097674 -32.506250 
-13.974615 -41.302751 -30.631250 
-11.800786 -41.299646 -30.625000


-11.803891 -54.656272 -26.875000 
-11.493344 -54.345725 -31.875000 
-11.182797 -56.519554 -32.500000 
-11.803891 -54.656272 -26.875000


-11.800786 -41.299646 -30.625000 
-8.695316 -45.029315 -31.256250 
-11.800786 -44.097674 -32.506250 
-11.800786 -41.299646 -30.625000


-11.800786 -41.299646 -30.625000 
-4.968752 -41.923845 -30.631250 
-8.695316 -45.029315 -31.256250 
-11.800786 -41.299646 -30.625000


-4.968752 -41.923845 -30.631250 
-4.968752 -43.476580 -31.881250 
-8.695316 -45.029315 -31.256250 
-4.968752 -41.923845 -30.631250


2.173829 -50.308614 -31.868750 
0.934746 -47.203144 -32.500000 
0.621094 -50.308614 -31.868750 
2.173829 -50.308614 -31.868750


2.173829 -50.308614 -31.868750 
2.173829 -52.482443 -31.243750 
4.037111 -53.414084 -31.868750 
2.173829 -50.308614 -31.868750


0.621094 -50.308614 -31.868750 
2.173829 -52.482443 -31.243750 
2.173829 -50.308614 -31.868750 
0.621094 -50.308614 -31.868750


4.037111 -50.619161 -33.118750 
2.173829 -50.308614 -31.868750 
4.037111 -53.414084 -31.868750 
4.037111 -50.619161 -33.118750


4.037111 -50.619161 -33.118750 
4.037111 -53.414084 -31.868750 
6.210940 -54.656272 -31.243750 
4.037111 -50.619161 -33.118750


-15.837897 -44.408221 -29.381250 
-13.974615 -41.302751 -30.631250 
-14.598814 -46.892597 -30.625000 
-15.837897 -44.408221 -29.381250


-14.595709 -39.128922 -30.631250 
-13.974615 -41.302751 -30.631250 
-15.837897 -44.408221 -29.381250 
-14.595709 -39.128922 -30.631250


-14.595709 -39.128922 -30.631250 
-11.800786 -41.299646 -30.625000 
-13.974615 -41.302751 -30.631250 
-14.595709 -39.128922 -30.631250


-11.800786 -41.299646 -30.625000 
-6.210940 -41.302751 -30.631250 
-4.968752 -41.923845 -30.631250 
-11.800786 -41.299646 -30.625000


-10.558598 -59.628129 -30.625000 
-9.316410 -60.246118 -33.756250 
-8.695316 -59.317582 -30.000000 
-10.558598 -59.628129 -30.625000


-9.937504 -39.439469 -30.006250 
-6.210940 -41.302751 -30.631250 
-11.800786 -41.299646 -30.625000 
-9.937504 -39.439469 -30.006250


-5.279299 -38.507828 -30.006250 
-4.968752 -41.923845 -30.631250 
-6.210940 -41.302751 -30.631250 
-5.279299 -38.507828 -30.006250


-1.549630 -39.128922 -31.250000 
-4.968752 -41.923845 -30.631250 
-5.279299 -38.507828 -30.006250 
-1.549630 -39.128922 -31.250000


-1.549630 -39.128922 -31.250000 
-3.416017 -40.681657 -31.881250 
-4.968752 -41.923845 -30.631250 
-1.549630 -39.128922 -31.250000


-0.621094 -58.385941 -28.750000 
-1.552735 -59.317582 -32.500000 
0.000000 -58.385941 -31.875000 
-0.621094 -58.385941 -28.750000


3.105470 -54.656272 -28.743750 
6.210940 -54.656272 -31.243750 
4.037111 -53.414084 -31.868750 
3.105470 -54.656272 -28.743750


-15.837897 -44.408221 -29.381250 
-15.216803 -37.576187 -30.006250 
-14.595709 -39.128922 -30.631250 
-15.837897 -44.408221 -29.381250


-15.216803 -37.576187 -30.006250 
-13.974615 -36.644546 -29.381250 
-14.595709 -39.128922 -30.631250 
-15.216803 -37.576187 -30.006250


-9.937504 -39.439469 -30.006250 
-14.595709 -39.128922 -30.631250 
-13.974615 -36.644546 -29.381250 
-9.937504 -39.439469 -30.006250


-9.937504 -39.439469 -30.006250 
-11.800786 -41.299646 -30.625000 
-14.595709 -39.128922 -30.631250 
-9.937504 -39.439469 -30.006250


-6.832034 -36.023452 -29.381250 
-5.279299 -38.507828 -30.006250 
-9.937504 -39.439469 -30.006250 
-6.832034 -36.023452 -29.381250


-9.937504 -39.439469 -30.006250 
-5.279299 -38.507828 -30.006250 
-6.210940 -41.302751 -30.631250 
-9.937504 -39.439469 -30.006250


-4.347658 -35.712905 -29.381250 
-2.173829 -37.886734 -30.006250 
-5.279299 -38.507828 -30.006250 
-4.347658 -35.712905 -29.381250


-5.279299 -38.507828 -30.006250 
-2.173829 -37.886734 -30.006250 
-1.549630 -39.128922 -31.250000 
-5.279299 -38.507828 -30.006250


-4.037111 -59.628129 -31.250000 
-1.552735 -59.317582 -32.500000 
-3.105470 -59.007035 -28.750000 
-4.037111 -59.628129 -31.250000


-2.173829 -37.886734 -30.006250 
-1.549630 -40.060563 -30.000000 
-1.549630 -39.128922 -31.250000 
-2.173829 -37.886734 -30.006250


-1.242188 -43.476580 -29.993750 
-0.931641 -47.513691 -29.993750 
0.000000 -46.892597 -31.243750 
-1.242188 -43.476580 -29.993750


0.000000 -46.892597 -31.243750 
-0.931641 -47.513691 -29.993750 
0.621094 -50.308614 -31.868750 
0.000000 -46.892597 -31.243750


0.000000 -46.892597 -31.243750 
0.621094 -50.308614 -31.868750 
0.934746 -47.203144 -32.500000 
0.000000 -46.892597 -31.243750


2.173829 -52.482443 -31.243750 
3.105470 -54.656272 -28.743750 
4.037111 -53.414084 -31.868750 
2.173829 -52.482443 -31.243750


6.210940 -55.898460 -29.368750 
4.658205 -57.143753 -29.375000 
7.453128 -56.522659 -33.750000 
6.210940 -55.898460 -29.368750


6.210940 -54.656272 -31.243750 
6.210940 -55.898460 -29.368750 
7.142581 -54.345725 -31.868750 
6.210940 -54.656272 -31.243750


-15.216803 -37.576187 -30.006250 
-15.837897 -44.408221 -29.381250 
-17.080085 -41.613298 -28.131250 
-15.216803 -37.576187 -30.006250


-13.974615 -36.644546 -29.381250 
-15.216803 -37.576187 -30.006250 
-15.837897 -35.091811 -29.381250 
-13.974615 -36.644546 -29.381250


-13.667173 -49.687520 -27.500000 
-13.042974 -49.998067 -31.256250 
-11.493344 -54.345725 -31.875000 
-13.667173 -49.687520 -27.500000


-8.384769 -35.712905 -29.381250 
-13.974615 -36.644546 -29.381250 
-12.111333 -35.712905 -28.756250 
-8.384769 -35.712905 -29.381250


-9.626957 -34.470717 -28.131250 
-8.384769 -35.712905 -29.381250 
-12.111333 -35.712905 -28.756250 
-9.626957 -34.470717 -28.131250


-13.974615 -36.644546 -29.381250 
-6.832034 -36.023452 -29.381250 
-9.937504 -39.439469 -30.006250 
-13.974615 -36.644546 -29.381250


-6.832034 -36.023452 -29.381250 
-13.974615 -36.644546 -29.381250 
-8.384769 -35.712905 -29.381250 
-6.832034 -36.023452 -29.381250


-6.521487 -58.385941 -26.250000 
-8.695316 -59.317582 -30.000000 
-6.521487 -59.938676 -31.250000 
-6.521487 -58.385941 -26.250000


-4.347658 -35.712905 -29.381250 
-5.279299 -38.507828 -30.006250 
-6.832034 -36.023452 -29.381250 
-4.347658 -35.712905 -29.381250


-6.521487 -58.385941 -26.250000 
-6.521487 -59.938676 -31.250000 
-4.037111 -59.628129 -31.250000 
-6.521487 -58.385941 -26.250000


-4.037111 -35.088706 -28.750000 
-2.173829 -37.886734 -30.006250 
-4.347658 -35.712905 -29.381250 
-4.037111 -35.088706 -28.750000


-1.552735 -51.547697 -25.625000 
2.173829 -52.482443 -31.243750 
0.621094 -50.308614 -31.868750 
-1.552735 -51.547697 -25.625000


2.173829 -57.143753 -28.125000 
-0.621094 -58.385941 -28.750000 
2.794923 -57.764847 -31.875000 
2.173829 -57.143753 -28.125000


-17.080085 -41.613298 -28.131250 
-15.837897 -35.091811 -29.381250 
-15.216803 -37.576187 -30.006250 
-17.080085 -41.613298 -28.131250


-17.080085 -41.613298 -28.131250 
-17.390632 -36.955093 -28.131250 
-15.837897 -35.091811 -29.381250 
-17.080085 -41.613298 -28.131250


-15.837897 -46.582050 -26.881250 
-15.837897 -44.408221 -29.381250 
-14.598814 -46.892597 -30.625000 
-15.837897 -46.582050 -26.881250


-15.216803 -34.160170 -28.131250 
-13.974615 -36.644546 -29.381250 
-15.837897 -35.091811 -29.381250 
-15.216803 -34.160170 -28.131250


-15.837897 -46.582050 -26.881250 
-14.598814 -46.892597 -30.625000 
-14.595709 -48.445332 -27.506250 
-15.837897 -46.582050 -26.881250


-12.111333 -35.712905 -28.756250 
-13.974615 -36.644546 -29.381250 
-15.216803 -34.160170 -28.131250 
-12.111333 -35.712905 -28.756250


-14.595709 -48.445332 -27.506250 
-14.598814 -46.892597 -30.625000 
-13.042974 -49.998067 -31.256250 
-14.595709 -48.445332 -27.506250


-13.667173 -49.687520 -27.500000 
-11.493344 -54.345725 -31.875000 
-12.732427 -53.414084 -26.256250 
-13.667173 -49.687520 -27.500000


-12.732427 -53.414084 -26.256250 
-11.493344 -54.345725 -31.875000 
-11.803891 -54.656272 -26.875000 
-12.732427 -53.414084 -26.256250


-11.493344 -56.209007 -26.250000 
-11.182797 -56.519554 -32.500000 
-10.558598 -59.628129 -30.625000 
-11.493344 -56.209007 -26.250000


-11.493344 -56.209007 -26.250000 
-11.803891 -54.656272 -26.875000 
-11.182797 -56.519554 -32.500000 
-11.493344 -56.209007 -26.250000


-9.626957 -34.470717 -28.131250 
-9.005863 -33.539076 -28.756250 
-8.384769 -35.712905 -29.381250 
-9.626957 -34.470717 -28.131250


-4.968752 -34.160170 -28.131250 
-6.832034 -36.023452 -29.381250 
-9.005863 -33.539076 -28.756250 
-4.968752 -34.160170 -28.131250


-9.005863 -33.539076 -28.756250 
-6.832034 -36.023452 -29.381250 
-8.384769 -35.712905 -29.381250 
-9.005863 -33.539076 -28.756250


-4.968752 -34.160170 -28.131250 
-4.347658 -35.712905 -29.381250 
-6.832034 -36.023452 -29.381250 
-4.968752 -34.160170 -28.131250


-4.037111 -35.088706 -28.750000 
-4.347658 -35.712905 -29.381250 
-4.968752 -34.160170 -28.131250 
-4.037111 -35.088706 -28.750000


-3.105470 -59.007035 -28.750000 
-6.521487 -58.385941 -26.250000 
-4.037111 -59.628129 -31.250000 
-3.105470 -59.007035 -28.750000


-1.242188 -43.476580 -29.993750 
-2.484376 -46.892597 -28.743750 
-0.931641 -47.513691 -29.993750 
-1.242188 -43.476580 -29.993750


-2.173829 -37.886734 -30.006250 
-3.105470 -41.302751 -28.118750 
-1.549630 -40.060563 -30.000000 
-2.173829 -37.886734 -30.006250


-0.621094 -58.385941 -28.750000 
-3.105470 -59.007035 -28.750000 
-1.552735 -59.317582 -32.500000 
-0.621094 -58.385941 -28.750000


2.173829 -57.143753 -28.125000 
2.794923 -57.764847 -31.875000 
4.658205 -57.143753 -29.375000 
2.173829 -57.143753 -28.125000


3.105470 -54.656272 -28.743750 
6.210940 -55.898460 -29.368750 
6.210940 -54.656272 -31.243750 
3.105470 -54.656272 -28.743750


-17.704284 -40.371110 -27.500000 
-17.390632 -36.955093 -28.131250 
-17.080085 -41.613298 -28.131250 
-17.704284 -40.371110 -27.500000


-18.635925 -36.023452 -26.250000 
-15.837897 -35.091811 -29.381250 
-17.390632 -36.955093 -28.131250 
-18.635925 -36.023452 -26.250000


-16.148444 -33.228529 -27.506250 
-15.216803 -34.160170 -28.131250 
-15.837897 -35.091811 -29.381250 
-16.148444 -33.228529 -27.506250


-14.595709 -48.445332 -27.506250 
-13.042974 -49.998067 -31.256250 
-13.667173 -49.687520 -27.500000 
-14.595709 -48.445332 -27.506250


-15.216803 -34.160170 -28.131250 
-9.626957 -34.470717 -28.131250 
-12.111333 -35.712905 -28.756250 
-15.216803 -34.160170 -28.131250


-11.182797 -57.761742 -25.625000 
-10.558598 -59.628129 -30.625000 
-11.179692 -60.559770 -26.250000 
-11.182797 -57.761742 -25.625000


-9.626957 -34.470717 -28.131250 
-15.216803 -34.160170 -28.131250 
-7.763675 -32.296888 -27.506250 
-9.626957 -34.470717 -28.131250


-7.763675 -32.296888 -27.506250 
-9.005863 -33.539076 -28.756250 
-9.626957 -34.470717 -28.131250 
-7.763675 -32.296888 -27.506250


-4.037111 -35.088706 -28.750000 
-4.655100 -38.197281 -27.500000 
-3.105470 -41.302751 -28.118750 
-4.037111 -35.088706 -28.750000


-4.037111 -35.088706 -28.750000 
-3.105470 -41.302751 -28.118750 
-2.173829 -37.886734 -30.006250 
-4.037111 -35.088706 -28.750000


-1.242188 -43.476580 -29.993750 
-3.105470 -41.302751 -28.118750 
-2.484376 -46.892597 -28.743750 
-1.242188 -43.476580 -29.993750


-3.105470 -41.302751 -28.118750 
-1.242188 -43.476580 -29.993750 
-1.549630 -40.060563 -30.000000 
-3.105470 -41.302751 -28.118750


-2.484376 -46.892597 -28.743750 
-3.102365 -49.376973 -25.625000 
-0.931641 -47.513691 -29.993750 
-2.484376 -46.892597 -28.743750


-3.102365 -49.376973 -25.625000 
-1.552735 -51.547697 -25.625000 
-0.931641 -47.513691 -29.993750 
-3.102365 -49.376973 -25.625000


-1.552735 -51.547697 -25.625000 
0.621094 -50.308614 -31.868750 
-0.931641 -47.513691 -29.993750 
-1.552735 -51.547697 -25.625000


1.555840 -54.345725 -26.250000 
4.037111 -56.209007 -24.368750 
3.105470 -54.656272 -28.743750 
1.555840 -54.345725 -26.250000


2.173829 -52.482443 -31.243750 
1.555840 -54.345725 -26.250000 
3.105470 -54.656272 -28.743750 
2.173829 -52.482443 -31.243750


-17.393737 -39.750016 -25.625000 
-17.704284 -40.371110 -27.500000 
-17.080085 -41.613298 -28.131250 
-17.393737 -39.750016 -25.625000


-16.458991 -44.097674 -26.256250 
-17.080085 -41.613298 -28.131250 
-15.837897 -44.408221 -29.381250 
-16.458991 -44.097674 -26.256250


-16.148444 -33.228529 -27.506250 
-15.837897 -35.091811 -29.381250 
-18.635925 -36.023452 -26.250000 
-16.148444 -33.228529 -27.506250


-11.179692 -31.986341 -27.506250 
-16.148444 -33.228529 -27.506250 
-14.906256 -31.365247 -26.881250 
-11.179692 -31.986341 -27.506250


-16.148444 -33.228529 -27.506250 
-7.763675 -32.296888 -27.506250 
-15.216803 -34.160170 -28.131250 
-16.148444 -33.228529 -27.506250


-11.179692 -31.986341 -27.506250 
-7.763675 -32.296888 -27.506250 
-16.148444 -33.228529 -27.506250 
-11.179692 -31.986341 -27.506250


-10.558598 -59.628129 -30.625000 
-8.695316 -59.317582 -30.000000 
-9.005863 -59.628129 -25.000000 
-10.558598 -59.628129 -30.625000


-8.071117 -31.675794 -26.250000 
-7.763675 -32.296888 -27.506250 
-11.179692 -31.986341 -27.506250 
-8.071117 -31.675794 -26.250000


-7.763675 -32.296888 -27.506250 
-4.968752 -34.160170 -28.131250 
-9.005863 -33.539076 -28.756250 
-7.763675 -32.296888 -27.506250


-4.968752 -34.160170 -28.131250 
-4.655100 -38.197281 -27.500000 
-4.037111 -35.088706 -28.750000 
-4.968752 -34.160170 -28.131250


-4.655100 -38.197281 -27.500000 
-4.658205 -40.992204 -26.868750 
-3.105470 -41.302751 -28.118750 
-4.655100 -38.197281 -27.500000


-3.726564 -43.166033 -27.493750 
-4.034006 -46.271503 -26.250000 
-2.484376 -46.892597 -28.743750 
-3.726564 -43.166033 -27.493750


-3.105470 -41.302751 -28.118750 
-3.726564 -43.166033 -27.493750 
-2.484376 -46.892597 -28.743750 
-3.105470 -41.302751 -28.118750


-1.552735 -51.547697 -25.625000 
1.555840 -54.345725 -26.250000 
2.173829 -52.482443 -31.243750 
-1.552735 -51.547697 -25.625000


4.037111 -56.209007 -24.368750 
2.173829 -57.143753 -28.125000 
4.658205 -57.143753 -29.375000 
4.037111 -56.209007 -24.368750


3.105470 -54.656272 -28.743750 
4.658205 -55.895355 -26.875000 
6.210940 -55.898460 -29.368750 
3.105470 -54.656272 -28.743750


6.210940 -55.898460 -29.368750 
4.658205 -55.895355 -26.875000 
4.658205 -57.143753 -29.375000 
6.210940 -55.898460 -29.368750


-18.635925 -36.023452 -26.250000 
-17.390632 -36.955093 -28.131250 
-17.704284 -40.371110 -27.500000 
-18.635925 -36.023452 -26.250000


-18.635925 -36.023452 -26.250000 
-17.701179 -32.607435 -26.256250 
-16.148444 -33.228529 -27.506250 
-18.635925 -36.023452 -26.250000


-14.906256 -31.365247 -26.881250 
-16.148444 -33.228529 -27.506250 
-17.701179 -32.607435 -26.256250 
-14.906256 -31.365247 -26.881250


-10.558598 -59.628129 -30.625000 
-9.005863 -59.628129 -25.000000 
-11.179692 -60.559770 -26.250000 
-10.558598 -59.628129 -30.625000


-9.005863 -59.628129 -25.000000 
-8.695316 -59.317582 -30.000000 
-6.521487 -58.385941 -26.250000 
-9.005863 -59.628129 -25.000000


-7.763675 -32.296888 -27.506250 
-6.832034 -34.781264 -26.243750 
-4.968752 -34.160170 -28.131250 
-7.763675 -32.296888 -27.506250


-4.968752 -34.160170 -28.131250 
-5.900393 -39.128922 -26.243750 
-4.655100 -38.197281 -27.500000 
-4.968752 -34.160170 -28.131250


-3.105470 -41.302751 -28.118750 
-4.658205 -40.992204 -26.868750 
-3.726564 -43.166033 -27.493750 
-3.105470 -41.302751 -28.118750


-1.552735 -57.764847 -25.000000 
-0.621094 -58.385941 -28.750000 
2.173829 -57.143753 -28.125000 
-1.552735 -57.764847 -25.000000


1.552735 -56.522659 -20.000000 
2.173829 -57.143753 -28.125000 
4.037111 -56.209007 -24.368750 
1.552735 -56.522659 -20.000000


4.658205 -55.895355 -26.875000 
4.037111 -56.209007 -24.368750 
4.658205 -57.143753 -29.375000 
4.658205 -55.895355 -26.875000


-18.011726 -37.886734 -24.993750 
-18.635925 -36.023452 -26.250000 
-17.704284 -40.371110 -27.500000 
-18.011726 -37.886734 -24.993750


-18.011726 -37.886734 -24.993750 
-17.704284 -40.371110 -27.500000 
-17.393737 -39.750016 -25.625000 
-18.011726 -37.886734 -24.993750


-17.083190 -45.960956 -25.000000 
-17.393737 -39.750016 -25.625000 
-17.080085 -41.613298 -28.131250 
-17.083190 -45.960956 -25.000000


-17.083190 -45.960956 -25.000000 
-17.080085 -41.613298 -28.131250 
-16.458991 -44.097674 -26.256250 
-17.083190 -45.960956 -25.000000


-16.458991 -44.097674 -26.256250 
-15.837897 -44.408221 -29.381250 
-15.837897 -46.582050 -26.881250 
-16.458991 -44.097674 -26.256250


-11.179692 -29.501965 -25.006250 
-8.071117 -31.675794 -26.250000 
-14.906256 -31.365247 -26.881250 
-11.179692 -29.501965 -25.006250


-14.906256 -31.365247 -26.881250 
-8.071117 -31.675794 -26.250000 
-11.179692 -31.986341 -27.506250 
-14.906256 -31.365247 -26.881250


-12.732427 -53.414084 -26.256250 
-11.803891 -54.656272 -26.875000 
-11.493344 -56.209007 -26.250000 
-12.732427 -53.414084 -26.256250


-11.182797 -57.761742 -25.625000 
-11.493344 -56.209007 -26.250000 
-10.558598 -59.628129 -30.625000 
-11.182797 -57.761742 -25.625000


-4.968752 -34.160170 -28.131250 
-6.832034 -34.781264 -26.243750 
-5.900393 -39.128922 -26.243750 
-4.968752 -34.160170 -28.131250


-5.900393 -39.128922 -26.243750 
-4.658205 -40.992204 -26.868750 
-4.655100 -38.197281 -27.500000 
-5.900393 -39.128922 -26.243750


4.037111 -56.209007 -24.368750 
4.658205 -55.895355 -26.875000 
3.105470 -54.656272 -28.743750 
4.037111 -56.209007 -24.368750


-16.148444 -30.433606 -25.006250 
-17.701179 -32.607435 -26.256250 
-18.014831 -31.054700 -25.000000 
-16.148444 -30.433606 -25.006250


-17.083190 -45.960956 -25.000000 
-16.458991 -44.097674 -26.256250 
-15.837897 -46.582050 -26.881250 
-17.083190 -45.960956 -25.000000


-16.148444 -30.433606 -25.006250 
-14.906256 -31.365247 -26.881250 
-17.701179 -32.607435 -26.256250 
-16.148444 -30.433606 -25.006250


-17.083190 -47.513691 -23.125000 
-15.837897 -46.582050 -26.881250 
-14.595709 -48.445332 -27.506250 
-17.083190 -47.513691 -23.125000


-9.934399 -29.501965 -24.375000 
-8.695316 -33.228529 -24.993750 
-8.071117 -31.675794 -26.250000 
-9.934399 -29.501965 -24.375000


-8.071117 -31.675794 -26.250000 
-8.695316 -33.228529 -24.993750 
-6.832034 -34.781264 -26.243750 
-8.071117 -31.675794 -26.250000


-8.071117 -31.675794 -26.250000 
-6.832034 -34.781264 -26.243750 
-7.763675 -32.296888 -27.506250 
-8.071117 -31.675794 -26.250000


-4.658205 -40.992204 -26.868750 
-5.279299 -43.787127 -25.618750 
-3.726564 -43.166033 -27.493750 
-4.658205 -40.992204 -26.868750


-1.552735 -57.764847 -25.000000 
-3.105470 -59.007035 -28.750000 
-0.621094 -58.385941 -28.750000 
-1.552735 -57.764847 -25.000000


-18.014831 -35.712905 -23.750000 
-17.701179 -32.607435 -26.256250 
-18.635925 -36.023452 -26.250000 
-18.014831 -35.712905 -23.750000


-15.841002 -49.998067 -22.500000 
-14.595709 -48.445332 -27.506250 
-13.667173 -49.687520 -27.500000 
-15.841002 -49.998067 -22.500000


-16.148444 -30.433606 -25.006250 
-11.179692 -29.501965 -25.006250 
-14.906256 -31.365247 -26.881250 
-16.148444 -30.433606 -25.006250


-13.353521 -29.191418 -24.381250 
-11.179692 -29.501965 -25.006250 
-16.148444 -30.433606 -25.006250 
-13.353521 -29.191418 -24.381250


-14.598814 -52.482443 -21.250000 
-13.667173 -49.687520 -27.500000 
-12.732427 -53.414084 -26.256250 
-14.598814 -52.482443 -21.250000


-13.664068 -54.966819 -21.881250 
-12.732427 -53.414084 -26.256250 
-11.493344 -56.209007 -26.250000 
-13.664068 -54.966819 -21.881250


-11.179692 -29.501965 -25.006250 
-9.934399 -29.501965 -24.375000 
-8.071117 -31.675794 -26.250000 
-11.179692 -29.501965 -25.006250


-6.832034 -34.781264 -26.243750 
-8.074222 -36.955093 -24.368750 
-5.900393 -39.128922 -26.243750 
-6.832034 -34.781264 -26.243750


-8.074222 -36.955093 -24.368750 
-6.832034 -39.128922 -24.993750 
-5.900393 -39.128922 -26.243750 
-8.074222 -36.955093 -24.368750


-5.900393 -39.128922 -26.243750 
-6.832034 -39.128922 -24.993750 
-4.658205 -40.992204 -26.868750 
-5.900393 -39.128922 -26.243750


-4.658205 -40.992204 -26.868750 
-6.832034 -39.128922 -24.993750 
-5.279299 -43.787127 -25.618750 
-4.658205 -40.992204 -26.868750


-3.726564 -43.166033 -27.493750 
-5.586741 -45.339862 -23.125000 
-4.034006 -46.271503 -26.250000 
-3.726564 -43.166033 -27.493750


-4.034006 -48.755879 -21.875000 
-2.484376 -46.892597 -28.743750 
-4.034006 -46.271503 -26.250000 
-4.034006 -48.755879 -21.875000


-1.552735 -57.764847 -25.000000 
-6.521487 -58.385941 -26.250000 
-3.105470 -59.007035 -28.750000 
-1.552735 -57.764847 -25.000000


0.931641 -57.143753 -23.750000 
-1.552735 -57.764847 -25.000000 
2.173829 -57.143753 -28.125000 
0.931641 -57.143753 -23.750000


0.931641 -57.143753 -23.750000 
2.173829 -57.143753 -28.125000 
1.552735 -56.522659 -20.000000 
0.931641 -57.143753 -23.750000


1.552735 -55.277366 -23.743750 
4.037111 -56.209007 -24.368750 
1.555840 -54.345725 -26.250000 
1.552735 -55.277366 -23.743750


-18.014831 -35.712905 -23.750000 
-18.635925 -36.023452 -26.250000 
-18.011726 -37.886734 -24.993750 
-18.014831 -35.712905 -23.750000


-18.635925 -41.923845 -22.500000 
-19.257019 -40.060563 -20.000000 
-17.393737 -39.750016 -25.625000 
-18.635925 -41.923845 -22.500000


-18.014831 -31.054700 -25.000000 
-17.083190 -29.501965 -23.750000 
-16.148444 -30.433606 -25.006250 
-18.014831 -31.054700 -25.000000


-17.083190 -47.513691 -23.125000 
-17.083190 -45.960956 -25.000000 
-15.837897 -46.582050 -26.881250 
-17.083190 -47.513691 -23.125000


-15.841002 -49.998067 -22.500000 
-17.083190 -47.513691 -23.125000 
-14.595709 -48.445332 -27.506250 
-15.841002 -49.998067 -22.500000


-17.083190 -29.501965 -23.750000 
-13.353521 -29.191418 -24.381250 
-16.148444 -30.433606 -25.006250 
-17.083190 -29.501965 -23.750000


-14.598814 -52.482443 -21.250000 
-15.841002 -49.998067 -22.500000 
-13.667173 -49.687520 -27.500000 
-14.598814 -52.482443 -21.250000


-11.182797 -57.761742 -25.625000 
-13.664068 -54.966819 -21.881250 
-11.493344 -56.209007 -26.250000 
-11.182797 -57.761742 -25.625000


-12.111333 -59.003930 -22.493750 
-11.182797 -57.761742 -25.625000 
-11.179692 -60.559770 -26.250000 
-12.111333 -59.003930 -22.493750


-8.695316 -33.228529 -24.993750 
-8.074222 -36.955093 -24.368750 
-6.832034 -34.781264 -26.243750 
-8.695316 -33.228529 -24.993750


-8.384769 -59.007035 -21.250000 
-9.005863 -59.628129 -25.000000 
-6.521487 -58.385941 -26.250000 
-8.384769 -59.007035 -21.250000


-5.586741 -45.339862 -23.125000 
-3.726564 -43.166033 -27.493750 
-5.279299 -43.787127 -25.618750 
-5.586741 -45.339862 -23.125000


-18.325378 -45.650409 -21.875000 
-18.635925 -41.923845 -22.500000 
-17.083190 -45.960956 -25.000000 
-18.325378 -45.650409 -21.875000


-18.635925 -41.923845 -22.500000 
-17.393737 -39.750016 -25.625000 
-17.083190 -45.960956 -25.000000 
-18.635925 -41.923845 -22.500000


-18.014831 -32.917982 -21.250000 
-17.701179 -32.607435 -26.256250 
-18.014831 -35.712905 -23.750000 
-18.014831 -32.917982 -21.250000


-18.014831 -31.054700 -25.000000 
-17.701179 -32.607435 -26.256250 
-18.014831 -32.917982 -21.250000 
-18.014831 -31.054700 -25.000000


-17.390632 -37.265640 -21.256250 
-18.011726 -37.886734 -24.993750 
-17.393737 -39.750016 -25.625000 
-17.390632 -37.265640 -21.256250


-12.111333 -59.003930 -22.493750 
-11.179692 -60.559770 -26.250000 
-9.005863 -59.628129 -25.000000 
-12.111333 -59.003930 -22.493750


-8.384769 -59.007035 -21.250000 
-12.111333 -59.003930 -22.493750 
-9.005863 -59.628129 -25.000000 
-8.384769 -59.007035 -21.250000


-9.934399 -29.501965 -24.375000 
-10.555493 -34.160170 -21.875000 
-8.695316 -33.228529 -24.993750 
-9.934399 -29.501965 -24.375000


-10.555493 -34.160170 -21.875000 
-8.074222 -36.955093 -24.368750 
-8.695316 -33.228529 -24.993750 
-10.555493 -34.160170 -21.875000


-7.142581 -57.761742 -18.743750 
-6.521487 -58.385941 -26.250000 
-1.552735 -57.764847 -25.000000 
-7.142581 -57.761742 -18.743750


-4.034006 -48.755879 -21.875000 
-3.102365 -49.376973 -25.625000 
-2.484376 -46.892597 -28.743750 
-4.034006 -48.755879 -21.875000


1.555840 -54.345725 -26.250000 
-0.310547 -54.345725 -21.868750 
1.552735 -55.277366 -23.743750 
1.555840 -54.345725 -26.250000


-18.014831 -35.712905 -23.750000 
-18.011726 -37.886734 -24.993750 
-17.390632 -37.265640 -21.256250 
-18.014831 -35.712905 -23.750000


-12.732427 -27.638683 -22.506250 
-17.083190 -29.501965 -23.750000 
-17.083190 -28.259777 -22.500000 
-12.732427 -27.638683 -22.506250


-13.664068 -54.966819 -21.881250 
-14.598814 -52.482443 -21.250000 
-12.732427 -53.414084 -26.256250 
-13.664068 -54.966819 -21.881250


-17.083190 -29.501965 -23.750000 
-12.732427 -27.638683 -22.506250 
-13.353521 -29.191418 -24.381250 
-17.083190 -29.501965 -23.750000


-13.353521 -29.191418 -24.381250 
-9.934399 -29.501965 -24.375000 
-11.179692 -29.501965 -25.006250 
-13.353521 -29.191418 -24.381250


-10.866040 -27.017589 -20.625000 
-9.934399 -29.501965 -24.375000 
-13.353521 -29.191418 -24.381250 
-10.866040 -27.017589 -20.625000


-10.866040 -31.675794 -22.500000 
-10.555493 -34.160170 -21.875000 
-9.934399 -29.501965 -24.375000 
-10.866040 -31.675794 -22.500000


-10.555493 -34.160170 -21.875000 
-10.244946 -36.023452 -21.250000 
-8.074222 -36.955093 -24.368750 
-10.555493 -34.160170 -21.875000


-8.074222 -36.955093 -24.368750 
-8.692211 -39.439469 -21.875000 
-6.832034 -39.128922 -24.993750 
-8.074222 -36.955093 -24.368750


-6.832034 -39.128922 -24.993750 
-6.518382 -43.166033 -21.250000 
-5.279299 -43.787127 -25.618750 
-6.832034 -39.128922 -24.993750


-6.207835 -45.029315 -20.625000 
-5.586741 -45.339862 -23.125000 
-5.279299 -43.787127 -25.618750 
-6.207835 -45.029315 -20.625000


-4.034006 -48.755879 -21.875000 
-3.723459 -51.240255 -19.375000 
-3.102365 -49.376973 -25.625000 
-4.034006 -48.755879 -21.875000


-1.552735 -51.547697 -25.625000 
-0.310547 -54.345725 -21.868750 
1.555840 -54.345725 -26.250000 
-1.552735 -51.547697 -25.625000


-19.257019 -40.060563 -20.000000 
-17.390632 -37.265640 -21.256250 
-17.393737 -39.750016 -25.625000 
-19.257019 -40.060563 -20.000000


-17.083190 -47.513691 -23.125000 
-18.325378 -45.650409 -21.875000 
-17.083190 -45.960956 -25.000000 
-17.083190 -47.513691 -23.125000


-12.732427 -27.638683 -22.506250 
-10.866040 -27.017589 -20.625000 
-13.353521 -29.191418 -24.381250 
-12.732427 -27.638683 -22.506250


-10.866040 -27.017589 -20.625000 
-10.866040 -31.675794 -22.500000 
-9.934399 -29.501965 -24.375000 
-10.866040 -27.017589 -20.625000


-10.244946 -36.023452 -21.250000 
-8.692211 -39.439469 -21.875000 
-8.074222 -36.955093 -24.368750 
-10.244946 -36.023452 -21.250000


-3.723459 -51.240255 -19.375000 
-2.170724 -53.103537 -20.000000 
-3.102365 -49.376973 -25.625000 
-3.723459 -51.240255 -19.375000


-3.102365 -49.376973 -25.625000 
-2.170724 -53.103537 -20.000000 
-1.552735 -51.547697 -25.625000 
-3.102365 -49.376973 -25.625000


-18.014831 -32.917982 -21.250000 
-18.014831 -35.712905 -23.750000 
-17.390632 -37.265640 -21.256250 
-18.014831 -32.917982 -21.250000


-12.732427 -27.638683 -22.506250 
-17.083190 -28.259777 -22.500000 
-16.458991 -26.703937 -21.250000 
-12.732427 -27.638683 -22.506250


-11.179692 -56.830101 -18.743750 
-12.111333 -59.003930 -22.493750 
-8.384769 -59.007035 -21.250000 
-11.179692 -56.830101 -18.743750


-10.866040 -27.017589 -20.625000 
-10.555493 -32.917982 -20.000000 
-10.866040 -31.675794 -22.500000 
-10.866040 -27.017589 -20.625000


-8.692211 -39.439469 -21.875000 
-6.518382 -43.166033 -21.250000 
-6.832034 -39.128922 -24.993750 
-8.692211 -39.439469 -21.875000


-6.518382 -43.166033 -21.250000 
-6.207835 -45.029315 -20.625000 
-5.279299 -43.787127 -25.618750 
-6.518382 -43.166033 -21.250000


-2.170724 -53.103537 -20.000000 
-0.310547 -54.345725 -21.868750 
-1.552735 -51.547697 -25.625000 
-2.170724 -53.103537 -20.000000


4.037111 -56.209007 -24.368750 
1.552735 -55.277366 -23.743750 
1.552735 -56.522659 -20.000000 
4.037111 -56.209007 -24.368750


-18.946472 -44.097674 -21.250000 
-18.635925 -41.923845 -22.500000 
-18.325378 -45.650409 -21.875000 
-18.946472 -44.097674 -21.250000


-18.632820 -38.818375 -20.006250 
-17.390632 -37.265640 -21.256250 
-19.257019 -40.060563 -20.000000 
-18.632820 -38.818375 -20.006250


-17.083190 -34.470717 -18.750000 
-18.014831 -32.917982 -21.250000 
-17.390632 -37.265640 -21.256250 
-17.083190 -34.470717 -18.750000


-17.704284 -31.675794 -19.375000 
-17.083190 -29.501965 -23.750000 
-18.014831 -31.054700 -25.000000 
-17.704284 -31.675794 -19.375000


-17.083190 -47.513691 -23.125000 
-15.841002 -49.998067 -22.500000 
-16.772643 -49.687520 -18.750000 
-17.083190 -47.513691 -23.125000


-12.111333 -25.775401 -21.256250 
-16.458991 -26.703937 -21.250000 
-16.148444 -25.775401 -21.256250 
-12.111333 -25.775401 -21.256250


-16.458991 -26.703937 -21.250000 
-12.111333 -25.775401 -21.256250 
-12.732427 -27.638683 -22.506250 
-16.458991 -26.703937 -21.250000


-12.111333 -59.003930 -22.493750 
-13.664068 -54.966819 -21.881250 
-11.182797 -57.761742 -25.625000 
-12.111333 -59.003930 -22.493750


-12.111333 -25.775401 -21.256250 
-10.866040 -27.017589 -20.625000 
-12.732427 -27.638683 -22.506250 
-12.111333 -25.775401 -21.256250


-10.866040 -31.675794 -22.500000 
-10.555493 -32.917982 -20.000000 
-10.555493 -34.160170 -21.875000 
-10.866040 -31.675794 -22.500000


-10.866040 -27.017589 -20.625000 
-10.244946 -30.744153 -20.625000 
-10.555493 -32.917982 -20.000000 
-10.866040 -27.017589 -20.625000


-8.071117 -38.197281 -21.250000 
-6.518382 -43.166033 -21.250000 
-8.692211 -39.439469 -21.875000 
-8.071117 -38.197281 -21.250000


-7.142581 -57.761742 -18.743750 
-8.384769 -59.007035 -21.250000 
-6.521487 -58.385941 -26.250000 
-7.142581 -57.761742 -18.743750


-5.900393 -57.454300 -18.750000 
-1.552735 -57.764847 -25.000000 
-2.794923 -57.451195 -21.868750 
-5.900393 -57.454300 -18.750000


-7.142581 -57.761742 -18.743750 
-1.552735 -57.764847 -25.000000 
-5.900393 -57.454300 -18.750000 
-7.142581 -57.761742 -18.743750


-5.586741 -47.203144 -20.000000 
-4.034006 -46.271503 -26.250000 
-5.586741 -45.339862 -23.125000 
-5.586741 -47.203144 -20.000000


-4.034006 -46.271503 -26.250000 
-5.586741 -47.203144 -20.000000 
-4.034006 -48.755879 -21.875000 
-4.034006 -46.271503 -26.250000


0.931641 -57.143753 -23.750000 
-2.794923 -57.451195 -21.868750 
-1.552735 -57.764847 -25.000000 
0.931641 -57.143753 -23.750000


-0.310547 -54.345725 -21.868750 
-0.310547 -55.584808 -19.375000 
1.552735 -55.277366 -23.743750 
-0.310547 -54.345725 -21.868750


-19.257019 -40.060563 -20.000000 
-18.635925 -41.923845 -22.500000 
-18.946472 -44.097674 -21.250000 
-19.257019 -40.060563 -20.000000


-16.772643 -49.687520 -18.750000 
-18.325378 -45.650409 -21.875000 
-17.083190 -47.513691 -23.125000 
-16.772643 -49.687520 -18.750000


-15.841002 -49.998067 -22.500000 
-14.598814 -52.482443 -21.250000 
-15.216803 -52.482443 -19.381250 
-15.841002 -49.998067 -22.500000


-14.598814 -52.482443 -21.250000 
-13.664068 -54.966819 -21.881250 
-14.595709 -55.587913 -20.006250 
-14.598814 -52.482443 -21.250000


-12.111333 -25.775401 -21.256250 
-16.148444 -25.775401 -21.256250 
-10.866040 -24.843760 -20.000000 
-12.111333 -25.775401 -21.256250


-13.664068 -57.140648 -18.756250 
-13.664068 -54.966819 -21.881250 
-12.111333 -59.003930 -22.493750 
-13.664068 -57.140648 -18.756250


-10.866040 -24.843760 -20.000000 
-10.866040 -27.017589 -20.625000 
-12.111333 -25.775401 -21.256250 
-10.866040 -24.843760 -20.000000


-10.555493 -32.917982 -20.000000 
-10.244946 -30.744153 -20.625000 
-10.866040 -27.017589 -20.625000 
-10.555493 -32.917982 -20.000000


-10.555493 -34.160170 -21.875000 
-9.934399 -34.781264 -19.375000 
-10.244946 -36.023452 -21.250000 
-10.555493 -34.160170 -21.875000


-10.555493 -32.917982 -20.000000 
-9.934399 -34.781264 -19.375000 
-10.555493 -34.160170 -21.875000 
-10.555493 -32.917982 -20.000000


-9.002758 -36.955093 -20.000000 
-8.692211 -39.439469 -21.875000 
-10.244946 -36.023452 -21.250000 
-9.002758 -36.955093 -20.000000


-8.071117 -38.197281 -21.250000 
-8.695316 -41.302751 -18.118750 
-6.518382 -43.166033 -21.250000 
-8.071117 -38.197281 -21.250000


-6.207835 -45.029315 -20.625000 
-5.586741 -47.203144 -20.000000 
-5.586741 -45.339862 -23.125000 
-6.207835 -45.029315 -20.625000


-3.105470 -56.833206 -18.125000 
-2.794923 -57.451195 -21.868750 
0.931641 -57.143753 -23.750000 
-3.105470 -56.833206 -18.125000


-19.257019 -40.060563 -20.000000 
-18.946472 -44.097674 -21.250000 
-19.878113 -43.166033 -18.750000 
-19.257019 -40.060563 -20.000000


-17.704284 -31.675794 -19.375000 
-18.014831 -32.917982 -21.250000 
-17.083190 -34.470717 -18.750000 
-17.704284 -31.675794 -19.375000


-18.014831 -32.917982 -21.250000 
-17.704284 -31.675794 -19.375000 
-18.014831 -31.054700 -25.000000 
-18.014831 -32.917982 -21.250000


-14.906256 -22.669931 -20.006250 
-16.148444 -25.775401 -21.256250 
-15.841002 -24.533213 -17.500000 
-14.906256 -22.669931 -20.006250


-14.906256 -22.669931 -20.006250 
-10.866040 -24.843760 -20.000000 
-16.148444 -25.775401 -21.256250 
-14.906256 -22.669931 -20.006250


-15.216803 -52.482443 -19.381250 
-14.598814 -52.482443 -21.250000 
-14.595709 -55.587913 -20.006250 
-15.216803 -52.482443 -19.381250


-14.595709 -21.117196 -18.756250 
-10.866040 -24.843760 -20.000000 
-14.906256 -22.669931 -20.006250 
-14.595709 -21.117196 -18.756250


-11.179692 -56.830101 -18.743750 
-13.664068 -57.140648 -18.756250 
-12.111333 -59.003930 -22.493750 
-11.179692 -56.830101 -18.743750


-9.002758 -36.955093 -20.000000 
-10.244946 -36.023452 -21.250000 
-9.934399 -34.781264 -19.375000 
-9.002758 -36.955093 -20.000000


-9.002758 -36.955093 -20.000000 
-8.071117 -38.197281 -21.250000 
-8.692211 -39.439469 -21.875000 
-9.002758 -36.955093 -20.000000


-8.071117 -38.197281 -21.250000 
-9.005863 -38.507828 -18.743750 
-8.695316 -41.302751 -18.118750 
-8.071117 -38.197281 -21.250000


1.552735 -54.963714 -15.625000 
1.552735 -56.522659 -20.000000 
1.552735 -55.277366 -23.743750 
1.552735 -54.963714 -15.625000


-16.772643 -49.687520 -18.750000 
-15.841002 -49.998067 -22.500000 
-15.216803 -52.482443 -19.381250 
-16.772643 -49.687520 -18.750000


-15.216803 -57.143753 -18.750000 
-15.216803 -52.482443 -19.381250 
-14.595709 -55.587913 -20.006250 
-15.216803 -57.143753 -18.750000


-15.841002 -22.048837 -16.875000 
-14.595709 -21.117196 -18.756250 
-14.906256 -22.669931 -20.006250 
-15.841002 -22.048837 -16.875000


-14.595709 -55.587913 -20.006250 
-13.664068 -54.966819 -21.881250 
-13.664068 -57.140648 -18.756250 
-14.595709 -55.587913 -20.006250


-9.005863 -38.507828 -18.743750 
-8.071117 -38.197281 -21.250000 
-9.002758 -36.955093 -20.000000 
-9.005863 -38.507828 -18.743750


-2.170724 -53.103537 -20.000000 
-0.310547 -55.584808 -19.375000 
-0.310547 -54.345725 -21.868750 
-2.170724 -53.103537 -20.000000


-0.310547 -55.584808 -19.375000 
1.552735 -54.963714 -15.625000 
1.552735 -55.277366 -23.743750 
-0.310547 -55.584808 -19.375000


-18.325378 -37.576187 -15.625000 
-17.390632 -37.265640 -21.256250 
-18.632820 -38.818375 -20.006250 
-18.325378 -37.576187 -15.625000


-17.393737 -29.812512 -16.250000 
-17.083190 -29.501965 -23.750000 
-17.704284 -31.675794 -19.375000 
-17.393737 -29.812512 -16.250000


-17.083190 -28.259777 -22.500000 
-17.083190 -29.501965 -23.750000 
-17.393737 -29.812512 -16.250000 
-17.083190 -28.259777 -22.500000


-15.216803 -57.143753 -18.750000 
-14.595709 -55.587913 -20.006250 
-13.664068 -57.140648 -18.756250 
-15.216803 -57.143753 -18.750000


-13.353521 -19.253914 -18.131250 
-12.111333 -21.427743 -18.756250 
-14.595709 -21.117196 -18.756250 
-13.353521 -19.253914 -18.131250


-14.595709 -21.117196 -18.756250 
-12.111333 -21.427743 -18.756250 
-10.866040 -24.843760 -20.000000 
-14.595709 -21.117196 -18.756250


-10.866040 -24.843760 -20.000000 
-10.555493 -32.917982 -20.000000 
-10.866040 -27.017589 -20.625000 
-10.866040 -24.843760 -20.000000


-10.555493 -32.917982 -20.000000 
-10.866040 -34.781264 -17.500000 
-9.934399 -34.781264 -19.375000 
-10.555493 -32.917982 -20.000000


-5.586741 -47.203144 -20.000000 
-3.723459 -51.240255 -19.375000 
-4.034006 -48.755879 -21.875000 
-5.586741 -47.203144 -20.000000


-5.900393 -57.454300 -18.750000 
-2.794923 -57.451195 -21.868750 
-3.105470 -56.833206 -18.125000 
-5.900393 -57.454300 -18.750000


1.552735 -56.522659 -20.000000 
-3.105470 -56.833206 -18.125000 
0.931641 -57.143753 -23.750000 
1.552735 -56.522659 -20.000000


-18.325378 -48.134785 -15.625000 
-18.325378 -45.650409 -21.875000 
-16.772643 -49.687520 -18.750000 
-18.325378 -48.134785 -15.625000


-18.325378 -37.576187 -15.625000 
-17.083190 -34.470717 -18.750000 
-17.390632 -37.265640 -21.256250 
-18.325378 -37.576187 -15.625000


-15.841002 -24.533213 -17.500000 
-16.148444 -25.775401 -21.256250 
-16.458991 -26.703937 -21.250000 
-15.841002 -24.533213 -17.500000


-16.769538 -54.966819 -16.256250 
-15.216803 -57.143753 -18.750000 
-17.083190 -56.519554 -17.500000 
-16.769538 -54.966819 -16.256250


-16.769538 -54.966819 -16.256250 
-15.216803 -52.482443 -19.381250 
-15.216803 -57.143753 -18.750000 
-16.769538 -54.966819 -16.256250


-16.458991 -51.861349 -18.131250 
-15.216803 -52.482443 -19.381250 
-16.769538 -54.966819 -16.256250 
-16.458991 -51.861349 -18.131250


-16.458991 -51.861349 -18.131250 
-16.772643 -49.687520 -18.750000 
-15.216803 -52.482443 -19.381250 
-16.458991 -51.861349 -18.131250


-15.841002 -24.533213 -17.500000 
-15.841002 -22.048837 -16.875000 
-14.906256 -22.669931 -20.006250 
-15.841002 -24.533213 -17.500000


-10.866040 -19.253914 -17.500000 
-12.111333 -21.427743 -18.756250 
-13.353521 -19.253914 -18.131250 
-10.866040 -19.253914 -17.500000


-12.111333 -21.427743 -18.756250 
-10.555493 -32.917982 -20.000000 
-10.866040 -24.843760 -20.000000 
-12.111333 -21.427743 -18.756250


-9.934399 -34.781264 -19.375000 
-10.248051 -38.507828 -17.493750 
-9.002758 -36.955093 -20.000000 
-9.934399 -34.781264 -19.375000


-7.142581 -57.761742 -18.743750 
-11.179692 -56.830101 -18.743750 
-8.384769 -59.007035 -21.250000 
-7.142581 -57.761742 -18.743750


-7.142581 -57.761742 -18.743750 
-10.248051 -55.591018 -15.625000 
-11.179692 -56.830101 -18.743750 
-7.142581 -57.761742 -18.743750


-10.244946 -42.234392 -14.375000 
-8.692211 -44.408221 -15.625000 
-6.518382 -43.166033 -21.250000 
-10.244946 -42.234392 -14.375000


-8.695316 -41.302751 -18.118750 
-10.244946 -42.234392 -14.375000 
-6.518382 -43.166033 -21.250000 
-8.695316 -41.302751 -18.118750


-8.692211 -44.408221 -15.625000 
-6.207835 -45.029315 -20.625000 
-6.518382 -43.166033 -21.250000 
-8.692211 -44.408221 -15.625000


-3.723459 -51.240255 -19.375000 
-0.931641 -54.963714 -16.250000 
-2.170724 -53.103537 -20.000000 
-3.723459 -51.240255 -19.375000


-0.931641 -54.963714 -16.250000 
-0.310547 -55.584808 -19.375000 
-2.170724 -53.103537 -20.000000 
-0.931641 -54.963714 -16.250000


-19.564461 -46.582050 -14.381250 
-19.878113 -43.166033 -18.750000 
-18.946472 -44.097674 -21.250000 
-19.564461 -46.582050 -14.381250


-19.564461 -46.582050 -14.381250 
-18.946472 -44.097674 -21.250000 
-18.325378 -45.650409 -21.875000 
-19.564461 -46.582050 -14.381250


-18.325378 -28.570324 -14.375000 
-17.083190 -28.259777 -22.500000 
-17.393737 -29.812512 -16.250000 
-18.325378 -28.570324 -14.375000


-18.325378 -28.570324 -14.375000 
-16.458991 -26.703937 -21.250000 
-17.083190 -28.259777 -22.500000 
-18.325378 -28.570324 -14.375000


-18.322273 -50.929708 -16.881250 
-16.772643 -49.687520 -18.750000 
-16.458991 -51.861349 -18.131250 
-18.322273 -50.929708 -16.881250


-13.974615 -56.833206 -13.750000 
-17.083190 -56.519554 -17.500000 
-15.216803 -57.143753 -18.750000 
-13.974615 -56.833206 -13.750000


-13.974615 -56.833206 -13.750000 
-15.216803 -57.143753 -18.750000 
-13.664068 -57.140648 -18.756250 
-13.974615 -56.833206 -13.750000


-13.042974 -18.322273 -17.506250 
-10.866040 -19.253914 -17.500000 
-13.353521 -19.253914 -18.131250 
-13.042974 -18.322273 -17.506250


-9.934399 -34.781264 -19.375000 
-10.866040 -34.781264 -17.500000 
-10.248051 -38.507828 -17.493750 
-9.934399 -34.781264 -19.375000


-12.111333 -21.427743 -18.756250 
-10.866040 -34.781264 -17.500000 
-10.555493 -32.917982 -20.000000 
-12.111333 -21.427743 -18.756250


-10.248051 -38.507828 -17.493750 
-8.695316 -41.302751 -18.118750 
-9.005863 -38.507828 -18.743750 
-10.248051 -38.507828 -17.493750


-10.248051 -38.507828 -17.493750 
-9.005863 -38.507828 -18.743750 
-9.002758 -36.955093 -20.000000 
-10.248051 -38.507828 -17.493750


-6.207835 -45.029315 -20.625000 
-7.139476 -47.203144 -15.625000 
-5.586741 -47.203144 -20.000000 
-6.207835 -45.029315 -20.625000


0.310547 -55.898460 -16.868750 
-3.105470 -56.833206 -18.125000 
1.552735 -56.522659 -20.000000 
0.310547 -55.898460 -16.868750


0.310547 -55.898460 -16.868750 
1.552735 -56.522659 -20.000000 
1.552735 -54.963714 -15.625000 
0.310547 -55.898460 -16.868750


-18.325378 -48.134785 -15.625000 
-16.772643 -49.687520 -18.750000 
-18.322273 -50.929708 -16.881250 
-18.325378 -48.134785 -15.625000


-18.632820 -53.414084 -14.381250 
-16.458991 -51.861349 -18.131250 
-16.769538 -54.966819 -16.256250 
-18.632820 -53.414084 -14.381250


-15.841002 -22.048837 -16.875000 
-13.353521 -19.253914 -18.131250 
-14.595709 -21.117196 -18.756250 
-15.841002 -22.048837 -16.875000


-13.974615 -56.833206 -13.750000 
-13.664068 -57.140648 -18.756250 
-11.179692 -56.830101 -18.743750 
-13.974615 -56.833206 -13.750000


-11.490239 -17.076980 -16.250000 
-10.866040 -19.253914 -17.500000 
-13.042974 -18.322273 -17.506250 
-11.490239 -17.076980 -16.250000


-10.866040 -19.253914 -17.500000 
-10.866040 -34.781264 -17.500000 
-12.111333 -21.427743 -18.756250 
-10.866040 -19.253914 -17.500000


-8.695316 -41.302751 -18.118750 
-10.248051 -38.507828 -17.493750 
-9.623852 -41.302751 -16.875000 
-8.695316 -41.302751 -18.118750


-9.623852 -41.302751 -16.875000 
-10.244946 -42.234392 -14.375000 
-8.695316 -41.302751 -18.118750 
-9.623852 -41.302751 -16.875000


-6.832034 -56.209007 -16.243750 
-10.248051 -55.591018 -15.625000 
-7.142581 -57.761742 -18.743750 
-6.832034 -56.209007 -16.243750


-5.900393 -57.454300 -18.750000 
-6.832034 -56.209007 -16.243750 
-7.142581 -57.761742 -18.743750 
-5.900393 -57.454300 -18.750000


-20.185555 -45.029315 -13.131250 
-19.878113 -43.166033 -18.750000 
-19.564461 -46.582050 -14.381250 
-20.185555 -45.029315 -13.131250


-19.564461 -46.582050 -14.381250 
-18.325378 -45.650409 -21.875000 
-18.325378 -48.134785 -15.625000 
-19.564461 -46.582050 -14.381250


-18.322273 -50.929708 -16.881250 
-16.458991 -51.861349 -18.131250 
-18.632820 -53.414084 -14.381250 
-18.322273 -50.929708 -16.881250


-17.393737 -29.812512 -16.250000 
-17.083190 -34.470717 -18.750000 
-18.325378 -37.576187 -15.625000 
-17.393737 -29.812512 -16.250000


-17.393737 -29.812512 -16.250000 
-17.704284 -31.675794 -19.375000 
-17.083190 -34.470717 -18.750000 
-17.393737 -29.812512 -16.250000


-15.841002 -24.533213 -17.500000 
-16.458991 -26.703937 -21.250000 
-18.325378 -28.570324 -14.375000 
-15.841002 -24.533213 -17.500000


-17.393737 -24.222666 -14.375000 
-15.841002 -22.048837 -16.875000 
-15.841002 -24.533213 -17.500000 
-17.393737 -24.222666 -14.375000


-10.866040 -19.253914 -17.500000 
-10.869145 -18.943367 -4.993750 
-10.866040 -34.781264 -17.500000 
-10.866040 -19.253914 -17.500000


-10.869145 -16.766433 -13.750000 
-10.866040 -19.253914 -17.500000 
-11.490239 -17.076980 -16.250000 
-10.869145 -16.766433 -13.750000


-6.832034 -56.209007 -16.243750 
-5.900393 -57.454300 -18.750000 
-3.105470 -56.833206 -18.125000 
-6.832034 -56.209007 -16.243750


-7.139476 -47.203144 -15.625000 
-3.723459 -51.240255 -19.375000 
-5.586741 -47.203144 -20.000000 
-7.139476 -47.203144 -15.625000


-3.723459 -51.240255 -19.375000 
-2.794923 -52.482443 -13.131250 
-0.931641 -54.963714 -16.250000 
-3.723459 -51.240255 -19.375000


0.310547 -55.898460 -16.868750 
-4.658205 -54.659377 -13.125000 
-3.105470 -56.833206 -18.125000 
0.310547 -55.898460 -16.868750


-19.875008 -39.439469 -13.131250 
-18.632820 -38.818375 -20.006250 
-19.257019 -40.060563 -20.000000 
-19.875008 -39.439469 -13.131250


-18.325378 -28.570324 -14.375000 
-17.393737 -29.812512 -16.250000 
-18.635925 -35.091811 -14.375000 
-18.325378 -28.570324 -14.375000


-17.393737 -29.812512 -16.250000 
-18.325378 -37.576187 -15.625000 
-18.635925 -35.091811 -14.375000 
-17.393737 -29.812512 -16.250000


-18.943367 -50.308614 -15.631250 
-18.325378 -48.134785 -15.625000 
-18.322273 -50.929708 -16.881250 
-18.943367 -50.308614 -15.631250


-18.325378 -28.570324 -14.375000 
-18.325378 -25.154307 -13.125000 
-15.841002 -24.533213 -17.500000 
-18.325378 -28.570324 -14.375000


-18.011726 -23.601572 -12.506250 
-15.841002 -22.048837 -16.875000 
-17.393737 -24.222666 -14.375000 
-18.011726 -23.601572 -12.506250


-10.248051 -55.591018 -15.625000 
-13.974615 -56.833206 -13.750000 
-11.179692 -56.830101 -18.743750 
-10.248051 -55.591018 -15.625000


-10.248051 -38.507828 -17.493750 
-10.866040 -41.613298 -12.500000 
-9.623852 -41.302751 -16.875000 
-10.248051 -38.507828 -17.493750


-10.866040 -34.781264 -17.500000 
-10.866040 -41.613298 -12.500000 
-10.248051 -38.507828 -17.493750 
-10.866040 -34.781264 -17.500000


-4.658205 -54.659377 -13.125000 
-6.832034 -56.209007 -16.243750 
-3.105470 -56.833206 -18.125000 
-4.658205 -54.659377 -13.125000


-7.139476 -47.203144 -15.625000 
-4.968752 -49.684415 -13.750000 
-3.723459 -51.240255 -19.375000 
-7.139476 -47.203144 -15.625000


-4.968752 -49.684415 -13.750000 
-2.794923 -52.482443 -13.131250 
-3.723459 -51.240255 -19.375000 
-4.968752 -49.684415 -13.750000


1.552735 -54.963714 -15.625000 
-0.310547 -55.584808 -19.375000 
-0.931641 -54.963714 -16.250000 
1.552735 -54.963714 -15.625000


-20.188660 -40.992204 -13.750000 
-19.878113 -43.166033 -18.750000 
-20.185555 -45.029315 -13.131250 
-20.188660 -40.992204 -13.750000


-19.875008 -39.439469 -13.131250 
-18.325378 -37.576187 -15.625000 
-18.632820 -38.818375 -20.006250 
-19.875008 -39.439469 -13.131250


-18.632820 -53.414084 -14.381250 
-18.943367 -50.308614 -15.631250 
-18.322273 -50.929708 -16.881250 
-18.632820 -53.414084 -14.381250


-18.322273 -54.659377 -13.125000 
-16.769538 -54.966819 -16.256250 
-17.083190 -56.519554 -17.500000 
-18.322273 -54.659377 -13.125000


-14.906256 -55.277366 -11.243750 
-17.083190 -56.519554 -17.500000 
-13.974615 -56.833206 -13.750000 
-14.906256 -55.277366 -11.243750


-6.207835 -45.029315 -20.625000 
-7.142581 -47.510586 -12.500000 
-7.139476 -47.203144 -15.625000 
-6.207835 -45.029315 -20.625000


-8.692211 -44.408221 -15.625000 
-7.142581 -47.510586 -12.500000 
-6.207835 -45.029315 -20.625000 
-8.692211 -44.408221 -15.625000


0.310547 -54.032073 -11.875000 
1.552735 -54.963714 -15.625000 
-0.931641 -54.963714 -16.250000 
0.310547 -54.032073 -11.875000


-20.806649 -48.134785 -13.131250 
-19.564461 -46.582050 -14.381250 
-18.943367 -50.308614 -15.631250 
-20.806649 -48.134785 -13.131250


-20.188660 -40.992204 -13.750000 
-19.257019 -40.060563 -20.000000 
-19.878113 -43.166033 -18.750000 
-20.188660 -40.992204 -13.750000


-19.875008 -39.439469 -13.131250 
-19.257019 -40.060563 -20.000000 
-20.188660 -40.992204 -13.750000 
-19.875008 -39.439469 -13.131250


-20.496102 -50.619161 -13.131250 
-18.943367 -50.308614 -15.631250 
-18.632820 -53.414084 -14.381250 
-20.496102 -50.619161 -13.131250


-18.943367 -50.308614 -15.631250 
-19.564461 -46.582050 -14.381250 
-18.325378 -48.134785 -15.625000 
-18.943367 -50.308614 -15.631250


-19.875008 -39.439469 -13.131250 
-18.635925 -35.091811 -14.375000 
-18.325378 -37.576187 -15.625000 
-19.875008 -39.439469 -13.131250


-16.462096 -19.875008 -10.625000 
-13.353521 -19.253914 -18.131250 
-15.841002 -22.048837 -16.875000 
-16.462096 -19.875008 -10.625000


-13.042974 -18.322273 -17.506250 
-13.353521 -19.253914 -18.131250 
-16.462096 -19.875008 -10.625000 
-13.042974 -18.322273 -17.506250


-10.866040 -34.781264 -17.500000 
-10.866040 -39.439469 -8.125000 
-10.866040 -41.613298 -12.500000 
-10.866040 -34.781264 -17.500000


-1.552735 -54.969924 -11.875000 
-4.658205 -54.659377 -13.125000 
0.310547 -55.898460 -16.868750 
-1.552735 -54.969924 -11.875000


1.863282 -54.969924 -12.500000 
0.310547 -55.898460 -16.868750 
1.552735 -54.963714 -15.625000 
1.863282 -54.969924 -12.500000


-20.806649 -48.134785 -13.131250 
-18.943367 -50.308614 -15.631250 
-20.496102 -50.619161 -13.131250 
-20.806649 -48.134785 -13.131250


-20.806649 -48.134785 -13.131250 
-20.185555 -45.029315 -13.131250 
-19.564461 -46.582050 -14.381250 
-20.806649 -48.134785 -13.131250


-18.322273 -54.659377 -13.125000 
-18.632820 -53.414084 -14.381250 
-16.769538 -54.966819 -16.256250 
-18.322273 -54.659377 -13.125000


-20.496102 -52.796095 -11.875000 
-18.632820 -53.414084 -14.381250 
-18.322273 -54.659377 -13.125000 
-20.496102 -52.796095 -11.875000


-18.325378 -25.154307 -13.125000 
-17.393737 -24.222666 -14.375000 
-15.841002 -24.533213 -17.500000 
-18.325378 -25.154307 -13.125000


-14.906256 -55.277366 -11.243750 
-18.322273 -54.659377 -13.125000 
-17.083190 -56.519554 -17.500000 
-14.906256 -55.277366 -11.243750


-18.011726 -23.601572 -12.506250 
-16.462096 -19.875008 -10.625000 
-15.841002 -22.048837 -16.875000 
-18.011726 -23.601572 -12.506250


-13.974615 -17.698074 -12.500000 
-11.490239 -17.076980 -16.250000 
-13.042974 -18.322273 -17.506250 
-13.974615 -17.698074 -12.500000


-10.866040 -41.613298 -12.500000 
-10.244946 -42.234392 -14.375000 
-9.623852 -41.302751 -16.875000 
-10.866040 -41.613298 -12.500000


-1.552735 -54.969924 -11.875000 
0.310547 -55.898460 -16.868750 
1.863282 -54.969924 -12.500000 
-1.552735 -54.969924 -11.875000


-23.294130 -49.376973 -9.375000 
-20.806649 -48.134785 -13.131250 
-20.496102 -50.619161 -13.131250 
-23.294130 -49.376973 -9.375000


-21.117196 -44.408221 -13.131250 
-20.806649 -48.134785 -13.131250 
-22.359384 -46.582050 -11.881250 
-21.117196 -44.408221 -13.131250


-21.117196 -44.408221 -13.131250 
-20.185555 -45.029315 -13.131250 
-20.806649 -48.134785 -13.131250 
-21.117196 -44.408221 -13.131250


-20.188660 -40.992204 -13.750000 
-20.185555 -45.029315 -13.131250 
-21.117196 -44.408221 -13.131250 
-20.188660 -40.992204 -13.750000


-20.496102 -52.796095 -11.875000 
-20.496102 -50.619161 -13.131250 
-18.632820 -53.414084 -14.381250 
-20.496102 -52.796095 -11.875000


-18.946472 -31.365247 -13.125000 
-18.635925 -35.091811 -14.375000 
-19.875008 -39.439469 -13.131250 
-18.946472 -31.365247 -13.125000


-18.946472 -31.365247 -13.125000 
-18.325378 -28.570324 -14.375000 
-18.635925 -35.091811 -14.375000 
-18.946472 -31.365247 -13.125000


-10.869145 -16.766433 -13.750000 
-11.490239 -17.076980 -16.250000 
-13.974615 -17.698074 -12.500000 
-10.869145 -16.766433 -13.750000


-10.869145 -18.943367 -4.993750 
-10.866040 -39.439469 -8.125000 
-10.866040 -34.781264 -17.500000 
-10.869145 -18.943367 -4.993750


-10.869145 -16.766433 -13.750000 
-10.866040 -15.837897 -10.625000 
-10.866040 -19.253914 -17.500000 
-10.869145 -16.766433 -13.750000


-7.763675 -54.348830 -11.250000 
-10.248051 -55.591018 -15.625000 
-6.832034 -56.209007 -16.243750 
-7.763675 -54.348830 -11.250000


-4.658205 -54.659377 -13.125000 
-7.763675 -54.348830 -11.250000 
-6.832034 -56.209007 -16.243750 
-4.658205 -54.659377 -13.125000


-5.589846 -48.755879 -11.881250 
-4.968752 -49.684415 -13.750000 
-7.139476 -47.203144 -15.625000 
-5.589846 -48.755879 -11.881250


-2.794923 -52.482443 -13.131250 
0.310547 -54.032073 -11.875000 
-0.931641 -54.963714 -16.250000 
-2.794923 -52.482443 -13.131250


-22.359384 -46.582050 -11.881250 
-20.806649 -48.134785 -13.131250 
-23.294130 -49.376973 -9.375000 
-22.359384 -46.582050 -11.881250


-21.738290 -41.613298 -11.256250 
-20.188660 -40.992204 -13.750000 
-21.117196 -44.408221 -13.131250 
-21.738290 -41.613298 -11.256250


-18.011726 -23.601572 -12.506250 
-17.393737 -24.222666 -14.375000 
-18.325378 -25.154307 -13.125000 
-18.011726 -23.601572 -12.506250


-16.458991 -53.724631 -9.993750 
-18.322273 -54.659377 -13.125000 
-14.906256 -55.277366 -11.243750 
-16.458991 -53.724631 -9.993750


-10.866040 -39.439469 -8.125000 
-10.555493 -38.197281 -11.875000 
-10.866040 -41.613298 -12.500000 
-10.866040 -39.439469 -8.125000


-10.866040 -41.613298 -12.500000 
-8.695316 -44.097674 -11.881250 
-10.244946 -42.234392 -14.375000 
-10.866040 -41.613298 -12.500000


-10.248051 -54.969924 -10.625000 
-10.248051 -55.591018 -15.625000 
-7.763675 -54.348830 -11.250000 
-10.248051 -54.969924 -10.625000


-10.244946 -42.234392 -14.375000 
-7.142581 -47.510586 -12.500000 
-8.692211 -44.408221 -15.625000 
-10.244946 -42.234392 -14.375000


-7.142581 -47.510586 -12.500000 
-5.589846 -48.755879 -11.881250 
-7.139476 -47.203144 -15.625000 
-7.142581 -47.510586 -12.500000


-5.589846 -46.892597 -11.881250 
-3.726564 -49.376973 -12.506250 
-5.589846 -48.755879 -11.881250 
-5.589846 -46.892597 -11.881250


-5.589846 -48.755879 -11.881250 
-3.726564 -49.376973 -12.506250 
-4.968752 -49.684415 -13.750000 
-5.589846 -48.755879 -11.881250


-4.968752 -49.684415 -13.750000 
-2.794923 -50.619161 -12.506250 
-2.794923 -52.482443 -13.131250 
-4.968752 -49.684415 -13.750000


-2.794923 -50.619161 -12.506250 
-4.968752 -49.684415 -13.750000 
-3.726564 -49.376973 -12.506250 
-2.794923 -50.619161 -12.506250


0.310547 -54.032073 -11.875000 
1.863282 -54.969924 -12.500000 
1.552735 -54.963714 -15.625000 
0.310547 -54.032073 -11.875000


-21.427743 -39.750016 -11.256250 
-20.188660 -40.992204 -13.750000 
-21.738290 -41.613298 -11.256250 
-21.427743 -39.750016 -11.256250


-21.427743 -39.750016 -11.256250 
-19.875008 -39.439469 -13.131250 
-20.188660 -40.992204 -13.750000 
-21.427743 -39.750016 -11.256250


-20.185555 -34.781264 -11.256250 
-18.946472 -31.365247 -13.125000 
-19.875008 -39.439469 -13.131250 
-20.185555 -34.781264 -11.256250


-19.564461 -31.675794 -11.256250 
-18.946472 -31.365247 -13.125000 
-20.185555 -34.781264 -11.256250 
-19.564461 -31.675794 -11.256250


-19.564461 -31.675794 -11.256250 
-18.325378 -28.570324 -14.375000 
-18.946472 -31.365247 -13.125000 
-19.564461 -31.675794 -11.256250


-19.253914 -27.017589 -11.256250 
-18.325378 -28.570324 -14.375000 
-19.564461 -31.675794 -11.256250 
-19.253914 -27.017589 -11.256250


-18.943367 -52.482443 -9.993750 
-20.496102 -52.796095 -11.875000 
-18.322273 -54.659377 -13.125000 
-18.943367 -52.482443 -9.993750


-19.253914 -27.017589 -11.256250 
-18.325378 -25.154307 -13.125000 
-18.325378 -28.570324 -14.375000 
-19.253914 -27.017589 -11.256250


-19.564461 -24.222666 -10.006250 
-18.011726 -23.601572 -12.506250 
-18.325378 -25.154307 -13.125000 
-19.564461 -24.222666 -10.006250


-19.564461 -24.222666 -10.006250 
-18.325378 -25.154307 -13.125000 
-19.253914 -27.017589 -11.256250 
-19.564461 -24.222666 -10.006250


-16.462096 -19.875008 -10.625000 
-13.974615 -17.698074 -12.500000 
-13.042974 -18.322273 -17.506250 
-16.462096 -19.875008 -10.625000


-14.906256 -55.277366 -11.243750 
-13.974615 -56.833206 -13.750000 
-12.111333 -55.587913 -10.618750 
-14.906256 -55.277366 -11.243750


-12.111333 -55.587913 -10.618750 
-10.248051 -55.591018 -15.625000 
-10.248051 -54.969924 -10.625000 
-12.111333 -55.587913 -10.618750


-8.695316 -44.097674 -11.881250 
-8.384769 -41.613298 -11.256250 
-6.521487 -44.097674 -11.881250 
-8.695316 -44.097674 -11.881250


-10.244946 -42.234392 -14.375000 
-8.695316 -44.097674 -11.881250 
-7.142581 -47.510586 -12.500000 
-10.244946 -42.234392 -14.375000


-5.589846 -46.892597 -11.881250 
-7.142581 -47.510586 -12.500000 
-8.695316 -44.097674 -11.881250 
-5.589846 -46.892597 -11.881250


-6.521487 -44.097674 -11.881250 
-5.589846 -46.892597 -11.881250 
-8.695316 -44.097674 -11.881250 
-6.521487 -44.097674 -11.881250


-5.589846 -46.892597 -11.881250 
-5.589846 -48.755879 -11.881250 
-7.142581 -47.510586 -12.500000 
-5.589846 -46.892597 -11.881250


-5.900393 -45.336757 -11.875000 
-5.589846 -46.892597 -11.881250 
-6.521487 -44.097674 -11.881250 
-5.900393 -45.336757 -11.875000


-4.968752 -53.727736 -10.000000 
-7.763675 -54.348830 -11.250000 
-4.658205 -54.659377 -13.125000 
-4.968752 -53.727736 -10.000000


-2.173829 -52.168791 -9.375000 
-2.794923 -52.482443 -13.131250 
-2.794923 -50.619161 -12.506250 
-2.173829 -52.168791 -9.375000


-23.294130 -49.376973 -9.375000 
-20.496102 -50.619161 -13.131250 
-21.738290 -50.619161 -9.368750 
-23.294130 -49.376973 -9.375000


-21.738290 -50.619161 -9.368750 
-20.496102 -50.619161 -13.131250 
-20.496102 -52.796095 -11.875000 
-21.738290 -50.619161 -9.368750


-21.427743 -36.023452 -11.256250 
-20.185555 -34.781264 -11.256250 
-21.427743 -39.750016 -11.256250 
-21.427743 -36.023452 -11.256250


-20.185555 -34.781264 -11.256250 
-19.875008 -39.439469 -13.131250 
-21.427743 -39.750016 -11.256250 
-20.185555 -34.781264 -11.256250


-13.974615 -56.833206 -13.750000 
-10.248051 -55.591018 -15.625000 
-12.111333 -55.587913 -10.618750 
-13.974615 -56.833206 -13.750000


-13.974615 -17.698074 -12.500000 
-13.664068 -16.766433 -7.500000 
-10.869145 -16.766433 -13.750000 
-13.974615 -17.698074 -12.500000


-10.555493 -38.197281 -11.875000 
-8.384769 -41.613298 -11.256250 
-10.866040 -41.613298 -12.500000 
-10.555493 -38.197281 -11.875000


-10.866040 -41.613298 -12.500000 
-8.384769 -41.613298 -11.256250 
-8.695316 -44.097674 -11.881250 
-10.866040 -41.613298 -12.500000


-10.555493 -38.197281 -11.875000 
-9.316410 -40.060563 -11.881250 
-8.384769 -41.613298 -11.256250 
-10.555493 -38.197281 -11.875000


-9.316410 -54.035178 -8.118750 
-10.248051 -54.969924 -10.625000 
-7.763675 -54.348830 -11.250000 
-9.316410 -54.035178 -8.118750


-3.416017 -53.417189 -9.375000 
-4.968752 -53.727736 -10.000000 
-4.658205 -54.659377 -13.125000 
-3.416017 -53.417189 -9.375000


-3.726564 -49.376973 -12.506250 
-4.037111 -49.998067 -7.493750 
-2.794923 -50.619161 -12.506250 
-3.726564 -49.376973 -12.506250


-3.416017 -53.417189 -9.375000 
-4.658205 -54.659377 -13.125000 
-1.552735 -54.969924 -11.875000 
-3.416017 -53.417189 -9.375000


-18.943367 -52.482443 -9.993750 
-21.738290 -50.619161 -9.368750 
-20.496102 -52.796095 -11.875000 
-18.943367 -52.482443 -9.993750


-21.117196 -31.675794 -10.006250 
-19.253914 -27.017589 -11.256250 
-19.564461 -31.675794 -11.256250 
-21.117196 -31.675794 -10.006250


-16.458991 -53.724631 -9.993750 
-18.943367 -52.482443 -9.993750 
-18.322273 -54.659377 -13.125000 
-16.458991 -53.724631 -9.993750


-18.011726 -21.427743 -8.756250 
-16.462096 -19.875008 -10.625000 
-18.011726 -23.601572 -12.506250 
-18.011726 -21.427743 -8.756250


-10.866040 -15.837897 -10.625000 
-10.869145 -16.766433 -13.750000 
-13.664068 -16.766433 -7.500000 
-10.866040 -15.837897 -10.625000


-6.521487 -53.414084 -6.868750 
-7.763675 -54.348830 -11.250000 
-4.968752 -53.727736 -10.000000 
-6.521487 -53.414084 -6.868750


-5.589846 -46.892597 -11.881250 
-4.037111 -49.998067 -7.493750 
-3.726564 -49.376973 -12.506250 
-5.589846 -46.892597 -11.881250


-4.037111 -49.998067 -7.493750 
-2.173829 -52.168791 -9.375000 
-2.794923 -50.619161 -12.506250 
-4.037111 -49.998067 -7.493750


-2.173829 -52.168791 -9.375000 
0.310547 -54.032073 -11.875000 
-2.794923 -52.482443 -13.131250 
-2.173829 -52.168791 -9.375000


-1.552735 -54.969924 -11.875000 
1.863282 -54.969924 -12.500000 
1.242188 -53.414084 -8.118750 
-1.552735 -54.969924 -11.875000


-23.915224 -47.513691 -7.500000 
-22.359384 -46.582050 -11.881250 
-23.294130 -49.376973 -9.375000 
-23.915224 -47.513691 -7.500000


-23.915224 -47.513691 -7.500000 
-21.117196 -44.408221 -13.131250 
-22.359384 -46.582050 -11.881250 
-23.915224 -47.513691 -7.500000


-22.983583 -42.855486 -8.750000 
-21.738290 -41.613298 -11.256250 
-21.117196 -44.408221 -13.131250 
-22.983583 -42.855486 -8.750000


-22.359384 -39.750016 -9.381250 
-21.427743 -39.750016 -11.256250 
-21.738290 -41.613298 -11.256250 
-22.359384 -39.750016 -9.381250


-22.051942 -37.886734 -8.750000 
-21.427743 -39.750016 -11.256250 
-22.359384 -39.750016 -9.381250 
-22.051942 -37.886734 -8.750000


-22.051942 -37.886734 -8.750000 
-21.427743 -36.023452 -11.256250 
-21.427743 -39.750016 -11.256250 
-22.051942 -37.886734 -8.750000


-21.117196 -31.675794 -10.006250 
-20.185555 -34.781264 -11.256250 
-21.427743 -36.023452 -11.256250 
-21.117196 -31.675794 -10.006250


-21.117196 -31.675794 -10.006250 
-19.564461 -31.675794 -11.256250 
-20.185555 -34.781264 -11.256250 
-21.117196 -31.675794 -10.006250


-20.185555 -27.328136 -10.006250 
-19.253914 -27.017589 -11.256250 
-21.117196 -31.675794 -10.006250 
-20.185555 -27.328136 -10.006250


-19.564461 -24.222666 -10.006250 
-19.253914 -27.017589 -11.256250 
-20.185555 -27.328136 -10.006250 
-19.564461 -24.222666 -10.006250


-18.011726 -21.427743 -8.756250 
-18.011726 -23.601572 -12.506250 
-19.564461 -24.222666 -10.006250 
-18.011726 -21.427743 -8.756250


-10.866040 -39.439469 -8.125000 
-9.316410 -40.060563 -11.881250 
-10.555493 -38.197281 -11.875000 
-10.866040 -39.439469 -8.125000


-6.521487 -53.414084 -6.868750 
-9.316410 -54.035178 -8.118750 
-7.763675 -54.348830 -11.250000 
-6.521487 -53.414084 -6.868750


-8.384769 -41.613298 -11.256250 
-7.453128 -43.166033 -8.743750 
-6.521487 -44.097674 -11.881250 
-8.384769 -41.613298 -11.256250


-6.521487 -44.097674 -11.881250 
-6.210940 -45.650409 -8.743750 
-5.900393 -45.336757 -11.875000 
-6.521487 -44.097674 -11.881250


-5.900393 -45.336757 -11.875000 
-4.037111 -49.998067 -7.493750 
-5.589846 -46.892597 -11.881250 
-5.900393 -45.336757 -11.875000


-22.983583 -42.855486 -8.750000 
-22.359384 -39.750016 -9.381250 
-21.738290 -41.613298 -11.256250 
-22.983583 -42.855486 -8.750000


-18.943367 -52.482443 -9.993750 
-16.458991 -53.724631 -9.993750 
-18.011726 -52.171896 -8.743750 
-18.943367 -52.482443 -9.993750


-13.664068 -16.766433 -7.500000 
-13.974615 -17.698074 -12.500000 
-16.462096 -19.875008 -10.625000 
-13.664068 -16.766433 -7.500000


-16.458991 -53.724631 -9.993750 
-14.906256 -55.277366 -11.243750 
-12.111333 -55.587913 -10.618750 
-16.458991 -53.724631 -9.993750


-14.285162 -53.724631 -8.743750 
-16.458991 -53.724631 -9.993750 
-12.111333 -55.587913 -10.618750 
-14.285162 -53.724631 -8.743750


-7.453128 -43.166033 -8.743750 
-8.384769 -41.613298 -11.256250 
-9.316410 -40.060563 -11.881250 
-7.453128 -43.166033 -8.743750


0.310547 -52.792990 -6.243750 
-1.552735 -54.969924 -11.875000 
1.242188 -53.414084 -8.118750 
0.310547 -52.792990 -6.243750


1.242188 -53.414084 -8.118750 
1.863282 -54.969924 -12.500000 
0.310547 -54.032073 -11.875000 
1.242188 -53.414084 -8.118750


-23.915224 -47.513691 -7.500000 
-22.983583 -42.855486 -8.750000 
-21.117196 -44.408221 -13.131250 
-23.915224 -47.513691 -7.500000


-22.980478 -35.712905 -8.131250 
-21.427743 -30.433606 -8.756250 
-22.051942 -37.886734 -8.750000 
-22.980478 -35.712905 -8.131250


-21.427743 -30.433606 -8.756250 
-21.427743 -36.023452 -11.256250 
-22.051942 -37.886734 -8.750000 
-21.427743 -30.433606 -8.756250


-21.427743 -30.433606 -8.756250 
-21.117196 -31.675794 -10.006250 
-21.427743 -36.023452 -11.256250 
-21.427743 -30.433606 -8.756250


-20.185555 -27.328136 -10.006250 
-21.117196 -31.675794 -10.006250 
-21.427743 -30.433606 -8.756250 
-20.185555 -27.328136 -10.006250


-19.564461 -50.619161 -7.493750 
-21.738290 -50.619161 -9.368750 
-18.943367 -52.482443 -9.993750 
-19.564461 -50.619161 -7.493750


-18.011726 -21.427743 -8.756250 
-19.564461 -24.222666 -10.006250 
-18.632820 -20.806649 -7.506250 
-18.011726 -21.427743 -8.756250


-14.285162 -53.724631 -8.743750 
-15.527350 -52.171896 -6.868750 
-16.458991 -53.724631 -9.993750 
-14.285162 -53.724631 -8.743750


-9.316410 -54.035178 -8.118750 
-14.285162 -53.724631 -8.743750 
-12.111333 -55.587913 -10.618750 
-9.316410 -54.035178 -8.118750


-9.316410 -54.035178 -8.118750 
-12.111333 -55.587913 -10.618750 
-10.248051 -54.969924 -10.625000 
-9.316410 -54.035178 -8.118750


-10.866040 -39.439469 -8.125000 
-7.453128 -43.166033 -8.743750 
-9.316410 -40.060563 -11.881250 
-10.866040 -39.439469 -8.125000


-7.453128 -43.166033 -8.743750 
-6.210940 -45.650409 -8.743750 
-6.521487 -44.097674 -11.881250 
-7.453128 -43.166033 -8.743750


-6.210940 -45.650409 -8.743750 
-4.037111 -49.998067 -7.493750 
-5.900393 -45.336757 -11.875000 
-6.210940 -45.650409 -8.743750


-3.726564 -50.926603 -6.875000 
-2.173829 -52.168791 -9.375000 
-4.037111 -49.998067 -7.493750 
-3.726564 -50.926603 -6.875000


0.310547 -52.792990 -6.243750 
0.310547 -54.032073 -11.875000 
-2.173829 -52.168791 -9.375000 
0.310547 -52.792990 -6.243750


-22.980478 -35.712905 -8.131250 
-22.051942 -37.886734 -8.750000 
-22.359384 -39.750016 -9.381250 
-22.980478 -35.712905 -8.131250


-19.564461 -50.619161 -7.493750 
-22.048837 -48.445332 -6.243750 
-21.738290 -50.619161 -9.368750 
-19.564461 -50.619161 -7.493750


-20.496102 -26.707042 -7.506250 
-19.564461 -24.222666 -10.006250 
-20.185555 -27.328136 -10.006250 
-20.496102 -26.707042 -7.506250


-20.496102 -26.707042 -7.506250 
-20.185555 -24.533213 -7.506250 
-19.564461 -24.222666 -10.006250 
-20.496102 -26.707042 -7.506250


-18.632820 -20.806649 -7.506250 
-19.564461 -24.222666 -10.006250 
-20.185555 -24.533213 -7.506250 
-18.632820 -20.806649 -7.506250


-18.011726 -52.171896 -8.743750 
-19.564461 -50.619161 -7.493750 
-18.943367 -52.482443 -9.993750 
-18.011726 -52.171896 -8.743750


-18.011726 -21.427743 -8.756250 
-13.664068 -16.766433 -7.500000 
-16.462096 -19.875008 -10.625000 
-18.011726 -21.427743 -8.756250


-7.453128 -43.166033 -8.743750 
-10.558598 -42.234392 -8.743750 
-8.074222 -45.650409 -8.743750 
-7.453128 -43.166033 -8.743750


-7.453128 -43.166033 -8.743750 
-10.866040 -39.439469 -8.125000 
-10.558598 -42.234392 -8.743750 
-7.453128 -43.166033 -8.743750


-8.074222 -45.650409 -8.743750 
-5.589846 -48.134785 -6.868750 
-6.210940 -45.650409 -8.743750 
-8.074222 -45.650409 -8.743750


-7.453128 -43.166033 -8.743750 
-8.074222 -45.650409 -8.743750 
-6.210940 -45.650409 -8.743750 
-7.453128 -43.166033 -8.743750


-6.210940 -45.650409 -8.743750 
-5.589846 -48.134785 -6.868750 
-4.037111 -49.998067 -7.493750 
-6.210940 -45.650409 -8.743750


0.310547 -52.792990 -6.243750 
1.242188 -53.414084 -8.118750 
0.310547 -54.032073 -11.875000 
0.310547 -52.792990 -6.243750


-24.846865 -45.650409 -5.625000 
-22.983583 -42.855486 -8.750000 
-23.915224 -47.513691 -7.500000 
-24.846865 -45.650409 -5.625000


-23.915224 -36.955093 -6.250000 
-22.980478 -35.712905 -8.131250 
-22.359384 -39.750016 -9.381250 
-23.915224 -36.955093 -6.250000


-23.601572 -31.675794 -6.881250 
-22.980478 -35.712905 -8.131250 
-23.915224 -36.955093 -6.250000 
-23.601572 -31.675794 -6.881250


-23.601572 -31.675794 -6.881250 
-20.496102 -26.707042 -7.506250 
-21.427743 -30.433606 -8.756250 
-23.601572 -31.675794 -6.881250


-23.291025 -29.191418 -7.506250 
-20.496102 -26.707042 -7.506250 
-23.601572 -31.675794 -6.881250 
-23.291025 -29.191418 -7.506250


-23.601572 -31.675794 -6.881250 
-21.427743 -30.433606 -8.756250 
-22.980478 -35.712905 -8.131250 
-23.601572 -31.675794 -6.881250


-20.496102 -26.707042 -7.506250 
-20.185555 -27.328136 -10.006250 
-21.427743 -30.433606 -8.756250 
-20.496102 -26.707042 -7.506250


-22.359384 -26.396495 -7.506250 
-20.496102 -26.707042 -7.506250 
-23.291025 -29.191418 -7.506250 
-22.359384 -26.396495 -7.506250


-20.185555 -24.533213 -7.506250 
-20.496102 -26.707042 -7.506250 
-22.359384 -26.396495 -7.506250 
-20.185555 -24.533213 -7.506250


-15.527350 -52.171896 -6.868750 
-18.011726 -52.171896 -8.743750 
-16.458991 -53.724631 -9.993750 
-15.527350 -52.171896 -6.868750


-10.866040 -39.439469 -8.125000 
-10.866040 -42.544939 -6.250000 
-10.558598 -42.234392 -8.743750 
-10.866040 -39.439469 -8.125000


-9.316410 -54.035178 -8.118750 
-13.042974 -52.792990 -6.868750 
-14.285162 -53.724631 -8.743750 
-9.316410 -54.035178 -8.118750


-4.968752 -52.796095 -6.250000 
-6.521487 -53.414084 -6.868750 
-4.968752 -53.727736 -10.000000 
-4.968752 -52.796095 -6.250000


-3.726564 -50.926603 -6.875000 
-4.037111 -49.998067 -7.493750 
-5.900393 -49.994962 -5.000000 
-3.726564 -50.926603 -6.875000


0.310547 -52.792990 -6.243750 
-3.416017 -53.417189 -9.375000 
-1.552735 -54.969924 -11.875000 
0.310547 -52.792990 -6.243750


-22.048837 -48.445332 -6.243750 
-23.915224 -47.513691 -7.500000 
-23.294130 -49.376973 -9.375000 
-22.048837 -48.445332 -6.243750


-21.738290 -50.619161 -9.368750 
-22.048837 -48.445332 -6.243750 
-23.294130 -49.376973 -9.375000 
-21.738290 -50.619161 -9.368750


-18.011726 -52.171896 -8.743750 
-18.011726 -50.001172 -4.375000 
-19.564461 -50.619161 -7.493750 
-18.011726 -52.171896 -8.743750


-13.664068 -16.766433 -7.500000 
-18.011726 -21.427743 -8.756250 
-17.701179 -18.629715 -5.000000 
-13.664068 -16.766433 -7.500000


-10.869145 -18.943367 -4.993750 
-10.866040 -15.837897 -10.625000 
-13.664068 -16.766433 -7.500000 
-10.869145 -18.943367 -4.993750


-10.866040 -15.837897 -10.625000 
-10.869145 -18.943367 -4.993750 
-10.866040 -19.253914 -17.500000 
-10.866040 -15.837897 -10.625000


-9.316410 -52.482443 -5.618750 
-13.042974 -52.792990 -6.868750 
-9.316410 -54.035178 -8.118750 
-9.316410 -52.482443 -5.618750


-10.558598 -42.234392 -8.743750 
-6.828929 -47.824238 -5.625000 
-8.074222 -45.650409 -8.743750 
-10.558598 -42.234392 -8.743750


-8.074222 -45.650409 -8.743750 
-6.828929 -47.824238 -5.625000 
-5.589846 -48.134785 -6.868750 
-8.074222 -45.650409 -8.743750


-3.726564 -50.926603 -6.875000 
-1.242188 -50.926603 -5.000000 
-2.173829 -52.168791 -9.375000 
-3.726564 -50.926603 -6.875000


-22.983583 -42.855486 -8.750000 
-24.225771 -40.681657 -5.625000 
-22.359384 -39.750016 -9.381250 
-22.983583 -42.855486 -8.750000


-25.778506 -34.781264 -2.500000 
-23.915224 -36.955093 -6.250000 
-26.089053 -36.644546 -2.500000 
-25.778506 -34.781264 -2.500000


-23.601572 -31.675794 -6.881250 
-23.915224 -36.955093 -6.250000 
-25.778506 -34.781264 -2.500000 
-23.601572 -31.675794 -6.881250


-23.915224 -36.955093 -6.250000 
-22.359384 -39.750016 -9.381250 
-24.225771 -40.681657 -5.625000 
-23.915224 -36.955093 -6.250000


-25.157412 -31.675794 -3.750000 
-23.291025 -29.191418 -7.506250 
-23.601572 -31.675794 -6.881250 
-25.157412 -31.675794 -3.750000


-23.601572 -25.464854 -5.631250 
-22.359384 -26.396495 -7.506250 
-23.291025 -29.191418 -7.506250 
-23.601572 -25.464854 -5.631250


-21.427743 -22.669931 -6.256250 
-22.359384 -26.396495 -7.506250 
-23.601572 -25.464854 -5.631250 
-21.427743 -22.669931 -6.256250


-21.427743 -22.669931 -6.256250 
-20.185555 -24.533213 -7.506250 
-22.359384 -26.396495 -7.506250 
-21.427743 -22.669931 -6.256250


-19.875008 -20.185555 -5.631250 
-20.185555 -24.533213 -7.506250 
-21.427743 -22.669931 -6.256250 
-19.875008 -20.185555 -5.631250


-19.875008 -20.185555 -5.631250 
-18.632820 -20.806649 -7.506250 
-20.185555 -24.533213 -7.506250 
-19.875008 -20.185555 -5.631250


-17.701179 -18.629715 -5.000000 
-18.011726 -21.427743 -8.756250 
-18.632820 -20.806649 -7.506250 
-17.701179 -18.629715 -5.000000


-10.869145 -18.943367 -4.993750 
-10.866040 -42.544939 -6.250000 
-10.866040 -39.439469 -8.125000 
-10.869145 -18.943367 -4.993750


-5.589846 -48.134785 -6.868750 
-5.900393 -49.994962 -5.000000 
-4.037111 -49.998067 -7.493750 
-5.589846 -48.134785 -6.868750


-4.968752 -52.796095 -6.250000 
-4.968752 -53.727736 -10.000000 
-3.416017 -53.417189 -9.375000 
-4.968752 -52.796095 -6.250000


-25.157412 -27.949230 -3.750000 
-23.291025 -29.191418 -7.506250 
-25.157412 -31.675794 -3.750000 
-25.157412 -27.949230 -3.750000


-23.294130 -24.222666 -3.750000 
-21.427743 -22.669931 -6.256250 
-23.601572 -25.464854 -5.631250 
-23.294130 -24.222666 -3.750000


-19.875008 -20.185555 -5.631250 
-21.427743 -22.669931 -6.256250 
-21.738290 -21.424638 -3.750000 
-19.875008 -20.185555 -5.631250


-19.253914 -49.376973 -3.743750 
-22.048837 -48.445332 -6.243750 
-19.564461 -50.619161 -7.493750 
-19.253914 -49.376973 -3.743750


-17.701179 -18.629715 -5.000000 
-18.632820 -20.806649 -7.506250 
-19.875008 -20.185555 -5.631250 
-17.701179 -18.629715 -5.000000


-15.527350 -52.171896 -6.868750 
-18.011726 -50.001172 -4.375000 
-18.011726 -52.171896 -8.743750 
-15.527350 -52.171896 -6.868750


-13.974615 -49.998067 0.006250 
-15.527350 -52.171896 -6.868750 
-14.285162 -53.724631 -8.743750 
-13.974615 -49.998067 0.006250


-13.042974 -52.792990 -6.868750 
-13.974615 -49.998067 0.006250 
-14.285162 -53.724631 -8.743750 
-13.042974 -52.792990 -6.868750


-4.658205 -52.485548 -3.750000 
-4.968752 -52.796095 -6.250000 
-3.416017 -53.417189 -9.375000 
-4.658205 -52.485548 -3.750000


-4.658205 -52.485548 -3.750000 
-3.416017 -53.417189 -9.375000 
0.310547 -52.792990 -6.243750 
-4.658205 -52.485548 -3.750000


-1.242188 -50.926603 -5.000000 
0.310547 -52.792990 -6.243750 
-2.173829 -52.168791 -9.375000 
-1.242188 -50.926603 -5.000000


-25.778506 -39.128922 -2.500000 
-23.915224 -36.955093 -6.250000 
-24.225771 -40.681657 -5.625000 
-25.778506 -39.128922 -2.500000


-25.778506 -39.128922 -2.500000 
-26.089053 -36.644546 -2.500000 
-23.915224 -36.955093 -6.250000 
-25.778506 -39.128922 -2.500000


-25.157412 -31.675794 -3.750000 
-23.601572 -31.675794 -6.881250 
-25.778506 -34.781264 -2.500000 
-25.157412 -31.675794 -3.750000


-25.157412 -27.949230 -3.750000 
-23.601572 -25.464854 -5.631250 
-23.291025 -29.191418 -7.506250 
-25.157412 -27.949230 -3.750000


-23.294130 -24.222666 -3.750000 
-21.738290 -21.424638 -3.750000 
-21.427743 -22.669931 -6.256250 
-23.294130 -24.222666 -3.750000


-16.769538 -19.564461 -2.493750 
-13.664068 -16.766433 -7.500000 
-17.701179 -18.629715 -5.000000 
-16.769538 -19.564461 -2.493750


-10.869145 -35.402358 2.506250 
-10.866040 -39.750016 -3.125000 
-10.866040 -42.544939 -6.250000 
-10.869145 -35.402358 2.506250


-10.866040 -42.544939 -6.250000 
-8.695316 -44.408221 -2.506250 
-10.558598 -42.234392 -8.743750 
-10.866040 -42.544939 -6.250000


-9.316410 -52.482443 -5.618750 
-9.316410 -54.035178 -8.118750 
-6.521487 -53.414084 -6.868750 
-9.316410 -52.482443 -5.618750


-10.558598 -42.234392 -8.743750 
-8.695316 -44.408221 -2.506250 
-6.828929 -47.824238 -5.625000 
-10.558598 -42.234392 -8.743750


-8.384769 -50.929708 -2.493750 
-6.521487 -53.414084 -6.868750 
-4.968752 -52.796095 -6.250000 
-8.384769 -50.929708 -2.493750


-6.828929 -47.824238 -5.625000 
-5.900393 -49.994962 -5.000000 
-5.589846 -48.134785 -6.868750 
-6.828929 -47.824238 -5.625000


-1.242188 -50.926603 -5.000000 
0.621094 -52.175001 -4.375000 
0.310547 -52.792990 -6.243750 
-1.242188 -50.926603 -5.000000


-25.778506 -43.476580 -2.500000 
-22.983583 -42.855486 -8.750000 
-24.846865 -45.650409 -5.625000 
-25.778506 -43.476580 -2.500000


-25.778506 -43.476580 -2.500000 
-24.225771 -40.681657 -5.625000 
-22.983583 -42.855486 -8.750000 
-25.778506 -43.476580 -2.500000


-25.778506 -43.476580 -2.500000 
-24.846865 -45.650409 -5.625000 
-23.915224 -47.513691 -7.500000 
-25.778506 -43.476580 -2.500000


-23.294130 -24.222666 -3.750000 
-23.601572 -25.464854 -5.631250 
-25.157412 -27.949230 -3.750000 
-23.294130 -24.222666 -3.750000


-18.011726 -50.001172 -4.375000 
-19.253914 -49.376973 -3.743750 
-19.564461 -50.619161 -7.493750 
-18.011726 -50.001172 -4.375000


-10.866040 -39.750016 -3.125000 
-9.316410 -41.613298 -3.131250 
-10.866040 -42.544939 -6.250000 
-10.866040 -39.750016 -3.125000


-8.384769 -50.929708 -2.493750 
-9.316410 -52.482443 -5.618750 
-6.521487 -53.414084 -6.868750 
-8.384769 -50.929708 -2.493750


-2.794923 -49.066426 -2.506250 
-3.726564 -50.926603 -6.875000 
-5.900393 -49.994962 -5.000000 
-2.794923 -49.066426 -2.506250


-2.794923 -49.066426 -2.506250 
-1.242188 -50.926603 -5.000000 
-3.726564 -50.926603 -6.875000 
-2.794923 -49.066426 -2.506250


-1.552735 -52.175001 -1.875000 
-4.658205 -52.485548 -3.750000 
0.310547 -52.792990 -6.243750 
-1.552735 -52.175001 -1.875000


-1.552735 -52.175001 -1.875000 
0.310547 -52.792990 -6.243750 
0.621094 -52.175001 -4.375000 
-1.552735 -52.175001 -1.875000


-23.915224 -47.513691 -7.500000 
-22.048837 -48.445332 -6.243750 
-21.117196 -46.271503 0.006250 
-23.915224 -47.513691 -7.500000


-17.701179 -18.629715 -5.000000 
-19.875008 -20.185555 -5.631250 
-21.738290 -21.424638 -3.750000 
-17.701179 -18.629715 -5.000000


-4.968752 -52.796095 -6.250000 
-4.658205 -52.485548 -3.750000 
-8.384769 -50.929708 -2.493750 
-4.968752 -52.796095 -6.250000


-6.828929 -47.824238 -5.625000 
-4.347658 -49.066426 -2.506250 
-5.900393 -49.994962 -5.000000 
-6.828929 -47.824238 -5.625000


-23.291025 -26.085948 -1.868750 
-23.294130 -24.222666 -3.750000 
-25.157412 -27.949230 -3.750000 
-23.291025 -26.085948 -1.868750


-25.778506 -43.476580 -2.500000 
-23.915224 -47.513691 -7.500000 
-21.117196 -46.271503 0.006250 
-25.778506 -43.476580 -2.500000


-20.806649 -21.738290 -1.868750 
-21.738290 -21.424638 -3.750000 
-23.294130 -24.222666 -3.750000 
-20.806649 -21.738290 -1.868750


-16.769538 -19.564461 -2.493750 
-17.701179 -18.629715 -5.000000 
-21.738290 -21.424638 -3.750000 
-16.769538 -19.564461 -2.493750


-18.011726 -48.445332 0.006250 
-19.253914 -49.376973 -3.743750 
-18.011726 -50.001172 -4.375000 
-18.011726 -48.445332 0.006250


-13.353521 -19.253914 -2.493750 
-13.664068 -16.766433 -7.500000 
-16.769538 -19.564461 -2.493750 
-13.353521 -19.253914 -2.493750


-13.664068 -16.766433 -7.500000 
-13.353521 -19.253914 -2.493750 
-10.869145 -18.943367 -4.993750 
-13.664068 -16.766433 -7.500000


-9.316410 -52.482443 -5.618750 
-13.974615 -49.998067 0.006250 
-13.042974 -52.792990 -6.868750 
-9.316410 -52.482443 -5.618750


-9.316410 -41.613298 -3.131250 
-8.695316 -44.408221 -2.506250 
-10.866040 -42.544939 -6.250000 
-9.316410 -41.613298 -3.131250


-9.316410 -41.613298 -3.131250 
-7.763675 -43.476580 -3.131250 
-8.695316 -44.408221 -2.506250 
-9.316410 -41.613298 -3.131250


-8.695316 -44.408221 -2.506250 
-7.763675 -43.476580 -3.131250 
-6.832034 -45.960956 -2.506250 
-8.695316 -44.408221 -2.506250


-8.695316 -44.408221 -2.506250 
-6.832034 -45.960956 -2.506250 
-6.828929 -47.824238 -5.625000 
-8.695316 -44.408221 -2.506250


-7.763675 -43.476580 -3.131250 
-5.279299 -46.271503 -2.506250 
-6.832034 -45.960956 -2.506250 
-7.763675 -43.476580 -3.131250


-6.832034 -45.960956 -2.506250 
-5.279299 -46.271503 -2.506250 
-4.347658 -49.066426 -2.506250 
-6.832034 -45.960956 -2.506250


-6.832034 -45.960956 -2.506250 
-4.347658 -49.066426 -2.506250 
-6.828929 -47.824238 -5.625000 
-6.832034 -45.960956 -2.506250


-4.347658 -49.066426 -2.506250 
-2.794923 -49.066426 -2.506250 
-5.900393 -49.994962 -5.000000 
-4.347658 -49.066426 -2.506250


-26.399600 -41.302751 -1.250000 
-25.778506 -39.128922 -2.500000 
-24.225771 -40.681657 -5.625000 
-26.399600 -41.302751 -1.250000


-22.359384 -30.123059 0.006250 
-25.157412 -27.949230 -3.750000 
-25.157412 -31.675794 -3.750000 
-22.359384 -30.123059 0.006250


-21.117196 -46.271503 0.006250 
-22.048837 -48.445332 -6.243750 
-19.253914 -49.376973 -3.743750 
-21.117196 -46.271503 0.006250


-16.769538 -19.564461 -2.493750 
-21.738290 -21.424638 -3.750000 
-20.806649 -21.738290 -1.868750 
-16.769538 -19.564461 -2.493750


-13.353521 -19.253914 -2.493750 
-10.869145 -22.980478 -1.243750 
-10.869145 -18.943367 -4.993750 
-13.353521 -19.253914 -2.493750


-10.869145 -18.943367 -4.993750 
-10.869145 -22.980478 -1.243750 
-10.866040 -42.544939 -6.250000 
-10.869145 -18.943367 -4.993750


-6.832034 -42.544939 0.631250 
-7.763675 -43.476580 -3.131250 
-9.316410 -41.613298 -3.131250 
-6.832034 -42.544939 0.631250


-5.279299 -46.271503 -2.506250 
-2.794923 -49.066426 -2.506250 
-4.347658 -49.066426 -2.506250 
-5.279299 -46.271503 -2.506250


-2.484376 -50.929708 0.631250 
-4.658205 -52.485548 -3.750000 
-1.552735 -52.175001 -1.875000 
-2.484376 -50.929708 0.631250


-26.399600 -41.302751 -1.250000 
-24.225771 -40.681657 -5.625000 
-25.778506 -43.476580 -2.500000 
-26.399600 -41.302751 -1.250000


-22.980478 -33.539076 0.631250 
-25.157412 -31.675794 -3.750000 
-25.778506 -34.781264 -2.500000 
-22.980478 -33.539076 0.631250


-22.359384 -30.123059 0.006250 
-23.291025 -26.085948 -1.868750 
-25.157412 -27.949230 -3.750000 
-22.359384 -30.123059 0.006250


-22.669931 -23.912119 -1.868750 
-20.806649 -21.738290 -1.868750 
-23.294130 -24.222666 -3.750000 
-22.669931 -23.912119 -1.868750


-16.148444 -20.496102 -1.868750 
-13.353521 -19.253914 -2.493750 
-16.769538 -19.564461 -2.493750 
-16.148444 -20.496102 -1.868750


-13.353521 -20.806649 -1.243750 
-13.353521 -19.253914 -2.493750 
-16.148444 -20.496102 -1.868750 
-13.353521 -20.806649 -1.243750


-8.384769 -50.929708 -2.493750 
-13.974615 -49.998067 0.006250 
-9.316410 -52.482443 -5.618750 
-8.384769 -50.929708 -2.493750


-10.866040 -39.750016 -3.125000 
-9.005863 -40.060563 1.256250 
-9.316410 -41.613298 -3.131250 
-10.866040 -39.750016 -3.125000


-7.763675 -43.476580 -3.131250 
-4.344553 -45.339862 0.625000 
-5.279299 -46.271503 -2.506250 
-7.763675 -43.476580 -3.131250


-25.464854 -40.681657 -0.618750 
-25.778506 -39.128922 -2.500000 
-26.399600 -41.302751 -1.250000 
-25.464854 -40.681657 -0.618750


-25.464854 -40.681657 -0.618750 
-26.089053 -36.644546 -2.500000 
-25.778506 -39.128922 -2.500000 
-25.464854 -40.681657 -0.618750


-24.222666 -37.576187 0.006250 
-25.778506 -34.781264 -2.500000 
-26.089053 -36.644546 -2.500000 
-24.222666 -37.576187 0.006250


-23.912119 -30.744153 -0.618750 
-25.157412 -31.675794 -3.750000 
-22.980478 -33.539076 0.631250 
-23.912119 -30.744153 -0.618750


-22.359384 -30.123059 0.006250 
-25.157412 -31.675794 -3.750000 
-23.912119 -30.744153 -0.618750 
-22.359384 -30.123059 0.006250


-22.359384 -27.638683 0.006250 
-23.291025 -26.085948 -1.868750 
-22.359384 -30.123059 0.006250 
-22.359384 -27.638683 0.006250


-22.669931 -23.912119 -1.868750 
-23.294130 -24.222666 -3.750000 
-23.291025 -26.085948 -1.868750 
-22.669931 -23.912119 -1.868750


-18.011726 -48.445332 0.006250 
-21.117196 -46.271503 0.006250 
-19.253914 -49.376973 -3.743750 
-18.011726 -48.445332 0.006250


-16.769538 -19.564461 -2.493750 
-20.806649 -21.738290 -1.868750 
-16.148444 -20.496102 -1.868750 
-16.769538 -19.564461 -2.493750


-13.974615 -49.998067 0.006250 
-18.011726 -50.001172 -4.375000 
-15.527350 -52.171896 -6.868750 
-13.974615 -49.998067 0.006250


-10.869145 -22.980478 -1.243750 
-13.353521 -19.253914 -2.493750 
-13.353521 -20.806649 -1.243750 
-10.869145 -22.980478 -1.243750


-9.934399 -38.507828 1.875000 
-9.005863 -40.060563 1.256250 
-10.866040 -39.750016 -3.125000 
-9.934399 -38.507828 1.875000


-9.316410 -41.613298 -3.131250 
-9.005863 -40.060563 1.256250 
-6.832034 -42.544939 0.631250 
-9.316410 -41.613298 -3.131250


-5.279299 -46.271503 -2.506250 
-1.863282 -47.821133 1.250000 
-2.794923 -49.066426 -2.506250 
-5.279299 -46.271503 -2.506250


0.621094 -50.619161 0.631250 
-1.552735 -52.175001 -1.875000 
0.621094 -52.175001 -4.375000 
0.621094 -50.619161 0.631250


-22.980478 -33.539076 0.631250 
-25.778506 -34.781264 -2.500000 
-24.222666 -37.576187 0.006250 
-22.980478 -33.539076 0.631250


-23.291025 -26.085948 -1.868750 
-20.806649 -21.738290 -1.868750 
-22.669931 -23.912119 -1.868750 
-23.291025 -26.085948 -1.868750


-18.322273 -22.669931 0.006250 
-20.806649 -21.738290 -1.868750 
-23.291025 -26.085948 -1.868750 
-18.322273 -22.669931 0.006250


-16.148444 -20.496102 -1.868750 
-20.806649 -21.738290 -1.868750 
-18.322273 -22.669931 0.006250 
-16.148444 -20.496102 -1.868750


-13.974615 -49.998067 0.006250 
-18.011726 -48.445332 0.006250 
-18.011726 -50.001172 -4.375000 
-13.974615 -49.998067 0.006250


-13.353521 -20.806649 -1.243750 
-16.148444 -20.496102 -1.868750 
-14.595709 -22.359384 -0.618750 
-13.353521 -20.806649 -1.243750


-13.353521 -20.806649 -1.243750 
-13.042974 -22.980478 1.256250 
-10.869145 -22.980478 -1.243750 
-13.353521 -20.806649 -1.243750


-8.384769 -49.687520 0.631250 
-13.974615 -49.998067 0.006250 
-8.384769 -50.929708 -2.493750 
-8.384769 -49.687520 0.631250


-9.934399 -38.507828 1.875000 
-10.866040 -39.750016 -3.125000 
-10.869145 -35.402358 2.506250 
-9.934399 -38.507828 1.875000


-10.866040 -42.544939 -6.250000 
-10.869145 -27.638683 2.506250 
-10.869145 -35.402358 2.506250 
-10.866040 -42.544939 -6.250000


-8.384769 -50.929708 -2.493750 
-4.658205 -52.485548 -3.750000 
-5.589846 -48.755879 2.506250 
-8.384769 -50.929708 -2.493750


-5.589846 -48.755879 2.506250 
-6.832034 -49.066426 1.881250 
-8.384769 -50.929708 -2.493750 
-5.589846 -48.755879 2.506250


-6.832034 -42.544939 0.631250 
-4.344553 -45.339862 0.625000 
-7.763675 -43.476580 -3.131250 
-6.832034 -42.544939 0.631250


-1.242188 -50.926603 -5.000000 
0.621094 -50.619161 0.631250 
0.621094 -52.175001 -4.375000 
-1.242188 -50.926603 -5.000000


-26.399600 -41.302751 -1.250000 
-25.778506 -43.476580 -2.500000 
-24.533213 -43.166033 0.006250 
-26.399600 -41.302751 -1.250000


-24.222666 -37.576187 0.006250 
-26.089053 -36.644546 -2.500000 
-25.464854 -40.681657 -0.618750 
-24.222666 -37.576187 0.006250


-21.117196 -46.271503 0.006250 
-24.533213 -43.166033 0.006250 
-25.778506 -43.476580 -2.500000 
-21.117196 -46.271503 0.006250


-18.322273 -22.669931 0.006250 
-23.291025 -26.085948 -1.868750 
-22.359384 -27.638683 0.006250 
-18.322273 -22.669931 0.006250


-16.458991 -46.892597 -0.618750 
-18.943367 -45.342967 0.000000 
-18.011726 -48.445332 0.006250 
-16.458991 -46.892597 -0.618750


-16.458991 -46.892597 -0.618750 
-18.011726 -48.445332 0.006250 
-13.353521 -49.069531 0.000000 
-16.458991 -46.892597 -0.618750


-18.322273 -22.669931 0.006250 
-14.595709 -22.359384 -0.618750 
-16.148444 -20.496102 -1.868750 
-18.322273 -22.669931 0.006250


-13.353521 -20.806649 -1.243750 
-14.595709 -22.359384 -0.618750 
-13.042974 -22.980478 1.256250 
-13.353521 -20.806649 -1.243750


-11.179692 -48.134785 0.006250 
-16.458991 -46.892597 -0.618750 
-13.353521 -49.069531 0.000000 
-11.179692 -48.134785 0.006250


-13.042974 -22.980478 1.256250 
-14.285162 -24.222666 1.881250 
-10.869145 -22.980478 -1.243750 
-13.042974 -22.980478 1.256250


-10.866040 -25.464854 0.625000 
-10.866040 -42.544939 -6.250000 
-10.869145 -22.980478 -1.243750 
-10.866040 -25.464854 0.625000


-2.484376 -50.929708 0.631250 
-1.552735 -52.175001 -1.875000 
0.621094 -50.619161 0.631250 
-2.484376 -50.929708 0.631250


-0.617989 -48.755879 1.875000 
0.621094 -50.619161 0.631250 
-1.242188 -50.926603 -5.000000 
-0.617989 -48.755879 1.875000


-24.533213 -43.166033 0.006250 
-25.464854 -40.681657 -0.618750 
-26.399600 -41.302751 -1.250000 
-24.533213 -43.166033 0.006250


-24.533213 -43.166033 0.006250 
-24.222666 -37.576187 0.006250 
-25.464854 -40.681657 -0.618750 
-24.533213 -43.166033 0.006250


-23.601572 -36.644546 0.631250 
-22.980478 -33.539076 0.631250 
-24.222666 -37.576187 0.006250 
-23.601572 -36.644546 0.631250


-24.222666 -37.576187 0.006250 
-24.533213 -43.166033 0.006250 
-22.669931 -42.234392 0.631250 
-24.222666 -37.576187 0.006250


-22.359384 -31.675794 1.256250 
-22.359384 -30.123059 0.006250 
-23.912119 -30.744153 -0.618750 
-22.359384 -31.675794 1.256250


-20.496102 -43.787127 0.006250 
-24.533213 -43.166033 0.006250 
-21.117196 -46.271503 0.006250 
-20.496102 -43.787127 0.006250


-20.496102 -43.787127 0.006250 
-22.669931 -42.234392 0.631250 
-24.533213 -43.166033 0.006250 
-20.496102 -43.787127 0.006250


-19.564461 -26.085948 1.256250 
-22.359384 -27.638683 0.006250 
-22.359384 -30.123059 0.006250 
-19.564461 -26.085948 1.256250


-20.496102 -28.570324 1.256250 
-19.564461 -26.085948 1.256250 
-22.359384 -30.123059 0.006250 
-20.496102 -28.570324 1.256250


-20.496102 -43.787127 0.006250 
-21.117196 -46.271503 0.006250 
-18.011726 -48.445332 0.006250 
-20.496102 -43.787127 0.006250


-18.943367 -25.464854 0.006250 
-22.359384 -27.638683 0.006250 
-19.564461 -26.085948 1.256250 
-18.943367 -25.464854 0.006250


-18.322273 -22.669931 0.006250 
-22.359384 -27.638683 0.006250 
-18.943367 -25.464854 0.006250 
-18.322273 -22.669931 0.006250


-18.943367 -45.342967 0.000000 
-20.496102 -43.787127 0.006250 
-18.011726 -48.445332 0.006250 
-18.943367 -45.342967 0.000000


-12.732427 -44.097674 1.256250 
-16.458991 -44.718768 1.256250 
-18.943367 -45.342967 0.000000 
-12.732427 -44.097674 1.256250


-15.837897 -23.287920 1.250000 
-14.595709 -23.912119 0.631250 
-18.943367 -25.464854 0.006250 
-15.837897 -23.287920 1.250000


-14.595709 -23.912119 0.631250 
-18.322273 -22.669931 0.006250 
-18.943367 -25.464854 0.006250 
-14.595709 -23.912119 0.631250


-14.595709 -23.912119 0.631250 
-14.595709 -22.359384 -0.618750 
-18.322273 -22.669931 0.006250 
-14.595709 -23.912119 0.631250


-13.042974 -22.980478 1.256250 
-14.595709 -22.359384 -0.618750 
-14.595709 -23.912119 0.631250 
-13.042974 -22.980478 1.256250


-13.353521 -49.069531 0.000000 
-18.011726 -48.445332 0.006250 
-13.974615 -49.998067 0.006250 
-13.353521 -49.069531 0.000000


-11.179692 -48.134785 0.006250 
-18.943367 -45.342967 0.000000 
-16.458991 -46.892597 -0.618750 
-11.179692 -48.134785 0.006250


-11.179692 -48.134785 0.006250 
-12.732427 -44.097674 1.256250 
-18.943367 -45.342967 0.000000 
-11.179692 -48.134785 0.006250


-11.800786 -43.166033 0.631250 
-12.732427 -44.097674 1.256250 
-11.179692 -48.134785 0.006250 
-11.800786 -43.166033 0.631250


-11.179692 -48.134785 0.006250 
-13.353521 -49.069531 0.000000 
-8.384769 -49.687520 0.631250 
-11.179692 -48.134785 0.006250


-8.384769 -49.687520 0.631250 
-13.353521 -49.069531 0.000000 
-13.974615 -49.998067 0.006250 
-8.384769 -49.687520 0.631250


-14.285162 -24.222666 1.881250 
-10.866040 -25.464854 0.625000 
-10.869145 -22.980478 -1.243750 
-14.285162 -24.222666 1.881250


-9.937504 -44.097674 0.631250 
-11.179692 -48.134785 0.006250 
-9.005863 -45.960956 0.631250 
-9.937504 -44.097674 0.631250


-9.937504 -44.097674 0.631250 
-11.800786 -43.166033 0.631250 
-11.179692 -48.134785 0.006250 
-9.937504 -44.097674 0.631250


-10.866040 -25.464854 0.625000 
-10.869145 -27.638683 2.506250 
-10.866040 -42.544939 -6.250000 
-10.866040 -25.464854 0.625000


-6.832034 -42.544939 0.631250 
-5.589846 -45.339862 1.256250 
-4.344553 -45.339862 0.625000 
-6.832034 -42.544939 0.631250


-4.344553 -45.339862 0.625000 
-1.863282 -47.821133 1.250000 
-5.279299 -46.271503 -2.506250 
-4.344553 -45.339862 0.625000


-2.794923 -49.066426 -2.506250 
-0.617989 -48.755879 1.875000 
-1.242188 -50.926603 -5.000000 
-2.794923 -49.066426 -2.506250


-1.863282 -47.821133 1.250000 
-0.617989 -48.755879 1.875000 
-2.794923 -49.066426 -2.506250 
-1.863282 -47.821133 1.250000


-21.738290 -39.750016 1.256250 
-24.222666 -37.576187 0.006250 
-22.669931 -42.234392 0.631250 
-21.738290 -39.750016 1.256250


-21.738290 -39.750016 1.256250 
-23.601572 -36.644546 0.631250 
-24.222666 -37.576187 0.006250 
-21.738290 -39.750016 1.256250


-22.980478 -33.539076 0.631250 
-22.359384 -31.675794 1.256250 
-23.912119 -30.744153 -0.618750 
-22.980478 -33.539076 0.631250


-21.427743 -36.023452 1.881250 
-22.980478 -33.539076 0.631250 
-23.601572 -36.644546 0.631250 
-21.427743 -36.023452 1.881250


-22.359384 -31.675794 1.256250 
-22.980478 -33.539076 0.631250 
-21.427743 -36.023452 1.881250 
-22.359384 -31.675794 1.256250


-21.738290 -39.750016 1.256250 
-22.669931 -42.234392 0.631250 
-20.496102 -43.787127 0.006250 
-21.738290 -39.750016 1.256250


-20.496102 -40.681657 0.631250 
-21.738290 -39.750016 1.256250 
-20.496102 -43.787127 0.006250 
-20.496102 -40.681657 0.631250


-20.496102 -40.681657 0.631250 
-20.496102 -43.787127 0.006250 
-18.943367 -45.342967 0.000000 
-20.496102 -40.681657 0.631250


-18.322273 -41.923845 1.256250 
-20.496102 -40.681657 0.631250 
-18.943367 -45.342967 0.000000 
-18.322273 -41.923845 1.256250


-19.564461 -26.085948 1.256250 
-15.837897 -23.287920 1.250000 
-18.943367 -25.464854 0.006250 
-19.564461 -26.085948 1.256250


-10.869145 -41.302751 0.631250 
-11.800786 -43.166033 0.631250 
-9.937504 -44.097674 0.631250 
-10.869145 -41.302751 0.631250


-7.142581 -47.824238 0.631250 
-9.005863 -45.960956 0.631250 
-11.179692 -48.134785 0.006250 
-7.142581 -47.824238 0.631250


-7.142581 -47.824238 0.631250 
-11.179692 -48.134785 0.006250 
-8.384769 -49.687520 0.631250 
-7.142581 -47.824238 0.631250


-9.005863 -45.960956 0.631250 
-9.005863 -40.060563 1.256250 
-9.937504 -44.097674 0.631250 
-9.005863 -45.960956 0.631250


-6.832034 -42.544939 0.631250 
-9.005863 -40.060563 1.256250 
-9.005863 -45.960956 0.631250 
-6.832034 -42.544939 0.631250


-7.763675 -45.960956 1.256250 
-9.005863 -45.960956 0.631250 
-7.142581 -47.824238 0.631250 
-7.763675 -45.960956 1.256250


-7.142581 -47.824238 0.631250 
-8.384769 -49.687520 0.631250 
-6.832034 -49.066426 1.881250 
-7.142581 -47.824238 0.631250


-7.763675 -45.960956 1.256250 
-6.832034 -42.544939 0.631250 
-9.005863 -45.960956 0.631250 
-7.763675 -45.960956 1.256250


-5.589846 -45.339862 1.256250 
-6.832034 -42.544939 0.631250 
-7.763675 -45.960956 1.256250 
-5.589846 -45.339862 1.256250


-5.589846 -48.755879 2.506250 
-4.658205 -52.485548 -3.750000 
-2.484376 -50.929708 0.631250 
-5.589846 -48.755879 2.506250


-21.427743 -36.023452 1.881250 
-23.601572 -36.644546 0.631250 
-21.738290 -39.750016 1.256250 
-21.427743 -36.023452 1.881250


-20.496102 -28.570324 1.256250 
-22.359384 -30.123059 0.006250 
-22.359384 -31.675794 1.256250 
-20.496102 -28.570324 1.256250


-20.496102 -28.570324 1.256250 
-22.359384 -31.675794 1.256250 
-21.427743 -36.023452 1.881250 
-20.496102 -28.570324 1.256250


-20.806649 -34.781264 2.506250 
-20.496102 -28.570324 1.256250 
-21.427743 -36.023452 1.881250 
-20.806649 -34.781264 2.506250


-19.564461 -31.675794 2.506250 
-20.496102 -28.570324 1.256250 
-20.806649 -34.781264 2.506250 
-19.564461 -31.675794 2.506250


-18.322273 -41.923845 1.256250 
-20.185555 -38.818375 1.256250 
-20.496102 -40.681657 0.631250 
-18.322273 -41.923845 1.256250


-18.322273 -27.017589 2.506250 
-19.564461 -26.085948 1.256250 
-20.496102 -28.570324 1.256250 
-18.322273 -27.017589 2.506250


-18.322273 -41.923845 1.256250 
-18.943367 -45.342967 0.000000 
-16.458991 -44.718768 1.256250 
-18.322273 -41.923845 1.256250


-17.080085 -40.060563 2.506250 
-20.185555 -38.818375 1.256250 
-18.322273 -41.923845 1.256250 
-17.080085 -40.060563 2.506250


-14.595709 -38.197281 2.506250 
-17.701179 -37.579292 2.500000 
-20.185555 -38.818375 1.256250 
-14.595709 -38.197281 2.506250


-15.837897 -25.464854 2.506250 
-19.564461 -26.085948 1.256250 
-18.322273 -27.017589 2.506250 
-15.837897 -25.464854 2.506250


-15.837897 -25.464854 2.506250 
-15.837897 -23.287920 1.250000 
-19.564461 -26.085948 1.256250 
-15.837897 -25.464854 2.506250


-17.080085 -40.060563 2.506250 
-14.595709 -38.197281 2.506250 
-20.185555 -38.818375 1.256250 
-17.080085 -40.060563 2.506250


-12.732427 -44.097674 1.256250 
-18.322273 -41.923845 1.256250 
-16.458991 -44.718768 1.256250 
-12.732427 -44.097674 1.256250


-13.974615 -42.544939 1.256250 
-18.322273 -41.923845 1.256250 
-12.732427 -44.097674 1.256250 
-13.974615 -42.544939 1.256250


-13.974615 -42.544939 1.256250 
-15.837897 -42.855486 2.506250 
-18.322273 -41.923845 1.256250 
-13.974615 -42.544939 1.256250


-15.837897 -23.287920 1.250000 
-14.285162 -24.222666 1.881250 
-14.595709 -23.912119 0.631250 
-15.837897 -23.287920 1.250000


-13.042974 -22.980478 1.256250 
-14.595709 -23.912119 0.631250 
-14.285162 -24.222666 1.881250 
-13.042974 -22.980478 1.256250


-10.869145 -41.302751 0.631250 
-13.974615 -42.544939 1.256250 
-12.732427 -44.097674 1.256250 
-10.869145 -41.302751 0.631250


-11.800786 -39.439469 1.881250 
-13.974615 -42.544939 1.256250 
-10.869145 -41.302751 0.631250 
-11.800786 -39.439469 1.881250


-13.042974 -25.464854 2.506250 
-10.866040 -25.464854 0.625000 
-14.285162 -24.222666 1.881250 
-13.042974 -25.464854 2.506250


-10.869145 -41.302751 0.631250 
-12.732427 -44.097674 1.256250 
-11.800786 -43.166033 0.631250 
-10.869145 -41.302751 0.631250


-9.005863 -40.060563 1.256250 
-9.934399 -38.507828 1.875000 
-10.869145 -41.302751 0.631250 
-9.005863 -40.060563 1.256250


-9.005863 -40.060563 1.256250 
-10.869145 -41.302751 0.631250 
-9.937504 -44.097674 0.631250 
-9.005863 -40.060563 1.256250


-6.832034 -49.066426 1.881250 
-8.384769 -49.687520 0.631250 
-8.384769 -50.929708 -2.493750 
-6.832034 -49.066426 1.881250


-7.763675 -45.960956 1.256250 
-7.142581 -47.824238 0.631250 
-6.832034 -49.066426 1.881250 
-7.763675 -45.960956 1.256250


-5.589846 -45.339862 1.256250 
-7.763675 -45.960956 1.256250 
-6.832034 -49.066426 1.881250 
-5.589846 -45.339862 1.256250


-5.589846 -45.339862 1.256250 
-4.037111 -46.268398 2.500000 
-4.344553 -45.339862 0.625000 
-5.589846 -45.339862 1.256250


0.621094 -50.619161 0.631250 
-0.931641 -49.687520 2.506250 
-2.484376 -50.929708 0.631250 
0.621094 -50.619161 0.631250


-0.931641 -49.687520 2.506250 
0.621094 -50.619161 0.631250 
-0.617989 -48.755879 1.875000 
-0.931641 -49.687520 2.506250


-20.496102 -40.681657 0.631250 
-21.427743 -36.023452 1.881250 
-21.738290 -39.750016 1.256250 
-20.496102 -40.681657 0.631250


-20.185555 -38.818375 1.256250 
-21.427743 -36.023452 1.881250 
-20.496102 -40.681657 0.631250 
-20.185555 -38.818375 1.256250


-18.322273 -27.017589 2.506250 
-20.496102 -28.570324 1.256250 
-19.564461 -31.675794 2.506250 
-18.322273 -27.017589 2.506250


-15.837897 -23.287920 1.250000 
-15.837897 -25.464854 2.506250 
-15.527350 -27.017589 2.506250 
-15.837897 -23.287920 1.250000


-14.285162 -24.222666 1.881250 
-15.837897 -23.287920 1.250000 
-15.527350 -27.017589 2.506250 
-14.285162 -24.222666 1.881250


-13.042974 -25.464854 2.506250 
-14.285162 -24.222666 1.881250 
-15.527350 -27.017589 2.506250 
-13.042974 -25.464854 2.506250


-13.042974 -25.464854 2.506250 
-10.869145 -27.638683 2.506250 
-10.866040 -25.464854 0.625000 
-13.042974 -25.464854 2.506250


-9.934399 -38.507828 1.875000 
-11.800786 -37.265640 2.506250 
-11.800786 -39.439469 1.881250 
-9.934399 -38.507828 1.875000


-9.934399 -38.507828 1.875000 
-11.800786 -39.439469 1.881250 
-10.869145 -41.302751 0.631250 
-9.934399 -38.507828 1.875000


-5.589846 -48.755879 2.506250 
-5.589846 -45.339862 1.256250 
-6.832034 -49.066426 1.881250 
-5.589846 -48.755879 2.506250


-2.484376 -50.929708 0.631250 
-3.726564 -48.755879 3.756250 
-5.589846 -48.755879 2.506250 
-2.484376 -50.929708 0.631250


-2.484376 -48.445332 4.381250 
-1.863282 -47.821133 1.250000 
-4.344553 -45.339862 0.625000 
-2.484376 -48.445332 4.381250


-2.484376 -48.445332 4.381250 
-0.617989 -48.755879 1.875000 
-1.863282 -47.821133 1.250000 
-2.484376 -48.445332 4.381250


-20.806649 -34.781264 2.506250 
-21.427743 -36.023452 1.881250 
-20.185555 -38.818375 1.256250 
-20.806649 -34.781264 2.506250


-17.701179 -37.579292 2.500000 
-20.806649 -34.781264 2.506250 
-20.185555 -38.818375 1.256250 
-17.701179 -37.579292 2.500000


-15.837897 -33.228529 2.506250 
-18.322273 -27.017589 2.506250 
-19.564461 -31.675794 2.506250 
-15.837897 -33.228529 2.506250


-19.564461 -31.675794 2.506250 
-20.806649 -34.781264 2.506250 
-17.701179 -37.579292 2.500000 
-19.564461 -31.675794 2.506250


-15.837897 -33.228529 2.506250 
-19.564461 -31.675794 2.506250 
-17.701179 -37.579292 2.500000 
-15.837897 -33.228529 2.506250


-14.595709 -38.197281 2.506250 
-15.837897 -33.228529 2.506250 
-17.701179 -37.579292 2.500000 
-14.595709 -38.197281 2.506250


-15.837897 -42.855486 2.506250 
-17.080085 -40.060563 2.506250 
-18.322273 -41.923845 1.256250 
-15.837897 -42.855486 2.506250


-15.527350 -27.017589 2.506250 
-15.837897 -25.464854 2.506250 
-18.322273 -27.017589 2.506250 
-15.527350 -27.017589 2.506250


-15.841002 -30.744153 3.125000 
-18.322273 -27.017589 2.506250 
-15.837897 -33.228529 2.506250 
-15.841002 -30.744153 3.125000


-15.527350 -27.017589 2.506250 
-18.322273 -27.017589 2.506250 
-15.841002 -30.744153 3.125000 
-15.527350 -27.017589 2.506250


-14.595709 -38.197281 2.506250 
-17.080085 -40.060563 2.506250 
-11.800786 -39.439469 1.881250 
-14.595709 -38.197281 2.506250


-15.837897 -33.228529 2.506250 
-14.595709 -38.197281 2.506250 
-11.800786 -37.265640 2.506250 
-15.837897 -33.228529 2.506250


-13.974615 -42.544939 1.256250 
-17.080085 -40.060563 2.506250 
-15.837897 -42.855486 2.506250 
-13.974615 -42.544939 1.256250


-11.800786 -39.439469 1.881250 
-17.080085 -40.060563 2.506250 
-13.974615 -42.544939 1.256250 
-11.800786 -39.439469 1.881250


-11.800786 -37.265640 2.506250 
-14.595709 -38.197281 2.506250 
-11.800786 -39.439469 1.881250 
-11.800786 -37.265640 2.506250


-11.490239 -34.470717 3.131250 
-11.800786 -37.265640 2.506250 
-10.869145 -35.402358 2.506250 
-11.490239 -34.470717 3.131250


-9.934399 -38.507828 1.875000 
-10.869145 -35.402358 2.506250 
-11.800786 -37.265640 2.506250 
-9.934399 -38.507828 1.875000


-11.800786 -31.365247 3.131250 
-11.490239 -34.470717 3.131250 
-10.869145 -35.402358 2.506250 
-11.800786 -31.365247 3.131250


-10.869145 -27.638683 2.506250 
-11.800786 -31.365247 3.131250 
-10.869145 -35.402358 2.506250 
-10.869145 -27.638683 2.506250


-11.797681 -28.880871 3.125000 
-11.800786 -31.365247 3.131250 
-10.869145 -27.638683 2.506250 
-11.797681 -28.880871 3.125000


-4.037111 -46.268398 2.500000 
-5.589846 -45.339862 1.256250 
-5.589846 -48.755879 2.506250 
-4.037111 -46.268398 2.500000


-4.037111 -46.268398 2.500000 
-5.589846 -48.755879 2.506250 
-3.726564 -48.755879 3.756250 
-4.037111 -46.268398 2.500000


-4.037111 -46.268398 2.500000 
-2.484376 -48.445332 4.381250 
-4.344553 -45.339862 0.625000 
-4.037111 -46.268398 2.500000


-2.484376 -48.445332 4.381250 
-3.726564 -48.755879 3.756250 
-2.484376 -50.929708 0.631250 
-2.484376 -48.445332 4.381250


-2.484376 -48.445332 4.381250 
-2.484376 -50.929708 0.631250 
-0.931641 -49.687520 2.506250 
-2.484376 -48.445332 4.381250


-0.617989 -48.755879 1.875000 
-2.484376 -48.445332 4.381250 
-0.931641 -49.687520 2.506250 
-0.617989 -48.755879 1.875000


-15.527350 -27.017589 2.506250 
-15.841002 -30.744153 3.125000 
-13.974615 -30.744153 3.756250 
-15.527350 -27.017589 2.506250


-11.490239 -34.470717 3.131250 
-15.841002 -30.744153 3.125000 
-11.800786 -37.265640 2.506250 
-11.490239 -34.470717 3.131250


-13.974615 -30.744153 3.756250 
-15.841002 -30.744153 3.125000 
-11.490239 -34.470717 3.131250 
-13.974615 -30.744153 3.756250


-15.841002 -30.744153 3.125000 
-15.837897 -33.228529 2.506250 
-11.800786 -37.265640 2.506250 
-15.841002 -30.744153 3.125000


-11.797681 -28.880871 3.125000 
-15.527350 -27.017589 2.506250 
-13.974615 -30.744153 3.756250 
-11.797681 -28.880871 3.125000


-11.797681 -28.880871 3.125000 
-13.042974 -25.464854 2.506250 
-15.527350 -27.017589 2.506250 
-11.797681 -28.880871 3.125000


-10.869145 -27.638683 2.506250 
-13.042974 -25.464854 2.506250 
-11.797681 -28.880871 3.125000 
-10.869145 -27.638683 2.506250


-2.484376 -48.445332 4.381250 
-4.037111 -46.268398 2.500000 
-3.726564 -48.755879 3.756250 
-2.484376 -48.445332 4.381250


-0.617989 -48.755879 1.875000 
-0.621094 -49.069531 4.375000 
-2.484376 -48.445332 4.381250 
-0.617989 -48.755879 1.875000


-13.974615 -30.744153 3.756250 
-11.800786 -31.365247 3.131250 
-11.797681 -28.880871 3.125000 
-13.974615 -30.744153 3.756250


-11.490239 -34.470717 3.131250 
-11.800786 -31.365247 3.131250 
-13.974615 -30.744153 3.756250 
-11.490239 -34.470717 3.131250


-2.484376 -48.445332 4.381250 
-0.621094 -49.069531 4.375000 
-0.617989 -48.755879 1.875000 
-2.484376 -48.445332 4.381250


-2.484376 -48.445332 4.381250 
0.621094 -46.889492 5.625000 
-0.621094 -49.069531 4.375000 
-2.484376 -48.445332 4.381250


0.621094 -46.889492 5.625000 
1.242188 -49.066426 4.368750 
-0.621094 -49.069531 4.375000 
0.621094 -46.889492 5.625000


0.310547 -48.134785 6.256250 
-0.621094 -49.069531 4.375000 
1.242188 -49.066426 4.368750 
0.310547 -48.134785 6.256250


0.621094 -46.889492 5.625000 
3.416017 -49.690625 5.625000 
1.242188 -49.066426 4.368750 
0.621094 -46.889492 5.625000


5.589846 -48.131680 6.875000 
7.456233 -49.066426 6.250000 
3.416017 -49.690625 5.625000 
5.589846 -48.131680 6.875000


0.310547 -48.134785 6.256250 
0.621094 -46.889492 5.625000 
-2.484376 -48.445332 4.381250 
0.310547 -48.134785 6.256250


-2.484376 -48.445332 4.381250 
-0.621094 -49.069531 4.375000 
0.310547 -48.134785 6.256250 
-2.484376 -48.445332 4.381250


0.621094 -46.889492 5.625000 
3.726564 -47.200039 6.875000 
3.416017 -49.690625 5.625000 
0.621094 -46.889492 5.625000


3.416017 -49.690625 5.625000 
0.310547 -48.134785 6.256250 
1.242188 -49.066426 4.368750 
3.416017 -49.690625 5.625000


3.105470 -47.824238 8.756250 
0.310547 -48.134785 6.256250 
3.416017 -49.690625 5.625000 
3.105470 -47.824238 8.756250


0.310547 -48.134785 6.256250 
3.726564 -47.200039 6.875000 
0.621094 -46.889492 5.625000 
0.310547 -48.134785 6.256250


3.416017 -49.690625 5.625000 
3.726564 -47.200039 6.875000 
5.589846 -48.131680 6.875000 
3.416017 -49.690625 5.625000


3.726564 -47.200039 6.875000 
0.310547 -48.134785 6.256250 
3.105470 -47.824238 8.756250 
3.726564 -47.200039 6.875000


3.105470 -47.824238 8.756250 
5.589846 -48.131680 6.875000 
3.726564 -47.200039 6.875000 
3.105470 -47.824238 8.756250


3.105470 -47.824238 8.756250 
3.416017 -49.690625 5.625000 
7.456233 -49.066426 6.250000 
3.105470 -47.824238 8.756250


3.105470 -47.824238 8.756250 
7.456233 -49.066426 6.250000 
5.589846 -48.131680 6.875000 
3.105470 -47.824238 8.756250


