1008

-47.516796 -33.849623 -71.250000 
-46.582050 -34.160170 -73.131250 
-47.827343 -36.023452 -73.125000 
-47.516796 -33.849623 -71.250000


-46.274608 -38.197281 -70.000000 
-47.827343 -36.023452 -73.125000 
-47.203144 -37.576187 -73.756250 
-46.274608 -38.197281 -70.000000


-46.582050 -34.160170 -73.131250 
-47.203144 -37.576187 -73.756250 
-47.827343 -36.023452 -73.125000 
-46.582050 -34.160170 -73.131250


-46.274608 -38.197281 -70.000000 
-47.203144 -37.576187 -73.756250 
-46.271503 -41.613298 -73.756250 
-46.274608 -38.197281 -70.000000


-46.582050 -34.160170 -73.131250 
-45.029315 -33.228529 -70.631250 
-47.203144 -37.576187 -73.756250 
-46.582050 -34.160170 -73.131250


-45.650409 -38.818375 -72.506250 
-45.650409 -42.544939 -72.506250 
-46.271503 -41.613298 -73.756250 
-45.650409 -38.818375 -72.506250


-47.203144 -37.576187 -73.756250 
-45.650409 -38.818375 -72.506250 
-46.271503 -41.613298 -73.756250 
-47.203144 -37.576187 -73.756250


-44.408221 -44.718768 -71.881250 
-45.650409 -42.544939 -72.506250 
-45.650409 -38.818375 -72.506250 
-44.408221 -44.718768 -71.881250


-43.787127 -40.681657 -69.381250 
-44.408221 -44.718768 -71.881250 
-45.650409 -38.818375 -72.506250 
-43.787127 -40.681657 -69.381250


-47.516796 -33.849623 -71.250000 
-45.029315 -33.228529 -70.631250 
-46.582050 -34.160170 -73.131250 
-47.516796 -33.849623 -71.250000


-44.097674 -37.886734 -68.756250 
-47.203144 -37.576187 -73.756250 
-45.029315 -33.228529 -70.631250 
-44.097674 -37.886734 -68.756250


-43.787127 -40.681657 -69.381250 
-41.613298 -43.166033 -66.881250 
-44.408221 -44.718768 -71.881250 
-43.787127 -40.681657 -69.381250


-43.166033 -46.582050 -70.631250 
-44.408221 -46.271503 -71.256250 
-44.408221 -44.718768 -71.881250 
-43.166033 -46.582050 -70.631250


-46.585155 -36.023452 -69.375000 
-47.827343 -36.023452 -73.125000 
-46.274608 -38.197281 -70.000000 
-46.585155 -36.023452 -69.375000


-46.585155 -36.023452 -69.375000 
-47.516796 -33.849623 -71.250000 
-47.827343 -36.023452 -73.125000 
-46.585155 -36.023452 -69.375000


-44.097674 -44.097674 -65.618750 
-45.650409 -42.544939 -72.506250 
-44.408221 -44.718768 -71.881250 
-44.097674 -44.097674 -65.618750


-47.203144 -37.576187 -73.756250 
-44.097674 -37.886734 -68.756250 
-45.650409 -38.818375 -72.506250 
-47.203144 -37.576187 -73.756250


-43.166033 -46.582050 -70.631250 
-42.234392 -49.998067 -70.006250 
-44.408221 -46.271503 -71.256250 
-43.166033 -46.582050 -70.631250


-43.166033 -46.582050 -70.631250 
-41.613298 -48.445332 -69.381250 
-42.234392 -49.998067 -70.006250 
-43.166033 -46.582050 -70.631250


-45.964061 -40.681657 -66.875000 
-46.271503 -41.613298 -73.756250 
-45.650409 -42.544939 -72.506250 
-45.964061 -40.681657 -66.875000


-45.964061 -40.681657 -66.875000 
-45.650409 -42.544939 -72.506250 
-44.097674 -44.097674 -65.618750 
-45.964061 -40.681657 -66.875000


-45.029315 -33.228529 -70.631250 
-44.097674 -32.917982 -68.756250 
-44.097674 -37.886734 -68.756250 
-45.029315 -33.228529 -70.631250


-41.923845 -49.376973 -67.493750 
-43.166033 -46.892597 -66.868750 
-44.408221 -46.271503 -71.256250 
-41.923845 -49.376973 -67.493750


-44.408221 -44.718768 -71.881250 
-41.613298 -45.960956 -67.506250 
-43.166033 -46.582050 -70.631250 
-44.408221 -44.718768 -71.881250


-41.923845 -49.376973 -67.493750 
-44.408221 -46.271503 -71.256250 
-42.234392 -49.998067 -70.006250 
-41.923845 -49.376973 -67.493750


-41.613298 -48.445332 -69.381250 
-41.305856 -51.861349 -69.375000 
-42.234392 -49.998067 -70.006250 
-41.613298 -48.445332 -69.381250


-46.274608 -37.265640 -65.000000 
-46.274608 -38.197281 -70.000000 
-46.271503 -41.613298 -73.756250 
-46.274608 -37.265640 -65.000000


-45.029315 -33.228529 -70.631250 
-47.516796 -33.849623 -71.250000 
-44.097674 -32.917982 -68.756250 
-45.029315 -33.228529 -70.631250


-44.097674 -44.097674 -65.618750 
-44.408221 -44.718768 -71.881250 
-44.408221 -46.271503 -71.256250 
-44.097674 -44.097674 -65.618750


-44.097674 -37.886734 -68.756250 
-43.787127 -40.681657 -69.381250 
-45.650409 -38.818375 -72.506250 
-44.097674 -37.886734 -68.756250


-44.408221 -44.718768 -71.881250 
-41.613298 -43.166033 -66.881250 
-41.613298 -45.960956 -67.506250 
-44.408221 -44.718768 -71.881250


-41.923845 -49.376973 -67.493750 
-42.234392 -49.998067 -70.006250 
-41.305856 -51.861349 -69.375000 
-41.923845 -49.376973 -67.493750


-43.166033 -46.582050 -70.631250 
-41.613298 -45.960956 -67.506250 
-41.613298 -48.445332 -69.381250 
-43.166033 -46.582050 -70.631250


-41.613298 -48.445332 -69.381250 
-40.371110 -50.929708 -68.756250 
-41.305856 -51.861349 -69.375000 
-41.613298 -48.445332 -69.381250


-40.371110 -50.929708 -68.756250 
-40.060563 -52.171896 -68.131250 
-41.305856 -51.861349 -69.375000 
-40.371110 -50.929708 -68.756250


-45.964061 -40.681657 -66.875000 
-46.274608 -37.265640 -65.000000 
-46.271503 -41.613298 -73.756250 
-45.964061 -40.681657 -66.875000


-46.892597 -32.604330 -66.250000 
-44.097674 -32.917982 -68.756250 
-47.516796 -33.849623 -71.250000 
-46.892597 -32.604330 -66.250000


-43.787127 -40.681657 -69.381250 
-42.234392 -40.992204 -66.881250 
-41.613298 -43.166033 -66.881250 
-43.787127 -40.681657 -69.381250


-36.644546 -57.140648 -68.131250 
-36.955093 -58.382836 -68.131250 
-37.886734 -54.345725 -68.131250 
-36.644546 -57.140648 -68.131250


-46.585155 -36.023452 -69.375000 
-46.892597 -32.604330 -66.250000 
-47.516796 -33.849623 -71.250000 
-46.585155 -36.023452 -69.375000


-43.166033 -45.339862 -65.618750 
-44.097674 -44.097674 -65.618750 
-44.408221 -46.271503 -71.256250 
-43.166033 -45.339862 -65.618750


-43.166033 -46.892597 -66.868750 
-43.166033 -45.339862 -65.618750 
-44.408221 -46.271503 -71.256250 
-43.166033 -46.892597 -66.868750


-44.097674 -37.886734 -68.756250 
-42.234392 -40.992204 -66.881250 
-43.787127 -40.681657 -69.381250 
-44.097674 -37.886734 -68.756250


-41.613298 -45.960956 -67.506250 
-40.371110 -47.513691 -66.881250 
-41.613298 -48.445332 -69.381250 
-41.613298 -45.960956 -67.506250


-41.613298 -48.445332 -69.381250 
-37.886734 -51.240255 -65.006250 
-40.371110 -50.929708 -68.756250 
-41.613298 -48.445332 -69.381250


-40.063668 -52.792990 -64.375000 
-40.060563 -52.171896 -68.131250 
-37.886734 -54.345725 -68.131250 
-40.063668 -52.792990 -64.375000


-38.510933 -56.519554 -66.250000 
-37.886734 -54.345725 -68.131250 
-36.955093 -58.382836 -68.131250 
-38.510933 -56.519554 -66.250000


-36.644546 -57.140648 -68.131250 
-34.781264 -60.556665 -66.881250 
-36.955093 -58.382836 -68.131250 
-36.644546 -57.140648 -68.131250


-46.274608 -37.265640 -65.000000 
-46.585155 -36.023452 -69.375000 
-46.274608 -38.197281 -70.000000 
-46.274608 -37.265640 -65.000000


-46.582050 -32.293783 -63.750000 
-44.097674 -32.917982 -68.756250 
-46.892597 -32.604330 -66.250000 
-46.582050 -32.293783 -63.750000


-44.097674 -32.917982 -68.756250 
-41.923845 -38.507828 -65.631250 
-44.097674 -37.886734 -68.756250 
-44.097674 -32.917982 -68.756250


-41.923845 -38.507828 -65.631250 
-42.234392 -40.992204 -66.881250 
-44.097674 -37.886734 -68.756250 
-41.923845 -38.507828 -65.631250


-41.613298 -43.166033 -66.881250 
-41.302751 -44.718768 -66.256250 
-41.613298 -45.960956 -67.506250 
-41.613298 -43.166033 -66.881250


-40.995309 -49.687520 -65.625000 
-41.923845 -49.376973 -67.493750 
-41.305856 -51.861349 -69.375000 
-40.995309 -49.687520 -65.625000


-40.060563 -52.171896 -68.131250 
-40.995309 -49.687520 -65.625000 
-41.305856 -51.861349 -69.375000 
-40.060563 -52.171896 -68.131250


-37.886734 -51.240255 -65.006250 
-40.060563 -52.171896 -68.131250 
-40.371110 -50.929708 -68.756250 
-37.886734 -51.240255 -65.006250


-38.510933 -56.519554 -66.250000 
-40.063668 -52.792990 -64.375000 
-37.886734 -54.345725 -68.131250 
-38.510933 -56.519554 -66.250000


-37.886734 -54.345725 -68.131250 
-37.265640 -53.724631 -65.631250 
-36.644546 -57.140648 -68.131250 
-37.886734 -54.345725 -68.131250


-36.644546 -57.140648 -68.131250 
-32.607435 -60.867212 -66.881250 
-34.781264 -60.556665 -66.881250 
-36.644546 -57.140648 -68.131250


-36.644546 -57.140648 -68.131250 
-32.296888 -59.935571 -65.631250 
-32.607435 -60.867212 -66.881250 
-36.644546 -57.140648 -68.131250


-46.274608 -37.265640 -65.000000 
-46.892597 -32.604330 -66.250000 
-46.585155 -36.023452 -69.375000 
-46.274608 -37.265640 -65.000000


-42.858591 -42.855486 -62.500000 
-45.964061 -40.681657 -66.875000 
-44.097674 -44.097674 -65.618750 
-42.858591 -42.855486 -62.500000


-46.582050 -32.293783 -63.750000 
-42.544939 -32.604330 -66.875000 
-44.097674 -32.917982 -68.756250 
-46.582050 -32.293783 -63.750000


-42.544939 -32.604330 -66.875000 
-41.923845 -38.507828 -65.631250 
-44.097674 -32.917982 -68.756250 
-42.544939 -32.604330 -66.875000


-42.234392 -40.992204 -66.881250 
-40.060563 -41.613298 -64.381250 
-41.613298 -43.166033 -66.881250 
-42.234392 -40.992204 -66.881250


-41.613298 -45.960956 -67.506250 
-41.302751 -44.718768 -66.256250 
-40.371110 -47.513691 -66.881250 
-41.613298 -45.960956 -67.506250


-40.371110 -47.513691 -66.881250 
-37.886734 -51.240255 -65.006250 
-41.613298 -48.445332 -69.381250 
-40.371110 -47.513691 -66.881250


-40.060563 -52.171896 -68.131250 
-37.886734 -51.240255 -65.006250 
-37.886734 -54.345725 -68.131250 
-40.060563 -52.171896 -68.131250


-34.781264 -60.556665 -66.881250 
-38.510933 -56.519554 -66.250000 
-36.955093 -58.382836 -68.131250 
-34.781264 -60.556665 -66.881250


-37.265640 -53.724631 -65.631250 
-35.091811 -55.587913 -64.381250 
-36.644546 -57.140648 -68.131250 
-37.265640 -53.724631 -65.631250


-34.781264 -60.556665 -66.881250 
-32.607435 -60.867212 -66.881250 
-32.296888 -62.112505 -66.250000 
-34.781264 -60.556665 -66.881250


-45.029315 -39.439469 -63.743750 
-46.274608 -37.265640 -65.000000 
-45.964061 -40.681657 -66.875000 
-45.029315 -39.439469 -63.743750


-45.029315 -39.439469 -63.743750 
-45.964061 -40.681657 -66.875000 
-42.858591 -42.855486 -62.500000 
-45.029315 -39.439469 -63.743750


-43.166033 -46.892597 -66.868750 
-41.923845 -49.376973 -67.493750 
-41.926950 -46.892597 -65.000000 
-43.166033 -46.892597 -66.868750


-42.544939 -32.604330 -66.875000 
-41.302751 -34.470717 -65.006250 
-41.923845 -38.507828 -65.631250 
-42.544939 -32.604330 -66.875000


-41.926950 -46.892597 -65.000000 
-41.923845 -49.376973 -67.493750 
-40.995309 -49.687520 -65.625000 
-41.926950 -46.892597 -65.000000


-41.613298 -43.166033 -66.881250 
-40.060563 -41.613298 -64.381250 
-41.302751 -44.718768 -66.256250 
-41.613298 -43.166033 -66.881250


-41.923845 -38.507828 -65.631250 
-40.060563 -41.613298 -64.381250 
-42.234392 -40.992204 -66.881250 
-41.923845 -38.507828 -65.631250


-40.995309 -49.687520 -65.625000 
-40.060563 -52.171896 -68.131250 
-40.063668 -52.792990 -64.375000 
-40.995309 -49.687520 -65.625000


-41.302751 -44.718768 -66.256250 
-38.818375 -47.203144 -64.381250 
-40.371110 -47.513691 -66.881250 
-41.302751 -44.718768 -66.256250


-38.818375 -47.203144 -64.381250 
-37.886734 -51.240255 -65.006250 
-40.371110 -47.513691 -66.881250 
-38.818375 -47.203144 -64.381250


-38.507828 -54.966819 -63.118750 
-40.063668 -52.792990 -64.375000 
-38.510933 -56.519554 -66.250000 
-38.507828 -54.966819 -63.118750


-37.886734 -51.240255 -65.006250 
-37.265640 -53.724631 -65.631250 
-37.886734 -54.345725 -68.131250 
-37.886734 -51.240255 -65.006250


-35.091811 -55.587913 -64.381250 
-33.849623 -57.140648 -64.381250 
-36.644546 -57.140648 -68.131250 
-35.091811 -55.587913 -64.381250


-33.849623 -57.140648 -64.381250 
-32.296888 -59.935571 -65.631250 
-36.644546 -57.140648 -68.131250 
-33.849623 -57.140648 -64.381250


-32.296888 -62.112505 -66.250000 
-32.607435 -60.867212 -66.881250 
-29.501965 -62.109400 -65.006250 
-32.296888 -62.112505 -66.250000


-46.582050 -32.293783 -63.750000 
-40.992204 -31.983236 -65.000000 
-42.544939 -32.604330 -66.875000 
-46.582050 -32.293783 -63.750000


-41.926950 -46.892597 -65.000000 
-43.166033 -45.339862 -65.618750 
-43.166033 -46.892597 -66.868750 
-41.926950 -46.892597 -65.000000


-42.544939 -32.604330 -66.875000 
-40.992204 -31.983236 -65.000000 
-41.302751 -34.470717 -65.006250 
-42.544939 -32.604330 -66.875000


-41.923845 -38.507828 -65.631250 
-40.371110 -38.507828 -64.381250 
-40.060563 -41.613298 -64.381250 
-41.923845 -38.507828 -65.631250


-39.750016 -33.539076 -63.756250 
-41.302751 -34.470717 -65.006250 
-40.992204 -31.983236 -65.000000 
-39.750016 -33.539076 -63.756250


-40.060563 -41.613298 -64.381250 
-39.750016 -43.476580 -64.381250 
-41.302751 -44.718768 -66.256250 
-40.060563 -41.613298 -64.381250


-39.750016 -43.476580 -64.381250 
-38.818375 -47.203144 -64.381250 
-41.302751 -44.718768 -66.256250 
-39.750016 -43.476580 -64.381250


-34.784369 -60.556665 -64.375000 
-38.510933 -56.519554 -66.250000 
-34.781264 -60.556665 -66.881250 
-34.784369 -60.556665 -64.375000


-34.784369 -60.556665 -64.375000 
-37.265640 -57.761742 -64.368750 
-38.510933 -56.519554 -66.250000 
-34.784369 -60.556665 -64.375000


-37.265640 -53.724631 -65.631250 
-36.023452 -53.414084 -64.381250 
-35.091811 -55.587913 -64.381250 
-37.265640 -53.724631 -65.631250


-31.054700 -59.625024 -63.756250 
-29.501965 -62.109400 -65.006250 
-32.607435 -60.867212 -66.881250 
-31.054700 -59.625024 -63.756250


-41.926950 -46.892597 -65.000000 
-40.995309 -49.687520 -65.625000 
-41.305856 -49.376973 -63.125000 
-41.926950 -46.892597 -65.000000


-41.302751 -34.470717 -65.006250 
-40.371110 -38.507828 -64.381250 
-41.923845 -38.507828 -65.631250 
-41.302751 -34.470717 -65.006250


-39.750016 -33.539076 -63.756250 
-40.371110 -38.507828 -64.381250 
-41.302751 -34.470717 -65.006250 
-39.750016 -33.539076 -63.756250


-37.265640 -57.761742 -64.368750 
-38.507828 -54.966819 -63.118750 
-38.510933 -56.519554 -66.250000 
-37.265640 -57.761742 -64.368750


-36.333999 -50.308614 -63.131250 
-37.886734 -51.240255 -65.006250 
-38.818375 -47.203144 -64.381250 
-36.333999 -50.308614 -63.131250


-37.886734 -51.240255 -65.006250 
-36.023452 -53.414084 -64.381250 
-37.265640 -53.724631 -65.631250 
-37.886734 -51.240255 -65.006250


-36.333999 -50.308614 -63.131250 
-36.023452 -53.414084 -64.381250 
-37.886734 -51.240255 -65.006250 
-36.333999 -50.308614 -63.131250


-34.784369 -60.556665 -64.375000 
-34.781264 -60.556665 -66.881250 
-32.296888 -62.112505 -66.250000 
-34.784369 -60.556665 -64.375000


-32.296888 -57.761742 -63.131250 
-32.296888 -59.935571 -65.631250 
-33.849623 -57.140648 -64.381250 
-32.296888 -57.761742 -63.131250


-32.296888 -59.935571 -65.631250 
-31.054700 -59.625024 -63.756250 
-32.607435 -60.867212 -66.881250 
-32.296888 -59.935571 -65.631250


-30.123059 -61.801958 -60.000000 
-32.296888 -62.112505 -66.250000 
-29.501965 -62.109400 -65.006250 
-30.123059 -61.801958 -60.000000


-27.017589 -61.177759 -63.756250 
-27.638683 -62.112505 -64.375000 
-29.501965 -62.109400 -65.006250 
-27.017589 -61.177759 -63.756250


-46.582050 -32.293783 -63.750000 
-46.892597 -32.604330 -66.250000 
-46.274608 -37.265640 -65.000000 
-46.582050 -32.293783 -63.750000


-39.128922 -40.060563 -63.131250 
-40.060563 -41.613298 -64.381250 
-40.371110 -38.507828 -64.381250 
-39.128922 -40.060563 -63.131250


-37.886734 -31.054700 -62.506250 
-39.750016 -33.539076 -63.756250 
-40.992204 -31.983236 -65.000000 
-37.886734 -31.054700 -62.506250


-39.750016 -43.476580 -64.381250 
-37.886734 -45.339862 -62.506250 
-38.818375 -47.203144 -64.381250 
-39.750016 -43.476580 -64.381250


-40.060563 -41.613298 -64.381250 
-37.886734 -43.166033 -61.881250 
-39.750016 -43.476580 -64.381250 
-40.060563 -41.613298 -64.381250


-37.265640 -57.761742 -64.368750 
-36.337104 -56.209007 -58.750000 
-38.507828 -54.966819 -63.118750 
-37.265640 -57.761742 -64.368750


-37.886734 -45.339862 -62.506250 
-36.955093 -48.134785 -62.506250 
-38.818375 -47.203144 -64.381250 
-37.886734 -45.339862 -62.506250


-34.784369 -60.556665 -64.375000 
-34.784369 -58.382836 -58.750000 
-37.265640 -57.761742 -64.368750 
-34.784369 -60.556665 -64.375000


-35.091811 -55.587913 -64.381250 
-32.296888 -57.761742 -63.131250 
-33.849623 -57.140648 -64.381250 
-35.091811 -55.587913 -64.381250


-33.228529 -55.277366 -62.506250 
-32.296888 -57.761742 -63.131250 
-35.091811 -55.587913 -64.381250 
-33.228529 -55.277366 -62.506250


-32.296888 -59.935571 -65.631250 
-32.296888 -57.761742 -63.131250 
-31.054700 -59.625024 -63.756250 
-32.296888 -59.935571 -65.631250


-29.501965 -62.109400 -65.006250 
-31.054700 -59.625024 -63.756250 
-27.017589 -61.177759 -63.756250 
-29.501965 -62.109400 -65.006250


-30.123059 -61.801958 -60.000000 
-29.501965 -62.109400 -65.006250 
-27.638683 -62.112505 -64.375000 
-30.123059 -61.801958 -60.000000


-25.154307 -61.177759 -62.506250 
-27.638683 -62.112505 -64.375000 
-27.017589 -61.177759 -63.756250 
-25.154307 -61.177759 -62.506250


-45.339862 -35.091811 -61.243750 
-46.582050 -32.293783 -63.750000 
-46.274608 -37.265640 -65.000000 
-45.339862 -35.091811 -61.243750


-42.858591 -42.855486 -62.500000 
-44.097674 -44.097674 -65.618750 
-43.166033 -45.339862 -65.618750 
-42.858591 -42.855486 -62.500000


-43.166033 -31.672689 -61.250000 
-40.992204 -31.983236 -65.000000 
-46.582050 -32.293783 -63.750000 
-43.166033 -31.672689 -61.250000


-41.305856 -49.376973 -63.125000 
-40.995309 -49.687520 -65.625000 
-40.063668 -52.792990 -64.375000 
-41.305856 -49.376973 -63.125000


-39.750016 -33.539076 -63.756250 
-39.128922 -40.060563 -63.131250 
-40.371110 -38.507828 -64.381250 
-39.750016 -33.539076 -63.756250


-38.507828 -34.470717 -62.506250 
-39.128922 -40.060563 -63.131250 
-39.750016 -33.539076 -63.756250 
-38.507828 -34.470717 -62.506250


-39.128922 -40.060563 -63.131250 
-37.886734 -43.166033 -61.881250 
-40.060563 -41.613298 -64.381250 
-39.128922 -40.060563 -63.131250


-37.886734 -43.166033 -61.881250 
-37.886734 -45.339862 -62.506250 
-39.750016 -43.476580 -64.381250 
-37.886734 -43.166033 -61.881250


-38.818375 -47.203144 -64.381250 
-36.955093 -48.134785 -62.506250 
-36.333999 -50.308614 -63.131250 
-38.818375 -47.203144 -64.381250


-36.333999 -50.308614 -63.131250 
-34.160170 -52.792990 -61.881250 
-36.023452 -53.414084 -64.381250 
-36.333999 -50.308614 -63.131250


-36.023452 -53.414084 -64.381250 
-34.160170 -52.792990 -61.881250 
-35.091811 -55.587913 -64.381250 
-36.023452 -53.414084 -64.381250


-34.160170 -52.792990 -61.881250 
-33.228529 -55.277366 -62.506250 
-35.091811 -55.587913 -64.381250 
-34.160170 -52.792990 -61.881250


-32.296888 -60.870317 -61.875000 
-34.784369 -60.556665 -64.375000 
-32.296888 -62.112505 -66.250000 
-32.296888 -60.870317 -61.875000


-30.123059 -61.801958 -60.000000 
-32.296888 -60.870317 -61.875000 
-32.296888 -62.112505 -66.250000 
-30.123059 -61.801958 -60.000000


-31.054700 -59.625024 -63.756250 
-29.501965 -58.693383 -61.881250 
-27.017589 -61.177759 -63.756250 
-31.054700 -59.625024 -63.756250


-45.339862 -35.091811 -61.243750 
-46.274608 -37.265640 -65.000000 
-45.029315 -36.955093 -61.868750 
-45.339862 -35.091811 -61.243750


-42.237497 -45.960956 -59.375000 
-42.858591 -42.855486 -62.500000 
-43.166033 -45.339862 -65.618750 
-42.237497 -45.960956 -59.375000


-42.237497 -45.960956 -59.375000 
-43.166033 -45.339862 -65.618750 
-41.926950 -46.892597 -65.000000 
-42.237497 -45.960956 -59.375000


-40.992204 -31.983236 -65.000000 
-40.371110 -31.051595 -60.625000 
-37.886734 -31.054700 -62.506250 
-40.992204 -31.983236 -65.000000


-37.886734 -31.054700 -62.506250 
-38.507828 -34.470717 -62.506250 
-39.750016 -33.539076 -63.756250 
-37.886734 -31.054700 -62.506250


-32.296888 -60.870317 -61.875000 
-32.917982 -60.249223 -59.375000 
-34.784369 -60.556665 -64.375000 
-32.296888 -60.870317 -61.875000


-32.296888 -57.761742 -63.131250 
-29.501965 -58.693383 -61.881250 
-31.054700 -59.625024 -63.756250 
-32.296888 -57.761742 -63.131250


-45.339862 -35.091811 -61.243750 
-45.960956 -31.672689 -60.625000 
-46.582050 -32.293783 -63.750000 
-45.339862 -35.091811 -61.243750


-46.582050 -32.293783 -63.750000 
-45.960956 -31.672689 -60.625000 
-43.166033 -31.672689 -61.250000 
-46.582050 -32.293783 -63.750000


-45.029315 -36.955093 -61.868750 
-46.274608 -37.265640 -65.000000 
-45.029315 -39.439469 -63.743750 
-45.029315 -36.955093 -61.868750


-43.479685 -39.128922 -60.000000 
-45.029315 -36.955093 -61.868750 
-45.029315 -39.439469 -63.743750 
-43.479685 -39.128922 -60.000000


-43.479685 -39.128922 -60.000000 
-45.029315 -39.439469 -63.743750 
-42.858591 -42.855486 -62.500000 
-43.479685 -39.128922 -60.000000


-38.507828 -54.966819 -63.118750 
-36.958198 -54.966819 -57.500000 
-40.063668 -52.792990 -64.375000 
-38.507828 -54.966819 -63.118750


-38.507828 -34.470717 -62.506250 
-37.886734 -43.166033 -61.881250 
-39.128922 -40.060563 -63.131250 
-38.507828 -34.470717 -62.506250


-37.576187 -37.576187 -61.256250 
-37.886734 -43.166033 -61.881250 
-38.507828 -34.470717 -62.506250 
-37.576187 -37.576187 -61.256250


-37.886734 -43.166033 -61.881250 
-36.333999 -45.029315 -60.631250 
-37.886734 -45.339862 -62.506250 
-37.886734 -43.166033 -61.881250


-36.333999 -45.029315 -60.631250 
-36.955093 -48.134785 -62.506250 
-37.886734 -45.339862 -62.506250 
-36.333999 -45.029315 -60.631250


-36.955093 -48.134785 -62.506250 
-35.402358 -50.619161 -61.881250 
-36.333999 -50.308614 -63.131250 
-36.955093 -48.134785 -62.506250


-36.333999 -50.308614 -63.131250 
-35.402358 -50.619161 -61.881250 
-34.160170 -52.792990 -61.881250 
-36.333999 -50.308614 -63.131250


-34.784369 -58.382836 -58.750000 
-34.784369 -60.556665 -64.375000 
-32.917982 -60.249223 -59.375000 
-34.784369 -58.382836 -58.750000


-27.638683 -59.003930 -60.006250 
-29.501965 -58.693383 -61.881250 
-32.296888 -57.761742 -63.131250 
-27.638683 -59.003930 -60.006250


-29.501965 -58.693383 -61.881250 
-27.638683 -59.003930 -60.006250 
-27.017589 -61.177759 -63.756250 
-29.501965 -58.693383 -61.881250


-25.464854 -61.801958 -60.000000 
-25.154307 -61.177759 -62.506250 
-23.601572 -61.801958 -61.875000 
-25.464854 -61.801958 -60.000000


-43.166033 -31.672689 -61.250000 
-40.371110 -31.051595 -60.625000 
-40.992204 -31.983236 -65.000000 
-43.166033 -31.672689 -61.250000


-41.926950 -46.892597 -65.000000 
-41.305856 -49.376973 -63.125000 
-40.063668 -49.376973 -57.500000 
-41.926950 -46.892597 -65.000000


-40.374215 -50.308614 -60.000000 
-41.305856 -49.376973 -63.125000 
-40.063668 -52.792990 -64.375000 
-40.374215 -50.308614 -60.000000


-40.374215 -50.308614 -60.000000 
-40.063668 -52.792990 -64.375000 
-36.958198 -54.966819 -57.500000 
-40.374215 -50.308614 -60.000000


-37.886734 -31.054700 -62.506250 
-36.644546 -33.228529 -60.631250 
-38.507828 -34.470717 -62.506250 
-37.886734 -31.054700 -62.506250


-36.644546 -33.228529 -60.631250 
-37.576187 -37.576187 -61.256250 
-38.507828 -34.470717 -62.506250 
-36.644546 -33.228529 -60.631250


-35.712905 -30.744153 -60.631250 
-36.644546 -33.228529 -60.631250 
-37.886734 -31.054700 -62.506250 
-35.712905 -30.744153 -60.631250


-36.333999 -45.029315 -60.631250 
-35.402358 -47.824238 -60.631250 
-36.955093 -48.134785 -62.506250 
-36.333999 -45.029315 -60.631250


-40.371110 -31.051595 -60.625000 
-35.712905 -30.744153 -60.631250 
-37.886734 -31.054700 -62.506250 
-40.371110 -31.051595 -60.625000


-35.402358 -47.824238 -60.631250 
-35.402358 -50.619161 -61.881250 
-36.955093 -48.134785 -62.506250 
-35.402358 -47.824238 -60.631250


-35.402358 -50.619161 -61.881250 
-33.539076 -50.929708 -60.006250 
-34.160170 -52.792990 -61.881250 
-35.402358 -50.619161 -61.881250


-32.917982 -52.792990 -60.631250 
-33.228529 -55.277366 -62.506250 
-34.160170 -52.792990 -61.881250 
-32.917982 -52.792990 -60.631250


-33.228529 -55.277366 -62.506250 
-29.812512 -56.519554 -60.006250 
-32.296888 -57.761742 -63.131250 
-33.228529 -55.277366 -62.506250


-29.812512 -56.519554 -60.006250 
-27.638683 -59.003930 -60.006250 
-32.296888 -57.761742 -63.131250 
-29.812512 -56.519554 -60.006250


-25.464854 -61.801958 -60.000000 
-27.638683 -62.112505 -64.375000 
-25.154307 -61.177759 -62.506250 
-25.464854 -61.801958 -60.000000


-44.100779 -34.160170 -57.500000 
-45.339862 -35.091811 -61.243750 
-45.029315 -36.955093 -61.868750 
-44.100779 -34.160170 -57.500000


-40.063668 -49.376973 -57.500000 
-41.305856 -49.376973 -63.125000 
-40.374215 -50.308614 -60.000000 
-40.063668 -49.376973 -57.500000


-36.337104 -56.209007 -58.750000 
-36.958198 -54.966819 -57.500000 
-38.507828 -54.966819 -63.118750 
-36.337104 -56.209007 -58.750000


-35.712905 -42.544939 -59.381250 
-36.333999 -45.029315 -60.631250 
-37.886734 -43.166033 -61.881250 
-35.712905 -42.544939 -59.381250


-37.576187 -37.576187 -61.256250 
-35.712905 -42.544939 -59.381250 
-37.886734 -43.166033 -61.881250 
-37.576187 -37.576187 -61.256250


-40.371110 -31.051595 -60.625000 
-38.507828 -30.430501 -58.125000 
-35.712905 -30.744153 -60.631250 
-40.371110 -31.051595 -60.625000


-34.781264 -46.271503 -59.381250 
-35.402358 -47.824238 -60.631250 
-36.333999 -45.029315 -60.631250 
-34.781264 -46.271503 -59.381250


-35.402358 -47.824238 -60.631250 
-33.539076 -50.929708 -60.006250 
-35.402358 -50.619161 -61.881250 
-35.402358 -47.824238 -60.631250


-35.402358 -47.824238 -60.631250 
-34.781264 -46.271503 -59.381250 
-33.539076 -50.929708 -60.006250 
-35.402358 -47.824238 -60.631250


-33.539076 -50.929708 -60.006250 
-32.917982 -52.792990 -60.631250 
-34.160170 -52.792990 -61.881250 
-33.539076 -50.929708 -60.006250


-29.812512 -56.519554 -60.006250 
-33.228529 -55.277366 -62.506250 
-32.917982 -52.792990 -60.631250 
-29.812512 -56.519554 -60.006250


-22.359384 -60.867212 -60.006250 
-21.427743 -61.177759 -60.006250 
-23.601572 -61.801958 -61.875000 
-22.359384 -60.867212 -60.006250


-43.479685 -39.128922 -60.000000 
-44.100779 -34.160170 -57.500000 
-45.029315 -36.955093 -61.868750 
-43.479685 -39.128922 -60.000000


-43.169138 -42.855486 -60.000000 
-43.479685 -39.128922 -60.000000 
-42.858591 -42.855486 -62.500000 
-43.169138 -42.855486 -60.000000


-43.169138 -42.855486 -60.000000 
-42.237497 -45.960956 -59.375000 
-42.548044 -43.787127 -56.250000 
-43.169138 -42.855486 -60.000000


-43.169138 -42.855486 -60.000000 
-42.858591 -42.855486 -62.500000 
-42.237497 -45.960956 -59.375000 
-43.169138 -42.855486 -60.000000


-41.616403 -46.582050 -57.500000 
-41.926950 -46.892597 -65.000000 
-40.063668 -49.376973 -57.500000 
-41.616403 -46.582050 -57.500000


-36.333999 -36.023452 -60.006250 
-35.712905 -42.544939 -59.381250 
-37.576187 -37.576187 -61.256250 
-36.333999 -36.023452 -60.006250


-36.644546 -33.228529 -60.631250 
-36.333999 -36.023452 -60.006250 
-37.576187 -37.576187 -61.256250 
-36.644546 -33.228529 -60.631250


-34.784369 -58.382836 -58.750000 
-36.337104 -56.209007 -58.750000 
-37.265640 -57.761742 -64.368750 
-34.784369 -58.382836 -58.750000


-35.712905 -42.544939 -59.381250 
-34.781264 -46.271503 -59.381250 
-36.333999 -45.029315 -60.631250 
-35.712905 -42.544939 -59.381250


-31.986341 -50.619161 -58.131250 
-32.917982 -52.792990 -60.631250 
-33.539076 -50.929708 -60.006250 
-31.986341 -50.619161 -58.131250


-27.017589 -61.177759 -63.756250 
-27.638683 -59.003930 -60.006250 
-25.154307 -61.177759 -62.506250 
-27.017589 -61.177759 -63.756250


-24.843760 -59.314477 -58.131250 
-23.601572 -61.801958 -61.875000 
-25.154307 -61.177759 -62.506250 
-24.843760 -59.314477 -58.131250


-43.790232 -39.128922 -56.250000 
-43.479685 -39.128922 -60.000000 
-43.169138 -42.855486 -60.000000 
-43.790232 -39.128922 -56.250000


-42.237497 -45.960956 -59.375000 
-41.926950 -46.892597 -65.000000 
-41.616403 -46.582050 -57.500000 
-42.237497 -45.960956 -59.375000


-40.371110 -30.741048 -56.875000 
-40.371110 -31.051595 -60.625000 
-43.166033 -31.672689 -61.250000 
-40.371110 -30.741048 -56.875000


-36.333999 -36.023452 -60.006250 
-35.091811 -36.644546 -58.756250 
-35.712905 -42.544939 -59.381250 
-36.333999 -36.023452 -60.006250


-34.781264 -34.470717 -58.756250 
-36.333999 -36.023452 -60.006250 
-36.644546 -33.228529 -60.631250 
-34.781264 -34.470717 -58.756250


-33.539076 -32.296888 -58.131250 
-34.781264 -34.470717 -58.756250 
-36.644546 -33.228529 -60.631250 
-33.539076 -32.296888 -58.131250


-38.507828 -30.430501 -58.125000 
-34.470717 -30.430501 -59.375000 
-35.712905 -30.744153 -60.631250 
-38.507828 -30.430501 -58.125000


-35.712905 -30.744153 -60.631250 
-33.539076 -32.296888 -58.131250 
-36.644546 -33.228529 -60.631250 
-35.712905 -30.744153 -60.631250


-34.470717 -30.430501 -59.375000 
-33.539076 -32.296888 -58.131250 
-35.712905 -30.744153 -60.631250 
-34.470717 -30.430501 -59.375000


-31.986341 -50.619161 -58.131250 
-33.539076 -50.929708 -60.006250 
-34.781264 -46.271503 -59.381250 
-31.986341 -50.619161 -58.131250


-30.744153 -52.792990 -58.131250 
-29.812512 -56.519554 -60.006250 
-32.917982 -52.792990 -60.631250 
-30.744153 -52.792990 -58.131250


-29.191418 -62.112505 -57.500000 
-30.123059 -61.801958 -60.000000 
-27.638683 -62.112505 -64.375000 
-29.191418 -62.112505 -57.500000


-29.191418 -62.112505 -57.500000 
-27.638683 -62.112505 -64.375000 
-25.464854 -61.801958 -60.000000 
-29.191418 -62.112505 -57.500000


-29.191418 -62.112505 -57.500000 
-25.464854 -61.801958 -60.000000 
-22.980478 -62.112505 -56.250000 
-29.191418 -62.112505 -57.500000


-27.638683 -59.003930 -60.006250 
-24.843760 -59.314477 -58.131250 
-25.154307 -61.177759 -62.506250 
-27.638683 -59.003930 -60.006250


-25.775401 -58.072289 -57.506250 
-24.843760 -59.314477 -58.131250 
-27.638683 -59.003930 -60.006250 
-25.775401 -58.072289 -57.506250


-40.371110 -30.741048 -56.875000 
-38.507828 -30.430501 -58.125000 
-40.371110 -31.051595 -60.625000 
-40.371110 -30.741048 -56.875000


-37.268745 -53.724631 -55.625000 
-40.374215 -50.308614 -60.000000 
-36.958198 -54.966819 -57.500000 
-37.268745 -53.724631 -55.625000


-35.091811 -36.644546 -58.756250 
-34.160170 -43.166033 -58.131250 
-35.712905 -42.544939 -59.381250 
-35.091811 -36.644546 -58.756250


-34.781264 -34.470717 -58.756250 
-35.091811 -36.644546 -58.756250 
-36.333999 -36.023452 -60.006250 
-34.781264 -34.470717 -58.756250


-34.160170 -43.166033 -58.131250 
-34.781264 -46.271503 -59.381250 
-35.712905 -42.544939 -59.381250 
-34.160170 -43.166033 -58.131250


-30.744153 -52.792990 -58.131250 
-32.917982 -52.792990 -60.631250 
-31.986341 -50.619161 -58.131250 
-30.744153 -52.792990 -58.131250


-32.296888 -60.870317 -61.875000 
-30.123059 -61.801958 -60.000000 
-31.986341 -60.559770 -56.875000 
-32.296888 -60.870317 -61.875000


-27.638683 -56.519554 -58.131250 
-29.812512 -56.519554 -60.006250 
-30.744153 -52.792990 -58.131250 
-27.638683 -56.519554 -58.131250


-29.812512 -56.519554 -60.006250 
-27.638683 -56.519554 -58.131250 
-27.638683 -59.003930 -60.006250 
-29.812512 -56.519554 -60.006250


-27.638683 -56.519554 -58.131250 
-25.775401 -58.072289 -57.506250 
-27.638683 -59.003930 -60.006250 
-27.638683 -56.519554 -58.131250


-24.843760 -59.314477 -58.131250 
-22.359384 -60.867212 -60.006250 
-23.601572 -61.801958 -61.875000 
-24.843760 -59.314477 -58.131250


-25.464854 -61.801958 -60.000000 
-23.601572 -61.801958 -61.875000 
-21.427743 -61.177759 -60.006250 
-25.464854 -61.801958 -60.000000


-20.806649 -59.311372 -55.000000 
-20.185555 -61.177759 -58.756250 
-21.427743 -61.177759 -60.006250 
-20.806649 -59.311372 -55.000000


-44.408221 -30.119954 -54.375000 
-45.960956 -31.672689 -60.625000 
-45.339862 -35.091811 -61.243750 
-44.408221 -30.119954 -54.375000


-44.408221 -30.119954 -54.375000 
-45.339862 -35.091811 -61.243750 
-44.100779 -34.160170 -57.500000 
-44.408221 -30.119954 -54.375000


-45.960956 -31.672689 -60.625000 
-44.408221 -30.119954 -54.375000 
-43.166033 -31.672689 -61.250000 
-45.960956 -31.672689 -60.625000


-33.228529 -37.265640 -57.506250 
-34.160170 -43.166033 -58.131250 
-35.091811 -36.644546 -58.756250 
-33.228529 -37.265640 -57.506250


-33.539076 -32.296888 -58.131250 
-33.228529 -33.849623 -57.506250 
-34.781264 -34.470717 -58.756250 
-33.539076 -32.296888 -58.131250


-34.160170 -43.166033 -58.131250 
-31.986341 -48.445332 -57.506250 
-34.781264 -46.271503 -59.381250 
-34.160170 -43.166033 -58.131250


-34.784369 -58.382836 -58.750000 
-32.917982 -60.249223 -59.375000 
-31.986341 -60.559770 -56.875000 
-34.784369 -58.382836 -58.750000


-34.781264 -46.271503 -59.381250 
-31.986341 -48.445332 -57.506250 
-31.986341 -50.619161 -58.131250 
-34.781264 -46.271503 -59.381250


-34.470717 -30.430501 -59.375000 
-32.296888 -29.501965 -58.131250 
-33.539076 -32.296888 -58.131250 
-34.470717 -30.430501 -59.375000


-31.986341 -60.559770 -56.875000 
-32.917982 -60.249223 -59.375000 
-32.296888 -60.870317 -61.875000 
-31.986341 -60.559770 -56.875000


-29.191418 -62.112505 -57.500000 
-31.986341 -60.559770 -56.875000 
-30.123059 -61.801958 -60.000000 
-29.191418 -62.112505 -57.500000


-28.880871 -53.414084 -56.881250 
-27.638683 -56.519554 -58.131250 
-30.744153 -52.792990 -58.131250 
-28.880871 -53.414084 -56.881250


-22.359384 -60.867212 -60.006250 
-20.806649 -59.311372 -55.000000 
-21.427743 -61.177759 -60.006250 
-22.359384 -60.867212 -60.006250


-44.408221 -30.119954 -54.375000 
-40.371110 -30.741048 -56.875000 
-43.166033 -31.672689 -61.250000 
-44.408221 -30.119954 -54.375000


-37.268745 -53.724631 -55.625000 
-38.200386 -51.550802 -53.750000 
-40.374215 -50.308614 -60.000000 
-37.268745 -53.724631 -55.625000


-36.333999 -29.809407 -54.375000 
-34.470717 -30.430501 -59.375000 
-38.507828 -30.430501 -58.125000 
-36.333999 -29.809407 -54.375000


-34.784369 -58.382836 -58.750000 
-34.781264 -56.833206 -55.000000 
-36.337104 -56.209007 -58.750000 
-34.784369 -58.382836 -58.750000


-34.781264 -34.470717 -58.756250 
-33.228529 -37.265640 -57.506250 
-35.091811 -36.644546 -58.756250 
-34.781264 -34.470717 -58.756250


-33.228529 -33.849623 -57.506250 
-33.228529 -37.265640 -57.506250 
-34.781264 -34.470717 -58.756250 
-33.228529 -33.849623 -57.506250


-32.296888 -40.371110 -56.256250 
-34.160170 -43.166033 -58.131250 
-33.228529 -37.265640 -57.506250 
-32.296888 -40.371110 -56.256250


-32.296888 -29.501965 -58.131250 
-33.228529 -33.849623 -57.506250 
-33.539076 -32.296888 -58.131250 
-32.296888 -29.501965 -58.131250


-31.986341 -48.445332 -57.506250 
-30.433606 -49.998067 -56.881250 
-31.986341 -50.619161 -58.131250 
-31.986341 -48.445332 -57.506250


-30.433606 -49.998067 -56.881250 
-30.744153 -52.792990 -58.131250 
-31.986341 -50.619161 -58.131250 
-30.433606 -49.998067 -56.881250


-30.433606 -49.998067 -56.881250 
-28.880871 -53.414084 -56.881250 
-30.744153 -52.792990 -58.131250 
-30.433606 -49.998067 -56.881250


-22.980478 -62.112505 -56.250000 
-25.464854 -61.801958 -60.000000 
-20.806649 -62.109400 -55.006250 
-22.980478 -62.112505 -56.250000


-20.806649 -62.109400 -55.006250 
-25.464854 -61.801958 -60.000000 
-21.427743 -61.177759 -60.006250 
-20.806649 -62.109400 -55.006250


-20.806649 -62.109400 -55.006250 
-21.427743 -61.177759 -60.006250 
-20.185555 -61.177759 -58.756250 
-20.806649 -62.109400 -55.006250


-43.790232 -39.128922 -56.250000 
-43.169138 -42.855486 -60.000000 
-42.548044 -43.787127 -56.250000 
-43.790232 -39.128922 -56.250000


-41.616403 -46.582050 -57.500000 
-42.548044 -43.787127 -56.250000 
-42.237497 -45.960956 -59.375000 
-41.616403 -46.582050 -57.500000


-31.986341 -60.559770 -56.875000 
-34.781264 -56.833206 -55.000000 
-34.784369 -58.382836 -58.750000 
-31.986341 -60.559770 -56.875000


-32.296888 -40.371110 -56.256250 
-31.986341 -44.408221 -56.256250 
-34.160170 -43.166033 -58.131250 
-32.296888 -40.371110 -56.256250


-34.160170 -43.166033 -58.131250 
-31.986341 -44.408221 -56.256250 
-31.986341 -48.445332 -57.506250 
-34.160170 -43.166033 -58.131250


-31.986341 -44.408221 -56.256250 
-30.433606 -48.134785 -56.256250 
-31.986341 -48.445332 -57.506250 
-31.986341 -44.408221 -56.256250


-33.228529 -33.849623 -57.506250 
-31.365247 -33.849623 -56.881250 
-33.228529 -37.265640 -57.506250 
-33.228529 -33.849623 -57.506250


-31.365247 -33.849623 -56.881250 
-31.054700 -36.955093 -56.256250 
-33.228529 -37.265640 -57.506250 
-31.365247 -33.849623 -56.881250


-32.296888 -29.501965 -58.131250 
-31.365247 -33.849623 -56.881250 
-33.228529 -33.849623 -57.506250 
-32.296888 -29.501965 -58.131250


-29.501965 -31.365247 -56.256250 
-31.365247 -33.849623 -56.881250 
-32.296888 -29.501965 -58.131250 
-29.501965 -31.365247 -56.256250


-30.433606 -48.134785 -56.256250 
-30.433606 -49.998067 -56.881250 
-31.986341 -48.445332 -57.506250 
-30.433606 -48.134785 -56.256250


-30.433606 -29.191418 -56.881250 
-29.501965 -31.365247 -56.256250 
-32.296888 -29.501965 -58.131250 
-30.433606 -29.191418 -56.881250


-29.501965 -61.801958 -55.000000 
-31.986341 -60.559770 -56.875000 
-29.191418 -62.112505 -57.500000 
-29.501965 -61.801958 -55.000000


-28.880871 -53.414084 -56.881250 
-26.707042 -55.587913 -56.256250 
-27.638683 -56.519554 -58.131250 
-28.880871 -53.414084 -56.881250


-27.638683 -56.519554 -58.131250 
-26.707042 -55.587913 -56.256250 
-25.775401 -58.072289 -57.506250 
-27.638683 -56.519554 -58.131250


-20.806649 -62.109400 -55.006250 
-20.185555 -61.177759 -58.756250 
-18.322273 -61.801958 -54.375000 
-20.806649 -62.109400 -55.006250


-19.253914 -58.072289 -52.506250 
-18.011726 -61.177759 -56.881250 
-20.185555 -61.177759 -58.756250 
-19.253914 -58.072289 -52.506250


-38.200386 -51.550802 -53.750000 
-40.063668 -49.376973 -57.500000 
-40.374215 -50.308614 -60.000000 
-38.200386 -51.550802 -53.750000


-34.781264 -56.833206 -55.000000 
-36.958198 -54.966819 -57.500000 
-36.337104 -56.209007 -58.750000 
-34.781264 -56.833206 -55.000000


-36.333999 -29.809407 -54.375000 
-32.296888 -29.501965 -58.131250 
-34.470717 -30.430501 -59.375000 
-36.333999 -29.809407 -54.375000


-33.228529 -37.265640 -57.506250 
-31.054700 -36.955093 -56.256250 
-32.296888 -40.371110 -56.256250 
-33.228529 -37.265640 -57.506250


-31.054700 -36.955093 -56.256250 
-31.986341 -44.408221 -56.256250 
-32.296888 -40.371110 -56.256250 
-31.054700 -36.955093 -56.256250


-31.986341 -44.408221 -56.256250 
-30.123059 -46.892597 -55.631250 
-30.433606 -48.134785 -56.256250 
-31.986341 -44.408221 -56.256250


-30.123059 -35.091811 -55.631250 
-31.054700 -36.955093 -56.256250 
-31.365247 -33.849623 -56.881250 
-30.123059 -35.091811 -55.631250


-27.949230 -29.812512 -55.631250 
-29.501965 -31.365247 -56.256250 
-30.433606 -29.191418 -56.881250 
-27.949230 -29.812512 -55.631250


-27.949230 -27.635578 -55.625000 
-27.949230 -29.812512 -55.631250 
-30.433606 -29.191418 -56.881250 
-27.949230 -27.635578 -55.625000


-30.433606 -49.998067 -56.881250 
-27.328136 -52.171896 -55.006250 
-28.880871 -53.414084 -56.881250 
-30.433606 -49.998067 -56.881250


-27.328136 -52.171896 -55.006250 
-26.707042 -55.587913 -56.256250 
-28.880871 -53.414084 -56.881250 
-27.328136 -52.171896 -55.006250


-26.085948 -63.354693 -55.000000 
-29.191418 -62.112505 -57.500000 
-22.980478 -62.112505 -56.250000 
-26.085948 -63.354693 -55.000000


-25.775401 -58.072289 -57.506250 
-23.601572 -57.451195 -55.006250 
-24.843760 -59.314477 -58.131250 
-25.775401 -58.072289 -57.506250


-23.601572 -57.451195 -55.006250 
-22.359384 -60.867212 -60.006250 
-24.843760 -59.314477 -58.131250 
-23.601572 -57.451195 -55.006250


-18.322273 -61.801958 -54.375000 
-20.185555 -61.177759 -58.756250 
-18.011726 -61.177759 -56.881250 
-18.322273 -61.801958 -54.375000


-44.721873 -31.986341 -52.500000 
-44.408221 -30.119954 -54.375000 
-44.100779 -34.160170 -57.500000 
-44.721873 -31.986341 -52.500000


-44.100779 -36.955093 -54.375000 
-44.100779 -34.160170 -57.500000 
-43.479685 -39.128922 -60.000000 
-44.100779 -36.955093 -54.375000


-39.132027 -49.376973 -52.500000 
-41.616403 -46.582050 -57.500000 
-40.063668 -49.376973 -57.500000 
-39.132027 -49.376973 -52.500000


-40.371110 -30.741048 -56.875000 
-39.439469 -29.188313 -53.125000 
-38.507828 -30.430501 -58.125000 
-40.371110 -30.741048 -56.875000


-39.439469 -29.188313 -53.125000 
-36.333999 -29.809407 -54.375000 
-38.507828 -30.430501 -58.125000 
-39.439469 -29.188313 -53.125000


-37.268745 -52.792990 -53.125000 
-38.200386 -51.550802 -53.750000 
-37.268745 -53.724631 -55.625000 
-37.268745 -52.792990 -53.125000


-34.781264 -56.833206 -55.000000 
-31.986341 -60.559770 -56.875000 
-31.675794 -59.935571 -53.743750 
-34.781264 -56.833206 -55.000000


-31.054700 -36.955093 -56.256250 
-30.433606 -43.166033 -55.631250 
-31.986341 -44.408221 -56.256250 
-31.054700 -36.955093 -56.256250


-31.986341 -44.408221 -56.256250 
-30.433606 -43.166033 -55.631250 
-30.123059 -46.892597 -55.631250 
-31.986341 -44.408221 -56.256250


-29.501965 -39.439469 -55.006250 
-30.433606 -43.166033 -55.631250 
-31.054700 -36.955093 -56.256250 
-29.501965 -39.439469 -55.006250


-30.123059 -35.091811 -55.631250 
-29.501965 -39.439469 -55.006250 
-31.054700 -36.955093 -56.256250 
-30.123059 -35.091811 -55.631250


-29.501965 -42.855486 -54.381250 
-30.123059 -46.892597 -55.631250 
-30.433606 -43.166033 -55.631250 
-29.501965 -42.855486 -54.381250


-29.501965 -31.365247 -56.256250 
-30.123059 -35.091811 -55.631250 
-31.365247 -33.849623 -56.881250 
-29.501965 -31.365247 -56.256250


-30.123059 -46.892597 -55.631250 
-30.433606 -49.998067 -56.881250 
-30.433606 -48.134785 -56.256250 
-30.123059 -46.892597 -55.631250


-27.949230 -27.635578 -55.625000 
-26.085948 -27.328136 -55.006250 
-27.949230 -29.812512 -55.631250 
-27.949230 -27.635578 -55.625000


-27.328136 -52.171896 -55.006250 
-24.533213 -55.277366 -54.381250 
-26.707042 -55.587913 -56.256250 
-27.328136 -52.171896 -55.006250


-23.601572 -57.451195 -55.006250 
-26.707042 -55.587913 -56.256250 
-24.533213 -55.277366 -54.381250 
-23.601572 -57.451195 -55.006250


-26.707042 -55.587913 -56.256250 
-23.601572 -57.451195 -55.006250 
-25.775401 -58.072289 -57.506250 
-26.707042 -55.587913 -56.256250


-43.790232 -34.781264 -50.625000 
-44.100779 -34.160170 -57.500000 
-44.100779 -36.955093 -54.375000 
-43.790232 -34.781264 -50.625000


-43.790232 -39.128922 -56.250000 
-44.100779 -36.955093 -54.375000 
-43.479685 -39.128922 -60.000000 
-43.790232 -39.128922 -56.250000


-42.548044 -41.302751 -52.500000 
-43.790232 -39.128922 -56.250000 
-42.548044 -43.787127 -56.250000 
-42.548044 -41.302751 -52.500000


-39.132027 -49.376973 -52.500000 
-40.063668 -49.376973 -57.500000 
-38.200386 -51.550802 -53.750000 
-39.132027 -49.376973 -52.500000


-35.402358 -54.345725 -50.618750 
-37.268745 -53.724631 -55.625000 
-36.958198 -54.966819 -57.500000 
-35.402358 -54.345725 -50.618750


-35.402358 -54.345725 -50.618750 
-36.958198 -54.966819 -57.500000 
-34.781264 -56.833206 -55.000000 
-35.402358 -54.345725 -50.618750


-32.296888 -29.501965 -58.131250 
-31.986341 -28.567219 -53.125000 
-30.433606 -29.191418 -56.881250 
-32.296888 -29.501965 -58.131250


-31.675794 -59.935571 -53.743750 
-31.986341 -60.559770 -56.875000 
-29.501965 -61.801958 -55.000000 
-31.675794 -59.935571 -53.743750


-29.501965 -39.439469 -55.006250 
-29.501965 -42.855486 -54.381250 
-30.433606 -43.166033 -55.631250 
-29.501965 -39.439469 -55.006250


-29.501965 -42.855486 -54.381250 
-29.501965 -45.029315 -55.006250 
-30.123059 -46.892597 -55.631250 
-29.501965 -42.855486 -54.381250


-28.259777 -36.023452 -54.381250 
-29.501965 -39.439469 -55.006250 
-30.123059 -35.091811 -55.631250 
-28.259777 -36.023452 -54.381250


-29.501965 -31.365247 -56.256250 
-27.638683 -33.539076 -54.381250 
-30.123059 -35.091811 -55.631250 
-29.501965 -31.365247 -56.256250


-30.123059 -46.892597 -55.631250 
-27.949230 -49.998067 -55.006250 
-30.433606 -49.998067 -56.881250 
-30.123059 -46.892597 -55.631250


-28.259777 -36.023452 -54.381250 
-28.259777 -37.886734 -54.381250 
-29.501965 -39.439469 -55.006250 
-28.259777 -36.023452 -54.381250


-27.638683 -33.539076 -54.381250 
-28.259777 -36.023452 -54.381250 
-30.123059 -35.091811 -55.631250 
-27.638683 -33.539076 -54.381250


-27.949230 -29.812512 -55.631250 
-27.638683 -33.539076 -54.381250 
-29.501965 -31.365247 -56.256250 
-27.949230 -29.812512 -55.631250


-30.433606 -49.998067 -56.881250 
-27.949230 -49.998067 -55.006250 
-27.328136 -52.171896 -55.006250 
-30.433606 -49.998067 -56.881250


-26.085948 -27.328136 -55.006250 
-25.775401 -30.433606 -54.381250 
-27.949230 -29.812512 -55.631250 
-26.085948 -27.328136 -55.006250


-26.085948 -27.328136 -55.006250 
-23.291025 -29.501965 -53.131250 
-25.775401 -30.433606 -54.381250 
-26.085948 -27.328136 -55.006250


-20.185555 -61.177759 -58.756250 
-20.806649 -59.311372 -55.000000 
-19.253914 -58.072289 -52.506250 
-20.185555 -61.177759 -58.756250


-18.322273 -61.801958 -54.375000 
-18.011726 -61.177759 -56.881250 
-16.148444 -61.798853 -55.631250 
-18.322273 -61.801958 -54.375000


-43.790232 -34.781264 -50.625000 
-44.721873 -31.986341 -52.500000 
-44.100779 -34.160170 -57.500000 
-43.790232 -34.781264 -50.625000


-43.169138 -37.886734 -51.250000 
-43.790232 -39.128922 -56.250000 
-42.548044 -41.302751 -52.500000 
-43.169138 -37.886734 -51.250000


-39.750016 -29.188313 -50.625000 
-40.371110 -30.741048 -56.875000 
-44.408221 -30.119954 -54.375000 
-39.750016 -29.188313 -50.625000


-36.333999 -29.809407 -54.375000 
-31.986341 -28.567219 -53.125000 
-32.296888 -29.501965 -58.131250 
-36.333999 -29.809407 -54.375000


-28.259777 -37.886734 -54.381250 
-29.501965 -42.855486 -54.381250 
-29.501965 -39.439469 -55.006250 
-28.259777 -37.886734 -54.381250


-28.259777 -37.886734 -54.381250 
-27.949230 -41.302751 -53.756250 
-29.501965 -42.855486 -54.381250 
-28.259777 -37.886734 -54.381250


-29.501965 -45.029315 -55.006250 
-27.949230 -49.998067 -55.006250 
-30.123059 -46.892597 -55.631250 
-29.501965 -45.029315 -55.006250


-27.638683 -45.650409 -53.756250 
-27.949230 -49.998067 -55.006250 
-29.501965 -45.029315 -55.006250 
-27.638683 -45.650409 -53.756250


-25.775401 -30.433606 -54.381250 
-27.638683 -33.539076 -54.381250 
-27.949230 -29.812512 -55.631250 
-25.775401 -30.433606 -54.381250


-27.949230 -49.998067 -55.006250 
-24.533213 -55.277366 -54.381250 
-27.328136 -52.171896 -55.006250 
-27.949230 -49.998067 -55.006250


-24.533213 -54.345725 -53.756250 
-24.533213 -55.277366 -54.381250 
-27.949230 -49.998067 -55.006250 
-24.533213 -54.345725 -53.756250


-26.085948 -63.354693 -55.000000 
-22.980478 -62.112505 -56.250000 
-22.359384 -64.286334 -51.250000 
-26.085948 -63.354693 -55.000000


-23.601572 -57.451195 -55.006250 
-20.806649 -59.311372 -55.000000 
-22.359384 -60.867212 -60.006250 
-23.601572 -57.451195 -55.006250


-17.080085 -59.003930 -51.881250 
-16.148444 -61.798853 -55.631250 
-18.011726 -61.177759 -56.881250 
-17.080085 -59.003930 -51.881250


-15.216803 -60.246118 -53.131250 
-12.421880 -61.177759 -53.131250 
-16.148444 -61.798853 -55.631250 
-15.216803 -60.246118 -53.131250


-16.148444 -61.798853 -55.631250 
-12.421880 -61.177759 -53.131250 
-13.353521 -62.423052 -53.750000 
-16.148444 -61.798853 -55.631250


-40.995309 -45.339862 -51.875000 
-42.548044 -43.787127 -56.250000 
-41.616403 -46.582050 -57.500000 
-40.995309 -45.339862 -51.875000


-40.371110 -30.741048 -56.875000 
-39.750016 -29.188313 -50.625000 
-39.439469 -29.188313 -53.125000 
-40.371110 -30.741048 -56.875000


-39.439469 -29.188313 -53.125000 
-35.402358 -27.946125 -51.875000 
-36.333999 -29.809407 -54.375000 
-39.439469 -29.188313 -53.125000


-26.085948 -63.354693 -51.250000 
-29.501965 -61.801958 -55.000000 
-29.191418 -62.112505 -57.500000 
-26.085948 -63.354693 -51.250000


-29.501965 -42.855486 -54.381250 
-27.638683 -45.650409 -53.756250 
-29.501965 -45.029315 -55.006250 
-29.501965 -42.855486 -54.381250


-27.949230 -41.302751 -53.756250 
-27.638683 -45.650409 -53.756250 
-29.501965 -42.855486 -54.381250 
-27.949230 -41.302751 -53.756250


-26.085948 -63.354693 -51.250000 
-29.191418 -62.112505 -57.500000 
-26.085948 -63.354693 -55.000000 
-26.085948 -63.354693 -51.250000


-25.464854 -49.376973 -52.506250 
-27.949230 -49.998067 -55.006250 
-27.638683 -45.650409 -53.756250 
-25.464854 -49.376973 -52.506250


-28.259777 -36.023452 -54.381250 
-27.017589 -38.818375 -53.131250 
-28.259777 -37.886734 -54.381250 
-28.259777 -36.023452 -54.381250


-25.154307 -34.160170 -53.131250 
-28.259777 -36.023452 -54.381250 
-27.638683 -33.539076 -54.381250 
-25.154307 -34.160170 -53.131250


-27.949230 -27.635578 -55.625000 
-26.396495 -26.393390 -51.875000 
-26.085948 -27.328136 -55.006250 
-27.949230 -27.635578 -55.625000


-25.464854 -31.986341 -53.756250 
-25.154307 -34.160170 -53.131250 
-27.638683 -33.539076 -54.381250 
-25.464854 -31.986341 -53.756250


-25.775401 -30.433606 -54.381250 
-25.464854 -31.986341 -53.756250 
-27.638683 -33.539076 -54.381250 
-25.775401 -30.433606 -54.381250


-25.464854 -49.376973 -52.506250 
-24.533213 -54.345725 -53.756250 
-27.949230 -49.998067 -55.006250 
-25.464854 -49.376973 -52.506250


-24.533213 -55.277366 -54.381250 
-22.359384 -55.587913 -52.506250 
-23.601572 -57.451195 -55.006250 
-24.533213 -55.277366 -54.381250


-20.185555 -57.140648 -51.256250 
-20.806649 -59.311372 -55.000000 
-23.601572 -57.451195 -55.006250 
-20.185555 -57.140648 -51.256250


-22.359384 -64.286334 -51.250000 
-22.980478 -62.112505 -56.250000 
-20.806649 -62.109400 -55.006250 
-22.359384 -64.286334 -51.250000


-18.322273 -61.801958 -54.375000 
-19.875008 -64.286334 -50.625000 
-20.806649 -62.109400 -55.006250 
-18.322273 -61.801958 -54.375000


-43.169138 -37.886734 -51.250000 
-44.100779 -36.955093 -54.375000 
-43.790232 -39.128922 -56.250000 
-43.169138 -37.886734 -51.250000


-40.995309 -45.339862 -51.875000 
-41.616403 -46.582050 -57.500000 
-39.132027 -49.376973 -52.500000 
-40.995309 -45.339862 -51.875000


-37.268745 -52.792990 -53.125000 
-37.268745 -53.724631 -55.625000 
-35.402358 -54.345725 -50.618750 
-37.268745 -52.792990 -53.125000


-26.396495 -26.393390 -51.875000 
-27.949230 -27.635578 -55.625000 
-28.259777 -26.707042 -50.631250 
-26.396495 -26.393390 -51.875000


-28.259777 -37.886734 -54.381250 
-27.017589 -38.818375 -53.131250 
-27.949230 -41.302751 -53.756250 
-28.259777 -37.886734 -54.381250


-25.464854 -42.855486 -51.881250 
-27.638683 -45.650409 -53.756250 
-27.949230 -41.302751 -53.756250 
-25.464854 -42.855486 -51.881250


-25.154307 -34.160170 -53.131250 
-27.017589 -38.818375 -53.131250 
-28.259777 -36.023452 -54.381250 
-25.154307 -34.160170 -53.131250


-25.154307 -34.160170 -53.131250 
-26.085948 -36.644546 -53.131250 
-27.017589 -38.818375 -53.131250 
-25.154307 -34.160170 -53.131250


-26.396495 -26.393390 -51.875000 
-23.291025 -29.501965 -53.131250 
-26.085948 -27.328136 -55.006250 
-26.396495 -26.393390 -51.875000


-24.222666 -51.240255 -51.881250 
-24.533213 -54.345725 -53.756250 
-25.464854 -49.376973 -52.506250 
-24.222666 -51.240255 -51.881250


-23.291025 -29.501965 -53.131250 
-25.464854 -31.986341 -53.756250 
-25.775401 -30.433606 -54.381250 
-23.291025 -29.501965 -53.131250


-24.533213 -54.345725 -53.756250 
-22.359384 -55.587913 -52.506250 
-24.533213 -55.277366 -54.381250 
-24.533213 -54.345725 -53.756250


-17.080085 -59.003930 -51.881250 
-18.011726 -61.177759 -56.881250 
-19.253914 -58.072289 -52.506250 
-17.080085 -59.003930 -51.881250


-15.216803 -60.246118 -53.131250 
-16.148444 -61.798853 -55.631250 
-17.080085 -59.003930 -51.881250 
-15.216803 -60.246118 -53.131250


-9.316410 -61.488306 -51.881250 
-13.353521 -62.423052 -53.750000 
-12.421880 -61.177759 -53.131250 
-9.316410 -61.488306 -51.881250


-9.316410 -61.488306 -51.881250 
-10.869145 -62.423052 -52.500000 
-13.353521 -62.423052 -53.750000 
-9.316410 -61.488306 -51.881250


-43.169138 -37.886734 -51.250000 
-43.790232 -34.781264 -50.625000 
-44.100779 -36.955093 -54.375000 
-43.169138 -37.886734 -51.250000


-39.128922 -46.582050 -48.118750 
-40.995309 -45.339862 -51.875000 
-39.132027 -49.376973 -52.500000 
-39.128922 -46.582050 -48.118750


-35.402358 -27.946125 -51.875000 
-31.986341 -28.567219 -53.125000 
-36.333999 -29.809407 -54.375000 
-35.402358 -27.946125 -51.875000


-32.917982 -56.830101 -50.618750 
-35.402358 -54.345725 -50.618750 
-34.781264 -56.833206 -55.000000 
-32.917982 -56.830101 -50.618750


-31.675794 -59.935571 -53.743750 
-32.917982 -56.830101 -50.618750 
-34.781264 -56.833206 -55.000000 
-31.675794 -59.935571 -53.743750


-31.054700 -27.638683 -49.381250 
-28.259777 -26.707042 -50.631250 
-30.433606 -29.191418 -56.881250 
-31.054700 -27.638683 -49.381250


-30.433606 -29.191418 -56.881250 
-28.259777 -26.707042 -50.631250 
-27.949230 -27.635578 -55.625000 
-30.433606 -29.191418 -56.881250


-27.017589 -38.818375 -53.131250 
-25.464854 -42.855486 -51.881250 
-27.949230 -41.302751 -53.756250 
-27.017589 -38.818375 -53.131250


-25.464854 -42.855486 -51.881250 
-25.464854 -46.892597 -51.881250 
-27.638683 -45.650409 -53.756250 
-25.464854 -42.855486 -51.881250


-27.638683 -45.650409 -53.756250 
-25.464854 -46.892597 -51.881250 
-25.464854 -49.376973 -52.506250 
-27.638683 -45.650409 -53.756250


-26.085948 -36.644546 -53.131250 
-24.533213 -38.197281 -51.256250 
-27.017589 -38.818375 -53.131250 
-26.085948 -36.644546 -53.131250


-25.464854 -31.986341 -53.756250 
-22.980478 -31.054700 -52.506250 
-25.154307 -34.160170 -53.131250 
-25.464854 -31.986341 -53.756250


-24.222666 -51.240255 -51.881250 
-22.980478 -53.103537 -51.256250 
-24.533213 -54.345725 -53.756250 
-24.222666 -51.240255 -51.881250


-23.291025 -29.501965 -53.131250 
-22.980478 -31.054700 -52.506250 
-25.464854 -31.986341 -53.756250 
-23.291025 -29.501965 -53.131250


-22.359384 -55.587913 -52.506250 
-20.185555 -57.140648 -51.256250 
-23.601572 -57.451195 -55.006250 
-22.359384 -55.587913 -52.506250


-20.185555 -57.140648 -51.256250 
-19.253914 -58.072289 -52.506250 
-20.806649 -59.311372 -55.000000 
-20.185555 -57.140648 -51.256250


-18.011726 -63.975787 -49.375000 
-19.875008 -64.286334 -50.625000 
-18.322273 -61.801958 -54.375000 
-18.011726 -63.975787 -49.375000


-13.042974 -61.801958 -49.375000 
-16.148444 -61.798853 -55.631250 
-13.353521 -62.423052 -53.750000 
-13.042974 -61.801958 -49.375000


-9.316410 -61.488306 -51.881250 
-8.384769 -62.419947 -51.881250 
-10.869145 -62.423052 -52.500000 
-9.316410 -61.488306 -51.881250


-41.302751 -28.877766 -50.625000 
-39.750016 -29.188313 -50.625000 
-44.408221 -30.119954 -54.375000 
-41.302751 -28.877766 -50.625000


-42.548044 -41.302751 -52.500000 
-42.548044 -43.787127 -56.250000 
-40.995309 -45.339862 -51.875000 
-42.548044 -41.302751 -52.500000


-24.533213 -38.197281 -51.256250 
-25.464854 -42.855486 -51.881250 
-27.017589 -38.818375 -53.131250 
-24.533213 -38.197281 -51.256250


-25.464854 -49.376973 -52.506250 
-23.601572 -49.687520 -50.631250 
-24.222666 -51.240255 -51.881250 
-25.464854 -49.376973 -52.506250


-23.601572 -35.712905 -51.256250 
-26.085948 -36.644546 -53.131250 
-25.154307 -34.160170 -53.131250 
-23.601572 -35.712905 -51.256250


-22.980478 -31.054700 -52.506250 
-23.601572 -35.712905 -51.256250 
-25.154307 -34.160170 -53.131250 
-22.980478 -31.054700 -52.506250


-24.222666 -51.240255 -51.881250 
-23.601572 -49.687520 -50.631250 
-22.980478 -53.103537 -51.256250 
-24.222666 -51.240255 -51.881250


-26.396495 -26.393390 -51.875000 
-23.291025 -28.877766 -50.000000 
-23.291025 -29.501965 -53.131250 
-26.396495 -26.393390 -51.875000


-22.980478 -53.103537 -51.256250 
-22.359384 -55.587913 -52.506250 
-24.533213 -54.345725 -53.756250 
-22.980478 -53.103537 -51.256250


-23.291025 -29.501965 -53.131250 
-21.424638 -31.054700 -51.250000 
-22.980478 -31.054700 -52.506250 
-23.291025 -29.501965 -53.131250


-19.875008 -64.286334 -50.625000 
-22.359384 -64.286334 -51.250000 
-20.806649 -62.109400 -55.006250 
-19.875008 -64.286334 -50.625000


-13.042974 -61.801958 -49.375000 
-18.322273 -61.801958 -54.375000 
-16.148444 -61.798853 -55.631250 
-13.042974 -61.801958 -49.375000


-41.616403 -42.544939 -49.375000 
-42.237497 -39.439469 -48.125000 
-42.548044 -41.302751 -52.500000 
-41.616403 -42.544939 -49.375000


-41.616403 -42.544939 -49.375000 
-42.548044 -41.302751 -52.500000 
-40.995309 -45.339862 -51.875000 
-41.616403 -42.544939 -49.375000


-39.128922 -46.582050 -48.118750 
-39.132027 -49.376973 -52.500000 
-37.886734 -48.755879 -48.118750 
-39.128922 -46.582050 -48.118750


-37.268745 -52.792990 -53.125000 
-39.132027 -49.376973 -52.500000 
-38.200386 -51.550802 -53.750000 
-37.268745 -52.792990 -53.125000


-37.576187 -28.880871 -49.381250 
-35.402358 -27.946125 -51.875000 
-39.439469 -29.188313 -53.125000 
-37.576187 -28.880871 -49.381250


-31.986341 -28.567219 -53.125000 
-31.054700 -27.638683 -49.381250 
-30.433606 -29.191418 -56.881250 
-31.986341 -28.567219 -53.125000


-25.464854 -46.892597 -51.881250 
-23.601572 -49.687520 -50.631250 
-25.464854 -49.376973 -52.506250 
-25.464854 -46.892597 -51.881250


-25.464854 -42.855486 -51.881250 
-24.533213 -38.197281 -51.256250 
-25.464854 -46.892597 -51.881250 
-25.464854 -42.855486 -51.881250


-24.222666 -46.271503 -50.631250 
-23.601572 -49.687520 -50.631250 
-25.464854 -46.892597 -51.881250 
-24.222666 -46.271503 -50.631250


-24.533213 -38.197281 -51.256250 
-24.222666 -46.271503 -50.631250 
-25.464854 -46.892597 -51.881250 
-24.533213 -38.197281 -51.256250


-26.085948 -63.354693 -51.250000 
-26.085948 -63.354693 -55.000000 
-22.359384 -64.286334 -51.250000 
-26.085948 -63.354693 -51.250000


-26.085948 -36.644546 -53.131250 
-23.601572 -35.712905 -51.256250 
-24.533213 -38.197281 -51.256250 
-26.085948 -36.644546 -53.131250


-22.980478 -31.054700 -52.506250 
-22.359384 -34.781264 -50.631250 
-23.601572 -35.712905 -51.256250 
-22.980478 -31.054700 -52.506250


-21.424638 -31.054700 -51.250000 
-22.359384 -34.781264 -50.631250 
-22.980478 -31.054700 -52.506250 
-21.424638 -31.054700 -51.250000


-22.980478 -53.103537 -51.256250 
-21.427743 -52.482443 -49.381250 
-22.359384 -55.587913 -52.506250 
-22.980478 -53.103537 -51.256250


-19.875008 -64.286334 -50.625000 
-20.806649 -64.286334 -48.125000 
-22.359384 -64.286334 -51.250000 
-19.875008 -64.286334 -50.625000


-20.185555 -57.140648 -51.256250 
-17.080085 -59.003930 -51.881250 
-19.253914 -58.072289 -52.506250 
-20.185555 -57.140648 -51.256250


-17.080085 -59.003930 -51.881250 
-15.216803 -59.003930 -50.631250 
-15.216803 -60.246118 -53.131250 
-17.080085 -59.003930 -51.881250


-10.869145 -58.382836 -48.756250 
-9.316410 -61.488306 -51.881250 
-12.421880 -61.177759 -53.131250 
-10.869145 -58.382836 -48.756250


-6.832034 -62.109400 -50.631250 
-8.384769 -62.419947 -51.881250 
-9.316410 -61.488306 -51.881250 
-6.832034 -62.109400 -50.631250


-44.721873 -29.501965 -49.375000 
-44.408221 -30.119954 -54.375000 
-44.721873 -31.986341 -52.500000 
-44.721873 -29.501965 -49.375000


-42.237497 -39.439469 -48.125000 
-43.169138 -37.886734 -51.250000 
-42.548044 -41.302751 -52.500000 
-42.237497 -39.439469 -48.125000


-37.886734 -48.755879 -48.118750 
-39.132027 -49.376973 -52.500000 
-37.268745 -52.792990 -53.125000 
-37.886734 -48.755879 -48.118750


-35.402358 -27.946125 -51.875000 
-35.402358 -26.703937 -49.375000 
-31.986341 -28.567219 -53.125000 
-35.402358 -27.946125 -51.875000


-29.501965 -61.801958 -55.000000 
-32.917982 -56.830101 -50.618750 
-31.675794 -59.935571 -53.743750 
-29.501965 -61.801958 -55.000000


-27.949230 -62.112505 -48.125000 
-29.501965 -61.801958 -55.000000 
-26.085948 -63.354693 -51.250000 
-27.949230 -62.112505 -48.125000


-25.775401 -27.017589 -47.506250 
-23.912119 -27.014484 -46.875000 
-26.396495 -26.393390 -51.875000 
-25.775401 -27.017589 -47.506250


-22.980478 -41.923845 -49.381250 
-24.222666 -46.271503 -50.631250 
-24.533213 -38.197281 -51.256250 
-22.980478 -41.923845 -49.381250


-21.427743 -52.482443 -49.381250 
-19.875008 -55.587913 -50.006250 
-22.359384 -55.587913 -52.506250 
-21.427743 -52.482443 -49.381250


-22.359384 -55.587913 -52.506250 
-19.875008 -55.587913 -50.006250 
-20.185555 -57.140648 -51.256250 
-22.359384 -55.587913 -52.506250


-16.458991 -57.451195 -48.756250 
-17.080085 -59.003930 -51.881250 
-20.185555 -57.140648 -51.256250 
-16.458991 -57.451195 -48.756250


-15.216803 -60.246118 -53.131250 
-10.869145 -58.382836 -48.756250 
-12.421880 -61.177759 -53.131250 
-15.216803 -60.246118 -53.131250


-13.353521 -57.140648 -48.131250 
-10.869145 -58.382836 -48.756250 
-15.216803 -60.246118 -53.131250 
-13.353521 -57.140648 -48.131250


-10.869145 -58.382836 -48.756250 
-8.384769 -59.935571 -49.381250 
-9.316410 -61.488306 -51.881250 
-10.869145 -58.382836 -48.756250


-6.832034 -59.935571 -48.756250 
-6.832034 -62.109400 -50.631250 
-9.316410 -61.488306 -51.881250 
-6.832034 -59.935571 -48.756250


-44.100779 -31.986341 -48.750000 
-44.721873 -29.501965 -49.375000 
-44.721873 -31.986341 -52.500000 
-44.100779 -31.986341 -48.750000


-44.100779 -31.986341 -48.750000 
-44.721873 -31.986341 -52.500000 
-43.790232 -34.781264 -50.625000 
-44.100779 -31.986341 -48.750000


-39.128922 -46.582050 -48.118750 
-41.616403 -42.544939 -49.375000 
-40.995309 -45.339862 -51.875000 
-39.128922 -46.582050 -48.118750


-39.750016 -29.188313 -50.625000 
-37.576187 -28.880871 -49.381250 
-39.439469 -29.188313 -53.125000 
-39.750016 -29.188313 -50.625000


-35.402358 -52.482443 -48.743750 
-37.886734 -48.755879 -48.118750 
-37.268745 -52.792990 -53.125000 
-35.402358 -52.482443 -48.743750


-35.402358 -26.703937 -49.375000 
-35.402358 -27.946125 -51.875000 
-37.576187 -28.880871 -49.381250 
-35.402358 -26.703937 -49.375000


-33.542181 -54.345725 -47.500000 
-35.402358 -54.345725 -50.618750 
-32.917982 -56.830101 -50.618750 
-33.542181 -54.345725 -47.500000


-35.402358 -26.703937 -49.375000 
-31.054700 -27.638683 -49.381250 
-31.986341 -28.567219 -53.125000 
-35.402358 -26.703937 -49.375000


-29.812512 -26.085948 -49.381250 
-28.259777 -26.707042 -50.631250 
-31.054700 -27.638683 -49.381250 
-29.812512 -26.085948 -49.381250


-28.259777 -26.396495 -46.881250 
-26.396495 -26.393390 -51.875000 
-28.259777 -26.707042 -50.631250 
-28.259777 -26.396495 -46.881250


-23.912119 -27.014484 -46.875000 
-23.291025 -28.877766 -50.000000 
-26.396495 -26.393390 -51.875000 
-23.912119 -27.014484 -46.875000


-24.222666 -46.271503 -50.631250 
-22.669931 -48.445332 -49.381250 
-23.601572 -49.687520 -50.631250 
-24.222666 -46.271503 -50.631250


-22.980478 -41.923845 -49.381250 
-22.669931 -44.408221 -48.756250 
-24.222666 -46.271503 -50.631250 
-22.980478 -41.923845 -49.381250


-22.669931 -44.408221 -48.756250 
-22.669931 -48.445332 -49.381250 
-24.222666 -46.271503 -50.631250 
-22.669931 -44.408221 -48.756250


-23.601572 -35.712905 -51.256250 
-22.669931 -38.507828 -49.381250 
-24.533213 -38.197281 -51.256250 
-23.601572 -35.712905 -51.256250


-22.669931 -48.445332 -49.381250 
-22.980478 -53.103537 -51.256250 
-23.601572 -49.687520 -50.631250 
-22.669931 -48.445332 -49.381250


-22.359384 -34.781264 -50.631250 
-22.669931 -38.507828 -49.381250 
-23.601572 -35.712905 -51.256250 
-22.359384 -34.781264 -50.631250


-21.424638 -31.054700 -51.250000 
-20.496102 -34.781264 -48.756250 
-22.359384 -34.781264 -50.631250 
-21.424638 -31.054700 -51.250000


-23.291025 -29.501965 -53.131250 
-20.496102 -31.054700 -50.006250 
-21.424638 -31.054700 -51.250000 
-23.291025 -29.501965 -53.131250


-20.185555 -53.414084 -48.756250 
-19.875008 -55.587913 -50.006250 
-21.427743 -52.482443 -49.381250 
-20.185555 -53.414084 -48.756250


-17.080085 -59.003930 -51.881250 
-16.458991 -57.451195 -48.756250 
-15.216803 -59.003930 -50.631250 
-17.080085 -59.003930 -51.881250


-8.695316 -61.180864 -47.500000 
-10.869145 -62.423052 -52.500000 
-8.384769 -62.419947 -51.881250 
-8.695316 -61.180864 -47.500000


-6.832034 -62.109400 -50.631250 
-8.695316 -61.180864 -47.500000 
-8.384769 -62.419947 -51.881250 
-6.832034 -62.109400 -50.631250


-8.384769 -59.935571 -49.381250 
-6.832034 -59.935571 -48.756250 
-9.316410 -61.488306 -51.881250 
-8.384769 -59.935571 -49.381250


-42.234392 -35.712905 -44.993750 
-43.790232 -34.781264 -50.625000 
-43.169138 -37.886734 -51.250000 
-42.234392 -35.712905 -44.993750


-41.302751 -28.877766 -50.625000 
-44.408221 -30.119954 -54.375000 
-44.721873 -29.501965 -49.375000 
-41.302751 -28.877766 -50.625000


-39.750016 -44.718768 -47.493750 
-41.616403 -42.544939 -49.375000 
-39.128922 -46.582050 -48.118750 
-39.750016 -44.718768 -47.493750


-41.302751 -28.877766 -50.625000 
-38.197281 -27.017589 -49.381250 
-39.750016 -29.188313 -50.625000 
-41.302751 -28.877766 -50.625000


-37.576187 -28.880871 -49.381250 
-39.750016 -29.188313 -50.625000 
-38.197281 -27.017589 -49.381250 
-37.576187 -28.880871 -49.381250


-38.197281 -27.017589 -49.381250 
-35.402358 -26.703937 -49.375000 
-37.576187 -28.880871 -49.381250 
-38.197281 -27.017589 -49.381250


-35.402358 -52.482443 -48.743750 
-37.268745 -52.792990 -53.125000 
-35.402358 -54.345725 -50.618750 
-35.402358 -52.482443 -48.743750


-30.747258 -59.314477 -47.500000 
-32.917982 -56.830101 -50.618750 
-27.949230 -62.112505 -48.125000 
-30.747258 -59.314477 -47.500000


-27.949230 -62.112505 -48.125000 
-32.917982 -56.830101 -50.618750 
-29.501965 -61.801958 -55.000000 
-27.949230 -62.112505 -48.125000


-35.402358 -26.703937 -49.375000 
-29.812512 -26.085948 -49.381250 
-31.054700 -27.638683 -49.381250 
-35.402358 -26.703937 -49.375000


-26.396495 -26.393390 -51.875000 
-28.259777 -26.396495 -46.881250 
-26.396495 -26.082843 -49.375000 
-26.396495 -26.393390 -51.875000


-26.396495 -26.082843 -49.375000 
-25.775401 -27.017589 -47.506250 
-26.396495 -26.393390 -51.875000 
-26.396495 -26.082843 -49.375000


-25.464854 -62.419947 -44.368750 
-26.085948 -63.354693 -51.250000 
-23.601572 -63.665240 -46.250000 
-25.464854 -62.419947 -44.368750


-23.601572 -63.665240 -46.250000 
-26.085948 -63.354693 -51.250000 
-22.359384 -64.286334 -51.250000 
-23.601572 -63.665240 -46.250000


-24.533213 -38.197281 -51.256250 
-22.669931 -38.507828 -49.381250 
-22.980478 -41.923845 -49.381250 
-24.533213 -38.197281 -51.256250


-22.669931 -48.445332 -49.381250 
-21.427743 -52.482443 -49.381250 
-22.980478 -53.103537 -51.256250 
-22.669931 -48.445332 -49.381250


-20.496102 -34.781264 -48.756250 
-22.669931 -38.507828 -49.381250 
-22.359384 -34.781264 -50.631250 
-20.496102 -34.781264 -48.756250


-20.806649 -36.955093 -48.131250 
-22.669931 -38.507828 -49.381250 
-20.496102 -34.781264 -48.756250 
-20.806649 -36.955093 -48.131250


-19.875008 -55.587913 -50.006250 
-18.322273 -54.035178 -47.506250 
-20.185555 -57.140648 -51.256250 
-19.875008 -55.587913 -50.006250


-18.322273 -54.035178 -47.506250 
-16.458991 -57.451195 -48.756250 
-20.185555 -57.140648 -51.256250 
-18.322273 -54.035178 -47.506250


-20.185555 -53.414084 -48.756250 
-18.322273 -54.035178 -47.506250 
-19.875008 -55.587913 -50.006250 
-20.185555 -53.414084 -48.756250


-15.837897 -63.975787 -48.125000 
-18.322273 -61.801958 -54.375000 
-13.042974 -61.801958 -49.375000 
-15.837897 -63.975787 -48.125000


-15.216803 -59.003930 -50.631250 
-13.353521 -57.140648 -48.131250 
-15.216803 -60.246118 -53.131250 
-15.216803 -59.003930 -50.631250


-13.042974 -61.801958 -49.375000 
-13.353521 -62.423052 -53.750000 
-10.869145 -62.423052 -52.500000 
-13.042974 -61.801958 -49.375000


-6.832034 -59.935571 -48.756250 
-4.037111 -62.112505 -49.375000 
-6.832034 -62.109400 -50.631250 
-6.832034 -59.935571 -48.756250


-2.794923 -61.798853 -48.756250 
-4.037111 -62.112505 -49.375000 
-6.832034 -59.935571 -48.756250 
-2.794923 -61.798853 -48.756250


-43.476580 -33.228529 -46.868750 
-44.100779 -31.986341 -48.750000 
-43.790232 -34.781264 -50.625000 
-43.476580 -33.228529 -46.868750


-42.237497 -39.439469 -48.125000 
-42.234392 -35.712905 -44.993750 
-43.169138 -37.886734 -51.250000 
-42.237497 -39.439469 -48.125000


-34.784369 -52.171896 -46.875000 
-35.402358 -52.482443 -48.743750 
-35.402358 -54.345725 -50.618750 
-34.784369 -52.171896 -46.875000


-29.812512 -26.085948 -49.381250 
-28.259777 -26.396495 -46.881250 
-28.259777 -26.707042 -50.631250 
-29.812512 -26.085948 -49.381250


-25.464854 -62.419947 -44.368750 
-27.949230 -62.112505 -48.125000 
-26.085948 -63.354693 -51.250000 
-25.464854 -62.419947 -44.368750


-22.669931 -44.408221 -48.756250 
-21.738290 -46.271503 -48.131250 
-22.669931 -48.445332 -49.381250 
-22.669931 -44.408221 -48.756250


-21.117196 -39.439469 -48.131250 
-22.980478 -41.923845 -49.381250 
-22.669931 -38.507828 -49.381250 
-21.117196 -39.439469 -48.131250


-20.806649 -36.955093 -48.131250 
-21.117196 -39.439469 -48.131250 
-22.669931 -38.507828 -49.381250 
-20.806649 -36.955093 -48.131250


-23.291025 -28.877766 -50.000000 
-22.359384 -28.880871 -46.881250 
-23.291025 -29.501965 -53.131250 
-23.291025 -28.877766 -50.000000


-20.806649 -50.308614 -48.131250 
-21.427743 -52.482443 -49.381250 
-22.669931 -48.445332 -49.381250 
-20.806649 -50.308614 -48.131250


-23.291025 -29.501965 -53.131250 
-22.359384 -28.880871 -46.881250 
-20.496102 -31.054700 -50.006250 
-23.291025 -29.501965 -53.131250


-20.496102 -31.054700 -50.006250 
-20.496102 -34.781264 -48.756250 
-21.424638 -31.054700 -51.250000 
-20.496102 -31.054700 -50.006250


-18.011726 -63.975787 -49.375000 
-20.806649 -64.286334 -48.125000 
-19.875008 -64.286334 -50.625000 
-18.011726 -63.975787 -49.375000


-16.458991 -56.209007 -48.131250 
-16.458991 -57.451195 -48.756250 
-18.322273 -54.035178 -47.506250 
-16.458991 -56.209007 -48.131250


-15.837897 -63.975787 -48.125000 
-18.011726 -63.975787 -49.375000 
-18.322273 -61.801958 -54.375000 
-15.837897 -63.975787 -48.125000


-14.595709 -56.519554 -46.881250 
-15.216803 -59.003930 -50.631250 
-16.458991 -57.451195 -48.756250 
-14.595709 -56.519554 -46.881250


-14.595709 -56.519554 -46.881250 
-13.353521 -57.140648 -48.131250 
-15.216803 -59.003930 -50.631250 
-14.595709 -56.519554 -46.881250


-10.558598 -61.801958 -46.250000 
-13.042974 -61.801958 -49.375000 
-10.869145 -62.423052 -52.500000 
-10.558598 -61.801958 -46.250000


-10.869145 -58.382836 -48.756250 
-6.832034 -59.935571 -48.756250 
-8.384769 -59.935571 -49.381250 
-10.869145 -58.382836 -48.756250


-8.074222 -58.693383 -48.131250 
-6.832034 -59.935571 -48.756250 
-10.869145 -58.382836 -48.756250 
-8.074222 -58.693383 -48.131250


-3.416017 -59.314477 -48.131250 
-2.794923 -61.798853 -48.756250 
-6.832034 -59.935571 -48.756250 
-3.416017 -59.314477 -48.131250


-2.481271 -60.246118 -48.125000 
-2.794923 -61.798853 -48.756250 
-3.416017 -59.314477 -48.131250 
-2.481271 -60.246118 -48.125000


-42.234392 -35.712905 -44.993750 
-43.476580 -33.228529 -46.868750 
-43.790232 -34.781264 -50.625000 
-42.234392 -35.712905 -44.993750


-41.616403 -42.544939 -49.375000 
-40.060563 -41.923845 -46.243750 
-42.237497 -39.439469 -48.125000 
-41.616403 -42.544939 -49.375000


-33.542181 -54.345725 -47.500000 
-34.784369 -52.171896 -46.875000 
-35.402358 -54.345725 -50.618750 
-33.542181 -54.345725 -47.500000


-36.955093 -26.082843 -43.750000 
-32.917982 -25.772296 -46.875000 
-35.402358 -26.703937 -49.375000 
-36.955093 -26.082843 -43.750000


-32.917982 -25.772296 -46.875000 
-29.812512 -26.085948 -49.381250 
-35.402358 -26.703937 -49.375000 
-32.917982 -25.772296 -46.875000


-31.678899 -58.072289 -46.875000 
-32.917982 -56.830101 -50.618750 
-30.747258 -59.314477 -47.500000 
-31.678899 -58.072289 -46.875000


-23.912119 -28.880871 -46.881250 
-22.359384 -28.880871 -46.881250 
-23.291025 -28.877766 -50.000000 
-23.912119 -28.880871 -46.881250


-22.980478 -41.923845 -49.381250 
-21.117196 -39.439469 -48.131250 
-22.669931 -44.408221 -48.756250 
-22.980478 -41.923845 -49.381250


-21.117196 -39.439469 -48.131250 
-21.738290 -46.271503 -48.131250 
-22.669931 -44.408221 -48.756250 
-21.117196 -39.439469 -48.131250


-21.738290 -46.271503 -48.131250 
-20.806649 -50.308614 -48.131250 
-22.669931 -48.445332 -49.381250 
-21.738290 -46.271503 -48.131250


-20.806649 -50.308614 -48.131250 
-20.185555 -53.414084 -48.756250 
-21.427743 -52.482443 -49.381250 
-20.806649 -50.308614 -48.131250


-18.632820 -31.986341 -47.506250 
-20.496102 -34.781264 -48.756250 
-20.496102 -31.054700 -50.006250 
-18.632820 -31.986341 -47.506250


-19.875008 -31.054700 -44.381250 
-18.632820 -31.986341 -47.506250 
-20.496102 -31.054700 -50.006250 
-19.875008 -31.054700 -44.381250


-16.458991 -56.209007 -48.131250 
-14.595709 -56.519554 -46.881250 
-16.458991 -57.451195 -48.756250 
-16.458991 -56.209007 -48.131250


-12.732427 -63.354693 -44.375000 
-15.837897 -63.975787 -48.125000 
-13.042974 -61.801958 -49.375000 
-12.732427 -63.354693 -44.375000


-13.353521 -57.140648 -48.131250 
-9.937504 -56.519554 -46.256250 
-10.869145 -58.382836 -48.756250 
-13.353521 -57.140648 -48.131250


-9.937504 -56.519554 -46.256250 
-8.074222 -58.693383 -48.131250 
-10.869145 -58.382836 -48.756250 
-9.937504 -56.519554 -46.256250


-10.558598 -61.801958 -46.250000 
-10.869145 -62.423052 -52.500000 
-8.695316 -61.180864 -47.500000 
-10.558598 -61.801958 -46.250000


-3.416017 -59.314477 -48.131250 
-6.832034 -59.935571 -48.756250 
-8.074222 -58.693383 -48.131250 
-3.416017 -59.314477 -48.131250


-43.790232 -28.259777 -45.000000 
-44.721873 -29.501965 -49.375000 
-44.100779 -31.986341 -48.750000 
-43.790232 -28.259777 -45.000000


-43.790232 -28.259777 -45.000000 
-41.302751 -28.877766 -50.625000 
-44.721873 -29.501965 -49.375000 
-43.790232 -28.259777 -45.000000


-41.923845 -37.576187 -45.618750 
-42.234392 -35.712905 -44.993750 
-42.237497 -39.439469 -48.125000 
-41.923845 -37.576187 -45.618750


-41.302751 -28.570324 -46.881250 
-38.197281 -27.017589 -49.381250 
-41.302751 -28.877766 -50.625000 
-41.302751 -28.570324 -46.881250


-38.197281 -26.703937 -46.875000 
-38.197281 -27.017589 -49.381250 
-41.302751 -28.570324 -46.881250 
-38.197281 -26.703937 -46.875000


-37.265640 -48.445332 -47.493750 
-39.128922 -46.582050 -48.118750 
-37.886734 -48.755879 -48.118750 
-37.265640 -48.445332 -47.493750


-37.265640 -48.445332 -47.493750 
-37.886734 -48.755879 -48.118750 
-35.402358 -52.482443 -48.743750 
-37.265640 -48.445332 -47.493750


-34.784369 -52.171896 -46.875000 
-37.265640 -48.445332 -47.493750 
-35.402358 -52.482443 -48.743750 
-34.784369 -52.171896 -46.875000


-33.231634 -55.587913 -46.250000 
-33.542181 -54.345725 -47.500000 
-32.917982 -56.830101 -50.618750 
-33.231634 -55.587913 -46.250000


-28.570324 -24.219561 -46.250000 
-26.396495 -26.082843 -49.375000 
-28.259777 -26.396495 -46.881250 
-28.570324 -24.219561 -46.250000


-23.912119 -28.880871 -46.881250 
-23.291025 -28.877766 -50.000000 
-23.912119 -27.014484 -46.875000 
-23.912119 -28.880871 -46.881250


-20.806649 -43.166033 -47.506250 
-19.253914 -47.824238 -46.256250 
-21.738290 -46.271503 -48.131250 
-20.806649 -43.166033 -47.506250


-21.117196 -39.439469 -48.131250 
-20.806649 -43.166033 -47.506250 
-21.738290 -46.271503 -48.131250 
-21.117196 -39.439469 -48.131250


-19.253914 -47.824238 -46.256250 
-20.806649 -50.308614 -48.131250 
-21.738290 -46.271503 -48.131250 
-19.253914 -47.824238 -46.256250


-18.632820 -34.781264 -46.881250 
-20.806649 -36.955093 -48.131250 
-20.496102 -34.781264 -48.756250 
-18.632820 -34.781264 -46.881250


-18.632820 -31.986341 -47.506250 
-18.632820 -34.781264 -46.881250 
-20.496102 -34.781264 -48.756250 
-18.632820 -31.986341 -47.506250


-20.806649 -50.308614 -48.131250 
-18.322273 -54.035178 -47.506250 
-20.185555 -53.414084 -48.756250 
-20.806649 -50.308614 -48.131250


-18.011726 -52.171896 -46.256250 
-18.322273 -54.035178 -47.506250 
-20.806649 -50.308614 -48.131250 
-18.011726 -52.171896 -46.256250


-16.148444 -53.414084 -46.256250 
-16.458991 -56.209007 -48.131250 
-18.322273 -54.035178 -47.506250 
-16.148444 -53.414084 -46.256250


-14.285162 -54.966819 -46.256250 
-14.595709 -56.519554 -46.881250 
-16.458991 -56.209007 -48.131250 
-14.285162 -54.966819 -46.256250


-8.695316 -61.180864 -47.500000 
-6.832034 -62.109400 -50.631250 
-4.037111 -62.112505 -49.375000 
-8.695316 -61.180864 -47.500000


-3.416017 -60.246118 -45.618750 
-4.037111 -62.112505 -49.375000 
-2.794923 -61.798853 -48.756250 
-3.416017 -60.246118 -45.618750


-43.790232 -28.259777 -45.000000 
-44.100779 -31.986341 -48.750000 
-43.476580 -33.228529 -46.868750 
-43.790232 -28.259777 -45.000000


-42.234392 -27.328136 -45.006250 
-41.302751 -28.570324 -46.881250 
-41.302751 -28.877766 -50.625000 
-42.234392 -27.328136 -45.006250


-39.750016 -44.718768 -47.493750 
-39.128922 -46.582050 -48.118750 
-37.265640 -48.445332 -47.493750 
-39.750016 -44.718768 -47.493750


-38.197281 -27.017589 -49.381250 
-38.197281 -26.703937 -46.875000 
-35.402358 -26.703937 -49.375000 
-38.197281 -27.017589 -49.381250


-36.955093 -26.082843 -43.750000 
-35.402358 -26.703937 -49.375000 
-38.197281 -26.703937 -46.875000 
-36.955093 -26.082843 -43.750000


-34.784369 -52.171896 -46.875000 
-33.542181 -54.345725 -47.500000 
-33.231634 -55.587913 -46.250000 
-34.784369 -52.171896 -46.875000


-33.231634 -55.587913 -46.250000 
-32.917982 -56.830101 -50.618750 
-31.678899 -58.072289 -46.875000 
-33.231634 -55.587913 -46.250000


-32.917982 -25.772296 -46.875000 
-30.433606 -25.151202 -46.875000 
-29.812512 -26.085948 -49.381250 
-32.917982 -25.772296 -46.875000


-30.433606 -25.151202 -46.875000 
-28.259777 -26.396495 -46.881250 
-29.812512 -26.085948 -49.381250 
-30.433606 -25.151202 -46.875000


-30.433606 -25.151202 -46.875000 
-28.570324 -24.219561 -46.250000 
-28.259777 -26.396495 -46.881250 
-30.433606 -25.151202 -46.875000


-22.359384 -28.880871 -46.881250 
-23.912119 -28.880871 -46.881250 
-23.912119 -27.014484 -46.875000 
-22.359384 -28.880871 -46.881250


-20.806649 -64.286334 -48.125000 
-23.601572 -63.665240 -46.250000 
-22.359384 -64.286334 -51.250000 
-20.806649 -64.286334 -48.125000


-20.806649 -36.955093 -48.131250 
-20.806649 -43.166033 -47.506250 
-21.117196 -39.439469 -48.131250 
-20.806649 -36.955093 -48.131250


-18.632820 -39.128922 -46.256250 
-20.806649 -43.166033 -47.506250 
-20.806649 -36.955093 -48.131250 
-18.632820 -39.128922 -46.256250


-19.253914 -47.824238 -46.256250 
-18.011726 -50.619161 -46.256250 
-20.806649 -50.308614 -48.131250 
-19.253914 -47.824238 -46.256250


-18.632820 -34.781264 -46.881250 
-18.632820 -39.128922 -46.256250 
-20.806649 -36.955093 -48.131250 
-18.632820 -34.781264 -46.881250


-18.011726 -50.619161 -46.256250 
-18.011726 -52.171896 -46.256250 
-20.806649 -50.308614 -48.131250 
-18.011726 -50.619161 -46.256250


-18.322273 -54.035178 -47.506250 
-18.011726 -52.171896 -46.256250 
-16.148444 -53.414084 -46.256250 
-18.322273 -54.035178 -47.506250


-16.148444 -53.414084 -46.256250 
-14.285162 -54.966819 -46.256250 
-16.458991 -56.209007 -48.131250 
-16.148444 -53.414084 -46.256250


-12.732427 -63.354693 -44.375000 
-13.042974 -61.801958 -49.375000 
-10.558598 -61.801958 -46.250000 
-12.732427 -63.354693 -44.375000


-5.900393 -55.898460 -43.131250 
-3.416017 -59.314477 -48.131250 
-8.074222 -58.693383 -48.131250 
-5.900393 -55.898460 -43.131250


-3.416017 -60.246118 -45.618750 
-8.695316 -61.180864 -47.500000 
-4.037111 -62.112505 -49.375000 
-3.416017 -60.246118 -45.618750


-2.481271 -60.246118 -48.125000 
-3.416017 -60.246118 -45.618750 
-2.794923 -61.798853 -48.756250 
-2.481271 -60.246118 -48.125000


-43.790232 -28.259777 -45.000000 
-42.234392 -27.328136 -45.006250 
-41.302751 -28.877766 -50.625000 
-43.790232 -28.259777 -45.000000


-40.060563 -41.923845 -46.243750 
-41.616403 -42.544939 -49.375000 
-39.750016 -44.718768 -47.493750 
-40.060563 -41.923845 -46.243750


-38.818375 -43.787127 -46.243750 
-40.060563 -41.923845 -46.243750 
-39.750016 -44.718768 -47.493750 
-38.818375 -43.787127 -46.243750


-28.259777 -59.935571 -43.118750 
-31.678899 -58.072289 -46.875000 
-30.747258 -59.314477 -47.500000 
-28.259777 -59.935571 -43.118750


-30.747258 -59.314477 -47.500000 
-27.949230 -62.112505 -48.125000 
-28.259777 -59.935571 -43.118750 
-30.747258 -59.314477 -47.500000


-28.570324 -24.219561 -46.250000 
-26.085948 -25.154307 -44.381250 
-26.396495 -26.082843 -49.375000 
-28.570324 -24.219561 -46.250000


-26.396495 -26.082843 -49.375000 
-26.085948 -25.154307 -44.381250 
-25.775401 -27.017589 -47.506250 
-26.396495 -26.082843 -49.375000


-25.154307 -26.396495 -44.381250 
-23.912119 -27.014484 -46.875000 
-25.775401 -27.017589 -47.506250 
-25.154307 -26.396495 -44.381250


-19.871903 -29.812512 -44.375000 
-22.359384 -28.880871 -46.881250 
-23.912119 -27.014484 -46.875000 
-19.871903 -29.812512 -44.375000


-18.632820 -62.733599 -43.750000 
-23.601572 -63.665240 -46.250000 
-20.806649 -64.286334 -48.125000 
-18.632820 -62.733599 -43.750000


-20.806649 -43.166033 -47.506250 
-18.632820 -39.128922 -46.256250 
-19.253914 -47.824238 -46.256250 
-20.806649 -43.166033 -47.506250


-18.011726 -50.619161 -46.256250 
-16.148444 -53.414084 -46.256250 
-18.011726 -52.171896 -46.256250 
-18.011726 -50.619161 -46.256250


-17.080085 -51.550802 -45.631250 
-16.148444 -53.414084 -46.256250 
-18.011726 -50.619161 -46.256250 
-17.080085 -51.550802 -45.631250


-12.732427 -63.354693 -44.375000 
-14.595709 -63.975787 -45.000000 
-15.837897 -63.975787 -48.125000 
-12.732427 -63.354693 -44.375000


-14.595709 -56.519554 -46.881250 
-12.111333 -55.898460 -45.631250 
-13.353521 -57.140648 -48.131250 
-14.595709 -56.519554 -46.881250


-14.285162 -54.966819 -46.256250 
-12.111333 -55.898460 -45.631250 
-14.595709 -56.519554 -46.881250 
-14.285162 -54.966819 -46.256250


-13.353521 -57.140648 -48.131250 
-12.111333 -55.898460 -45.631250 
-9.937504 -56.519554 -46.256250 
-13.353521 -57.140648 -48.131250


-9.937504 -56.519554 -46.256250 
-8.074222 -56.205902 -45.000000 
-8.074222 -58.693383 -48.131250 
-9.937504 -56.519554 -46.256250


-4.034006 -56.830101 -44.375000 
-3.416017 -60.246118 -45.618750 
-2.481271 -60.246118 -48.125000 
-4.034006 -56.830101 -44.375000


-3.416017 -59.314477 -48.131250 
-4.034006 -56.830101 -44.375000 
-2.481271 -60.246118 -48.125000 
-3.416017 -59.314477 -48.131250


-40.371110 -39.128922 -44.993750 
-42.237497 -39.439469 -48.125000 
-40.060563 -41.923845 -46.243750 
-40.371110 -39.128922 -44.993750


-41.302751 -28.570324 -46.881250 
-40.681657 -27.014484 -43.750000 
-38.197281 -26.703937 -46.875000 
-41.302751 -28.570324 -46.881250


-37.268745 -46.892597 -43.750000 
-38.818375 -43.787127 -46.243750 
-39.750016 -44.718768 -47.493750 
-37.268745 -46.892597 -43.750000


-37.268745 -46.892597 -43.750000 
-39.750016 -44.718768 -47.493750 
-37.265640 -48.445332 -47.493750 
-37.268745 -46.892597 -43.750000


-36.026557 -49.376973 -43.750000 
-37.268745 -46.892597 -43.750000 
-37.265640 -48.445332 -47.493750 
-36.026557 -49.376973 -43.750000


-35.094916 -51.550802 -44.375000 
-34.784369 -52.171896 -46.875000 
-33.231634 -55.587913 -46.250000 
-35.094916 -51.550802 -44.375000


-26.707042 -61.488306 -43.743750 
-28.259777 -59.935571 -43.118750 
-27.949230 -62.112505 -48.125000 
-26.707042 -61.488306 -43.743750


-26.707042 -61.488306 -43.743750 
-27.949230 -62.112505 -48.125000 
-25.464854 -62.419947 -44.368750 
-26.707042 -61.488306 -43.743750


-22.359384 -28.880871 -46.881250 
-19.871903 -29.812512 -44.375000 
-20.496102 -31.054700 -50.006250 
-22.359384 -28.880871 -46.881250


-17.080085 -40.681657 -45.006250 
-17.701179 -48.134785 -45.006250 
-19.253914 -47.824238 -46.256250 
-17.080085 -40.681657 -45.006250


-18.632820 -39.128922 -46.256250 
-17.080085 -40.681657 -45.006250 
-19.253914 -47.824238 -46.256250 
-18.632820 -39.128922 -46.256250


-16.458991 -37.886734 -45.006250 
-17.080085 -40.681657 -45.006250 
-18.632820 -39.128922 -46.256250 
-16.458991 -37.886734 -45.006250


-19.253914 -47.824238 -46.256250 
-17.701179 -48.134785 -45.006250 
-18.011726 -50.619161 -46.256250 
-19.253914 -47.824238 -46.256250


-18.632820 -34.781264 -46.881250 
-16.458991 -37.886734 -45.006250 
-18.632820 -39.128922 -46.256250 
-18.632820 -34.781264 -46.881250


-18.632820 -62.733599 -43.750000 
-20.806649 -64.286334 -48.125000 
-18.011726 -63.975787 -49.375000 
-18.632820 -62.733599 -43.750000


-16.458991 -36.023452 -45.006250 
-16.458991 -37.886734 -45.006250 
-18.632820 -34.781264 -46.881250 
-16.458991 -36.023452 -45.006250


-18.632820 -62.733599 -43.750000 
-18.011726 -63.975787 -49.375000 
-14.595709 -63.975787 -45.000000 
-18.632820 -62.733599 -43.750000


-15.216803 -34.160170 -44.381250 
-16.458991 -36.023452 -45.006250 
-18.632820 -34.781264 -46.881250 
-15.216803 -34.160170 -44.381250


-18.632820 -31.986341 -47.506250 
-15.216803 -34.160170 -44.381250 
-18.632820 -34.781264 -46.881250 
-18.632820 -31.986341 -47.506250


-14.595709 -63.975787 -45.000000 
-18.011726 -63.975787 -49.375000 
-15.837897 -63.975787 -48.125000 
-14.595709 -63.975787 -45.000000


-9.626957 -61.801958 -41.875000 
-10.558598 -61.801958 -46.250000 
-8.695316 -61.180864 -47.500000 
-9.626957 -61.801958 -41.875000


-4.034006 -56.830101 -44.375000 
-3.416017 -59.314477 -48.131250 
-5.900393 -55.898460 -43.131250 
-4.034006 -56.830101 -44.375000


-42.234392 -31.054700 -43.118750 
-43.790232 -28.259777 -45.000000 
-43.476580 -33.228529 -46.868750 
-42.234392 -31.054700 -43.118750


-42.234392 -31.054700 -43.118750 
-43.476580 -33.228529 -46.868750 
-41.302751 -34.781264 -43.743750 
-42.234392 -31.054700 -43.118750


-41.923845 -37.576187 -45.618750 
-42.237497 -39.439469 -48.125000 
-40.371110 -39.128922 -44.993750 
-41.923845 -37.576187 -45.618750


-40.681657 -27.014484 -43.750000 
-41.302751 -28.570324 -46.881250 
-42.234392 -27.328136 -45.006250 
-40.681657 -27.014484 -43.750000


-39.132027 -40.060563 -42.500000 
-40.060563 -41.923845 -46.243750 
-38.510933 -42.234392 -43.750000 
-39.132027 -40.060563 -42.500000


-38.510933 -42.234392 -43.750000 
-40.060563 -41.923845 -46.243750 
-38.818375 -43.787127 -46.243750 
-38.510933 -42.234392 -43.750000


-36.026557 -49.376973 -43.750000 
-37.265640 -48.445332 -47.493750 
-34.784369 -52.171896 -46.875000 
-36.026557 -49.376973 -43.750000


-34.160170 -25.151202 -41.250000 
-30.433606 -25.151202 -46.875000 
-32.917982 -25.772296 -46.875000 
-34.160170 -25.151202 -41.250000


-28.259777 -23.912119 -44.381250 
-26.085948 -25.154307 -44.381250 
-28.570324 -24.219561 -46.250000 
-28.259777 -23.912119 -44.381250


-26.085948 -25.154307 -44.381250 
-25.154307 -26.396495 -44.381250 
-25.775401 -27.017589 -47.506250 
-26.085948 -25.154307 -44.381250


-25.154307 -26.396495 -44.381250 
-19.871903 -29.812512 -44.375000 
-23.912119 -27.014484 -46.875000 
-25.154307 -26.396495 -44.381250


-19.871903 -29.812512 -44.375000 
-19.875008 -31.054700 -44.381250 
-20.496102 -31.054700 -50.006250 
-19.871903 -29.812512 -44.375000


-19.875008 -31.054700 -44.381250 
-18.632820 -31.365247 -42.506250 
-18.632820 -31.986341 -47.506250 
-19.875008 -31.054700 -44.381250


-17.701179 -48.134785 -45.006250 
-17.390632 -49.998067 -44.381250 
-18.011726 -50.619161 -46.256250 
-17.701179 -48.134785 -45.006250


-17.080085 -40.681657 -45.006250 
-17.076980 -44.408221 -45.000000 
-17.701179 -48.134785 -45.006250 
-17.080085 -40.681657 -45.006250


-18.011726 -50.619161 -46.256250 
-17.390632 -49.998067 -44.381250 
-17.080085 -51.550802 -45.631250 
-18.011726 -50.619161 -46.256250


-14.595709 -52.171896 -43.756250 
-14.285162 -54.966819 -46.256250 
-16.148444 -53.414084 -46.256250 
-14.595709 -52.171896 -43.756250


-13.042974 -54.035178 -44.381250 
-12.111333 -55.898460 -45.631250 
-14.285162 -54.966819 -46.256250 
-13.042974 -54.035178 -44.381250


-12.111333 -55.898460 -45.631250 
-9.626957 -54.966819 -43.756250 
-9.937504 -56.519554 -46.256250 
-12.111333 -55.898460 -45.631250


-8.074222 -56.205902 -45.000000 
-5.900393 -55.898460 -43.131250 
-8.074222 -58.693383 -48.131250 
-8.074222 -56.205902 -45.000000


-41.923845 -29.812512 -41.868750 
-43.790232 -28.259777 -45.000000 
-42.234392 -31.054700 -43.118750 
-41.923845 -29.812512 -41.868750


-42.234392 -35.712905 -44.993750 
-41.302751 -34.781264 -43.743750 
-43.476580 -33.228529 -46.868750 
-42.234392 -35.712905 -44.993750


-40.371110 -39.128922 -44.993750 
-42.234392 -35.712905 -44.993750 
-41.923845 -37.576187 -45.618750 
-40.371110 -39.128922 -44.993750


-39.132027 -40.060563 -42.500000 
-40.371110 -39.128922 -44.993750 
-40.060563 -41.923845 -46.243750 
-39.132027 -40.060563 -42.500000


-26.085948 -22.980478 -43.131250 
-26.085948 -25.154307 -44.381250 
-28.259777 -23.912119 -44.381250 
-26.085948 -22.980478 -43.131250


-23.291025 -24.843760 -42.506250 
-25.154307 -26.396495 -44.381250 
-26.085948 -25.154307 -44.381250 
-23.291025 -24.843760 -42.506250


-23.291025 -24.843760 -42.506250 
-22.359384 -26.396495 -44.381250 
-25.154307 -26.396495 -44.381250 
-23.291025 -24.843760 -42.506250


-22.359384 -26.396495 -44.381250 
-19.871903 -29.812512 -44.375000 
-25.154307 -26.396495 -44.381250 
-22.359384 -26.396495 -44.381250


-16.458991 -47.513691 -43.131250 
-17.701179 -48.134785 -45.006250 
-17.076980 -44.408221 -45.000000 
-16.458991 -47.513691 -43.131250


-17.080085 -39.750016 -43.131250 
-17.080085 -40.681657 -45.006250 
-16.458991 -37.886734 -45.006250 
-17.080085 -39.750016 -43.131250


-17.080085 -51.550802 -45.631250 
-17.390632 -49.998067 -44.381250 
-16.148444 -53.414084 -46.256250 
-17.080085 -51.550802 -45.631250


-17.390632 -49.998067 -44.381250 
-14.595709 -52.171896 -43.756250 
-16.148444 -53.414084 -46.256250 
-17.390632 -49.998067 -44.381250


-14.595709 -52.171896 -43.756250 
-13.042974 -54.035178 -44.381250 
-14.285162 -54.966819 -46.256250 
-14.595709 -52.171896 -43.756250


-5.589846 -60.559770 -41.250000 
-8.695316 -61.180864 -47.500000 
-3.416017 -60.246118 -45.618750 
-5.589846 -60.559770 -41.250000


-41.302751 -34.781264 -43.743750 
-42.234392 -35.712905 -44.993750 
-40.063668 -35.712905 -41.875000 
-41.302751 -34.781264 -43.743750


-39.753121 -37.886734 -42.500000 
-42.234392 -35.712905 -44.993750 
-40.371110 -39.128922 -44.993750 
-39.753121 -37.886734 -42.500000


-38.200386 -44.408221 -43.125000 
-38.510933 -42.234392 -43.750000 
-38.818375 -43.787127 -46.243750 
-38.200386 -44.408221 -43.125000


-38.200386 -44.408221 -43.125000 
-38.818375 -43.787127 -46.243750 
-37.268745 -46.892597 -43.750000 
-38.200386 -44.408221 -43.125000


-36.026557 -49.376973 -43.750000 
-34.784369 -52.171896 -46.875000 
-35.094916 -51.550802 -44.375000 
-36.026557 -49.376973 -43.750000


-32.921087 -53.103537 -40.625000 
-35.094916 -51.550802 -44.375000 
-33.231634 -55.587913 -46.250000 
-32.921087 -53.103537 -40.625000


-34.160170 -25.151202 -41.250000 
-32.917982 -25.772296 -46.875000 
-36.955093 -26.082843 -43.750000 
-34.160170 -25.151202 -41.250000


-30.126164 -57.451195 -41.875000 
-31.678899 -58.072289 -46.875000 
-28.259777 -59.935571 -43.118750 
-30.126164 -57.451195 -41.875000


-25.464854 -62.419947 -44.368750 
-23.601572 -63.665240 -46.250000 
-23.912119 -61.801958 -41.250000 
-25.464854 -62.419947 -44.368750


-18.632820 -62.733599 -43.750000 
-23.912119 -61.801958 -41.250000 
-23.601572 -63.665240 -46.250000 
-18.632820 -62.733599 -43.750000


-16.458991 -47.513691 -43.131250 
-17.390632 -49.998067 -44.381250 
-17.701179 -48.134785 -45.006250 
-16.458991 -47.513691 -43.131250


-15.837897 -45.339862 -42.506250 
-16.458991 -47.513691 -43.131250 
-17.076980 -44.408221 -45.000000 
-15.837897 -45.339862 -42.506250


-17.080085 -40.681657 -45.006250 
-17.080085 -39.750016 -43.131250 
-17.076980 -44.408221 -45.000000 
-17.080085 -40.681657 -45.006250


-18.632820 -31.365247 -42.506250 
-17.076980 -31.986341 -42.500000 
-18.632820 -31.986341 -47.506250 
-18.632820 -31.365247 -42.506250


-14.595709 -63.975787 -45.000000 
-15.837897 -62.112505 -41.250000 
-18.632820 -62.733599 -43.750000 
-14.595709 -63.975787 -45.000000


-17.076980 -31.986341 -42.500000 
-15.216803 -34.160170 -44.381250 
-18.632820 -31.986341 -47.506250 
-17.076980 -31.986341 -42.500000


-16.458991 -36.023452 -45.006250 
-15.216803 -37.576187 -42.506250 
-16.458991 -37.886734 -45.006250 
-16.458991 -36.023452 -45.006250


-13.042974 -54.035178 -44.381250 
-9.626957 -54.966819 -43.756250 
-12.111333 -55.898460 -45.631250 
-13.042974 -54.035178 -44.381250


-9.937504 -56.519554 -46.256250 
-9.626957 -54.966819 -43.756250 
-8.074222 -56.205902 -45.000000 
-9.937504 -56.519554 -46.256250


-8.074222 -56.205902 -45.000000 
-6.521487 -55.277366 -42.506250 
-5.900393 -55.898460 -43.131250 
-8.074222 -56.205902 -45.000000


-4.034006 -56.830101 -44.375000 
-5.589846 -60.559770 -41.250000 
-3.416017 -60.246118 -45.618750 
-4.034006 -56.830101 -44.375000


-42.234392 -27.328136 -45.006250 
-42.237497 -26.396495 -41.250000 
-40.681657 -27.014484 -43.750000 
-42.234392 -27.328136 -45.006250


-39.753121 -37.886734 -42.500000 
-40.371110 -39.128922 -44.993750 
-39.132027 -40.060563 -42.500000 
-39.753121 -37.886734 -42.500000


-36.955093 -26.082843 -43.750000 
-38.197281 -26.703937 -46.875000 
-40.681657 -27.014484 -43.750000 
-36.955093 -26.082843 -43.750000


-37.268745 -46.892597 -43.750000 
-36.026557 -49.376973 -43.750000 
-35.716010 -48.445332 -40.000000 
-37.268745 -46.892597 -43.750000


-33.231634 -55.587913 -46.250000 
-31.678899 -58.072289 -46.875000 
-30.126164 -57.451195 -41.875000 
-33.231634 -55.587913 -46.250000


-26.085948 -22.980478 -43.131250 
-25.154307 -23.598467 -41.250000 
-26.085948 -25.154307 -44.381250 
-26.085948 -22.980478 -43.131250


-22.359384 -26.396495 -44.381250 
-19.875008 -28.877766 -42.500000 
-19.871903 -29.812512 -44.375000 
-22.359384 -26.396495 -44.381250


-19.875008 -28.877766 -42.500000 
-18.632820 -31.365247 -42.506250 
-19.871903 -29.812512 -44.375000 
-19.875008 -28.877766 -42.500000


-19.871903 -29.812512 -44.375000 
-18.632820 -31.365247 -42.506250 
-19.875008 -31.054700 -44.381250 
-19.871903 -29.812512 -44.375000


-17.080085 -39.750016 -43.131250 
-15.837897 -45.339862 -42.506250 
-17.076980 -44.408221 -45.000000 
-17.080085 -39.750016 -43.131250


-16.458991 -37.886734 -45.006250 
-15.216803 -37.576187 -42.506250 
-17.080085 -39.750016 -43.131250 
-16.458991 -37.886734 -45.006250


-16.458991 -47.513691 -43.131250 
-13.664068 -50.308614 -41.881250 
-17.390632 -49.998067 -44.381250 
-16.458991 -47.513691 -43.131250


-16.148444 -33.849623 -41.256250 
-14.903151 -35.091811 -42.500000 
-15.216803 -34.160170 -44.381250 
-16.148444 -33.849623 -41.256250


-13.664068 -50.308614 -41.881250 
-14.595709 -52.171896 -43.756250 
-17.390632 -49.998067 -44.381250 
-13.664068 -50.308614 -41.881250


-14.903151 -35.091811 -42.500000 
-15.216803 -37.576187 -42.506250 
-16.458991 -36.023452 -45.006250 
-14.903151 -35.091811 -42.500000


-15.216803 -34.160170 -44.381250 
-14.903151 -35.091811 -42.500000 
-16.458991 -36.023452 -45.006250 
-15.216803 -34.160170 -44.381250


-15.837897 -62.112505 -41.250000 
-14.595709 -63.975787 -45.000000 
-12.732427 -63.354693 -44.375000 
-15.837897 -62.112505 -41.250000


-13.664068 -50.308614 -41.881250 
-12.111333 -52.482443 -42.506250 
-14.595709 -52.171896 -43.756250 
-13.664068 -50.308614 -41.881250


-14.595709 -52.171896 -43.756250 
-12.111333 -52.482443 -42.506250 
-13.042974 -54.035178 -44.381250 
-14.595709 -52.171896 -43.756250


-12.111333 -52.482443 -42.506250 
-9.626957 -54.966819 -43.756250 
-13.042974 -54.035178 -44.381250 
-12.111333 -52.482443 -42.506250


-9.626957 -54.966819 -43.756250 
-6.521487 -55.277366 -42.506250 
-8.074222 -56.205902 -45.000000 
-9.626957 -54.966819 -43.756250


-5.900393 -55.898460 -43.131250 
-5.589846 -60.559770 -41.250000 
-4.034006 -56.830101 -44.375000 
-5.900393 -55.898460 -43.131250


-40.063668 -35.712905 -41.875000 
-42.234392 -35.712905 -44.993750 
-39.753121 -37.886734 -42.500000 
-40.063668 -35.712905 -41.875000


-30.744153 -23.912119 -40.631250 
-28.570324 -24.219561 -46.250000 
-30.433606 -25.151202 -46.875000 
-30.744153 -23.912119 -40.631250


-28.259777 -23.912119 -44.381250 
-28.570324 -24.219561 -46.250000 
-30.744153 -23.912119 -40.631250 
-28.259777 -23.912119 -44.381250


-26.707042 -61.488306 -43.743750 
-25.464854 -62.419947 -44.368750 
-23.912119 -61.801958 -41.250000 
-26.707042 -61.488306 -43.743750


-25.154307 -23.598467 -41.250000 
-23.291025 -24.843760 -42.506250 
-26.085948 -25.154307 -44.381250 
-25.154307 -23.598467 -41.250000


-19.875008 -28.877766 -42.500000 
-17.076980 -31.986341 -42.500000 
-18.632820 -31.365247 -42.506250 
-19.875008 -28.877766 -42.500000


-13.974615 -62.423052 -40.625000 
-15.837897 -62.112505 -41.250000 
-12.732427 -63.354693 -44.375000 
-13.974615 -62.423052 -40.625000


-13.974615 -62.423052 -40.625000 
-12.732427 -63.354693 -44.375000 
-10.558598 -61.801958 -46.250000 
-13.974615 -62.423052 -40.625000


-12.111333 -52.482443 -42.506250 
-8.695316 -52.792990 -41.881250 
-9.626957 -54.966819 -43.756250 
-12.111333 -52.482443 -42.506250


-6.521487 -55.277366 -42.506250 
-9.626957 -54.966819 -43.756250 
-8.695316 -52.792990 -41.881250 
-6.521487 -55.277366 -42.506250


-4.968752 -53.724631 -41.256250 
-5.900393 -55.898460 -43.131250 
-6.521487 -55.277366 -42.506250 
-4.968752 -53.724631 -41.256250


-42.237497 -26.396495 -41.250000 
-43.790232 -28.259777 -45.000000 
-41.923845 -29.812512 -41.868750 
-42.237497 -26.396495 -41.250000


-43.790232 -28.259777 -45.000000 
-42.237497 -26.396495 -41.250000 
-42.234392 -27.328136 -45.006250 
-43.790232 -28.259777 -45.000000


-40.374215 -33.849623 -40.625000 
-42.234392 -31.054700 -43.118750 
-41.302751 -34.781264 -43.743750 
-40.374215 -33.849623 -40.625000


-40.374215 -33.849623 -40.625000 
-41.302751 -34.781264 -43.743750 
-40.063668 -35.712905 -41.875000 
-40.374215 -33.849623 -40.625000


-40.681657 -27.014484 -43.750000 
-37.265640 -25.464854 -40.631250 
-36.955093 -26.082843 -43.750000 
-40.681657 -27.014484 -43.750000


-36.337104 -46.271503 -37.500000 
-38.200386 -44.408221 -43.125000 
-37.268745 -46.892597 -43.750000 
-36.337104 -46.271503 -37.500000


-34.784369 -50.308614 -40.000000 
-35.716010 -48.445332 -40.000000 
-36.026557 -49.376973 -43.750000 
-34.784369 -50.308614 -40.000000


-34.784369 -50.308614 -40.000000 
-36.026557 -49.376973 -43.750000 
-35.094916 -51.550802 -44.375000 
-34.784369 -50.308614 -40.000000


-28.570324 -22.048837 -40.631250 
-26.085948 -20.806649 -38.131250 
-26.085948 -22.980478 -43.131250 
-28.570324 -22.048837 -40.631250


-15.837897 -62.112505 -41.250000 
-23.912119 -61.801958 -41.250000 
-18.632820 -62.733599 -43.750000 
-15.837897 -62.112505 -41.250000


-16.148444 -33.849623 -41.256250 
-15.216803 -34.160170 -44.381250 
-17.076980 -31.986341 -42.500000 
-16.148444 -33.849623 -41.256250


-15.837897 -45.339862 -42.506250 
-13.664068 -50.308614 -41.881250 
-16.458991 -47.513691 -43.131250 
-15.837897 -45.339862 -42.506250


-17.080085 -39.750016 -43.131250 
-14.906256 -42.544939 -41.881250 
-15.837897 -45.339862 -42.506250 
-17.080085 -39.750016 -43.131250


-15.216803 -37.576187 -42.506250 
-14.906256 -42.544939 -41.881250 
-17.080085 -39.750016 -43.131250 
-15.216803 -37.576187 -42.506250


-15.837897 -45.339862 -42.506250 
-13.664068 -47.203144 -41.256250 
-13.664068 -50.308614 -41.881250 
-15.837897 -45.339862 -42.506250


-11.179692 -50.929708 -41.881250 
-12.111333 -52.482443 -42.506250 
-13.664068 -50.308614 -41.881250 
-11.179692 -50.929708 -41.881250


-9.626957 -61.801958 -41.875000 
-11.490239 -61.801958 -38.750000 
-10.558598 -61.801958 -46.250000 
-9.626957 -61.801958 -41.875000


-11.179692 -50.929708 -41.881250 
-8.695316 -52.792990 -41.881250 
-12.111333 -52.482443 -42.506250 
-11.179692 -50.929708 -41.881250


-4.968752 -53.724631 -41.256250 
-6.521487 -55.277366 -42.506250 
-8.695316 -52.792990 -41.881250 
-4.968752 -53.724631 -41.256250


-5.900393 -55.898460 -43.131250 
-4.968752 -53.724631 -41.256250 
-5.589846 -60.559770 -41.250000 
-5.900393 -55.898460 -43.131250


-40.995309 -28.570324 -39.375000 
-41.923845 -29.812512 -41.868750 
-42.234392 -31.054700 -43.118750 
-40.995309 -28.570324 -39.375000


-40.995309 -28.570324 -39.375000 
-42.234392 -31.054700 -43.118750 
-40.374215 -33.849623 -40.625000 
-40.995309 -28.570324 -39.375000


-42.237497 -26.396495 -41.250000 
-41.613298 -24.843760 -39.381250 
-40.681657 -27.014484 -43.750000 
-42.237497 -26.396495 -41.250000


-41.613298 -24.843760 -39.381250 
-37.265640 -25.464854 -40.631250 
-40.681657 -27.014484 -43.750000 
-41.613298 -24.843760 -39.381250


-37.268745 -44.718768 -38.125000 
-38.510933 -42.234392 -43.750000 
-38.200386 -44.408221 -43.125000 
-37.268745 -44.718768 -38.125000


-36.337104 -46.271503 -37.500000 
-37.268745 -46.892597 -43.750000 
-35.716010 -48.445332 -40.000000 
-36.337104 -46.271503 -37.500000


-37.265640 -25.464854 -40.631250 
-34.160170 -25.151202 -41.250000 
-36.955093 -26.082843 -43.750000 
-37.265640 -25.464854 -40.631250


-30.744153 -23.912119 -40.631250 
-30.433606 -25.151202 -46.875000 
-34.160170 -25.151202 -41.250000 
-30.744153 -23.912119 -40.631250


-30.744153 -23.912119 -40.631250 
-26.085948 -22.980478 -43.131250 
-28.259777 -23.912119 -44.381250 
-30.744153 -23.912119 -40.631250


-26.707042 -61.488306 -43.743750 
-30.126164 -57.451195 -41.875000 
-28.259777 -59.935571 -43.118750 
-26.707042 -61.488306 -43.743750


-27.328136 -58.693383 -38.118750 
-30.126164 -57.451195 -41.875000 
-26.707042 -61.488306 -43.743750 
-27.328136 -58.693383 -38.118750


-23.912119 -61.801958 -41.250000 
-27.328136 -58.693383 -38.118750 
-26.707042 -61.488306 -43.743750 
-23.912119 -61.801958 -41.250000


-25.154307 -23.598467 -41.250000 
-23.909014 -22.980478 -40.000000 
-23.291025 -24.843760 -42.506250 
-25.154307 -23.598467 -41.250000


-14.906256 -42.544939 -41.881250 
-13.664068 -47.203144 -41.256250 
-15.837897 -45.339862 -42.506250 
-14.906256 -42.544939 -41.881250


-15.216803 -37.576187 -42.506250 
-13.353521 -38.818375 -40.631250 
-14.906256 -42.544939 -41.881250 
-15.216803 -37.576187 -42.506250


-14.903151 -35.091811 -42.500000 
-13.353521 -38.818375 -40.631250 
-15.216803 -37.576187 -42.506250 
-14.903151 -35.091811 -42.500000


-11.490239 -61.801958 -38.750000 
-13.974615 -62.423052 -40.625000 
-10.558598 -61.801958 -46.250000 
-11.490239 -61.801958 -38.750000


-13.664068 -47.203144 -41.256250 
-11.179692 -50.929708 -41.881250 
-13.664068 -50.308614 -41.881250 
-13.664068 -47.203144 -41.256250


-11.490239 -49.066426 -40.631250 
-11.179692 -50.929708 -41.881250 
-13.664068 -47.203144 -41.256250 
-11.490239 -49.066426 -40.631250


-8.695316 -50.929708 -40.631250 
-8.695316 -52.792990 -41.881250 
-11.179692 -50.929708 -41.881250 
-8.695316 -50.929708 -40.631250


-8.695316 -50.929708 -40.631250 
-4.968752 -53.724631 -41.256250 
-8.695316 -52.792990 -41.881250 
-8.695316 -50.929708 -40.631250


-4.968752 -53.724631 -41.256250 
-7.763675 -57.140648 -36.243750 
-5.589846 -60.559770 -41.250000 
-4.968752 -53.724631 -41.256250


-40.060563 -24.530108 -39.375000 
-37.265640 -25.464854 -40.631250 
-41.613298 -24.843760 -39.381250 
-40.060563 -24.530108 -39.375000


-37.268745 -44.718768 -38.125000 
-38.200386 -44.408221 -43.125000 
-36.337104 -46.271503 -37.500000 
-37.268745 -44.718768 -38.125000


-34.784369 -50.308614 -40.000000 
-35.094916 -51.550802 -44.375000 
-32.921087 -53.103537 -40.625000 
-34.784369 -50.308614 -40.000000


-30.744153 -23.912119 -40.631250 
-28.570324 -22.048837 -40.631250 
-26.085948 -22.980478 -43.131250 
-30.744153 -23.912119 -40.631250


-21.117196 -27.946125 -38.125000 
-19.875008 -28.877766 -42.500000 
-22.359384 -26.396495 -44.381250 
-21.117196 -27.946125 -38.125000


-19.564461 -61.801958 -39.375000 
-23.912119 -61.801958 -41.250000 
-15.837897 -62.112505 -41.250000 
-19.564461 -61.801958 -39.375000


-17.080085 -30.741048 -40.000000 
-17.076980 -31.986341 -42.500000 
-19.875008 -28.877766 -42.500000 
-17.080085 -30.741048 -40.000000


-16.769538 -61.491411 -39.375000 
-19.564461 -61.801958 -39.375000 
-15.837897 -62.112505 -41.250000 
-16.769538 -61.491411 -39.375000


-13.353521 -38.818375 -40.631250 
-13.664068 -47.203144 -41.256250 
-14.906256 -42.544939 -41.881250 
-13.353521 -38.818375 -40.631250


-13.353521 -38.818375 -40.631250 
-12.421880 -46.271503 -40.006250 
-13.664068 -47.203144 -41.256250 
-13.353521 -38.818375 -40.631250


-13.664068 -47.203144 -41.256250 
-12.421880 -46.271503 -40.006250 
-11.490239 -49.066426 -40.631250 
-13.664068 -47.203144 -41.256250


-11.490239 -49.066426 -40.631250 
-8.695316 -50.929708 -40.631250 
-11.179692 -50.929708 -41.881250 
-11.490239 -49.066426 -40.631250


-5.900393 -50.929708 -40.006250 
-4.968752 -53.724631 -41.256250 
-8.695316 -50.929708 -40.631250 
-5.900393 -50.929708 -40.006250


-40.995309 -28.570324 -39.375000 
-42.237497 -26.396495 -41.250000 
-41.923845 -29.812512 -41.868750 
-40.995309 -28.570324 -39.375000


-38.510933 -42.234392 -38.750000 
-38.510933 -42.234392 -43.750000 
-37.268745 -44.718768 -38.125000 
-38.510933 -42.234392 -38.750000


-32.921087 -53.103537 -40.625000 
-33.231634 -55.587913 -46.250000 
-30.126164 -57.451195 -41.875000 
-32.921087 -53.103537 -40.625000


-29.188313 -21.117196 -39.375000 
-28.570324 -22.048837 -40.631250 
-30.744153 -23.912119 -40.631250 
-29.188313 -21.117196 -39.375000


-22.980478 -61.491411 -39.375000 
-23.912119 -61.801958 -41.250000 
-19.564461 -61.801958 -39.375000 
-22.980478 -61.491411 -39.375000


-17.076980 -31.986341 -42.500000 
-15.213698 -33.539076 -37.500000 
-16.148444 -33.849623 -41.256250 
-17.076980 -31.986341 -42.500000


-13.974615 -60.870317 -36.250000 
-15.837897 -62.112505 -41.250000 
-13.974615 -62.423052 -40.625000 
-13.974615 -60.870317 -36.250000


-16.148444 -33.849623 -41.256250 
-13.971510 -36.955093 -38.750000 
-14.903151 -35.091811 -42.500000 
-16.148444 -33.849623 -41.256250


-13.971510 -36.955093 -38.750000 
-13.353521 -38.818375 -40.631250 
-14.903151 -35.091811 -42.500000 
-13.971510 -36.955093 -38.750000


-11.797681 -42.855486 -40.000000 
-12.421880 -46.271503 -40.006250 
-13.353521 -38.818375 -40.631250 
-11.797681 -42.855486 -40.000000


-11.797681 -42.855486 -40.000000 
-10.869145 -45.029315 -39.381250 
-12.421880 -46.271503 -40.006250 
-11.797681 -42.855486 -40.000000


-10.248051 -46.582050 -40.006250 
-12.421880 -46.271503 -40.006250 
-10.869145 -45.029315 -39.381250 
-10.248051 -46.582050 -40.006250


-12.421880 -46.271503 -40.006250 
-10.248051 -46.582050 -40.006250 
-11.490239 -49.066426 -40.631250 
-12.421880 -46.271503 -40.006250


-10.248051 -46.582050 -40.006250 
-8.695316 -50.929708 -40.631250 
-11.490239 -49.066426 -40.631250 
-10.248051 -46.582050 -40.006250


-10.248051 -46.582050 -40.006250 
-5.900393 -50.929708 -40.006250 
-8.695316 -50.929708 -40.631250 
-10.248051 -46.582050 -40.006250


-40.995309 -28.570324 -39.375000 
-41.613298 -24.843760 -39.381250 
-42.237497 -26.396495 -41.250000 
-40.995309 -28.570324 -39.375000


-40.992204 -31.986341 -38.743750 
-40.995309 -28.570324 -39.375000 
-40.374215 -33.849623 -40.625000 
-40.992204 -31.986341 -38.743750


-40.063668 -36.955093 -37.500000 
-40.063668 -35.712905 -41.875000 
-39.753121 -37.886734 -42.500000 
-40.063668 -36.955093 -37.500000


-38.821480 -40.371110 -36.875000 
-39.753121 -37.886734 -42.500000 
-39.132027 -40.060563 -42.500000 
-38.821480 -40.371110 -36.875000


-38.821480 -40.371110 -36.875000 
-39.132027 -40.060563 -42.500000 
-38.510933 -42.234392 -38.750000 
-38.821480 -40.371110 -36.875000


-38.510933 -42.234392 -38.750000 
-39.132027 -40.060563 -42.500000 
-38.510933 -42.234392 -43.750000 
-38.510933 -42.234392 -38.750000


-38.818375 -23.291025 -39.381250 
-34.160170 -23.287920 -39.375000 
-40.060563 -24.530108 -39.375000 
-38.818375 -23.291025 -39.381250


-40.060563 -24.530108 -39.375000 
-34.160170 -25.151202 -41.250000 
-37.265640 -25.464854 -40.631250 
-40.060563 -24.530108 -39.375000


-34.160170 -23.287920 -39.375000 
-34.160170 -25.151202 -41.250000 
-40.060563 -24.530108 -39.375000 
-34.160170 -23.287920 -39.375000


-34.160170 -25.151202 -41.250000 
-29.188313 -21.117196 -39.375000 
-30.744153 -23.912119 -40.631250 
-34.160170 -25.151202 -41.250000


-34.160170 -23.287920 -39.375000 
-29.188313 -21.117196 -39.375000 
-34.160170 -25.151202 -41.250000 
-34.160170 -23.287920 -39.375000


-30.744153 -54.345725 -36.243750 
-32.921087 -53.103537 -40.625000 
-30.126164 -57.451195 -41.875000 
-30.744153 -54.345725 -36.243750


-29.188313 -21.117196 -39.375000 
-27.638683 -20.806649 -38.131250 
-28.570324 -22.048837 -40.631250 
-29.188313 -21.117196 -39.375000


-27.638683 -20.806649 -38.131250 
-26.085948 -20.806649 -38.131250 
-28.570324 -22.048837 -40.631250 
-27.638683 -20.806649 -38.131250


-26.085948 -20.806649 -38.131250 
-25.154307 -23.598467 -41.250000 
-26.085948 -22.980478 -43.131250 
-26.085948 -20.806649 -38.131250


-22.980478 -61.491411 -39.375000 
-26.396495 -58.072289 -35.618750 
-23.912119 -61.801958 -41.250000 
-22.980478 -61.491411 -39.375000


-17.080085 -30.741048 -40.000000 
-15.213698 -33.539076 -37.500000 
-17.076980 -31.986341 -42.500000 
-17.080085 -30.741048 -40.000000


-13.974615 -60.870317 -36.250000 
-13.974615 -62.423052 -40.625000 
-11.490239 -61.801958 -38.750000 
-13.974615 -60.870317 -36.250000


-13.353521 -38.818375 -40.631250 
-12.729322 -39.128922 -38.750000 
-11.797681 -42.855486 -40.000000 
-13.353521 -38.818375 -40.631250


-7.453128 -61.177759 -38.118750 
-8.695316 -61.180864 -47.500000 
-5.589846 -60.559770 -41.250000 
-7.453128 -61.177759 -38.118750


-40.374215 -33.849623 -40.625000 
-40.063668 -35.712905 -41.875000 
-40.063668 -36.955093 -37.500000 
-40.374215 -33.849623 -40.625000


-38.197281 -22.359384 -36.881250 
-34.160170 -23.287920 -39.375000 
-38.818375 -23.291025 -39.381250 
-38.197281 -22.359384 -36.881250


-32.921087 -51.861349 -37.500000 
-34.784369 -50.308614 -40.000000 
-32.921087 -53.103537 -40.625000 
-32.921087 -51.861349 -37.500000


-30.744153 -54.345725 -36.243750 
-32.921087 -51.861349 -37.500000 
-32.921087 -53.103537 -40.625000 
-30.744153 -54.345725 -36.243750


-26.085948 -20.806649 -38.131250 
-23.909014 -23.291025 -36.250000 
-25.154307 -23.598467 -41.250000 
-26.085948 -20.806649 -38.131250


-26.396495 -58.072289 -35.618750 
-27.328136 -58.693383 -38.118750 
-23.912119 -61.801958 -41.250000 
-26.396495 -58.072289 -35.618750


-25.154307 -23.598467 -41.250000 
-23.909014 -23.291025 -36.250000 
-23.909014 -22.980478 -40.000000 
-25.154307 -23.598467 -41.250000


-19.875008 -28.877766 -42.500000 
-17.701179 -30.430501 -32.500000 
-17.080085 -30.741048 -40.000000 
-19.875008 -28.877766 -42.500000


-16.769538 -61.491411 -39.375000 
-15.837897 -62.112505 -41.250000 
-13.974615 -60.870317 -36.250000 
-16.769538 -61.491411 -39.375000


-15.213698 -33.539076 -37.500000 
-13.971510 -36.955093 -38.750000 
-16.148444 -33.849623 -41.256250 
-15.213698 -33.539076 -37.500000


-12.729322 -39.128922 -38.750000 
-13.039869 -40.371110 -36.250000 
-11.797681 -42.855486 -40.000000 
-12.729322 -39.128922 -38.750000


-8.695316 -61.491411 -37.500000 
-9.626957 -61.801958 -41.875000 
-8.695316 -61.180864 -47.500000 
-8.695316 -61.491411 -37.500000


-10.248051 -46.582050 -40.006250 
-7.453128 -49.998067 -36.243750 
-5.900393 -50.929708 -40.006250 
-10.248051 -46.582050 -40.006250


-7.763675 -57.140648 -36.243750 
-7.453128 -61.177759 -38.118750 
-5.589846 -60.559770 -41.250000 
-7.763675 -57.140648 -36.243750


-6.832034 -53.414084 -37.493750 
-7.763675 -57.140648 -36.243750 
-4.968752 -53.724631 -41.256250 
-6.832034 -53.414084 -37.493750


-41.302751 -23.291025 -36.256250 
-41.613298 -24.843760 -39.381250 
-40.995309 -28.570324 -39.375000 
-41.302751 -23.291025 -36.256250


-41.302751 -23.291025 -36.256250 
-40.060563 -24.530108 -39.375000 
-41.613298 -24.843760 -39.381250 
-41.302751 -23.291025 -36.256250


-40.374215 -34.470717 -36.875000 
-40.992204 -31.986341 -38.743750 
-40.374215 -33.849623 -40.625000 
-40.374215 -34.470717 -36.875000


-40.063668 -36.955093 -37.500000 
-39.753121 -37.886734 -42.500000 
-38.821480 -40.371110 -36.875000 
-40.063668 -36.955093 -37.500000


-38.197281 -22.359384 -36.881250 
-36.023452 -21.738290 -38.131250 
-34.160170 -23.287920 -39.375000 
-38.197281 -22.359384 -36.881250


-32.917982 -21.117196 -38.131250 
-36.023452 -21.738290 -38.131250 
-34.781264 -20.803544 -35.625000 
-32.917982 -21.117196 -38.131250


-30.744153 -20.806649 -37.506250 
-34.160170 -23.287920 -39.375000 
-36.023452 -21.738290 -38.131250 
-30.744153 -20.806649 -37.506250


-32.917982 -21.117196 -38.131250 
-30.744153 -20.806649 -37.506250 
-36.023452 -21.738290 -38.131250 
-32.917982 -21.117196 -38.131250


-30.744153 -20.806649 -37.506250 
-29.188313 -21.117196 -39.375000 
-34.160170 -23.287920 -39.375000 
-30.744153 -20.806649 -37.506250


-27.328136 -58.693383 -38.118750 
-30.744153 -54.345725 -36.243750 
-30.126164 -57.451195 -41.875000 
-27.328136 -58.693383 -38.118750


-23.912119 -60.246118 -36.243750 
-26.396495 -58.072289 -35.618750 
-22.980478 -61.491411 -39.375000 
-23.912119 -60.246118 -36.243750


-23.909014 -23.291025 -36.250000 
-23.291025 -24.843760 -42.506250 
-23.909014 -22.980478 -40.000000 
-23.909014 -23.291025 -36.250000


-23.291025 -24.843760 -42.506250 
-22.045732 -26.396495 -37.500000 
-22.359384 -26.396495 -44.381250 
-23.291025 -24.843760 -42.506250


-22.045732 -26.396495 -37.500000 
-21.117196 -27.946125 -38.125000 
-22.359384 -26.396495 -44.381250 
-22.045732 -26.396495 -37.500000


-13.971510 -36.955093 -38.750000 
-13.971510 -39.439469 -35.000000 
-13.353521 -38.818375 -40.631250 
-13.971510 -36.955093 -38.750000


-12.729322 -42.234392 -35.000000 
-11.797681 -44.408221 -35.625000 
-11.797681 -42.855486 -40.000000 
-12.729322 -42.234392 -35.000000


-13.039869 -40.371110 -36.250000 
-12.729322 -42.234392 -35.000000 
-11.797681 -42.855486 -40.000000 
-13.039869 -40.371110 -36.250000


-9.626957 -61.801958 -41.875000 
-13.974615 -60.870317 -36.250000 
-11.490239 -61.801958 -38.750000 
-9.626957 -61.801958 -41.875000


-7.453128 -61.177759 -38.118750 
-8.695316 -61.491411 -37.500000 
-8.695316 -61.180864 -47.500000 
-7.453128 -61.177759 -38.118750


-4.968752 -53.724631 -41.256250 
-5.900393 -50.929708 -40.006250 
-6.832034 -53.414084 -37.493750 
-4.968752 -53.724631 -41.256250


-40.374215 -34.470717 -36.875000 
-40.374215 -33.849623 -40.625000 
-40.063668 -36.955093 -37.500000 
-40.374215 -34.470717 -36.875000


-37.579292 -42.544939 -35.000000 
-38.510933 -42.234392 -38.750000 
-37.268745 -44.718768 -38.125000 
-37.579292 -42.544939 -35.000000


-33.849623 -50.001172 -35.625000 
-35.716010 -48.445332 -40.000000 
-34.784369 -50.308614 -40.000000 
-33.849623 -50.001172 -35.625000


-26.707042 -19.250809 -35.000000 
-26.085948 -20.806649 -38.131250 
-27.638683 -20.806649 -38.131250 
-26.707042 -19.250809 -35.000000


-23.909014 -23.291025 -36.250000 
-22.356279 -26.396495 -34.375000 
-23.291025 -24.843760 -42.506250 
-23.909014 -23.291025 -36.250000


-22.356279 -26.396495 -34.375000 
-22.045732 -26.396495 -37.500000 
-23.291025 -24.843760 -42.506250 
-22.356279 -26.396495 -34.375000


-21.117196 -61.488306 -35.618750 
-19.564461 -61.801958 -39.375000 
-19.253914 -62.109400 -34.368750 
-21.117196 -61.488306 -35.618750


-13.353521 -38.818375 -40.631250 
-13.971510 -39.439469 -35.000000 
-12.729322 -39.128922 -38.750000 
-13.353521 -38.818375 -40.631250


-11.797681 -44.408221 -35.625000 
-10.869145 -45.029315 -39.381250 
-11.797681 -42.855486 -40.000000 
-11.797681 -44.408221 -35.625000


-8.695316 -61.491411 -37.500000 
-13.974615 -60.870317 -36.250000 
-9.626957 -61.801958 -41.875000 
-8.695316 -61.491411 -37.500000


-39.750016 -22.045732 -35.000000 
-38.818375 -23.291025 -39.381250 
-40.060563 -24.530108 -39.375000 
-39.750016 -22.045732 -35.000000


-39.750016 -22.045732 -35.000000 
-38.197281 -22.359384 -36.881250 
-38.818375 -23.291025 -39.381250 
-39.750016 -22.045732 -35.000000


-37.579292 -42.544939 -35.000000 
-37.268745 -44.718768 -38.125000 
-36.337104 -46.271503 -37.500000 
-37.579292 -42.544939 -35.000000


-31.054700 -52.171896 -33.118750 
-33.849623 -50.001172 -35.625000 
-34.784369 -50.308614 -40.000000 
-31.054700 -52.171896 -33.118750


-31.054700 -52.171896 -33.118750 
-34.784369 -50.308614 -40.000000 
-32.921087 -51.861349 -37.500000 
-31.054700 -52.171896 -33.118750


-27.638683 -20.806649 -38.131250 
-29.188313 -21.117196 -39.375000 
-30.744153 -20.806649 -37.506250 
-27.638683 -20.806649 -38.131250


-23.912119 -60.246118 -36.243750 
-22.980478 -61.491411 -39.375000 
-21.117196 -61.488306 -35.618750 
-23.912119 -60.246118 -36.243750


-21.117196 -61.488306 -35.618750 
-22.980478 -61.491411 -39.375000 
-19.564461 -61.801958 -39.375000 
-21.117196 -61.488306 -35.618750


-16.458991 -61.180864 -34.375000 
-19.253914 -62.109400 -34.368750 
-19.564461 -61.801958 -39.375000 
-16.458991 -61.180864 -34.375000


-15.834792 -32.296888 -33.750000 
-15.213698 -33.539076 -37.500000 
-17.080085 -30.741048 -40.000000 
-15.834792 -32.296888 -33.750000


-16.455886 -31.054700 -32.500000 
-15.834792 -32.296888 -33.750000 
-17.080085 -30.741048 -40.000000 
-16.455886 -31.054700 -32.500000


-13.971510 -39.439469 -35.000000 
-13.039869 -40.371110 -36.250000 
-12.729322 -39.128922 -38.750000 
-13.971510 -39.439469 -35.000000


-11.797681 -44.408221 -35.625000 
-11.490239 -46.271503 -33.118750 
-10.869145 -45.029315 -39.381250 
-11.797681 -44.408221 -35.625000


-41.305856 -28.259777 -35.000000 
-41.302751 -23.291025 -36.256250 
-40.995309 -28.570324 -39.375000 
-41.305856 -28.259777 -35.000000


-40.374215 -31.365247 -33.750000 
-40.995309 -28.570324 -39.375000 
-40.992204 -31.986341 -38.743750 
-40.374215 -31.365247 -33.750000


-41.302751 -23.291025 -36.256250 
-39.750016 -22.045732 -35.000000 
-40.060563 -24.530108 -39.375000 
-41.302751 -23.291025 -36.256250


-38.197281 -22.359384 -36.881250 
-34.781264 -20.803544 -35.625000 
-36.023452 -21.738290 -38.131250 
-38.197281 -22.359384 -36.881250


-36.337104 -45.029315 -34.375000 
-36.337104 -46.271503 -37.500000 
-35.716010 -48.445332 -40.000000 
-36.337104 -45.029315 -34.375000


-33.228529 -19.871903 -35.000000 
-32.917982 -21.117196 -38.131250 
-34.781264 -20.803544 -35.625000 
-33.228529 -19.871903 -35.000000


-26.707042 -19.250809 -35.000000 
-27.638683 -20.806649 -38.131250 
-30.744153 -20.806649 -37.506250 
-26.707042 -19.250809 -35.000000


-30.744153 -54.345725 -36.243750 
-27.328136 -58.693383 -38.118750 
-28.259777 -55.587913 -34.368750 
-30.744153 -54.345725 -36.243750


-26.396495 -58.072289 -35.618750 
-28.259777 -55.587913 -34.368750 
-27.328136 -58.693383 -38.118750 
-26.396495 -58.072289 -35.618750


-26.707042 -19.250809 -35.000000 
-23.909014 -22.359384 -36.250000 
-26.085948 -20.806649 -38.131250 
-26.707042 -19.250809 -35.000000


-26.085948 -20.806649 -38.131250 
-23.909014 -22.359384 -36.250000 
-23.909014 -23.291025 -36.250000 
-26.085948 -20.806649 -38.131250


-22.045732 -26.396495 -37.500000 
-22.356279 -26.396495 -34.375000 
-21.117196 -27.946125 -38.125000 
-22.045732 -26.396495 -37.500000


-21.117196 -27.946125 -38.125000 
-17.701179 -30.430501 -32.500000 
-19.875008 -28.877766 -42.500000 
-21.117196 -27.946125 -38.125000


-16.458991 -61.180864 -34.375000 
-16.769538 -61.491411 -39.375000 
-13.974615 -60.870317 -36.250000 
-16.458991 -61.180864 -34.375000


-9.623852 -48.445332 -34.375000 
-10.248051 -46.582050 -40.006250 
-10.869145 -45.029315 -39.381250 
-9.623852 -48.445332 -34.375000


-10.248051 -46.582050 -40.006250 
-9.623852 -48.445332 -34.375000 
-7.453128 -49.998067 -36.243750 
-10.248051 -46.582050 -40.006250


-7.453128 -49.998067 -36.243750 
-6.832034 -53.414084 -37.493750 
-5.900393 -50.929708 -40.006250 
-7.453128 -49.998067 -36.243750


-41.305856 -28.259777 -35.000000 
-40.995309 -28.570324 -39.375000 
-40.374215 -31.365247 -33.750000 
-41.305856 -28.259777 -35.000000


-39.753121 -33.228529 -33.125000 
-40.992204 -31.986341 -38.743750 
-40.374215 -34.470717 -36.875000 
-39.753121 -33.228529 -33.125000


-38.510933 -42.234392 -38.750000 
-38.510933 -39.750016 -34.375000 
-38.821480 -40.371110 -36.875000 
-38.510933 -42.234392 -38.750000


-36.337104 -46.271503 -37.500000 
-36.337104 -45.029315 -34.375000 
-37.579292 -42.544939 -35.000000 
-36.337104 -46.271503 -37.500000


-33.228529 -19.871903 -35.000000 
-30.744153 -20.806649 -37.506250 
-32.917982 -21.117196 -38.131250 
-33.228529 -19.871903 -35.000000


-30.744153 -54.345725 -36.243750 
-31.054700 -52.171896 -33.118750 
-32.921087 -51.861349 -37.500000 
-30.744153 -54.345725 -36.243750


-23.287920 -23.291025 -29.375000 
-22.356279 -26.396495 -34.375000 
-23.909014 -23.291025 -36.250000 
-23.287920 -23.291025 -29.375000


-22.356279 -26.396495 -34.375000 
-19.561356 -28.570324 -29.375000 
-21.117196 -27.946125 -38.125000 
-22.356279 -26.396495 -34.375000


-16.458991 -61.180864 -34.375000 
-19.564461 -61.801958 -39.375000 
-16.769538 -61.491411 -39.375000 
-16.458991 -61.180864 -34.375000


-17.701179 -30.430501 -32.500000 
-16.455886 -31.054700 -32.500000 
-17.080085 -30.741048 -40.000000 
-17.701179 -30.430501 -32.500000


-13.971510 -39.439469 -35.000000 
-12.729322 -42.234392 -35.000000 
-13.039869 -40.371110 -36.250000 
-13.971510 -39.439469 -35.000000


-7.763675 -57.140648 -36.243750 
-10.248051 -59.935571 -33.118750 
-7.453128 -61.177759 -38.118750 
-7.763675 -57.140648 -36.243750


-6.832034 -53.414084 -37.493750 
-8.384769 -54.035178 -35.618750 
-7.763675 -57.140648 -36.243750 
-6.832034 -53.414084 -37.493750


-39.753121 -33.228529 -33.125000 
-40.374215 -31.365247 -33.750000 
-40.992204 -31.986341 -38.743750 
-39.753121 -33.228529 -33.125000


-39.132027 -35.402358 -31.875000 
-40.374215 -34.470717 -36.875000 
-40.063668 -36.955093 -37.500000 
-39.132027 -35.402358 -31.875000


-38.510933 -39.750016 -34.375000 
-40.063668 -36.955093 -37.500000 
-38.821480 -40.371110 -36.875000 
-38.510933 -39.750016 -34.375000


-39.750016 -22.045732 -35.000000 
-37.265640 -20.496102 -33.118750 
-38.197281 -22.359384 -36.881250 
-39.750016 -22.045732 -35.000000


-38.510933 -39.750016 -34.375000 
-38.510933 -42.234392 -38.750000 
-37.579292 -42.544939 -35.000000 
-38.510933 -39.750016 -34.375000


-23.912119 -60.246118 -36.243750 
-25.464854 -57.761742 -34.368750 
-26.396495 -58.072289 -35.618750 
-23.912119 -60.246118 -36.243750


-13.974615 -60.559770 -33.750000 
-16.458991 -61.180864 -34.375000 
-13.974615 -60.870317 -36.250000 
-13.974615 -60.559770 -33.750000


-15.213698 -33.539076 -37.500000 
-14.592604 -38.818375 -33.750000 
-13.971510 -36.955093 -38.750000 
-15.213698 -33.539076 -37.500000


-13.971510 -36.955093 -38.750000 
-14.592604 -38.818375 -33.750000 
-13.971510 -39.439469 -35.000000 
-13.971510 -36.955093 -38.750000


-11.490239 -60.246118 -33.743750 
-13.974615 -60.559770 -33.750000 
-13.974615 -60.870317 -36.250000 
-11.490239 -60.246118 -33.743750


-10.248051 -59.935571 -33.118750 
-13.974615 -60.870317 -36.250000 
-8.695316 -61.491411 -37.500000 
-10.248051 -59.935571 -33.118750


-10.248051 -59.935571 -33.118750 
-8.695316 -61.491411 -37.500000 
-7.453128 -61.177759 -38.118750 
-10.248051 -59.935571 -33.118750


-7.453128 -49.998067 -36.243750 
-8.384769 -54.035178 -35.618750 
-6.832034 -53.414084 -37.493750 
-7.453128 -49.998067 -36.243750


-41.302751 -23.291025 -36.256250 
-41.305856 -22.048837 -31.250000 
-39.750016 -22.045732 -35.000000 
-41.302751 -23.291025 -36.256250


-37.889839 -39.750016 -31.875000 
-39.132027 -35.402358 -31.875000 
-40.063668 -36.955093 -37.500000 
-37.889839 -39.750016 -31.875000


-38.197281 -22.359384 -36.881250 
-33.228529 -19.871903 -35.000000 
-34.781264 -20.803544 -35.625000 
-38.197281 -22.359384 -36.881250


-33.539076 -48.134785 -31.868750 
-36.337104 -45.029315 -34.375000 
-35.716010 -48.445332 -40.000000 
-33.539076 -48.134785 -31.868750


-33.539076 -48.134785 -31.868750 
-35.716010 -48.445332 -40.000000 
-33.849623 -50.001172 -35.625000 
-33.539076 -48.134785 -31.868750


-33.228529 -19.871903 -35.000000 
-31.365247 -19.871903 -33.750000 
-30.744153 -20.806649 -37.506250 
-33.228529 -19.871903 -35.000000


-31.054700 -52.171896 -33.118750 
-30.744153 -54.345725 -36.243750 
-28.259777 -55.587913 -34.368750 
-31.054700 -52.171896 -33.118750


-31.365247 -19.871903 -33.750000 
-26.707042 -19.250809 -35.000000 
-30.744153 -20.806649 -37.506250 
-31.365247 -19.871903 -33.750000


-25.464854 -57.761742 -34.368750 
-28.259777 -55.587913 -34.368750 
-26.396495 -58.072289 -35.618750 
-25.464854 -57.761742 -34.368750


-24.222666 -22.356279 -31.875000 
-23.909014 -23.291025 -36.250000 
-23.909014 -22.359384 -36.250000 
-24.222666 -22.356279 -31.875000


-22.048837 -59.935571 -34.368750 
-25.464854 -57.761742 -34.368750 
-23.912119 -60.246118 -36.243750 
-22.048837 -59.935571 -34.368750


-21.117196 -61.488306 -35.618750 
-22.048837 -59.935571 -34.368750 
-23.912119 -60.246118 -36.243750 
-21.117196 -61.488306 -35.618750


-22.048837 -59.935571 -34.368750 
-21.117196 -61.488306 -35.618750 
-19.253914 -62.109400 -34.368750 
-22.048837 -59.935571 -34.368750


-12.729322 -42.234392 -35.000000 
-12.729322 -43.166033 -32.500000 
-11.797681 -44.408221 -35.625000 
-12.729322 -42.234392 -35.000000


-11.490239 -60.246118 -33.743750 
-13.974615 -60.870317 -36.250000 
-10.248051 -59.935571 -33.118750 
-11.490239 -60.246118 -33.743750


-11.490239 -46.271503 -33.118750 
-9.623852 -48.445332 -34.375000 
-10.869145 -45.029315 -39.381250 
-11.490239 -46.271503 -33.118750


-8.384769 -54.035178 -35.618750 
-10.248051 -59.935571 -33.118750 
-7.763675 -57.140648 -36.243750 
-8.384769 -54.035178 -35.618750


-9.623852 -48.445332 -34.375000 
-9.626957 -54.345725 -34.368750 
-8.384769 -54.035178 -35.618750 
-9.623852 -48.445332 -34.375000


-7.453128 -49.998067 -36.243750 
-9.623852 -48.445332 -34.375000 
-8.384769 -54.035178 -35.618750 
-7.453128 -49.998067 -36.243750


-41.305856 -22.048837 -31.250000 
-41.302751 -23.291025 -36.256250 
-40.995309 -25.775401 -33.125000 
-41.305856 -22.048837 -31.250000


-40.995309 -25.775401 -33.125000 
-41.302751 -23.291025 -36.256250 
-41.305856 -28.259777 -35.000000 
-40.995309 -25.775401 -33.125000


-41.305856 -22.048837 -31.250000 
-39.750016 -21.114091 -32.500000 
-39.750016 -22.045732 -35.000000 
-41.305856 -22.048837 -31.250000


-38.510933 -39.750016 -34.375000 
-37.889839 -39.750016 -31.875000 
-40.063668 -36.955093 -37.500000 
-38.510933 -39.750016 -34.375000


-36.333999 -42.855486 -31.243750 
-37.579292 -42.544939 -35.000000 
-36.337104 -45.029315 -34.375000 
-36.333999 -42.855486 -31.243750


-38.197281 -22.359384 -36.881250 
-37.265640 -20.496102 -33.118750 
-33.228529 -19.871903 -35.000000 
-38.197281 -22.359384 -36.881250


-32.296888 -49.998067 -32.493750 
-33.849623 -50.001172 -35.625000 
-31.054700 -52.171896 -33.118750 
-32.296888 -49.998067 -32.493750


-23.909014 -22.359384 -36.250000 
-25.772296 -20.806649 -31.250000 
-24.222666 -22.356279 -31.875000 
-23.909014 -22.359384 -36.250000


-26.707042 -19.250809 -35.000000 
-25.772296 -20.806649 -31.250000 
-23.909014 -22.359384 -36.250000 
-26.707042 -19.250809 -35.000000


-22.048837 -59.935571 -34.368750 
-22.359384 -57.451195 -33.118750 
-25.464854 -57.761742 -34.368750 
-22.048837 -59.935571 -34.368750


-24.222666 -22.356279 -31.875000 
-23.287920 -23.291025 -29.375000 
-23.909014 -23.291025 -36.250000 
-24.222666 -22.356279 -31.875000


-19.253914 -59.003930 -33.743750 
-17.080085 -58.382836 -34.368750 
-22.359384 -57.451195 -33.118750 
-19.253914 -59.003930 -33.743750


-19.253914 -59.003930 -33.743750 
-22.048837 -59.935571 -34.368750 
-16.458991 -61.180864 -34.375000 
-19.253914 -59.003930 -33.743750


-16.458991 -61.180864 -34.375000 
-22.048837 -59.935571 -34.368750 
-19.253914 -62.109400 -34.368750 
-16.458991 -61.180864 -34.375000


-17.080085 -58.382836 -34.368750 
-19.253914 -59.003930 -33.743750 
-16.458991 -61.180864 -34.375000 
-17.080085 -58.382836 -34.368750


-17.080085 -58.382836 -34.368750 
-16.458991 -61.180864 -34.375000 
-13.974615 -60.559770 -33.750000 
-17.080085 -58.382836 -34.368750


-15.834792 -32.296888 -33.750000 
-14.592604 -38.818375 -33.750000 
-15.213698 -33.539076 -37.500000 
-15.834792 -32.296888 -33.750000


-11.490239 -60.246118 -33.743750 
-17.080085 -58.382836 -34.368750 
-13.974615 -60.559770 -33.750000 
-11.490239 -60.246118 -33.743750


-11.490239 -60.246118 -33.743750 
-15.837897 -57.140648 -33.743750 
-17.080085 -58.382836 -34.368750 
-11.490239 -60.246118 -33.743750


-13.971510 -39.439469 -35.000000 
-12.729322 -43.166033 -32.500000 
-12.729322 -42.234392 -35.000000 
-13.971510 -39.439469 -35.000000


-8.384769 -54.035178 -35.618750 
-10.558598 -56.830101 -33.118750 
-10.248051 -59.935571 -33.118750 
-8.384769 -54.035178 -35.618750


-9.626957 -54.345725 -34.368750 
-10.558598 -56.830101 -33.118750 
-8.384769 -54.035178 -35.618750 
-9.626957 -54.345725 -34.368750


-40.684762 -28.570324 -30.625000 
-40.995309 -25.775401 -33.125000 
-41.305856 -28.259777 -35.000000 
-40.684762 -28.570324 -30.625000


-40.684762 -28.570324 -30.625000 
-41.305856 -28.259777 -35.000000 
-40.374215 -31.365247 -33.750000 
-40.684762 -28.570324 -30.625000


-39.753121 -33.228529 -33.125000 
-40.374215 -34.470717 -36.875000 
-39.132027 -35.402358 -31.875000 
-39.753121 -33.228529 -33.125000


-39.750016 -21.114091 -32.500000 
-37.265640 -20.496102 -33.118750 
-39.750016 -22.045732 -35.000000 
-39.750016 -21.114091 -32.500000


-36.333999 -42.855486 -31.243750 
-36.337104 -45.029315 -34.375000 
-34.781264 -45.339862 -31.243750 
-36.333999 -42.855486 -31.243750


-24.533213 -57.140648 -32.493750 
-28.259777 -55.587913 -34.368750 
-25.464854 -57.761742 -34.368750 
-24.533213 -57.140648 -32.493750


-24.533213 -57.140648 -32.493750 
-27.017589 -55.277366 -32.493750 
-28.259777 -55.587913 -34.368750 
-24.533213 -57.140648 -32.493750


-22.359384 -57.451195 -33.118750 
-24.533213 -57.140648 -32.493750 
-25.464854 -57.761742 -34.368750 
-22.359384 -57.451195 -33.118750


-23.601572 -53.724631 -32.493750 
-22.359384 -57.451195 -33.118750 
-22.048837 -53.103537 -33.743750 
-23.601572 -53.724631 -32.493750


-19.253914 -59.003930 -33.743750 
-22.359384 -57.451195 -33.118750 
-22.048837 -59.935571 -34.368750 
-19.253914 -59.003930 -33.743750


-15.837897 -57.140648 -33.743750 
-22.048837 -53.103537 -33.743750 
-22.359384 -57.451195 -33.118750 
-15.837897 -57.140648 -33.743750


-20.496102 -53.414084 -33.743750 
-20.185555 -52.482443 -32.493750 
-22.048837 -53.103537 -33.743750 
-20.496102 -53.414084 -33.743750


-15.837897 -57.140648 -33.743750 
-22.359384 -57.451195 -33.118750 
-17.080085 -58.382836 -34.368750 
-15.837897 -57.140648 -33.743750


-20.496102 -53.414084 -33.743750 
-22.048837 -53.103537 -33.743750 
-15.837897 -57.140648 -33.743750 
-20.496102 -53.414084 -33.743750


-18.943367 -53.103537 -33.118750 
-20.185555 -52.482443 -32.493750 
-20.496102 -53.414084 -33.743750 
-18.943367 -53.103537 -33.118750


-15.837897 -53.724631 -33.743750 
-20.496102 -53.414084 -33.743750 
-15.837897 -57.140648 -33.743750 
-15.837897 -53.724631 -33.743750


-15.837897 -53.724631 -33.743750 
-18.943367 -53.103537 -33.118750 
-20.496102 -53.414084 -33.743750 
-15.837897 -53.724631 -33.743750


-15.834792 -32.296888 -33.750000 
-15.834792 -36.333999 -31.875000 
-14.592604 -38.818375 -33.750000 
-15.834792 -32.296888 -33.750000


-14.592604 -38.818375 -33.750000 
-13.660963 -41.302751 -31.875000 
-13.971510 -39.439469 -35.000000 
-14.592604 -38.818375 -33.750000


-11.490239 -60.246118 -33.743750 
-12.111333 -57.140648 -33.118750 
-15.837897 -57.140648 -33.743750 
-11.490239 -60.246118 -33.743750


-12.729322 -43.166033 -32.500000 
-11.490239 -46.271503 -33.118750 
-11.797681 -44.408221 -35.625000 
-12.729322 -43.166033 -32.500000


-9.623852 -48.445332 -34.375000 
-10.558598 -49.998067 -33.743750 
-9.626957 -54.345725 -34.368750 
-9.623852 -48.445332 -34.375000


-37.576187 -37.265640 -29.368750 
-39.132027 -35.402358 -31.875000 
-37.889839 -39.750016 -31.875000 
-37.576187 -37.265640 -29.368750


-36.333999 -22.359384 -29.993750 
-37.265640 -20.496102 -33.118750 
-39.750016 -21.114091 -32.500000 
-36.333999 -22.359384 -29.993750


-32.607435 -21.427743 -31.243750 
-31.365247 -19.871903 -33.750000 
-33.228529 -19.871903 -35.000000 
-32.607435 -21.427743 -31.243750


-32.296888 -49.998067 -32.493750 
-31.054700 -52.171896 -33.118750 
-28.259777 -55.587913 -34.368750 
-32.296888 -49.998067 -32.493750


-27.017589 -55.277366 -32.493750 
-32.296888 -49.998067 -32.493750 
-28.259777 -55.587913 -34.368750 
-27.017589 -55.277366 -32.493750


-27.017589 -21.117196 -31.243750 
-25.772296 -20.806649 -31.250000 
-26.707042 -19.250809 -35.000000 
-27.017589 -21.117196 -31.243750


-22.359384 -57.451195 -33.118750 
-23.601572 -53.724631 -32.493750 
-24.533213 -57.140648 -32.493750 
-22.359384 -57.451195 -33.118750


-16.148444 -50.929708 -31.868750 
-20.185555 -52.482443 -32.493750 
-18.943367 -53.103537 -33.118750 
-16.148444 -50.929708 -31.868750


-16.455886 -31.054700 -32.500000 
-15.834792 -36.333999 -31.875000 
-15.834792 -32.296888 -33.750000 
-16.455886 -31.054700 -32.500000


-15.834792 -36.333999 -31.875000 
-14.592604 -37.576187 -31.250000 
-14.592604 -38.818375 -33.750000 
-15.834792 -36.333999 -31.875000


-13.353521 -54.966819 -33.118750 
-15.837897 -53.724631 -33.743750 
-15.837897 -57.140648 -33.743750 
-13.353521 -54.966819 -33.118750


-13.042974 -52.482443 -32.493750 
-15.837897 -53.724631 -33.743750 
-13.353521 -54.966819 -33.118750 
-13.042974 -52.482443 -32.493750


-12.111333 -57.140648 -33.118750 
-13.353521 -54.966819 -33.118750 
-15.837897 -57.140648 -33.743750 
-12.111333 -57.140648 -33.118750


-13.971510 -39.439469 -35.000000 
-13.660963 -41.302751 -31.875000 
-12.729322 -43.166033 -32.500000 
-13.971510 -39.439469 -35.000000


-10.558598 -56.830101 -33.118750 
-13.353521 -54.966819 -33.118750 
-12.111333 -57.140648 -33.118750 
-10.558598 -56.830101 -33.118750


-12.729322 -43.166033 -32.500000 
-12.421880 -46.582050 -31.868750 
-11.490239 -46.271503 -33.118750 
-12.729322 -43.166033 -32.500000


-12.111333 -57.140648 -33.118750 
-11.490239 -60.246118 -33.743750 
-10.248051 -59.935571 -33.118750 
-12.111333 -57.140648 -33.118750


-11.490239 -46.271503 -33.118750 
-12.111333 -51.861349 -32.493750 
-10.558598 -49.998067 -33.743750 
-11.490239 -46.271503 -33.118750


-9.626957 -54.345725 -34.368750 
-10.558598 -49.998067 -33.743750 
-10.558598 -56.830101 -33.118750 
-9.626957 -54.345725 -34.368750


-10.248051 -59.935571 -33.118750 
-10.558598 -56.830101 -33.118750 
-12.111333 -57.140648 -33.118750 
-10.248051 -59.935571 -33.118750


-11.490239 -46.271503 -33.118750 
-10.558598 -49.998067 -33.743750 
-9.623852 -48.445332 -34.375000 
-11.490239 -46.271503 -33.118750


-39.132027 -32.607435 -28.750000 
-40.374215 -31.365247 -33.750000 
-39.753121 -33.228529 -33.125000 
-39.132027 -32.607435 -28.750000


-39.132027 -32.607435 -28.750000 
-39.753121 -33.228529 -33.125000 
-39.132027 -35.402358 -31.875000 
-39.132027 -32.607435 -28.750000


-36.333999 -42.855486 -31.243750 
-38.510933 -39.750016 -34.375000 
-37.579292 -42.544939 -35.000000 
-36.333999 -42.855486 -31.243750


-37.265640 -20.496102 -33.118750 
-36.333999 -22.359384 -29.993750 
-33.228529 -19.871903 -35.000000 
-37.265640 -20.496102 -33.118750


-32.296888 -49.998067 -32.493750 
-33.539076 -48.134785 -31.868750 
-33.849623 -50.001172 -35.625000 
-32.296888 -49.998067 -32.493750


-31.365247 -19.871903 -33.750000 
-30.123059 -22.048837 -29.993750 
-26.707042 -19.250809 -35.000000 
-31.365247 -19.871903 -33.750000


-27.638683 -52.792990 -31.243750 
-32.296888 -49.998067 -32.493750 
-27.017589 -55.277366 -32.493750 
-27.638683 -52.792990 -31.243750


-23.601572 -53.724631 -32.493750 
-25.775401 -53.103537 -31.243750 
-27.017589 -55.277366 -32.493750 
-23.601572 -53.724631 -32.493750


-24.533213 -57.140648 -32.493750 
-23.601572 -53.724631 -32.493750 
-27.017589 -55.277366 -32.493750 
-24.533213 -57.140648 -32.493750


-22.048837 -51.240255 -32.493750 
-22.048837 -53.103537 -33.743750 
-20.185555 -52.482443 -32.493750 
-22.048837 -51.240255 -32.493750


-19.561356 -28.570324 -29.375000 
-17.701179 -30.430501 -32.500000 
-21.117196 -27.946125 -38.125000 
-19.561356 -28.570324 -29.375000


-18.632820 -50.308614 -31.868750 
-22.048837 -51.240255 -32.493750 
-16.148444 -50.929708 -31.868750 
-18.632820 -50.308614 -31.868750


-16.148444 -50.929708 -31.868750 
-22.048837 -51.240255 -32.493750 
-20.185555 -52.482443 -32.493750 
-16.148444 -50.929708 -31.868750


-16.769538 -33.228529 -31.243750 
-16.455886 -31.054700 -32.500000 
-17.701179 -30.430501 -32.500000 
-16.769538 -33.228529 -31.243750


-13.042974 -52.482443 -32.493750 
-16.148444 -50.929708 -31.868750 
-18.943367 -53.103537 -33.118750 
-13.042974 -52.482443 -32.493750


-13.042974 -52.482443 -32.493750 
-18.943367 -53.103537 -33.118750 
-15.837897 -53.724631 -33.743750 
-13.042974 -52.482443 -32.493750


-13.042974 -52.482443 -32.493750 
-13.974615 -50.308614 -31.868750 
-16.148444 -50.929708 -31.868750 
-13.042974 -52.482443 -32.493750


-14.906256 -49.066426 -31.243750 
-16.148444 -50.929708 -31.868750 
-13.974615 -50.308614 -31.868750 
-14.906256 -49.066426 -31.243750


-10.558598 -56.830101 -33.118750 
-13.042974 -52.482443 -32.493750 
-13.353521 -54.966819 -33.118750 
-10.558598 -56.830101 -33.118750


-11.490239 -46.271503 -33.118750 
-12.421880 -46.582050 -31.868750 
-12.111333 -51.861349 -32.493750 
-11.490239 -46.271503 -33.118750


-10.558598 -56.830101 -33.118750 
-12.111333 -51.861349 -32.493750 
-13.042974 -52.482443 -32.493750 
-10.558598 -56.830101 -33.118750


-12.111333 -51.861349 -32.493750 
-10.558598 -56.830101 -33.118750 
-10.558598 -49.998067 -33.743750 
-12.111333 -51.861349 -32.493750


-36.333999 -42.855486 -31.243750 
-37.889839 -39.750016 -31.875000 
-38.510933 -39.750016 -34.375000 
-36.333999 -42.855486 -31.243750


-33.539076 -48.134785 -31.868750 
-34.781264 -45.339862 -31.243750 
-36.337104 -45.029315 -34.375000 
-33.539076 -48.134785 -31.868750


-36.333999 -22.359384 -29.993750 
-32.607435 -21.427743 -31.243750 
-33.228529 -19.871903 -35.000000 
-36.333999 -22.359384 -29.993750


-25.775401 -53.103537 -31.243750 
-27.638683 -52.792990 -31.243750 
-27.017589 -55.277366 -32.493750 
-25.775401 -53.103537 -31.243750


-21.117196 -50.308614 -31.243750 
-25.464854 -51.550802 -31.868750 
-22.048837 -51.240255 -32.493750 
-21.117196 -50.308614 -31.243750


-23.601572 -53.724631 -32.493750 
-25.464854 -51.550802 -31.868750 
-25.775401 -53.103537 -31.243750 
-23.601572 -53.724631 -32.493750


-22.048837 -51.240255 -32.493750 
-25.464854 -51.550802 -31.868750 
-23.601572 -53.724631 -32.493750 
-22.048837 -51.240255 -32.493750


-22.048837 -51.240255 -32.493750 
-23.601572 -53.724631 -32.493750 
-22.048837 -53.103537 -33.743750 
-22.048837 -51.240255 -32.493750


-22.356279 -26.396495 -34.375000 
-20.492997 -26.707042 -28.125000 
-19.561356 -28.570324 -29.375000 
-22.356279 -26.396495 -34.375000


-18.632820 -50.308614 -31.868750 
-21.117196 -50.308614 -31.243750 
-22.048837 -51.240255 -32.493750 
-18.632820 -50.308614 -31.868750


-16.455886 -31.054700 -32.500000 
-16.769538 -33.228529 -31.243750 
-15.834792 -36.333999 -31.875000 
-16.455886 -31.054700 -32.500000


-16.769538 -47.824238 -31.868750 
-18.632820 -50.308614 -31.868750 
-16.148444 -50.929708 -31.868750 
-16.769538 -47.824238 -31.868750


-14.906256 -49.066426 -31.243750 
-16.769538 -47.824238 -31.868750 
-16.148444 -50.929708 -31.868750 
-14.906256 -49.066426 -31.243750


-14.592604 -37.576187 -31.250000 
-13.660963 -41.302751 -31.875000 
-14.592604 -38.818375 -33.750000 
-14.592604 -37.576187 -31.250000


-13.660963 -41.302751 -31.875000 
-14.906256 -49.066426 -31.243750 
-13.974615 -50.308614 -31.868750 
-13.660963 -41.302751 -31.875000


-12.111333 -51.861349 -32.493750 
-13.974615 -50.308614 -31.868750 
-13.042974 -52.482443 -32.493750 
-12.111333 -51.861349 -32.493750


-13.660963 -41.302751 -31.875000 
-13.974615 -50.308614 -31.868750 
-12.421880 -46.582050 -31.868750 
-13.660963 -41.302751 -31.875000


-12.729322 -43.166033 -32.500000 
-13.660963 -41.302751 -31.875000 
-12.421880 -46.582050 -31.868750 
-12.729322 -43.166033 -32.500000


-12.421880 -46.582050 -31.868750 
-13.974615 -50.308614 -31.868750 
-12.111333 -51.861349 -32.493750 
-12.421880 -46.582050 -31.868750


-31.675794 -48.445332 -28.118750 
-33.539076 -48.134785 -31.868750 
-32.296888 -49.998067 -32.493750 
-31.675794 -48.445332 -28.118750


-31.365247 -19.871903 -33.750000 
-32.607435 -21.427743 -31.243750 
-30.123059 -22.048837 -29.993750 
-31.365247 -19.871903 -33.750000


-30.123059 -22.048837 -29.993750 
-27.017589 -21.117196 -31.243750 
-26.707042 -19.250809 -35.000000 
-30.123059 -22.048837 -29.993750


-29.812512 -51.240255 -29.993750 
-32.296888 -49.998067 -32.493750 
-27.638683 -52.792990 -31.243750 
-29.812512 -51.240255 -29.993750


-25.775401 -53.103537 -31.243750 
-27.949230 -51.240255 -31.243750 
-27.638683 -52.792990 -31.243750 
-25.775401 -53.103537 -31.243750


-25.464854 -51.550802 -31.868750 
-27.949230 -51.240255 -31.243750 
-25.775401 -53.103537 -31.243750 
-25.464854 -51.550802 -31.868750


-22.669931 -47.824238 -29.993750 
-27.638683 -48.755879 -30.618750 
-24.843760 -48.755879 -31.243750 
-22.669931 -47.824238 -29.993750


-21.117196 -50.308614 -31.243750 
-24.843760 -48.755879 -31.243750 
-25.464854 -51.550802 -31.868750 
-21.117196 -50.308614 -31.243750


-21.117196 -50.308614 -31.243750 
-22.669931 -47.824238 -29.993750 
-24.843760 -48.755879 -31.243750 
-21.117196 -50.308614 -31.243750


-23.287920 -23.291025 -29.375000 
-22.048837 -25.154307 -30.006250 
-22.356279 -26.396495 -34.375000 
-23.287920 -23.291025 -29.375000


-19.253914 -46.582050 -31.243750 
-22.669931 -47.824238 -29.993750 
-21.117196 -50.308614 -31.243750 
-19.253914 -46.582050 -31.243750


-21.427743 -46.585155 -30.000000 
-22.669931 -47.824238 -29.993750 
-19.253914 -46.582050 -31.243750 
-21.427743 -46.585155 -30.000000


-22.048837 -25.154307 -30.006250 
-20.492997 -26.707042 -28.125000 
-22.356279 -26.396495 -34.375000 
-22.048837 -25.154307 -30.006250


-18.632820 -50.308614 -31.868750 
-19.253914 -46.582050 -31.243750 
-21.117196 -50.308614 -31.243750 
-18.632820 -50.308614 -31.868750


-16.769538 -47.824238 -31.868750 
-19.253914 -46.582050 -31.243750 
-18.632820 -50.308614 -31.868750 
-16.769538 -47.824238 -31.868750


-14.906256 -49.066426 -31.243750 
-15.527350 -45.650409 -30.618750 
-16.769538 -47.824238 -31.868750 
-14.906256 -49.066426 -31.243750


-14.906256 -49.066426 -31.243750 
-14.592604 -37.576187 -31.250000 
-15.527350 -45.650409 -30.618750 
-14.906256 -49.066426 -31.243750


-13.660963 -41.302751 -31.875000 
-14.592604 -37.576187 -31.250000 
-14.906256 -49.066426 -31.243750 
-13.660963 -41.302751 -31.875000


-40.684762 -28.570324 -30.625000 
-40.374215 -31.365247 -33.750000 
-39.132027 -32.607435 -28.750000 
-40.684762 -28.570324 -30.625000


-37.576187 -37.265640 -29.368750 
-39.132027 -32.607435 -28.750000 
-39.132027 -35.402358 -31.875000 
-37.576187 -37.265640 -29.368750


-39.750016 -21.114091 -32.500000 
-36.333999 -23.912119 -27.493750 
-36.333999 -22.359384 -29.993750 
-39.750016 -21.114091 -32.500000


-35.402358 -23.601572 -28.118750 
-32.607435 -21.427743 -31.243750 
-36.333999 -22.359384 -29.993750 
-35.402358 -23.601572 -28.118750


-31.675794 -48.445332 -28.118750 
-34.781264 -45.339862 -31.243750 
-33.539076 -48.134785 -31.868750 
-31.675794 -48.445332 -28.118750


-29.812512 -51.240255 -29.993750 
-31.675794 -48.445332 -28.118750 
-32.296888 -49.998067 -32.493750 
-29.812512 -51.240255 -29.993750


-27.638683 -52.792990 -31.243750 
-27.949230 -51.240255 -31.243750 
-29.812512 -51.240255 -29.993750 
-27.638683 -52.792990 -31.243750


-25.464854 -51.550802 -31.868750 
-27.638683 -48.755879 -30.618750 
-27.949230 -51.240255 -31.243750 
-25.464854 -51.550802 -31.868750


-24.843760 -48.755879 -31.243750 
-27.638683 -48.755879 -30.618750 
-25.464854 -51.550802 -31.868750 
-24.843760 -48.755879 -31.243750


-18.629715 -45.650409 -30.625000 
-21.427743 -46.585155 -30.000000 
-19.253914 -46.582050 -31.243750 
-18.629715 -45.650409 -30.625000


-16.769538 -47.824238 -31.868750 
-18.629715 -45.650409 -30.625000 
-19.253914 -46.582050 -31.243750 
-16.769538 -47.824238 -31.868750


-17.701179 -30.430501 -32.500000 
-17.080085 -32.917982 -27.493750 
-16.769538 -33.228529 -31.243750 
-17.701179 -30.430501 -32.500000


-16.769538 -44.097674 -29.993750 
-18.629715 -45.650409 -30.625000 
-15.527350 -45.650409 -30.618750 
-16.769538 -44.097674 -29.993750


-15.527350 -45.650409 -30.618750 
-18.629715 -45.650409 -30.625000 
-16.769538 -47.824238 -31.868750 
-15.527350 -45.650409 -30.618750


-16.769538 -33.228529 -31.243750 
-15.834792 -35.091811 -30.000000 
-15.834792 -36.333999 -31.875000 
-16.769538 -33.228529 -31.243750


-15.834792 -35.091811 -30.000000 
-14.592604 -37.576187 -31.250000 
-15.834792 -36.333999 -31.875000 
-15.834792 -35.091811 -30.000000


-40.060563 -25.464854 -26.868750 
-40.995309 -25.775401 -33.125000 
-40.684762 -28.570324 -30.625000 
-40.060563 -25.464854 -26.868750


-38.818375 -25.464854 -23.743750 
-36.333999 -23.912119 -27.493750 
-39.750016 -21.114091 -32.500000 
-38.818375 -25.464854 -23.743750


-35.716010 -40.060563 -28.125000 
-37.889839 -39.750016 -31.875000 
-36.333999 -42.855486 -31.243750 
-35.716010 -40.060563 -28.125000


-33.231634 -45.650409 -28.750000 
-36.333999 -42.855486 -31.243750 
-34.781264 -45.339862 -31.243750 
-33.231634 -45.650409 -28.750000


-33.231634 -45.650409 -28.750000 
-34.781264 -45.339862 -31.243750 
-31.675794 -48.445332 -28.118750 
-33.231634 -45.650409 -28.750000


-30.123059 -22.048837 -29.993750 
-32.607435 -21.427743 -31.243750 
-35.402358 -23.601572 -28.118750 
-30.123059 -22.048837 -29.993750


-32.607435 -23.291025 -28.118750 
-30.123059 -22.048837 -29.993750 
-35.402358 -23.601572 -28.118750 
-32.607435 -23.291025 -28.118750


-31.054700 -49.687520 -28.743750 
-31.675794 -48.445332 -28.118750 
-29.812512 -51.240255 -29.993750 
-31.054700 -49.687520 -28.743750


-27.638683 -48.755879 -30.618750 
-29.812512 -51.240255 -29.993750 
-27.949230 -51.240255 -31.243750 
-27.638683 -48.755879 -30.618750


-22.669931 -47.824238 -29.993750 
-28.570324 -46.271503 -29.368750 
-27.638683 -48.755879 -30.618750 
-22.669931 -47.824238 -29.993750


-21.427743 -46.585155 -30.000000 
-29.812512 -45.650409 -28.743750 
-28.570324 -46.271503 -29.368750 
-21.427743 -46.585155 -30.000000


-21.427743 -46.585155 -30.000000 
-28.570324 -46.271503 -29.368750 
-22.669931 -47.824238 -29.993750 
-21.427743 -46.585155 -30.000000


-22.669931 -45.029315 -29.368750 
-29.812512 -45.650409 -28.743750 
-21.427743 -46.585155 -30.000000 
-22.669931 -45.029315 -29.368750


-25.772296 -20.806649 -31.250000 
-23.287920 -23.291025 -29.375000 
-24.222666 -22.356279 -31.875000 
-25.772296 -20.806649 -31.250000


-22.980478 -43.787127 -29.993750 
-22.669931 -45.029315 -29.368750 
-21.427743 -46.585155 -30.000000 
-22.980478 -43.787127 -29.993750


-18.943367 -42.855486 -29.993750 
-19.564461 -42.544939 -28.743750 
-22.980478 -43.787127 -29.993750 
-18.943367 -42.855486 -29.993750


-22.980478 -43.787127 -29.993750 
-21.427743 -46.585155 -30.000000 
-18.629715 -45.650409 -30.625000 
-22.980478 -43.787127 -29.993750


-16.769538 -44.097674 -29.993750 
-22.980478 -43.787127 -29.993750 
-18.629715 -45.650409 -30.625000 
-16.769538 -44.097674 -29.993750


-16.769538 -44.097674 -29.993750 
-18.943367 -42.855486 -29.993750 
-22.980478 -43.787127 -29.993750 
-16.769538 -44.097674 -29.993750


-17.080085 -36.644546 -28.743750 
-17.701179 -42.855486 -28.743750 
-16.769538 -44.097674 -29.993750 
-17.080085 -36.644546 -28.743750


-15.837897 -39.439469 -29.993750 
-17.080085 -36.644546 -28.743750 
-16.769538 -44.097674 -29.993750 
-15.837897 -39.439469 -29.993750


-15.834792 -35.091811 -30.000000 
-17.080085 -36.644546 -28.743750 
-15.837897 -39.439469 -29.993750 
-15.834792 -35.091811 -30.000000


-15.527350 -45.650409 -30.618750 
-15.837897 -39.439469 -29.993750 
-16.769538 -44.097674 -29.993750 
-15.527350 -45.650409 -30.618750


-14.592604 -37.576187 -31.250000 
-15.837897 -39.439469 -29.993750 
-15.527350 -45.650409 -30.618750 
-14.592604 -37.576187 -31.250000


-15.834792 -35.091811 -30.000000 
-15.837897 -39.439469 -29.993750 
-14.592604 -37.576187 -31.250000 
-15.834792 -35.091811 -30.000000


-41.305856 -22.048837 -31.250000 
-40.995309 -25.775401 -33.125000 
-40.060563 -25.464854 -26.868750 
-41.305856 -22.048837 -31.250000


-36.333999 -23.912119 -27.493750 
-35.402358 -23.601572 -28.118750 
-36.333999 -22.359384 -29.993750 
-36.333999 -23.912119 -27.493750


-35.716010 -40.060563 -28.125000 
-36.333999 -42.855486 -31.243750 
-34.160170 -43.790232 -26.250000 
-35.716010 -40.060563 -28.125000


-34.160170 -43.790232 -26.250000 
-36.333999 -42.855486 -31.243750 
-33.231634 -45.650409 -28.750000 
-34.160170 -43.790232 -26.250000


-29.501965 -48.134785 -28.743750 
-31.054700 -49.687520 -28.743750 
-29.812512 -51.240255 -29.993750 
-29.501965 -48.134785 -28.743750


-27.638683 -48.755879 -30.618750 
-29.501965 -48.134785 -28.743750 
-29.812512 -51.240255 -29.993750 
-27.638683 -48.755879 -30.618750


-27.638683 -48.755879 -30.618750 
-28.570324 -46.271503 -29.368750 
-29.501965 -48.134785 -28.743750 
-27.638683 -48.755879 -30.618750


-22.980478 -43.787127 -29.993750 
-23.601572 -42.855486 -29.368750 
-22.669931 -45.029315 -29.368750 
-22.980478 -43.787127 -29.993750


-22.980478 -41.923845 -28.743750 
-23.601572 -42.855486 -29.368750 
-19.564461 -42.544939 -28.743750 
-22.980478 -41.923845 -28.743750


-19.564461 -42.544939 -28.743750 
-23.601572 -42.855486 -29.368750 
-22.980478 -43.787127 -29.993750 
-19.564461 -42.544939 -28.743750


-18.943367 -42.855486 -29.993750 
-18.322273 -40.681657 -28.118750 
-19.564461 -42.544939 -28.743750 
-18.943367 -42.855486 -29.993750


-17.701179 -42.855486 -28.743750 
-18.943367 -42.855486 -29.993750 
-16.769538 -44.097674 -29.993750 
-17.701179 -42.855486 -28.743750


-39.439469 -29.501965 -27.493750 
-40.684762 -28.570324 -30.625000 
-39.132027 -32.607435 -28.750000 
-39.439469 -29.501965 -27.493750


-37.579292 -33.849623 -26.250000 
-39.132027 -32.607435 -28.750000 
-37.576187 -37.265640 -29.368750 
-37.579292 -33.849623 -26.250000


-35.716010 -40.060563 -28.125000 
-37.576187 -37.265640 -29.368750 
-37.889839 -39.750016 -31.875000 
-35.716010 -40.060563 -28.125000


-32.917982 -45.960956 -26.243750 
-34.160170 -43.790232 -26.250000 
-33.231634 -45.650409 -28.750000 
-32.917982 -45.960956 -26.243750


-32.917982 -45.960956 -26.243750 
-33.231634 -45.650409 -28.750000 
-31.675794 -48.445332 -28.118750 
-32.917982 -45.960956 -26.243750


-29.501965 -48.134785 -28.743750 
-31.675794 -48.445332 -28.118750 
-31.054700 -49.687520 -28.743750 
-29.501965 -48.134785 -28.743750


-29.812512 -45.650409 -28.743750 
-31.675794 -48.445332 -28.118750 
-29.501965 -48.134785 -28.743750 
-29.812512 -45.650409 -28.743750


-28.570324 -46.271503 -29.368750 
-29.812512 -45.650409 -28.743750 
-29.501965 -48.134785 -28.743750 
-28.570324 -46.271503 -29.368750


-27.638683 -23.601572 -24.993750 
-27.017589 -21.117196 -31.243750 
-30.123059 -22.048837 -29.993750 
-27.638683 -23.601572 -24.993750


-23.601572 -42.855486 -29.368750 
-27.949230 -42.544939 -28.743750 
-29.812512 -45.650409 -28.743750 
-23.601572 -42.855486 -29.368750


-23.601572 -42.855486 -29.368750 
-29.812512 -45.650409 -28.743750 
-22.669931 -45.029315 -29.368750 
-23.601572 -42.855486 -29.368750


-22.980478 -41.923845 -28.743750 
-27.949230 -42.544939 -28.743750 
-23.601572 -42.855486 -29.368750 
-22.980478 -41.923845 -28.743750


-20.806649 -39.750016 -28.118750 
-22.669931 -40.681657 -28.118750 
-22.980478 -41.923845 -28.743750 
-20.806649 -39.750016 -28.118750


-19.564461 -42.544939 -28.743750 
-20.806649 -39.750016 -28.118750 
-22.980478 -41.923845 -28.743750 
-19.564461 -42.544939 -28.743750


-17.701179 -42.855486 -28.743750 
-18.322273 -40.681657 -28.118750 
-18.943367 -42.855486 -29.993750 
-17.701179 -42.855486 -28.743750


-19.561356 -28.570324 -29.375000 
-18.322273 -29.191418 -24.993750 
-17.701179 -30.430501 -32.500000 
-19.561356 -28.570324 -29.375000


-18.322273 -29.191418 -24.993750 
-17.080085 -32.917982 -27.493750 
-17.701179 -30.430501 -32.500000 
-18.322273 -29.191418 -24.993750


-17.080085 -32.917982 -27.493750 
-15.834792 -35.091811 -30.000000 
-16.769538 -33.228529 -31.243750 
-17.080085 -32.917982 -27.493750


-40.060563 -25.464854 -26.868750 
-40.684762 -28.570324 -30.625000 
-39.439469 -29.501965 -27.493750 
-40.060563 -25.464854 -26.868750


-32.607435 -23.291025 -28.118750 
-35.402358 -23.601572 -28.118750 
-36.333999 -23.912119 -27.493750 
-32.607435 -23.291025 -28.118750


-31.365247 -44.718768 -27.493750 
-31.675794 -48.445332 -28.118750 
-29.812512 -45.650409 -28.743750 
-31.365247 -44.718768 -27.493750


-30.123059 -22.048837 -29.993750 
-32.607435 -23.291025 -28.118750 
-29.812512 -25.154307 -24.368750 
-30.123059 -22.048837 -29.993750


-30.123059 -42.544939 -27.493750 
-31.365247 -44.718768 -27.493750 
-29.812512 -45.650409 -28.743750 
-30.123059 -42.544939 -27.493750


-27.949230 -42.544939 -28.743750 
-30.123059 -42.544939 -27.493750 
-29.812512 -45.650409 -28.743750 
-27.949230 -42.544939 -28.743750


-29.812512 -25.154307 -24.368750 
-27.638683 -23.601572 -24.993750 
-30.123059 -22.048837 -29.993750 
-29.812512 -25.154307 -24.368750


-24.843760 -41.923845 -27.493750 
-27.949230 -42.544939 -28.743750 
-22.980478 -41.923845 -28.743750 
-24.843760 -41.923845 -27.493750


-25.464854 -40.374215 -27.500000 
-24.843760 -41.923845 -27.493750 
-22.980478 -41.923845 -28.743750 
-25.464854 -40.374215 -27.500000


-22.669931 -40.681657 -28.118750 
-25.464854 -40.374215 -27.500000 
-22.980478 -41.923845 -28.743750 
-22.669931 -40.681657 -28.118750


-22.048837 -25.154307 -30.006250 
-20.806649 -27.017589 -24.993750 
-20.492997 -26.707042 -28.125000 
-22.048837 -25.154307 -30.006250


-20.806649 -39.750016 -28.118750 
-19.564461 -42.544939 -28.743750 
-18.322273 -40.681657 -28.118750 
-20.806649 -39.750016 -28.118750


-20.492997 -26.707042 -28.125000 
-18.322273 -29.191418 -24.993750 
-19.561356 -28.570324 -29.375000 
-20.492997 -26.707042 -28.125000


-20.806649 -27.017589 -24.993750 
-18.322273 -29.191418 -24.993750 
-20.492997 -26.707042 -28.125000 
-20.806649 -27.017589 -24.993750


-18.322273 -40.681657 -28.118750 
-17.701179 -42.855486 -28.743750 
-17.080085 -36.644546 -28.743750 
-18.322273 -40.681657 -28.118750


-39.439469 -29.501965 -27.493750 
-39.132027 -32.607435 -28.750000 
-37.579292 -33.849623 -26.250000 
-39.439469 -29.501965 -27.493750


-37.579292 -33.849623 -26.250000 
-37.576187 -37.265640 -29.368750 
-37.268745 -35.091811 -25.000000 
-37.579292 -33.849623 -26.250000


-35.091811 -41.923845 -26.243750 
-35.716010 -40.060563 -28.125000 
-34.160170 -43.790232 -26.250000 
-35.091811 -41.923845 -26.243750


-34.470717 -24.843760 -26.243750 
-32.607435 -23.291025 -28.118750 
-36.333999 -23.912119 -27.493750 
-34.470717 -24.843760 -26.243750


-31.365247 -44.718768 -27.493750 
-32.917982 -45.960956 -26.243750 
-31.675794 -48.445332 -28.118750 
-31.365247 -44.718768 -27.493750


-31.675794 -40.681657 -26.868750 
-31.365247 -44.718768 -27.493750 
-30.123059 -42.544939 -27.493750 
-31.675794 -40.681657 -26.868750


-25.464854 -40.374215 -27.500000 
-28.570324 -39.439469 -27.493750 
-30.123059 -42.544939 -27.493750 
-25.464854 -40.374215 -27.500000


-30.123059 -42.544939 -27.493750 
-27.949230 -42.544939 -28.743750 
-24.843760 -41.923845 -27.493750 
-30.123059 -42.544939 -27.493750


-24.843760 -41.923845 -27.493750 
-25.464854 -40.374215 -27.500000 
-30.123059 -42.544939 -27.493750 
-24.843760 -41.923845 -27.493750


-27.638683 -23.601572 -24.993750 
-25.772296 -20.806649 -31.250000 
-27.017589 -21.117196 -31.243750 
-27.638683 -23.601572 -24.993750


-20.806649 -39.750016 -28.118750 
-22.048837 -37.265640 -26.243750 
-25.464854 -40.374215 -27.500000 
-20.806649 -39.750016 -28.118750


-20.806649 -39.750016 -28.118750 
-25.464854 -40.374215 -27.500000 
-22.669931 -40.681657 -28.118750 
-20.806649 -39.750016 -28.118750


-19.564461 -36.644546 -26.868750 
-20.806649 -39.750016 -28.118750 
-18.322273 -40.681657 -28.118750 
-19.564461 -36.644546 -26.868750


-19.564461 -36.644546 -26.868750 
-18.322273 -40.681657 -28.118750 
-17.080085 -36.644546 -28.743750 
-19.564461 -36.644546 -26.868750


-17.080085 -32.917982 -27.493750 
-18.011726 -31.986341 -25.618750 
-17.080085 -36.644546 -28.743750 
-17.080085 -32.917982 -27.493750


-17.080085 -32.917982 -27.493750 
-17.080085 -36.644546 -28.743750 
-15.834792 -35.091811 -30.000000 
-17.080085 -32.917982 -27.493750


-36.644546 -37.265640 -25.618750 
-37.576187 -37.265640 -29.368750 
-35.716010 -40.060563 -28.125000 
-36.644546 -37.265640 -25.618750


-36.644546 -37.265640 -25.618750 
-35.716010 -40.060563 -28.125000 
-35.091811 -41.923845 -26.243750 
-36.644546 -37.265640 -25.618750


-31.365247 -44.718768 -27.493750 
-34.160170 -43.790232 -26.250000 
-32.917982 -45.960956 -26.243750 
-31.365247 -44.718768 -27.493750


-31.365247 -44.718768 -27.493750 
-31.675794 -40.681657 -26.868750 
-34.160170 -43.790232 -26.250000 
-31.365247 -44.718768 -27.493750


-28.570324 -39.439469 -27.493750 
-31.986341 -36.955093 -26.243750 
-31.675794 -40.681657 -26.868750 
-28.570324 -39.439469 -27.493750


-28.570324 -39.439469 -27.493750 
-31.675794 -40.681657 -26.868750 
-30.123059 -42.544939 -27.493750 
-28.570324 -39.439469 -27.493750


-25.464854 -40.374215 -27.500000 
-26.085948 -37.265640 -26.243750 
-28.570324 -39.439469 -27.493750 
-25.464854 -40.374215 -27.500000


-22.048837 -37.265640 -26.243750 
-26.085948 -37.265640 -26.243750 
-25.464854 -40.374215 -27.500000 
-22.048837 -37.265640 -26.243750


-25.772296 -20.806649 -31.250000 
-23.912119 -22.669931 -24.993750 
-23.287920 -23.291025 -29.375000 
-25.772296 -20.806649 -31.250000


-23.912119 -22.669931 -24.993750 
-22.980478 -24.533213 -24.993750 
-23.287920 -23.291025 -29.375000 
-23.912119 -22.669931 -24.993750


-22.980478 -24.533213 -24.993750 
-22.048837 -25.154307 -30.006250 
-23.287920 -23.291025 -29.375000 
-22.980478 -24.533213 -24.993750


-21.427743 -35.402358 -26.868750 
-22.048837 -37.265640 -26.243750 
-20.806649 -39.750016 -28.118750 
-21.427743 -35.402358 -26.868750


-19.564461 -36.644546 -26.868750 
-21.427743 -35.402358 -26.868750 
-20.806649 -39.750016 -28.118750 
-19.564461 -36.644546 -26.868750


-18.011726 -31.986341 -25.618750 
-19.564461 -36.644546 -26.868750 
-17.080085 -36.644546 -28.743750 
-18.011726 -31.986341 -25.618750


-18.322273 -29.191418 -24.993750 
-18.011726 -31.986341 -25.618750 
-17.080085 -32.917982 -27.493750 
-18.322273 -29.191418 -24.993750


-38.818375 -25.464854 -23.743750 
-41.305856 -22.048837 -31.250000 
-40.060563 -25.464854 -26.868750 
-38.818375 -25.464854 -23.743750


-41.305856 -22.048837 -31.250000 
-38.818375 -25.464854 -23.743750 
-39.750016 -21.114091 -32.500000 
-41.305856 -22.048837 -31.250000


-38.197281 -32.296888 -24.368750 
-39.439469 -29.501965 -27.493750 
-37.579292 -33.849623 -26.250000 
-38.197281 -32.296888 -24.368750


-38.197281 -32.296888 -24.368750 
-38.818375 -29.191418 -23.743750 
-39.439469 -29.501965 -27.493750 
-38.197281 -32.296888 -24.368750


-37.268745 -35.091811 -25.000000 
-37.576187 -37.265640 -29.368750 
-36.644546 -37.265640 -25.618750 
-37.268745 -35.091811 -25.000000


-31.675794 -40.681657 -26.868750 
-35.091811 -41.923845 -26.243750 
-34.160170 -43.790232 -26.250000 
-31.675794 -40.681657 -26.868750


-35.402358 -37.576187 -25.618750 
-35.091811 -41.923845 -26.243750 
-33.228529 -39.442574 -26.250000 
-35.402358 -37.576187 -25.618750


-31.986341 -36.955093 -26.243750 
-35.402358 -37.576187 -25.618750 
-33.228529 -39.442574 -26.250000 
-31.986341 -36.955093 -26.243750


-31.986341 -36.955093 -26.243750 
-32.917982 -35.091811 -25.618750 
-35.402358 -37.576187 -25.618750 
-31.986341 -36.955093 -26.243750


-33.228529 -39.442574 -26.250000 
-35.091811 -41.923845 -26.243750 
-31.675794 -40.681657 -26.868750 
-33.228529 -39.442574 -26.250000


-31.986341 -36.955093 -26.243750 
-33.228529 -39.442574 -26.250000 
-31.675794 -40.681657 -26.868750 
-31.986341 -36.955093 -26.243750


-26.085948 -37.265640 -26.243750 
-28.880871 -33.228529 -26.243750 
-31.986341 -36.955093 -26.243750 
-26.085948 -37.265640 -26.243750


-26.085948 -37.265640 -26.243750 
-31.986341 -36.955093 -26.243750 
-28.570324 -39.439469 -27.493750 
-26.085948 -37.265640 -26.243750


-22.669931 -33.228529 -26.243750 
-27.017589 -32.607435 -25.618750 
-28.880871 -33.228529 -26.243750 
-22.669931 -33.228529 -26.243750


-28.880871 -33.228529 -26.243750 
-26.085948 -37.265640 -26.243750 
-22.048837 -37.265640 -26.243750 
-28.880871 -33.228529 -26.243750


-23.912119 -22.669931 -24.993750 
-25.772296 -20.806649 -31.250000 
-27.638683 -23.601572 -24.993750 
-23.912119 -22.669931 -24.993750


-22.048837 -37.265640 -26.243750 
-22.669931 -33.228529 -26.243750 
-28.880871 -33.228529 -26.243750 
-22.048837 -37.265640 -26.243750


-21.427743 -35.402358 -26.868750 
-22.669931 -33.228529 -26.243750 
-22.048837 -37.265640 -26.243750 
-21.427743 -35.402358 -26.868750


-20.496102 -32.296888 -25.618750 
-22.669931 -33.228529 -26.243750 
-21.427743 -35.402358 -26.868750 
-20.496102 -32.296888 -25.618750


-18.011726 -31.986341 -25.618750 
-20.496102 -32.296888 -25.618750 
-21.427743 -35.402358 -26.868750 
-18.011726 -31.986341 -25.618750


-18.011726 -31.986341 -25.618750 
-21.427743 -35.402358 -26.868750 
-19.564461 -36.644546 -26.868750 
-18.011726 -31.986341 -25.618750


-38.818375 -25.464854 -23.743750 
-40.060563 -25.464854 -26.868750 
-39.439469 -29.501965 -27.493750 
-38.818375 -25.464854 -23.743750


-38.197281 -32.296888 -24.368750 
-37.579292 -33.849623 -26.250000 
-37.268745 -35.091811 -25.000000 
-38.197281 -32.296888 -24.368750


-35.402358 -37.576187 -25.618750 
-37.268745 -35.091811 -25.000000 
-36.644546 -37.265640 -25.618750 
-35.402358 -37.576187 -25.618750


-36.333999 -23.912119 -27.493750 
-35.091811 -25.464854 -24.368750 
-34.470717 -24.843760 -26.243750 
-36.333999 -23.912119 -27.493750


-35.402358 -37.576187 -25.618750 
-36.644546 -37.265640 -25.618750 
-35.091811 -41.923845 -26.243750 
-35.402358 -37.576187 -25.618750


-37.268745 -35.091811 -25.000000 
-35.402358 -37.576187 -25.618750 
-32.917982 -35.091811 -25.618750 
-37.268745 -35.091811 -25.000000


-32.917982 -35.091811 -25.618750 
-32.917982 -33.228529 -24.993750 
-37.268745 -35.091811 -25.000000 
-32.917982 -35.091811 -25.618750


-30.744153 -31.054700 -25.618750 
-32.917982 -33.228529 -24.993750 
-32.917982 -35.091811 -25.618750 
-30.744153 -31.054700 -25.618750


-34.470717 -24.843760 -26.243750 
-35.091811 -25.464854 -24.368750 
-32.607435 -23.291025 -28.118750 
-34.470717 -24.843760 -26.243750


-28.880871 -33.228529 -26.243750 
-32.917982 -35.091811 -25.618750 
-31.986341 -36.955093 -26.243750 
-28.880871 -33.228529 -26.243750


-28.880871 -33.228529 -26.243750 
-30.744153 -31.054700 -25.618750 
-32.917982 -35.091811 -25.618750 
-28.880871 -33.228529 -26.243750


-27.017589 -32.607435 -25.618750 
-30.744153 -31.054700 -25.618750 
-28.880871 -33.228529 -26.243750 
-27.017589 -32.607435 -25.618750


-30.123059 -29.815617 -25.000000 
-30.744153 -31.054700 -25.618750 
-27.017589 -32.607435 -25.618750 
-30.123059 -29.815617 -25.000000


-20.496102 -32.296888 -25.618750 
-30.123059 -29.815617 -25.000000 
-27.017589 -32.607435 -25.618750 
-20.496102 -32.296888 -25.618750


-23.291025 -29.191418 -24.993750 
-30.123059 -29.815617 -25.000000 
-20.496102 -32.296888 -25.618750 
-23.291025 -29.191418 -24.993750


-20.496102 -32.296888 -25.618750 
-27.017589 -32.607435 -25.618750 
-22.669931 -33.228529 -26.243750 
-20.496102 -32.296888 -25.618750


-22.980478 -24.533213 -24.993750 
-20.806649 -27.017589 -24.993750 
-22.048837 -25.154307 -30.006250 
-22.980478 -24.533213 -24.993750


-35.091811 -25.464854 -24.368750 
-36.333999 -23.912119 -27.493750 
-38.818375 -25.464854 -23.743750 
-35.091811 -25.464854 -24.368750


-36.333999 -30.744153 -24.993750 
-37.268745 -35.091811 -25.000000 
-32.917982 -33.228529 -24.993750 
-36.333999 -30.744153 -24.993750


-32.917982 -28.570324 -24.368750 
-34.781264 -28.570324 -24.368750 
-36.333999 -30.744153 -24.993750 
-32.917982 -28.570324 -24.368750


-32.917982 -33.228529 -24.993750 
-32.917982 -28.570324 -24.368750 
-36.333999 -30.744153 -24.993750 
-32.917982 -33.228529 -24.993750


-30.123059 -29.815617 -25.000000 
-32.917982 -28.570324 -24.368750 
-32.917982 -33.228529 -24.993750 
-30.123059 -29.815617 -25.000000


-30.123059 -29.815617 -25.000000 
-32.917982 -33.228529 -24.993750 
-30.744153 -31.054700 -25.618750 
-30.123059 -29.815617 -25.000000


-27.949230 -26.707042 -24.993750 
-32.917982 -28.570324 -24.368750 
-30.123059 -29.815617 -25.000000 
-27.949230 -26.707042 -24.993750


-22.980478 -24.533213 -24.993750 
-27.638683 -23.601572 -24.993750 
-29.812512 -25.154307 -24.368750 
-22.980478 -24.533213 -24.993750


-23.291025 -29.191418 -24.993750 
-27.949230 -26.707042 -24.993750 
-30.123059 -29.815617 -25.000000 
-23.291025 -29.191418 -24.993750


-23.912119 -22.669931 -24.993750 
-27.638683 -23.601572 -24.993750 
-22.980478 -24.533213 -24.993750 
-23.912119 -22.669931 -24.993750


-20.806649 -27.017589 -24.993750 
-27.949230 -26.707042 -24.993750 
-23.291025 -29.191418 -24.993750 
-20.806649 -27.017589 -24.993750


-23.291025 -26.707042 -24.368750 
-27.949230 -26.707042 -24.993750 
-20.806649 -27.017589 -24.993750 
-23.291025 -26.707042 -24.368750


-22.980478 -24.533213 -24.993750 
-23.291025 -26.707042 -24.368750 
-20.806649 -27.017589 -24.993750 
-22.980478 -24.533213 -24.993750


-20.806649 -27.017589 -24.993750 
-23.291025 -29.191418 -24.993750 
-20.496102 -32.296888 -25.618750 
-20.806649 -27.017589 -24.993750


-18.011726 -31.986341 -25.618750 
-20.806649 -27.017589 -24.993750 
-20.496102 -32.296888 -25.618750 
-18.011726 -31.986341 -25.618750


-18.322273 -29.191418 -24.993750 
-20.806649 -27.017589 -24.993750 
-18.011726 -31.986341 -25.618750 
-18.322273 -29.191418 -24.993750


-38.818375 -25.464854 -23.743750 
-39.439469 -29.501965 -27.493750 
-38.818375 -29.191418 -23.743750 
-38.818375 -25.464854 -23.743750


-36.333999 -30.744153 -24.993750 
-38.818375 -25.464854 -23.743750 
-38.818375 -29.191418 -23.743750 
-36.333999 -30.744153 -24.993750


-38.818375 -29.191418 -23.743750 
-38.197281 -32.296888 -24.368750 
-37.268745 -35.091811 -25.000000 
-38.818375 -29.191418 -23.743750


-36.333999 -30.744153 -24.993750 
-38.818375 -29.191418 -23.743750 
-37.268745 -35.091811 -25.000000 
-36.333999 -30.744153 -24.993750


-34.781264 -28.570324 -24.368750 
-38.818375 -25.464854 -23.743750 
-36.333999 -30.744153 -24.993750 
-34.781264 -28.570324 -24.368750


-35.091811 -25.464854 -24.368750 
-38.818375 -25.464854 -23.743750 
-34.781264 -28.570324 -24.368750 
-35.091811 -25.464854 -24.368750


-32.917982 -28.570324 -24.368750 
-35.091811 -25.464854 -24.368750 
-34.781264 -28.570324 -24.368750 
-32.917982 -28.570324 -24.368750


-35.091811 -25.464854 -24.368750 
-29.812512 -25.154307 -24.368750 
-32.607435 -23.291025 -28.118750 
-35.091811 -25.464854 -24.368750


-27.949230 -26.707042 -24.993750 
-35.091811 -25.464854 -24.368750 
-32.917982 -28.570324 -24.368750 
-27.949230 -26.707042 -24.993750


-29.812512 -25.154307 -24.368750 
-35.091811 -25.464854 -24.368750 
-27.949230 -26.707042 -24.993750 
-29.812512 -25.154307 -24.368750


-22.980478 -24.533213 -24.993750 
-29.812512 -25.154307 -24.368750 
-23.291025 -26.707042 -24.368750 
-22.980478 -24.533213 -24.993750


-23.291025 -26.707042 -24.368750 
-29.812512 -25.154307 -24.368750 
-27.949230 -26.707042 -24.993750 
-23.291025 -26.707042 -24.368750


