682

-49.066426 2.173829 -90.006250 
-48.755879 -0.310547 -89.381250 
-49.069531 0.931641 -86.250000 
-49.066426 2.173829 -90.006250


-48.134785 -2.173829 -87.506250 
-49.998067 -2.173829 -88.756250 
-48.755879 -0.310547 -89.381250 
-48.134785 -2.173829 -87.506250


-45.650409 -0.310547 -86.881250 
-48.755879 -0.310547 -89.381250 
-49.066426 2.173829 -90.006250 
-45.650409 -0.310547 -86.881250


-45.650409 -0.310547 -86.881250 
-48.134785 -2.173829 -87.506250 
-48.755879 -0.310547 -89.381250 
-45.650409 -0.310547 -86.881250


-49.066426 2.173829 -90.006250 
-45.029315 1.242188 -87.506250 
-45.650409 -0.310547 -86.881250 
-49.066426 2.173829 -90.006250


-47.203144 -3.726564 -85.631250 
-50.622266 -5.279299 -86.875000 
-49.998067 -2.173829 -88.756250 
-47.203144 -3.726564 -85.631250


-49.069531 0.931641 -86.250000 
-48.755879 -0.310547 -89.381250 
-49.998067 -2.173829 -88.756250 
-49.069531 0.931641 -86.250000


-48.134785 -2.173829 -87.506250 
-47.203144 -3.726564 -85.631250 
-49.998067 -2.173829 -88.756250 
-48.134785 -2.173829 -87.506250


-49.380078 -3.105470 -84.375000 
-49.998067 -2.173829 -88.756250 
-50.622266 -5.279299 -86.875000 
-49.380078 -3.105470 -84.375000


-45.650409 -0.310547 -86.881250 
-45.029315 1.242188 -87.506250 
-43.476580 0.621094 -86.256250 
-45.650409 -0.310547 -86.881250


-50.622266 -5.279299 -86.875000 
-48.134785 -6.210940 -85.631250 
-50.308614 -7.142581 -86.256250 
-50.622266 -5.279299 -86.875000


-49.380078 -3.105470 -84.375000 
-49.069531 0.931641 -86.250000 
-49.998067 -2.173829 -88.756250 
-49.380078 -3.105470 -84.375000


-47.203144 -3.726564 -85.631250 
-48.134785 -6.210940 -85.631250 
-50.622266 -5.279299 -86.875000 
-47.203144 -3.726564 -85.631250


-47.206249 2.794923 -83.125000 
-49.066426 2.173829 -90.006250 
-49.069531 0.931641 -86.250000 
-47.206249 2.794923 -83.125000


-48.758984 -4.968752 -83.125000 
-50.622266 -5.279299 -86.875000 
-50.308614 -7.142581 -86.256250 
-48.758984 -4.968752 -83.125000


-50.308614 -7.142581 -86.256250 
-48.445332 -8.695316 -84.381250 
-50.308614 -10.558598 -85.631250 
-50.308614 -7.142581 -86.256250


-46.895702 -2.173829 -79.375000 
-49.069531 0.931641 -86.250000 
-49.380078 -3.105470 -84.375000 
-46.895702 -2.173829 -79.375000


-49.066426 2.173829 -90.006250 
-47.206249 2.794923 -83.125000 
-45.029315 2.487481 -82.500000 
-49.066426 2.173829 -90.006250


-46.582050 -4.968752 -85.006250 
-48.134785 -6.210940 -85.631250 
-47.203144 -3.726564 -85.631250 
-46.582050 -4.968752 -85.006250


-45.650409 -0.310547 -86.881250 
-47.203144 -3.726564 -85.631250 
-48.134785 -2.173829 -87.506250 
-45.650409 -0.310547 -86.881250


-44.408221 -1.242188 -85.631250 
-47.203144 -3.726564 -85.631250 
-45.650409 -0.310547 -86.881250 
-44.408221 -1.242188 -85.631250


-43.476580 0.621094 -86.256250 
-44.408221 -1.242188 -85.631250 
-45.650409 -0.310547 -86.881250 
-43.476580 0.621094 -86.256250


-50.308614 -7.142581 -86.256250 
-50.308614 -10.558598 -85.631250 
-50.001172 -9.005863 -83.125000 
-50.308614 -7.142581 -86.256250


-48.758984 -4.968752 -83.125000 
-49.380078 -3.105470 -84.375000 
-50.622266 -5.279299 -86.875000 
-48.758984 -4.968752 -83.125000


-48.134785 -6.210940 -85.631250 
-48.445332 -8.695316 -84.381250 
-50.308614 -7.142581 -86.256250 
-48.134785 -6.210940 -85.631250


-47.203144 -7.142581 -84.381250 
-48.445332 -8.695316 -84.381250 
-48.134785 -6.210940 -85.631250 
-47.203144 -7.142581 -84.381250


-49.066426 2.173829 -90.006250 
-45.029315 2.487481 -82.500000 
-45.029315 1.242188 -87.506250 
-49.066426 2.173829 -90.006250


-44.408221 -1.242188 -85.631250 
-46.582050 -4.968752 -85.006250 
-47.203144 -3.726564 -85.631250 
-44.408221 -1.242188 -85.631250


-43.476580 0.621094 -86.256250 
-42.855486 -2.484376 -84.381250 
-44.408221 -1.242188 -85.631250 
-43.476580 0.621094 -86.256250


-41.302751 -0.310547 -84.381250 
-42.855486 -2.484376 -84.381250 
-43.476580 0.621094 -86.256250 
-41.302751 -0.310547 -84.381250


-42.544939 2.487481 -80.000000 
-41.302751 -0.310547 -84.381250 
-43.476580 0.621094 -86.256250 
-42.544939 2.487481 -80.000000


-51.243360 -12.421880 -84.375000 
-50.308614 -14.595709 -83.756250 
-51.240255 -14.595709 -83.756250 
-51.243360 -12.421880 -84.375000


-50.001172 -9.316410 -80.000000 
-50.308614 -10.558598 -85.631250 
-51.243360 -12.421880 -84.375000 
-50.001172 -9.316410 -80.000000


-50.308614 -10.558598 -85.631250 
-50.308614 -14.595709 -83.756250 
-51.243360 -12.421880 -84.375000 
-50.308614 -10.558598 -85.631250


-48.755879 -13.353521 -82.506250 
-50.308614 -14.595709 -83.756250 
-50.308614 -10.558598 -85.631250 
-48.755879 -13.353521 -82.506250


-46.582050 -4.968752 -85.006250 
-47.203144 -7.142581 -84.381250 
-48.134785 -6.210940 -85.631250 
-46.582050 -4.968752 -85.006250


-42.855486 -2.484376 -84.381250 
-46.582050 -4.968752 -85.006250 
-44.408221 -1.242188 -85.631250 
-42.855486 -2.484376 -84.381250


-41.302751 -0.310547 -84.381250 
-40.992204 -2.173829 -83.756250 
-42.855486 -2.484376 -84.381250 
-41.302751 -0.310547 -84.381250


-51.240255 -14.595709 -83.756250 
-50.308614 -14.595709 -83.756250 
-50.308614 -17.390632 -83.131250 
-51.240255 -14.595709 -83.756250


-48.445332 -8.695316 -84.381250 
-48.755879 -13.353521 -82.506250 
-50.308614 -10.558598 -85.631250 
-48.445332 -8.695316 -84.381250


-47.206249 1.552735 -81.875000 
-49.069531 0.931641 -86.250000 
-46.895702 -2.173829 -79.375000 
-47.206249 1.552735 -81.875000


-47.206249 1.552735 -81.875000 
-47.206249 2.794923 -83.125000 
-49.069531 0.931641 -86.250000 
-47.206249 1.552735 -81.875000


-47.203144 -7.142581 -84.381250 
-47.203144 -9.937504 -83.131250 
-48.445332 -8.695316 -84.381250 
-47.203144 -7.142581 -84.381250


-47.206249 2.794923 -83.125000 
-45.964061 3.416017 -80.000000 
-45.029315 2.487481 -82.500000 
-47.206249 2.794923 -83.125000


-44.408221 -4.658205 -83.756250 
-47.203144 -7.142581 -84.381250 
-46.582050 -4.968752 -85.006250 
-44.408221 -4.658205 -83.756250


-42.855486 -2.484376 -84.381250 
-44.408221 -4.658205 -83.756250 
-46.582050 -4.968752 -85.006250 
-42.855486 -2.484376 -84.381250


-45.029315 1.242188 -87.506250 
-42.544939 2.487481 -80.000000 
-43.476580 0.621094 -86.256250 
-45.029315 1.242188 -87.506250


-40.060563 2.487481 -76.250000 
-37.576187 -1.863282 -82.506250 
-41.302751 -0.310547 -84.381250 
-40.060563 2.487481 -76.250000


-50.929708 -16.458991 -82.493750 
-51.240255 -14.595709 -83.756250 
-50.308614 -17.390632 -83.131250 
-50.929708 -16.458991 -82.493750


-50.001172 -9.005863 -83.125000 
-50.308614 -10.558598 -85.631250 
-50.001172 -9.316410 -80.000000 
-50.001172 -9.005863 -83.125000


-50.001172 -9.005863 -83.125000 
-48.758984 -4.968752 -83.125000 
-50.308614 -7.142581 -86.256250 
-50.001172 -9.005863 -83.125000


-48.445332 -8.695316 -84.381250 
-47.824238 -12.421880 -82.506250 
-48.755879 -13.353521 -82.506250 
-48.445332 -8.695316 -84.381250


-47.203144 -9.937504 -83.131250 
-47.824238 -12.421880 -82.506250 
-48.445332 -8.695316 -84.381250 
-47.203144 -9.937504 -83.131250


-47.203144 -7.142581 -84.381250 
-45.960956 -7.763675 -83.131250 
-47.203144 -9.937504 -83.131250 
-47.203144 -7.142581 -84.381250


-44.408221 -4.658205 -83.756250 
-45.960956 -7.763675 -83.131250 
-47.203144 -7.142581 -84.381250 
-44.408221 -4.658205 -83.756250


-45.029315 2.487481 -82.500000 
-42.544939 2.487481 -80.000000 
-45.029315 1.242188 -87.506250 
-45.029315 2.487481 -82.500000


-42.855486 -2.484376 -84.381250 
-42.855486 -4.658205 -82.506250 
-44.408221 -4.658205 -83.756250 
-42.855486 -2.484376 -84.381250


-40.992204 -2.173829 -83.756250 
-42.855486 -4.658205 -82.506250 
-42.855486 -2.484376 -84.381250 
-40.992204 -2.173829 -83.756250


-40.060563 -4.658205 -81.256250 
-40.992204 -2.173829 -83.756250 
-37.576187 -1.863282 -82.506250 
-40.060563 -4.658205 -81.256250


-40.992204 -2.173829 -83.756250 
-41.302751 -0.310547 -84.381250 
-37.576187 -1.863282 -82.506250 
-40.992204 -2.173829 -83.756250


-50.929708 -16.458991 -82.493750 
-50.308614 -17.390632 -83.131250 
-50.929708 -21.117196 -81.881250 
-50.929708 -16.458991 -82.493750


-50.308614 -17.390632 -83.131250 
-49.998067 -20.185555 -82.506250 
-50.929708 -21.117196 -81.881250 
-50.308614 -17.390632 -83.131250


-48.755879 -13.353521 -82.506250 
-48.134785 -16.148444 -81.256250 
-50.308614 -14.595709 -83.756250 
-48.755879 -13.353521 -82.506250


-45.960956 -7.763675 -83.131250 
-45.029315 -9.005863 -81.881250 
-47.203144 -9.937504 -83.131250 
-45.960956 -7.763675 -83.131250


-43.166033 -6.521487 -81.881250 
-44.408221 -4.658205 -83.756250 
-42.855486 -4.658205 -82.506250 
-43.166033 -6.521487 -81.881250


-42.855486 -4.658205 -82.506250 
-40.992204 -2.173829 -83.756250 
-40.060563 -4.658205 -81.256250 
-42.855486 -4.658205 -82.506250


-51.240255 -14.595709 -83.756250 
-50.001172 -9.316410 -80.000000 
-51.243360 -12.421880 -84.375000 
-51.240255 -14.595709 -83.756250


-50.308614 -17.390632 -83.131250 
-48.445332 -18.943367 -80.631250 
-49.998067 -20.185555 -82.506250 
-50.308614 -17.390632 -83.131250


-50.308614 -14.595709 -83.756250 
-48.134785 -16.148444 -81.256250 
-50.308614 -17.390632 -83.131250 
-50.308614 -14.595709 -83.756250


-47.516796 -3.416017 -80.000000 
-49.380078 -3.105470 -84.375000 
-48.758984 -4.968752 -83.125000 
-47.516796 -3.416017 -80.000000


-47.516796 -3.416017 -80.000000 
-46.895702 -2.173829 -79.375000 
-49.380078 -3.105470 -84.375000 
-47.516796 -3.416017 -80.000000


-47.203144 -9.937504 -83.131250 
-46.892597 -11.179692 -81.881250 
-47.824238 -12.421880 -82.506250 
-47.203144 -9.937504 -83.131250


-45.029315 -9.005863 -81.881250 
-46.892597 -11.179692 -81.881250 
-47.203144 -9.937504 -83.131250 
-45.029315 -9.005863 -81.881250


-43.166033 -6.521487 -81.881250 
-45.960956 -7.763675 -83.131250 
-44.408221 -4.658205 -83.756250 
-43.166033 -6.521487 -81.881250


-40.060563 2.487481 -76.250000 
-41.302751 -0.310547 -84.381250 
-42.544939 2.487481 -80.000000 
-40.060563 2.487481 -76.250000


-37.576187 -1.863282 -82.506250 
-37.265640 -3.416017 -81.256250 
-40.060563 -4.658205 -81.256250 
-37.576187 -1.863282 -82.506250


-50.001172 -9.316410 -80.000000 
-51.240255 -14.595709 -83.756250 
-50.929708 -16.458991 -82.493750 
-50.001172 -9.316410 -80.000000


-50.929708 -21.117196 -81.881250 
-50.308614 -24.843760 -81.881250 
-50.308614 -26.707042 -81.256250 
-50.929708 -21.117196 -81.881250


-50.311719 -12.732427 -80.000000 
-50.001172 -9.316410 -80.000000 
-50.929708 -16.458991 -82.493750 
-50.311719 -12.732427 -80.000000


-49.998067 -20.185555 -82.506250 
-50.308614 -24.843760 -81.881250 
-50.929708 -21.117196 -81.881250 
-49.998067 -20.185555 -82.506250


-49.069531 -5.589846 -78.750000 
-48.758984 -4.968752 -83.125000 
-50.001172 -9.005863 -83.125000 
-49.069531 -5.589846 -78.750000


-48.445332 -18.943367 -80.631250 
-48.134785 -20.806649 -80.006250 
-49.998067 -20.185555 -82.506250 
-48.445332 -18.943367 -80.631250


-48.134785 -16.148444 -81.256250 
-48.445332 -18.943367 -80.631250 
-50.308614 -17.390632 -83.131250 
-48.134785 -16.148444 -81.256250


-46.271503 -13.974615 -80.631250 
-48.134785 -16.148444 -81.256250 
-48.755879 -13.353521 -82.506250 
-46.271503 -13.974615 -80.631250


-47.824238 -12.421880 -82.506250 
-46.271503 -13.974615 -80.631250 
-48.755879 -13.353521 -82.506250 
-47.824238 -12.421880 -82.506250


-46.892597 -11.179692 -81.881250 
-46.271503 -13.974615 -80.631250 
-47.824238 -12.421880 -82.506250 
-46.892597 -11.179692 -81.881250


-44.408221 -10.558598 -80.631250 
-46.892597 -11.179692 -81.881250 
-45.029315 -9.005863 -81.881250 
-44.408221 -10.558598 -80.631250


-45.960956 -7.763675 -83.131250 
-43.166033 -6.521487 -81.881250 
-45.029315 -9.005863 -81.881250 
-45.960956 -7.763675 -83.131250


-40.060563 -4.658205 -81.256250 
-43.166033 -6.521487 -81.881250 
-42.855486 -4.658205 -82.506250 
-40.060563 -4.658205 -81.256250


-41.302751 -6.832034 -80.631250 
-43.166033 -6.521487 -81.881250 
-40.060563 -4.658205 -81.256250 
-41.302751 -6.832034 -80.631250


-37.576187 -1.863282 -82.506250 
-34.781264 -3.105470 -80.006250 
-37.265640 -3.416017 -81.256250 
-37.576187 -1.863282 -82.506250


-50.619161 -28.570324 -80.006250 
-50.929708 -21.117196 -81.881250 
-50.308614 -26.707042 -81.256250 
-50.619161 -28.570324 -80.006250


-50.932813 -21.738290 -80.000000 
-50.929708 -21.117196 -81.881250 
-50.619161 -28.570324 -80.006250 
-50.932813 -21.738290 -80.000000


-50.932813 -21.738290 -80.000000 
-50.929708 -16.458991 -82.493750 
-50.929708 -21.117196 -81.881250 
-50.932813 -21.738290 -80.000000


-49.069531 -5.589846 -78.750000 
-50.001172 -9.005863 -83.125000 
-50.001172 -9.316410 -80.000000 
-49.069531 -5.589846 -78.750000


-49.998067 -20.185555 -82.506250 
-48.134785 -22.669931 -79.381250 
-50.308614 -24.843760 -81.881250 
-49.998067 -20.185555 -82.506250


-48.134785 -20.806649 -80.006250 
-48.134785 -22.669931 -79.381250 
-49.998067 -20.185555 -82.506250 
-48.134785 -20.806649 -80.006250


-46.892597 -17.390632 -80.006250 
-48.445332 -18.943367 -80.631250 
-48.134785 -16.148444 -81.256250 
-46.892597 -17.390632 -80.006250


-46.271503 -13.974615 -80.631250 
-46.892597 -17.390632 -80.006250 
-48.134785 -16.148444 -81.256250 
-46.271503 -13.974615 -80.631250


-44.097674 -12.111333 -79.381250 
-46.271503 -13.974615 -80.631250 
-46.892597 -11.179692 -81.881250 
-44.097674 -12.111333 -79.381250


-45.964061 3.416017 -80.000000 
-47.206249 2.794923 -83.125000 
-47.206249 1.552735 -81.875000 
-45.964061 3.416017 -80.000000


-44.408221 -10.558598 -80.631250 
-44.097674 -12.111333 -79.381250 
-46.892597 -11.179692 -81.881250 
-44.408221 -10.558598 -80.631250


-42.855486 -10.248051 -79.381250 
-44.408221 -10.558598 -80.631250 
-45.029315 -9.005863 -81.881250 
-42.855486 -10.248051 -79.381250


-43.166033 -6.521487 -81.881250 
-42.855486 -10.248051 -79.381250 
-45.029315 -9.005863 -81.881250 
-43.166033 -6.521487 -81.881250


-41.302751 -6.832034 -80.631250 
-42.855486 -10.248051 -79.381250 
-43.166033 -6.521487 -81.881250 
-41.302751 -6.832034 -80.631250


-38.818375 0.624199 -78.750000 
-37.576187 -1.863282 -82.506250 
-40.060563 2.487481 -76.250000 
-38.818375 0.624199 -78.750000


-37.265640 -3.416017 -81.256250 
-37.576187 -4.658205 -80.006250 
-40.060563 -4.658205 -81.256250 
-37.265640 -3.416017 -81.256250


-48.445332 -27.017589 -77.506250 
-50.308614 -26.707042 -81.256250 
-50.308614 -24.843760 -81.881250 
-48.445332 -27.017589 -77.506250


-49.069531 -5.589846 -78.750000 
-47.516796 -3.416017 -80.000000 
-48.758984 -4.968752 -83.125000 
-49.069531 -5.589846 -78.750000


-45.964061 -0.621094 -78.125000 
-47.206249 1.552735 -81.875000 
-46.895702 -2.173829 -79.375000 
-45.964061 -0.621094 -78.125000


-46.271503 -13.974615 -80.631250 
-45.029315 -15.837897 -78.756250 
-46.892597 -17.390632 -80.006250 
-46.271503 -13.974615 -80.631250


-37.576187 -4.658205 -80.006250 
-39.439469 -6.521487 -80.006250 
-41.302751 -6.832034 -80.631250 
-37.576187 -4.658205 -80.006250


-40.060563 -4.658205 -81.256250 
-37.576187 -4.658205 -80.006250 
-41.302751 -6.832034 -80.631250 
-40.060563 -4.658205 -81.256250


-38.818375 0.624199 -78.750000 
-37.576187 0.003105 -78.750000 
-37.576187 -1.863282 -82.506250 
-38.818375 0.624199 -78.750000


-37.576187 -4.658205 -80.006250 
-37.265640 -3.416017 -81.256250 
-34.781264 -3.105470 -80.006250 
-37.576187 -4.658205 -80.006250


-37.576187 0.003105 -78.750000 
-34.781264 -3.105470 -80.006250 
-37.576187 -1.863282 -82.506250 
-37.576187 0.003105 -78.750000


-50.311719 -12.732427 -80.000000 
-50.929708 -16.458991 -82.493750 
-49.690625 -14.595709 -75.625000 
-50.311719 -12.732427 -80.000000


-50.308614 -26.707042 -81.256250 
-48.445332 -27.017589 -77.506250 
-50.619161 -28.570324 -80.006250 
-50.308614 -26.707042 -81.256250


-46.892597 -17.390632 -80.006250 
-48.134785 -20.806649 -80.006250 
-48.445332 -18.943367 -80.631250 
-46.892597 -17.390632 -80.006250


-44.097674 -12.111333 -79.381250 
-45.029315 -15.837897 -78.756250 
-46.271503 -13.974615 -80.631250 
-44.097674 -12.111333 -79.381250


-43.476580 4.040216 -75.625000 
-45.029315 2.487481 -82.500000 
-45.964061 3.416017 -80.000000 
-43.476580 4.040216 -75.625000


-42.855486 -10.248051 -79.381250 
-44.097674 -12.111333 -79.381250 
-44.408221 -10.558598 -80.631250 
-42.855486 -10.248051 -79.381250


-41.302751 -6.832034 -80.631250 
-40.371110 -8.695316 -78.756250 
-42.855486 -10.248051 -79.381250 
-41.302751 -6.832034 -80.631250


-39.439469 -6.521487 -80.006250 
-40.371110 -8.695316 -78.756250 
-41.302751 -6.832034 -80.631250 
-39.439469 -6.521487 -80.006250


-36.955093 -6.210940 -78.756250 
-39.439469 -6.521487 -80.006250 
-37.576187 -4.658205 -80.006250 
-36.955093 -6.210940 -78.756250


-37.576187 -4.658205 -80.006250 
-34.781264 -3.105470 -80.006250 
-33.535971 -4.037111 -78.750000 
-37.576187 -4.658205 -80.006250


-50.308614 -26.707042 -77.493750 
-50.932813 -21.738290 -80.000000 
-50.619161 -28.570324 -80.006250 
-50.308614 -26.707042 -77.493750


-50.619161 -28.570324 -80.006250 
-48.445332 -27.017589 -77.506250 
-49.376973 -31.057805 -78.750000 
-50.619161 -28.570324 -80.006250


-48.445332 -25.775401 -78.756250 
-48.445332 -27.017589 -77.506250 
-50.308614 -24.843760 -81.881250 
-48.445332 -25.775401 -78.756250


-48.134785 -22.669931 -79.381250 
-48.445332 -25.775401 -78.756250 
-50.308614 -24.843760 -81.881250 
-48.134785 -22.669931 -79.381250


-48.134785 -20.806649 -80.006250 
-47.203144 -22.669931 -76.868750 
-48.134785 -22.669931 -79.381250 
-48.134785 -20.806649 -80.006250


-46.892597 -17.390632 -80.006250 
-45.029315 -18.322273 -76.868750 
-48.134785 -20.806649 -80.006250 
-46.892597 -17.390632 -80.006250


-45.029315 -15.837897 -78.756250 
-45.029315 -18.322273 -76.868750 
-46.892597 -17.390632 -80.006250 
-45.029315 -15.837897 -78.756250


-43.479685 3.105470 -74.375000 
-45.964061 3.416017 -80.000000 
-47.206249 1.552735 -81.875000 
-43.479685 3.105470 -74.375000


-43.476580 4.040216 -75.625000 
-42.544939 2.487481 -80.000000 
-45.029315 2.487481 -82.500000 
-43.476580 4.040216 -75.625000


-40.371110 -8.695316 -78.756250 
-40.681657 -10.248051 -77.506250 
-42.855486 -10.248051 -79.381250 
-40.371110 -8.695316 -78.756250


-39.439469 -9.937504 -76.868750 
-39.439469 -6.521487 -80.006250 
-36.955093 -6.210940 -78.756250 
-39.439469 -9.937504 -76.868750


-48.758984 -31.675794 -77.500000 
-50.619161 -28.570324 -80.006250 
-49.376973 -31.057805 -78.750000 
-48.758984 -31.675794 -77.500000


-49.380078 -11.179692 -76.250000 
-50.001172 -9.316410 -80.000000 
-50.311719 -12.732427 -80.000000 
-49.380078 -11.179692 -76.250000


-48.758984 -7.763675 -76.250000 
-49.069531 -5.589846 -78.750000 
-50.001172 -9.316410 -80.000000 
-48.758984 -7.763675 -76.250000


-48.134785 -22.669931 -79.381250 
-47.203144 -22.669931 -76.868750 
-48.445332 -25.775401 -78.756250 
-48.134785 -22.669931 -79.381250


-45.964061 -0.621094 -78.125000 
-43.479685 3.105470 -74.375000 
-47.206249 1.552735 -81.875000 
-45.964061 -0.621094 -78.125000


-44.097674 -12.111333 -79.381250 
-43.473475 -15.527350 -76.875000 
-45.029315 -15.837897 -78.756250 
-44.097674 -12.111333 -79.381250


-42.234392 -12.732427 -76.881250 
-43.473475 -15.527350 -76.875000 
-44.097674 -12.111333 -79.381250 
-42.234392 -12.732427 -76.881250


-42.855486 -10.248051 -79.381250 
-42.234392 -12.732427 -76.881250 
-44.097674 -12.111333 -79.381250 
-42.855486 -10.248051 -79.381250


-40.681657 -10.248051 -77.506250 
-42.234392 -12.732427 -76.881250 
-42.855486 -10.248051 -79.381250 
-40.681657 -10.248051 -77.506250


-39.439469 -9.937504 -76.868750 
-40.371110 -8.695316 -78.756250 
-39.439469 -6.521487 -80.006250 
-39.439469 -9.937504 -76.868750


-50.932813 -21.738290 -80.000000 
-49.690625 -14.595709 -75.625000 
-50.929708 -16.458991 -82.493750 
-50.932813 -21.738290 -80.000000


-48.445332 -27.017589 -77.506250 
-48.758984 -31.675794 -77.500000 
-49.376973 -31.057805 -78.750000 
-48.445332 -27.017589 -77.506250


-46.895702 -2.173829 -79.375000 
-47.516796 -3.416017 -80.000000 
-49.069531 -5.589846 -78.750000 
-46.895702 -2.173829 -79.375000


-46.585155 -1.242188 -74.375000 
-45.964061 -0.621094 -78.125000 
-46.895702 -2.173829 -79.375000 
-46.585155 -1.242188 -74.375000


-45.029315 -18.322273 -76.868750 
-47.203144 -22.669931 -76.868750 
-48.134785 -20.806649 -80.006250 
-45.029315 -18.322273 -76.868750


-43.473475 -15.527350 -76.875000 
-45.029315 -18.322273 -76.868750 
-45.029315 -15.837897 -78.756250 
-43.473475 -15.527350 -76.875000


-39.439469 -9.937504 -76.868750 
-40.681657 -10.248051 -77.506250 
-40.371110 -8.695316 -78.756250 
-39.439469 -9.937504 -76.868750


-36.955093 -6.210940 -78.756250 
-37.265640 -8.074222 -76.256250 
-39.439469 -9.937504 -76.868750 
-36.955093 -6.210940 -78.756250


-37.576187 -4.658205 -80.006250 
-33.849623 -6.214045 -76.250000 
-36.955093 -6.210940 -78.756250 
-37.576187 -4.658205 -80.006250


-37.576187 0.003105 -78.750000 
-35.091811 -1.860177 -76.250000 
-34.781264 -3.105470 -80.006250 
-37.576187 0.003105 -78.750000


-33.849623 -6.214045 -76.250000 
-37.576187 -4.658205 -80.006250 
-33.535971 -4.037111 -78.750000 
-33.849623 -6.214045 -76.250000


-31.986341 -5.592951 -76.250000 
-33.849623 -6.214045 -76.250000 
-33.535971 -4.037111 -78.750000 
-31.986341 -5.592951 -76.250000


-33.535971 -4.037111 -78.750000 
-34.781264 -3.105470 -80.006250 
-31.986341 -5.592951 -76.250000 
-33.535971 -4.037111 -78.750000


-49.690625 -19.253914 -75.000000 
-50.932813 -21.738290 -80.000000 
-50.308614 -26.707042 -77.493750 
-49.690625 -19.253914 -75.000000


-49.690625 -19.253914 -75.000000 
-49.690625 -14.595709 -75.625000 
-50.932813 -21.738290 -80.000000 
-49.690625 -19.253914 -75.000000


-48.758984 -31.675794 -77.500000 
-48.758984 -27.638683 -73.750000 
-50.619161 -28.570324 -80.006250 
-48.758984 -31.675794 -77.500000


-49.380078 -11.179692 -76.250000 
-48.758984 -7.763675 -76.250000 
-50.001172 -9.316410 -80.000000 
-49.380078 -11.179692 -76.250000


-48.758984 -7.763675 -76.250000 
-47.516796 -3.105470 -75.000000 
-49.069531 -5.589846 -78.750000 
-48.758984 -7.763675 -76.250000


-47.516796 -3.105470 -75.000000 
-46.895702 -2.173829 -79.375000 
-49.069531 -5.589846 -78.750000 
-47.516796 -3.105470 -75.000000


-47.203144 -22.669931 -76.868750 
-47.510586 -23.601572 -75.625000 
-48.445332 -25.775401 -78.756250 
-47.203144 -22.669931 -76.868750


-46.585155 -1.242188 -74.375000 
-43.479685 3.105470 -74.375000 
-45.964061 -0.621094 -78.125000 
-46.585155 -1.242188 -74.375000


-42.544939 2.487481 -80.000000 
-43.476580 4.040216 -75.625000 
-40.060563 2.487481 -76.250000 
-42.544939 2.487481 -80.000000


-39.439469 -9.937504 -76.868750 
-42.234392 -12.732427 -76.881250 
-40.681657 -10.248051 -77.506250 
-39.439469 -9.937504 -76.868750


-36.333999 -0.928536 -73.125000 
-35.091811 -1.860177 -76.250000 
-37.576187 0.003105 -78.750000 
-36.333999 -0.928536 -73.125000


-37.265640 -8.074222 -76.256250 
-36.955093 -6.210940 -78.756250 
-33.849623 -6.214045 -76.250000 
-37.265640 -8.074222 -76.256250


-34.781264 -3.105470 -80.006250 
-33.228529 -4.037111 -76.243750 
-31.986341 -5.592951 -76.250000 
-34.781264 -3.105470 -80.006250


-49.690625 -14.595709 -75.625000 
-49.380078 -11.179692 -76.250000 
-50.311719 -12.732427 -80.000000 
-49.690625 -14.595709 -75.625000


-47.510586 -23.601572 -75.625000 
-45.960956 -28.570324 -72.506250 
-48.445332 -27.017589 -77.506250 
-47.510586 -23.601572 -75.625000


-48.445332 -25.775401 -78.756250 
-47.510586 -23.601572 -75.625000 
-48.445332 -27.017589 -77.506250 
-48.445332 -25.775401 -78.756250


-45.029315 -18.322273 -76.868750 
-46.271503 -17.080085 -76.868750 
-47.203144 -22.669931 -76.868750 
-45.029315 -18.322273 -76.868750


-44.405116 -17.390632 -73.750000 
-46.271503 -17.080085 -76.868750 
-45.029315 -12.732427 -76.868750 
-44.405116 -17.390632 -73.750000


-45.029315 -18.322273 -76.868750 
-45.029315 -12.732427 -76.868750 
-46.271503 -17.080085 -76.868750 
-45.029315 -18.322273 -76.868750


-45.029315 -12.732427 -76.868750 
-45.029315 -18.322273 -76.868750 
-43.473475 -15.527350 -76.875000 
-45.029315 -12.732427 -76.868750


-43.476580 4.040216 -75.625000 
-45.964061 3.416017 -80.000000 
-43.479685 3.105470 -74.375000 
-43.476580 4.040216 -75.625000


-42.234392 -12.732427 -76.881250 
-43.166033 -9.626957 -76.868750 
-45.029315 -12.732427 -76.868750 
-42.234392 -12.732427 -76.881250


-42.234392 -12.732427 -76.881250 
-45.029315 -12.732427 -76.868750 
-43.473475 -15.527350 -76.875000 
-42.234392 -12.732427 -76.881250


-39.439469 -9.937504 -76.868750 
-40.371110 -7.453128 -76.868750 
-43.166033 -9.626957 -76.868750 
-39.439469 -9.937504 -76.868750


-39.439469 -9.937504 -76.868750 
-43.166033 -9.626957 -76.868750 
-42.234392 -12.732427 -76.881250 
-39.439469 -9.937504 -76.868750


-35.091811 -1.860177 -76.250000 
-33.849623 -3.416017 -75.006250 
-34.781264 -3.105470 -80.006250 
-35.091811 -1.860177 -76.250000


-33.849623 -3.416017 -75.006250 
-33.228529 -4.037111 -76.243750 
-34.781264 -3.105470 -80.006250 
-33.849623 -3.416017 -75.006250


-49.690625 -14.595709 -75.625000 
-49.690625 -19.253914 -75.000000 
-48.755879 -17.701179 -72.493750 
-49.690625 -14.595709 -75.625000


-48.758984 -27.638683 -73.750000 
-50.308614 -26.707042 -77.493750 
-50.619161 -28.570324 -80.006250 
-48.758984 -27.638683 -73.750000


-49.069531 -29.191418 -73.750000 
-48.758984 -31.675794 -77.500000 
-47.824238 -34.163275 -75.000000 
-49.069531 -29.191418 -73.750000


-48.758984 -27.638683 -73.750000 
-48.758984 -31.675794 -77.500000 
-49.069531 -29.191418 -73.750000 
-48.758984 -27.638683 -73.750000


-46.271503 -19.875008 -75.006250 
-47.510586 -23.601572 -75.625000 
-47.203144 -22.669931 -76.868750 
-46.271503 -19.875008 -75.006250


-46.271503 -17.080085 -76.868750 
-46.271503 -19.875008 -75.006250 
-47.203144 -22.669931 -76.868750 
-46.271503 -17.080085 -76.868750


-47.516796 -3.105470 -75.000000 
-46.585155 -1.242188 -74.375000 
-46.895702 -2.173829 -79.375000 
-47.516796 -3.105470 -75.000000


-43.166033 -9.626957 -76.868750 
-44.094569 -13.974615 -75.000000 
-45.029315 -12.732427 -76.868750 
-43.166033 -9.626957 -76.868750


-44.094569 -13.974615 -75.000000 
-43.166033 -9.626957 -76.868750 
-42.544939 -11.800786 -74.381250 
-44.094569 -13.974615 -75.000000


-40.992204 -9.937504 -74.381250 
-42.544939 -11.800786 -74.381250 
-43.166033 -9.626957 -76.868750 
-40.992204 -9.937504 -74.381250


-40.371110 -7.453128 -76.868750 
-40.992204 -9.937504 -74.381250 
-43.166033 -9.626957 -76.868750 
-40.371110 -7.453128 -76.868750


-40.371110 -7.453128 -76.868750 
-40.681657 -7.763675 -75.006250 
-40.992204 -9.937504 -74.381250 
-40.371110 -7.453128 -76.868750


-38.197281 -5.589846 -76.243750 
-40.681657 -7.763675 -75.006250 
-40.371110 -7.453128 -76.868750 
-38.197281 -5.589846 -76.243750


-39.439469 -9.937504 -76.868750 
-38.197281 -5.589846 -76.243750 
-40.371110 -7.453128 -76.868750 
-39.439469 -9.937504 -76.868750


-37.265640 -8.074222 -76.256250 
-38.197281 -5.589846 -76.243750 
-39.439469 -9.937504 -76.868750 
-37.265640 -8.074222 -76.256250


-37.576187 0.003105 -72.500000 
-36.333999 -0.928536 -73.125000 
-37.576187 0.003105 -78.750000 
-37.576187 0.003105 -72.500000


-33.849623 -6.214045 -76.250000 
-38.197281 -5.589846 -76.243750 
-37.265640 -8.074222 -76.256250 
-33.849623 -6.214045 -76.250000


-33.849623 -3.416017 -75.006250 
-38.197281 -5.589846 -76.243750 
-33.228529 -4.037111 -76.243750 
-33.849623 -3.416017 -75.006250


-31.986341 -5.592951 -76.250000 
-33.228529 -4.037111 -76.243750 
-38.197281 -5.589846 -76.243750 
-31.986341 -5.592951 -76.250000


-31.986341 -5.592951 -76.250000 
-38.197281 -5.589846 -76.243750 
-33.849623 -6.214045 -76.250000 
-31.986341 -5.592951 -76.250000


-49.066426 -22.359384 -74.368750 
-49.690625 -19.253914 -75.000000 
-50.308614 -26.707042 -77.493750 
-49.066426 -22.359384 -74.368750


-49.066426 -22.359384 -74.368750 
-50.308614 -26.707042 -77.493750 
-48.758984 -27.638683 -73.750000 
-49.066426 -22.359384 -74.368750


-46.582050 -33.539076 -72.506250 
-47.824238 -34.163275 -75.000000 
-48.758984 -31.675794 -77.500000 
-46.582050 -33.539076 -72.506250


-44.405116 -17.390632 -73.750000 
-46.271503 -19.875008 -75.006250 
-46.271503 -17.080085 -76.868750 
-44.405116 -17.390632 -73.750000


-44.094569 -13.974615 -75.000000 
-44.405116 -17.390632 -73.750000 
-45.029315 -12.732427 -76.868750 
-44.094569 -13.974615 -75.000000


-38.197281 -5.589846 -76.243750 
-38.197281 -7.142581 -74.381250 
-40.681657 -7.763675 -75.006250 
-38.197281 -5.589846 -76.243750


-37.265640 -5.279299 -75.006250 
-38.197281 -7.142581 -74.381250 
-38.197281 -5.589846 -76.243750 
-37.265640 -5.279299 -75.006250


-40.060563 2.487481 -76.250000 
-37.576187 0.003105 -72.500000 
-38.818375 0.624199 -78.750000 
-40.060563 2.487481 -76.250000


-39.439469 2.487481 -73.125000 
-37.576187 0.003105 -72.500000 
-40.060563 2.487481 -76.250000 
-39.439469 2.487481 -73.125000


-38.818375 0.624199 -78.750000 
-37.576187 0.003105 -72.500000 
-37.576187 0.003105 -78.750000 
-38.818375 0.624199 -78.750000


-35.712905 -5.279299 -74.381250 
-37.265640 -5.279299 -75.006250 
-38.197281 -5.589846 -76.243750 
-35.712905 -5.279299 -74.381250


-35.712905 -5.279299 -74.381250 
-38.197281 -5.589846 -76.243750 
-33.849623 -3.416017 -75.006250 
-35.712905 -5.279299 -74.381250


-46.582050 -33.539076 -72.506250 
-48.758984 -31.675794 -77.500000 
-48.445332 -27.017589 -77.506250 
-46.582050 -33.539076 -72.506250


-46.271503 -19.875008 -75.006250 
-46.271503 -23.912119 -73.756250 
-47.510586 -23.601572 -75.625000 
-46.271503 -19.875008 -75.006250


-43.476580 4.040216 -75.625000 
-39.439469 2.487481 -73.125000 
-40.060563 2.487481 -76.250000 
-43.476580 4.040216 -75.625000


-48.448437 -31.365247 -71.875000 
-49.069531 -29.191418 -73.750000 
-47.824238 -34.163275 -75.000000 
-48.448437 -31.365247 -71.875000


-47.206249 -5.279299 -71.875000 
-47.516796 -3.105470 -75.000000 
-48.758984 -7.763675 -76.250000 
-47.206249 -5.279299 -71.875000


-46.582050 -30.744153 -72.506250 
-46.582050 -33.539076 -72.506250 
-48.445332 -27.017589 -77.506250 
-46.582050 -30.744153 -72.506250


-45.960956 -28.570324 -72.506250 
-46.582050 -30.744153 -72.506250 
-48.445332 -27.017589 -77.506250 
-45.960956 -28.570324 -72.506250


-45.029315 -26.707042 -71.256250 
-45.960956 -28.570324 -72.506250 
-47.510586 -23.601572 -75.625000 
-45.029315 -26.707042 -71.256250


-46.271503 -23.912119 -73.756250 
-45.029315 -26.707042 -71.256250 
-47.510586 -23.601572 -75.625000 
-46.271503 -23.912119 -73.756250


-46.271503 -19.875008 -75.006250 
-44.715663 -23.291025 -71.875000 
-46.271503 -23.912119 -73.756250 
-46.271503 -19.875008 -75.006250


-45.653514 0.000000 -71.875000 
-43.479685 3.105470 -74.375000 
-46.585155 -1.242188 -74.375000 
-45.653514 0.000000 -71.875000


-42.544939 -11.800786 -74.381250 
-42.544939 -16.148444 -72.506250 
-44.094569 -13.974615 -75.000000 
-42.544939 -11.800786 -74.381250


-43.479685 3.105470 -74.375000 
-42.544939 4.661310 -73.125000 
-43.476580 4.040216 -75.625000 
-43.479685 3.105470 -74.375000


-40.992204 -9.937504 -74.381250 
-41.302751 -11.179692 -73.756250 
-42.544939 -11.800786 -74.381250 
-40.992204 -9.937504 -74.381250


-42.544939 4.661310 -73.125000 
-39.439469 2.487481 -73.125000 
-43.476580 4.040216 -75.625000 
-42.544939 4.661310 -73.125000


-38.197281 -7.142581 -74.381250 
-40.992204 -9.937504 -74.381250 
-40.681657 -7.763675 -75.006250 
-38.197281 -7.142581 -74.381250


-35.712905 -5.279299 -74.381250 
-38.197281 -7.142581 -74.381250 
-37.265640 -5.279299 -75.006250 
-35.712905 -5.279299 -74.381250


-35.712905 -5.279299 -74.381250 
-36.333999 -8.384769 -72.506250 
-38.197281 -7.142581 -74.381250 
-35.712905 -5.279299 -74.381250


-34.160170 -3.102365 -71.250000 
-33.849623 -3.416017 -75.006250 
-35.091811 -1.860177 -76.250000 
-34.160170 -3.102365 -71.250000


-33.849623 -3.416017 -75.006250 
-32.914877 -5.589846 -73.125000 
-35.712905 -5.279299 -74.381250 
-33.849623 -3.416017 -75.006250


-33.849623 -3.416017 -75.006250 
-31.675794 -4.968752 -73.131250 
-32.914877 -5.589846 -73.125000 
-33.849623 -3.416017 -75.006250


-47.827343 -12.421880 -70.625000 
-49.380078 -11.179692 -76.250000 
-49.690625 -14.595709 -75.625000 
-47.827343 -12.421880 -70.625000


-47.827343 -8.695316 -71.875000 
-48.758984 -7.763675 -76.250000 
-49.380078 -11.179692 -76.250000 
-47.827343 -8.695316 -71.875000


-47.203144 -33.231634 -70.625000 
-48.448437 -31.365247 -71.875000 
-47.824238 -34.163275 -75.000000 
-47.203144 -33.231634 -70.625000


-47.203144 -33.231634 -70.625000 
-47.824238 -34.163275 -75.000000 
-46.582050 -33.539076 -72.506250 
-47.203144 -33.231634 -70.625000


-45.653514 -2.173829 -70.000000 
-46.585155 -1.242188 -74.375000 
-47.516796 -3.105470 -75.000000 
-45.653514 -2.173829 -70.000000


-43.784022 -20.185555 -71.875000 
-44.715663 -23.291025 -71.875000 
-46.271503 -19.875008 -75.006250 
-43.784022 -20.185555 -71.875000


-43.476580 -18.322273 -72.506250 
-43.784022 -20.185555 -71.875000 
-46.271503 -19.875008 -75.006250 
-43.476580 -18.322273 -72.506250


-44.405116 -17.390632 -73.750000 
-43.476580 -18.322273 -72.506250 
-46.271503 -19.875008 -75.006250 
-44.405116 -17.390632 -73.750000


-44.094569 -13.974615 -75.000000 
-42.544939 -16.148444 -72.506250 
-44.405116 -17.390632 -73.750000 
-44.094569 -13.974615 -75.000000


-41.302751 -11.179692 -73.756250 
-42.544939 -16.148444 -72.506250 
-42.544939 -11.800786 -74.381250 
-41.302751 -11.179692 -73.756250


-38.197281 -7.142581 -74.381250 
-38.507828 -10.248051 -72.506250 
-40.992204 -9.937504 -74.381250 
-38.197281 -7.142581 -74.381250


-36.333999 -0.928536 -73.125000 
-34.160170 -3.102365 -71.250000 
-35.091811 -1.860177 -76.250000 
-36.333999 -0.928536 -73.125000


-32.914877 -5.589846 -73.125000 
-33.849623 -7.453128 -71.881250 
-35.712905 -5.279299 -74.381250 
-32.914877 -5.589846 -73.125000


-34.160170 -3.102365 -71.250000 
-31.675794 -4.968752 -73.131250 
-33.849623 -3.416017 -75.006250 
-34.160170 -3.102365 -71.250000


-48.755879 -17.701179 -72.493750 
-49.690625 -19.253914 -75.000000 
-49.066426 -22.359384 -74.368750 
-48.755879 -17.701179 -72.493750


-48.137890 -22.048837 -71.250000 
-48.755879 -17.701179 -72.493750 
-49.066426 -22.359384 -74.368750 
-48.137890 -22.048837 -71.250000


-45.029315 -32.917982 -70.631250 
-46.582050 -33.539076 -72.506250 
-46.582050 -30.744153 -72.506250 
-45.029315 -32.917982 -70.631250


-42.544939 4.661310 -73.125000 
-43.479685 3.105470 -74.375000 
-45.653514 0.000000 -71.875000 
-42.544939 4.661310 -73.125000


-42.544939 -16.148444 -72.506250 
-43.476580 -18.322273 -72.506250 
-44.405116 -17.390632 -73.750000 
-42.544939 -16.148444 -72.506250


-41.302751 -11.179692 -73.756250 
-40.678552 -14.285162 -71.875000 
-42.544939 -16.148444 -72.506250 
-41.302751 -11.179692 -73.756250


-38.507828 -10.248051 -72.506250 
-38.815270 -13.042974 -70.625000 
-41.302751 -11.179692 -73.756250 
-38.507828 -10.248051 -72.506250


-40.992204 -9.937504 -74.381250 
-38.507828 -10.248051 -72.506250 
-41.302751 -11.179692 -73.756250 
-40.992204 -9.937504 -74.381250


-39.439469 2.487481 -73.125000 
-39.750016 3.729669 -68.125000 
-37.576187 0.003105 -72.500000 
-39.439469 2.487481 -73.125000


-36.333999 -8.384769 -72.506250 
-38.507828 -10.248051 -72.506250 
-38.197281 -7.142581 -74.381250 
-36.333999 -8.384769 -72.506250


-33.849623 -7.453128 -71.881250 
-36.333999 -8.384769 -72.506250 
-35.712905 -5.279299 -74.381250 
-33.849623 -7.453128 -71.881250


-48.448437 -27.638683 -68.750000 
-48.758984 -27.638683 -73.750000 
-49.069531 -29.191418 -73.750000 
-48.448437 -27.638683 -68.750000


-47.827343 -12.421880 -70.625000 
-49.690625 -14.595709 -75.625000 
-48.755879 -17.701179 -72.493750 
-47.827343 -12.421880 -70.625000


-47.827343 -19.875008 -70.625000 
-48.755879 -17.701179 -72.493750 
-48.137890 -22.048837 -71.250000 
-47.827343 -19.875008 -70.625000


-46.274608 -6.210940 -68.750000 
-48.758984 -7.763675 -76.250000 
-47.827343 -8.695316 -71.875000 
-46.274608 -6.210940 -68.750000


-42.544939 4.661310 -73.125000 
-45.653514 0.000000 -71.875000 
-43.479685 3.105470 -68.125000 
-42.544939 4.661310 -73.125000


-42.544939 -16.148444 -72.506250 
-42.231287 -17.701179 -71.250000 
-43.476580 -18.322273 -72.506250 
-42.544939 -16.148444 -72.506250


-38.815270 -13.042974 -70.625000 
-40.678552 -14.285162 -71.875000 
-41.302751 -11.179692 -73.756250 
-38.815270 -13.042974 -70.625000


-39.750016 3.729669 -68.125000 
-38.194176 1.863282 -66.875000 
-37.576187 0.003105 -72.500000 
-39.750016 3.729669 -68.125000


-34.470717 -9.316410 -70.631250 
-36.333999 -8.384769 -72.506250 
-33.849623 -7.453128 -71.881250 
-34.470717 -9.316410 -70.631250


-31.986341 -7.763675 -70.631250 
-33.849623 -7.453128 -71.881250 
-32.914877 -5.589846 -73.125000 
-31.986341 -7.763675 -70.631250


-31.675794 -4.968752 -73.131250 
-31.986341 -7.763675 -70.631250 
-32.914877 -5.589846 -73.125000 
-31.675794 -4.968752 -73.131250


-48.137890 -22.048837 -71.250000 
-49.066426 -22.359384 -74.368750 
-48.758984 -27.638683 -73.750000 
-48.137890 -22.048837 -71.250000


-47.827343 -8.695316 -71.875000 
-49.380078 -11.179692 -76.250000 
-47.827343 -12.421880 -70.625000 
-47.827343 -8.695316 -71.875000


-46.274608 -6.210940 -68.750000 
-47.206249 -5.279299 -71.875000 
-48.758984 -7.763675 -76.250000 
-46.274608 -6.210940 -68.750000


-45.653514 -2.173829 -70.000000 
-47.516796 -3.105470 -75.000000 
-47.206249 -5.279299 -71.875000 
-45.653514 -2.173829 -70.000000


-45.960956 -28.570324 -72.506250 
-45.029315 -32.917982 -70.631250 
-46.582050 -30.744153 -72.506250 
-45.960956 -28.570324 -72.506250


-45.653514 -2.173829 -70.000000 
-45.653514 0.000000 -71.875000 
-46.585155 -1.242188 -74.375000 
-45.653514 -2.173829 -70.000000


-44.715663 -23.291025 -71.875000 
-44.097674 -24.843760 -70.006250 
-46.271503 -23.912119 -73.756250 
-44.715663 -23.291025 -71.875000


-43.476580 -18.322273 -72.506250 
-42.234392 -21.427743 -69.381250 
-43.784022 -20.185555 -71.875000 
-43.476580 -18.322273 -72.506250


-42.234392 4.971857 -68.125000 
-42.544939 4.661310 -73.125000 
-43.479685 3.105470 -68.125000 
-42.234392 4.971857 -68.125000


-42.234392 4.971857 -68.125000 
-39.750016 3.729669 -68.125000 
-42.544939 4.661310 -73.125000 
-42.234392 4.971857 -68.125000


-40.678552 -14.285162 -71.875000 
-42.231287 -17.701179 -71.250000 
-42.544939 -16.148444 -72.506250 
-40.678552 -14.285162 -71.875000


-42.544939 4.661310 -73.125000 
-39.750016 3.729669 -68.125000 
-39.439469 2.487481 -73.125000 
-42.544939 4.661310 -73.125000


-36.951988 -11.179692 -70.625000 
-38.815270 -13.042974 -70.625000 
-38.507828 -10.248051 -72.506250 
-36.951988 -11.179692 -70.625000


-36.333999 -8.384769 -72.506250 
-36.951988 -11.179692 -70.625000 
-38.507828 -10.248051 -72.506250 
-36.333999 -8.384769 -72.506250


-34.470717 -9.316410 -70.631250 
-36.951988 -11.179692 -70.625000 
-36.333999 -8.384769 -72.506250 
-34.470717 -9.316410 -70.631250


-29.498860 -6.521487 -70.625000 
-31.986341 -7.763675 -70.631250 
-31.675794 -4.968752 -73.131250 
-29.498860 -6.521487 -70.625000


-48.448437 -27.638683 -68.750000 
-49.069531 -29.191418 -73.750000 
-48.137890 -29.191418 -69.375000 
-48.448437 -27.638683 -68.750000


-48.448437 -31.365247 -71.875000 
-48.137890 -29.191418 -69.375000 
-49.069531 -29.191418 -73.750000 
-48.448437 -31.365247 -71.875000


-47.206249 -16.769538 -69.375000 
-47.827343 -12.421880 -70.625000 
-48.755879 -17.701179 -72.493750 
-47.206249 -16.769538 -69.375000


-47.206249 -16.769538 -69.375000 
-48.755879 -17.701179 -72.493750 
-47.827343 -19.875008 -70.625000 
-47.206249 -16.769538 -69.375000


-46.274608 -10.869145 -67.500000 
-47.827343 -8.695316 -71.875000 
-47.827343 -12.421880 -70.625000 
-46.274608 -10.869145 -67.500000


-47.203144 -33.231634 -70.625000 
-46.582050 -33.539076 -72.506250 
-45.029315 -32.917982 -70.631250 
-47.203144 -33.231634 -70.625000


-44.097674 -24.843760 -70.006250 
-45.029315 -26.707042 -71.256250 
-46.271503 -23.912119 -73.756250 
-44.097674 -24.843760 -70.006250


-44.097674 -24.843760 -70.006250 
-42.855486 -26.396495 -68.131250 
-45.029315 -26.707042 -71.256250 
-44.097674 -24.843760 -70.006250


-42.231287 -17.701179 -71.250000 
-42.234392 -21.427743 -69.381250 
-43.476580 -18.322273 -72.506250 
-42.231287 -17.701179 -71.250000


-34.470717 -9.316410 -70.631250 
-33.849623 -7.453128 -71.881250 
-31.986341 -7.763675 -70.631250 
-34.470717 -9.316410 -70.631250


-34.160170 -3.102365 -71.250000 
-31.365247 -5.276194 -68.750000 
-31.675794 -4.968752 -73.131250 
-34.160170 -3.102365 -71.250000


-31.365247 -5.276194 -68.750000 
-29.498860 -6.521487 -70.625000 
-31.675794 -4.968752 -73.131250 
-31.365247 -5.276194 -68.750000


-42.234392 -21.427743 -69.381250 
-44.715663 -23.291025 -71.875000 
-43.784022 -20.185555 -71.875000 
-42.234392 -21.427743 -69.381250


-40.678552 -14.285162 -71.875000 
-39.439469 -16.458991 -68.756250 
-42.231287 -17.701179 -71.250000 
-40.678552 -14.285162 -71.875000


-38.815270 -13.042974 -70.625000 
-38.507828 -14.595709 -69.381250 
-40.678552 -14.285162 -71.875000 
-38.815270 -13.042974 -70.625000


-36.951988 -11.179692 -70.625000 
-36.644546 -12.421880 -69.381250 
-38.815270 -13.042974 -70.625000 
-36.951988 -11.179692 -70.625000


-36.641441 -1.242188 -67.500000 
-36.333999 -0.928536 -73.125000 
-37.576187 0.003105 -72.500000 
-36.641441 -1.242188 -67.500000


-34.470717 -9.316410 -70.631250 
-36.644546 -12.421880 -69.381250 
-36.951988 -11.179692 -70.625000 
-34.470717 -9.316410 -70.631250


-36.333999 -0.928536 -73.125000 
-35.088706 -2.484376 -66.875000 
-34.160170 -3.102365 -71.250000 
-36.333999 -0.928536 -73.125000


-29.191418 -7.763675 -68.756250 
-31.986341 -7.763675 -70.631250 
-29.498860 -6.521487 -70.625000 
-29.191418 -7.763675 -68.756250


-48.448437 -27.638683 -68.750000 
-48.137890 -22.048837 -71.250000 
-48.758984 -27.638683 -73.750000 
-48.448437 -27.638683 -68.750000


-48.448437 -26.085948 -67.500000 
-48.137890 -22.048837 -71.250000 
-48.448437 -27.638683 -68.750000 
-48.448437 -26.085948 -67.500000


-48.448437 -22.048837 -66.875000 
-47.827343 -19.875008 -70.625000 
-48.137890 -22.048837 -71.250000 
-48.448437 -22.048837 -66.875000


-46.892597 -32.921087 -67.500000 
-48.448437 -31.365247 -71.875000 
-47.203144 -33.231634 -70.625000 
-46.892597 -32.921087 -67.500000


-48.137890 -29.191418 -69.375000 
-48.448437 -31.365247 -71.875000 
-46.892597 -32.921087 -67.500000 
-48.137890 -29.191418 -69.375000


-46.892597 -32.921087 -67.500000 
-47.203144 -33.231634 -70.625000 
-45.029315 -32.917982 -70.631250 
-46.892597 -32.921087 -67.500000


-44.408221 -3.726564 -64.993750 
-45.653514 -2.173829 -70.000000 
-47.206249 -5.279299 -71.875000 
-44.408221 -3.726564 -64.993750


-45.960956 -28.570324 -72.506250 
-44.097674 -32.607435 -68.756250 
-45.029315 -32.917982 -70.631250 
-45.960956 -28.570324 -72.506250


-42.855486 -26.396495 -68.131250 
-43.787127 -30.123059 -68.756250 
-45.960956 -28.570324 -72.506250 
-42.855486 -26.396495 -68.131250


-45.029315 -26.707042 -71.256250 
-42.855486 -26.396495 -68.131250 
-45.960956 -28.570324 -72.506250 
-45.029315 -26.707042 -71.256250


-41.302751 -24.843760 -66.881250 
-44.097674 -24.843760 -70.006250 
-44.715663 -23.291025 -71.875000 
-41.302751 -24.843760 -66.881250


-44.715663 -23.291025 -71.875000 
-42.234392 -21.427743 -69.381250 
-41.302751 -24.843760 -66.881250 
-44.715663 -23.291025 -71.875000


-41.302751 -19.253914 -69.381250 
-42.234392 -21.427743 -69.381250 
-42.231287 -17.701179 -71.250000 
-41.302751 -19.253914 -69.381250


-39.439469 -16.458991 -68.756250 
-41.302751 -19.253914 -69.381250 
-42.231287 -17.701179 -71.250000 
-39.439469 -16.458991 -68.756250


-38.507828 -14.595709 -69.381250 
-39.439469 -16.458991 -68.756250 
-40.678552 -14.285162 -71.875000 
-38.507828 -14.595709 -69.381250


-36.644546 -12.421880 -69.381250 
-38.507828 -14.595709 -69.381250 
-38.815270 -13.042974 -70.625000 
-36.644546 -12.421880 -69.381250


-31.054700 -10.248051 -67.506250 
-34.470717 -9.316410 -70.631250 
-31.986341 -7.763675 -70.631250 
-31.054700 -10.248051 -67.506250


-46.274608 -10.869145 -67.500000 
-47.827343 -12.421880 -70.625000 
-47.206249 -16.769538 -69.375000 
-46.274608 -10.869145 -67.500000


-46.274608 -10.869145 -67.500000 
-47.206249 -16.769538 -69.375000 
-46.585155 -14.285162 -66.875000 
-46.274608 -10.869145 -67.500000


-44.721873 -8.074222 -63.750000 
-47.827343 -8.695316 -71.875000 
-46.274608 -10.869145 -67.500000 
-44.721873 -8.074222 -63.750000


-44.408221 -3.726564 -64.993750 
-45.653514 0.000000 -71.875000 
-45.653514 -2.173829 -70.000000 
-44.408221 -3.726564 -64.993750


-43.479685 3.105470 -68.125000 
-45.653514 0.000000 -71.875000 
-44.097674 -0.310547 -66.243750 
-43.479685 3.105470 -68.125000


-43.787127 -30.123059 -68.756250 
-44.097674 -32.607435 -68.756250 
-45.960956 -28.570324 -72.506250 
-43.787127 -30.123059 -68.756250


-42.234392 4.971857 -68.125000 
-41.302751 4.971857 -63.125000 
-39.750016 3.729669 -68.125000 
-42.234392 4.971857 -68.125000


-41.302751 -19.253914 -69.381250 
-40.371110 -22.980478 -66.881250 
-42.234392 -21.427743 -69.381250 
-41.302751 -19.253914 -69.381250


-36.644546 -12.421880 -69.381250 
-36.644546 -13.664068 -68.131250 
-38.507828 -14.595709 -69.381250 
-36.644546 -12.421880 -69.381250


-36.641441 -1.242188 -67.500000 
-35.088706 -2.484376 -66.875000 
-36.333999 -0.928536 -73.125000 
-36.641441 -1.242188 -67.500000


-36.644546 -13.664068 -68.131250 
-36.644546 -12.421880 -69.381250 
-33.849623 -11.179692 -68.131250 
-36.644546 -13.664068 -68.131250


-34.470717 -9.316410 -70.631250 
-33.849623 -11.179692 -68.131250 
-36.644546 -12.421880 -69.381250 
-34.470717 -9.316410 -70.631250


-31.054700 -10.248051 -67.506250 
-33.849623 -11.179692 -68.131250 
-34.470717 -9.316410 -70.631250 
-31.054700 -10.248051 -67.506250


-29.191418 -7.763675 -68.756250 
-31.054700 -10.248051 -67.506250 
-31.986341 -7.763675 -70.631250 
-29.191418 -7.763675 -68.756250


-29.191418 -7.763675 -68.756250 
-28.259777 -9.316410 -66.881250 
-31.054700 -10.248051 -67.506250 
-29.191418 -7.763675 -68.756250


-31.365247 -5.276194 -68.750000 
-28.877766 -6.521487 -65.625000 
-29.498860 -6.521487 -70.625000 
-31.365247 -5.276194 -68.750000


-48.448437 -22.048837 -66.875000 
-48.137890 -22.048837 -71.250000 
-48.448437 -26.085948 -67.500000 
-48.448437 -22.048837 -66.875000


-47.516796 -15.527350 -65.625000 
-47.206249 -16.769538 -69.375000 
-47.827343 -19.875008 -70.625000 
-47.516796 -15.527350 -65.625000


-46.274608 -6.210940 -68.750000 
-44.408221 -3.726564 -64.993750 
-47.206249 -5.279299 -71.875000 
-46.274608 -6.210940 -68.750000


-44.097674 -0.310547 -66.243750 
-45.653514 0.000000 -71.875000 
-44.408221 -3.726564 -64.993750 
-44.097674 -0.310547 -66.243750


-46.892597 -32.921087 -67.500000 
-45.029315 -32.917982 -70.631250 
-44.097674 -32.607435 -68.756250 
-46.892597 -32.921087 -67.500000


-43.787127 -30.123059 -68.756250 
-42.544939 -32.299993 -66.875000 
-44.097674 -32.607435 -68.756250 
-43.787127 -30.123059 -68.756250


-41.302751 -24.843760 -66.881250 
-42.855486 -26.396495 -68.131250 
-44.097674 -24.843760 -70.006250 
-41.302751 -24.843760 -66.881250


-40.371110 -22.980478 -66.881250 
-41.302751 -24.843760 -66.881250 
-42.234392 -21.427743 -69.381250 
-40.371110 -22.980478 -66.881250


-41.302751 -19.253914 -69.381250 
-40.681657 -20.496102 -68.131250 
-40.371110 -22.980478 -66.881250 
-41.302751 -19.253914 -69.381250


-39.128922 -18.943367 -67.506250 
-40.681657 -20.496102 -68.131250 
-41.302751 -19.253914 -69.381250 
-39.128922 -18.943367 -67.506250


-38.507828 -14.595709 -69.381250 
-38.197281 -17.390632 -67.506250 
-39.439469 -16.458991 -68.756250 
-38.507828 -14.595709 -69.381250


-36.644546 -13.664068 -68.131250 
-38.197281 -17.390632 -67.506250 
-38.507828 -14.595709 -69.381250 
-36.644546 -13.664068 -68.131250


-34.160170 -3.102365 -71.250000 
-31.675794 -4.655100 -65.000000 
-31.365247 -5.276194 -68.750000 
-34.160170 -3.102365 -71.250000


-35.088706 -2.484376 -66.875000 
-31.675794 -4.655100 -65.000000 
-34.160170 -3.102365 -71.250000 
-35.088706 -2.484376 -66.875000


-44.721873 -8.074222 -63.750000 
-46.274608 -6.210940 -68.750000 
-47.827343 -8.695316 -71.875000 
-44.721873 -8.074222 -63.750000


-41.613298 -29.191418 -66.256250 
-43.787127 -30.123059 -68.756250 
-42.855486 -26.396495 -68.131250 
-41.613298 -29.191418 -66.256250


-39.439469 -16.458991 -68.756250 
-39.128922 -18.943367 -67.506250 
-41.302751 -19.253914 -69.381250 
-39.439469 -16.458991 -68.756250


-38.197281 -17.390632 -67.506250 
-39.128922 -18.943367 -67.506250 
-39.439469 -16.458991 -68.756250 
-38.197281 -17.390632 -67.506250


-38.194176 1.863282 -66.875000 
-36.641441 -1.242188 -67.500000 
-37.576187 0.003105 -72.500000 
-38.194176 1.863282 -66.875000


-33.849623 -12.732427 -66.881250 
-36.644546 -13.664068 -68.131250 
-33.849623 -11.179692 -68.131250 
-33.849623 -12.732427 -66.881250


-31.054700 -10.248051 -67.506250 
-33.849623 -12.732427 -66.881250 
-33.849623 -11.179692 -68.131250 
-31.054700 -10.248051 -67.506250


-31.675794 -12.732427 -66.256250 
-33.849623 -12.732427 -66.881250 
-31.054700 -10.248051 -67.506250 
-31.675794 -12.732427 -66.256250


-47.827343 -18.011726 -65.000000 
-47.827343 -19.875008 -70.625000 
-48.448437 -22.048837 -66.875000 
-47.827343 -18.011726 -65.000000


-47.516796 -15.527350 -65.625000 
-47.827343 -19.875008 -70.625000 
-47.827343 -18.011726 -65.000000 
-47.516796 -15.527350 -65.625000


-47.206249 -29.191418 -63.125000 
-48.137890 -29.191418 -69.375000 
-46.892597 -32.921087 -67.500000 
-47.206249 -29.191418 -63.125000


-48.448437 -27.638683 -68.750000 
-48.137890 -29.191418 -69.375000 
-47.206249 -29.191418 -63.125000 
-48.448437 -27.638683 -68.750000


-46.585155 -14.285162 -66.875000 
-47.206249 -16.769538 -69.375000 
-47.516796 -15.527350 -65.625000 
-46.585155 -14.285162 -66.875000


-43.169138 2.794923 -65.625000 
-42.234392 4.971857 -68.125000 
-43.479685 3.105470 -68.125000 
-43.169138 2.794923 -65.625000


-41.613298 -29.191418 -66.256250 
-42.544939 -32.299993 -66.875000 
-43.787127 -30.123059 -68.756250 
-41.613298 -29.191418 -66.256250


-41.302751 -24.843760 -66.881250 
-41.613298 -29.191418 -66.256250 
-42.855486 -26.396495 -68.131250 
-41.302751 -24.843760 -66.881250


-39.128922 -21.117196 -66.256250 
-40.681657 -20.496102 -68.131250 
-39.128922 -18.943367 -67.506250 
-39.128922 -21.117196 -66.256250


-36.644546 -13.664068 -68.131250 
-35.712905 -16.458991 -66.256250 
-38.197281 -17.390632 -67.506250 
-36.644546 -13.664068 -68.131250


-35.712905 -16.458991 -66.256250 
-36.644546 -13.664068 -68.131250 
-33.849623 -14.285162 -66.256250 
-35.712905 -16.458991 -66.256250


-33.849623 -14.285162 -66.256250 
-36.644546 -13.664068 -68.131250 
-33.849623 -12.732427 -66.881250 
-33.849623 -14.285162 -66.256250


-28.259777 -9.316410 -66.881250 
-31.675794 -12.732427 -66.256250 
-31.054700 -10.248051 -67.506250 
-28.259777 -9.316410 -66.881250


-25.464854 -9.316410 -65.631250 
-28.259777 -9.316410 -66.881250 
-29.191418 -7.763675 -68.756250 
-25.464854 -9.316410 -65.631250


-47.206249 -29.191418 -63.125000 
-46.892597 -32.921087 -67.500000 
-46.892597 -31.989446 -63.750000 
-47.206249 -29.191418 -63.125000


-44.097674 -32.607435 -68.756250 
-46.892597 -31.989446 -63.750000 
-46.892597 -32.921087 -67.500000 
-44.097674 -32.607435 -68.756250


-44.100779 -5.589846 -63.750000 
-44.408221 -3.726564 -64.993750 
-46.274608 -6.210940 -68.750000 
-44.100779 -5.589846 -63.750000


-42.234392 1.242188 -61.868750 
-43.479685 3.105470 -68.125000 
-44.097674 -0.310547 -66.243750 
-42.234392 1.242188 -61.868750


-43.169138 2.794923 -65.625000 
-43.479685 3.105470 -68.125000 
-42.234392 1.242188 -61.868750 
-43.169138 2.794923 -65.625000


-43.169138 2.794923 -65.625000 
-41.302751 4.971857 -63.125000 
-42.234392 4.971857 -68.125000 
-43.169138 2.794923 -65.625000


-41.302751 -24.843760 -66.881250 
-40.060563 -25.775401 -65.631250 
-41.613298 -29.191418 -66.256250 
-41.302751 -24.843760 -66.881250


-40.371110 -22.980478 -66.881250 
-40.060563 -25.775401 -65.631250 
-41.302751 -24.843760 -66.881250 
-40.371110 -22.980478 -66.881250


-39.128922 -21.117196 -66.256250 
-40.371110 -22.980478 -66.881250 
-40.681657 -20.496102 -68.131250 
-39.128922 -21.117196 -66.256250


-38.197281 -17.390632 -67.506250 
-39.128922 -21.117196 -66.256250 
-39.128922 -18.943367 -67.506250 
-38.197281 -17.390632 -67.506250


-35.712905 -16.458991 -66.256250 
-39.128922 -21.117196 -66.256250 
-38.197281 -17.390632 -67.506250 
-35.712905 -16.458991 -66.256250


-31.675794 -12.732427 -66.256250 
-33.849623 -14.285162 -66.256250 
-33.849623 -12.732427 -66.881250 
-31.675794 -12.732427 -66.256250


-28.259777 -12.421880 -65.006250 
-31.675794 -12.732427 -66.256250 
-28.259777 -9.316410 -66.881250 
-28.259777 -12.421880 -65.006250


-27.949230 -6.832034 -62.506250 
-25.464854 -9.316410 -65.631250 
-29.191418 -7.763675 -68.756250 
-27.949230 -6.832034 -62.506250


-45.964061 -10.558598 -63.125000 
-46.274608 -10.869145 -67.500000 
-46.585155 -14.285162 -66.875000 
-45.964061 -10.558598 -63.125000


-44.100779 -5.589846 -63.750000 
-46.274608 -6.210940 -68.750000 
-44.721873 -8.074222 -63.750000 
-44.100779 -5.589846 -63.750000


-40.678552 -31.675794 -65.000000 
-42.544939 -32.299993 -66.875000 
-41.613298 -29.191418 -66.256250 
-40.678552 -31.675794 -65.000000


-39.128922 -21.117196 -66.256250 
-40.060563 -25.775401 -65.631250 
-40.371110 -22.980478 -66.881250 
-39.128922 -21.117196 -66.256250


-39.750016 3.729669 -68.125000 
-39.128922 2.487481 -63.750000 
-38.194176 1.863282 -66.875000 
-39.750016 3.729669 -68.125000


-35.712905 -16.458991 -66.256250 
-36.023452 -20.496102 -64.381250 
-39.128922 -21.117196 -66.256250 
-35.712905 -16.458991 -66.256250


-31.365247 -13.974615 -65.006250 
-33.849623 -14.285162 -66.256250 
-31.675794 -12.732427 -66.256250 
-31.365247 -13.974615 -65.006250


-31.365247 -13.974615 -65.006250 
-31.675794 -12.732427 -66.256250 
-28.259777 -12.421880 -65.006250 
-31.365247 -13.974615 -65.006250


-29.498860 -6.521487 -70.625000 
-28.877766 -6.521487 -65.625000 
-29.191418 -7.763675 -68.756250 
-29.498860 -6.521487 -70.625000


-28.259777 -12.421880 -65.006250 
-28.259777 -9.316410 -66.881250 
-25.464854 -9.316410 -65.631250 
-28.259777 -12.421880 -65.006250


-28.877766 -6.521487 -65.625000 
-27.949230 -6.832034 -62.506250 
-29.191418 -7.763675 -68.756250 
-28.877766 -6.521487 -65.625000


-48.448437 -22.048837 -66.875000 
-48.448437 -26.085948 -67.500000 
-47.206249 -21.738290 -62.500000 
-48.448437 -22.048837 -66.875000


-47.206249 -21.738290 -62.500000 
-48.448437 -26.085948 -67.500000 
-48.448437 -27.638683 -68.750000 
-47.206249 -21.738290 -62.500000


-44.721873 -8.074222 -63.750000 
-46.274608 -10.869145 -67.500000 
-45.964061 -10.558598 -63.125000 
-44.721873 -8.074222 -63.750000


-42.237497 -1.242188 -61.250000 
-44.097674 -0.310547 -66.243750 
-44.408221 -3.726564 -64.993750 
-42.237497 -1.242188 -61.250000


-39.750016 -29.191418 -64.381250 
-40.678552 -31.675794 -65.000000 
-41.613298 -29.191418 -66.256250 
-39.750016 -29.191418 -64.381250


-40.060563 -25.775401 -65.631250 
-39.750016 -29.191418 -64.381250 
-41.613298 -29.191418 -66.256250 
-40.060563 -25.775401 -65.631250


-37.265640 -23.291025 -64.381250 
-40.060563 -25.775401 -65.631250 
-39.128922 -21.117196 -66.256250 
-37.265640 -23.291025 -64.381250


-41.302751 4.971857 -63.125000 
-39.128922 2.487481 -63.750000 
-39.750016 3.729669 -68.125000 
-41.302751 4.971857 -63.125000


-36.023452 -20.496102 -64.381250 
-37.265640 -23.291025 -64.381250 
-39.128922 -21.117196 -66.256250 
-36.023452 -20.496102 -64.381250


-38.194176 1.863282 -66.875000 
-36.333999 -1.239083 -63.750000 
-36.641441 -1.242188 -67.500000 
-38.194176 1.863282 -66.875000


-36.641441 -1.242188 -67.500000 
-36.333999 -1.239083 -63.750000 
-35.088706 -2.484376 -66.875000 
-36.641441 -1.242188 -67.500000


-34.781264 -18.011726 -65.006250 
-36.023452 -20.496102 -64.381250 
-35.712905 -16.458991 -66.256250 
-34.781264 -18.011726 -65.006250


-33.849623 -14.285162 -66.256250 
-34.781264 -18.011726 -65.006250 
-35.712905 -16.458991 -66.256250 
-33.849623 -14.285162 -66.256250


-35.088706 -2.484376 -66.875000 
-33.539076 -3.102365 -61.250000 
-31.675794 -4.655100 -65.000000 
-35.088706 -2.484376 -66.875000


-31.986341 -15.837897 -64.381250 
-33.849623 -14.285162 -66.256250 
-31.365247 -13.974615 -65.006250 
-31.986341 -15.837897 -64.381250


-31.675794 -4.655100 -65.000000 
-29.812512 -5.276194 -61.875000 
-31.365247 -5.276194 -68.750000 
-31.675794 -4.655100 -65.000000


-25.464854 -9.316410 -65.631250 
-26.707042 -11.800786 -64.381250 
-28.259777 -12.421880 -65.006250 
-25.464854 -9.316410 -65.631250


-24.843760 -11.179692 -63.131250 
-26.707042 -11.800786 -64.381250 
-25.464854 -9.316410 -65.631250 
-24.843760 -11.179692 -63.131250


-47.206249 -21.738290 -62.500000 
-47.827343 -18.011726 -65.000000 
-48.448437 -22.048837 -66.875000 
-47.206249 -21.738290 -62.500000


-47.206249 -29.191418 -63.125000 
-47.206249 -21.738290 -62.500000 
-48.448437 -27.638683 -68.750000 
-47.206249 -29.191418 -63.125000


-46.892597 -31.989446 -63.750000 
-44.097674 -32.607435 -68.756250 
-42.544939 -32.299993 -66.875000 
-46.892597 -31.989446 -63.750000


-39.750016 -29.191418 -64.381250 
-39.439469 -31.054700 -63.756250 
-40.678552 -31.675794 -65.000000 
-39.750016 -29.191418 -64.381250


-37.265640 -23.291025 -64.381250 
-37.576187 -26.707042 -63.131250 
-40.060563 -25.775401 -65.631250 
-37.265640 -23.291025 -64.381250


-31.986341 -15.837897 -64.381250 
-34.781264 -18.011726 -65.006250 
-33.849623 -14.285162 -66.256250 
-31.986341 -15.837897 -64.381250


-28.259777 -12.421880 -65.006250 
-28.259777 -13.974615 -63.756250 
-31.365247 -13.974615 -65.006250 
-28.259777 -12.421880 -65.006250


-31.365247 -5.276194 -68.750000 
-27.949230 -6.832034 -62.506250 
-28.877766 -6.521487 -65.625000 
-31.365247 -5.276194 -68.750000


-23.291025 -10.248051 -63.131250 
-24.843760 -11.179692 -63.131250 
-25.464854 -9.316410 -65.631250 
-23.291025 -10.248051 -63.131250


-47.827343 -18.011726 -65.000000 
-46.895702 -17.080085 -62.500000 
-47.516796 -15.527350 -65.625000 
-47.827343 -18.011726 -65.000000


-46.585155 -14.285162 -66.875000 
-47.516796 -15.527350 -65.625000 
-46.895702 -17.080085 -62.500000 
-46.585155 -14.285162 -66.875000


-45.964061 -11.490239 -59.375000 
-45.964061 -10.558598 -63.125000 
-46.585155 -14.285162 -66.875000 
-45.964061 -11.490239 -59.375000


-43.169138 -3.105470 -62.500000 
-44.408221 -3.726564 -64.993750 
-44.100779 -5.589846 -63.750000 
-43.169138 -3.105470 -62.500000


-42.237497 -1.242188 -61.250000 
-44.408221 -3.726564 -64.993750 
-43.169138 -3.105470 -62.500000 
-42.237497 -1.242188 -61.250000


-39.750016 -29.191418 -64.381250 
-37.576187 -31.057805 -62.500000 
-39.439469 -31.054700 -63.756250 
-39.750016 -29.191418 -64.381250


-37.576187 -26.707042 -63.131250 
-39.750016 -29.191418 -64.381250 
-40.060563 -25.775401 -65.631250 
-37.576187 -26.707042 -63.131250


-37.576187 -26.707042 -63.131250 
-37.576187 -31.057805 -62.500000 
-39.750016 -29.191418 -64.381250 
-37.576187 -26.707042 -63.131250


-36.023452 -20.496102 -64.381250 
-35.402358 -22.359384 -63.131250 
-37.265640 -23.291025 -64.381250 
-36.023452 -20.496102 -64.381250


-36.333999 -1.239083 -63.750000 
-33.539076 -3.102365 -61.250000 
-35.088706 -2.484376 -66.875000 
-36.333999 -1.239083 -63.750000


-31.986341 -15.837897 -64.381250 
-33.228529 -19.564461 -63.131250 
-34.781264 -18.011726 -65.006250 
-31.986341 -15.837897 -64.381250


-31.365247 -13.974615 -65.006250 
-29.498860 -15.527350 -63.125000 
-31.986341 -15.837897 -64.381250 
-31.365247 -13.974615 -65.006250


-29.498860 -15.527350 -63.125000 
-31.365247 -13.974615 -65.006250 
-28.259777 -13.974615 -63.756250 
-29.498860 -15.527350 -63.125000


-26.707042 -11.800786 -64.381250 
-28.259777 -13.974615 -63.756250 
-28.259777 -12.421880 -65.006250 
-26.707042 -11.800786 -64.381250


-27.949230 -6.832034 -62.506250 
-23.291025 -10.248051 -63.131250 
-25.464854 -9.316410 -65.631250 
-27.949230 -6.832034 -62.506250


-42.544939 -32.299993 -66.875000 
-45.960956 -31.054700 -59.993750 
-46.892597 -31.989446 -63.750000 
-42.544939 -32.299993 -66.875000


-45.032420 -8.074222 -61.250000 
-44.721873 -8.074222 -63.750000 
-45.964061 -10.558598 -63.125000 
-45.032420 -8.074222 -61.250000


-42.237497 -1.242188 -61.250000 
-42.234392 1.242188 -61.868750 
-44.097674 -0.310547 -66.243750 
-42.237497 -1.242188 -61.250000


-42.544939 -32.299993 -66.875000 
-40.678552 -31.675794 -65.000000 
-43.166033 -31.368352 -61.250000 
-42.544939 -32.299993 -66.875000


-41.302751 -30.747258 -58.125000 
-43.166033 -31.368352 -61.250000 
-40.678552 -31.675794 -65.000000 
-41.302751 -30.747258 -58.125000


-41.302751 -30.747258 -58.125000 
-40.678552 -31.675794 -65.000000 
-39.439469 -31.054700 -63.756250 
-41.302751 -30.747258 -58.125000


-37.265640 -23.291025 -64.381250 
-36.333999 -25.154307 -63.131250 
-37.576187 -26.707042 -63.131250 
-37.265640 -23.291025 -64.381250


-35.402358 -22.359384 -63.131250 
-36.333999 -25.154307 -63.131250 
-37.265640 -23.291025 -64.381250 
-35.402358 -22.359384 -63.131250


-33.539076 -22.359384 -62.506250 
-35.402358 -22.359384 -63.131250 
-36.023452 -20.496102 -64.381250 
-33.539076 -22.359384 -62.506250


-34.781264 -18.011726 -65.006250 
-33.539076 -22.359384 -62.506250 
-36.023452 -20.496102 -64.381250 
-34.781264 -18.011726 -65.006250


-33.228529 -19.564461 -63.131250 
-33.539076 -22.359384 -62.506250 
-34.781264 -18.011726 -65.006250 
-33.228529 -19.564461 -63.131250


-31.986341 -15.837897 -64.381250 
-31.675794 -18.011726 -62.506250 
-33.228529 -19.564461 -63.131250 
-31.986341 -15.837897 -64.381250


-29.498860 -15.527350 -63.125000 
-31.675794 -18.011726 -62.506250 
-31.986341 -15.837897 -64.381250 
-29.498860 -15.527350 -63.125000


-26.707042 -11.800786 -64.381250 
-26.396495 -13.353521 -62.506250 
-28.259777 -13.974615 -63.756250 
-26.707042 -11.800786 -64.381250


-27.949230 -6.832034 -62.506250 
-25.464854 -8.692211 -61.250000 
-23.291025 -10.248051 -63.131250 
-27.949230 -6.832034 -62.506250


-26.396495 -13.353521 -62.506250 
-26.707042 -11.800786 -64.381250 
-24.843760 -11.179692 -63.131250 
-26.396495 -13.353521 -62.506250


-47.206249 -21.738290 -62.500000 
-47.206249 -29.191418 -63.125000 
-45.964061 -29.501965 -59.375000 
-47.206249 -21.738290 -62.500000


-46.895702 -17.080085 -62.500000 
-47.827343 -18.011726 -65.000000 
-47.206249 -21.738290 -62.500000 
-46.895702 -17.080085 -62.500000


-47.206249 -29.191418 -63.125000 
-46.892597 -31.989446 -63.750000 
-45.960956 -31.054700 -59.993750 
-47.206249 -29.191418 -63.125000


-45.964061 -11.490239 -59.375000 
-46.585155 -14.285162 -66.875000 
-46.895702 -17.080085 -62.500000 
-45.964061 -11.490239 -59.375000


-45.960956 -31.054700 -59.993750 
-42.544939 -32.299993 -66.875000 
-43.166033 -31.368352 -61.250000 
-45.960956 -31.054700 -59.993750


-41.302751 4.971857 -63.125000 
-40.681657 3.726564 -59.993750 
-39.128922 2.487481 -63.750000 
-41.302751 4.971857 -63.125000


-36.644546 -0.307442 -59.375000 
-36.333999 -1.239083 -63.750000 
-38.194176 1.863282 -66.875000 
-36.644546 -0.307442 -59.375000


-33.228529 -19.564461 -63.131250 
-31.986341 -20.185555 -61.881250 
-33.539076 -22.359384 -62.506250 
-33.228529 -19.564461 -63.131250


-31.675794 -18.011726 -62.506250 
-31.986341 -20.185555 -61.881250 
-33.228529 -19.564461 -63.131250 
-31.675794 -18.011726 -62.506250


-29.191418 -18.322273 -61.881250 
-31.675794 -18.011726 -62.506250 
-29.498860 -15.527350 -63.125000 
-29.191418 -18.322273 -61.881250


-29.812512 -5.276194 -61.875000 
-27.325031 -6.521487 -60.000000 
-31.365247 -5.276194 -68.750000 
-29.812512 -5.276194 -61.875000


-23.291025 -10.248051 -63.131250 
-22.669931 -12.111333 -61.881250 
-24.843760 -11.179692 -63.131250 
-23.291025 -10.248051 -63.131250


-46.895702 -24.533213 -61.250000 
-47.206249 -21.738290 -62.500000 
-45.964061 -29.501965 -59.375000 
-46.895702 -24.533213 -61.250000


-45.032420 -8.074222 -61.250000 
-44.100779 -5.589846 -63.750000 
-44.721873 -8.074222 -63.750000 
-45.032420 -8.074222 -61.250000


-42.234392 1.242188 -61.868750 
-40.681657 3.726564 -59.993750 
-43.169138 2.794923 -65.625000 
-42.234392 1.242188 -61.868750


-40.681657 3.726564 -59.993750 
-41.302751 4.971857 -63.125000 
-43.169138 2.794923 -65.625000 
-40.681657 3.726564 -59.993750


-39.128922 2.487481 -63.750000 
-38.818375 2.484376 -61.243750 
-38.194176 1.863282 -66.875000 
-39.128922 2.487481 -63.750000


-38.194176 1.863282 -66.875000 
-38.818375 2.484376 -61.243750 
-36.644546 -0.307442 -59.375000 
-38.194176 1.863282 -66.875000


-37.576187 -26.707042 -63.131250 
-35.712905 -27.638683 -61.881250 
-37.576187 -31.057805 -62.500000 
-37.576187 -26.707042 -63.131250


-35.402358 -30.436711 -60.625000 
-37.576187 -31.057805 -62.500000 
-35.712905 -27.638683 -61.881250 
-35.402358 -30.436711 -60.625000


-36.333999 -25.154307 -63.131250 
-35.712905 -27.638683 -61.881250 
-37.576187 -26.707042 -63.131250 
-36.333999 -25.154307 -63.131250


-34.470717 -25.154307 -61.881250 
-35.712905 -27.638683 -61.881250 
-36.333999 -25.154307 -63.131250 
-34.470717 -25.154307 -61.881250


-35.402358 -22.359384 -63.131250 
-34.470717 -25.154307 -61.881250 
-36.333999 -25.154307 -63.131250 
-35.402358 -22.359384 -63.131250


-34.470717 -25.154307 -61.881250 
-35.402358 -22.359384 -63.131250 
-33.539076 -22.359384 -62.506250 
-34.470717 -25.154307 -61.881250


-31.675794 -22.669931 -60.631250 
-33.539076 -22.359384 -62.506250 
-31.986341 -20.185555 -61.881250 
-31.675794 -22.669931 -60.631250


-29.191418 -18.322273 -61.881250 
-31.986341 -20.185555 -61.881250 
-31.675794 -18.011726 -62.506250 
-29.191418 -18.322273 -61.881250


-29.191418 -18.322273 -61.881250 
-31.054700 -21.117196 -61.256250 
-31.986341 -20.185555 -61.881250 
-29.191418 -18.322273 -61.881250


-29.191418 -18.322273 -61.881250 
-28.880871 -19.253914 -60.631250 
-31.054700 -21.117196 -61.256250 
-29.191418 -18.322273 -61.881250


-27.638683 -17.701179 -61.256250 
-29.191418 -18.322273 -61.881250 
-29.498860 -15.527350 -63.125000 
-27.638683 -17.701179 -61.256250


-28.259777 -13.974615 -63.756250 
-27.638683 -17.701179 -61.256250 
-29.498860 -15.527350 -63.125000 
-28.259777 -13.974615 -63.756250


-31.365247 -5.276194 -68.750000 
-27.325031 -6.521487 -60.000000 
-27.949230 -6.832034 -62.506250 
-31.365247 -5.276194 -68.750000


-27.638683 -17.701179 -61.256250 
-28.259777 -13.974615 -63.756250 
-27.017589 -15.216803 -61.881250 
-27.638683 -17.701179 -61.256250


-27.949230 -6.832034 -62.506250 
-27.325031 -6.521487 -60.000000 
-25.464854 -8.692211 -61.250000 
-27.949230 -6.832034 -62.506250


-27.017589 -15.216803 -61.881250 
-28.259777 -13.974615 -63.756250 
-26.396495 -13.353521 -62.506250 
-27.017589 -15.216803 -61.881250


-22.669931 -12.111333 -61.881250 
-24.222666 -15.216803 -60.631250 
-26.396495 -13.353521 -62.506250 
-22.669931 -12.111333 -61.881250


-22.669931 -12.111333 -61.881250 
-26.396495 -13.353521 -62.506250 
-24.843760 -11.179692 -63.131250 
-22.669931 -12.111333 -61.881250


-45.964061 -29.501965 -59.375000 
-47.206249 -29.191418 -63.125000 
-45.960956 -31.054700 -59.993750 
-45.964061 -29.501965 -59.375000


-45.342967 -9.626957 -58.750000 
-45.032420 -8.074222 -61.250000 
-45.964061 -10.558598 -63.125000 
-45.342967 -9.626957 -58.750000


-40.681657 3.726564 -59.993750 
-38.818375 2.484376 -61.243750 
-39.128922 2.487481 -63.750000 
-40.681657 3.726564 -59.993750


-40.371110 -30.126164 -56.250000 
-39.439469 -31.054700 -63.756250 
-37.576187 -31.057805 -62.500000 
-40.371110 -30.126164 -56.250000


-34.470717 -25.154307 -61.881250 
-33.228529 -26.085948 -60.006250 
-35.712905 -27.638683 -61.881250 
-34.470717 -25.154307 -61.881250


-31.054700 -21.117196 -61.256250 
-31.675794 -22.669931 -60.631250 
-31.986341 -20.185555 -61.881250 
-31.054700 -21.117196 -61.256250


-31.675794 -4.655100 -65.000000 
-30.433606 -4.034006 -55.000000 
-29.812512 -5.276194 -61.875000 
-31.675794 -4.655100 -65.000000


-33.539076 -3.102365 -61.250000 
-30.433606 -4.034006 -55.000000 
-31.675794 -4.655100 -65.000000 
-33.539076 -3.102365 -61.250000


-26.396495 -13.353521 -62.506250 
-24.222666 -15.216803 -60.631250 
-27.017589 -15.216803 -61.881250 
-26.396495 -13.353521 -62.506250


-22.669931 -12.111333 -61.881250 
-22.669931 -13.356626 -61.250000 
-24.222666 -15.216803 -60.631250 
-22.669931 -12.111333 -61.881250


-20.806649 -11.490239 -61.881250 
-22.669931 -12.111333 -61.881250 
-23.291025 -10.248051 -63.131250 
-20.806649 -11.490239 -61.881250


-22.669931 -13.356626 -61.250000 
-22.669931 -12.111333 -61.881250 
-20.806649 -11.490239 -61.881250 
-22.669931 -13.356626 -61.250000


-46.585155 -21.427743 -59.375000 
-47.206249 -21.738290 -62.500000 
-46.895702 -24.533213 -61.250000 
-46.585155 -21.427743 -59.375000


-46.895702 -17.080085 -62.500000 
-47.206249 -21.738290 -62.500000 
-46.585155 -21.427743 -59.375000 
-46.895702 -17.080085 -62.500000


-46.274608 -16.148444 -58.750000 
-45.964061 -11.490239 -59.375000 
-46.895702 -17.080085 -62.500000 
-46.274608 -16.148444 -58.750000


-40.371110 -30.126164 -56.250000 
-41.302751 -30.747258 -58.125000 
-39.439469 -31.054700 -63.756250 
-40.371110 -30.126164 -56.250000


-35.402358 -30.436711 -60.625000 
-40.371110 -30.126164 -56.250000 
-37.576187 -31.057805 -62.500000 
-35.402358 -30.436711 -60.625000


-36.644546 -0.307442 -59.375000 
-33.539076 -2.481271 -56.250000 
-36.333999 -1.239083 -63.750000 
-36.644546 -0.307442 -59.375000


-31.675794 -22.669931 -60.631250 
-33.228529 -26.085948 -60.006250 
-34.470717 -25.154307 -61.881250 
-31.675794 -22.669931 -60.631250


-33.539076 -22.359384 -62.506250 
-31.675794 -22.669931 -60.631250 
-34.470717 -25.154307 -61.881250 
-33.539076 -22.359384 -62.506250


-28.880871 -19.253914 -60.631250 
-29.191418 -18.322273 -61.881250 
-27.638683 -17.701179 -61.256250 
-28.880871 -19.253914 -60.631250


-26.396495 -18.322273 -60.006250 
-28.880871 -19.253914 -60.631250 
-27.638683 -17.701179 -61.256250 
-26.396495 -18.322273 -60.006250


-27.017589 -15.216803 -61.881250 
-26.396495 -18.322273 -60.006250 
-27.638683 -17.701179 -61.256250 
-27.017589 -15.216803 -61.881250


-26.396495 -18.322273 -60.006250 
-27.017589 -15.216803 -61.881250 
-24.843760 -16.769538 -60.006250 
-26.396495 -18.322273 -60.006250


-27.017589 -15.216803 -61.881250 
-24.222666 -15.216803 -60.631250 
-24.843760 -16.769538 -60.006250 
-27.017589 -15.216803 -61.881250


-25.464854 -8.692211 -61.250000 
-24.222666 -9.002758 -58.125000 
-23.291025 -10.248051 -63.131250 
-25.464854 -8.692211 -61.250000


-22.669931 -13.356626 -61.250000 
-22.048837 -14.906256 -60.006250 
-24.222666 -15.216803 -60.631250 
-22.669931 -13.356626 -61.250000


-19.564461 -13.042974 -60.006250 
-22.669931 -13.356626 -61.250000 
-20.806649 -11.490239 -61.881250 
-19.564461 -13.042974 -60.006250


-45.964061 -11.490239 -59.375000 
-45.342967 -9.626957 -58.750000 
-45.964061 -10.558598 -63.125000 
-45.964061 -11.490239 -59.375000


-42.237497 -1.242188 -61.250000 
-43.169138 -3.105470 -62.500000 
-42.858591 -3.105470 -58.125000 
-42.237497 -1.242188 -61.250000


-40.995309 0.621094 -58.125000 
-42.234392 1.242188 -61.868750 
-42.237497 -1.242188 -61.250000 
-40.995309 0.621094 -58.125000


-33.228529 -26.085948 -60.006250 
-33.225424 -29.501965 -58.750000 
-35.712905 -27.638683 -61.881250 
-33.228529 -26.085948 -60.006250


-26.396495 -18.322273 -60.006250 
-27.949230 -20.496102 -59.381250 
-28.880871 -19.253914 -60.631250 
-26.396495 -18.322273 -60.006250


-26.393390 -7.453128 -57.500000 
-25.464854 -8.692211 -61.250000 
-27.325031 -6.521487 -60.000000 
-26.393390 -7.453128 -57.500000


-24.843760 -16.769538 -60.006250 
-24.222666 -15.216803 -60.631250 
-22.048837 -14.906256 -60.006250 
-24.843760 -16.769538 -60.006250


-22.048837 -14.906256 -60.006250 
-22.669931 -13.356626 -61.250000 
-19.564461 -13.042974 -60.006250 
-22.048837 -14.906256 -60.006250


-19.564461 -15.216803 -58.131250 
-22.048837 -14.906256 -60.006250 
-19.564461 -13.042974 -60.006250 
-19.564461 -15.216803 -58.131250


-20.806649 -11.490239 -61.881250 
-17.698074 -12.732427 -58.750000 
-19.564461 -13.042974 -60.006250 
-20.806649 -11.490239 -61.881250


-45.339862 -27.638683 -57.493750 
-46.895702 -24.533213 -61.250000 
-45.964061 -29.501965 -59.375000 
-45.339862 -27.638683 -57.493750


-44.408221 -30.126164 -56.250000 
-45.960956 -31.054700 -59.993750 
-43.166033 -31.368352 -61.250000 
-44.408221 -30.126164 -56.250000


-40.995309 0.621094 -58.125000 
-40.681657 3.726564 -59.993750 
-42.234392 1.242188 -61.868750 
-40.995309 0.621094 -58.125000


-33.539076 -2.481271 -56.250000 
-33.539076 -3.102365 -61.250000 
-36.333999 -1.239083 -63.750000 
-33.539076 -2.481271 -56.250000


-33.225424 -29.501965 -58.750000 
-35.402358 -30.436711 -60.625000 
-35.712905 -27.638683 -61.881250 
-33.225424 -29.501965 -58.750000


-31.675794 -26.396495 -58.756250 
-33.225424 -29.501965 -58.750000 
-33.228529 -26.085948 -60.006250 
-31.675794 -26.396495 -58.756250


-31.675794 -22.669931 -60.631250 
-31.054700 -24.843760 -58.756250 
-33.228529 -26.085948 -60.006250 
-31.675794 -22.669931 -60.631250


-31.054700 -21.117196 -61.256250 
-31.054700 -24.843760 -58.756250 
-31.675794 -22.669931 -60.631250 
-31.054700 -21.117196 -61.256250


-31.054700 -21.117196 -61.256250 
-27.949230 -20.496102 -59.381250 
-31.054700 -24.843760 -58.756250 
-31.054700 -21.117196 -61.256250


-28.880871 -19.253914 -60.631250 
-27.949230 -20.496102 -59.381250 
-31.054700 -21.117196 -61.256250 
-28.880871 -19.253914 -60.631250


-24.843760 -16.769538 -60.006250 
-24.533213 -18.011726 -58.756250 
-26.396495 -18.322273 -60.006250 
-24.843760 -16.769538 -60.006250


-22.669931 -18.011726 -58.131250 
-24.533213 -18.011726 -58.756250 
-24.843760 -16.769538 -60.006250 
-22.669931 -18.011726 -58.131250


-22.048837 -14.906256 -60.006250 
-22.669931 -18.011726 -58.131250 
-24.843760 -16.769538 -60.006250 
-22.048837 -14.906256 -60.006250


-23.291025 -10.248051 -63.131250 
-24.222666 -9.002758 -58.125000 
-20.806649 -11.490239 -61.881250 
-23.291025 -10.248051 -63.131250


-46.274608 -16.148444 -58.750000 
-46.895702 -17.080085 -62.500000 
-46.585155 -21.427743 -59.375000 
-46.274608 -16.148444 -58.750000


-44.100779 -5.900393 -56.250000 
-43.169138 -3.105470 -62.500000 
-44.100779 -5.589846 -63.750000 
-44.100779 -5.900393 -56.250000


-42.548044 -1.552735 -56.250000 
-42.237497 -1.242188 -61.250000 
-42.858591 -3.105470 -58.125000 
-42.548044 -1.552735 -56.250000


-40.681657 3.726564 -59.993750 
-40.060563 2.176934 -56.875000 
-38.818375 2.484376 -61.243750 
-40.681657 3.726564 -59.993750


-37.886734 -29.815617 -55.625000 
-40.371110 -30.126164 -56.250000 
-35.402358 -30.436711 -60.625000 
-37.886734 -29.815617 -55.625000


-37.886734 -29.815617 -55.625000 
-35.402358 -30.436711 -60.625000 
-33.225424 -29.501965 -58.750000 
-37.886734 -29.815617 -55.625000


-31.054700 -24.843760 -58.756250 
-31.675794 -26.396495 -58.756250 
-33.228529 -26.085948 -60.006250 
-31.054700 -24.843760 -58.756250


-27.949230 -20.496102 -59.381250 
-27.328136 -22.048837 -58.131250 
-31.054700 -24.843760 -58.756250 
-27.949230 -20.496102 -59.381250


-25.775401 -20.496102 -58.131250 
-27.949230 -20.496102 -59.381250 
-26.396495 -18.322273 -60.006250 
-25.775401 -20.496102 -58.131250


-24.533213 -18.011726 -58.756250 
-25.775401 -20.496102 -58.131250 
-26.396495 -18.322273 -60.006250 
-24.533213 -18.011726 -58.756250


-26.393390 -7.453128 -57.500000 
-24.222666 -9.002758 -58.125000 
-25.464854 -8.692211 -61.250000 
-26.393390 -7.453128 -57.500000


-22.048837 -14.906256 -60.006250 
-21.427743 -16.148444 -58.756250 
-22.669931 -18.011726 -58.131250 
-22.048837 -14.906256 -60.006250


-19.564461 -15.216803 -58.131250 
-21.427743 -16.148444 -58.756250 
-22.048837 -14.906256 -60.006250 
-19.564461 -15.216803 -58.131250


-24.222666 -9.002758 -58.125000 
-20.185555 -11.176587 -56.875000 
-20.806649 -11.490239 -61.881250 
-24.222666 -9.002758 -58.125000


-17.698074 -12.732427 -58.750000 
-19.564461 -15.216803 -58.131250 
-19.564461 -13.042974 -60.006250 
-17.698074 -12.732427 -58.750000


-45.339862 -23.601572 -56.243750 
-46.895702 -24.533213 -61.250000 
-45.339862 -27.638683 -57.493750 
-45.339862 -23.601572 -56.243750


-45.964061 -29.501965 -59.375000 
-45.960956 -31.054700 -59.993750 
-44.408221 -30.126164 -56.250000 
-45.964061 -29.501965 -59.375000


-43.479685 -4.658205 -55.000000 
-43.169138 -3.105470 -62.500000 
-44.100779 -5.900393 -56.250000 
-43.479685 -4.658205 -55.000000


-43.479685 -4.658205 -55.000000 
-42.858591 -3.105470 -58.125000 
-43.169138 -3.105470 -62.500000 
-43.479685 -4.658205 -55.000000


-42.548044 -1.552735 -56.250000 
-40.995309 0.621094 -58.125000 
-42.237497 -1.242188 -61.250000 
-42.548044 -1.552735 -56.250000


-38.818375 2.484376 -61.243750 
-40.060563 2.176934 -56.875000 
-36.644546 -0.307442 -59.375000 
-38.818375 2.484376 -61.243750


-31.675794 -26.396495 -58.756250 
-31.986341 -28.883976 -58.125000 
-33.225424 -29.501965 -58.750000 
-31.675794 -26.396495 -58.756250


-31.054700 -24.843760 -58.756250 
-31.986341 -28.883976 -58.125000 
-31.675794 -26.396495 -58.756250 
-31.054700 -24.843760 -58.756250


-27.328136 -22.048837 -58.131250 
-29.191418 -24.843760 -57.506250 
-31.054700 -24.843760 -58.756250 
-27.328136 -22.048837 -58.131250


-25.775401 -20.496102 -58.131250 
-27.328136 -22.048837 -58.131250 
-27.949230 -20.496102 -59.381250 
-25.775401 -20.496102 -58.131250


-24.533213 -18.011726 -58.756250 
-22.977373 -20.185555 -56.875000 
-25.775401 -20.496102 -58.131250 
-24.533213 -18.011726 -58.756250


-22.669931 -18.011726 -58.131250 
-22.977373 -20.185555 -56.875000 
-24.533213 -18.011726 -58.756250 
-22.669931 -18.011726 -58.131250


-20.185555 -11.176587 -56.875000 
-17.698074 -12.732427 -58.750000 
-20.806649 -11.490239 -61.881250 
-20.185555 -11.176587 -56.875000


-20.185555 -11.176587 -56.875000 
-17.698074 -12.421880 -55.000000 
-17.698074 -12.732427 -58.750000 
-20.185555 -11.176587 -56.875000


-45.339862 -23.601572 -56.243750 
-46.585155 -21.427743 -59.375000 
-46.895702 -24.533213 -61.250000 
-45.339862 -23.601572 -56.243750


-44.100779 -5.900393 -56.250000 
-45.032420 -8.074222 -61.250000 
-45.342967 -9.626957 -58.750000 
-44.100779 -5.900393 -56.250000


-44.100779 -5.900393 -56.250000 
-44.100779 -5.589846 -63.750000 
-45.032420 -8.074222 -61.250000 
-44.100779 -5.900393 -56.250000


-41.302751 -30.747258 -58.125000 
-44.408221 -30.126164 -56.250000 
-43.166033 -31.368352 -61.250000 
-41.302751 -30.747258 -58.125000


-40.995309 0.621094 -58.125000 
-40.060563 2.176934 -56.875000 
-40.681657 3.726564 -59.993750 
-40.995309 0.621094 -58.125000


-31.054700 -24.843760 -58.756250 
-29.812512 -28.883976 -56.875000 
-31.986341 -28.883976 -58.125000 
-31.054700 -24.843760 -58.756250


-30.433606 -4.034006 -55.000000 
-28.570324 -4.658205 -51.881250 
-29.812512 -5.276194 -61.875000 
-30.433606 -4.034006 -55.000000


-27.328136 -22.048837 -58.131250 
-27.638683 -23.291025 -56.881250 
-29.191418 -24.843760 -57.506250 
-27.328136 -22.048837 -58.131250


-25.775401 -22.359384 -57.506250 
-27.328136 -22.048837 -58.131250 
-25.775401 -20.496102 -58.131250 
-25.775401 -22.359384 -57.506250


-22.977373 -20.185555 -56.875000 
-25.775401 -22.359384 -57.506250 
-25.775401 -20.496102 -58.131250 
-22.977373 -20.185555 -56.875000


-22.977373 -20.185555 -56.875000 
-23.291025 -21.117196 -56.881250 
-25.775401 -22.359384 -57.506250 
-22.977373 -20.185555 -56.875000


-21.424638 -18.632820 -56.875000 
-22.669931 -18.011726 -58.131250 
-21.427743 -16.148444 -58.756250 
-21.424638 -18.632820 -56.875000


-19.564461 -15.216803 -58.131250 
-21.424638 -18.632820 -56.875000 
-21.427743 -16.148444 -58.756250 
-19.564461 -15.216803 -58.131250


-45.029315 -12.732427 -54.368750 
-45.964061 -11.490239 -59.375000 
-46.274608 -16.148444 -58.750000 
-45.029315 -12.732427 -54.368750


-32.917982 -29.194523 -54.375000 
-33.225424 -29.501965 -58.750000 
-31.986341 -28.883976 -58.125000 
-32.917982 -29.194523 -54.375000


-29.191418 -24.843760 -57.506250 
-29.812512 -28.883976 -56.875000 
-31.054700 -24.843760 -58.756250 
-29.191418 -24.843760 -57.506250


-28.570324 -4.658205 -51.881250 
-27.325031 -6.521487 -60.000000 
-29.812512 -5.276194 -61.875000 
-28.570324 -4.658205 -51.881250


-27.017589 -26.707042 -56.256250 
-29.191418 -24.843760 -57.506250 
-27.638683 -23.291025 -56.881250 
-27.017589 -26.707042 -56.256250


-25.775401 -22.359384 -57.506250 
-25.154307 -24.533213 -56.256250 
-27.638683 -23.291025 -56.881250 
-25.775401 -22.359384 -57.506250


-27.638683 -23.291025 -56.881250 
-27.328136 -22.048837 -58.131250 
-25.775401 -22.359384 -57.506250 
-27.638683 -23.291025 -56.881250


-21.424638 -18.632820 -56.875000 
-22.977373 -20.185555 -56.875000 
-22.669931 -18.011726 -58.131250 
-21.424638 -18.632820 -56.875000


-21.738290 -9.934399 -54.375000 
-20.185555 -11.176587 -56.875000 
-24.222666 -9.002758 -58.125000 
-21.738290 -9.934399 -54.375000


-22.045732 -17.701179 -53.125000 
-21.424638 -18.632820 -56.875000 
-19.564461 -15.216803 -58.131250 
-22.045732 -17.701179 -53.125000


-17.698074 -12.732427 -58.750000 
-17.698074 -12.421880 -55.000000 
-19.564461 -15.216803 -58.131250 
-17.698074 -12.732427 -58.750000


-45.029315 -15.527350 -54.368750 
-46.274608 -16.148444 -58.750000 
-46.585155 -21.427743 -59.375000 
-45.029315 -15.527350 -54.368750


-45.029315 -12.732427 -54.368750 
-45.342967 -9.626957 -58.750000 
-45.964061 -11.490239 -59.375000 
-45.029315 -12.732427 -54.368750


-44.721873 -10.248051 -54.375000 
-45.342967 -9.626957 -58.750000 
-45.029315 -12.732427 -54.368750 
-44.721873 -10.248051 -54.375000


-44.408221 -30.126164 -56.250000 
-45.339862 -27.638683 -57.493750 
-45.964061 -29.501965 -59.375000 
-44.408221 -30.126164 -56.250000


-43.479685 -4.658205 -55.000000 
-42.548044 -1.552735 -56.250000 
-42.858591 -3.105470 -58.125000 
-43.479685 -4.658205 -55.000000


-36.644546 -0.307442 -59.375000 
-34.781264 -1.239083 -53.125000 
-33.539076 -2.481271 -56.250000 
-36.644546 -0.307442 -59.375000


-31.054700 -3.412912 -53.125000 
-30.433606 -4.034006 -55.000000 
-33.539076 -3.102365 -61.250000 
-31.054700 -3.412912 -53.125000


-32.917982 -29.194523 -54.375000 
-31.986341 -28.883976 -58.125000 
-29.812512 -28.883976 -56.875000 
-32.917982 -29.194523 -54.375000


-30.744153 -27.641788 -53.750000 
-32.917982 -29.194523 -54.375000 
-29.812512 -28.883976 -56.875000 
-30.744153 -27.641788 -53.750000


-29.191418 -24.843760 -57.506250 
-27.017589 -26.707042 -56.256250 
-29.812512 -28.883976 -56.875000 
-29.191418 -24.843760 -57.506250


-25.154307 -24.533213 -56.256250 
-27.017589 -26.707042 -56.256250 
-27.638683 -23.291025 -56.881250 
-25.154307 -24.533213 -56.256250


-24.222666 -8.071117 -54.375000 
-24.222666 -9.002758 -58.125000 
-26.393390 -7.453128 -57.500000 
-24.222666 -8.071117 -54.375000


-17.698074 -12.421880 -55.000000 
-20.182450 -14.285162 -51.250000 
-19.564461 -15.216803 -58.131250 
-17.698074 -12.421880 -55.000000


-45.029315 -21.117196 -54.993750 
-46.585155 -21.427743 -59.375000 
-45.339862 -23.601572 -56.243750 
-45.029315 -21.117196 -54.993750


-45.029315 -15.527350 -54.368750 
-46.585155 -21.427743 -59.375000 
-45.029315 -21.117196 -54.993750 
-45.029315 -15.527350 -54.368750


-45.029315 -15.527350 -54.368750 
-45.029315 -12.732427 -54.368750 
-46.274608 -16.148444 -58.750000 
-45.029315 -15.527350 -54.368750


-44.100779 -25.154307 -53.750000 
-45.339862 -23.601572 -56.243750 
-45.339862 -27.638683 -57.493750 
-44.100779 -25.154307 -53.750000


-44.721873 -10.248051 -54.375000 
-44.100779 -5.900393 -56.250000 
-45.342967 -9.626957 -58.750000 
-44.721873 -10.248051 -54.375000


-44.408221 -30.126164 -56.250000 
-41.302751 -30.747258 -58.125000 
-40.371110 -30.126164 -56.250000 
-44.408221 -30.126164 -56.250000


-40.371110 1.863282 -53.743750 
-40.060563 2.176934 -56.875000 
-40.995309 0.621094 -58.125000 
-40.371110 1.863282 -53.743750


-32.917982 -29.194523 -54.375000 
-37.886734 -29.815617 -55.625000 
-33.225424 -29.501965 -58.750000 
-32.917982 -29.194523 -54.375000


-33.539076 -2.481271 -56.250000 
-31.054700 -3.412912 -53.125000 
-33.539076 -3.102365 -61.250000 
-33.539076 -2.481271 -56.250000


-25.154307 -24.533213 -56.256250 
-26.396495 -27.331241 -55.625000 
-27.017589 -26.707042 -56.256250 
-25.154307 -24.533213 -56.256250


-24.840655 -21.427743 -53.125000 
-25.154307 -24.533213 -56.256250 
-25.775401 -22.359384 -57.506250 
-24.840655 -21.427743 -53.125000


-23.291025 -21.117196 -56.881250 
-24.840655 -21.427743 -53.125000 
-25.775401 -22.359384 -57.506250 
-23.291025 -21.117196 -56.881250


-44.100779 -25.154307 -53.750000 
-45.339862 -27.638683 -57.493750 
-44.408221 -30.126164 -56.250000 
-44.100779 -25.154307 -53.750000


-41.616403 -0.931641 -50.625000 
-40.995309 0.621094 -58.125000 
-42.548044 -1.552735 -56.250000 
-41.616403 -0.931641 -50.625000


-37.886734 -29.815617 -55.625000 
-40.681657 -29.191418 -51.868750 
-40.371110 -30.126164 -56.250000 
-37.886734 -29.815617 -55.625000


-40.371110 1.863282 -53.743750 
-36.644546 -0.307442 -59.375000 
-40.060563 2.176934 -56.875000 
-40.371110 1.863282 -53.743750


-36.955093 0.003105 -52.500000 
-34.781264 -1.239083 -53.125000 
-36.644546 -0.307442 -59.375000 
-36.955093 0.003105 -52.500000


-36.023452 -29.191418 -53.743750 
-37.886734 -29.815617 -55.625000 
-32.917982 -29.194523 -54.375000 
-36.023452 -29.191418 -53.743750


-28.570324 -4.658205 -51.881250 
-27.017589 -5.589846 -51.881250 
-27.325031 -6.521487 -60.000000 
-28.570324 -4.658205 -51.881250


-27.325031 -6.521487 -60.000000 
-25.772296 -6.521487 -54.375000 
-26.393390 -7.453128 -57.500000 
-27.325031 -6.521487 -60.000000


-25.772296 -6.521487 -54.375000 
-24.222666 -8.071117 -54.375000 
-26.393390 -7.453128 -57.500000 
-25.772296 -6.521487 -54.375000


-22.977373 -20.185555 -56.875000 
-24.840655 -21.427743 -53.125000 
-23.291025 -21.117196 -56.881250 
-22.977373 -20.185555 -56.875000


-21.424638 -18.632820 -56.875000 
-22.045732 -17.701179 -53.125000 
-22.977373 -20.185555 -56.875000 
-21.424638 -18.632820 -56.875000


-17.701179 -11.803891 -51.875000 
-17.698074 -12.421880 -55.000000 
-20.185555 -11.176587 -56.875000 
-17.701179 -11.803891 -51.875000


-45.029315 -21.117196 -54.993750 
-45.339862 -23.601572 -56.243750 
-44.100779 -25.154307 -53.750000 
-45.029315 -21.117196 -54.993750


-40.681657 1.245293 -50.625000 
-40.995309 0.621094 -58.125000 
-41.616403 -0.931641 -50.625000 
-40.681657 1.245293 -50.625000


-31.365247 -2.481271 -48.125000 
-31.054700 -3.412912 -53.125000 
-33.539076 -2.481271 -56.250000 
-31.365247 -2.481271 -48.125000


-27.017589 -5.589846 -51.881250 
-25.772296 -6.521487 -54.375000 
-27.325031 -6.521487 -60.000000 
-27.017589 -5.589846 -51.881250


-26.085948 -24.222666 -52.493750 
-26.396495 -27.331241 -55.625000 
-25.154307 -24.533213 -56.256250 
-26.085948 -24.222666 -52.493750


-24.840655 -21.427743 -53.125000 
-26.085948 -24.222666 -52.493750 
-25.154307 -24.533213 -56.256250 
-24.840655 -21.427743 -53.125000


-22.977373 -20.185555 -56.875000 
-22.045732 -17.701179 -53.125000 
-24.840655 -21.427743 -53.125000 
-22.977373 -20.185555 -56.875000


-21.738290 -9.934399 -54.375000 
-20.185555 -10.555493 -53.125000 
-20.185555 -11.176587 -56.875000 
-21.738290 -9.934399 -54.375000


-20.182450 -14.285162 -51.250000 
-22.045732 -17.701179 -53.125000 
-19.564461 -15.216803 -58.131250 
-20.182450 -14.285162 -51.250000


-43.790232 -17.390632 -52.500000 
-45.029315 -15.527350 -54.368750 
-45.029315 -21.117196 -54.993750 
-43.790232 -17.390632 -52.500000


-43.790232 -22.048837 -52.500000 
-45.029315 -21.117196 -54.993750 
-44.100779 -25.154307 -53.750000 
-43.790232 -22.048837 -52.500000


-44.721873 -10.248051 -54.375000 
-43.169138 -6.521487 -51.250000 
-44.100779 -5.900393 -56.250000 
-44.721873 -10.248051 -54.375000


-43.169138 -6.521487 -51.250000 
-43.479685 -4.658205 -55.000000 
-44.100779 -5.900393 -56.250000 
-43.169138 -6.521487 -51.250000


-44.408221 -30.126164 -56.250000 
-40.371110 -30.126164 -56.250000 
-40.681657 -29.191418 -51.868750 
-44.408221 -30.126164 -56.250000


-41.616403 -0.931641 -50.625000 
-42.548044 -1.552735 -56.250000 
-43.479685 -4.658205 -55.000000 
-41.616403 -0.931641 -50.625000


-40.681657 1.245293 -50.625000 
-40.371110 1.863282 -53.743750 
-40.995309 0.621094 -58.125000 
-40.681657 1.245293 -50.625000


-36.023452 -29.191418 -53.743750 
-40.681657 -29.191418 -51.868750 
-37.886734 -29.815617 -55.625000 
-36.023452 -29.191418 -53.743750


-30.123059 -27.641788 -50.625000 
-29.812512 -28.883976 -56.875000 
-27.017589 -26.707042 -56.256250 
-30.123059 -27.641788 -50.625000


-30.123059 -27.641788 -50.625000 
-27.017589 -26.707042 -56.256250 
-26.396495 -27.331241 -55.625000 
-30.123059 -27.641788 -50.625000


-24.222666 -8.071117 -54.375000 
-21.738290 -9.934399 -54.375000 
-24.222666 -9.002758 -58.125000 
-24.222666 -8.071117 -54.375000


-22.669931 -8.384769 -51.881250 
-21.738290 -9.934399 -54.375000 
-24.222666 -8.071117 -54.375000 
-22.669931 -8.384769 -51.881250


-20.185555 -10.555493 -53.125000 
-17.701179 -11.803891 -51.875000 
-20.185555 -11.176587 -56.875000 
-20.185555 -10.555493 -53.125000


-42.858591 -15.216803 -50.000000 
-45.029315 -12.732427 -54.368750 
-45.029315 -15.527350 -54.368750 
-42.858591 -15.216803 -50.000000


-43.166033 -10.869145 -50.618750 
-44.721873 -10.248051 -54.375000 
-45.029315 -12.732427 -54.368750 
-43.166033 -10.869145 -50.618750


-34.781264 -1.239083 -53.125000 
-31.365247 -2.481271 -48.125000 
-33.539076 -2.481271 -56.250000 
-34.781264 -1.239083 -53.125000


-30.744153 -27.641788 -53.750000 
-33.849623 -27.638683 -49.993750 
-32.917982 -29.194523 -54.375000 
-30.744153 -27.641788 -53.750000


-28.259777 -25.778506 -49.375000 
-30.123059 -27.641788 -50.625000 
-26.396495 -27.331241 -55.625000 
-28.259777 -25.778506 -49.375000


-24.840655 -21.427743 -53.125000 
-26.393390 -23.291025 -48.750000 
-26.085948 -24.222666 -52.493750 
-24.840655 -21.427743 -53.125000


-21.738290 -9.934399 -54.375000 
-21.427743 -8.381664 -48.750000 
-20.185555 -10.555493 -53.125000 
-21.738290 -9.934399 -54.375000


-43.169138 -17.390632 -50.625000 
-45.029315 -15.527350 -54.368750 
-43.790232 -17.390632 -52.500000 
-43.169138 -17.390632 -50.625000


-43.169138 -17.390632 -50.625000 
-45.029315 -21.117196 -54.993750 
-43.790232 -22.048837 -52.500000 
-43.169138 -17.390632 -50.625000


-43.169138 -17.390632 -50.625000 
-43.790232 -17.390632 -52.500000 
-45.029315 -21.117196 -54.993750 
-43.169138 -17.390632 -50.625000


-40.371110 1.863282 -53.743750 
-36.955093 0.003105 -52.500000 
-36.644546 -0.307442 -59.375000 
-40.371110 1.863282 -53.743750


-33.849623 -27.638683 -49.993750 
-36.023452 -29.191418 -53.743750 
-32.917982 -29.194523 -54.375000 
-33.849623 -27.638683 -49.993750


-31.365247 -27.638683 -49.993750 
-30.744153 -27.641788 -53.750000 
-30.123059 -27.641788 -50.625000 
-31.365247 -27.638683 -49.993750


-30.744153 -27.641788 -53.750000 
-29.812512 -28.883976 -56.875000 
-30.123059 -27.641788 -50.625000 
-30.744153 -27.641788 -53.750000


-24.222666 -6.832034 -49.381250 
-24.222666 -8.071117 -54.375000 
-25.772296 -6.521487 -54.375000 
-24.222666 -6.832034 -49.381250


-23.598467 -20.185555 -51.875000 
-24.840655 -21.427743 -53.125000 
-22.045732 -17.701179 -53.125000 
-23.598467 -20.185555 -51.875000


-20.182450 -14.285162 -51.250000 
-21.424638 -16.458991 -50.625000 
-22.045732 -17.701179 -53.125000 
-20.182450 -14.285162 -51.250000


-43.166033 -10.869145 -50.618750 
-45.029315 -12.732427 -54.368750 
-42.858591 -15.216803 -50.000000 
-43.166033 -10.869145 -50.618750


-42.237497 -2.794923 -51.250000 
-41.616403 -0.931641 -50.625000 
-43.479685 -4.658205 -55.000000 
-42.237497 -2.794923 -51.250000


-31.365247 -27.638683 -49.993750 
-33.849623 -27.638683 -49.993750 
-30.744153 -27.641788 -53.750000 
-31.365247 -27.638683 -49.993750


-31.054700 -3.412912 -53.125000 
-28.570324 -4.658205 -51.881250 
-30.433606 -4.034006 -55.000000 
-31.054700 -3.412912 -53.125000


-27.017589 -5.589846 -51.881250 
-25.464854 -5.897288 -48.750000 
-25.772296 -6.521487 -54.375000 
-27.017589 -5.589846 -51.881250


-22.669931 -8.384769 -51.881250 
-21.427743 -8.381664 -48.750000 
-21.738290 -9.934399 -54.375000 
-22.669931 -8.384769 -51.881250


-44.721873 -29.191418 -49.375000 
-44.100779 -25.154307 -53.750000 
-44.408221 -30.126164 -56.250000 
-44.721873 -29.191418 -49.375000


-43.166033 -10.869145 -50.618750 
-43.169138 -6.521487 -51.250000 
-44.721873 -10.248051 -54.375000 
-43.166033 -10.869145 -50.618750


-44.721873 -29.191418 -49.375000 
-44.408221 -30.126164 -56.250000 
-40.681657 -29.191418 -51.868750 
-44.721873 -29.191418 -49.375000


-40.681657 1.245293 -50.625000 
-38.507828 0.313652 -47.500000 
-40.371110 1.863282 -53.743750 
-40.681657 1.245293 -50.625000


-39.128922 -29.194523 -50.000000 
-40.681657 -29.191418 -51.868750 
-36.023452 -29.191418 -53.743750 
-39.128922 -29.194523 -50.000000


-26.085948 -24.222666 -52.493750 
-27.328136 -24.846865 -47.500000 
-26.396495 -27.331241 -55.625000 
-26.085948 -24.222666 -52.493750


-25.464854 -5.897288 -48.750000 
-24.222666 -6.832034 -49.381250 
-25.772296 -6.521487 -54.375000 
-25.464854 -5.897288 -48.750000


-24.222666 -6.832034 -49.381250 
-22.669931 -8.384769 -51.881250 
-24.222666 -8.071117 -54.375000 
-24.222666 -6.832034 -49.381250


-44.721873 -29.191418 -49.375000 
-44.721873 -25.775401 -51.250000 
-44.100779 -25.154307 -53.750000 
-44.721873 -29.191418 -49.375000


-44.721873 -25.775401 -51.250000 
-43.790232 -22.048837 -52.500000 
-44.100779 -25.154307 -53.750000 
-44.721873 -25.775401 -51.250000


-42.858591 -15.216803 -50.000000 
-45.029315 -15.527350 -54.368750 
-43.169138 -17.390632 -50.625000 
-42.858591 -15.216803 -50.000000


-41.923845 -5.279299 -48.118750 
-43.479685 -4.658205 -55.000000 
-43.169138 -6.521487 -51.250000 
-41.923845 -5.279299 -48.118750


-41.923845 -5.279299 -48.118750 
-42.237497 -2.794923 -51.250000 
-43.479685 -4.658205 -55.000000 
-41.923845 -5.279299 -48.118750


-40.371110 1.863282 -53.743750 
-38.507828 0.313652 -47.500000 
-36.955093 0.003105 -52.500000 
-40.371110 1.863282 -53.743750


-34.781264 -1.239083 -53.125000 
-31.675794 -1.860177 -44.375000 
-31.365247 -2.481271 -48.125000 
-34.781264 -1.239083 -53.125000


-23.598467 -20.185555 -51.875000 
-26.393390 -23.291025 -48.750000 
-24.840655 -21.427743 -53.125000 
-23.598467 -20.185555 -51.875000


-21.424638 -16.458991 -50.625000 
-23.598467 -20.185555 -51.875000 
-22.045732 -17.701179 -53.125000 
-21.424638 -16.458991 -50.625000


-17.698074 -12.421880 -55.000000 
-17.701179 -11.803891 -51.875000 
-20.182450 -14.285162 -51.250000 
-17.698074 -12.421880 -55.000000


-20.185555 -10.555493 -53.125000 
-17.076980 -11.179692 -48.750000 
-17.701179 -11.803891 -51.875000 
-20.185555 -10.555493 -53.125000


-42.237497 -11.490239 -48.125000 
-43.166033 -10.869145 -50.618750 
-42.858591 -15.216803 -50.000000 
-42.237497 -11.490239 -48.125000


-39.128922 -29.194523 -50.000000 
-36.023452 -29.191418 -53.743750 
-33.849623 -27.638683 -49.993750 
-39.128922 -29.194523 -50.000000


-28.259777 -25.778506 -49.375000 
-31.365247 -27.638683 -49.993750 
-30.123059 -27.641788 -50.625000 
-28.259777 -25.778506 -49.375000


-26.396495 -27.331241 -55.625000 
-27.328136 -24.846865 -47.500000 
-28.259777 -25.778506 -49.375000 
-26.396495 -27.331241 -55.625000


-28.570324 -4.658205 -51.881250 
-25.464854 -5.897288 -48.750000 
-27.017589 -5.589846 -51.881250 
-28.570324 -4.658205 -51.881250


-24.840655 -20.185555 -47.500000 
-26.393390 -23.291025 -48.750000 
-23.598467 -20.185555 -51.875000 
-24.840655 -20.185555 -47.500000


-21.424638 -16.458991 -50.625000 
-23.291025 -17.704284 -46.250000 
-23.598467 -20.185555 -51.875000 
-21.424638 -16.458991 -50.625000


-44.100779 -28.570324 -46.875000 
-44.721873 -25.775401 -51.250000 
-44.721873 -29.191418 -49.375000 
-44.100779 -28.570324 -46.875000


-44.097674 -22.048837 -46.868750 
-43.790232 -22.048837 -52.500000 
-44.721873 -25.775401 -51.250000 
-44.097674 -22.048837 -46.868750


-43.790232 -17.390632 -47.500000 
-43.169138 -17.390632 -50.625000 
-43.790232 -22.048837 -52.500000 
-43.790232 -17.390632 -47.500000


-44.721873 -29.191418 -49.375000 
-40.681657 -29.191418 -51.868750 
-41.613298 -27.952335 -47.500000 
-44.721873 -29.191418 -49.375000


-40.371110 -2.794923 -46.243750 
-40.681657 1.245293 -50.625000 
-41.616403 -0.931641 -50.625000 
-40.371110 -2.794923 -46.243750


-38.197281 -27.017589 -49.993750 
-40.681657 -29.191418 -51.868750 
-39.128922 -29.194523 -50.000000 
-38.197281 -27.017589 -49.993750


-36.644546 -26.707042 -49.993750 
-38.197281 -27.017589 -49.993750 
-39.128922 -29.194523 -50.000000 
-36.644546 -26.707042 -49.993750


-33.849623 -27.638683 -49.993750 
-36.644546 -26.707042 -49.993750 
-39.128922 -29.194523 -50.000000 
-33.849623 -27.638683 -49.993750


-33.849623 -26.085948 -49.993750 
-36.644546 -26.707042 -49.993750 
-33.849623 -27.638683 -49.993750 
-33.849623 -26.085948 -49.993750


-31.365247 -27.638683 -49.993750 
-33.849623 -26.085948 -49.993750 
-33.849623 -27.638683 -49.993750 
-31.365247 -27.638683 -49.993750


-28.259777 -25.778506 -49.375000 
-33.849623 -26.085948 -49.993750 
-31.365247 -27.638683 -49.993750 
-28.259777 -25.778506 -49.375000


-28.259777 -25.778506 -49.375000 
-30.123059 -25.464854 -47.493750 
-33.849623 -26.085948 -49.993750 
-28.259777 -25.778506 -49.375000


-25.154307 -5.276194 -43.125000 
-25.464854 -5.897288 -48.750000 
-28.570324 -4.658205 -51.881250 
-25.154307 -5.276194 -43.125000


-23.291025 -17.704284 -46.250000 
-24.840655 -20.185555 -47.500000 
-23.598467 -20.185555 -51.875000 
-23.291025 -17.704284 -46.250000


-20.806649 -15.216803 -48.743750 
-21.424638 -16.458991 -50.625000 
-20.182450 -14.285162 -51.250000 
-20.806649 -15.216803 -48.743750


-44.100779 -24.533213 -45.625000 
-44.097674 -22.048837 -46.868750 
-44.721873 -25.775401 -51.250000 
-44.100779 -24.533213 -45.625000


-44.097674 -22.048837 -46.868750 
-43.790232 -17.390632 -47.500000 
-43.790232 -22.048837 -52.500000 
-44.097674 -22.048837 -46.868750


-40.371110 -2.794923 -46.243750 
-41.616403 -0.931641 -50.625000 
-42.237497 -2.794923 -51.250000 
-40.371110 -2.794923 -46.243750


-39.439469 -27.641788 -47.500000 
-41.613298 -27.952335 -47.500000 
-40.681657 -29.191418 -51.868750 
-39.439469 -27.641788 -47.500000


-39.750016 0.000000 -45.618750 
-40.681657 1.245293 -50.625000 
-40.371110 -2.794923 -46.243750 
-39.750016 0.000000 -45.618750


-38.197281 -27.017589 -49.993750 
-39.439469 -27.641788 -47.500000 
-40.681657 -29.191418 -51.868750 
-38.197281 -27.017589 -49.993750


-36.955093 0.003105 -52.500000 
-34.781264 -0.617989 -46.250000 
-34.781264 -1.239083 -53.125000 
-36.955093 0.003105 -52.500000


-31.365247 -2.481271 -48.125000 
-29.812512 -2.791818 -43.750000 
-31.054700 -3.412912 -53.125000 
-31.365247 -2.481271 -48.125000


-31.054700 -3.412912 -53.125000 
-25.154307 -5.276194 -43.125000 
-28.570324 -4.658205 -51.881250 
-31.054700 -3.412912 -53.125000


-26.085948 -24.222666 -52.493750 
-26.393390 -23.291025 -48.750000 
-27.328136 -24.846865 -47.500000 
-26.085948 -24.222666 -52.493750


-19.564461 -8.381664 -46.250000 
-20.185555 -10.555493 -53.125000 
-21.427743 -8.381664 -48.750000 
-19.564461 -8.381664 -46.250000


-41.923845 -5.279299 -48.118750 
-43.166033 -10.869145 -50.618750 
-41.305856 -6.521487 -47.500000 
-41.923845 -5.279299 -48.118750


-41.923845 -5.279299 -48.118750 
-43.169138 -6.521487 -51.250000 
-43.166033 -10.869145 -50.618750 
-41.923845 -5.279299 -48.118750


-40.995309 -8.074222 -45.625000 
-43.166033 -10.869145 -50.618750 
-42.237497 -11.490239 -48.125000 
-40.995309 -8.074222 -45.625000


-40.992204 -4.658205 -46.868750 
-42.237497 -2.794923 -51.250000 
-41.923845 -5.279299 -48.118750 
-40.992204 -4.658205 -46.868750


-22.980478 -7.453128 -46.256250 
-21.427743 -8.381664 -48.750000 
-22.669931 -8.384769 -51.881250 
-22.980478 -7.453128 -46.256250


-17.701179 -11.803891 -51.875000 
-21.117196 -14.598814 -45.625000 
-20.182450 -14.285162 -51.250000 
-17.701179 -11.803891 -51.875000


-44.100779 -24.533213 -45.625000 
-44.721873 -25.775401 -51.250000 
-44.100779 -28.570324 -46.875000 
-44.100779 -24.533213 -45.625000


-43.479685 -15.837897 -46.875000 
-43.169138 -17.390632 -50.625000 
-43.790232 -17.390632 -47.500000 
-43.479685 -15.837897 -46.875000


-43.479685 -15.837897 -46.875000 
-42.858591 -15.216803 -50.000000 
-43.169138 -17.390632 -50.625000 
-43.479685 -15.837897 -46.875000


-42.858591 -13.042974 -45.000000 
-42.237497 -11.490239 -48.125000 
-42.858591 -15.216803 -50.000000 
-42.858591 -13.042974 -45.000000


-42.544939 -27.638683 -45.618750 
-44.721873 -29.191418 -49.375000 
-41.613298 -27.952335 -47.500000 
-42.544939 -27.638683 -45.618750


-40.995309 -8.074222 -45.625000 
-41.305856 -6.521487 -47.500000 
-43.166033 -10.869145 -50.618750 
-40.995309 -8.074222 -45.625000


-39.439469 -27.641788 -47.500000 
-38.197281 -27.017589 -49.993750 
-36.644546 -26.707042 -49.993750 
-39.439469 -27.641788 -47.500000


-33.539076 -25.467959 -45.000000 
-33.849623 -26.085948 -49.993750 
-30.123059 -25.464854 -47.493750 
-33.539076 -25.467959 -45.000000


-24.840655 -20.185555 -47.500000 
-27.017589 -23.601572 -44.993750 
-26.393390 -23.291025 -48.750000 
-24.840655 -20.185555 -47.500000


-24.222666 -6.832034 -49.381250 
-22.980478 -7.453128 -46.256250 
-22.669931 -8.384769 -51.881250 
-24.222666 -6.832034 -49.381250


-20.806649 -15.216803 -48.743750 
-23.291025 -17.704284 -46.250000 
-21.424638 -16.458991 -50.625000 
-20.806649 -15.216803 -48.743750


-20.182450 -14.285162 -51.250000 
-21.117196 -14.598814 -45.625000 
-20.806649 -15.216803 -48.743750 
-20.182450 -14.285162 -51.250000


-17.076980 -11.179692 -48.750000 
-21.117196 -14.598814 -45.625000 
-17.701179 -11.803891 -51.875000 
-17.076980 -11.179692 -48.750000


-43.479685 -15.837897 -46.875000 
-42.858591 -13.042974 -45.000000 
-42.858591 -15.216803 -50.000000 
-43.479685 -15.837897 -46.875000


-41.305856 -6.521487 -47.500000 
-40.992204 -4.658205 -46.868750 
-41.923845 -5.279299 -48.118750 
-41.305856 -6.521487 -47.500000


-40.992204 -4.658205 -46.868750 
-40.371110 -2.794923 -46.243750 
-42.237497 -2.794923 -51.250000 
-40.992204 -4.658205 -46.868750


-42.544939 -27.638683 -45.618750 
-41.613298 -27.952335 -47.500000 
-39.439469 -27.641788 -47.500000 
-42.544939 -27.638683 -45.618750


-39.439469 -27.641788 -47.500000 
-36.644546 -26.707042 -49.993750 
-38.818375 -26.085948 -41.243750 
-39.439469 -27.641788 -47.500000


-34.781264 -0.617989 -46.250000 
-36.955093 0.003105 -52.500000 
-36.333999 -0.307442 -43.125000 
-34.781264 -0.617989 -46.250000


-34.781264 -0.617989 -46.250000 
-31.675794 -1.860177 -44.375000 
-34.781264 -1.239083 -53.125000 
-34.781264 -0.617989 -46.250000


-27.328136 -24.846865 -47.500000 
-30.123059 -25.464854 -47.493750 
-28.259777 -25.778506 -49.375000 
-27.328136 -24.846865 -47.500000


-27.328136 -24.846865 -47.500000 
-28.570324 -23.915224 -44.375000 
-30.123059 -25.464854 -47.493750 
-27.328136 -24.846865 -47.500000


-27.017589 -23.601572 -44.993750 
-27.328136 -24.846865 -47.500000 
-26.393390 -23.291025 -48.750000 
-27.017589 -23.601572 -44.993750


-23.291025 -17.704284 -46.250000 
-25.464854 -19.567566 -41.250000 
-24.840655 -20.185555 -47.500000 
-23.291025 -17.704284 -46.250000


-25.464854 -5.897288 -48.750000 
-22.980478 -7.453128 -46.256250 
-24.222666 -6.832034 -49.381250 
-25.464854 -5.897288 -48.750000


-22.980478 -7.453128 -46.256250 
-20.185555 -7.450023 -43.750000 
-21.427743 -8.381664 -48.750000 
-22.980478 -7.453128 -46.256250


-20.185555 -7.450023 -43.750000 
-19.564461 -8.381664 -46.250000 
-21.427743 -8.381664 -48.750000 
-20.185555 -7.450023 -43.750000


-19.564461 -8.381664 -46.250000 
-17.387527 -10.248051 -45.000000 
-20.185555 -10.555493 -53.125000 
-19.564461 -8.381664 -46.250000


-44.100779 -24.533213 -45.625000 
-44.100779 -28.570324 -46.875000 
-43.476580 -27.328136 -44.368750 
-44.100779 -24.533213 -45.625000


-44.100779 -28.570324 -46.875000 
-44.721873 -29.191418 -49.375000 
-42.544939 -27.638683 -45.618750 
-44.100779 -28.570324 -46.875000


-42.548044 -11.800786 -43.125000 
-40.995309 -8.074222 -45.625000 
-42.237497 -11.490239 -48.125000 
-42.548044 -11.800786 -43.125000


-40.681657 1.245293 -50.625000 
-39.750016 0.000000 -45.618750 
-38.507828 0.313652 -47.500000 
-40.681657 1.245293 -50.625000


-31.675794 -1.860177 -44.375000 
-29.812512 -2.791818 -43.750000 
-31.365247 -2.481271 -48.125000 
-31.675794 -1.860177 -44.375000


-20.185555 -10.555493 -53.125000 
-17.387527 -10.248051 -45.000000 
-17.076980 -11.179692 -48.750000 
-20.185555 -10.555493 -53.125000


-43.476580 -27.328136 -44.368750 
-44.100779 -28.570324 -46.875000 
-42.544939 -27.638683 -45.618750 
-43.476580 -27.328136 -44.368750


-43.169138 -18.943367 -41.875000 
-43.790232 -17.390632 -47.500000 
-43.479685 -21.738290 -42.500000 
-43.169138 -18.943367 -41.875000


-43.479685 -15.837897 -46.875000 
-43.790232 -17.390632 -47.500000 
-43.169138 -18.943367 -41.875000 
-43.479685 -15.837897 -46.875000


-42.548044 -11.800786 -43.125000 
-42.237497 -11.490239 -48.125000 
-42.858591 -13.042974 -45.000000 
-42.548044 -11.800786 -43.125000


-29.812512 -2.791818 -43.750000 
-25.154307 -5.276194 -43.125000 
-31.054700 -3.412912 -53.125000 
-29.812512 -2.791818 -43.750000


-28.570324 -23.915224 -44.375000 
-27.328136 -24.846865 -47.500000 
-27.017589 -23.601572 -44.993750 
-28.570324 -23.915224 -44.375000


-40.374215 -5.900393 -43.125000 
-41.305856 -6.521487 -47.500000 
-40.995309 -8.074222 -45.625000 
-40.374215 -5.900393 -43.125000


-41.613298 -26.396495 -42.493750 
-42.544939 -27.638683 -45.618750 
-39.439469 -27.641788 -47.500000 
-41.613298 -26.396495 -42.493750


-38.818375 -26.085948 -41.243750 
-41.613298 -26.396495 -42.493750 
-39.439469 -27.641788 -47.500000 
-38.818375 -26.085948 -41.243750


-38.818375 -26.085948 -41.243750 
-36.644546 -26.707042 -49.993750 
-33.849623 -26.085948 -49.993750 
-38.818375 -26.085948 -41.243750


-36.955093 -25.467959 -41.250000 
-33.849623 -26.085948 -49.993750 
-33.539076 -25.467959 -45.000000 
-36.955093 -25.467959 -41.250000


-28.570324 -23.915224 -44.375000 
-32.917982 -24.536318 -41.250000 
-30.123059 -25.464854 -47.493750 
-28.570324 -23.915224 -44.375000


-29.812512 -2.791818 -43.750000 
-26.393390 -4.347658 -40.625000 
-25.154307 -5.276194 -43.125000 
-29.812512 -2.791818 -43.750000


-25.464854 -19.567566 -41.250000 
-27.017589 -23.601572 -44.993750 
-24.840655 -20.185555 -47.500000 
-25.464854 -19.567566 -41.250000


-20.806649 -15.216803 -48.743750 
-23.601572 -17.393737 -43.750000 
-23.291025 -17.704284 -46.250000 
-20.806649 -15.216803 -48.743750


-21.117196 -14.598814 -45.625000 
-23.601572 -17.393737 -43.750000 
-20.806649 -15.216803 -48.743750 
-21.117196 -14.598814 -45.625000


-43.479685 -21.738290 -42.500000 
-43.790232 -17.390632 -47.500000 
-44.097674 -22.048837 -46.868750 
-43.479685 -21.738290 -42.500000


-42.858591 -15.527350 -40.000000 
-43.479685 -15.837897 -46.875000 
-43.169138 -18.943367 -41.875000 
-42.858591 -15.527350 -40.000000


-40.374215 -5.900393 -43.125000 
-40.992204 -4.658205 -46.868750 
-41.305856 -6.521487 -47.500000 
-40.374215 -5.900393 -43.125000


-38.200386 -1.242188 -42.500000 
-39.750016 0.000000 -45.618750 
-40.371110 -2.794923 -46.243750 
-38.200386 -1.242188 -42.500000


-39.750016 0.000000 -45.618750 
-37.886734 0.313652 -39.375000 
-38.507828 0.313652 -47.500000 
-39.750016 0.000000 -45.618750


-25.464854 -19.567566 -41.250000 
-26.393390 -22.359384 -43.125000 
-27.017589 -23.601572 -44.993750 
-25.464854 -19.567566 -41.250000


-19.564461 -8.381664 -46.250000 
-20.185555 -7.450023 -43.750000 
-17.387527 -10.248051 -45.000000 
-19.564461 -8.381664 -46.250000


-43.476580 -27.328136 -44.368750 
-42.544939 -27.638683 -45.618750 
-41.613298 -26.396495 -42.493750 
-43.476580 -27.328136 -44.368750


-37.886734 0.313652 -39.375000 
-39.750016 0.000000 -45.618750 
-38.200386 -1.242188 -42.500000 
-37.886734 0.313652 -39.375000


-37.886734 0.313652 -39.375000 
-36.955093 0.003105 -52.500000 
-38.507828 0.313652 -47.500000 
-37.886734 0.313652 -39.375000


-36.333999 -0.307442 -43.125000 
-35.091811 0.000000 -39.368750 
-34.781264 -0.617989 -46.250000 
-36.333999 -0.307442 -43.125000


-25.464854 -5.897288 -48.750000 
-25.154307 -5.276194 -43.125000 
-22.980478 -7.453128 -46.256250 
-25.464854 -5.897288 -48.750000


-23.601572 -17.393737 -43.750000 
-25.464854 -19.567566 -41.250000 
-23.291025 -17.704284 -46.250000 
-23.601572 -17.393737 -43.750000


-20.806649 -13.353521 -41.868750 
-21.117196 -14.598814 -45.625000 
-17.076980 -11.179692 -48.750000 
-20.806649 -13.353521 -41.868750


-17.387527 -10.248051 -45.000000 
-20.806649 -13.353521 -41.868750 
-17.076980 -11.179692 -48.750000 
-17.387527 -10.248051 -45.000000


-43.479685 -21.738290 -42.500000 
-44.097674 -22.048837 -46.868750 
-44.100779 -24.533213 -45.625000 
-43.479685 -21.738290 -42.500000


-42.858591 -13.042974 -45.000000 
-43.479685 -15.837897 -46.875000 
-42.858591 -15.527350 -40.000000 
-42.858591 -13.042974 -45.000000


-41.305856 -7.453128 -40.625000 
-40.374215 -5.900393 -43.125000 
-40.995309 -8.074222 -45.625000 
-41.305856 -7.453128 -40.625000


-40.371110 -2.794923 -46.243750 
-40.992204 -4.658205 -46.868750 
-39.753121 -4.347658 -41.250000 
-40.371110 -2.794923 -46.243750


-39.753121 -4.347658 -41.250000 
-38.200386 -1.242188 -42.500000 
-40.371110 -2.794923 -46.243750 
-39.753121 -4.347658 -41.250000


-36.955093 -25.467959 -41.250000 
-38.818375 -26.085948 -41.243750 
-33.849623 -26.085948 -49.993750 
-36.955093 -25.467959 -41.250000


-34.781264 -0.617989 -46.250000 
-32.914877 -1.242188 -39.375000 
-31.675794 -1.860177 -44.375000 
-34.781264 -0.617989 -46.250000


-28.570324 -23.294130 -41.250000 
-28.570324 -23.915224 -44.375000 
-27.017589 -23.601572 -44.993750 
-28.570324 -23.294130 -41.250000


-26.393390 -22.359384 -43.125000 
-28.570324 -23.294130 -41.250000 
-27.017589 -23.601572 -44.993750 
-26.393390 -22.359384 -43.125000


-22.980478 -7.453128 -46.256250 
-21.738290 -6.521487 -42.506250 
-20.185555 -7.450023 -43.750000 
-22.980478 -7.453128 -46.256250


-41.923845 -25.464854 -39.993750 
-44.100779 -24.533213 -45.625000 
-43.476580 -27.328136 -44.368750 
-41.923845 -25.464854 -39.993750


-41.305856 -7.453128 -40.625000 
-40.995309 -8.074222 -45.625000 
-42.548044 -11.800786 -43.125000 
-41.305856 -7.453128 -40.625000


-39.753121 -4.347658 -41.250000 
-40.992204 -4.658205 -46.868750 
-40.374215 -5.900393 -43.125000 
-39.753121 -4.347658 -41.250000


-37.886734 0.313652 -39.375000 
-36.333999 -0.307442 -43.125000 
-36.955093 0.003105 -52.500000 
-37.886734 0.313652 -39.375000


-32.917982 -24.536318 -41.250000 
-33.539076 -25.467959 -45.000000 
-30.123059 -25.464854 -47.493750 
-32.917982 -24.536318 -41.250000


-32.296888 -23.915224 -40.000000 
-32.917982 -24.536318 -41.250000 
-28.570324 -23.915224 -44.375000 
-32.296888 -23.915224 -40.000000


-31.675794 -1.860177 -44.375000 
-31.675794 -1.863282 -39.368750 
-29.812512 -2.791818 -43.750000 
-31.675794 -1.860177 -44.375000


-31.675794 -1.863282 -39.368750 
-28.880871 -2.173829 -39.368750 
-29.812512 -2.791818 -43.750000 
-31.675794 -1.863282 -39.368750


-28.570324 -23.294130 -41.250000 
-32.296888 -23.915224 -40.000000 
-28.570324 -23.915224 -44.375000 
-28.570324 -23.294130 -41.250000


-21.117196 -14.598814 -45.625000 
-22.980478 -15.527350 -39.993750 
-23.601572 -17.393737 -43.750000 
-21.117196 -14.598814 -45.625000


-21.738290 -6.521487 -42.506250 
-21.117196 -7.142581 -39.993750 
-20.185555 -7.450023 -43.750000 
-21.738290 -6.521487 -42.506250


-41.923845 -25.464854 -39.993750 
-43.479685 -21.738290 -42.500000 
-44.100779 -24.533213 -45.625000 
-41.923845 -25.464854 -39.993750


-42.544939 -22.669931 -39.993750 
-43.479685 -21.738290 -42.500000 
-41.923845 -25.464854 -39.993750 
-42.544939 -22.669931 -39.993750


-38.818375 -26.085948 -41.243750 
-41.923845 -25.464854 -39.993750 
-41.613298 -26.396495 -42.493750 
-38.818375 -26.085948 -41.243750


-29.812512 -2.791818 -43.750000 
-28.880871 -2.173829 -39.368750 
-26.393390 -4.347658 -40.625000 
-29.812512 -2.791818 -43.750000


-26.396495 -21.427743 -39.993750 
-28.570324 -23.294130 -41.250000 
-26.393390 -22.359384 -43.125000 
-26.396495 -21.427743 -39.993750


-25.464854 -19.567566 -41.250000 
-26.396495 -21.427743 -39.993750 
-26.393390 -22.359384 -43.125000 
-25.464854 -19.567566 -41.250000


-21.738290 -6.521487 -42.506250 
-22.980478 -7.453128 -46.256250 
-25.154307 -5.276194 -43.125000 
-21.738290 -6.521487 -42.506250


-20.806649 -13.353521 -41.868750 
-22.980478 -15.527350 -39.993750 
-21.117196 -14.598814 -45.625000 
-20.806649 -13.353521 -41.868750


-21.738290 -13.667173 -40.000000 
-22.980478 -15.527350 -39.993750 
-20.806649 -13.353521 -41.868750 
-21.738290 -13.667173 -40.000000


-20.185555 -7.450023 -43.750000 
-17.698074 -9.005863 -40.625000 
-17.387527 -10.248051 -45.000000 
-20.185555 -7.450023 -43.750000


-41.613298 -26.396495 -42.493750 
-41.923845 -25.464854 -39.993750 
-43.476580 -27.328136 -44.368750 
-41.613298 -26.396495 -42.493750


-42.548044 -11.800786 -43.125000 
-42.858591 -13.042974 -45.000000 
-42.237497 -13.664068 -38.125000 
-42.548044 -11.800786 -43.125000


-32.917982 -24.536318 -41.250000 
-36.955093 -25.467959 -41.250000 
-33.539076 -25.467959 -45.000000 
-32.917982 -24.536318 -41.250000


-24.219561 -17.390632 -40.000000 
-25.464854 -19.567566 -41.250000 
-23.601572 -17.393737 -43.750000 
-24.219561 -17.390632 -40.000000


-23.601572 -17.393737 -43.750000 
-22.980478 -15.527350 -39.993750 
-24.219561 -17.390632 -40.000000 
-23.601572 -17.393737 -43.750000


-21.117196 -7.142581 -39.993750 
-17.698074 -9.005863 -40.625000 
-20.185555 -7.450023 -43.750000 
-21.117196 -7.142581 -39.993750


-17.698074 -9.005863 -40.625000 
-20.806649 -13.353521 -41.868750 
-17.387527 -10.248051 -45.000000 
-17.698074 -9.005863 -40.625000


-42.544939 -22.669931 -39.993750 
-43.169138 -18.943367 -41.875000 
-43.479685 -21.738290 -42.500000 
-42.544939 -22.669931 -39.993750


-41.616403 -10.248051 -37.500000 
-42.548044 -11.800786 -43.125000 
-42.237497 -13.664068 -38.125000 
-41.616403 -10.248051 -37.500000


-41.305856 -7.453128 -40.625000 
-42.548044 -11.800786 -43.125000 
-41.616403 -10.248051 -37.500000 
-41.305856 -7.453128 -40.625000


-40.060563 -24.533213 -39.993750 
-41.923845 -25.464854 -39.993750 
-38.818375 -26.085948 -41.243750 
-40.060563 -24.533213 -39.993750


-40.684762 -6.210940 -37.500000 
-40.374215 -5.900393 -43.125000 
-41.305856 -7.453128 -40.625000 
-40.684762 -6.210940 -37.500000


-36.955093 -25.467959 -41.250000 
-40.060563 -24.533213 -39.993750 
-38.818375 -26.085948 -41.243750 
-36.955093 -25.467959 -41.250000


-32.914877 -1.242188 -39.375000 
-31.675794 -1.863282 -39.368750 
-31.675794 -1.860177 -44.375000 
-32.914877 -1.242188 -39.375000


-28.570324 -21.741395 -40.000000 
-32.296888 -23.915224 -40.000000 
-28.570324 -23.294130 -41.250000 
-28.570324 -21.741395 -40.000000


-26.396495 -21.427743 -39.993750 
-28.570324 -21.741395 -40.000000 
-28.570324 -23.294130 -41.250000 
-26.396495 -21.427743 -39.993750


-27.328136 -3.416017 -39.368750 
-26.393390 -4.347658 -40.625000 
-28.880871 -2.173829 -39.368750 
-27.328136 -3.416017 -39.368750


-26.393390 -4.347658 -40.625000 
-24.222666 -6.210940 -39.993750 
-25.154307 -5.276194 -43.125000 
-26.393390 -4.347658 -40.625000


-25.154307 -5.276194 -43.125000 
-22.669931 -6.521487 -38.743750 
-21.738290 -6.521487 -42.506250 
-25.154307 -5.276194 -43.125000


-24.222666 -6.210940 -39.993750 
-22.669931 -6.521487 -38.743750 
-25.154307 -5.276194 -43.125000 
-24.222666 -6.210940 -39.993750


-20.185555 -10.869145 -37.493750 
-21.738290 -13.667173 -40.000000 
-20.806649 -13.353521 -41.868750 
-20.185555 -10.869145 -37.493750


-42.858591 -15.527350 -40.000000 
-43.169138 -18.943367 -41.875000 
-42.544939 -22.669931 -39.993750 
-42.858591 -15.527350 -40.000000


-38.818375 -1.552735 -37.493750 
-38.200386 -1.242188 -42.500000 
-39.753121 -4.347658 -41.250000 
-38.818375 -1.552735 -37.493750


-37.886734 0.313652 -39.375000 
-38.200386 -1.242188 -42.500000 
-38.818375 -1.552735 -37.493750 
-37.886734 0.313652 -39.375000


-37.886734 0.313652 -39.375000 
-35.091811 0.000000 -39.368750 
-36.333999 -0.307442 -43.125000 
-37.886734 0.313652 -39.375000


-32.914877 -1.242188 -39.375000 
-34.781264 -0.617989 -46.250000 
-35.091811 0.000000 -39.368750 
-32.914877 -1.242188 -39.375000


-26.085948 -20.806649 -38.743750 
-28.570324 -21.741395 -40.000000 
-26.396495 -21.427743 -39.993750 
-26.085948 -20.806649 -38.743750


-26.085948 -5.589846 -38.743750 
-24.222666 -6.210940 -39.993750 
-26.393390 -4.347658 -40.625000 
-26.085948 -5.589846 -38.743750


-24.219561 -17.390632 -40.000000 
-26.085948 -20.806649 -38.743750 
-25.464854 -19.567566 -41.250000 
-24.219561 -17.390632 -40.000000


-22.669931 -6.521487 -38.743750 
-21.117196 -7.142581 -39.993750 
-21.738290 -6.521487 -42.506250 
-22.669931 -6.521487 -38.743750


-18.632820 -9.626957 -39.368750 
-17.698074 -9.005863 -40.625000 
-21.117196 -7.142581 -39.993750 
-18.632820 -9.626957 -39.368750


-18.632820 -9.626957 -39.368750 
-20.806649 -13.353521 -41.868750 
-17.698074 -9.005863 -40.625000 
-18.632820 -9.626957 -39.368750


-42.237497 -13.664068 -38.125000 
-42.858591 -13.042974 -45.000000 
-42.858591 -15.527350 -40.000000 
-42.237497 -13.664068 -38.125000


-36.955093 -25.467959 -41.250000 
-38.507828 -22.980478 -39.993750 
-40.060563 -24.533213 -39.993750 
-36.955093 -25.467959 -41.250000


-32.917982 -24.536318 -41.250000 
-38.507828 -22.980478 -39.993750 
-36.955093 -25.467959 -41.250000 
-32.917982 -24.536318 -41.250000


-33.849623 -21.738290 -38.743750 
-38.507828 -22.980478 -39.993750 
-32.607435 -22.359384 -39.993750 
-33.849623 -21.738290 -38.743750


-32.296888 -23.915224 -40.000000 
-38.507828 -22.980478 -39.993750 
-32.917982 -24.536318 -41.250000 
-32.296888 -23.915224 -40.000000


-32.296888 -23.915224 -40.000000 
-32.607435 -22.359384 -39.993750 
-38.507828 -22.980478 -39.993750 
-32.296888 -23.915224 -40.000000


-28.570324 -21.741395 -40.000000 
-32.607435 -22.359384 -39.993750 
-32.296888 -23.915224 -40.000000 
-28.570324 -21.741395 -40.000000


-27.328136 -3.416017 -39.368750 
-26.085948 -5.589846 -38.743750 
-26.393390 -4.347658 -40.625000 
-27.328136 -3.416017 -39.368750


-26.085948 -20.806649 -38.743750 
-26.396495 -21.427743 -39.993750 
-25.464854 -19.567566 -41.250000 
-26.085948 -20.806649 -38.743750


-22.980478 -15.527350 -39.993750 
-24.219561 -16.769538 -38.750000 
-24.219561 -17.390632 -40.000000 
-22.980478 -15.527350 -39.993750


-21.738290 -13.667173 -40.000000 
-22.977373 -14.906256 -37.500000 
-22.980478 -15.527350 -39.993750 
-21.738290 -13.667173 -40.000000


-18.632820 -9.626957 -39.368750 
-20.185555 -10.869145 -37.493750 
-20.806649 -13.353521 -41.868750 
-18.632820 -9.626957 -39.368750


-41.305856 -20.496102 -36.875000 
-42.858591 -15.527350 -40.000000 
-42.544939 -22.669931 -39.993750 
-41.305856 -20.496102 -36.875000


-41.305856 -20.496102 -36.875000 
-42.237497 -13.664068 -38.125000 
-42.858591 -15.527350 -40.000000 
-41.305856 -20.496102 -36.875000


-39.753121 -4.347658 -41.250000 
-40.374215 -5.900393 -43.125000 
-40.684762 -6.210940 -37.500000 
-39.753121 -4.347658 -41.250000


-38.818375 -1.552735 -37.493750 
-39.753121 -4.347658 -41.250000 
-39.750016 -4.658205 -34.993750 
-38.818375 -1.552735 -37.493750


-35.402358 -1.552735 -38.743750 
-37.886734 0.313652 -39.375000 
-38.818375 -1.552735 -37.493750 
-35.402358 -1.552735 -38.743750


-35.402358 -1.552735 -38.743750 
-35.091811 0.000000 -39.368750 
-37.886734 0.313652 -39.375000 
-35.402358 -1.552735 -38.743750


-35.402358 -1.552735 -38.743750 
-32.914877 -1.242188 -39.375000 
-35.091811 0.000000 -39.368750 
-35.402358 -1.552735 -38.743750


-37.265640 -22.980478 -38.743750 
-38.507828 -22.980478 -39.993750 
-33.849623 -21.738290 -38.743750 
-37.265640 -22.980478 -38.743750


-31.054700 -20.806649 -38.118750 
-33.849623 -21.738290 -38.743750 
-32.607435 -22.359384 -39.993750 
-31.054700 -20.806649 -38.118750


-31.054700 -20.806649 -38.118750 
-32.607435 -22.359384 -39.993750 
-28.570324 -21.741395 -40.000000 
-31.054700 -20.806649 -38.118750


-27.328136 -3.416017 -39.368750 
-28.880871 -2.173829 -39.368750 
-31.675794 -1.863282 -39.368750 
-27.328136 -3.416017 -39.368750


-26.085948 -5.589846 -38.743750 
-24.843760 -7.453128 -38.743750 
-24.222666 -6.210940 -39.993750 
-26.085948 -5.589846 -38.743750


-24.843760 -7.453128 -38.743750 
-22.669931 -6.521487 -38.743750 
-24.222666 -6.210940 -39.993750 
-24.843760 -7.453128 -38.743750


-24.219561 -16.769538 -38.750000 
-22.980478 -15.527350 -39.993750 
-22.977373 -14.906256 -37.500000 
-24.219561 -16.769538 -38.750000


-18.632820 -9.626957 -39.368750 
-21.117196 -7.142581 -39.993750 
-22.669931 -6.521487 -38.743750 
-18.632820 -9.626957 -39.368750


-40.374215 -8.384769 -35.000000 
-40.684762 -6.210940 -37.500000 
-41.305856 -7.453128 -40.625000 
-40.374215 -8.384769 -35.000000


-38.507828 -22.980478 -39.993750 
-40.371110 -22.359384 -34.368750 
-40.060563 -24.533213 -39.993750 
-38.507828 -22.980478 -39.993750


-33.849623 -21.738290 -38.743750 
-36.333999 -20.809754 -36.250000 
-37.265640 -22.980478 -38.743750 
-33.849623 -21.738290 -38.743750


-32.914877 -1.242188 -39.375000 
-30.744153 -4.037111 -37.493750 
-31.675794 -1.863282 -39.368750 
-32.914877 -1.242188 -39.375000


-31.675794 -1.863282 -39.368750 
-30.744153 -4.037111 -37.493750 
-29.812512 -5.279299 -38.743750 
-31.675794 -1.863282 -39.368750


-27.328136 -3.416017 -39.368750 
-31.675794 -1.863282 -39.368750 
-29.812512 -5.279299 -38.743750 
-27.328136 -3.416017 -39.368750


-28.570324 -20.188660 -37.500000 
-31.054700 -20.806649 -38.118750 
-28.570324 -21.741395 -40.000000 
-28.570324 -20.188660 -37.500000


-27.328136 -3.416017 -39.368750 
-29.812512 -5.279299 -38.743750 
-26.085948 -5.589846 -38.743750 
-27.328136 -3.416017 -39.368750


-26.085948 -20.806649 -38.743750 
-28.570324 -20.188660 -37.500000 
-28.570324 -21.741395 -40.000000 
-26.085948 -20.806649 -38.743750


-25.775401 -8.384769 -37.493750 
-22.669931 -6.521487 -38.743750 
-24.843760 -7.453128 -38.743750 
-25.775401 -8.384769 -37.493750


-22.669931 -6.521487 -38.743750 
-21.117196 -9.937504 -37.493750 
-18.632820 -9.626957 -39.368750 
-22.669931 -6.521487 -38.743750


-41.305856 -20.496102 -36.875000 
-42.544939 -22.669931 -39.993750 
-41.923845 -25.464854 -39.993750 
-41.305856 -20.496102 -36.875000


-41.305856 -22.669931 -35.625000 
-41.923845 -25.464854 -39.993750 
-40.060563 -24.533213 -39.993750 
-41.305856 -22.669931 -35.625000


-40.371110 -22.359384 -34.368750 
-41.305856 -22.669931 -35.625000 
-40.060563 -24.533213 -39.993750 
-40.371110 -22.359384 -34.368750


-37.265640 -22.980478 -38.743750 
-40.371110 -22.359384 -34.368750 
-38.507828 -22.980478 -39.993750 
-37.265640 -22.980478 -38.743750


-35.091811 -3.416017 -37.493750 
-32.914877 -1.242188 -39.375000 
-35.402358 -1.552735 -38.743750 
-35.091811 -3.416017 -37.493750


-29.812512 -5.279299 -38.743750 
-27.328136 -5.276194 -37.500000 
-26.085948 -5.589846 -38.743750 
-29.812512 -5.279299 -38.743750


-26.707042 -18.943367 -34.993750 
-28.570324 -20.188660 -37.500000 
-26.085948 -20.806649 -38.743750 
-26.707042 -18.943367 -34.993750


-24.219561 -17.390632 -40.000000 
-26.707042 -18.943367 -34.993750 
-26.085948 -20.806649 -38.743750 
-24.219561 -17.390632 -40.000000


-24.843760 -7.453128 -38.743750 
-27.328136 -5.276194 -37.500000 
-25.775401 -8.384769 -37.493750 
-24.843760 -7.453128 -38.743750


-27.328136 -5.276194 -37.500000 
-24.843760 -7.453128 -38.743750 
-26.085948 -5.589846 -38.743750 
-27.328136 -5.276194 -37.500000


-20.185555 -10.869145 -37.493750 
-22.977373 -14.906256 -37.500000 
-21.738290 -13.667173 -40.000000 
-20.185555 -10.869145 -37.493750


-21.117196 -9.937504 -37.493750 
-20.185555 -10.869145 -37.493750 
-18.632820 -9.626957 -39.368750 
-21.117196 -9.937504 -37.493750


-41.305856 -20.496102 -36.875000 
-41.616403 -10.248051 -37.500000 
-42.237497 -13.664068 -38.125000 
-41.305856 -20.496102 -36.875000


-41.305856 -20.496102 -36.875000 
-41.923845 -25.464854 -39.993750 
-41.305856 -22.669931 -35.625000 
-41.305856 -20.496102 -36.875000


-40.374215 -8.384769 -35.000000 
-41.305856 -7.453128 -40.625000 
-41.616403 -10.248051 -37.500000 
-40.374215 -8.384769 -35.000000


-39.750016 -4.658205 -34.993750 
-39.753121 -4.347658 -41.250000 
-40.684762 -6.210940 -37.500000 
-39.750016 -4.658205 -34.993750


-37.576187 -20.185555 -33.118750 
-40.371110 -22.359384 -34.368750 
-37.265640 -22.980478 -38.743750 
-37.576187 -20.185555 -33.118750


-38.197281 -2.484376 -36.868750 
-35.402358 -1.552735 -38.743750 
-38.818375 -1.552735 -37.493750 
-38.197281 -2.484376 -36.868750


-38.197281 -2.484376 -36.868750 
-37.886734 -4.658205 -36.243750 
-35.402358 -1.552735 -38.743750 
-38.197281 -2.484376 -36.868750


-35.091811 -3.416017 -37.493750 
-35.402358 -1.552735 -38.743750 
-37.886734 -4.658205 -36.243750 
-35.091811 -3.416017 -37.493750


-35.091811 -3.416017 -37.493750 
-31.986341 -7.763675 -36.243750 
-30.744153 -8.074222 -37.493750 
-35.091811 -3.416017 -37.493750


-33.539076 -19.564461 -34.993750 
-33.849623 -21.738290 -38.743750 
-31.054700 -20.806649 -38.118750 
-33.539076 -19.564461 -34.993750


-30.744153 -4.037111 -37.493750 
-35.091811 -3.416017 -37.493750 
-30.744153 -8.074222 -37.493750 
-30.744153 -4.037111 -37.493750


-32.914877 -1.242188 -39.375000 
-35.091811 -3.416017 -37.493750 
-30.744153 -4.037111 -37.493750 
-32.914877 -1.242188 -39.375000


-29.812512 -5.279299 -38.743750 
-30.744153 -4.037111 -37.493750 
-30.744153 -8.074222 -37.493750 
-29.812512 -5.279299 -38.743750


-27.328136 -5.276194 -37.500000 
-30.744153 -8.074222 -37.493750 
-29.191418 -9.626957 -37.493750 
-27.328136 -5.276194 -37.500000


-27.328136 -5.276194 -37.500000 
-29.812512 -5.279299 -38.743750 
-30.744153 -8.074222 -37.493750 
-27.328136 -5.276194 -37.500000


-25.775401 -8.384769 -37.493750 
-27.328136 -5.276194 -37.500000 
-29.191418 -9.626957 -37.493750 
-25.775401 -8.384769 -37.493750


-24.219561 -16.769538 -38.750000 
-26.707042 -18.943367 -34.993750 
-24.219561 -17.390632 -40.000000 
-24.219561 -16.769538 -38.750000


-23.912119 -14.595709 -36.243750 
-26.707042 -18.943367 -34.993750 
-24.219561 -16.769538 -38.750000 
-23.912119 -14.595709 -36.243750


-23.912119 -14.595709 -36.243750 
-24.219561 -16.769538 -38.750000 
-22.977373 -14.906256 -37.500000 
-23.912119 -14.595709 -36.243750


-21.117196 -9.937504 -37.493750 
-25.775401 -8.384769 -37.493750 
-23.291025 -9.937504 -36.868750 
-21.117196 -9.937504 -37.493750


-25.775401 -8.384769 -37.493750 
-21.117196 -9.937504 -37.493750 
-22.669931 -6.521487 -38.743750 
-25.775401 -8.384769 -37.493750


-41.305856 -20.496102 -36.875000 
-40.371110 -10.558598 -34.368750 
-41.616403 -10.248051 -37.500000 
-41.305856 -20.496102 -36.875000


-39.750016 -4.658205 -34.993750 
-38.197281 -2.484376 -36.868750 
-38.818375 -1.552735 -37.493750 
-39.750016 -4.658205 -34.993750


-37.886734 -4.658205 -36.243750 
-36.644546 -6.210940 -36.243750 
-35.091811 -4.965647 -36.250000 
-37.886734 -4.658205 -36.243750


-35.091811 -4.965647 -36.250000 
-35.091811 -3.416017 -37.493750 
-37.886734 -4.658205 -36.243750 
-35.091811 -4.965647 -36.250000


-35.091811 -4.965647 -36.250000 
-31.986341 -7.763675 -36.243750 
-35.091811 -3.416017 -37.493750 
-35.091811 -4.965647 -36.250000


-33.539076 -8.384769 -34.993750 
-30.744153 -8.074222 -37.493750 
-31.986341 -7.763675 -36.243750 
-33.539076 -8.384769 -34.993750


-28.259777 -19.253914 -34.993750 
-31.054700 -20.806649 -38.118750 
-28.570324 -20.188660 -37.500000 
-28.259777 -19.253914 -34.993750


-30.123059 -11.490239 -34.993750 
-28.880871 -10.869145 -36.243750 
-29.191418 -9.626957 -37.493750 
-30.123059 -11.490239 -34.993750


-28.880871 -10.869145 -36.243750 
-25.775401 -8.384769 -37.493750 
-29.191418 -9.626957 -37.493750 
-28.880871 -10.869145 -36.243750


-26.707042 -16.148444 -36.243750 
-25.775401 -12.421880 -36.868750 
-27.328136 -13.664068 -36.243750 
-26.707042 -16.148444 -36.243750


-25.775401 -8.384769 -37.493750 
-28.880871 -10.869145 -36.243750 
-25.775401 -12.421880 -36.868750 
-25.775401 -8.384769 -37.493750


-23.601572 -12.111333 -36.868750 
-25.775401 -8.384769 -37.493750 
-25.775401 -12.421880 -36.868750 
-23.601572 -12.111333 -36.868750


-25.775401 -8.384769 -37.493750 
-23.601572 -12.111333 -36.868750 
-23.291025 -9.937504 -36.868750 
-25.775401 -8.384769 -37.493750


-22.977373 -14.906256 -37.500000 
-23.601572 -12.111333 -36.868750 
-23.912119 -14.595709 -36.243750 
-22.977373 -14.906256 -37.500000


-20.185555 -10.869145 -37.493750 
-23.291025 -9.937504 -36.868750 
-22.977373 -14.906256 -37.500000 
-20.185555 -10.869145 -37.493750


-21.117196 -9.937504 -37.493750 
-23.291025 -9.937504 -36.868750 
-20.185555 -10.869145 -37.493750 
-21.117196 -9.937504 -37.493750


-40.684762 -13.664068 -34.375000 
-41.305856 -20.496102 -36.875000 
-40.681657 -16.148444 -33.118750 
-40.684762 -13.664068 -34.375000


-40.371110 -10.558598 -34.368750 
-41.305856 -20.496102 -36.875000 
-40.684762 -13.664068 -34.375000 
-40.371110 -10.558598 -34.368750


-38.197281 -2.484376 -36.868750 
-39.750016 -4.658205 -34.993750 
-37.886734 -4.658205 -36.243750 
-38.197281 -2.484376 -36.868750


-33.849623 -21.738290 -38.743750 
-33.539076 -19.564461 -34.993750 
-36.333999 -20.809754 -36.250000 
-33.849623 -21.738290 -38.743750


-35.091811 -4.965647 -36.250000 
-36.644546 -6.210940 -36.243750 
-31.986341 -7.763675 -36.243750 
-35.091811 -4.965647 -36.250000


-31.986341 -7.763675 -36.243750 
-36.644546 -6.210940 -36.243750 
-35.091811 -10.558598 -36.243750 
-31.986341 -7.763675 -36.243750


-33.539076 -8.384769 -34.993750 
-35.091811 -10.558598 -36.243750 
-34.160170 -12.421880 -35.618750 
-33.539076 -8.384769 -34.993750


-33.539076 -8.384769 -34.993750 
-31.986341 -7.763675 -36.243750 
-35.091811 -10.558598 -36.243750 
-33.539076 -8.384769 -34.993750


-30.123059 -11.490239 -34.993750 
-34.160170 -12.421880 -35.618750 
-32.296888 -13.974615 -35.618750 
-30.123059 -11.490239 -34.993750


-31.054700 -20.806649 -38.118750 
-28.259777 -19.253914 -34.993750 
-33.539076 -19.564461 -34.993750 
-31.054700 -20.806649 -38.118750


-28.880871 -10.869145 -36.243750 
-30.123059 -11.490239 -34.993750 
-32.296888 -13.974615 -35.618750 
-28.880871 -10.869145 -36.243750


-30.744153 -8.074222 -37.493750 
-33.539076 -8.384769 -34.993750 
-29.191418 -9.626957 -37.493750 
-30.744153 -8.074222 -37.493750


-27.328136 -13.664068 -36.243750 
-28.880871 -10.869145 -36.243750 
-32.296888 -13.974615 -35.618750 
-27.328136 -13.664068 -36.243750


-27.328136 -13.664068 -36.243750 
-28.570324 -16.148444 -35.618750 
-26.707042 -16.148444 -36.243750 
-27.328136 -13.664068 -36.243750


-25.775401 -12.421880 -36.868750 
-28.880871 -10.869145 -36.243750 
-27.328136 -13.664068 -36.243750 
-25.775401 -12.421880 -36.868750


-26.707042 -16.148444 -36.243750 
-26.707042 -18.943367 -34.993750 
-23.912119 -14.595709 -36.243750 
-26.707042 -16.148444 -36.243750


-23.601572 -12.111333 -36.868750 
-25.775401 -12.421880 -36.868750 
-26.707042 -16.148444 -36.243750 
-23.601572 -12.111333 -36.868750


-23.601572 -12.111333 -36.868750 
-26.707042 -16.148444 -36.243750 
-23.912119 -14.595709 -36.243750 
-23.601572 -12.111333 -36.868750


-23.291025 -9.937504 -36.868750 
-23.601572 -12.111333 -36.868750 
-22.977373 -14.906256 -37.500000 
-23.291025 -9.937504 -36.868750


-39.750016 -4.658205 -34.993750 
-40.684762 -6.210940 -37.500000 
-40.374215 -8.384769 -35.000000 
-39.750016 -4.658205 -34.993750


-36.644546 -6.210940 -36.243750 
-37.886734 -4.658205 -36.243750 
-38.507828 -8.695316 -34.993750 
-36.644546 -6.210940 -36.243750


-36.333999 -20.809754 -36.250000 
-37.576187 -20.185555 -33.118750 
-37.265640 -22.980478 -38.743750 
-36.333999 -20.809754 -36.250000


-36.644546 -6.210940 -36.243750 
-38.507828 -8.695316 -34.993750 
-36.644546 -12.111333 -35.618750 
-36.644546 -6.210940 -36.243750


-35.091811 -10.558598 -36.243750 
-36.644546 -6.210940 -36.243750 
-36.644546 -12.111333 -35.618750 
-35.091811 -10.558598 -36.243750


-34.160170 -12.421880 -35.618750 
-35.091811 -10.558598 -36.243750 
-36.644546 -12.111333 -35.618750 
-34.160170 -12.421880 -35.618750


-32.296888 -13.974615 -35.618750 
-36.644546 -12.111333 -35.618750 
-32.917982 -16.769538 -34.993750 
-32.296888 -13.974615 -35.618750


-32.296888 -13.974615 -35.618750 
-34.160170 -12.421880 -35.618750 
-36.644546 -12.111333 -35.618750 
-32.296888 -13.974615 -35.618750


-32.296888 -13.974615 -35.618750 
-32.917982 -16.769538 -34.993750 
-28.570324 -16.148444 -35.618750 
-32.296888 -13.974615 -35.618750


-32.296888 -13.974615 -35.618750 
-28.570324 -16.148444 -35.618750 
-27.328136 -13.664068 -36.243750 
-32.296888 -13.974615 -35.618750


-33.539076 -8.384769 -34.993750 
-30.123059 -11.490239 -34.993750 
-29.191418 -9.626957 -37.493750 
-33.539076 -8.384769 -34.993750


-28.259777 -19.253914 -34.993750 
-28.570324 -16.148444 -35.618750 
-32.607435 -18.632820 -35.618750 
-28.259777 -19.253914 -34.993750


-28.259777 -19.253914 -34.993750 
-28.570324 -20.188660 -37.500000 
-26.707042 -18.943367 -34.993750 
-28.259777 -19.253914 -34.993750


-28.570324 -16.148444 -35.618750 
-28.259777 -19.253914 -34.993750 
-26.707042 -18.943367 -34.993750 
-28.570324 -16.148444 -35.618750


-26.707042 -16.148444 -36.243750 
-28.570324 -16.148444 -35.618750 
-26.707042 -18.943367 -34.993750 
-26.707042 -16.148444 -36.243750


-41.302751 -22.048837 -31.868750 
-41.305856 -22.669931 -35.625000 
-40.371110 -22.359384 -34.368750 
-41.302751 -22.048837 -31.868750


-41.305856 -22.669931 -35.625000 
-40.681657 -16.148444 -33.118750 
-41.305856 -20.496102 -36.875000 
-41.305856 -22.669931 -35.625000


-40.374215 -8.384769 -35.000000 
-41.616403 -10.248051 -37.500000 
-40.371110 -10.558598 -34.368750 
-40.374215 -8.384769 -35.000000


-38.507828 -8.695316 -34.993750 
-39.750016 -4.658205 -34.993750 
-40.374215 -8.384769 -35.000000 
-38.507828 -8.695316 -34.993750


-38.507828 -8.695316 -34.993750 
-40.374215 -8.384769 -35.000000 
-40.371110 -10.558598 -34.368750 
-38.507828 -8.695316 -34.993750


-39.750016 -4.658205 -34.993750 
-38.507828 -8.695316 -34.993750 
-37.886734 -4.658205 -36.243750 
-39.750016 -4.658205 -34.993750


-38.507828 -8.695316 -34.993750 
-37.886734 -13.042974 -34.993750 
-36.644546 -12.111333 -35.618750 
-38.507828 -8.695316 -34.993750


-37.576187 -20.185555 -33.118750 
-36.333999 -20.809754 -36.250000 
-33.539076 -19.564461 -34.993750 
-37.576187 -20.185555 -33.118750


-36.333999 -16.148444 -34.993750 
-36.644546 -12.111333 -35.618750 
-37.886734 -13.042974 -34.993750 
-36.333999 -16.148444 -34.993750


-32.917982 -16.769538 -34.993750 
-36.644546 -12.111333 -35.618750 
-36.333999 -16.148444 -34.993750 
-32.917982 -16.769538 -34.993750


-32.917982 -16.769538 -34.993750 
-36.333999 -16.148444 -34.993750 
-36.023452 -18.632820 -34.368750 
-32.917982 -16.769538 -34.993750


-33.539076 -19.564461 -34.993750 
-32.917982 -16.769538 -34.993750 
-36.023452 -18.632820 -34.368750 
-33.539076 -19.564461 -34.993750


-32.607435 -18.632820 -35.618750 
-32.917982 -16.769538 -34.993750 
-33.539076 -19.564461 -34.993750 
-32.607435 -18.632820 -35.618750


-32.607435 -18.632820 -35.618750 
-33.539076 -19.564461 -34.993750 
-28.259777 -19.253914 -34.993750 
-32.607435 -18.632820 -35.618750


-28.570324 -16.148444 -35.618750 
-32.917982 -16.769538 -34.993750 
-32.607435 -18.632820 -35.618750 
-28.570324 -16.148444 -35.618750


-33.539076 -8.384769 -34.993750 
-34.160170 -12.421880 -35.618750 
-30.123059 -11.490239 -34.993750 
-33.539076 -8.384769 -34.993750


-41.305856 -17.080085 -32.500000 
-40.681657 -16.148444 -33.118750 
-41.305856 -22.669931 -35.625000 
-41.305856 -17.080085 -32.500000


-37.886734 -13.042974 -34.993750 
-40.371110 -10.558598 -34.368750 
-40.684762 -13.664068 -34.375000 
-37.886734 -13.042974 -34.993750


-40.371110 -10.558598 -34.368750 
-37.886734 -13.042974 -34.993750 
-38.507828 -8.695316 -34.993750 
-40.371110 -10.558598 -34.368750


-37.886734 -13.042974 -34.993750 
-40.684762 -13.664068 -34.375000 
-37.886734 -18.011726 -34.368750 
-37.886734 -13.042974 -34.993750


-36.333999 -16.148444 -34.993750 
-37.886734 -13.042974 -34.993750 
-37.886734 -18.011726 -34.368750 
-36.333999 -16.148444 -34.993750


-37.886734 -18.011726 -34.368750 
-33.539076 -19.564461 -34.993750 
-36.023452 -18.632820 -34.368750 
-37.886734 -18.011726 -34.368750


-36.023452 -18.632820 -34.368750 
-36.333999 -16.148444 -34.993750 
-37.886734 -18.011726 -34.368750 
-36.023452 -18.632820 -34.368750


-40.684762 -13.664068 -34.375000 
-40.681657 -16.148444 -33.118750 
-38.818375 -18.943367 -33.743750 
-40.684762 -13.664068 -34.375000


-37.886734 -18.011726 -34.368750 
-40.684762 -13.664068 -34.375000 
-38.818375 -18.943367 -33.743750 
-37.886734 -18.011726 -34.368750


-37.576187 -20.185555 -33.118750 
-37.886734 -18.011726 -34.368750 
-38.818375 -18.943367 -33.743750 
-37.576187 -20.185555 -33.118750


-37.576187 -20.185555 -33.118750 
-33.539076 -19.564461 -34.993750 
-37.886734 -18.011726 -34.368750 
-37.576187 -20.185555 -33.118750


-40.681657 -16.148444 -33.118750 
-41.305856 -17.080085 -32.500000 
-38.818375 -18.943367 -33.743750 
-40.681657 -16.148444 -33.118750


-37.576187 -20.185555 -33.118750 
-41.302751 -22.048837 -31.868750 
-40.371110 -22.359384 -34.368750 
-37.576187 -20.185555 -33.118750


-41.305856 -17.080085 -32.500000 
-37.576187 -20.185555 -33.118750 
-38.818375 -18.943367 -33.743750 
-41.305856 -17.080085 -32.500000


-41.305856 -17.080085 -32.500000 
-41.305856 -22.669931 -35.625000 
-41.302751 -22.048837 -31.868750 
-41.305856 -17.080085 -32.500000


-37.576187 -20.185555 -33.118750 
-41.305856 -17.080085 -32.500000 
-41.302751 -22.048837 -31.868750 
-37.576187 -20.185555 -33.118750


