0.000000, 0.000000, 0.000000, 0.000000, 0.000000, 0.000000, 0.000000, 0.000000, 0.000000, 0.000000, 0.000000, 0.000000, 0.000000, 0.000000, 0.000000, 0.000000, 0.000000, 0.000000, 0.000000, 0.000000, 0.000000, 0.000000, 0.000000, 0.000000, 0.000000, 0.000000, 0.000000, 0.000000, 0.000000, 0.000000, 0.000000, 0.000000, 0.000000, 0.000000, 0.000000, 0.000000, 0.000000, 0.000000, 0.000000, 0.000000, 0.000000, 0.000000, 0.000000, 0.000000, 0.000000, 0.000000, 0.000000, 0.000000, 0.000000, 0.000000, 0.000000, 0.000000, 0.000000, 0.000000, 0.000000, 0.000000, 0.000000, 0.000000, 0.000000, 0.000000, 0.000000, 0.000000, 0.000000, 0.000000, 0.000000, 0.000000, 0.000000, 0.000000, 0.000000, 0.000000, 0.000000, 0.000000, 0.000000, 0.000000, 0.000000, 0.000000, 0.000000, 0.000000, 0.000000, 0.000000, 0.000000, 0.000000, 0.000000, 0.000000, 0.000000, 0.000000, 0.000000, 0.000000, 0.000000, 0.000000, 0.000000, 0.000000, 0.000000, 0.000000, 0.000000, 0.000000, 0.000000, 0.000000, 0.000000, 0.000000, 0.000000, 0.000000, 0.000000, 0.000000, 0.000000, 0.000000, 0.000000, 0.000000, 0.000000, 0.000000, 0.000000, 0.000000, 0.000000, 0.000000, 0.000000, 0.000000, 0.000000, 0.000000, 0.000000, 0.000000, 0.000000, 0.000000, 0.000000, 0.000000, 0.000000, 0.000000, 0.000000, 0.000000, 0.000000, 0.000000, 0.000000, 0.000000, 0.000000, 0.000000, 0.000000, 0.000000, 0.000000, 0.000000, 0.000000, 0.000000, 0.000000, 0.000000, 0.000000, 0.000000, 0.000000, 0.000000, 0.000000, 0.000000, 0.000000, 0.000000, 0.000000, 0.000000, 0.000000, 0.000000, 0.000000, 0.000000, 0.000000, 0.000000, 0.000000, 0.000000, 
0.000000, 0.000000, 0.000000, 0.000000, 0.000000, 0.000000, 0.000000, 0.000000, 0.000000, 0.000000, 0.000000, 0.000000, 0.000000, 0.000000, 0.000000, 0.000000, 0.000000, 0.000000, 0.000000, 0.000000, 0.000000, 0.000000, 0.000000, 0.000000, 0.000000, 0.000000, 0.000000, 0.000000, 0.000000, 0.000000, 0.000000, 0.000000, 0.000000, 0.000000, 0.000000, 0.000000, 0.000000, 0.000000, 0.000000, 0.000000, 0.000000, 0.000000, 0.000000, 0.000000, 0.000000, 0.000000, 0.000000, 0.000000, 0.000000, 0.000000, 0.000000, 0.000000, 0.000000, 0.000000, 0.000000, 0.000000, 0.000000, 0.000000, 0.000000, 0.000000, 0.000000, 0.000000, 0.000000, 0.000000, 0.000000, 0.000000, 0.000000, 0.000000, 0.000000, 0.000000, 0.000000, 0.000000, 0.000000, 0.000000, 0.000000, 0.000000, 0.000000, 0.000000, 0.000000, 0.000000, 0.000000, 0.000000, 0.000000, 0.000000, 0.000000, 0.000000, 0.000000, 0.000000, 0.000000, 0.000000, 0.000000, 0.000000, 0.000000, 0.000000, 0.000000, 0.000000, 0.000000, 0.000000, 0.000000, 0.000000, 0.000000, 0.000000, 0.000000, 0.000000, 0.000000, 0.000000, 0.000000, 0.000000, 0.000000, 0.000000, 0.000000, 0.000000, 0.000000, 0.000000, 0.000000, 0.000000, 0.000000, 0.000000, 0.000000, 0.000000, 0.000000, 0.000000, 0.000000, 0.000000, 0.000000, 0.000000, 0.000000, 0.000000, 0.000000, 0.000000, 0.000000, 0.000000, 0.000000, 0.000000, 0.000000, 0.000000, 0.000000, 0.000000, 0.000000, 0.000000, 0.000000, 0.000000, 0.000000, 0.000000, 0.000000, 0.000000, 0.000000, 0.000000, 0.000000, 0.000000, 0.000000, 0.000000, 0.000000, 0.000000, 0.000000, 0.000000, 0.000000, 0.000000, 0.000000, 0.000000, 
0.000000, 0.000000, 0.000000, 0.000000, 0.000000, 0.000000, 0.000000, 0.000000, 0.000000, 0.000000, 0.000000, 0.000000, 0.000000, 0.000000, 0.000000, 0.000000, 0.000000, 0.000000, 0.000000, 0.000000, 0.000000, 0.000000, 0.000000, 0.000000, 0.000000, 0.000000, 0.000000, 0.000000, 0.000000, 0.000000, 0.000000, 0.000000, 0.000000, 0.000000, 0.000000, 0.000000, 0.000000, 0.000000, 0.000000, 0.000000, 0.000000, 0.000000, 0.000000, 0.000000, 0.000000, 0.000000, 0.000000, 0.000000, 0.000000, 0.000000, 0.000000, 0.000000, 0.000000, 0.000000, 0.000000, 0.000000, 0.000000, 0.000000, 0.000000, 0.000000, 0.000000, 0.000000, 0.000000, 0.000000, 0.000000, 0.000000, 0.000000, 0.000000, 0.000000, 0.000000, 0.000000, 0.000000, 0.000000, 0.000000, 0.000000, 0.000000, 0.000000, 0.000000, 0.000000, 0.000000, 0.000000, 0.000000, 0.000000, 0.000000, 0.000000, 0.000000, 0.000000, 0.000000, 0.000000, 0.000000, 0.000000, 0.000000, 0.000000, 0.000000, 0.000000, 0.000000, 0.000000, 0.000000, 0.000000, 0.000000, 0.000000, 0.000000, 0.000000, 0.000000, 0.000000, 0.000000, 0.000000, 0.000000, 0.000000, 0.000000, 0.000000, 0.000000, 0.000000, 0.000000, 0.000000, 0.000000, 0.000000, 0.000000, 0.000000, 0.000000, 0.000000, 0.000000, 0.000000, 0.000000, 0.000000, 0.000000, 0.000000, 0.000000, 0.000000, 0.000000, 0.000000, 0.000000, 0.000000, 0.000000, 0.000000, 0.000000, 0.000000, 0.000000, 0.000000, 0.000000, 0.000000, 0.000000, 0.000000, 0.000000, 0.000000, 0.000000, 0.000000, 0.000000, 0.000000, 0.000000, 0.000000, 0.000000, 0.000000, 0.000000, 0.000000, 0.000000, 0.000000, 0.000000, 0.000000, 0.000000, 
0.000000, 0.000000, 0.000000, 0.000000, 0.000000, 0.000000, 0.000000, 0.000000, 0.000000, 0.000000, 0.000000, 0.000000, 0.000000, 0.000000, 0.000000, 0.000000, 0.000000, 0.000000, 0.000000, 0.000000, 0.000000, 0.000000, 0.000000, 0.000000, 0.000000, 0.000000, 0.000000, 0.000000, 0.000000, 0.000000, 0.000000, 0.000000, 0.000000, 0.000000, 0.000000, 0.000000, 0.000000, 0.000000, 0.000000, 0.000000, 0.000000, 0.000000, 0.000000, 0.000000, 0.000000, 0.000000, 0.000000, 0.000000, 0.000000, 0.000000, 0.000000, 0.000000, 0.000000, 0.000000, 0.000000, 0.000000, 0.000000, 0.000000, 0.000000, 0.000000, 0.000000, 0.000000, 0.000000, 0.000000, 0.000000, 0.000000, 0.000000, 0.000000, 0.000000, 0.000000, 0.000000, 0.000000, 0.000000, 0.000000, 0.000000, 0.000000, 0.000000, 0.000000, 0.000000, 0.000000, 0.000000, 0.000000, 0.000000, 0.000000, 0.000000, 0.000000, 0.000000, 0.000000, 0.000000, 0.000000, 0.000000, 0.000000, 0.000000, 0.000000, 0.000000, 0.000000, 0.000000, 0.000000, 0.000000, 0.000000, 0.000000, 0.000000, 0.000000, 0.000000, 0.000000, 0.000000, 0.000000, 0.000000, 0.000000, 0.000000, 0.000000, 0.000000, 0.000000, 0.000000, 0.000000, 0.000000, 0.000000, 0.000000, 0.000000, 0.000000, 0.000000, 0.000000, 0.000000, 0.000000, 0.000000, 0.000000, 0.000000, 0.000000, 0.000000, 0.000000, 0.000000, 0.000000, 0.000000, 0.000000, 0.000000, 0.000000, 0.000000, 0.000000, 0.000000, 0.000000, 0.000000, 0.000000, 0.000000, 0.000000, 0.000000, 0.000000, 0.000000, 0.000000, 0.000000, 0.000000, 0.000000, 0.000000, 0.000000, 0.000000, 0.000000, 0.000000, 0.000000, 0.000000, 0.000000, 0.000000, 
0.000000, 0.000000, 0.000000, 0.000000, 0.000000, 0.000000, 0.000000, 0.000000, 0.000000, 0.000000, 0.000000, 0.000000, 0.000000, 0.000000, 0.000000, 0.000000, 0.000000, 0.000000, 0.000000, 0.000000, 0.000000, 0.000000, 0.000000, 0.000000, 0.000000, 0.000000, 0.000000, 0.000000, 0.000000, 0.000000, 0.000000, 0.000000, 0.000000, 0.000000, 0.000000, 0.000000, 0.000000, 0.000000, 0.000000, 0.000000, 0.000000, 0.000000, 0.000000, 0.000000, 0.000000, 0.000000, 0.000000, 0.000000, 0.000000, 0.000000, 0.000000, 0.000000, 0.000000, 0.000000, 0.000000, 0.000000, 0.000000, 0.000000, 0.000000, 0.000000, 0.000000, 0.000000, 0.000000, 0.000000, 0.000000, 0.000000, 0.000000, 0.000000, 0.000000, 0.000000, 0.000000, 0.000000, 0.000000, 0.000000, 0.000000, 0.000000, 0.000000, 0.000000, 0.000000, 0.000000, 0.000000, 0.000000, 0.000000, 0.000000, 0.000000, 0.000000, 0.000000, 0.000000, 0.000000, 0.000000, 0.000000, 0.000000, 0.000000, 0.000000, 0.000000, 0.000000, 0.000000, 0.000000, 0.000000, 0.000000, 0.000000, 0.000000, 0.000000, 0.000000, 0.000000, 0.000000, 0.000000, 0.000000, 0.000000, 0.000000, 0.000000, 0.000000, 0.000000, 0.000000, 0.000000, 0.000000, 0.000000, 0.000000, 0.000000, 0.000000, 0.000000, 0.000000, 0.000000, 0.000000, 0.000000, 0.000000, 0.000000, 0.000000, 0.000000, 0.000000, 0.000000, 0.000000, 0.000000, 0.000000, 0.000000, 0.000000, 0.000000, 0.000000, 0.000000, 0.000000, 0.000000, 0.000000, 0.000000, 0.000000, 0.000000, 0.000000, 0.000000, 0.000000, 0.000000, 0.000000, 0.000000, 0.000000, 0.000000, 0.000000, 0.000000, 0.000000, 0.000000, 0.000000, 0.000000, 0.000000, 
0.000000, 0.000000, 0.000000, 0.000000, 0.000000, 0.000000, 0.000000, 0.000000, 0.000000, 0.000000, 0.000000, 0.000000, 0.000000, 0.000000, 0.000000, 0.000000, 0.000000, 0.000000, 0.000000, 0.000000, 0.000000, 0.000000, 0.000000, 0.000000, 0.000000, 0.000000, 0.000000, 0.000000, 0.000000, 0.000000, 0.000000, 0.000000, 0.000000, 0.000000, 0.000000, 0.000000, 0.000000, 0.000000, 0.000000, 0.000000, 0.000000, 0.000000, 0.000000, 0.000000, 0.000000, 0.000000, 0.000000, 0.000000, 0.000000, 0.000000, 0.000000, 0.000000, 0.000000, 0.000000, 0.000000, 0.000000, 0.000000, 0.000000, 0.000000, 0.000000, 0.000000, 0.000000, 0.000000, 0.000000, 0.000000, 0.000000, 0.000000, 0.000000, 0.000000, 0.000000, 0.000000, 0.000000, 0.000000, 0.000000, 0.000000, 0.000000, 0.000000, 0.000000, 0.000000, 0.000000, 0.000000, 0.000000, 0.000000, 0.000000, 0.000000, 0.000000, 0.000000, 0.000000, 0.000000, 0.000000, 0.000000, 0.000000, 0.000000, 0.000000, 0.000000, 0.000000, 0.000000, 0.000000, 0.000000, 0.000000, 0.000000, 0.000000, 0.000000, 0.000000, 0.000000, 0.000000, 0.000000, 0.000000, 0.000000, 0.000000, 0.000000, 0.000000, 0.000000, 0.000000, 0.000000, 0.000000, 0.000000, 0.000000, 0.000000, 0.000000, 0.000000, 0.000000, 0.000000, 0.000000, 0.000000, 0.000000, 0.000000, 0.000000, 0.000000, 0.000000, 0.000000, 0.000000, 0.000000, 0.000000, 0.000000, 0.000000, 0.000000, 0.000000, 0.000000, 0.000000, 0.000000, 0.000000, 0.000000, 0.000000, 0.000000, 0.000000, 0.000000, 0.000000, 0.000000, 0.000000, 0.000000, 0.000000, 0.000000, 0.000000, 0.000000, 0.000000, 0.000000, 0.000000, 0.000000, 0.000000, 
0.000000, 0.000000, 0.000000, 0.000000, 0.000000, 0.000000, 0.000000, 0.000000, 0.000000, 0.000000, 0.000000, 0.000000, 0.000000, 0.000000, 0.000000, 0.000000, 0.000000, 0.000000, 0.000000, 0.000000, 0.000000, 0.000000, 0.000000, 0.000000, 0.000000, 0.000000, 0.000000, 0.000000, 0.000000, 0.000000, 0.000000, 0.000000, 0.000000, 0.000000, 0.000000, 0.000000, 0.000000, 0.000000, 0.000000, 0.000000, 0.000000, 0.000000, 0.000000, 0.000000, 0.000000, 0.000000, 0.000000, 0.000000, 0.000000, 0.000000, 0.000000, 0.000000, 0.000000, 0.000000, 0.000000, 0.000000, 0.000000, 0.000000, 0.000000, 0.000000, 0.000000, 0.000000, 0.000000, 0.000000, 0.000000, 0.000000, 0.000000, 0.000000, 0.000000, 0.000000, 0.000000, 0.000000, 0.000000, 0.000000, 0.000000, 0.000000, 0.000000, 0.000000, 0.000000, 0.000000, 0.000000, 0.000000, 0.000000, 0.000000, 0.000000, 0.000000, 0.000000, 0.000000, 0.000000, 0.000000, 0.000000, 0.000000, 0.000000, 0.000000, 0.000000, 0.000000, 0.000000, 0.000000, 0.000000, 0.000000, 0.000000, 0.000000, 0.000000, 0.000000, 0.000000, 0.000000, 0.000000, 0.000000, 0.000000, 0.000000, 0.000000, 0.000000, 0.000000, 0.000000, 0.000000, 0.000000, 0.000000, 0.000000, 0.000000, 0.000000, 0.000000, 0.000000, 0.000000, 0.000000, 0.000000, 0.000000, 0.000000, 0.000000, 0.000000, 0.000000, 0.000000, 0.000000, 0.000000, 0.000000, 0.000000, 0.000000, 0.000000, 0.000000, 0.000000, 0.000000, 0.000000, 0.000000, 0.000000, 0.000000, 0.000000, 0.000000, 0.000000, 0.000000, 0.000000, 0.000000, 0.000000, 0.000000, 0.000000, 0.000000, 0.000000, 0.000000, 0.000000, 0.000000, 0.000000, 0.000000, 
0.000000, 0.000000, 0.000000, 0.000000, 0.000000, 0.000000, 0.000000, 0.000000, 0.000000, 0.000000, 0.000000, 0.000000, 0.000000, 0.000000, 0.000000, 0.000000, 0.000000, 0.000000, 0.000000, 0.000000, 0.000000, 0.000000, 0.000000, 0.000000, 0.000000, 0.000000, 0.000000, 0.000000, 0.000000, 0.000000, 0.000000, 0.000000, 0.000000, 0.000000, 0.000000, 0.000000, 0.000000, 0.000000, 0.000000, 0.000000, 0.000000, 0.000000, 0.000000, 0.000000, 0.000000, 0.000000, 0.000000, 0.000000, 0.000000, 0.000000, 0.000000, 0.000000, 0.000000, 0.000000, 0.000000, 0.000000, 0.000000, 0.000000, 0.000000, 0.000000, 0.000000, 0.000000, 0.000000, 0.000000, 0.000000, 0.000000, 0.000000, 0.000000, 0.000000, 0.000000, 0.000000, 0.000000, 0.000000, 0.000000, 0.000000, 0.000000, 0.000000, 0.000000, 0.000000, 0.000000, 0.000000, 0.000000, 0.000000, 0.000000, 0.000000, 0.000000, 0.000000, 0.000000, 0.000000, 0.000000, 0.000000, 0.000000, 0.000000, 0.000000, 0.000000, 0.000000, 0.000000, 0.000000, 0.000000, 0.000000, 0.000000, 0.000000, 0.000000, 0.000000, 0.000000, 0.000000, 0.000000, 0.000000, 0.000000, 0.000000, 0.000000, 0.000000, 0.000000, 0.000000, 0.000000, 0.000000, 0.000000, 0.000000, 0.000000, 0.000000, 0.000000, 0.000000, 0.000000, 0.000000, 0.000000, 0.000000, 0.000000, 0.000000, 0.000000, 0.000000, 0.000000, 0.000000, 0.000000, 0.000000, 0.000000, 0.000000, 0.000000, 0.000000, 0.000000, 0.000000, 0.000000, 0.000000, 0.000000, 0.000000, 0.000000, 0.000000, 0.000000, 0.000000, 0.000000, 0.000000, 0.000000, 0.000000, 0.000000, 0.000000, 0.000000, 0.000000, 0.000000, 0.000000, 0.000000, 0.000000, 
0.000000, 0.000000, 0.000000, 0.000000, 0.000000, 0.000000, 0.000000, 0.000000, 0.000000, 0.000000, 0.000000, 0.000000, 0.000000, 0.000000, 0.000000, 0.000000, 0.000000, 0.000000, 0.000000, 0.000000, 0.000000, 0.000000, 0.000000, 0.000000, 0.000000, 0.000000, 0.000000, 0.000000, 0.000000, 0.000000, 0.000000, 0.000000, 0.000000, 0.000000, 0.000000, 0.000000, 0.000000, 0.000000, 0.000000, 0.000000, 0.000000, 0.000000, 0.000000, 0.000000, 0.000000, 0.000000, 0.000000, 0.000000, 0.000000, 0.000000, 0.000000, 0.000000, 0.000000, 0.000000, 0.000000, 0.000000, 0.000000, 0.000000, 0.000000, 0.000000, 0.000000, 0.000000, 0.000000, 0.000000, 0.000000, 0.000000, 0.000000, 0.000000, 0.000000, 0.000000, 0.000000, 0.000000, 0.000000, 0.000000, 0.000000, 0.000000, 0.000000, 0.000000, 0.000000, 0.000000, 0.000000, 0.000000, 0.000000, 0.000000, 0.000000, 0.000000, 0.000000, 0.000000, 0.000000, 0.000000, 0.000000, 0.000000, 0.000000, 0.000000, 0.000000, 0.000000, 0.000000, 0.000000, 0.000000, 0.000000, 0.000000, 0.000000, 0.000000, 0.000000, 0.000000, 0.000000, 0.000000, 0.000000, 0.000000, 0.000000, 0.000000, 0.000000, 0.000000, 0.000000, 0.000000, 0.000000, 0.000000, 0.000000, 0.000000, 0.000000, 0.000000, 0.000000, 0.000000, 0.000000, 0.000000, 0.000000, 0.000000, 0.000000, 0.000000, 0.000000, 0.000000, 0.000000, 0.000000, 0.000000, 0.000000, 0.000000, 0.000000, 0.000000, 0.000000, 0.000000, 0.000000, 0.000000, 0.000000, 0.000000, 0.000000, 0.000000, 0.000000, 0.000000, 0.000000, 0.000000, 0.000000, 0.000000, 0.000000, 0.000000, 0.000000, 0.000000, 0.000000, 0.000000, 0.000000, 0.000000, 
0.000000, 0.000000, 0.000000, 0.000000, 0.000000, 0.000000, 0.000000, 0.002300, 0.008200, 0.013200, 0.019600, 0.032700, 0.038100, 0.043500, 0.056700, 0.064600, 1.410600, 3.296100, 4.396100, 5.044200, 0.017700, 0.019300, 0.020500, 0.017600, 0.018000, 0.016300, 0.017700, 0.016200, 0.015800, 0.018700, 0.017500, 0.017400, 0.017100, 0.016800, 0.015600, 0.018200, 0.017400, 0.014400, 0.016700, 0.017200, 0.017300, 0.017700, 0.018200, 0.021100, 0.020000, 0.017100, 0.017100, 0.018000, 0.017000, 0.014700, 0.017800, 0.017400, 0.021100, 0.015500, 0.014000, 0.017900, 0.016800, 0.015400, 0.017100, 0.016000, 0.014900, 0.014900, 0.019500, 0.013700, 0.015100, 0.017500, 0.017700, 0.017200, 0.016700, 0.016800, 0.016000, 0.018000, 0.016700, 0.016900, 0.017600, 0.015700, 0.016200, 0.018800, 0.017800, 0.018700, 0.018100, 0.018500, 0.015800, 0.014300, 0.017100, 0.015900, 0.016800, 0.016000, 0.017800, 0.016900, 0.015700, 0.016300, 0.016000, 0.017200, 0.017000, 0.015800, 0.016900, 0.015800, 0.016500, 0.020200, 0.000000, 0.000200, 0.000900, 0.003100, 0.003600, 0.006200, 0.009600, 0.011000, 0.012600, 0.017700, 0.020100, 0.020200, 0.024500, 0.025300, 0.027800, 0.029800, 0.035700, 0.034300, 0.038700, 0.038700, 0.008200, 0.010200, 0.010700, 0.011900, 0.012300, 0.012700, 0.012300, 0.015500, 0.016400, 0.016100, 0.017700, 0.018300, 0.020800, 0.021300, 0.023400, 0.020700, 0.022000, 0.024500, 0.025700, 0.025500, 0.018100, 0.019500, 0.015500, 0.017400, 0.015400, 0.017000, 0.017800, 0.017700, 0.015700, 0.016800, 0.017500, 0.014300, 0.018600, 0.018000, 0.016700, 0.018500, 0.018300, 0.019100, 0.017600, 0.017900, 
0.018700, 0.026900, 0.039800, 0.052500, 0.068600, 2.318600, 4.155800, 5.123000, 5.697000, 6.125400, 6.365900, 6.577200, 6.623400, 6.659600, 6.682100, 6.723400, 6.707800, 6.730400, 6.721200, 6.691700, 6.242400, 6.233900, 6.279600, 6.212000, 6.236700, 6.218900, 6.272500, 6.186800, 6.265700, 6.225000, 6.229900, 6.255500, 6.256100, 6.223800, 6.212200, 6.246500, 6.200000, 6.196600, 6.200800, 6.219300, 6.377900, 6.407700, 6.351700, 6.350100, 6.316900, 6.281200, 6.289200, 6.250000, 6.251400, 6.216000, 6.247500, 6.201000, 6.168600, 6.170800, 6.135800, 6.111700, 6.138600, 6.105800, 6.079900, 6.070300, 6.207900, 6.219300, 6.223900, 6.202200, 6.239500, 6.238100, 6.251000, 6.237600, 6.176600, 6.251200, 6.240100, 6.183100, 6.216800, 6.248600, 6.275700, 6.207700, 6.257600, 6.222300, 6.238100, 6.243300, 6.310000, 6.283400, 6.287000, 6.258700, 6.256800, 6.271200, 6.235700, 6.262800, 6.238000, 6.236200, 6.258900, 6.220100, 6.246800, 6.205800, 6.196800, 6.198000, 6.176200, 6.236000, 6.231700, 6.236100, 4.876100, 5.102100, 5.392800, 5.495600, 5.672000, 5.850600, 5.977400, 6.030300, 6.154100, 6.210500, 6.296800, 6.331700, 6.347100, 6.399900, 6.452800, 6.463400, 6.528100, 6.526000, 6.564100, 6.597600, 4.711400, 4.860800, 5.047100, 5.224200, 5.374000, 5.507800, 5.708200, 5.848200, 6.033700, 6.137800, 6.302800, 6.536400, 6.621500, 6.781800, 6.911400, 7.113700, 7.227600, 7.451800, 7.537300, 7.686800, 6.292800, 6.255500, 6.292000, 6.284500, 6.315800, 6.294700, 6.297400, 6.271000, 6.274200, 6.243800, 6.246400, 6.253100, 6.214800, 6.222900, 6.186200, 6.132800, 6.212900, 6.168500, 6.134500, 6.156200, 
5.322600, 5.968600, 6.301700, 6.521200, 6.585800, 6.703100, 6.768400, 6.774800, 6.753600, 6.767500, 6.737500, 6.796900, 6.757900, 6.707800, 6.684600, 6.677400, 6.659800, 6.670500, 6.665500, 6.653500, 6.743600, 6.714600, 6.793200, 6.717100, 6.722900, 6.695200, 6.779700, 6.668600, 6.745200, 6.738500, 6.715700, 6.733900, 6.743900, 6.708600, 6.699600, 6.735000, 6.696000, 6.698300, 6.692300, 6.711700, 6.970800, 6.997900, 6.911900, 6.914100, 6.860100, 6.805600, 6.821300, 6.757400, 6.757400, 6.715800, 6.750200, 6.688500, 6.631200, 6.636300, 6.582500, 6.569600, 6.586100, 6.554800, 6.511500, 6.507200, 6.700200, 6.721600, 6.713300, 6.697900, 6.738700, 6.735400, 6.739400, 6.730000, 6.663600, 6.752200, 6.703600, 6.659500, 6.704600, 6.743300, 6.742200, 6.690100, 6.744600, 6.720400, 6.732900, 6.722300, 6.792800, 6.777000, 6.755200, 6.752700, 6.738800, 6.757200, 6.722600, 6.757800, 6.720700, 6.729300, 6.740100, 6.713500, 6.737900, 6.696500, 6.683200, 6.700800, 6.660400, 6.732700, 6.711600, 6.742300, 6.768300, 6.757200, 6.744300, 6.706100, 6.743500, 6.751300, 6.738900, 6.715200, 6.749000, 6.729900, 6.759100, 6.741800, 6.702700, 6.704200, 6.727600, 6.696700, 6.745100, 6.727600, 6.729600, 6.745500, 5.117700, 5.290100, 5.477900, 5.667400, 5.821200, 5.956400, 6.151800, 6.333900, 6.511200, 6.616600, 6.803800, 7.034100, 7.120800, 7.286700, 7.427600, 7.614600, 7.738700, 7.988700, 8.098600, 8.249900, 6.755900, 6.745600, 6.752200, 6.773700, 6.796300, 6.784600, 6.779500, 6.764900, 6.768300, 6.725400, 6.737300, 6.737100, 6.690900, 6.699800, 6.679100, 6.639200, 6.711300, 6.676000, 6.640900, 6.663700, 
6.788000, 6.782400, 6.786300, 6.744500, 6.719400, 6.731400, 6.757900, 6.737300, 6.709900, 6.728500, 6.700300, 6.742600, 6.706500, 6.672600, 6.653300, 6.658700, 6.645000, 6.658000, 6.658500, 6.649100, 6.704400, 6.674700, 6.760600, 6.678700, 6.690800, 6.659500, 6.739300, 6.634300, 6.702200, 6.697600, 6.675900, 6.690400, 6.699900, 6.671800, 6.665800, 6.699300, 6.664200, 6.671100, 6.658000, 6.685300, 6.950700, 6.973700, 6.887700, 6.890200, 6.835500, 6.758400, 6.782600, 6.715800, 6.722500, 6.677300, 6.713600, 6.649500, 6.589900, 6.598600, 6.545400, 6.535300, 6.546000, 6.516300, 6.473700, 6.461400, 6.665500, 6.687700, 6.676200, 6.665000, 6.706100, 6.699500, 6.709400, 6.698400, 6.627700, 6.715100, 6.662500, 6.631900, 6.669700, 6.705200, 6.704900, 6.652100, 6.703800, 6.682000, 6.690800, 6.678800, 6.751600, 6.732800, 6.716900, 6.724000, 6.697800, 6.713700, 6.683200, 6.710300, 6.683700, 6.687800, 6.698800, 6.674800, 6.691700, 6.659100, 6.646800, 6.669700, 6.623600, 6.693700, 6.679700, 6.716600, 6.718100, 6.710900, 6.690900, 6.661100, 6.683300, 6.694800, 6.692500, 6.673400, 6.712900, 6.688700, 6.717300, 6.709800, 6.670100, 6.672400, 6.690200, 6.656800, 6.700600, 6.671500, 6.671100, 6.694000, 5.108400, 5.275400, 5.468100, 5.653100, 5.799800, 5.934200, 6.123800, 6.311300, 6.471500, 6.580100, 6.765400, 6.993100, 7.077600, 7.228300, 7.376800, 7.555300, 7.685600, 7.921300, 8.034800, 8.178800, 6.706000, 6.705400, 6.702300, 6.729100, 6.754900, 6.745300, 6.747200, 6.722800, 6.732100, 6.688500, 6.697800, 6.690300, 6.651100, 6.672500, 6.651700, 6.617200, 6.680800, 6.639000, 6.607900, 6.635800, 
6.808700, 6.769300, 6.749900, 6.707000, 6.686600, 6.688200, 6.717400, 6.711000, 6.696000, 6.714900, 6.687600, 6.731800, 6.699300, 6.672500, 6.655500, 6.661700, 6.648200, 6.660900, 6.661600, 6.648700, 6.690000, 6.667200, 6.750800, 6.668700, 6.682000, 6.648000, 6.729600, 6.624500, 6.694600, 6.690000, 6.666100, 6.682200, 6.686900, 6.659600, 6.654400, 6.688500, 6.654000, 6.664000, 6.650000, 6.678100, 6.944300, 6.966500, 6.881000, 6.881000, 6.830200, 6.746800, 6.772800, 6.707800, 6.712500, 6.668900, 6.704400, 6.640000, 6.581700, 6.590100, 6.537500, 6.524100, 6.535600, 6.506200, 6.466200, 6.451700, 6.657900, 6.678900, 6.666000, 6.657200, 6.699000, 6.689500, 6.704900, 6.688800, 6.618000, 6.705500, 6.652600, 6.620900, 6.659000, 6.696600, 6.693300, 6.643400, 6.696300, 6.675300, 6.677800, 6.667900, 6.739500, 6.720900, 6.704500, 6.714800, 6.687100, 6.703700, 6.674800, 6.702800, 6.674100, 6.681300, 6.690200, 6.666300, 6.680000, 6.650500, 6.638500, 6.660200, 6.614500, 6.684000, 6.669200, 6.704000, 6.698800, 6.694300, 6.672300, 6.646500, 6.669100, 6.680500, 6.678500, 6.664500, 6.700900, 6.679400, 6.705600, 6.698000, 6.660700, 6.663400, 6.680800, 6.650100, 6.693800, 6.665100, 6.662200, 6.681400, 5.103200, 5.270000, 5.463400, 5.648000, 5.794100, 5.927900, 6.119600, 6.303100, 6.463800, 6.570900, 6.753600, 6.982900, 7.067600, 7.216800, 7.363800, 7.545500, 7.671700, 7.908700, 8.018800, 8.163700, 6.696600, 6.693500, 6.691400, 6.720000, 6.746800, 6.735900, 6.735000, 6.714700, 6.723100, 6.679900, 6.687400, 6.679500, 6.642300, 6.663600, 6.640000, 6.607000, 6.672800, 6.630800, 6.598200, 6.628400, 
6.762700, 6.729500, 6.728000, 6.693600, 6.680100, 6.681400, 6.709200, 6.706400, 6.698300, 6.716500, 6.689700, 6.734700, 6.703200, 6.672000, 6.655200, 6.661800, 6.648200, 6.661200, 6.661700, 6.648900, 6.692000, 6.669300, 6.754500, 6.672000, 6.684100, 6.651400, 6.734000, 6.626800, 6.697700, 6.693900, 6.668400, 6.684200, 6.690100, 6.662600, 6.656900, 6.692000, 6.656600, 6.666900, 6.652000, 6.680700, 6.948400, 6.970000, 6.882900, 6.884200, 6.834000, 6.749100, 6.776000, 6.710000, 6.715200, 6.671000, 6.707100, 6.644400, 6.583300, 6.593200, 6.541300, 6.526100, 6.538500, 6.508200, 6.468900, 6.454800, 6.661000, 6.681300, 6.668700, 6.660100, 6.700600, 6.692400, 6.708600, 6.691500, 6.621500, 6.708100, 6.656200, 6.623300, 6.661700, 6.699400, 6.695900, 6.646900, 6.700400, 6.678400, 6.681200, 6.670000, 6.742500, 6.724200, 6.707800, 6.718100, 6.689400, 6.707100, 6.676000, 6.705500, 6.677000, 6.685200, 6.691700, 6.668800, 6.682100, 6.653700, 6.641500, 6.663300, 6.616100, 6.685800, 6.670800, 6.706800, 6.699500, 6.695000, 6.672100, 6.647800, 6.671000, 6.682200, 6.680400, 6.667600, 6.703300, 6.681300, 6.708400, 6.701400, 6.664000, 6.666300, 6.682400, 6.652500, 6.697000, 6.668300, 6.665100, 6.684300, 5.104400, 5.272500, 5.465300, 5.649500, 5.796300, 5.929600, 6.122300, 6.305800, 6.465700, 6.573200, 6.758500, 6.985600, 7.070900, 7.219000, 7.365800, 7.548400, 7.674000, 7.911900, 8.022900, 8.166400, 6.699100, 6.696200, 6.695100, 6.722500, 6.749800, 6.736600, 6.737300, 6.717400, 6.728100, 6.682700, 6.689800, 6.682400, 6.645500, 6.667200, 6.642900, 6.609000, 6.675100, 6.633300, 6.601400, 6.632000, 
6.751600, 6.724500, 6.721100, 6.690000, 6.682900, 6.684600, 6.712300, 6.710500, 6.698100, 6.716800, 6.690000, 6.735000, 6.703400, 6.672400, 6.655300, 6.662200, 6.648500, 6.661400, 6.662600, 6.649700, 6.691700, 6.669200, 6.754500, 6.672000, 6.684500, 6.651600, 6.733800, 6.627000, 6.697300, 6.693900, 6.668500, 6.684500, 6.690300, 6.662400, 6.656800, 6.691800, 6.656800, 6.666900, 6.652400, 6.680700, 6.948400, 6.970100, 6.883000, 6.884800, 6.833900, 6.748800, 6.776200, 6.710100, 6.715300, 6.670800, 6.707100, 6.644800, 6.583500, 6.592800, 6.541700, 6.526100, 6.538600, 6.508200, 6.468800, 6.455100, 6.660900, 6.681100, 6.669100, 6.660100, 6.700300, 6.692200, 6.708900, 6.691600, 6.621800, 6.708100, 6.656700, 6.623400, 6.661900, 6.699400, 6.696100, 6.647000, 6.700300, 6.677800, 6.681000, 6.669800, 6.742300, 6.724000, 6.707800, 6.718100, 6.689100, 6.707200, 6.675800, 6.705500, 6.677200, 6.685300, 6.691800, 6.668900, 6.682100, 6.653500, 6.641400, 6.663700, 6.616300, 6.685900, 6.670500, 6.706700, 6.698800, 6.694700, 6.672600, 6.647900, 6.670600, 6.682400, 6.680300, 6.667200, 6.703500, 6.681300, 6.708300, 6.701800, 6.664400, 6.666500, 6.683100, 6.652100, 6.697400, 6.669000, 6.665700, 6.684700, 5.104400, 5.272700, 5.465200, 5.649700, 5.796400, 5.929700, 6.122500, 6.305700, 6.465800, 6.573200, 6.758700, 6.985800, 7.070700, 7.218900, 7.365600, 7.548000, 7.673700, 7.911700, 8.022700, 8.166500, 6.698900, 6.696200, 6.694700, 6.722400, 6.749500, 6.737000, 6.737500, 6.717400, 6.728400, 6.683200, 6.690200, 6.682700, 6.645600, 6.667300, 6.642900, 6.608700, 6.675100, 6.633500, 6.601600, 6.632300, 
6.747800, 6.728000, 6.724600, 6.694600, 6.683200, 6.685200, 6.713100, 6.711000, 6.699100, 6.717600, 6.691200, 6.736600, 6.704800, 6.674600, 6.657500, 6.664300, 6.650300, 6.664900, 6.667800, 6.656900, 6.693300, 6.670800, 6.756100, 6.673600, 6.685400, 6.653000, 6.734800, 6.628300, 6.698600, 6.695300, 6.670000, 6.686700, 6.691300, 6.663400, 6.658300, 6.692500, 6.658600, 6.668000, 6.653700, 6.682200, 6.949800, 6.970800, 6.884700, 6.886000, 6.835700, 6.750100, 6.777700, 6.711000, 6.716800, 6.672000, 6.708100, 6.646000, 6.584300, 6.593500, 6.543200, 6.526700, 6.540400, 6.509500, 6.470100, 6.456000, 6.661600, 6.681800, 6.669800, 6.660500, 6.700900, 6.693400, 6.710100, 6.693200, 6.623100, 6.709400, 6.658100, 6.623900, 6.664000, 6.700600, 6.697800, 6.648400, 6.702100, 6.680200, 6.682700, 6.671600, 6.743000, 6.724600, 6.709200, 6.718600, 6.690000, 6.708600, 6.676800, 6.706400, 6.677900, 6.686400, 6.692700, 6.670200, 6.683400, 6.654800, 6.643000, 6.665200, 6.617700, 6.686900, 6.672000, 6.708600, 6.698700, 6.695100, 6.673700, 6.648700, 6.671200, 6.683700, 6.681700, 6.668100, 6.704600, 6.682300, 6.709400, 6.703400, 6.666000, 6.667900, 6.684800, 6.654300, 6.699200, 6.671200, 6.668800, 6.686100, 5.105400, 5.273600, 5.466000, 5.650600, 5.797400, 5.930200, 6.123100, 6.307500, 6.467500, 6.574300, 6.760400, 6.987200, 7.071500, 7.220200, 7.367100, 7.549200, 7.675400, 7.913500, 8.024400, 8.168600, 6.700100, 6.697200, 6.696200, 6.724000, 6.750800, 6.737900, 6.739200, 6.718800, 6.729600, 6.684100, 6.691600, 6.683900, 6.646600, 6.668900, 6.644500, 6.610400, 6.676300, 6.635000, 6.602700, 6.633400, 
6.754800, 6.729200, 6.726100, 6.696500, 6.686000, 6.687900, 6.720500, 6.720900, 6.715400, 6.740800, 6.725300, 6.774900, 6.756700, 6.735200, 6.723000, 6.737300, 6.732300, 6.759200, 6.773800, 6.768600, 6.724400, 6.703200, 6.785100, 6.702100, 6.713800, 6.681800, 6.760600, 6.657800, 6.731100, 6.721800, 6.698900, 6.716300, 6.722200, 6.692800, 6.685400, 6.718200, 6.686400, 6.696900, 6.681300, 6.708800, 6.977500, 6.999700, 6.917000, 6.917500, 6.864700, 6.778400, 6.809300, 6.740600, 6.742800, 6.698900, 6.738300, 6.674300, 6.611400, 6.622200, 6.570600, 6.553700, 6.567900, 6.539900, 6.495900, 6.484600, 6.693000, 6.710800, 6.698100, 6.691900, 6.730700, 6.725300, 6.738400, 6.722800, 6.655200, 6.739000, 6.688200, 6.649200, 6.697000, 6.727500, 6.727900, 6.678000, 6.731200, 6.707700, 6.712500, 6.698400, 6.764400, 6.746600, 6.732100, 6.742400, 6.713800, 6.735400, 6.702100, 6.734600, 6.703700, 6.714500, 6.721400, 6.705100, 6.714300, 6.686500, 6.673400, 6.698800, 6.649900, 6.722200, 6.709000, 6.745000, 6.705800, 6.703800, 6.684500, 6.660300, 6.687800, 6.701000, 6.701100, 6.687800, 6.729300, 6.709800, 6.737900, 6.736000, 6.700600, 6.704300, 6.729000, 6.696500, 6.743500, 6.727200, 6.724600, 6.742400, 5.128900, 5.295000, 5.486500, 5.672700, 5.822400, 5.955200, 6.149000, 6.333700, 6.496200, 6.598900, 6.785200, 7.015100, 7.105000, 7.249500, 7.396600, 7.582600, 7.708500, 7.944100, 8.060900, 8.203700, 6.728200, 6.725700, 6.725400, 6.757900, 6.779300, 6.766400, 6.765700, 6.743900, 6.758500, 6.711200, 6.717600, 6.709600, 6.674200, 6.697700, 6.676100, 6.639300, 6.706800, 6.662800, 6.631800, 6.660700, 
6.765200, 6.747700, 6.755400, 6.734600, 6.739700, 6.756600, 6.794500, 6.812400, 6.808800, 6.847000, 6.840200, 6.895700, 6.890700, 6.875700, 6.874200, 6.903100, 6.915900, 6.972900, 6.991200, 7.006800, 6.829100, 6.810400, 6.899300, 6.807000, 6.819000, 6.786100, 6.870100, 6.760600, 6.833300, 6.833900, 6.807400, 6.826700, 6.830000, 6.804100, 6.794300, 6.829500, 6.793700, 6.807100, 6.790600, 6.813500, 7.091500, 7.114400, 7.031400, 7.031700, 6.980100, 6.896100, 6.920500, 6.849500, 6.851300, 6.804300, 6.848300, 6.785300, 6.720800, 6.727300, 6.677300, 6.659000, 6.672500, 6.644200, 6.595300, 6.583800, 6.817700, 6.828800, 6.813500, 6.804600, 6.847600, 6.839800, 6.850100, 6.834500, 6.763100, 6.849400, 6.798000, 6.754300, 6.801700, 6.831300, 6.828200, 6.773400, 6.835300, 6.805900, 6.813600, 6.799900, 6.843700, 6.831000, 6.817800, 6.832900, 6.809700, 6.828900, 6.799000, 6.834000, 6.807800, 6.822200, 6.839600, 6.816500, 6.825200, 6.800400, 6.793300, 6.824400, 6.777000, 6.853100, 6.843900, 6.880300, 6.769200, 6.771400, 6.757600, 6.736000, 6.773500, 6.789800, 6.794000, 6.783700, 6.829100, 6.813300, 6.848500, 6.851700, 6.823900, 6.833700, 6.859900, 6.829200, 6.883000, 6.876200, 6.874500, 6.898400, 5.210100, 5.380200, 5.573800, 5.758400, 5.916700, 6.054400, 6.250700, 6.445600, 6.602700, 6.704000, 6.893100, 7.123100, 7.220100, 7.366300, 7.520400, 7.701400, 7.838800, 8.064600, 8.187800, 8.335500, 6.839500, 6.833700, 6.838800, 6.862900, 6.885200, 6.874100, 6.874400, 6.852500, 6.869000, 6.821000, 6.829300, 6.817900, 6.785500, 6.802200, 6.788900, 6.747900, 6.821900, 6.775000, 6.738200, 6.767600, 
6.853700, 6.844400, 6.863200, 6.860300, 6.872800, 6.907200, 6.955000, 6.997200, 7.019500, 7.063400, 7.093100, 7.170300, 7.186300, 7.206300, 7.223100, 7.298300, 7.338400, 7.428700, 7.496200, 7.552000, 7.065100, 7.045500, 7.134900, 7.038000, 7.056100, 7.018600, 7.114500, 6.996900, 7.064000, 7.075800, 7.041200, 7.073300, 7.065500, 7.048600, 7.031700, 7.066700, 7.016900, 7.047800, 7.023600, 7.044800, 7.356000, 7.367500, 7.291400, 7.291700, 7.233900, 7.146400, 7.163300, 7.086400, 7.098200, 7.035900, 7.078000, 7.025900, 6.950700, 6.948500, 6.907900, 6.882700, 6.894500, 6.863500, 6.804800, 6.798600, 7.076800, 7.095000, 7.061300, 7.065500, 7.093100, 7.093200, 7.094700, 7.075800, 6.999500, 7.087900, 7.033300, 6.986400, 7.028000, 7.052800, 7.059400, 6.996600, 7.056600, 7.026400, 7.036900, 7.020400, 7.018100, 7.013700, 7.005000, 7.037200, 7.013900, 7.040400, 7.012200, 7.048100, 7.033700, 7.055100, 7.079800, 7.062800, 7.079400, 7.061900, 7.052900, 7.091300, 7.053100, 7.137100, 7.123100, 7.186300, 6.922400, 6.921900, 6.916500, 6.904400, 6.956600, 6.978300, 6.995700, 6.996500, 7.049000, 7.046000, 7.096200, 7.101400, 7.079900, 7.106900, 7.133200, 7.123800, 7.179400, 7.193000, 7.196700, 7.212400, 5.390800, 5.561400, 5.764200, 5.959000, 6.123400, 6.266500, 6.471300, 6.664000, 6.831300, 6.935000, 7.138500, 7.368200, 7.464300, 7.625600, 7.792700, 7.963200, 8.104900, 8.348200, 8.469400, 8.623100, 7.072100, 7.072100, 7.070900, 7.095200, 7.124700, 7.106900, 7.104700, 7.081100, 7.095100, 7.053100, 7.070800, 7.048100, 7.020100, 7.036700, 7.019700, 6.981600, 7.050100, 7.007500, 6.974600, 7.009900, 
7.004700, 7.012800, 7.055600, 7.071600, 7.106500, 7.181400, 7.251400, 7.335800, 7.394800, 7.466300, 7.554000, 7.666800, 7.718800, 7.795600, 7.838900, 7.974500, 8.046900, 8.162200, 8.274200, 8.360300, 7.513000, 7.477200, 7.573700, 7.456100, 7.487900, 7.446000, 7.543000, 7.429800, 7.495900, 7.489900, 7.466100, 7.499900, 7.491900, 7.479000, 7.469100, 7.502800, 7.443800, 7.476200, 7.457800, 7.482900, 7.849100, 7.853700, 7.771100, 7.772100, 7.696800, 7.596800, 7.624900, 7.529700, 7.536300, 7.462200, 7.512900, 7.453500, 7.377700, 7.366500, 7.306300, 7.291200, 7.300200, 7.277600, 7.195300, 7.172800, 7.577200, 7.579200, 7.554300, 7.539100, 7.566000, 7.554000, 7.555000, 7.522900, 7.437700, 7.542600, 7.470500, 7.402400, 7.435900, 7.454300, 7.474800, 7.399500, 7.466700, 7.415700, 7.421200, 7.396700, 7.333000, 7.341700, 7.360800, 7.399000, 7.389300, 7.415400, 7.402800, 7.458300, 7.454400, 7.476800, 7.507500, 7.506900, 7.547700, 7.527300, 7.536200, 7.580900, 7.552400, 7.642500, 7.653800, 7.731700, 7.218700, 7.231300, 7.240200, 7.244000, 7.310400, 7.345300, 7.380500, 7.385400, 7.463000, 7.459400, 7.542800, 7.548700, 7.541800, 7.584700, 7.627100, 7.635400, 7.697900, 7.723600, 7.736700, 7.765000, 5.731200, 5.907200, 6.117600, 6.316600, 6.512900, 6.660000, 6.860100, 7.073200, 7.237900, 7.349500, 7.584300, 7.814700, 7.912300, 8.093100, 8.275200, 8.449000, 8.605300, 8.846000, 8.988000, 9.141200, 7.487000, 7.502700, 7.493100, 7.530700, 7.555000, 7.545800, 7.553300, 7.495100, 7.530900, 7.498600, 7.489500, 7.473300, 7.453200, 7.469300, 7.444800, 7.401800, 7.481000, 7.436800, 7.406100, 7.436600, 
7.249900, 7.288800, 7.364800, 7.413000, 7.504100, 7.625600, 7.736100, 7.867600, 7.966900, 8.098000, 8.214200, 8.370100, 8.450100, 8.558100, 8.613800, 8.777600, 8.864300, 8.981100, 9.101100, 9.152000, 8.145700, 8.116700, 8.209600, 8.099100, 8.139300, 8.078100, 8.172500, 8.063600, 8.120800, 8.130800, 8.115100, 8.151200, 8.126100, 8.121300, 8.100400, 8.141700, 8.080200, 8.126400, 8.094300, 8.114900, 8.572200, 8.586300, 8.473900, 8.473900, 8.361300, 8.269700, 8.298800, 8.189400, 8.175700, 8.101300, 8.153900, 8.081100, 7.982600, 7.971300, 7.934300, 7.890700, 7.901000, 7.884600, 7.789100, 7.756700, 8.338500, 8.339900, 8.299900, 8.269700, 8.259900, 8.265100, 8.233200, 8.193500, 8.099600, 8.201400, 8.105200, 8.013000, 8.059700, 8.055200, 8.070800, 7.981400, 8.044700, 7.990200, 7.984600, 7.950800, 7.836800, 7.859200, 7.880000, 7.932000, 7.944400, 7.981200, 7.990800, 8.053600, 8.088200, 8.118400, 8.165700, 8.183800, 8.209800, 8.210700, 8.252500, 8.327800, 8.276200, 8.410700, 8.426100, 8.539300, 7.723800, 7.738300, 7.787500, 7.782700, 7.878900, 7.930000, 7.974600, 7.984500, 8.086200, 8.097000, 8.196600, 8.203800, 8.214100, 8.260700, 8.323800, 8.330700, 8.391800, 8.437000, 8.475200, 8.486900, 6.233600, 6.419600, 6.658100, 6.867700, 7.058700, 7.233900, 7.435600, 7.676900, 7.872700, 7.987700, 8.240500, 8.472300, 8.601300, 8.797800, 8.981300, 9.178900, 9.341800, 9.593400, 9.743500, 9.918800, 8.125200, 8.138800, 8.132900, 8.174600, 8.190000, 8.183600, 8.189600, 8.147600, 8.173600, 8.137800, 8.143900, 8.108000, 8.079100, 8.099600, 8.086400, 8.028100, 8.129000, 8.090600, 8.048100, 8.084200, 
7.617800, 7.698500, 7.827100, 7.914500, 8.058900, 8.232200, 8.393900, 8.527100, 8.655300, 8.834800, 8.934500, 9.107900, 9.172200, 9.286600, 9.304900, 9.470500, 9.524400, 9.630600, 9.695800, 9.729300, 8.860800, 8.855300, 8.924700, 8.837000, 8.867400, 8.809300, 8.912200, 8.781600, 8.845700, 8.855000, 8.816200, 8.865500, 8.850700, 8.848900, 8.830100, 8.874000, 8.807800, 8.857800, 8.821000, 8.840500, 9.393200, 9.400700, 9.253400, 9.247800, 9.124300, 9.036000, 9.060200, 8.942400, 8.903100, 8.823100, 8.888200, 8.803400, 8.687500, 8.672200, 8.623100, 8.571400, 8.591200, 8.559400, 8.460200, 8.435100, 9.224600, 9.246300, 9.163200, 9.119600, 9.077100, 9.062700, 9.020900, 8.973400, 8.857100, 8.944000, 8.822300, 8.724200, 8.754100, 8.739900, 8.740800, 8.641600, 8.688400, 8.629200, 8.604600, 8.558600, 8.414700, 8.447400, 8.479400, 8.548400, 8.582000, 8.647100, 8.657600, 8.737300, 8.786400, 8.840500, 8.896300, 8.942300, 8.972900, 8.985100, 9.040200, 9.146200, 9.095600, 9.267500, 9.295900, 9.424000, 8.394500, 8.424100, 8.483200, 8.481000, 8.580000, 8.631400, 8.694400, 8.708300, 8.812900, 8.830700, 8.937200, 8.925300, 8.933200, 9.008500, 9.050300, 9.050300, 9.125100, 9.151900, 9.191300, 9.226700, 6.805900, 7.006800, 7.275600, 7.479600, 7.702500, 7.885800, 8.101200, 8.369500, 8.571200, 8.731500, 8.955800, 9.246100, 9.355600, 9.572400, 9.762400, 9.982000, 10.162600, 10.458400, 10.587900, 10.793300, 8.854100, 8.858200, 8.859100, 8.898600, 8.913200, 8.916400, 8.936200, 8.874000, 8.906400, 8.855100, 8.870000, 8.827300, 8.818400, 8.826600, 8.814000, 8.751100, 8.848100, 8.807400, 8.778700, 8.804600, 
8.107100, 8.229400, 8.398600, 8.527400, 8.699000, 8.883200, 9.052000, 9.192700, 9.293200, 9.450600, 9.532300, 9.684700, 9.738700, 9.808100, 9.837200, 9.956800, 10.006200, 10.091200, 10.132900, 10.167800, 9.485400, 9.464100, 9.552100, 9.447700, 9.489600, 9.410200, 9.520700, 9.407200, 9.468900, 9.472000, 9.422900, 9.486500, 9.470200, 9.468000, 9.441000, 9.500000, 9.421600, 9.452400, 9.432000, 9.460300, 10.059600, 10.089900, 9.930700, 9.921400, 9.776000, 9.660800, 9.682700, 9.577300, 9.539900, 9.437500, 9.504500, 9.421000, 9.269000, 9.260100, 9.220600, 9.144200, 9.167900, 9.125300, 9.035200, 9.008000, 10.040300, 10.027600, 9.881900, 9.862700, 9.809500, 9.749100, 9.694700, 9.628000, 9.506400, 9.534100, 9.424200, 9.305400, 9.327000, 9.299400, 9.300600, 9.177900, 9.212900, 9.132600, 9.096200, 9.042100, 8.902600, 8.952400, 8.991100, 9.083500, 9.139600, 9.206200, 9.234400, 9.315400, 9.371800, 9.449200, 9.499900, 9.561000, 9.617200, 9.638400, 9.722800, 9.852500, 9.786400, 9.976200, 10.035500, 10.135300, 9.055600, 9.076300, 9.123200, 9.141500, 9.217200, 9.285500, 9.327000, 9.335300, 9.445800, 9.446100, 9.538300, 9.538800, 9.529100, 9.585000, 9.646300, 9.635300, 9.706400, 9.722300, 9.753600, 9.776700, 7.303200, 7.510500, 7.793200, 8.020800, 8.252700, 8.438400, 8.675700, 8.965100, 9.153900, 9.326400, 9.579300, 9.897000, 9.992900, 10.247800, 10.432200, 10.657200, 10.856200, 11.163100, 11.288100, 11.507300, 9.465900, 9.462300, 9.474800, 9.513500, 9.512200, 9.543200, 9.537800, 9.481900, 9.522800, 9.466500, 9.492900, 9.448700, 9.422100, 9.439400, 9.428000, 9.366200, 9.464000, 9.432600, 9.379700, 9.437400, 
8.663400, 8.805000, 8.986400, 9.109900, 9.286400, 9.430500, 9.583000, 9.710500, 9.790800, 9.907100, 9.989700, 10.088500, 10.123200, 10.197600, 10.214900, 10.313900, 10.363400, 10.426800, 10.475300, 10.495400, 9.954000, 9.898400, 9.995300, 9.873600, 9.938900, 9.869300, 9.938400, 9.836300, 9.931900, 9.919300, 9.866900, 9.935300, 9.912600, 9.913400, 9.888200, 9.932200, 9.864200, 9.897800, 9.888300, 9.924600, 10.540900, 10.575200, 10.416200, 10.392000, 10.252200, 10.120400, 10.145200, 10.030500, 9.993000, 9.885500, 9.964500, 9.846500, 9.694100, 9.691900, 9.665100, 9.564600, 9.578000, 9.543900, 9.458300, 9.420400, 10.657100, 10.620700, 10.445000, 10.410400, 10.336100, 10.247400, 10.194000, 10.109600, 9.976000, 9.996800, 9.863600, 9.745800, 9.739000, 9.691900, 9.694600, 9.554100, 9.589400, 9.491300, 9.449500, 9.392100, 9.256300, 9.339300, 9.375600, 9.469800, 9.543900, 9.629100, 9.661200, 9.738400, 9.800400, 9.910700, 9.945400, 10.020500, 10.100900, 10.112500, 10.205000, 10.353500, 10.291200, 10.470800, 10.544600, 10.659600, 9.571200, 9.589200, 9.621100, 9.606500, 9.686400, 9.763100, 9.798300, 9.800800, 9.912200, 9.896600, 9.990000, 9.996600, 9.968400, 10.018000, 10.080400, 10.059000, 10.105600, 10.137000, 10.169100, 10.159900, 7.660800, 7.885900, 8.178300, 8.424400, 8.652800, 8.836300, 9.086700, 9.399100, 9.614400, 9.774100, 10.022600, 10.363400, 10.467100, 10.738000, 10.892400, 11.138600, 11.338000, 11.669900, 11.778400, 12.035700, 9.912000, 9.911900, 9.931700, 9.955000, 9.971700, 9.975900, 9.987300, 9.921600, 9.966500, 9.918600, 9.940000, 9.895500, 9.867000, 9.873100, 9.890000, 9.832000, 9.905500, 9.886100, 9.833700, 9.891100, 
9.195100, 9.323900, 9.489700, 9.578000, 9.716500, 9.841700, 9.975100, 10.077800, 10.144400, 10.247700, 10.317200, 10.410600, 10.431100, 10.487800, 10.495600, 10.578700, 10.621100, 10.683600, 10.744600, 10.754400, 10.251300, 10.239800, 10.311200, 10.210200, 10.279000, 10.206600, 10.260700, 10.143700, 10.274800, 10.243700, 10.199200, 10.251900, 10.239200, 10.234600, 10.213100, 10.241700, 10.175800, 10.228800, 10.204600, 10.244800, 10.921900, 10.931600, 10.767300, 10.759000, 10.603600, 10.441700, 10.480300, 10.365300, 10.328700, 10.212000, 10.290700, 10.162900, 10.015900, 10.008500, 9.977400, 9.874500, 9.894500, 9.842400, 9.769500, 9.715600, 11.120500, 11.065300, 10.871100, 10.821700, 10.736900, 10.642500, 10.573000, 10.455600, 10.324500, 10.341000, 10.170600, 10.064300, 10.030500, 9.983400, 9.979000, 9.839300, 9.861800, 9.742600, 9.686100, 9.630700, 9.520900, 9.616200, 9.656400, 9.742100, 9.843000, 9.915200, 9.988700, 10.044000, 10.143500, 10.252300, 10.299800, 10.363200, 10.434000, 10.458900, 10.551500, 10.686500, 10.645100, 10.825200, 10.916800, 11.024800, 9.944700, 9.960400, 9.991200, 9.965300, 10.056400, 10.116800, 10.141900, 10.135600, 10.255400, 10.238100, 10.307800, 10.315100, 10.299900, 10.324200, 10.374400, 10.382300, 10.410000, 10.431400, 10.467400, 10.464200, 7.937000, 8.155200, 8.459100, 8.726500, 8.945300, 9.141900, 9.398100, 9.717200, 9.913100, 10.080100, 10.350900, 10.695400, 10.817400, 11.078500, 11.236200, 11.494200, 11.687300, 12.038000, 12.154200, 12.401800, 10.231700, 10.246500, 10.256000, 10.280700, 10.304700, 10.306100, 10.318800, 10.254500, 10.289900, 10.236300, 10.275100, 10.220300, 10.191500, 10.197400, 10.221600, 10.152800, 10.230000, 10.219100, 10.146800, 10.218700, 
9.627900, 9.719200, 9.858900, 9.926600, 10.021700, 10.149800, 10.251800, 10.354100, 10.382800, 10.497800, 10.554700, 10.637900, 10.659000, 10.706000, 10.706100, 10.809200, 10.833300, 10.899800, 10.956600, 10.959800, 10.494800, 10.501800, 10.560800, 10.447400, 10.523100, 10.446200, 10.512200, 10.399100, 10.507500, 10.490900, 10.443400, 10.507200, 10.482800, 10.480800, 10.448600, 10.504400, 10.417500, 10.485300, 10.444600, 10.495900, 11.197000, 11.218600, 11.030500, 11.029100, 10.854900, 10.700800, 10.739700, 10.619700, 10.587500, 10.454100, 10.535900, 10.401600, 10.266000, 10.241900, 10.206200, 10.118100, 10.132400, 10.071300, 9.993800, 9.950000, 11.460900, 11.395500, 11.199200, 11.136300, 11.032600, 10.935700, 10.862600, 10.734600, 10.580400, 10.595600, 10.422300, 10.291800, 10.252700, 10.221300, 10.191000, 10.032900, 10.059600, 9.937300, 9.863700, 9.815700, 9.731900, 9.825800, 9.875400, 9.965400, 10.070000, 10.147100, 10.218000, 10.293000, 10.389900, 10.489400, 10.554600, 10.598300, 10.667300, 10.720900, 10.821500, 10.938700, 10.916900, 11.091700, 11.187800, 11.294900, 10.205600, 10.229500, 10.246500, 10.230700, 10.317900, 10.369600, 10.397600, 10.389600, 10.504300, 10.488600, 10.556200, 10.557800, 10.526700, 10.559400, 10.611900, 10.637900, 10.658000, 10.660100, 10.705300, 10.690700, 8.134000, 8.361100, 8.673600, 8.948300, 9.155600, 9.366600, 9.635200, 9.961200, 10.154400, 10.331100, 10.594200, 10.944300, 11.060700, 11.318600, 11.500000, 11.767400, 11.951800, 12.316900, 12.436300, 12.672100, 10.485000, 10.490200, 10.503400, 10.530900, 10.542000, 10.533600, 10.576000, 10.486300, 10.534400, 10.478500, 10.532400, 10.453800, 10.427100, 10.444800, 10.472500, 10.398600, 10.478500, 10.477200, 10.402100, 10.470100, 
9.947600, 10.019300, 10.131400, 10.174000, 10.261900, 10.370400, 10.465900, 10.557700, 10.583500, 10.695900, 10.756500, 10.815600, 10.855900, 10.892600, 10.892100, 10.996600, 11.002700, 11.081300, 11.123600, 11.154000, 10.685000, 10.691700, 10.757800, 10.648000, 10.720000, 10.632200, 10.705000, 10.591100, 10.692900, 10.704100, 10.645300, 10.697700, 10.680700, 10.684000, 10.643400, 10.703100, 10.612300, 10.673300, 10.653900, 10.700800, 11.440000, 11.445300, 11.256300, 11.237700, 11.065000, 10.892500, 10.949800, 10.827000, 10.780300, 10.657600, 10.718400, 10.594200, 10.470100, 10.431200, 10.387300, 10.305500, 10.296300, 10.255500, 10.172100, 10.135500, 11.742900, 11.664800, 11.460900, 11.374500, 11.257000, 11.167600, 11.090800, 10.953100, 10.791200, 10.813000, 10.614300, 10.479000, 10.437900, 10.392700, 10.346900, 10.202900, 10.203900, 10.089600, 10.017300, 9.964000, 9.899800, 10.002000, 10.031400, 10.153100, 10.241300, 10.319000, 10.403000, 10.480900, 10.571500, 10.677000, 10.749700, 10.792700, 10.879400, 10.940300, 11.025100, 11.156500, 11.125900, 11.306100, 11.401600, 11.515400, 10.411800, 10.433100, 10.456000, 10.426600, 10.519300, 10.585600, 10.592500, 10.582200, 10.702800, 10.676700, 10.753700, 10.762300, 10.711200, 10.757200, 10.804300, 10.821700, 10.850600, 10.862500, 10.901500, 10.887200, 8.295500, 8.516800, 8.841400, 9.122200, 9.332500, 9.544500, 9.817200, 10.137400, 10.354900, 10.518100, 10.799300, 11.132100, 11.253300, 11.520000, 11.711500, 11.978700, 12.159600, 12.519400, 12.650600, 12.895800, 10.681900, 10.693000, 10.708500, 10.713000, 10.738100, 10.740200, 10.764300, 10.688800, 10.731300, 10.669100, 10.737800, 10.644500, 10.640700, 10.652100, 10.655100, 10.598300, 10.686400, 10.661500, 10.606900, 10.672100, 
10.159700, 10.230700, 10.322200, 10.357700, 10.436200, 10.543800, 10.649300, 10.743600, 10.760000, 10.863500, 10.925800, 10.989900, 11.016000, 11.073300, 11.082500, 11.169300, 11.187500, 11.271700, 11.318800, 11.366700, 10.865500, 10.855700, 10.928900, 10.822000, 10.890400, 10.801200, 10.863500, 10.756900, 10.864700, 10.866300, 10.811400, 10.857200, 10.838700, 10.859300, 10.816200, 10.883300, 10.779900, 10.842500, 10.815500, 10.857100, 11.648500, 11.638400, 11.448300, 11.415800, 11.245300, 11.068300, 11.121500, 11.009700, 10.954700, 10.836700, 10.897400, 10.770000, 10.622300, 10.591000, 10.560300, 10.468800, 10.467100, 10.407000, 10.335000, 10.288500, 11.971900, 11.898800, 11.691100, 11.593400, 11.462200, 11.357700, 11.284400, 11.133600, 10.958100, 10.993900, 10.774900, 10.638400, 10.598900, 10.537400, 10.491700, 10.341100, 10.342600, 10.208900, 10.143900, 10.097000, 10.039100, 10.140100, 10.170600, 10.295400, 10.403500, 10.471100, 10.561400, 10.640700, 10.729900, 10.836400, 10.919100, 10.954200, 11.058300, 11.122100, 11.219800, 11.360400, 11.307200, 11.499500, 11.601300, 11.723200, 10.593900, 10.596400, 10.620600, 10.595300, 10.691600, 10.746800, 10.760900, 10.752700, 10.879400, 10.848900, 10.913900, 10.930500, 10.882100, 10.928600, 10.978500, 10.997400, 11.027000, 11.052100, 11.087500, 11.069800, 8.431800, 8.666800, 8.993600, 9.268000, 9.478400, 9.708000, 9.983100, 10.301000, 10.517700, 10.677400, 10.970600, 11.304900, 11.423500, 11.696000, 11.903500, 12.162200, 12.342100, 12.708800, 12.840800, 13.086000, 10.716100, 10.861700, 10.876400, 10.877200, 10.905300, 10.911300, 10.936100, 10.862100, 10.907000, 10.845100, 10.900900, 10.821300, 10.802100, 10.820100, 10.824200, 10.768400, 10.876100, 10.833600, 10.778900, 10.842100, 
10.319800, 10.394800, 10.469600, 10.515100, 10.592200, 10.699700, 10.810200, 10.901500, 10.920900, 11.028100, 11.088300, 11.170700, 11.191700, 11.261500, 11.286300, 11.371500, 11.397200, 11.502100, 11.548100, 11.605600, 11.037200, 11.023500, 11.095700, 10.996000, 11.058300, 10.969600, 11.032000, 10.924900, 11.031800, 11.018400, 10.975300, 11.019900, 11.010800, 11.018800, 10.982400, 11.047100, 10.948400, 11.008300, 10.986000, 11.016400, 11.836700, 11.832200, 11.648400, 11.587800, 11.415000, 11.232700, 11.282500, 11.169600, 11.122000, 10.991900, 11.063200, 10.932500, 10.798900, 10.758500, 10.716700, 10.621900, 10.625400, 10.565900, 10.481000, 10.436500, 12.219000, 12.126200, 11.909100, 11.807300, 11.667500, 11.555900, 11.481800, 11.306700, 11.124700, 11.163500, 10.950200, 10.785600, 10.745100, 10.695700, 10.642200, 10.478100, 10.480700, 10.347300, 10.269900, 10.218800, 10.162200, 10.267900, 10.309000, 10.438800, 10.537800, 10.618800, 10.718300, 10.798500, 10.891000, 10.995400, 11.083900, 11.126300, 11.229400, 11.310400, 11.396700, 11.553100, 11.502600, 11.696700, 11.819500, 11.951900, 10.746400, 10.752500, 10.767900, 10.747600, 10.855200, 10.898600, 10.921100, 10.921500, 11.044900, 11.009200, 11.078900, 11.103200, 11.054200, 11.106200, 11.156900, 11.188200, 11.220100, 11.236500, 11.285100, 11.268000, 8.576200, 8.806900, 9.141900, 9.414200, 9.633000, 9.855900, 10.135600, 10.461700, 10.681900, 10.851600, 11.148900, 11.475800, 11.605100, 11.873800, 12.077800, 12.339900, 12.531100, 12.898500, 13.039800, 13.275400, 10.717900, 10.892300, 11.025600, 11.045200, 11.063400, 11.077000, 11.093200, 11.018200, 11.061800, 11.021200, 11.059900, 10.988200, 10.972800, 10.981300, 11.003100, 10.938600, 11.034200, 10.993800, 10.941200, 11.012700, 
10.455300, 10.535600, 10.603300, 10.663100, 10.735800, 10.850900, 10.968400, 11.059700, 11.090200, 11.218300, 11.283000, 11.368700, 11.404900, 11.490100, 11.531000, 11.631400, 11.661600, 11.785400, 11.858000, 11.920300, 11.232200, 11.209100, 11.286800, 11.189300, 11.247100, 11.163300, 11.221600, 11.111200, 11.228500, 11.206900, 11.165100, 11.218300, 11.202200, 11.197200, 11.162400, 11.250200, 11.142300, 11.194200, 11.180900, 11.207100, 12.069500, 12.040700, 11.868000, 11.801200, 11.614400, 11.434400, 11.493600, 11.371200, 11.307500, 11.182400, 11.242300, 11.111800, 10.978200, 10.930600, 10.892500, 10.795000, 10.810000, 10.734000, 10.656100, 10.595800, 12.486200, 12.373600, 12.161400, 12.041000, 11.901700, 11.780500, 11.690200, 11.506000, 11.334800, 11.358200, 11.119700, 10.979400, 10.929800, 10.874100, 10.794600, 10.633600, 10.636200, 10.505500, 10.418900, 10.353600, 10.292200, 10.413400, 10.454900, 10.579000, 10.693100, 10.784900, 10.891400, 10.965700, 11.081900, 11.179700, 11.280600, 11.334100, 11.438600, 11.519600, 11.616500, 11.777900, 11.738300, 11.926900, 12.069800, 12.205000, 10.887600, 10.893100, 10.930100, 10.914600, 11.020800, 11.074000, 11.103600, 11.099900, 11.227300, 11.205400, 11.284300, 11.293700, 11.252100, 11.310200, 11.364100, 11.394100, 11.441000, 11.464800, 11.507600, 11.485500, 8.727400, 8.954600, 9.300800, 9.585100, 9.803100, 10.029200, 10.318400, 10.643200, 10.874000, 11.038800, 11.341600, 11.671200, 11.800600, 12.072600, 12.272000, 12.542800, 12.736400, 13.097400, 13.247600, 13.502400, 10.720400, 10.893400, 11.060300, 11.234100, 11.249900, 11.251300, 11.282400, 11.206700, 11.257500, 11.207900, 11.244400, 11.177000, 11.156700, 11.178700, 11.196800, 11.118500, 11.222600, 11.180100, 11.138200, 11.210700, 
10.582900, 10.675400, 10.747900, 10.814600, 10.902300, 11.020400, 11.146300, 11.249200, 11.304600, 11.438700, 11.523800, 11.618500, 11.668600, 11.787500, 11.819200, 11.942100, 11.998300, 12.122300, 12.224800, 12.281600, 11.455800, 11.440900, 11.513900, 11.424700, 11.484000, 11.397800, 11.453900, 11.327100, 11.463900, 11.450400, 11.391900, 11.439900, 11.430900, 11.429600, 11.396000, 11.468400, 11.365800, 11.413900, 11.404600, 11.435500, 12.345000, 12.316100, 12.130200, 12.047200, 11.861100, 11.687100, 11.731800, 11.607300, 11.543800, 11.408800, 11.466200, 11.323100, 11.196400, 11.151900, 11.111600, 11.014700, 11.020400, 10.942900, 10.866100, 10.800800, 12.822100, 12.698300, 12.464500, 12.349200, 12.176000, 12.051400, 11.949400, 11.760900, 11.578100, 11.581300, 11.347000, 11.202300, 11.137300, 11.056400, 10.997600, 10.818100, 10.820800, 10.676100, 10.591700, 10.518900, 10.443900, 10.565400, 10.620400, 10.749400, 10.879800, 10.993500, 11.093200, 11.182800, 11.290600, 11.409000, 11.518800, 11.569500, 11.687800, 11.775800, 11.882000, 12.045300, 12.018400, 12.216100, 12.367500, 12.526700, 11.067300, 11.067400, 11.121900, 11.112700, 11.226400, 11.280200, 11.310600, 11.311600, 11.455500, 11.417100, 11.522900, 11.538900, 11.504500, 11.561200, 11.622700, 11.652900, 11.707800, 11.729700, 11.783300, 11.761100, 8.924000, 9.154100, 9.491200, 9.779300, 10.006700, 10.250800, 10.536700, 10.875500, 11.096300, 11.247800, 11.576300, 11.914900, 12.021800, 12.325500, 12.511400, 12.785100, 12.990600, 13.360600, 13.508500, 13.772700, 10.722800, 10.895200, 11.062000, 11.273900, 11.490000, 11.493700, 11.527900, 11.435400, 11.484400, 11.441100, 11.473500, 11.410400, 11.388400, 11.414300, 11.432000, 11.346900, 11.461200, 11.427700, 11.374600, 11.445200, 
10.728400, 10.825200, 10.906800, 10.982900, 11.086900, 11.233800, 11.361900, 11.484000, 11.552800, 11.703800, 11.808600, 11.925100, 11.999900, 12.120900, 12.184600, 12.300300, 12.351200, 12.512200, 12.610600, 12.670500, 11.730500, 11.722200, 11.791200, 11.702300, 11.755400, 11.694400, 11.729300, 11.609700, 11.745800, 11.728800, 11.680600, 11.720500, 11.716200, 11.702900, 11.674400, 11.732000, 11.643200, 11.698700, 11.680300, 11.705300, 12.689800, 12.635100, 12.431600, 12.354700, 12.166700, 11.983700, 12.035700, 11.900200, 11.823700, 11.689900, 11.757200, 11.611800, 11.466300, 11.419600, 11.379000, 11.267900, 11.279100, 11.197200, 11.111700, 11.043900, 13.217000, 13.086400, 12.834000, 12.713500, 12.523700, 12.380500, 12.266900, 12.060500, 11.877300, 11.877600, 11.622800, 11.456000, 11.396100, 11.297400, 11.239000, 11.051100, 11.037500, 10.901900, 10.800700, 10.734700, 10.622600, 10.749100, 10.822500, 10.962000, 11.098200, 11.226300, 11.330300, 11.428400, 11.559200, 11.690000, 11.795700, 11.872500, 11.997400, 12.104300, 12.212300, 12.394200, 12.380900, 12.572700, 12.742600, 12.909200, 11.277100, 11.280700, 11.351100, 11.343800, 11.467100, 11.521200, 11.560600, 11.577600, 11.732700, 11.686900, 11.804000, 11.825600, 11.800100, 11.856300, 11.938900, 11.961200, 12.017700, 12.045600, 12.110800, 12.091600, 9.155700, 9.387600, 9.722700, 10.016000, 10.244400, 10.495800, 10.800700, 11.147600, 11.363800, 11.524700, 11.845500, 12.193000, 12.305100, 12.612200, 12.823300, 13.101600, 13.304600, 13.678400, 13.830900, 14.088600, 10.725300, 10.897300, 11.065000, 11.277300, 11.517300, 11.779700, 11.813200, 11.713400, 11.765000, 11.720800, 11.753200, 11.692700, 11.666100, 11.685100, 11.700200, 11.623000, 11.740200, 11.693700, 11.670400, 11.729100, 
10.876200, 11.004300, 11.090900, 11.190900, 11.314100, 11.481900, 11.625000, 11.757900, 11.845800, 12.032900, 12.138000, 12.261900, 12.353500, 12.469400, 12.551300, 12.664600, 12.740600, 12.886400, 12.977100, 13.055200, 12.062900, 12.030400, 12.115200, 12.021600, 12.069000, 12.014300, 12.051100, 11.922500, 12.077400, 12.055400, 12.003200, 12.039000, 12.026700, 12.011400, 11.993700, 12.058200, 11.954500, 12.016400, 11.997300, 12.026000, 13.061900, 13.010800, 12.785700, 12.700400, 12.513900, 12.338800, 12.367900, 12.212600, 12.156500, 12.006800, 12.068400, 11.929400, 11.783100, 11.721400, 11.683300, 11.561900, 11.571100, 11.486600, 11.390600, 11.323900, 13.675000, 13.563700, 13.254500, 13.134500, 12.919400, 12.770000, 12.626400, 12.413500, 12.223100, 12.208100, 11.929900, 11.750800, 11.677400, 11.560400, 11.499300, 11.312300, 11.306200, 11.136600, 11.021300, 10.947800, 10.823200, 10.965500, 11.065300, 11.209900, 11.358000, 11.489300, 11.595900, 11.729600, 11.851100, 12.004300, 12.117900, 12.211400, 12.349000, 12.457100, 12.560400, 12.780200, 12.787500, 12.981800, 13.165400, 13.346200, 11.538700, 11.551700, 11.628200, 11.633700, 11.751100, 11.825600, 11.856300, 11.875600, 12.051800, 12.011800, 12.128800, 12.151500, 12.118300, 12.195100, 12.269400, 12.315400, 12.370600, 12.393800, 12.444500, 12.437600, 9.405000, 9.666200, 9.995900, 10.291400, 10.525900, 10.788900, 11.096400, 11.449200, 11.679600, 11.836000, 12.161700, 12.522900, 12.636000, 12.954300, 13.163800, 13.430600, 13.662100, 14.052000, 14.199900, 14.459900, 10.727600, 10.900200, 11.068400, 11.280400, 11.520600, 11.813500, 12.121700, 12.022700, 12.083600, 12.047500, 12.076600, 12.004000, 11.988100, 11.995200, 12.020500, 11.942500, 12.056800, 11.999300, 11.993100, 12.040800, 
11.059800, 11.210100, 11.310100, 11.428600, 11.577300, 11.738400, 11.911800, 12.071600, 12.170600, 12.344800, 12.480600, 12.605100, 12.706000, 12.803200, 12.888200, 13.006000, 13.093500, 13.219000, 13.339500, 13.394000, 12.394700, 12.372300, 12.429000, 12.364500, 12.400400, 12.342900, 12.373500, 12.262000, 12.417300, 12.387700, 12.333500, 12.369600, 12.363400, 12.342400, 12.319100, 12.394900, 12.283400, 12.356400, 12.348100, 12.351900, 13.458200, 13.382100, 13.169600, 13.079900, 12.874100, 12.682900, 12.720900, 12.562900, 12.495900, 12.334900, 12.401700, 12.242700, 12.088500, 12.030800, 11.993700, 11.872600, 11.875600, 11.797700, 11.695500, 11.608500, 14.197600, 14.055700, 13.739900, 13.599400, 13.356400, 13.180800, 13.010300, 12.775100, 12.582700, 12.556200, 12.255600, 12.063000, 11.968700, 11.845800, 11.778200, 11.589900, 11.571500, 11.378200, 11.259600, 11.179700, 11.039200, 11.206600, 11.310300, 11.478700, 11.632400, 11.771700, 11.900900, 12.027100, 12.165300, 12.338400, 12.460300, 12.575500, 12.709600, 12.826100, 12.948200, 13.195800, 13.199500, 13.398900, 13.610200, 13.800400, 11.826200, 11.858300, 11.932700, 11.954700, 12.079900, 12.146700, 12.174400, 12.207200, 12.384500, 12.331700, 12.472200, 12.499400, 12.450300, 12.520200, 12.606100, 12.664700, 12.707000, 12.751200, 12.813200, 12.805500, 9.678700, 9.935300, 10.287100, 10.578900, 10.824000, 11.096600, 11.420200, 11.768700, 12.003000, 12.171800, 12.492700, 12.858600, 12.985300, 13.303700, 13.543200, 13.805800, 14.051000, 14.415300, 14.594500, 14.839500, 10.729900, 10.904200, 11.071000, 11.284900, 11.523400, 11.818500, 12.159300, 12.354300, 12.413900, 12.370800, 12.399500, 12.348600, 12.324700, 12.326000, 12.364800, 12.279000, 12.395000, 12.337900, 12.319900, 12.368100, 
11.267300, 11.441500, 11.564800, 11.692000, 11.866400, 12.047300, 12.197400, 12.390200, 12.491900, 12.661800, 12.824300, 12.937200, 13.047800, 13.123300, 13.203300, 13.323000, 13.397800, 13.517600, 13.617900, 13.667000, 12.722800, 12.706700, 12.765900, 12.682500, 12.732100, 12.656900, 12.696000, 12.585700, 12.724300, 12.731800, 12.655700, 12.696300, 12.685400, 12.663900, 12.622100, 12.723800, 12.590900, 12.671000, 12.674800, 12.678000, 13.836300, 13.758600, 13.544700, 13.435700, 13.224600, 13.038800, 13.064800, 12.914300, 12.834200, 12.674900, 12.739700, 12.546800, 12.402500, 12.332800, 12.291800, 12.175200, 12.188400, 12.093500, 11.976600, 11.901500, 14.718200, 14.545700, 14.191800, 14.040300, 13.787500, 13.601000, 13.409500, 13.157300, 12.926800, 12.886000, 12.579500, 12.376300, 12.278000, 12.136000, 12.043300, 11.846700, 11.824600, 11.612700, 11.483500, 11.377700, 11.269100, 11.439300, 11.552300, 11.725800, 11.914400, 12.065000, 12.180200, 12.325800, 12.489700, 12.661500, 12.793000, 12.924400, 13.063300, 13.199500, 13.328000, 13.575000, 13.591800, 13.817800, 13.999600, 14.225500, 12.128000, 12.165100, 12.255800, 12.258000, 12.389400, 12.465500, 12.508000, 12.527700, 12.689400, 12.667600, 12.794200, 12.827100, 12.758700, 12.844500, 12.931000, 12.979400, 13.045200, 13.071600, 13.132900, 13.125700, 9.950400, 10.208400, 10.572400, 10.879400, 11.125200, 11.393000, 11.736800, 12.078000, 12.327000, 12.487300, 12.832600, 13.205500, 13.315000, 13.646200, 13.878400, 14.157600, 14.403300, 14.770200, 14.957500, 15.227800, 10.733700, 10.908700, 11.073300, 11.287700, 11.526900, 11.822200, 12.162400, 12.385200, 12.744100, 12.681400, 12.725400, 12.667900, 12.644000, 12.657700, 12.708500, 12.595100, 12.721400, 12.675600, 12.636500, 12.681300, 
11.510000, 11.694700, 11.822900, 11.980000, 12.146900, 12.347200, 12.505700, 12.698200, 12.782300, 12.968600, 13.109800, 13.243300, 13.329700, 13.410300, 13.488300, 13.598800, 13.666900, 13.772400, 13.891300, 13.919400, 13.029700, 13.004500, 13.082300, 12.987600, 13.034300, 12.955100, 13.002400, 12.897500, 13.025200, 13.058400, 12.960300, 12.981000, 12.970100, 12.953600, 12.925800, 13.043100, 12.890900, 12.957800, 12.983100, 12.974700, 14.156800, 14.088700, 13.868400, 13.759700, 13.549500, 13.353400, 13.391500, 13.213100, 13.165000, 12.964500, 13.032400, 12.838200, 12.691500, 12.619000, 12.575800, 12.453900, 12.464200, 12.360900, 12.247200, 12.177700, 15.219400, 15.016300, 14.634900, 14.456700, 14.205600, 13.972500, 13.760800, 13.498200, 13.232000, 13.190900, 12.851900, 12.640100, 12.544900, 12.398100, 12.291000, 12.071400, 12.040800, 11.819900, 11.670200, 11.563900, 11.471200, 11.645700, 11.782200, 11.959100, 12.162000, 12.317900, 12.434100, 12.614100, 12.758300, 12.953800, 13.105400, 13.226200, 13.376000, 13.513000, 13.668100, 13.920000, 13.946900, 14.166800, 14.363300, 14.624200, 12.419200, 12.469000, 12.552500, 12.555600, 12.700300, 12.760000, 12.800200, 12.840000, 12.991900, 12.971200, 13.091900, 13.108600, 13.049500, 13.122100, 13.224100, 13.278900, 13.331700, 13.362800, 13.420700, 13.420600, 10.194700, 10.452900, 10.824600, 11.136800, 11.392300, 11.660300, 12.003200, 12.346800, 12.626000, 12.782400, 13.137300, 13.513600, 13.618400, 13.950200, 14.185000, 14.471600, 14.720400, 15.093000, 15.280400, 15.563300, 10.739000, 10.912900, 11.077600, 11.292000, 11.531100, 11.826500, 12.166500, 12.388100, 12.773700, 12.995500, 13.026100, 12.955500, 12.943000, 12.952700, 13.007100, 12.886200, 13.033600, 12.984000, 12.939400, 12.972100, 
11.649000, 11.856300, 11.988100, 12.151900, 12.318700, 12.514500, 12.673900, 12.867300, 12.955300, 13.143000, 13.268000, 13.403100, 13.485300, 13.553200, 13.622900, 13.739500, 13.802200, 13.910500, 14.026200, 14.049000, 13.195200, 13.156800, 13.229000, 13.148300, 13.181700, 13.124200, 13.167600, 13.066800, 13.188100, 13.220600, 13.124300, 13.138900, 13.130200, 13.111800, 13.094400, 13.193800, 13.052500, 13.136900, 13.142100, 13.134400, 14.348000, 14.261800, 14.055300, 13.938500, 13.719200, 13.516200, 13.546400, 13.384600, 13.314700, 13.130300, 13.203900, 13.002600, 12.849200, 12.766100, 12.726100, 12.594800, 12.612400, 12.505900, 12.396300, 12.326000, 15.494600, 15.273800, 14.883700, 14.690700, 14.418500, 14.167700, 13.950800, 13.693000, 13.394000, 13.363700, 12.994600, 12.777900, 12.687900, 12.527500, 12.403600, 12.196200, 12.150500, 11.930900, 11.762200, 11.660900, 11.584300, 11.763400, 11.910800, 12.090100, 12.306600, 12.443200, 12.573500, 12.758100, 12.917400, 13.106600, 13.283200, 13.400500, 13.542600, 13.686100, 13.841100, 14.105000, 14.118400, 14.361500, 14.563600, 14.828100, 12.583800, 12.628000, 12.698900, 12.730600, 12.858600, 12.918000, 12.946700, 12.989000, 13.156800, 13.136100, 13.264900, 13.265900, 13.199300, 13.263200, 13.384700, 13.450900, 13.490200, 13.515200, 13.584900, 13.543500, 10.332800, 10.595300, 10.970400, 11.276900, 11.532500, 11.825100, 12.154300, 12.507300, 12.776200, 12.950300, 13.295800, 13.678500, 13.778300, 14.115000, 14.344400, 14.634100, 14.887700, 15.255800, 15.443000, 15.725700, 10.744000, 10.918400, 11.082200, 11.295700, 11.534800, 11.831000, 12.170800, 12.393000, 12.777000, 13.021100, 13.304500, 13.224000, 13.205700, 13.224500, 13.265100, 13.156800, 13.300800, 13.250200, 13.207100, 13.236700, 
11.651900, 11.858100, 11.990500, 12.154000, 12.321200, 12.515700, 12.676000, 12.869200, 12.957100, 13.145200, 13.268900, 13.405100, 13.488000, 13.553900, 13.623500, 13.738500, 13.802800, 13.909500, 14.027700, 14.048400, 13.195500, 13.156300, 13.229200, 13.148700, 13.182900, 13.124900, 13.167800, 13.066700, 13.190300, 13.221300, 13.125700, 13.141300, 13.132200, 13.114100, 13.096200, 13.198600, 13.056600, 13.139000, 13.145900, 13.138500, 14.348700, 14.263100, 14.057000, 13.939500, 13.721400, 13.517700, 13.547800, 13.385300, 13.316300, 13.130300, 13.204900, 13.005500, 12.851200, 12.768600, 12.727700, 12.597600, 12.616400, 12.507600, 12.398800, 12.327700, 15.494500, 15.274300, 14.885100, 14.691400, 14.419200, 14.170700, 13.952300, 13.695400, 13.395500, 13.365700, 12.997900, 12.779500, 12.688400, 12.528700, 12.405400, 12.199200, 12.154100, 11.932500, 11.764300, 11.663600, 11.585500, 11.765300, 11.912000, 12.092400, 12.309100, 12.444300, 12.576200, 12.759500, 12.920200, 13.109200, 13.284500, 13.402000, 13.544500, 13.684900, 13.843700, 14.107400, 14.118900, 14.363400, 14.565600, 14.829100, 12.585400, 12.631500, 12.702200, 12.733200, 12.860000, 12.918800, 12.946500, 12.990900, 13.157100, 13.137800, 13.266500, 13.268900, 13.201100, 13.264000, 13.386600, 13.453200, 13.492100, 13.517500, 13.585000, 13.543900, 10.334400, 10.597300, 10.972300, 11.280500, 11.534100, 11.826200, 12.157700, 12.509000, 12.777000, 12.953600, 13.297100, 13.680700, 13.780600, 14.116500, 14.346500, 14.637400, 14.888900, 15.258900, 15.443700, 15.725700, 10.750700, 10.925200, 11.086400, 11.301800, 11.539800, 11.835800, 12.175400, 12.397000, 12.780200, 13.023700, 13.323200, 13.438300, 13.415600, 13.435200, 13.484000, 13.376500, 13.533600, 13.487800, 13.437200, 13.463100, 
11.654100, 11.860300, 11.992200, 12.157000, 12.324100, 12.518500, 12.679700, 12.872100, 12.959600, 13.147400, 13.272700, 13.409400, 13.490400, 13.556900, 13.626900, 13.743300, 13.806000, 13.913100, 14.030600, 14.050700, 13.196500, 13.158000, 13.231800, 13.150300, 13.186100, 13.127400, 13.170100, 13.068800, 13.193400, 13.226000, 13.128200, 13.145100, 13.136500, 13.118400, 13.100700, 13.203800, 13.062400, 13.145000, 13.151300, 13.145200, 14.351700, 14.266200, 14.059400, 13.942800, 13.724500, 13.521000, 13.551200, 13.387900, 13.318500, 13.133200, 13.209000, 13.009400, 12.855100, 12.773300, 12.732300, 12.602000, 12.619900, 12.512300, 12.403700, 12.333000, 15.496600, 15.276800, 14.887900, 14.694000, 14.422800, 14.173400, 13.955900, 13.699000, 13.398100, 13.369700, 13.001300, 12.784100, 12.691400, 12.533100, 12.408100, 12.203300, 12.157400, 11.936200, 11.766800, 11.668900, 11.587400, 11.768100, 11.915800, 12.094700, 12.312400, 12.447500, 12.577900, 12.762500, 12.922800, 13.113200, 13.288000, 13.404200, 13.548400, 13.689500, 13.847100, 14.112400, 14.123800, 14.365700, 14.569900, 14.832400, 12.587600, 12.634300, 12.705900, 12.737900, 12.863400, 12.923300, 12.950300, 12.994900, 13.158900, 13.140700, 13.269900, 13.271900, 13.204700, 13.267800, 13.391000, 13.458600, 13.495400, 13.522900, 13.588100, 13.548400, 10.336900, 10.600900, 10.975700, 11.282200, 11.536600, 11.829600, 12.162000, 12.511600, 12.780100, 12.956400, 13.300300, 13.683900, 13.784500, 14.119100, 14.351000, 14.641600, 14.892600, 15.262600, 15.448800, 15.730500, 10.757500, 10.932400, 11.093700, 11.308200, 11.546300, 11.843100, 12.180200, 12.402500, 12.785300, 13.027100, 13.326000, 13.449600, 13.606900, 13.635400, 13.682500, 13.582100, 13.720900, 13.679200, 13.630400, 13.657600, 
11.656500, 11.862400, 11.995300, 12.159200, 12.327300, 12.522200, 12.684400, 12.876000, 12.963800, 13.152300, 13.277500, 13.413500, 13.494000, 13.560400, 13.631900, 13.747300, 13.810800, 13.916200, 14.036300, 14.056600, 13.197500, 13.159900, 13.234600, 13.153400, 13.188000, 13.130200, 13.174800, 13.072000, 13.196700, 13.228700, 13.131900, 13.149300, 13.143000, 13.124100, 13.105900, 13.209200, 13.067500, 13.151800, 13.158500, 13.153700, 14.354600, 14.268600, 14.061700, 13.947600, 13.729200, 13.524600, 13.555000, 13.392500, 13.322500, 13.138700, 13.214100, 13.013900, 12.859000, 12.777500, 12.736100, 12.607000, 12.625000, 12.516100, 12.407900, 12.338300, 15.500100, 15.280300, 14.891400, 14.697800, 14.425600, 14.177200, 13.959200, 13.703700, 13.401100, 13.374100, 13.006300, 12.786900, 12.693900, 12.537200, 12.410800, 12.207400, 12.161400, 11.939800, 11.770600, 11.673800, 11.589400, 11.770700, 11.917800, 12.097600, 12.315700, 12.451000, 12.581500, 12.766100, 12.926000, 13.117700, 13.290400, 13.407900, 13.552500, 13.693500, 13.852800, 14.116400, 14.128800, 14.369300, 14.573900, 14.837700, 12.592700, 12.637700, 12.709700, 12.742100, 12.868200, 12.927300, 12.953900, 12.999900, 13.163500, 13.144600, 13.273900, 13.276300, 13.208600, 13.272200, 13.395600, 13.463400, 13.498600, 13.527100, 13.594600, 13.552900, 10.340100, 10.604300, 10.979000, 11.285100, 11.541400, 11.832300, 12.165800, 12.515000, 12.784700, 12.960200, 13.304500, 13.687900, 13.788600, 14.122300, 14.356100, 14.646800, 14.897700, 15.266400, 15.453900, 15.735400, 10.766500, 10.940300, 11.101700, 11.315700, 11.551500, 11.850300, 12.186500, 12.407700, 12.788500, 13.030700, 13.329400, 13.452600, 13.604700, 13.828400, 13.857500, 13.747300, 13.906400, 13.841000, 13.816500, 13.834500, 
11.659900, 11.865900, 11.998700, 12.162400, 12.331300, 12.526400, 12.688600, 12.879300, 12.967700, 13.156000, 13.282100, 13.417800, 13.498900, 13.565800, 13.637200, 13.752100, 13.815700, 13.921700, 14.041800, 14.063800, 13.198700, 13.161800, 13.236400, 13.156900, 13.192100, 13.133900, 13.178300, 13.075500, 13.200500, 13.232500, 13.136600, 13.154300, 13.147900, 13.128900, 13.109700, 13.214600, 13.074200, 13.158300, 13.167700, 13.161200, 14.358600, 14.271900, 14.065500, 13.951900, 13.733400, 13.528500, 13.558800, 13.395600, 13.326200, 13.141600, 13.220200, 13.019400, 12.865300, 12.782600, 12.740100, 12.612500, 12.631000, 12.522000, 12.412000, 12.344000, 15.503500, 15.284000, 14.895800, 14.702300, 14.429200, 14.181800, 13.962100, 13.706600, 13.405200, 13.378600, 13.011200, 12.792000, 12.698300, 12.541600, 12.416200, 12.212400, 12.166400, 11.944400, 11.775200, 11.679100, 11.592000, 11.773900, 11.921100, 12.100300, 12.319300, 12.453700, 12.585100, 12.770400, 12.930400, 13.122500, 13.295700, 13.413300, 13.558900, 13.699300, 13.857500, 14.121600, 14.133300, 14.373300, 14.579700, 14.844200, 12.595500, 12.641800, 12.713900, 12.745500, 12.871100, 12.931200, 12.958400, 13.004100, 13.167800, 13.149200, 13.278700, 13.282600, 13.213700, 13.276300, 13.398700, 13.468100, 13.504200, 13.531300, 13.599400, 13.557600, 10.343600, 10.608600, 10.983300, 11.287700, 11.545200, 11.837700, 12.170900, 12.518900, 12.788900, 12.964800, 13.309400, 13.690800, 13.794000, 14.126000, 14.362000, 14.652100, 14.903800, 15.271800, 15.458500, 15.742300, 10.776700, 10.950700, 11.110600, 11.323300, 11.559900, 11.858000, 12.193000, 12.414900, 12.793700, 13.035500, 13.334500, 13.456300, 13.606400, 13.824200, 14.017600, 13.929200, 14.074300, 14.011200, 13.985700, 13.983400, 
11.663100, 11.869100, 12.002600, 12.165200, 12.335500, 12.529700, 12.694100, 12.882700, 12.971000, 13.161000, 13.287500, 13.422600, 13.504000, 13.571900, 13.643200, 13.758900, 13.822100, 13.928100, 14.047900, 14.071300, 13.201600, 13.163500, 13.238200, 13.159400, 13.194500, 13.138600, 13.182800, 13.079900, 13.205400, 13.237400, 13.141800, 13.159900, 13.153000, 13.136500, 13.117200, 13.221900, 13.081900, 13.166700, 13.176700, 13.170700, 14.362300, 14.275200, 14.069500, 13.955900, 13.738800, 13.531200, 13.563300, 13.400800, 13.331700, 13.146000, 13.224300, 13.024500, 12.871300, 12.788600, 12.744800, 12.616600, 12.635200, 12.528100, 12.419400, 12.349700, 15.507500, 15.288000, 14.899700, 14.705900, 14.433300, 14.187500, 13.965900, 13.710100, 13.410100, 13.384100, 13.016400, 12.799300, 12.703800, 12.546200, 12.419700, 12.216900, 12.174000, 11.947800, 11.781200, 11.686100, 11.594300, 11.775700, 11.924500, 12.103900, 12.323200, 12.458000, 12.589700, 12.774400, 12.935600, 13.128400, 13.300200, 13.418000, 13.564400, 13.705900, 13.863600, 14.127800, 14.140600, 14.381300, 14.587600, 14.850800, 12.598800, 12.646900, 12.718600, 12.750000, 12.875100, 12.936300, 12.962300, 13.008800, 13.173200, 13.154300, 13.283600, 13.288600, 13.219300, 13.280200, 13.403000, 13.473400, 13.510600, 13.536300, 13.605600, 13.563700, 10.345800, 10.612500, 10.988000, 11.292200, 11.550300, 11.841700, 12.174700, 12.524000, 12.793800, 12.969600, 13.314100, 13.696800, 13.798400, 14.130600, 14.368000, 14.658300, 14.908800, 15.279400, 15.464400, 15.748300, 10.790100, 10.961300, 11.120000, 11.332400, 11.569500, 11.866100, 12.198700, 12.421700, 12.799100, 13.040300, 13.340100, 13.459500, 13.610900, 13.826000, 14.013500, 14.092600, 14.245500, 14.187500, 14.153700, 14.148800, 
11.665600, 11.872800, 12.006500, 12.170300, 12.339200, 12.534200, 12.698300, 12.887600, 12.976600, 13.166800, 13.293900, 13.426800, 13.511600, 13.579100, 13.648700, 13.767600, 13.828300, 13.936300, 14.056400, 14.080600, 13.203600, 13.166400, 13.241700, 13.162900, 13.198700, 13.142800, 13.186500, 13.085100, 13.209600, 13.244300, 13.146300, 13.167200, 13.160500, 13.142700, 13.126100, 13.229100, 13.089200, 13.176800, 13.188600, 13.179500, 14.369000, 14.280600, 14.073900, 13.960800, 13.744700, 13.536000, 13.568100, 13.405000, 13.337200, 13.153100, 13.229800, 13.030400, 12.877600, 12.793400, 12.749700, 12.622800, 12.643400, 12.534700, 12.426700, 12.356000, 15.511800, 15.292300, 14.903900, 14.712900, 14.437400, 14.193500, 13.971600, 13.716100, 13.415900, 13.389100, 13.022200, 12.806200, 12.709500, 12.551600, 12.425500, 12.223900, 12.179500, 11.954300, 11.788400, 11.692200, 11.597900, 11.779100, 11.928000, 12.108100, 12.327400, 12.463200, 12.594900, 12.779200, 12.939900, 13.134400, 13.306000, 13.424300, 13.570500, 13.714300, 13.871400, 14.134600, 14.147600, 14.388200, 14.597500, 14.859200, 12.603300, 12.650900, 12.721700, 12.754800, 12.879100, 12.941500, 12.967400, 13.013200, 13.178800, 13.161800, 13.289600, 13.292800, 13.226100, 13.284700, 13.410700, 13.480400, 13.517300, 13.543200, 13.610800, 13.569200, 10.351400, 10.617700, 10.991500, 11.296700, 11.554900, 11.847000, 12.180100, 12.528400, 12.800000, 12.974900, 13.319400, 13.702000, 13.805000, 14.135400, 14.375400, 14.664500, 14.915400, 15.286200, 15.470200, 15.756500, 10.804300, 10.975900, 11.132700, 11.341300, 11.579600, 11.875400, 12.208100, 12.429000, 12.804900, 13.047300, 13.345900, 13.463300, 13.615600, 13.829700, 14.016100, 14.090100, 14.435000, 14.368600, 14.327200, 14.337500, 
11.668300, 11.876600, 12.010500, 12.173900, 12.342800, 12.539300, 12.703600, 12.892900, 12.982000, 13.173700, 13.300900, 13.435700, 13.517600, 13.586100, 13.656900, 13.775600, 13.838300, 13.945400, 14.065800, 14.090700, 13.206800, 13.170300, 13.244600, 13.166500, 13.202200, 13.146800, 13.191000, 13.088900, 13.216200, 13.250200, 13.153300, 13.173800, 13.167500, 13.149500, 13.135200, 13.238400, 13.098000, 13.188900, 13.198000, 13.191500, 14.374000, 14.284900, 14.079900, 13.965600, 13.749900, 13.542400, 13.573200, 13.411400, 13.344800, 13.160300, 13.237200, 13.037000, 12.883900, 12.801700, 12.757100, 12.630200, 12.648700, 12.543300, 12.434200, 12.363800, 15.516100, 15.297100, 14.909700, 14.718800, 14.443400, 14.200200, 13.976600, 13.722000, 13.423000, 13.394200, 13.029200, 12.814400, 12.716300, 12.559800, 12.433700, 12.229400, 12.186500, 11.960200, 11.794700, 11.699000, 11.600600, 11.784500, 11.930700, 12.113600, 12.333500, 12.468400, 12.600200, 12.785200, 12.945200, 13.139800, 13.315200, 13.430900, 13.577500, 13.722400, 13.879400, 14.143000, 14.155300, 14.395900, 14.607700, 14.868400, 12.608600, 12.655200, 12.726800, 12.760800, 12.884100, 12.946100, 12.972000, 13.019700, 13.183700, 13.168100, 13.295500, 13.299600, 13.233900, 13.292000, 13.419400, 13.487300, 13.524900, 13.549400, 13.618100, 13.578800, 10.355800, 10.622900, 10.996700, 11.301500, 11.559700, 11.851800, 12.185300, 12.534600, 12.808500, 12.980500, 13.324800, 13.707200, 13.812100, 14.140300, 14.380900, 14.672200, 14.922000, 15.292400, 15.479000, 15.764300, 10.822800, 10.990900, 11.147900, 11.352400, 11.592300, 11.887800, 12.217400, 12.436300, 12.813100, 13.052700, 13.350100, 13.468400, 13.621000, 13.834700, 14.019800, 14.091400, 14.432300, 14.564600, 14.511500, 14.518300, 
11.673300, 11.879800, 12.013300, 12.178200, 12.347900, 12.545700, 12.709700, 12.898700, 12.987800, 13.179200, 13.309000, 13.443700, 13.525300, 13.595200, 13.665400, 13.785900, 13.847800, 13.957600, 14.077000, 14.102300, 13.209900, 13.173300, 13.249300, 13.171600, 13.206100, 13.151700, 13.196500, 13.093700, 13.222200, 13.257400, 13.159500, 13.180200, 13.176500, 13.157900, 13.145500, 13.250000, 13.109100, 13.201600, 13.211900, 13.206600, 14.379800, 14.291500, 14.086600, 13.973000, 13.755900, 13.549200, 13.581000, 13.417700, 13.351200, 13.167300, 13.244400, 13.045700, 12.890600, 12.809500, 12.762900, 12.638200, 12.656000, 12.549200, 12.442200, 12.373200, 15.521900, 15.301600, 14.915400, 14.725400, 14.449300, 14.206700, 13.982100, 13.730400, 13.430900, 13.400600, 13.035100, 12.822100, 12.724000, 12.568300, 12.441200, 12.236900, 12.193600, 11.967000, 11.802100, 11.705400, 11.605000, 11.789700, 11.934900, 12.119500, 12.339700, 12.472200, 12.606400, 12.791500, 12.952200, 13.146700, 13.323500, 13.439000, 13.586200, 13.731000, 13.888000, 14.151800, 14.165600, 14.404900, 14.619100, 14.878500, 12.613100, 12.661500, 12.733800, 12.766300, 12.889900, 12.950200, 12.978900, 13.027000, 13.191200, 13.173900, 13.302100, 13.306900, 13.240700, 13.300400, 13.426900, 13.494600, 13.535300, 13.559000, 13.628000, 13.588900, 10.360200, 10.629500, 11.002200, 11.308000, 11.566100, 11.858200, 12.190500, 12.540600, 12.814500, 12.986000, 13.330400, 13.714800, 13.819600, 14.149000, 14.388800, 14.681400, 14.928900, 15.300200, 15.488600, 15.772100, 10.838500, 11.010400, 11.164300, 11.367800, 11.607600, 11.902200, 12.228200, 12.445400, 12.822400, 13.058700, 13.357700, 13.475400, 13.627200, 13.839800, 14.024300, 14.096500, 14.434800, 14.562300, 14.713600, 14.713500, 
11.678200, 11.883600, 12.017900, 12.183100, 12.353300, 12.552800, 12.717200, 12.905100, 12.995800, 13.186100, 13.317700, 13.453400, 13.536600, 13.605800, 13.676700, 13.800100, 13.861000, 13.971700, 14.092300, 14.118600, 13.213800, 13.177600, 13.253300, 13.176100, 13.210300, 13.157200, 13.202600, 13.100400, 13.230100, 13.265400, 13.167100, 13.188900, 13.187600, 13.168200, 13.157400, 13.262200, 13.123000, 13.214800, 13.226300, 13.222300, 14.387600, 14.299100, 14.094200, 13.981600, 13.763300, 13.558300, 13.589000, 13.425000, 13.359300, 13.175900, 13.251000, 13.054400, 12.898400, 12.817900, 12.771700, 12.646300, 12.664200, 12.558500, 12.450300, 12.383900, 15.528700, 15.307400, 14.924900, 14.732600, 14.457200, 14.213400, 13.989800, 13.738100, 13.439200, 13.408100, 13.041900, 12.827700, 12.732200, 12.576900, 12.449300, 12.245000, 12.204700, 11.975200, 11.811200, 11.712700, 11.609400, 11.793600, 11.940500, 12.124200, 12.345200, 12.477500, 12.614100, 12.799600, 12.959500, 13.154100, 13.331800, 13.447700, 13.595600, 13.741100, 13.898800, 14.163000, 14.175900, 14.413700, 14.631700, 14.890700, 12.619700, 12.666200, 12.740100, 12.771400, 12.895500, 12.957800, 12.987700, 13.033700, 13.199100, 13.182300, 13.309800, 13.315300, 13.250600, 13.309300, 13.436100, 13.505400, 13.543200, 13.570100, 13.640200, 13.599900, 10.365100, 10.635200, 11.009100, 11.314800, 11.572000, 11.864400, 12.197200, 12.548800, 12.823200, 12.993700, 13.339500, 13.723600, 13.829900, 14.156300, 14.397600, 14.691900, 14.938200, 15.310600, 15.497700, 15.782300, 10.858700, 11.031000, 11.186500, 11.385400, 11.623300, 11.915300, 12.238700, 12.456300, 12.831700, 13.067400, 13.367000, 13.481300, 13.632600, 13.844800, 14.027500, 14.102200, 14.439200, 14.566300, 14.710300, 14.900700, 
11.682100, 11.889100, 12.022400, 12.186600, 12.359800, 12.560000, 12.723600, 12.912000, 13.003700, 13.194900, 13.328200, 13.463500, 13.549900, 13.617900, 13.689200, 13.814500, 13.874200, 13.987600, 14.109300, 14.136600, 13.217300, 13.182800, 13.258700, 13.180900, 13.216100, 13.163400, 13.209400, 13.108000, 13.239400, 13.275900, 13.177100, 13.199400, 13.197500, 13.179100, 13.168100, 13.274100, 13.139700, 13.233600, 13.245400, 13.240900, 14.394800, 14.308000, 14.100800, 13.990400, 13.772100, 13.566700, 13.596800, 13.432900, 13.366800, 13.183900, 13.261700, 13.064200, 12.908100, 12.829000, 12.781900, 12.655900, 12.674100, 12.568500, 12.461300, 12.396600, 15.537000, 15.316100, 14.933000, 14.741200, 14.466100, 14.222600, 13.999100, 13.747300, 13.448800, 13.416100, 13.051100, 12.837300, 12.743300, 12.587400, 12.461600, 12.254000, 12.214200, 11.985300, 11.822100, 11.723000, 11.615700, 11.800100, 11.947300, 12.130000, 12.354000, 12.485700, 12.621800, 12.808100, 12.968400, 13.162900, 13.341600, 13.459600, 13.607300, 13.750900, 13.909500, 14.172600, 14.190900, 14.428000, 14.647300, 14.905600, 12.626400, 12.673400, 12.746400, 12.776600, 12.903100, 12.965400, 12.997500, 13.041200, 13.209700, 13.190900, 13.318100, 13.326200, 13.261300, 13.321200, 13.446700, 13.516600, 13.558100, 13.581400, 13.655800, 13.613600, 10.371700, 10.642500, 11.015700, 11.322800, 11.580100, 11.873100, 12.207100, 12.557000, 12.831200, 13.004000, 13.346800, 13.734300, 13.841000, 14.166100, 14.408100, 14.702300, 14.947100, 15.321200, 15.507300, 15.795400, 10.877800, 11.050500, 11.204800, 11.405600, 11.641500, 11.930300, 12.252800, 12.470200, 12.842900, 13.077400, 13.375400, 13.488400, 13.639200, 13.850400, 14.032800, 14.107800, 14.443600, 14.570800, 14.713200, 14.896700, 
11.687000, 11.893900, 12.029000, 12.191900, 12.366400, 12.567100, 12.731500, 12.921000, 13.011900, 13.204600, 13.338900, 13.476800, 13.562500, 13.632500, 13.706900, 13.834200, 13.890200, 14.009500, 14.128500, 14.161400, 13.222700, 13.188700, 13.264900, 13.187000, 13.221400, 13.170300, 13.216700, 13.116900, 13.249300, 13.285500, 13.185300, 13.212500, 13.211900, 13.191600, 13.181300, 13.291000, 13.158200, 13.251900, 13.267600, 13.265400, 14.403400, 14.318200, 14.108900, 13.998800, 13.782400, 13.575800, 13.606800, 13.441400, 13.377200, 13.193300, 13.271200, 13.075600, 12.918400, 12.841500, 12.793200, 12.668200, 12.687000, 12.581400, 12.471500, 12.408700, 15.545900, 15.323000, 14.943500, 14.751500, 14.475600, 14.233000, 14.006500, 13.759200, 13.457400, 13.427100, 13.062200, 12.850900, 12.755400, 12.598000, 12.473300, 12.266100, 12.226100, 11.995500, 11.833400, 11.736300, 11.622300, 11.807000, 11.955500, 12.138700, 12.361200, 12.494600, 12.627900, 12.816900, 12.975800, 13.173800, 13.352600, 13.472900, 13.620500, 13.763400, 13.922300, 14.186300, 14.206000, 14.443100, 14.662200, 14.923800, 12.634000, 12.682100, 12.753800, 12.784400, 12.909400, 12.974700, 13.008300, 13.049600, 13.221700, 13.200500, 13.330900, 13.338600, 13.274700, 13.331200, 13.459000, 13.529400, 13.572100, 13.595200, 13.670600, 13.627500, 10.380300, 10.649700, 11.023400, 11.331000, 11.587300, 11.880200, 12.217300, 12.566500, 12.839600, 13.016300, 13.356700, 13.743800, 13.854800, 14.178700, 14.421300, 14.715800, 14.959500, 15.335500, 15.519700, 15.808000, 10.899400, 11.066700, 11.228200, 11.426200, 11.662600, 11.949700, 12.269300, 12.484400, 12.855100, 13.088600, 13.385400, 13.496000, 13.647300, 13.856400, 14.038500, 14.113800, 14.449400, 14.575800, 14.717400, 14.899600, 
11.693700, 11.901100, 12.035500, 12.198900, 12.375700, 12.574800, 12.740300, 12.930300, 13.022700, 13.217100, 13.351800, 13.490500, 13.577400, 13.650500, 13.726200, 13.853500, 13.912000, 14.030000, 14.152400, 14.188200, 13.228800, 13.194600, 13.271600, 13.192500, 13.229700, 13.179200, 13.223900, 13.126900, 13.260400, 13.298700, 13.198500, 13.225900, 13.228800, 13.208700, 13.203500, 13.310900, 13.182100, 13.278600, 13.290600, 13.294500, 14.414600, 14.329500, 14.119700, 14.012600, 13.793200, 13.587600, 13.617000, 13.453600, 13.388900, 13.204200, 13.286700, 13.086900, 12.931500, 12.853500, 12.807100, 12.683500, 12.701000, 12.594600, 12.484200, 12.424100, 15.556400, 15.335000, 14.953800, 14.762100, 14.487800, 14.242800, 14.019500, 13.771100, 13.470000, 13.438200, 13.073800, 12.863200, 12.768100, 12.610700, 12.488300, 12.277900, 12.237100, 12.009100, 11.846600, 11.749200, 11.629300, 11.814700, 11.964900, 12.149300, 12.371700, 12.505400, 12.637500, 12.826600, 12.985600, 13.186000, 13.362600, 13.485600, 13.634700, 13.777400, 13.938700, 14.200900, 14.222500, 14.459800, 14.679900, 14.941600, 12.641600, 12.690400, 12.762200, 12.794500, 12.919300, 12.985100, 13.017300, 13.060800, 13.233500, 13.214600, 13.346400, 13.351700, 13.290100, 13.345500, 13.473300, 13.545100, 13.584700, 13.611300, 13.687500, 13.643900, 10.390100, 10.660800, 11.033700, 11.340500, 11.597800, 11.889700, 12.229500, 12.575300, 12.851500, 13.029500, 13.368700, 13.758100, 13.867400, 14.191400, 14.433300, 14.732200, 14.973300, 15.350300, 15.533900, 15.821800, 10.922600, 11.091000, 11.250400, 11.448800, 11.684000, 11.968300, 12.289500, 12.499400, 12.871200, 13.101800, 13.397200, 13.506600, 13.656700, 13.864200, 14.046300, 14.121900, 14.456700, 14.581600, 14.722900, 14.905000, 
11.699500, 11.906500, 12.043200, 12.204800, 12.383500, 12.583700, 12.748400, 12.943400, 13.033900, 13.231800, 13.367300, 13.506300, 13.596400, 13.672000, 13.747100, 13.875600, 13.941200, 14.056600, 14.178800, 14.218100, 13.234300, 13.199300, 13.279100, 13.199000, 13.238800, 13.187900, 13.233400, 13.139400, 13.275400, 13.312000, 13.214900, 13.243000, 13.248300, 13.228000, 13.221600, 13.336400, 13.210200, 13.309200, 13.325100, 13.329100, 14.427700, 14.341400, 14.134800, 14.024300, 13.806500, 13.600400, 13.631200, 13.468000, 13.400000, 13.218000, 13.300300, 13.101500, 12.947800, 12.869800, 12.822100, 12.700900, 12.713800, 12.612500, 12.498400, 12.441400, 15.567800, 15.346500, 14.967000, 14.773000, 14.499700, 14.257000, 14.034100, 13.784500, 13.485800, 13.453700, 13.087700, 12.879200, 12.781900, 12.626200, 12.502200, 12.293900, 12.254200, 12.024400, 11.861300, 11.764700, 11.638500, 11.825000, 11.974800, 12.158800, 12.380600, 12.516600, 12.649100, 12.839500, 12.998400, 13.199700, 13.373800, 13.499300, 13.652600, 13.796100, 13.959900, 14.221200, 14.242700, 14.479900, 14.704400, 14.963200, 12.652200, 12.701000, 12.772700, 12.807100, 12.928400, 12.998600, 13.030000, 13.073500, 13.243500, 13.228300, 13.359900, 13.366100, 13.305200, 13.363000, 13.489300, 13.562400, 13.603700, 13.630000, 13.707400, 13.663900, 10.401300, 10.673400, 11.045200, 11.351900, 11.611500, 11.903300, 12.243300, 12.588700, 12.866800, 13.044300, 13.384500, 13.774400, 13.882000, 14.205800, 14.450500, 14.747800, 14.989300, 15.367000, 15.550400, 15.839200, 10.947300, 11.118700, 11.277400, 11.472100, 11.707900, 11.992000, 12.311100, 12.519400, 12.888700, 13.116700, 13.410000, 13.519200, 13.666000, 13.872700, 14.055800, 14.130100, 14.463900, 14.587700, 14.728100, 14.909100, 
11.705900, 11.912500, 12.050800, 12.212800, 12.393600, 12.593700, 12.761000, 12.957000, 13.048700, 13.249000, 13.386200, 13.525500, 13.619200, 13.694800, 13.772000, 13.902200, 13.969500, 14.088400, 14.211100, 14.255500, 13.241100, 13.206200, 13.287600, 13.207800, 13.250000, 13.198500, 13.245500, 13.149700, 13.289000, 13.326500, 13.229500, 13.264600, 13.269900, 13.250900, 13.244300, 13.367700, 13.241200, 13.342300, 13.364800, 13.370700, 14.442000, 14.356000, 14.149100, 14.036600, 13.821500, 13.615800, 13.643600, 13.483100, 13.416400, 13.234600, 13.319100, 13.118100, 12.964400, 12.888900, 12.837800, 12.717300, 12.732800, 12.630300, 12.515900, 12.463500, 15.581700, 15.359800, 14.980500, 14.787800, 14.512600, 14.271400, 14.048600, 13.802000, 13.504400, 13.469900, 13.104700, 12.896100, 12.798900, 12.641600, 12.519100, 12.311200, 12.275600, 12.043800, 11.877900, 11.785800, 11.647200, 11.833500, 11.985700, 12.170100, 12.395600, 12.528300, 12.664400, 12.854800, 13.014200, 13.215200, 13.391900, 13.516800, 13.674200, 13.817000, 13.981000, 14.243500, 14.264800, 14.501500, 14.726900, 14.990000, 12.664000, 12.713000, 12.786700, 12.819000, 12.940400, 13.013000, 13.046100, 13.092100, 13.260600, 13.244100, 13.376500, 13.384500, 13.322600, 13.380900, 13.508700, 13.581000, 13.625900, 13.648600, 13.727300, 13.684400, 10.415800, 10.687100, 11.056000, 11.366100, 11.624800, 11.918100, 12.260800, 12.601100, 12.882900, 13.062100, 13.399600, 13.791200, 13.900900, 14.225300, 14.469200, 14.764700, 15.009800, 15.388200, 15.570700, 15.860600, 10.970200, 11.143900, 11.300800, 11.497300, 11.734900, 12.015200, 12.336500, 12.541000, 12.908100, 13.130500, 13.426700, 13.532000, 13.679800, 13.885300, 14.064600, 14.140900, 14.473800, 14.593800, 14.736200, 14.915400, 
11.714600, 11.920700, 12.059700, 12.222300, 12.401600, 12.605700, 12.773600, 12.972900, 13.065400, 13.265800, 13.405900, 13.549500, 13.639900, 13.719700, 13.803400, 13.933100, 14.003600, 14.123900, 14.254500, 14.296000, 13.248000, 13.216300, 13.295400, 13.218500, 13.262100, 13.210300, 13.261600, 13.164200, 13.306600, 13.343900, 13.249100, 13.286900, 13.295900, 13.279100, 13.276500, 13.400700, 13.278200, 13.384200, 13.407000, 13.418400, 14.457800, 14.372600, 14.165300, 14.055400, 13.841000, 13.635100, 13.661100, 13.501000, 13.437400, 13.251700, 13.340100, 13.134400, 12.983800, 12.907400, 12.857200, 12.738400, 12.753200, 12.650100, 12.540500, 12.488200, 15.597600, 15.376700, 14.995000, 14.806700, 14.531400, 14.290900, 14.068000, 13.822100, 13.523100, 13.491300, 13.126300, 12.915300, 12.822500, 12.659900, 12.538500, 12.333400, 12.295400, 12.064500, 11.900700, 11.806000, 11.658600, 11.847100, 12.000300, 12.182800, 12.409500, 12.541300, 12.678000, 12.871300, 13.031700, 13.232400, 13.410100, 13.540000, 13.697000, 13.838800, 14.006200, 14.269400, 14.293000, 14.529800, 14.754800, 15.019500, 12.677600, 12.726900, 12.801700, 12.832300, 12.957200, 13.029300, 13.065600, 13.111600, 13.277800, 13.264000, 13.395800, 13.403600, 13.343700, 13.399300, 13.530300, 13.602200, 13.647200, 13.671600, 13.752100, 13.712400, 10.431800, 10.703500, 11.074000, 11.383000, 11.643800, 11.936800, 12.276100, 12.621100, 12.901600, 13.082800, 13.419100, 13.811100, 13.917900, 14.247600, 14.490600, 14.787300, 15.033800, 15.414700, 15.596300, 15.887100, 10.992900, 11.170400, 11.325400, 11.525900, 11.761100, 12.042000, 12.361600, 12.564600, 12.928600, 13.151600, 13.446900, 13.550400, 13.695300, 13.897800, 14.074700, 14.150700, 14.482400, 14.600400, 14.743400, 14.922800, 
11.724000, 11.927700, 12.067700, 12.233900, 12.416200, 12.619500, 12.788700, 12.988200, 13.084000, 13.284500, 13.426000, 13.575500, 13.666100, 13.747200, 13.834400, 13.967500, 14.039000, 14.166400, 14.295500, 14.335400, 13.256100, 13.224500, 13.306500, 13.231100, 13.275600, 13.224600, 13.277200, 13.178300, 13.324000, 13.366400, 13.274600, 13.312600, 13.325000, 13.312100, 13.308300, 13.435500, 13.316800, 13.428400, 13.456500, 13.468200, 14.475200, 14.390600, 14.184100, 14.073100, 13.858800, 13.657000, 13.680300, 13.521300, 13.461700, 13.271200, 13.361800, 13.156100, 13.009700, 12.928400, 12.878200, 12.763100, 12.776900, 12.677500, 12.567100, 12.515500, 15.614900, 15.395100, 15.013500, 14.826000, 14.551400, 14.310100, 14.086600, 13.843400, 13.546600, 13.513200, 13.145700, 12.939300, 12.847100, 12.680100, 12.562500, 12.358700, 12.320100, 12.085400, 11.923500, 11.829100, 11.674200, 11.860900, 12.016500, 12.196200, 12.424100, 12.559600, 12.697100, 12.892600, 13.049800, 13.253900, 13.432500, 13.564200, 13.725200, 13.866300, 14.033300, 14.294200, 14.317000, 14.566600, 14.788100, 15.051200, 12.689900, 12.745900, 12.818800, 12.848400, 12.976900, 13.046600, 13.085200, 13.130500, 13.298000, 13.284400, 13.418800, 13.425400, 13.367800, 13.418900, 13.554300, 13.630500, 13.671600, 13.695700, 13.781100, 13.738600, 10.447300, 10.720500, 11.091000, 11.398800, 11.662600, 11.954900, 12.298200, 12.642700, 12.923800, 13.106700, 13.441000, 13.834700, 13.940700, 14.268400, 14.514300, 14.812300, 15.060000, 15.440200, 15.626000, 15.913800, 11.017200, 11.199700, 11.352100, 11.550000, 11.787400, 12.067800, 12.387900, 12.589400, 12.951200, 13.173500, 13.469300, 13.571700, 13.711900, 13.912600, 14.090100, 14.163000, 14.492000, 14.610500, 14.751800, 14.929700, 
11.731900, 11.938000, 12.080400, 12.247400, 12.429700, 12.636000, 12.805600, 13.009200, 13.104700, 13.309200, 13.451200, 13.604100, 13.694700, 13.776500, 13.869700, 14.004200, 14.083400, 14.208800, 14.338800, 14.376100, 13.266500, 13.234400, 13.318600, 13.243900, 13.292600, 13.240000, 13.292400, 13.197900, 13.346900, 13.386000, 13.302800, 13.340000, 13.356000, 13.342600, 13.344000, 13.471700, 13.357000, 13.479700, 13.507600, 13.532300, 14.490800, 14.412200, 14.203000, 14.093300, 13.879800, 13.676300, 13.700500, 13.545800, 13.486600, 13.295500, 13.388500, 13.179800, 13.036500, 12.952000, 12.906500, 12.792900, 12.802300, 12.707800, 12.595300, 12.546400, 15.633800, 15.414300, 15.031100, 14.847900, 14.570800, 14.331000, 14.107600, 13.867900, 13.568700, 13.535900, 13.172000, 12.965900, 12.869500, 12.706400, 12.587800, 12.382700, 12.347600, 12.111600, 11.949400, 11.854100, 11.689700, 11.875000, 12.032200, 12.213400, 12.440100, 12.577400, 12.716900, 12.913500, 13.073100, 13.277700, 13.459000, 13.590000, 13.749500, 13.895100, 14.064800, 14.322000, 14.351500, 14.602200, 14.825100, 15.092200, 12.709900, 12.765800, 12.834800, 12.867900, 12.996100, 13.068400, 13.107800, 13.153000, 13.321000, 13.306100, 13.444900, 13.448000, 13.391700, 13.448500, 13.580800, 13.658500, 13.698000, 13.724400, 13.811500, 13.770500, 10.465400, 10.741600, 11.113600, 11.420000, 11.683900, 11.978100, 12.323500, 12.665100, 12.945600, 13.129800, 13.466900, 13.859800, 13.963800, 14.294500, 14.539900, 14.840000, 15.088000, 15.472900, 15.656600, 15.946000, 11.041100, 11.227200, 11.381000, 11.576500, 11.814800, 12.096700, 12.417100, 12.615200, 12.976800, 13.196300, 13.491200, 13.594600, 13.733300, 13.931200, 14.105400, 14.176800, 14.505300, 14.622300, 14.761500, 14.938900, 
11.740900, 11.949100, 12.093200, 12.262300, 12.445900, 12.653600, 12.824300, 13.029600, 13.131200, 13.336100, 13.478200, 13.631500, 13.726000, 13.812300, 13.904600, 14.037900, 14.124800, 14.251000, 14.386000, 14.423300, 13.275600, 13.248000, 13.333900, 13.260700, 13.307700, 13.258100, 13.312100, 13.218500, 13.368700, 13.413200, 13.328900, 13.368600, 13.388900, 13.378400, 13.382500, 13.518600, 13.406200, 13.540400, 13.567100, 13.604500, 14.511000, 14.435500, 14.222100, 14.117600, 13.903600, 13.697000, 13.725400, 13.572900, 13.511900, 13.322000, 13.416900, 13.207000, 13.067800, 12.984700, 12.936100, 12.822400, 12.835800, 12.742100, 12.629400, 12.581300, 15.657400, 15.436400, 15.053000, 14.871300, 14.594300, 14.356000, 14.131700, 13.891900, 13.596700, 13.566400, 13.199000, 12.991000, 12.897500, 12.738000, 12.614700, 12.410600, 12.374600, 12.142100, 11.978700, 11.880500, 11.703700, 11.891500, 12.051400, 12.228600, 12.461200, 12.596800, 12.739000, 12.937000, 13.099300, 13.305000, 13.488100, 13.616700, 13.782600, 13.929700, 14.094800, 14.358800, 14.384300, 14.641300, 14.863600, 15.138600, 12.728500, 12.784300, 12.858700, 12.888500, 13.016000, 13.091300, 13.129500, 13.176900, 13.348500, 13.330700, 13.469200, 13.476500, 13.422500, 13.477400, 13.612200, 13.691100, 13.726300, 13.753200, 13.840100, 13.803900, 10.483700, 10.758100, 11.133700, 11.441200, 11.704700, 12.000300, 12.347100, 12.688200, 12.970500, 13.154400, 13.492200, 13.886000, 13.989600, 14.326800, 14.567200, 14.869900, 15.124100, 15.503400, 15.689400, 15.982500, 11.070500, 11.254000, 11.405900, 11.605700, 11.841700, 12.122900, 12.445400, 12.639500, 13.005100, 13.223100, 13.516000, 13.617100, 13.757000, 13.950600, 14.123800, 14.193200, 14.517800, 14.633800, 14.774100, 14.949100, 
11.753200, 11.959900, 12.103700, 12.276600, 12.462900, 12.677100, 12.844500, 13.055000, 13.153900, 13.363100, 13.508600, 13.661100, 13.757600, 13.846500, 13.942700, 14.080900, 14.166100, 14.298000, 14.435700, 14.469400, 13.285200, 13.260500, 13.348700, 13.277000, 13.321600, 13.276500, 13.334800, 13.240800, 13.391200, 13.440200, 13.358500, 13.401400, 13.425300, 13.419700, 13.426900, 13.567600, 13.460500, 13.605300, 13.636700, 13.678000, 14.533800, 14.457900, 14.244900, 14.141800, 13.926500, 13.720200, 13.748600, 13.599900, 13.536800, 13.351500, 13.447200, 13.235700, 13.099700, 13.017400, 12.970300, 12.854200, 12.871600, 12.780100, 12.665900, 12.625300, 15.680900, 15.458100, 15.077800, 14.894900, 14.620200, 14.379800, 14.155900, 13.921500, 13.622700, 13.596400, 13.226300, 13.020600, 12.928000, 12.771200, 12.642400, 12.439700, 12.403100, 12.174800, 12.012800, 11.908900, 11.719900, 11.905000, 12.067900, 12.244700, 12.480700, 12.620100, 12.760900, 12.959600, 13.130200, 13.333400, 13.513300, 13.646400, 13.811900, 13.966100, 14.128700, 14.396100, 14.426200, 14.683200, 14.907400, 15.183800, 12.751900, 12.805900, 12.878800, 12.915300, 13.042300, 13.116000, 13.154200, 13.204600, 13.373400, 13.359900, 13.497100, 13.505600, 13.453100, 13.509600, 13.644100, 13.722700, 13.758000, 13.784400, 13.872200, 13.837900, 10.503000, 10.780800, 11.157800, 11.464000, 11.728500, 12.027500, 12.376200, 12.713100, 12.998600, 13.182500, 13.520600, 13.916900, 14.020700, 14.360300, 14.605300, 14.900000, 15.158200, 15.536600, 15.722200, 16.018000, 11.094300, 11.281500, 11.432000, 11.632600, 11.868900, 12.149600, 12.478300, 12.668600, 13.037900, 13.254300, 13.542000, 13.642900, 13.780900, 13.974500, 14.144800, 14.211500, 14.533800, 14.648600, 14.788200, 14.960300, 
11.762900, 11.972000, 12.118200, 12.290800, 12.481300, 12.697000, 12.865800, 13.080500, 13.183800, 13.391700, 13.538000, 13.696600, 13.792800, 13.881700, 13.988400, 14.127100, 14.209600, 14.342700, 14.477100, 14.522600, 13.297500, 13.275400, 13.363400, 13.294900, 13.338400, 13.298400, 13.356800, 13.265400, 13.419600, 13.471400, 13.388600, 13.433100, 13.460300, 13.460900, 13.472200, 13.623700, 13.523300, 13.671100, 13.711100, 13.760000, 14.559600, 14.478700, 14.266700, 14.165300, 13.949500, 13.745700, 13.777000, 13.626200, 13.564800, 13.378700, 13.481400, 13.271700, 13.131600, 13.053800, 13.006400, 12.894400, 12.908800, 12.822000, 12.707200, 12.670800, 15.703000, 15.483800, 15.103000, 14.920400, 14.651500, 14.407500, 14.182600, 13.949500, 13.655600, 13.626300, 13.256800, 13.053100, 12.960200, 12.801900, 12.678700, 12.470900, 12.430400, 12.207400, 12.046700, 11.936900, 11.736000, 11.920900, 12.086600, 12.262400, 12.502900, 12.646000, 12.780700, 12.981200, 13.158300, 13.359700, 13.541400, 13.678500, 13.843200, 14.002000, 14.164900, 14.437700, 14.464000, 14.725200, 14.954400, 15.230900, 12.772900, 12.828100, 12.904700, 12.942600, 13.065800, 13.144300, 13.184600, 13.233700, 13.404100, 13.388200, 13.528600, 13.535700, 13.483100, 13.544400, 13.677800, 13.756000, 13.793900, 13.822400, 13.908500, 13.874200, 10.523100, 10.803300, 11.182300, 11.490900, 11.751700, 12.053000, 12.403300, 12.741800, 13.026900, 13.210300, 13.550900, 13.943800, 14.055400, 14.393100, 14.634100, 14.936800, 15.193900, 15.574600, 15.762500, 16.054200, 11.120200, 11.306300, 11.459100, 11.660000, 11.898500, 12.182000, 12.509000, 12.703300, 13.069800, 13.284300, 13.567700, 13.672200, 13.809600, 14.000100, 14.168700, 14.237100, 14.551400, 14.667400, 14.803700, 14.974100, 
11.775400, 11.985500, 12.135200, 12.308000, 12.498400, 12.718600, 12.890100, 13.108500, 13.207100, 13.422300, 13.568400, 13.726600, 13.825800, 13.919900, 14.026800, 14.164400, 14.247500, 14.395500, 14.527300, 14.576300, 13.308100, 13.288500, 13.381600, 13.311100, 13.358800, 13.320400, 13.377000, 13.293400, 13.448800, 13.503700, 13.422700, 13.466200, 13.497600, 13.507200, 13.523200, 13.679800, 13.582700, 13.738500, 13.786300, 13.841600, 14.579700, 14.501600, 14.287400, 14.188600, 13.975400, 13.773900, 13.806000, 13.651100, 13.595800, 13.410800, 13.515100, 13.303400, 13.168300, 13.089700, 13.048700, 12.930400, 12.953600, 12.866700, 12.755500, 12.720500, 15.728700, 15.510300, 15.130900, 14.945100, 14.677100, 14.436000, 14.213800, 13.978300, 13.686900, 13.656600, 13.291900, 13.085000, 12.998900, 12.829800, 12.706900, 12.505600, 12.466900, 12.239200, 12.078000, 11.969200, 11.752700, 11.938600, 12.104400, 12.284600, 12.524900, 12.666800, 12.806900, 13.011700, 13.187900, 13.386300, 13.573800, 13.710700, 13.882000, 14.041700, 14.207300, 14.478900, 14.509300, 14.772500, 14.999000, 15.286500, 12.799200, 12.852500, 12.926100, 12.967300, 13.098100, 13.171900, 13.213400, 13.260900, 13.432500, 13.415000, 13.560500, 13.569100, 13.511800, 13.577900, 13.707800, 13.793400, 13.830200, 13.857300, 13.943700, 13.910000, 10.546300, 10.827200, 11.206000, 11.517000, 11.778000, 12.078600, 12.425500, 12.772100, 13.056000, 13.241300, 13.583400, 13.972700, 14.090700, 14.426600, 14.672300, 14.970700, 15.229400, 15.612700, 15.799800, 16.095400, 11.145300, 11.333900, 11.487800, 11.688300, 11.930800, 12.213300, 12.539900, 12.736000, 13.102000, 13.316600, 13.599000, 13.703500, 13.837000, 14.025300, 14.192900, 14.262500, 14.574300, 14.687700, 14.819300, 14.988400, 
11.789500, 12.002200, 12.152900, 12.328600, 12.517300, 12.741100, 12.917900, 13.138000, 13.234800, 13.453100, 13.602400, 13.758800, 13.860900, 13.957000, 14.072000, 14.204300, 14.297500, 14.442900, 14.572600, 14.629700, 13.320700, 13.303400, 13.398700, 13.328300, 13.379500, 13.339600, 13.402600, 13.317400, 13.477700, 13.537100, 13.462200, 13.508600, 13.539900, 13.552700, 13.575000, 13.739700, 13.644200, 13.811100, 13.871500, 13.927800, 14.600800, 14.524100, 14.308900, 14.208000, 14.000400, 13.801400, 13.831000, 13.678500, 13.623700, 13.444500, 13.547000, 13.333700, 13.203100, 13.130400, 13.093500, 12.975500, 12.998500, 12.921100, 12.810700, 12.777900, 15.754300, 15.537400, 15.158700, 14.974000, 14.707100, 14.467000, 14.245800, 14.010000, 13.719800, 13.688700, 13.322800, 13.116800, 13.031700, 12.859500, 12.739600, 12.538100, 12.502900, 12.269700, 12.111800, 11.999800, 11.771000, 11.954700, 12.123100, 12.305800, 12.545900, 12.690500, 12.832600, 13.034400, 13.219400, 13.419600, 13.608800, 13.749800, 13.918300, 14.079500, 14.244300, 14.522800, 14.554500, 14.817800, 15.051400, 15.341000, 12.821500, 12.877300, 12.950800, 12.998200, 13.127600, 13.201200, 13.242900, 13.293400, 13.461500, 13.446700, 13.593100, 13.603400, 13.546900, 13.613500, 13.739700, 13.825000, 13.863400, 13.892500, 13.979500, 13.948600, 10.567400, 10.854600, 11.229500, 11.546700, 11.805500, 12.104700, 12.455600, 12.801200, 13.088600, 13.271100, 13.616800, 14.009200, 14.124800, 14.464000, 14.707500, 15.008300, 15.267200, 15.651900, 15.837000, 16.134300, 11.168900, 11.359400, 11.512000, 11.715900, 11.957000, 12.244400, 12.567200, 12.769300, 13.130800, 13.348600, 13.633600, 13.737500, 13.864000, 14.054600, 14.222400, 14.288600, 14.603300, 14.711400, 14.836400, 15.005300, 
11.806600, 12.018000, 12.170500, 12.351100, 12.540100, 12.763600, 12.941400, 13.166400, 13.265400, 13.489700, 13.635900, 13.792300, 13.894500, 13.999900, 14.117400, 14.250500, 14.343500, 14.497400, 14.620100, 14.678500, 13.334300, 13.321900, 13.413200, 13.346900, 13.400300, 13.363000, 13.428200, 13.341600, 13.505000, 13.570300, 13.497100, 13.547600, 13.586500, 13.601200, 13.630700, 13.802300, 13.711100, 13.883200, 13.952600, 14.016600, 14.620200, 14.544900, 14.328500, 14.230100, 14.026700, 13.823700, 13.860000, 13.709600, 13.650800, 13.478600, 13.582200, 13.368700, 13.238400, 13.176300, 13.131700, 13.028300, 13.052900, 12.978700, 12.869900, 12.842100, 15.780800, 15.566600, 15.187200, 15.001800, 14.738600, 14.499800, 14.280800, 14.040300, 13.753100, 13.721400, 13.353900, 13.149100, 13.065900, 12.895500, 12.775600, 12.570800, 12.537100, 12.306400, 12.144200, 12.034200, 11.788000, 11.971800, 12.142200, 12.330300, 12.570100, 12.718000, 12.859100, 13.061300, 13.248500, 13.449500, 13.644100, 13.787800, 13.955600, 14.119100, 14.285700, 14.563800, 14.601100, 14.866500, 15.104400, 15.396100, 12.848500, 12.906700, 12.979300, 13.026700, 13.154600, 13.231300, 13.270800, 13.325300, 13.491400, 13.481000, 13.626000, 13.635500, 13.582500, 13.649000, 13.773900, 13.859200, 13.898600, 13.929900, 14.014900, 13.990900, 10.591900, 10.885100, 11.252400, 11.574100, 11.834500, 12.131800, 12.483900, 12.834300, 13.122100, 13.304300, 13.649000, 14.044900, 14.158900, 14.502100, 14.744500, 15.045100, 15.302800, 15.693300, 15.878600, 16.177200, 11.189300, 11.383300, 11.540100, 11.743600, 11.986000, 12.274000, 12.598000, 12.802600, 13.162000, 13.385300, 13.665800, 13.765100, 13.902700, 14.091200, 14.256000, 14.321900, 14.631300, 14.735500, 14.861100, 15.025200, 
11.822500, 12.034700, 12.190400, 12.371800, 12.560900, 12.790500, 12.965100, 13.194300, 13.298400, 13.522400, 13.672200, 13.832300, 13.932400, 14.033500, 14.153000, 14.292900, 14.389500, 14.545400, 14.666500, 14.727500, 13.346400, 13.338500, 13.428600, 13.366400, 13.420200, 13.383600, 13.449900, 13.369600, 13.536100, 13.604500, 13.535900, 13.587800, 13.629800, 13.650700, 13.686900, 13.858500, 13.781500, 13.960600, 14.036200, 14.106600, 14.639800, 14.563200, 14.349600, 14.254400, 14.051400, 13.846400, 13.884800, 13.738500, 13.679500, 13.510600, 13.618900, 13.404900, 13.281200, 13.218800, 13.184700, 13.082500, 13.109200, 13.039900, 12.929300, 12.909600, 15.811000, 15.593300, 15.213300, 15.032400, 14.765800, 14.531600, 14.315100, 14.076400, 13.785900, 13.752400, 13.385500, 13.181800, 13.098500, 12.929200, 12.807900, 12.602800, 12.568900, 12.345600, 12.176700, 12.066500, 11.805700, 11.991200, 12.164200, 12.348600, 12.593300, 12.745600, 12.884800, 13.091900, 13.277700, 13.482000, 13.676400, 13.823600, 13.992600, 14.158600, 14.330500, 14.615400, 14.645900, 14.919900, 15.158100, 15.454200, 12.877100, 12.932500, 13.009500, 13.058200, 13.185400, 13.262100, 13.302900, 13.356800, 13.526000, 13.513200, 13.661900, 13.667800, 13.617400, 13.688600, 13.807200, 13.895300, 13.936600, 13.970100, 14.051800, 14.029100, 10.617600, 10.914000, 11.282900, 11.603200, 11.863600, 12.161500, 12.516200, 12.865900, 13.150800, 13.336600, 13.684000, 14.079500, 14.193500, 14.533900, 14.786700, 15.085800, 15.342900, 15.736800, 15.918700, 16.219800, 11.211700, 11.408900, 11.562300, 11.767400, 12.011800, 12.304100, 12.626000, 12.832700, 13.196300, 13.416600, 13.700700, 13.801200, 13.939000, 14.125800, 14.284900, 14.356300, 14.663400, 14.764000, 14.888000, 15.047100, 
11.839100, 12.054900, 12.212500, 12.390600, 12.586100, 12.817400, 12.991900, 13.222300, 13.329000, 13.558200, 13.706000, 13.870100, 13.974000, 14.071900, 14.195500, 14.337700, 14.433100, 14.592000, 14.712600, 14.777100, 13.359700, 13.355200, 13.444800, 13.384600, 13.440700, 13.403000, 13.475000, 13.395400, 13.563000, 13.633400, 13.572300, 13.628800, 13.673700, 13.701000, 13.745100, 13.919400, 13.850000, 14.028300, 14.121800, 14.194000, 14.661500, 14.581800, 14.370200, 14.275800, 14.074200, 13.871800, 13.909200, 13.766700, 13.710900, 13.547600, 13.655500, 13.442000, 13.320900, 13.264100, 13.238200, 13.141000, 13.168300, 13.103500, 12.993600, 12.978800, 15.840600, 15.625600, 15.244200, 15.062800, 14.795900, 14.563100, 14.345000, 14.108900, 13.817000, 13.788200, 13.419100, 13.214500, 13.134900, 12.962800, 12.839400, 12.635000, 12.603100, 12.376800, 12.210200, 12.102600, 11.822400, 12.010900, 12.185300, 12.368100, 12.614900, 12.770600, 12.912100, 13.121500, 13.305500, 13.515200, 13.713000, 13.862000, 14.029100, 14.199600, 14.371100, 14.662400, 14.696200, 14.975300, 15.218500, 15.521400, 12.904500, 12.959200, 13.041000, 13.092200, 13.213800, 13.292800, 13.334800, 13.392600, 13.557300, 13.546100, 13.696200, 13.702600, 13.656500, 13.728900, 13.846600, 13.933300, 13.979100, 14.009700, 14.090100, 14.069600, 10.641100, 10.939500, 11.311100, 11.631800, 11.895400, 12.189300, 12.543500, 12.897800, 13.182500, 13.368400, 13.717400, 14.111700, 14.229200, 14.571200, 14.819600, 15.125900, 15.378200, 15.779100, 15.961400, 16.264900, 11.229000, 11.431700, 11.589600, 11.793700, 12.036400, 12.333000, 12.659100, 12.861900, 13.230100, 13.450200, 13.736300, 13.834800, 13.973600, 14.158900, 14.316300, 14.388400, 14.697900, 14.795600, 14.915800, 15.076000, 
11.853400, 12.070600, 12.232900, 12.409100, 12.608300, 12.841700, 13.020900, 13.249400, 13.359700, 13.592400, 13.738000, 13.908200, 14.012700, 14.112600, 14.234000, 14.382200, 14.474400, 14.635100, 14.757500, 14.826600, 13.376300, 13.372800, 13.466300, 13.403100, 13.460700, 13.424900, 13.499500, 13.420100, 13.591900, 13.669500, 13.609100, 13.670000, 13.718100, 13.757700, 13.809100, 13.985200, 13.923800, 14.103300, 14.206900, 14.281800, 14.674500, 14.600700, 14.389300, 14.294600, 14.096400, 13.895400, 13.933200, 13.793800, 13.741800, 13.582700, 13.692800, 13.481800, 13.364900, 13.308000, 13.294800, 13.200900, 13.228900, 13.173700, 13.064200, 13.053100, 15.869600, 15.651700, 15.276400, 15.096600, 14.824100, 14.595000, 14.377600, 14.140600, 13.850600, 13.818700, 13.456600, 13.250600, 13.167700, 13.000100, 12.875400, 12.672100, 12.635600, 12.409600, 12.246800, 12.135100, 11.837000, 12.029700, 12.204900, 12.391000, 12.639700, 12.795600, 12.941400, 13.151900, 13.333600, 13.545800, 13.747000, 13.899900, 14.069000, 14.241500, 14.417800, 14.708000, 14.744000, 15.031000, 15.281200, 15.586900, 12.928700, 12.987700, 13.072500, 13.121000, 13.245400, 13.320500, 13.367100, 13.427200, 13.594300, 13.581000, 13.734500, 13.737400, 13.690900, 13.761500, 13.884300, 13.971000, 14.015400, 14.047000, 14.132500, 14.106600, 10.667400, 10.966500, 11.338700, 11.660300, 11.926200, 12.219800, 12.574300, 12.929100, 13.215500, 13.403900, 13.753100, 14.150400, 14.263800, 14.605900, 14.856600, 15.162900, 15.417100, 15.821100, 16.004700, 16.304600, 11.248200, 11.449400, 11.608600, 11.812300, 12.059700, 12.360400, 12.687800, 12.892000, 13.259600, 13.485700, 13.771000, 13.869900, 14.007800, 14.193000, 14.351900, 14.422900, 14.733500, 14.828900, 14.949200, 15.107700, 
11.868600, 12.085600, 12.252800, 12.431700, 12.631800, 12.867200, 13.052800, 13.277000, 13.387300, 13.627600, 13.770900, 13.944300, 14.054000, 14.145400, 14.273700, 14.423200, 14.519800, 14.683300, 14.802200, 14.870200, 13.389900, 13.392100, 13.485700, 13.424500, 13.482400, 13.448000, 13.522600, 13.443800, 13.621300, 13.699500, 13.648100, 13.711900, 13.765600, 13.807300, 13.869400, 14.046700, 13.992300, 14.184500, 14.290000, 14.366500, 14.692300, 14.617400, 14.407900, 14.315600, 14.119200, 13.915900, 13.958400, 13.819100, 13.771600, 13.614600, 13.727100, 13.527300, 13.413000, 13.353100, 13.350200, 13.251900, 13.291000, 13.235500, 13.133000, 13.129500, 15.895300, 15.678900, 15.308000, 15.124600, 14.859400, 14.629100, 14.413900, 14.173700, 13.883300, 13.850700, 13.489500, 13.283900, 13.207100, 13.033600, 12.913300, 12.705400, 12.670000, 12.438300, 12.278200, 12.168400, 11.851200, 12.047000, 12.221600, 12.409700, 12.661900, 12.820100, 12.968500, 13.181700, 13.366400, 13.579200, 13.781500, 13.939200, 14.106500, 14.282000, 14.463500, 14.760100, 14.797200, 15.086500, 15.339800, 15.650000, 12.959300, 13.016600, 13.101300, 13.149900, 13.274400, 13.353600, 13.400000, 13.461800, 13.626500, 13.614600, 13.768500, 13.773100, 13.727700, 13.799000, 13.917700, 14.005000, 14.047700, 14.086400, 14.168700, 14.149800, 10.692900, 10.988700, 11.366600, 11.687200, 11.958700, 12.247800, 12.604200, 12.959800, 13.246500, 13.438700, 13.783400, 14.189600, 14.300400, 14.639500, 14.898100, 15.202300, 15.458900, 15.857700, 16.042300, 16.351100, 11.266600, 11.466800, 11.628200, 11.835200, 12.083100, 12.384100, 12.716300, 12.925300, 13.289800, 13.515200, 13.808700, 13.900700, 14.045500, 14.227300, 14.387300, 14.453400, 14.766400, 14.869000, 14.980800, 15.139400, 
11.885700, 12.100800, 12.272300, 12.454800, 12.657700, 12.891200, 13.083700, 13.308000, 13.419700, 13.660100, 13.807400, 13.974900, 14.087800, 14.185200, 14.316600, 14.465800, 14.563200, 14.724400, 14.841800, 14.914500, 13.405500, 13.408000, 13.503400, 13.443000, 13.500700, 13.469800, 13.544900, 13.467400, 13.648200, 13.730100, 13.686700, 13.749700, 13.808300, 13.858700, 13.925300, 14.109400, 14.061700, 14.257100, 14.366000, 14.447800, 14.706600, 14.634200, 14.426900, 14.333400, 14.137500, 13.936300, 13.981200, 13.841400, 13.799800, 13.649400, 13.761800, 13.563700, 13.453600, 13.400000, 13.403100, 13.308000, 13.356500, 13.301300, 13.201700, 13.199600, 15.923400, 15.709300, 15.340200, 15.154200, 14.891400, 14.657700, 14.448700, 14.209500, 13.915100, 13.888000, 13.522600, 13.316400, 13.238300, 13.064600, 12.946700, 12.736000, 12.706200, 12.471100, 12.310600, 12.207100, 11.866300, 12.063900, 12.240400, 12.428000, 12.682200, 12.844500, 12.994400, 13.208700, 13.396100, 13.611100, 13.815500, 13.974500, 14.143500, 14.325200, 14.511600, 14.810200, 14.848600, 15.140500, 15.403500, 15.719800, 12.989100, 13.045000, 13.131800, 13.181000, 13.305700, 13.384900, 13.432500, 13.491700, 13.658000, 13.650600, 13.801100, 13.807300, 13.761500, 13.835800, 13.953600, 14.040300, 14.088200, 14.123900, 14.204200, 14.189800, 10.721100, 11.013200, 11.395800, 11.716100, 11.987800, 12.278100, 12.635800, 12.989600, 13.286400, 13.470300, 13.815500, 14.224800, 14.335600, 14.675100, 14.935900, 15.242400, 15.499300, 15.900600, 16.086900, 16.391200, 11.281800, 11.481600, 11.644300, 11.853800, 12.105000, 12.406000, 12.745600, 12.957200, 13.320000, 13.549900, 13.843700, 13.933400, 14.078500, 14.260200, 14.419800, 14.496000, 14.801800, 14.902600, 15.015100, 15.176400, 
11.902300, 12.119900, 12.289500, 12.477800, 12.681200, 12.916200, 13.112900, 13.336500, 13.448400, 13.692000, 13.843300, 14.006000, 14.122000, 14.218600, 14.351900, 14.503500, 14.601300, 14.765000, 14.887300, 14.953600, 13.420300, 13.424600, 13.520900, 13.461500, 13.518300, 13.490200, 13.566500, 13.492900, 13.677700, 13.760600, 13.719500, 13.786900, 13.856200, 13.905600, 13.974700, 14.167600, 14.125000, 14.328300, 14.442500, 14.518200, 14.721500, 14.646900, 14.441400, 14.351600, 14.154000, 13.953800, 14.000200, 13.866200, 13.828900, 13.680500, 13.794500, 13.601000, 13.498700, 13.448400, 13.458600, 13.370400, 13.416200, 13.361300, 13.270600, 13.280300, 15.950600, 15.738200, 15.369900, 15.181400, 14.923800, 14.689000, 14.476500, 14.241600, 13.948100, 13.921300, 13.554800, 13.349400, 13.267400, 13.099300, 12.981900, 12.765300, 12.740000, 12.503500, 12.343300, 12.237100, 11.881700, 12.081900, 12.258100, 12.445400, 12.703600, 12.867100, 13.016700, 13.238400, 13.424400, 13.640000, 13.849800, 14.013400, 14.186800, 14.365200, 14.554600, 14.859400, 14.899700, 15.200200, 15.466000, 15.784800, 13.013800, 13.074400, 13.162500, 13.209600, 13.333900, 13.415100, 13.464600, 13.523300, 13.690400, 13.683700, 13.836600, 13.841300, 13.798000, 13.868100, 13.987100, 14.076300, 14.120500, 14.158100, 14.240400, 14.227200, 10.742400, 11.040900, 11.420900, 11.745400, 12.018000, 12.308100, 12.666100, 13.025700, 13.317500, 13.506000, 13.850000, 14.258300, 14.370900, 14.710400, 14.971800, 15.284300, 15.541300, 15.939800, 16.123800, 16.431200, 11.296900, 11.499200, 11.659900, 11.872500, 12.123700, 12.427600, 12.768500, 12.984900, 13.350400, 13.581000, 13.871400, 13.963400, 14.117000, 14.296800, 14.454400, 14.527100, 14.838800, 14.942900, 15.055900, 15.216400, 
11.922200, 12.139200, 12.313100, 12.500700, 12.704000, 12.942500, 13.142600, 13.367800, 13.477500, 13.723100, 13.875700, 14.039000, 14.156400, 14.252400, 14.389200, 14.540800, 14.634300, 14.803000, 14.929300, 14.993200, 13.435600, 13.438200, 13.536600, 13.480900, 13.538200, 13.510200, 13.585700, 13.517400, 13.704400, 13.793300, 13.755400, 13.825100, 13.895300, 13.954600, 14.028500, 14.227000, 14.184500, 14.393100, 14.506300, 14.589300, 14.732000, 14.660900, 14.456300, 14.365300, 14.169000, 13.972300, 14.021400, 13.889100, 13.854900, 13.705600, 13.829000, 13.639200, 13.541800, 13.493500, 13.511000, 13.427600, 13.480300, 13.424300, 13.342700, 13.357200, 15.978500, 15.765700, 15.397700, 15.210300, 14.951500, 14.717300, 14.508300, 14.272500, 13.979700, 13.955900, 13.586300, 13.383000, 13.298900, 13.131500, 13.012100, 12.802400, 12.773700, 12.530800, 12.373300, 12.270800, 11.896000, 12.096600, 12.274100, 12.461200, 12.723700, 12.890600, 13.038900, 13.263500, 13.451600, 13.673900, 13.877100, 14.046200, 14.226300, 14.404600, 14.599600, 14.904100, 14.952600, 15.254200, 15.531800, 15.847800, 13.039600, 13.102600, 13.191100, 13.238800, 13.358600, 13.442700, 13.497300, 13.551200, 13.726300, 13.712900, 13.869800, 13.873100, 13.832900, 13.903400, 14.019600, 14.115600, 14.155700, 14.198300, 14.277500, 14.260300, 10.768400, 11.067400, 11.448400, 11.774000, 12.047000, 12.337100, 12.696700, 13.058300, 13.347100, 13.537000, 13.889600, 14.292900, 14.400200, 14.747300, 15.007300, 15.325400, 15.581300, 15.976100, 16.160200, 16.465700, 11.310300, 11.511500, 11.674900, 11.887900, 12.139400, 12.445900, 12.794200, 13.011600, 13.378600, 13.612400, 13.902100, 13.997200, 14.148900, 14.330900, 14.493900, 14.564300, 14.879000, 14.982200, 15.095600, 15.251700, 
11.937800, 12.159800, 12.334900, 12.523100, 12.729100, 12.967300, 13.171000, 13.399900, 13.507300, 13.752000, 13.907400, 14.071400, 14.193300, 14.285700, 14.425500, 14.578600, 14.666200, 14.840900, 14.961000, 15.024000, 13.449800, 13.449200, 13.552500, 13.495600, 13.555600, 13.529500, 13.607900, 13.539200, 13.731200, 13.821100, 13.786200, 13.859800, 13.935500, 14.002400, 14.076500, 14.280200, 14.237000, 14.447300, 14.574300, 14.646800, 14.742400, 14.671200, 14.467000, 14.380800, 14.185400, 13.989600, 14.041200, 13.908600, 13.882200, 13.736100, 13.858400, 13.676200, 13.585900, 13.542800, 13.561200, 13.477900, 13.538100, 13.489500, 13.411000, 13.432900, 16.007300, 15.791900, 15.427300, 15.237700, 14.983200, 14.744400, 14.542600, 14.303500, 14.010100, 13.989100, 13.617800, 13.411100, 13.331700, 13.162300, 13.046900, 12.832800, 12.802200, 12.561800, 12.402800, 12.299400, 11.909900, 12.112900, 12.290300, 12.479400, 12.742700, 12.914300, 13.061200, 13.287500, 13.480300, 13.707900, 13.911900, 14.077600, 14.262100, 14.445300, 14.645000, 14.953100, 15.002800, 15.310900, 15.590700, 15.906900, 13.066400, 13.132700, 13.216100, 13.270500, 13.386900, 13.471500, 13.528900, 13.580800, 13.760600, 13.740300, 13.903700, 13.906100, 13.861700, 13.939300, 14.048000, 14.143400, 14.188500, 14.232200, 14.309700, 14.294000, 10.792600, 11.091200, 11.473100, 11.799000, 12.074800, 12.364300, 12.723400, 13.086900, 13.379100, 13.566900, 13.922800, 14.322800, 14.431700, 14.781000, 15.041200, 15.359700, 15.614300, 16.012800, 16.194100, 16.505300, 11.322300, 11.524800, 11.689700, 11.906100, 12.157100, 12.466900, 12.815200, 13.039300, 13.407600, 13.640700, 13.933400, 14.027900, 14.184800, 14.365800, 14.533000, 14.601800, 14.915400, 15.019800, 15.134900, 15.290600, 
11.954500, 12.179600, 12.358500, 12.543400, 12.752000, 12.989700, 13.193900, 13.427500, 13.535500, 13.778600, 13.934100, 14.100200, 14.222500, 14.313600, 14.459100, 14.610800, 14.693200, 14.875700, 14.992800, 15.056200, 13.461500, 13.463400, 13.568000, 13.508000, 13.571500, 13.548100, 13.626300, 13.560200, 13.750800, 13.850300, 13.821800, 13.891600, 13.977600, 14.044900, 14.119900, 14.326500, 14.290600, 14.495500, 14.629300, 14.705800, 14.750500, 14.678100, 14.479300, 14.395800, 14.199000, 14.006200, 14.060700, 13.930800, 13.905200, 13.762800, 13.887800, 13.707400, 13.624100, 13.588900, 13.612200, 13.531700, 13.591100, 13.553400, 13.478800, 13.492900, 16.032300, 15.813700, 15.454100, 15.266400, 15.010200, 14.773100, 14.574200, 14.333600, 14.037600, 14.018500, 13.648200, 13.438100, 13.361800, 13.191600, 13.078000, 12.860900, 12.833100, 12.591900, 12.428700, 12.327800, 11.919500, 12.126500, 12.303700, 12.496500, 12.758400, 12.934500, 13.082400, 13.312400, 13.505700, 13.733200, 13.942100, 14.112400, 14.299000, 14.481800, 14.687300, 14.998000, 15.050100, 15.361900, 15.648000, 15.968600, 13.090800, 13.157400, 13.243200, 13.296800, 13.415000, 13.499900, 13.560600, 13.609500, 13.792400, 13.769400, 13.933500, 13.935200, 13.891600, 13.966700, 14.079500, 14.177000, 14.222500, 14.262200, 14.338500, 14.327600, 10.813800, 11.112900, 11.494800, 11.820700, 12.100700, 12.390000, 12.748300, 13.115800, 13.404300, 13.593000, 13.955800, 14.351500, 14.463300, 14.816300, 15.076800, 15.395400, 15.648000, 16.050000, 16.229900, 16.540800, 11.332000, 11.537000, 11.703300, 11.920500, 12.173100, 12.483300, 12.836200, 13.062300, 13.432500, 13.668900, 13.962400, 14.062900, 14.219000, 14.398200, 14.561700, 14.639600, 14.952300, 15.058600, 15.175300, 15.334200, 
11.975500, 12.198700, 12.377900, 12.562800, 12.776500, 13.016800, 13.221300, 13.453700, 13.562100, 13.802400, 13.965200, 14.126700, 14.248400, 14.338000, 14.485500, 14.640600, 14.721200, 14.902100, 15.020100, 15.083100, 13.471100, 13.476200, 13.582600, 13.522500, 13.586300, 13.564900, 13.643900, 13.576400, 13.769200, 13.875400, 13.849800, 13.925700, 14.015000, 14.083300, 14.160500, 14.373900, 14.335800, 14.543700, 14.684100, 14.752600, 14.759300, 14.688400, 14.488400, 14.408400, 14.210500, 14.019900, 14.075200, 13.948500, 13.925500, 13.788600, 13.917500, 13.737400, 13.662300, 13.628300, 13.657600, 13.578200, 13.648900, 13.605600, 13.543100, 13.559400, 16.056500, 15.839500, 15.480300, 15.294300, 15.038200, 14.796900, 14.600600, 14.366200, 14.062900, 14.046700, 13.675500, 13.463800, 13.387500, 13.219400, 13.104200, 12.885300, 12.858600, 12.618400, 12.453600, 12.360000, 11.929100, 12.140200, 12.319000, 12.509400, 12.774000, 12.953800, 13.100200, 13.334700, 13.533100, 13.762200, 13.971100, 14.145400, 14.333500, 14.517100, 14.725000, 15.037800, 15.094100, 15.410800, 15.705100, 16.023600, 13.116200, 13.182500, 13.271300, 13.325000, 13.438700, 13.526000, 13.587100, 13.635700, 13.822300, 13.796900, 13.962200, 13.962500, 13.916900, 13.994100, 14.110000, 14.206900, 14.248600, 14.291200, 14.369900, 14.360800, 10.836000, 11.135400, 11.517800, 11.844900, 12.122900, 12.413900, 12.772100, 13.141000, 13.432400, 13.623400, 13.982700, 14.379600, 14.491200, 14.850800, 15.110500, 15.425800, 15.680900, 16.080000, 16.263700, 16.577600, 11.343900, 11.546200, 11.715200, 11.930300, 12.186900, 12.499400, 12.858100, 13.086400, 13.456800, 13.698000, 13.990300, 14.092400, 14.252900, 14.432600, 14.590400, 14.674500, 14.987400, 15.093700, 15.217100, 15.373200, 
11.991700, 12.217100, 12.398600, 12.584500, 12.801600, 13.040000, 13.240500, 13.475800, 13.591200, 13.827900, 13.992100, 14.149500, 14.274800, 14.363800, 14.511100, 14.668000, 14.747500, 14.929800, 15.050600, 15.111100, 13.480700, 13.489100, 13.592700, 13.533600, 13.599200, 13.578700, 13.657900, 13.593900, 13.790100, 13.900800, 13.876600, 13.957700, 14.048700, 14.119000, 14.197600, 14.418400, 14.381000, 14.588500, 14.729700, 14.806500, 14.765700, 14.697100, 14.496200, 14.419000, 14.222500, 14.034900, 14.093300, 13.962700, 13.945000, 13.812100, 13.948200, 13.766900, 13.698600, 13.670500, 13.696800, 13.627600, 13.699100, 13.656800, 13.597800, 13.621000, 16.081800, 15.860700, 15.504100, 15.322100, 15.063300, 14.821500, 14.626100, 14.389400, 14.087400, 14.072800, 13.702200, 13.486700, 13.413900, 13.247100, 13.131400, 12.911800, 12.883900, 12.643400, 12.482600, 12.384500, 11.939300, 12.153500, 12.333900, 12.522400, 12.787700, 12.969000, 13.116400, 13.355300, 13.556800, 13.786800, 13.997200, 14.177000, 14.367700, 14.548700, 14.763300, 15.079700, 15.137400, 15.459300, 15.765000, 16.074400, 13.138700, 13.202800, 13.295700, 13.348600, 13.464400, 13.550300, 13.612600, 13.660300, 13.847800, 13.818900, 13.988900, 13.989000, 13.942000, 14.020300, 14.137100, 14.234000, 14.276100, 14.316800, 14.396800, 14.388800, 10.857200, 11.155300, 11.537700, 11.863500, 12.144000, 12.437500, 12.794400, 13.164100, 13.455700, 13.646100, 14.007600, 14.402400, 14.515100, 14.877000, 15.139500, 15.456700, 15.711300, 16.112700, 16.294100, 16.607800, 11.351700, 11.555700, 11.727100, 11.941700, 12.198200, 12.513000, 12.874000, 13.108300, 13.477500, 13.723300, 14.019700, 14.120300, 14.285500, 14.464200, 14.622900, 14.708400, 15.025600, 15.129300, 15.254300, 15.411400, 
12.008500, 12.232400, 12.418600, 12.601900, 12.823800, 13.060900, 13.261500, 13.498700, 13.615300, 13.850100, 14.018600, 14.171500, 14.300700, 14.388900, 14.533900, 14.693400, 14.773800, 14.955500, 15.074700, 15.137400, 13.490000, 13.497200, 13.605600, 13.543900, 13.611700, 13.592800, 13.674500, 13.611200, 13.808000, 13.924400, 13.903200, 13.982000, 14.078900, 14.151100, 14.236000, 14.457100, 14.420800, 14.629800, 14.770800, 14.854600, 14.771700, 14.704100, 14.504300, 14.428200, 14.232800, 14.045800, 14.105500, 13.981600, 13.964300, 13.832400, 13.969700, 13.796300, 13.730300, 13.706600, 13.737100, 13.669400, 13.742800, 13.705000, 13.651400, 13.674400, 16.101400, 15.880700, 15.528400, 15.346100, 15.084700, 14.842900, 14.648000, 14.413500, 14.111500, 14.096000, 13.721600, 13.509500, 13.438300, 13.269500, 13.157500, 12.935500, 12.906800, 12.665600, 12.507100, 12.410500, 11.947400, 12.164400, 12.346300, 12.535500, 12.800300, 12.986100, 13.133600, 13.376100, 13.576100, 13.809700, 14.020600, 14.202000, 14.396100, 14.581100, 14.794800, 15.115700, 15.177000, 15.503400, 15.811700, 16.125000, 13.161800, 13.226100, 13.318000, 13.372500, 13.486400, 13.571800, 13.638300, 13.684900, 13.869000, 13.843900, 14.014000, 14.014900, 13.968900, 14.044300, 14.161500, 14.255300, 14.301500, 14.339200, 14.422800, 14.413100, 10.873200, 11.175300, 11.555500, 11.883400, 12.165300, 12.459700, 12.817100, 13.189500, 13.481400, 13.670700, 14.030900, 14.431900, 14.541900, 14.901800, 15.165500, 15.483000, 15.737200, 16.138800, 16.320500, 16.637300, 11.360600, 11.564400, 11.739000, 11.952800, 12.213200, 12.528100, 12.889400, 13.126900, 13.495800, 13.745200, 14.045800, 14.144400, 14.314200, 14.496400, 14.658400, 14.736800, 15.057800, 15.166700, 15.290500, 15.452000, 
12.027000, 12.250000, 12.436300, 12.620500, 12.843100, 13.082100, 13.284400, 13.523000, 13.635000, 13.871400, 14.043800, 14.193400, 14.321400, 14.411500, 14.556100, 14.716200, 14.794700, 14.979300, 15.099700, 15.159000, 13.498700, 13.507700, 13.613900, 13.552800, 13.623300, 13.603700, 13.690300, 13.624400, 13.829100, 13.944900, 13.927200, 14.007500, 14.105300, 14.180200, 14.267100, 14.494500, 14.451900, 14.665500, 14.809800, 14.902800, 14.778200, 14.710300, 14.513000, 14.435700, 14.244000, 14.057000, 14.120300, 13.996400, 13.981600, 13.851200, 13.997000, 13.820400, 13.761600, 13.741800, 13.772400, 13.709100, 13.786100, 13.750300, 13.702100, 13.724300, 16.120400, 15.899400, 15.548300, 15.364900, 15.105100, 14.862200, 14.667500, 14.433600, 14.135900, 14.118400, 13.741600, 13.533000, 13.458100, 13.289900, 13.182200, 12.957700, 12.928000, 12.687500, 12.528200, 12.431100, 11.954400, 12.174300, 12.358000, 12.545300, 12.813700, 12.998700, 13.150600, 13.394900, 13.595500, 13.834400, 14.043700, 14.226800, 14.420800, 14.609200, 14.824900, 15.154400, 15.212900, 15.541100, 15.854400, 16.173400, 13.181700, 13.248500, 13.338500, 13.392600, 13.504900, 13.592400, 13.658600, 13.706200, 13.891300, 13.866100, 14.037000, 14.039100, 13.989700, 14.067400, 14.182600, 14.275600, 14.327000, 14.362500, 14.445300, 14.439100, 10.892800, 11.192600, 11.574900, 11.902600, 12.185900, 12.477500, 12.839400, 13.210700, 13.504900, 13.692300, 14.054900, 14.455800, 14.564800, 14.924500, 15.187000, 15.510100, 15.763000, 16.166700, 16.347500, 16.665000, 11.369800, 11.574000, 11.747600, 11.965800, 12.227100, 12.542200, 12.903400, 13.144000, 13.517900, 13.768300, 14.071600, 14.170600, 14.342200, 14.522700, 14.685900, 14.769800, 15.091200, 15.203400, 15.331800, 15.495600, 
12.042700, 12.267500, 12.455200, 12.640100, 12.864800, 13.099500, 13.302400, 13.540600, 13.656400, 13.890800, 14.065000, 14.215700, 14.342000, 14.430100, 14.576400, 14.735300, 14.814900, 15.000000, 15.121500, 15.183500, 13.508300, 13.516000, 13.622000, 13.563500, 13.633000, 13.616100, 13.704200, 13.639800, 13.845400, 13.964300, 13.945600, 14.031900, 14.135000, 14.207300, 14.296300, 14.531700, 14.489400, 14.700800, 14.852200, 14.941000, 14.781700, 14.716900, 14.517700, 14.442700, 14.251400, 14.068800, 14.132900, 14.009600, 13.995300, 13.869000, 14.015400, 13.846900, 13.790500, 13.771800, 13.805800, 13.744300, 13.826400, 13.792000, 13.750000, 13.765500, 16.137500, 15.918900, 15.565800, 15.383800, 15.125200, 14.879600, 14.686400, 14.450900, 14.155400, 14.136100, 13.763300, 13.553900, 13.478300, 13.307900, 13.201700, 12.978100, 12.948100, 12.704700, 12.548000, 12.451800, 11.961700, 12.181000, 12.367400, 12.553900, 12.827700, 13.013700, 13.164400, 13.413000, 13.614400, 13.850700, 14.065100, 14.255000, 14.445100, 14.636600, 14.850600, 15.185200, 15.250200, 15.579300, 15.897400, 16.216000, 13.200500, 13.271900, 13.354700, 13.410800, 13.523900, 13.612200, 13.682200, 13.725300, 13.909000, 13.885300, 14.054500, 14.061800, 14.007500, 14.086200, 14.205300, 14.297100, 14.349500, 14.383200, 14.471100, 14.459500, 10.909400, 11.210600, 11.590900, 11.917500, 12.205100, 12.494400, 12.857400, 13.228300, 13.524500, 13.710900, 14.071100, 14.479300, 14.584500, 14.949000, 15.211200, 15.537800, 15.784600, 16.189100, 16.374200, 16.689300, 11.378200, 11.581500, 11.757300, 11.976000, 12.237300, 12.554000, 12.916100, 13.157400, 13.534100, 13.788400, 14.092800, 14.192800, 14.368000, 14.547100, 14.713100, 14.801000, 15.120100, 15.238000, 15.372400, 15.528800, 
12.058500, 12.285200, 12.473300, 12.657500, 12.885500, 13.119700, 13.324100, 13.561400, 13.677100, 13.912900, 14.086800, 14.235800, 14.362500, 14.448500, 14.596300, 14.758800, 14.837800, 15.020600, 15.143900, 15.204800, 13.515700, 13.524600, 13.632200, 13.573500, 13.644500, 13.626900, 13.716800, 13.653600, 13.862500, 13.981800, 13.969400, 14.055300, 14.161800, 14.235400, 14.326800, 14.566800, 14.523500, 14.734400, 14.891400, 14.982500, 14.786400, 14.721600, 14.524000, 14.448800, 14.258400, 14.078300, 14.142600, 14.021200, 14.009700, 13.889900, 14.036900, 13.870100, 13.821100, 13.801800, 13.843300, 13.779800, 13.866000, 13.830000, 13.792900, 13.808200, 16.156700, 15.937400, 15.585800, 15.402900, 15.144100, 14.902100, 14.703400, 14.471600, 14.175200, 14.156300, 13.782900, 13.574900, 13.500200, 13.328900, 13.219000, 12.993700, 12.971400, 12.724800, 12.565500, 12.472300, 11.969700, 12.189700, 12.376000, 12.563700, 12.839300, 13.027300, 13.177800, 13.428700, 13.632600, 13.867600, 14.083600, 14.280400, 14.471300, 14.666900, 14.880800, 15.218000, 15.283500, 15.615600, 15.938600, 16.260200, 13.217900, 13.291400, 13.372600, 13.427600, 13.542400, 13.630300, 13.702300, 13.746700, 13.926600, 13.906400, 14.072600, 14.085900, 14.030300, 14.111900, 14.228600, 14.319900, 14.371800, 14.407600, 14.496100, 14.481900, 10.922300, 11.223200, 11.606800, 11.935400, 12.223300, 12.506600, 12.876300, 13.250200, 13.542300, 13.729800, 14.093300, 14.502300, 14.605000, 14.972800, 15.233900, 15.560500, 15.806000, 16.214400, 16.397300, 16.716200, 11.385000, 11.589100, 11.767200, 11.985300, 12.246800, 12.565200, 12.927700, 13.171700, 13.551800, 13.806000, 14.115400, 14.218500, 14.397500, 14.573500, 14.740500, 14.830900, 15.147500, 15.276900, 15.410300, 15.569100, 
12.075700, 12.301400, 12.486600, 12.675700, 12.900000, 13.137300, 13.342200, 13.579400, 13.692400, 13.930600, 14.104900, 14.252700, 14.377500, 14.467200, 14.613000, 14.777900, 14.855800, 15.037800, 15.160800, 15.221600, 13.524800, 13.531100, 13.638100, 13.581800, 13.653400, 13.638000, 13.728500, 13.665100, 13.874300, 13.998100, 13.988400, 14.074300, 14.186600, 14.256700, 14.351400, 14.594500, 14.549900, 14.766100, 14.924800, 15.018600, 14.789900, 14.727300, 14.527800, 14.453500, 14.264000, 14.086600, 14.152900, 14.031900, 14.023800, 13.902600, 14.053700, 13.891500, 13.844700, 13.827300, 13.871900, 13.810800, 13.897000, 13.863800, 13.829900, 13.848600, 16.173500, 15.954600, 15.600900, 15.419600, 15.158900, 14.919400, 14.718200, 14.488800, 14.191200, 14.172300, 13.797700, 13.593600, 13.516000, 13.345400, 13.239000, 13.008600, 12.988400, 12.740600, 12.579900, 12.487100, 11.974200, 12.195500, 12.384300, 12.572300, 12.849000, 13.039100, 13.188200, 13.442900, 13.646800, 13.884700, 14.100300, 14.300400, 14.491300, 14.688200, 14.907000, 15.245700, 15.316300, 15.646700, 15.974300, 16.298500, 13.233200, 13.306500, 13.387100, 13.444300, 13.557100, 13.643900, 13.720600, 13.765900, 13.941900, 13.922500, 14.090700, 14.103200, 14.048300, 14.128200, 14.246600, 14.338000, 14.390900, 14.429600, 14.512000, 14.500500, 10.937100, 11.235600, 11.620500, 11.949700, 12.241200, 12.520700, 12.891600, 13.265100, 13.556300, 13.746000, 14.111200, 14.521200, 14.626100, 14.990800, 15.255200, 15.582500, 15.823600, 16.234100, 16.417300, 16.735900, 11.391900, 11.595500, 11.775400, 11.992200, 12.253800, 12.575700, 12.939100, 13.185400, 13.566400, 13.821000, 14.132700, 14.236700, 14.415800, 14.598300, 14.762700, 14.853400, 15.177000, 15.307400, 15.443800, 15.604600, 
12.089900, 12.316400, 12.501400, 12.690700, 12.912700, 13.151100, 13.356400, 13.592400, 13.708000, 13.946000, 14.120000, 14.269100, 14.394100, 14.482500, 14.629100, 14.794000, 14.874400, 15.057200, 15.174300, 15.237500, 13.532300, 13.536700, 13.645800, 13.588200, 13.660800, 13.648300, 13.736600, 13.676200, 13.885700, 14.012000, 14.007000, 14.095500, 14.205600, 14.276000, 14.374900, 14.620200, 14.577800, 14.793100, 14.957100, 15.055500, 14.793100, 14.732300, 14.532100, 14.458400, 14.271600, 14.093900, 14.160000, 14.041200, 14.036400, 13.916600, 14.069900, 13.909600, 13.864800, 13.849000, 13.898500, 13.838100, 13.927500, 13.890900, 13.863400, 13.884400, 16.187400, 15.969400, 15.614400, 15.434200, 15.172700, 14.934100, 14.732700, 14.504300, 14.208900, 14.185700, 13.812000, 13.610000, 13.529300, 13.359200, 13.254800, 13.025300, 13.004400, 12.756600, 12.594900, 12.500900, 11.978500, 12.201700, 12.392100, 12.579300, 12.855500, 13.050800, 13.201100, 13.453600, 13.657600, 13.899100, 14.116400, 14.318700, 14.511700, 14.707400, 14.933300, 15.271600, 15.341200, 15.678200, 16.010900, 16.336300, 13.249900, 13.319200, 13.400400, 13.455900, 13.572500, 13.658800, 13.734100, 13.782200, 13.956400, 13.936900, 14.106100, 14.117700, 14.062200, 14.143500, 14.263100, 14.352800, 14.409400, 14.447700, 14.528300, 14.515000, 10.945600, 11.246200, 11.636100, 11.962900, 12.256900, 12.534600, 12.903100, 13.277900, 13.571200, 13.761900, 14.125900, 14.536800, 14.642200, 15.007400, 15.271900, 15.600700, 15.841000, 16.252500, 16.438100, 16.753200, 11.397300, 11.601300, 11.782300, 11.998800, 12.260100, 12.583900, 12.948700, 13.196700, 13.578500, 13.838000, 14.145600, 14.254400, 14.436600, 14.619400, 14.785700, 14.876100, 15.204400, 15.337900, 15.472100, 15.639600, 
12.103900, 12.329900, 12.517100, 12.706700, 12.926900, 13.164000, 13.371200, 13.606000, 13.723100, 13.960500, 14.136800, 14.283900, 14.410000, 14.499600, 14.644500, 14.805400, 14.889000, 15.073900, 15.192100, 15.252400, 13.538000, 13.541700, 13.651400, 13.595100, 13.669200, 13.657600, 13.747000, 13.685000, 13.896300, 14.026300, 14.021800, 14.111400, 14.224400, 14.294100, 14.398900, 14.643400, 14.604700, 14.821800, 14.986400, 15.084700, 14.797000, 14.735000, 14.535500, 14.462100, 14.277400, 14.099400, 14.167000, 14.048000, 14.049200, 13.930800, 14.086500, 13.925000, 13.884700, 13.867000, 13.923100, 13.864500, 13.958500, 13.919300, 13.893500, 13.917000, 16.200000, 15.981500, 15.627100, 15.447000, 15.187800, 14.946800, 14.743400, 14.516400, 14.221900, 14.199800, 13.826900, 13.624900, 13.546000, 13.375300, 13.270600, 13.040300, 13.019500, 12.768500, 12.608800, 12.515700, 11.983100, 12.209100, 12.397800, 12.584500, 12.862900, 13.058000, 13.210300, 13.464400, 13.671100, 13.914100, 14.131400, 14.335800, 14.529300, 14.727600, 14.958200, 15.294800, 15.368400, 15.704900, 16.042100, 16.370000, 13.260000, 13.330200, 13.414400, 13.468700, 13.586200, 13.672300, 13.750100, 13.797100, 13.971700, 13.951200, 14.118900, 14.134300, 14.076400, 14.161300, 14.277500, 14.370500, 14.427100, 14.464900, 14.544200, 14.530400, 10.954300, 11.257000, 11.646400, 11.975300, 12.268000, 12.546400, 12.914500, 13.290200, 13.586500, 13.776000, 14.139000, 14.550800, 14.659500, 15.019400, 15.288300, 15.618200, 15.855800, 16.271800, 16.454300, 16.767800, 11.402600, 11.607800, 11.788400, 12.008100, 12.266900, 12.591400, 12.959300, 13.209800, 13.589000, 13.850900, 14.161600, 14.269100, 14.454500, 14.637000, 14.805200, 14.896900, 15.229100, 15.365300, 15.498200, 15.670900, 
12.117700, 12.343000, 12.529300, 12.718600, 12.939900, 13.177200, 13.383600, 13.615400, 13.734900, 13.974300, 14.147300, 14.297100, 14.422700, 14.514500, 14.658200, 14.818600, 14.904300, 15.089800, 15.207600, 15.269000, 13.542700, 13.546800, 13.656200, 13.600000, 13.676700, 13.663000, 13.755000, 13.693500, 13.907600, 14.039800, 14.035100, 14.125600, 14.240500, 14.313200, 14.418900, 14.666000, 14.626600, 14.847700, 15.015500, 15.114100, 14.800300, 14.738600, 14.538500, 14.465400, 14.281100, 14.106900, 14.173900, 14.057100, 14.060500, 13.942100, 14.099700, 13.942700, 13.902300, 13.887900, 13.942700, 13.887900, 13.983000, 13.949200, 13.920100, 13.948700, 16.211700, 15.994700, 15.640800, 15.458700, 15.198100, 14.958900, 14.755600, 14.529700, 14.233300, 14.215900, 13.837600, 13.638100, 13.557300, 13.386700, 13.282200, 13.054900, 13.032500, 12.782900, 12.619000, 12.532200, 11.987600, 12.213900, 12.402800, 12.590400, 12.869400, 13.064800, 13.220800, 13.473500, 13.682400, 13.926500, 14.146300, 14.350300, 14.547900, 14.747600, 14.977800, 15.317400, 15.388700, 15.731200, 16.065500, 16.400800, 13.271300, 13.340700, 13.427800, 13.477600, 13.596500, 13.685000, 13.763000, 13.808900, 13.983900, 13.963900, 14.131700, 14.149900, 14.091100, 14.174000, 14.292200, 14.384100, 14.441400, 14.479700, 14.560800, 14.544500, 10.964500, 11.265500, 11.657400, 11.986400, 12.277900, 12.558500, 12.928600, 13.302800, 13.599800, 13.790000, 14.152400, 14.566400, 14.672300, 15.032900, 15.303300, 15.632100, 15.870900, 16.286600, 16.468500, 16.784000, 11.407100, 11.613700, 11.794300, 12.014700, 12.273500, 12.598900, 12.968100, 13.219900, 13.600400, 13.862800, 14.174100, 14.284900, 14.470700, 14.654400, 14.822500, 14.916700, 15.251300, 15.388600, 15.523600, 15.702400, 


0.000000, 0.000000, 0.000000, 0.000000, 0.000000, 0.000000, 0.000000, 0.000000, 0.000000, 0.000000, 0.000000, 0.000000, 0.000000, 0.000000, 0.000000, 0.000000, 0.000000, 0.000000, 0.000000, 0.000000, 0.000000, 0.000000, 0.000000, 0.000000, 0.000000, 0.000000, 0.000000, 0.000000, 0.000000, 0.000000, 0.000000, 0.000000, 0.000000, 0.000000, 0.000000, 0.000000, 0.000000, 0.000000, 0.000000, 0.000000, 0.000000, 0.000000, 0.000000, 0.000000, 0.000000, 0.000000, 0.000000, 0.000000, 0.000000, 0.000000, 0.000000, 0.000000, 0.000000, 0.000000, 0.000000, 0.000000, 0.000000, 0.000000, 0.000000, 0.000000, 0.000000, 0.000000, 0.000000, 0.000000, 0.000000, 0.000000, 0.000000, 0.000000, 0.000000, 0.000000, 0.000000, 0.000000, 0.000000, 0.000000, 0.000000, 0.000000, 0.000000, 0.000000, 0.000000, 0.000000, 0.000000, 0.000000, 0.000000, 0.000000, 0.000000, 0.000000, 0.000000, 0.000000, 0.000000, 0.000000, 0.000000, 0.000000, 0.000000, 0.000000, 0.000000, 0.000000, 0.000000, 0.000000, 0.000000, 0.000000, 0.000000, 0.000000, 0.000000, 0.000000, 0.000000, 0.000000, 0.000000, 0.000000, 0.000000, 0.000000, 0.000000, 0.000000, 0.000000, 0.000000, 0.000000, 0.000000, 0.000000, 0.000000, 0.000000, 0.000000, 0.000000, 0.000000, 0.000000, 0.000000, 0.000000, 0.000000, 0.000000, 0.000000, 0.000000, 0.000000, 0.000000, 0.000000, 0.000000, 0.000000, 0.000000, 0.000000, 0.000000, 0.000000, 0.000000, 0.000000, 0.000000, 0.000000, 0.000000, 0.000000, 0.000000, 0.000000, 0.000000, 0.000000, 0.000000, 0.000000, 0.000000, 0.000000, 0.000000, 0.000000, 0.000000, 0.000000, 0.000000, 0.000000, 0.000000, 0.000000, 
0.000000, 0.000000, 0.000000, 0.000000, 0.000000, 0.000000, 0.000000, 0.000000, 0.000000, 0.000000, 0.000000, 0.000000, 0.000000, 0.000000, 0.000000, 0.000000, 0.000000, 0.000000, 0.000000, 0.000000, 0.000000, 0.000000, 0.000000, 0.000000, 0.000000, 0.000000, 0.000000, 0.000000, 0.000000, 0.000000, 0.000000, 0.000000, 0.000000, 0.000000, 0.000000, 0.000000, 0.000000, 0.000000, 0.000000, 0.000000, 0.000000, 0.000000, 0.000000, 0.000000, 0.000000, 0.000000, 0.000000, 0.000000, 0.000000, 0.000000, 0.000000, 0.000000, 0.000000, 0.000000, 0.000000, 0.000000, 0.000000, 0.000000, 0.000000, 0.000000, 0.000000, 0.000000, 0.000000, 0.000000, 0.000000, 0.000000, 0.000000, 0.000000, 0.000000, 0.000000, 0.000000, 0.000000, 0.000000, 0.000000, 0.000000, 0.000000, 0.000000, 0.000000, 0.000000, 0.000000, 0.000000, 0.000000, 0.000000, 0.000000, 0.000000, 0.000000, 0.000000, 0.000000, 0.000000, 0.000000, 0.000000, 0.000000, 0.000000, 0.000000, 0.000000, 0.000000, 0.000000, 0.000000, 0.000000, 0.000000, 0.000000, 0.000000, 0.000000, 0.000000, 0.000000, 0.000000, 0.000000, 0.000000, 0.000000, 0.000000, 0.000000, 0.000000, 0.000000, 0.000000, 0.000000, 0.000000, 0.000000, 0.000000, 0.000000, 0.000000, 0.000000, 0.000000, 0.000000, 0.000000, 0.000000, 0.000000, 0.000000, 0.000000, 0.000000, 0.000000, 0.000000, 0.000000, 0.000000, 0.000000, 0.000000, 0.000000, 0.000000, 0.000000, 0.000000, 0.000000, 0.000000, 0.000000, 0.000000, 0.000000, 0.000000, 0.000000, 0.000000, 0.000000, 0.000000, 0.000000, 0.000000, 0.000000, 0.000000, 0.000000, 0.000000, 0.000000, 0.000000, 0.000000, 0.000000, 0.000000, 
0.000000, 0.000000, 0.000000, 0.000000, 0.000000, 0.000000, 0.000000, 0.000000, 0.000000, 0.000000, 0.000000, 0.000000, 0.000000, 0.000000, 0.000000, 0.000000, 0.000000, 0.000000, 0.000000, 0.000000, 0.000000, 0.000000, 0.000000, 0.000000, 0.000000, 0.000000, 0.000000, 0.000000, 0.000000, 0.000000, 0.000000, 0.000000, 0.000000, 0.000000, 0.000000, 0.000000, 0.000000, 0.000000, 0.000000, 0.000000, 0.000000, 0.000000, 0.000000, 0.000000, 0.000000, 0.000000, 0.000000, 0.000000, 0.000000, 0.000000, 0.000000, 0.000000, 0.000000, 0.000000, 0.000000, 0.000000, 0.000000, 0.000000, 0.000000, 0.000000, 0.000000, 0.000000, 0.000000, 0.000000, 0.000000, 0.000000, 0.000000, 0.000000, 0.000000, 0.000000, 0.000000, 0.000000, 0.000000, 0.000000, 0.000000, 0.000000, 0.000000, 0.000000, 0.000000, 0.000000, 0.000000, 0.000000, 0.000000, 0.000000, 0.000000, 0.000000, 0.000000, 0.000000, 0.000000, 0.000000, 0.000000, 0.000000, 0.000000, 0.000000, 0.000000, 0.000000, 0.000000, 0.000000, 0.000000, 0.000000, 0.000000, 0.000000, 0.000000, 0.000000, 0.000000, 0.000000, 0.000000, 0.000000, 0.000000, 0.000000, 0.000000, 0.000000, 0.000000, 0.000000, 0.000000, 0.000000, 0.000000, 0.000000, 0.000000, 0.000000, 0.000000, 0.000000, 0.000000, 0.000000, 0.000000, 0.000000, 0.000000, 0.000000, 0.000000, 0.000000, 0.000000, 0.000000, 0.000000, 0.000000, 0.000000, 0.000000, 0.000000, 0.000000, 0.000000, 0.000000, 0.000000, 0.000000, 0.000000, 0.000000, 0.000000, 0.000000, 0.000000, 0.000000, 0.000000, 0.000000, 0.000000, 0.000000, 0.000000, 0.000000, 0.000000, 0.000000, 0.000000, 0.000000, 0.000000, 0.000000, 
0.000000, 0.000000, 0.000000, 0.000000, 0.000000, 0.000000, 0.000000, 0.000000, 0.000000, 0.000000, 0.000000, 0.000000, 0.000000, 0.000000, 0.000000, 0.000000, 0.000000, 0.000000, 0.000000, 0.000000, 0.000000, 0.000000, 0.000000, 0.000000, 0.000000, 0.000000, 0.000000, 0.000000, 0.000000, 0.000000, 0.000000, 0.000000, 0.000000, 0.000000, 0.000000, 0.000000, 0.000000, 0.000000, 0.000000, 0.000000, 0.000000, 0.000000, 0.000000, 0.000000, 0.000000, 0.000000, 0.000000, 0.000000, 0.000000, 0.000000, 0.000000, 0.000000, 0.000000, 0.000000, 0.000000, 0.000000, 0.000000, 0.000000, 0.000000, 0.000000, 0.000000, 0.000000, 0.000000, 0.000000, 0.000000, 0.000000, 0.000000, 0.000000, 0.000000, 0.000000, 0.000000, 0.000000, 0.000000, 0.000000, 0.000000, 0.000000, 0.000000, 0.000000, 0.000000, 0.000000, 0.000000, 0.000000, 0.000000, 0.000000, 0.000000, 0.000000, 0.000000, 0.000000, 0.000000, 0.000000, 0.000000, 0.000000, 0.000000, 0.000000, 0.000000, 0.000000, 0.000000, 0.000000, 0.000000, 0.000000, 0.000000, 0.000000, 0.000000, 0.000000, 0.000000, 0.000000, 0.000000, 0.000000, 0.000000, 0.000000, 0.000000, 0.000000, 0.000000, 0.000000, 0.000000, 0.000000, 0.000000, 0.000000, 0.000000, 0.000000, 0.000000, 0.000000, 0.000000, 0.000000, 0.000000, 0.000000, 0.000000, 0.000000, 0.000000, 0.000000, 0.000000, 0.000000, 0.000000, 0.000000, 0.000000, 0.000000, 0.000000, 0.000000, 0.000000, 0.000000, 0.000000, 0.000000, 0.000000, 0.000000, 0.000000, 0.000000, 0.000000, 0.000000, 0.000000, 0.000000, 0.000000, 0.000000, 0.000000, 0.000000, 0.000000, 0.000000, 0.000000, 0.000000, 0.000000, 0.000000, 
0.000000, 0.000000, 0.000000, 0.000000, 0.000000, 0.000000, 0.000000, 0.000000, 0.000000, 0.000000, 0.000000, 0.000000, 0.000000, 0.000000, 0.000000, 0.000000, 0.000000, 0.000000, 0.000000, 0.000000, 0.000000, 0.000000, 0.000000, 0.000000, 0.000000, 0.000000, 0.000000, 0.000000, 0.000000, 0.000000, 0.000000, 0.000000, 0.000000, 0.000000, 0.000000, 0.000000, 0.000000, 0.000000, 0.000000, 0.000000, 0.000000, 0.000000, 0.000000, 0.000000, 0.000000, 0.000000, 0.000000, 0.000000, 0.000000, 0.000000, 0.000000, 0.000000, 0.000000, 0.000000, 0.000000, 0.000000, 0.000000, 0.000000, 0.000000, 0.000000, 0.000000, 0.000000, 0.000000, 0.000000, 0.000000, 0.000000, 0.000000, 0.000000, 0.000000, 0.000000, 0.000000, 0.000000, 0.000000, 0.000000, 0.000000, 0.000000, 0.000000, 0.000000, 0.000000, 0.000000, 0.000000, 0.000000, 0.000000, 0.000000, 0.000000, 0.000000, 0.000000, 0.000000, 0.000000, 0.000000, 0.000000, 0.000000, 0.000000, 0.000000, 0.000000, 0.000000, 0.000000, 0.000000, 0.000000, 0.000000, 0.000000, 0.000000, 0.000000, 0.000000, 0.000000, 0.000000, 0.000000, 0.000000, 0.000000, 0.000000, 0.000000, 0.000000, 0.000000, 0.000000, 0.000000, 0.000000, 0.000000, 0.000000, 0.000000, 0.000000, 0.000000, 0.000000, 0.000000, 0.000000, 0.000000, 0.000000, 0.000000, 0.000000, 0.000000, 0.000000, 0.000000, 0.000000, 0.000000, 0.000000, 0.000000, 0.000000, 0.000000, 0.000000, 0.000000, 0.000000, 0.000000, 0.000000, 0.000000, 0.000000, 0.000000, 0.000000, 0.000000, 0.000000, 0.000000, 0.000000, 0.000000, 0.000000, 0.000000, 0.000000, 0.000000, 0.000000, 0.000000, 0.000000, 0.000000, 0.000000, 
0.000000, 0.000000, 0.000000, 0.000000, 0.000000, 0.000000, 0.000000, 0.000000, 0.000000, 0.000000, 0.000000, 0.000000, 0.000000, 0.000000, 0.000000, 0.000000, 0.000000, 0.000000, 0.000000, 0.000000, 0.000000, 0.000000, 0.000000, 0.000000, 0.000000, 0.000000, 0.000000, 0.000000, 0.000000, 0.000000, 0.000000, 0.000000, 0.000000, 0.000000, 0.000000, 0.000000, 0.000000, 0.000000, 0.000000, 0.000000, 0.000000, 0.000000, 0.000000, 0.000000, 0.000000, 0.000000, 0.000000, 0.000000, 0.000000, 0.000000, 0.000000, 0.000000, 0.000000, 0.000000, 0.000000, 0.000000, 0.000000, 0.000000, 0.000000, 0.000000, 0.000000, 0.000000, 0.000000, 0.000000, 0.000000, 0.000000, 0.000000, 0.000000, 0.000000, 0.000000, 0.000000, 0.000000, 0.000000, 0.000000, 0.000000, 0.000000, 0.000000, 0.000000, 0.000000, 0.000000, 0.000000, 0.000000, 0.000000, 0.000000, 0.000000, 0.000000, 0.000000, 0.000000, 0.000000, 0.000000, 0.000000, 0.000000, 0.000000, 0.000000, 0.000000, 0.000000, 0.000000, 0.000000, 0.000000, 0.000000, 0.000000, 0.000000, 0.000000, 0.000000, 0.000000, 0.000000, 0.000000, 0.000000, 0.000000, 0.000000, 0.000000, 0.000000, 0.000000, 0.000000, 0.000000, 0.000000, 0.000000, 0.000000, 0.000000, 0.000000, 0.000000, 0.000000, 0.000000, 0.000000, 0.000000, 0.000000, 0.000000, 0.000000, 0.000000, 0.000000, 0.000000, 0.000000, 0.000000, 0.000000, 0.000000, 0.000000, 0.000000, 0.000000, 0.000000, 0.000000, 0.000000, 0.000000, 0.000000, 0.000000, 0.000000, 0.000000, 0.000000, 0.000000, 0.000000, 0.000000, 0.000000, 0.000000, 0.000000, 0.000000, 0.000000, 0.000000, 0.000000, 0.000000, 0.000000, 0.000000, 
0.000000, 0.000000, 0.000000, 0.000000, 0.000000, 0.000000, 0.000000, 0.000000, 0.000000, 0.000000, 0.000000, 0.000000, 0.000000, 0.000000, 0.000000, 0.000000, 0.000000, 0.000000, 0.000000, 0.000000, 0.000000, 0.000000, 0.000000, 0.000000, 0.000000, 0.000000, 0.000000, 0.000000, 0.000000, 0.000000, 0.000000, 0.000000, 0.000000, 0.000000, 0.000000, 0.000000, 0.000000, 0.000000, 0.000000, 0.000000, 0.000000, 0.000000, 0.000000, 0.000000, 0.000000, 0.000000, 0.000000, 0.000000, 0.000000, 0.000000, 0.000000, 0.000000, 0.000000, 0.000000, 0.000000, 0.000000, 0.000000, 0.000000, 0.000000, 0.000000, 0.000000, 0.000000, 0.000000, 0.000000, 0.000000, 0.000000, 0.000000, 0.000000, 0.000000, 0.000000, 0.000000, 0.000000, 0.000000, 0.000000, 0.000000, 0.000000, 0.000000, 0.000000, 0.000000, 0.000000, 0.000000, 0.000000, 0.000000, 0.000000, 0.000000, 0.000000, 0.000000, 0.000000, 0.000000, 0.000000, 0.000000, 0.000000, 0.000000, 0.000000, 0.000000, 0.000000, 0.000000, 0.000000, 0.000000, 0.000000, 0.000000, 0.000000, 0.000000, 0.000000, 0.000000, 0.000000, 0.000000, 0.000000, 0.000000, 0.000000, 0.000000, 0.000000, 0.000000, 0.000000, 0.000000, 0.000000, 0.000000, 0.000000, 0.000000, 0.000000, 0.000000, 0.000000, 0.000000, 0.000000, 0.000000, 0.000000, 0.000000, 0.000000, 0.000000, 0.000000, 0.000000, 0.000000, 0.000000, 0.000000, 0.000000, 0.000000, 0.000000, 0.000000, 0.000000, 0.000000, 0.000000, 0.000000, 0.000000, 0.000000, 0.000000, 0.000000, 0.000000, 0.000000, 0.000000, 0.000000, 0.000000, 0.000000, 0.000000, 0.000000, 0.000000, 0.000000, 0.000000, 0.000000, 0.000000, 0.000000, 
0.000000, 0.000000, 0.000000, 0.000000, 0.000000, 0.000000, 0.000000, 0.000000, 0.000000, 0.000000, 0.000000, 0.000000, 0.000000, 0.000000, 0.000000, 0.000000, 0.000000, 0.000000, 0.000100, 0.000200, 0.000000, 0.000000, 0.000000, 0.000000, 0.000000, 0.000000, 0.000000, 0.000000, 0.000000, 0.000000, 0.000000, 0.000000, 0.000000, 0.000000, 0.000000, 0.000000, 0.000000, 0.000000, 0.000000, 0.000000, 0.000000, 0.000000, 0.000000, 0.000000, 0.000000, 0.000000, 0.000000, 0.000000, 0.000000, 0.000000, 0.000000, 0.000000, 0.000000, 0.000000, 0.000000, 0.000000, 0.000000, 0.000000, 0.000000, 0.000000, 0.000000, 0.000000, 0.000000, 0.000000, 0.000000, 0.000000, 0.000000, 0.000000, 0.000000, 0.000000, 0.000000, 0.000000, 0.000000, 0.000000, 0.000000, 0.000000, 0.000000, 0.000000, 0.000000, 0.000000, 0.000000, 0.000000, 0.000000, 0.000000, 0.000000, 0.000000, 0.000000, 0.000000, 0.000000, 0.000000, 0.000000, 0.000000, 0.000000, 0.000000, 0.000000, 0.000000, 0.000000, 0.000000, 0.000000, 0.000000, 0.000000, 0.000000, 0.000000, 0.000000, 0.000000, 0.000000, 0.000000, 0.000000, 0.000000, 0.000000, 0.000000, 0.000000, 0.000000, 0.000000, 0.000000, 0.000000, 0.000000, 0.000000, 0.000000, 0.000100, 0.000000, 0.000000, 0.000000, 0.000000, 0.000000, 0.000000, 0.000000, 0.000000, 0.000000, 0.000000, 0.000000, 0.000000, 0.000000, 0.000000, 0.000000, 0.000000, 0.000000, 0.000000, 0.000000, 0.000000, 0.000000, 0.000000, 0.000000, 0.000000, 0.000000, 0.000000, 0.000000, 0.000000, 0.000000, 0.000000, 0.000000, 0.000000, 0.000000, 0.000000, 0.000000, 0.000000, 0.000000, 0.000000, 0.000000, 0.000000, 
0.000300, 0.001000, 0.001800, 0.002300, 0.002000, 0.002800, 0.004100, 0.008300, 6.335100, 9.665600, 10.599000, 11.000400, 11.276500, 11.423800, 11.530300, 11.655700, 11.702700, 11.788600, 11.838900, 11.828900, 10.241100, 10.222700, 10.255300, 10.175400, 10.217400, 10.178500, 10.256200, 10.144500, 10.226700, 10.225700, 10.153100, 10.222000, 10.208800, 10.171200, 10.147900, 10.214100, 10.152200, 10.181900, 10.161000, 10.185600, 10.877700, 10.838400, 10.735900, 10.651800, 10.571600, 10.438900, 10.426200, 10.299400, 10.301500, 10.202700, 10.233900, 10.084500, 10.026200, 9.988000, 9.940200, 9.873800, 9.868000, 9.823600, 9.753400, 9.714600, 10.150800, 10.214100, 10.194400, 10.171300, 10.209900, 10.212100, 10.212500, 10.201500, 10.119800, 10.224300, 10.165700, 10.145700, 10.167400, 10.228600, 10.238100, 10.145500, 10.192300, 10.213700, 10.177600, 10.188800, 10.289500, 10.218600, 10.205100, 10.221000, 10.197800, 10.233100, 10.202800, 10.238600, 10.219700, 10.144700, 10.198400, 10.173400, 10.227400, 10.175800, 10.169500, 10.186000, 10.127000, 10.209600, 10.189500, 10.277500, 0.001900, 0.001800, 0.002700, 0.003400, 0.006100, 0.007400, 0.015300, 7.525300, 9.212700, 9.976000, 10.411900, 10.671900, 10.869200, 11.022300, 11.175500, 11.240500, 11.405300, 11.381300, 11.468300, 11.556900, 7.650500, 7.901900, 8.188100, 8.494100, 8.747200, 8.999800, 9.275000, 9.575500, 9.826000, 10.010400, 10.334700, 10.680300, 10.850300, 11.136400, 11.373300, 11.670200, 11.895900, 12.240800, 12.406500, 12.697600, 10.189900, 10.220000, 10.227300, 10.248200, 10.267000, 10.246600, 10.259500, 10.207600, 10.252600, 10.179700, 10.232000, 10.209300, 10.158200, 10.206000, 10.138800, 10.118400, 10.210400, 10.169500, 10.149100, 10.171900, 
11.592400, 11.725800, 11.803700, 11.819900, 11.901800, 11.986700, 12.031000, 12.069100, 12.037400, 12.102200, 12.106500, 12.076600, 12.084700, 12.059300, 12.016000, 12.027600, 10.664800, 8.772700, 7.675300, 6.946100, 12.129100, 12.089900, 12.100700, 12.023000, 12.082800, 12.028900, 12.106300, 12.027200, 12.108300, 12.087200, 12.014600, 12.104600, 12.075500, 12.040000, 12.003300, 12.071900, 11.993800, 12.049500, 12.042900, 12.045800, 12.999600, 12.966300, 12.802700, 12.659800, 12.586200, 12.428500, 12.384300, 12.215500, 12.179800, 12.078800, 12.090800, 11.912900, 11.833500, 11.757100, 11.737600, 11.610500, 11.622100, 11.558800, 11.474500, 11.405000, 12.006600, 12.099000, 12.071600, 12.073400, 12.119600, 12.060400, 12.072800, 12.093100, 11.980100, 12.088100, 12.058700, 12.030200, 12.030500, 12.092200, 12.113000, 11.987200, 12.051800, 12.079700, 12.041700, 12.039800, 12.149000, 12.065700, 12.071600, 12.073300, 12.069700, 12.108600, 12.081500, 12.078500, 12.075600, 12.006600, 12.093900, 12.052500, 12.126400, 12.031800, 12.060900, 12.059100, 12.014500, 12.097300, 12.040000, 12.157100, 12.019300, 12.025400, 12.019500, 11.964700, 12.035300, 12.082900, 12.051700, 12.028700, 12.126200, 12.080900, 12.132000, 12.052700, 12.079600, 12.045800, 12.080800, 12.047900, 12.096400, 12.017600, 12.047400, 12.085800, 9.040600, 9.337500, 9.686300, 10.027200, 10.356100, 10.633200, 10.987500, 11.328800, 11.603500, 11.852000, 12.241200, 12.600200, 12.830500, 13.152600, 13.510100, 13.811000, 14.070700, 14.474500, 14.683000, 15.036100, 12.055400, 12.078000, 12.082000, 12.115600, 12.128400, 12.113300, 12.116700, 12.065400, 12.105200, 12.047600, 12.090300, 12.087400, 12.013500, 12.064500, 12.017900, 11.978900, 12.090000, 12.045600, 12.008700, 12.077700, 
12.108800, 12.086000, 12.065400, 12.000100, 11.986700, 9.774600, 7.933900, 6.942900, 6.319100, 5.924200, 5.658500, 5.400700, 5.346600, 5.255900, 5.178700, 5.129300, 5.102100, 5.053100, 5.050600, 5.006300, 5.826400, 5.790200, 5.762700, 5.749500, 5.786700, 5.745200, 5.774100, 5.776800, 5.779400, 5.799700, 5.724800, 5.784800, 5.756100, 5.759800, 5.732300, 5.771600, 5.734500, 5.785700, 5.782400, 5.757900, 6.560700, 6.496400, 6.390000, 6.253800, 6.212700, 6.094100, 6.034800, 5.904300, 5.865700, 5.805500, 5.786600, 5.657000, 5.610500, 5.528700, 5.538600, 5.442600, 5.423800, 5.391700, 5.336900, 5.270800, 5.722800, 5.807900, 5.791600, 5.804000, 5.815000, 5.765100, 5.760900, 5.788800, 5.742400, 5.773500, 5.759300, 5.783600, 5.750500, 5.781500, 5.777000, 5.719500, 5.736200, 5.786800, 5.739600, 5.734300, 5.776000, 5.729400, 5.725700, 5.744200, 5.753800, 5.778400, 5.785300, 5.748100, 5.774900, 5.708400, 5.770900, 5.772100, 5.818500, 5.766000, 5.811100, 5.805000, 5.764400, 5.793900, 5.753200, 5.854500, 7.196600, 6.944400, 6.628000, 6.468800, 6.346800, 6.192200, 6.026500, 5.953600, 5.901700, 5.802300, 5.771800, 5.659600, 5.657600, 5.565300, 5.545200, 5.487500, 5.479900, 5.390900, 5.367600, 5.376700, 4.296900, 4.452000, 4.616000, 4.760300, 4.945300, 5.077600, 5.229200, 5.429200, 5.508800, 5.653900, 5.870300, 5.985300, 6.131600, 6.286900, 6.511900, 6.600700, 6.736100, 6.920100, 7.044900, 7.241800, 5.698500, 5.756500, 5.731700, 5.766800, 5.743900, 5.762000, 5.754800, 5.729000, 5.766300, 5.743400, 5.786700, 5.767600, 5.745700, 5.771700, 5.769700, 5.786400, 5.813000, 5.816000, 5.819200, 5.872600, 
6.775400, 6.076400, 5.712200, 5.407700, 5.315500, 5.207100, 5.112700, 5.058200, 5.021500, 5.022000, 5.014400, 4.921400, 4.961600, 4.961200, 4.941800, 4.958300, 4.952600, 4.930000, 4.949700, 4.911600, 5.062200, 5.044500, 4.989800, 4.992900, 5.039000, 5.008500, 5.009900, 5.041600, 5.041400, 5.038100, 4.980300, 5.036800, 5.001300, 5.020300, 4.990100, 5.017100, 4.984200, 5.033300, 5.041200, 5.011200, 5.706800, 5.649000, 5.571300, 5.437700, 5.409300, 5.312300, 5.249200, 5.142000, 5.101100, 5.043900, 5.025400, 4.919500, 4.893700, 4.807700, 4.834600, 4.738900, 4.714200, 4.689900, 4.653000, 4.581700, 4.984300, 5.051100, 5.038100, 5.055700, 5.065600, 5.004600, 5.011000, 5.038800, 4.992200, 5.015800, 5.031300, 5.041400, 4.994400, 5.027800, 5.033500, 4.984500, 4.977400, 5.029400, 4.989200, 4.994200, 5.026800, 4.971800, 4.995900, 4.999600, 5.009200, 5.029400, 5.037600, 4.992200, 5.026200, 4.967100, 5.029900, 5.022200, 5.072300, 5.021600, 5.064300, 5.045800, 5.024400, 5.034400, 5.014300, 5.090000, 5.051300, 5.043300, 5.021500, 5.009200, 5.018300, 5.035000, 5.001500, 5.007800, 5.046900, 5.014700, 5.042100, 4.996600, 5.039500, 5.002700, 5.009400, 5.004000, 5.007600, 4.951300, 4.948500, 4.975600, 3.744500, 3.870600, 4.019800, 4.142700, 4.308700, 4.429300, 4.569900, 4.716800, 4.796000, 4.924300, 5.110800, 5.207100, 5.332900, 5.476500, 5.676500, 5.763200, 5.880200, 6.013300, 6.108400, 6.286900, 4.960900, 5.002100, 5.007200, 5.004700, 4.990500, 5.004800, 5.005400, 4.977200, 5.014300, 5.001500, 5.040900, 5.017600, 5.008800, 5.033300, 5.023800, 5.031300, 5.055600, 5.058200, 5.063200, 5.115000, 
5.121700, 5.055300, 5.009800, 4.966500, 4.972400, 4.957600, 4.922700, 4.911600, 4.916700, 4.925500, 4.930900, 4.875000, 4.932100, 4.934700, 4.919500, 4.940700, 4.940800, 4.920300, 4.941100, 4.902900, 4.972500, 4.956200, 4.897700, 4.903800, 4.948000, 4.918500, 4.918400, 4.953300, 4.954400, 4.944300, 4.891200, 4.944200, 4.910700, 4.931100, 4.902200, 4.927500, 4.897300, 4.938200, 4.958600, 4.918900, 5.607500, 5.553200, 5.474500, 5.337700, 5.311300, 5.222200, 5.158800, 5.050700, 5.006500, 4.953400, 4.939900, 4.832400, 4.802700, 4.722600, 4.752900, 4.652500, 4.629300, 4.604100, 4.570300, 4.503300, 4.892400, 4.963400, 4.952900, 4.962100, 4.979600, 4.915200, 4.917800, 4.947700, 4.902300, 4.926000, 4.936400, 4.948500, 4.904300, 4.933400, 4.943600, 4.895000, 4.889700, 4.934600, 4.899200, 4.908200, 4.937000, 4.881600, 4.910200, 4.901900, 4.920900, 4.938200, 4.949400, 4.903600, 4.935600, 4.879800, 4.939000, 4.936100, 4.981300, 4.933400, 4.978100, 4.956400, 4.935700, 4.945100, 4.923700, 4.989200, 4.918700, 4.920400, 4.900200, 4.902000, 4.920200, 4.933200, 4.906300, 4.910100, 4.957000, 4.920800, 4.955700, 4.904800, 4.956200, 4.923900, 4.937700, 4.939300, 4.951400, 4.905400, 4.908500, 4.928100, 3.679300, 3.803300, 3.948700, 4.069400, 4.231000, 4.349200, 4.490400, 4.628100, 4.713900, 4.840700, 5.018900, 5.109400, 5.235700, 5.382500, 5.576600, 5.657400, 5.771900, 5.902500, 5.990300, 6.171200, 4.879900, 4.914000, 4.920400, 4.913700, 4.900800, 4.914900, 4.914100, 4.886000, 4.923300, 4.906900, 4.946000, 4.933100, 4.921300, 4.942400, 4.932900, 4.942000, 4.964100, 4.968000, 4.975700, 5.021700, 
4.918400, 4.903000, 4.906100, 4.883500, 4.905800, 4.924400, 4.898200, 4.891200, 4.898600, 4.911800, 4.921700, 4.871500, 4.929400, 4.929100, 4.914000, 4.934900, 4.935200, 4.915500, 4.937200, 4.902700, 4.961100, 4.943400, 4.885700, 4.891900, 4.935200, 4.906000, 4.906100, 4.941500, 4.942900, 4.930900, 4.879300, 4.931900, 4.901700, 4.919400, 4.890000, 4.914700, 4.883700, 4.924600, 4.946500, 4.906900, 5.594200, 5.539600, 5.461500, 5.324000, 5.296500, 5.208900, 5.146600, 5.039000, 4.995200, 4.942100, 4.928300, 4.821200, 4.791700, 4.710200, 4.740200, 4.642100, 4.617800, 4.593300, 4.557100, 4.493200, 4.882000, 4.951000, 4.941100, 4.950600, 4.968000, 4.905400, 4.902800, 4.937200, 4.891300, 4.913300, 4.924100, 4.937000, 4.893900, 4.922300, 4.932200, 4.883000, 4.877500, 4.920200, 4.887300, 4.893500, 4.926500, 4.868800, 4.899800, 4.891700, 4.906100, 4.926600, 4.938500, 4.890100, 4.924000, 4.866400, 4.926500, 4.925200, 4.969500, 4.921200, 4.966300, 4.944200, 4.923900, 4.931900, 4.910900, 4.977800, 4.899900, 4.900200, 4.881800, 4.886400, 4.903700, 4.920800, 4.893800, 4.895200, 4.944000, 4.908200, 4.944800, 4.895300, 4.945700, 4.914800, 4.931100, 4.931000, 4.941900, 4.898600, 4.901200, 4.924600, 3.671600, 3.795300, 3.940000, 4.059900, 4.222700, 4.338400, 4.481200, 4.617900, 4.702100, 4.829500, 5.006500, 5.095900, 5.221900, 5.369200, 5.563500, 5.641800, 5.758300, 5.887200, 5.976500, 6.155700, 4.867900, 4.903500, 4.908600, 4.898900, 4.888500, 4.901600, 4.903500, 4.874300, 4.910600, 4.895200, 4.933500, 4.923600, 4.911100, 4.930200, 4.921600, 4.930300, 4.951800, 4.956400, 4.963900, 5.009200, 
4.884900, 4.884000, 4.883000, 4.866500, 4.894400, 4.915500, 4.895200, 4.889300, 4.891900, 4.906200, 4.916600, 4.866800, 4.924100, 4.928600, 4.913500, 4.934600, 4.934800, 4.915000, 4.937200, 4.902600, 4.955300, 4.938700, 4.880000, 4.886300, 4.931300, 4.900500, 4.898700, 4.937200, 4.938100, 4.925300, 4.874100, 4.927000, 4.895600, 4.913500, 4.885300, 4.908300, 4.878500, 4.919000, 4.942000, 4.902200, 5.587500, 5.534100, 5.456600, 5.318400, 5.290300, 5.203800, 5.141000, 5.034800, 4.989600, 4.937500, 4.923800, 4.814700, 4.786900, 4.704400, 4.734000, 4.637600, 4.613200, 4.588800, 4.552100, 4.487600, 4.877300, 4.946500, 4.935300, 4.945400, 4.963800, 4.900600, 4.897100, 4.931700, 4.885500, 4.908300, 4.918700, 4.931700, 4.887900, 4.917000, 4.926500, 4.877800, 4.871100, 4.914500, 4.881300, 4.888700, 4.921100, 4.862600, 4.894200, 4.885900, 4.901200, 4.920900, 4.934500, 4.885100, 4.918600, 4.860400, 4.922000, 4.920300, 4.964200, 4.915700, 4.960800, 4.938900, 4.919900, 4.927400, 4.906100, 4.972200, 4.894500, 4.894700, 4.875700, 4.881800, 4.897200, 4.916300, 4.888100, 4.889400, 4.938300, 4.902700, 4.939000, 4.889600, 4.940400, 4.909900, 4.927200, 4.926700, 4.937000, 4.893300, 4.896300, 4.919800, 3.668300, 3.790900, 3.936100, 4.056300, 4.218300, 4.334300, 4.476300, 4.612800, 4.697500, 4.824600, 4.999500, 5.089900, 5.215900, 5.364500, 5.558600, 5.636000, 5.752800, 5.879900, 5.969700, 6.149500, 4.862700, 4.898200, 4.902100, 4.893800, 4.882700, 4.898200, 4.898400, 4.868200, 4.904100, 4.889800, 4.929300, 4.918500, 4.905600, 4.924400, 4.915400, 4.925800, 4.947100, 4.951600, 4.958200, 5.003300, 
4.874000, 4.875800, 4.880900, 4.865100, 4.888300, 4.910100, 4.890500, 4.885000, 4.891900, 4.905500, 4.925000, 4.876800, 4.948400, 4.955800, 4.939800, 4.969300, 4.977500, 4.965600, 4.993000, 4.961200, 4.955200, 4.938900, 4.879900, 4.886400, 4.930700, 4.899900, 4.898500, 4.936900, 4.938300, 4.925300, 4.874000, 4.926800, 4.895200, 4.913900, 4.885500, 4.908300, 4.878500, 4.918900, 4.941800, 4.902000, 5.587400, 5.533800, 5.457400, 5.317800, 5.290500, 5.203500, 5.140600, 5.034600, 4.989600, 4.937800, 4.923700, 4.814200, 4.787100, 4.704200, 4.733700, 4.637700, 4.613200, 4.589100, 4.552300, 4.487400, 4.877200, 4.946200, 4.935400, 4.945600, 4.963700, 4.900800, 4.897300, 4.931600, 4.885300, 4.908300, 4.918200, 4.931900, 4.887600, 4.916500, 4.926600, 4.877800, 4.871400, 4.914600, 4.881600, 4.888500, 4.921100, 4.862800, 4.894300, 4.886400, 4.901300, 4.921000, 4.934700, 4.885100, 4.918700, 4.860100, 4.922000, 4.920400, 4.964100, 4.915700, 4.960800, 4.938800, 4.919500, 4.927500, 4.906500, 4.971700, 4.894300, 4.894600, 4.875200, 4.881600, 4.897700, 4.916200, 4.887800, 4.889600, 4.937700, 4.902600, 4.943000, 4.899200, 4.951500, 4.923700, 4.947200, 4.951900, 4.962200, 4.923100, 4.930200, 4.963400, 3.668700, 3.791300, 3.936300, 4.056900, 4.218300, 4.334600, 4.476400, 4.612700, 4.697500, 4.825000, 4.999500, 5.089400, 5.215900, 5.364300, 5.558900, 5.636300, 5.753000, 5.879900, 5.970500, 6.149400, 4.863000, 4.898300, 4.902100, 4.893900, 4.883200, 4.897900, 4.898400, 4.868000, 4.903900, 4.889400, 4.928800, 4.918900, 4.905400, 4.924400, 4.915900, 4.925800, 4.946800, 4.951400, 4.957900, 5.003100, 
4.930500, 4.940000, 4.961400, 4.952000, 4.996500, 5.046500, 5.021100, 5.047900, 5.071900, 5.092200, 5.130900, 5.078400, 5.178400, 5.195000, 5.178000, 5.233600, 5.236700, 5.257400, 5.295700, 5.264900, 5.157000, 5.135300, 5.080900, 5.073900, 5.129400, 5.089800, 5.083600, 5.124900, 5.135100, 5.116600, 5.069500, 5.114100, 5.096500, 5.109700, 5.081700, 5.095000, 5.070100, 5.116800, 5.127600, 5.084900, 5.806400, 5.741300, 5.662500, 5.531900, 5.500000, 5.408400, 5.340200, 5.237100, 5.177900, 5.125400, 5.113600, 5.008600, 4.979800, 4.889300, 4.917600, 4.819200, 4.795800, 4.777400, 4.726500, 4.664100, 5.089300, 5.151600, 5.143000, 5.151500, 5.169400, 5.107100, 5.097000, 5.125800, 5.082400, 5.094000, 5.110300, 5.118000, 5.080500, 5.099800, 5.115000, 5.062000, 5.059600, 5.094700, 5.058600, 5.063900, 5.063600, 5.003700, 5.046700, 5.045000, 5.065300, 5.092500, 5.106100, 5.069500, 5.106600, 5.051900, 5.125700, 5.122600, 5.164900, 5.122700, 5.177700, 5.161300, 5.143800, 5.159800, 5.144000, 5.214300, 4.985000, 4.998800, 4.989400, 5.000400, 5.046700, 5.066300, 5.037700, 5.060900, 5.117200, 5.097000, 5.145900, 5.114800, 5.164500, 5.152300, 5.187200, 5.196800, 5.224600, 5.201300, 5.205100, 5.252200, 3.820500, 3.941400, 4.086900, 4.209700, 4.384100, 4.508000, 4.655000, 4.795000, 4.882600, 5.008600, 5.185200, 5.288400, 5.426600, 5.573200, 5.774700, 5.858100, 5.984300, 6.095400, 6.208200, 6.387400, 5.059700, 5.089100, 5.097700, 5.093400, 5.072800, 5.097400, 5.090900, 5.053800, 5.102800, 5.078400, 5.125700, 5.112400, 5.098800, 5.114600, 5.113400, 5.121800, 5.146700, 5.147200, 5.157100, 5.196100, 
5.137400, 5.164600, 5.209000, 5.211900, 5.269400, 5.355400, 5.328100, 5.393300, 5.442100, 5.459000, 5.543200, 5.503100, 5.616600, 5.651200, 5.651000, 5.757000, 5.793100, 5.854200, 5.931300, 5.918900, 5.533300, 5.503700, 5.453600, 5.444900, 5.510400, 5.461800, 5.476000, 5.504100, 5.510300, 5.491400, 5.443500, 5.499100, 5.470100, 5.492000, 5.461400, 5.469000, 5.443700, 5.504800, 5.506200, 5.461000, 6.237500, 6.180700, 6.090000, 5.947100, 5.905800, 5.817200, 5.734700, 5.618900, 5.569500, 5.495400, 5.489000, 5.390700, 5.349200, 5.240600, 5.277000, 5.171700, 5.143600, 5.124700, 5.070300, 4.998400, 5.504800, 5.576700, 5.547100, 5.565600, 5.564400, 5.497700, 5.485300, 5.505800, 5.453700, 5.476800, 5.483200, 5.492900, 5.441000, 5.465600, 5.474200, 5.413000, 5.412900, 5.435600, 5.394900, 5.418000, 5.351600, 5.293500, 5.340200, 5.374800, 5.383600, 5.431700, 5.448100, 5.418000, 5.470600, 5.424700, 5.503700, 5.506000, 5.569400, 5.546000, 5.591300, 5.585300, 5.593100, 5.610500, 5.604800, 5.693000, 5.227500, 5.260000, 5.254500, 5.277700, 5.347300, 5.371100, 5.361800, 5.403700, 5.487800, 5.468900, 5.546400, 5.532500, 5.593000, 5.597600, 5.634400, 5.684600, 5.701000, 5.698300, 5.702900, 5.768700, 4.097000, 4.236400, 4.382900, 4.524800, 4.701000, 4.835900, 4.993900, 5.158500, 5.248000, 5.387500, 5.577600, 5.680500, 5.817200, 5.993100, 6.203200, 6.280700, 6.412800, 6.548300, 6.665500, 6.847100, 5.428000, 5.461300, 5.467800, 5.464800, 5.457400, 5.471600, 5.469700, 5.444300, 5.474800, 5.453700, 5.503500, 5.477900, 5.471200, 5.492100, 5.479200, 5.491100, 5.515600, 5.523300, 5.527500, 5.576600, 
5.445700, 5.483700, 5.567400, 5.575000, 5.658900, 5.790400, 5.780900, 5.870900, 5.979900, 6.034500, 6.179100, 6.196900, 6.328800, 6.439200, 6.459500, 6.674100, 6.730200, 6.838600, 7.028500, 7.034000, 6.125000, 6.102700, 6.032300, 6.015200, 6.099200, 6.050800, 6.065000, 6.084100, 6.094700, 6.067600, 6.018600, 6.090200, 6.042100, 6.069600, 6.038500, 6.065500, 6.015800, 6.079900, 6.089900, 6.056000, 6.946500, 6.872800, 6.758600, 6.608400, 6.541700, 6.439800, 6.365600, 6.222400, 6.184200, 6.078400, 6.083700, 5.950600, 5.904700, 5.793100, 5.825600, 5.717400, 5.689300, 5.667300, 5.585600, 5.507700, 6.159300, 6.220500, 6.187200, 6.193000, 6.187500, 6.123700, 6.100300, 6.111400, 6.051700, 6.077400, 6.068700, 6.060800, 5.993300, 6.012000, 6.040700, 5.966900, 5.956100, 5.987100, 5.936200, 5.936300, 5.782900, 5.747300, 5.817600, 5.865400, 5.889700, 5.952600, 5.973400, 5.949700, 6.037100, 5.992500, 6.074200, 6.123400, 6.210700, 6.185900, 6.242000, 6.241700, 6.271500, 6.310900, 6.320200, 6.434300, 5.600500, 5.681600, 5.678400, 5.726000, 5.824500, 5.873600, 5.866800, 5.957900, 6.053300, 6.045300, 6.159500, 6.169800, 6.257000, 6.257000, 6.341600, 6.417700, 6.448500, 6.443000, 6.477800, 6.565300, 4.539000, 4.688000, 4.859100, 5.006200, 5.216600, 5.360300, 5.522300, 5.691400, 5.809500, 5.952200, 6.176800, 6.287200, 6.432400, 6.631500, 6.847600, 6.940200, 7.103100, 7.247500, 7.379800, 7.588800, 6.006000, 6.059800, 6.049200, 6.058100, 6.047900, 6.058700, 6.052400, 6.013100, 6.071000, 6.047100, 6.076000, 6.062000, 6.054600, 6.069000, 6.053600, 6.057700, 6.103300, 6.086400, 6.113000, 6.173200, 
5.921400, 6.022700, 6.141700, 6.183200, 6.340500, 6.557600, 6.595900, 6.768300, 6.956500, 7.088800, 7.302200, 7.378100, 7.581600, 7.778000, 7.837000, 8.123600, 8.235000, 8.417600, 8.625400, 8.619600, 7.217300, 7.158200, 7.111500, 7.099700, 7.177600, 7.107000, 7.108900, 7.148900, 7.164200, 7.139100, 7.081000, 7.152000, 7.093100, 7.114900, 7.097300, 7.116300, 7.071600, 7.149600, 7.142800, 7.107800, 8.202500, 8.137400, 7.965000, 7.794900, 7.703900, 7.558900, 7.490400, 7.335900, 7.254500, 7.163300, 7.152400, 6.991200, 6.908900, 6.792300, 6.836100, 6.696900, 6.662300, 6.647200, 6.541800, 6.441400, 7.363300, 7.404500, 7.368500, 7.338500, 7.329500, 7.255300, 7.206900, 7.203100, 7.112600, 7.177000, 7.142000, 7.092100, 7.000100, 7.033800, 7.028500, 6.938500, 6.935600, 6.939400, 6.879400, 6.863400, 6.595000, 6.584900, 6.667300, 6.737500, 6.812900, 6.879900, 6.938500, 6.969500, 7.048200, 7.061200, 7.164400, 7.229600, 7.332700, 7.332300, 7.436200, 7.456500, 7.498500, 7.571900, 7.621400, 7.788500, 6.375300, 6.517600, 6.541800, 6.598700, 6.758300, 6.828200, 6.829200, 6.960800, 7.093300, 7.097900, 7.259800, 7.290400, 7.407200, 7.413700, 7.544200, 7.639400, 7.671400, 7.665200, 7.755100, 7.894700, 5.330400, 5.549800, 5.734500, 5.888700, 6.134100, 6.323300, 6.476400, 6.702700, 6.839500, 6.990100, 7.279300, 7.379500, 7.569300, 7.820200, 8.025500, 8.165300, 8.340200, 8.516600, 8.678200, 8.895200, 7.056900, 7.093900, 7.099100, 7.137600, 7.091100, 7.123200, 7.126300, 7.089700, 7.110900, 7.121100, 7.127400, 7.120800, 7.108200, 7.137000, 7.107500, 7.110500, 7.165200, 7.143400, 7.164100, 7.235200, 
6.630700, 6.821700, 7.022000, 7.114500, 7.347700, 7.617600, 7.744500, 7.996600, 8.231900, 8.471100, 8.701500, 8.791400, 9.043400, 9.184100, 9.246900, 9.482800, 9.555800, 9.698300, 9.817400, 9.731700, 8.555100, 8.511000, 8.468700, 8.469500, 8.534300, 8.467800, 8.475900, 8.491300, 8.545200, 8.498700, 8.446300, 8.518500, 8.466900, 8.464300, 8.455800, 8.502600, 8.440300, 8.506400, 8.494900, 8.456500, 9.764100, 9.674100, 9.451300, 9.261900, 9.148600, 8.982000, 8.900800, 8.726800, 8.655700, 8.512600, 8.504300, 8.334800, 8.196100, 8.077100, 8.116200, 7.953200, 7.919200, 7.885600, 7.806500, 7.683800, 8.904600, 8.958300, 8.877300, 8.845400, 8.798400, 8.707500, 8.621300, 8.608700, 8.523400, 8.539200, 8.480300, 8.397300, 8.345700, 8.345100, 8.310100, 8.182200, 8.169000, 8.181200, 8.066700, 8.077500, 7.647600, 7.665700, 7.761700, 7.858300, 7.995000, 8.111100, 8.169400, 8.255500, 8.349200, 8.423000, 8.557200, 8.648700, 8.746200, 8.831900, 8.940000, 9.025700, 9.051800, 9.190700, 9.273700, 9.471400, 7.549000, 7.716100, 7.773400, 7.843500, 8.044100, 8.133800, 8.122900, 8.313100, 8.463300, 8.458400, 8.694600, 8.676300, 8.824800, 8.808900, 8.951300, 9.033800, 9.098700, 9.062200, 9.135400, 9.308700, 6.357700, 6.622600, 6.855600, 7.016500, 7.309600, 7.493700, 7.713700, 7.996500, 8.164200, 8.358400, 8.633600, 8.811700, 9.014300, 9.283200, 9.529500, 9.724800, 9.938400, 10.159200, 10.302400, 10.571900, 8.420100, 8.448000, 8.500100, 8.500900, 8.464000, 8.508700, 8.496100, 8.493500, 8.457900, 8.467500, 8.488800, 8.479600, 8.473800, 8.469900, 8.479000, 8.467800, 8.510500, 8.500100, 8.532000, 8.573600, 
7.584200, 7.854800, 8.126400, 8.234800, 8.516700, 8.850900, 8.986100, 9.240500, 9.451300, 9.652800, 9.814500, 9.889300, 10.034600, 10.076400, 10.072500, 10.206400, 10.188900, 10.259500, 10.321600, 10.204300, 9.741100, 9.672300, 9.625900, 9.615800, 9.656500, 9.606500, 9.633800, 9.649800, 9.716600, 9.649300, 9.561000, 9.661000, 9.624900, 9.616500, 9.624200, 9.655600, 9.578700, 9.645900, 9.663400, 9.629500, 11.020400, 10.956700, 10.703400, 10.503900, 10.394400, 10.183300, 10.144500, 9.906700, 9.817000, 9.650300, 9.662000, 9.476100, 9.343800, 9.182700, 9.201300, 9.038400, 9.040300, 8.954800, 8.874800, 8.753400, 10.217100, 10.238600, 10.122900, 10.071300, 10.070700, 9.892200, 9.822500, 9.816800, 9.717100, 9.674700, 9.605300, 9.530400, 9.449400, 9.426100, 9.399400, 9.274600, 9.226000, 9.206200, 9.111100, 9.124300, 8.542300, 8.574300, 8.696900, 8.830500, 8.999300, 9.152000, 9.240200, 9.325700, 9.415600, 9.539400, 9.724900, 9.835300, 9.999900, 10.072700, 10.195400, 10.335700, 10.355800, 10.549200, 10.660400, 10.888500, 8.838900, 9.000100, 9.050900, 9.120800, 9.332100, 9.379000, 9.341200, 9.535500, 9.657500, 9.615400, 9.824500, 9.776300, 9.910700, 9.890700, 9.980400, 10.060900, 10.123200, 10.040000, 10.085300, 10.244300, 7.227800, 7.501700, 7.768200, 7.973700, 8.326000, 8.517800, 8.772600, 9.074800, 9.260100, 9.506400, 9.789900, 10.042200, 10.213000, 10.483500, 10.809900, 11.048400, 11.287900, 11.535600, 11.675400, 11.968100, 9.576800, 9.602500, 9.668600, 9.645400, 9.624900, 9.685000, 9.664900, 9.633900, 9.601200, 9.586000, 9.636200, 9.660100, 9.638600, 9.637400, 9.626000, 9.596100, 9.638600, 9.647800, 9.648400, 9.712100, 
8.666200, 8.923200, 9.222800, 9.296300, 9.536500, 9.787800, 9.849100, 10.038300, 10.133900, 10.229000, 10.353200, 10.358300, 10.442800, 10.400900, 10.409400, 10.464900, 10.461300, 10.493200, 10.545600, 10.436700, 10.314800, 10.250700, 10.201000, 10.163100, 10.223700, 10.188800, 10.184400, 10.233400, 10.310800, 10.230200, 10.151200, 10.285400, 10.199600, 10.173900, 10.196400, 10.229200, 10.143900, 10.153300, 10.237900, 10.210800, 11.658900, 11.566700, 11.318700, 11.131400, 11.024800, 10.762400, 10.722900, 10.504100, 10.423100, 10.233100, 10.218500, 10.018800, 9.881300, 9.717500, 9.782400, 9.580700, 9.582000, 9.501900, 9.392600, 9.274700, 10.926100, 10.903700, 10.779500, 10.710500, 10.742700, 10.498800, 10.444200, 10.371100, 10.278200, 10.259600, 10.202400, 10.103600, 10.006700, 9.940900, 9.957500, 9.791600, 9.722800, 9.723700, 9.578900, 9.580000, 8.970700, 9.030900, 9.185100, 9.305900, 9.490700, 9.663700, 9.786300, 9.874000, 9.991700, 10.086500, 10.271600, 10.397500, 10.587500, 10.703600, 10.830800, 10.981000, 11.037600, 11.234200, 11.322900, 11.571300, 9.711400, 9.820600, 9.843700, 9.879400, 10.041100, 10.083800, 10.016400, 10.183100, 10.261900, 10.184700, 10.353800, 10.347500, 10.414000, 10.371900, 10.450500, 10.511300, 10.541100, 10.471000, 10.488000, 10.588200, 7.662000, 7.932800, 8.242600, 8.488400, 8.834200, 9.024900, 9.318700, 9.624700, 9.840600, 10.069500, 10.358200, 10.634600, 10.808700, 11.141000, 11.440600, 11.662900, 11.938200, 12.211600, 12.347300, 12.663200, 10.176700, 10.205200, 10.249800, 10.237000, 10.236400, 10.247500, 10.236100, 10.218700, 10.197200, 10.187600, 10.219200, 10.232500, 10.199600, 10.213500, 10.207400, 10.148700, 10.240300, 10.239200, 10.191400, 10.301300, 
9.528900, 9.736000, 9.961400, 9.930400, 10.089000, 10.248800, 10.219100, 10.339100, 10.381600, 10.434400, 10.556800, 10.509800, 10.569000, 10.554200, 10.538200, 10.604600, 10.577100, 10.608400, 10.684600, 10.582400, 10.498300, 10.444100, 10.382500, 10.352700, 10.433800, 10.403900, 10.382400, 10.397700, 10.509400, 10.426700, 10.362800, 10.479400, 10.369400, 10.340700, 10.378000, 10.434500, 10.351100, 10.365300, 10.429900, 10.409800, 11.891100, 11.771500, 11.541100, 11.336200, 11.229300, 10.975200, 10.895400, 10.700500, 10.618000, 10.414700, 10.425100, 10.194000, 10.077200, 9.904800, 9.972700, 9.758100, 9.771400, 9.689700, 9.564900, 9.470600, 11.230500, 11.164600, 11.064000, 10.976300, 10.976200, 10.776700, 10.665100, 10.586100, 10.486600, 10.507500, 10.391100, 10.262600, 10.187200, 10.101700, 10.116700, 9.922200, 9.856100, 9.881600, 9.723600, 9.674200, 9.131200, 9.201900, 9.358200, 9.471600, 9.676200, 9.862200, 9.978000, 10.081100, 10.185500, 10.316400, 10.482200, 10.621500, 10.815700, 10.926900, 11.038800, 11.148600, 11.258500, 11.435200, 11.542800, 11.783200, 10.078900, 10.157500, 10.147200, 10.131900, 10.317500, 10.310800, 10.275200, 10.358500, 10.467900, 10.406200, 10.562900, 10.529100, 10.576600, 10.536600, 10.586100, 10.600600, 10.655700, 10.585900, 10.632400, 10.697600, 7.801500, 8.088400, 8.400700, 8.651800, 8.984000, 9.196800, 9.478200, 9.791900, 10.054200, 10.249800, 10.569600, 10.798200, 11.011400, 11.310900, 11.641800, 11.887300, 12.148200, 12.420000, 12.575900, 12.886000, 10.369300, 10.438800, 10.446400, 10.411300, 10.448300, 10.401800, 10.436100, 10.400800, 10.375100, 10.392200, 10.412500, 10.415500, 10.422500, 10.408800, 10.412300, 10.345600, 10.418800, 10.410600, 10.406200, 10.475800, 
10.026700, 10.126000, 10.257700, 10.187500, 10.232400, 10.398300, 10.307500, 10.423200, 10.427100, 10.490900, 10.574000, 10.578600, 10.643400, 10.624800, 10.622700, 10.679000, 10.668500, 10.712900, 10.799500, 10.711900, 10.541700, 10.536200, 10.439700, 10.451400, 10.485800, 10.467200, 10.458100, 10.468600, 10.564000, 10.494000, 10.423100, 10.527400, 10.452600, 10.408400, 10.451400, 10.488800, 10.410200, 10.438000, 10.484900, 10.481400, 11.986700, 11.883000, 11.628300, 11.427800, 11.275400, 11.055400, 10.988300, 10.763300, 10.670200, 10.491500, 10.473100, 10.252500, 10.125900, 9.969100, 10.014800, 9.832200, 9.839700, 9.713300, 9.636400, 9.530800, 11.352500, 11.303700, 11.183800, 11.091200, 11.099600, 10.884100, 10.774100, 10.671300, 10.562200, 10.569900, 10.455700, 10.327100, 10.217200, 10.146000, 10.137700, 9.949700, 9.890700, 9.935000, 9.709900, 9.698300, 9.201400, 9.241300, 9.412900, 9.528300, 9.736100, 9.911700, 10.020700, 10.146700, 10.270800, 10.362800, 10.567700, 10.681600, 10.871300, 10.964000, 11.097800, 11.184800, 11.316700, 11.474800, 11.622100, 11.814700, 10.143800, 10.252600, 10.244000, 10.230000, 10.383400, 10.370200, 10.340000, 10.415600, 10.527900, 10.493600, 10.608800, 10.563500, 10.614900, 10.588800, 10.597400, 10.656700, 10.689700, 10.622200, 10.686500, 10.763800, 7.853700, 8.134900, 8.425800, 8.730900, 9.035300, 9.261700, 9.566600, 9.843100, 10.112100, 10.305000, 10.637700, 10.845300, 11.081000, 11.345200, 11.729200, 11.984200, 12.217300, 12.487100, 12.641000, 12.975100, 10.428200, 10.507400, 10.512100, 10.487600, 10.498000, 10.472600, 10.494100, 10.468600, 10.434700, 10.433000, 10.486200, 10.459800, 10.450600, 10.485100, 10.498900, 10.406600, 10.474900, 10.469500, 10.472800, 10.540500, 
10.190100, 10.208100, 10.283000, 10.207100, 10.266500, 10.400600, 10.328000, 10.423000, 10.418800, 10.511700, 10.584700, 10.586500, 10.699100, 10.692200, 10.660600, 10.771600, 10.749200, 10.792400, 10.886000, 10.818200, 10.569700, 10.542600, 10.495000, 10.471000, 10.505600, 10.507900, 10.485200, 10.522300, 10.555300, 10.534700, 10.454100, 10.561800, 10.503600, 10.471400, 10.475800, 10.543000, 10.429000, 10.452500, 10.504800, 10.525100, 12.050200, 11.964700, 11.676500, 11.444200, 11.323800, 11.099700, 11.029700, 10.794600, 10.686800, 10.527500, 10.511100, 10.263700, 10.164700, 9.995700, 10.037300, 9.877100, 9.835400, 9.761100, 9.632800, 9.558800, 11.418500, 11.372200, 11.255100, 11.160300, 11.151100, 10.919300, 10.844000, 10.738200, 10.588800, 10.597500, 10.495600, 10.332900, 10.221600, 10.180200, 10.140500, 9.936500, 9.876300, 9.894200, 9.694000, 9.656700, 9.239500, 9.268900, 9.457500, 9.566300, 9.766800, 9.963000, 10.045600, 10.209300, 10.275400, 10.369600, 10.592000, 10.703600, 10.888000, 10.994800, 11.122200, 11.228100, 11.344900, 11.519100, 11.629200, 11.837300, 10.200400, 10.248900, 10.243300, 10.281200, 10.389400, 10.402800, 10.369900, 10.432900, 10.551200, 10.518000, 10.643100, 10.599900, 10.633900, 10.618300, 10.625800, 10.697900, 10.749400, 10.686500, 10.721400, 10.783900, 7.879000, 8.168900, 8.465700, 8.741600, 9.065000, 9.304900, 9.584100, 9.863100, 10.141400, 10.353600, 10.653800, 10.866200, 11.096700, 11.402100, 11.763700, 12.042800, 12.223000, 12.528400, 12.677300, 13.002400, 10.462000, 10.519300, 10.551400, 10.520900, 10.521600, 10.520200, 10.549600, 10.492900, 10.463600, 10.475300, 10.534600, 10.493100, 10.484200, 10.510500, 10.510000, 10.446700, 10.534600, 10.499300, 10.490100, 10.575700, 
10.125700, 10.200400, 10.247800, 10.167400, 10.238400, 10.351500, 10.344500, 10.440600, 10.461200, 10.536200, 10.645100, 10.649200, 10.778100, 10.794300, 10.780600, 10.870300, 10.875600, 10.939900, 11.007200, 11.001400, 10.621600, 10.584100, 10.541400, 10.511400, 10.557500, 10.532600, 10.528200, 10.562000, 10.589000, 10.585700, 10.507400, 10.609500, 10.549600, 10.506900, 10.531300, 10.578200, 10.494700, 10.491900, 10.569200, 10.560400, 12.138300, 11.999200, 11.767700, 11.493200, 11.392800, 11.169700, 11.079500, 10.850200, 10.723300, 10.585500, 10.539400, 10.328100, 10.207700, 10.045000, 10.085600, 9.901700, 9.863500, 9.790100, 9.661000, 9.590400, 11.532300, 11.466400, 11.338800, 11.242300, 11.208600, 10.994400, 10.922900, 10.775400, 10.634200, 10.653600, 10.522000, 10.368000, 10.273300, 10.203300, 10.147800, 9.957400, 9.889600, 9.885600, 9.713100, 9.653600, 9.260200, 9.315500, 9.473100, 9.618200, 9.797200, 10.001100, 10.094000, 10.234700, 10.315300, 10.410700, 10.630100, 10.757300, 10.954900, 11.048600, 11.173000, 11.291900, 11.360200, 11.578600, 11.702200, 11.924000, 10.255300, 10.274400, 10.285000, 10.287500, 10.413600, 10.422100, 10.403500, 10.446800, 10.603400, 10.527400, 10.652300, 10.638900, 10.692500, 10.672400, 10.691800, 10.756800, 10.805200, 10.737700, 10.794200, 10.864800, 7.924800, 8.209400, 8.516700, 8.763900, 9.096100, 9.348700, 9.628900, 9.912500, 10.180300, 10.389300, 10.714000, 10.927400, 11.136900, 11.452300, 11.798800, 12.069800, 12.262100, 12.568600, 12.727200, 13.033700, 10.494600, 10.573200, 10.582800, 10.555400, 10.565600, 10.574000, 10.580900, 10.559800, 10.520400, 10.518100, 10.569000, 10.549800, 10.541700, 10.551700, 10.543200, 10.491800, 10.611300, 10.514900, 10.548200, 10.621000, 
10.026500, 10.135000, 10.196000, 10.150000, 10.211500, 10.384200, 10.379300, 10.496900, 10.523600, 10.618800, 10.739400, 10.784600, 10.909700, 10.973700, 10.975000, 11.057500, 11.105400, 11.198900, 11.279000, 11.295600, 10.746700, 10.690300, 10.647200, 10.608500, 10.655900, 10.640700, 10.624700, 10.673900, 10.712300, 10.648800, 10.593500, 10.689800, 10.636400, 10.589200, 10.628300, 10.669700, 10.589500, 10.581000, 10.655500, 10.667900, 12.271400, 12.128000, 11.893400, 11.610300, 11.508900, 11.278400, 11.181700, 10.961900, 10.825700, 10.683600, 10.677800, 10.416600, 10.308400, 10.146300, 10.178200, 9.981500, 9.968100, 9.852200, 9.750500, 9.683500, 11.698400, 11.639000, 11.485700, 11.389900, 11.357300, 11.129700, 11.039200, 10.872800, 10.733700, 10.755900, 10.624700, 10.453400, 10.363800, 10.262400, 10.243400, 10.035800, 9.968300, 9.939400, 9.785400, 9.710200, 9.316400, 9.372300, 9.559800, 9.677500, 9.859600, 10.075400, 10.173000, 10.328200, 10.408100, 10.506500, 10.720900, 10.855800, 11.062400, 11.153400, 11.280300, 11.425200, 11.489100, 11.720400, 11.869200, 12.088800, 10.308800, 10.317900, 10.325400, 10.353200, 10.470700, 10.469500, 10.491800, 10.538800, 10.694000, 10.631300, 10.751300, 10.759300, 10.812600, 10.793200, 10.818700, 10.918400, 10.953500, 10.902900, 10.969700, 11.025200, 8.004900, 8.319100, 8.603500, 8.836000, 9.177200, 9.436700, 9.721000, 10.015000, 10.270300, 10.479900, 10.802700, 11.024100, 11.238700, 11.567700, 11.914500, 12.170900, 12.391000, 12.712500, 12.854800, 13.140200, 10.604200, 10.653700, 10.675600, 10.659200, 10.666300, 10.642100, 10.681200, 10.669400, 10.631600, 10.616600, 10.649800, 10.660200, 10.626700, 10.642400, 10.663500, 10.578600, 10.698400, 10.617900, 10.637800, 10.711700, 
10.001000, 10.128400, 10.203100, 10.188000, 10.290500, 10.464700, 10.495300, 10.614600, 10.676500, 10.802200, 10.972000, 11.017400, 11.198200, 11.276400, 11.329000, 11.438300, 11.501900, 11.640300, 11.751800, 11.816300, 10.948000, 10.900900, 10.875500, 10.831000, 10.848100, 10.854500, 10.824500, 10.853900, 10.912100, 10.866900, 10.794400, 10.907800, 10.860100, 10.786500, 10.826100, 10.856200, 10.790300, 10.766800, 10.862600, 10.875000, 12.518600, 12.386000, 12.143900, 11.822500, 11.731200, 11.497400, 11.398800, 11.153800, 11.026200, 10.855100, 10.877600, 10.594800, 10.514000, 10.336200, 10.366500, 10.166800, 10.148200, 10.034600, 9.899400, 9.844800, 12.012400, 11.897200, 11.757900, 11.642000, 11.607400, 11.386300, 11.256000, 11.103000, 10.961900, 10.948900, 10.824900, 10.648700, 10.549400, 10.443100, 10.417700, 10.209800, 10.121300, 10.114600, 9.925900, 9.831300, 9.436800, 9.502500, 9.687200, 9.821800, 10.000500, 10.227300, 10.331400, 10.487700, 10.582800, 10.710600, 10.927000, 11.085700, 11.287800, 11.378900, 11.527800, 11.676000, 11.770300, 11.993500, 12.153300, 12.400700, 10.386800, 10.411500, 10.435500, 10.497700, 10.609600, 10.606700, 10.655100, 10.725500, 10.880300, 10.842000, 10.977400, 10.980300, 11.040400, 11.032600, 11.068400, 11.181300, 11.247300, 11.177300, 11.281200, 11.337900, 8.168200, 8.479300, 8.776100, 9.009800, 9.345000, 9.618800, 9.907300, 10.180100, 10.443100, 10.683900, 11.005000, 11.226700, 11.461700, 11.797300, 12.142100, 12.373000, 12.626700, 12.940000, 13.104800, 13.406800, 10.746700, 10.855000, 10.871400, 10.878200, 10.880100, 10.831500, 10.866900, 10.862200, 10.826200, 10.810100, 10.840300, 10.846900, 10.831700, 10.848700, 10.863100, 10.786200, 10.859200, 10.811300, 10.854500, 10.906300, 
10.039800, 10.184100, 10.291600, 10.325500, 10.438900, 10.671500, 10.717400, 10.872500, 10.965000, 11.147800, 11.333400, 11.415800, 11.633900, 11.779900, 11.837300, 12.020300, 12.120800, 12.292600, 12.480000, 12.543500, 11.283100, 11.250300, 11.225000, 11.174200, 11.194800, 11.201300, 11.166400, 11.193800, 11.262800, 11.228600, 11.142900, 11.269000, 11.184900, 11.141800, 11.176800, 11.191500, 11.126600, 11.124700, 11.198100, 11.196700, 12.973500, 12.803200, 12.538600, 12.238500, 12.117900, 11.891600, 11.798200, 11.525200, 11.385500, 11.208500, 11.194700, 10.928600, 10.828200, 10.656200, 10.681500, 10.487100, 10.449900, 10.350000, 10.192800, 10.137100, 12.448200, 12.347800, 12.184500, 12.060100, 11.993100, 11.795600, 11.629000, 11.496900, 11.339000, 11.301300, 11.146700, 10.990700, 10.868600, 10.752400, 10.716700, 10.516100, 10.419700, 10.381600, 10.200500, 10.103800, 9.627300, 9.720300, 9.901300, 10.048400, 10.254800, 10.506500, 10.617400, 10.790300, 10.907700, 11.055600, 11.286000, 11.456200, 11.673100, 11.798200, 11.955300, 12.119500, 12.232900, 12.474400, 12.634200, 12.911200, 10.566000, 10.603700, 10.673700, 10.757800, 10.885700, 10.903600, 10.944900, 11.015900, 11.219000, 11.171800, 11.342200, 11.342500, 11.426900, 11.446100, 11.484800, 11.586600, 11.689900, 11.640700, 11.728000, 11.818600, 8.420600, 8.748700, 9.058400, 9.314700, 9.655900, 9.941800, 10.237800, 10.515200, 10.779700, 11.007100, 11.364500, 11.592100, 11.818500, 12.161800, 12.522400, 12.727800, 12.996800, 13.348200, 13.523000, 13.831600, 10.903400, 11.035300, 11.228500, 11.231500, 11.223600, 11.183500, 11.232700, 11.217700, 11.164200, 11.176000, 11.183000, 11.191300, 11.179600, 11.204300, 11.197300, 11.117400, 11.222900, 11.178900, 11.206900, 11.264200, 
10.179200, 10.322400, 10.480400, 10.554000, 10.719300, 10.984500, 11.073800, 11.273700, 11.410200, 11.622300, 11.891400, 12.008800, 12.286100, 12.465100, 12.523700, 12.786700, 12.918400, 13.113200, 13.367100, 13.411400, 11.785000, 11.771000, 11.725300, 11.669800, 11.701600, 11.723100, 11.676700, 11.703900, 11.795800, 11.758200, 11.651600, 11.778000, 11.698900, 11.680500, 11.698200, 11.702900, 11.619900, 11.632000, 11.711300, 11.701000, 13.609100, 13.406700, 13.118900, 12.844100, 12.692200, 12.431100, 12.351000, 12.062000, 11.912000, 11.740300, 11.710300, 11.449500, 11.319400, 11.135100, 11.157400, 10.953000, 10.890800, 10.794500, 10.641900, 10.585300, 13.107600, 13.004900, 12.797400, 12.667800, 12.581200, 12.375500, 12.189500, 12.023800, 11.852400, 11.821700, 11.651000, 11.465100, 11.342000, 11.207400, 11.168200, 10.965000, 10.858200, 10.809100, 10.611600, 10.502800, 9.926700, 10.025700, 10.241600, 10.432900, 10.659800, 10.930600, 11.036100, 11.262600, 11.371500, 11.581500, 11.824600, 12.004700, 12.256100, 12.405200, 12.595500, 12.771900, 12.903100, 13.225800, 13.373300, 13.686200, 10.890200, 10.962900, 11.040600, 11.140900, 11.282600, 11.308900, 11.368500, 11.504300, 11.717700, 11.657800, 11.873400, 11.908600, 12.000000, 12.017600, 12.065600, 12.183700, 12.305000, 12.279800, 12.374700, 12.508400, 8.816200, 9.166600, 9.470700, 9.738700, 10.106300, 10.395200, 10.704600, 11.015300, 11.290800, 11.508200, 11.863900, 12.114500, 12.349400, 12.724900, 13.065700, 13.313000, 13.600100, 13.953800, 14.137500, 14.458800, 11.036300, 11.217200, 11.457800, 11.742700, 11.747200, 11.731900, 11.744900, 11.733400, 11.679200, 11.698400, 11.694100, 11.695800, 11.702300, 11.711500, 11.694500, 11.610200, 11.751600, 11.684000, 11.703100, 11.767900, 
10.379800, 10.590600, 10.792900, 10.894300, 11.109700, 11.444600, 11.572800, 11.835500, 12.003700, 12.301700, 12.591600, 12.741900, 13.069800, 13.265200, 13.385000, 13.664000, 13.804500, 14.040300, 14.282500, 14.375000, 12.452800, 12.430300, 12.404400, 12.335800, 12.359100, 12.399500, 12.341000, 12.366400, 12.449900, 12.431600, 12.333000, 12.475800, 12.370000, 12.336700, 12.340500, 12.383500, 12.298000, 12.319600, 12.384700, 12.364800, 14.434100, 14.211100, 13.861400, 13.614800, 13.443300, 13.151900, 13.055900, 12.735200, 12.599400, 12.402900, 12.397500, 12.129800, 11.955600, 11.744800, 11.776800, 11.536600, 11.515800, 11.407500, 11.224900, 11.163900, 13.913700, 13.830000, 13.602400, 13.459200, 13.336800, 13.095000, 12.917900, 12.739500, 12.554500, 12.544600, 12.318300, 12.091000, 11.951900, 11.823800, 11.742500, 11.554100, 11.436100, 11.374900, 11.171500, 11.020800, 10.324100, 10.442800, 10.699800, 10.916100, 11.145400, 11.443300, 11.573100, 11.826200, 12.005500, 12.240200, 12.484800, 12.699800, 13.019400, 13.177800, 13.404400, 13.628300, 13.787800, 14.127000, 14.320300, 14.692000, 11.414400, 11.493200, 11.594600, 11.675000, 11.832900, 11.903900, 11.980300, 12.122800, 12.379100, 12.324500, 12.559100, 12.630000, 12.731600, 12.749200, 12.805800, 12.956500, 13.072500, 13.032500, 13.181700, 13.320800, 9.324200, 9.684600, 10.018200, 10.314600, 10.678900, 10.980800, 11.301000, 11.652300, 11.948100, 12.184900, 12.543800, 12.823000, 13.056100, 13.456200, 13.851300, 14.071200, 14.381900, 14.761300, 14.923300, 15.261400, 11.176900, 11.372600, 11.658200, 12.038000, 12.379800, 12.393600, 12.395900, 12.417600, 12.358700, 12.372000, 12.364700, 12.361000, 12.355400, 12.363200, 12.333800, 12.286000, 12.404700, 12.344500, 12.383200, 12.427400, 
10.714200, 10.981000, 11.227800, 11.380300, 11.642400, 12.027600, 12.208800, 12.527300, 12.711200, 13.057700, 13.409200, 13.558000, 13.879100, 14.100200, 14.228700, 14.526800, 14.690100, 14.940000, 15.110200, 15.240700, 13.199800, 13.198000, 13.148600, 13.111100, 13.129900, 13.132000, 13.112700, 13.130100, 13.220400, 13.199600, 13.082300, 13.233000, 13.129600, 13.100700, 13.116900, 13.160900, 13.037900, 13.093900, 13.125100, 13.128100, 15.350800, 15.111600, 14.751500, 14.483100, 14.252700, 13.998600, 13.861500, 13.533900, 13.398400, 13.173700, 13.162500, 12.867300, 12.676500, 12.462200, 12.480300, 12.241400, 12.204300, 12.109700, 11.902500, 11.850000, 14.882700, 14.783700, 14.523800, 14.366900, 14.209500, 13.957200, 13.783900, 13.543500, 13.366300, 13.331600, 13.057300, 12.833200, 12.667200, 12.521600, 12.436200, 12.222300, 12.117500, 12.031900, 11.795500, 11.626800, 10.779300, 10.919900, 11.219400, 11.474600, 11.725300, 12.051100, 12.223800, 12.497300, 12.719100, 12.982300, 13.269100, 13.531900, 13.886100, 14.063500, 14.350100, 14.589500, 14.794900, 15.163700, 15.419300, 15.847300, 12.033500, 12.184800, 12.264500, 12.358300, 12.563400, 12.651400, 12.732800, 12.886300, 13.118300, 13.090400, 13.344400, 13.426600, 13.502900, 13.557000, 13.622400, 13.751000, 13.927600, 13.897500, 14.007100, 14.162900, 9.922500, 10.308300, 10.673200, 10.964500, 11.340900, 11.676600, 12.001500, 12.357100, 12.705900, 12.927800, 13.314200, 13.619100, 13.856100, 14.303400, 14.719000, 14.976100, 15.262500, 15.675900, 15.839500, 16.176000, 11.320000, 11.531600, 11.826000, 12.289200, 12.698000, 13.177300, 13.183700, 13.182700, 13.120300, 13.129000, 13.114700, 13.107400, 13.105000, 13.105700, 13.102800, 13.075500, 13.168600, 13.102700, 13.129200, 13.170100, 
11.146700, 11.459100, 11.743100, 11.929400, 12.266600, 12.702300, 12.876600, 13.285300, 13.477400, 13.799400, 14.200300, 14.344200, 14.674200, 14.880700, 15.000400, 15.297200, 15.446900, 15.698000, 15.907900, 15.941500, 13.954300, 13.974900, 13.914600, 13.871300, 13.891100, 13.881100, 13.892700, 13.892000, 13.962100, 13.964200, 13.871700, 14.001100, 13.910400, 13.861800, 13.875300, 13.936500, 13.835200, 13.872400, 13.912100, 13.892900, 16.263200, 16.013100, 15.633700, 15.356200, 15.117100, 14.813400, 14.695100, 14.342700, 14.165400, 13.932200, 13.939100, 13.609100, 13.393700, 13.198000, 13.184800, 12.942100, 12.898500, 12.800800, 12.563800, 12.511400, 15.875700, 15.716900, 15.460300, 15.272200, 15.111100, 14.840400, 14.627800, 14.368400, 14.146100, 14.107300, 13.851700, 13.584500, 13.402400, 13.247000, 13.124400, 12.878100, 12.780400, 12.653300, 12.420300, 12.262900, 11.262600, 11.430900, 11.733500, 12.036100, 12.328000, 12.671300, 12.878200, 13.182900, 13.442100, 13.747400, 14.053300, 14.373600, 14.730300, 14.952900, 15.288600, 15.561900, 15.775400, 16.229800, 16.512000, 16.970800, 12.710900, 12.894400, 13.012100, 13.087400, 13.284100, 13.400700, 13.484800, 13.636600, 13.884500, 13.867600, 14.122500, 14.245900, 14.285900, 14.319000, 14.391100, 14.505100, 14.722300, 14.675900, 14.831300, 14.969200, 10.539500, 10.904400, 11.304800, 11.619500, 12.035800, 12.344700, 12.698800, 13.081800, 13.479000, 13.724100, 14.108000, 14.447600, 14.683400, 15.112300, 15.559200, 15.850500, 16.181000, 16.549200, 16.746500, 17.098400, 11.457400, 11.691200, 12.010300, 12.499600, 12.968800, 13.525900, 13.946900, 13.930800, 13.903100, 13.895300, 13.900200, 13.865100, 13.858000, 13.865800, 13.883500, 13.820900, 13.944900, 13.884500, 13.908500, 13.957900, 
11.654500, 12.019400, 12.350200, 12.564200, 12.927500, 13.415700, 13.569500, 13.999900, 14.182600, 14.510200, 14.867600, 15.037800, 15.358300, 15.577600, 15.693400, 15.938000, 16.057500, 16.299300, 16.482600, 16.522700, 14.640900, 14.676800, 14.632800, 14.578500, 14.592200, 14.582000, 14.588800, 14.597400, 14.660300, 14.677400, 14.586100, 14.693900, 14.567500, 14.570600, 14.573400, 14.642100, 14.519100, 14.552700, 14.609400, 14.591600, 17.041600, 16.819900, 16.405700, 16.109700, 15.889000, 15.577300, 15.443600, 15.084900, 14.876400, 14.670500, 14.646400, 14.303000, 14.067900, 13.876500, 13.841200, 13.588900, 13.513100, 13.437200, 13.195300, 13.143900, 16.772000, 16.608200, 16.289000, 16.089000, 15.956700, 15.632600, 15.394900, 15.117100, 14.866800, 14.817400, 14.549900, 14.249900, 14.045300, 13.872100, 13.751600, 13.464900, 13.372000, 13.190700, 13.006900, 12.806700, 11.702900, 11.891400, 12.206200, 12.516800, 12.875800, 13.251200, 13.464500, 13.832600, 14.102300, 14.404200, 14.766600, 15.104000, 15.479300, 15.753300, 16.126100, 16.417200, 16.672000, 17.209600, 17.485600, 17.989500, 13.391300, 13.579100, 13.724800, 13.750300, 13.971500, 14.090200, 14.191100, 14.340300, 14.592200, 14.575300, 14.820100, 14.938200, 14.993600, 15.011100, 15.072100, 15.171300, 15.413300, 15.355300, 15.501500, 15.647600, 11.070600, 11.451700, 11.869100, 12.225600, 12.652700, 12.979100, 13.369000, 13.734100, 14.160300, 14.383000, 14.817100, 15.198900, 15.407300, 15.870000, 16.299000, 16.639000, 16.946200, 17.370700, 17.539300, 17.966300, 11.593200, 11.846400, 12.207900, 12.726000, 13.203000, 13.826600, 14.318800, 14.649000, 14.634900, 14.634500, 14.583700, 14.566000, 14.549500, 14.572400, 14.568600, 14.527600, 14.656600, 14.567100, 14.566700, 14.629600, 
12.200800, 12.598100, 12.932600, 13.152500, 13.548200, 14.035100, 14.230300, 14.609900, 14.815400, 15.117500, 15.427700, 15.623200, 15.877500, 16.082700, 16.208500, 16.444300, 16.610200, 16.817700, 17.012500, 16.985100, 15.240700, 15.277100, 15.202100, 15.176100, 15.174300, 15.172700, 15.167700, 15.162300, 15.294500, 15.274400, 15.185000, 15.251100, 15.130500, 15.150700, 15.188200, 15.241700, 15.129500, 15.146600, 15.229500, 15.167700, 17.703500, 17.472700, 17.083200, 16.763000, 16.521800, 16.195800, 16.072400, 15.671000, 15.481600, 15.257700, 15.244400, 14.879900, 14.650600, 14.444700, 14.389200, 14.115200, 14.050000, 13.952000, 13.725500, 13.670900, 17.537700, 17.381700, 17.047600, 16.807000, 16.649000, 16.291300, 16.047000, 15.752400, 15.475000, 15.435600, 15.112100, 14.801600, 14.600300, 14.397100, 14.280900, 14.022700, 13.830800, 13.651000, 13.440300, 13.242300, 12.060400, 12.286400, 12.620900, 12.941900, 13.312100, 13.692400, 13.974700, 14.340700, 14.634700, 14.957200, 15.358700, 15.737000, 16.129400, 16.411300, 16.805900, 17.141400, 17.426700, 17.965200, 18.297300, 18.859200, 14.019600, 14.164100, 14.302300, 14.369900, 14.579000, 14.713200, 14.772400, 14.931700, 15.189500, 15.141200, 15.420900, 15.508100, 15.575900, 15.560500, 15.646200, 15.754300, 15.955700, 15.894400, 16.039400, 16.179600, 11.520800, 11.911100, 12.370700, 12.708200, 13.168100, 13.488400, 13.919400, 14.273400, 14.702400, 14.966300, 15.416500, 15.808400, 16.017100, 16.466800, 16.925400, 17.278300, 17.607900, 18.069400, 18.223100, 18.658700, 11.733500, 12.010000, 12.401200, 12.953800, 13.488500, 14.091200, 14.631600, 15.005500, 15.223700, 15.230500, 15.193900, 15.152100, 15.132000, 15.172400, 15.148400, 15.098300, 15.239500, 15.166300, 15.149100, 15.211300, 
12.731700, 13.123100, 13.501800, 13.680200, 14.100200, 14.585500, 14.756300, 15.136900, 15.305400, 15.590700, 15.908800, 16.073500, 16.319100, 16.518300, 16.632600, 16.855000, 17.037100, 17.207900, 17.420400, 17.405300, 15.698900, 15.751400, 15.674000, 15.663300, 15.659800, 15.667800, 15.620700, 15.598300, 15.767200, 15.692800, 15.619800, 15.744000, 15.614500, 15.610000, 15.688700, 15.709400, 15.608600, 15.656400, 15.666200, 15.648300, 18.275200, 18.013800, 17.609100, 17.293900, 17.063800, 16.691800, 16.555700, 16.144000, 15.962300, 15.750100, 15.709800, 15.341500, 15.091400, 14.908900, 14.828600, 14.553200, 14.492400, 14.394300, 14.144500, 14.090100, 18.211400, 18.016000, 17.661100, 17.345900, 17.198800, 16.820800, 16.597200, 16.257600, 15.969800, 15.892300, 15.596300, 15.242300, 15.051400, 14.804700, 14.666100, 14.400000, 14.211500, 14.054900, 13.809800, 13.587000, 12.351700, 12.634300, 12.946700, 13.298900, 13.694700, 14.065300, 14.371200, 14.740700, 15.098100, 15.433600, 15.840500, 16.242900, 16.653100, 16.925400, 17.375800, 17.729100, 17.999400, 18.579200, 18.934000, 19.469000, 14.549400, 14.662300, 14.818600, 14.871100, 15.070100, 15.209600, 15.285800, 15.415600, 15.675100, 15.615600, 15.900500, 15.974500, 16.045300, 16.027000, 16.066100, 16.218100, 16.406500, 16.367500, 16.485000, 16.596100, 11.888600, 12.287700, 12.774700, 13.123900, 13.597700, 13.917200, 14.394400, 14.719700, 15.127300, 15.419400, 15.918500, 16.295400, 16.539300, 16.978500, 17.456300, 17.820400, 18.131300, 18.617100, 18.785800, 19.214500, 11.875200, 12.174800, 12.607900, 13.189100, 13.734000, 14.405300, 14.902100, 15.316800, 15.560700, 15.718100, 15.681900, 15.631000, 15.616700, 15.660600, 15.581600, 15.568400, 15.737000, 15.620600, 15.621800, 15.719200, 
13.084100, 13.469500, 13.843800, 14.102200, 14.486800, 14.901600, 15.156500, 15.471000, 15.614300, 15.943300, 16.216800, 16.398100, 16.618900, 16.830000, 17.035400, 17.123800, 17.399300, 17.549900, 17.711900, 17.808500, 16.044400, 16.071200, 16.040200, 16.022600, 16.027600, 16.019800, 16.003800, 15.977400, 16.150100, 16.077700, 16.021200, 16.165600, 16.018600, 16.034100, 16.073000, 16.125100, 16.028800, 16.025300, 16.060800, 16.054700, 18.703900, 18.463000, 18.029600, 17.702700, 17.489700, 17.112500, 16.952500, 16.555400, 16.359800, 16.111700, 16.084500, 15.736300, 15.457400, 15.280000, 15.191600, 14.937100, 14.829100, 14.726100, 14.481700, 14.436700, 18.707800, 18.526500, 18.127300, 17.810200, 17.631600, 17.278100, 17.012100, 16.690100, 16.388400, 16.279200, 15.984700, 15.604800, 15.404200, 15.143900, 14.987200, 14.714200, 14.561700, 14.350200, 14.119100, 13.903000, 12.614000, 12.902500, 13.223300, 13.591800, 14.009400, 14.407900, 14.691600, 15.095300, 15.473000, 15.809200, 16.233600, 16.637300, 17.079600, 17.342500, 17.823200, 18.189400, 18.503900, 19.098900, 19.438000, 19.997900, 14.975400, 14.984300, 15.189900, 15.247800, 15.393200, 15.559800, 15.677700, 15.747000, 15.997300, 15.999800, 16.249100, 16.272200, 16.377900, 16.400700, 16.385500, 16.505700, 16.719200, 16.730400, 16.873300, 16.934400, 12.183000, 12.611300, 13.088100, 13.447100, 13.947900, 14.253000, 14.763200, 15.080500, 15.503000, 15.778200, 16.309800, 16.694700, 16.925200, 17.410400, 17.897400, 18.254600, 18.548000, 19.073600, 19.263800, 19.663600, 12.015100, 12.348700, 12.802900, 13.424400, 14.010900, 14.674800, 15.236800, 15.584800, 15.864300, 16.018600, 16.020700, 16.028200, 15.992500, 16.018200, 15.960800, 15.932600, 16.091700, 16.011400, 15.980200, 16.094200, 
13.295400, 13.705100, 14.064000, 14.302800, 14.711700, 15.160600, 15.381400, 15.737500, 15.849200, 16.205300, 16.472900, 16.668300, 16.869900, 17.144100, 17.297400, 17.437900, 17.674900, 17.814400, 18.072600, 18.087500, 16.188100, 16.226100, 16.213400, 16.209700, 16.227700, 16.235000, 16.221900, 16.199200, 16.379600, 16.311500, 16.268000, 16.416100, 16.269800, 16.310900, 16.339100, 16.426300, 16.331600, 16.355800, 16.412900, 16.402200, 18.976300, 18.729800, 18.305000, 17.980600, 17.753700, 17.371600, 17.201800, 16.809100, 16.611700, 16.359000, 16.327100, 15.963100, 15.681900, 15.493400, 15.409200, 15.150000, 15.029900, 14.923500, 14.686100, 14.629100, 19.007200, 18.810000, 18.407400, 18.089900, 17.893400, 17.533600, 17.275700, 16.932800, 16.626900, 16.526900, 16.211300, 15.836200, 15.635300, 15.366200, 15.204500, 14.933700, 14.780100, 14.549700, 14.320600, 14.101300, 12.777200, 13.073400, 13.400200, 13.774200, 14.202700, 14.613700, 14.898300, 15.306000, 15.704400, 16.039600, 16.473900, 16.890500, 17.344700, 17.610900, 18.088400, 18.484500, 18.794500, 19.412300, 19.753400, 20.320600, 15.203800, 15.264500, 15.436400, 15.473700, 15.668600, 15.812700, 15.909800, 15.997200, 16.307800, 16.237800, 16.486100, 16.563700, 16.663500, 16.658800, 16.624900, 16.808300, 17.019600, 16.985000, 17.112400, 17.195100, 12.367900, 12.792500, 13.290100, 13.651200, 14.160200, 14.462200, 14.979800, 15.323700, 15.739100, 16.010500, 16.558000, 16.944500, 17.171100, 17.673000, 18.154300, 18.521900, 18.809400, 19.360100, 19.544500, 19.946700, 12.161900, 12.521500, 13.017300, 13.665100, 14.269900, 14.987500, 15.533500, 15.896600, 16.118700, 16.312000, 16.301300, 16.352400, 16.311900, 16.357200, 16.273000, 16.260500, 16.400700, 16.315000, 16.303700, 16.393500, 
13.479000, 13.914100, 14.301800, 14.531600, 14.920800, 15.401100, 15.649300, 15.972000, 16.135400, 16.448500, 16.766200, 16.908800, 17.179200, 17.408300, 17.593700, 17.728600, 17.938300, 18.155300, 18.351100, 18.384300, 16.358300, 16.403400, 16.413400, 16.409600, 16.433100, 16.447200, 16.450400, 16.423600, 16.615900, 16.564600, 16.543200, 16.717900, 16.598000, 16.623300, 16.653900, 16.721300, 16.619000, 16.637700, 16.707900, 16.716000, 19.259400, 19.019800, 18.596800, 18.262600, 18.022400, 17.641800, 17.475800, 17.084100, 16.879300, 16.637300, 16.598800, 16.227600, 15.950400, 15.767000, 15.672100, 15.413800, 15.288300, 15.190100, 14.944700, 14.885800, 19.330900, 19.141400, 18.726400, 18.403000, 18.195900, 17.826000, 17.558300, 17.219100, 16.896200, 16.801900, 16.484500, 16.095100, 15.904600, 15.625400, 15.443800, 15.172300, 15.014600, 14.776200, 14.542100, 14.328100, 12.956100, 13.262800, 13.601500, 13.981600, 14.418100, 14.828300, 15.131400, 15.551500, 15.957400, 16.311600, 16.744900, 17.175900, 17.653400, 17.922000, 18.416600, 18.803000, 19.141800, 19.762000, 20.116900, 20.709000, 15.475500, 15.515800, 15.673000, 15.746800, 15.928700, 16.050600, 16.184200, 16.276700, 16.551500, 16.494600, 16.775500, 16.831300, 16.905000, 16.916300, 16.931600, 17.082600, 17.261700, 17.241300, 17.395000, 17.491900, 12.579300, 13.014100, 13.515500, 13.893700, 14.396100, 14.710500, 15.224000, 15.588300, 16.001300, 16.288400, 16.841700, 17.225100, 17.456100, 17.956700, 18.448300, 18.820500, 19.122800, 19.670600, 19.863400, 20.281900, 12.312300, 12.695900, 13.229300, 13.917000, 14.550000, 15.276100, 15.841400, 16.181900, 16.419300, 16.561400, 16.577600, 16.626400, 16.625400, 16.627600, 16.611100, 16.582800, 16.710000, 16.609800, 16.634200, 16.704100, 
13.679300, 14.110500, 14.501400, 14.765000, 15.175200, 15.624500, 15.898700, 16.243100, 16.381500, 16.728700, 17.009400, 17.205300, 17.426800, 17.696200, 17.877800, 18.007400, 18.262100, 18.426500, 18.655900, 18.716500, 16.531100, 16.586500, 16.614000, 16.611600, 16.646600, 16.673500, 16.686900, 16.682300, 16.889000, 16.840200, 16.793700, 16.974400, 16.861500, 16.904800, 16.947700, 17.047800, 16.945100, 16.952500, 17.006800, 17.008800, 19.573200, 19.329800, 18.915100, 18.577900, 18.325900, 17.939800, 17.774500, 17.366400, 17.162400, 16.905400, 16.861600, 16.486300, 16.190500, 16.003700, 15.904900, 15.630000, 15.504200, 15.390800, 15.147600, 15.088500, 19.647800, 19.454900, 19.038100, 18.711100, 18.496200, 18.130000, 17.851000, 17.505600, 17.173500, 17.078800, 16.754100, 16.352800, 16.165800, 15.877600, 15.690500, 15.417500, 15.255700, 15.012700, 14.772400, 14.556300, 13.135200, 13.443900, 13.802000, 14.192000, 14.628900, 15.050000, 15.365400, 15.796400, 16.216900, 16.576500, 17.023200, 17.477500, 17.963700, 18.230100, 18.731100, 19.131900, 19.471800, 20.112000, 20.490000, 21.087400, 15.723900, 15.745300, 15.952800, 15.999400, 16.164600, 16.326300, 16.449800, 16.522600, 16.808700, 16.764900, 17.033300, 17.079600, 17.192400, 17.205400, 17.182400, 17.325200, 17.544600, 17.544200, 17.657100, 17.744100, 12.783700, 13.229900, 13.738200, 14.121900, 14.640200, 14.956200, 15.461500, 15.840900, 16.267100, 16.556500, 17.113800, 17.503600, 17.728000, 18.243800, 18.745100, 19.127400, 19.442400, 19.992200, 20.172700, 20.595900, 12.468200, 12.884000, 13.450100, 14.170600, 14.817000, 15.570400, 16.122300, 16.491300, 16.703600, 16.867700, 16.822800, 16.898000, 16.887900, 16.968300, 16.929300, 16.885600, 17.031400, 16.936300, 16.926100, 17.029500, 
13.872900, 14.322200, 14.740900, 14.985000, 15.398300, 15.885200, 16.127500, 16.500200, 16.641400, 16.969300, 17.282200, 17.465900, 17.708200, 17.964100, 18.152500, 18.308500, 18.532000, 18.731700, 18.950300, 19.000900, 16.715200, 16.777400, 16.821800, 16.812400, 16.858700, 16.911100, 16.942100, 16.930300, 17.127000, 17.082100, 17.061600, 17.247200, 17.158700, 17.176800, 17.209700, 17.326400, 17.241900, 17.268000, 17.324100, 17.304100, 19.865200, 19.635300, 19.210500, 18.865200, 18.603000, 18.209100, 18.044300, 17.632800, 17.407300, 17.156200, 17.099600, 16.734600, 16.434400, 16.244100, 16.139600, 15.870500, 15.736900, 15.620400, 15.375300, 15.318200, 19.947600, 19.748100, 19.328000, 19.004800, 18.771500, 18.400600, 18.123100, 17.762100, 17.430400, 17.331800, 16.998300, 16.584200, 16.395500, 16.112400, 15.911400, 15.631900, 15.470200, 15.234100, 14.986700, 14.764100, 13.293000, 13.613900, 13.977000, 14.376500, 14.831100, 15.262400, 15.582900, 16.024600, 16.454200, 16.824600, 17.281200, 17.733700, 18.243100, 18.515400, 19.033200, 19.438300, 19.786300, 20.438800, 20.827000, 21.435400, 15.969700, 16.006400, 16.190400, 16.249900, 16.437800, 16.574600, 16.689900, 16.801000, 17.070400, 17.005500, 17.310200, 17.358900, 17.450200, 17.447800, 17.450900, 17.600600, 17.812900, 17.803400, 17.922700, 18.043600, 12.975600, 13.422000, 13.944200, 14.336800, 14.858900, 15.177800, 15.692800, 16.072000, 16.505400, 16.796100, 17.376800, 17.779800, 17.998800, 18.520700, 19.021800, 19.408300, 19.724900, 20.284900, 20.471400, 20.889400, 15.237300, 13.077100, 13.683500, 14.427800, 15.104000, 15.849400, 16.424900, 16.770600, 16.985600, 17.111900, 17.098100, 17.120800, 17.122100, 17.228100, 17.287300, 17.244300, 17.376500, 17.337600, 17.288000, 17.427400, 
14.062800, 14.518000, 14.957400, 15.227100, 15.638500, 16.116000, 16.375300, 16.741300, 16.891400, 17.239300, 17.525100, 17.738900, 17.966700, 18.246100, 18.436900, 18.569200, 18.838800, 19.002300, 19.239200, 19.317500, 16.887900, 16.976400, 17.021900, 17.025100, 17.088900, 17.148500, 17.165200, 17.160100, 17.387200, 17.349000, 17.327100, 17.498000, 17.412700, 17.463900, 17.507500, 17.592500, 17.508600, 17.557800, 17.609700, 17.609400, 20.172800, 19.936700, 19.518000, 19.174700, 18.886500, 18.511800, 18.331100, 17.916000, 17.692100, 17.423600, 17.368300, 16.999700, 16.678300, 16.486600, 16.372200, 16.094900, 15.945100, 15.821200, 15.568500, 15.512600, 20.274900, 20.064400, 19.648800, 19.309600, 19.076900, 18.693600, 18.418800, 18.044300, 17.712900, 17.604900, 17.255600, 16.845600, 16.651100, 16.358900, 16.153800, 15.871800, 15.703000, 15.458200, 15.222600, 14.986000, 13.470400, 13.800500, 14.163200, 14.584400, 15.051000, 15.484800, 15.814400, 16.263700, 16.704700, 17.088300, 17.553100, 18.010200, 18.544700, 18.814100, 19.350400, 19.772600, 20.124600, 20.788700, 21.201400, 21.813300, 16.225000, 16.248100, 16.441900, 16.500100, 16.666200, 16.824500, 16.954500, 17.033000, 17.327400, 17.269400, 17.566800, 17.601100, 17.716100, 17.723100, 17.713500, 17.840700, 18.079900, 18.085400, 18.187700, 18.301500, 13.181100, 13.630300, 14.162700, 14.565100, 15.105600, 15.411400, 15.936700, 16.332100, 16.760900, 17.059900, 17.653400, 18.078700, 18.279700, 18.812600, 19.324000, 19.718400, 20.031700, 20.589900, 20.791300, 21.208300, 21.425100, 15.971900, 13.918800, 14.701000, 15.388000, 16.153500, 16.711100, 17.073300, 17.255800, 17.391300, 17.335400, 17.370600, 17.350200, 17.458000, 17.547500, 17.675100, 17.828100, 17.784800, 17.705400, 17.865200, 
14.269800, 14.733200, 15.167200, 15.433200, 15.868400, 16.354600, 16.588000, 16.985000, 17.128300, 17.488700, 17.783700, 17.984900, 18.233900, 18.512600, 18.699500, 18.860000, 19.092200, 19.296200, 19.518000, 19.594400, 17.071100, 17.177700, 17.226600, 17.234900, 17.313400, 17.368600, 17.394900, 17.402100, 17.639700, 17.579500, 17.586700, 17.770300, 17.674800, 17.708100, 17.780900, 17.889700, 17.776700, 17.817900, 17.886900, 17.901800, 20.481300, 20.248800, 19.811000, 19.462500, 19.160800, 18.774300, 18.589200, 18.178800, 17.936300, 17.656600, 17.600500, 17.228100, 16.911300, 16.707400, 16.599100, 16.314100, 16.159300, 16.044600, 15.781100, 15.733200, 20.568400, 20.359600, 19.933300, 19.584900, 19.346600, 18.955900, 18.664800, 18.292100, 17.961200, 17.850100, 17.502900, 17.077000, 16.881800, 16.581100, 16.378200, 16.087400, 15.911800, 15.663900, 15.429100, 15.183500, 13.628300, 13.963100, 14.339200, 14.765900, 15.245900, 15.682800, 16.013300, 16.479500, 16.936800, 17.329100, 17.799900, 18.266900, 18.808800, 19.091400, 19.636800, 20.071100, 20.415600, 21.101900, 21.527800, 22.150200, 16.469100, 16.501900, 16.678600, 16.740300, 16.927700, 17.058900, 17.187400, 17.283500, 17.594100, 17.501100, 17.818000, 17.873600, 17.956000, 17.969200, 17.960200, 18.109600, 18.338200, 18.329000, 18.437800, 18.577000, 13.372500, 13.812900, 14.366500, 14.771500, 15.314000, 15.629200, 16.153000, 16.560800, 16.997200, 17.304600, 17.893700, 18.327100, 18.532500, 19.075400, 19.583200, 19.994000, 20.316600, 20.878300, 21.079100, 21.498300, 23.862800, 22.603400, 16.992000, 14.983700, 15.708200, 16.454500, 17.001400, 17.348400, 17.533500, 17.642300, 17.589600, 17.597300, 17.603700, 17.683700, 17.782200, 17.952700, 18.329800, 18.302200, 18.222200, 18.362500, 
14.464600, 14.927100, 15.376200, 15.658400, 16.095900, 16.577600, 16.837800, 17.227000, 17.378900, 17.740500, 18.027300, 18.242700, 18.477800, 18.791400, 18.948600, 19.116800, 19.372300, 19.554100, 19.792600, 19.892100, 17.260100, 17.374700, 17.428800, 17.442100, 17.519300, 17.582400, 17.627300, 17.637100, 17.870400, 17.840900, 17.835600, 18.011500, 17.940400, 17.987100, 18.028300, 18.155700, 18.042300, 18.073100, 18.164200, 18.182600, 20.789000, 20.548300, 20.098100, 19.762700, 19.446700, 19.049700, 18.866500, 18.442200, 18.197800, 17.907900, 17.849800, 17.468700, 17.146100, 16.939600, 16.820300, 16.515800, 16.361100, 16.241100, 15.969700, 15.918900, 20.888900, 20.666800, 20.229300, 19.879400, 19.636500, 19.223900, 18.937500, 18.561400, 18.216300, 18.100500, 17.752000, 17.323700, 17.123100, 16.809900, 16.612300, 16.324700, 16.137200, 15.881700, 15.652100, 15.398300, 13.793300, 14.138500, 14.525200, 14.953600, 15.445200, 15.887200, 16.234800, 16.709400, 17.177900, 17.586900, 18.052000, 18.545500, 19.096900, 19.381000, 19.943000, 20.381300, 20.745800, 21.438200, 21.881600, 22.524300, 16.704100, 16.724600, 16.917000, 16.980900, 17.147600, 17.302900, 17.434300, 17.516900, 17.843100, 17.757800, 18.065300, 18.106200, 18.203800, 18.228800, 18.213600, 18.342800, 18.597000, 18.600400, 18.703900, 18.825300, 13.574600, 14.014900, 14.568000, 14.980200, 15.539300, 15.855700, 16.386900, 16.805700, 17.247100, 17.561800, 18.155000, 18.606000, 18.803000, 19.359600, 19.875800, 20.278400, 20.611000, 21.182100, 21.381000, 21.792000, 26.136300, 25.390300, 24.084200, 18.228600, 15.995100, 16.776700, 17.302100, 17.642600, 17.787900, 17.885100, 17.827600, 17.833600, 17.825200, 17.931400, 18.022700, 18.206100, 18.640900, 18.846500, 18.787300, 18.936900, 
14.661400, 15.130500, 15.583200, 15.859700, 16.320100, 16.809400, 17.051900, 17.457600, 17.622500, 17.973800, 18.271800, 18.481200, 18.739000, 19.039600, 19.203900, 19.379700, 19.625000, 19.856500, 20.063900, 20.166600, 17.441700, 17.568500, 17.645200, 17.657200, 17.736300, 17.811600, 17.844600, 17.866900, 18.113700, 18.073900, 18.078800, 18.272900, 18.179800, 18.240400, 18.294300, 18.394500, 18.319300, 18.328100, 18.426400, 18.451800, 21.087300, 20.846800, 20.374800, 20.046700, 19.725300, 19.305100, 19.122500, 18.689200, 18.448500, 18.142800, 18.087400, 17.689500, 17.359200, 17.153200, 17.042500, 16.736200, 16.566300, 16.449800, 16.171900, 16.122000, 21.175300, 20.943500, 20.500700, 20.142500, 19.894500, 19.482900, 19.189100, 18.812500, 18.447700, 18.338900, 17.992000, 17.541500, 17.338000, 17.025900, 16.816400, 16.527900, 16.332100, 16.080300, 15.853200, 15.595700, 13.941600, 14.295200, 14.693000, 15.120400, 15.615700, 16.083500, 16.433300, 16.922100, 17.391800, 17.817100, 18.278600, 18.788700, 19.356100, 19.652300, 20.217700, 20.663000, 21.041800, 21.732100, 22.189200, 22.862900, 16.920300, 16.962400, 17.145300, 17.211200, 17.399500, 17.538700, 17.664300, 17.749600, 18.083300, 17.989800, 18.308200, 18.349900, 18.441900, 18.458700, 18.458500, 18.598800, 18.837800, 18.839000, 18.941600, 19.100500, 13.754900, 14.202900, 14.758600, 15.185600, 15.732700, 16.058100, 16.598400, 17.014900, 17.479900, 17.791700, 18.384400, 18.841400, 19.044900, 19.613800, 20.120100, 20.535800, 20.867700, 21.440900, 21.658100, 22.079700, 28.572500, 27.919600, 27.169100, 25.838400, 20.719200, 17.066000, 17.603600, 17.912800, 18.054900, 18.118200, 18.072900, 18.061800, 18.071500, 18.147500, 18.281300, 18.451300, 18.916200, 19.152000, 19.376000, 19.523100, 
14.856300, 15.324500, 15.792700, 16.072900, 16.535500, 17.012400, 17.277400, 17.682900, 17.845600, 18.220700, 18.506700, 18.739200, 18.974000, 19.300100, 19.447200, 19.635600, 19.897600, 20.117700, 20.357800, 20.454100, 17.622500, 17.763100, 17.858500, 17.860300, 17.955400, 18.031700, 18.068100, 18.096800, 18.339600, 18.326800, 18.307900, 18.513800, 18.433000, 18.458700, 18.563100, 18.654200, 18.558200, 18.596400, 18.686600, 18.720000, 21.387200, 21.141900, 20.654600, 20.328400, 20.005500, 19.578200, 19.380400, 18.954600, 18.701500, 18.391000, 18.327200, 17.933900, 17.585800, 17.387300, 17.257400, 16.947500, 16.761600, 16.638800, 16.359700, 16.302400, 21.469800, 21.240700, 20.792000, 20.427700, 20.171800, 19.758600, 19.447700, 19.079100, 18.694900, 18.578900, 18.224100, 17.774200, 17.566400, 17.259200, 17.046400, 16.736800, 16.541500, 16.297000, 16.060400, 15.796800, 14.105800, 14.457700, 14.860200, 15.300800, 15.804500, 16.278100, 16.642000, 17.150000, 17.627000, 18.066700, 18.524700, 19.049700, 19.626300, 19.930400, 20.507900, 20.964200, 21.359500, 22.070100, 22.523900, 23.221100, 17.148900, 17.173300, 17.383500, 17.438500, 17.615400, 17.774200, 17.896100, 17.956700, 18.317000, 18.222800, 18.545800, 18.574500, 18.689800, 18.719600, 18.703100, 18.838300, 19.074600, 19.103900, 19.192800, 19.341800, 13.949600, 14.400300, 14.964500, 15.392600, 15.948100, 16.278400, 16.829900, 17.247400, 17.714100, 18.024600, 18.626200, 19.095200, 19.305700, 19.891400, 20.394700, 20.813100, 21.144200, 21.732200, 21.953500, 22.373600, 31.108100, 30.494800, 29.815000, 29.052300, 27.670300, 22.000200, 17.882500, 18.210200, 18.307700, 18.367100, 18.302600, 18.294000, 18.276700, 18.392200, 18.514600, 18.718900, 19.178600, 19.422400, 19.698000, 20.116100, 
15.063900, 15.525600, 15.990600, 16.269900, 16.745000, 17.226900, 17.491400, 17.918800, 18.086900, 18.453800, 18.752900, 18.976400, 19.230000, 19.538600, 19.722800, 19.907200, 20.149100, 20.411100, 20.637300, 20.746700, 17.801000, 17.953500, 18.051400, 18.068500, 18.167900, 18.245600, 18.297500, 18.319900, 18.585300, 18.557900, 18.549500, 18.749400, 18.679000, 18.731000, 18.808900, 18.922300, 18.798900, 18.862800, 18.963000, 18.981300, 21.680900, 21.436800, 20.936000, 20.602700, 20.265800, 19.832200, 19.624700, 19.207200, 18.940500, 18.622200, 18.553900, 18.160100, 17.807800, 17.587700, 17.471200, 17.167800, 16.971400, 16.848400, 16.584200, 16.505300, 21.758400, 21.510200, 21.051500, 20.686300, 20.438800, 20.012100, 19.694900, 19.320100, 18.932300, 18.819900, 18.450200, 17.986000, 17.788500, 17.466100, 17.253200, 16.934400, 16.744500, 16.494600, 16.249000, 15.987200, 14.240900, 14.605600, 15.015200, 15.472600, 15.972700, 16.460400, 16.841100, 17.347800, 17.837600, 18.281600, 18.749200, 19.292900, 19.872200, 20.203100, 20.791600, 21.247000, 21.648700, 22.388700, 22.841700, 23.561400, 17.352800, 17.391700, 17.609300, 17.661500, 17.846300, 18.000200, 18.115300, 18.202600, 18.547900, 18.455800, 18.782900, 18.824600, 18.925100, 18.950500, 18.956300, 19.101000, 19.321900, 19.352300, 19.443900, 19.612100, 14.128400, 14.577600, 15.147900, 15.578800, 16.155100, 16.475600, 17.046800, 17.462600, 17.939800, 18.253300, 18.864800, 19.326600, 19.540900, 20.151400, 20.647400, 21.070400, 21.416000, 22.001100, 22.214500, 22.651800, 33.681200, 33.069300, 32.430800, 31.726300, 30.838900, 29.129100, 22.972100, 18.484900, 18.579600, 18.607800, 18.547100, 18.507400, 18.502500, 18.611400, 18.787700, 18.951700, 19.466700, 19.691500, 19.987700, 20.466800, 
15.253300, 15.718600, 16.186800, 16.485200, 16.953400, 17.430900, 17.712800, 18.143400, 18.309700, 18.691700, 18.980100, 19.232700, 19.475800, 19.806500, 19.980500, 20.175000, 20.450200, 21.961500, 27.261000, 31.136100, 17.982000, 18.146200, 18.235000, 18.282900, 18.367900, 18.475200, 18.508900, 18.561600, 18.804700, 18.806200, 18.776800, 19.004200, 18.915900, 18.982500, 19.061400, 19.179700, 19.069200, 23.608700, 28.797800, 30.891800, 21.972900, 21.731600, 21.220100, 20.886900, 20.539300, 20.100000, 19.889900, 19.475600, 19.188600, 18.868500, 18.794200, 18.397600, 18.033500, 17.801900, 17.686000, 17.369000, 17.154000, 17.042300, 16.765700, 16.683200, 22.059200, 21.802500, 21.341300, 20.970400, 20.713200, 20.280300, 19.952800, 19.565600, 19.187700, 19.074700, 18.691300, 18.217600, 18.011400, 17.698600, 17.489900, 17.159400, 16.969800, 16.699600, 16.449800, 16.194900, 14.391500, 14.771400, 15.182300, 15.643200, 16.162400, 16.654900, 17.048900, 17.571700, 18.073700, 18.522800, 18.995300, 19.548400, 20.137000, 20.489700, 21.094400, 21.562600, 21.963500, 22.707900, 23.192000, 23.905100, 17.573900, 17.603700, 17.824300, 17.873200, 18.065100, 18.232200, 18.348400, 18.415500, 18.787700, 18.705300, 19.021500, 19.065700, 19.178800, 19.202500, 19.207600, 19.340000, 19.585700, 19.610000, 19.706300, 19.870700, 14.317800, 14.775100, 15.352000, 15.784700, 16.366100, 16.699600, 17.265300, 17.688600, 18.184400, 18.492200, 19.097900, 19.586300, 19.788000, 20.410700, 20.917300, 21.351500, 21.702700, 22.291000, 22.497400, 22.955400, 36.144400, 35.541200, 34.871600, 34.224300, 33.416100, 32.229900, 30.295000, 23.762800, 18.843600, 18.869400, 18.767400, 18.743100, 18.706100, 18.851500, 19.010500, 19.217200, 19.716500, 19.999700, 20.264000, 20.760300, 
15.444000, 15.923200, 16.384600, 16.676700, 17.167700, 17.655700, 17.922800, 18.374800, 18.543000, 18.911200, 19.231000, 19.463000, 19.746900, 20.360200, 25.148200, 29.694700, 32.522100, 34.428600, 35.784600, 36.876300, 18.155400, 18.332300, 18.437300, 18.488600, 18.577100, 18.686600, 18.730000, 18.780000, 19.045400, 19.037100, 19.022400, 19.240900, 19.167500, 20.185100, 26.555100, 30.134900, 31.619100, 32.611900, 33.354500, 33.929800, 22.268000, 22.031000, 21.502300, 21.156800, 20.807700, 20.361400, 20.134200, 19.722600, 19.420200, 19.100800, 19.025900, 18.630200, 18.259800, 18.033400, 17.906400, 17.584700, 17.373400, 17.252700, 16.988700, 16.898000, 22.344400, 22.078400, 21.600500, 21.236800, 20.974500, 20.534000, 20.206400, 19.803700, 19.424800, 19.314700, 18.921800, 18.442100, 18.226600, 17.925000, 17.703100, 17.364200, 17.171900, 16.904800, 16.644600, 16.395100, 14.536100, 14.920200, 15.343700, 15.823700, 16.340600, 16.836600, 17.244400, 17.786800, 18.296200, 18.751500, 19.240300, 19.794600, 20.395400, 20.767000, 21.381200, 21.858800, 22.277900, 23.025500, 23.523200, 24.257800, 17.783300, 17.831400, 18.036600, 18.083800, 18.292300, 18.456100, 18.579800, 18.649600, 19.021000, 18.926600, 19.263400, 19.326800, 19.420300, 19.440000, 19.462300, 19.612900, 19.885700, 20.760600, 23.100700, 25.674900, 14.500200, 14.949800, 15.539100, 15.984300, 16.571100, 16.895300, 17.477600, 17.895300, 18.407200, 18.724500, 19.339300, 19.828400, 20.032600, 20.651600, 21.170200, 21.607500, 21.970000, 22.567000, 22.774900, 23.242300, 38.398500, 37.873100, 37.177700, 36.540100, 35.765300, 34.659100, 33.264700, 31.159800, 24.240300, 19.099700, 19.004800, 18.960700, 18.944300, 19.068000, 19.256800, 19.460600, 19.999800, 20.270200, 20.569600, 21.060700, 
15.634600, 16.112400, 16.591300, 16.875600, 17.380700, 17.874500, 18.154300, 18.603000, 18.765700, 19.155000, 20.046100, 25.493800, 29.789800, 32.400600, 34.057200, 35.343000, 36.627300, 37.816100, 38.832100, 39.817100, 18.336400, 18.520500, 18.636600, 18.687100, 18.785500, 18.905700, 18.955400, 19.006700, 19.280700, 19.290400, 19.934700, 26.119900, 29.829000, 31.838800, 33.002400, 33.832700, 34.291300, 34.874000, 35.394200, 35.850800, 22.568200, 22.318700, 21.785400, 21.450800, 21.081100, 20.617500, 20.400000, 19.987100, 19.673500, 19.357500, 19.285600, 18.884800, 18.509600, 18.292300, 18.190200, 17.889200, 17.737700, 17.648700, 17.500300, 17.502300, 22.640400, 22.381700, 21.890400, 21.525000, 21.233400, 20.799300, 20.471500, 20.081200, 19.685900, 19.573900, 19.182300, 18.681400, 18.471100, 18.160600, 17.937300, 17.594900, 17.399300, 17.128000, 16.871100, 16.616000, 14.680700, 15.082100, 15.507100, 15.994800, 16.524400, 17.035100, 17.457000, 18.010500, 18.531900, 18.990000, 19.513600, 20.075400, 20.681800, 21.067200, 21.707300, 22.191100, 22.617900, 23.383000, 23.897000, 24.646300, 17.994600, 18.045300, 18.260200, 18.304900, 18.524000, 18.682600, 18.809300, 18.877800, 19.265000, 19.188700, 19.602000, 21.114000, 23.923400, 26.456100, 28.354700, 29.869900, 31.194100, 32.099000, 32.884000, 33.685400, 14.696000, 15.145700, 15.743700, 16.196500, 16.784200, 17.116300, 17.712000, 18.141900, 18.649200, 18.972700, 19.591700, 20.095700, 20.298200, 20.914000, 21.436300, 21.894400, 22.257800, 22.862800, 23.066800, 23.551000, 40.273900, 39.937800, 39.288700, 38.691300, 37.889800, 36.850700, 35.558100, 33.993000, 31.729300, 24.593300, 19.236100, 19.204500, 19.167900, 19.296700, 19.487700, 19.711600, 20.257300, 20.563300, 20.847200, 21.395700, 
15.818200, 16.301500, 16.786500, 17.075900, 17.597800, 18.085200, 18.362800, 18.865400, 23.165500, 28.318900, 31.179100, 33.036800, 34.478600, 35.849800, 36.978200, 38.059700, 39.302600, 40.488200, 41.572600, 42.659000, 18.524400, 18.712900, 18.839200, 18.905100, 18.995600, 19.130800, 19.175000, 19.252700, 22.856400, 28.279300, 31.001100, 32.857100, 33.625500, 34.549600, 35.277800, 35.913000, 36.258200, 36.777600, 37.264000, 37.667100, 25.921600, 26.500600, 26.766900, 27.292400, 27.749000, 28.088300, 28.658100, 28.959800, 29.346500, 29.564200, 30.193800, 30.247700, 30.372500, 30.523400, 30.811900, 30.819800, 30.947700, 31.098900, 31.109900, 31.196400, 34.656900, 34.236300, 33.537600, 33.107600, 32.659600, 32.066800, 31.592900, 30.969100, 30.461500, 30.270200, 29.642900, 29.002900, 28.767500, 28.288600, 27.932300, 27.466600, 27.171800, 26.757300, 26.367700, 26.037900, 22.928900, 23.574500, 24.213100, 24.909700, 25.741200, 26.514100, 27.150700, 27.993800, 28.710000, 29.477400, 30.175900, 31.066100, 31.923400, 32.535700, 33.457800, 34.175900, 34.831700, 35.963900, 36.764300, 37.825300, 18.207900, 18.261200, 18.469900, 18.530000, 18.764300, 19.311700, 21.922800, 24.982000, 27.645500, 29.097600, 30.695000, 31.701100, 32.495300, 33.122500, 33.689100, 34.307700, 35.039700, 35.532100, 35.992200, 36.617600, 22.841100, 23.527600, 24.425100, 25.126000, 25.954100, 26.514000, 27.456700, 28.122000, 28.855600, 29.399200, 30.328400, 31.081300, 31.467000, 32.422700, 33.128700, 33.845900, 34.431400, 35.318400, 35.655900, 36.408300, 41.793700, 41.654100, 41.222500, 40.716000, 39.904300, 38.882200, 37.579300, 36.169700, 34.482000, 32.105000, 24.817400, 19.424000, 19.422500, 19.519900, 19.738000, 19.963000, 20.532600, 20.840900, 21.151100, 21.686200, 
15.994600, 16.483500, 16.988200, 17.280000, 17.813700, 18.930700, 24.817600, 29.017700, 31.202200, 33.072800, 34.453900, 35.783800, 36.990800, 38.252700, 39.415200, 40.536900, 41.857200, 43.195900, 44.363900, 45.607700, 18.708600, 18.905000, 19.031100, 19.125700, 19.211900, 19.441000, 23.672700, 28.554000, 31.576700, 33.249000, 34.177600, 35.370000, 35.812500, 36.566900, 37.206100, 37.819000, 38.151000, 38.672000, 39.193900, 39.559100, 31.301500, 31.968100, 32.184300, 32.591800, 32.849600, 32.962400, 33.310900, 33.319300, 33.559600, 33.567300, 33.966000, 33.841600, 33.794900, 33.759300, 33.958200, 33.789400, 33.834900, 33.874200, 33.781400, 33.783800, 39.207900, 38.705600, 37.920900, 37.408100, 36.902700, 36.227900, 35.676200, 34.993000, 34.428100, 34.174400, 33.467100, 32.756300, 32.450100, 31.968900, 31.531300, 30.996900, 30.692400, 30.208800, 29.757100, 29.336900, 25.642900, 26.377700, 27.119300, 27.942000, 28.896800, 29.790200, 30.596300, 31.513700, 32.364300, 33.267800, 34.138900, 35.110400, 36.110100, 36.865700, 37.912500, 38.819800, 39.616800, 40.934500, 41.849300, 43.113500, 18.484800, 20.539500, 24.092600, 26.685600, 28.712300, 30.123800, 31.106100, 31.909100, 32.972400, 33.335200, 34.320800, 34.808500, 35.325400, 35.800400, 36.244800, 36.776800, 37.437600, 37.917600, 38.378400, 38.997900, 25.805400, 26.557000, 27.581000, 28.388500, 29.319900, 29.918500, 31.018900, 31.769200, 32.608900, 33.201500, 34.251300, 35.102500, 35.550100, 36.600500, 37.374300, 38.190500, 38.857100, 39.857500, 40.280800, 41.095600, 43.055900, 43.054000, 42.795900, 42.535400, 41.863000, 40.814700, 39.511600, 38.128300, 36.581000, 34.784400, 32.427500, 25.093100, 19.644100, 19.772400, 19.974900, 20.224800, 20.796100, 21.138900, 21.420800, 22.002600, 
16.183800, 16.683500, 17.184500, 18.276000, 24.586700, 28.544700, 30.819700, 32.656800, 33.911000, 35.426900, 36.690100, 38.008800, 39.233500, 40.596000, 41.863900, 43.159900, 44.589700, 46.068000, 47.349000, 48.693300, 18.902000, 19.106100, 19.242600, 19.372800, 22.932200, 28.109300, 31.213900, 32.991600, 34.615200, 35.676400, 36.302100, 37.393900, 37.832900, 38.506000, 39.177400, 39.837400, 40.129700, 40.671600, 41.181300, 41.563400, 34.470900, 35.052500, 35.112500, 35.477100, 35.557300, 35.598000, 35.825900, 35.731500, 35.910800, 35.860800, 36.215400, 36.027500, 35.895300, 35.849900, 35.993100, 35.779200, 35.786200, 35.850500, 35.674600, 35.643200, 41.999000, 41.423000, 40.570700, 40.042300, 39.475700, 38.747400, 38.136400, 37.364900, 36.778400, 36.475600, 35.688300, 34.908100, 34.589200, 34.058200, 33.558000, 32.965600, 32.659600, 32.124200, 31.652500, 31.202000, 27.002900, 27.837400, 28.661700, 29.562100, 30.628900, 31.604700, 32.504300, 33.533300, 34.479100, 35.486600, 36.466500, 37.547300, 38.646100, 39.538900, 40.639400, 41.670200, 42.589100, 44.042900, 45.174100, 46.557800, 28.763000, 29.877200, 30.987500, 31.688400, 32.611800, 33.306300, 33.944400, 34.483400, 35.398700, 35.681700, 36.570800, 37.047700, 37.499100, 37.994400, 38.453900, 38.999400, 39.689700, 40.199700, 40.723200, 41.393900, 27.541900, 28.357600, 29.470200, 30.310500, 31.275100, 31.948100, 33.089100, 33.881700, 34.805600, 35.419700, 36.549600, 37.446500, 37.917900, 39.053300, 39.829900, 40.727200, 41.465300, 42.482100, 42.967800, 43.818900, 44.086100, 44.181500, 44.127300, 44.049100, 43.645100, 42.776800, 41.448900, 40.078600, 38.531100, 36.857700, 35.113000, 32.843500, 26.901400, 20.005100, 20.239300, 20.480900, 21.090500, 21.412900, 21.719100, 22.281100, 
16.358400, 17.103500, 23.061500, 27.135000, 29.785200, 31.738600, 33.236400, 34.783200, 35.916900, 37.451900, 38.793900, 40.176700, 41.596100, 43.073200, 44.477400, 45.910000, 47.494500, 49.076000, 50.479600, 51.970400, 19.096500, 19.313400, 21.093300, 26.386200, 30.341700, 32.716200, 34.341500, 35.433900, 36.810600, 37.729700, 38.321900, 39.396500, 39.882900, 40.534500, 41.264900, 41.922300, 42.238600, 42.814100, 43.287200, 43.703200, 36.990000, 37.534500, 37.495300, 37.808100, 37.831100, 37.837000, 38.010800, 37.867200, 38.054400, 37.931500, 38.279400, 38.021700, 37.888800, 37.770600, 37.907900, 37.654000, 37.629200, 37.696000, 37.487600, 37.404600, 44.625800, 43.971000, 43.042000, 42.475800, 41.840900, 41.043400, 40.389000, 39.538700, 38.912000, 38.568900, 37.708200, 36.891900, 36.508900, 35.964500, 35.382000, 34.745300, 34.441600, 33.821000, 33.308100, 32.836100, 28.156800, 29.073500, 29.974600, 30.945400, 32.125800, 33.167900, 34.177000, 35.299800, 36.372200, 37.505000, 38.559300, 39.736600, 40.991400, 41.983300, 43.226900, 44.357400, 45.405300, 47.041700, 48.324400, 49.836400, 32.069800, 32.574100, 33.446500, 33.942500, 34.749400, 35.363800, 35.941600, 36.499300, 37.430800, 37.725000, 38.657500, 39.154500, 39.662200, 40.200200, 40.668000, 41.293100, 42.080500, 42.570500, 43.151500, 43.884700, 29.131500, 30.004200, 31.146400, 32.049000, 33.052000, 33.792600, 35.000000, 35.817700, 36.766500, 37.440000, 38.613500, 39.599700, 40.056000, 41.272600, 42.095500, 43.014600, 43.827900, 44.877500, 45.379100, 46.270800, 44.893200, 45.117900, 45.206500, 45.321400, 45.134000, 44.617100, 43.473800, 42.076700, 40.518100, 38.867900, 37.228500, 35.591300, 33.656800, 27.444100, 20.479500, 20.768800, 21.361000, 21.720000, 21.996600, 22.582100, 
19.964600, 25.400400, 28.376000, 30.164400, 32.030600, 33.722000, 35.098300, 36.638000, 37.859300, 39.475700, 40.969200, 42.486500, 44.068600, 45.705400, 47.215900, 48.823600, 50.513200, 52.231500, 53.730900, 55.355800, 19.479200, 23.467700, 28.391300, 31.594600, 33.840400, 35.347100, 36.601400, 37.546300, 38.903500, 39.809200, 40.436800, 41.513600, 42.042000, 42.711200, 43.468700, 44.155200, 44.486600, 45.129100, 45.587000, 45.945200, 39.448300, 39.963200, 39.816100, 40.109600, 40.113000, 40.068900, 40.231100, 40.033600, 40.220400, 40.058300, 40.401800, 40.081000, 39.914600, 39.761200, 39.861100, 39.599900, 39.550600, 39.624900, 39.380700, 39.242800, 47.366100, 46.633200, 45.632300, 45.015600, 44.281700, 43.429000, 42.709600, 41.755100, 41.082200, 40.686800, 39.811700, 38.883600, 38.449100, 37.873600, 37.249200, 36.564700, 36.234500, 35.509100, 34.987100, 34.500600, 29.255900, 30.298600, 31.274800, 32.352300, 33.627700, 34.771600, 35.861800, 37.121100, 38.292300, 39.539300, 40.740800, 42.003600, 43.453400, 44.521800, 45.921900, 47.183300, 48.368300, 50.171400, 51.658100, 53.351800, 34.005400, 34.499600, 35.309900, 35.771700, 36.621000, 37.210800, 37.864200, 38.464800, 39.444100, 39.805700, 40.804300, 41.399800, 41.885100, 42.498300, 43.018400, 43.748300, 44.602200, 45.134300, 45.731000, 46.567900, 30.766100, 31.701300, 32.883800, 33.839200, 34.918600, 35.707900, 36.946500, 37.835200, 38.840500, 39.480900, 40.727800, 41.767500, 42.225900, 43.510700, 44.430000, 45.377100, 46.236000, 47.372600, 47.841700, 48.817000, 45.570200, 45.872900, 46.105600, 46.379700, 46.402300, 46.183200, 45.437500, 44.236700, 42.635200, 40.967100, 39.335100, 37.799500, 36.411400, 34.410700, 28.103000, 21.036900, 21.658100, 22.000900, 22.309800, 22.864600, 
26.317700, 28.694700, 30.619200, 32.051500, 33.751300, 35.426900, 36.883700, 38.506200, 39.869800, 41.651700, 43.316400, 45.014400, 46.695100, 48.508600, 50.140300, 51.874400, 53.612400, 55.360600, 56.842900, 58.410900, 24.865100, 29.466700, 32.494000, 34.511300, 36.251100, 37.560500, 38.743400, 39.638700, 41.072200, 42.021700, 42.650200, 43.816700, 44.377100, 45.046500, 45.881800, 46.537700, 46.796500, 47.277800, 47.618800, 47.850200, 41.945300, 42.441000, 42.236100, 42.509700, 42.495300, 42.413100, 42.530900, 42.315800, 42.495000, 42.271500, 42.603400, 42.230800, 42.001700, 41.874500, 41.950600, 41.636900, 41.511200, 41.611100, 41.331100, 41.138300, 50.239100, 49.443300, 48.329600, 47.702800, 46.872100, 45.953300, 45.128100, 44.116600, 43.351200, 42.935200, 42.007800, 41.038400, 40.472000, 39.887200, 39.187000, 38.430300, 38.113200, 37.311800, 36.710300, 36.208900, 30.374100, 31.493900, 32.580000, 33.790000, 35.141200, 36.396500, 37.601500, 39.001400, 40.312200, 41.693800, 42.995800, 44.412600, 46.028400, 47.230400, 48.809100, 50.217200, 51.537800, 53.511300, 55.221800, 57.098600, 35.719700, 36.221500, 37.109900, 37.597700, 38.500200, 39.163100, 39.861800, 40.479400, 41.541700, 41.951100, 43.095300, 43.729900, 44.274500, 44.977800, 45.555600, 46.340900, 47.221500, 47.820900, 48.484200, 49.414000, 32.504800, 33.476600, 34.718500, 35.741200, 36.843100, 37.704000, 38.968700, 39.931300, 41.026100, 41.664400, 42.961700, 44.091500, 44.518400, 45.897700, 46.842200, 47.864200, 48.789800, 49.964000, 50.501200, 51.497600, 46.153300, 46.510400, 46.847000, 47.274200, 47.471900, 47.535200, 47.146600, 46.323300, 44.919800, 43.202500, 41.554200, 40.026600, 38.782600, 37.327300, 35.308700, 28.823400, 21.938400, 22.304400, 22.575800, 23.171600, 
28.695400, 30.531200, 32.223800, 33.648100, 35.374000, 37.117700, 38.697900, 40.435500, 42.002800, 43.956400, 45.790500, 47.670500, 49.437100, 51.310600, 52.963200, 54.653000, 56.343400, 58.068000, 59.459800, 60.969100, 29.874100, 32.910800, 35.201700, 36.863900, 38.428200, 39.729100, 40.966200, 41.850800, 43.393500, 44.382800, 45.053000, 46.282600, 46.829500, 47.376900, 48.061100, 48.614800, 48.695400, 49.078300, 49.315700, 49.412100, 44.588400, 45.043700, 44.820200, 45.106500, 45.037500, 44.913400, 45.004800, 44.777300, 44.941100, 44.651300, 44.996100, 44.564300, 44.297100, 44.144900, 44.151700, 43.821000, 43.651000, 43.724300, 43.450000, 43.224600, 53.337400, 52.479800, 51.229100, 50.578100, 49.648600, 48.672000, 47.800200, 46.688800, 45.801600, 45.370600, 44.362300, 43.304700, 42.677000, 42.028000, 41.311800, 40.462500, 40.146900, 39.231800, 38.589700, 38.069300, 31.554200, 32.776400, 33.957100, 35.283900, 36.763000, 38.148700, 39.472200, 41.028600, 42.475900, 44.036400, 45.438400, 47.027500, 48.826700, 50.182500, 51.923000, 53.536800, 55.003100, 57.241500, 59.138700, 61.236900, 37.460600, 38.007200, 38.979800, 39.508200, 40.480000, 41.201000, 41.962100, 42.656700, 43.864000, 44.316100, 45.543100, 46.248100, 46.827000, 47.581300, 48.226900, 49.042500, 49.960100, 50.552300, 51.202700, 52.104400, 34.359400, 35.362900, 36.702400, 37.755300, 38.949700, 39.828800, 41.177600, 42.164000, 43.351300, 44.001800, 45.378000, 46.596200, 47.019600, 48.465200, 49.459700, 50.537700, 51.533600, 52.770900, 53.303100, 54.348200, 46.649000, 47.058700, 47.463000, 48.013000, 48.363900, 48.644000, 48.578700, 48.138600, 47.152300, 45.620900, 43.918200, 42.357600, 41.147800, 39.776400, 38.392300, 36.302000, 30.055100, 22.587100, 22.886900, 23.454500, 
30.318000, 32.033100, 33.713600, 35.169900, 37.022800, 38.886100, 40.627800, 42.544100, 44.313000, 46.401300, 48.296000, 50.238500, 51.913300, 53.753100, 55.392700, 56.986000, 58.630400, 60.261600, 61.609700, 63.031600, 33.085700, 35.459200, 37.538500, 39.073900, 40.673800, 41.998900, 43.338400, 44.273500, 45.866500, 46.912400, 47.520900, 48.610500, 48.947100, 49.356900, 49.889900, 50.378300, 50.315800, 50.574700, 50.695400, 50.709500, 47.328000, 47.806700, 47.550700, 47.838200, 47.716600, 47.569600, 47.614100, 47.337700, 47.517200, 47.147500, 47.472400, 46.949900, 46.647000, 46.451600, 46.426000, 46.043000, 45.796000, 45.833100, 45.508500, 45.225300, 56.579000, 55.660100, 54.239000, 53.567800, 52.571100, 51.528800, 50.549300, 49.364500, 48.355000, 47.899900, 46.805500, 45.671100, 44.986800, 44.282300, 43.512000, 42.610300, 42.240100, 41.246400, 40.605900, 39.997300, 32.761700, 34.118600, 35.376300, 36.825500, 38.429100, 39.954700, 41.430100, 43.131200, 44.705300, 46.482900, 47.998000, 49.784200, 51.758400, 53.257800, 55.192600, 56.986700, 58.697400, 61.112300, 63.271900, 65.612200, 39.323800, 39.900200, 40.954500, 41.577000, 42.613700, 43.425200, 44.258300, 45.057700, 46.304100, 46.792800, 48.064500, 48.794500, 49.341300, 50.024900, 50.674400, 51.483900, 52.352500, 52.904900, 53.544800, 54.433800, 36.286800, 37.332400, 38.773700, 39.890700, 41.166100, 42.091300, 43.458300, 44.503300, 45.780400, 46.451200, 47.877600, 49.210600, 49.627900, 51.131800, 52.166900, 53.346000, 54.376000, 55.695900, 56.232100, 57.343700, 47.087200, 47.547200, 47.994900, 48.643600, 49.127800, 49.587200, 49.782900, 49.672700, 49.082100, 47.945200, 46.421900, 44.823800, 43.602800, 42.206300, 40.990600, 39.511000, 37.767700, 30.903000, 23.185700, 23.777200, 
31.684000, 33.427000, 35.166100, 36.730100, 38.724000, 40.788200, 42.694500, 44.751100, 46.562900, 48.641200, 50.469700, 52.387700, 54.036600, 55.794300, 57.410000, 58.916700, 60.489200, 62.086300, 63.383000, 64.746300, 35.611200, 37.761900, 39.823500, 41.355900, 43.041900, 44.409000, 45.807200, 46.816300, 48.368400, 49.208300, 49.633500, 50.553400, 50.739300, 51.022900, 51.405700, 51.799000, 51.630400, 51.788700, 51.810400, 51.729700, 50.173900, 50.645800, 50.318100, 50.574700, 50.358700, 50.087100, 50.119100, 49.733000, 49.856500, 49.353100, 49.692500, 49.066900, 48.700700, 48.425300, 48.363800, 47.896600, 47.635500, 47.558700, 47.227700, 46.845900, 59.467900, 58.475300, 56.964300, 56.256100, 55.154300, 54.023700, 53.010300, 51.748000, 50.688500, 50.154100, 48.951000, 47.796900, 47.011300, 46.308600, 45.444700, 44.501400, 44.096600, 43.001600, 42.367900, 41.726000, 33.822900, 35.276100, 36.639700, 38.209800, 39.901900, 41.546200, 43.149300, 44.989800, 46.703100, 48.605700, 50.250000, 52.245700, 54.349400, 56.007100, 58.085000, 60.073900, 61.940200, 64.552600, 66.882600, 69.413600, 41.279900, 41.918500, 43.067700, 43.754900, 44.824500, 45.708400, 46.533700, 47.319800, 48.582400, 49.024000, 50.264200, 50.967500, 51.449900, 52.121600, 52.745700, 53.525100, 54.368300, 54.900500, 55.492100, 56.380400, 38.028200, 39.093500, 40.597100, 41.761800, 43.072600, 44.053600, 45.507700, 46.578000, 47.918900, 48.621300, 50.125000, 51.535600, 51.922200, 53.527100, 54.533300, 55.817900, 56.866100, 58.282100, 58.885600, 59.997700, 47.510400, 47.979900, 48.483000, 49.203900, 49.760800, 50.355200, 50.796000, 50.937600, 50.709300, 49.928000, 48.825100, 47.372900, 46.117000, 44.683000, 43.476100, 42.144200, 41.004900, 38.835500, 31.692300, 24.086200, 
33.000500, 34.828500, 36.664900, 38.392600, 40.571400, 42.715600, 44.648600, 46.707400, 48.467500, 50.481300, 52.299200, 54.172600, 55.778400, 57.458500, 59.028600, 60.490800, 61.997300, 63.552100, 64.830200, 66.126800, 37.914600, 40.065100, 42.195800, 43.790000, 45.581500, 46.891100, 48.268100, 49.144000, 50.518700, 51.120000, 51.386600, 52.198000, 52.209900, 52.375500, 52.651400, 52.942000, 52.672800, 52.765700, 52.683500, 52.538600, 52.857500, 53.262900, 52.818600, 52.965500, 52.630900, 52.274500, 52.211400, 51.730100, 51.806000, 51.241200, 51.532000, 50.827700, 50.434300, 50.047800, 49.986900, 49.443600, 49.148600, 48.990000, 48.642500, 48.196800, 61.931500, 60.875200, 59.276500, 58.512300, 57.368700, 56.196400, 55.093800, 53.759300, 52.629600, 52.021600, 50.777500, 49.577400, 48.721900, 47.945800, 47.101800, 46.072900, 45.637500, 44.499400, 43.821000, 43.153900, 34.705500, 36.252700, 37.687000, 39.364400, 41.157100, 42.889600, 44.575200, 46.542300, 48.393800, 50.380800, 52.160700, 54.287000, 56.532600, 58.295300, 60.546800, 62.654900, 64.686000, 67.475100, 69.942400, 72.663700, 43.322400, 43.976100, 45.146300, 45.803700, 46.863300, 47.682800, 48.463700, 49.217900, 50.488900, 50.909800, 52.123500, 52.815500, 53.263800, 53.872000, 54.434700, 55.222200, 56.033100, 56.521300, 57.120600, 57.978600, 39.456100, 40.592000, 42.140300, 43.351900, 44.710000, 45.717100, 47.233200, 48.310600, 49.712700, 50.466700, 52.039900, 53.515500, 53.866800, 55.513500, 56.569200, 57.934100, 58.977100, 60.447100, 61.093600, 62.258100, 47.876900, 48.392500, 48.940700, 49.692600, 50.309100, 51.032900, 51.623300, 51.982800, 52.053300, 51.635600, 50.819600, 49.797400, 48.629200, 47.176700, 45.942400, 44.673800, 43.651200, 42.137500, 39.786000, 32.878800, 
34.293800, 36.286500, 38.276800, 40.119000, 42.290600, 44.405400, 46.339200, 48.350700, 50.058100, 52.054700, 53.827600, 55.648100, 57.190200, 58.799900, 60.375900, 61.775500, 63.225600, 64.759500, 66.003600, 67.277000, 40.252200, 42.460800, 44.693600, 46.337900, 48.088200, 49.285100, 50.433500, 51.072400, 52.312500, 52.728200, 52.858500, 53.525900, 53.418000, 53.464800, 53.645200, 53.860000, 53.497400, 53.523000, 53.379700, 53.191800, 55.153100, 55.483600, 54.918800, 54.981000, 54.533100, 54.114800, 53.960100, 53.397100, 53.422000, 52.767800, 53.072700, 52.293500, 51.815900, 51.390300, 51.273400, 50.695700, 50.358600, 50.165100, 49.780900, 49.293500, 63.981100, 62.927300, 61.236800, 60.391400, 59.207600, 57.965700, 56.824100, 55.375900, 54.242100, 53.597900, 52.285800, 51.029600, 50.149500, 49.310500, 48.425400, 47.349500, 46.907200, 45.664500, 44.985900, 44.283800, 35.437400, 37.047800, 38.554700, 40.334300, 42.188200, 43.976000, 45.787500, 47.850100, 49.769600, 51.878600, 53.743000, 55.989400, 58.335600, 60.195400, 62.574400, 64.778200, 66.963800, 69.888400, 72.469000, 75.376100, 45.118100, 45.760400, 46.922900, 47.479900, 48.558200, 49.354400, 50.068200, 50.834600, 52.079400, 52.471900, 53.673600, 54.332300, 54.701400, 55.313800, 55.828100, 56.639200, 57.386300, 57.863700, 58.465400, 59.311400, 40.656900, 41.811600, 43.435000, 44.653100, 46.058300, 47.108300, 48.636500, 49.778700, 51.219400, 51.979200, 53.597800, 55.132300, 55.471600, 57.185100, 58.255200, 59.670900, 60.708200, 62.199800, 62.886100, 64.110900, 48.213700, 48.777500, 49.344700, 50.138900, 50.790300, 51.599100, 52.341000, 52.846800, 53.180000, 53.013900, 52.503600, 51.786800, 50.922800, 49.713600, 48.438400, 47.129100, 46.148900, 44.808200, 43.063000, 41.133000, 
35.647900, 37.783200, 39.772400, 41.615700, 43.729500, 45.847300, 47.738300, 49.719700, 51.384500, 53.312000, 55.067000, 56.832200, 58.330900, 59.909300, 61.441200, 62.823500, 64.240500, 65.760400, 67.005600, 68.244200, 42.679900, 44.948500, 47.238700, 48.840000, 50.396700, 51.324500, 52.279800, 52.701700, 53.791400, 54.040600, 54.040900, 54.579500, 54.385500, 54.343000, 54.435600, 54.601500, 54.175900, 54.169500, 53.963600, 53.708600, 57.107600, 57.333300, 56.667500, 56.637700, 56.129800, 55.643100, 55.439200, 54.743900, 54.731300, 54.042200, 54.298800, 53.478100, 52.969400, 52.507200, 52.320800, 51.711900, 51.336200, 51.107800, 50.672700, 50.165700, 65.713100, 64.593000, 62.844100, 61.988200, 60.714500, 59.445000, 58.283400, 56.714800, 55.574100, 54.883000, 53.515900, 52.222800, 51.283700, 50.419400, 49.490100, 48.421100, 47.912700, 46.600200, 45.926100, 45.200300, 36.043000, 37.692700, 39.259000, 41.089400, 43.028100, 44.880000, 46.771200, 48.891800, 50.897700, 53.103300, 55.042300, 57.353500, 59.805200, 61.744300, 64.242800, 66.532300, 68.811000, 71.858400, 74.496600, 77.556400, 46.656400, 47.248600, 48.404500, 48.888300, 49.929200, 50.740200, 51.427700, 52.156300, 53.368900, 53.736000, 54.918800, 55.531400, 55.902200, 56.492700, 56.990900, 57.776800, 58.501800, 58.988400, 59.554900, 60.368800, 41.636300, 42.825800, 44.483400, 45.745800, 47.144900, 48.244600, 49.784700, 50.974500, 52.427800, 53.184400, 54.855900, 56.445800, 56.796500, 58.532000, 59.609700, 61.052600, 62.152800, 63.655900, 64.370600, 65.605900, 48.547400, 49.132900, 49.707300, 50.533000, 51.244900, 52.126000, 52.947800, 53.578600, 54.097500, 54.180500, 53.905800, 53.468700, 52.865700, 51.999000, 50.871600, 49.557600, 48.581700, 47.275500, 45.641400, 44.425000, 
36.997000, 39.080700, 41.050300, 42.866200, 44.956300, 47.041100, 48.897400, 50.824200, 52.473800, 54.358600, 56.074500, 57.795500, 59.303500, 60.836500, 62.340000, 63.679900, 65.104400, 66.618800, 67.846800, 69.118200, 45.169400, 47.460200, 49.688500, 51.034500, 52.350300, 53.020500, 53.799800, 54.043600, 54.985800, 55.126400, 55.010000, 55.447300, 55.193300, 55.040800, 55.068000, 55.210200, 54.710900, 54.697200, 54.459000, 54.168300, 58.724500, 58.868400, 58.083300, 58.020300, 57.425000, 56.887200, 56.625200, 55.860500, 55.833500, 55.066400, 55.308400, 54.430400, 53.889800, 53.389400, 53.172000, 52.469600, 52.104100, 51.863400, 51.359800, 50.824100, 67.158100, 65.980800, 64.173700, 63.265200, 61.961600, 60.670200, 59.451500, 57.850200, 56.660100, 55.937400, 54.498600, 53.189300, 52.222900, 51.288600, 50.354300, 49.246200, 48.747100, 47.386600, 46.654700, 45.926200, 36.545400, 38.236000, 39.820800, 41.717800, 43.711000, 45.608400, 47.553300, 49.746900, 51.819900, 54.104200, 56.085600, 58.478700, 61.003700, 62.985500, 65.581000, 67.942800, 70.318800, 73.463700, 76.153800, 79.306500, 47.913400, 48.470700, 49.591900, 50.036100, 51.056200, 51.862800, 52.518700, 53.211600, 54.422400, 54.767900, 55.932900, 56.527000, 56.888000, 57.436800, 57.949400, 58.728000, 59.446300, 59.917900, 60.460500, 61.272200, 42.448600, 43.666700, 45.344600, 46.605300, 48.043800, 49.149200, 50.741100, 51.937200, 53.392300, 54.177300, 55.912000, 57.508500, 57.841000, 59.641400, 60.751600, 62.221900, 63.314200, 64.819800, 65.559500, 66.820400, 48.869500, 49.468100, 50.072000, 50.924500, 51.662000, 52.583200, 53.477600, 54.194800, 54.859300, 55.119500, 55.023300, 54.827400, 54.479700, 53.893200, 53.073200, 51.954500, 50.999700, 49.615400, 48.033600, 46.998800, 
38.155000, 40.207800, 42.120100, 43.902700, 45.976700, 48.028600, 49.819500, 51.746300, 53.355700, 55.203200, 56.892800, 58.608800, 60.082300, 61.606400, 63.095500, 64.441000, 65.842600, 67.371600, 68.635100, 69.896900, 47.665300, 49.863000, 51.826700, 52.894800, 53.972100, 54.419200, 55.047500, 55.170200, 55.973100, 56.008000, 55.792400, 56.156600, 55.828800, 55.630000, 55.579400, 55.729200, 55.183500, 55.161900, 54.884500, 54.563500, 60.070600, 60.133000, 59.275600, 59.173300, 58.499200, 57.909600, 57.590000, 56.767700, 56.719500, 55.920600, 56.130900, 55.203800, 54.613900, 54.110500, 53.819300, 53.097000, 52.720200, 52.431800, 51.887500, 51.342000, 68.356700, 67.133000, 65.289800, 64.340900, 62.989400, 61.657400, 60.416600, 58.750200, 57.537200, 56.804300, 55.291600, 53.943600, 52.982800, 51.995300, 51.066500, 49.935300, 49.398200, 48.015900, 47.265500, 46.513800, 36.930700, 38.653400, 40.287800, 42.222100, 44.275100, 46.203000, 48.187600, 50.458800, 52.571500, 54.929800, 56.932000, 59.370400, 61.969200, 64.030200, 66.677000, 69.107800, 71.566800, 74.766700, 77.548600, 80.747400, 48.916300, 49.474700, 50.580400, 50.999900, 51.975300, 52.759500, 53.406100, 54.068700, 55.259300, 55.609600, 56.749800, 57.340800, 57.667500, 58.219400, 58.759000, 59.521300, 60.250000, 60.702100, 61.249800, 62.066600, 43.092600, 44.359600, 46.034000, 47.335200, 48.756400, 49.904900, 51.505600, 52.727900, 54.198800, 55.006900, 56.760100, 58.372000, 58.709600, 60.526100, 61.625800, 63.144300, 64.248400, 65.772400, 66.520700, 67.812200, 49.171400, 49.776600, 50.396800, 51.272400, 52.031200, 53.004800, 53.945100, 54.728300, 55.505800, 55.899200, 55.926700, 55.966100, 55.770900, 55.461100, 54.917100, 54.099900, 53.336300, 51.911900, 50.334600, 49.382000, 
39.114100, 41.157100, 43.011100, 44.771300, 46.825400, 48.808000, 50.594200, 52.502700, 54.072300, 55.902000, 57.581200, 59.277300, 60.760000, 62.292100, 63.752700, 65.101400, 66.502000, 68.068000, 69.348200, 70.611600, 50.024300, 51.935200, 53.616700, 54.447500, 55.305200, 55.578800, 56.080900, 56.066200, 56.782000, 56.738800, 56.486200, 56.773900, 56.395000, 56.141900, 56.057400, 56.160200, 55.594600, 55.558900, 55.284300, 54.946100, 61.217900, 61.215800, 60.273800, 60.139800, 59.413400, 58.772600, 58.422500, 57.551400, 57.474900, 56.616900, 56.798000, 55.842500, 55.221300, 54.682400, 54.370500, 53.616500, 53.183800, 52.911100, 52.317400, 51.755500, 69.365700, 68.110600, 66.230300, 65.249300, 63.857700, 62.488700, 61.229700, 59.520300, 58.286100, 57.518000, 55.955400, 54.589800, 53.629500, 52.617500, 51.645800, 50.504000, 49.926800, 48.521500, 47.735400, 46.963200, 37.255200, 39.013800, 40.684800, 42.642700, 44.721600, 46.697200, 48.709800, 51.046800, 53.200100, 55.590500, 57.643900, 60.124200, 62.804500, 64.881100, 67.594700, 70.092300, 72.597800, 75.855700, 78.688300, 81.979500, 49.716900, 50.269800, 51.357900, 51.747100, 52.708000, 53.493100, 54.131500, 54.782500, 55.961200, 56.291500, 57.461700, 58.020600, 58.328000, 58.889100, 59.433800, 60.202400, 60.919600, 61.403600, 61.935700, 62.775000, 43.648000, 44.897000, 46.629800, 47.926600, 49.362300, 50.512300, 52.149600, 53.388700, 54.881900, 55.683600, 57.465700, 59.108500, 59.435900, 61.274000, 62.365900, 63.916500, 65.026900, 66.601000, 67.289600, 68.649100, 49.457500, 50.071000, 50.715800, 51.609900, 52.385400, 53.390900, 54.365600, 55.219000, 56.064400, 56.541400, 56.662100, 56.859400, 56.836200, 56.712400, 56.423400, 55.876400, 55.434900, 54.255100, 52.626700, 51.657600, 
39.915600, 41.910200, 43.750000, 45.463400, 47.495400, 49.472200, 51.234400, 53.138400, 54.693700, 56.502700, 58.176000, 59.877600, 61.351700, 62.900500, 64.357700, 65.710700, 67.114400, 68.695600, 70.013800, 71.278000, 52.067600, 53.676300, 55.073900, 55.732400, 56.415600, 56.581100, 56.925300, 56.802900, 57.457900, 57.371400, 57.044000, 57.281100, 56.879000, 56.607900, 56.515300, 56.567400, 55.994400, 55.935500, 55.639000, 55.327100, 62.182500, 62.152600, 61.147000, 60.980300, 60.191700, 59.512300, 59.126900, 58.203700, 58.105100, 57.206900, 57.377200, 56.378600, 55.727500, 55.169800, 54.820500, 54.030900, 53.609300, 53.306400, 52.682800, 52.072600, 70.252400, 68.960400, 67.050900, 66.035300, 64.604100, 63.222200, 61.914800, 60.161600, 58.921000, 58.120200, 56.521600, 55.134500, 54.175700, 53.122100, 52.118900, 50.965400, 50.381700, 48.933400, 48.141100, 47.353100, 37.529000, 39.312600, 41.004600, 43.000000, 45.115400, 47.117600, 49.162500, 51.538900, 53.738500, 56.183400, 58.247200, 60.762600, 63.485800, 65.630300, 68.392600, 70.916900, 73.469800, 76.831600, 79.688000, 83.073400, 50.355600, 50.912200, 51.997400, 52.386900, 53.323300, 54.101800, 54.736900, 55.380700, 56.558700, 56.875700, 58.054800, 58.622500, 58.914900, 59.479800, 60.055900, 60.819500, 61.543500, 62.023800, 62.565100, 63.395400, 44.109100, 45.375200, 47.122300, 48.418800, 49.862500, 51.022100, 52.695700, 53.950100, 55.463900, 56.262900, 58.057600, 59.724200, 60.071300, 61.921900, 63.011100, 64.585200, 65.689900, 67.297800, 67.981100, 69.360800, 49.715800, 50.345600, 51.010900, 51.944200, 52.720200, 53.760400, 54.775800, 55.645800, 56.564400, 57.098300, 57.303700, 57.603600, 57.689400, 57.738500, 57.650700, 57.353800, 57.184300, 56.358800, 54.926000, 53.938300, 
40.549800, 42.542200, 44.342000, 46.021800, 48.055500, 50.012800, 51.743800, 53.648200, 55.189600, 57.013400, 58.680800, 60.393900, 61.879800, 63.443700, 64.904300, 66.272700, 67.714700, 69.286200, 70.653600, 71.914300, 53.805500, 55.112800, 56.297800, 56.779000, 57.324000, 57.375400, 57.618800, 57.454000, 58.032800, 57.899900, 57.536900, 57.743700, 57.332300, 57.021700, 56.917800, 56.957200, 56.383200, 56.315400, 56.003700, 55.686700, 63.034800, 62.955500, 61.891400, 61.713100, 60.877100, 60.148900, 59.754300, 58.806600, 58.688800, 57.745500, 57.889700, 56.859900, 56.156800, 55.582700, 55.215600, 54.402800, 53.943500, 53.635700, 52.985400, 52.334800, 71.045400, 69.711700, 67.765200, 66.726300, 65.285000, 63.878700, 62.526700, 60.747400, 59.462800, 58.626200, 57.021200, 55.625500, 54.632800, 53.568700, 52.549100, 51.339000, 50.758600, 49.301700, 48.500700, 47.690000, 37.747300, 39.566200, 41.293800, 43.310000, 45.451000, 47.474400, 49.557300, 51.955200, 54.195000, 56.656600, 58.796300, 61.340800, 64.083700, 66.276200, 69.087700, 71.672200, 74.257800, 77.671500, 80.564200, 84.021900, 50.901100, 51.452600, 52.518100, 52.896300, 53.839900, 54.616800, 55.251300, 55.878600, 57.078000, 57.405900, 58.574700, 59.150100, 59.437800, 59.988000, 60.604300, 61.348000, 62.102800, 62.581300, 63.121200, 63.989100, 44.511000, 45.774500, 47.547500, 48.849600, 50.331200, 51.480800, 53.172500, 54.449700, 55.960500, 56.776700, 58.554800, 60.247000, 60.627500, 62.458800, 63.583700, 65.161600, 66.268200, 67.912200, 68.581700, 69.987400, 49.955200, 50.609300, 51.282000, 52.227800, 53.051200, 54.094700, 55.139300, 56.043000, 56.994300, 57.587700, 57.871500, 58.206300, 58.398000, 58.560100, 58.668300, 58.559000, 58.645100, 58.132900, 57.002900, 56.287900, 
41.083300, 43.053500, 44.842800, 46.511100, 48.511300, 50.464800, 52.191100, 54.098200, 55.650800, 57.461700, 59.143500, 60.869200, 62.353500, 63.955700, 65.416300, 66.801100, 68.271600, 69.856000, 71.271000, 72.547000, 55.255600, 56.334300, 57.299300, 57.638500, 58.091100, 58.017700, 58.227000, 58.005300, 58.557200, 58.384500, 57.971300, 58.154200, 57.735600, 57.403200, 57.300800, 57.332500, 56.734600, 56.667400, 56.324400, 56.030400, 63.815800, 63.650100, 62.567200, 62.365000, 61.474200, 60.712300, 60.304600, 59.349500, 59.188900, 58.218800, 58.349100, 57.266500, 56.544800, 55.932500, 55.561000, 54.728300, 54.263400, 53.899900, 53.244200, 52.574300, 71.743200, 70.398200, 68.405000, 67.345700, 65.877200, 64.438200, 63.063200, 61.243700, 59.934200, 59.109200, 57.453100, 56.062900, 55.046800, 53.965200, 52.911600, 51.675300, 51.106200, 49.624000, 48.822400, 48.001500, 37.939200, 39.785700, 41.533300, 43.589600, 45.751300, 47.775800, 49.901500, 52.329400, 54.611900, 57.083400, 59.245200, 61.874400, 64.627400, 66.869700, 69.714300, 72.354600, 74.990000, 78.416500, 81.376800, 84.880900, 51.331200, 51.880800, 52.970500, 53.333100, 54.286200, 55.065800, 55.701600, 56.333200, 57.520600, 57.865400, 59.036700, 59.630400, 59.906500, 60.460000, 61.100100, 61.850900, 62.618800, 63.122300, 63.665000, 64.525100, 44.866600, 46.140900, 47.934300, 49.234200, 50.734200, 51.914900, 53.597600, 54.886200, 56.406800, 57.242600, 59.006300, 60.737100, 61.105300, 62.944000, 64.091600, 65.685000, 66.775200, 68.435600, 69.131000, 70.531600, 50.173500, 50.849400, 51.525500, 52.497700, 53.343200, 54.409200, 55.464800, 56.402700, 57.394000, 58.021600, 58.369900, 58.744300, 59.024300, 59.258200, 59.502600, 59.538700, 59.826400, 59.608500, 58.766000, 58.414800, 
41.506200, 43.465200, 45.250100, 46.915700, 48.924400, 50.860400, 52.601000, 54.499900, 56.055300, 57.897600, 59.566100, 61.316000, 62.801800, 64.442300, 65.910800, 67.309900, 68.802500, 70.412800, 71.848700, 73.155100, 56.432100, 57.349300, 58.152100, 58.394800, 58.740400, 58.598300, 58.759100, 58.498700, 59.022000, 58.808300, 58.380700, 58.548700, 58.105600, 57.766500, 57.644200, 57.678500, 57.068000, 57.011200, 56.676800, 56.380200, 64.494200, 64.306800, 63.191700, 62.944700, 62.044700, 61.238200, 60.813700, 59.817500, 59.642700, 58.648600, 58.760600, 57.647600, 56.900700, 56.253800, 55.874200, 55.022100, 54.532500, 54.152500, 53.460900, 52.794500, 72.366600, 71.015800, 68.986300, 67.899000, 66.414000, 64.934600, 63.539900, 61.698100, 60.384700, 59.532300, 57.861000, 56.440800, 55.419000, 54.320000, 53.229100, 51.992300, 51.428300, 49.929000, 49.105100, 48.265700, 38.119900, 39.975500, 41.747900, 43.832400, 46.020000, 48.076100, 50.212000, 52.670600, 54.991200, 57.481000, 59.693000, 62.344200, 65.126700, 67.392100, 70.286400, 72.986200, 75.650300, 79.111800, 82.125700, 85.684300, 51.725400, 52.258600, 53.352200, 53.718800, 54.664400, 55.461000, 56.092300, 56.743700, 57.948100, 58.279500, 59.449200, 60.069600, 60.333300, 60.908900, 61.553300, 62.307300, 63.093600, 63.613500, 64.165600, 65.044500, 45.191400, 46.488100, 48.282400, 49.593100, 51.089000, 52.308000, 53.997800, 55.287200, 56.825000, 57.649600, 59.435900, 61.185100, 61.539500, 63.382300, 64.556700, 66.149000, 67.247300, 68.917300, 69.621800, 71.025900, 50.375900, 51.078600, 51.757200, 52.738700, 53.613100, 54.700600, 55.792500, 56.742600, 57.767100, 58.413100, 58.809300, 59.205800, 59.557500, 59.834700, 60.204000, 60.336500, 60.815800, 60.812900, 60.246500, 60.210800, 
41.873600, 43.833600, 45.601900, 47.250500, 49.260000, 51.199400, 52.950200, 54.857000, 56.412800, 58.283300, 59.971400, 61.743000, 63.236700, 64.888200, 66.377500, 67.804900, 69.302900, 70.958400, 72.407500, 73.735200, 57.424500, 58.212800, 58.868900, 59.032200, 59.307200, 59.106600, 59.238000, 58.935700, 59.442600, 59.216500, 58.766900, 58.922200, 58.448200, 58.086000, 57.989800, 57.995000, 57.399800, 57.340500, 57.004500, 56.706200, 65.112200, 64.898700, 63.758400, 63.475300, 62.558600, 61.731700, 61.282100, 60.257400, 60.076900, 59.061500, 59.119100, 58.021200, 57.232000, 56.574800, 56.163600, 55.305000, 54.789000, 54.402500, 53.680500, 52.999600, 72.937900, 71.583100, 69.529600, 68.399500, 66.900200, 65.413900, 63.982600, 62.122200, 60.786600, 59.921700, 58.234100, 56.792500, 55.778300, 54.637500, 53.566200, 52.326700, 51.720500, 50.204700, 49.353600, 48.506100, 38.279200, 40.153700, 41.933100, 44.061000, 46.241600, 48.333400, 50.502500, 52.997000, 55.328300, 57.866700, 60.089500, 62.793100, 65.588300, 67.891500, 70.837700, 73.585700, 76.267700, 79.773300, 82.799400, 86.451100, 52.053800, 52.589200, 53.676300, 54.045000, 55.012900, 55.807500, 56.451700, 57.109800, 58.317400, 58.664000, 59.842600, 60.460200, 60.737200, 61.322500, 61.977900, 62.746900, 63.553400, 64.078800, 64.634900, 65.537100, 45.489400, 46.795500, 48.610800, 49.922900, 51.434100, 52.662100, 54.343500, 55.639500, 57.215700, 58.015300, 59.823700, 61.591900, 61.942900, 63.783200, 64.980200, 66.595000, 67.686500, 69.370600, 70.087200, 71.492600, 50.555400, 51.288100, 51.963600, 52.970800, 53.860700, 54.972700, 56.081700, 57.059600, 58.108200, 58.791300, 59.210300, 59.641900, 60.032400, 60.368400, 60.805800, 61.008800, 61.642000, 61.818000, 61.438200, 61.735700, 
42.198200, 44.136900, 45.901700, 47.564700, 49.560200, 51.504100, 53.270700, 55.183200, 56.737000, 58.633400, 60.343500, 62.127400, 63.647000, 65.306500, 66.806400, 68.278000, 69.811500, 71.477000, 72.919000, 74.288100, 58.265600, 58.923200, 59.491700, 59.598500, 59.814900, 59.563200, 59.672300, 59.344900, 59.828100, 59.580700, 59.116500, 59.262000, 58.779900, 58.417500, 58.325900, 58.321300, 57.708600, 57.664300, 57.321200, 57.014500, 65.693000, 65.448300, 64.281700, 63.959000, 63.032300, 62.172400, 61.702900, 60.669500, 60.485300, 59.413400, 59.468600, 58.344700, 57.535100, 56.858000, 56.439500, 55.556300, 55.040900, 54.630500, 53.887700, 53.181400, 73.471500, 72.108100, 70.026500, 68.867700, 67.347000, 65.845800, 64.390800, 62.520500, 61.179400, 60.293500, 58.593200, 57.138200, 56.108700, 54.944000, 53.852600, 52.595900, 51.994000, 50.467100, 49.601700, 48.744800, 38.427700, 40.314900, 42.113900, 44.262700, 46.478500, 48.566800, 50.756900, 53.289300, 55.638800, 58.218300, 60.469900, 63.197700, 66.029300, 68.365600, 71.346700, 74.130600, 76.850100, 80.387200, 83.456300, 87.174000, 52.338200, 52.883100, 53.967000, 54.349000, 55.305500, 56.127600, 56.768700, 57.445900, 58.662800, 59.019500, 60.207900, 60.840300, 61.130000, 61.720900, 62.372600, 63.174500, 63.998400, 64.526800, 65.084000, 66.002600, 45.769700, 47.083900, 48.920800, 50.232800, 51.751000, 52.990900, 54.694200, 55.984200, 57.563900, 58.370800, 60.180900, 61.961800, 62.317600, 64.165400, 65.371600, 67.000400, 68.086600, 69.779500, 70.512600, 71.925300, 50.723300, 51.474400, 52.158500, 53.175900, 54.102000, 55.216100, 56.357100, 57.348200, 58.448300, 59.133600, 59.582300, 60.048700, 60.447300, 60.837500, 61.311700, 61.602400, 62.332800, 62.633400, 62.425200, 62.958700, 
42.463400, 44.397500, 46.163700, 47.832200, 49.845200, 51.780200, 53.562600, 55.472800, 57.061500, 58.972100, 60.701400, 62.492000, 64.017300, 65.719900, 67.249200, 68.720300, 70.270600, 71.951400, 73.438700, 74.818500, 58.982200, 59.536100, 60.035100, 60.095600, 60.250600, 59.971200, 60.055300, 59.719600, 60.182400, 59.911800, 59.454800, 59.591300, 59.093200, 58.730700, 58.618200, 58.623400, 58.011000, 57.966300, 57.637000, 57.310400, 66.220300, 65.943300, 64.756700, 64.430800, 63.489900, 62.591500, 62.117800, 61.050800, 60.863300, 59.766200, 59.823100, 58.655700, 57.824100, 57.151800, 56.713000, 55.794500, 55.274500, 54.862900, 54.096000, 53.374300, 73.985300, 72.617100, 70.482800, 69.308700, 67.781000, 66.263900, 64.788000, 62.907400, 61.546300, 60.653400, 58.936400, 57.442400, 56.407300, 55.232000, 54.125900, 52.861100, 52.267700, 50.704000, 49.847500, 48.950300, 38.565900, 40.467400, 42.278900, 44.443800, 46.681700, 48.798700, 51.019200, 53.563600, 55.940600, 58.549300, 60.844600, 63.590400, 66.444600, 68.816200, 71.834900, 74.643500, 77.423700, 80.982700, 84.122300, 87.871600, 52.593500, 53.136700, 54.232200, 54.615200, 55.589100, 56.414900, 57.064500, 57.758800, 58.989000, 59.355100, 60.548700, 61.212100, 61.494000, 62.096400, 62.757800, 63.564700, 64.393000, 64.940200, 65.515200, 66.434200, 46.047700, 47.360600, 49.204800, 50.523600, 52.033500, 53.310900, 55.021700, 56.296100, 57.884300, 58.723000, 60.532600, 62.311600, 62.681200, 64.536300, 65.758600, 67.388900, 68.476700, 70.166700, 70.924600, 72.345400, 50.875200, 51.641100, 52.323500, 53.361200, 54.297100, 55.448100, 56.602600, 57.625000, 58.749600, 59.471200, 59.917600, 60.423200, 60.823200, 61.251100, 61.751500, 62.131000, 62.920300, 63.324900, 63.228200, 63.999000, 
42.689600, 44.640200, 46.394100, 48.058800, 50.094100, 52.030900, 53.824400, 55.740000, 57.362200, 59.283300, 61.022800, 62.858300, 64.392400, 66.107500, 67.630700, 69.152200, 70.700500, 72.395200, 73.909500, 75.320100, 59.613600, 60.074000, 60.530000, 60.539700, 60.669700, 60.356200, 60.419100, 60.057400, 60.509200, 60.235800, 59.770900, 59.905800, 59.404800, 59.044100, 58.909900, 58.908000, 58.306400, 58.266400, 57.930500, 57.571600, 66.707100, 66.403800, 65.191100, 64.855900, 63.886400, 62.977800, 62.501200, 61.402800, 61.202600, 60.084500, 60.118900, 58.949700, 58.103300, 57.407400, 56.965500, 56.015200, 55.487200, 55.068100, 54.265700, 53.546700, 74.465800, 73.083400, 70.903000, 69.726600, 68.166000, 66.647000, 65.160400, 63.268700, 61.867200, 60.983900, 59.245000, 57.714000, 56.688700, 55.506100, 54.384800, 53.120000, 52.497200, 50.934800, 50.071900, 49.163500, 38.686100, 40.603400, 42.435300, 44.624400, 46.866500, 49.010400, 51.248400, 53.810700, 56.208900, 58.831000, 61.170900, 63.948500, 66.820200, 69.229100, 72.278800, 75.138900, 77.964500, 81.547800, 84.727200, 88.509600, 52.818300, 53.389400, 54.484300, 54.862700, 55.867900, 56.700700, 57.359200, 58.058800, 59.298900, 59.675500, 60.875900, 61.532100, 61.824600, 62.445200, 63.112200, 63.931100, 64.773200, 65.348000, 65.918100, 66.847800, 46.281600, 47.608200, 49.458700, 50.803600, 52.315100, 53.597700, 55.301500, 56.604700, 58.195200, 59.044000, 60.848400, 62.632100, 62.997900, 64.887700, 66.101100, 67.740800, 68.836200, 70.528900, 71.284900, 72.715500, 51.005200, 51.783600, 52.492500, 53.533000, 54.477600, 55.662900, 56.843600, 57.887500, 59.048700, 59.770700, 60.259100, 60.770800, 61.182700, 61.647900, 62.170700, 62.606400, 63.417600, 63.907900, 63.907300, 64.829300, 
42.891500, 44.835000, 46.604100, 48.287200, 50.306200, 52.255800, 54.090300, 56.004700, 57.652300, 59.580200, 61.334900, 63.176300, 64.735300, 66.473300, 68.007700, 69.550400, 71.094600, 72.839200, 74.347800, 75.774500, 60.174900, 60.537700, 60.979800, 60.955000, 61.057300, 60.692100, 60.752400, 60.368700, 60.832200, 60.546800, 60.065000, 60.206400, 59.692000, 59.323700, 59.190900, 59.174200, 58.573500, 58.546700, 58.196500, 57.852600, 67.159200, 66.840900, 65.605700, 65.266500, 64.271200, 63.347800, 62.865000, 61.732200, 61.537600, 60.383700, 60.419800, 59.213800, 58.348000, 57.664000, 57.202800, 56.232000, 55.701900, 55.246800, 54.434800, 53.706300, 74.913200, 73.516200, 71.298600, 70.125200, 68.541800, 67.016600, 65.499500, 63.602900, 62.185500, 61.289900, 59.526000, 57.990000, 56.957000, 55.767700, 54.619200, 53.355100, 52.715900, 51.135700, 50.280100, 49.367100, 38.802300, 40.737800, 42.583300, 44.788900, 47.042100, 49.204700, 51.469100, 54.059300, 56.465000, 59.133500, 61.482400, 64.265600, 67.182600, 69.620200, 72.716300, 75.618000, 78.455900, 82.088500, 85.284200, 89.131100, 53.042400, 53.602300, 54.723000, 55.100400, 56.124700, 56.948200, 57.626500, 58.344600, 59.581600, 59.972100, 61.188800, 61.846000, 62.146000, 62.772900, 63.437800, 64.269800, 65.135500, 65.721800, 66.285100, 67.233600, 46.516100, 47.850400, 49.715700, 51.072700, 52.583600, 53.871100, 55.579000, 56.880600, 58.490000, 59.337500, 61.162400, 62.935900, 63.294200, 65.192400, 66.433300, 68.051300, 69.173600, 70.873500, 71.634800, 73.084400, 51.117200, 51.915600, 52.632800, 53.691100, 54.657800, 55.850000, 57.058000, 58.131900, 59.325600, 60.059000, 60.559100, 61.103200, 61.528300, 62.028000, 62.545300, 63.022000, 63.886100, 64.420400, 64.475300, 65.525500, 
43.082500, 45.021800, 46.817500, 48.504700, 50.526300, 52.486500, 54.341700, 56.276000, 57.929100, 59.869900, 61.659500, 63.504100, 65.075600, 66.852500, 68.386900, 69.938600, 71.492800, 73.284900, 74.799400, 76.240800, 60.702200, 61.004300, 61.401600, 61.354100, 61.427000, 61.045400, 61.085500, 60.701500, 61.150500, 60.864900, 60.360700, 60.497600, 59.977000, 59.619000, 59.473500, 59.461300, 58.861300, 58.831100, 58.472400, 58.136600, 67.608400, 67.290600, 66.034000, 65.682500, 64.661900, 63.713700, 63.225000, 62.071500, 61.865500, 60.702200, 60.729100, 59.503900, 58.613500, 57.918100, 57.435500, 56.455700, 55.921700, 55.465800, 54.630200, 53.894300, 75.345900, 73.946100, 71.721700, 70.519300, 68.921000, 67.397900, 65.858200, 63.940600, 62.509400, 61.594300, 59.831500, 58.275500, 57.222200, 56.034700, 54.879300, 53.596100, 52.928300, 51.357600, 50.499100, 49.573800, 38.927000, 40.872600, 42.734100, 44.950800, 47.240000, 49.408300, 51.691800, 54.310600, 56.720500, 59.435500, 61.808500, 64.607700, 67.556300, 70.037700, 73.159200, 76.080300, 78.980900, 82.657300, 85.878600, 89.783300, 53.252800, 53.827500, 54.971800, 55.347400, 56.378500, 57.213600, 57.899600, 58.614800, 59.869400, 60.260900, 61.502300, 62.161600, 62.467000, 63.102200, 63.765900, 64.609500, 65.494100, 66.093600, 66.661400, 67.628000, 46.758600, 48.096400, 49.978700, 51.334100, 52.859600, 54.140300, 55.860800, 57.173000, 58.783200, 59.639700, 61.477400, 63.235700, 63.610300, 65.514400, 66.774000, 68.392400, 69.522100, 71.236700, 71.985900, 73.463500, 51.247700, 52.042200, 52.770000, 53.846300, 54.823400, 56.044900, 57.275500, 58.380500, 59.605600, 60.357000, 60.879400, 61.437600, 61.872900, 62.404400, 62.953200, 63.454400, 64.371200, 64.922100, 65.041700, 66.167200, 
43.226600, 45.180600, 46.987300, 48.668800, 50.712400, 52.681200, 54.557100, 56.504600, 58.172000, 60.120400, 61.921800, 63.777700, 65.373400, 67.154200, 68.710500, 70.283100, 71.841000, 73.656600, 75.173300, 76.617100, 61.113000, 61.397800, 61.753000, 61.679600, 61.743500, 61.339000, 61.374000, 60.969800, 61.419700, 61.127500, 60.611000, 60.740900, 60.218300, 59.874700, 59.719400, 59.691600, 59.099400, 59.046800, 58.706600, 58.361200, 67.983800, 67.659800, 66.381300, 66.017700, 64.992600, 64.014400, 63.530700, 62.364800, 62.147500, 60.964900, 60.978900, 59.748300, 58.846100, 58.134300, 57.636000, 56.644900, 56.106000, 55.648700, 54.791100, 54.039100, 75.723900, 74.311100, 72.074100, 70.859600, 69.244700, 67.714800, 66.168800, 64.222500, 62.779200, 61.861200, 60.097600, 58.511000, 57.460900, 56.252300, 55.082600, 53.802000, 53.132500, 51.531000, 50.678200, 49.747300, 39.027800, 40.975600, 42.841500, 45.088100, 47.389300, 49.572100, 51.883400, 54.512800, 56.942200, 59.682400, 62.078100, 64.902900, 67.881700, 70.389000, 73.558600, 76.493900, 79.409300, 83.133300, 86.399600, 90.344900, 53.434600, 54.033100, 55.162000, 55.566000, 56.591100, 57.438000, 58.123200, 58.850100, 60.128300, 60.522100, 61.765700, 62.433400, 62.737800, 63.386900, 64.044900, 64.914300, 65.806800, 66.398700, 66.978800, 67.969900, 46.962100, 48.301000, 50.190900, 51.553300, 53.080200, 54.373300, 56.099300, 57.417300, 59.040500, 59.895100, 61.737200, 63.494600, 63.874400, 65.798700, 67.049300, 68.669400, 69.815900, 71.537500, 72.286000, 73.779900, 51.350600, 52.141100, 52.892600, 53.977000, 54.956600, 56.193300, 57.449700, 58.580800, 59.829100, 60.604100, 61.145500, 61.732700, 62.186400, 62.723300, 63.306400, 63.820800, 64.764600, 65.342600, 65.500500, 66.691100, 
43.364600, 45.326100, 47.137400, 48.833400, 50.887600, 52.868100, 54.750000, 56.717400, 58.394100, 60.356100, 62.161800, 64.049000, 65.636100, 67.439300, 69.005600, 70.590400, 72.162700, 73.979000, 75.516000, 76.975600, 61.493500, 61.747400, 62.079600, 61.975600, 62.027400, 61.614200, 61.641700, 61.229700, 61.679700, 61.365200, 60.842800, 60.981400, 60.443000, 60.105200, 59.941500, 59.914200, 59.324000, 59.262400, 58.926200, 58.548500, 68.341500, 68.012100, 66.693700, 66.338500, 65.302400, 64.313500, 63.823900, 62.625500, 62.412600, 61.212200, 61.217400, 59.973700, 59.070300, 58.342600, 57.819200, 56.824800, 56.268500, 55.824300, 54.934500, 54.171300, 76.058600, 74.653200, 72.404100, 71.179200, 69.542600, 67.999700, 66.447800, 64.480100, 63.021500, 62.103400, 60.335500, 58.725500, 57.676800, 56.450400, 55.271100, 53.989400, 53.316300, 51.703500, 50.849700, 49.910300, 39.116200, 41.077000, 42.954700, 45.211000, 47.535100, 49.717800, 52.049300, 54.699500, 57.157700, 59.910800, 62.325300, 65.175800, 68.170400, 70.715200, 73.900500, 76.874700, 79.823500, 83.568700, 86.872800, 90.869300, 53.608900, 54.224400, 55.350100, 55.760700, 56.793200, 57.647400, 58.334900, 59.064400, 60.358100, 60.759900, 62.005200, 62.687800, 62.989800, 63.655000, 64.325200, 65.197000, 66.089400, 66.697200, 67.269500, 68.272000, 47.150100, 48.500500, 50.395700, 51.761100, 53.282100, 54.588300, 56.327500, 57.644600, 59.271200, 60.132100, 61.977300, 63.743200, 64.112800, 66.058800, 67.313700, 68.941100, 70.087100, 71.811300, 72.546200, 74.065200, 51.441100, 52.244600, 52.996800, 54.089700, 55.087600, 56.335500, 57.608900, 58.758000, 60.034200, 60.818100, 61.395700, 61.983800, 62.475500, 63.027000, 63.641200, 64.177600, 65.129500, 65.736700, 65.926800, 67.151600, 
43.482900, 45.455600, 47.268100, 48.976500, 51.047500, 53.043000, 54.928500, 56.915800, 58.581800, 60.557900, 62.388700, 64.297300, 65.886500, 67.688700, 69.274900, 70.889800, 72.449500, 74.281400, 75.812800, 77.297800, 61.849000, 62.062100, 62.365200, 62.243500, 62.290400, 61.871800, 61.884800, 61.460600, 61.904300, 61.587700, 61.055400, 61.207500, 60.649900, 60.308800, 60.135500, 60.125700, 59.521300, 59.452500, 59.107700, 58.750300, 68.667500, 68.329400, 66.993700, 66.628300, 65.594900, 64.579700, 64.084500, 62.874500, 62.644900, 61.440000, 61.434300, 60.175500, 59.271500, 58.521500, 57.984000, 56.985800, 56.417200, 55.975200, 55.083400, 54.298700, 76.380800, 74.956000, 72.699300, 71.472300, 69.819600, 68.272600, 66.718100, 64.728700, 63.252700, 62.329500, 60.552200, 58.934400, 57.879700, 56.631300, 55.459800, 54.167000, 53.483200, 51.866400, 50.994700, 50.058700, 39.195800, 41.160800, 43.051300, 45.330000, 47.657900, 49.866900, 52.190300, 54.866000, 57.351500, 60.116600, 62.550200, 65.429700, 68.457500, 71.017100, 74.227800, 77.228900, 80.206400, 83.981000, 87.307800, 91.337800, 53.769300, 54.393500, 55.526300, 55.932700, 56.981000, 57.850100, 58.533800, 59.263800, 60.577400, 60.985600, 62.236100, 62.921600, 63.229100, 63.892800, 64.572400, 65.445900, 66.346700, 66.957200, 67.532200, 68.549400, 47.329600, 48.685100, 50.583900, 51.947300, 53.474400, 54.792600, 56.532100, 57.853100, 59.477700, 60.349500, 62.213100, 63.975600, 64.347600, 66.297800, 67.562800, 69.189400, 70.333400, 72.061700, 72.800100, 74.331800, 51.523400, 52.331100, 53.093000, 54.189800, 55.199100, 56.467800, 57.747600, 58.922000, 60.227600, 61.031300, 61.619900, 62.236300, 62.746300, 63.306500, 63.940200, 64.506500, 65.477100, 66.101100, 66.321300, 67.584200, 
43.588000, 45.577600, 47.386000, 49.113600, 51.187500, 53.208400, 55.096800, 57.091900, 58.775800, 60.749500, 62.599000, 64.504800, 66.118500, 67.924700, 69.525500, 71.154700, 72.708800, 74.544900, 76.093400, 77.579600, 62.159300, 62.355300, 62.641400, 62.501000, 62.532500, 62.100600, 62.104000, 61.668800, 62.112100, 61.796100, 61.261400, 61.407400, 60.836600, 60.487200, 60.321500, 60.294100, 59.698900, 59.635100, 59.275600, 58.918300, 68.955200, 68.616400, 67.276200, 66.897300, 65.856200, 64.805900, 64.324700, 63.095200, 62.856700, 61.637800, 61.636600, 60.368500, 59.458500, 58.701100, 58.150400, 57.137700, 56.568200, 56.103300, 55.211300, 54.421800, 76.681900, 75.237100, 72.959900, 71.732400, 70.068000, 68.517200, 66.944700, 64.950800, 63.475400, 62.535600, 60.741100, 59.131400, 58.056900, 56.797900, 55.621600, 54.328500, 53.627100, 52.015400, 51.130800, 50.192200, 39.269300, 41.247500, 43.154700, 45.435500, 47.779400, 49.996500, 52.327900, 55.016200, 57.533100, 60.313800, 62.759300, 65.657700, 68.713200, 71.269900, 74.514300, 77.541500, 80.549200, 84.346100, 87.714900, 91.787000, 53.912200, 54.552200, 55.676800, 56.095600, 57.158000, 58.028800, 58.723500, 59.446400, 60.768800, 61.182900, 62.433200, 63.131000, 63.444600, 64.105000, 64.793000, 65.677200, 66.586200, 67.197000, 67.773600, 68.801900, 47.483700, 48.854000, 50.749100, 52.115800, 53.653600, 54.965400, 56.719400, 58.037900, 59.669000, 60.535800, 62.405000, 64.185100, 64.552700, 66.522100, 67.776000, 69.420700, 70.559800, 72.295900, 73.031000, 74.572900, 51.594200, 52.405100, 53.178300, 54.284400, 55.297300, 56.574500, 57.882800, 59.070500, 60.398600, 61.219900, 61.847000, 62.481700, 62.992900, 63.568900, 64.231300, 64.818400, 65.810200, 66.433200, 66.686900, 67.972500, 


0.000000, 0.000000, 0.000000, 0.000000, 0.000000, 0.000000, 0.000000, 0.000000, 0.000000, 0.000000, 0.000000, 0.000000, 0.000000, 0.000000, 0.000000, 0.000000, 0.000000, 0.000000, 0.000000, 0.000000, 0.000000, 0.000000, 0.000000, 0.000000, 0.000000, 0.000000, 0.000000, 0.000000, 0.000000, 0.000000, 0.000000, 0.000000, 0.000000, 0.000000, 0.000000, 0.000000, 0.000000, 0.000000, 0.000000, 0.000000, 0.000000, 0.000000, 0.000000, 0.000000, 0.000000, 0.000000, 0.000000, 0.000000, 0.000000, 0.000000, 0.000000, 0.000000, 0.000000, 0.000000, 0.000000, 0.000000, 0.000000, 0.000000, 0.000000, 0.000000, 0.000000, 0.000000, 0.000000, 0.000000, 0.000000, 0.000000, 0.000000, 0.000000, 0.000000, 0.000000, 0.000000, 0.000000, 0.000000, 0.000000, 0.000000, 0.000000, 0.000000, 0.000000, 0.000000, 0.000000, 0.000000, 0.000000, 0.000000, 0.000000, 0.000000, 0.000000, 0.000000, 0.000000, 0.000000, 0.000000, 0.000000, 0.000000, 0.000000, 0.000000, 0.000000, 0.000000, 0.000000, 0.000000, 0.000000, 0.000000, 0.000000, 0.000000, 0.000000, 0.000000, 0.000000, 0.000000, 0.000000, 0.000000, 0.000000, 0.000000, 0.000000, 0.000000, 0.000000, 0.000000, 0.000000, 0.000000, 0.000000, 0.000000, 0.000000, 0.000000, 0.000000, 0.000000, 0.000000, 0.000000, 0.000000, 0.000000, 0.000000, 0.000000, 0.000000, 0.000000, 0.000000, 0.000000, 0.000000, 0.000000, 0.000000, 0.000000, 0.000000, 0.000000, 0.000000, 0.000000, 0.000000, 0.000000, 0.000000, 0.000000, 0.000000, 0.000000, 0.000000, 0.000000, 0.000000, 0.000000, 0.000000, 0.000000, 0.000000, 0.000000, 0.000000, 0.000000, 0.000000, 0.000000, 0.000000, 0.000000, 
0.000000, 0.000000, 0.000000, 0.000000, 0.000000, 0.000000, 0.000000, 0.000000, 0.000000, 0.000000, 0.000000, 0.000000, 0.000000, 0.000000, 0.000000, 0.000000, 0.000000, 0.000000, 0.000000, 0.000000, 0.000000, 0.000000, 0.000000, 0.000000, 0.000000, 0.000000, 0.000000, 0.000000, 0.000000, 0.000000, 0.000000, 0.000000, 0.000000, 0.000000, 0.000000, 0.000000, 0.000000, 0.000000, 0.000000, 0.000000, 0.000000, 0.000000, 0.000000, 0.000000, 0.000000, 0.000000, 0.000000, 0.000000, 0.000000, 0.000000, 0.000000, 0.000000, 0.000000, 0.000000, 0.000000, 0.000000, 0.000000, 0.000000, 0.000000, 0.000000, 0.000000, 0.000000, 0.000000, 0.000000, 0.000000, 0.000000, 0.000000, 0.000000, 0.000000, 0.000000, 0.000000, 0.000000, 0.000000, 0.000000, 0.000000, 0.000000, 0.000000, 0.000000, 0.000000, 0.000000, 0.000000, 0.000000, 0.000000, 0.000000, 0.000000, 0.000000, 0.000000, 0.000000, 0.000000, 0.000000, 0.000000, 0.000000, 0.000000, 0.000000, 0.000000, 0.000000, 0.000000, 0.000000, 0.000000, 0.000000, 0.000000, 0.000000, 0.000000, 0.000000, 0.000000, 0.000000, 0.000000, 0.000000, 0.000000, 0.000000, 0.000000, 0.000000, 0.000000, 0.000000, 0.000000, 0.000000, 0.000000, 0.000000, 0.000000, 0.000000, 0.000000, 0.000000, 0.000000, 0.000000, 0.000000, 0.000000, 0.000000, 0.000000, 0.000000, 0.000000, 0.000000, 0.000000, 0.000000, 0.000000, 0.000000, 0.000000, 0.000000, 0.000000, 0.000000, 0.000000, 0.000000, 0.000000, 0.000000, 0.000000, 0.000000, 0.000000, 0.000000, 0.000000, 0.000000, 0.000000, 0.000000, 0.000000, 0.000000, 0.000000, 0.000000, 0.000000, 0.000000, 0.000000, 0.000000, 0.000000, 
0.000000, 0.000000, 0.000000, 0.000000, 0.000000, 0.000000, 0.000000, 0.000000, 0.000000, 0.000000, 0.000000, 0.000000, 0.000000, 0.000000, 0.000000, 0.000000, 0.000000, 0.000000, 0.000000, 0.000000, 0.000000, 0.000000, 0.000000, 0.000000, 0.000000, 0.000000, 0.000000, 0.000000, 0.000000, 0.000000, 0.000000, 0.000000, 0.000000, 0.000000, 0.000000, 0.000000, 0.000000, 0.000000, 0.000000, 0.000000, 0.000000, 0.000000, 0.000000, 0.000000, 0.000000, 0.000000, 0.000000, 0.000000, 0.000000, 0.000000, 0.000000, 0.000000, 0.000000, 0.000000, 0.000000, 0.000000, 0.000000, 0.000000, 0.000000, 0.000000, 0.000000, 0.000000, 0.000000, 0.000000, 0.000000, 0.000000, 0.000000, 0.000000, 0.000000, 0.000000, 0.000000, 0.000000, 0.000000, 0.000000, 0.000000, 0.000000, 0.000000, 0.000000, 0.000000, 0.000000, 0.000000, 0.000000, 0.000000, 0.000000, 0.000000, 0.000000, 0.000000, 0.000000, 0.000000, 0.000000, 0.000000, 0.000000, 0.000000, 0.000000, 0.000000, 0.000000, 0.000000, 0.000000, 0.000000, 0.000000, 0.000000, 0.000000, 0.000000, 0.000000, 0.000000, 0.000000, 0.000000, 0.000000, 0.000000, 0.000000, 0.000000, 0.000000, 0.000000, 0.000000, 0.000000, 0.000000, 0.000000, 0.000000, 0.000000, 0.000000, 0.000000, 0.000000, 0.000000, 0.000000, 0.000000, 0.000000, 0.000000, 0.000000, 0.000000, 0.000000, 0.000000, 0.000000, 0.000000, 0.000000, 0.000000, 0.000000, 0.000000, 0.000000, 0.000000, 0.000000, 0.000000, 0.000000, 0.000000, 0.000000, 0.000000, 0.000000, 0.000000, 0.000000, 0.000000, 0.000000, 0.000000, 0.000000, 0.000000, 0.000000, 0.000000, 0.000000, 0.000000, 0.000000, 0.000000, 0.000000, 
0.000000, 0.000000, 0.000000, 0.000000, 0.000000, 0.000000, 0.000000, 0.000000, 0.000000, 0.000000, 0.000000, 0.000000, 0.000000, 0.000000, 0.000000, 0.000000, 0.000000, 0.000000, 0.000000, 0.000000, 0.000000, 0.000000, 0.000000, 0.000000, 0.000000, 0.000000, 0.000000, 0.000000, 0.000000, 0.000000, 0.000000, 0.000000, 0.000000, 0.000000, 0.000000, 0.000000, 0.000000, 0.000000, 0.000000, 0.000000, 0.000000, 0.000000, 0.000000, 0.000000, 0.000000, 0.000000, 0.000000, 0.000000, 0.000000, 0.000000, 0.000000, 0.000000, 0.000000, 0.000000, 0.000000, 0.000000, 0.000000, 0.000000, 0.000000, 0.000000, 0.000000, 0.000000, 0.000000, 0.000000, 0.000000, 0.000000, 0.000000, 0.000000, 0.000000, 0.000000, 0.000000, 0.000000, 0.000000, 0.000000, 0.000000, 0.000000, 0.000000, 0.000000, 0.000000, 0.000000, 0.000000, 0.000000, 0.000000, 0.000000, 0.000000, 0.000000, 0.000000, 0.000000, 0.000000, 0.000000, 0.000000, 0.000000, 0.000000, 0.000000, 0.000000, 0.000000, 0.000000, 0.000000, 0.000000, 0.000000, 0.000000, 0.000000, 0.000000, 0.000000, 0.000000, 0.000000, 0.000000, 0.000000, 0.000000, 0.000000, 0.000000, 0.000000, 0.000000, 0.000000, 0.000000, 0.000000, 0.000000, 0.000000, 0.000000, 0.000000, 0.000000, 0.000000, 0.000000, 0.000000, 0.000000, 0.000000, 0.000000, 0.000000, 0.000000, 0.000000, 0.000000, 0.000000, 0.000000, 0.000000, 0.000000, 0.000000, 0.000000, 0.000000, 0.000000, 0.000000, 0.000000, 0.000000, 0.000000, 0.000000, 0.000000, 0.000000, 0.000000, 0.000000, 0.000000, 0.000000, 0.000000, 0.000000, 0.000000, 0.000000, 0.000000, 0.000000, 0.000000, 0.000000, 0.000000, 0.000000, 
0.000000, 0.000000, 0.000000, 0.000000, 0.000000, 0.000000, 0.000000, 0.000000, 0.000000, 0.000000, 0.000000, 0.000000, 0.000000, 0.000000, 0.000000, 0.000000, 0.000000, 0.000000, 0.000000, 0.000000, 0.000000, 0.000000, 0.000000, 0.000000, 0.000000, 0.000000, 0.000000, 0.000000, 0.000000, 0.000000, 0.000000, 0.000000, 0.000000, 0.000000, 0.000000, 0.000000, 0.000000, 0.000000, 0.000000, 0.000000, 0.000000, 0.000000, 0.000000, 0.000000, 0.000000, 0.000000, 0.000000, 0.000000, 0.000000, 0.000000, 0.000000, 0.000000, 0.000000, 0.000000, 0.000000, 0.000000, 0.000000, 0.000000, 0.000000, 0.000000, 0.000000, 0.000000, 0.000000, 0.000000, 0.000000, 0.000000, 0.000000, 0.000000, 0.000000, 0.000000, 0.000000, 0.000000, 0.000000, 0.000000, 0.000000, 0.000000, 0.000000, 0.000000, 0.000000, 0.000000, 0.000000, 0.000000, 0.000000, 0.000000, 0.000000, 0.000000, 0.000000, 0.000000, 0.000000, 0.000000, 0.000000, 0.000000, 0.000000, 0.000000, 0.000000, 0.000000, 0.000000, 0.000000, 0.000000, 0.000000, 0.000000, 0.000000, 0.000000, 0.000000, 0.000000, 0.000000, 0.000000, 0.000000, 0.000000, 0.000000, 0.000000, 0.000000, 0.000000, 0.000000, 0.000000, 0.000000, 0.000000, 0.000000, 0.000000, 0.000000, 0.000000, 0.000000, 0.000000, 0.000000, 0.000000, 0.000000, 0.000000, 0.000000, 0.000000, 0.000000, 0.000000, 0.000000, 0.000000, 0.000000, 0.000000, 0.000000, 0.000000, 0.000000, 0.000000, 0.000000, 0.000000, 0.000000, 0.000000, 0.000000, 0.000000, 0.000000, 0.000000, 0.000000, 0.000000, 0.000000, 0.000000, 0.000000, 0.000000, 0.000000, 0.000000, 0.000000, 0.000000, 0.000000, 0.000000, 0.000000, 
0.000000, 0.000000, 0.000000, 0.000000, 0.000000, 0.000000, 0.000000, 0.000000, 0.000000, 0.000000, 0.000000, 0.000000, 0.000000, 0.000000, 0.000000, 0.000000, 0.000000, 0.000000, 0.000000, 0.000000, 0.000000, 0.000000, 0.000000, 0.000000, 0.000000, 0.000000, 0.000000, 0.000000, 0.000000, 0.000000, 0.000000, 0.000000, 0.000000, 0.000000, 0.000000, 0.000000, 0.000000, 0.000000, 0.000000, 0.000000, 0.000000, 0.000000, 0.000000, 0.000000, 0.000000, 0.000000, 0.000000, 0.000000, 0.000000, 0.000000, 0.000000, 0.000000, 0.000000, 0.000000, 0.000000, 0.000000, 0.000000, 0.000000, 0.000000, 0.000000, 0.000000, 0.000000, 0.000000, 0.000000, 0.000000, 0.000000, 0.000000, 0.000000, 0.000000, 0.000000, 0.000000, 0.000000, 0.000000, 0.000000, 0.000000, 0.000000, 0.000000, 0.000000, 0.000000, 0.000000, 0.000000, 0.000000, 0.000000, 0.000000, 0.000000, 0.000000, 0.000000, 0.000000, 0.000000, 0.000000, 0.000000, 0.000000, 0.000000, 0.000000, 0.000000, 0.000000, 0.000000, 0.000000, 0.000000, 0.000000, 0.000000, 0.000000, 0.000000, 0.000000, 0.000000, 0.000000, 0.000000, 0.000000, 0.000000, 0.000000, 0.000000, 0.000000, 0.000000, 0.000000, 0.000000, 0.000000, 0.000000, 0.000000, 0.000000, 0.000000, 0.000000, 0.000000, 0.000000, 0.000000, 0.000000, 0.000000, 0.000000, 0.000000, 0.000000, 0.000000, 0.000000, 0.000000, 0.000000, 0.000000, 0.000000, 0.000000, 0.000000, 0.000000, 0.000000, 0.000000, 0.000000, 0.000000, 0.000000, 0.000000, 0.000000, 0.000000, 0.000000, 0.000000, 0.000000, 0.000000, 0.000000, 0.000000, 0.000000, 0.000000, 0.000000, 0.000000, 0.000000, 0.000000, 0.000000, 0.000000, 
0.000000, 0.000000, 0.000000, 0.000000, 0.000000, 0.000000, 0.000000, 0.000000, 0.000000, 0.000000, 0.000000, 0.000000, 0.000000, 0.000000, 0.000000, 0.000000, 0.000000, 0.000000, 0.000000, 0.000000, 0.000000, 0.000000, 0.000000, 0.000000, 0.000000, 0.000000, 0.000000, 0.000000, 0.000000, 0.000000, 0.000000, 0.000000, 0.000000, 0.000000, 0.000000, 0.000000, 0.000000, 0.000000, 0.000000, 0.000000, 0.000000, 0.000000, 0.000000, 0.000000, 0.000000, 0.000000, 0.000000, 0.000000, 0.000000, 0.000000, 0.000000, 0.000000, 0.000000, 0.000000, 0.000000, 0.000000, 0.000000, 0.000000, 0.000000, 0.000000, 0.000000, 0.000000, 0.000000, 0.000000, 0.000000, 0.000000, 0.000000, 0.000000, 0.000000, 0.000000, 0.000000, 0.000000, 0.000000, 0.000000, 0.000000, 0.000000, 0.000000, 0.000000, 0.000000, 0.000000, 0.000000, 0.000000, 0.000000, 0.000000, 0.000000, 0.000000, 0.000000, 0.000000, 0.000000, 0.000000, 0.000000, 0.000000, 0.000000, 0.000000, 0.000000, 0.000000, 0.000000, 0.000000, 0.000000, 0.000000, 0.000000, 0.000000, 0.000000, 0.000000, 0.000000, 0.000000, 0.000000, 0.000000, 0.000000, 0.000000, 0.000000, 0.000000, 0.000000, 0.000000, 0.000000, 0.000000, 0.000000, 0.000000, 0.000000, 0.000000, 0.000000, 0.000000, 0.000000, 0.000000, 0.000000, 0.000000, 0.000000, 0.000000, 0.000000, 0.000000, 0.000000, 0.000000, 0.000000, 0.000000, 0.000000, 0.000000, 0.000000, 0.000000, 0.000000, 0.000000, 0.000000, 0.000000, 0.000000, 0.000000, 0.000000, 0.000000, 0.000000, 0.000000, 0.000000, 0.000000, 0.000000, 0.000000, 0.000000, 0.000000, 0.000000, 0.000000, 0.000000, 0.000000, 0.000000, 0.000000, 
0.000000, 0.000000, 0.000000, 0.000000, 0.000000, 0.000000, 0.000000, 0.000000, 0.000000, 0.000000, 0.000000, 0.000000, 0.000000, 0.000000, 0.000000, 0.000000, 0.000000, 0.000000, 0.000000, 0.000000, 0.000000, 0.000000, 0.000000, 0.000000, 0.000000, 0.000000, 0.000000, 0.000000, 0.000000, 0.000000, 0.000000, 0.000000, 0.000000, 0.000000, 0.000000, 0.000000, 0.000000, 0.000000, 0.000000, 0.000000, 0.000000, 0.000000, 0.000000, 0.000000, 0.000000, 0.000000, 0.000000, 0.000000, 0.000000, 0.000000, 0.000000, 0.000000, 0.000000, 0.000000, 0.000000, 0.000000, 0.000000, 0.000000, 0.000000, 0.000000, 0.000000, 0.000000, 0.000000, 0.000000, 0.000000, 0.000000, 0.000000, 0.000000, 0.000000, 0.000000, 0.000000, 0.000000, 0.000000, 0.000000, 0.000000, 0.000000, 0.000000, 0.000000, 0.000000, 0.000000, 0.000000, 0.000000, 0.000000, 0.000000, 0.000000, 0.000000, 0.000000, 0.000000, 0.000000, 0.000000, 0.000000, 0.000000, 0.000000, 0.000000, 0.000000, 0.000000, 0.000000, 0.000000, 0.000000, 0.000000, 0.000000, 0.000000, 0.000000, 0.000000, 0.000000, 0.000000, 0.000000, 0.000000, 0.000000, 0.000000, 0.000000, 0.000000, 0.000000, 0.000000, 0.000000, 0.000000, 0.000000, 0.000000, 0.000000, 0.000000, 0.000000, 0.000000, 0.000000, 0.000000, 0.000000, 0.000000, 0.000000, 0.000000, 0.000000, 0.000000, 0.000000, 0.000000, 0.000000, 0.000000, 0.000000, 0.000000, 0.000000, 0.000000, 0.000000, 0.000000, 0.000000, 0.000000, 0.000000, 0.000000, 0.000000, 0.000000, 0.000000, 0.000000, 0.000000, 0.000000, 0.000000, 0.000000, 0.000000, 0.000000, 0.000000, 0.000000, 0.000000, 0.000000, 0.000000, 0.000000, 
0.000000, 0.000000, 0.000000, 0.000000, 0.000000, 0.000000, 0.000000, 0.000000, 0.000000, 0.000000, 0.000000, 0.000000, 0.000000, 0.000000, 0.000000, 0.000000, 0.000000, 0.000000, 0.000000, 0.000000, 0.000000, 0.000000, 0.000000, 0.000000, 0.000000, 0.000000, 0.000000, 0.000000, 0.000000, 0.000000, 0.000000, 0.000000, 0.000000, 0.000000, 0.000000, 0.000000, 0.000000, 0.000000, 0.000000, 0.000000, 0.000000, 0.000000, 0.000000, 0.000000, 0.000000, 0.000000, 0.000000, 0.000000, 0.000000, 0.000000, 0.000000, 0.000000, 0.000000, 0.000000, 0.000000, 0.000000, 0.000000, 0.000000, 0.000000, 0.000000, 0.000000, 0.000000, 0.000000, 0.000000, 0.000000, 0.000000, 0.000000, 0.000000, 0.000000, 0.000000, 0.000000, 0.000000, 0.000000, 0.000000, 0.000000, 0.000000, 0.000000, 0.000000, 0.000000, 0.000000, 0.000000, 0.000000, 0.000000, 0.000000, 0.000000, 0.000000, 0.000000, 0.000000, 0.000000, 0.000000, 0.000000, 0.000000, 0.000000, 0.000000, 0.000000, 0.000000, 0.000000, 0.000000, 0.000000, 0.000000, 0.000000, 0.000000, 0.000000, 0.000000, 0.000000, 0.000000, 0.000000, 0.000000, 0.000000, 0.000000, 0.000000, 0.000000, 0.000000, 0.000000, 0.000000, 0.000000, 0.000000, 0.000000, 0.000000, 0.000000, 0.000000, 0.000000, 0.000000, 0.000000, 0.000000, 0.000000, 0.000000, 0.000000, 0.000000, 0.000000, 0.000000, 0.000000, 0.000000, 0.000000, 0.000000, 0.000000, 0.000000, 0.000000, 0.000000, 0.000000, 0.000000, 0.000000, 0.000000, 0.000000, 0.000000, 0.000000, 0.000000, 0.000000, 0.000000, 0.000000, 0.000000, 0.000000, 0.000000, 0.000000, 0.000000, 0.000000, 0.000000, 0.000000, 0.000000, 0.000000, 
0.000000, 0.000000, 0.000000, 0.000000, 0.000000, 0.000000, 0.000000, 0.000000, 0.000700, 0.000700, 0.001300, 0.002200, 0.003600, 0.003700, 0.008100, 0.011700, 0.068900, 0.115000, 0.150700, 0.152900, 0.001100, 0.001600, 0.001300, 0.001600, 0.000800, 0.000700, 0.000600, 0.000900, 0.001200, 0.001600, 0.001400, 0.001200, 0.001100, 0.000900, 0.000700, 0.001100, 0.001000, 0.000900, 0.000600, 0.001300, 0.001300, 0.001500, 0.001400, 0.001600, 0.001400, 0.001100, 0.001500, 0.001100, 0.001200, 0.000700, 0.001400, 0.001000, 0.001400, 0.001100, 0.000800, 0.000900, 0.001900, 0.001600, 0.001100, 0.001400, 0.001100, 0.001300, 0.001200, 0.000500, 0.001000, 0.000900, 0.001300, 0.001900, 0.001200, 0.000800, 0.000900, 0.001100, 0.001100, 0.001300, 0.001100, 0.001000, 0.000400, 0.001100, 0.001400, 0.001500, 0.001000, 0.001000, 0.001400, 0.000600, 0.001200, 0.001400, 0.001700, 0.001200, 0.002000, 0.000800, 0.001200, 0.000900, 0.001200, 0.001300, 0.000700, 0.001500, 0.001400, 0.000900, 0.001200, 0.002300, 0.000000, 0.000000, 0.000100, 0.000300, 0.000100, 0.000400, 0.000600, 0.000800, 0.000500, 0.000800, 0.001400, 0.001400, 0.002700, 0.001700, 0.002200, 0.002100, 0.003600, 0.003200, 0.004200, 0.003500, 0.000500, 0.000700, 0.000400, 0.000700, 0.000600, 0.000600, 0.000700, 0.001300, 0.001500, 0.001600, 0.001400, 0.001300, 0.001600, 0.002200, 0.001600, 0.002700, 0.001300, 0.001500, 0.002300, 0.002700, 0.001100, 0.001100, 0.001000, 0.001700, 0.000900, 0.001900, 0.001300, 0.000800, 0.001600, 0.001300, 0.001300, 0.000700, 0.001400, 0.000600, 0.001200, 0.001100, 0.001900, 0.001100, 0.001800, 0.001500, 
0.001600, 0.002400, 0.004800, 0.007300, 0.008200, 0.097500, 0.134700, 0.167400, 0.177300, 0.219500, 0.251000, 0.267400, 0.297700, 0.343300, 0.366400, 0.415500, 0.440200, 0.493300, 0.514900, 0.534100, 0.227700, 0.227400, 0.228900, 0.232400, 0.229200, 0.223200, 0.237800, 0.226200, 0.228100, 0.227100, 0.229800, 0.233400, 0.227500, 0.226400, 0.227400, 0.227100, 0.227500, 0.233600, 0.219500, 0.224900, 0.272100, 0.271200, 0.253700, 0.241400, 0.252600, 0.249100, 0.235500, 0.239500, 0.234600, 0.232600, 0.227900, 0.223100, 0.224600, 0.215500, 0.214800, 0.205600, 0.210400, 0.213200, 0.196600, 0.199200, 0.226800, 0.227600, 0.226600, 0.229200, 0.224700, 0.227300, 0.228100, 0.232400, 0.227800, 0.231400, 0.239700, 0.231500, 0.223400, 0.228800, 0.228400, 0.223100, 0.229900, 0.230900, 0.227700, 0.232900, 0.234000, 0.237400, 0.227300, 0.235400, 0.223100, 0.231100, 0.233100, 0.221700, 0.231700, 0.222900, 0.229300, 0.233100, 0.230400, 0.225000, 0.229100, 0.227900, 0.218400, 0.231000, 0.213700, 0.238300, 0.153800, 0.167600, 0.174500, 0.173600, 0.188400, 0.195100, 0.205600, 0.209500, 0.211900, 0.225400, 0.238800, 0.231200, 0.242900, 0.253800, 0.259200, 0.264500, 0.277900, 0.279900, 0.294200, 0.300900, 0.127000, 0.138000, 0.141500, 0.153600, 0.172800, 0.176700, 0.177400, 0.202400, 0.208300, 0.219800, 0.233400, 0.246000, 0.254400, 0.264000, 0.288700, 0.297500, 0.299500, 0.330800, 0.338400, 0.361100, 0.219500, 0.225100, 0.225000, 0.232000, 0.229900, 0.233800, 0.232500, 0.233500, 0.232200, 0.227200, 0.228000, 0.230900, 0.230300, 0.229400, 0.219100, 0.226300, 0.226100, 0.234000, 0.231300, 0.231300, 
0.177100, 0.201400, 0.238500, 0.266200, 0.314500, 0.367600, 0.396300, 0.448400, 0.480100, 0.536700, 0.568200, 0.598700, 0.622100, 0.652900, 0.656900, 0.680900, 0.681300, 0.711300, 0.700600, 0.690400, 0.556700, 0.561500, 0.552000, 0.542700, 0.551800, 0.546500, 0.561900, 0.553400, 0.549400, 0.548300, 0.549100, 0.568400, 0.559100, 0.552600, 0.544600, 0.545300, 0.544800, 0.539000, 0.557500, 0.544200, 0.600600, 0.610200, 0.594900, 0.592000, 0.588400, 0.566800, 0.569200, 0.576000, 0.559300, 0.543400, 0.552200, 0.543300, 0.535500, 0.527500, 0.541500, 0.526400, 0.535100, 0.515000, 0.497800, 0.505000, 0.545800, 0.555100, 0.553800, 0.549500, 0.542100, 0.542800, 0.545300, 0.561700, 0.541200, 0.556100, 0.563000, 0.549500, 0.547600, 0.547600, 0.548500, 0.542100, 0.555000, 0.553600, 0.555400, 0.548900, 0.556300, 0.561500, 0.553100, 0.545900, 0.546600, 0.561200, 0.565600, 0.548600, 0.546100, 0.539700, 0.560800, 0.548800, 0.563700, 0.538300, 0.564700, 0.560400, 0.540300, 0.552200, 0.545400, 0.556300, 0.452500, 0.480800, 0.475300, 0.484400, 0.501000, 0.506600, 0.523600, 0.538200, 0.539200, 0.547000, 0.574200, 0.573800, 0.572000, 0.569300, 0.577800, 0.577900, 0.594500, 0.596900, 0.608400, 0.618000, 0.311700, 0.331000, 0.355300, 0.378600, 0.412100, 0.415200, 0.446700, 0.495900, 0.513300, 0.526200, 0.566400, 0.606400, 0.625300, 0.643000, 0.683400, 0.732700, 0.745100, 0.782500, 0.802200, 0.845600, 0.545900, 0.561100, 0.556200, 0.565200, 0.561800, 0.567500, 0.554800, 0.564900, 0.559200, 0.561100, 0.556700, 0.553900, 0.557500, 0.554500, 0.541400, 0.545600, 0.556400, 0.537900, 0.543800, 0.554600, 
0.394200, 0.440200, 0.501100, 0.539700, 0.590100, 0.632900, 0.650000, 0.671200, 0.671900, 0.700400, 0.708100, 0.706300, 0.713700, 0.718200, 0.708900, 0.720700, 0.716200, 0.737000, 0.720800, 0.704000, 0.714100, 0.712000, 0.705900, 0.695000, 0.708600, 0.686400, 0.718500, 0.697200, 0.699900, 0.702500, 0.695000, 0.721700, 0.707600, 0.710100, 0.705700, 0.699400, 0.698500, 0.682800, 0.709100, 0.696300, 0.759300, 0.754000, 0.749000, 0.746900, 0.753800, 0.713300, 0.721000, 0.729700, 0.714000, 0.697100, 0.713000, 0.687800, 0.685200, 0.679700, 0.697800, 0.670600, 0.676700, 0.663100, 0.642500, 0.650800, 0.683700, 0.707000, 0.700200, 0.698300, 0.697400, 0.693800, 0.696400, 0.713800, 0.689500, 0.707300, 0.716400, 0.691600, 0.696400, 0.698800, 0.697900, 0.692900, 0.703400, 0.701200, 0.707000, 0.704500, 0.713500, 0.713900, 0.706900, 0.692300, 0.696500, 0.711000, 0.711300, 0.696800, 0.699100, 0.694600, 0.723800, 0.698800, 0.720200, 0.688200, 0.719100, 0.709900, 0.695000, 0.706600, 0.687700, 0.700700, 0.680000, 0.693600, 0.680100, 0.688800, 0.695300, 0.689700, 0.700400, 0.706600, 0.698800, 0.703300, 0.723800, 0.714900, 0.711400, 0.692000, 0.701800, 0.700100, 0.708000, 0.711400, 0.720900, 0.714300, 0.401100, 0.423400, 0.458600, 0.488000, 0.528500, 0.541900, 0.568800, 0.632000, 0.658800, 0.675700, 0.720200, 0.766800, 0.791400, 0.821300, 0.872200, 0.923100, 0.946600, 0.986200, 1.003500, 1.067100, 0.710700, 0.719800, 0.722000, 0.715200, 0.722400, 0.718100, 0.705700, 0.711200, 0.707600, 0.709600, 0.707700, 0.710800, 0.708900, 0.703500, 0.693000, 0.691300, 0.708000, 0.684000, 0.684000, 0.702300, 
0.616700, 0.640500, 0.679700, 0.689400, 0.705000, 0.728200, 0.715700, 0.723600, 0.710100, 0.724600, 0.727800, 0.719100, 0.724700, 0.726400, 0.714100, 0.724300, 0.719500, 0.739000, 0.722200, 0.705300, 0.741300, 0.729000, 0.727600, 0.716500, 0.730100, 0.707100, 0.740900, 0.721200, 0.721600, 0.723100, 0.715500, 0.743100, 0.735100, 0.731500, 0.730100, 0.724100, 0.719900, 0.704700, 0.732900, 0.719400, 0.783800, 0.778200, 0.775300, 0.769200, 0.777200, 0.735800, 0.744900, 0.752800, 0.739600, 0.722000, 0.738800, 0.708200, 0.711000, 0.698400, 0.719100, 0.690200, 0.698400, 0.684900, 0.662600, 0.671300, 0.705400, 0.730700, 0.727000, 0.722000, 0.719700, 0.715800, 0.718700, 0.735900, 0.712000, 0.728600, 0.741300, 0.715200, 0.723200, 0.726700, 0.722600, 0.718800, 0.725300, 0.723200, 0.731200, 0.725600, 0.740500, 0.734000, 0.730600, 0.712700, 0.722000, 0.734000, 0.734300, 0.721700, 0.721700, 0.717600, 0.743000, 0.718700, 0.742900, 0.708400, 0.745200, 0.733200, 0.716700, 0.727600, 0.711800, 0.725000, 0.727300, 0.731100, 0.714500, 0.721700, 0.729400, 0.722200, 0.728700, 0.732700, 0.728700, 0.728300, 0.745800, 0.735100, 0.731100, 0.714800, 0.720300, 0.718700, 0.722200, 0.726500, 0.740300, 0.730000, 0.414100, 0.438900, 0.474300, 0.505800, 0.546300, 0.557800, 0.588800, 0.657000, 0.682500, 0.699000, 0.746900, 0.793300, 0.814400, 0.848600, 0.899400, 0.948100, 0.975900, 1.014900, 1.039300, 1.101500, 0.732600, 0.743700, 0.744200, 0.736200, 0.747900, 0.738900, 0.732000, 0.736200, 0.728400, 0.731700, 0.731900, 0.735900, 0.732000, 0.723200, 0.715600, 0.711900, 0.734200, 0.704200, 0.704300, 0.720200, 
0.704300, 0.712000, 0.724100, 0.721600, 0.725700, 0.744500, 0.726300, 0.732000, 0.713700, 0.727500, 0.730300, 0.719700, 0.725800, 0.727100, 0.715200, 0.724300, 0.719800, 0.738900, 0.722300, 0.705500, 0.744500, 0.733600, 0.729800, 0.719800, 0.733800, 0.710500, 0.743800, 0.723700, 0.723900, 0.725500, 0.718800, 0.747000, 0.737900, 0.735000, 0.733300, 0.725700, 0.723400, 0.708300, 0.735400, 0.722000, 0.787100, 0.781900, 0.778700, 0.772900, 0.780800, 0.738100, 0.747800, 0.755600, 0.742900, 0.724100, 0.741200, 0.710700, 0.714900, 0.701300, 0.720800, 0.693300, 0.700800, 0.688400, 0.665700, 0.674100, 0.707400, 0.734100, 0.730800, 0.722900, 0.721800, 0.717400, 0.723000, 0.738700, 0.714700, 0.731600, 0.744000, 0.719100, 0.725300, 0.728900, 0.725500, 0.722600, 0.727600, 0.725800, 0.734100, 0.728200, 0.743100, 0.737100, 0.733600, 0.717200, 0.724400, 0.737400, 0.737900, 0.724600, 0.725000, 0.721900, 0.746100, 0.721800, 0.746000, 0.710800, 0.747200, 0.736300, 0.719900, 0.729600, 0.714500, 0.727600, 0.733400, 0.736400, 0.719500, 0.726800, 0.732800, 0.726700, 0.731300, 0.736700, 0.732400, 0.731100, 0.748000, 0.737700, 0.733600, 0.717200, 0.721700, 0.721700, 0.723700, 0.728700, 0.741500, 0.733200, 0.416100, 0.439700, 0.476000, 0.508200, 0.548200, 0.560400, 0.590900, 0.659800, 0.685300, 0.701700, 0.748900, 0.797100, 0.816800, 0.851400, 0.902800, 0.950800, 0.978300, 1.018100, 1.043500, 1.105300, 0.735500, 0.746600, 0.746900, 0.739600, 0.751000, 0.741300, 0.736700, 0.738000, 0.731500, 0.734500, 0.733700, 0.738100, 0.733800, 0.725400, 0.719300, 0.714400, 0.736500, 0.706700, 0.706700, 0.722900, 
0.725100, 0.726800, 0.733200, 0.728200, 0.727200, 0.747100, 0.728100, 0.733000, 0.714400, 0.727800, 0.733000, 0.723000, 0.734000, 0.736000, 0.724300, 0.735500, 0.734500, 0.754000, 0.739300, 0.724200, 0.745000, 0.733900, 0.730200, 0.720400, 0.734200, 0.710900, 0.744100, 0.724100, 0.724700, 0.725800, 0.719500, 0.747600, 0.738400, 0.735300, 0.733900, 0.726200, 0.724200, 0.708800, 0.735500, 0.722400, 0.787900, 0.783100, 0.779500, 0.773200, 0.781600, 0.738800, 0.747600, 0.756100, 0.743000, 0.724500, 0.741400, 0.711100, 0.715200, 0.701400, 0.721200, 0.693800, 0.701200, 0.688600, 0.666400, 0.674000, 0.708100, 0.734200, 0.731300, 0.723300, 0.721800, 0.717800, 0.723600, 0.738900, 0.714700, 0.732000, 0.744400, 0.719200, 0.725600, 0.729000, 0.726000, 0.723300, 0.728000, 0.726200, 0.734800, 0.728600, 0.743400, 0.737400, 0.734300, 0.717600, 0.725400, 0.737900, 0.738800, 0.724700, 0.725600, 0.722600, 0.746700, 0.722100, 0.745900, 0.711200, 0.747400, 0.736300, 0.720400, 0.730300, 0.715100, 0.728600, 0.734500, 0.736800, 0.720100, 0.727500, 0.733600, 0.727600, 0.731600, 0.737000, 0.733000, 0.731500, 0.749700, 0.741900, 0.737500, 0.722600, 0.729600, 0.730500, 0.732400, 0.739500, 0.753100, 0.748500, 0.416400, 0.440100, 0.476400, 0.508500, 0.548300, 0.560600, 0.591100, 0.659900, 0.685900, 0.702100, 0.749300, 0.797400, 0.817500, 0.852000, 0.903000, 0.951200, 0.979100, 1.018700, 1.043700, 1.106400, 0.735800, 0.746800, 0.747500, 0.739500, 0.752400, 0.741800, 0.737200, 0.738700, 0.731300, 0.735000, 0.734300, 0.738200, 0.733800, 0.725500, 0.720400, 0.714900, 0.736600, 0.707300, 0.707300, 0.723200, 
0.747900, 0.752500, 0.763300, 0.758500, 0.759800, 0.791100, 0.773000, 0.783500, 0.771300, 0.787200, 0.803800, 0.789700, 0.810000, 0.815100, 0.801700, 0.827800, 0.826400, 0.854000, 0.838100, 0.829200, 0.812400, 0.799300, 0.792100, 0.782600, 0.799100, 0.773700, 0.804700, 0.787000, 0.789500, 0.792200, 0.782300, 0.809800, 0.805100, 0.801800, 0.796600, 0.789300, 0.785900, 0.774600, 0.794900, 0.787300, 0.859500, 0.850900, 0.844000, 0.846300, 0.845400, 0.801900, 0.816700, 0.821000, 0.804800, 0.786700, 0.803200, 0.774900, 0.777800, 0.763800, 0.779900, 0.752000, 0.762200, 0.749000, 0.725900, 0.729900, 0.770200, 0.796700, 0.794500, 0.782800, 0.783500, 0.784900, 0.785400, 0.798600, 0.780700, 0.793900, 0.809900, 0.780700, 0.790900, 0.796400, 0.788700, 0.783800, 0.791400, 0.788700, 0.791000, 0.789300, 0.794900, 0.786900, 0.781000, 0.768500, 0.779400, 0.790900, 0.795100, 0.788400, 0.785400, 0.783900, 0.816200, 0.786400, 0.809100, 0.779400, 0.823500, 0.804500, 0.795900, 0.809500, 0.793000, 0.804300, 0.761800, 0.769800, 0.756200, 0.766200, 0.780000, 0.777900, 0.782100, 0.792900, 0.789600, 0.794600, 0.817000, 0.817200, 0.807400, 0.801700, 0.806900, 0.811200, 0.815500, 0.830700, 0.849000, 0.846900, 0.462300, 0.487700, 0.519600, 0.555200, 0.604100, 0.616700, 0.647600, 0.715700, 0.747500, 0.763200, 0.811900, 0.863600, 0.885800, 0.921100, 0.971400, 1.022600, 1.059500, 1.091200, 1.126800, 1.187200, 0.802600, 0.811300, 0.811000, 0.805600, 0.815700, 0.806900, 0.799600, 0.797200, 0.796100, 0.798900, 0.797400, 0.800800, 0.797700, 0.789300, 0.785700, 0.773400, 0.799500, 0.770600, 0.771100, 0.787800, 
0.824300, 0.824200, 0.846500, 0.851300, 0.851500, 0.899400, 0.883400, 0.900600, 0.903600, 0.921700, 0.957700, 0.952000, 0.976900, 0.996200, 0.989500, 1.029700, 1.047600, 1.097600, 1.100900, 1.110600, 0.950100, 0.934200, 0.927900, 0.921000, 0.937600, 0.911200, 0.948800, 0.921000, 0.923100, 0.938500, 0.916600, 0.953100, 0.939300, 0.941200, 0.933100, 0.921400, 0.925100, 0.920300, 0.931400, 0.922100, 1.011300, 1.005400, 0.996300, 0.997500, 0.984500, 0.951900, 0.959200, 0.965700, 0.947200, 0.923900, 0.945400, 0.910000, 0.916700, 0.894600, 0.914200, 0.884800, 0.890800, 0.885100, 0.851900, 0.854400, 0.909700, 0.938300, 0.931600, 0.929200, 0.925600, 0.917900, 0.928800, 0.931600, 0.915500, 0.924800, 0.944000, 0.918400, 0.923200, 0.933500, 0.927100, 0.918700, 0.927600, 0.922100, 0.917200, 0.926400, 0.900400, 0.898800, 0.890400, 0.890200, 0.897200, 0.915900, 0.920000, 0.920300, 0.921400, 0.919600, 0.948600, 0.927600, 0.957600, 0.928800, 0.970400, 0.959500, 0.952300, 0.976800, 0.967800, 0.979500, 0.846300, 0.865700, 0.851900, 0.863000, 0.889300, 0.889200, 0.904200, 0.917800, 0.931600, 0.930000, 0.968100, 0.970500, 0.970000, 0.963000, 0.974900, 0.986700, 0.993800, 1.019400, 1.038600, 1.039600, 0.556300, 0.590000, 0.628600, 0.664900, 0.711400, 0.724700, 0.765100, 0.851000, 0.879200, 0.904700, 0.949200, 1.007500, 1.033800, 1.079000, 1.132400, 1.184800, 1.226300, 1.268900, 1.301800, 1.364700, 0.941700, 0.956200, 0.950600, 0.941300, 0.959000, 0.942300, 0.934500, 0.939600, 0.935100, 0.939400, 0.932300, 0.935700, 0.928800, 0.925000, 0.912800, 0.912700, 0.933300, 0.907000, 0.900000, 0.925200, 
0.935400, 0.939600, 0.986400, 0.988700, 0.998800, 1.070300, 1.073400, 1.099500, 1.130200, 1.173200, 1.236800, 1.255500, 1.294400, 1.350500, 1.384700, 1.473700, 1.500700, 1.609800, 1.678100, 1.708600, 1.196900, 1.193300, 1.186600, 1.160800, 1.187600, 1.165700, 1.199700, 1.177200, 1.180300, 1.185100, 1.165300, 1.211400, 1.193000, 1.182700, 1.181100, 1.185200, 1.174500, 1.166400, 1.185000, 1.170200, 1.302900, 1.291800, 1.282900, 1.274700, 1.256300, 1.218400, 1.226200, 1.229000, 1.209000, 1.179700, 1.203700, 1.161200, 1.158500, 1.127000, 1.141800, 1.109400, 1.127400, 1.120500, 1.074400, 1.082000, 1.143200, 1.180600, 1.184900, 1.177800, 1.181500, 1.181800, 1.180000, 1.194800, 1.165900, 1.182900, 1.197700, 1.164900, 1.166000, 1.178200, 1.180000, 1.154000, 1.171900, 1.178700, 1.180100, 1.163900, 1.089900, 1.086700, 1.102700, 1.104100, 1.115200, 1.140500, 1.144500, 1.145200, 1.165800, 1.172500, 1.195000, 1.195400, 1.235100, 1.204800, 1.246300, 1.243700, 1.247800, 1.282800, 1.270400, 1.304500, 0.999600, 1.037900, 1.030300, 1.045200, 1.096600, 1.090400, 1.105400, 1.153900, 1.170900, 1.179500, 1.223700, 1.248900, 1.270300, 1.247400, 1.294600, 1.320400, 1.332500, 1.363800, 1.385500, 1.410600, 0.731900, 0.770000, 0.826300, 0.873100, 0.926600, 0.947200, 0.999600, 1.080700, 1.125100, 1.147100, 1.210300, 1.269400, 1.313500, 1.359200, 1.410600, 1.475600, 1.530800, 1.578800, 1.626200, 1.702800, 1.194700, 1.214000, 1.208200, 1.201900, 1.215500, 1.197400, 1.188300, 1.189800, 1.198300, 1.194500, 1.179700, 1.190400, 1.181300, 1.167800, 1.166100, 1.147300, 1.189700, 1.142700, 1.142900, 1.181200, 
1.130900, 1.169000, 1.236000, 1.252000, 1.304500, 1.428200, 1.451400, 1.534300, 1.630800, 1.715400, 1.836900, 1.910800, 2.017800, 2.142500, 2.204300, 2.377600, 2.464300, 2.667200, 2.770700, 2.832800, 1.779400, 1.747900, 1.752400, 1.714700, 1.751200, 1.725400, 1.751800, 1.722600, 1.729300, 1.738200, 1.707800, 1.767900, 1.756400, 1.724600, 1.732800, 1.732100, 1.720700, 1.742100, 1.729400, 1.727500, 1.941100, 1.930400, 1.906900, 1.896000, 1.857400, 1.797700, 1.805600, 1.807900, 1.780000, 1.750100, 1.752200, 1.715400, 1.685300, 1.660800, 1.668200, 1.629900, 1.638400, 1.641700, 1.588500, 1.566900, 1.687400, 1.710200, 1.724900, 1.705600, 1.731000, 1.740200, 1.740700, 1.741700, 1.705200, 1.764400, 1.753400, 1.712800, 1.695800, 1.739300, 1.729600, 1.683800, 1.718700, 1.702200, 1.711700, 1.699400, 1.508400, 1.509600, 1.539500, 1.564300, 1.592600, 1.633700, 1.647100, 1.673500, 1.677500, 1.730000, 1.768700, 1.770200, 1.824000, 1.808300, 1.879400, 1.867400, 1.907800, 1.942600, 1.958700, 2.014900, 1.361100, 1.444400, 1.441900, 1.468800, 1.558500, 1.566800, 1.590500, 1.663700, 1.719800, 1.737000, 1.818400, 1.850300, 1.893500, 1.879900, 1.956200, 2.012400, 2.034100, 2.058600, 2.128700, 2.190800, 1.120200, 1.199500, 1.270600, 1.314200, 1.386400, 1.434200, 1.488800, 1.609200, 1.649800, 1.687000, 1.811000, 1.845300, 1.922100, 1.980900, 2.064500, 2.128900, 2.198500, 2.263000, 2.336200, 2.420900, 1.745500, 1.755900, 1.758600, 1.770300, 1.769400, 1.742900, 1.755300, 1.743500, 1.741100, 1.757600, 1.717300, 1.753900, 1.733500, 1.724700, 1.728600, 1.692700, 1.749000, 1.685500, 1.697600, 1.733500, 
1.470700, 1.560500, 1.683400, 1.745500, 1.852600, 2.030400, 2.114400, 2.287800, 2.438700, 2.631400, 2.812300, 2.909400, 3.102000, 3.254300, 3.312400, 3.498300, 3.584600, 3.764500, 3.858700, 3.871100, 2.670000, 2.669500, 2.674800, 2.617900, 2.673200, 2.651000, 2.695800, 2.650500, 2.663500, 2.629100, 2.640700, 2.688100, 2.684500, 2.632800, 2.666200, 2.662500, 2.631500, 2.648400, 2.638900, 2.634300, 2.972300, 2.950400, 2.889600, 2.877300, 2.833100, 2.748900, 2.751500, 2.734700, 2.717400, 2.652600, 2.652000, 2.624100, 2.572500, 2.543300, 2.517300, 2.490100, 2.499200, 2.476500, 2.443300, 2.400300, 2.569700, 2.591400, 2.606300, 2.607500, 2.633000, 2.660900, 2.639800, 2.633700, 2.638700, 2.669300, 2.656100, 2.614600, 2.624600, 2.646600, 2.650900, 2.587300, 2.615900, 2.626900, 2.602300, 2.595200, 2.202200, 2.225500, 2.285200, 2.307400, 2.385800, 2.441300, 2.453800, 2.530900, 2.552700, 2.636300, 2.694400, 2.747300, 2.795700, 2.829400, 2.884500, 2.917500, 2.980100, 3.037500, 3.076700, 3.164500, 2.027600, 2.146600, 2.161700, 2.229700, 2.359100, 2.391400, 2.413900, 2.544800, 2.620800, 2.644400, 2.798100, 2.806200, 2.875100, 2.861400, 2.952800, 3.018300, 3.072700, 3.106200, 3.150200, 3.263900, 1.802400, 1.890600, 1.995900, 2.061700, 2.162900, 2.228600, 2.318400, 2.470600, 2.540200, 2.585500, 2.733300, 2.811300, 2.880300, 2.978400, 3.092600, 3.198400, 3.294600, 3.386800, 3.445500, 3.563900, 2.669000, 2.683800, 2.695600, 2.678500, 2.699800, 2.683400, 2.682400, 2.684700, 2.644200, 2.675200, 2.627000, 2.657100, 2.642200, 2.635900, 2.652500, 2.603300, 2.661100, 2.583100, 2.623400, 2.633800, 
1.994100, 2.178500, 2.349500, 2.461200, 2.638000, 2.905500, 3.044400, 3.258600, 3.434800, 3.622400, 3.791900, 3.902500, 4.036000, 4.125800, 4.165400, 4.305700, 4.333100, 4.460300, 4.500000, 4.523200, 3.694200, 3.672200, 3.677200, 3.600100, 3.640600, 3.621300, 3.701900, 3.635200, 3.659800, 3.631200, 3.623600, 3.652000, 3.680400, 3.635500, 3.658800, 3.657700, 3.621200, 3.609500, 3.641400, 3.630800, 4.048300, 4.073900, 3.972200, 3.938700, 3.881900, 3.798100, 3.822000, 3.737800, 3.703700, 3.629700, 3.678300, 3.619900, 3.568600, 3.487100, 3.466500, 3.431200, 3.449400, 3.407000, 3.366100, 3.317800, 3.479200, 3.546900, 3.554200, 3.562500, 3.615500, 3.615300, 3.618700, 3.650900, 3.650600, 3.632400, 3.644700, 3.610900, 3.616400, 3.623300, 3.641200, 3.581200, 3.607300, 3.599900, 3.603400, 3.598300, 2.938000, 2.989400, 3.064600, 3.133100, 3.242200, 3.297000, 3.379700, 3.458400, 3.481300, 3.591700, 3.709500, 3.788900, 3.873000, 3.902800, 3.990200, 4.043300, 4.111800, 4.225200, 4.302200, 4.407700, 2.981600, 3.120500, 3.162600, 3.223900, 3.379000, 3.423000, 3.422600, 3.557700, 3.644900, 3.628700, 3.767400, 3.766500, 3.850600, 3.827200, 3.914400, 3.957500, 4.016300, 4.027500, 4.071300, 4.172300, 2.531800, 2.627800, 2.776600, 2.875800, 3.026500, 3.092200, 3.201300, 3.381100, 3.462800, 3.577300, 3.726800, 3.871200, 3.905400, 4.039900, 4.231000, 4.364300, 4.467100, 4.592200, 4.661500, 4.797200, 3.661800, 3.666900, 3.710000, 3.675500, 3.708100, 3.691000, 3.668800, 3.652000, 3.626200, 3.643700, 3.623400, 3.663800, 3.626300, 3.628400, 3.634900, 3.559400, 3.632100, 3.581400, 3.562800, 3.620500, 
2.749200, 2.958500, 3.189900, 3.323100, 3.496300, 3.757500, 3.883600, 4.068100, 4.180800, 4.310100, 4.442600, 4.518600, 4.625300, 4.650400, 4.717200, 4.774500, 4.823900, 4.932400, 4.961000, 4.963000, 4.387700, 4.348300, 4.355400, 4.277600, 4.325800, 4.305400, 4.364900, 4.312800, 4.337600, 4.325100, 4.299600, 4.352500, 4.341000, 4.307400, 4.334200, 4.324800, 4.296500, 4.252300, 4.313700, 4.322100, 4.823000, 4.804900, 4.718300, 4.665700, 4.607300, 4.491500, 4.511300, 4.454900, 4.424000, 4.307800, 4.336500, 4.265200, 4.206800, 4.120900, 4.144100, 4.061300, 4.081300, 4.011800, 3.973900, 3.914400, 4.145100, 4.204800, 4.213100, 4.273100, 4.297400, 4.292700, 4.291400, 4.311300, 4.327200, 4.333800, 4.339800, 4.272700, 4.304200, 4.277300, 4.338000, 4.240400, 4.265700, 4.261900, 4.245900, 4.228100, 3.452500, 3.514800, 3.610800, 3.694400, 3.789000, 3.877600, 4.000200, 4.081800, 4.150900, 4.241600, 4.389200, 4.447500, 4.578800, 4.673800, 4.735000, 4.819200, 4.920200, 5.063400, 5.102000, 5.275300, 3.831700, 3.943500, 3.955100, 3.999100, 4.122800, 4.176800, 4.183500, 4.288100, 4.322900, 4.301100, 4.413900, 4.461300, 4.499000, 4.447900, 4.557800, 4.549600, 4.600700, 4.615500, 4.650300, 4.712400, 3.024300, 3.137300, 3.309200, 3.441000, 3.621600, 3.671000, 3.850300, 4.033500, 4.137300, 4.240000, 4.428400, 4.583000, 4.632100, 4.821300, 4.991700, 5.132400, 5.265400, 5.415500, 5.486400, 5.662500, 4.352100, 4.347000, 4.396500, 4.377300, 4.390900, 4.365100, 4.334700, 4.344300, 4.326100, 4.326600, 4.304500, 4.360400, 4.296700, 4.325200, 4.306700, 4.237000, 4.331800, 4.272500, 4.243700, 4.309600, 
3.500600, 3.696500, 3.898700, 3.994600, 4.143400, 4.344200, 4.402000, 4.560600, 4.621700, 4.734600, 4.871700, 4.888100, 4.981900, 5.021700, 5.071300, 5.160200, 5.159100, 5.261900, 5.287600, 5.326000, 4.797000, 4.769500, 4.756100, 4.675300, 4.747900, 4.738600, 4.766200, 4.705800, 4.776300, 4.740700, 4.721200, 4.776600, 4.738000, 4.691000, 4.728200, 4.753500, 4.721000, 4.689400, 4.726100, 4.717800, 5.289900, 5.276400, 5.178800, 5.121200, 5.058300, 4.928800, 4.937000, 4.894700, 4.855000, 4.708900, 4.762300, 4.646300, 4.595400, 4.513400, 4.524400, 4.440100, 4.474500, 4.403700, 4.334200, 4.304700, 4.612800, 4.662200, 4.672500, 4.699700, 4.732900, 4.759300, 4.719700, 4.725200, 4.763900, 4.781000, 4.744500, 4.684000, 4.730200, 4.643900, 4.729800, 4.610300, 4.613900, 4.634800, 4.624300, 4.572800, 3.767200, 3.858700, 3.953100, 4.047900, 4.157800, 4.282100, 4.406000, 4.484000, 4.545500, 4.682100, 4.810300, 4.905700, 5.029400, 5.133300, 5.215300, 5.269900, 5.397200, 5.536200, 5.612900, 5.801000, 4.355600, 4.445400, 4.441500, 4.447700, 4.609900, 4.607600, 4.616100, 4.680400, 4.741500, 4.730700, 4.855500, 4.862300, 4.897100, 4.839700, 4.925400, 4.899300, 4.975000, 4.974600, 5.041100, 5.059700, 3.323600, 3.451700, 3.634400, 3.776000, 3.950200, 4.040300, 4.204900, 4.406300, 4.549900, 4.651400, 4.871100, 4.986000, 5.085000, 5.249300, 5.452200, 5.616700, 5.746400, 5.933800, 6.001400, 6.192500, 4.779300, 4.796900, 4.806400, 4.762200, 4.812500, 4.770200, 4.753600, 4.758500, 4.744200, 4.761100, 4.729500, 4.763600, 4.730400, 4.734500, 4.697100, 4.675700, 4.721600, 4.676000, 4.680300, 4.714900, 
4.079800, 4.221100, 4.367400, 4.426700, 4.513600, 4.697400, 4.712300, 4.872400, 4.900400, 5.017000, 5.093900, 5.200800, 5.268600, 5.289600, 5.359300, 5.420700, 5.431700, 5.543100, 5.574800, 5.597900, 5.083000, 5.086000, 5.028800, 5.003700, 5.018000, 5.025200, 5.062700, 4.989500, 5.066300, 5.039800, 5.008000, 5.056900, 5.037400, 4.972600, 5.025800, 5.037900, 5.009300, 5.003500, 5.007300, 5.004400, 5.641500, 5.640500, 5.505400, 5.466400, 5.363200, 5.262000, 5.265400, 5.189700, 5.132900, 5.007800, 5.055500, 4.928400, 4.845700, 4.795700, 4.785200, 4.709400, 4.736400, 4.649600, 4.632900, 4.550200, 4.947500, 4.984000, 4.994500, 5.018300, 5.083400, 5.075300, 5.041200, 5.017500, 5.072100, 5.059100, 5.029000, 4.954400, 4.987000, 4.898200, 4.980100, 4.871700, 4.884700, 4.915500, 4.831600, 4.809800, 4.017000, 4.093300, 4.180400, 4.269100, 4.418400, 4.536500, 4.667400, 4.748400, 4.855100, 4.956800, 5.123800, 5.203400, 5.343200, 5.424000, 5.523500, 5.577600, 5.733700, 5.853100, 5.980600, 6.126100, 4.637600, 4.754200, 4.767300, 4.757600, 4.896400, 4.896400, 4.911900, 4.974800, 5.038600, 5.051200, 5.123700, 5.111800, 5.165700, 5.129400, 5.159800, 5.190100, 5.224200, 5.227200, 5.303400, 5.338400, 3.530800, 3.652900, 3.826800, 4.038000, 4.195000, 4.286700, 4.492500, 4.668100, 4.830300, 4.914100, 5.166600, 5.280700, 5.399900, 5.583600, 5.795300, 5.968500, 6.094300, 6.304900, 6.365800, 6.570300, 5.060100, 5.090800, 5.116200, 5.071500, 5.087200, 5.064100, 5.056900, 5.048400, 5.017000, 5.011100, 5.028100, 5.045300, 4.981800, 5.024700, 4.986600, 4.961600, 4.988200, 4.972000, 4.963100, 5.007800, 
4.427100, 4.525400, 4.632000, 4.668400, 4.746100, 4.916200, 4.960400, 5.083200, 5.091500, 5.233800, 5.299100, 5.390600, 5.483700, 5.510700, 5.549400, 5.655700, 5.639100, 5.744500, 5.779200, 5.786400, 5.286700, 5.294100, 5.252900, 5.213700, 5.231500, 5.242900, 5.264000, 5.227900, 5.271000, 5.245100, 5.217800, 5.290400, 5.268800, 5.206200, 5.216400, 5.265600, 5.211700, 5.205600, 5.214000, 5.237900, 5.902600, 5.935400, 5.763200, 5.672800, 5.604300, 5.501200, 5.503700, 5.410000, 5.339000, 5.230700, 5.283600, 5.117200, 5.062400, 4.994300, 4.972700, 4.927300, 4.913800, 4.855200, 4.816300, 4.738700, 5.183600, 5.230100, 5.237800, 5.261600, 5.330300, 5.287400, 5.290900, 5.257500, 5.270700, 5.274200, 5.258100, 5.147500, 5.169300, 5.113600, 5.174300, 5.032200, 5.066800, 5.079300, 5.011400, 4.957400, 4.208500, 4.269200, 4.377700, 4.463600, 4.595200, 4.738800, 4.864200, 4.985600, 5.042600, 5.166200, 5.342000, 5.422100, 5.562000, 5.652600, 5.750100, 5.829000, 5.980300, 6.108100, 6.214300, 6.378000, 4.898100, 4.954300, 4.974800, 4.996800, 5.106000, 5.117500, 5.150900, 5.199700, 5.267200, 5.262100, 5.350700, 5.345400, 5.367600, 5.333400, 5.386400, 5.391900, 5.446800, 5.467000, 5.487200, 5.537600, 3.691500, 3.821200, 4.000600, 4.199400, 4.383600, 4.488500, 4.668000, 4.871700, 5.035600, 5.134100, 5.372000, 5.501100, 5.616300, 5.831400, 6.045400, 6.239900, 6.333800, 6.563500, 6.633800, 6.843300, 5.291700, 5.294900, 5.332400, 5.292600, 5.305500, 5.269000, 5.305500, 5.254800, 5.229600, 5.236800, 5.255600, 5.266500, 5.204500, 5.241300, 5.221500, 5.169700, 5.229700, 5.181700, 5.165600, 5.228400, 
4.603300, 4.710100, 4.799100, 4.836600, 4.918500, 5.043200, 5.155800, 5.259600, 5.285200, 5.405300, 5.476300, 5.562300, 5.674300, 5.710000, 5.761800, 5.840900, 5.851000, 5.958200, 5.969200, 6.020400, 5.467400, 5.475900, 5.439700, 5.387400, 5.422000, 5.399100, 5.443600, 5.399000, 5.448100, 5.437200, 5.401500, 5.458200, 5.457200, 5.375800, 5.416800, 5.443100, 5.401800, 5.378600, 5.416400, 5.418300, 6.138400, 6.126100, 5.996400, 5.871300, 5.811300, 5.705000, 5.700300, 5.607400, 5.509300, 5.425400, 5.433500, 5.298400, 5.239400, 5.173000, 5.149300, 5.080200, 5.076600, 5.002500, 4.974700, 4.898300, 5.419700, 5.453000, 5.450500, 5.471300, 5.525300, 5.487200, 5.490900, 5.416300, 5.439000, 5.458000, 5.413300, 5.322100, 5.337400, 5.283900, 5.317500, 5.191700, 5.217700, 5.211800, 5.156900, 5.091100, 4.320200, 4.418000, 4.499100, 4.618000, 4.757700, 4.906500, 5.030200, 5.140400, 5.218200, 5.347500, 5.531000, 5.609100, 5.773600, 5.854400, 5.964400, 6.040200, 6.162500, 6.329800, 6.438100, 6.616100, 5.092700, 5.142300, 5.171600, 5.164300, 5.270000, 5.281700, 5.320900, 5.346100, 5.454700, 5.405900, 5.506400, 5.511400, 5.553300, 5.506700, 5.561400, 5.586200, 5.619800, 5.645500, 5.675600, 5.724000, 3.805900, 3.951100, 4.156600, 4.326700, 4.524200, 4.639800, 4.818600, 5.030700, 5.212000, 5.313400, 5.569600, 5.698300, 5.821200, 6.027500, 6.237600, 6.425700, 6.529200, 6.766800, 6.864300, 7.052900, 5.473700, 5.482900, 5.508800, 5.466000, 5.478800, 5.460700, 5.463900, 5.452300, 5.410800, 5.395100, 5.426400, 5.451100, 5.378500, 5.408400, 5.394200, 5.343400, 5.427800, 5.342900, 5.357700, 5.406700, 
4.711000, 4.823600, 4.908300, 4.971300, 5.052100, 5.217200, 5.295100, 5.424400, 5.442600, 5.582500, 5.651200, 5.772300, 5.878000, 5.928800, 5.981500, 6.068000, 6.111100, 6.229400, 6.240700, 6.327600, 5.656400, 5.659400, 5.629200, 5.562900, 5.600400, 5.588200, 5.617300, 5.592400, 5.634600, 5.591600, 5.572000, 5.626900, 5.617100, 5.551900, 5.608900, 5.620700, 5.577400, 5.546900, 5.580100, 5.609600, 6.350700, 6.344100, 6.192700, 6.091800, 6.017000, 5.893600, 5.880000, 5.805200, 5.692400, 5.587900, 5.638800, 5.471600, 5.416700, 5.341200, 5.328000, 5.242600, 5.246900, 5.145500, 5.121700, 5.055400, 5.641800, 5.673800, 5.658000, 5.682400, 5.727700, 5.690100, 5.671900, 5.608500, 5.618200, 5.634500, 5.602700, 5.495600, 5.507100, 5.428700, 5.497200, 5.359500, 5.380100, 5.353700, 5.309500, 5.239400, 4.443100, 4.544300, 4.648400, 4.748800, 4.903800, 5.061200, 5.192600, 5.315600, 5.390800, 5.520000, 5.701000, 5.789500, 5.953600, 6.043100, 6.157300, 6.260500, 6.382500, 6.553600, 6.684600, 6.854600, 5.258200, 5.283800, 5.326000, 5.326700, 5.435400, 5.434700, 5.499700, 5.521800, 5.627100, 5.578300, 5.695400, 5.709600, 5.739800, 5.694700, 5.746600, 5.803700, 5.834400, 5.862000, 5.918000, 5.942000, 3.937900, 4.103500, 4.291500, 4.454600, 4.677600, 4.801600, 4.992700, 5.200400, 5.380800, 5.490000, 5.741800, 5.880800, 6.002000, 6.211000, 6.428600, 6.626900, 6.757300, 7.011800, 7.079200, 7.267300, 5.666400, 5.641900, 5.693300, 5.651500, 5.660300, 5.625500, 5.647700, 5.651700, 5.606300, 5.583600, 5.582200, 5.644300, 5.541600, 5.578700, 5.594100, 5.520200, 5.602300, 5.520500, 5.527900, 5.575000, 
4.829800, 4.946800, 5.033600, 5.111200, 5.219900, 5.383900, 5.475300, 5.604400, 5.643200, 5.810900, 5.907400, 6.022500, 6.176800, 6.238100, 6.313800, 6.427200, 6.480500, 6.627700, 6.680700, 6.794900, 5.876000, 5.882600, 5.877600, 5.805100, 5.818100, 5.833400, 5.843600, 5.803400, 5.847500, 5.828400, 5.791500, 5.870700, 5.861800, 5.769300, 5.823700, 5.841100, 5.801800, 5.760800, 5.816500, 5.839000, 6.604200, 6.621100, 6.457200, 6.338300, 6.273500, 6.132400, 6.119700, 6.031400, 5.910600, 5.814800, 5.863900, 5.690300, 5.639500, 5.564600, 5.540200, 5.452100, 5.453600, 5.365100, 5.305800, 5.245800, 5.932300, 5.931400, 5.910400, 5.944900, 5.983500, 5.950100, 5.911500, 5.859900, 5.865200, 5.856400, 5.837500, 5.723400, 5.722400, 5.650700, 5.696700, 5.570600, 5.578000, 5.558700, 5.504000, 5.409000, 4.591600, 4.705900, 4.810800, 4.930200, 5.072900, 5.248800, 5.383500, 5.511700, 5.592500, 5.747800, 5.928500, 6.039600, 6.214200, 6.295300, 6.425600, 6.529400, 6.676200, 6.857300, 6.986700, 7.183500, 5.415500, 5.442700, 5.482800, 5.515000, 5.623800, 5.634900, 5.698900, 5.752800, 5.841900, 5.821200, 5.944300, 5.955800, 5.990800, 5.946300, 6.009900, 6.092900, 6.118100, 6.154300, 6.229300, 6.245800, 4.113700, 4.274800, 4.483300, 4.648900, 4.866300, 5.005000, 5.197900, 5.383000, 5.586500, 5.718200, 5.979500, 6.118700, 6.250300, 6.483100, 6.704400, 6.882700, 7.036300, 7.279900, 7.365400, 7.568000, 5.772000, 5.871800, 5.909300, 5.877200, 5.902800, 5.849100, 5.870200, 5.873000, 5.831900, 5.810400, 5.807800, 5.856500, 5.780800, 5.807400, 5.824000, 5.750400, 5.806700, 5.735800, 5.760600, 5.809400, 
4.963800, 5.087400, 5.186200, 5.300300, 5.408500, 5.602000, 5.691000, 5.862600, 5.921900, 6.132700, 6.238700, 6.387200, 6.581500, 6.687400, 6.773500, 6.949200, 7.035400, 7.206900, 7.321400, 7.438600, 6.201600, 6.203300, 6.196600, 6.133500, 6.147400, 6.152600, 6.162600, 6.136000, 6.179600, 6.160900, 6.120900, 6.195000, 6.164000, 6.106500, 6.154400, 6.157100, 6.114600, 6.100700, 6.126400, 6.136200, 7.013700, 7.005400, 6.828100, 6.721700, 6.626100, 6.488200, 6.486200, 6.380200, 6.253800, 6.152200, 6.164000, 6.017000, 5.938800, 5.868300, 5.839700, 5.744700, 5.732800, 5.659800, 5.591000, 5.523100, 6.285000, 6.299800, 6.263900, 6.316200, 6.316600, 6.304500, 6.253300, 6.216400, 6.204400, 6.180000, 6.151700, 6.055100, 6.027100, 5.961800, 6.001300, 5.859400, 5.870600, 5.840000, 5.787300, 5.688600, 4.785100, 4.914900, 5.032400, 5.147000, 5.318900, 5.512300, 5.661100, 5.793300, 5.908000, 6.070000, 6.262200, 6.378300, 6.573300, 6.678600, 6.827100, 6.937100, 7.091500, 7.297700, 7.434300, 7.663000, 5.610500, 5.655600, 5.721500, 5.771500, 5.878100, 5.923700, 5.971800, 6.039700, 6.154500, 6.132000, 6.286000, 6.288500, 6.347300, 6.330500, 6.389700, 6.461200, 6.519600, 6.572500, 6.633700, 6.682200, 4.343000, 4.521000, 4.737500, 4.932400, 5.147600, 5.283500, 5.503000, 5.694200, 5.903100, 6.025400, 6.300000, 6.465300, 6.586700, 6.832200, 7.076600, 7.228900, 7.382900, 7.666400, 7.760500, 7.983300, 5.869400, 6.010300, 6.247500, 6.216200, 6.238200, 6.176900, 6.213000, 6.208100, 6.145700, 6.144300, 6.129600, 6.183000, 6.101000, 6.145400, 6.138300, 6.059700, 6.143000, 6.071600, 6.089600, 6.119700, 
5.148100, 5.258200, 5.378700, 5.543800, 5.678000, 5.894700, 6.023200, 6.216500, 6.311100, 6.559200, 6.731000, 6.910300, 7.156700, 7.296400, 7.379700, 7.646900, 7.758000, 7.957600, 8.122700, 8.234900, 6.662700, 6.664400, 6.642800, 6.575800, 6.598800, 6.606600, 6.610200, 6.583300, 6.637400, 6.621100, 6.581400, 6.636700, 6.624100, 6.590000, 6.611700, 6.614900, 6.545100, 6.555200, 6.568900, 6.587800, 7.578600, 7.540800, 7.351100, 7.258600, 7.115400, 6.960300, 6.975900, 6.858600, 6.705900, 6.621800, 6.624600, 6.472900, 6.388800, 6.293500, 6.271600, 6.164300, 6.117700, 6.058400, 5.996000, 5.918100, 6.800600, 6.818800, 6.777600, 6.812200, 6.809400, 6.787100, 6.736200, 6.682300, 6.659500, 6.644000, 6.599700, 6.482500, 6.466700, 6.383200, 6.425100, 6.278600, 6.282400, 6.252400, 6.167500, 6.072200, 5.056800, 5.194200, 5.342300, 5.487500, 5.685200, 5.881800, 6.044000, 6.218000, 6.317700, 6.519800, 6.751500, 6.875100, 7.091400, 7.216900, 7.385400, 7.504900, 7.681400, 7.945300, 8.087800, 8.347700, 5.914200, 5.975500, 6.061700, 6.110000, 6.246100, 6.286800, 6.359000, 6.470300, 6.592800, 6.583000, 6.758700, 6.794100, 6.861900, 6.832800, 6.902400, 6.998600, 7.078700, 7.125500, 7.214000, 7.305900, 4.689200, 4.874000, 5.098700, 5.303900, 5.554600, 5.681900, 5.915700, 6.137500, 6.349000, 6.469900, 6.750200, 6.926400, 7.062500, 7.340700, 7.563600, 7.754600, 7.928500, 8.217600, 8.329700, 8.552200, 5.953900, 6.128100, 6.421200, 6.674900, 6.693200, 6.648100, 6.660600, 6.664500, 6.599300, 6.602400, 6.583500, 6.621500, 6.563900, 6.604900, 6.588700, 6.494400, 6.607000, 6.523800, 6.528400, 6.569400, 
5.354200, 5.512600, 5.676300, 5.856500, 6.030800, 6.307200, 6.462600, 6.701900, 6.833500, 7.167100, 7.362900, 7.582400, 7.862100, 8.028500, 8.174300, 8.451000, 8.576600, 8.820100, 8.983200, 9.143900, 7.256400, 7.266800, 7.249600, 7.169600, 7.192600, 7.229600, 7.191000, 7.182400, 7.222200, 7.214100, 7.177400, 7.260600, 7.215300, 7.165700, 7.185000, 7.214800, 7.138900, 7.159900, 7.170000, 7.176900, 8.308600, 8.256800, 8.006200, 7.940600, 7.782200, 7.600500, 7.616700, 7.449300, 7.305300, 7.214700, 7.233900, 7.067400, 6.959000, 6.852100, 6.827900, 6.683100, 6.670100, 6.591200, 6.514900, 6.423700, 7.435700, 7.465700, 7.431600, 7.454500, 7.448200, 7.404700, 7.344800, 7.299000, 7.282200, 7.288900, 7.202200, 7.061100, 7.055000, 6.954400, 6.968100, 6.836600, 6.834900, 6.792700, 6.695800, 6.568400, 5.417700, 5.568000, 5.743700, 5.915900, 6.116100, 6.348500, 6.516300, 6.725400, 6.880900, 7.108600, 7.345400, 7.511300, 7.761100, 7.907200, 8.098900, 8.276600, 8.499200, 8.761400, 8.952500, 9.251700, 6.370400, 6.437700, 6.545700, 6.594100, 6.740200, 6.806400, 6.889700, 7.013600, 7.191200, 7.178600, 7.360100, 7.442700, 7.530700, 7.509600, 7.576700, 7.704600, 7.768300, 7.789600, 7.932600, 8.058900, 5.134000, 5.339100, 5.588500, 5.798100, 6.039200, 6.207500, 6.456400, 6.697600, 6.927400, 7.063900, 7.368600, 7.557400, 7.686800, 7.987400, 8.273400, 8.440500, 8.623800, 8.938300, 9.046900, 9.292600, 6.041900, 6.223800, 6.559100, 6.909100, 7.262600, 7.248400, 7.256100, 7.264100, 7.213000, 7.204600, 7.189800, 7.215700, 7.153100, 7.179200, 7.152300, 7.088700, 7.192000, 7.119900, 7.130800, 7.167600, 
5.660600, 5.854000, 6.046700, 6.281900, 6.498600, 6.819000, 7.032300, 7.329600, 7.492500, 7.852200, 8.118700, 8.328100, 8.643200, 8.827600, 8.990900, 9.289300, 9.433000, 9.706100, 9.819700, 10.006600, 7.947400, 7.960300, 7.923700, 7.874700, 7.896100, 7.908500, 7.901800, 7.884300, 7.939000, 7.937900, 7.849100, 7.963600, 7.902500, 7.846900, 7.907100, 7.920800, 7.837400, 7.868900, 7.856400, 7.890600, 9.140500, 9.093500, 8.800300, 8.733100, 8.532400, 8.365000, 8.348800, 8.184900, 8.048900, 7.924500, 7.930200, 7.750500, 7.633400, 7.514300, 7.462300, 7.336500, 7.304500, 7.236700, 7.136100, 7.051900, 8.208000, 8.254400, 8.212800, 8.227300, 8.187200, 8.164100, 8.106600, 8.034800, 8.019600, 8.001500, 7.871300, 7.750100, 7.726100, 7.617000, 7.626300, 7.474700, 7.484800, 7.421700, 7.306100, 7.163800, 5.835100, 6.009100, 6.218300, 6.417700, 6.641200, 6.890500, 7.115600, 7.344100, 7.547200, 7.792900, 8.072500, 8.269800, 8.538700, 8.727900, 8.958100, 9.155100, 9.423800, 9.735000, 9.949200, 10.322000, 6.925800, 7.053500, 7.143800, 7.207600, 7.388600, 7.486400, 7.566900, 7.714500, 7.877800, 7.882800, 8.074400, 8.166700, 8.228400, 8.251000, 8.337700, 8.461400, 8.553800, 8.624400, 8.715500, 8.848600, 5.664200, 5.907800, 6.171900, 6.395500, 6.631400, 6.848100, 7.099500, 7.343700, 7.609700, 7.740100, 8.086700, 8.307600, 8.429900, 8.750200, 9.065000, 9.270900, 9.445300, 9.789000, 9.896300, 10.143600, 6.136600, 6.329500, 6.673500, 7.089200, 7.502700, 7.973200, 7.978500, 7.964500, 7.917600, 7.904500, 7.863900, 7.905400, 7.851000, 7.847100, 7.870700, 7.809400, 7.886400, 7.824100, 7.804600, 7.847900, 
6.041400, 6.270500, 6.520600, 6.786600, 7.045300, 7.421000, 7.644300, 8.021800, 8.210100, 8.583800, 8.881100, 9.086100, 9.425200, 9.594000, 9.766700, 10.064000, 10.197100, 10.496300, 10.645400, 10.755400, 8.675200, 8.702100, 8.650100, 8.590500, 8.629600, 8.633500, 8.653500, 8.616400, 8.638300, 8.679500, 8.595600, 8.686500, 8.639200, 8.575900, 8.635900, 8.672500, 8.601700, 8.614200, 8.621900, 8.628700, 10.014300, 9.972400, 9.645100, 9.570800, 9.357700, 9.172600, 9.152500, 8.949600, 8.779100, 8.645800, 8.673500, 8.477600, 8.328700, 8.203900, 8.143100, 8.011200, 7.964900, 7.910800, 7.775800, 7.678100, 9.031200, 9.069700, 9.012100, 9.030700, 8.985800, 8.953200, 8.876900, 8.800600, 8.754000, 8.733200, 8.627100, 8.468000, 8.440200, 8.351700, 8.318600, 8.132300, 8.155900, 8.049700, 7.950100, 7.813600, 6.281900, 6.498400, 6.712900, 6.948200, 7.207600, 7.475900, 7.741800, 7.998100, 8.225300, 8.541700, 8.818700, 9.065200, 9.363600, 9.573100, 9.851600, 10.088100, 10.365800, 10.756800, 10.984700, 11.402100, 7.552300, 7.712100, 7.838900, 7.879600, 8.071400, 8.187300, 8.262000, 8.430500, 8.602900, 8.621900, 8.816900, 8.939300, 8.982000, 8.986300, 9.078900, 9.194500, 9.325400, 9.366000, 9.519200, 9.642700, 6.237200, 6.469300, 6.776000, 7.010900, 7.280600, 7.504400, 7.776700, 8.028900, 8.349000, 8.491700, 8.829800, 9.096500, 9.232000, 9.529100, 9.880300, 10.127000, 10.330800, 10.633700, 10.783300, 11.045800, 6.225400, 6.437200, 6.803300, 7.233500, 7.699800, 8.247700, 8.717900, 8.681000, 8.678900, 8.637800, 8.610700, 8.625800, 8.575300, 8.578200, 8.626800, 8.538600, 8.628800, 8.569600, 8.556100, 8.594600, 
6.489800, 6.772000, 7.072600, 7.366100, 7.683600, 8.086100, 8.300300, 8.710100, 8.893200, 9.282900, 9.566100, 9.791900, 10.132000, 10.319400, 10.486700, 10.748100, 10.865600, 11.168300, 11.282500, 11.403500, 9.353000, 9.412300, 9.371400, 9.299100, 9.340600, 9.315400, 9.344500, 9.327800, 9.345000, 9.382700, 9.317000, 9.386400, 9.308800, 9.287000, 9.315300, 9.376800, 9.289200, 9.295000, 9.303300, 9.338100, 10.820800, 10.783900, 10.440600, 10.341800, 10.136600, 9.945000, 9.901800, 9.695400, 9.493500, 9.378200, 9.376100, 9.168400, 9.013600, 8.863300, 8.804400, 8.643900, 8.591000, 8.559600, 8.396900, 8.314800, 9.837800, 9.890400, 9.766700, 9.789300, 9.775900, 9.712500, 9.622100, 9.534500, 9.455700, 9.433500, 9.341800, 9.145400, 9.090800, 8.991600, 8.961000, 8.757900, 8.780200, 8.633600, 8.571700, 8.392000, 6.722500, 6.951300, 7.196600, 7.439600, 7.738400, 8.055300, 8.321200, 8.639300, 8.880000, 9.203100, 9.511000, 9.802000, 10.128300, 10.371500, 10.687500, 10.955000, 11.254600, 11.721500, 11.985100, 12.436000, 8.209400, 8.373000, 8.523300, 8.520400, 8.768100, 8.859700, 8.964200, 9.140000, 9.305800, 9.342800, 9.521500, 9.656300, 9.682500, 9.707400, 9.789800, 9.875300, 10.034200, 10.080800, 10.199400, 10.348300, 6.764300, 7.014500, 7.338500, 7.606400, 7.907900, 8.115600, 8.439500, 8.680100, 9.041100, 9.178700, 9.544500, 9.849900, 9.948700, 10.313900, 10.641200, 10.913000, 11.128700, 11.472900, 11.612200, 11.930200, 6.314500, 6.541100, 6.938900, 7.397300, 7.871300, 8.466100, 9.016000, 9.416500, 9.397600, 9.365700, 9.293900, 9.336000, 9.273000, 9.302700, 9.314600, 9.254800, 9.349700, 9.258800, 9.224800, 9.283100, 
6.997500, 7.318800, 7.618000, 7.936200, 8.294200, 8.708000, 8.953100, 9.326100, 9.538700, 9.920400, 10.175300, 10.425700, 10.702000, 10.890000, 11.068400, 11.325600, 11.483700, 11.769300, 11.914800, 11.962500, 10.000300, 10.040500, 9.990100, 9.925600, 9.957600, 9.948000, 9.960400, 9.922600, 10.001400, 10.022800, 9.954200, 9.994000, 9.912500, 9.894200, 9.947100, 10.034900, 9.927700, 9.923300, 9.952500, 9.964000, 11.531000, 11.478000, 11.168800, 11.050500, 10.809500, 10.604400, 10.564600, 10.320200, 10.139300, 10.005500, 10.008600, 9.771500, 9.621400, 9.487500, 9.382800, 9.192400, 9.165900, 9.121700, 8.956000, 8.861300, 10.571500, 10.624200, 10.489200, 10.507800, 10.476200, 10.367000, 10.290100, 10.184800, 10.099300, 10.089800, 9.936200, 9.741500, 9.686700, 9.566200, 9.551900, 9.349700, 9.308100, 9.155200, 9.089300, 8.901100, 7.103000, 7.350200, 7.628900, 7.896500, 8.188600, 8.529800, 8.868100, 9.193500, 9.442700, 9.790800, 10.139000, 10.470500, 10.828500, 11.083800, 11.422700, 11.749500, 12.072500, 12.524000, 12.853600, 13.356500, 8.844700, 8.988600, 9.116800, 9.155300, 9.407400, 9.488500, 9.584700, 9.757000, 9.935800, 9.941100, 10.149900, 10.271400, 10.310400, 10.313800, 10.399800, 10.517300, 10.619200, 10.678000, 10.797600, 10.930300, 7.229600, 7.493400, 7.871300, 8.108200, 8.455800, 8.652700, 9.016200, 9.253000, 9.620200, 9.787500, 10.154700, 10.501700, 10.582800, 10.960800, 11.322500, 11.604200, 11.833000, 12.228500, 12.339300, 12.679500, 6.409800, 6.651600, 7.076200, 7.560900, 8.081700, 8.661600, 9.251800, 9.710900, 10.006500, 10.003000, 9.951500, 9.955200, 9.885300, 9.934500, 9.946600, 9.857300, 9.985700, 9.890900, 9.827700, 9.894800, 
7.519700, 7.841500, 8.173100, 8.486400, 8.858700, 9.279600, 9.515000, 9.906900, 10.086200, 10.460700, 10.711800, 10.945600, 11.220600, 11.404100, 11.578400, 11.808200, 11.988900, 12.235700, 12.387600, 12.456400, 10.523800, 10.573000, 10.510500, 10.462800, 10.491900, 10.494500, 10.480200, 10.414900, 10.529500, 10.516500, 10.451100, 10.547100, 10.472500, 10.415200, 10.485500, 10.555000, 10.463700, 10.487600, 10.440300, 10.491100, 12.173500, 12.086000, 11.764900, 11.623100, 11.420700, 11.157400, 11.111500, 10.856700, 10.688500, 10.545400, 10.536600, 10.308000, 10.122400, 9.997500, 9.888800, 9.688000, 9.645900, 9.607300, 9.433100, 9.330100, 11.261200, 11.275300, 11.131500, 11.094600, 11.074600, 10.941500, 10.880100, 10.745400, 10.666200, 10.629800, 10.468100, 10.251300, 10.210600, 10.058800, 10.034700, 9.803400, 9.764600, 9.623100, 9.515800, 9.330400, 7.417200, 7.717400, 8.000500, 8.287300, 8.606300, 8.959600, 9.319700, 9.661600, 9.973200, 10.316800, 10.679500, 11.046500, 11.400200, 11.676100, 12.052100, 12.404200, 12.721000, 13.228300, 13.569800, 14.075000, 9.403900, 9.531000, 9.677400, 9.709500, 9.942800, 10.026900, 10.131400, 10.297000, 10.476100, 10.474300, 10.695300, 10.802500, 10.836700, 10.833100, 10.892500, 11.033300, 11.145600, 11.215900, 11.317400, 11.430000, 7.630100, 7.922400, 8.328500, 8.552300, 8.911300, 9.138000, 9.517800, 9.755200, 10.104500, 10.303000, 10.707500, 11.050300, 11.168500, 11.560600, 11.908900, 12.222300, 12.431000, 12.828700, 12.973000, 13.338100, 6.502500, 6.762300, 7.219400, 7.732900, 8.263100, 8.898000, 9.459100, 9.950100, 10.285600, 10.548600, 10.478900, 10.498300, 10.426300, 10.472500, 10.440000, 10.394200, 10.551400, 10.419400, 10.347300, 10.463400, 
7.847000, 8.170300, 8.508600, 8.897300, 9.228700, 9.600900, 9.906900, 10.257500, 10.419800, 10.813500, 11.042500, 11.278700, 11.547400, 11.744400, 11.995000, 12.113300, 12.374600, 12.586300, 12.717800, 12.878800, 10.889600, 10.909400, 10.875300, 10.852400, 10.879100, 10.854800, 10.889400, 10.810600, 10.925700, 10.908900, 10.866000, 10.982000, 10.874000, 10.843300, 10.895000, 10.981000, 10.898800, 10.866200, 10.860700, 10.899000, 12.639500, 12.553600, 12.198500, 12.057200, 11.858400, 11.587600, 11.521600, 11.271100, 11.102000, 10.930700, 10.918100, 10.701100, 10.500600, 10.364200, 10.256800, 10.083000, 9.999500, 9.955900, 9.782100, 9.686200, 11.724500, 11.752400, 11.584700, 11.553300, 11.500600, 11.407100, 11.285900, 11.176900, 11.087800, 11.021100, 10.862400, 10.636300, 10.579500, 10.414700, 10.383100, 10.134300, 10.128400, 9.945900, 9.838200, 9.671500, 7.678700, 7.994300, 8.280900, 8.587700, 8.929100, 9.294500, 9.646500, 10.022500, 10.361100, 10.702200, 11.079500, 11.467200, 11.835100, 12.118700, 12.525800, 12.900700, 13.246500, 13.780300, 14.094200, 14.642500, 9.829400, 9.873900, 10.060300, 10.083500, 10.284500, 10.383500, 10.531700, 10.655400, 10.825300, 10.870500, 11.049400, 11.122500, 11.191200, 11.216000, 11.239900, 11.349600, 11.489400, 11.593500, 11.715300, 11.792000, 7.927200, 8.237400, 8.641000, 8.878700, 9.268100, 9.471200, 9.884000, 10.123600, 10.502200, 10.674600, 11.115500, 11.469400, 11.571200, 11.995100, 12.362700, 12.667000, 12.869100, 13.308500, 13.463600, 13.828800, 6.597600, 6.881900, 7.359900, 7.908400, 8.472200, 9.105000, 9.719300, 10.152200, 10.518500, 10.800600, 10.895500, 10.971200, 10.890800, 10.889800, 10.887500, 10.844700, 10.981100, 10.884900, 10.788800, 10.895000, 
8.005500, 8.346200, 8.675500, 9.050000, 9.396900, 9.798400, 10.081300, 10.463000, 10.600300, 11.014900, 11.241000, 11.487400, 11.743200, 11.992000, 12.201100, 12.363200, 12.584900, 12.800900, 13.009700, 13.097200, 11.001000, 11.031100, 11.007100, 10.993800, 11.035300, 11.023700, 11.054500, 10.982100, 11.103200, 11.088000, 11.059100, 11.173400, 11.068000, 11.061200, 11.095000, 11.215900, 11.134700, 11.123400, 11.140900, 11.172500, 12.842100, 12.752600, 12.412300, 12.270100, 12.057800, 11.784900, 11.714500, 11.465800, 11.301100, 11.122300, 11.105300, 10.877600, 10.678600, 10.527300, 10.421800, 10.247800, 10.156500, 10.112200, 9.944500, 9.834900, 11.934000, 11.957900, 11.784800, 11.758700, 11.691600, 11.596600, 11.487600, 11.364600, 11.273300, 11.207600, 11.038800, 10.815400, 10.759900, 10.594900, 10.556400, 10.306000, 10.305200, 10.103500, 9.998900, 9.833300, 7.794500, 8.120500, 8.411400, 8.728500, 9.071000, 9.448400, 9.805900, 10.182400, 10.543800, 10.880500, 11.267700, 11.665100, 12.046100, 12.330700, 12.733500, 13.134700, 13.475000, 14.024300, 14.348900, 14.898400, 10.006200, 10.088200, 10.253200, 10.252500, 10.502700, 10.578000, 10.711200, 10.850900, 11.070900, 11.053500, 11.232600, 11.351100, 11.414000, 11.413800, 11.423700, 11.586400, 11.725300, 11.788900, 11.900900, 12.002000, 8.067100, 8.372600, 8.798400, 9.034200, 9.428500, 9.627500, 10.048000, 10.312800, 10.683000, 10.851200, 11.307000, 11.666200, 11.759300, 12.202600, 12.562000, 12.875600, 13.073300, 13.537000, 13.684300, 14.049400, 6.696400, 7.002200, 7.516600, 8.082500, 8.664200, 9.345200, 9.945700, 10.398400, 10.712200, 11.029700, 11.137300, 11.364200, 11.286200, 11.293600, 11.273300, 11.234900, 11.351700, 11.269300, 11.176000, 11.266700, 
8.137500, 8.498300, 8.853900, 9.223200, 9.553500, 9.984900, 10.288800, 10.647100, 10.824100, 11.204500, 11.471500, 11.673100, 11.990700, 12.194200, 12.431800, 12.590400, 12.792500, 13.078000, 13.228700, 13.332500, 11.131700, 11.168700, 11.164300, 11.149200, 11.197400, 11.183600, 11.233000, 11.154500, 11.289400, 11.284100, 11.272800, 11.409500, 11.328000, 11.307300, 11.342600, 11.448000, 11.354100, 11.340800, 11.367200, 11.423200, 13.055100, 12.971600, 12.636300, 12.484300, 12.264300, 11.997300, 11.927200, 11.677100, 11.506000, 11.337800, 11.320100, 11.086400, 10.884800, 10.744300, 10.629100, 10.460400, 10.361800, 10.323300, 10.150600, 10.035600, 12.161600, 12.193000, 12.018200, 11.989800, 11.918700, 11.818900, 11.701400, 11.584500, 11.479100, 11.420300, 11.253200, 11.014600, 10.972700, 10.805000, 10.749500, 10.497100, 10.494800, 10.291500, 10.180700, 10.020600, 7.928300, 8.266600, 8.562400, 8.881300, 9.235900, 9.614800, 9.986500, 10.376800, 10.739300, 11.099300, 11.477200, 11.887700, 12.293000, 12.574200, 12.994600, 13.387700, 13.751600, 14.306800, 14.642300, 15.215700, 10.216700, 10.282900, 10.432500, 10.463800, 10.706300, 10.763700, 10.925800, 11.068300, 11.263100, 11.256500, 11.454500, 11.564900, 11.600900, 11.616600, 11.661900, 11.804600, 11.914100, 11.990100, 12.128000, 12.236200, 8.227000, 8.540900, 8.969200, 9.219400, 9.612300, 9.818300, 10.240200, 10.518300, 10.883600, 11.069000, 11.528100, 11.889000, 11.982000, 12.427600, 12.793900, 13.112000, 13.325600, 13.782100, 13.935800, 14.312000, 6.801800, 7.124700, 7.668900, 8.271300, 8.877900, 9.563500, 10.181100, 10.618500, 10.945500, 11.223100, 11.352400, 11.593600, 11.660600, 11.624300, 11.654700, 11.616900, 11.715200, 11.633700, 11.574600, 11.644800, 
8.285300, 8.645700, 9.002100, 9.400900, 9.743300, 10.155100, 10.479200, 10.852400, 11.012200, 11.429300, 11.662300, 11.905600, 12.187200, 12.422000, 12.657300, 12.808200, 13.050700, 13.295400, 13.475200, 13.603200, 11.263900, 11.308500, 11.321500, 11.309300, 11.365500, 11.358600, 11.419700, 11.355300, 11.502600, 11.501000, 11.466500, 11.610000, 11.532600, 11.527700, 11.572700, 11.697400, 11.607900, 11.590800, 11.597900, 11.651900, 13.297200, 13.212200, 12.881800, 12.726000, 12.502400, 12.228900, 12.155900, 11.896400, 11.722800, 11.545600, 11.526300, 11.291600, 11.071100, 10.927400, 10.813200, 10.629400, 10.528600, 10.481400, 10.310400, 10.195500, 12.379900, 12.414800, 12.240800, 12.213300, 12.140500, 12.050500, 11.923500, 11.799300, 11.693800, 11.635600, 11.461400, 11.213200, 11.179800, 11.004100, 10.944100, 10.701100, 10.688800, 10.486000, 10.363900, 10.206400, 8.063400, 8.402100, 8.711500, 9.040900, 9.394200, 9.786500, 10.169400, 10.573300, 10.938800, 11.308400, 11.697400, 12.123400, 12.541100, 12.817600, 13.247500, 13.652300, 14.018500, 14.587500, 14.946600, 15.521100, 10.403400, 10.458800, 10.652700, 10.657200, 10.893500, 10.979000, 11.128800, 11.262400, 11.465100, 11.468700, 11.655400, 11.755800, 11.826500, 11.843100, 11.861800, 11.997600, 12.140300, 12.234900, 12.331200, 12.435200, 8.381900, 8.704800, 9.138300, 9.393200, 9.800100, 10.007100, 10.428800, 10.719100, 11.086000, 11.279200, 11.740600, 12.110400, 12.195300, 12.652500, 13.028400, 13.355500, 13.577600, 14.037700, 14.181300, 14.560400, 6.914100, 7.259900, 7.827300, 8.458200, 9.081900, 9.794200, 10.396100, 10.859800, 11.170800, 11.461800, 11.542700, 11.805900, 11.864800, 12.011500, 12.018500, 11.960700, 12.095300, 12.015100, 11.921000, 12.036300, 
8.427400, 8.802700, 9.183100, 9.572000, 9.914000, 10.353800, 10.653800, 11.051100, 11.215200, 11.613400, 11.876400, 12.113100, 12.410400, 12.631800, 12.875400, 13.052800, 13.265700, 13.543800, 13.710700, 13.836500, 11.411700, 11.459600, 11.486000, 11.463300, 11.532400, 11.547200, 11.623700, 11.548000, 11.689000, 11.689500, 11.676300, 11.824900, 11.767200, 11.742300, 11.777200, 11.917300, 11.837300, 11.839000, 11.849200, 11.887200, 13.523900, 13.450100, 13.112400, 12.947900, 12.716900, 12.442400, 12.367300, 12.103700, 11.916100, 11.739100, 11.712500, 11.484100, 11.267100, 11.117500, 11.000400, 10.818500, 10.717900, 10.661500, 10.488400, 10.377400, 12.593200, 12.622900, 12.452200, 12.428200, 12.348300, 12.254400, 12.131900, 11.994700, 11.891100, 11.830400, 11.648100, 11.398700, 11.361400, 11.195000, 11.120700, 10.875600, 10.863100, 10.666400, 10.538000, 10.378700, 8.177800, 8.529800, 8.845300, 9.177900, 9.550000, 9.947900, 10.335600, 10.748400, 11.123700, 11.499900, 11.899500, 12.327400, 12.762100, 13.043100, 13.487000, 13.897900, 14.269300, 14.854200, 15.219200, 15.801200, 10.594900, 10.662200, 10.837100, 10.852300, 11.105200, 11.172200, 11.319400, 11.483600, 11.668700, 11.654900, 11.869500, 11.977000, 12.030700, 12.032900, 12.071600, 12.213300, 12.351700, 12.440400, 12.537000, 12.674800, 8.525800, 8.854100, 9.293800, 9.559800, 9.967800, 10.174600, 10.607000, 10.900900, 11.271600, 11.468600, 11.943200, 12.328900, 12.405600, 12.869700, 13.245500, 13.577800, 13.803400, 14.266400, 14.423800, 14.794300, 8.455000, 7.398100, 8.003000, 8.652400, 9.305400, 10.014200, 10.631800, 11.081100, 11.390300, 11.650300, 11.763000, 11.978000, 12.050800, 12.217300, 12.410800, 12.343700, 12.483200, 12.445000, 12.312500, 12.464300, 
8.573100, 8.951700, 9.349800, 9.756300, 10.096700, 10.529400, 10.847600, 11.238500, 11.413000, 11.826700, 12.070100, 12.332300, 12.619600, 12.855900, 13.105600, 13.261800, 13.508200, 13.762400, 13.939000, 14.093700, 11.548000, 11.616100, 11.641700, 11.627900, 11.711900, 11.732400, 11.799800, 11.725100, 11.894400, 11.901500, 11.889300, 12.020700, 11.963800, 11.971600, 12.011300, 12.125200, 12.046800, 12.070100, 12.073800, 12.129800, 13.761400, 13.688100, 13.352700, 13.187500, 12.937500, 12.683800, 12.587800, 12.325500, 12.143500, 11.953200, 11.927400, 11.695300, 11.461200, 11.311500, 11.183900, 10.995600, 10.877400, 10.822400, 10.639000, 10.534800, 12.826800, 12.851300, 12.692200, 12.655300, 12.574800, 12.477800, 12.358100, 12.218700, 12.110300, 12.042400, 11.850000, 11.607400, 11.569300, 11.393000, 11.317600, 11.071600, 11.054900, 10.847100, 10.729200, 10.562100, 8.311400, 8.670000, 8.987100, 9.334800, 9.719000, 10.118400, 10.517400, 10.932000, 11.315200, 11.711500, 12.116500, 12.548100, 13.000700, 13.283500, 13.736100, 14.168100, 14.542200, 15.135700, 15.523500, 16.110600, 10.792200, 10.849700, 11.035700, 11.048500, 11.283200, 11.367600, 11.527100, 11.664500, 11.869700, 11.863700, 12.074500, 12.165600, 12.238300, 12.250800, 12.285500, 12.403000, 12.562900, 12.664000, 12.747100, 12.880400, 8.682400, 9.017100, 9.466000, 9.736200, 10.166100, 10.357200, 10.798600, 11.107000, 11.473900, 11.678800, 12.164000, 12.565400, 12.627800, 13.100600, 13.486300, 13.823800, 14.047900, 14.508300, 14.682200, 15.048200, 11.937200, 9.042700, 8.182100, 8.859100, 9.528600, 10.246200, 10.854200, 11.317400, 11.600400, 11.873900, 11.948200, 12.179500, 12.232000, 12.396100, 12.619900, 12.792200, 12.953300, 12.918100, 12.758400, 12.915500, 
8.729500, 9.114900, 9.510700, 9.913900, 10.275000, 10.717200, 11.015800, 11.430800, 11.596900, 12.026200, 12.273100, 12.526400, 12.828600, 13.069200, 13.316300, 13.500500, 13.714000, 14.002700, 14.168000, 14.321300, 11.691600, 11.773800, 11.801600, 11.791800, 11.886600, 11.899600, 11.980500, 11.911900, 12.096200, 12.077000, 12.088900, 12.234800, 12.171000, 12.160400, 12.225700, 12.363100, 12.260900, 12.277400, 12.295300, 12.361800, 13.997200, 13.931200, 13.578500, 13.410900, 13.150700, 12.889600, 12.796300, 12.532300, 12.337500, 12.137700, 12.108500, 11.874300, 11.650400, 11.485900, 11.362000, 11.174400, 11.048200, 11.003700, 10.805100, 10.712300, 13.031400, 13.060000, 12.903600, 12.862400, 12.777900, 12.677600, 12.543800, 12.407300, 12.302200, 12.239900, 12.045600, 11.794400, 11.751300, 11.573800, 11.501700, 11.247300, 11.225900, 11.015900, 10.905100, 10.727000, 8.429300, 8.792800, 9.119100, 9.472600, 9.867300, 10.272400, 10.672900, 11.103300, 11.496800, 11.901000, 12.311300, 12.750700, 13.208900, 13.503400, 13.960300, 14.407400, 14.778800, 15.391300, 15.792900, 16.383900, 10.988200, 11.046800, 11.223400, 11.238300, 11.489800, 11.549200, 11.706500, 11.859100, 12.076800, 12.045400, 12.281800, 12.384900, 12.430800, 12.447100, 12.480300, 12.618200, 12.766200, 12.859200, 12.945500, 13.101200, 8.830400, 9.162300, 9.626100, 9.897900, 10.330000, 10.527900, 10.969600, 11.284500, 11.665500, 11.871200, 12.355600, 12.766200, 12.829000, 13.310700, 13.697400, 14.045300, 14.276500, 14.736700, 14.910000, 15.279700, 13.562300, 12.884400, 9.986300, 9.078700, 9.781100, 10.478400, 11.083800, 11.538400, 11.820200, 12.071900, 12.150800, 12.358700, 12.431200, 12.574800, 12.804900, 13.012500, 13.468400, 13.435400, 13.275700, 13.413800, 
8.876100, 9.262800, 9.670700, 10.088300, 10.451000, 10.889600, 11.208900, 11.625100, 11.797200, 12.226800, 12.465800, 12.731400, 13.022800, 13.292800, 13.511700, 13.707900, 13.941400, 14.210900, 14.390300, 14.570500, 11.844200, 11.926700, 11.962300, 11.955600, 12.047900, 12.071100, 12.164900, 12.096300, 12.281800, 12.283000, 12.287300, 12.420000, 12.380200, 12.379800, 12.426400, 12.577900, 12.474900, 12.479300, 12.519700, 12.587800, 14.238700, 14.167200, 13.803700, 13.647200, 13.378600, 13.101000, 13.013600, 12.741100, 12.547900, 12.335400, 12.307000, 12.065000, 11.836900, 11.669000, 11.536200, 11.341500, 11.209300, 11.161500, 10.956800, 10.861200, 13.262300, 13.288200, 13.120900, 13.081400, 12.998400, 12.882400, 12.753700, 12.618500, 12.498200, 12.436200, 12.247200, 11.994300, 11.948300, 11.757700, 11.694500, 11.439200, 11.414600, 11.201000, 11.094600, 10.904600, 8.553700, 8.926300, 9.262700, 9.616900, 10.024100, 10.435300, 10.843000, 11.286700, 11.686400, 12.109900, 12.514700, 12.971800, 13.439000, 13.732300, 14.206400, 14.663200, 15.045200, 15.667500, 16.085900, 16.686800, 11.168800, 11.219900, 11.412500, 11.425500, 11.662000, 11.743900, 11.903200, 12.043600, 12.276200, 12.248800, 12.475400, 12.572900, 12.627000, 12.656300, 12.682900, 12.802500, 12.978800, 13.078000, 13.160800, 13.299600, 8.988200, 9.321400, 9.786400, 10.059400, 10.506100, 10.705800, 11.154500, 11.472000, 11.865600, 12.078300, 12.564000, 12.986400, 13.046800, 13.536000, 13.933300, 14.276800, 14.509000, 14.983500, 15.149100, 15.519000, 15.221700, 14.792400, 14.254600, 11.034100, 10.007600, 10.730500, 11.320100, 11.770000, 12.026800, 12.264700, 12.341600, 12.548200, 12.608500, 12.773600, 12.997600, 13.211200, 13.721700, 13.981000, 13.844200, 13.998000, 
9.023300, 9.417200, 9.830300, 10.244700, 10.625900, 11.072500, 11.375500, 11.807900, 11.988200, 12.413800, 12.661600, 12.925600, 13.229200, 13.498200, 13.717900, 13.922100, 14.147400, 14.459700, 14.606700, 14.798700, 11.987100, 12.079500, 12.136400, 12.124400, 12.223500, 12.249500, 12.336600, 12.283700, 12.477000, 12.471500, 12.478700, 12.626700, 12.575200, 12.583000, 12.639900, 12.769000, 12.700500, 12.685000, 12.725400, 12.805000, 14.470000, 14.405300, 14.020100, 13.876700, 13.595700, 13.302100, 13.214100, 12.938100, 12.748700, 12.524100, 12.495500, 12.243600, 12.008200, 11.837200, 11.711200, 11.518700, 11.380300, 11.328000, 11.120300, 11.030400, 13.469000, 13.488500, 13.323600, 13.284600, 13.195000, 13.083500, 12.946500, 12.815800, 12.679600, 12.621100, 12.441100, 12.171100, 12.120500, 11.933000, 11.862100, 11.607500, 11.572500, 11.363600, 11.269400, 11.069500, 8.667700, 9.047500, 9.394300, 9.747300, 10.156700, 10.591200, 10.998000, 11.453000, 11.854100, 12.295900, 12.694600, 13.162400, 13.644100, 13.955300, 14.425800, 14.890600, 15.280900, 15.905100, 16.331100, 16.962000, 11.340000, 11.406600, 11.590400, 11.607600, 11.863900, 11.930700, 12.084900, 12.226000, 12.466000, 12.435900, 12.672700, 12.765200, 12.818800, 12.845000, 12.878600, 13.007400, 13.167800, 13.267900, 13.354000, 13.519400, 9.128300, 9.462900, 9.937900, 10.223300, 10.659400, 10.863400, 11.320200, 11.635900, 12.047600, 12.262900, 12.741400, 13.173400, 13.239200, 13.744000, 14.125300, 14.481100, 14.716300, 15.192500, 15.375200, 15.749800, 17.059600, 16.679600, 16.442200, 15.730300, 12.900500, 10.964200, 11.558000, 11.986700, 12.236100, 12.451200, 12.535500, 12.727700, 12.807100, 12.947000, 13.206700, 13.405400, 13.941700, 14.234100, 14.447300, 14.593700, 
9.170800, 9.567400, 9.989100, 10.408700, 10.792900, 11.234200, 11.556600, 11.987100, 12.166100, 12.609900, 12.846700, 13.133300, 13.418900, 13.710900, 13.913600, 14.133600, 14.371600, 14.675100, 14.853600, 15.038600, 12.133400, 12.235900, 12.307000, 12.285800, 12.394900, 12.423800, 12.515000, 12.466900, 12.656700, 12.671700, 12.665500, 12.818800, 12.781400, 12.760400, 12.858300, 12.982700, 12.893600, 12.901000, 12.932500, 13.021600, 14.708600, 14.641200, 14.240200, 14.099000, 13.817300, 13.521500, 13.417800, 13.147400, 12.956200, 12.719200, 12.689000, 12.444500, 12.189300, 12.026300, 11.883900, 11.686600, 11.534100, 11.482000, 11.274200, 11.173800, 13.683800, 13.703600, 13.540700, 13.504800, 13.403500, 13.299100, 13.146000, 13.026700, 12.874600, 12.812900, 12.626500, 12.360800, 12.301600, 12.124000, 12.049900, 11.781300, 11.751300, 11.545500, 11.445700, 11.236500, 8.793600, 9.175800, 9.520800, 9.887100, 10.303700, 10.743400, 11.163700, 11.633200, 12.044400, 12.497400, 12.891400, 13.372100, 13.859500, 14.174000, 14.654700, 15.131700, 15.541500, 16.178200, 16.599300, 17.251800, 11.521100, 11.575200, 11.780700, 11.785500, 12.038200, 12.112400, 12.269000, 12.391800, 12.652500, 12.623300, 12.862400, 12.942500, 13.017200, 13.056300, 13.079400, 13.202700, 13.359000, 13.480900, 13.558400, 13.716900, 9.280700, 9.618300, 10.100200, 10.386100, 10.833400, 11.037800, 11.507000, 11.821800, 12.237100, 12.449100, 12.937300, 13.378300, 13.454200, 13.969000, 14.348300, 14.703100, 14.941600, 15.429500, 15.614300, 15.990800, 18.997100, 18.651700, 18.448000, 18.065000, 17.388300, 14.055600, 11.782200, 12.228100, 12.443200, 12.654500, 12.719900, 12.917200, 12.971400, 13.140800, 13.390000, 13.625300, 14.156100, 14.455600, 14.714300, 15.208900, 
9.327500, 9.720200, 10.144200, 10.563400, 10.957100, 11.405000, 11.725400, 12.175900, 12.363300, 12.796800, 13.047700, 13.323800, 13.622000, 13.905200, 14.139500, 14.359700, 14.582400, 14.916000, 15.087900, 15.282700, 12.275200, 12.388000, 12.458100, 12.454300, 12.564500, 12.593500, 12.698400, 12.647000, 12.854900, 12.858600, 12.859900, 13.014400, 12.980800, 12.982000, 13.055900, 13.201900, 13.094100, 13.124300, 13.158900, 13.242500, 14.937100, 14.872000, 14.462100, 14.320900, 14.023800, 13.724800, 13.614000, 13.353500, 13.148900, 12.906100, 12.875800, 12.626000, 12.366300, 12.188600, 12.060300, 11.865600, 11.709200, 11.654200, 11.460100, 11.338800, 13.892500, 13.897800, 13.733400, 13.698000, 13.608100, 13.497100, 13.337900, 13.216500, 13.064300, 13.010300, 12.815300, 12.536000, 12.481700, 12.299000, 12.218600, 11.944900, 11.927000, 11.709700, 11.607300, 11.397000, 8.899000, 9.289800, 9.644000, 10.020400, 10.438500, 10.886800, 11.322400, 11.790800, 12.208400, 12.672700, 13.072600, 13.563300, 14.054600, 14.397800, 14.882300, 15.364000, 15.779500, 16.442900, 16.863700, 17.533700, 11.683600, 11.754500, 11.958400, 11.962000, 12.224100, 12.297800, 12.442800, 12.591800, 12.842700, 12.810500, 13.049100, 13.145500, 13.205400, 13.241300, 13.283500, 13.418300, 13.562000, 13.682700, 13.757900, 13.941100, 9.421400, 9.761000, 10.240000, 10.536000, 10.999100, 11.194400, 11.682500, 11.995200, 12.422100, 12.635100, 13.127300, 13.565100, 13.643300, 14.181100, 14.550200, 14.911500, 15.163600, 15.646200, 15.830500, 16.222100, 21.003800, 20.653400, 20.487900, 20.130100, 19.737000, 18.725100, 15.046000, 12.451900, 12.666300, 12.851500, 12.915900, 13.089900, 13.158600, 13.315000, 13.609100, 13.813600, 14.391400, 14.673100, 14.951900, 15.501100, 
9.474400, 9.870300, 10.292900, 10.731700, 11.123300, 11.568400, 11.897100, 12.354900, 12.546100, 12.983400, 13.227500, 13.530000, 13.824900, 14.123800, 14.355500, 14.584500, 14.834900, 16.052300, 19.851500, 22.737500, 12.417700, 12.536700, 12.607900, 12.624300, 12.726100, 12.771700, 12.872500, 12.843500, 13.032200, 13.055300, 13.046900, 13.225000, 13.176200, 13.187200, 13.260000, 13.413700, 13.316400, 16.353700, 19.823600, 21.323100, 15.168000, 15.109000, 14.685000, 14.547700, 14.241200, 13.940000, 13.823900, 13.573000, 13.350700, 13.107900, 13.071300, 12.819700, 12.548300, 12.365400, 12.237400, 12.029200, 11.860000, 11.814700, 11.607000, 11.487900, 14.110700, 14.111500, 13.952500, 13.914400, 13.820300, 13.707500, 13.542900, 13.412700, 13.271700, 13.216500, 13.015100, 12.726600, 12.662200, 12.495900, 12.413800, 12.132600, 12.117800, 11.880800, 11.779800, 11.573600, 9.017700, 9.424700, 9.773200, 10.157100, 10.592000, 11.042800, 11.488000, 11.971300, 12.401700, 12.868200, 13.271700, 13.768600, 14.275800, 14.628800, 15.130500, 15.623400, 16.041200, 16.705700, 17.157900, 17.819900, 11.855300, 11.923400, 12.129200, 12.131600, 12.402300, 12.485200, 12.628900, 12.764600, 13.038400, 13.015400, 13.241700, 13.339400, 13.414400, 13.446500, 13.484400, 13.609300, 13.774400, 13.899200, 13.978700, 14.157800, 9.571200, 9.918600, 10.404400, 10.698900, 11.169700, 11.374300, 11.860500, 12.180500, 12.619300, 12.834500, 13.316600, 13.778500, 13.843900, 14.396900, 14.770100, 15.142700, 15.399000, 15.884500, 16.053300, 16.473000, 22.915300, 22.593100, 22.397700, 22.085100, 21.744900, 21.024300, 19.914600, 15.880300, 12.880500, 13.061700, 13.095900, 13.280400, 13.323900, 13.506600, 13.788700, 14.028800, 14.587900, 14.932200, 15.180600, 15.738700, 
9.623100, 10.034400, 10.444000, 10.883000, 11.290700, 11.750300, 12.063500, 12.539000, 12.735800, 13.163200, 13.435800, 13.719000, 14.051700, 14.543900, 17.963000, 21.303100, 23.379700, 24.999800, 26.097100, 27.038800, 12.557500, 12.684300, 12.768400, 12.789700, 12.895900, 12.941700, 13.053700, 13.021700, 13.224500, 13.244200, 13.252000, 13.420400, 13.381100, 14.027900, 18.325100, 20.843900, 21.839600, 22.562900, 23.081600, 23.568500, 15.407400, 15.353900, 14.918100, 14.766200, 14.459600, 14.153500, 14.025900, 13.775400, 13.538400, 13.298400, 13.263900, 13.009500, 12.736400, 12.556200, 12.422500, 12.207300, 12.039700, 11.988400, 11.795300, 11.663300, 14.322700, 14.313900, 14.149600, 14.121900, 14.026600, 13.905300, 13.741700, 13.606500, 13.459900, 13.412400, 13.203800, 12.913500, 12.843400, 12.685300, 12.591300, 12.303100, 12.285400, 12.057300, 11.952100, 11.750000, 9.131200, 9.543200, 9.902100, 10.305700, 10.738900, 11.188400, 11.642500, 12.150500, 12.581200, 13.058000, 13.477300, 13.967900, 14.490600, 14.857300, 15.367300, 15.873200, 16.302700, 16.969300, 17.431300, 18.119100, 12.020800, 12.111700, 12.299000, 12.302800, 12.587300, 12.669400, 12.819400, 12.955000, 13.229200, 13.193900, 13.441600, 13.551700, 13.611100, 13.642000, 13.691700, 13.836100, 14.021800, 14.725100, 16.363800, 18.185800, 9.717700, 10.059200, 10.560300, 10.862700, 11.333300, 11.533800, 12.040400, 12.347400, 12.803100, 13.025300, 13.516800, 13.979400, 14.042600, 14.595400, 14.985500, 15.354500, 15.618100, 16.115300, 16.288800, 16.715700, 24.677900, 24.415700, 24.223900, 23.906300, 23.597600, 22.916100, 22.128100, 20.862300, 16.450600, 13.252600, 13.287500, 13.459000, 13.520500, 13.689600, 13.984700, 14.225200, 14.822900, 15.152600, 15.432500, 15.986700, 
9.773200, 10.180300, 10.610900, 11.035800, 11.460300, 11.925400, 12.251100, 12.722300, 12.916300, 13.362800, 14.021600, 17.877300, 20.995000, 22.955500, 24.325700, 25.448200, 26.488800, 27.649800, 28.540800, 29.414600, 12.703100, 12.831600, 12.928700, 12.946900, 13.070300, 13.118300, 13.238200, 13.210200, 13.419700, 13.451500, 13.908100, 18.100500, 20.595100, 21.961000, 22.825600, 23.536200, 23.848800, 24.303500, 24.693700, 25.095500, 15.647100, 15.587000, 15.143200, 15.007300, 14.683500, 14.365000, 14.243900, 13.990500, 13.747500, 13.510700, 13.478900, 13.219600, 12.943300, 12.768500, 12.650300, 12.442800, 12.324900, 12.297200, 12.176100, 12.099300, 14.542500, 14.537900, 14.373500, 14.343300, 14.233400, 14.112400, 13.951700, 13.832600, 13.674500, 13.629800, 13.417900, 13.113300, 13.052500, 12.884500, 12.794500, 12.502300, 12.483500, 12.255100, 12.151400, 11.943900, 9.246700, 9.675300, 10.033900, 10.445200, 10.888500, 11.349400, 11.817900, 12.330800, 12.772700, 13.253500, 13.704300, 14.198400, 14.725800, 15.109400, 15.638900, 16.154400, 16.588700, 17.268200, 17.746700, 18.456000, 12.193100, 12.283400, 12.479300, 12.482200, 12.779900, 12.853600, 13.006500, 13.144700, 13.433600, 13.413900, 13.710200, 14.793900, 16.696700, 18.430900, 19.798300, 20.884300, 21.827800, 22.587400, 23.225200, 23.864000, 9.878100, 10.218000, 10.723800, 11.037300, 11.508300, 11.715100, 12.232300, 12.551300, 13.003300, 13.231000, 13.729100, 14.202500, 14.260300, 14.812700, 15.211800, 15.596800, 15.857900, 16.359700, 16.535100, 16.974400, 26.133500, 26.021700, 25.880000, 25.621200, 25.286700, 24.638700, 23.917200, 22.986400, 21.549400, 16.939400, 13.481600, 13.661000, 13.704600, 13.875300, 14.174200, 14.433000, 15.037500, 15.397400, 15.660300, 16.264700, 
9.915600, 10.324300, 10.767700, 11.195100, 11.637800, 12.097700, 12.423500, 12.940700, 15.862000, 19.557200, 21.684500, 23.186700, 24.383100, 25.570700, 26.599100, 27.608400, 28.638200, 29.837200, 30.797900, 31.782700, 12.856200, 12.988800, 13.092500, 13.121100, 13.240600, 13.305200, 13.421200, 13.417200, 15.871500, 19.528900, 21.454200, 22.801700, 23.348000, 23.999900, 24.581800, 25.183100, 25.420300, 25.839700, 26.194300, 26.571000, 17.932600, 18.454600, 18.545000, 18.994500, 19.205900, 19.460700, 19.868900, 20.078000, 20.302000, 20.425200, 20.889200, 20.954000, 20.999900, 21.054800, 21.191500, 21.163800, 21.238500, 21.376000, 21.346100, 21.292500, 22.125600, 22.153600, 21.882900, 21.917800, 21.737700, 21.599800, 21.377100, 21.130100, 20.965000, 20.867300, 20.532500, 20.134500, 20.089700, 19.834100, 19.714100, 19.299600, 19.262900, 18.918500, 18.743000, 18.472900, 14.290000, 14.948100, 15.511200, 16.105300, 16.797300, 17.499100, 18.202800, 18.959000, 19.572500, 20.369100, 20.978000, 21.747700, 22.520200, 23.123900, 23.896300, 24.640600, 25.319800, 26.348000, 27.068400, 28.028700, 12.365400, 12.458400, 12.648800, 12.670900, 12.984700, 13.316900, 15.110200, 17.265200, 19.097400, 20.109300, 21.272300, 22.051500, 22.620300, 23.121700, 23.589700, 24.113200, 24.665500, 25.164100, 25.572700, 26.124600, 15.148400, 15.633000, 16.370500, 16.922200, 17.589400, 17.960200, 18.749700, 19.244400, 19.886900, 20.282600, 21.036000, 21.743500, 21.910200, 22.719900, 23.300800, 23.894600, 24.336100, 25.090800, 25.322900, 26.017600, 27.303700, 27.359400, 27.399800, 27.220000, 26.878800, 26.258200, 25.511500, 24.688400, 23.612200, 22.132200, 17.284600, 13.842500, 13.919800, 14.060900, 14.376200, 14.636900, 15.270400, 15.628600, 15.914600, 16.506200, 
10.052200, 10.468100, 10.931700, 11.359500, 11.815200, 12.676100, 16.649600, 19.695600, 21.343800, 22.934800, 24.098300, 25.294900, 26.356700, 27.488600, 28.577000, 29.662700, 30.754400, 32.096700, 33.148500, 34.275600, 13.004200, 13.144900, 13.247700, 13.302000, 13.412200, 13.553500, 16.477800, 19.718500, 21.854300, 23.048000, 23.812800, 24.738200, 25.056400, 25.601200, 26.123500, 26.712500, 26.953300, 27.388900, 27.780500, 28.129200, 21.657900, 22.287100, 22.349800, 22.731800, 22.800100, 22.924200, 23.193900, 23.210000, 23.328100, 23.317200, 23.637400, 23.571900, 23.505700, 23.442500, 23.507100, 23.367600, 23.381900, 23.434300, 23.348700, 23.223300, 25.155200, 25.177200, 24.887900, 24.891500, 24.670800, 24.508500, 24.265700, 23.994200, 23.819700, 23.684000, 23.293200, 22.873700, 22.802500, 22.548900, 22.384500, 21.918400, 21.893500, 21.478700, 21.274200, 20.935500, 16.098700, 16.838400, 17.494100, 18.180200, 18.982400, 19.781300, 20.641400, 21.460000, 22.200300, 23.109100, 23.850400, 24.709600, 25.621800, 26.330000, 27.220300, 28.148600, 28.929400, 30.133500, 30.938700, 32.088000, 12.582500, 13.975800, 16.378800, 18.068800, 19.660700, 20.593400, 21.343100, 22.042200, 22.846200, 23.155600, 23.948900, 24.347500, 24.753400, 25.169600, 25.569900, 26.042300, 26.554700, 27.067800, 27.464600, 28.040300, 17.215100, 17.752300, 18.598400, 19.227200, 19.986800, 20.384500, 21.319500, 21.858700, 22.607200, 23.040100, 23.885200, 24.693200, 24.907100, 25.784100, 26.410800, 27.088100, 27.605300, 28.455000, 28.756800, 29.516200, 28.261800, 28.436600, 28.631300, 28.630800, 28.422400, 27.793000, 27.046000, 26.241700, 25.267200, 24.173900, 22.577700, 17.766600, 14.105400, 14.270800, 14.567900, 14.855600, 15.489200, 15.877000, 16.137200, 16.768000, 
10.204700, 10.627900, 11.090100, 12.019200, 16.142800, 18.953600, 20.731600, 22.283200, 23.349600, 24.749400, 25.866600, 27.087200, 28.173200, 29.417600, 30.594300, 31.832800, 33.038300, 34.519800, 35.686000, 36.899600, 13.163800, 13.311800, 13.424500, 13.505700, 15.934700, 19.436500, 21.696800, 22.887800, 24.105000, 24.914600, 25.483500, 26.356500, 26.678600, 27.178200, 27.724800, 28.371000, 28.573100, 29.027700, 29.437900, 29.791300, 23.994700, 24.593100, 24.545000, 24.901600, 24.864900, 24.950800, 25.121400, 25.074800, 25.143600, 25.095000, 25.395900, 25.295700, 25.155600, 25.090800, 25.103300, 24.937600, 24.911500, 24.996400, 24.852700, 24.696400, 27.097600, 27.108900, 26.800900, 26.847200, 26.574400, 26.398000, 26.137000, 25.813500, 25.621800, 25.462100, 25.020600, 24.560600, 24.504800, 24.216200, 24.009600, 23.503400, 23.484100, 23.024800, 22.812100, 22.453700, 17.100300, 17.915800, 18.643000, 19.405700, 20.291400, 21.161900, 22.104600, 23.013700, 23.842800, 24.844400, 25.661300, 26.615100, 27.631400, 28.454600, 29.389500, 30.410900, 31.313400, 32.619100, 33.622000, 34.870300, 19.338000, 20.218100, 21.058800, 21.515600, 22.448100, 22.912500, 23.456400, 23.983500, 24.719900, 24.975100, 25.715800, 26.107900, 26.480400, 26.923000, 27.342900, 27.834400, 28.375400, 28.925900, 29.384300, 30.000400, 18.544000, 19.121600, 20.057000, 20.707800, 21.491800, 21.951900, 22.921500, 23.500700, 24.319700, 24.774400, 25.685600, 26.537500, 26.758900, 27.725100, 28.339900, 29.082300, 29.671300, 30.525500, 30.881300, 31.674500, 29.042900, 29.302400, 29.654700, 29.815000, 29.816400, 29.336300, 28.596800, 27.795300, 26.819400, 25.807000, 24.620500, 23.244700, 19.164700, 14.463900, 14.788600, 15.068200, 15.738300, 16.103200, 16.388100, 17.002700, 
10.342600, 10.921500, 14.766200, 17.660600, 19.592900, 21.210100, 22.525600, 23.931400, 24.922400, 26.362100, 27.568800, 28.856000, 30.113700, 31.460300, 32.775700, 34.139600, 35.475200, 37.066700, 38.342100, 39.696900, 13.324800, 13.480600, 14.712400, 18.252700, 21.036800, 22.704500, 24.011400, 24.764300, 25.837300, 26.547400, 27.103600, 27.984500, 28.336000, 28.834100, 29.434800, 30.084100, 30.322600, 30.814600, 31.193300, 31.577800, 25.935100, 26.530400, 26.408500, 26.735700, 26.646400, 26.714200, 26.857800, 26.774400, 26.867500, 26.749500, 27.063300, 26.903000, 26.780600, 26.640800, 26.645900, 26.466300, 26.399900, 26.498900, 26.332000, 26.116900, 28.971800, 28.969000, 28.633900, 28.683900, 28.378100, 28.164500, 27.889800, 27.510400, 27.314500, 27.138900, 26.652200, 26.176600, 26.060900, 25.787100, 25.506100, 24.978000, 24.964800, 24.456500, 24.214000, 23.840000, 17.992800, 18.874800, 19.669100, 20.488700, 21.471400, 22.396900, 23.438800, 24.424200, 25.348600, 26.469900, 27.342700, 28.379000, 29.518400, 30.431300, 31.480700, 32.583800, 33.626200, 35.073000, 36.231900, 37.564500, 21.687600, 22.199100, 22.893700, 23.226500, 24.104700, 24.520500, 25.025000, 25.576400, 26.336800, 26.607500, 27.390400, 27.821700, 28.223500, 28.711800, 29.135300, 29.714000, 30.337200, 30.870400, 31.387000, 32.051100, 19.791400, 20.416000, 21.374500, 22.088600, 22.896800, 23.406000, 24.443700, 25.046400, 25.885500, 26.398400, 27.353800, 28.276400, 28.470900, 29.523200, 30.168400, 30.944600, 31.592000, 32.476100, 32.836600, 33.692800, 29.647900, 30.018900, 30.485100, 30.799600, 30.967600, 30.791100, 30.199200, 29.406800, 28.417100, 27.406100, 26.312600, 25.348700, 23.999700, 19.740900, 14.994000, 15.310700, 15.966500, 16.357500, 16.618400, 17.253200, 
12.539900, 16.072500, 18.205800, 19.759600, 21.233800, 22.721400, 23.984100, 25.405400, 26.473300, 27.992100, 29.348800, 30.759600, 32.171900, 33.659300, 35.079500, 36.606400, 38.035800, 39.750000, 41.110500, 42.580500, 13.612400, 16.295700, 19.727800, 21.896500, 23.585800, 24.701300, 25.783000, 26.457500, 27.508500, 28.231100, 28.830600, 29.719500, 30.114300, 30.632000, 31.262400, 31.934100, 32.193100, 32.758700, 33.112600, 33.436300, 27.867500, 28.437200, 28.258500, 28.568500, 28.484100, 28.508000, 28.643500, 28.539400, 28.622500, 28.467900, 28.783900, 28.573100, 28.443900, 28.264900, 28.233000, 28.059100, 27.972500, 28.060600, 27.885700, 27.622300, 30.965500, 30.925200, 30.588700, 30.606400, 30.230300, 30.015500, 29.719400, 29.255600, 29.048300, 28.853600, 28.358000, 27.819400, 27.669800, 27.366500, 27.066600, 26.512200, 26.488300, 25.892700, 25.646400, 25.274300, 18.850600, 19.837600, 20.692900, 21.601700, 22.667800, 23.684900, 24.795100, 25.891200, 26.895700, 28.129100, 29.120300, 30.222500, 31.514700, 32.507000, 33.683400, 34.918000, 36.069000, 37.655800, 38.977900, 40.467400, 23.176400, 23.690900, 24.352800, 24.674800, 25.589700, 25.997900, 26.580100, 27.159700, 27.953600, 28.293000, 29.124300, 29.662900, 30.036700, 30.599200, 31.079200, 31.753700, 32.417000, 32.995300, 33.525000, 34.282400, 21.090100, 21.768600, 22.762200, 23.521900, 24.396700, 24.946300, 26.003000, 26.676600, 27.566400, 28.055200, 29.077500, 30.019500, 30.237000, 31.349000, 32.064600, 32.878500, 33.570600, 34.534500, 34.862300, 35.795600, 30.152500, 30.582500, 31.166100, 31.608300, 31.947400, 32.011400, 31.752200, 31.136200, 30.131300, 29.122300, 28.026200, 27.133800, 26.154500, 24.795600, 20.445700, 15.537800, 16.219800, 16.597800, 16.883300, 17.490300, 
16.463400, 18.264800, 19.821600, 21.170400, 22.550500, 24.057100, 25.405200, 26.903000, 28.103400, 29.786900, 31.278700, 32.854200, 34.335300, 36.005900, 37.541200, 39.187000, 40.655900, 42.390800, 43.753500, 45.162900, 17.280300, 20.446300, 22.663200, 24.074900, 25.453800, 26.435900, 27.496000, 28.147400, 29.268000, 30.057900, 30.654500, 31.622500, 32.044200, 32.571600, 33.261300, 33.917600, 34.122200, 34.550500, 34.794500, 35.005700, 29.865900, 30.443100, 30.210900, 30.516900, 30.421700, 30.407800, 30.511200, 30.397000, 30.489200, 30.271700, 30.593100, 30.338900, 30.177400, 29.999400, 29.955800, 29.738100, 29.596600, 29.715700, 29.496000, 29.193300, 33.064100, 33.028000, 32.615100, 32.670000, 32.220700, 31.998100, 31.633600, 31.150500, 30.886500, 30.698500, 30.161000, 29.613800, 29.374000, 29.057800, 28.705900, 28.115800, 28.109300, 27.437200, 27.149900, 26.760800, 19.745900, 20.798300, 21.748000, 22.763200, 23.900800, 24.997500, 26.230800, 27.431800, 28.555900, 29.897400, 30.987700, 32.205500, 33.651000, 34.743400, 36.077100, 37.456000, 38.700600, 40.445500, 41.961100, 43.611700, 24.539500, 25.065300, 25.782400, 26.130600, 27.099500, 27.570400, 28.209600, 28.804000, 29.679000, 30.051100, 31.001100, 31.580600, 31.995500, 32.656200, 33.189300, 33.895900, 34.596300, 35.221800, 35.807700, 36.663000, 22.491900, 23.199100, 24.239500, 25.063900, 25.970200, 26.573500, 27.656400, 28.401300, 29.355700, 29.841100, 30.911400, 31.924400, 32.110700, 33.319100, 34.053400, 34.952800, 35.688200, 36.692400, 37.069200, 38.031700, 30.582300, 31.063100, 31.736300, 32.282800, 32.772400, 33.054200, 33.086000, 32.814200, 31.979700, 30.947300, 29.855100, 28.968000, 28.078000, 27.093900, 25.739200, 21.163500, 16.464400, 16.858700, 17.109900, 17.752800, 
18.106400, 19.617900, 21.050500, 22.403300, 23.819100, 25.396000, 26.867800, 28.453100, 29.842600, 31.679800, 33.325800, 35.057500, 36.628100, 38.348800, 39.906000, 41.539100, 42.964300, 44.658700, 45.985300, 47.335300, 20.776700, 22.942700, 24.710200, 25.909200, 27.172900, 28.190600, 29.297700, 29.962200, 31.164600, 31.991800, 32.634600, 33.661500, 34.073000, 34.501100, 35.068100, 35.661500, 35.692400, 36.036400, 36.195300, 36.291700, 32.001400, 32.550000, 32.314600, 32.634200, 32.499500, 32.452300, 32.531900, 32.415900, 32.491100, 32.234600, 32.582100, 32.278200, 32.079700, 31.863900, 31.772900, 31.546600, 31.372100, 31.465300, 31.271800, 30.924300, 35.328300, 35.292700, 34.808400, 34.876500, 34.393100, 34.128700, 33.758800, 33.213900, 32.882800, 32.702300, 32.108600, 31.516600, 31.222400, 30.873800, 30.507400, 29.855600, 29.859700, 29.092500, 28.789800, 28.398200, 20.691000, 21.840300, 22.878000, 23.986900, 25.211700, 26.433400, 27.762700, 29.097000, 30.322500, 31.833900, 33.009400, 34.371100, 35.978200, 37.199900, 38.683800, 40.231900, 41.595800, 43.561000, 45.239000, 47.081900, 25.929000, 26.509600, 27.296400, 27.676000, 28.731800, 29.231100, 29.932600, 30.588100, 31.585300, 32.004000, 33.028800, 33.672200, 34.117500, 34.824500, 35.406400, 36.139600, 36.877200, 37.502200, 38.072400, 38.897900, 23.996100, 24.728400, 25.853800, 26.714100, 27.684700, 28.316300, 29.473400, 30.222700, 31.268600, 31.774500, 32.905600, 34.001000, 34.170000, 35.447100, 36.232200, 37.175700, 37.973400, 39.035100, 39.401200, 40.418200, 30.945500, 31.470600, 32.198400, 32.839300, 33.450600, 33.910300, 34.214100, 34.259500, 33.779500, 32.929500, 31.814600, 30.900500, 30.033200, 29.107800, 28.217900, 26.706300, 22.372300, 17.102800, 17.378000, 17.997300, 
19.299200, 20.755500, 22.199900, 23.596200, 25.116400, 26.803200, 28.428600, 30.163000, 31.729000, 33.701700, 35.399200, 37.185600, 38.700100, 40.390200, 41.942600, 43.505500, 44.884500, 46.496000, 47.786600, 49.073700, 23.127500, 24.886800, 26.553900, 27.674800, 28.975300, 30.035400, 31.247600, 31.949400, 33.202600, 34.087800, 34.679300, 35.585300, 35.823600, 36.131600, 36.585700, 37.110400, 37.033400, 37.262700, 37.328800, 37.362300, 34.223900, 34.798800, 34.539500, 34.866700, 34.698100, 34.627800, 34.688700, 34.522200, 34.628300, 34.291500, 34.636100, 34.248200, 34.035300, 33.783900, 33.663400, 33.398200, 33.159400, 33.223400, 32.984200, 32.598400, 37.686300, 37.657400, 37.097300, 37.168500, 36.677500, 36.388000, 35.931100, 35.370900, 34.959800, 34.788800, 34.138900, 33.492600, 33.171400, 32.786000, 32.396400, 31.715300, 31.669100, 30.852800, 30.543700, 30.107800, 21.686000, 22.927900, 24.044600, 25.243900, 26.574300, 27.918200, 29.377700, 30.824300, 32.142700, 33.858000, 35.130100, 36.657000, 38.401300, 39.753600, 41.408800, 43.102500, 44.673800, 46.806500, 48.693500, 50.753700, 27.438500, 28.046500, 28.910300, 29.362800, 30.473600, 31.069000, 31.818900, 32.562800, 33.592100, 34.053800, 35.126100, 35.780900, 36.198700, 36.854700, 37.422700, 38.162800, 38.868700, 39.448600, 40.006800, 40.830300, 25.551600, 26.328500, 27.548000, 28.461900, 29.484800, 30.169400, 31.337400, 32.152200, 33.275700, 33.804300, 34.977500, 36.170000, 36.328400, 37.656700, 38.487300, 39.520900, 40.344900, 41.461500, 41.858400, 42.932400, 31.269100, 31.827100, 32.597600, 33.311100, 34.033800, 34.645100, 35.150900, 35.484600, 35.338600, 34.838200, 33.884700, 32.965300, 32.077500, 31.135300, 30.361800, 29.289900, 28.186300, 23.255800, 17.638700, 18.274800, 
20.343600, 21.837600, 23.338900, 24.824700, 26.470900, 28.319400, 30.107500, 31.966500, 33.569100, 35.543800, 37.190100, 38.978500, 40.461900, 42.085100, 43.621700, 45.116500, 46.438600, 48.027200, 49.277200, 50.514500, 25.067100, 26.710100, 28.395200, 29.515200, 30.905200, 32.013300, 33.281100, 34.051700, 35.247400, 36.004800, 36.403700, 37.184500, 37.289700, 37.496600, 37.832600, 38.267000, 38.120900, 38.256100, 38.243200, 38.202000, 36.519000, 37.106000, 36.786700, 37.078800, 36.855000, 36.682500, 36.737700, 36.476200, 36.545800, 36.102200, 36.455200, 35.982500, 35.730800, 35.414600, 35.269200, 34.923900, 34.680300, 34.641700, 34.403000, 33.954100, 39.795100, 39.754800, 39.139700, 39.208500, 38.671900, 38.344400, 37.865900, 37.277000, 36.851000, 36.636000, 35.914100, 35.273900, 34.872900, 34.508300, 34.056100, 33.344200, 33.276100, 32.363200, 32.083200, 31.627800, 22.541500, 23.864700, 25.079700, 26.361000, 27.778100, 29.215500, 30.795300, 32.346100, 33.785700, 35.602300, 36.990600, 38.685800, 40.553600, 42.024200, 43.818000, 45.656800, 47.341900, 49.677000, 51.700900, 53.945400, 29.024900, 29.688600, 30.646900, 31.137500, 32.300900, 32.944200, 33.675400, 34.418000, 35.474400, 35.901400, 36.934300, 37.573300, 37.928600, 38.582500, 39.139300, 39.858700, 40.538500, 41.095400, 41.629400, 42.440700, 26.960000, 27.744300, 29.028100, 29.991500, 31.046400, 31.773700, 33.003300, 33.856900, 35.019800, 35.599300, 36.820900, 38.085800, 38.212700, 39.634200, 40.444700, 41.566500, 42.415800, 43.614000, 44.061300, 45.147000, 31.575500, 32.140300, 32.956600, 33.740600, 34.508100, 35.222200, 35.943200, 36.480800, 36.645900, 36.462100, 35.867000, 35.103600, 34.207400, 33.224400, 32.448000, 31.481000, 30.818500, 29.253200, 23.967100, 18.543300, 
21.352600, 22.924400, 24.513900, 26.135400, 27.946600, 29.864300, 31.682700, 33.568700, 35.120900, 37.061500, 38.695200, 40.451900, 41.913500, 43.454600, 44.965500, 46.425900, 47.691000, 49.254300, 50.484700, 51.659900, 26.875700, 28.553700, 30.313000, 31.514600, 32.981600, 34.050800, 35.307900, 35.966500, 37.001900, 37.572600, 37.829500, 38.529900, 38.495100, 38.610200, 38.856500, 39.193300, 38.964800, 39.049300, 38.946200, 38.867700, 38.692800, 39.242300, 38.815800, 39.016700, 38.709800, 38.470000, 38.449900, 38.110500, 38.148400, 37.661200, 37.969900, 37.436100, 37.158300, 36.761600, 36.607400, 36.197100, 35.930900, 35.825600, 35.573000, 35.075100, 41.586800, 41.524400, 40.882200, 40.917500, 40.395100, 40.052400, 39.510100, 38.884100, 38.422200, 38.159400, 37.430700, 36.748600, 36.312100, 35.906300, 35.473400, 34.683500, 34.602000, 33.657500, 33.348100, 32.886700, 23.255200, 24.653500, 25.921400, 27.304100, 28.797400, 30.305500, 31.954800, 33.612600, 35.182500, 37.068200, 38.561300, 40.365400, 42.353500, 43.900600, 45.863600, 47.803100, 49.619400, 52.098000, 54.253700, 56.650800, 30.698200, 31.355900, 32.344500, 32.806100, 33.975600, 34.560600, 35.255900, 35.969800, 37.044300, 37.448300, 38.470000, 39.086000, 39.421500, 40.019800, 40.528700, 41.261900, 41.906100, 42.423700, 42.967300, 43.763600, 28.112000, 28.961200, 30.278500, 31.281500, 32.387300, 33.129000, 34.417300, 35.273100, 36.497100, 37.114800, 38.387900, 39.719900, 39.807700, 41.275000, 42.122800, 43.316000, 44.173600, 45.420100, 45.900300, 47.037100, 31.840900, 32.436100, 33.290000, 34.106100, 34.914900, 35.739800, 36.580200, 37.304900, 37.721800, 37.842700, 37.506800, 37.132300, 36.326200, 35.350100, 34.533500, 33.604000, 33.032700, 31.949000, 30.143000, 25.162300, 
22.345500, 24.058700, 25.789500, 27.501600, 29.309000, 31.213800, 33.047900, 34.896200, 36.419100, 38.338400, 39.944200, 41.673400, 43.074800, 44.566800, 46.082500, 47.490500, 48.707300, 50.248600, 51.452400, 52.618100, 28.745400, 30.500100, 32.355700, 33.595700, 35.035600, 36.018800, 37.084900, 37.558000, 38.468300, 38.905500, 39.018400, 39.623500, 39.491600, 39.491700, 39.662700, 39.943300, 39.632300, 39.662400, 39.505100, 39.379400, 40.534400, 41.042700, 40.518000, 40.650100, 40.257900, 39.969300, 39.873600, 39.475300, 39.469400, 38.911500, 39.231100, 38.632300, 38.294600, 37.867700, 37.670700, 37.230500, 36.921500, 36.797700, 36.498200, 35.982500, 43.081100, 43.035500, 42.336200, 42.348900, 41.814100, 41.424300, 40.882300, 40.193900, 39.718400, 39.442600, 38.667600, 37.951300, 37.512300, 37.059000, 36.603400, 35.777600, 35.699400, 34.655200, 34.354300, 33.876500, 23.844000, 25.297100, 26.626200, 28.087100, 29.617300, 31.188000, 32.947200, 34.682800, 36.308900, 38.297900, 39.857500, 41.755200, 43.839200, 45.468400, 47.524400, 49.561700, 51.497800, 54.107000, 56.359800, 58.901700, 32.158600, 32.820900, 33.800000, 34.171200, 35.361200, 35.933400, 36.581400, 37.287200, 38.348700, 38.737300, 39.744200, 40.328500, 40.601400, 41.208700, 41.669200, 42.422900, 43.013900, 43.521000, 44.069100, 44.861900, 29.076900, 29.952100, 31.325000, 32.339200, 33.479200, 34.254500, 35.559800, 36.468600, 37.724600, 38.355700, 39.660100, 41.047400, 41.129300, 42.657800, 43.510400, 44.737200, 45.585300, 46.864100, 47.395600, 48.570200, 32.081900, 32.710600, 33.591700, 34.441600, 35.270900, 36.170300, 37.132400, 37.979400, 38.619600, 38.951000, 38.893300, 38.793400, 38.247700, 37.478700, 36.664300, 35.705700, 35.148800, 34.206500, 32.812300, 31.532700, 
23.387500, 25.204400, 26.947900, 28.696200, 30.456300, 32.352200, 34.176500, 36.002800, 37.490200, 39.356800, 40.950400, 42.645300, 44.015100, 45.469000, 46.947700, 48.353400, 49.544300, 51.066500, 52.274000, 53.403600, 30.722000, 32.521900, 34.453500, 35.636300, 36.930900, 37.681000, 38.594500, 38.898000, 39.677200, 39.967100, 39.972500, 40.487000, 40.271900, 40.205900, 40.293500, 40.544200, 40.169000, 40.172700, 39.968100, 39.785200, 42.101500, 42.539100, 41.931700, 41.992400, 41.556300, 41.208500, 41.071600, 40.579200, 40.542300, 39.945200, 40.231700, 39.598700, 39.230700, 38.783600, 38.519100, 38.068900, 37.715700, 37.567100, 37.245300, 36.694500, 44.326700, 44.258400, 43.530900, 43.565200, 42.968500, 42.571400, 42.029300, 41.258000, 40.788200, 40.494400, 39.678300, 38.938300, 38.465500, 38.000400, 37.512000, 36.700700, 36.568200, 35.464000, 35.170800, 34.681500, 24.332400, 25.822100, 27.200700, 28.693500, 30.294700, 31.927600, 33.749000, 35.521000, 37.222600, 39.300000, 40.919400, 42.874100, 45.050400, 46.737000, 48.880100, 51.000500, 53.008500, 55.735200, 58.032000, 60.704200, 33.403300, 34.036200, 35.011000, 35.308800, 36.466700, 37.061500, 37.694500, 38.357800, 39.408400, 39.764200, 40.754800, 41.303900, 41.584300, 42.175800, 42.607200, 43.339600, 43.933800, 44.440800, 44.953400, 45.731400, 29.863800, 30.769300, 32.176200, 33.213900, 34.356700, 35.174400, 36.479800, 37.438200, 38.733100, 39.342200, 40.678100, 42.127100, 42.216000, 43.762400, 44.621300, 45.875000, 46.783100, 48.076500, 48.625600, 49.807800, 32.320800, 32.978400, 33.858400, 34.733900, 35.612500, 36.570400, 37.599800, 38.544800, 39.345800, 39.891700, 40.041800, 40.202000, 39.865100, 39.406900, 38.739600, 37.764500, 37.228700, 36.312000, 34.994500, 34.245700, 
24.425000, 26.203300, 27.954500, 29.692500, 31.422000, 33.309100, 35.098600, 36.880800, 38.375500, 40.209900, 41.772400, 43.430400, 44.799800, 46.223400, 47.677100, 49.040400, 50.244800, 51.759000, 52.960400, 54.120400, 32.744700, 34.573700, 36.453100, 37.430300, 38.527000, 39.065000, 39.823200, 39.988700, 40.641700, 40.849200, 40.759100, 41.190900, 40.930900, 40.762400, 40.796400, 41.034700, 40.584100, 40.583500, 40.353100, 40.142000, 43.396800, 43.774600, 43.049900, 43.092900, 42.599400, 42.212700, 42.010900, 41.481200, 41.438600, 40.773900, 41.046300, 40.364700, 39.974400, 39.508900, 39.207900, 38.682600, 38.336500, 38.176600, 37.807100, 37.225000, 45.365700, 45.271100, 44.507500, 44.523000, 43.908700, 43.514900, 42.953000, 42.160100, 41.672300, 41.340400, 40.465700, 39.733900, 39.241500, 38.722700, 38.239800, 37.392700, 37.282300, 36.143300, 35.801200, 35.309300, 24.727900, 26.256300, 27.645600, 29.195600, 30.841700, 32.513200, 34.385600, 36.213300, 37.963400, 40.126000, 41.775300, 43.780800, 46.025900, 47.746500, 49.980000, 52.156300, 54.240400, 57.050100, 59.387400, 62.128200, 34.435100, 35.036000, 35.963000, 36.237800, 37.375500, 37.985500, 38.575700, 39.219600, 40.264600, 40.600300, 41.582700, 42.114900, 42.376900, 42.940200, 43.393700, 44.103800, 44.698000, 45.188000, 45.681500, 46.453900, 30.506300, 31.433000, 32.853900, 33.901200, 35.075900, 35.897800, 37.247400, 38.213400, 39.514600, 40.158900, 41.534900, 42.992000, 43.069500, 44.667500, 45.548300, 46.842900, 47.729100, 49.028500, 49.604800, 50.816200, 32.542900, 33.211800, 34.126300, 35.022900, 35.918300, 36.910600, 38.000500, 39.017700, 39.953600, 40.637700, 40.955600, 41.337600, 41.220400, 41.005100, 40.614400, 39.801900, 39.287700, 38.309000, 37.037000, 36.415500, 
25.319700, 27.082500, 28.793500, 30.501300, 32.229700, 34.082900, 35.835000, 37.618100, 39.073300, 40.882800, 42.437000, 44.084000, 45.434100, 46.845100, 48.286900, 49.651800, 50.832900, 52.358300, 53.598000, 54.735500, 34.780600, 36.540800, 38.183600, 38.956800, 39.859800, 40.192100, 40.836100, 40.903400, 41.436500, 41.559000, 41.391700, 41.758600, 41.442600, 41.226000, 41.202300, 41.441800, 40.961700, 40.943700, 40.673100, 40.452100, 44.482000, 44.799600, 44.002200, 44.019300, 43.455400, 43.035800, 42.776900, 42.207700, 42.166000, 41.445300, 41.709100, 40.984600, 40.551800, 40.104800, 39.732900, 39.191700, 38.840500, 38.632900, 38.237100, 37.640100, 46.233100, 46.099600, 45.321800, 45.335700, 44.697000, 44.268600, 43.700500, 42.864800, 42.368200, 42.036300, 41.109900, 40.343600, 39.866300, 39.305400, 38.829800, 37.979900, 37.843100, 36.682500, 36.329600, 35.814400, 25.034800, 26.584500, 28.015800, 29.596300, 31.298100, 32.987600, 34.896100, 36.776500, 38.560900, 40.797400, 42.458700, 44.502900, 46.798100, 48.597000, 50.867000, 53.108600, 55.256300, 58.109900, 60.520900, 63.304700, 35.250900, 35.858400, 36.765500, 37.013800, 38.118000, 38.706700, 39.296000, 39.901400, 40.940900, 41.280300, 42.233900, 42.783200, 43.014700, 43.570400, 44.043400, 44.738400, 45.342200, 45.811600, 46.316700, 47.083600, 31.014900, 31.985000, 33.400900, 34.484600, 35.640700, 36.510500, 37.860300, 38.847600, 40.164200, 40.829200, 42.230200, 43.687700, 43.775200, 45.384600, 46.276800, 47.588500, 48.488300, 49.802800, 50.391300, 51.630600, 32.750000, 33.428300, 34.359200, 35.270900, 36.190300, 37.225000, 38.353300, 39.436500, 40.460400, 41.266500, 41.693000, 42.273000, 42.302600, 42.316200, 42.188300, 41.610800, 41.280500, 40.272500, 39.004700, 38.451700, 
26.067200, 27.812300, 29.483300, 31.190100, 32.901000, 34.702700, 36.445700, 38.222000, 39.643100, 41.451100, 42.987600, 44.627000, 45.978800, 47.392600, 48.816900, 50.187400, 51.363200, 52.918700, 54.178300, 55.314500, 36.710900, 38.224200, 39.637700, 40.221300, 40.941500, 41.127500, 41.670800, 41.622000, 42.083300, 42.144100, 41.945600, 42.251100, 41.887100, 41.627300, 41.578900, 41.776100, 41.274500, 41.248200, 40.977100, 40.746200, 45.393400, 45.656800, 44.796900, 44.795300, 44.197900, 43.727600, 43.443000, 42.841300, 42.765000, 42.001000, 42.232700, 41.492500, 41.037500, 40.566900, 40.175700, 39.604900, 39.214300, 39.012800, 38.579300, 37.955000, 46.938700, 46.800200, 46.006300, 46.010600, 45.344800, 44.906200, 44.319300, 43.465700, 42.948300, 42.606000, 41.637000, 40.860300, 40.396000, 39.826300, 39.319600, 38.455700, 38.286700, 37.107200, 36.723900, 36.200600, 25.295900, 26.864200, 28.335200, 29.924100, 31.653700, 33.372300, 35.314100, 37.241600, 39.073200, 41.327300, 43.032100, 45.106000, 47.467800, 49.271800, 51.606900, 53.900800, 56.077600, 58.995300, 61.442400, 64.285900, 35.894500, 36.495700, 37.392900, 37.601400, 38.719300, 39.286800, 39.875700, 40.475300, 41.501100, 41.828300, 42.815500, 43.319200, 43.548300, 44.103800, 44.578900, 45.294000, 45.877100, 46.365200, 46.869400, 47.647500, 31.455700, 32.397900, 33.866400, 34.950200, 36.121500, 36.984500, 38.365800, 39.376700, 40.705500, 41.372400, 42.787700, 44.272600, 44.363800, 45.981500, 46.873200, 48.207800, 49.124500, 50.469600, 51.018300, 52.318700, 32.951700, 33.641100, 34.589600, 35.516600, 36.443900, 37.517700, 38.670900, 39.814000, 40.889600, 41.780200, 42.289800, 43.003300, 43.189300, 43.345700, 43.454500, 43.108900, 43.059900, 42.283900, 40.958300, 40.404200, 
26.676700, 28.390800, 30.061000, 31.726600, 33.433300, 35.227300, 36.946700, 38.725400, 40.139100, 41.933300, 43.462800, 45.105500, 46.451600, 47.874100, 49.292500, 50.681500, 51.857400, 53.422600, 54.707500, 55.844800, 38.374600, 39.643900, 40.825000, 41.256700, 41.837800, 41.934500, 42.354200, 42.208800, 42.620700, 42.653500, 42.386400, 42.645400, 42.262300, 41.979900, 41.935000, 42.087500, 41.589000, 41.524100, 41.237100, 41.041700, 46.166400, 46.402200, 45.493800, 45.461100, 44.819600, 44.304800, 43.999700, 43.354100, 43.260200, 42.467600, 42.699800, 41.916500, 41.438200, 40.946600, 40.535800, 39.920300, 39.550200, 39.316400, 38.865900, 38.196300, 47.571300, 47.401400, 46.605800, 46.591300, 45.894200, 45.462000, 44.845100, 43.964100, 43.445000, 43.072100, 42.090200, 41.296100, 40.844000, 40.241100, 39.710800, 38.832700, 38.663700, 37.470200, 37.072500, 36.531000, 25.509200, 27.092900, 28.591500, 30.202900, 31.967000, 33.701800, 35.672400, 37.625200, 39.501500, 41.797900, 43.515100, 45.616400, 48.014400, 49.877500, 52.251100, 54.554300, 56.779000, 59.785300, 62.230800, 65.166900, 36.408300, 37.004200, 37.906600, 38.119200, 39.214500, 39.770200, 40.355500, 40.951800, 41.976000, 42.288100, 43.281700, 43.798600, 44.017400, 44.575200, 45.068000, 45.785000, 46.375300, 46.855200, 47.381600, 48.126800, 31.811500, 32.773800, 34.253100, 35.345700, 36.517100, 37.385600, 38.800100, 39.811300, 41.171300, 41.822800, 43.252500, 44.771300, 44.860100, 46.496400, 47.383300, 48.745000, 49.660200, 51.042100, 51.569200, 52.890300, 33.127900, 33.836800, 34.807600, 35.765900, 36.690400, 37.792300, 38.970800, 40.139200, 41.287100, 42.223200, 42.800900, 43.615800, 43.897000, 44.196900, 44.486300, 44.356600, 44.528300, 44.077700, 42.928300, 42.361000, 
27.169200, 28.879400, 30.517400, 32.165000, 33.867800, 35.648700, 37.338200, 39.136900, 40.519500, 42.340300, 43.867800, 45.503100, 46.878500, 48.310700, 49.718900, 51.115700, 52.327200, 53.892900, 55.214200, 56.358700, 39.798100, 40.818700, 41.809000, 42.094800, 42.557000, 42.576100, 42.908300, 42.728900, 43.072300, 43.065600, 42.768500, 43.003200, 42.618100, 42.297800, 42.240200, 42.387900, 41.885900, 41.804900, 41.510100, 41.308400, 46.847300, 47.028400, 46.082300, 46.042200, 45.357100, 44.810300, 44.488100, 43.834000, 43.719000, 42.900500, 43.104200, 42.299600, 41.767200, 41.267400, 40.834600, 40.211800, 39.814800, 39.575100, 39.096200, 38.398700, 48.124000, 47.927700, 47.121400, 47.093100, 46.399100, 45.945900, 45.307900, 44.413800, 43.867600, 43.480300, 42.491700, 41.687400, 41.211400, 40.603600, 40.070600, 39.144500, 38.979000, 37.782800, 37.370200, 36.817900, 25.671100, 27.291800, 28.821200, 30.443400, 32.227500, 33.979100, 35.983600, 37.945400, 39.851800, 42.162000, 43.952300, 46.068800, 48.481200, 50.395800, 52.801200, 55.150800, 57.389000, 60.461100, 62.925700, 65.918500, 36.848100, 37.433100, 38.309800, 38.521300, 39.626400, 40.180500, 40.755400, 41.348100, 42.388300, 42.708700, 43.698200, 44.209100, 44.431500, 44.979500, 45.487700, 46.209400, 46.814500, 47.292900, 47.819800, 48.595600, 32.120300, 33.079700, 34.582500, 35.681500, 36.878200, 37.741300, 39.171300, 40.203800, 41.567200, 42.232800, 43.647300, 45.188800, 45.298200, 46.933300, 47.837600, 49.200500, 50.112800, 51.537200, 52.050200, 53.386700, 33.292300, 34.021800, 35.003100, 35.970200, 36.927200, 38.044800, 39.244200, 40.442000, 41.614800, 42.610200, 43.252700, 44.104600, 44.483300, 44.881200, 45.329900, 45.361200, 45.767400, 45.586800, 44.683400, 44.375900, 
27.568500, 29.271300, 30.898400, 32.547400, 34.235000, 35.999000, 37.681100, 39.486300, 40.879700, 42.694500, 44.230800, 45.885900, 47.245800, 48.709900, 50.117800, 51.534200, 52.765200, 54.339900, 55.708100, 56.874600, 40.974900, 41.814200, 42.624700, 42.778000, 43.169300, 43.087800, 43.392500, 43.169100, 43.485300, 43.438700, 43.102100, 43.322500, 42.923900, 42.586800, 42.539700, 42.661700, 42.159900, 42.069800, 41.745100, 41.578100, 47.456200, 47.570800, 46.611700, 46.552200, 45.821400, 45.253700, 44.917200, 44.260400, 44.103700, 43.266200, 43.462600, 42.615900, 42.064400, 41.526300, 41.101000, 40.464000, 40.067800, 39.771600, 39.291100, 38.585300, 48.599100, 48.413200, 47.570700, 47.542600, 46.832100, 46.366900, 45.705400, 44.792000, 44.228600, 43.857300, 42.824700, 42.029700, 41.539200, 40.908800, 40.365400, 39.421800, 39.259100, 38.050900, 37.642000, 37.084300, 25.820700, 27.457200, 29.002600, 30.659000, 32.458700, 34.209700, 36.250700, 38.238500, 40.176100, 42.486900, 44.303100, 46.484000, 48.908100, 50.868700, 53.293400, 55.687800, 57.966700, 61.040100, 63.564900, 66.604300, 37.178800, 37.769800, 38.663500, 38.859500, 39.976700, 40.532200, 41.102400, 41.702200, 42.726000, 43.079600, 44.059300, 44.583200, 44.794200, 45.351200, 45.872900, 46.594500, 47.215300, 47.713200, 48.239600, 49.018100, 32.395000, 33.358900, 34.877500, 35.979100, 37.186500, 38.083400, 39.498700, 40.542700, 41.924000, 42.595500, 44.003800, 45.573200, 45.683100, 47.308200, 48.241200, 49.612300, 50.517600, 51.949200, 52.478000, 53.822600, 33.443900, 34.192700, 35.185100, 36.155700, 37.139000, 38.278000, 39.483400, 40.717600, 41.912900, 42.942200, 43.646500, 44.531800, 44.991900, 45.460000, 46.015900, 46.174300, 46.759600, 46.824800, 46.193200, 46.193600, 
27.885700, 29.584300, 31.207500, 32.856900, 34.549500, 36.301600, 37.992500, 39.792600, 41.191200, 43.033700, 44.561000, 46.243300, 47.595500, 49.091800, 50.502100, 51.942200, 53.186700, 54.778200, 56.174200, 57.362300, 41.931600, 42.633800, 43.317800, 43.384600, 43.686700, 43.547200, 43.812600, 43.555100, 43.847100, 43.765700, 43.417500, 43.621100, 43.205600, 42.861000, 42.794400, 42.927800, 42.407700, 42.328000, 42.012000, 41.844800, 47.983600, 48.079600, 47.099200, 47.012900, 46.272000, 45.662500, 45.314200, 44.626600, 44.449500, 43.602500, 43.786500, 42.916200, 42.338700, 41.763100, 41.340400, 40.685800, 40.273600, 39.961900, 39.458900, 38.748300, 49.032000, 48.847600, 47.979600, 47.940400, 47.214200, 46.727900, 46.064400, 45.126900, 44.570200, 44.182700, 43.142900, 42.321200, 41.829200, 41.192500, 40.620500, 39.674900, 39.523200, 38.297600, 37.879800, 37.307200, 25.958700, 27.601900, 29.170000, 30.850000, 32.665900, 34.443300, 36.493400, 38.508600, 40.472900, 42.795100, 44.648600, 46.850300, 49.295300, 51.277800, 53.725600, 56.183800, 58.478300, 61.589600, 64.177600, 67.244500, 37.488800, 38.069100, 38.962100, 39.154300, 40.273600, 40.842000, 41.407300, 42.019000, 43.053300, 43.404300, 44.373800, 44.921500, 45.123900, 45.698200, 46.232600, 46.948200, 47.575500, 48.094500, 48.632200, 49.421100, 32.640700, 33.627600, 35.151800, 36.254700, 37.461000, 38.388800, 39.808100, 40.857200, 42.253800, 42.920200, 44.341300, 45.929400, 46.028600, 47.656600, 48.608700, 49.975400, 50.893100, 52.335800, 52.861300, 54.216500, 33.589700, 34.351200, 35.352300, 36.334800, 37.330000, 38.490300, 39.731300, 40.971900, 42.193200, 43.247600, 43.990600, 44.892300, 45.420100, 45.930200, 46.590500, 46.840500, 47.583100, 47.838900, 47.453600, 47.734100, 
28.167400, 29.873300, 31.484500, 33.116400, 34.810200, 36.556000, 38.260100, 40.073400, 41.480300, 43.329200, 44.872700, 46.586300, 47.928300, 49.435200, 50.871400, 52.329800, 53.580700, 55.220300, 56.626300, 57.826000, 42.731900, 43.321200, 43.889900, 43.885000, 44.128800, 43.952900, 44.189900, 43.893200, 44.169500, 44.085800, 43.718300, 43.908400, 43.467000, 43.098900, 43.066900, 43.168600, 42.663400, 42.582800, 42.267600, 42.089300, 48.460000, 48.536100, 47.539200, 47.424000, 46.683300, 46.051200, 45.679400, 44.974800, 44.788400, 43.916200, 44.062900, 43.211500, 42.590900, 42.011400, 41.554100, 40.894000, 40.465200, 40.153800, 39.625000, 38.902700, 49.422000, 49.237000, 48.354200, 48.290800, 47.559500, 47.086200, 46.388500, 45.444000, 44.866200, 44.478500, 43.436300, 42.592200, 42.110900, 41.445100, 40.888200, 39.949800, 39.764300, 38.524000, 38.083200, 37.506200, 26.079800, 27.736700, 29.311700, 31.030800, 32.830500, 34.643200, 36.719600, 38.758400, 40.724700, 43.097900, 44.953900, 47.193600, 49.654200, 51.674000, 54.158100, 56.655800, 58.951000, 62.109200, 64.702600, 67.852100, 37.740500, 38.319000, 39.218900, 39.405200, 40.547500, 41.105800, 41.690900, 42.300300, 43.337700, 43.704300, 44.674900, 45.219100, 45.432000, 46.024800, 46.559400, 47.283900, 47.930000, 48.457300, 48.989100, 49.805100, 32.856700, 33.860000, 35.395500, 36.507500, 37.730200, 38.665000, 40.077500, 41.127400, 42.557000, 43.203300, 44.633100, 46.244400, 46.342400, 47.965600, 48.938400, 50.324600, 51.238200, 52.690700, 53.228700, 54.583900, 33.714100, 34.496500, 35.493900, 36.499200, 37.509400, 38.690900, 39.947000, 41.198700, 42.457500, 43.538100, 44.304100, 45.235500, 45.792800, 46.359200, 47.074900, 47.400200, 48.269800, 48.678400, 48.472200, 49.033800, 
28.405600, 30.105700, 31.715000, 33.351600, 35.042900, 36.793100, 38.507500, 40.329500, 41.726900, 43.598000, 45.161900, 46.893500, 48.248000, 49.758200, 51.210200, 52.703800, 53.986100, 55.626000, 57.032500, 58.264100, 43.402000, 43.887500, 44.383900, 44.334800, 44.534600, 44.306800, 44.530500, 44.207500, 44.467100, 44.361600, 43.991200, 44.168400, 43.719400, 43.351200, 43.322800, 43.415300, 42.885300, 42.830200, 42.502000, 42.317800, 48.911500, 48.961100, 47.945600, 47.796100, 47.051300, 46.392000, 46.004300, 45.292700, 45.109900, 44.188000, 44.322500, 43.459300, 42.830400, 42.226200, 41.758600, 41.079700, 40.657000, 40.322700, 39.780400, 39.033200, 49.778700, 49.597400, 48.698300, 48.621900, 47.880100, 47.400500, 46.687400, 45.739100, 45.173900, 44.763400, 43.708800, 42.864600, 42.371800, 41.693300, 41.117600, 40.169800, 39.990200, 38.738400, 38.285800, 37.708800, 26.192300, 27.858400, 29.449900, 31.188100, 33.014900, 34.823400, 36.913500, 38.977200, 40.956300, 43.378400, 45.248700, 47.509000, 49.988400, 52.045500, 54.548500, 57.077700, 59.408700, 62.592700, 65.206300, 68.408100, 37.952100, 38.547400, 39.438200, 39.633500, 40.769200, 41.350900, 41.934700, 42.559000, 43.603700, 43.978700, 44.948600, 45.505700, 45.738700, 46.328700, 46.865900, 47.621700, 48.267900, 48.802500, 49.332300, 50.156700, 33.070800, 34.076000, 35.632500, 36.744300, 37.974500, 38.907500, 40.349600, 41.397400, 42.819700, 43.477300, 44.911800, 46.530800, 46.633200, 48.255100, 49.245800, 50.638200, 51.555500, 53.004000, 53.565000, 54.928100, 33.829300, 34.629500, 35.637700, 36.650000, 37.683000, 38.860300, 40.147800, 41.409100, 42.713200, 43.798800, 44.594900, 45.562700, 46.119800, 46.731500, 47.487400, 47.890300, 48.845700, 49.363600, 49.293700, 50.071400, 
28.603900, 30.302900, 31.913100, 33.541700, 35.251800, 37.001700, 38.733100, 40.545600, 41.977500, 43.849600, 45.436100, 47.177400, 48.535700, 50.084400, 51.560000, 53.048600, 54.348100, 55.991400, 57.439800, 58.682700, 43.971400, 44.368700, 44.805300, 44.721200, 44.883600, 44.625100, 44.831300, 44.502900, 44.739400, 44.618300, 44.258600, 44.423400, 43.955900, 43.585300, 43.548400, 43.633800, 43.116600, 43.057100, 42.747300, 42.537800, 49.319900, 49.348200, 48.314100, 48.161400, 47.404200, 46.718000, 46.319300, 45.594000, 45.403100, 44.465100, 44.601000, 43.699400, 43.053300, 42.460600, 41.970500, 41.262800, 40.834900, 40.507700, 39.939500, 39.176900, 50.125200, 49.945300, 49.011900, 48.931500, 48.196600, 47.703900, 46.977800, 46.024300, 45.451800, 45.043200, 43.978900, 43.102500, 42.608200, 41.928500, 41.333000, 40.382100, 40.213900, 38.936000, 38.492400, 37.872100, 26.296400, 27.975700, 29.578700, 31.329000, 33.173400, 34.998500, 37.117900, 39.190300, 41.191600, 43.636100, 45.529100, 47.808600, 50.305200, 52.395300, 54.934000, 57.479800, 59.845900, 63.061200, 65.731400, 68.950400, 38.155100, 38.732600, 39.645000, 39.827600, 40.989600, 41.566300, 42.164200, 42.796600, 43.854000, 44.236300, 45.214000, 45.788000, 46.013000, 46.615000, 47.159900, 47.925900, 48.565900, 49.123600, 49.662000, 50.494300, 33.278000, 34.284500, 35.842200, 36.966000, 38.184100, 39.150100, 40.602400, 41.636200, 43.056300, 43.752800, 45.182800, 46.795800, 46.909700, 48.541400, 49.544600, 50.943800, 51.860200, 53.305900, 53.893200, 55.256300, 33.939400, 34.745100, 35.753200, 36.780900, 37.819900, 39.027900, 40.337500, 41.616000, 42.939800, 44.058400, 44.845600, 45.856000, 46.409500, 47.065400, 47.829900, 48.329800, 49.334500, 49.934300, 49.966400, 50.952900, 
28.770000, 30.478100, 32.091100, 33.710000, 35.444800, 37.193000, 38.929500, 40.746900, 42.193900, 44.085100, 45.682300, 47.465900, 48.829100, 50.380900, 51.857100, 53.386900, 54.688400, 56.339000, 57.810500, 59.078600, 44.480300, 44.796400, 45.196400, 45.070900, 45.211300, 44.922400, 45.114200, 44.763300, 44.985900, 44.863700, 44.499500, 44.668000, 44.194700, 43.820500, 43.775500, 43.856200, 43.343600, 43.285900, 42.971400, 42.735300, 49.690500, 49.700900, 48.651200, 48.487300, 47.705100, 47.011800, 46.613900, 45.866700, 45.655600, 44.708200, 44.828600, 43.925200, 43.265500, 42.652300, 42.171700, 41.431200, 40.998500, 40.659400, 40.066800, 39.307200, 50.446100, 50.266600, 49.300300, 49.224900, 48.470800, 47.986400, 47.251500, 46.292800, 45.690100, 45.292500, 44.216100, 43.307600, 42.833000, 42.147200, 41.531200, 40.596600, 40.400500, 39.125300, 38.682000, 38.053800, 26.391400, 28.081700, 29.693400, 31.470000, 33.310100, 35.164500, 37.288700, 39.368300, 41.396900, 43.847500, 45.779600, 48.088100, 50.598000, 52.708800, 55.272300, 57.866700, 60.261700, 63.501700, 66.199600, 69.449700, 38.325000, 38.928300, 39.846000, 40.017000, 41.210700, 41.784300, 42.396900, 43.021500, 44.086200, 44.475900, 45.463800, 46.034700, 46.270300, 46.888600, 47.436100, 48.199300, 48.854700, 49.443500, 49.970900, 50.814500, 33.447900, 34.467800, 36.031600, 37.176900, 38.394900, 39.374200, 40.809700, 41.875500, 43.290500, 44.000000, 45.427300, 47.042000, 47.158100, 48.812900, 49.807100, 51.223700, 52.135300, 53.595400, 54.177200, 55.554100, 34.024900, 34.846200, 35.876200, 36.899100, 37.953600, 39.185200, 40.515700, 41.820700, 43.165600, 44.278500, 45.101000, 46.125100, 46.688600, 47.377200, 48.157100, 48.717800, 49.742800, 50.404900, 50.529300, 51.650300, 
28.923400, 30.621300, 32.243400, 33.886800, 35.601100, 37.358400, 39.137500, 40.950400, 42.417300, 44.309300, 45.919800, 47.706300, 49.099400, 50.660900, 52.147300, 53.695200, 54.992000, 56.693700, 58.153800, 59.433800, 44.919700, 45.164700, 45.548000, 45.394300, 45.518400, 45.185000, 45.370000, 45.002200, 45.231100, 45.101000, 44.725600, 44.891700, 44.412700, 44.030700, 43.990900, 44.046600, 43.540400, 43.501200, 43.173900, 42.955500, 50.034500, 50.044700, 48.970100, 48.800700, 48.003800, 47.293100, 46.895800, 46.120800, 45.918800, 44.936800, 45.066300, 44.124100, 43.442100, 42.846900, 42.347000, 41.593100, 41.150700, 40.789600, 40.200200, 39.423100, 50.747500, 50.554600, 49.571600, 49.508200, 48.737400, 48.255500, 47.499100, 46.545200, 45.925600, 45.530500, 44.429000, 43.521500, 43.039700, 42.356500, 41.720800, 40.785200, 40.577400, 39.295000, 38.849100, 38.227400, 26.478500, 28.182800, 29.806700, 31.595300, 33.438800, 35.315200, 37.458300, 39.553800, 41.590500, 44.079700, 46.018400, 48.326400, 50.876000, 53.006900, 55.606900, 58.239700, 60.643400, 63.923600, 66.621200, 69.931200, 38.492300, 39.087700, 40.026900, 40.198100, 41.411900, 41.978000, 42.600800, 43.243200, 44.304200, 44.704400, 45.707400, 46.271600, 46.516400, 47.142800, 47.684600, 48.455200, 49.141000, 49.733600, 50.249600, 51.119700, 33.627800, 34.652700, 36.226800, 37.379400, 38.595400, 39.579900, 41.024800, 42.083400, 43.514800, 44.226000, 45.670600, 47.277300, 47.387000, 49.046200, 50.060400, 51.464900, 52.390900, 53.865000, 54.450900, 55.844600, 34.099300, 34.937600, 35.972800, 37.012900, 38.084600, 39.321200, 40.671100, 42.002700, 43.379200, 44.503400, 45.333000, 46.388600, 46.957000, 47.681000, 48.466000, 49.051000, 50.111400, 50.818900, 50.999100, 52.230500, 
29.067500, 30.757300, 32.402100, 34.052000, 35.769400, 37.528800, 39.324300, 41.154400, 42.629000, 44.526900, 46.171600, 47.952500, 49.371600, 50.958300, 52.445000, 53.996800, 55.302300, 57.048900, 58.506600, 59.799800, 45.341500, 45.526100, 45.881700, 45.709800, 45.805900, 45.456100, 45.629500, 45.258800, 45.468900, 45.346700, 44.955800, 45.110800, 44.622700, 44.257000, 44.208000, 44.262200, 43.761400, 43.715200, 43.377200, 43.162900, 50.383200, 50.389200, 49.296300, 49.113900, 48.306900, 47.574300, 47.173500, 46.378700, 46.172600, 45.183400, 45.301300, 44.346600, 43.644500, 43.037200, 42.516400, 41.757700, 41.314700, 40.949500, 40.352400, 39.562300, 51.037100, 50.839300, 49.855400, 49.777400, 49.014200, 48.523600, 47.760900, 46.794400, 46.167700, 45.760100, 44.662900, 43.743400, 43.249000, 42.568700, 41.930800, 40.981300, 40.748600, 39.478400, 39.032300, 38.397500, 26.572400, 28.285000, 29.919500, 31.717900, 33.587800, 35.471900, 37.631300, 39.748200, 41.778500, 44.306000, 46.266900, 48.586300, 51.162300, 53.325400, 55.955600, 58.591400, 61.054300, 64.365800, 67.079500, 70.426200, 38.649200, 39.252700, 40.216400, 40.382400, 41.602900, 42.178200, 42.812300, 43.448700, 44.523800, 44.922100, 45.944900, 46.515800, 46.764300, 47.400200, 47.931400, 48.706700, 49.420700, 50.018600, 50.542500, 51.420400, 33.814600, 34.841500, 36.426900, 37.584900, 38.808800, 39.783700, 41.231800, 42.303400, 43.743500, 44.454600, 45.915100, 47.512000, 47.637800, 49.291300, 50.318700, 51.730400, 52.658500, 54.147600, 54.729700, 56.138800, 34.188100, 35.022600, 36.068700, 37.124100, 38.202900, 39.461500, 40.832200, 42.185900, 43.590000, 44.727400, 45.571800, 46.653500, 47.220200, 47.976900, 48.794400, 49.390400, 50.503200, 51.229900, 51.472200, 52.768800, 
29.176300, 30.869700, 32.527800, 34.175800, 35.909500, 37.672100, 39.488000, 41.323300, 42.814100, 44.713300, 46.372100, 48.159200, 49.599100, 51.191400, 52.692800, 54.264800, 55.569200, 57.335100, 58.803900, 60.092600, 45.661600, 45.835800, 46.159000, 45.962600, 46.049000, 45.682400, 45.857500, 45.467300, 45.677600, 45.550700, 45.139700, 45.298500, 44.806600, 44.451200, 44.400700, 44.433100, 43.947300, 43.882600, 43.553700, 43.324700, 50.663400, 50.669500, 49.563600, 49.372800, 48.557600, 47.804600, 47.410400, 46.604400, 46.394500, 45.386000, 45.492800, 44.528900, 43.820600, 43.200800, 42.662200, 41.902500, 41.456500, 41.084100, 40.469700, 39.670700, 51.287700, 51.080800, 50.092900, 50.013100, 49.247000, 48.750800, 47.980800, 46.999100, 46.369200, 45.960600, 44.868200, 43.921200, 43.439000, 42.735900, 42.084500, 41.148700, 40.913800, 39.622500, 39.181500, 38.543600, 26.647600, 28.361500, 29.994100, 31.821400, 33.701400, 35.593600, 37.775500, 39.902700, 41.948300, 44.498700, 46.475300, 48.817400, 51.405500, 53.594800, 56.258800, 58.912300, 61.385300, 64.729000, 67.473800, 70.850200, 38.780300, 39.404500, 40.359500, 40.540300, 41.763600, 42.343500, 42.977200, 43.624900, 44.722500, 45.116400, 46.145600, 46.722700, 46.973400, 47.617900, 48.148200, 48.939900, 49.656800, 50.245400, 50.784900, 51.683600, 33.966000, 34.989700, 36.585800, 37.748000, 38.971600, 39.959800, 41.412700, 42.491100, 43.935100, 44.652500, 46.119700, 47.714400, 47.835800, 49.511900, 50.528000, 51.941000, 52.884700, 54.382600, 54.969000, 56.375400, 34.256100, 35.088600, 36.153800, 37.219300, 38.297500, 39.565900, 40.954000, 42.329800, 43.759300, 44.919100, 45.772300, 46.886200, 47.470400, 48.223700, 49.072800, 49.687500, 50.819100, 51.571100, 51.844500, 53.197400, 
29.276300, 30.973700, 32.635600, 34.301500, 36.038200, 37.814400, 39.638400, 41.485500, 42.983700, 44.890700, 46.549100, 48.367400, 49.803800, 51.409400, 52.921400, 54.505200, 55.823300, 57.585000, 59.072300, 60.379300, 45.959600, 46.101900, 46.410000, 46.196100, 46.266800, 45.891300, 46.067600, 45.659400, 45.875100, 45.729600, 45.317200, 45.481400, 44.974300, 44.622400, 44.566800, 44.599800, 44.111500, 44.046000, 43.713700, 43.464100, 50.941100, 50.941300, 49.801200, 49.620700, 48.794900, 48.037400, 47.630800, 46.800700, 46.597400, 45.574300, 45.671500, 44.699000, 43.989800, 43.359200, 42.800500, 42.030700, 41.578900, 41.215400, 40.580400, 39.771700, 51.510300, 51.309400, 50.318400, 50.239300, 49.458500, 48.957000, 48.179700, 47.189100, 46.545600, 46.139100, 45.047300, 44.085600, 43.606300, 42.892100, 42.227600, 41.296900, 41.061600, 39.763300, 39.324100, 38.676200, 26.716500, 28.433000, 30.075600, 31.914500, 33.814600, 35.701000, 37.897200, 40.043100, 42.111400, 44.674100, 46.662700, 49.021900, 51.627100, 53.849000, 56.518100, 59.202000, 61.707300, 65.061900, 67.838000, 71.259500, 38.911900, 39.549400, 40.499500, 40.683100, 41.911800, 42.502000, 43.140900, 43.787200, 44.894600, 45.294300, 46.325900, 46.917200, 47.161700, 47.818700, 48.367900, 49.163400, 49.871500, 50.477200, 51.007400, 51.907500, 34.107000, 35.144900, 36.743100, 37.901000, 39.127600, 40.126300, 41.587000, 42.661100, 44.108700, 44.835200, 46.302200, 47.901700, 48.014700, 49.709500, 50.728400, 52.148500, 53.089600, 54.589400, 55.171600, 56.594100, 34.321200, 35.158600, 36.229300, 37.299200, 38.389500, 39.664600, 41.075500, 42.461400, 43.907400, 45.076900, 45.965200, 47.082900, 47.692700, 48.457300, 49.334400, 49.971700, 51.108800, 51.885600, 52.186400, 53.568100, 
29.363300, 31.056900, 32.727900, 34.406600, 36.153700, 37.942100, 39.772700, 41.633100, 43.123700, 45.039700, 46.722900, 48.560000, 50.002300, 51.598100, 53.130600, 54.737300, 56.048400, 57.822200, 59.303300, 60.631400, 46.236000, 46.347500, 46.624500, 46.408200, 46.474500, 46.089200, 46.254300, 45.836200, 46.044700, 45.893100, 45.478400, 45.653100, 45.131600, 44.779000, 44.712100, 44.758800, 44.257700, 44.189400, 43.851000, 43.617500, 51.194100, 51.186900, 50.029000, 49.846200, 49.014900, 48.234800, 47.833600, 46.989800, 46.775800, 45.750400, 45.837600, 44.853900, 44.145500, 43.490500, 42.928700, 42.146200, 41.682900, 41.327800, 40.690200, 39.867300, 51.725100, 51.509500, 50.521300, 50.444800, 49.652800, 49.159600, 48.375300, 47.371000, 46.721200, 46.306800, 45.212100, 44.253400, 43.765400, 43.035500, 42.378500, 41.436500, 41.197300, 39.895200, 39.445700, 38.796500, 26.777000, 28.494400, 30.147500, 32.002900, 33.907200, 35.813600, 38.000700, 40.169700, 42.256500, 44.832600, 46.835900, 49.217900, 51.847300, 54.076700, 56.768500, 59.471000, 62.011600, 65.374100, 68.174000, 71.619500, 39.036600, 39.675900, 40.632100, 40.811400, 42.050700, 42.650500, 43.290200, 43.935600, 45.062900, 45.468200, 46.503500, 47.097200, 47.345400, 47.994600, 48.550300, 49.348700, 50.071700, 50.669300, 51.198300, 52.120700, 34.239100, 35.285000, 36.882800, 38.037300, 39.271900, 40.279500, 41.738300, 42.822600, 44.262200, 45.002600, 46.482700, 48.081000, 48.192100, 49.895000, 50.915500, 52.340800, 53.281000, 54.785300, 55.358300, 56.797100, 34.377000, 35.219300, 36.296500, 37.366300, 38.466300, 39.760100, 41.173600, 42.575500, 44.049900, 45.237200, 46.135000, 47.277300, 47.901300, 48.677800, 49.572700, 50.229600, 51.387200, 52.178000, 52.496200, 53.919600, 
29.438800, 31.147800, 32.809900, 34.505600, 36.257700, 38.062600, 39.894300, 41.764500, 43.265000, 45.184700, 46.879200, 48.721900, 50.180000, 51.776000, 53.324500, 54.940500, 56.244900, 58.027600, 59.521600, 60.853200, 46.471600, 46.570200, 46.835200, 46.601900, 46.660200, 46.257200, 46.424300, 45.996600, 46.206900, 46.046400, 45.631200, 45.805200, 45.269600, 44.914500, 44.847100, 44.885100, 44.394600, 44.323500, 43.978200, 43.745600, 51.412300, 51.401300, 50.241900, 50.054100, 49.211700, 48.404700, 48.014300, 47.155200, 46.934200, 45.901800, 45.993600, 45.000700, 44.290600, 43.625200, 43.051900, 42.255400, 41.795700, 41.420400, 40.787500, 39.962500, 51.926700, 51.692600, 50.701900, 50.616100, 49.826000, 49.328100, 48.535900, 47.534600, 46.890100, 46.458100, 45.359900, 44.405400, 43.902400, 43.161700, 42.505000, 41.567800, 41.315600, 40.015800, 39.550900, 38.908900, 26.835100, 28.562400, 30.226200, 32.079000, 33.994700, 35.911100, 38.098600, 40.285400, 42.394800, 44.980300, 46.992800, 49.391500, 52.039000, 54.270500, 56.987000, 59.705400, 62.278800, 65.654500, 68.490200, 71.962000, 39.144700, 39.796600, 40.745800, 40.936600, 42.177800, 42.787000, 43.429200, 44.075400, 45.205500, 45.616700, 46.658100, 47.263500, 47.514200, 48.156800, 48.720400, 49.524100, 50.249700, 50.851700, 51.379000, 52.316300, 34.352100, 35.408500, 37.006600, 38.167200, 39.400200, 40.406800, 41.875700, 42.961300, 44.404300, 45.143400, 46.627400, 48.240100, 48.346000, 50.067800, 51.082500, 52.517900, 53.456600, 54.966000, 55.530300, 56.983700, 34.427500, 35.267800, 36.357300, 37.432500, 38.536900, 39.832100, 41.272400, 42.683200, 44.179100, 45.381700, 46.307700, 47.466500, 48.090000, 48.873700, 49.804300, 50.478000, 51.656600, 52.442900, 52.796300, 54.232200, 


0.000000, 0.000000, 0.000000, 0.000000, 0.000000, 0.000000, 0.000000, 0.000000, 0.000000, 0.000000, 0.000000, 0.000000, 0.000000, 0.000000, 0.000000, 0.000000, 0.000000, 0.000000, 0.000000, 0.000000, 0.000000, 0.000000, 0.000000, 0.000000, 0.000000, 0.000000, 0.000000, 0.000000, 0.000000, 0.000000, 0.000000, 0.000000, 0.000000, 0.000000, 0.000000, 0.000000, 0.000000, 0.000000, 0.000000, 0.000000, 0.000000, 0.000000, 0.000000, 0.000000, 0.000000, 0.000000, 0.000000, 0.000000, 0.000000, 0.000000, 0.000000, 0.000000, 0.000000, 0.000000, 0.000000, 0.000000, 0.000000, 0.000000, 0.000000, 0.000000, 0.000000, 0.000000, 0.000000, 0.000000, 0.000000, 0.000000, 0.000000, 0.000000, 0.000000, 0.000000, 0.000000, 0.000000, 0.000000, 0.000000, 0.000000, 0.000000, 0.000000, 0.000000, 0.000000, 0.000000, 0.000000, 0.000000, 0.000000, 0.000000, 0.000000, 0.000000, 0.000000, 0.000000, 0.000000, 0.000000, 0.000000, 0.000000, 0.000000, 0.000000, 0.000000, 0.000000, 0.000000, 0.000000, 0.000000, 0.000000, 0.000000, 0.000000, 0.000000, 0.000000, 0.000000, 0.000000, 0.000000, 0.000000, 0.000000, 0.000000, 0.000000, 0.000000, 0.000000, 0.000000, 0.000000, 0.000000, 0.000000, 0.000000, 0.000000, 0.000000, 0.000000, 0.000000, 0.000000, 0.000000, 0.000000, 0.000000, 0.000000, 0.000000, 0.000000, 0.000000, 0.000000, 0.000000, 0.000000, 0.000000, 0.000000, 0.000000, 0.000000, 0.000000, 0.000000, 0.000000, 0.000000, 0.000000, 0.000000, 0.000000, 0.000000, 0.000000, 0.000000, 0.000000, 0.000000, 0.000000, 0.000000, 0.000000, 0.000000, 0.000000, 0.000000, 0.000000, 0.000000, 0.000000, 0.000000, 0.000000, 
0.000000, 0.000000, 0.000000, 0.000000, 0.000000, 0.000000, 0.000000, 0.000000, 0.000000, 0.000000, 0.000000, 0.000000, 0.000000, 0.000000, 0.000000, 0.000000, 0.000000, 0.000000, 0.000000, 0.000000, 0.000000, 0.000000, 0.000000, 0.000000, 0.000000, 0.000000, 0.000000, 0.000000, 0.000000, 0.000000, 0.000000, 0.000000, 0.000000, 0.000000, 0.000000, 0.000000, 0.000000, 0.000000, 0.000000, 0.000000, 0.000000, 0.000000, 0.000000, 0.000000, 0.000000, 0.000000, 0.000000, 0.000000, 0.000000, 0.000000, 0.000000, 0.000000, 0.000000, 0.000000, 0.000000, 0.000000, 0.000000, 0.000000, 0.000000, 0.000000, 0.000000, 0.000000, 0.000000, 0.000000, 0.000000, 0.000000, 0.000000, 0.000000, 0.000000, 0.000000, 0.000000, 0.000000, 0.000000, 0.000000, 0.000000, 0.000000, 0.000000, 0.000000, 0.000000, 0.000000, 0.000000, 0.000000, 0.000000, 0.000000, 0.000000, 0.000000, 0.000000, 0.000000, 0.000000, 0.000000, 0.000000, 0.000000, 0.000000, 0.000000, 0.000000, 0.000000, 0.000000, 0.000000, 0.000000, 0.000000, 0.000000, 0.000000, 0.000000, 0.000000, 0.000000, 0.000000, 0.000000, 0.000000, 0.000000, 0.000000, 0.000000, 0.000000, 0.000000, 0.000000, 0.000000, 0.000000, 0.000000, 0.000000, 0.000000, 0.000000, 0.000000, 0.000000, 0.000000, 0.000000, 0.000000, 0.000000, 0.000000, 0.000000, 0.000000, 0.000000, 0.000000, 0.000000, 0.000000, 0.000000, 0.000000, 0.000000, 0.000000, 0.000000, 0.000000, 0.000000, 0.000000, 0.000000, 0.000000, 0.000000, 0.000000, 0.000000, 0.000000, 0.000000, 0.000000, 0.000000, 0.000000, 0.000000, 0.000000, 0.000000, 0.000000, 0.000000, 0.000000, 0.000000, 0.000000, 0.000000, 
0.000000, 0.000000, 0.000000, 0.000000, 0.000000, 0.000000, 0.000000, 0.000000, 0.000000, 0.000000, 0.000000, 0.000000, 0.000000, 0.000000, 0.000000, 0.000000, 0.000000, 0.000000, 0.000000, 0.000000, 0.000000, 0.000000, 0.000000, 0.000000, 0.000000, 0.000000, 0.000000, 0.000000, 0.000000, 0.000000, 0.000000, 0.000000, 0.000000, 0.000000, 0.000000, 0.000000, 0.000000, 0.000000, 0.000000, 0.000000, 0.000000, 0.000000, 0.000000, 0.000000, 0.000000, 0.000000, 0.000000, 0.000000, 0.000000, 0.000000, 0.000000, 0.000000, 0.000000, 0.000000, 0.000000, 0.000000, 0.000000, 0.000000, 0.000000, 0.000000, 0.000000, 0.000000, 0.000000, 0.000000, 0.000000, 0.000000, 0.000000, 0.000000, 0.000000, 0.000000, 0.000000, 0.000000, 0.000000, 0.000000, 0.000000, 0.000000, 0.000000, 0.000000, 0.000000, 0.000000, 0.000000, 0.000000, 0.000000, 0.000000, 0.000000, 0.000000, 0.000000, 0.000000, 0.000000, 0.000000, 0.000000, 0.000000, 0.000000, 0.000000, 0.000000, 0.000000, 0.000000, 0.000000, 0.000000, 0.000000, 0.000000, 0.000000, 0.000000, 0.000000, 0.000000, 0.000000, 0.000000, 0.000000, 0.000000, 0.000000, 0.000000, 0.000000, 0.000000, 0.000000, 0.000000, 0.000000, 0.000000, 0.000000, 0.000000, 0.000000, 0.000000, 0.000000, 0.000000, 0.000000, 0.000000, 0.000000, 0.000000, 0.000000, 0.000000, 0.000000, 0.000000, 0.000000, 0.000000, 0.000000, 0.000000, 0.000000, 0.000000, 0.000000, 0.000000, 0.000000, 0.000000, 0.000000, 0.000000, 0.000000, 0.000000, 0.000000, 0.000000, 0.000000, 0.000000, 0.000000, 0.000000, 0.000000, 0.000000, 0.000000, 0.000000, 0.000000, 0.000000, 0.000000, 0.000000, 0.000000, 
0.000000, 0.000000, 0.000000, 0.000000, 0.000000, 0.000000, 0.000000, 0.000000, 0.000000, 0.000000, 0.000000, 0.000000, 0.000000, 0.000000, 0.000000, 0.000000, 0.000000, 0.000000, 0.000000, 0.000000, 0.000000, 0.000000, 0.000000, 0.000000, 0.000000, 0.000000, 0.000000, 0.000000, 0.000000, 0.000000, 0.000000, 0.000000, 0.000000, 0.000000, 0.000000, 0.000000, 0.000000, 0.000000, 0.000000, 0.000000, 0.000000, 0.000000, 0.000000, 0.000000, 0.000000, 0.000000, 0.000000, 0.000000, 0.000000, 0.000000, 0.000000, 0.000000, 0.000000, 0.000000, 0.000000, 0.000000, 0.000000, 0.000000, 0.000000, 0.000000, 0.000000, 0.000000, 0.000000, 0.000000, 0.000000, 0.000000, 0.000000, 0.000000, 0.000000, 0.000000, 0.000000, 0.000000, 0.000000, 0.000000, 0.000000, 0.000000, 0.000000, 0.000000, 0.000000, 0.000000, 0.000000, 0.000000, 0.000000, 0.000000, 0.000000, 0.000000, 0.000000, 0.000000, 0.000000, 0.000000, 0.000000, 0.000000, 0.000000, 0.000000, 0.000000, 0.000000, 0.000000, 0.000000, 0.000000, 0.000000, 0.000000, 0.000000, 0.000000, 0.000000, 0.000000, 0.000000, 0.000000, 0.000000, 0.000000, 0.000000, 0.000000, 0.000000, 0.000000, 0.000000, 0.000000, 0.000000, 0.000000, 0.000000, 0.000000, 0.000000, 0.000000, 0.000000, 0.000000, 0.000000, 0.000000, 0.000000, 0.000000, 0.000000, 0.000000, 0.000000, 0.000000, 0.000000, 0.000000, 0.000000, 0.000000, 0.000000, 0.000000, 0.000000, 0.000000, 0.000000, 0.000000, 0.000000, 0.000000, 0.000000, 0.000000, 0.000000, 0.000000, 0.000000, 0.000000, 0.000000, 0.000000, 0.000000, 0.000000, 0.000000, 0.000000, 0.000000, 0.000000, 0.000000, 0.000000, 0.000000, 
0.000000, 0.000000, 0.000000, 0.000000, 0.000000, 0.000000, 0.000000, 0.000000, 0.000000, 0.000000, 0.000000, 0.000000, 0.000000, 0.000000, 0.000000, 0.000000, 0.000000, 0.000000, 0.000000, 0.000000, 0.000000, 0.000000, 0.000000, 0.000000, 0.000000, 0.000000, 0.000000, 0.000000, 0.000000, 0.000000, 0.000000, 0.000000, 0.000000, 0.000000, 0.000000, 0.000000, 0.000000, 0.000000, 0.000000, 0.000000, 0.000000, 0.000000, 0.000000, 0.000000, 0.000000, 0.000000, 0.000000, 0.000000, 0.000000, 0.000000, 0.000000, 0.000000, 0.000000, 0.000000, 0.000000, 0.000000, 0.000000, 0.000000, 0.000000, 0.000000, 0.000000, 0.000000, 0.000000, 0.000000, 0.000000, 0.000000, 0.000000, 0.000000, 0.000000, 0.000000, 0.000000, 0.000000, 0.000000, 0.000000, 0.000000, 0.000000, 0.000000, 0.000000, 0.000000, 0.000000, 0.000000, 0.000000, 0.000000, 0.000000, 0.000000, 0.000000, 0.000000, 0.000000, 0.000000, 0.000000, 0.000000, 0.000000, 0.000000, 0.000000, 0.000000, 0.000000, 0.000000, 0.000000, 0.000000, 0.000000, 0.000000, 0.000000, 0.000000, 0.000000, 0.000000, 0.000000, 0.000000, 0.000000, 0.000000, 0.000000, 0.000000, 0.000000, 0.000000, 0.000000, 0.000000, 0.000000, 0.000000, 0.000000, 0.000000, 0.000000, 0.000000, 0.000000, 0.000000, 0.000000, 0.000000, 0.000000, 0.000000, 0.000000, 0.000000, 0.000000, 0.000000, 0.000000, 0.000000, 0.000000, 0.000000, 0.000000, 0.000000, 0.000000, 0.000000, 0.000000, 0.000000, 0.000000, 0.000000, 0.000000, 0.000000, 0.000000, 0.000000, 0.000000, 0.000000, 0.000000, 0.000000, 0.000000, 0.000000, 0.000000, 0.000000, 0.000000, 0.000000, 0.000000, 0.000000, 0.000000, 
0.000000, 0.000000, 0.000000, 0.000000, 0.000000, 0.000000, 0.000000, 0.000000, 0.000000, 0.000000, 0.000000, 0.000000, 0.000000, 0.000000, 0.000000, 0.000000, 0.000000, 0.000000, 0.000000, 0.000000, 0.000000, 0.000000, 0.000000, 0.000000, 0.000000, 0.000000, 0.000000, 0.000000, 0.000000, 0.000000, 0.000000, 0.000000, 0.000000, 0.000000, 0.000000, 0.000000, 0.000000, 0.000000, 0.000000, 0.000000, 0.000000, 0.000000, 0.000000, 0.000000, 0.000000, 0.000000, 0.000000, 0.000000, 0.000000, 0.000000, 0.000000, 0.000000, 0.000000, 0.000000, 0.000000, 0.000000, 0.000000, 0.000000, 0.000000, 0.000000, 0.000000, 0.000000, 0.000000, 0.000000, 0.000000, 0.000000, 0.000000, 0.000000, 0.000000, 0.000000, 0.000000, 0.000000, 0.000000, 0.000000, 0.000000, 0.000000, 0.000000, 0.000000, 0.000000, 0.000000, 0.000000, 0.000000, 0.000000, 0.000000, 0.000000, 0.000000, 0.000000, 0.000000, 0.000000, 0.000000, 0.000000, 0.000000, 0.000000, 0.000000, 0.000000, 0.000000, 0.000000, 0.000000, 0.000000, 0.000000, 0.000000, 0.000000, 0.000000, 0.000000, 0.000000, 0.000000, 0.000000, 0.000000, 0.000000, 0.000000, 0.000000, 0.000000, 0.000000, 0.000000, 0.000000, 0.000000, 0.000000, 0.000000, 0.000000, 0.000000, 0.000000, 0.000000, 0.000000, 0.000000, 0.000000, 0.000000, 0.000000, 0.000000, 0.000000, 0.000000, 0.000000, 0.000000, 0.000000, 0.000000, 0.000000, 0.000000, 0.000000, 0.000000, 0.000000, 0.000000, 0.000000, 0.000000, 0.000000, 0.000000, 0.000000, 0.000000, 0.000000, 0.000000, 0.000000, 0.000000, 0.000000, 0.000000, 0.000000, 0.000000, 0.000000, 0.000000, 0.000000, 0.000000, 0.000000, 0.000000, 
0.000000, 0.000000, 0.000000, 0.000000, 0.000000, 0.000000, 0.000000, 0.000000, 0.000000, 0.000000, 0.000000, 0.000000, 0.000000, 0.000000, 0.000000, 0.000000, 0.000000, 0.000000, 0.000000, 0.000000, 0.000000, 0.000000, 0.000000, 0.000000, 0.000000, 0.000000, 0.000000, 0.000000, 0.000000, 0.000000, 0.000000, 0.000000, 0.000000, 0.000000, 0.000000, 0.000000, 0.000000, 0.000000, 0.000000, 0.000000, 0.000000, 0.000000, 0.000000, 0.000000, 0.000000, 0.000000, 0.000000, 0.000000, 0.000000, 0.000000, 0.000000, 0.000000, 0.000000, 0.000000, 0.000000, 0.000000, 0.000000, 0.000000, 0.000000, 0.000000, 0.000000, 0.000000, 0.000000, 0.000000, 0.000000, 0.000000, 0.000000, 0.000000, 0.000000, 0.000000, 0.000000, 0.000000, 0.000000, 0.000000, 0.000000, 0.000000, 0.000000, 0.000000, 0.000000, 0.000000, 0.000000, 0.000000, 0.000000, 0.000000, 0.000000, 0.000000, 0.000000, 0.000000, 0.000000, 0.000000, 0.000000, 0.000000, 0.000000, 0.000000, 0.000000, 0.000000, 0.000000, 0.000000, 0.000000, 0.000000, 0.000000, 0.000000, 0.000000, 0.000000, 0.000000, 0.000000, 0.000000, 0.000000, 0.000000, 0.000000, 0.000000, 0.000000, 0.000000, 0.000000, 0.000000, 0.000000, 0.000000, 0.000000, 0.000000, 0.000000, 0.000000, 0.000000, 0.000000, 0.000000, 0.000000, 0.000000, 0.000000, 0.000000, 0.000000, 0.000000, 0.000000, 0.000000, 0.000000, 0.000000, 0.000000, 0.000000, 0.000000, 0.000000, 0.000000, 0.000000, 0.000000, 0.000000, 0.000000, 0.000000, 0.000000, 0.000000, 0.000000, 0.000000, 0.000000, 0.000000, 0.000000, 0.000000, 0.000000, 0.000000, 0.000000, 0.000000, 0.000000, 0.000000, 0.000000, 0.000000, 
0.000000, 0.000000, 0.000000, 0.000000, 0.000000, 0.000000, 0.000000, 0.000000, 0.000000, 0.000000, 0.000000, 0.000000, 0.000000, 0.000000, 0.000000, 0.000000, 0.000000, 0.000000, 0.000100, 0.000200, 0.000000, 0.000000, 0.000000, 0.000000, 0.000000, 0.000000, 0.000000, 0.000000, 0.000000, 0.000000, 0.000000, 0.000000, 0.000000, 0.000000, 0.000000, 0.000000, 0.000000, 0.000000, 0.000000, 0.000000, 0.000000, 0.000000, 0.000000, 0.000000, 0.000000, 0.000000, 0.000000, 0.000000, 0.000000, 0.000000, 0.000000, 0.000000, 0.000000, 0.000000, 0.000000, 0.000000, 0.000000, 0.000000, 0.000000, 0.000000, 0.000000, 0.000000, 0.000000, 0.000000, 0.000000, 0.000000, 0.000000, 0.000000, 0.000000, 0.000000, 0.000000, 0.000000, 0.000000, 0.000000, 0.000000, 0.000000, 0.000000, 0.000000, 0.000000, 0.000000, 0.000000, 0.000000, 0.000000, 0.000000, 0.000000, 0.000000, 0.000000, 0.000000, 0.000000, 0.000000, 0.000000, 0.000000, 0.000000, 0.000000, 0.000000, 0.000000, 0.000000, 0.000000, 0.000000, 0.000000, 0.000000, 0.000000, 0.000000, 0.000000, 0.000000, 0.000000, 0.000000, 0.000000, 0.000000, 0.000000, 0.000000, 0.000000, 0.000000, 0.000000, 0.000000, 0.000000, 0.000000, 0.000000, 0.000000, 0.000100, 0.000000, 0.000000, 0.000000, 0.000000, 0.000000, 0.000000, 0.000000, 0.000000, 0.000000, 0.000000, 0.000000, 0.000000, 0.000000, 0.000000, 0.000000, 0.000000, 0.000000, 0.000000, 0.000000, 0.000000, 0.000000, 0.000000, 0.000000, 0.000000, 0.000000, 0.000000, 0.000000, 0.000000, 0.000000, 0.000000, 0.000000, 0.000000, 0.000000, 0.000000, 0.000000, 0.000000, 0.000000, 0.000000, 0.000000, 0.000000, 
0.000300, 0.001000, 0.001800, 0.002300, 0.002000, 0.002800, 0.004100, 0.008300, 6.335100, 9.665600, 10.599000, 11.000400, 11.276500, 11.423800, 11.530300, 11.655700, 11.702700, 11.788600, 11.838900, 11.828900, 10.241100, 10.222700, 10.255300, 10.175400, 10.217400, 10.178500, 10.256200, 10.144500, 10.226700, 10.225700, 10.153100, 10.222000, 10.208800, 10.171200, 10.147900, 10.214100, 10.152200, 10.181900, 10.161000, 10.185600, 10.877700, 10.838400, 10.735900, 10.651800, 10.571600, 10.438900, 10.426200, 10.299400, 10.301500, 10.202700, 10.233900, 10.084500, 10.026200, 9.988000, 9.940200, 9.873800, 9.868000, 9.823600, 9.753400, 9.714600, 10.150800, 10.214100, 10.194400, 10.171300, 10.209900, 10.212100, 10.212500, 10.201500, 10.119800, 10.224300, 10.165700, 10.145700, 10.167400, 10.228600, 10.238100, 10.145500, 10.192300, 10.213700, 10.177600, 10.188800, 10.289500, 10.218600, 10.205100, 10.221000, 10.197800, 10.233100, 10.202800, 10.238600, 10.219700, 10.144700, 10.198400, 10.173400, 10.227400, 10.175800, 10.169500, 10.186000, 10.127000, 10.209600, 10.189500, 10.277500, 0.001900, 0.001800, 0.002700, 0.003400, 0.006100, 0.007400, 0.015300, 7.525300, 9.212700, 9.976000, 10.411900, 10.671900, 10.869200, 11.022300, 11.175500, 11.240500, 11.405300, 11.381300, 11.468300, 11.556900, 7.650500, 7.901900, 8.188100, 8.494100, 8.747200, 8.999800, 9.275000, 9.575500, 9.826000, 10.010400, 10.334700, 10.680300, 10.850300, 11.136400, 11.373300, 11.670200, 11.895900, 12.240800, 12.406500, 12.697600, 10.189900, 10.220000, 10.227300, 10.248200, 10.267000, 10.246600, 10.259500, 10.207600, 10.252600, 10.179700, 10.232000, 10.209300, 10.158200, 10.206000, 10.138800, 10.118400, 10.210400, 10.169500, 10.149100, 10.171900, 
11.592400, 11.725800, 11.803700, 11.819900, 11.901800, 11.986700, 12.031000, 12.069100, 12.036700, 12.101500, 12.105200, 12.074400, 12.081100, 12.055600, 12.007900, 12.015900, 10.595900, 8.657700, 7.524600, 6.793200, 12.128000, 12.088300, 12.099400, 12.021400, 12.082000, 12.028200, 12.105700, 12.026300, 12.107100, 12.085600, 12.013200, 12.103400, 12.074400, 12.039100, 12.002600, 12.070800, 11.992800, 12.048600, 12.042300, 12.044500, 12.998300, 12.964800, 12.801300, 12.658200, 12.584800, 12.427400, 12.382800, 12.214400, 12.178600, 12.078100, 12.089400, 11.911900, 11.832100, 11.756000, 11.736800, 11.609600, 11.620200, 11.557200, 11.473400, 11.403600, 12.005500, 12.097700, 12.070400, 12.072900, 12.118600, 12.059500, 12.071500, 12.091200, 11.978900, 12.087300, 12.057800, 12.029100, 12.029400, 12.090900, 12.111900, 11.986200, 12.051400, 12.078600, 12.040300, 12.038300, 12.148000, 12.064700, 12.070200, 12.072700, 12.068500, 12.107200, 12.079800, 12.077300, 12.073600, 12.005800, 12.092700, 12.051600, 12.125200, 12.030500, 12.060200, 12.057600, 12.013100, 12.096400, 12.038800, 12.154800, 12.019300, 12.025400, 12.019400, 11.964400, 12.035200, 12.082500, 12.051100, 12.027900, 12.125700, 12.080100, 12.130600, 12.051300, 12.076900, 12.044100, 12.078600, 12.045800, 12.092800, 12.014400, 12.043200, 12.082300, 9.040100, 9.336800, 9.685900, 10.026500, 10.355500, 10.632600, 10.986800, 11.327500, 11.602000, 11.850400, 12.239800, 12.598900, 12.828900, 13.150400, 13.508500, 13.808300, 14.069400, 14.473000, 14.680700, 15.033400, 12.054300, 12.076900, 12.081000, 12.113900, 12.127500, 12.111400, 12.115400, 12.064600, 12.103600, 12.046300, 12.089000, 12.086700, 12.012100, 12.063900, 12.016700, 11.977800, 12.088100, 12.044500, 12.006900, 12.076200, 
12.107200, 12.083600, 12.060600, 11.992800, 11.978500, 9.677100, 7.799200, 6.775500, 6.141800, 5.704700, 5.407500, 5.133300, 5.048900, 4.912600, 4.812300, 4.713800, 4.661900, 4.559800, 4.535700, 4.472200, 5.598700, 5.562800, 5.533800, 5.517100, 5.557500, 5.522000, 5.536300, 5.550600, 5.551300, 5.572600, 5.495000, 5.551400, 5.528600, 5.533400, 5.504900, 5.544500, 5.507000, 5.552100, 5.562900, 5.533000, 6.288600, 6.225200, 6.136300, 6.012400, 5.960100, 5.845000, 5.799300, 5.664800, 5.631100, 5.572900, 5.558700, 5.433900, 5.385900, 5.313200, 5.323800, 5.237000, 5.213400, 5.178500, 5.140300, 5.071600, 5.496000, 5.580300, 5.565000, 5.574800, 5.590300, 5.537800, 5.532800, 5.556400, 5.514600, 5.542100, 5.519600, 5.552100, 5.527100, 5.552700, 5.548600, 5.496400, 5.506300, 5.555900, 5.511900, 5.501400, 5.542000, 5.492000, 5.498400, 5.508800, 5.530700, 5.547300, 5.552200, 5.526400, 5.543200, 5.485500, 5.541600, 5.539000, 5.588100, 5.541000, 5.582000, 5.577100, 5.546000, 5.562900, 5.539500, 5.616200, 7.042800, 6.776800, 6.453500, 6.295200, 6.158400, 5.997100, 5.820900, 5.744100, 5.689800, 5.576900, 5.533000, 5.428400, 5.414700, 5.311500, 5.286000, 5.223000, 5.202000, 5.111000, 5.073400, 5.075800, 4.169900, 4.314000, 4.474500, 4.606700, 4.772500, 4.900900, 5.051800, 5.226800, 5.300500, 5.434100, 5.636900, 5.739300, 5.877200, 6.022900, 6.223200, 6.303200, 6.436600, 6.589300, 6.706500, 6.880700, 5.479000, 5.531400, 5.506700, 5.534800, 5.514000, 5.528200, 5.522300, 5.495500, 5.534100, 5.516200, 5.558700, 5.536700, 5.515400, 5.542300, 5.550600, 5.560100, 5.586900, 5.582000, 5.587900, 5.641300, 
6.598300, 5.875000, 5.473700, 5.141500, 5.001000, 4.839500, 4.716400, 4.609800, 4.541400, 4.485300, 4.446200, 4.322700, 4.339500, 4.308300, 4.284900, 4.277400, 4.271300, 4.218700, 4.249100, 4.221200, 4.505500, 4.483000, 4.437800, 4.450200, 4.487200, 4.462000, 4.448000, 4.488200, 4.492000, 4.489800, 4.431200, 4.468400, 4.442200, 4.467700, 4.445500, 4.471800, 4.439400, 4.494300, 4.483700, 4.467000, 5.106200, 5.038800, 4.976400, 4.845700, 4.820900, 4.745500, 4.680000, 4.566000, 4.541800, 4.500500, 4.473200, 4.376200, 4.358200, 4.280200, 4.293100, 4.212500, 4.179100, 4.174900, 4.155200, 4.076700, 4.438500, 4.496000, 4.484300, 4.506200, 4.523500, 4.461800, 4.465700, 4.477100, 4.451000, 4.459700, 4.468300, 4.491900, 4.446800, 4.480200, 4.485000, 4.442400, 4.422400, 4.475800, 4.433800, 4.445300, 4.470500, 4.410300, 4.442800, 4.453700, 4.462600, 4.468200, 4.472000, 4.443600, 4.480100, 4.427400, 4.469100, 4.473400, 4.508600, 4.483300, 4.499600, 4.485400, 4.484100, 4.482200, 4.468900, 4.533700, 4.598800, 4.562500, 4.546200, 4.524800, 4.517300, 4.528400, 4.477900, 4.469600, 4.507700, 4.467700, 4.467900, 4.422800, 4.467500, 4.433400, 4.431600, 4.426100, 4.413100, 4.354400, 4.340100, 4.357600, 3.432800, 3.539600, 3.664500, 3.764100, 3.896600, 4.014100, 4.123200, 4.220900, 4.282700, 4.398100, 4.544400, 4.600700, 4.707600, 4.833500, 4.993100, 5.030500, 5.135100, 5.230800, 5.306200, 5.441300, 4.415000, 4.441000, 4.451000, 4.439500, 4.428700, 4.437300, 4.450600, 4.412300, 4.455100, 4.440400, 4.484200, 4.463700, 4.451300, 4.478800, 4.482400, 4.485700, 4.499200, 4.520300, 4.519400, 4.560400, 
4.727500, 4.615100, 4.508700, 4.426800, 4.382300, 4.324700, 4.272700, 4.240400, 4.244800, 4.225100, 4.222800, 4.168700, 4.218400, 4.216500, 4.210600, 4.220000, 4.224600, 4.183300, 4.220300, 4.198900, 4.258400, 4.244200, 4.191800, 4.208800, 4.239400, 4.232100, 4.199900, 4.256100, 4.254500, 4.241800, 4.196200, 4.222500, 4.203100, 4.221000, 4.196500, 4.228100, 4.198800, 4.255400, 4.249500, 4.222600, 4.848200, 4.799200, 4.725500, 4.590800, 4.557500, 4.508900, 4.437800, 4.321000, 4.292500, 4.256300, 4.226900, 4.144600, 4.117500, 4.042900, 4.055100, 3.981900, 3.952600, 3.941000, 3.927800, 3.852500, 4.208700, 4.256400, 4.252700, 4.263800, 4.282200, 4.221400, 4.221400, 4.233900, 4.212800, 4.218700, 4.220000, 4.256900, 4.207900, 4.234600, 4.245700, 4.202100, 4.186300, 4.233400, 4.192200, 4.203700, 4.223500, 4.167700, 4.203300, 4.209600, 4.224400, 4.227200, 4.238100, 4.206800, 4.236500, 4.185200, 4.215200, 4.237300, 4.261100, 4.245200, 4.259000, 4.246500, 4.240700, 4.238500, 4.236000, 4.288500, 4.238700, 4.226800, 4.220100, 4.213200, 4.224900, 4.243500, 4.205900, 4.203500, 4.258200, 4.217500, 4.231900, 4.189900, 4.244800, 4.231900, 4.235900, 4.239200, 4.243400, 4.194000, 4.187600, 4.213800, 3.278200, 3.379900, 3.490100, 3.581400, 3.702500, 3.807300, 3.921600, 3.996100, 4.055100, 4.165000, 4.298700, 4.342600, 4.444300, 4.561200, 4.704400, 4.734300, 4.825300, 4.916300, 4.986800, 5.104100, 4.169200, 4.194200, 4.198400, 4.198500, 4.178400, 4.196800, 4.208400, 4.174800, 4.215700, 4.197300, 4.238300, 4.222300, 4.212400, 4.238900, 4.239900, 4.250700, 4.256100, 4.284000, 4.291700, 4.319400, 
4.301700, 4.262500, 4.226400, 4.194100, 4.200800, 4.196200, 4.182500, 4.167600, 4.188500, 4.187200, 4.193900, 4.152400, 4.204700, 4.202700, 4.199900, 4.210600, 4.215700, 4.176500, 4.215000, 4.197400, 4.219800, 4.214400, 4.158100, 4.175400, 4.205100, 4.198900, 4.165200, 4.220300, 4.221300, 4.207800, 4.163800, 4.188800, 4.166600, 4.187900, 4.159900, 4.190600, 4.163800, 4.219900, 4.213600, 4.187500, 4.810400, 4.761400, 4.686200, 4.554800, 4.519300, 4.473100, 4.401700, 4.286200, 4.255600, 4.220100, 4.189500, 4.113000, 4.080700, 4.011800, 4.021100, 3.951900, 3.919400, 3.908400, 3.894500, 3.821900, 4.176600, 4.220300, 4.214100, 4.228600, 4.248300, 4.189600, 4.184100, 4.201300, 4.179300, 4.184700, 4.182800, 4.221800, 4.170700, 4.195600, 4.209600, 4.164200, 4.152200, 4.197000, 4.156100, 4.167900, 4.186000, 4.134800, 4.169200, 4.179000, 4.184100, 4.192600, 4.204200, 4.168400, 4.202300, 4.148800, 4.183500, 4.206500, 4.226600, 4.212800, 4.221100, 4.211000, 4.207200, 4.204300, 4.199100, 4.252800, 4.172600, 4.169100, 4.167300, 4.164700, 4.174300, 4.198600, 4.165100, 4.162500, 4.215300, 4.179900, 4.199000, 4.160200, 4.214600, 4.200000, 4.210800, 4.212300, 4.219700, 4.172100, 4.160900, 4.194600, 3.257500, 3.356400, 3.465700, 3.554100, 3.676400, 3.780600, 3.892400, 3.960900, 4.019600, 4.130500, 4.259600, 4.302600, 4.407500, 4.520600, 4.664100, 4.693700, 4.782400, 4.872300, 4.937200, 5.054200, 4.135300, 4.159800, 4.164400, 4.162700, 4.140600, 4.162700, 4.171500, 4.138100, 4.182200, 4.163500, 4.201600, 4.187700, 4.179100, 4.207000, 4.206000, 4.218400, 4.217600, 4.252200, 4.259600, 4.289000, 
4.180600, 4.172000, 4.158900, 4.144900, 4.168700, 4.171000, 4.168900, 4.157300, 4.178200, 4.178700, 4.186300, 4.147100, 4.198300, 4.201500, 4.198300, 4.210300, 4.215000, 4.176100, 4.214900, 4.197100, 4.210800, 4.205100, 4.150200, 4.166500, 4.197500, 4.190000, 4.154900, 4.213500, 4.214200, 4.199800, 4.155300, 4.180000, 4.157700, 4.178500, 4.152000, 4.182600, 4.155100, 4.210700, 4.206600, 4.180200, 4.800400, 4.752200, 4.677900, 4.545500, 4.509500, 4.465700, 4.393200, 4.279200, 4.246700, 4.213400, 4.182600, 4.104000, 4.072000, 4.003100, 4.013200, 3.944300, 3.912400, 3.900400, 3.886400, 3.813500, 4.169900, 4.212400, 4.204500, 4.222500, 4.242000, 4.183200, 4.174100, 4.193000, 4.170800, 4.176700, 4.174700, 4.212600, 4.162600, 4.188100, 4.201000, 4.155200, 4.143500, 4.188700, 4.147200, 4.160500, 4.178000, 4.125500, 4.160600, 4.168700, 4.176800, 4.183500, 4.196600, 4.160500, 4.193600, 4.138500, 4.175900, 4.198500, 4.218200, 4.204900, 4.213600, 4.202600, 4.200000, 4.197800, 4.191600, 4.244600, 4.161100, 4.158300, 4.156200, 4.155000, 4.164400, 4.189600, 4.156800, 4.152700, 4.205900, 4.171600, 4.191000, 4.151900, 4.206800, 4.192700, 4.205500, 4.205000, 4.213300, 4.164600, 4.154800, 4.186600, 3.252200, 3.351200, 3.460100, 3.548100, 3.670100, 3.773900, 3.885400, 3.953000, 4.012200, 4.122900, 4.250600, 4.292800, 4.399100, 4.513100, 4.655800, 4.685200, 4.774500, 4.861800, 4.926200, 5.044200, 4.127200, 4.151600, 4.155200, 4.154200, 4.131700, 4.156900, 4.161700, 4.130200, 4.172600, 4.155300, 4.195600, 4.180400, 4.171800, 4.199000, 4.196100, 4.211400, 4.210600, 4.244900, 4.251500, 4.280400, 
4.148900, 4.149000, 4.147700, 4.136900, 4.161100, 4.163000, 4.162400, 4.152000, 4.177500, 4.177700, 4.192000, 4.153800, 4.214400, 4.219800, 4.215500, 4.233800, 4.243000, 4.211600, 4.253700, 4.237000, 4.210200, 4.205000, 4.149700, 4.166000, 4.196500, 4.189000, 4.154400, 4.212800, 4.213600, 4.199500, 4.154500, 4.179200, 4.156800, 4.178600, 4.151600, 4.182100, 4.154300, 4.210100, 4.206300, 4.179600, 4.799500, 4.750700, 4.677900, 4.544600, 4.508900, 4.464700, 4.393000, 4.278500, 4.246600, 4.213300, 4.182300, 4.103100, 4.071900, 4.002800, 4.012500, 3.943900, 3.912000, 3.900500, 3.885900, 3.813400, 4.169100, 4.212000, 4.204100, 4.222300, 4.241900, 4.183000, 4.173700, 4.192700, 4.170600, 4.176300, 4.173800, 4.212700, 4.162000, 4.187500, 4.200600, 4.154500, 4.143400, 4.188400, 4.146800, 4.159900, 4.177700, 4.125400, 4.160000, 4.168800, 4.175900, 4.183100, 4.195900, 4.160400, 4.193100, 4.137500, 4.175300, 4.198300, 4.218200, 4.204500, 4.213400, 4.202500, 4.199100, 4.197200, 4.191400, 4.243100, 4.159800, 4.157800, 4.155100, 4.154100, 4.164100, 4.188600, 4.156200, 4.152600, 4.204700, 4.171100, 4.193300, 4.157300, 4.214000, 4.201100, 4.217600, 4.221400, 4.229800, 4.183600, 4.177100, 4.214900, 3.252300, 3.351200, 3.459900, 3.548400, 3.670000, 3.774000, 3.885300, 3.952800, 4.011600, 4.122900, 4.250200, 4.292000, 4.398400, 4.512300, 4.655900, 4.685100, 4.773900, 4.861200, 4.926800, 5.043000, 4.127200, 4.151500, 4.154600, 4.154400, 4.130800, 4.156100, 4.161200, 4.129300, 4.172600, 4.154400, 4.194500, 4.180700, 4.171600, 4.198900, 4.195500, 4.210900, 4.210200, 4.244100, 4.250600, 4.279900, 
4.182600, 4.187500, 4.198100, 4.193500, 4.236700, 4.255400, 4.248100, 4.264400, 4.300600, 4.305000, 4.327100, 4.288700, 4.368400, 4.379900, 4.376300, 4.405800, 4.410300, 4.403400, 4.457600, 4.435700, 4.344600, 4.336000, 4.288800, 4.291300, 4.330300, 4.316100, 4.278900, 4.337900, 4.345600, 4.324400, 4.287200, 4.304300, 4.291400, 4.307900, 4.285100, 4.305700, 4.284200, 4.342200, 4.332700, 4.297600, 4.946900, 4.890400, 4.818500, 4.685600, 4.654600, 4.606500, 4.523500, 4.416100, 4.373100, 4.338700, 4.310400, 4.233700, 4.202000, 4.125500, 4.137700, 4.067200, 4.033600, 4.028400, 4.000600, 3.934200, 4.319100, 4.354900, 4.348500, 4.368700, 4.385900, 4.322200, 4.311600, 4.327200, 4.301700, 4.300100, 4.300400, 4.337300, 4.289600, 4.303400, 4.326300, 4.278200, 4.268200, 4.306000, 4.267600, 4.274600, 4.268700, 4.216800, 4.265700, 4.276500, 4.285900, 4.301600, 4.311000, 4.281100, 4.321200, 4.268000, 4.309500, 4.336200, 4.355800, 4.343300, 4.354200, 4.356800, 4.347900, 4.350300, 4.351000, 4.410000, 4.223200, 4.229000, 4.233200, 4.234200, 4.266700, 4.288400, 4.255600, 4.268000, 4.327600, 4.302400, 4.328900, 4.297600, 4.357100, 4.350600, 4.380300, 4.385600, 4.409100, 4.370600, 4.356100, 4.405300, 3.358200, 3.453700, 3.567300, 3.654500, 3.780000, 3.891300, 4.007400, 4.079300, 4.135100, 4.245400, 4.373300, 4.424800, 4.540800, 4.652100, 4.803300, 4.835500, 4.924800, 5.004200, 5.081400, 5.200200, 4.257100, 4.277800, 4.286700, 4.287800, 4.257100, 4.290500, 4.291300, 4.256600, 4.306700, 4.279500, 4.328300, 4.311600, 4.301100, 4.325300, 4.327700, 4.348400, 4.347200, 4.376600, 4.386000, 4.408300, 
4.313100, 4.340400, 4.362500, 4.360600, 4.417900, 4.456000, 4.444700, 4.492700, 4.538500, 4.537300, 4.585500, 4.551100, 4.639700, 4.655000, 4.661500, 4.727300, 4.745500, 4.756600, 4.830400, 4.808300, 4.583200, 4.569500, 4.525700, 4.523900, 4.572800, 4.550600, 4.527200, 4.583100, 4.587200, 4.552900, 4.526900, 4.546000, 4.530800, 4.550800, 4.528300, 4.547600, 4.518600, 4.584500, 4.574800, 4.538900, 5.226200, 5.175300, 5.093700, 4.949600, 4.921300, 4.865300, 4.775500, 4.653200, 4.622300, 4.571500, 4.543600, 4.480700, 4.432500, 4.346000, 4.362800, 4.286900, 4.252800, 4.239600, 4.218400, 4.144000, 4.595100, 4.638400, 4.615500, 4.636400, 4.638800, 4.579800, 4.556500, 4.574200, 4.538200, 4.552000, 4.539200, 4.574500, 4.517800, 4.532100, 4.547100, 4.494300, 4.485300, 4.513500, 4.477700, 4.491600, 4.451200, 4.394700, 4.449800, 4.484600, 4.486400, 4.515800, 4.528100, 4.497700, 4.549200, 4.505100, 4.555100, 4.578400, 4.611800, 4.617200, 4.620900, 4.625800, 4.640800, 4.633700, 4.637000, 4.713500, 4.381200, 4.394300, 4.402600, 4.414700, 4.458000, 4.481900, 4.457600, 4.485900, 4.556200, 4.538900, 4.578300, 4.562000, 4.623000, 4.634600, 4.659500, 4.697900, 4.707200, 4.678900, 4.664300, 4.729100, 3.540700, 3.646400, 3.754300, 3.859900, 3.989600, 4.111200, 4.228800, 4.307500, 4.368800, 4.482800, 4.628400, 4.673000, 4.783400, 4.914100, 5.070800, 5.095900, 5.186500, 5.279400, 5.363700, 5.482400, 4.486300, 4.505100, 4.517200, 4.523500, 4.498400, 4.529300, 4.535200, 4.504700, 4.539700, 4.514300, 4.571200, 4.542200, 4.542400, 4.567100, 4.566400, 4.578400, 4.582300, 4.616300, 4.627500, 4.651400, 
4.510300, 4.544100, 4.581000, 4.586300, 4.660100, 4.720100, 4.707500, 4.771400, 4.849700, 4.861300, 4.942300, 4.941400, 5.034400, 5.088700, 5.074800, 5.200400, 5.229500, 5.228800, 5.350400, 5.325400, 4.928100, 4.909400, 4.845700, 4.854400, 4.911600, 4.885100, 4.865300, 4.906900, 4.914400, 4.882500, 4.853300, 4.878800, 4.849100, 4.886900, 4.857400, 4.880300, 4.841300, 4.913500, 4.904900, 4.885800, 5.643600, 5.581000, 5.475700, 5.333700, 5.285400, 5.221400, 5.139400, 4.993400, 4.975200, 4.898700, 4.880000, 4.789400, 4.746200, 4.666100, 4.683800, 4.608000, 4.561900, 4.546800, 4.511200, 4.425700, 5.016100, 5.039900, 5.002300, 5.015200, 5.006000, 4.941900, 4.920300, 4.916600, 4.885800, 4.894500, 4.871000, 4.895900, 4.827300, 4.833800, 4.860700, 4.812900, 4.784200, 4.808400, 4.756100, 4.772400, 4.693000, 4.660600, 4.714900, 4.761300, 4.774500, 4.812100, 4.828900, 4.804500, 4.871300, 4.820000, 4.879200, 4.928000, 4.975600, 4.981100, 4.995700, 4.998000, 5.023700, 5.028100, 5.049800, 5.129800, 4.600900, 4.643700, 4.648100, 4.680800, 4.727900, 4.783200, 4.761400, 4.804000, 4.882400, 4.865800, 4.935800, 4.920900, 4.986700, 5.009600, 5.047000, 5.097300, 5.116000, 5.079200, 5.092300, 5.154700, 3.807100, 3.918000, 4.032800, 4.133100, 4.290000, 4.413100, 4.522700, 4.610700, 4.684400, 4.805100, 4.966500, 5.017800, 5.118900, 5.272300, 5.437000, 5.464600, 5.572300, 5.668700, 5.753600, 5.886000, 4.811300, 4.845800, 4.841000, 4.856200, 4.832400, 4.861300, 4.864100, 4.823300, 4.872700, 4.852600, 4.896300, 4.871600, 4.873300, 4.901200, 4.887500, 4.910400, 4.913600, 4.943700, 4.970100, 4.992000, 
4.790500, 4.853700, 4.905700, 4.931200, 5.036000, 5.129400, 5.144500, 5.234000, 5.325700, 5.373400, 5.465300, 5.467300, 5.563800, 5.635500, 5.632700, 5.746000, 5.770700, 5.750400, 5.854700, 5.786800, 5.437900, 5.410300, 5.359100, 5.385000, 5.426400, 5.381600, 5.357100, 5.426300, 5.434900, 5.400900, 5.373200, 5.384100, 5.336700, 5.390300, 5.364500, 5.384200, 5.350900, 5.407500, 5.413400, 5.380300, 6.261400, 6.207000, 6.058100, 5.898900, 5.846500, 5.761200, 5.684800, 5.528000, 5.474500, 5.413200, 5.400200, 5.275800, 5.223600, 5.131500, 5.167900, 5.067000, 5.023900, 5.005500, 4.953300, 4.874500, 5.675900, 5.694300, 5.643600, 5.632900, 5.598500, 5.515100, 5.466200, 5.461400, 5.407400, 5.412600, 5.388600, 5.379300, 5.304300, 5.294500, 5.298900, 5.254700, 5.216900, 5.237200, 5.167700, 5.164000, 5.086600, 5.075300, 5.127800, 5.173200, 5.220300, 5.246200, 5.291400, 5.296000, 5.370700, 5.331200, 5.395700, 5.459400, 5.508700, 5.524000, 5.556800, 5.589100, 5.590700, 5.629300, 5.662700, 5.773600, 5.014200, 5.073200, 5.099900, 5.129900, 5.199800, 5.261400, 5.238700, 5.297100, 5.373500, 5.360900, 5.441400, 5.440100, 5.513700, 5.533800, 5.588000, 5.627000, 5.637300, 5.606600, 5.626400, 5.703900, 4.210200, 4.350300, 4.463900, 4.574500, 4.747700, 4.889100, 4.987600, 5.093500, 5.189700, 5.303100, 5.468300, 5.534200, 5.647200, 5.839300, 5.961000, 6.036400, 6.141700, 6.253600, 6.342000, 6.474300, 5.311400, 5.338000, 5.340500, 5.367300, 5.321700, 5.380300, 5.371000, 5.346200, 5.369800, 5.363500, 5.410100, 5.366900, 5.374700, 5.412300, 5.378900, 5.417800, 5.416200, 5.457900, 5.466500, 5.501700, 
5.160000, 5.261200, 5.338600, 5.369000, 5.495100, 5.587200, 5.630100, 5.708800, 5.793200, 5.839700, 5.889200, 5.882000, 5.941400, 5.929800, 5.934500, 5.984500, 5.971200, 5.933800, 5.958700, 5.860600, 5.885100, 5.841500, 5.793900, 5.851600, 5.861100, 5.816800, 5.780100, 5.840800, 5.881700, 5.869600, 5.805600, 5.830400, 5.782400, 5.831500, 5.789600, 5.840100, 5.808800, 5.858000, 5.856000, 5.822200, 6.791800, 6.723700, 6.561700, 6.384600, 6.315500, 6.233100, 6.149300, 5.992100, 5.938300, 5.860000, 5.852300, 5.710700, 5.623600, 5.533800, 5.598900, 5.463100, 5.420000, 5.409100, 5.363200, 5.283500, 6.334900, 6.366900, 6.271000, 6.237900, 6.165400, 6.046600, 5.981500, 5.975000, 5.884700, 5.869900, 5.824200, 5.782700, 5.721100, 5.698500, 5.659200, 5.594900, 5.553100, 5.554300, 5.464400, 5.482300, 5.445400, 5.440200, 5.476500, 5.550900, 5.609200, 5.669800, 5.715600, 5.724600, 5.796500, 5.786700, 5.862800, 5.901400, 5.950500, 6.002500, 6.055500, 6.108200, 6.071700, 6.153200, 6.197000, 6.306900, 5.521400, 5.569500, 5.611700, 5.613800, 5.685000, 5.742400, 5.709000, 5.768300, 5.842500, 5.814000, 5.896500, 5.870100, 5.949700, 5.947500, 5.998500, 6.015500, 6.026000, 5.956000, 5.985200, 6.044800, 4.555300, 4.732000, 4.859700, 4.954800, 5.146700, 5.265100, 5.395300, 5.525900, 5.624000, 5.772900, 5.900300, 6.000400, 6.134000, 6.304800, 6.436900, 6.526400, 6.643800, 6.772400, 6.856900, 7.008000, 5.751100, 5.764200, 5.804500, 5.822400, 5.764200, 5.825300, 5.813700, 5.808800, 5.813700, 5.792300, 5.861800, 5.822500, 5.831600, 5.834000, 5.826500, 5.864500, 5.849400, 5.917000, 5.908600, 5.939800, 
5.590100, 5.676300, 5.776900, 5.773600, 5.878700, 5.945400, 5.941700, 5.981900, 6.016500, 6.030400, 6.022600, 5.986800, 5.998600, 5.950600, 5.907100, 5.900700, 5.855800, 5.799200, 5.821600, 5.681100, 6.046900, 6.000100, 5.948700, 6.015700, 6.015900, 5.985200, 5.931900, 6.014600, 6.056800, 6.018100, 5.937400, 6.009000, 5.944500, 5.981000, 5.965400, 5.997900, 5.957500, 6.036400, 6.022000, 5.998700, 6.972100, 6.882800, 6.731200, 6.565200, 6.512500, 6.385200, 6.322500, 6.168900, 6.113300, 6.020600, 5.983700, 5.856200, 5.775200, 5.695600, 5.734800, 5.607200, 5.590900, 5.547800, 5.508700, 5.435600, 6.737900, 6.691700, 6.568700, 6.508800, 6.455200, 6.276900, 6.203800, 6.165900, 6.066500, 6.042300, 5.960600, 5.919500, 5.833000, 5.802800, 5.758200, 5.693400, 5.618700, 5.606300, 5.507700, 5.526000, 5.604300, 5.584900, 5.632300, 5.697400, 5.757100, 5.855000, 5.860500, 5.867300, 5.934300, 5.947700, 6.015400, 6.046400, 6.126900, 6.169900, 6.205200, 6.292400, 6.244000, 6.324000, 6.358200, 6.480800, 5.857300, 5.879600, 5.888300, 5.896900, 5.953100, 5.956000, 5.918600, 5.977800, 6.012600, 5.986700, 6.057100, 6.009800, 6.060100, 6.063500, 6.066000, 6.103400, 6.106900, 6.012500, 6.014000, 6.072000, 4.696000, 4.873900, 4.991600, 5.097900, 5.299500, 5.425600, 5.571300, 5.693700, 5.797300, 5.929100, 6.063100, 6.171000, 6.307600, 6.443600, 6.578900, 6.684100, 6.820800, 6.943400, 7.013900, 7.170900, 5.915000, 5.935600, 5.958600, 5.969900, 5.916800, 5.994000, 5.996100, 5.981900, 5.975000, 5.942300, 6.012800, 5.996300, 6.012300, 6.009000, 5.991100, 6.036700, 6.006500, 6.066400, 6.085600, 6.091600, 
5.917000, 5.964700, 6.032900, 5.973200, 6.040200, 6.030300, 5.965500, 5.970200, 5.953100, 5.918900, 5.910600, 5.839700, 5.817500, 5.750500, 5.692200, 5.690400, 5.637400, 5.560800, 5.584600, 5.473700, 5.927100, 5.902400, 5.845600, 5.885500, 5.897900, 5.883400, 5.819500, 5.920600, 5.973200, 5.905100, 5.851600, 5.932900, 5.858600, 5.866500, 5.862200, 5.904400, 5.847400, 5.901000, 5.924200, 5.888700, 6.835900, 6.761800, 6.600400, 6.465700, 6.417500, 6.270900, 6.211600, 6.049200, 5.999100, 5.925300, 5.882000, 5.753600, 5.674500, 5.596600, 5.638300, 5.519400, 5.500700, 5.490100, 5.418700, 5.360300, 6.781000, 6.698900, 6.566400, 6.437400, 6.445300, 6.206100, 6.152800, 6.059800, 5.951000, 5.925800, 5.862600, 5.830900, 5.702500, 5.663600, 5.619500, 5.551200, 5.457100, 5.461800, 5.333000, 5.351900, 5.518200, 5.516100, 5.574300, 5.611500, 5.701700, 5.786100, 5.786100, 5.792200, 5.840800, 5.844900, 5.882400, 5.950000, 6.008700, 6.029800, 6.095800, 6.161800, 6.117400, 6.170800, 6.220900, 6.296000, 5.879700, 5.877100, 5.888600, 5.880300, 5.918300, 5.907000, 5.832900, 5.895000, 5.939000, 5.883600, 5.939900, 5.886200, 5.915000, 5.924000, 5.892700, 5.961700, 5.940400, 5.855500, 5.837700, 5.875800, 4.637700, 4.795500, 4.933400, 5.047400, 5.212600, 5.353900, 5.468400, 5.591200, 5.703300, 5.829500, 5.929800, 6.051600, 6.176600, 6.319700, 6.448900, 6.530500, 6.672800, 6.796100, 6.860900, 7.000700, 5.824600, 5.858200, 5.853300, 5.859700, 5.845500, 5.882400, 5.901400, 5.874400, 5.871100, 5.861000, 5.914700, 5.872100, 5.902900, 5.888300, 5.900700, 5.911700, 5.908500, 5.966700, 5.947700, 5.991700, 
6.028300, 6.039500, 6.062700, 5.935800, 5.945600, 5.904600, 5.817100, 5.778500, 5.759900, 5.699800, 5.685100, 5.621700, 5.587100, 5.532500, 5.466900, 5.444400, 5.418000, 5.346500, 5.397000, 5.256400, 5.701300, 5.674600, 5.626400, 5.677400, 5.685900, 5.665300, 5.616200, 5.691900, 5.733100, 5.686000, 5.641600, 5.702800, 5.631400, 5.649700, 5.649800, 5.681000, 5.630100, 5.675900, 5.703800, 5.692000, 6.601200, 6.495100, 6.362300, 6.215000, 6.171000, 6.046400, 5.958400, 5.805800, 5.763000, 5.705800, 5.662800, 5.547700, 5.481800, 5.391400, 5.448300, 5.318000, 5.296900, 5.286000, 5.230700, 5.165900, 6.617700, 6.502400, 6.391500, 6.276600, 6.243300, 6.017400, 5.945400, 5.860900, 5.722700, 5.726500, 5.646600, 5.578600, 5.457000, 5.457800, 5.386900, 5.311900, 5.242200, 5.246800, 5.099300, 5.101400, 5.364000, 5.343200, 5.405100, 5.423700, 5.518400, 5.580100, 5.572000, 5.597100, 5.640000, 5.634300, 5.671900, 5.715800, 5.786300, 5.793600, 5.823500, 5.878700, 5.861300, 5.899000, 5.929900, 5.982200, 5.723300, 5.712100, 5.705700, 5.684200, 5.707600, 5.703200, 5.659100, 5.678100, 5.726400, 5.675500, 5.707400, 5.666800, 5.679500, 5.696900, 5.660700, 5.701300, 5.680700, 5.611300, 5.591300, 5.637900, 4.477900, 4.636700, 4.766300, 4.875800, 5.033800, 5.156500, 5.273300, 5.385600, 5.504300, 5.598400, 5.698500, 5.812200, 5.926400, 6.061600, 6.189600, 6.270600, 6.401800, 6.486200, 6.574500, 6.693500, 5.590000, 5.641900, 5.640000, 5.649100, 5.635800, 5.631600, 5.682500, 5.642300, 5.630900, 5.631100, 5.683000, 5.651900, 5.692100, 5.674300, 5.715200, 5.669900, 5.697200, 5.734600, 5.725900, 5.760900, 
5.946900, 5.904900, 5.890300, 5.760800, 5.718800, 5.700900, 5.595200, 5.550800, 5.526700, 5.473900, 5.480100, 5.377800, 5.374800, 5.335200, 5.263400, 5.258300, 5.236800, 5.169800, 5.224700, 5.114000, 5.458700, 5.450200, 5.410900, 5.447700, 5.467800, 5.442000, 5.395400, 5.479100, 5.497700, 5.454200, 5.415100, 5.470500, 5.415200, 5.435800, 5.425600, 5.450900, 5.400900, 5.434500, 5.477600, 5.477000, 6.345200, 6.242500, 6.122900, 5.961400, 5.912200, 5.793400, 5.722900, 5.573600, 5.537300, 5.483700, 5.417600, 5.324100, 5.280200, 5.173400, 5.229600, 5.122800, 5.103300, 5.063700, 5.003500, 4.980600, 6.405000, 6.319700, 6.189300, 6.072900, 6.016200, 5.808800, 5.732900, 5.653800, 5.490100, 5.510800, 5.426700, 5.372700, 5.230200, 5.247800, 5.157600, 5.078000, 5.006000, 5.019500, 4.878300, 4.888500, 5.184400, 5.148000, 5.232500, 5.259200, 5.317700, 5.375200, 5.353300, 5.398300, 5.415700, 5.406000, 5.443900, 5.478200, 5.528100, 5.540000, 5.574300, 5.607200, 5.583000, 5.621700, 5.641500, 5.688600, 5.506200, 5.498400, 5.476700, 5.472400, 5.487000, 5.473800, 5.428100, 5.440800, 5.489300, 5.442400, 5.485100, 5.451700, 5.449200, 5.459400, 5.437600, 5.466600, 5.465500, 5.395000, 5.383100, 5.425400, 4.322900, 4.482000, 4.599000, 4.692900, 4.840300, 4.975000, 5.074100, 5.175000, 5.281800, 5.390900, 5.471100, 5.564600, 5.681100, 5.761600, 5.933900, 6.015700, 6.123000, 6.182200, 6.275200, 6.404800, 5.368100, 5.416600, 5.395900, 5.416100, 5.410800, 5.408500, 5.437200, 5.420200, 5.417700, 5.421900, 5.458100, 5.414500, 5.468800, 5.460400, 5.512300, 5.445000, 5.486700, 5.497500, 5.509700, 5.532700, 
5.763000, 5.682700, 5.651000, 5.538700, 5.520400, 5.484400, 5.367600, 5.339800, 5.327300, 5.277900, 5.285600, 5.195900, 5.215400, 5.181500, 5.111200, 5.115900, 5.110100, 5.047900, 5.106800, 5.031800, 5.283000, 5.248500, 5.242100, 5.257300, 5.274100, 5.265000, 5.221200, 5.294400, 5.284300, 5.289600, 5.236300, 5.271400, 5.234800, 5.265200, 5.259400, 5.277400, 5.217300, 5.246900, 5.290800, 5.287200, 6.147600, 6.029300, 5.913300, 5.771400, 5.719500, 5.598500, 5.526000, 5.384600, 5.347800, 5.296800, 5.227500, 5.146500, 5.102300, 5.001400, 5.064600, 4.949800, 4.921600, 4.905900, 4.816500, 4.820100, 6.234900, 6.142100, 6.017300, 5.898700, 5.820800, 5.631900, 5.553100, 5.480700, 5.318100, 5.323300, 5.237500, 5.185400, 5.052300, 5.066600, 4.966200, 4.904300, 4.809500, 4.814900, 4.682600, 4.699300, 5.031000, 4.999700, 5.079800, 5.102700, 5.171600, 5.224200, 5.181400, 5.223700, 5.232800, 5.203400, 5.250000, 5.281500, 5.326000, 5.342200, 5.372100, 5.399100, 5.364600, 5.411000, 5.414900, 5.459300, 5.302300, 5.294600, 5.268500, 5.284400, 5.283400, 5.285300, 5.219000, 5.233200, 5.284000, 5.255900, 5.292400, 5.254500, 5.266300, 5.284900, 5.239400, 5.306000, 5.302600, 5.219500, 5.234200, 5.246300, 4.187500, 4.347700, 4.465100, 4.542200, 4.681400, 4.816400, 4.916100, 4.991400, 5.105800, 5.219500, 5.281800, 5.365100, 5.480400, 5.570700, 5.718300, 5.802900, 5.889200, 5.964900, 6.043500, 6.159100, 5.170300, 5.224400, 5.219000, 5.228300, 5.216100, 5.251200, 5.244100, 5.238100, 5.234000, 5.238500, 5.279000, 5.226600, 5.279700, 5.269200, 5.288500, 5.277000, 5.304900, 5.317600, 5.324500, 5.347300, 
5.522400, 5.490300, 5.448700, 5.330800, 5.319900, 5.308300, 5.188700, 5.181000, 5.176000, 5.130900, 5.168800, 5.086900, 5.103800, 5.084300, 5.018800, 5.029400, 5.024600, 4.981700, 5.038000, 4.981000, 5.154200, 5.108200, 5.101700, 5.124000, 5.135500, 5.133500, 5.084600, 5.163000, 5.140900, 5.148500, 5.105900, 5.151300, 5.092400, 5.131100, 5.114500, 5.135100, 5.092900, 5.113300, 5.152800, 5.142100, 5.999900, 5.873100, 5.771300, 5.621900, 5.581500, 5.464700, 5.379200, 5.242800, 5.214000, 5.160100, 5.105900, 5.029700, 4.968300, 4.872000, 4.936300, 4.821500, 4.786900, 4.787600, 4.686300, 4.692100, 6.112600, 6.013400, 5.888300, 5.771000, 5.683300, 5.507200, 5.432000, 5.359100, 5.195200, 5.195600, 5.108700, 5.045900, 4.935900, 4.919400, 4.830300, 4.765700, 4.671900, 4.673800, 4.556200, 4.562500, 4.940000, 4.897500, 4.974000, 5.000200, 5.039500, 5.094600, 5.063800, 5.094300, 5.097100, 5.063200, 5.099100, 5.148200, 5.181300, 5.194200, 5.208600, 5.251700, 5.197700, 5.248800, 5.264100, 5.307900, 5.162600, 5.132100, 5.113400, 5.123200, 5.143600, 5.140400, 5.082600, 5.100700, 5.148700, 5.121500, 5.145900, 5.127500, 5.139200, 5.165700, 5.130400, 5.170600, 5.185400, 5.092200, 5.118600, 5.140800, 4.118900, 4.258300, 4.360100, 4.437200, 4.571900, 4.708900, 4.810300, 4.881800, 4.968300, 5.075900, 5.144400, 5.229100, 5.315700, 5.424800, 5.561200, 5.644100, 5.732900, 5.801800, 5.862900, 5.980800, 5.020900, 5.090300, 5.074000, 5.089400, 5.086800, 5.113300, 5.117000, 5.107500, 5.109600, 5.123000, 5.142600, 5.098700, 5.163200, 5.143300, 5.149000, 5.148400, 5.183500, 5.172000, 5.190500, 5.214300, 
5.315500, 5.311400, 5.287700, 5.178700, 5.159400, 5.167000, 5.084200, 5.072500, 5.081000, 5.036300, 5.088200, 5.012300, 5.031700, 5.044900, 4.993500, 4.989500, 4.994300, 4.969500, 5.038300, 4.968000, 5.090300, 5.030900, 5.018000, 5.045600, 5.055500, 5.052500, 5.007400, 5.081500, 5.077700, 5.057200, 5.021500, 5.062900, 5.019300, 5.037300, 5.019400, 5.049000, 5.012100, 5.034100, 5.075400, 5.058300, 5.920700, 5.783900, 5.700700, 5.518500, 5.491900, 5.384800, 5.301700, 5.156700, 5.133300, 5.095700, 5.039000, 4.945000, 4.891700, 4.805100, 4.850200, 4.738900, 4.721200, 4.706700, 4.628800, 4.628100, 6.056600, 5.965200, 5.827700, 5.707500, 5.629600, 5.439600, 5.367300, 5.264300, 5.115500, 5.121400, 5.022000, 4.957800, 4.856700, 4.833700, 4.746200, 4.676300, 4.588200, 4.585700, 4.475900, 4.470800, 4.873300, 4.828000, 4.911400, 4.928700, 4.955800, 5.014200, 4.980400, 5.012600, 5.017300, 4.986500, 5.019900, 5.066300, 5.108800, 5.110300, 5.123000, 5.164700, 5.106600, 5.166800, 5.184600, 5.234200, 5.050600, 5.034100, 4.999400, 5.026500, 5.035300, 5.034800, 4.992100, 5.017000, 5.066900, 5.053000, 5.055900, 5.049700, 5.072800, 5.098500, 5.072100, 5.114700, 5.119100, 5.040900, 5.051700, 5.083200, 4.067000, 4.215600, 4.312000, 4.381400, 4.499600, 4.635100, 4.728300, 4.814600, 4.889500, 4.989900, 5.060900, 5.143300, 5.236700, 5.356700, 5.485900, 5.544000, 5.633700, 5.700700, 5.775600, 5.872900, 4.937800, 5.011800, 4.982300, 5.007700, 5.006000, 5.016600, 5.033500, 5.017700, 5.025300, 5.033000, 5.067600, 5.015900, 5.085100, 5.063700, 5.069400, 5.058400, 5.096100, 5.097400, 5.109900, 5.136700, 
5.171200, 5.181600, 5.169500, 5.076800, 5.070600, 5.080800, 5.020000, 5.010200, 5.033300, 4.991300, 5.064600, 4.994900, 5.021400, 5.038300, 5.015200, 5.011100, 5.021400, 5.012600, 5.071100, 5.021400, 5.072000, 5.018300, 4.997900, 5.025900, 5.030000, 5.021100, 4.980900, 5.050500, 5.064600, 5.038500, 5.002900, 5.037100, 4.998300, 5.017200, 5.002400, 5.015100, 4.988500, 5.006000, 5.046100, 5.036000, 5.914400, 5.764900, 5.686700, 5.484200, 5.457700, 5.365000, 5.279100, 5.122400, 5.115600, 5.040300, 5.013700, 4.904500, 4.874500, 4.771600, 4.826300, 4.714700, 4.694600, 4.669500, 4.593600, 4.599000, 6.080100, 5.965800, 5.847500, 5.697100, 5.623900, 5.436200, 5.344500, 5.243100, 5.096700, 5.092500, 4.987400, 4.925300, 4.827000, 4.792400, 4.721000, 4.639200, 4.543300, 4.555900, 4.421900, 4.422300, 4.845200, 4.796600, 4.876400, 4.891600, 4.927600, 4.978500, 4.947900, 4.976000, 4.990300, 4.962800, 4.998500, 5.046100, 5.073600, 5.083600, 5.102200, 5.146600, 5.094100, 5.136200, 5.166600, 5.217200, 4.971300, 4.968800, 4.952700, 4.982700, 4.985800, 4.971800, 4.956200, 4.972700, 5.038400, 5.020800, 5.033100, 5.024500, 5.049600, 5.086300, 5.058500, 5.088400, 5.129200, 5.023000, 5.051900, 5.092100, 4.054500, 4.204500, 4.292800, 4.360900, 4.478700, 4.613800, 4.709400, 4.797100, 4.856600, 4.965700, 5.025500, 5.108000, 5.211400, 5.314200, 5.437700, 5.490300, 5.590400, 5.660100, 5.739400, 5.838800, 4.974700, 4.983200, 4.962100, 5.001000, 4.977300, 4.982400, 4.996700, 4.989200, 4.994300, 4.999700, 5.032500, 4.990400, 5.050900, 5.041300, 5.039100, 5.035800, 5.052500, 5.075500, 5.093900, 5.096900, 
5.076000, 5.096700, 5.105400, 5.025200, 5.030400, 5.069500, 5.026400, 5.009900, 5.043100, 5.015100, 5.094700, 5.028600, 5.052400, 5.092500, 5.063800, 5.071100, 5.085400, 5.085700, 5.158600, 5.104900, 5.081500, 5.047000, 5.028400, 5.040700, 5.047400, 5.048700, 5.003800, 5.057800, 5.083200, 5.067700, 5.022000, 5.074000, 5.020900, 5.035300, 5.022400, 5.034400, 5.012000, 5.024000, 5.071700, 5.060500, 5.959800, 5.797800, 5.710500, 5.516800, 5.491800, 5.403400, 5.312000, 5.145000, 5.131700, 5.056300, 5.030700, 4.911600, 4.889400, 4.787900, 4.841800, 4.742400, 4.717100, 4.690200, 4.601800, 4.614000, 6.163200, 6.048000, 5.920600, 5.743900, 5.676500, 5.491100, 5.375700, 5.280500, 5.134600, 5.121300, 4.995000, 4.935600, 4.841500, 4.790600, 4.715400, 4.656700, 4.549100, 4.541600, 4.413200, 4.415200, 4.842200, 4.805400, 4.868900, 4.901400, 4.935900, 4.994200, 4.956300, 4.997000, 4.999700, 4.985600, 5.023800, 5.077900, 5.099800, 5.119600, 5.128200, 5.182400, 5.141400, 5.176700, 5.199900, 5.248200, 4.955500, 4.948100, 4.952200, 4.986300, 5.007600, 4.979900, 4.973100, 4.976200, 5.064500, 5.039800, 5.056200, 5.054000, 5.079600, 5.115600, 5.095100, 5.125400, 5.170300, 5.068200, 5.094300, 5.136400, 4.077600, 4.227700, 4.320900, 4.382300, 4.508300, 4.658300, 4.734800, 4.821000, 4.876600, 4.981700, 5.064500, 5.126800, 5.231800, 5.329600, 5.445800, 5.498900, 5.613900, 5.681800, 5.762500, 5.848300, 5.034000, 5.025000, 4.981000, 5.015300, 4.985400, 5.006600, 5.019700, 5.009600, 5.018500, 5.031700, 5.053400, 5.008300, 5.078600, 5.058900, 5.059000, 5.057700, 5.079900, 5.107300, 5.117300, 5.144500, 
5.031100, 5.064200, 5.101700, 5.010200, 5.041300, 5.089800, 5.050600, 5.057200, 5.099100, 5.063100, 5.160400, 5.098500, 5.129400, 5.168700, 5.144000, 5.139800, 5.160400, 5.155600, 5.244400, 5.176500, 5.122300, 5.106600, 5.082500, 5.094000, 5.102800, 5.116500, 5.066500, 5.120600, 5.158400, 5.137100, 5.070200, 5.141300, 5.074800, 5.090500, 5.086500, 5.088000, 5.074800, 5.076800, 5.142400, 5.113200, 6.030500, 5.865900, 5.767800, 5.585500, 5.576800, 5.470800, 5.375100, 5.203400, 5.206100, 5.118500, 5.085700, 4.976600, 4.930600, 4.841600, 4.885800, 4.788700, 4.773100, 4.736100, 4.645900, 4.667200, 6.307000, 6.186100, 6.019800, 5.855600, 5.771800, 5.588400, 5.453300, 5.341500, 5.192900, 5.177700, 5.051300, 4.982600, 4.875300, 4.824200, 4.743100, 4.686400, 4.575800, 4.556700, 4.444100, 4.430600, 4.869900, 4.831500, 4.899300, 4.945400, 4.974600, 5.048800, 4.992100, 5.044600, 5.053800, 5.061700, 5.073100, 5.129600, 5.164700, 5.188300, 5.210100, 5.267000, 5.221700, 5.280500, 5.285500, 5.338500, 4.976000, 4.987400, 4.978900, 5.030900, 5.036500, 5.022100, 5.009500, 5.034000, 5.124900, 5.074800, 5.114700, 5.114500, 5.138100, 5.184800, 5.163200, 5.185100, 5.226300, 5.154300, 5.160700, 5.202500, 4.127000, 4.292600, 4.372000, 4.434800, 4.551700, 4.713300, 4.788900, 4.877800, 4.941800, 5.038300, 5.113700, 5.188100, 5.286900, 5.384200, 5.502100, 5.558400, 5.671600, 5.736200, 5.807800, 5.906600, 5.082400, 5.089100, 5.036600, 5.067800, 5.054000, 5.083800, 5.084300, 5.068900, 5.079900, 5.096000, 5.110600, 5.074300, 5.138400, 5.106600, 5.105800, 5.115800, 5.144600, 5.160200, 5.174700, 5.198500, 
5.025600, 5.078000, 5.116600, 5.037800, 5.078900, 5.137400, 5.110200, 5.133600, 5.170200, 5.134600, 5.228700, 5.159500, 5.207700, 5.236700, 5.210700, 5.213000, 5.227900, 5.220200, 5.299300, 5.231100, 5.196400, 5.163500, 5.154800, 5.166200, 5.166500, 5.169900, 5.150000, 5.184000, 5.227700, 5.217500, 5.155600, 5.215200, 5.154700, 5.171000, 5.155500, 5.168700, 5.159100, 5.159700, 5.214700, 5.187900, 6.125500, 5.954300, 5.855200, 5.674200, 5.661100, 5.551400, 5.439200, 5.285900, 5.294100, 5.188200, 5.163600, 5.062400, 4.996600, 4.892700, 4.948900, 4.853500, 4.845700, 4.816300, 4.710000, 4.740200, 6.478000, 6.364300, 6.170800, 6.004700, 5.888600, 5.690300, 5.573100, 5.440500, 5.272300, 5.255700, 5.116100, 5.029900, 4.896900, 4.869400, 4.774400, 4.717500, 4.601200, 4.582200, 4.475700, 4.452400, 4.906400, 4.874800, 4.956100, 5.000200, 5.029300, 5.094800, 5.056800, 5.100800, 5.124600, 5.131600, 5.139400, 5.188500, 5.258300, 5.270600, 5.305500, 5.351700, 5.288600, 5.365600, 5.367800, 5.440300, 5.044000, 5.055500, 5.048900, 5.080900, 5.092700, 5.097500, 5.090600, 5.109200, 5.187900, 5.145900, 5.199000, 5.187300, 5.200900, 5.239600, 5.229100, 5.251900, 5.304200, 5.242900, 5.249100, 5.261900, 4.190200, 4.345500, 4.429700, 4.516500, 4.639700, 4.773300, 4.844600, 4.954700, 5.020700, 5.121000, 5.175200, 5.265600, 5.369300, 5.468800, 5.577900, 5.630700, 5.758100, 5.823000, 5.876400, 5.968800, 5.135000, 5.148800, 5.099100, 5.128900, 5.117200, 5.145200, 5.139800, 5.153500, 5.145700, 5.167400, 5.174900, 5.145300, 5.202300, 5.184000, 5.181500, 5.197300, 5.212700, 5.224600, 5.252400, 5.259800, 
5.053600, 5.127000, 5.181100, 5.098400, 5.143800, 5.208600, 5.176500, 5.197700, 5.218700, 5.205500, 5.290500, 5.229900, 5.235900, 5.272600, 5.237800, 5.237500, 5.257100, 5.233900, 5.290500, 5.234100, 5.252400, 5.237700, 5.224900, 5.236400, 5.233800, 5.223500, 5.210900, 5.245800, 5.281400, 5.261700, 5.233200, 5.269400, 5.227100, 5.253800, 5.209800, 5.240100, 5.200500, 5.225000, 5.268700, 5.237500, 6.210300, 6.018100, 5.951200, 5.750000, 5.720300, 5.633600, 5.512700, 5.349000, 5.349500, 5.249200, 5.232300, 5.116800, 5.043100, 4.947900, 5.018000, 4.904900, 4.899800, 4.873000, 4.766400, 4.798100, 6.674700, 6.529300, 6.311000, 6.139600, 6.022300, 5.793100, 5.677300, 5.508700, 5.346700, 5.330100, 5.186000, 5.083100, 4.941100, 4.904600, 4.809900, 4.747600, 4.632700, 4.610200, 4.489400, 4.463000, 4.944200, 4.910800, 5.001100, 5.056900, 5.084100, 5.160600, 5.108200, 5.153200, 5.171900, 5.189400, 5.196600, 5.262100, 5.347400, 5.335600, 5.392000, 5.434400, 5.371100, 5.428700, 5.470100, 5.525300, 5.107700, 5.131300, 5.120700, 5.150700, 5.174800, 5.165000, 5.165900, 5.171800, 5.240500, 5.207600, 5.270000, 5.259900, 5.274500, 5.306000, 5.284700, 5.289600, 5.373800, 5.273100, 5.291600, 5.314300, 4.258300, 4.400500, 4.501300, 4.569000, 4.709500, 4.828500, 4.902000, 5.013400, 5.096200, 5.187700, 5.227500, 5.311500, 5.426200, 5.553200, 5.654000, 5.705200, 5.817200, 5.886900, 5.943200, 6.032400, 5.183400, 5.202100, 5.152500, 5.200000, 5.195300, 5.204100, 5.205200, 5.218200, 5.202700, 5.224500, 5.250800, 5.202000, 5.254000, 5.258600, 5.232100, 5.266100, 5.282200, 5.278600, 5.324600, 5.322200, 
5.105300, 5.188600, 5.222500, 5.142800, 5.221300, 5.281300, 5.232300, 5.263500, 5.267300, 5.215600, 5.319200, 5.258100, 5.249000, 5.286700, 5.233700, 5.233200, 5.249800, 5.201700, 5.262500, 5.186100, 5.279100, 5.272800, 5.264500, 5.280800, 5.261500, 5.247600, 5.239200, 5.275600, 5.323800, 5.284700, 5.276100, 5.314600, 5.271200, 5.285900, 5.239400, 5.264000, 5.233500, 5.258200, 5.290200, 5.264200, 6.248900, 6.040700, 5.988600, 5.785400, 5.759400, 5.640800, 5.542600, 5.393100, 5.386300, 5.286400, 5.265600, 5.131500, 5.065000, 4.994100, 5.041700, 4.930900, 4.933600, 4.890000, 4.788000, 4.833300, 6.844500, 6.647200, 6.448200, 6.241500, 6.125300, 5.887200, 5.750900, 5.567800, 5.392100, 5.374100, 5.224600, 5.116500, 4.962200, 4.895300, 4.805800, 4.745800, 4.624500, 4.603600, 4.470200, 4.449300, 4.980700, 4.932500, 5.020600, 5.087900, 5.120400, 5.195400, 5.136400, 5.184800, 5.216800, 5.205700, 5.234600, 5.308400, 5.366700, 5.379800, 5.437000, 5.473800, 5.409600, 5.473000, 5.527300, 5.568700, 5.158600, 5.182300, 5.173200, 5.207800, 5.212700, 5.213400, 5.222800, 5.206100, 5.281600, 5.245700, 5.305600, 5.306600, 5.303900, 5.332700, 5.312200, 5.310600, 5.396900, 5.309900, 5.312100, 5.326500, 4.302300, 4.435100, 4.528800, 4.608600, 4.755200, 4.840300, 4.922100, 5.052900, 5.130000, 5.232400, 5.278200, 5.351100, 5.451400, 5.583200, 5.678900, 5.723500, 5.850200, 5.915500, 5.963200, 6.052600, 5.232000, 5.254000, 5.207000, 5.266100, 5.269000, 5.278200, 5.229000, 5.249800, 5.224200, 5.257500, 5.289500, 5.239300, 5.282700, 5.287600, 5.256700, 5.282300, 5.316100, 5.314900, 5.352400, 5.363300, 
5.164700, 5.247400, 5.277600, 5.198100, 5.243900, 5.329600, 5.269200, 5.289800, 5.289400, 5.227300, 5.301500, 5.245900, 5.226300, 5.258200, 5.206700, 5.189900, 5.191900, 5.131000, 5.200100, 5.119200, 5.287900, 5.264500, 5.261400, 5.279400, 5.251600, 5.266600, 5.244300, 5.269600, 5.315300, 5.294700, 5.269100, 5.307500, 5.258700, 5.283600, 5.258100, 5.265300, 5.229900, 5.257700, 5.306100, 5.253500, 6.220800, 6.036000, 5.965100, 5.767900, 5.752400, 5.632300, 5.541800, 5.389500, 5.382900, 5.292300, 5.270300, 5.134600, 5.054300, 5.013200, 5.036800, 4.945000, 4.922100, 4.877600, 4.798400, 4.829100, 6.934200, 6.717800, 6.522300, 6.299700, 6.180800, 5.920100, 5.772800, 5.582600, 5.411100, 5.383900, 5.208100, 5.104500, 4.954500, 4.880500, 4.790600, 4.707000, 4.591800, 4.557100, 4.435200, 4.414700, 4.980400, 4.940100, 5.009600, 5.077200, 5.137400, 5.195900, 5.143300, 5.193300, 5.222300, 5.201100, 5.255600, 5.302000, 5.351000, 5.381800, 5.438600, 5.462200, 5.417400, 5.488100, 5.500500, 5.553500, 5.181900, 5.206100, 5.201500, 5.229900, 5.203400, 5.230500, 5.226900, 5.200300, 5.286400, 5.232500, 5.298600, 5.281900, 5.311100, 5.303700, 5.282300, 5.296000, 5.379100, 5.274500, 5.302100, 5.299300, 4.306300, 4.437200, 4.530600, 4.619200, 4.744800, 4.863500, 4.929500, 5.054000, 5.119200, 5.204300, 5.272600, 5.349000, 5.458600, 5.556100, 5.657800, 5.726000, 5.817500, 5.897800, 5.927100, 6.036100, 5.278700, 5.305300, 5.269000, 5.328700, 5.331700, 5.360500, 5.302800, 5.232500, 5.237300, 5.268800, 5.289800, 5.230000, 5.276500, 5.269700, 5.254000, 5.272800, 5.306900, 5.308300, 5.341900, 5.346500, 
5.203300, 5.279300, 5.314600, 5.216300, 5.254000, 5.327100, 5.277200, 5.283800, 5.276700, 5.197100, 5.252400, 5.197500, 5.175500, 5.192700, 5.140100, 5.118700, 5.126500, 5.048400, 5.097700, 5.022600, 5.240400, 5.236600, 5.212000, 5.250500, 5.216700, 5.224700, 5.207300, 5.239700, 5.293100, 5.251600, 5.230800, 5.257100, 5.218000, 5.256500, 5.241100, 5.206800, 5.201800, 5.223300, 5.277000, 5.203700, 6.172500, 5.994700, 5.914400, 5.712500, 5.712300, 5.591400, 5.507800, 5.350800, 5.342300, 5.252200, 5.235800, 5.108400, 5.029200, 4.957200, 5.006400, 4.922800, 4.884100, 4.830300, 4.769500, 4.809600, 6.966200, 6.757500, 6.558400, 6.299200, 6.172800, 5.924300, 5.756900, 5.567600, 5.375700, 5.345800, 5.175900, 5.060100, 4.913600, 4.830900, 4.729000, 4.673000, 4.522700, 4.495800, 4.351000, 4.341200, 4.957400, 4.936200, 4.992000, 5.045400, 5.123500, 5.162600, 5.106600, 5.147200, 5.192000, 5.166400, 5.219700, 5.266500, 5.300900, 5.327500, 5.383200, 5.391900, 5.354200, 5.441200, 5.443700, 5.502700, 5.174900, 5.175500, 5.185500, 5.214600, 5.171600, 5.224700, 5.187700, 5.174700, 5.253700, 5.200100, 5.271000, 5.236700, 5.265500, 5.246700, 5.246400, 5.237000, 5.336500, 5.216400, 5.241800, 5.249300, 4.291200, 4.417700, 4.499400, 4.600000, 4.712300, 4.835700, 4.903200, 5.020400, 5.082200, 5.178800, 5.261800, 5.306700, 5.434300, 5.506000, 5.602900, 5.674100, 5.774900, 5.840900, 5.883800, 5.979200, 5.323700, 5.358400, 5.325000, 5.392900, 5.406800, 5.429600, 5.379800, 5.294600, 5.217200, 5.227500, 5.242400, 5.196900, 5.246700, 5.237900, 5.201800, 5.241000, 5.253800, 5.275400, 5.321400, 5.316500, 
5.212000, 5.281600, 5.328700, 5.193800, 5.241500, 5.305900, 5.241300, 5.230000, 5.219200, 5.130000, 5.197000, 5.127900, 5.098500, 5.114200, 5.054200, 5.046800, 5.048200, 4.972200, 5.032800, 4.948900, 5.175100, 5.178400, 5.163500, 5.200500, 5.167900, 5.173300, 5.140500, 5.183400, 5.237700, 5.176300, 5.168700, 5.196900, 5.142000, 5.194800, 5.203200, 5.154400, 5.144900, 5.168800, 5.225900, 5.157200, 6.101700, 5.927800, 5.844200, 5.670800, 5.643100, 5.534400, 5.444200, 5.287300, 5.273800, 5.204700, 5.173200, 5.033500, 4.969000, 4.911400, 4.939800, 4.865200, 4.846500, 4.787000, 4.711400, 4.760000, 6.950200, 6.740700, 6.529600, 6.251300, 6.124200, 5.879300, 5.717100, 5.512200, 5.303600, 5.262500, 5.128200, 4.991000, 4.840800, 4.745900, 4.631400, 4.596600, 4.446900, 4.431800, 4.294000, 4.256600, 4.934500, 4.916900, 4.946200, 5.011600, 5.088400, 5.105700, 5.051500, 5.079100, 5.124900, 5.116800, 5.161000, 5.196400, 5.252900, 5.249300, 5.323700, 5.324900, 5.278400, 5.350900, 5.364200, 5.394000, 5.145500, 5.131300, 5.141200, 5.161600, 5.127300, 5.182700, 5.154400, 5.118600, 5.199000, 5.141300, 5.205200, 5.172000, 5.208600, 5.193900, 5.173600, 5.184800, 5.260900, 5.151600, 5.167600, 5.166100, 4.258500, 4.365300, 4.446200, 4.571600, 4.686400, 4.779200, 4.876600, 4.964500, 5.022800, 5.116400, 5.211000, 5.245100, 5.370800, 5.417900, 5.547400, 5.598100, 5.700300, 5.788400, 5.812800, 5.876400, 5.372700, 5.412500, 5.388500, 5.456200, 5.470900, 5.507300, 5.443000, 5.366700, 5.275100, 5.169500, 5.203000, 5.132700, 5.190400, 5.188100, 5.141600, 5.174200, 5.185600, 5.201200, 5.274500, 5.255800, 
5.237100, 5.299200, 5.335200, 5.204900, 5.258100, 5.300700, 5.249600, 5.213500, 5.194500, 5.129800, 5.174300, 5.119400, 5.071500, 5.085600, 5.040400, 5.010500, 5.024700, 4.963600, 4.994100, 4.929700, 5.154800, 5.161800, 5.164900, 5.170200, 5.148500, 5.165000, 5.114400, 5.166800, 5.224400, 5.168800, 5.155200, 5.183600, 5.144600, 5.190800, 5.178000, 5.144100, 5.130000, 5.159100, 5.200100, 5.155700, 6.064400, 5.909400, 5.831100, 5.645500, 5.631300, 5.524900, 5.430900, 5.284300, 5.257800, 5.181000, 5.166400, 5.035200, 4.956800, 4.915800, 4.934800, 4.854100, 4.829600, 4.770200, 4.699600, 4.750500, 6.983300, 6.774100, 6.542600, 6.256900, 6.131000, 5.871000, 5.726200, 5.513200, 5.300600, 5.258100, 5.122300, 4.968500, 4.824700, 4.729200, 4.604100, 4.579900, 4.433300, 4.404300, 4.280900, 4.231500, 4.935300, 4.908200, 4.942400, 5.004100, 5.080300, 5.113400, 5.045100, 5.072800, 5.111900, 5.107000, 5.154100, 5.170100, 5.244500, 5.223800, 5.297400, 5.288700, 5.257400, 5.318600, 5.343800, 5.355400, 5.146000, 5.110400, 5.129600, 5.164300, 5.108700, 5.176300, 5.146000, 5.091600, 5.172000, 5.129300, 5.199700, 5.149700, 5.186700, 5.184700, 5.145600, 5.156100, 5.229800, 5.136900, 5.158000, 5.142400, 4.255800, 4.373900, 4.447100, 4.568400, 4.679800, 4.781800, 4.879200, 4.956900, 5.000800, 5.103600, 5.194300, 5.225300, 5.354000, 5.415300, 5.534700, 5.587600, 5.678900, 5.765100, 5.800200, 5.834800, 5.417500, 5.466800, 5.443000, 5.516000, 5.538700, 5.569800, 5.517500, 5.432600, 5.345800, 5.218000, 5.125200, 5.057000, 5.101700, 5.128400, 5.073300, 5.087900, 5.110600, 5.126500, 5.191400, 5.199200, 
5.289900, 5.358900, 5.388500, 5.252800, 5.314800, 5.362200, 5.300100, 5.274500, 5.248900, 5.190400, 5.231900, 5.180900, 5.126700, 5.152100, 5.096300, 5.074700, 5.090000, 5.013500, 5.062900, 4.990300, 5.187100, 5.195000, 5.206300, 5.215900, 5.192400, 5.211300, 5.167400, 5.217100, 5.276400, 5.223500, 5.208900, 5.242700, 5.201800, 5.249700, 5.244100, 5.210400, 5.196900, 5.232400, 5.272000, 5.229700, 6.134200, 5.977200, 5.892700, 5.710500, 5.695900, 5.586700, 5.487300, 5.343300, 5.310600, 5.236700, 5.221800, 5.085500, 5.003300, 4.966100, 4.987400, 4.902200, 4.873400, 4.811300, 4.741600, 4.794200, 7.073200, 6.852100, 6.622600, 6.331200, 6.201800, 5.937000, 5.788100, 5.568200, 5.353600, 5.319300, 5.172500, 5.020800, 4.875400, 4.771300, 4.648100, 4.627700, 4.474900, 4.446200, 4.321700, 4.268000, 4.982700, 4.952900, 4.988800, 5.045700, 5.131700, 5.165300, 5.092400, 5.123600, 5.160600, 5.159100, 5.206200, 5.225400, 5.298600, 5.280200, 5.354900, 5.349800, 5.319500, 5.388000, 5.404500, 5.422200, 5.197600, 5.176300, 5.183200, 5.221200, 5.165900, 5.234700, 5.198600, 5.146300, 5.236900, 5.184300, 5.253500, 5.212600, 5.249500, 5.245000, 5.201200, 5.221900, 5.294300, 5.196100, 5.211500, 5.193100, 4.300800, 4.419900, 4.491700, 4.617000, 4.731700, 4.834700, 4.931800, 5.010900, 5.056100, 5.159300, 5.251000, 5.278300, 5.411800, 5.470400, 5.592300, 5.646300, 5.736100, 5.823100, 5.860200, 5.897300, 5.465500, 5.519300, 5.500700, 5.582600, 5.605700, 5.642300, 5.587800, 5.498200, 5.406500, 5.282300, 5.164000, 4.988200, 5.025700, 5.063600, 4.999700, 5.025600, 5.049000, 5.045700, 5.127700, 5.126800, 
5.341500, 5.415800, 5.447900, 5.308400, 5.367300, 5.416200, 5.360500, 5.324900, 5.311300, 5.244000, 5.294700, 5.235700, 5.188500, 5.214100, 5.161900, 5.138200, 5.145800, 5.077300, 5.122400, 5.051800, 5.226600, 5.234700, 5.249100, 5.260400, 5.235700, 5.263600, 5.217400, 5.269100, 5.326500, 5.280500, 5.270400, 5.308400, 5.270000, 5.316000, 5.311300, 5.273300, 5.264900, 5.296900, 5.340700, 5.292800, 6.204300, 6.048200, 5.960500, 5.778300, 5.758100, 5.644500, 5.548600, 5.407000, 5.373300, 5.299500, 5.278700, 5.141200, 5.065600, 5.022700, 5.043000, 4.953400, 4.926500, 4.866800, 4.794100, 4.850200, 7.169300, 6.948400, 6.708200, 6.413200, 6.277200, 6.007100, 5.856900, 5.634600, 5.417100, 5.381600, 5.231300, 5.080500, 4.931900, 4.820400, 4.694300, 4.675200, 4.519800, 4.484700, 4.361400, 4.307500, 5.027800, 4.996200, 5.039100, 5.100300, 5.182200, 5.213500, 5.144900, 5.174700, 5.218100, 5.212300, 5.267700, 5.288200, 5.360400, 5.347800, 5.422000, 5.415300, 5.390200, 5.455200, 5.474600, 5.493300, 5.258800, 5.232900, 5.240500, 5.283000, 5.222400, 5.286900, 5.258400, 5.208400, 5.288400, 5.238100, 5.321000, 5.266400, 5.304100, 5.299700, 5.269700, 5.278000, 5.347600, 5.251200, 5.267000, 5.255700, 4.352300, 4.473200, 4.546300, 4.674300, 4.783800, 4.892200, 4.983800, 5.070000, 5.117700, 5.219400, 5.313600, 5.336100, 5.474100, 5.529100, 5.654400, 5.708500, 5.797200, 5.888500, 5.927600, 5.969900, 5.510500, 5.571200, 5.560400, 5.645700, 5.672100, 5.712600, 5.660300, 5.563400, 5.473800, 5.338300, 5.225200, 5.032800, 4.964800, 5.003300, 4.956400, 4.965900, 4.994800, 4.976100, 5.059600, 5.059300, 
5.394000, 5.464800, 5.499300, 5.364100, 5.431900, 5.469400, 5.419500, 5.390700, 5.369300, 5.299400, 5.347100, 5.299700, 5.239600, 5.274200, 5.220500, 5.199200, 5.211400, 5.131100, 5.180700, 5.113300, 5.267200, 5.278000, 5.292500, 5.302300, 5.281100, 5.314900, 5.267200, 5.327000, 5.386400, 5.339200, 5.327200, 5.364400, 5.328900, 5.377100, 5.375000, 5.350400, 5.337200, 5.361700, 5.408900, 5.356900, 6.276000, 6.117600, 6.033300, 5.851900, 5.823500, 5.710900, 5.618600, 5.470000, 5.439600, 5.359800, 5.335300, 5.194700, 5.119400, 5.076300, 5.091700, 5.000600, 4.975600, 4.909400, 4.837200, 4.893000, 7.267900, 7.040100, 6.797300, 6.497800, 6.355700, 6.079500, 5.927500, 5.706300, 5.479700, 5.443200, 5.292700, 5.139600, 4.986000, 4.873500, 4.746400, 4.716400, 4.566900, 4.526700, 4.408500, 4.349900, 5.071800, 5.041800, 5.090500, 5.151100, 5.234700, 5.263500, 5.196000, 5.223100, 5.278100, 5.268100, 5.325800, 5.354100, 5.422600, 5.412500, 5.483600, 5.479600, 5.453300, 5.524500, 5.543400, 5.566300, 5.320500, 5.286500, 5.300100, 5.342200, 5.271100, 5.347300, 5.321000, 5.260200, 5.343600, 5.296200, 5.377900, 5.323800, 5.365900, 5.362300, 5.320600, 5.327600, 5.404300, 5.309300, 5.325900, 5.308900, 4.401800, 4.525100, 4.599900, 4.728700, 4.840100, 4.949100, 5.032700, 5.121800, 5.181100, 5.277300, 5.373200, 5.393200, 5.532700, 5.591300, 5.716700, 5.771900, 5.864800, 5.954500, 5.991400, 6.035500, 5.554100, 5.624100, 5.622800, 5.712400, 5.735100, 5.776200, 5.726200, 5.631500, 5.532800, 5.405900, 5.280100, 5.092100, 5.023100, 4.956800, 4.910800, 4.924900, 4.936100, 4.921200, 5.005100, 4.993200, 
5.445500, 5.519500, 5.557800, 5.413000, 5.484300, 5.531400, 5.473700, 5.449100, 5.426200, 5.355900, 5.405800, 5.352800, 5.297800, 5.332300, 5.277100, 5.255700, 5.266300, 5.187900, 5.239600, 5.164400, 5.303500, 5.317800, 5.335800, 5.349100, 5.326300, 5.363900, 5.318400, 5.382300, 5.438000, 5.392600, 5.385300, 5.422300, 5.391500, 5.434500, 5.432500, 5.409100, 5.404600, 5.429000, 5.474900, 5.416900, 6.341300, 6.185200, 6.098100, 5.917300, 5.886100, 5.766700, 5.677000, 5.529100, 5.491200, 5.417100, 5.387100, 5.250500, 5.167300, 5.126600, 5.139200, 5.052000, 5.019000, 4.958900, 4.886900, 4.940800, 7.354400, 7.125200, 6.875800, 6.576600, 6.423200, 6.146200, 5.991200, 5.767400, 5.539300, 5.501400, 5.350200, 5.185500, 5.034100, 4.917400, 4.790700, 4.756300, 4.607100, 4.567700, 4.448700, 4.385400, 5.115200, 5.084100, 5.131700, 5.198600, 5.281100, 5.314500, 5.247300, 5.276200, 5.330500, 5.324700, 5.381700, 5.406300, 5.481000, 5.472300, 5.546200, 5.540400, 5.517000, 5.584600, 5.607800, 5.634200, 5.374800, 5.344200, 5.353300, 5.397600, 5.332600, 5.402400, 5.370500, 5.317400, 5.401700, 5.350600, 5.440700, 5.381900, 5.419500, 5.414900, 5.379300, 5.387300, 5.461200, 5.363000, 5.385700, 5.368800, 4.449800, 4.567900, 4.650400, 4.777000, 4.891100, 5.003200, 5.085800, 5.171100, 5.233800, 5.327500, 5.433600, 5.450900, 5.593200, 5.651000, 5.776300, 5.830500, 5.921500, 6.018500, 6.047600, 6.095100, 6.782300, 5.679000, 5.680500, 5.775400, 5.798600, 5.835200, 5.793100, 5.689500, 5.595300, 5.461600, 5.335100, 5.142800, 5.071300, 5.010800, 4.876500, 4.900600, 4.893300, 4.892600, 4.975500, 4.963100, 
5.489700, 5.566300, 5.607600, 5.470800, 5.541800, 5.586600, 5.527700, 5.502800, 5.478400, 5.412600, 5.455000, 5.406600, 5.347100, 5.390200, 5.331300, 5.307400, 5.330600, 5.239900, 5.300200, 5.223800, 5.339900, 5.360300, 5.380200, 5.397200, 5.377000, 5.416100, 5.365400, 5.435000, 5.492800, 5.447500, 5.437800, 5.477300, 5.448900, 5.492300, 5.496200, 5.467300, 5.461800, 5.487700, 5.535900, 5.479600, 6.411400, 6.248600, 6.165300, 5.987200, 5.949000, 5.828000, 5.743300, 5.590500, 5.548600, 5.470400, 5.440900, 5.304400, 5.217100, 5.175100, 5.188300, 5.099300, 5.067700, 4.998800, 4.929500, 4.977800, 7.448100, 7.213100, 6.956600, 6.654300, 6.502100, 6.215800, 6.060700, 5.825600, 5.602600, 5.562500, 5.405600, 5.238200, 5.081800, 4.965900, 4.836200, 4.800200, 4.648100, 4.611100, 4.493400, 4.423900, 5.159000, 5.130500, 5.176100, 5.249600, 5.332000, 5.366400, 5.297000, 5.331700, 5.389500, 5.376800, 5.436600, 5.462100, 5.544000, 5.530600, 5.614300, 5.604500, 5.582400, 5.653000, 5.677900, 5.702700, 5.432800, 5.398400, 5.406200, 5.451600, 5.383000, 5.456900, 5.427400, 5.368500, 5.457700, 5.405700, 5.492300, 5.435500, 5.477800, 5.472300, 5.428000, 5.437700, 5.517000, 5.421400, 5.440600, 5.421100, 4.498700, 4.613200, 4.696700, 4.828900, 4.939500, 5.054200, 5.138100, 5.225100, 5.287000, 5.381100, 5.489400, 5.513300, 5.651900, 5.712000, 5.837700, 5.894600, 5.983800, 6.081600, 6.109100, 6.160100, 9.487900, 6.929200, 5.736700, 5.841900, 5.859400, 5.907300, 5.856900, 5.755900, 5.655400, 5.517400, 5.387200, 5.191100, 5.118200, 5.061900, 4.927600, 4.882900, 4.874800, 4.866700, 4.947000, 4.949700, 
5.540300, 5.618300, 5.656500, 5.519300, 5.593400, 5.637400, 5.572200, 5.554200, 5.531400, 5.462500, 5.510600, 5.458500, 5.405300, 5.443400, 5.383200, 5.359500, 5.378200, 5.293500, 5.350000, 5.273100, 5.379500, 5.403900, 5.425000, 5.443100, 5.426800, 5.469000, 5.414400, 5.490200, 5.543500, 5.502500, 5.497800, 5.535500, 5.503800, 5.547700, 5.555200, 5.526600, 5.515800, 5.540500, 5.591600, 5.540000, 6.484100, 6.317600, 6.232500, 6.051600, 6.010100, 5.884700, 5.792900, 5.646500, 5.598800, 5.518900, 5.492000, 5.353800, 5.260900, 5.221500, 5.237100, 5.139700, 5.111100, 5.040900, 4.976000, 5.020900, 7.537000, 7.299600, 7.029700, 6.722500, 6.568700, 6.278300, 6.121000, 5.884800, 5.659000, 5.610200, 5.457300, 5.282600, 5.130500, 5.007300, 4.876500, 4.840100, 4.685900, 4.648000, 4.524000, 4.456500, 5.199000, 5.170300, 5.220100, 5.293300, 5.378600, 5.410400, 5.340400, 5.376200, 5.440000, 5.428100, 5.488600, 5.516200, 5.599900, 5.588000, 5.676500, 5.663700, 5.636800, 5.710600, 5.734900, 5.766300, 5.480900, 5.455100, 5.455200, 5.502000, 5.437900, 5.509700, 5.480900, 5.424400, 5.517300, 5.455700, 5.536200, 5.488700, 5.525200, 5.522100, 5.479900, 5.491400, 5.572000, 5.469800, 5.492300, 5.475800, 4.542100, 4.650600, 4.740400, 4.873600, 4.984000, 5.101300, 5.183400, 5.276300, 5.331700, 5.433400, 5.538100, 5.560900, 5.703500, 5.764700, 5.885800, 5.948700, 6.040100, 6.141600, 6.169100, 6.218600, 10.300500, 9.719000, 7.005700, 5.905000, 5.927100, 5.976100, 5.917600, 5.810000, 5.713300, 5.570400, 5.438800, 5.238600, 5.172500, 5.108900, 4.977300, 4.940200, 4.861400, 4.866800, 4.946500, 4.948700, 
5.588500, 5.664300, 5.705500, 5.570100, 5.644900, 5.688000, 5.628900, 5.601900, 5.581700, 5.513700, 5.561500, 5.511300, 5.455000, 5.498600, 5.436900, 5.408900, 5.430900, 5.343200, 5.402300, 5.321600, 5.415900, 5.448000, 5.466500, 5.486500, 5.471400, 5.511300, 5.462400, 5.540800, 5.588600, 5.557900, 5.548300, 5.591500, 5.560200, 5.607300, 5.601900, 5.577800, 5.567400, 5.593800, 5.644500, 5.594800, 6.550300, 6.381100, 6.294400, 6.115500, 6.068100, 5.948700, 5.852900, 5.701100, 5.649900, 5.572500, 5.542800, 5.403700, 5.309200, 5.270600, 5.284100, 5.174300, 5.151800, 5.079600, 5.012900, 5.057700, 7.626600, 7.378600, 7.108400, 6.798000, 6.638100, 6.341500, 6.183800, 5.942900, 5.718100, 5.664300, 5.504800, 5.329400, 5.174800, 5.052200, 4.917800, 4.885500, 4.722600, 4.680700, 4.557500, 4.493700, 5.239600, 5.212200, 5.262500, 5.336700, 5.421100, 5.451900, 5.391800, 5.422700, 5.491500, 5.477000, 5.537300, 5.573700, 5.657900, 5.648700, 5.736600, 5.718100, 5.700600, 5.770700, 5.795700, 5.837500, 5.535300, 5.504700, 5.504500, 5.555400, 5.485600, 5.559000, 5.531100, 5.473300, 5.566900, 5.509000, 5.589900, 5.533300, 5.576800, 5.572500, 5.530700, 5.540300, 5.618200, 5.522400, 5.543100, 5.525700, 4.586400, 4.693500, 4.781600, 4.920800, 5.033200, 5.149900, 5.232400, 5.333700, 5.381500, 5.483500, 5.591000, 5.619600, 5.756200, 5.823600, 5.942500, 6.001600, 6.102000, 6.198600, 6.231900, 6.273000, 10.914600, 10.597900, 9.829600, 7.194500, 5.987500, 6.046200, 5.982000, 5.872600, 5.761100, 5.620400, 5.486000, 5.285400, 5.216700, 5.157800, 5.025100, 4.994900, 4.919200, 4.865500, 4.943100, 4.938900, 
5.638100, 5.713300, 5.752900, 5.615000, 5.694200, 5.736900, 5.676400, 5.649700, 5.634300, 5.560000, 5.610200, 5.555600, 5.509800, 5.541400, 5.486000, 5.457600, 5.477600, 5.396800, 5.457200, 5.367900, 5.454600, 5.489000, 5.508800, 5.532800, 5.512800, 5.562100, 5.508000, 5.583200, 5.636700, 5.602400, 5.600100, 5.646200, 5.604600, 5.657400, 5.654400, 5.625500, 5.618800, 5.643100, 5.701000, 5.646800, 6.617300, 6.441500, 6.354700, 6.170000, 6.129600, 6.003000, 5.908400, 5.751100, 5.699800, 5.618700, 5.591900, 5.445900, 5.351000, 5.316000, 5.331300, 5.217500, 5.186000, 5.121800, 5.051600, 5.091600, 7.706300, 7.455000, 7.177100, 6.857900, 6.699500, 6.399400, 6.242600, 5.996700, 5.768100, 5.717800, 5.550900, 5.370400, 5.217500, 5.092900, 4.954300, 4.920400, 4.759600, 4.716700, 4.583800, 4.526200, 5.273900, 5.247700, 5.298700, 5.373100, 5.459000, 5.492300, 5.435300, 5.469100, 5.537700, 5.521200, 5.584000, 5.626300, 5.712000, 5.697000, 5.791900, 5.772400, 5.760900, 5.827000, 5.858100, 5.900900, 5.580300, 5.555800, 5.554900, 5.603600, 5.535600, 5.608000, 5.579400, 5.523600, 5.617300, 5.553900, 5.635500, 5.584700, 5.623100, 5.613700, 5.579900, 5.591400, 5.670000, 5.571100, 5.587600, 5.581100, 4.626600, 4.740000, 4.820700, 4.962300, 5.073300, 5.194700, 5.278200, 5.379000, 5.432300, 5.528800, 5.643000, 5.668000, 5.805700, 5.869800, 5.994800, 6.054700, 6.151400, 6.248400, 6.282900, 6.329900, 11.512900, 11.240000, 10.726900, 10.108100, 7.818700, 6.101800, 6.045600, 5.926100, 5.818800, 5.667000, 5.537400, 5.334100, 5.264400, 5.200500, 5.074600, 5.045900, 4.974500, 4.917900, 4.928700, 4.929400, 
5.685500, 5.757100, 5.803600, 5.664200, 5.742600, 5.778200, 5.720800, 5.695800, 5.679500, 5.610800, 5.660000, 5.605900, 5.555100, 5.589200, 5.533600, 5.502000, 5.526000, 5.442600, 5.504200, 5.415500, 5.489100, 5.527200, 5.551500, 5.574500, 5.560500, 5.607900, 5.553100, 5.629900, 5.682900, 5.655100, 5.642400, 5.695000, 5.651600, 5.698300, 5.704800, 5.671500, 5.664600, 5.695400, 5.754100, 5.698400, 6.678600, 6.500700, 6.414400, 6.229400, 6.188200, 6.056700, 5.962600, 5.807200, 5.745300, 5.671800, 5.638200, 5.489400, 5.396500, 5.361000, 5.373500, 5.260900, 5.227500, 5.156800, 5.085500, 5.128600, 7.786000, 7.537100, 7.251300, 6.922900, 6.768300, 6.459500, 6.301700, 6.052400, 5.820300, 5.766000, 5.597600, 5.413400, 5.264800, 5.135200, 4.996500, 4.955500, 4.790200, 4.751500, 4.614700, 4.560300, 5.312200, 5.281900, 5.339400, 5.413700, 5.500800, 5.534700, 5.478300, 5.516800, 5.582600, 5.569300, 5.633300, 5.677600, 5.766800, 5.756400, 5.853200, 5.832500, 5.818000, 5.891900, 5.924600, 5.969300, 5.627800, 5.598100, 5.602800, 5.653000, 5.577200, 5.661800, 5.627100, 5.564900, 5.664500, 5.599500, 5.683400, 5.632000, 5.672600, 5.663300, 5.623700, 5.635600, 5.715600, 5.623000, 5.634400, 5.624900, 4.668900, 4.782000, 4.864300, 5.006500, 5.114700, 5.240600, 5.322900, 5.425600, 5.477000, 5.575500, 5.688900, 5.716900, 5.851500, 5.922400, 6.046400, 6.110000, 6.202600, 6.302700, 6.339200, 6.382800, 12.111000, 11.843100, 11.367000, 10.987300, 10.282000, 7.944600, 6.100300, 5.982100, 5.864500, 5.712600, 5.582700, 5.376800, 5.305300, 5.251400, 5.124600, 5.093600, 5.022500, 4.966800, 4.983700, 4.907200, 
5.736400, 5.805400, 5.846400, 5.706500, 5.787900, 5.821900, 5.766000, 5.742900, 5.723600, 5.657000, 5.705200, 5.652600, 5.608000, 5.633400, 5.583300, 5.547500, 5.566700, 5.495100, 5.549400, 5.464000, 5.525800, 5.565500, 5.593300, 5.614200, 5.603400, 5.652100, 5.599100, 5.672900, 5.730400, 5.699300, 5.689600, 5.735000, 5.698200, 5.749000, 5.753000, 5.720400, 5.704800, 5.738500, 5.804100, 5.738800, 6.743800, 6.564800, 6.473900, 6.281800, 6.242000, 6.107400, 6.010700, 5.853700, 5.791600, 5.716100, 5.678100, 5.534100, 5.441500, 5.399100, 5.410900, 5.302200, 5.262200, 5.194200, 5.124100, 5.166500, 7.865900, 7.612400, 7.318100, 6.988300, 6.830700, 6.515000, 6.357000, 6.103600, 5.868000, 5.809600, 5.634900, 5.450000, 5.306800, 5.167100, 5.034600, 4.989500, 4.817500, 4.784900, 4.641700, 4.590200, 5.341900, 5.315800, 5.371200, 5.452200, 5.534200, 5.573600, 5.518700, 5.557000, 5.629200, 5.608900, 5.676600, 5.729600, 5.817600, 5.805300, 5.909300, 5.883000, 5.869200, 5.945800, 5.978000, 6.027700, 5.669200, 5.637200, 5.650900, 5.699500, 5.622200, 5.702400, 5.672500, 5.610800, 5.705200, 5.645300, 5.733800, 5.679100, 5.719700, 5.709200, 5.672800, 5.682700, 5.759900, 5.669600, 5.686000, 5.671000, 4.707000, 4.816600, 4.907900, 5.042800, 5.156000, 5.281200, 5.364300, 5.467400, 5.517700, 5.618200, 5.737500, 5.761500, 5.897600, 5.970300, 6.097200, 6.158900, 6.252400, 6.354900, 6.384000, 6.429700, 12.677400, 12.415900, 11.942900, 11.596200, 11.101900, 10.404000, 7.926100, 6.033000, 5.913300, 5.756300, 5.631200, 5.417500, 5.343900, 5.296400, 5.178600, 5.138100, 5.075300, 5.018400, 5.035800, 4.965700, 
5.778900, 5.848300, 5.893900, 5.753500, 5.830100, 5.862500, 5.815700, 5.788500, 5.763600, 5.708300, 5.752600, 5.702700, 5.650900, 5.682700, 5.625000, 5.590500, 5.615300, 5.909200, 7.409500, 8.398600, 5.564300, 5.609500, 5.627100, 5.658600, 5.641800, 5.703500, 5.636400, 5.718100, 5.772500, 5.750900, 5.729900, 5.779200, 5.739700, 5.795300, 5.801400, 5.766000, 5.752800, 7.255000, 8.974200, 9.568700, 6.804900, 6.622600, 6.535100, 6.339200, 6.298100, 6.160000, 6.066000, 5.902600, 5.837900, 5.760600, 5.722900, 5.577900, 5.485200, 5.436500, 5.448600, 5.339800, 5.294000, 5.227600, 5.158700, 5.195300, 7.948500, 7.691000, 7.388800, 7.056000, 6.892900, 6.572800, 6.409900, 6.152900, 5.916000, 5.858200, 5.676200, 5.491000, 5.349200, 5.202700, 5.076100, 5.026800, 4.852000, 4.818800, 4.670000, 4.621300, 5.373800, 5.346700, 5.409100, 5.486100, 5.570400, 5.612100, 5.560900, 5.600400, 5.672000, 5.654600, 5.723600, 5.779800, 5.861200, 5.860900, 5.963900, 5.939200, 5.922300, 6.002200, 6.034100, 6.085200, 5.718600, 5.680300, 5.695100, 5.741600, 5.662800, 5.747000, 5.719500, 5.650900, 5.749300, 5.689900, 5.779800, 5.726300, 5.764400, 5.756000, 5.723200, 5.730700, 5.811300, 5.710800, 5.727600, 5.712900, 4.746600, 4.856500, 4.947600, 5.085800, 5.196400, 5.325300, 5.404800, 5.508100, 5.565100, 5.657700, 5.781300, 5.807800, 5.944100, 6.013800, 6.147200, 6.208800, 6.303700, 6.406500, 6.444100, 6.482400, 13.229100, 12.948100, 12.473900, 12.139200, 11.671200, 11.205600, 10.380400, 7.882500, 5.963100, 5.807700, 5.671500, 5.462700, 5.382200, 5.344900, 5.221800, 5.188400, 5.128600, 5.067500, 5.083400, 5.021600, 
5.820900, 5.888800, 5.940600, 5.793700, 5.877000, 5.905400, 5.859300, 5.835800, 5.807200, 5.748000, 5.795200, 5.744000, 5.695200, 5.816300, 7.185200, 8.391600, 9.142400, 9.428800, 9.687500, 9.837500, 5.597900, 5.648000, 5.668900, 5.698900, 5.681200, 5.744900, 5.676300, 5.758300, 5.820900, 5.792900, 5.770400, 5.820500, 5.786400, 6.157200, 8.230000, 9.291000, 9.779500, 10.049000, 10.272900, 10.361300, 6.860600, 6.677100, 6.584200, 6.390600, 6.348100, 6.207900, 6.108300, 5.947200, 5.881800, 5.802400, 5.762000, 5.620700, 5.523400, 5.477200, 5.483900, 5.377400, 5.333700, 5.264300, 5.193400, 5.234700, 8.021700, 7.764500, 7.450900, 7.114900, 6.947900, 6.628700, 6.464700, 6.197200, 5.964900, 5.902300, 5.718000, 5.528600, 5.383200, 5.239700, 5.111800, 5.061100, 4.886500, 4.847500, 4.692500, 4.645100, 5.404900, 5.377000, 5.441600, 5.518000, 5.601700, 5.648200, 5.601900, 5.636300, 5.715000, 5.693500, 5.763000, 5.826700, 5.904800, 5.909700, 6.013900, 5.985600, 5.975200, 6.056200, 6.091900, 6.138700, 5.762500, 5.719700, 5.737600, 5.781000, 5.705000, 5.786700, 5.760400, 5.694600, 5.791800, 5.732700, 5.821800, 5.775100, 5.809200, 5.798000, 5.770600, 5.776800, 5.863900, 6.035500, 6.736900, 7.489100, 4.782500, 4.890600, 4.978800, 5.121600, 5.237800, 5.361500, 5.437200, 5.547900, 5.604100, 5.699200, 5.822500, 5.849000, 5.990000, 6.056200, 6.184700, 6.253000, 6.351900, 6.451700, 6.486100, 6.526600, 13.720600, 13.457400, 12.953800, 12.633800, 12.167700, 11.743000, 11.136600, 10.297500, 7.789700, 5.847100, 5.717300, 5.501700, 5.423800, 5.378400, 5.272100, 5.235400, 5.176900, 5.117600, 5.137100, 5.074000, 
5.861400, 5.932100, 5.980400, 5.839800, 5.920400, 5.949100, 5.903200, 5.880700, 5.849400, 5.792200, 6.024500, 7.616500, 8.794800, 9.445100, 9.731500, 9.894800, 10.138500, 10.166300, 10.291300, 10.402500, 5.633300, 5.688900, 5.707900, 5.740200, 5.715200, 5.787400, 5.717200, 5.796500, 5.861000, 5.838900, 6.026600, 8.019400, 9.233900, 9.877800, 10.176800, 10.296500, 10.442500, 10.570500, 10.700500, 10.755300, 6.921100, 6.731700, 6.642200, 6.443500, 6.397600, 6.252500, 6.156100, 5.996600, 5.926000, 5.846800, 5.806700, 5.665200, 5.566300, 5.523800, 5.539900, 5.446400, 5.412800, 5.351500, 5.324200, 5.403000, 8.097900, 7.843800, 7.516900, 7.181700, 7.000000, 6.686900, 6.519800, 6.248600, 6.011400, 5.944100, 5.764400, 5.568100, 5.418600, 5.276100, 5.142800, 5.092600, 4.915800, 4.872900, 4.719700, 4.672100, 5.434000, 5.406800, 5.473200, 5.549600, 5.635900, 5.685700, 5.639100, 5.679700, 5.759200, 5.736500, 5.809300, 5.877000, 5.956000, 5.957800, 6.068400, 6.036700, 6.029200, 6.114800, 6.150300, 6.190300, 5.801500, 5.761900, 5.780900, 5.822700, 5.744100, 5.829000, 5.802800, 5.733100, 5.831400, 5.774800, 5.891800, 6.320100, 7.226700, 8.025200, 8.556400, 8.985600, 9.366300, 9.511600, 9.658800, 9.821400, 4.817900, 4.927700, 5.019900, 5.159200, 5.275900, 5.401200, 5.479700, 5.590600, 5.645900, 5.741700, 5.862600, 5.893200, 6.037900, 6.101300, 6.224500, 6.297600, 6.399900, 6.503100, 6.531700, 6.576600, 14.140400, 13.916100, 13.408700, 13.070100, 12.603100, 12.212000, 11.640900, 11.006600, 10.179900, 7.653900, 5.754500, 5.543500, 5.463300, 5.421400, 5.313500, 5.278600, 5.219800, 5.165900, 5.186900, 5.131000, 
5.902600, 5.977200, 6.018800, 5.880800, 5.960000, 5.987500, 5.939300, 5.924700, 7.303500, 8.761700, 9.494600, 9.850100, 10.095500, 10.279100, 10.379100, 10.451300, 10.664400, 10.651000, 10.774700, 10.876300, 5.668200, 5.724100, 5.746700, 5.784000, 5.755000, 5.825600, 5.753800, 5.835500, 6.984900, 8.750400, 9.546900, 10.055400, 10.277500, 10.549700, 10.696000, 10.729900, 10.837900, 10.937900, 11.069700, 11.096100, 7.989000, 8.046000, 8.221900, 8.297900, 8.543100, 8.627600, 8.789200, 8.881800, 9.044500, 9.139000, 9.304600, 9.293700, 9.372600, 9.468600, 9.620400, 9.656000, 9.709200, 9.722900, 9.763800, 9.903900, 12.531300, 12.082700, 11.654700, 11.189800, 10.921900, 10.467000, 10.215800, 9.839000, 9.496500, 9.402900, 9.110400, 8.868400, 8.677800, 8.454500, 8.218200, 8.167000, 7.908900, 7.838800, 7.624700, 7.565000, 8.638900, 8.626400, 8.701900, 8.804400, 8.943900, 9.015000, 8.947900, 9.034800, 9.137500, 9.108300, 9.197900, 9.318400, 9.403200, 9.411800, 9.561500, 9.535300, 9.511900, 9.615900, 9.695900, 9.796600, 5.842500, 5.802800, 5.821100, 5.859100, 5.779600, 5.994800, 6.812600, 7.716800, 8.548100, 8.988300, 9.422700, 9.649600, 9.875000, 10.000800, 10.099400, 10.194500, 10.374200, 10.368000, 10.419500, 10.493000, 7.692700, 7.894600, 8.054600, 8.203800, 8.364700, 8.553800, 8.707000, 8.877600, 8.968700, 9.116600, 9.292400, 9.337800, 9.556800, 9.702800, 9.827900, 9.951300, 10.095300, 10.227600, 10.333000, 10.390700, 14.490000, 14.294700, 13.822700, 13.496000, 13.025500, 12.624000, 12.067800, 11.481300, 10.869800, 9.972800, 7.532800, 5.581500, 5.502700, 5.459000, 5.361800, 5.326100, 5.262200, 5.212300, 5.236500, 5.180000, 
5.942400, 6.015400, 6.056500, 5.920500, 5.998500, 6.254600, 8.168000, 9.322100, 9.858400, 10.138000, 10.355600, 10.488900, 10.634100, 10.764100, 10.838200, 10.874200, 11.102800, 11.099200, 11.215400, 11.332100, 5.704400, 5.760100, 5.783400, 5.823700, 5.799700, 5.887500, 7.194900, 8.835500, 9.722400, 10.201000, 10.364800, 10.631800, 10.756100, 10.965700, 11.082600, 11.106500, 11.197700, 11.283100, 11.413400, 11.429900, 9.643600, 9.681000, 9.834500, 9.860000, 10.049500, 10.038200, 10.117000, 10.109300, 10.231500, 10.250100, 10.328600, 10.269700, 10.289200, 10.316800, 10.451100, 10.421800, 10.453000, 10.439900, 10.432700, 10.560500, 14.052700, 13.528400, 13.033000, 12.516600, 12.231900, 11.719400, 11.410500, 10.998800, 10.608400, 10.490400, 10.173900, 9.882600, 9.647600, 9.420000, 9.146800, 9.078500, 8.798900, 8.730100, 8.482900, 8.401400, 9.544200, 9.539300, 9.625200, 9.761800, 9.914400, 10.008900, 9.954900, 10.053700, 10.164000, 10.158700, 10.288500, 10.400800, 10.488300, 10.535700, 10.692200, 10.671200, 10.687400, 10.801000, 10.910600, 11.025500, 5.902300, 6.563700, 7.713800, 8.616800, 9.051600, 9.530400, 9.763000, 9.866900, 10.126200, 10.179600, 10.371900, 10.461000, 10.572000, 10.630800, 10.674900, 10.734500, 10.882900, 10.849800, 10.913800, 10.957600, 8.590300, 8.804700, 8.982600, 9.161300, 9.333100, 9.534000, 9.699400, 9.910500, 10.001700, 10.161400, 10.366100, 10.409300, 10.643000, 10.816400, 10.963500, 11.102400, 11.251800, 11.402500, 11.524000, 11.579400, 14.794100, 14.617400, 14.164600, 13.904600, 13.440600, 13.021700, 12.465600, 11.886600, 11.313800, 10.610500, 9.849800, 7.326500, 5.538700, 5.501600, 5.407000, 5.369200, 5.306900, 5.261900, 5.283600, 5.234600, 
5.979100, 6.055600, 6.094400, 6.256800, 8.443900, 9.591100, 10.088100, 10.373600, 10.561400, 10.677500, 10.823500, 10.921600, 11.060300, 11.178400, 11.269600, 11.327100, 11.551400, 11.548200, 11.663000, 11.793700, 5.738200, 5.794300, 5.818100, 5.867100, 6.997500, 8.672800, 9.517100, 10.103800, 10.510200, 10.761800, 10.818600, 11.037400, 11.154300, 11.327800, 11.452600, 11.466400, 11.556600, 11.643900, 11.743400, 11.772100, 10.476200, 10.459400, 10.567500, 10.575500, 10.692400, 10.647200, 10.704500, 10.656700, 10.767200, 10.765800, 10.819500, 10.731800, 10.739700, 10.759100, 10.889800, 10.841600, 10.874700, 10.854100, 10.821900, 10.946800, 14.901400, 14.314100, 13.769800, 13.195100, 12.901300, 12.349400, 11.999400, 11.551400, 11.156600, 11.013500, 10.667700, 10.347500, 10.084400, 9.842000, 9.548400, 9.462200, 9.175500, 9.099400, 8.840400, 8.748300, 9.902600, 9.921600, 10.018700, 10.156400, 10.337500, 10.442800, 10.399700, 10.519600, 10.636300, 10.642200, 10.805200, 10.932200, 11.014700, 11.084300, 11.249900, 11.259300, 11.275700, 11.423800, 11.552100, 11.687500, 9.425000, 9.659100, 9.928700, 10.172800, 10.163700, 10.393800, 10.488000, 10.499900, 10.678800, 10.706600, 10.855000, 10.939800, 11.018700, 11.071400, 11.111000, 11.165000, 11.314300, 11.273800, 11.338900, 11.393500, 8.997900, 9.236000, 9.413200, 9.602700, 9.783300, 9.996200, 10.167600, 10.381000, 10.485900, 10.645300, 10.864000, 10.909000, 11.159000, 11.328200, 11.490000, 11.644900, 11.794000, 11.956600, 12.086500, 12.144400, 15.043200, 14.879100, 14.472600, 14.234100, 13.828700, 13.440500, 12.852100, 12.283300, 11.711700, 11.050700, 10.492500, 9.598800, 7.736700, 5.541200, 5.450700, 5.412700, 5.352200, 5.309700, 5.331000, 5.278400, 
6.015800, 6.182000, 8.295300, 9.474400, 10.192300, 10.528500, 10.710800, 10.851800, 10.994500, 11.089800, 11.225100, 11.320700, 11.482400, 11.612900, 11.701700, 11.770400, 12.019300, 12.009300, 12.137500, 12.273500, 5.771700, 5.832800, 6.380900, 8.133500, 9.304900, 10.011700, 10.330100, 10.669600, 10.973300, 11.182300, 11.218300, 11.412000, 11.546900, 11.700400, 11.830100, 11.838200, 11.916000, 11.999500, 12.093900, 12.125400, 11.054900, 11.004100, 11.086800, 11.072400, 11.184700, 11.122800, 11.153000, 11.092800, 11.186900, 11.182000, 11.216100, 11.118700, 11.108200, 11.129800, 11.262000, 11.187700, 11.229300, 11.197100, 11.155600, 11.287700, 15.654000, 15.002000, 14.408100, 13.791900, 13.462800, 12.878900, 12.499200, 12.028300, 11.597500, 11.430000, 11.056000, 10.715300, 10.448000, 10.177400, 9.875900, 9.767300, 9.476800, 9.364500, 9.094100, 8.996100, 10.164000, 10.198700, 10.305500, 10.456700, 10.654400, 10.771000, 10.738200, 10.875600, 11.023600, 11.035100, 11.216600, 11.357600, 11.473000, 11.552000, 11.746200, 11.773600, 11.779100, 11.968700, 12.092500, 12.271900, 10.382200, 10.375000, 10.552800, 10.716000, 10.644700, 10.843300, 10.916600, 10.922900, 11.094000, 11.117500, 11.267100, 11.332800, 11.438700, 11.488400, 11.532700, 11.579100, 11.743300, 11.700100, 11.764500, 11.833600, 9.340100, 9.588200, 9.771900, 9.960400, 10.155200, 10.386600, 10.556300, 10.771300, 10.881000, 11.041600, 11.259700, 11.323300, 11.585100, 11.749400, 11.927100, 12.070000, 12.235900, 12.401400, 12.542500, 12.578000, 15.245300, 15.099000, 14.721400, 14.521800, 14.166400, 13.826000, 13.274600, 12.669900, 12.101000, 11.461800, 10.915900, 10.242600, 9.657100, 7.703200, 5.485500, 5.458100, 5.394500, 5.362500, 5.378200, 5.328900, 
7.424700, 9.327900, 10.170200, 10.404800, 10.796800, 11.000600, 11.114200, 11.232600, 11.386000, 11.483600, 11.620400, 11.726900, 11.896700, 12.046100, 12.136400, 12.217200, 12.477400, 12.481500, 12.620400, 12.775300, 5.866800, 7.172000, 8.663500, 9.698100, 10.254600, 10.645800, 10.818400, 11.088800, 11.395000, 11.578100, 11.606200, 11.794100, 11.927700, 12.079200, 12.206300, 12.221100, 12.293500, 12.370400, 12.474400, 12.508900, 11.580800, 11.526000, 11.557600, 11.541100, 11.628900, 11.560900, 11.587600, 11.494200, 11.597900, 11.590400, 11.617900, 11.507900, 11.470700, 11.496300, 11.628100, 11.540800, 11.578100, 11.564300, 11.495000, 11.620500, 16.400600, 15.708000, 15.043600, 14.409200, 14.051400, 13.413500, 12.990200, 12.499500, 12.033900, 11.833200, 11.453700, 11.064200, 10.779300, 10.507100, 10.182600, 10.052500, 9.746200, 9.616400, 9.340700, 9.226300, 10.405300, 10.461000, 10.581900, 10.750600, 10.959900, 11.086700, 11.066700, 11.229900, 11.396600, 11.410200, 11.620500, 11.781100, 11.938700, 12.014800, 12.238500, 12.265300, 12.299300, 12.515600, 12.680200, 12.884400, 10.829000, 10.808700, 10.957100, 11.096900, 11.031300, 11.212900, 11.284100, 11.305100, 11.490500, 11.512700, 11.680000, 11.736900, 11.848400, 11.899100, 11.939200, 11.994600, 12.185200, 12.139000, 12.206000, 12.285500, 9.676000, 9.932700, 10.121600, 10.317300, 10.521900, 10.761600, 10.943500, 11.158600, 11.274100, 11.425700, 11.650300, 11.748000, 11.988900, 12.161700, 12.365400, 12.498600, 12.665400, 12.838100, 12.979400, 13.021400, 15.417700, 15.290400, 14.939500, 14.771400, 14.454900, 14.171800, 13.685300, 13.100500, 12.503900, 11.844800, 11.308900, 10.665700, 10.256900, 9.615100, 7.657300, 5.499100, 5.438300, 5.403100, 5.426500, 5.374300, 
9.854300, 10.429900, 10.797600, 10.881100, 11.200800, 11.369800, 11.478500, 11.603200, 11.766400, 11.864800, 12.037700, 12.160200, 12.359800, 12.502700, 12.599100, 12.687400, 12.956500, 12.969800, 13.089400, 13.248000, 7.584800, 9.020400, 9.830800, 10.436400, 10.797300, 11.124600, 11.247400, 11.491300, 11.804200, 11.963800, 11.995700, 12.194200, 12.332900, 12.474900, 12.620500, 12.620100, 12.674300, 12.727300, 12.824300, 12.844500, 12.079400, 11.997900, 12.025200, 11.992800, 12.073600, 12.005300, 12.019700, 11.918800, 12.005800, 11.999800, 12.010300, 11.891900, 11.824300, 11.875100, 11.994800, 11.898800, 11.914600, 11.895400, 11.835100, 11.945000, 17.175000, 16.415300, 15.714500, 15.032800, 14.651400, 13.955200, 13.494500, 12.966100, 12.464700, 12.236700, 11.846800, 11.424600, 11.098000, 10.829400, 10.481100, 10.314500, 10.003900, 9.874600, 9.560400, 9.448100, 10.628200, 10.695600, 10.832000, 11.026800, 11.240400, 11.399000, 11.370700, 11.569600, 11.756300, 11.796400, 12.008100, 12.207100, 12.377400, 12.487000, 12.732000, 12.761200, 12.837200, 13.065800, 13.260700, 13.486900, 11.180200, 11.156200, 11.327500, 11.467100, 11.400700, 11.592700, 11.652200, 11.675400, 11.862700, 11.900000, 12.094200, 12.149300, 12.279000, 12.321600, 12.366300, 12.445000, 12.625200, 12.599100, 12.676500, 12.751000, 10.012900, 10.277500, 10.479000, 10.677300, 10.872900, 11.130500, 11.312300, 11.530000, 11.670400, 11.823300, 12.050300, 12.167100, 12.407700, 12.578600, 12.788800, 12.911400, 13.101600, 13.271600, 13.432000, 13.465900, 15.571000, 15.447300, 15.110700, 14.991400, 14.699500, 14.481000, 14.060600, 13.509100, 12.940100, 12.255200, 11.699100, 11.058600, 10.704600, 10.233400, 9.569500, 7.659900, 5.474000, 5.445700, 5.465900, 5.418800, 
10.589000, 10.913300, 11.173300, 11.244800, 11.554900, 11.721700, 11.830100, 11.982400, 12.160200, 12.276600, 12.464700, 12.613000, 12.809000, 12.961800, 13.057200, 13.113900, 13.379100, 13.409300, 13.474500, 13.633800, 9.097400, 9.968100, 10.491500, 10.954700, 11.255300, 11.538500, 11.668500, 11.888600, 12.228900, 12.391000, 12.418400, 12.621100, 12.756500, 12.875800, 12.993000, 12.953300, 13.003000, 13.041900, 13.120400, 13.120400, 12.587000, 12.493700, 12.505600, 12.472300, 12.538000, 12.461100, 12.472900, 12.361400, 12.450000, 12.416700, 12.414000, 12.286100, 12.217400, 12.281000, 12.378800, 12.274400, 12.278900, 12.259000, 12.178200, 12.300300, 18.009100, 17.187100, 16.420700, 15.701600, 15.255500, 14.543300, 14.041400, 13.474900, 12.918800, 12.668300, 12.253700, 11.788100, 11.454600, 11.154200, 10.804400, 10.606900, 10.287200, 10.139300, 9.799900, 9.671100, 10.863200, 10.936100, 11.079100, 11.297000, 11.551300, 11.715300, 11.709500, 11.931600, 12.153400, 12.202500, 12.429000, 12.656400, 12.848500, 12.982600, 13.239200, 13.304900, 13.407300, 13.680500, 13.899700, 14.155000, 11.531600, 11.497600, 11.683400, 11.832200, 11.748200, 11.969900, 12.029500, 12.068600, 12.278700, 12.312100, 12.514300, 12.575900, 12.709500, 12.756800, 12.820500, 12.902900, 13.082900, 13.050100, 13.130300, 13.206500, 10.363300, 10.634500, 10.848600, 11.041200, 11.265000, 11.512500, 11.704200, 11.941300, 12.082700, 12.227300, 12.472400, 12.595200, 12.849600, 13.018100, 13.227500, 13.362000, 13.560200, 13.735800, 13.901900, 13.930000, 15.703500, 15.588100, 15.264600, 15.173700, 14.913300, 14.733700, 14.364600, 13.879100, 13.372800, 12.691400, 12.103600, 11.457100, 11.114600, 10.668600, 10.174400, 9.595700, 7.682800, 5.484300, 5.508900, 5.457200, 
11.018800, 11.277600, 11.513700, 11.573700, 11.906400, 12.082900, 12.199200, 12.381100, 12.584000, 12.699600, 12.896800, 13.052900, 13.213200, 13.362900, 13.450100, 13.480500, 13.745900, 13.765600, 13.823100, 13.957900, 9.958200, 10.572400, 10.984600, 11.399100, 11.698500, 11.963500, 12.090800, 12.324100, 12.663900, 12.824600, 12.841600, 13.025200, 13.123500, 13.225300, 13.304200, 13.267900, 13.282400, 13.312000, 13.366600, 13.347200, 13.104100, 13.007900, 13.011200, 12.971500, 13.018500, 12.941800, 12.925400, 12.815500, 12.888900, 12.856000, 12.836300, 12.701700, 12.611700, 12.667700, 12.762600, 12.644800, 12.636600, 12.609700, 12.524300, 12.626900, 18.892700, 18.002700, 17.141700, 16.399300, 15.893600, 15.140800, 14.618200, 13.993600, 13.395200, 13.111100, 12.666600, 12.178500, 11.815400, 11.496300, 11.115600, 10.895000, 10.571000, 10.393600, 10.062200, 9.889500, 11.075700, 11.190700, 11.331700, 11.581600, 11.854800, 12.036500, 12.052400, 12.306900, 12.562600, 12.624900, 12.867900, 13.127200, 13.357100, 13.504200, 13.783800, 13.884200, 14.023600, 14.305800, 14.578400, 14.858500, 11.885300, 11.853700, 12.044200, 12.214200, 12.140100, 12.356200, 12.439400, 12.494900, 12.712000, 12.739000, 12.938400, 13.013600, 13.142600, 13.170200, 13.251700, 13.321100, 13.483800, 13.456300, 13.538000, 13.603500, 10.735200, 11.003900, 11.225700, 11.428800, 11.681300, 11.921900, 12.120900, 12.351100, 12.504700, 12.646900, 12.900100, 13.040600, 13.299500, 13.475100, 13.679600, 13.825100, 14.031100, 14.234400, 14.373700, 14.411300, 15.818100, 15.720100, 15.397300, 15.332500, 15.094000, 14.942100, 14.632000, 14.188100, 13.743500, 13.107000, 12.537200, 11.858500, 11.525300, 11.071000, 10.628800, 10.221100, 9.581400, 7.647200, 5.547000, 5.502400, 
11.340400, 11.589400, 11.827200, 11.905400, 12.253100, 12.468800, 12.587000, 12.784600, 12.993800, 13.097400, 13.279600, 13.409200, 13.574700, 13.709200, 13.788300, 13.800200, 14.050600, 14.059100, 14.105800, 14.231800, 10.544100, 11.051800, 11.428300, 11.840700, 12.136700, 12.395700, 12.526100, 12.764600, 13.121000, 13.203500, 13.229800, 13.368900, 13.449600, 13.526300, 13.573100, 13.532000, 13.509500, 13.532600, 13.567200, 13.527700, 13.654900, 13.539800, 13.531400, 13.495900, 13.503700, 13.404600, 13.381400, 13.256800, 13.310700, 13.250900, 13.237300, 13.084400, 12.969900, 13.010700, 13.094600, 12.972700, 12.955200, 12.917000, 12.824700, 12.891800, 19.672800, 18.720500, 17.824600, 17.047600, 16.482400, 15.679300, 15.144400, 14.471000, 13.837500, 13.518100, 13.036900, 12.523000, 12.138400, 11.800300, 11.388600, 11.157200, 10.820500, 10.638400, 10.284700, 10.098200, 11.281400, 11.411400, 11.560000, 11.848800, 12.123800, 12.330700, 12.354000, 12.643700, 12.917400, 13.003400, 13.259400, 13.559900, 13.795800, 13.982900, 14.267000, 14.417100, 14.598300, 14.875600, 15.181700, 15.468200, 12.255000, 12.229900, 12.420800, 12.617400, 12.523600, 12.764200, 12.858300, 12.901800, 13.108000, 13.122600, 13.329900, 13.394200, 13.521300, 13.539100, 13.606400, 13.666400, 13.829800, 13.805100, 13.862700, 13.939700, 11.068200, 11.349200, 11.569000, 11.770300, 12.026200, 12.279900, 12.504400, 12.721100, 12.899100, 13.022000, 13.304100, 13.449800, 13.709500, 13.892900, 14.088600, 14.251400, 14.450300, 14.668100, 14.824300, 14.850700, 15.934900, 15.839600, 15.526400, 15.463300, 15.252700, 15.133000, 14.852800, 14.456800, 14.063400, 13.465900, 12.958100, 12.269300, 11.909600, 11.458600, 11.028100, 10.663200, 10.186400, 9.582300, 7.725200, 5.542900, 
11.647900, 11.904100, 12.151000, 12.257200, 12.624800, 12.851300, 12.965900, 13.138700, 13.346600, 13.419800, 13.604000, 13.720700, 13.864900, 14.003900, 14.063100, 14.064900, 14.306300, 14.297800, 14.345500, 14.466900, 11.038900, 11.511400, 11.882800, 12.275400, 12.599900, 12.840300, 12.960200, 13.177500, 13.516800, 13.547400, 13.557100, 13.668100, 13.714800, 13.765300, 13.794900, 13.748700, 13.708000, 13.716400, 13.737300, 13.670900, 14.164700, 14.020600, 14.002800, 13.948800, 13.921100, 13.804500, 13.761500, 13.619600, 13.657600, 13.580000, 13.562100, 13.391600, 13.276000, 13.286200, 13.379500, 13.246500, 13.217700, 13.164400, 13.069500, 13.121700, 20.344700, 19.350800, 18.394300, 17.594800, 16.973600, 16.144000, 15.583700, 14.875200, 14.207400, 13.862200, 13.346800, 12.828800, 12.409800, 12.039500, 11.628400, 11.389400, 11.035500, 10.841900, 10.472900, 10.267200, 11.450300, 11.599200, 11.765600, 12.060300, 12.359700, 12.584100, 12.620400, 12.929700, 13.211300, 13.312600, 13.599400, 13.921600, 14.179100, 14.394700, 14.683200, 14.851800, 15.066600, 15.377100, 15.688700, 16.012900, 12.624200, 12.620200, 12.801800, 12.997600, 12.887700, 13.122200, 13.207800, 13.248100, 13.444600, 13.461500, 13.653500, 13.729500, 13.842300, 13.852200, 13.906000, 13.960300, 14.127000, 14.097600, 14.153300, 14.215000, 11.344100, 11.630800, 11.861800, 12.070400, 12.322700, 12.588100, 12.815900, 13.037500, 13.215600, 13.351900, 13.652000, 13.795600, 14.059100, 14.238500, 14.446400, 14.618100, 14.803500, 15.027000, 15.193300, 15.221000, 16.036000, 15.956400, 15.650700, 15.586500, 15.394200, 15.293100, 15.043100, 14.677900, 14.331500, 13.792900, 13.312800, 12.665100, 12.303000, 11.826600, 11.408900, 11.069800, 10.618500, 10.188500, 9.643000, 7.716500, 
11.948300, 12.227800, 12.487300, 12.617400, 12.981600, 13.191600, 13.291300, 13.454500, 13.639000, 13.716300, 13.883400, 13.974700, 14.115400, 14.233100, 14.293400, 14.285000, 14.518300, 14.510900, 14.551200, 14.658900, 11.506800, 11.960700, 12.337900, 12.742200, 13.052600, 13.266300, 13.348600, 13.514400, 13.844200, 13.822700, 13.840100, 13.902400, 13.926400, 13.973100, 13.982500, 13.916700, 13.865100, 13.860600, 13.874600, 13.812400, 14.618700, 14.440900, 14.400800, 14.330900, 14.275200, 14.145500, 14.086500, 13.921800, 13.952600, 13.856300, 13.841600, 13.661200, 13.521300, 13.522600, 13.602700, 13.465200, 13.437100, 13.367400, 13.282700, 13.311000, 20.900000, 19.891800, 18.900600, 18.042500, 17.393500, 16.541400, 15.941800, 15.182000, 14.523700, 14.155300, 13.618200, 13.078300, 12.637200, 12.251500, 11.822000, 11.571900, 11.207800, 11.009300, 10.631600, 10.407300, 11.593400, 11.750700, 11.928500, 12.247200, 12.570900, 12.788000, 12.840300, 13.167300, 13.460700, 13.580700, 13.885500, 14.234200, 14.496400, 14.727000, 15.050000, 15.216500, 15.466000, 15.781400, 16.109200, 16.474400, 12.959500, 12.939500, 13.122900, 13.308700, 13.197000, 13.421000, 13.486800, 13.547400, 13.730700, 13.734600, 13.929400, 14.003800, 14.100000, 14.105100, 14.158900, 14.216300, 14.372400, 14.342700, 14.396300, 14.449500, 11.580000, 11.859500, 12.110000, 12.313900, 12.579100, 12.853800, 13.076700, 13.310100, 13.494800, 13.623500, 13.937700, 14.084900, 14.342300, 14.527300, 14.744800, 14.933700, 15.122900, 15.335700, 15.490500, 15.540700, 16.131800, 16.066900, 15.753000, 15.697300, 15.519400, 15.428800, 15.208600, 14.867400, 14.560400, 14.062900, 13.610300, 12.993400, 12.675100, 12.234900, 11.774100, 11.423400, 11.000100, 10.601700, 10.250700, 9.600300, 
12.260400, 12.578800, 12.824500, 12.919500, 13.273200, 13.495100, 13.561800, 13.716900, 13.894300, 13.955200, 14.116600, 14.186900, 14.315800, 14.440300, 14.493500, 14.470100, 14.696200, 14.693900, 14.731600, 14.840600, 11.957900, 12.426600, 12.785200, 13.203700, 13.465800, 13.643500, 13.685300, 13.803700, 14.114200, 14.073500, 14.068400, 14.092500, 14.113600, 14.137100, 14.142100, 14.057300, 14.006900, 13.996800, 13.995500, 13.923400, 15.006100, 14.794200, 14.735800, 14.645300, 14.573500, 14.434600, 14.367600, 14.164700, 14.189000, 14.097000, 14.067100, 13.879400, 13.738700, 13.723600, 13.801700, 13.643000, 13.620500, 13.540700, 13.427400, 13.471200, 21.386400, 20.334600, 19.313200, 18.423000, 17.746000, 16.873600, 16.254100, 15.456800, 14.785900, 14.388600, 13.837600, 13.284500, 12.818200, 12.419000, 11.978100, 11.720400, 11.344500, 11.136200, 10.755300, 10.518800, 11.710600, 11.870600, 12.058300, 12.395900, 12.733400, 12.952400, 13.022200, 13.370800, 13.675100, 13.803300, 14.122900, 14.479400, 14.754800, 15.007300, 15.362700, 15.531800, 15.802500, 16.123200, 16.464600, 16.852200, 13.253100, 13.212400, 13.393500, 13.579500, 13.462500, 13.678700, 13.733200, 13.798500, 13.960500, 13.971800, 14.164000, 14.227500, 14.317900, 14.316900, 14.383700, 14.437200, 14.568000, 14.547600, 14.601500, 14.637400, 11.772500, 12.056500, 12.307200, 12.531900, 12.788200, 13.070200, 13.304900, 13.536300, 13.694700, 13.842200, 14.177800, 14.318700, 14.580500, 14.769600, 14.988400, 15.177600, 15.369700, 15.579400, 15.745000, 15.798100, 16.226600, 16.154500, 15.848900, 15.799100, 15.632400, 15.555600, 15.348000, 15.033800, 14.751700, 14.288800, 13.864000, 13.266700, 13.000600, 12.592100, 12.132000, 11.793100, 11.353000, 10.963500, 10.646900, 10.179300, 
12.572000, 12.877400, 13.095800, 13.173700, 13.534300, 13.732000, 13.798800, 13.943400, 14.098300, 14.148700, 14.302100, 14.365100, 14.503700, 14.613100, 14.662900, 14.639500, 14.859600, 14.859800, 14.886400, 14.997800, 12.424700, 12.886500, 13.235400, 13.604200, 13.823300, 13.955500, 13.976600, 14.054900, 14.344100, 14.277200, 14.250900, 14.256400, 14.262400, 14.278400, 14.271600, 14.175500, 14.126800, 14.113700, 14.105900, 14.026300, 15.327700, 15.093800, 15.033400, 14.927400, 14.825600, 14.674500, 14.614300, 14.379300, 14.394900, 14.292500, 14.262100, 14.065700, 13.915400, 13.880500, 13.964100, 13.787000, 13.767600, 13.686800, 13.552700, 13.599100, 21.792400, 20.709700, 19.666200, 18.742200, 18.052900, 17.155300, 16.498500, 15.690100, 14.987800, 14.597000, 14.032900, 13.455400, 12.981400, 12.565900, 12.114500, 11.853500, 11.464800, 11.243300, 10.853500, 10.616900, 11.817500, 11.979700, 12.175200, 12.522200, 12.869300, 13.095200, 13.167700, 13.533600, 13.856500, 13.978200, 14.310300, 14.697900, 14.977800, 15.239000, 15.601000, 15.786500, 16.078400, 16.413600, 16.766400, 17.178300, 13.478300, 13.434700, 13.628900, 13.798300, 13.680700, 13.877300, 13.943000, 13.992000, 14.157800, 14.167600, 14.350200, 14.412100, 14.511100, 14.496600, 14.555700, 14.624200, 14.748300, 14.729900, 14.779000, 14.818300, 11.942300, 12.233700, 12.490700, 12.704100, 12.967900, 13.251400, 13.493700, 13.723800, 13.877700, 14.018400, 14.377100, 14.516500, 14.771500, 14.973900, 15.203300, 15.379000, 15.585100, 15.791300, 15.954700, 16.004200, 16.326600, 16.256300, 15.945700, 15.901600, 15.743700, 15.672600, 15.477100, 15.177100, 14.905700, 14.481800, 14.067700, 13.489800, 13.259300, 12.888100, 12.458800, 12.152600, 11.712000, 11.306400, 10.996600, 10.583300, 
12.835300, 13.125300, 13.326600, 13.401400, 13.747000, 13.945700, 13.984500, 14.128200, 14.282400, 14.320400, 14.455800, 14.524800, 14.648200, 14.761300, 14.808600, 14.789200, 15.009700, 15.013300, 15.037100, 15.161400, 12.884700, 13.322200, 13.643100, 13.938000, 14.112300, 14.227100, 14.211400, 14.266800, 14.536600, 14.449000, 14.400700, 14.398000, 14.386200, 14.404000, 14.377100, 14.287400, 14.221800, 14.218200, 14.211400, 14.111400, 15.588600, 15.333400, 15.273400, 15.154000, 15.043800, 14.873800, 14.813100, 14.560000, 14.553500, 14.475300, 14.421800, 14.219200, 14.062100, 14.005700, 14.086400, 13.905300, 13.879700, 13.798900, 13.650400, 13.701900, 22.123600, 21.033400, 19.968000, 19.005200, 18.292400, 17.388800, 16.716100, 15.885400, 15.169000, 14.768000, 14.181700, 13.600000, 13.116500, 12.689900, 12.236700, 11.955400, 11.555100, 11.333400, 10.935900, 10.699400, 11.895900, 12.068900, 12.272000, 12.625800, 12.977000, 13.215400, 13.291500, 13.682300, 14.010600, 14.132400, 14.473300, 14.867500, 15.171100, 15.433200, 15.810000, 15.999200, 16.310500, 16.656800, 17.027700, 17.442700, 13.665400, 13.616300, 13.814900, 13.986100, 13.857300, 14.052800, 14.110100, 14.167300, 14.318400, 14.329300, 14.515900, 14.557600, 14.652800, 14.649000, 14.715600, 14.782900, 14.907800, 14.890500, 14.933100, 14.983000, 12.077700, 12.374600, 12.633100, 12.850600, 13.115700, 13.394400, 13.645300, 13.880300, 14.034600, 14.177700, 14.529900, 14.684300, 14.934400, 15.141500, 15.349000, 15.555800, 15.760100, 15.969600, 16.129400, 16.181600, 16.421400, 16.348300, 16.037600, 16.001500, 15.840900, 15.779800, 15.591800, 15.291800, 15.045400, 14.632700, 14.233700, 13.693100, 13.468300, 13.144900, 12.728800, 12.489100, 12.055800, 11.639400, 11.329900, 10.930300, 
13.046900, 13.344800, 13.527800, 13.581200, 13.924400, 14.105300, 14.148500, 14.280700, 14.429200, 14.450900, 14.593600, 14.650300, 14.781200, 14.899500, 14.935800, 14.914000, 15.138800, 15.149300, 15.169900, 15.297100, 13.313400, 13.711000, 13.979000, 14.226200, 14.363700, 14.451300, 14.410100, 14.444200, 14.698700, 14.594700, 14.540600, 14.522800, 14.507900, 14.514600, 14.478500, 14.384100, 14.320100, 14.310700, 14.307200, 14.199900, 15.824500, 15.559000, 15.476900, 15.344500, 15.215500, 15.045000, 14.979500, 14.710100, 14.709900, 14.615900, 14.565300, 14.350000, 14.183800, 14.115500, 14.194800, 14.011600, 13.969500, 13.898300, 13.738100, 13.800500, 22.427000, 21.310400, 20.224000, 19.238700, 18.512900, 17.582500, 16.910400, 16.054600, 15.337800, 14.912000, 14.318400, 13.729500, 13.233500, 12.791200, 12.326200, 12.048300, 11.640100, 11.414300, 11.011500, 10.762600, 11.959300, 12.149600, 12.349600, 12.718600, 13.067900, 13.324900, 13.395700, 13.805200, 14.126900, 14.263200, 14.611800, 15.018200, 15.336700, 15.609300, 15.987800, 16.191500, 16.520200, 16.860400, 17.245900, 17.693600, 13.822400, 13.774100, 13.965000, 14.145700, 13.988700, 14.206300, 14.255800, 14.307200, 14.460100, 14.463200, 14.646200, 14.701400, 14.779700, 14.785300, 14.854900, 14.908400, 15.042500, 15.038400, 15.066300, 15.127500, 12.192300, 12.499100, 12.763400, 12.976400, 13.240800, 13.527800, 13.783800, 14.012000, 14.176400, 14.311200, 14.678000, 14.835900, 15.072100, 15.292500, 15.492700, 15.708700, 15.902400, 16.131400, 16.271300, 16.330400, 16.505800, 16.429900, 16.126200, 16.093300, 15.941500, 15.873200, 15.694700, 15.405000, 15.174800, 14.761200, 14.372300, 13.856100, 13.646900, 13.366700, 12.968900, 12.767500, 12.375000, 11.971200, 11.668400, 11.253400, 
13.238900, 13.519400, 13.689000, 13.736800, 14.062100, 14.244900, 14.287700, 14.413000, 14.554600, 14.569400, 14.713200, 14.772100, 14.900100, 15.026400, 15.065200, 15.029200, 15.257000, 15.273000, 15.306300, 15.433200, 13.693000, 14.032400, 14.248900, 14.475700, 14.577800, 14.646600, 14.571100, 14.594100, 14.837200, 14.717900, 14.657600, 14.635700, 14.616700, 14.628000, 14.580300, 14.479900, 14.405400, 14.411400, 14.401900, 14.285400, 16.016100, 15.750400, 15.653200, 15.519200, 15.372100, 15.207500, 15.127200, 14.849600, 14.844900, 14.739300, 14.677400, 14.462100, 14.289300, 14.223200, 14.284700, 14.110600, 14.059100, 13.990000, 13.816900, 13.876300, 22.681100, 21.559000, 20.445100, 19.444000, 18.709900, 17.760200, 17.069700, 16.197500, 15.476000, 15.048100, 14.431400, 13.838400, 13.331700, 12.881000, 12.408100, 12.132700, 11.718000, 11.463200, 11.068600, 10.822100, 12.019800, 12.219700, 12.413100, 12.797100, 13.148400, 13.415800, 13.490100, 13.913700, 14.237000, 14.385500, 14.732100, 15.146200, 15.471400, 15.752800, 16.141500, 16.362600, 16.690800, 17.046300, 17.457200, 17.906500, 13.947300, 13.908000, 14.090800, 14.267700, 14.108800, 14.331600, 14.381400, 14.428900, 14.582700, 14.587600, 14.773100, 14.823900, 14.897500, 14.904600, 14.987900, 15.034500, 15.168200, 15.168600, 15.183500, 15.268600, 12.297600, 12.601400, 12.869200, 13.073100, 13.345400, 13.636500, 13.895600, 14.138800, 14.292600, 14.440100, 14.805100, 14.952900, 15.211200, 15.425500, 15.627800, 15.840200, 16.029700, 16.255700, 16.411900, 16.470500, 16.587900, 16.508800, 16.203300, 16.178300, 16.029800, 15.968100, 15.805000, 15.506600, 15.277300, 14.875100, 14.502800, 13.987800, 13.792400, 13.541600, 13.164400, 12.997200, 12.656000, 12.281100, 11.997700, 11.577300, 
13.380600, 13.662800, 13.824600, 13.856800, 14.187700, 14.364100, 14.405600, 14.511300, 14.670100, 14.673100, 14.813000, 14.890800, 15.001300, 15.133000, 15.185400, 15.157000, 15.387500, 15.393300, 15.439400, 15.555600, 14.007400, 14.294100, 14.488800, 14.684200, 14.767000, 14.799300, 14.710500, 14.725100, 14.960500, 14.834300, 14.768400, 14.740500, 14.714200, 14.723900, 14.677600, 14.569300, 14.497300, 14.510500, 14.493600, 14.378300, 16.187500, 15.927100, 15.809100, 15.670900, 15.520000, 15.338600, 15.266200, 14.972600, 14.969800, 14.845000, 14.785500, 14.560300, 14.389600, 14.315300, 14.381000, 14.191000, 14.128700, 14.060600, 13.889200, 13.936100, 22.921400, 21.784000, 20.643800, 19.633200, 18.885900, 17.932800, 17.218800, 16.333600, 15.595200, 15.145900, 14.529500, 13.938100, 13.421400, 12.965100, 12.478500, 12.194500, 11.779600, 11.518900, 11.130500, 10.872100, 12.076200, 12.274400, 12.472600, 12.866600, 13.223500, 13.495300, 13.573700, 14.009800, 14.343200, 14.494600, 14.844000, 15.272000, 15.602500, 15.880400, 16.286500, 16.521400, 16.868800, 17.210400, 17.638500, 18.103400, 14.053000, 14.019500, 14.208300, 14.375000, 14.213500, 14.436300, 14.495900, 14.530500, 14.689700, 14.697200, 14.876500, 14.941000, 15.006300, 15.008500, 15.116600, 15.138600, 15.288300, 15.288400, 15.301400, 15.393500, 12.390700, 12.694800, 12.965000, 13.168100, 13.453000, 13.739500, 14.001200, 14.245900, 14.393300, 14.543900, 14.907500, 15.058200, 15.329300, 15.525500, 15.746100, 15.961100, 16.155400, 16.375000, 16.531500, 16.600700, 16.662900, 16.587500, 16.278900, 16.257600, 16.124000, 16.049900, 15.895100, 15.601000, 15.379500, 14.977500, 14.618800, 14.101700, 13.914700, 13.678900, 13.338400, 13.197800, 12.877700, 12.546100, 12.319500, 11.912000, 
13.514800, 13.782200, 13.944400, 13.963700, 14.276300, 14.465800, 14.510000, 14.611900, 14.771100, 14.767200, 14.912700, 14.983300, 15.107700, 15.245800, 15.298500, 15.266900, 15.506400, 15.516100, 15.562900, 15.672400, 14.280700, 14.520100, 14.674600, 14.860500, 14.921800, 14.929900, 14.834500, 14.836200, 15.071900, 14.945800, 14.869200, 14.831700, 14.811700, 14.816400, 14.761100, 14.670800, 14.574700, 14.597600, 14.579300, 14.452300, 16.359600, 16.079300, 15.955500, 15.812800, 15.652800, 15.458600, 15.387400, 15.089100, 15.085200, 14.952600, 14.886500, 14.650600, 14.480400, 14.406200, 14.460000, 14.264300, 14.195600, 14.128300, 13.953100, 13.989000, 23.144100, 21.985000, 20.834300, 19.803100, 19.045100, 18.071300, 17.357800, 16.451700, 15.705600, 15.251900, 14.628400, 14.033200, 13.507600, 13.056400, 12.546200, 12.253500, 11.847100, 11.573100, 11.180400, 10.917200, 12.118500, 12.328500, 12.530700, 12.930600, 13.292600, 13.566100, 13.650800, 14.090900, 14.435800, 14.596500, 14.942100, 15.390400, 15.719300, 16.001000, 16.420900, 16.666800, 17.023300, 17.376400, 17.811900, 18.276600, 14.152400, 14.111000, 14.307000, 14.473600, 14.309500, 14.533600, 14.599200, 14.631000, 14.794600, 14.785800, 14.977400, 15.047200, 15.112300, 15.108800, 15.227200, 15.256400, 15.403500, 15.409100, 15.425400, 15.507000, 12.471600, 12.782000, 13.056800, 13.255100, 13.547700, 13.831500, 14.098900, 14.343500, 14.482800, 14.647100, 15.002500, 15.163900, 15.422200, 15.635800, 15.850400, 16.072700, 16.257600, 16.486400, 16.653000, 16.709000, 16.729600, 16.656700, 16.340400, 16.342000, 16.204200, 16.131200, 15.981400, 15.685100, 15.481100, 15.079400, 14.723400, 14.212500, 14.032400, 13.798200, 13.486700, 13.364400, 13.066800, 12.783700, 12.572800, 12.221200, 
13.620500, 13.880900, 14.042600, 14.058800, 14.374900, 14.558800, 14.608500, 14.707300, 14.864100, 14.863900, 15.005100, 15.072700, 15.206300, 15.350500, 15.408700, 15.367700, 15.615800, 15.634600, 15.674500, 15.792800, 14.500500, 14.715500, 14.834300, 15.010200, 15.053700, 15.051100, 14.946500, 14.943600, 15.174900, 15.042600, 14.963200, 14.927600, 14.900000, 14.905500, 14.849800, 14.750700, 14.660300, 14.683200, 14.664800, 14.535400, 16.510600, 16.227200, 16.092500, 15.931800, 15.772700, 15.575700, 15.499500, 15.190900, 15.193200, 15.046100, 14.974100, 14.731400, 14.562000, 14.490700, 14.533800, 14.336300, 14.258900, 14.190600, 14.002000, 14.046200, 23.334600, 22.168200, 21.006700, 19.958600, 19.199800, 18.206700, 17.475500, 16.571200, 15.814500, 15.349600, 14.718100, 14.119600, 13.589800, 13.127500, 12.608600, 12.317400, 11.905100, 11.631400, 11.225300, 10.958500, 12.161200, 12.373600, 12.577900, 12.982400, 13.354100, 13.632800, 13.718600, 14.162000, 14.518300, 14.685900, 15.044400, 15.493900, 15.831400, 16.114300, 16.560800, 16.802400, 17.172000, 17.522200, 17.948100, 18.439800, 14.236600, 14.189500, 14.390100, 14.564500, 14.390800, 14.619000, 14.685000, 14.724700, 14.894800, 14.875200, 15.075400, 15.148100, 15.209400, 15.210700, 15.320700, 15.359100, 15.518100, 15.519000, 15.533400, 15.623400, 12.550700, 12.860500, 13.130600, 13.338400, 13.628000, 13.919200, 14.189700, 14.430000, 14.571200, 14.729400, 15.094600, 15.255700, 15.510900, 15.725700, 15.948000, 16.173600, 16.354200, 16.581500, 16.760500, 16.809400, 16.786200, 16.727400, 16.404900, 16.403900, 16.283100, 16.210300, 16.061200, 15.770700, 15.573900, 15.165500, 14.818700, 14.313500, 14.137400, 13.904500, 13.613500, 13.496000, 13.232700, 12.974000, 12.792900, 12.476700, 
13.706200, 13.960300, 14.117400, 14.134100, 14.449800, 14.643400, 14.690100, 14.783600, 14.932500, 14.954100, 15.098700, 15.156700, 15.308400, 15.453000, 15.506100, 15.475100, 15.722200, 15.738100, 15.781200, 15.909200, 14.692600, 14.891600, 14.979000, 15.147200, 15.178400, 15.153700, 15.048100, 15.042500, 15.273100, 15.130700, 15.048600, 15.013800, 14.981200, 14.987100, 14.922900, 14.826400, 14.736400, 14.757700, 14.736900, 14.616900, 16.652200, 16.362600, 16.219200, 16.051300, 15.875300, 15.680500, 15.602700, 15.282600, 15.288500, 15.145300, 15.056200, 14.809700, 14.641100, 14.563400, 14.609500, 14.411000, 14.323800, 14.248700, 14.055500, 14.096900, 23.515900, 22.346100, 21.175400, 20.108700, 19.340700, 18.327700, 17.594100, 16.678200, 15.920400, 15.443200, 14.797800, 14.200300, 13.667400, 13.192400, 12.678000, 12.376900, 11.956200, 11.680700, 11.270400, 10.999900, 12.199400, 12.417000, 12.621400, 13.030200, 13.411100, 13.690200, 13.782900, 14.238600, 14.603600, 14.768800, 15.135600, 15.599500, 15.934100, 16.217500, 16.679600, 16.929900, 17.316700, 17.664100, 18.096800, 18.599000, 14.313300, 14.270200, 14.457400, 14.639800, 14.465400, 14.701700, 14.760800, 14.809500, 14.979700, 14.959700, 15.167700, 15.241100, 15.305200, 15.297700, 15.418500, 15.463000, 15.623400, 15.621500, 15.645800, 15.732000, 12.632700, 12.935500, 13.215300, 13.415400, 13.703900, 13.997100, 14.266000, 14.512100, 14.658700, 14.812000, 15.190600, 15.347500, 15.600500, 15.817600, 16.041800, 16.270400, 16.448300, 16.679900, 16.858500, 16.908700, 16.841300, 16.791600, 16.469700, 16.471600, 16.351300, 16.281800, 16.134700, 15.860900, 15.650700, 15.253200, 14.906200, 14.406400, 14.239600, 14.009200, 13.730900, 13.608600, 13.372200, 13.139600, 12.966000, 12.701900, 
13.792600, 14.031200, 14.186700, 14.213100, 14.517300, 14.711000, 14.763200, 14.853700, 15.010100, 15.035400, 15.181600, 15.233900, 15.399000, 15.548300, 15.596200, 15.574200, 15.825400, 15.851000, 15.886500, 16.024000, 14.863600, 15.035700, 15.107800, 15.263700, 15.280300, 15.256400, 15.141800, 15.137400, 15.361000, 15.219100, 15.125300, 15.093600, 15.060500, 15.066300, 15.003100, 14.906000, 14.823300, 14.834100, 14.819200, 14.696700, 16.781500, 16.487200, 16.336100, 16.162900, 15.981000, 15.780400, 15.698600, 15.376800, 15.375400, 15.225400, 15.146100, 14.885400, 14.704700, 14.631800, 14.680900, 14.476600, 14.383900, 14.307800, 14.107300, 14.148200, 23.692800, 22.510700, 21.328200, 20.245800, 19.466900, 18.445300, 17.703400, 16.781400, 16.005500, 15.530100, 14.884400, 14.273600, 13.736900, 13.250700, 12.735000, 12.426100, 12.003800, 11.728700, 11.315900, 11.036000, 12.235400, 12.456500, 12.664000, 13.074600, 13.463600, 13.743400, 13.843400, 14.312100, 14.682500, 14.839900, 15.221200, 15.688700, 16.040900, 16.320100, 16.798200, 17.052900, 17.441400, 17.794500, 18.250000, 18.765900, 14.386100, 14.335700, 14.528800, 14.715500, 14.536300, 14.776700, 14.834000, 14.886900, 15.059100, 15.040800, 15.259300, 15.334600, 15.391300, 15.392200, 15.506700, 15.552800, 15.730500, 15.724300, 15.751700, 15.845900, 12.698900, 13.007900, 13.288300, 13.488500, 13.776500, 14.083400, 14.344600, 14.586800, 14.744200, 14.893500, 15.269100, 15.431000, 15.684400, 15.910300, 16.125800, 16.362200, 16.531100, 16.775500, 16.947600, 16.997200, 16.894000, 16.844900, 16.520800, 16.525900, 16.419000, 16.355800, 16.209300, 15.939100, 15.735100, 15.334800, 14.987400, 14.486000, 14.327500, 14.106000, 13.824300, 13.712100, 13.487100, 13.269800, 13.131500, 12.887300, 
13.859500, 14.094600, 14.250600, 14.290500, 14.593400, 14.778500, 14.829500, 14.927200, 15.084000, 15.122500, 15.265300, 15.314600, 15.481600, 15.635500, 15.689200, 15.671700, 15.922500, 15.960000, 15.998900, 16.135800, 15.010800, 15.167400, 15.229800, 15.374400, 15.367000, 15.346100, 15.224000, 15.216700, 15.443000, 15.293500, 15.196200, 15.167900, 15.137300, 15.145400, 15.069800, 14.989600, 14.894400, 14.909200, 14.889700, 14.772600, 16.900400, 16.595100, 16.442600, 16.269400, 16.085700, 15.873500, 15.798500, 15.456800, 15.460200, 15.301100, 15.222100, 14.956300, 14.770800, 14.691200, 14.742500, 14.531700, 14.439600, 14.355200, 14.156500, 14.197400, 23.860100, 22.671800, 21.470900, 20.377200, 19.584400, 18.560000, 17.810200, 16.883100, 16.094500, 15.610200, 14.957500, 14.339900, 13.799100, 13.303500, 12.792900, 12.479000, 12.053800, 11.768000, 11.355100, 11.078200, 12.269500, 12.491700, 12.700200, 13.114800, 13.508300, 13.800200, 13.901300, 14.373300, 14.749000, 14.913200, 15.315500, 15.781800, 16.139400, 16.420900, 16.900900, 17.163700, 17.577800, 17.921500, 18.390900, 18.921200, 14.438400, 14.404100, 14.587200, 14.787600, 14.599500, 14.848600, 14.900300, 14.962200, 15.135000, 15.118800, 15.334700, 15.424100, 15.481000, 15.481400, 15.597900, 15.638800, 15.827100, 15.816600, 15.853200, 15.939900, 12.769700, 13.076100, 13.362600, 13.557600, 13.849400, 14.160800, 14.419300, 14.659900, 14.828000, 14.970200, 15.349800, 15.515800, 15.771500, 15.994900, 16.214000, 16.445100, 16.616500, 16.860800, 17.031400, 17.089100, 16.935800, 16.896000, 16.570300, 16.580300, 16.477200, 16.420200, 16.265100, 16.009000, 15.809800, 15.412800, 15.072000, 14.567200, 14.413700, 14.185700, 13.921600, 13.801200, 13.585800, 13.390600, 13.261800, 13.046100, 
13.919600, 14.162100, 14.303000, 14.348800, 14.649300, 14.837900, 14.894900, 14.993100, 15.168300, 15.198200, 15.340500, 15.392400, 15.563300, 15.726600, 15.773600, 15.765300, 16.012100, 16.056200, 16.099000, 16.241500, 15.133300, 15.277600, 15.333600, 15.468800, 15.458400, 15.433800, 15.304900, 15.294100, 15.523300, 15.372100, 15.271400, 15.237800, 15.210100, 15.223600, 15.134400, 15.051800, 14.962800, 14.980500, 14.959100, 14.836300, 17.016600, 16.702900, 16.539900, 16.368600, 16.181300, 15.966000, 15.887300, 15.536100, 15.547000, 15.376300, 15.290300, 15.024500, 14.837800, 14.755100, 14.793800, 14.584000, 14.488700, 14.408700, 14.198900, 14.239500, 24.019700, 22.816800, 21.602700, 20.501700, 19.695200, 18.660600, 17.908900, 16.975900, 16.177100, 15.691400, 15.028900, 14.406400, 13.855700, 13.358900, 12.853600, 12.523400, 12.096700, 11.809500, 11.389900, 11.109700, 12.294700, 12.521700, 12.741900, 13.154400, 13.556400, 13.845900, 13.959700, 14.442400, 14.812000, 14.983500, 15.391300, 15.860400, 16.222200, 16.520300, 17.006500, 17.272200, 17.702800, 18.046100, 18.527600, 19.059900, 14.493300, 14.461100, 14.638300, 14.845700, 14.657200, 14.916400, 14.962300, 15.037300, 15.212700, 15.199600, 15.412100, 15.497400, 15.554300, 15.556600, 15.676100, 15.731800, 15.918500, 15.904500, 15.947200, 16.033300, 12.833700, 13.140400, 13.427100, 13.626700, 13.920200, 14.223500, 14.491800, 14.729200, 14.904700, 15.044000, 15.421100, 15.590100, 15.839800, 16.074800, 16.294000, 16.517100, 16.700900, 16.933500, 17.107700, 17.161400, 16.980300, 16.937400, 16.616300, 16.633900, 16.524000, 16.477700, 16.327900, 16.066800, 15.883100, 15.492200, 15.158100, 14.645700, 14.494100, 14.270700, 14.013600, 13.888600, 13.674800, 13.503000, 13.378000, 13.179000, 
13.968100, 14.213700, 14.360700, 14.400400, 14.705100, 14.897400, 14.952800, 15.054300, 15.235000, 15.270900, 15.415100, 15.470000, 15.635900, 15.812400, 15.860400, 15.855200, 16.102600, 16.145500, 16.194000, 16.340700, 15.255200, 15.373000, 15.431800, 15.560700, 15.538900, 15.507100, 15.382400, 15.366500, 15.601100, 15.445800, 15.339400, 15.314700, 15.279300, 15.293000, 15.200000, 15.127600, 15.033100, 15.045500, 15.022600, 14.897100, 17.124700, 16.796200, 16.635600, 16.465800, 16.267400, 16.054700, 15.969200, 15.611400, 15.618800, 15.446900, 15.353500, 15.089700, 14.905900, 14.817100, 14.855800, 14.638900, 14.551200, 14.457200, 14.234600, 14.283200, 24.165700, 22.961600, 21.727000, 20.617000, 19.804400, 18.761100, 18.000400, 17.057700, 16.259900, 15.759400, 15.097000, 14.468500, 13.917300, 13.411200, 12.898400, 12.569900, 12.138500, 11.840700, 11.431000, 11.139700, 12.323800, 12.555000, 12.776600, 13.193600, 13.603300, 13.889500, 14.010800, 14.505500, 14.874500, 15.053800, 15.464000, 15.939200, 16.306600, 16.613300, 17.109400, 17.378300, 17.812500, 18.164900, 18.663000, 19.199900, 14.550100, 14.514600, 14.696100, 14.902300, 14.712800, 14.970200, 15.025700, 15.101400, 15.277400, 15.267700, 15.481400, 15.574400, 15.629600, 15.630100, 15.753200, 15.814600, 15.994500, 15.988200, 16.035500, 16.113900, 12.888300, 13.197700, 13.488900, 13.693300, 13.988200, 14.291200, 14.554200, 14.797200, 14.975200, 15.111500, 15.491800, 15.658600, 15.907200, 16.146200, 16.372900, 16.586400, 16.782700, 17.008500, 17.183900, 17.239800, 17.017900, 16.978000, 16.660000, 16.678200, 16.573200, 16.528800, 16.386900, 16.129200, 15.946400, 15.555600, 15.226100, 14.714600, 14.571300, 14.347000, 14.079300, 13.971000, 13.774700, 13.601500, 13.476200, 13.295000, 
14.015000, 14.264500, 14.415400, 14.452700, 14.756900, 14.957700, 15.017400, 15.121600, 15.300100, 15.343000, 15.487900, 15.551600, 15.704000, 15.894200, 15.941900, 15.941800, 16.190500, 16.236000, 16.292800, 16.441000, 15.360700, 15.478200, 15.519900, 15.644300, 15.621100, 15.589300, 15.456000, 15.442700, 15.681600, 15.518200, 15.404900, 15.386800, 15.354300, 15.362000, 15.265500, 15.199100, 15.099900, 15.115900, 15.095200, 14.973700, 17.225200, 16.901400, 16.737700, 16.568600, 16.355000, 16.139400, 16.051500, 15.692800, 15.692900, 15.518800, 15.427800, 15.157300, 14.969000, 14.880900, 14.919100, 14.698000, 14.607000, 14.516300, 14.277800, 14.332000, 24.308800, 23.106800, 21.866300, 20.741900, 19.906800, 18.874300, 18.097300, 17.146200, 16.341700, 15.834200, 15.168600, 14.532100, 13.973200, 13.466000, 12.948500, 12.614800, 12.179700, 11.879200, 11.466800, 11.176300, 12.354600, 12.587600, 12.814600, 13.232900, 13.652200, 13.936400, 14.060500, 14.562400, 14.942000, 15.129500, 15.541600, 16.021400, 16.394000, 16.712300, 17.203600, 17.488900, 17.926600, 18.291500, 18.799100, 19.357100, 14.603600, 14.574800, 14.755400, 14.965000, 14.775600, 15.035400, 15.087300, 15.166100, 15.345600, 15.338800, 15.557400, 15.645800, 15.702700, 15.702000, 15.834500, 15.902800, 16.073400, 16.075000, 16.118900, 16.207600, 12.944000, 13.254900, 13.551800, 13.749200, 14.050800, 14.356600, 14.629000, 14.869600, 15.039700, 15.185100, 15.562300, 15.723700, 15.972500, 16.223100, 16.455300, 16.662000, 16.863600, 17.089100, 17.256200, 17.324700, 17.059600, 17.019600, 16.701300, 16.722200, 16.620500, 16.583400, 16.443300, 16.194600, 16.015600, 15.629600, 15.307600, 14.784100, 14.652700, 14.427500, 14.158800, 14.064000, 13.868000, 13.692200, 13.569500, 13.398400, 
14.050300, 14.310900, 14.459500, 14.493000, 14.802900, 15.009100, 15.069100, 15.181300, 15.357900, 15.407100, 15.549700, 15.618500, 15.774300, 15.962800, 16.017700, 16.018300, 16.271800, 16.321500, 16.369400, 16.524500, 15.451400, 15.562000, 15.594000, 15.717000, 15.694500, 15.656600, 15.516500, 15.502500, 15.742100, 15.576800, 15.471300, 15.442400, 15.411700, 15.423500, 15.318700, 15.258500, 15.152100, 15.164200, 15.152900, 15.036500, 17.320400, 16.990300, 16.817700, 16.644900, 16.435000, 16.209800, 16.120300, 15.760400, 15.753000, 15.578900, 15.486100, 15.219400, 15.025500, 14.933500, 14.973800, 14.742400, 14.649500, 14.564600, 14.321400, 14.368400, 24.436200, 23.230300, 21.981200, 20.846500, 19.997700, 18.964000, 18.188000, 17.223400, 16.410000, 15.900600, 15.229400, 14.589800, 14.021900, 13.516400, 12.998100, 12.653300, 12.218700, 11.908500, 11.496700, 11.203700, 12.380200, 12.614100, 12.847400, 13.266700, 13.687900, 13.978500, 14.107900, 14.610100, 14.993900, 15.183700, 15.602800, 16.085500, 16.476200, 16.794200, 17.299800, 17.581600, 18.024000, 18.404300, 18.925800, 19.494700, 14.654300, 14.628600, 14.802500, 15.025700, 14.827500, 15.094500, 15.146000, 15.225200, 15.405800, 15.405700, 15.620100, 15.710700, 15.764400, 15.769000, 15.896700, 15.974400, 16.150000, 16.153300, 16.193900, 16.286300, 12.996100, 13.311300, 13.605100, 13.805300, 14.108600, 14.413500, 14.686600, 14.926200, 15.105400, 15.242600, 15.617500, 15.780200, 16.038600, 16.286800, 16.521300, 16.728400, 16.931200, 17.154900, 17.317000, 17.404500, 17.094500, 17.052500, 16.738800, 16.757700, 16.659100, 16.627400, 16.495700, 16.251000, 16.069800, 15.685000, 15.373200, 14.846500, 14.716000, 14.499600, 14.233600, 14.133300, 13.945500, 13.771500, 13.656000, 13.493700, 
14.088300, 14.352400, 14.501800, 14.531900, 14.849400, 15.053700, 15.111600, 15.231900, 15.410400, 15.465400, 15.612700, 15.681600, 15.832300, 16.029900, 16.084200, 16.085200, 16.339400, 16.394000, 16.443700, 16.596300, 15.533900, 15.645500, 15.669600, 15.779500, 15.760600, 15.722900, 15.574100, 15.570300, 15.804600, 15.635600, 15.525600, 15.500000, 15.468700, 15.482800, 15.374700, 15.314400, 15.212500, 15.216400, 15.212500, 15.084400, 17.400400, 17.070800, 16.892500, 16.717800, 16.507500, 16.276100, 16.193100, 15.824800, 15.815200, 15.637900, 15.545900, 15.274700, 15.080500, 14.983400, 15.018700, 14.794100, 14.689600, 14.608900, 14.354100, 14.399600, 24.548300, 23.343800, 22.085700, 20.939900, 20.084100, 19.042700, 18.268100, 17.291000, 16.475900, 15.964300, 15.288200, 14.639900, 14.070500, 13.558300, 13.043500, 12.692500, 12.254700, 11.940200, 11.525600, 11.234100, 12.399700, 12.644000, 12.879100, 13.296500, 13.720500, 14.016800, 14.152100, 14.656400, 15.046300, 15.236700, 15.662600, 16.153900, 16.543300, 16.866200, 17.382400, 17.672700, 18.116200, 18.506800, 19.034800, 19.609800, 14.697000, 14.675000, 14.850600, 15.077600, 14.881400, 15.145400, 15.194000, 15.277200, 15.463500, 15.465600, 15.679300, 15.770600, 15.828100, 15.836300, 15.957300, 16.033600, 16.217900, 16.220000, 16.262100, 16.364500, 13.043100, 13.355600, 13.652600, 13.860100, 14.154500, 14.462000, 14.740500, 14.983500, 15.162500, 15.296900, 15.675100, 15.841500, 16.098100, 16.349300, 16.585300, 16.792600, 16.997500, 17.221900, 17.374600, 17.471100, 17.119900, 17.086000, 16.767500, 16.790500, 16.698100, 16.670900, 16.533400, 16.296600, 16.126800, 15.741200, 15.430500, 14.900900, 14.782800, 14.569700, 14.306800, 14.205900, 14.020700, 13.851100, 13.740400, 13.583500, 
14.119600, 14.398700, 14.540200, 14.569900, 14.893800, 15.100900, 15.155800, 15.282700, 15.458100, 15.518200, 15.665800, 15.737300, 15.884200, 16.090600, 16.144300, 16.152500, 16.401100, 16.459200, 16.509500, 16.666400, 15.613000, 15.714600, 15.740700, 15.835300, 15.815900, 15.782600, 15.630500, 15.624400, 15.859600, 15.694600, 15.577000, 15.554400, 15.518300, 15.529800, 15.423400, 15.366900, 15.263600, 15.263100, 15.256700, 15.132800, 17.473400, 17.142500, 16.964700, 16.782100, 16.580000, 16.344900, 16.250900, 15.884700, 15.869100, 15.689600, 15.596700, 15.321600, 15.126000, 15.031000, 15.055300, 14.839600, 14.734300, 14.647400, 14.393200, 14.431400, 24.655700, 23.446500, 22.178000, 21.027500, 20.166800, 19.113000, 18.342800, 17.357700, 16.531500, 16.022700, 15.340100, 14.681000, 14.114300, 13.595800, 13.081300, 12.730500, 12.285900, 11.971200, 11.549000, 11.262200, 12.418800, 12.666400, 12.903800, 13.327100, 13.750700, 14.053300, 14.189600, 14.696300, 15.095000, 15.284000, 15.714300, 16.211800, 16.610200, 16.940400, 17.459300, 17.757900, 18.194800, 18.606900, 19.133800, 19.718300, 14.732700, 14.717600, 14.894200, 15.121300, 14.930300, 15.199600, 15.243600, 15.328200, 15.514500, 15.517400, 15.732600, 15.824400, 15.883700, 15.898200, 16.022100, 16.097200, 16.275000, 16.287900, 16.333900, 16.428700, 13.090500, 13.400100, 13.701100, 13.910000, 14.202500, 14.513100, 14.793800, 15.030500, 15.215500, 15.346900, 15.730400, 15.894600, 16.155500, 16.402800, 16.647300, 16.848600, 17.052400, 17.276400, 17.441800, 17.534700, 17.146400, 17.111800, 16.796500, 16.823500, 16.732800, 16.707700, 16.574000, 16.346500, 16.177700, 15.794100, 15.484900, 14.959000, 14.845000, 14.628700, 14.367500, 14.276900, 14.089900, 13.923100, 13.825100, 13.664600, 
14.149200, 14.429800, 14.576100, 14.608000, 14.929800, 15.145800, 15.202500, 15.327400, 15.510800, 15.564800, 15.719800, 15.782900, 15.938500, 16.148700, 16.201000, 16.214200, 16.463900, 16.517300, 16.571800, 16.726400, 15.687700, 15.785100, 15.806200, 15.899100, 15.872300, 15.843400, 15.679700, 15.672200, 15.905200, 15.749700, 15.630200, 15.602200, 15.567000, 15.572700, 15.474400, 15.409000, 15.304300, 15.311600, 15.297400, 15.172700, 17.542900, 17.215100, 17.034300, 16.843200, 16.644500, 16.401200, 16.310400, 15.940000, 15.922500, 15.736000, 15.643000, 15.367800, 15.167900, 15.075900, 15.098500, 14.882300, 14.772500, 14.682900, 14.423800, 14.459300, 24.755200, 23.544500, 22.258000, 21.116300, 20.242000, 19.189100, 18.408800, 17.416200, 16.585300, 16.077500, 15.381200, 14.726000, 14.154500, 13.636200, 13.116600, 12.760700, 12.311500, 11.999600, 11.579900, 11.283300, 12.434200, 12.685100, 12.928500, 13.356500, 13.784700, 14.085400, 14.229300, 14.730800, 15.138300, 15.333500, 15.766500, 16.266200, 16.674200, 16.999400, 17.527300, 17.836100, 18.270400, 18.691600, 19.224700, 19.825000, 14.767500, 14.755600, 14.931000, 15.159000, 14.980200, 15.241800, 15.294300, 15.371000, 15.563300, 15.566200, 15.775100, 15.867500, 15.930400, 15.948200, 16.072600, 16.153100, 16.336500, 16.345300, 16.394600, 16.485600, 13.131600, 13.445500, 13.742500, 13.948600, 14.253400, 14.558600, 14.843700, 15.076600, 15.264700, 15.392400, 15.777600, 15.945000, 16.206700, 16.454300, 16.693500, 16.902800, 17.103200, 17.329900, 17.500700, 17.589200, 17.166700, 17.137300, 16.821000, 16.851900, 16.760400, 16.742400, 16.610400, 16.387300, 16.219500, 15.838200, 15.539300, 15.015200, 14.902900, 14.695200, 14.427000, 14.340400, 14.153600, 13.990300, 13.890600, 13.740300, 


0.000000, 0.000000, 0.000000, 0.000000, 0.000000, 0.000000, 0.000000, 0.000000, 0.000000, 0.000000, 0.000000, 0.000000, 0.000000, 0.000000, 0.000000, 0.000000, 0.000000, 0.000000, 0.000000, 0.000000, 0.000000, 0.000000, 0.000000, 0.000000, 0.000000, 0.000000, 0.000000, 0.000000, 0.000000, 0.000000, 0.000000, 0.000000, 0.000000, 0.000000, 0.000000, 0.000000, 0.000000, 0.000000, 0.000000, 0.000000, 0.000000, 0.000000, 0.000000, 0.000000, 0.000000, 0.000000, 0.000000, 0.000000, 0.000000, 0.000000, 0.000000, 0.000000, 0.000000, 0.000000, 0.000000, 0.000000, 0.000000, 0.000000, 0.000000, 0.000000, 0.000000, 0.000000, 0.000000, 0.000000, 0.000000, 0.000000, 0.000000, 0.000000, 0.000000, 0.000000, 0.000000, 0.000000, 0.000000, 0.000000, 0.000000, 0.000000, 0.000000, 0.000000, 0.000000, 0.000000, 0.000000, 0.000000, 0.000000, 0.000000, 0.000000, 0.000000, 0.000000, 0.000000, 0.000000, 0.000000, 0.000000, 0.000000, 0.000000, 0.000000, 0.000000, 0.000000, 0.000000, 0.000000, 0.000000, 0.000000, 0.000000, 0.000000, 0.000000, 0.000000, 0.000000, 0.000000, 0.000000, 0.000000, 0.000000, 0.000000, 0.000000, 0.000000, 0.000000, 0.000000, 0.000000, 0.000000, 0.000000, 0.000000, 0.000000, 0.000000, 0.000000, 0.000000, 0.000000, 0.000000, 0.000000, 0.000000, 0.000000, 0.000000, 0.000000, 0.000000, 0.000000, 0.000000, 0.000000, 0.000000, 0.000000, 0.000000, 0.000000, 0.000000, 0.000000, 0.000000, 0.000000, 0.000000, 0.000000, 0.000000, 0.000000, 0.000000, 0.000000, 0.000000, 0.000000, 0.000000, 0.000000, 0.000000, 0.000000, 0.000000, 0.000000, 0.000000, 0.000000, 0.000000, 0.000000, 0.000000, 
0.000000, 0.000000, 0.000000, 0.000000, 0.000000, 0.000000, 0.000000, 0.000000, 0.000000, 0.000000, 0.000000, 0.000000, 0.000000, 0.000000, 0.000000, 0.000000, 0.000000, 0.000000, 0.000000, 0.000000, 0.000000, 0.000000, 0.000000, 0.000000, 0.000000, 0.000000, 0.000000, 0.000000, 0.000000, 0.000000, 0.000000, 0.000000, 0.000000, 0.000000, 0.000000, 0.000000, 0.000000, 0.000000, 0.000000, 0.000000, 0.000000, 0.000000, 0.000000, 0.000000, 0.000000, 0.000000, 0.000000, 0.000000, 0.000000, 0.000000, 0.000000, 0.000000, 0.000000, 0.000000, 0.000000, 0.000000, 0.000000, 0.000000, 0.000000, 0.000000, 0.000000, 0.000000, 0.000000, 0.000000, 0.000000, 0.000000, 0.000000, 0.000000, 0.000000, 0.000000, 0.000000, 0.000000, 0.000000, 0.000000, 0.000000, 0.000000, 0.000000, 0.000000, 0.000000, 0.000000, 0.000000, 0.000000, 0.000000, 0.000000, 0.000000, 0.000000, 0.000000, 0.000000, 0.000000, 0.000000, 0.000000, 0.000000, 0.000000, 0.000000, 0.000000, 0.000000, 0.000000, 0.000000, 0.000000, 0.000000, 0.000000, 0.000000, 0.000000, 0.000000, 0.000000, 0.000000, 0.000000, 0.000000, 0.000000, 0.000000, 0.000000, 0.000000, 0.000000, 0.000000, 0.000000, 0.000000, 0.000000, 0.000000, 0.000000, 0.000000, 0.000000, 0.000000, 0.000000, 0.000000, 0.000000, 0.000000, 0.000000, 0.000000, 0.000000, 0.000000, 0.000000, 0.000000, 0.000000, 0.000000, 0.000000, 0.000000, 0.000000, 0.000000, 0.000000, 0.000000, 0.000000, 0.000000, 0.000000, 0.000000, 0.000000, 0.000000, 0.000000, 0.000000, 0.000000, 0.000000, 0.000000, 0.000000, 0.000000, 0.000000, 0.000000, 0.000000, 0.000000, 0.000000, 0.000000, 0.000000, 
0.000000, 0.000000, 0.000000, 0.000000, 0.000000, 0.000000, 0.000000, 0.000000, 0.000000, 0.000000, 0.000000, 0.000000, 0.000000, 0.000000, 0.000000, 0.000000, 0.000000, 0.000000, 0.000000, 0.000000, 0.000000, 0.000000, 0.000000, 0.000000, 0.000000, 0.000000, 0.000000, 0.000000, 0.000000, 0.000000, 0.000000, 0.000000, 0.000000, 0.000000, 0.000000, 0.000000, 0.000000, 0.000000, 0.000000, 0.000000, 0.000000, 0.000000, 0.000000, 0.000000, 0.000000, 0.000000, 0.000000, 0.000000, 0.000000, 0.000000, 0.000000, 0.000000, 0.000000, 0.000000, 0.000000, 0.000000, 0.000000, 0.000000, 0.000000, 0.000000, 0.000000, 0.000000, 0.000000, 0.000000, 0.000000, 0.000000, 0.000000, 0.000000, 0.000000, 0.000000, 0.000000, 0.000000, 0.000000, 0.000000, 0.000000, 0.000000, 0.000000, 0.000000, 0.000000, 0.000000, 0.000000, 0.000000, 0.000000, 0.000000, 0.000000, 0.000000, 0.000000, 0.000000, 0.000000, 0.000000, 0.000000, 0.000000, 0.000000, 0.000000, 0.000000, 0.000000, 0.000000, 0.000000, 0.000000, 0.000000, 0.000000, 0.000000, 0.000000, 0.000000, 0.000000, 0.000000, 0.000000, 0.000000, 0.000000, 0.000000, 0.000000, 0.000000, 0.000000, 0.000000, 0.000000, 0.000000, 0.000000, 0.000000, 0.000000, 0.000000, 0.000000, 0.000000, 0.000000, 0.000000, 0.000000, 0.000000, 0.000000, 0.000000, 0.000000, 0.000000, 0.000000, 0.000000, 0.000000, 0.000000, 0.000000, 0.000000, 0.000000, 0.000000, 0.000000, 0.000000, 0.000000, 0.000000, 0.000000, 0.000000, 0.000000, 0.000000, 0.000000, 0.000000, 0.000000, 0.000000, 0.000000, 0.000000, 0.000000, 0.000000, 0.000000, 0.000000, 0.000000, 0.000000, 0.000000, 0.000000, 
0.000000, 0.000000, 0.000000, 0.000000, 0.000000, 0.000000, 0.000000, 0.000000, 0.000000, 0.000000, 0.000000, 0.000000, 0.000000, 0.000000, 0.000000, 0.000000, 0.000000, 0.000000, 0.000000, 0.000000, 0.000000, 0.000000, 0.000000, 0.000000, 0.000000, 0.000000, 0.000000, 0.000000, 0.000000, 0.000000, 0.000000, 0.000000, 0.000000, 0.000000, 0.000000, 0.000000, 0.000000, 0.000000, 0.000000, 0.000000, 0.000000, 0.000000, 0.000000, 0.000000, 0.000000, 0.000000, 0.000000, 0.000000, 0.000000, 0.000000, 0.000000, 0.000000, 0.000000, 0.000000, 0.000000, 0.000000, 0.000000, 0.000000, 0.000000, 0.000000, 0.000000, 0.000000, 0.000000, 0.000000, 0.000000, 0.000000, 0.000000, 0.000000, 0.000000, 0.000000, 0.000000, 0.000000, 0.000000, 0.000000, 0.000000, 0.000000, 0.000000, 0.000000, 0.000000, 0.000000, 0.000000, 0.000000, 0.000000, 0.000000, 0.000000, 0.000000, 0.000000, 0.000000, 0.000000, 0.000000, 0.000000, 0.000000, 0.000000, 0.000000, 0.000000, 0.000000, 0.000000, 0.000000, 0.000000, 0.000000, 0.000000, 0.000000, 0.000000, 0.000000, 0.000000, 0.000000, 0.000000, 0.000000, 0.000000, 0.000000, 0.000000, 0.000000, 0.000000, 0.000000, 0.000000, 0.000000, 0.000000, 0.000000, 0.000000, 0.000000, 0.000000, 0.000000, 0.000000, 0.000000, 0.000000, 0.000000, 0.000000, 0.000000, 0.000000, 0.000000, 0.000000, 0.000000, 0.000000, 0.000000, 0.000000, 0.000000, 0.000000, 0.000000, 0.000000, 0.000000, 0.000000, 0.000000, 0.000000, 0.000000, 0.000000, 0.000000, 0.000000, 0.000000, 0.000000, 0.000000, 0.000000, 0.000000, 0.000000, 0.000000, 0.000000, 0.000000, 0.000000, 0.000000, 0.000000, 0.000000, 
0.000000, 0.000000, 0.000000, 0.000000, 0.000000, 0.000000, 0.000000, 0.000000, 0.000000, 0.000000, 0.000000, 0.000000, 0.000000, 0.000000, 0.000000, 0.000000, 0.000000, 0.000000, 0.000000, 0.000000, 0.000000, 0.000000, 0.000000, 0.000000, 0.000000, 0.000000, 0.000000, 0.000000, 0.000000, 0.000000, 0.000000, 0.000000, 0.000000, 0.000000, 0.000000, 0.000000, 0.000000, 0.000000, 0.000000, 0.000000, 0.000000, 0.000000, 0.000000, 0.000000, 0.000000, 0.000000, 0.000000, 0.000000, 0.000000, 0.000000, 0.000000, 0.000000, 0.000000, 0.000000, 0.000000, 0.000000, 0.000000, 0.000000, 0.000000, 0.000000, 0.000000, 0.000000, 0.000000, 0.000000, 0.000000, 0.000000, 0.000000, 0.000000, 0.000000, 0.000000, 0.000000, 0.000000, 0.000000, 0.000000, 0.000000, 0.000000, 0.000000, 0.000000, 0.000000, 0.000000, 0.000000, 0.000000, 0.000000, 0.000000, 0.000000, 0.000000, 0.000000, 0.000000, 0.000000, 0.000000, 0.000000, 0.000000, 0.000000, 0.000000, 0.000000, 0.000000, 0.000000, 0.000000, 0.000000, 0.000000, 0.000000, 0.000000, 0.000000, 0.000000, 0.000000, 0.000000, 0.000000, 0.000000, 0.000000, 0.000000, 0.000000, 0.000000, 0.000000, 0.000000, 0.000000, 0.000000, 0.000000, 0.000000, 0.000000, 0.000000, 0.000000, 0.000000, 0.000000, 0.000000, 0.000000, 0.000000, 0.000000, 0.000000, 0.000000, 0.000000, 0.000000, 0.000000, 0.000000, 0.000000, 0.000000, 0.000000, 0.000000, 0.000000, 0.000000, 0.000000, 0.000000, 0.000000, 0.000000, 0.000000, 0.000000, 0.000000, 0.000000, 0.000000, 0.000000, 0.000000, 0.000000, 0.000000, 0.000000, 0.000000, 0.000000, 0.000000, 0.000000, 0.000000, 0.000000, 0.000000, 
0.000000, 0.000000, 0.000000, 0.000000, 0.000000, 0.000000, 0.000000, 0.000000, 0.000000, 0.000000, 0.000000, 0.000000, 0.000000, 0.000000, 0.000000, 0.000000, 0.000000, 0.000000, 0.000000, 0.000000, 0.000000, 0.000000, 0.000000, 0.000000, 0.000000, 0.000000, 0.000000, 0.000000, 0.000000, 0.000000, 0.000000, 0.000000, 0.000000, 0.000000, 0.000000, 0.000000, 0.000000, 0.000000, 0.000000, 0.000000, 0.000000, 0.000000, 0.000000, 0.000000, 0.000000, 0.000000, 0.000000, 0.000000, 0.000000, 0.000000, 0.000000, 0.000000, 0.000000, 0.000000, 0.000000, 0.000000, 0.000000, 0.000000, 0.000000, 0.000000, 0.000000, 0.000000, 0.000000, 0.000000, 0.000000, 0.000000, 0.000000, 0.000000, 0.000000, 0.000000, 0.000000, 0.000000, 0.000000, 0.000000, 0.000000, 0.000000, 0.000000, 0.000000, 0.000000, 0.000000, 0.000000, 0.000000, 0.000000, 0.000000, 0.000000, 0.000000, 0.000000, 0.000000, 0.000000, 0.000000, 0.000000, 0.000000, 0.000000, 0.000000, 0.000000, 0.000000, 0.000000, 0.000000, 0.000000, 0.000000, 0.000000, 0.000000, 0.000000, 0.000000, 0.000000, 0.000000, 0.000000, 0.000000, 0.000000, 0.000000, 0.000000, 0.000000, 0.000000, 0.000000, 0.000000, 0.000000, 0.000000, 0.000000, 0.000000, 0.000000, 0.000000, 0.000000, 0.000000, 0.000000, 0.000000, 0.000000, 0.000000, 0.000000, 0.000000, 0.000000, 0.000000, 0.000000, 0.000000, 0.000000, 0.000000, 0.000000, 0.000000, 0.000000, 0.000000, 0.000000, 0.000000, 0.000000, 0.000000, 0.000000, 0.000000, 0.000000, 0.000000, 0.000000, 0.000000, 0.000000, 0.000000, 0.000000, 0.000000, 0.000000, 0.000000, 0.000000, 0.000000, 0.000000, 0.000000, 0.000000, 
0.000000, 0.000000, 0.000000, 0.000000, 0.000000, 0.000000, 0.000000, 0.000000, 0.000000, 0.000000, 0.000000, 0.000000, 0.000000, 0.000000, 0.000000, 0.000000, 0.000000, 0.000000, 0.000000, 0.000000, 0.000000, 0.000000, 0.000000, 0.000000, 0.000000, 0.000000, 0.000000, 0.000000, 0.000000, 0.000000, 0.000000, 0.000000, 0.000000, 0.000000, 0.000000, 0.000000, 0.000000, 0.000000, 0.000000, 0.000000, 0.000000, 0.000000, 0.000000, 0.000000, 0.000000, 0.000000, 0.000000, 0.000000, 0.000000, 0.000000, 0.000000, 0.000000, 0.000000, 0.000000, 0.000000, 0.000000, 0.000000, 0.000000, 0.000000, 0.000000, 0.000000, 0.000000, 0.000000, 0.000000, 0.000000, 0.000000, 0.000000, 0.000000, 0.000000, 0.000000, 0.000000, 0.000000, 0.000000, 0.000000, 0.000000, 0.000000, 0.000000, 0.000000, 0.000000, 0.000000, 0.000000, 0.000000, 0.000000, 0.000000, 0.000000, 0.000000, 0.000000, 0.000000, 0.000000, 0.000000, 0.000000, 0.000000, 0.000000, 0.000000, 0.000000, 0.000000, 0.000000, 0.000000, 0.000000, 0.000000, 0.000000, 0.000000, 0.000000, 0.000000, 0.000000, 0.000000, 0.000000, 0.000000, 0.000000, 0.000000, 0.000000, 0.000000, 0.000000, 0.000000, 0.000000, 0.000000, 0.000000, 0.000000, 0.000000, 0.000000, 0.000000, 0.000000, 0.000000, 0.000000, 0.000000, 0.000000, 0.000000, 0.000000, 0.000000, 0.000000, 0.000000, 0.000000, 0.000000, 0.000000, 0.000000, 0.000000, 0.000000, 0.000000, 0.000000, 0.000000, 0.000000, 0.000000, 0.000000, 0.000000, 0.000000, 0.000000, 0.000000, 0.000000, 0.000000, 0.000000, 0.000000, 0.000000, 0.000000, 0.000000, 0.000000, 0.000000, 0.000000, 0.000000, 0.000000, 0.000000, 
0.000001, 0.000001, 0.000001, 0.000001, 0.000001, 0.000001, 0.000001, 0.000001, 0.000001, 0.000001, 0.000002, 0.000002, 0.000002, 0.000002, 0.000002, 0.000002, 0.000002, 0.000003, 0.000003, 0.000003, 0.000002, 0.000001, 0.000001, 0.000001, 0.000001, 0.000001, 0.000001, 0.000001, 0.000001, 0.000001, 0.000001, 0.000001, 0.000001, 0.000001, 0.000001, 0.000001, 0.000001, 0.000001, 0.000001, 0.000001, 0.000002, 0.000002, 0.000002, 0.000002, 0.000002, 0.000002, 0.000002, 0.000002, 0.000002, 0.000001, 0.000001, 0.000001, 0.000001, 0.000001, 0.000001, 0.000001, 0.000001, 0.000001, 0.000001, 0.000001, 0.000001, 0.000001, 0.000001, 0.000001, 0.000001, 0.000001, 0.000001, 0.000001, 0.000001, 0.000001, 0.000001, 0.000001, 0.000001, 0.000001, 0.000001, 0.000001, 0.000001, 0.000001, 0.000001, 0.000001, 0.000002, 0.000001, 0.000001, 0.000001, 0.000001, 0.000001, 0.000001, 0.000001, 0.000001, 0.000001, 0.000001, 0.000001, 0.000001, 0.000001, 0.000001, 0.000001, 0.000001, 0.000001, 0.000001, 0.000002, 0.000001, 0.000001, 0.000001, 0.000001, 0.000001, 0.000001, 0.000001, 0.000001, 0.000001, 0.000001, 0.000002, 0.000002, 0.000002, 0.000002, 0.000002, 0.000002, 0.000002, 0.000003, 0.000003, 0.000003, 0.000001, 0.000001, 0.000001, 0.000001, 0.000001, 0.000001, 0.000001, 0.000001, 0.000001, 0.000001, 0.000002, 0.000002, 0.000002, 0.000002, 0.000002, 0.000002, 0.000002, 0.000002, 0.000002, 0.000002, 0.000001, 0.000001, 0.000001, 0.000001, 0.000001, 0.000001, 0.000002, 0.000001, 0.000001, 0.000001, 0.000001, 0.000001, 0.000001, 0.000001, 0.000001, 0.000001, 0.000001, 0.000001, 0.000001, 0.000001, 
0.000006, 0.000007, 0.000008, 0.000009, 0.000011, 0.000012, 0.000014, 0.000017, 0.000019, 0.000022, 0.000026, 0.000030, 0.000034, 0.000039, 0.000045, 0.000051, 0.000059, 0.000068, 0.000077, 0.000088, 0.000024, 0.000024, 0.000024, 0.000024, 0.000024, 0.000024, 0.000024, 0.000024, 0.000024, 0.000024, 0.000024, 0.000024, 0.000024, 0.000024, 0.000024, 0.000024, 0.000024, 0.000024, 0.000024, 0.000024, 0.000026, 0.000025, 0.000025, 0.000025, 0.000025, 0.000024, 0.000024, 0.000024, 0.000024, 0.000024, 0.000024, 0.000024, 0.000023, 0.000023, 0.000023, 0.000023, 0.000023, 0.000023, 0.000023, 0.000023, 0.000024, 0.000024, 0.000024, 0.000024, 0.000024, 0.000024, 0.000024, 0.000024, 0.000024, 0.000024, 0.000024, 0.000024, 0.000024, 0.000024, 0.000024, 0.000024, 0.000024, 0.000024, 0.000024, 0.000024, 0.000024, 0.000024, 0.000024, 0.000024, 0.000024, 0.000024, 0.000024, 0.000024, 0.000024, 0.000024, 0.000024, 0.000024, 0.000024, 0.000024, 0.000024, 0.000024, 0.000024, 0.000024, 0.000024, 0.000024, 0.000011, 0.000012, 0.000013, 0.000014, 0.000015, 0.000017, 0.000018, 0.000020, 0.000021, 0.000023, 0.000025, 0.000026, 0.000028, 0.000030, 0.000032, 0.000034, 0.000037, 0.000039, 0.000041, 0.000044, 0.000018, 0.000018, 0.000019, 0.000020, 0.000020, 0.000021, 0.000022, 0.000022, 0.000023, 0.000023, 0.000024, 0.000025, 0.000025, 0.000026, 0.000027, 0.000027, 0.000028, 0.000029, 0.000029, 0.000030, 0.000024, 0.000024, 0.000024, 0.000024, 0.000024, 0.000024, 0.000024, 0.000024, 0.000024, 0.000024, 0.000024, 0.000024, 0.000024, 0.000024, 0.000024, 0.000024, 0.000024, 0.000024, 0.000024, 0.000024, 
0.000047, 0.000058, 0.000071, 0.000087, 0.000107, 0.000131, 0.000160, 0.000195, 0.000235, 0.000286, 0.000345, 0.000416, 0.000496, 0.000590, 0.000701, 0.000833, 0.000982, 0.001154, 0.001352, 0.001566, 0.000314, 0.000313, 0.000315, 0.000312, 0.000313, 0.000312, 0.000314, 0.000311, 0.000314, 0.000313, 0.000312, 0.000314, 0.000313, 0.000312, 0.000311, 0.000313, 0.000311, 0.000312, 0.000311, 0.000312, 0.000328, 0.000328, 0.000325, 0.000324, 0.000321, 0.000318, 0.000318, 0.000315, 0.000315, 0.000313, 0.000314, 0.000310, 0.000308, 0.000307, 0.000306, 0.000304, 0.000305, 0.000303, 0.000301, 0.000301, 0.000311, 0.000313, 0.000313, 0.000312, 0.000313, 0.000313, 0.000313, 0.000313, 0.000310, 0.000314, 0.000312, 0.000311, 0.000312, 0.000314, 0.000314, 0.000311, 0.000313, 0.000313, 0.000313, 0.000312, 0.000316, 0.000314, 0.000314, 0.000313, 0.000313, 0.000314, 0.000313, 0.000314, 0.000313, 0.000312, 0.000313, 0.000312, 0.000314, 0.000312, 0.000312, 0.000312, 0.000310, 0.000313, 0.000312, 0.000315, 0.000152, 0.000166, 0.000181, 0.000195, 0.000212, 0.000229, 0.000246, 0.000264, 0.000285, 0.000303, 0.000325, 0.000344, 0.000365, 0.000386, 0.000410, 0.000432, 0.000459, 0.000481, 0.000509, 0.000535, 0.000235, 0.000242, 0.000251, 0.000261, 0.000268, 0.000276, 0.000285, 0.000294, 0.000302, 0.000307, 0.000317, 0.000328, 0.000333, 0.000341, 0.000349, 0.000358, 0.000364, 0.000375, 0.000380, 0.000389, 0.000314, 0.000314, 0.000314, 0.000315, 0.000315, 0.000315, 0.000315, 0.000313, 0.000314, 0.000313, 0.000314, 0.000313, 0.000311, 0.000313, 0.000311, 0.000310, 0.000313, 0.000311, 0.000310, 0.000311, 
0.000322, 0.000413, 0.000526, 0.000664, 0.000835, 0.001047, 0.001301, 0.001606, 0.001943, 0.002372, 0.002847, 0.003398, 0.003949, 0.004574, 0.005268, 0.006009, 0.006761, 0.007519, 0.008313, 0.008964, 0.002591, 0.002587, 0.002602, 0.002573, 0.002584, 0.002578, 0.002595, 0.002569, 0.002588, 0.002585, 0.002581, 0.002592, 0.002592, 0.002580, 0.002571, 0.002586, 0.002579, 0.002574, 0.002573, 0.002577, 0.002584, 0.002607, 0.002586, 0.002606, 0.002591, 0.002589, 0.002594, 0.002583, 0.002587, 0.002575, 0.002597, 0.002571, 0.002567, 0.002567, 0.002558, 0.002553, 0.002564, 0.002549, 0.002541, 0.002550, 0.002567, 0.002584, 0.002584, 0.002572, 0.002582, 0.002589, 0.002585, 0.002586, 0.002568, 0.002591, 0.002584, 0.002570, 0.002580, 0.002586, 0.002599, 0.002573, 0.002593, 0.002591, 0.002590, 0.002582, 0.002617, 0.002605, 0.002606, 0.002590, 0.002592, 0.002598, 0.002589, 0.002598, 0.002586, 0.002580, 0.002592, 0.002576, 0.002591, 0.002570, 0.002566, 0.002565, 0.002565, 0.002580, 0.002578, 0.002586, 0.001499, 0.001602, 0.001711, 0.001810, 0.001932, 0.002055, 0.002171, 0.002282, 0.002419, 0.002536, 0.002660, 0.002770, 0.002887, 0.002997, 0.003126, 0.003252, 0.003399, 0.003496, 0.003654, 0.003782, 0.001945, 0.002007, 0.002080, 0.002160, 0.002221, 0.002282, 0.002362, 0.002427, 0.002499, 0.002541, 0.002624, 0.002715, 0.002747, 0.002812, 0.002870, 0.002951, 0.002999, 0.003094, 0.003131, 0.003196, 0.002618, 0.002611, 0.002614, 0.002612, 0.002619, 0.002610, 0.002610, 0.002598, 0.002590, 0.002595, 0.002589, 0.002589, 0.002570, 0.002579, 0.002564, 0.002543, 0.002574, 0.002549, 0.002532, 0.002543, 
0.001693, 0.002161, 0.002726, 0.003375, 0.004122, 0.004974, 0.005871, 0.006861, 0.007741, 0.008810, 0.009776, 0.010680, 0.011312, 0.011988, 0.012588, 0.013038, 0.013446, 0.013714, 0.014018, 0.013951, 0.009271, 0.009221, 0.009290, 0.009153, 0.009230, 0.009206, 0.009258, 0.009168, 0.009204, 0.009248, 0.009238, 0.009242, 0.009268, 0.009217, 0.009182, 0.009201, 0.009245, 0.009201, 0.009179, 0.009193, 0.008584, 0.008797, 0.008757, 0.008960, 0.008930, 0.009058, 0.009089, 0.009092, 0.009148, 0.009177, 0.009302, 0.009239, 0.009246, 0.009318, 0.009299, 0.009322, 0.009393, 0.009345, 0.009314, 0.009399, 0.009112, 0.009203, 0.009217, 0.009155, 0.009178, 0.009226, 0.009215, 0.009225, 0.009177, 0.009254, 0.009223, 0.009164, 0.009239, 0.009214, 0.009309, 0.009189, 0.009293, 0.009305, 0.009296, 0.009223, 0.009362, 0.009333, 0.009340, 0.009214, 0.009247, 0.009276, 0.009245, 0.009285, 0.009214, 0.009245, 0.009265, 0.009160, 0.009258, 0.009144, 0.009139, 0.009139, 0.009170, 0.009190, 0.009220, 0.009203, 0.007091, 0.007319, 0.007565, 0.007773, 0.008051, 0.008333, 0.008549, 0.008752, 0.009007, 0.009197, 0.009373, 0.009529, 0.009683, 0.009798, 0.009940, 0.010151, 0.010399, 0.010403, 0.010711, 0.010839, 0.006958, 0.007163, 0.007428, 0.007738, 0.007945, 0.008171, 0.008468, 0.008678, 0.008940, 0.009068, 0.009386, 0.009720, 0.009790, 0.009998, 0.010197, 0.010518, 0.010642, 0.010987, 0.011117, 0.011298, 0.009427, 0.009426, 0.009422, 0.009358, 0.009400, 0.009364, 0.009367, 0.009309, 0.009200, 0.009288, 0.009241, 0.009249, 0.009169, 0.009166, 0.009146, 0.009016, 0.009151, 0.009005, 0.008912, 0.008986, 
0.005731, 0.006855, 0.008046, 0.009181, 0.010283, 0.011269, 0.012076, 0.012819, 0.013166, 0.013750, 0.014171, 0.014436, 0.014396, 0.014496, 0.014634, 0.014636, 0.014726, 0.014679, 0.014759, 0.014510, 0.013980, 0.013860, 0.013926, 0.013744, 0.013902, 0.013823, 0.013924, 0.013745, 0.013823, 0.013933, 0.013912, 0.013912, 0.013955, 0.013835, 0.013829, 0.013808, 0.013919, 0.013847, 0.013787, 0.013793, 0.012490, 0.012898, 0.012862, 0.013252, 0.013205, 0.013502, 0.013554, 0.013574, 0.013712, 0.013796, 0.014011, 0.013932, 0.013932, 0.014155, 0.014099, 0.014175, 0.014297, 0.014240, 0.014147, 0.014323, 0.013587, 0.013763, 0.013838, 0.013691, 0.013780, 0.013844, 0.013841, 0.013844, 0.013779, 0.013919, 0.013883, 0.013744, 0.013954, 0.013878, 0.014050, 0.013855, 0.014024, 0.014042, 0.014034, 0.013903, 0.014048, 0.014057, 0.014059, 0.013784, 0.013873, 0.013937, 0.013853, 0.013939, 0.013839, 0.013913, 0.013930, 0.013723, 0.013950, 0.013703, 0.013745, 0.013753, 0.013778, 0.013835, 0.013900, 0.013829, 0.013202, 0.013228, 0.013312, 0.013352, 0.013491, 0.013677, 0.013724, 0.013796, 0.013902, 0.013965, 0.014001, 0.014003, 0.014004, 0.013999, 0.013960, 0.014088, 0.014275, 0.014064, 0.014341, 0.014379, 0.010485, 0.010805, 0.011197, 0.011676, 0.011980, 0.012326, 0.012769, 0.013055, 0.013476, 0.013618, 0.014092, 0.014637, 0.014723, 0.015012, 0.015230, 0.015811, 0.015918, 0.016441, 0.016657, 0.016859, 0.014252, 0.014219, 0.014253, 0.014105, 0.014200, 0.014132, 0.014120, 0.014039, 0.013761, 0.013932, 0.013896, 0.013915, 0.013800, 0.013704, 0.013749, 0.013498, 0.013735, 0.013451, 0.013349, 0.013495, 
0.011189, 0.012092, 0.012930, 0.013499, 0.013995, 0.014298, 0.014524, 0.014710, 0.014573, 0.014804, 0.014977, 0.015022, 0.014809, 0.014789, 0.014849, 0.014782, 0.014829, 0.014756, 0.014816, 0.014545, 0.014911, 0.014780, 0.014848, 0.014657, 0.014835, 0.014722, 0.014832, 0.014654, 0.014735, 0.014878, 0.014834, 0.014837, 0.014894, 0.014759, 0.014753, 0.014718, 0.014846, 0.014779, 0.014701, 0.014689, 0.013278, 0.013715, 0.013697, 0.014109, 0.014070, 0.014381, 0.014443, 0.014488, 0.014614, 0.014713, 0.014939, 0.014865, 0.014861, 0.015098, 0.015047, 0.015138, 0.015270, 0.015197, 0.015088, 0.015285, 0.014443, 0.014652, 0.014729, 0.014567, 0.014667, 0.014747, 0.014744, 0.014742, 0.014677, 0.014830, 0.014808, 0.014631, 0.014908, 0.014822, 0.015019, 0.014785, 0.014962, 0.014991, 0.014987, 0.014855, 0.014954, 0.014994, 0.014989, 0.014694, 0.014771, 0.014859, 0.014764, 0.014856, 0.014757, 0.014826, 0.014845, 0.014629, 0.014887, 0.014607, 0.014665, 0.014673, 0.014692, 0.014755, 0.014844, 0.014746, 0.014847, 0.014722, 0.014732, 0.014673, 0.014724, 0.014880, 0.014846, 0.014876, 0.014920, 0.014935, 0.014898, 0.014844, 0.014806, 0.014766, 0.014680, 0.014791, 0.014947, 0.014702, 0.014947, 0.014976, 0.011195, 0.011521, 0.011953, 0.012460, 0.012783, 0.013148, 0.013622, 0.013941, 0.014369, 0.014523, 0.015026, 0.015609, 0.015684, 0.016003, 0.016214, 0.016843, 0.016944, 0.017499, 0.017729, 0.017937, 0.015218, 0.015156, 0.015221, 0.015062, 0.015147, 0.015089, 0.015069, 0.014959, 0.014645, 0.014838, 0.014811, 0.014839, 0.014712, 0.014602, 0.014685, 0.014384, 0.014636, 0.014321, 0.014220, 0.014400, 
0.014186, 0.014406, 0.014679, 0.014763, 0.014903, 0.014930, 0.014965, 0.015012, 0.014772, 0.014944, 0.015080, 0.015088, 0.014857, 0.014818, 0.014871, 0.014795, 0.014836, 0.014762, 0.014820, 0.014547, 0.015033, 0.014894, 0.014964, 0.014772, 0.014954, 0.014833, 0.014949, 0.014768, 0.014851, 0.014997, 0.014956, 0.014956, 0.015016, 0.014874, 0.014871, 0.014830, 0.014966, 0.014902, 0.014813, 0.014802, 0.013387, 0.013824, 0.013815, 0.014230, 0.014192, 0.014497, 0.014560, 0.014608, 0.014729, 0.014831, 0.015057, 0.014979, 0.014978, 0.015218, 0.015163, 0.015252, 0.015383, 0.015313, 0.015197, 0.015399, 0.014547, 0.014757, 0.014839, 0.014670, 0.014772, 0.014859, 0.014862, 0.014854, 0.014789, 0.014941, 0.014925, 0.014745, 0.015030, 0.014940, 0.015141, 0.014903, 0.015078, 0.015114, 0.015120, 0.014980, 0.015067, 0.015106, 0.015105, 0.014811, 0.014885, 0.014979, 0.014880, 0.014968, 0.014870, 0.014934, 0.014957, 0.014746, 0.015005, 0.014727, 0.014781, 0.014792, 0.014808, 0.014873, 0.014963, 0.014860, 0.015072, 0.014920, 0.014923, 0.014848, 0.014885, 0.015036, 0.014986, 0.015010, 0.015048, 0.015057, 0.015013, 0.014950, 0.014906, 0.014861, 0.014770, 0.014880, 0.015034, 0.014779, 0.015021, 0.015051, 0.011284, 0.011616, 0.012053, 0.012560, 0.012885, 0.013252, 0.013727, 0.014049, 0.014485, 0.014634, 0.015139, 0.015726, 0.015804, 0.016126, 0.016339, 0.016969, 0.017080, 0.017629, 0.017864, 0.018077, 0.015346, 0.015278, 0.015344, 0.015183, 0.015266, 0.015214, 0.015196, 0.015074, 0.014752, 0.014951, 0.014930, 0.014953, 0.014825, 0.014712, 0.014805, 0.014496, 0.014751, 0.014431, 0.014330, 0.014515, 
0.015047, 0.014972, 0.015049, 0.015013, 0.015062, 0.015035, 0.015032, 0.015053, 0.014799, 0.014961, 0.015094, 0.015097, 0.014863, 0.014822, 0.014874, 0.014796, 0.014837, 0.014763, 0.014821, 0.014547, 0.015048, 0.014909, 0.014977, 0.014787, 0.014967, 0.014847, 0.014964, 0.014781, 0.014865, 0.015011, 0.014970, 0.014971, 0.015033, 0.014888, 0.014884, 0.014844, 0.014980, 0.014920, 0.014828, 0.014815, 0.013402, 0.013840, 0.013831, 0.014247, 0.014210, 0.014513, 0.014574, 0.014622, 0.014747, 0.014849, 0.015071, 0.014993, 0.014993, 0.015232, 0.015178, 0.015265, 0.015396, 0.015325, 0.015212, 0.015414, 0.014559, 0.014772, 0.014852, 0.014682, 0.014785, 0.014870, 0.014875, 0.014868, 0.014801, 0.014954, 0.014946, 0.014759, 0.015046, 0.014955, 0.015155, 0.014920, 0.015092, 0.015130, 0.015137, 0.014997, 0.015081, 0.015121, 0.015119, 0.014824, 0.014900, 0.014993, 0.014900, 0.014982, 0.014887, 0.014946, 0.014970, 0.014761, 0.015021, 0.014746, 0.014794, 0.014807, 0.014822, 0.014892, 0.014976, 0.014875, 0.015097, 0.014945, 0.014947, 0.014868, 0.014906, 0.015056, 0.015003, 0.015028, 0.015063, 0.015070, 0.015028, 0.014963, 0.014920, 0.014872, 0.014782, 0.014891, 0.015045, 0.014788, 0.015029, 0.015060, 0.011295, 0.011627, 0.012064, 0.012571, 0.012898, 0.013264, 0.013739, 0.014063, 0.014500, 0.014646, 0.015152, 0.015741, 0.015822, 0.016142, 0.016353, 0.016986, 0.017100, 0.017644, 0.017879, 0.018096, 0.015361, 0.015292, 0.015360, 0.015199, 0.015280, 0.015229, 0.015210, 0.015089, 0.014764, 0.014963, 0.014944, 0.014966, 0.014839, 0.014726, 0.014820, 0.014511, 0.014765, 0.014444, 0.014343, 0.014527, 
0.015242, 0.015089, 0.015121, 0.015055, 0.015090, 0.015056, 0.015043, 0.015061, 0.014805, 0.014965, 0.015098, 0.015100, 0.014866, 0.014826, 0.014878, 0.014800, 0.014842, 0.014768, 0.014827, 0.014555, 0.015053, 0.014913, 0.014981, 0.014790, 0.014970, 0.014851, 0.014967, 0.014784, 0.014869, 0.015014, 0.014973, 0.014975, 0.015039, 0.014891, 0.014887, 0.014848, 0.014984, 0.014924, 0.014831, 0.014819, 0.013407, 0.013844, 0.013835, 0.014252, 0.014214, 0.014516, 0.014578, 0.014626, 0.014750, 0.014853, 0.015074, 0.014997, 0.014998, 0.015235, 0.015181, 0.015269, 0.015400, 0.015328, 0.015215, 0.015418, 0.014563, 0.014776, 0.014855, 0.014685, 0.014788, 0.014873, 0.014878, 0.014871, 0.014804, 0.014957, 0.014950, 0.014763, 0.015050, 0.014958, 0.015159, 0.014924, 0.015096, 0.015134, 0.015141, 0.015001, 0.015085, 0.015124, 0.015121, 0.014826, 0.014904, 0.014997, 0.014905, 0.014988, 0.014890, 0.014950, 0.014974, 0.014765, 0.015024, 0.014749, 0.014797, 0.014811, 0.014826, 0.014895, 0.014980, 0.014878, 0.015101, 0.014949, 0.014950, 0.014870, 0.014910, 0.015059, 0.015006, 0.015031, 0.015066, 0.015073, 0.015032, 0.014966, 0.014924, 0.014876, 0.014786, 0.014895, 0.015049, 0.014792, 0.015033, 0.015065, 0.011299, 0.011629, 0.012066, 0.012574, 0.012901, 0.013266, 0.013742, 0.014065, 0.014503, 0.014649, 0.015155, 0.015745, 0.015826, 0.016145, 0.016357, 0.016991, 0.017105, 0.017648, 0.017883, 0.018101, 0.015365, 0.015296, 0.015366, 0.015202, 0.015283, 0.015233, 0.015214, 0.015093, 0.014768, 0.014967, 0.014948, 0.014969, 0.014843, 0.014729, 0.014824, 0.014514, 0.014768, 0.014447, 0.014346, 0.014530, 
0.015287, 0.015116, 0.015141, 0.015067, 0.015102, 0.015066, 0.015052, 0.015074, 0.014818, 0.014981, 0.015118, 0.015122, 0.014896, 0.014860, 0.014918, 0.014845, 0.014894, 0.014829, 0.014900, 0.014637, 0.015071, 0.014932, 0.015000, 0.014807, 0.014987, 0.014868, 0.014984, 0.014801, 0.014886, 0.015031, 0.014991, 0.014993, 0.015057, 0.014909, 0.014905, 0.014865, 0.015001, 0.014941, 0.014848, 0.014836, 0.013426, 0.013862, 0.013855, 0.014270, 0.014232, 0.014535, 0.014597, 0.014644, 0.014767, 0.014871, 0.015092, 0.015014, 0.015014, 0.015252, 0.015198, 0.015286, 0.015417, 0.015346, 0.015231, 0.015434, 0.014582, 0.014795, 0.014873, 0.014704, 0.014807, 0.014892, 0.014896, 0.014888, 0.014823, 0.014975, 0.014968, 0.014779, 0.015068, 0.014976, 0.015176, 0.014940, 0.015113, 0.015151, 0.015157, 0.015017, 0.015098, 0.015137, 0.015135, 0.014841, 0.014918, 0.015013, 0.014920, 0.015004, 0.014906, 0.014968, 0.014992, 0.014784, 0.015044, 0.014768, 0.014817, 0.014831, 0.014846, 0.014917, 0.015002, 0.014900, 0.015108, 0.014956, 0.014959, 0.014880, 0.014921, 0.015071, 0.015019, 0.015045, 0.015081, 0.015090, 0.015049, 0.014986, 0.014945, 0.014899, 0.014811, 0.014920, 0.015076, 0.014823, 0.015066, 0.015097, 0.011312, 0.011643, 0.012079, 0.012588, 0.012916, 0.013282, 0.013758, 0.014082, 0.014520, 0.014666, 0.015172, 0.015764, 0.015845, 0.016164, 0.016376, 0.017011, 0.017126, 0.017668, 0.017905, 0.018122, 0.015383, 0.015313, 0.015384, 0.015221, 0.015300, 0.015251, 0.015231, 0.015110, 0.014786, 0.014984, 0.014965, 0.014986, 0.014861, 0.014746, 0.014842, 0.014532, 0.014786, 0.014464, 0.014363, 0.014548, 
0.015306, 0.015134, 0.015162, 0.015091, 0.015130, 0.015101, 0.015095, 0.015129, 0.014881, 0.015060, 0.015211, 0.015224, 0.015028, 0.015010, 0.015078, 0.015030, 0.015104, 0.015073, 0.015167, 0.014936, 0.015156, 0.015018, 0.015089, 0.014891, 0.015068, 0.014951, 0.015063, 0.014885, 0.014971, 0.015118, 0.015075, 0.015079, 0.015145, 0.014993, 0.014989, 0.014949, 0.015085, 0.015027, 0.014932, 0.014919, 0.013514, 0.013947, 0.013945, 0.014357, 0.014322, 0.014625, 0.014685, 0.014728, 0.014849, 0.014952, 0.015176, 0.015101, 0.015097, 0.015335, 0.015280, 0.015369, 0.015497, 0.015433, 0.015310, 0.015515, 0.014676, 0.014887, 0.014959, 0.014796, 0.014898, 0.014983, 0.014980, 0.014975, 0.014913, 0.015060, 0.015055, 0.014858, 0.015155, 0.015058, 0.015258, 0.015020, 0.015195, 0.015231, 0.015235, 0.015093, 0.015161, 0.015201, 0.015201, 0.014912, 0.014987, 0.015090, 0.014998, 0.015082, 0.014985, 0.015050, 0.015081, 0.014876, 0.015133, 0.014857, 0.014912, 0.014928, 0.014945, 0.015021, 0.015106, 0.015005, 0.015147, 0.014999, 0.015007, 0.014929, 0.014983, 0.015133, 0.015083, 0.015115, 0.015156, 0.015170, 0.015134, 0.015080, 0.015044, 0.015004, 0.014918, 0.015033, 0.015195, 0.014958, 0.015206, 0.015232, 0.011378, 0.011708, 0.012144, 0.012654, 0.012990, 0.013357, 0.013837, 0.014164, 0.014598, 0.014749, 0.015255, 0.015850, 0.015939, 0.016253, 0.016468, 0.017107, 0.017223, 0.017764, 0.018008, 0.018224, 0.015467, 0.015399, 0.015470, 0.015310, 0.015382, 0.015336, 0.015314, 0.015192, 0.014875, 0.015069, 0.015047, 0.015068, 0.014946, 0.014831, 0.014928, 0.014616, 0.014872, 0.014547, 0.014446, 0.014636, 
0.015359, 0.015197, 0.015242, 0.015188, 0.015245, 0.015248, 0.015270, 0.015337, 0.015108, 0.015338, 0.015517, 0.015567, 0.015430, 0.015454, 0.015549, 0.015575, 0.015703, 0.015775, 0.015930, 0.015773, 0.015451, 0.015309, 0.015389, 0.015177, 0.015356, 0.015236, 0.015347, 0.015170, 0.015257, 0.015416, 0.015362, 0.015379, 0.015437, 0.015287, 0.015269, 0.015245, 0.015368, 0.015322, 0.015220, 0.015201, 0.013815, 0.014246, 0.014246, 0.014658, 0.014624, 0.014928, 0.014985, 0.015017, 0.015140, 0.015237, 0.015465, 0.015398, 0.015389, 0.015622, 0.015568, 0.015656, 0.015777, 0.015726, 0.015588, 0.015782, 0.014987, 0.015207, 0.015258, 0.015112, 0.015210, 0.015287, 0.015275, 0.015271, 0.015215, 0.015346, 0.015355, 0.015137, 0.015442, 0.015337, 0.015531, 0.015294, 0.015472, 0.015495, 0.015501, 0.015354, 0.015377, 0.015426, 0.015424, 0.015157, 0.015225, 0.015346, 0.015271, 0.015344, 0.015258, 0.015329, 0.015383, 0.015189, 0.015442, 0.015169, 0.015236, 0.015253, 0.015291, 0.015381, 0.015466, 0.015367, 0.015313, 0.015176, 0.015193, 0.015120, 0.015201, 0.015362, 0.015316, 0.015374, 0.015420, 0.015450, 0.015428, 0.015397, 0.015372, 0.015344, 0.015261, 0.015397, 0.015569, 0.015373, 0.015622, 0.015647, 0.011600, 0.011933, 0.012371, 0.012890, 0.013241, 0.013613, 0.014107, 0.014452, 0.014867, 0.015036, 0.015552, 0.016149, 0.016254, 0.016561, 0.016788, 0.017437, 0.017555, 0.018103, 0.018359, 0.018570, 0.015755, 0.015687, 0.015762, 0.015610, 0.015667, 0.015620, 0.015597, 0.015480, 0.015169, 0.015366, 0.015333, 0.015350, 0.015230, 0.015118, 0.015214, 0.014901, 0.015164, 0.014831, 0.014726, 0.014934, 
0.015514, 0.015379, 0.015465, 0.015452, 0.015538, 0.015607, 0.015686, 0.015803, 0.015622, 0.015942, 0.016199, 0.016328, 0.016285, 0.016415, 0.016594, 0.016772, 0.017035, 0.017226, 0.017553, 0.017545, 0.016090, 0.015943, 0.016024, 0.015810, 0.016000, 0.015869, 0.015994, 0.015806, 0.015897, 0.016062, 0.015989, 0.016045, 0.016068, 0.015931, 0.015889, 0.015884, 0.015988, 0.015972, 0.015852, 0.015822, 0.014480, 0.014912, 0.014919, 0.015330, 0.015273, 0.015597, 0.015645, 0.015676, 0.015775, 0.015851, 0.016105, 0.016046, 0.016025, 0.016257, 0.016205, 0.016277, 0.016400, 0.016346, 0.016193, 0.016368, 0.015676, 0.015911, 0.015943, 0.015797, 0.015878, 0.015946, 0.015932, 0.015910, 0.015863, 0.015974, 0.016001, 0.015772, 0.016059, 0.015947, 0.016138, 0.015895, 0.016078, 0.016080, 0.016096, 0.015938, 0.015858, 0.015918, 0.015925, 0.015706, 0.015772, 0.015900, 0.015858, 0.015923, 0.015862, 0.015948, 0.016023, 0.015852, 0.016131, 0.015860, 0.015955, 0.015980, 0.016043, 0.016163, 0.016260, 0.016167, 0.015713, 0.015610, 0.015633, 0.015576, 0.015698, 0.015881, 0.015858, 0.015956, 0.016007, 0.016077, 0.016085, 0.016081, 0.016076, 0.016076, 0.016024, 0.016175, 0.016373, 0.016232, 0.016498, 0.016516, 0.012076, 0.012429, 0.012886, 0.013428, 0.013786, 0.014164, 0.014698, 0.015067, 0.015480, 0.015650, 0.016211, 0.016796, 0.016914, 0.017266, 0.017492, 0.018153, 0.018279, 0.018865, 0.019140, 0.019347, 0.016389, 0.016321, 0.016397, 0.016255, 0.016311, 0.016244, 0.016229, 0.016112, 0.015809, 0.016015, 0.015967, 0.015976, 0.015846, 0.015749, 0.015823, 0.015530, 0.015798, 0.015460, 0.015340, 0.015584, 
0.015842, 0.015758, 0.015909, 0.015974, 0.016100, 0.016290, 0.016471, 0.016706, 0.016629, 0.017067, 0.017487, 0.017768, 0.017883, 0.018203, 0.018550, 0.018950, 0.019435, 0.019759, 0.020337, 0.020485, 0.017313, 0.017153, 0.017225, 0.017023, 0.017201, 0.017072, 0.017187, 0.017018, 0.017106, 0.017247, 0.017188, 0.017273, 0.017255, 0.017136, 0.017069, 0.017089, 0.017170, 0.017199, 0.017042, 0.016995, 0.015748, 0.016170, 0.016175, 0.016583, 0.016497, 0.016825, 0.016902, 0.016915, 0.016985, 0.017045, 0.017318, 0.017271, 0.017222, 0.017431, 0.017374, 0.017452, 0.017582, 0.017501, 0.017347, 0.017489, 0.016970, 0.017222, 0.017258, 0.017093, 0.017110, 0.017200, 0.017174, 0.017130, 0.017092, 0.017186, 0.017203, 0.016956, 0.017230, 0.017104, 0.017280, 0.017027, 0.017229, 0.017201, 0.017221, 0.017052, 0.016771, 0.016859, 0.016881, 0.016737, 0.016794, 0.016943, 0.016941, 0.017040, 0.017022, 0.017154, 0.017215, 0.017115, 0.017415, 0.017150, 0.017332, 0.017346, 0.017441, 0.017617, 0.017742, 0.017668, 0.016523, 0.016467, 0.016524, 0.016483, 0.016659, 0.016907, 0.016918, 0.017053, 0.017135, 0.017253, 0.017335, 0.017366, 0.017391, 0.017429, 0.017438, 0.017606, 0.017821, 0.017751, 0.018061, 0.018091, 0.012992, 0.013366, 0.013873, 0.014442, 0.014804, 0.015220, 0.015803, 0.016215, 0.016637, 0.016809, 0.017466, 0.018040, 0.018145, 0.018591, 0.018826, 0.019513, 0.019665, 0.020330, 0.020625, 0.020834, 0.017587, 0.017524, 0.017611, 0.017487, 0.017531, 0.017433, 0.017423, 0.017303, 0.017036, 0.017218, 0.017169, 0.017174, 0.017025, 0.016940, 0.017007, 0.016721, 0.016995, 0.016650, 0.016505, 0.016793, 
0.016405, 0.016410, 0.016678, 0.016853, 0.017082, 0.017460, 0.017810, 0.018222, 0.018296, 0.018946, 0.019581, 0.020096, 0.020397, 0.020891, 0.021454, 0.022029, 0.022710, 0.023155, 0.023942, 0.024209, 0.019323, 0.019137, 0.019205, 0.019037, 0.019212, 0.019065, 0.019157, 0.018988, 0.019096, 0.019181, 0.019181, 0.019275, 0.019202, 0.019131, 0.019052, 0.019075, 0.019137, 0.019193, 0.019006, 0.018955, 0.017781, 0.018202, 0.018202, 0.018595, 0.018529, 0.018812, 0.018947, 0.018926, 0.019004, 0.019019, 0.019311, 0.019231, 0.019179, 0.019350, 0.019342, 0.019360, 0.019478, 0.019436, 0.019267, 0.019373, 0.019059, 0.019330, 0.019378, 0.019186, 0.019140, 0.019261, 0.019228, 0.019170, 0.019106, 0.019213, 0.019160, 0.018896, 0.019159, 0.019034, 0.019193, 0.018910, 0.019130, 0.019050, 0.019109, 0.018913, 0.018262, 0.018436, 0.018490, 0.018415, 0.018490, 0.018692, 0.018756, 0.018888, 0.018930, 0.019130, 0.019212, 0.019160, 0.019533, 0.019277, 0.019558, 0.019615, 0.019727, 0.020003, 0.020178, 0.020149, 0.017965, 0.017963, 0.018111, 0.018062, 0.018350, 0.018684, 0.018697, 0.018902, 0.019039, 0.019221, 0.019342, 0.019447, 0.019532, 0.019603, 0.019659, 0.019870, 0.020085, 0.020093, 0.020459, 0.020516, 0.014533, 0.014927, 0.015501, 0.016120, 0.016487, 0.016980, 0.017640, 0.018105, 0.018535, 0.018749, 0.019507, 0.020132, 0.020226, 0.020778, 0.021046, 0.021791, 0.021955, 0.022699, 0.023057, 0.023255, 0.019569, 0.019509, 0.019608, 0.019495, 0.019532, 0.019415, 0.019420, 0.019285, 0.019062, 0.019201, 0.019180, 0.019172, 0.019011, 0.018901, 0.018977, 0.018694, 0.018950, 0.018617, 0.018439, 0.018753, 
0.017308, 0.017444, 0.017886, 0.018234, 0.018648, 0.019252, 0.019794, 0.020419, 0.020694, 0.021626, 0.022368, 0.023109, 0.023569, 0.024144, 0.024864, 0.025497, 0.026227, 0.026680, 0.027510, 0.027732, 0.022067, 0.021910, 0.021923, 0.021810, 0.021950, 0.021835, 0.021926, 0.021725, 0.021839, 0.021898, 0.021885, 0.022004, 0.021923, 0.021874, 0.021780, 0.021775, 0.021843, 0.021941, 0.021747, 0.021681, 0.020503, 0.020933, 0.020898, 0.021338, 0.021300, 0.021548, 0.021736, 0.021642, 0.021744, 0.021744, 0.022045, 0.021914, 0.021889, 0.022024, 0.022022, 0.022006, 0.022134, 0.022138, 0.021915, 0.022008, 0.021821, 0.022187, 0.022249, 0.021972, 0.021913, 0.022050, 0.022015, 0.021932, 0.021872, 0.021958, 0.021878, 0.021570, 0.021842, 0.021747, 0.021889, 0.021555, 0.021792, 0.021668, 0.021776, 0.021551, 0.020368, 0.020612, 0.020721, 0.020720, 0.020844, 0.021129, 0.021237, 0.021434, 0.021520, 0.021816, 0.022032, 0.021997, 0.022471, 0.022273, 0.022591, 0.022720, 0.022839, 0.023267, 0.023480, 0.023535, 0.020184, 0.020230, 0.020473, 0.020420, 0.020812, 0.021231, 0.021220, 0.021486, 0.021717, 0.021940, 0.022119, 0.022219, 0.022423, 0.022475, 0.022593, 0.022831, 0.023100, 0.023083, 0.023517, 0.023554, 0.016640, 0.017097, 0.017731, 0.018399, 0.018849, 0.019375, 0.020183, 0.020694, 0.021154, 0.021442, 0.022280, 0.023021, 0.023112, 0.023746, 0.024082, 0.024936, 0.025088, 0.025944, 0.026384, 0.026554, 0.022340, 0.022257, 0.022374, 0.022225, 0.022306, 0.022220, 0.022170, 0.022038, 0.021845, 0.021953, 0.021948, 0.021922, 0.021766, 0.021611, 0.021702, 0.021432, 0.021658, 0.021326, 0.021110, 0.021412, 
0.018639, 0.018968, 0.019604, 0.020170, 0.020822, 0.021618, 0.022330, 0.023128, 0.023583, 0.024669, 0.025490, 0.026323, 0.026786, 0.027289, 0.028025, 0.028700, 0.029333, 0.029812, 0.030565, 0.030673, 0.025086, 0.024934, 0.025013, 0.024880, 0.025038, 0.024941, 0.025087, 0.024799, 0.024961, 0.024965, 0.024876, 0.025074, 0.025019, 0.024912, 0.024843, 0.024881, 0.024895, 0.025029, 0.024856, 0.024756, 0.023486, 0.023979, 0.023860, 0.024407, 0.024353, 0.024601, 0.024835, 0.024700, 0.024830, 0.024827, 0.025054, 0.024966, 0.024999, 0.025093, 0.025082, 0.025010, 0.025187, 0.025157, 0.024878, 0.024983, 0.024843, 0.025242, 0.025315, 0.025019, 0.024979, 0.025065, 0.025109, 0.024997, 0.024997, 0.025026, 0.024998, 0.024644, 0.024863, 0.024802, 0.024969, 0.024609, 0.024867, 0.024669, 0.024891, 0.024602, 0.022765, 0.023106, 0.023274, 0.023312, 0.023516, 0.023871, 0.024092, 0.024331, 0.024428, 0.024798, 0.025214, 0.025145, 0.025775, 0.025569, 0.025965, 0.026210, 0.026366, 0.026918, 0.027164, 0.027329, 0.022983, 0.023067, 0.023371, 0.023313, 0.023804, 0.024192, 0.024203, 0.024542, 0.024779, 0.025008, 0.025227, 0.025227, 0.025621, 0.025574, 0.025772, 0.025909, 0.026314, 0.026241, 0.026677, 0.026664, 0.019004, 0.019498, 0.020184, 0.020932, 0.021562, 0.022083, 0.023007, 0.023548, 0.024102, 0.024425, 0.025386, 0.026277, 0.026326, 0.027071, 0.027490, 0.028421, 0.028614, 0.029599, 0.030091, 0.030300, 0.025459, 0.025350, 0.025454, 0.025289, 0.025373, 0.025380, 0.025284, 0.025085, 0.024960, 0.025004, 0.025018, 0.025003, 0.024824, 0.024654, 0.024731, 0.024461, 0.024683, 0.024372, 0.024106, 0.024416, 
0.020409, 0.020967, 0.021754, 0.022519, 0.023413, 0.024262, 0.025110, 0.025980, 0.026475, 0.027541, 0.028355, 0.029153, 0.029598, 0.030029, 0.030704, 0.031320, 0.031883, 0.032371, 0.032960, 0.033034, 0.028004, 0.027795, 0.027877, 0.027726, 0.027904, 0.027815, 0.028023, 0.027680, 0.027856, 0.027820, 0.027727, 0.027985, 0.027919, 0.027764, 0.027682, 0.027848, 0.027766, 0.027901, 0.027807, 0.027642, 0.026241, 0.026822, 0.026661, 0.027261, 0.027193, 0.027444, 0.027700, 0.027579, 0.027722, 0.027689, 0.027922, 0.027867, 0.027916, 0.027948, 0.027962, 0.027853, 0.028054, 0.027980, 0.027743, 0.027821, 0.027674, 0.028072, 0.028133, 0.027836, 0.027811, 0.027865, 0.027997, 0.027830, 0.027825, 0.027928, 0.027952, 0.027521, 0.027716, 0.027673, 0.027906, 0.027539, 0.027805, 0.027558, 0.027854, 0.027506, 0.024987, 0.025426, 0.025667, 0.025781, 0.025997, 0.026412, 0.026773, 0.027010, 0.027225, 0.027611, 0.028126, 0.028153, 0.028885, 0.028693, 0.029156, 0.029475, 0.029686, 0.030278, 0.030584, 0.030868, 0.025884, 0.025955, 0.026251, 0.026180, 0.026749, 0.027123, 0.027104, 0.027489, 0.027741, 0.027905, 0.028128, 0.028097, 0.028571, 0.028435, 0.028609, 0.028659, 0.029168, 0.029044, 0.029487, 0.029468, 0.021209, 0.021752, 0.022519, 0.023348, 0.024140, 0.024702, 0.025682, 0.026283, 0.026904, 0.027231, 0.028290, 0.029367, 0.029359, 0.030219, 0.030694, 0.031642, 0.031880, 0.032999, 0.033557, 0.033851, 0.028396, 0.028291, 0.028374, 0.028167, 0.028284, 0.028362, 0.028241, 0.027983, 0.027922, 0.027890, 0.027902, 0.027906, 0.027723, 0.027541, 0.027599, 0.027300, 0.027537, 0.027216, 0.026911, 0.027229, 
0.022522, 0.023233, 0.024148, 0.024978, 0.026012, 0.026842, 0.027733, 0.028554, 0.029028, 0.030016, 0.030764, 0.031502, 0.031907, 0.032234, 0.032888, 0.033347, 0.033865, 0.034323, 0.034929, 0.034949, 0.030492, 0.030152, 0.030285, 0.030150, 0.030382, 0.030266, 0.030407, 0.030051, 0.030320, 0.030228, 0.030152, 0.030410, 0.030353, 0.030156, 0.030106, 0.030297, 0.030185, 0.030292, 0.030293, 0.030049, 0.028519, 0.029173, 0.029026, 0.029706, 0.029617, 0.029819, 0.030095, 0.029989, 0.030167, 0.030147, 0.030396, 0.030380, 0.030321, 0.030330, 0.030453, 0.030248, 0.030499, 0.030426, 0.030214, 0.030297, 0.030069, 0.030462, 0.030515, 0.030201, 0.030241, 0.030210, 0.030446, 0.030193, 0.030221, 0.030410, 0.030452, 0.029964, 0.030143, 0.030149, 0.030409, 0.029988, 0.030293, 0.030037, 0.030365, 0.029944, 0.026887, 0.027390, 0.027669, 0.027809, 0.028117, 0.028586, 0.029035, 0.029308, 0.029606, 0.030070, 0.030563, 0.030668, 0.031482, 0.031309, 0.031847, 0.032175, 0.032485, 0.033147, 0.033472, 0.033869, 0.028466, 0.028541, 0.028800, 0.028679, 0.029302, 0.029652, 0.029574, 0.029965, 0.030233, 0.030378, 0.030593, 0.030483, 0.031009, 0.030790, 0.030969, 0.030975, 0.031550, 0.031356, 0.031835, 0.031773, 0.023035, 0.023660, 0.024488, 0.025394, 0.026301, 0.026898, 0.027984, 0.028603, 0.029257, 0.029641, 0.030740, 0.031986, 0.031964, 0.032877, 0.033417, 0.034434, 0.034692, 0.035825, 0.036445, 0.036791, 0.030899, 0.030766, 0.030828, 0.030574, 0.030735, 0.030861, 0.030687, 0.030429, 0.030407, 0.030332, 0.030325, 0.030338, 0.030161, 0.029965, 0.030012, 0.029751, 0.029971, 0.029583, 0.029252, 0.029570, 
0.024753, 0.025519, 0.026500, 0.027273, 0.028331, 0.029071, 0.029909, 0.030690, 0.031127, 0.032006, 0.032705, 0.033431, 0.033743, 0.033982, 0.034567, 0.034960, 0.035524, 0.035873, 0.036495, 0.036457, 0.032475, 0.032083, 0.032270, 0.032114, 0.032385, 0.032254, 0.032375, 0.031978, 0.032269, 0.032151, 0.032123, 0.032370, 0.032320, 0.032072, 0.032081, 0.032244, 0.032189, 0.032256, 0.032293, 0.032016, 0.030329, 0.031052, 0.030900, 0.031652, 0.031564, 0.031739, 0.031993, 0.031964, 0.032113, 0.032128, 0.032351, 0.032378, 0.032266, 0.032219, 0.032422, 0.032199, 0.032451, 0.032414, 0.032218, 0.032277, 0.031952, 0.032382, 0.032429, 0.032127, 0.032240, 0.032084, 0.032425, 0.032144, 0.032169, 0.032340, 0.032448, 0.031974, 0.032085, 0.032131, 0.032419, 0.031944, 0.032313, 0.032120, 0.032350, 0.031937, 0.028401, 0.028962, 0.029286, 0.029466, 0.029823, 0.030333, 0.030840, 0.031207, 0.031548, 0.032040, 0.032527, 0.032703, 0.033544, 0.033391, 0.034037, 0.034366, 0.034758, 0.035440, 0.035799, 0.036283, 0.030635, 0.030647, 0.030831, 0.030704, 0.031360, 0.031691, 0.031578, 0.031898, 0.032244, 0.032375, 0.032589, 0.032403, 0.032950, 0.032652, 0.032897, 0.032847, 0.033443, 0.033248, 0.033702, 0.033623, 0.024501, 0.025220, 0.026089, 0.027065, 0.028080, 0.028627, 0.029857, 0.030460, 0.031132, 0.031533, 0.032709, 0.034082, 0.034107, 0.035034, 0.035609, 0.036696, 0.036991, 0.038119, 0.038770, 0.039182, 0.032927, 0.032774, 0.032837, 0.032563, 0.032754, 0.032832, 0.032678, 0.032457, 0.032410, 0.032304, 0.032302, 0.032291, 0.032092, 0.031935, 0.031919, 0.031697, 0.031944, 0.031465, 0.031123, 0.031490, 
0.026876, 0.027584, 0.028500, 0.029256, 0.030259, 0.030863, 0.031679, 0.032406, 0.032785, 0.033592, 0.034270, 0.034979, 0.035232, 0.035405, 0.035907, 0.036299, 0.036874, 0.037184, 0.037788, 0.037761, 0.034054, 0.033651, 0.033843, 0.033641, 0.033951, 0.033816, 0.033953, 0.033532, 0.033799, 0.033701, 0.033683, 0.033933, 0.033907, 0.033665, 0.033658, 0.033844, 0.033763, 0.033801, 0.033849, 0.033584, 0.031735, 0.032546, 0.032410, 0.033182, 0.033074, 0.033336, 0.033524, 0.033532, 0.033691, 0.033707, 0.033897, 0.033958, 0.033862, 0.033780, 0.034016, 0.033788, 0.033982, 0.033997, 0.033794, 0.033817, 0.033503, 0.033926, 0.033968, 0.033665, 0.033835, 0.033635, 0.033999, 0.033665, 0.033735, 0.033877, 0.034030, 0.033571, 0.033630, 0.033737, 0.033988, 0.033522, 0.033916, 0.033731, 0.033931, 0.033546, 0.029616, 0.030252, 0.030532, 0.030801, 0.031209, 0.031726, 0.032277, 0.032737, 0.033126, 0.033590, 0.034113, 0.034310, 0.035240, 0.035052, 0.035782, 0.036071, 0.036587, 0.037255, 0.037689, 0.038238, 0.032341, 0.032339, 0.032440, 0.032305, 0.033040, 0.033325, 0.033179, 0.033445, 0.033862, 0.033961, 0.034184, 0.033941, 0.034493, 0.034170, 0.034446, 0.034399, 0.034993, 0.034807, 0.035156, 0.035150, 0.025691, 0.026420, 0.027353, 0.028391, 0.029420, 0.029996, 0.031341, 0.031947, 0.032625, 0.033085, 0.034292, 0.035735, 0.035797, 0.036742, 0.037384, 0.038552, 0.038833, 0.039982, 0.040655, 0.041107, 0.033322, 0.034350, 0.034448, 0.034149, 0.034365, 0.034393, 0.034299, 0.034036, 0.033974, 0.033840, 0.033905, 0.033860, 0.033670, 0.033518, 0.033485, 0.033182, 0.033517, 0.033019, 0.032625, 0.033021, 
0.028705, 0.029356, 0.030201, 0.030841, 0.031820, 0.032306, 0.033090, 0.033787, 0.034120, 0.034858, 0.035564, 0.036277, 0.036525, 0.036676, 0.037131, 0.037499, 0.038112, 0.038428, 0.039009, 0.039106, 0.035336, 0.034947, 0.035126, 0.034880, 0.035293, 0.035080, 0.035223, 0.034790, 0.035072, 0.034980, 0.034967, 0.035242, 0.035175, 0.034952, 0.034943, 0.035153, 0.035019, 0.035107, 0.035145, 0.034888, 0.032934, 0.033796, 0.033652, 0.034457, 0.034269, 0.034576, 0.034795, 0.034829, 0.034975, 0.034997, 0.035167, 0.035258, 0.035170, 0.035083, 0.035312, 0.035061, 0.035222, 0.035296, 0.035095, 0.035106, 0.034814, 0.035213, 0.035274, 0.034948, 0.035134, 0.034924, 0.035321, 0.034922, 0.035013, 0.035167, 0.035314, 0.034821, 0.034895, 0.035045, 0.035278, 0.034802, 0.035223, 0.035032, 0.035197, 0.034893, 0.030609, 0.031285, 0.031550, 0.031872, 0.032368, 0.032854, 0.033501, 0.033970, 0.034376, 0.034893, 0.035417, 0.035674, 0.036588, 0.036431, 0.037205, 0.037488, 0.038057, 0.038760, 0.039257, 0.039815, 0.033696, 0.033684, 0.033746, 0.033607, 0.034340, 0.034596, 0.034464, 0.034745, 0.035161, 0.035259, 0.035475, 0.035202, 0.035784, 0.035443, 0.035720, 0.035756, 0.036278, 0.036135, 0.036434, 0.036440, 0.026647, 0.027420, 0.028417, 0.029461, 0.030507, 0.031113, 0.032546, 0.033151, 0.033811, 0.034347, 0.035559, 0.037073, 0.037141, 0.038189, 0.038836, 0.040043, 0.040315, 0.041503, 0.042190, 0.042649, 0.033333, 0.034660, 0.035749, 0.035450, 0.035668, 0.035680, 0.035595, 0.035330, 0.035260, 0.035081, 0.035193, 0.035148, 0.034943, 0.034793, 0.034807, 0.034415, 0.034816, 0.034281, 0.033899, 0.034278, 
0.030172, 0.030825, 0.031586, 0.032118, 0.033106, 0.033520, 0.034236, 0.034957, 0.035229, 0.035992, 0.036691, 0.037500, 0.037717, 0.037885, 0.038376, 0.038719, 0.039455, 0.039751, 0.040346, 0.040594, 0.036502, 0.036102, 0.036273, 0.035950, 0.036453, 0.036194, 0.036360, 0.035910, 0.036201, 0.036106, 0.036085, 0.036361, 0.036296, 0.036061, 0.036088, 0.036267, 0.036121, 0.036228, 0.036268, 0.036018, 0.034021, 0.034929, 0.034767, 0.035596, 0.035339, 0.035658, 0.035893, 0.035959, 0.036110, 0.036123, 0.036325, 0.036408, 0.036333, 0.036238, 0.036460, 0.036183, 0.036327, 0.036388, 0.036210, 0.036218, 0.036019, 0.036382, 0.036454, 0.036102, 0.036277, 0.036075, 0.036498, 0.036044, 0.036161, 0.036293, 0.036430, 0.035915, 0.035988, 0.036154, 0.036414, 0.035931, 0.036333, 0.036139, 0.036299, 0.036016, 0.031457, 0.032155, 0.032412, 0.032809, 0.033337, 0.033793, 0.034537, 0.035029, 0.035457, 0.036016, 0.036563, 0.036873, 0.037794, 0.037647, 0.038426, 0.038802, 0.039354, 0.040132, 0.040677, 0.041242, 0.034860, 0.034807, 0.034828, 0.034693, 0.035486, 0.035673, 0.035589, 0.035873, 0.036298, 0.036405, 0.036606, 0.036326, 0.036951, 0.036579, 0.036885, 0.036966, 0.037447, 0.037345, 0.037695, 0.037671, 0.027520, 0.028309, 0.029370, 0.030373, 0.031501, 0.032115, 0.033601, 0.034167, 0.034841, 0.035436, 0.036697, 0.038251, 0.038295, 0.039432, 0.040096, 0.041309, 0.041640, 0.042858, 0.043509, 0.044015, 0.033336, 0.034667, 0.036014, 0.036597, 0.036823, 0.036819, 0.036749, 0.036451, 0.036412, 0.036217, 0.036311, 0.036257, 0.036060, 0.035885, 0.035905, 0.035538, 0.035954, 0.035425, 0.035014, 0.035433, 
0.031370, 0.032035, 0.032729, 0.033182, 0.034160, 0.034598, 0.035284, 0.036018, 0.036315, 0.037117, 0.037794, 0.038727, 0.038943, 0.039192, 0.039756, 0.040146, 0.041045, 0.041384, 0.042038, 0.042390, 0.037636, 0.037220, 0.037446, 0.037048, 0.037539, 0.037285, 0.037500, 0.037008, 0.037305, 0.037192, 0.037199, 0.037490, 0.037396, 0.037170, 0.037194, 0.037354, 0.037219, 0.037365, 0.037358, 0.037131, 0.035130, 0.036067, 0.035911, 0.036716, 0.036443, 0.036764, 0.036977, 0.037062, 0.037220, 0.037222, 0.037452, 0.037513, 0.037498, 0.037375, 0.037571, 0.037294, 0.037403, 0.037495, 0.037297, 0.037301, 0.037248, 0.037562, 0.037647, 0.037286, 0.037446, 0.037248, 0.037624, 0.037157, 0.037281, 0.037438, 0.037521, 0.037040, 0.037084, 0.037242, 0.037492, 0.037009, 0.037383, 0.037184, 0.037332, 0.037080, 0.032250, 0.032974, 0.033246, 0.033711, 0.034254, 0.034729, 0.035534, 0.036063, 0.036525, 0.037102, 0.037681, 0.038063, 0.039014, 0.038877, 0.039669, 0.040111, 0.040692, 0.041578, 0.042166, 0.042744, 0.035912, 0.035786, 0.035808, 0.035694, 0.036520, 0.036701, 0.036665, 0.036963, 0.037408, 0.037525, 0.037740, 0.037411, 0.038089, 0.037732, 0.038043, 0.038215, 0.038679, 0.038600, 0.039011, 0.038994, 0.028378, 0.029190, 0.030313, 0.031254, 0.032490, 0.033134, 0.034631, 0.035196, 0.035893, 0.036539, 0.037809, 0.039417, 0.039458, 0.040622, 0.041346, 0.042562, 0.042906, 0.044174, 0.044833, 0.045381, 0.033338, 0.034672, 0.036027, 0.036857, 0.037972, 0.037945, 0.037849, 0.037552, 0.037529, 0.037308, 0.037422, 0.037340, 0.037156, 0.036989, 0.037000, 0.036662, 0.037051, 0.036525, 0.036106, 0.036552, 
0.032381, 0.033045, 0.033733, 0.034145, 0.035128, 0.035597, 0.036333, 0.037093, 0.037432, 0.038358, 0.039071, 0.040099, 0.040380, 0.040756, 0.041393, 0.041965, 0.043015, 0.043467, 0.044272, 0.044701, 0.038865, 0.038478, 0.038722, 0.038269, 0.038790, 0.038506, 0.038726, 0.038249, 0.038554, 0.038433, 0.038466, 0.038734, 0.038653, 0.038396, 0.038429, 0.038603, 0.038450, 0.038638, 0.038605, 0.038368, 0.036422, 0.037348, 0.037201, 0.038011, 0.037723, 0.037985, 0.038203, 0.038335, 0.038478, 0.038434, 0.038665, 0.038742, 0.038757, 0.038618, 0.038803, 0.038523, 0.038604, 0.038701, 0.038498, 0.038467, 0.038653, 0.038924, 0.039036, 0.038644, 0.038734, 0.038607, 0.038892, 0.038424, 0.038519, 0.038695, 0.038741, 0.038255, 0.038303, 0.038424, 0.038653, 0.038176, 0.038533, 0.038327, 0.038456, 0.038241, 0.033055, 0.033848, 0.034149, 0.034648, 0.035231, 0.035779, 0.036594, 0.037219, 0.037714, 0.038321, 0.038948, 0.039396, 0.040381, 0.040319, 0.041133, 0.041624, 0.042255, 0.043238, 0.043842, 0.044494, 0.036929, 0.036801, 0.036843, 0.036761, 0.037616, 0.037795, 0.037829, 0.038161, 0.038657, 0.038769, 0.039011, 0.038653, 0.039376, 0.039098, 0.039396, 0.039647, 0.040080, 0.040039, 0.040505, 0.040529, 0.029334, 0.030159, 0.031338, 0.032270, 0.033618, 0.034303, 0.035785, 0.036334, 0.037061, 0.037724, 0.039036, 0.040714, 0.040729, 0.041975, 0.042731, 0.043952, 0.044331, 0.045646, 0.046343, 0.046928, 0.033341, 0.034674, 0.036032, 0.036862, 0.038116, 0.039171, 0.039061, 0.038796, 0.038763, 0.038534, 0.038641, 0.038593, 0.038379, 0.038227, 0.038228, 0.037904, 0.038266, 0.037779, 0.037319, 0.037814, 
0.033315, 0.033967, 0.034677, 0.035123, 0.036156, 0.036643, 0.037480, 0.038261, 0.038725, 0.039855, 0.040612, 0.041780, 0.042165, 0.042697, 0.043488, 0.044248, 0.045453, 0.046068, 0.046994, 0.047635, 0.040339, 0.039973, 0.040240, 0.039760, 0.040326, 0.039956, 0.040201, 0.039765, 0.040093, 0.039944, 0.039992, 0.040224, 0.040165, 0.039888, 0.039916, 0.040092, 0.039918, 0.040150, 0.040096, 0.039840, 0.037997, 0.038902, 0.038738, 0.039591, 0.039255, 0.039484, 0.039725, 0.039858, 0.040041, 0.039903, 0.040128, 0.040259, 0.040268, 0.040122, 0.040275, 0.039966, 0.040054, 0.040122, 0.039964, 0.039835, 0.040364, 0.040615, 0.040667, 0.040302, 0.040328, 0.040231, 0.040465, 0.039986, 0.040027, 0.040228, 0.040176, 0.039698, 0.039734, 0.039845, 0.040072, 0.039564, 0.039900, 0.039694, 0.039787, 0.039626, 0.034015, 0.034837, 0.035193, 0.035737, 0.036393, 0.037015, 0.037907, 0.038572, 0.039166, 0.039798, 0.040469, 0.040994, 0.042065, 0.042041, 0.042960, 0.043486, 0.044136, 0.045247, 0.045921, 0.046665, 0.038089, 0.037973, 0.038101, 0.037989, 0.038934, 0.039112, 0.039187, 0.039576, 0.040094, 0.040224, 0.040526, 0.040197, 0.040943, 0.040744, 0.041039, 0.041348, 0.041795, 0.041814, 0.042344, 0.042380, 0.030497, 0.031387, 0.032551, 0.033532, 0.034906, 0.035648, 0.037154, 0.037741, 0.038468, 0.039169, 0.040545, 0.042265, 0.042253, 0.043616, 0.044393, 0.045612, 0.046075, 0.047403, 0.048117, 0.048755, 0.033344, 0.034677, 0.036035, 0.036867, 0.038125, 0.039339, 0.040569, 0.040329, 0.040265, 0.040038, 0.040122, 0.040106, 0.039872, 0.039725, 0.039708, 0.039373, 0.039750, 0.039278, 0.038781, 0.039303, 
0.034164, 0.034872, 0.035661, 0.036189, 0.037287, 0.037857, 0.038854, 0.039674, 0.040278, 0.041664, 0.042487, 0.043858, 0.044406, 0.045162, 0.046033, 0.046956, 0.048297, 0.049137, 0.050063, 0.050948, 0.042225, 0.041823, 0.042079, 0.041567, 0.042165, 0.041754, 0.042020, 0.041614, 0.041924, 0.041731, 0.041858, 0.042094, 0.042026, 0.041716, 0.041693, 0.041939, 0.041749, 0.041996, 0.041918, 0.041659, 0.039934, 0.040818, 0.040609, 0.041533, 0.041141, 0.041324, 0.041548, 0.041700, 0.041951, 0.041704, 0.041967, 0.042090, 0.042108, 0.041907, 0.042058, 0.041690, 0.041819, 0.041843, 0.041700, 0.041536, 0.042481, 0.042642, 0.042669, 0.042297, 0.042271, 0.042193, 0.042376, 0.041887, 0.041886, 0.042135, 0.041941, 0.041434, 0.041528, 0.041578, 0.041807, 0.041293, 0.041600, 0.041342, 0.041427, 0.041249, 0.035154, 0.036040, 0.036467, 0.037053, 0.037778, 0.038529, 0.039470, 0.040228, 0.040921, 0.041647, 0.042364, 0.042910, 0.044103, 0.044105, 0.045214, 0.045797, 0.046504, 0.047755, 0.048526, 0.049373, 0.039481, 0.039401, 0.039563, 0.039480, 0.040513, 0.040753, 0.040844, 0.041278, 0.041887, 0.042049, 0.042402, 0.042106, 0.042869, 0.042774, 0.043089, 0.043441, 0.043891, 0.043974, 0.044525, 0.044567, 0.031924, 0.032883, 0.034053, 0.035079, 0.036455, 0.037284, 0.038854, 0.039439, 0.040242, 0.040931, 0.042381, 0.044135, 0.044180, 0.045598, 0.046461, 0.047669, 0.048194, 0.049536, 0.050282, 0.050961, 0.033347, 0.034680, 0.036038, 0.036870, 0.038130, 0.039345, 0.040804, 0.042203, 0.042125, 0.041886, 0.041931, 0.041902, 0.041701, 0.041521, 0.041509, 0.041190, 0.041578, 0.041131, 0.040623, 0.041115, 
0.035064, 0.035895, 0.036779, 0.037405, 0.038613, 0.039330, 0.040494, 0.041444, 0.042173, 0.043777, 0.044787, 0.046273, 0.047065, 0.047942, 0.048854, 0.049987, 0.051385, 0.052406, 0.053384, 0.054457, 0.044442, 0.044020, 0.044274, 0.043736, 0.044325, 0.043932, 0.044211, 0.043841, 0.044139, 0.043893, 0.044026, 0.044325, 0.044287, 0.043851, 0.043831, 0.044172, 0.043916, 0.044178, 0.044063, 0.043884, 0.042196, 0.043138, 0.042885, 0.043818, 0.043340, 0.043552, 0.043750, 0.043863, 0.044195, 0.043875, 0.044160, 0.044265, 0.044221, 0.044069, 0.044184, 0.043738, 0.043902, 0.043918, 0.043727, 0.043609, 0.044919, 0.045085, 0.045040, 0.044718, 0.044581, 0.044538, 0.044644, 0.044132, 0.044124, 0.044415, 0.044059, 0.043613, 0.043617, 0.043689, 0.043899, 0.043315, 0.043600, 0.043361, 0.043418, 0.043194, 0.036431, 0.037430, 0.037947, 0.038597, 0.039405, 0.040304, 0.041306, 0.042221, 0.042988, 0.043801, 0.044648, 0.045184, 0.046519, 0.046614, 0.047883, 0.048547, 0.049441, 0.050722, 0.051679, 0.052644, 0.041197, 0.041137, 0.041395, 0.041318, 0.042392, 0.042710, 0.042857, 0.043328, 0.043985, 0.044186, 0.044584, 0.044380, 0.045154, 0.045140, 0.045511, 0.045884, 0.046376, 0.046470, 0.047046, 0.047174, 0.033613, 0.034620, 0.035905, 0.036881, 0.038314, 0.039227, 0.040822, 0.041506, 0.042375, 0.043039, 0.044572, 0.046370, 0.046471, 0.047958, 0.048905, 0.050163, 0.050738, 0.052076, 0.052900, 0.053632, 0.033351, 0.034684, 0.036042, 0.036874, 0.038134, 0.039349, 0.040811, 0.042492, 0.044348, 0.044042, 0.044090, 0.044036, 0.043847, 0.043663, 0.043607, 0.043310, 0.043769, 0.043295, 0.042812, 0.043285, 
0.036090, 0.037054, 0.038058, 0.038818, 0.040210, 0.041077, 0.042389, 0.043559, 0.044378, 0.046185, 0.047350, 0.048935, 0.049941, 0.050858, 0.051835, 0.053210, 0.054576, 0.055826, 0.056734, 0.057875, 0.046949, 0.046408, 0.046723, 0.046196, 0.046792, 0.046387, 0.046685, 0.046331, 0.046645, 0.046312, 0.046450, 0.046836, 0.046756, 0.046302, 0.046298, 0.046586, 0.046399, 0.046603, 0.046497, 0.046322, 0.044691, 0.045703, 0.045483, 0.046393, 0.045863, 0.046034, 0.046266, 0.046339, 0.046634, 0.046355, 0.046623, 0.046715, 0.046585, 0.046439, 0.046597, 0.046038, 0.046254, 0.046234, 0.046050, 0.045924, 0.047651, 0.047787, 0.047714, 0.047358, 0.047192, 0.047169, 0.047186, 0.046677, 0.046669, 0.046928, 0.046506, 0.046063, 0.045967, 0.046017, 0.046297, 0.045651, 0.045903, 0.045579, 0.045707, 0.045434, 0.037903, 0.039002, 0.039607, 0.040385, 0.041266, 0.042299, 0.043401, 0.044438, 0.045314, 0.046221, 0.047163, 0.047787, 0.049242, 0.049508, 0.050877, 0.051667, 0.052711, 0.054144, 0.055125, 0.056326, 0.043199, 0.043164, 0.043559, 0.043438, 0.044563, 0.044993, 0.045121, 0.045666, 0.046409, 0.046595, 0.047017, 0.046940, 0.047760, 0.047726, 0.048170, 0.048518, 0.049090, 0.049195, 0.049839, 0.050025, 0.035520, 0.036573, 0.037948, 0.038899, 0.040438, 0.041449, 0.043049, 0.043831, 0.044759, 0.045401, 0.047020, 0.048943, 0.049069, 0.050604, 0.051655, 0.052990, 0.053585, 0.054935, 0.055792, 0.056634, 0.033355, 0.034688, 0.036045, 0.036878, 0.038138, 0.039354, 0.040816, 0.042512, 0.044740, 0.046470, 0.046495, 0.046515, 0.046281, 0.046023, 0.046033, 0.045682, 0.046170, 0.045811, 0.045231, 0.045756, 
0.036785, 0.037852, 0.038952, 0.039788, 0.041313, 0.042278, 0.043682, 0.045012, 0.045886, 0.047797, 0.049067, 0.050754, 0.051838, 0.052759, 0.053812, 0.055355, 0.056649, 0.058004, 0.058950, 0.060110, 0.048640, 0.048098, 0.048414, 0.047871, 0.048492, 0.048043, 0.048389, 0.047998, 0.048342, 0.048005, 0.048166, 0.048512, 0.048403, 0.047951, 0.047949, 0.048274, 0.048078, 0.048267, 0.048163, 0.047985, 0.046423, 0.047422, 0.047239, 0.048105, 0.047535, 0.047678, 0.048021, 0.048031, 0.048302, 0.048034, 0.048299, 0.048347, 0.048246, 0.048028, 0.048189, 0.047574, 0.047810, 0.047782, 0.047614, 0.047438, 0.049423, 0.049597, 0.049445, 0.049094, 0.048970, 0.048927, 0.048882, 0.048353, 0.048348, 0.048596, 0.048210, 0.047712, 0.047588, 0.047614, 0.047935, 0.047298, 0.047490, 0.047117, 0.047352, 0.046997, 0.038890, 0.040034, 0.040714, 0.041523, 0.042527, 0.043662, 0.044822, 0.045874, 0.046884, 0.047874, 0.048844, 0.049550, 0.051071, 0.051519, 0.052902, 0.053769, 0.054932, 0.056527, 0.057513, 0.058874, 0.044587, 0.044563, 0.045055, 0.044886, 0.046073, 0.046567, 0.046726, 0.047277, 0.048051, 0.048222, 0.048636, 0.048628, 0.049483, 0.049478, 0.049881, 0.050320, 0.050927, 0.050989, 0.051700, 0.051958, 0.036822, 0.037894, 0.039322, 0.040305, 0.041886, 0.042954, 0.044534, 0.045418, 0.046398, 0.047027, 0.048683, 0.050676, 0.050847, 0.052412, 0.053530, 0.054878, 0.055562, 0.056979, 0.057831, 0.058682, 0.033359, 0.034692, 0.036050, 0.036883, 0.038143, 0.039359, 0.040821, 0.042525, 0.044778, 0.046844, 0.049118, 0.049141, 0.048884, 0.048592, 0.048583, 0.048259, 0.048750, 0.048487, 0.047753, 0.048316, 
0.036791, 0.037864, 0.038960, 0.039811, 0.041337, 0.042307, 0.043723, 0.045062, 0.045956, 0.047898, 0.049175, 0.050872, 0.051961, 0.052889, 0.053963, 0.055570, 0.056843, 0.058226, 0.059160, 0.060407, 0.048722, 0.048177, 0.048491, 0.047956, 0.048564, 0.048124, 0.048471, 0.048099, 0.048422, 0.048118, 0.048280, 0.048568, 0.048502, 0.048040, 0.048044, 0.048374, 0.048167, 0.048359, 0.048271, 0.048084, 0.046502, 0.047497, 0.047343, 0.048174, 0.047608, 0.047744, 0.048143, 0.048127, 0.048375, 0.048138, 0.048392, 0.048413, 0.048308, 0.048097, 0.048273, 0.047634, 0.047899, 0.047853, 0.047694, 0.047507, 0.049470, 0.049673, 0.049524, 0.049171, 0.049093, 0.049014, 0.048943, 0.048418, 0.048429, 0.048691, 0.048327, 0.047821, 0.047681, 0.047678, 0.048034, 0.047383, 0.047584, 0.047213, 0.047455, 0.047066, 0.038901, 0.040057, 0.040745, 0.041566, 0.042585, 0.043719, 0.044888, 0.045927, 0.046971, 0.047943, 0.048955, 0.049667, 0.051180, 0.051686, 0.053027, 0.053919, 0.055090, 0.056722, 0.057741, 0.059092, 0.044631, 0.044600, 0.045100, 0.044937, 0.046118, 0.046622, 0.046822, 0.047321, 0.048149, 0.048289, 0.048725, 0.048735, 0.049573, 0.049573, 0.049988, 0.050413, 0.051047, 0.051113, 0.051831, 0.052107, 0.036893, 0.037973, 0.039376, 0.040374, 0.041946, 0.043051, 0.044606, 0.045512, 0.046495, 0.047105, 0.048771, 0.050761, 0.050949, 0.052517, 0.053625, 0.054962, 0.055685, 0.057102, 0.057979, 0.058840, 0.033365, 0.034697, 0.036055, 0.036888, 0.038148, 0.039364, 0.040827, 0.042533, 0.044793, 0.046878, 0.049542, 0.051801, 0.051567, 0.051285, 0.051207, 0.050814, 0.051433, 0.051147, 0.050373, 0.050914, 
0.036795, 0.037868, 0.038965, 0.039817, 0.041344, 0.042312, 0.043740, 0.045079, 0.045982, 0.047948, 0.049223, 0.050916, 0.052024, 0.052946, 0.054013, 0.055689, 0.056908, 0.058323, 0.059252, 0.060536, 0.048769, 0.048202, 0.048517, 0.047979, 0.048589, 0.048149, 0.048498, 0.048138, 0.048443, 0.048167, 0.048332, 0.048591, 0.048526, 0.048079, 0.048072, 0.048422, 0.048185, 0.048390, 0.048299, 0.048122, 0.046538, 0.047514, 0.047387, 0.048204, 0.047628, 0.047772, 0.048188, 0.048161, 0.048416, 0.048186, 0.048432, 0.048445, 0.048340, 0.048120, 0.048298, 0.047657, 0.047921, 0.047866, 0.047729, 0.047531, 0.049490, 0.049700, 0.049543, 0.049199, 0.049135, 0.049039, 0.048967, 0.048459, 0.048458, 0.048724, 0.048356, 0.047843, 0.047706, 0.047700, 0.048059, 0.047412, 0.047611, 0.047248, 0.047496, 0.047097, 0.038904, 0.040060, 0.040754, 0.041578, 0.042612, 0.043732, 0.044917, 0.045939, 0.047009, 0.047962, 0.048986, 0.049721, 0.051227, 0.051732, 0.053077, 0.053996, 0.055157, 0.056817, 0.057850, 0.059212, 0.044643, 0.044618, 0.045110, 0.044961, 0.046136, 0.046638, 0.046840, 0.047341, 0.048190, 0.048308, 0.048763, 0.048773, 0.049605, 0.049605, 0.050036, 0.050442, 0.051111, 0.051153, 0.051891, 0.052159, 0.036906, 0.037999, 0.039387, 0.040392, 0.041955, 0.043079, 0.044625, 0.045536, 0.046520, 0.047134, 0.048812, 0.050786, 0.050992, 0.052565, 0.053661, 0.055016, 0.055745, 0.057130, 0.058045, 0.058898, 0.033371, 0.034703, 0.036060, 0.036894, 0.038154, 0.039370, 0.040832, 0.042538, 0.044800, 0.046891, 0.049602, 0.052273, 0.054141, 0.053935, 0.053727, 0.053350, 0.054045, 0.053685, 0.052935, 0.053491, 
0.036798, 0.037874, 0.038969, 0.039821, 0.041348, 0.042316, 0.043749, 0.045086, 0.045993, 0.047964, 0.049245, 0.050943, 0.052046, 0.052973, 0.054029, 0.055743, 0.056961, 0.058388, 0.059312, 0.060589, 0.048781, 0.048214, 0.048524, 0.048000, 0.048594, 0.048160, 0.048509, 0.048147, 0.048456, 0.048197, 0.048356, 0.048601, 0.048544, 0.048097, 0.048114, 0.048444, 0.048208, 0.048404, 0.048316, 0.048137, 0.046558, 0.047517, 0.047407, 0.048217, 0.047635, 0.047788, 0.048212, 0.048172, 0.048431, 0.048201, 0.048451, 0.048457, 0.048356, 0.048131, 0.048323, 0.047676, 0.047932, 0.047874, 0.047744, 0.047545, 0.049502, 0.049718, 0.049557, 0.049207, 0.049152, 0.049051, 0.048976, 0.048470, 0.048472, 0.048745, 0.048367, 0.047855, 0.047732, 0.047718, 0.048068, 0.047430, 0.047619, 0.047260, 0.047512, 0.047112, 0.038907, 0.040064, 0.040758, 0.041582, 0.042623, 0.043736, 0.044926, 0.045948, 0.047028, 0.047974, 0.049004, 0.049742, 0.051255, 0.051755, 0.053091, 0.054031, 0.055178, 0.056872, 0.057937, 0.059285, 0.044660, 0.044627, 0.045115, 0.044972, 0.046147, 0.046649, 0.046855, 0.047352, 0.048195, 0.048319, 0.048775, 0.048787, 0.049634, 0.049619, 0.050061, 0.050454, 0.051140, 0.051168, 0.051910, 0.052180, 0.036912, 0.038006, 0.039400, 0.040398, 0.041960, 0.043103, 0.044632, 0.045543, 0.046530, 0.047150, 0.048834, 0.050805, 0.051011, 0.052588, 0.053683, 0.055036, 0.055768, 0.057147, 0.058086, 0.058931, 0.033379, 0.034710, 0.036067, 0.036900, 0.038161, 0.039376, 0.040839, 0.042544, 0.044807, 0.046902, 0.049623, 0.052347, 0.054379, 0.056459, 0.056228, 0.055810, 0.056528, 0.056052, 0.055410, 0.055887, 
0.036801, 0.037878, 0.038972, 0.039825, 0.041352, 0.042320, 0.043753, 0.045096, 0.045999, 0.047981, 0.049267, 0.050955, 0.052055, 0.052993, 0.054045, 0.055776, 0.056985, 0.058414, 0.059335, 0.060618, 0.048784, 0.048218, 0.048526, 0.048015, 0.048598, 0.048163, 0.048515, 0.048156, 0.048467, 0.048204, 0.048371, 0.048609, 0.048559, 0.048112, 0.048141, 0.048460, 0.048225, 0.048419, 0.048331, 0.048158, 0.046567, 0.047522, 0.047420, 0.048224, 0.047639, 0.047794, 0.048227, 0.048180, 0.048445, 0.048210, 0.048458, 0.048464, 0.048366, 0.048137, 0.048337, 0.047687, 0.047939, 0.047881, 0.047755, 0.047555, 0.049510, 0.049732, 0.049563, 0.049217, 0.049158, 0.049058, 0.048987, 0.048477, 0.048484, 0.048759, 0.048375, 0.047860, 0.047741, 0.047725, 0.048077, 0.047436, 0.047624, 0.047269, 0.047517, 0.047119, 0.038910, 0.040067, 0.040761, 0.041586, 0.042627, 0.043740, 0.044932, 0.045956, 0.047033, 0.047985, 0.049013, 0.049751, 0.051274, 0.051772, 0.053106, 0.054047, 0.055205, 0.056904, 0.057999, 0.059319, 0.044666, 0.044632, 0.045120, 0.044977, 0.046157, 0.046654, 0.046861, 0.047358, 0.048200, 0.048324, 0.048781, 0.048798, 0.049648, 0.049626, 0.050074, 0.050463, 0.051153, 0.051183, 0.051928, 0.052187, 0.036917, 0.038010, 0.039404, 0.040405, 0.041965, 0.043112, 0.044638, 0.045551, 0.046539, 0.047162, 0.048846, 0.050810, 0.051023, 0.052599, 0.053705, 0.055047, 0.055776, 0.057157, 0.058114, 0.058952, 0.033390, 0.034719, 0.036075, 0.036908, 0.038168, 0.039383, 0.040845, 0.042550, 0.044813, 0.046908, 0.049633, 0.052388, 0.054445, 0.056755, 0.058616, 0.058120, 0.058889, 0.058281, 0.057721, 0.058100, 
0.036804, 0.037881, 0.038976, 0.039829, 0.041356, 0.042325, 0.043758, 0.045101, 0.046004, 0.047991, 0.049282, 0.050961, 0.052066, 0.053006, 0.054054, 0.055804, 0.057002, 0.058433, 0.059354, 0.060636, 0.048789, 0.048220, 0.048531, 0.048018, 0.048602, 0.048167, 0.048519, 0.048160, 0.048475, 0.048209, 0.048380, 0.048615, 0.048570, 0.048125, 0.048151, 0.048471, 0.048236, 0.048431, 0.048344, 0.048172, 0.046576, 0.047526, 0.047425, 0.048228, 0.047642, 0.047799, 0.048237, 0.048191, 0.048452, 0.048215, 0.048464, 0.048474, 0.048374, 0.048143, 0.048351, 0.047696, 0.047947, 0.047889, 0.047763, 0.047563, 0.049516, 0.049741, 0.049569, 0.049226, 0.049164, 0.049064, 0.048994, 0.048482, 0.048490, 0.048773, 0.048381, 0.047865, 0.047750, 0.047736, 0.048085, 0.047442, 0.047629, 0.047274, 0.047522, 0.047124, 0.038914, 0.040071, 0.040765, 0.041590, 0.042632, 0.043745, 0.044936, 0.045961, 0.047038, 0.047994, 0.049023, 0.049765, 0.051287, 0.051790, 0.053120, 0.054061, 0.055214, 0.056930, 0.058026, 0.059335, 0.044671, 0.044642, 0.045125, 0.044982, 0.046162, 0.046659, 0.046867, 0.047363, 0.048205, 0.048330, 0.048789, 0.048806, 0.049663, 0.049636, 0.050084, 0.050468, 0.051162, 0.051191, 0.051935, 0.052195, 0.036921, 0.038014, 0.039409, 0.040411, 0.041970, 0.043116, 0.044643, 0.045556, 0.046548, 0.047169, 0.048853, 0.050818, 0.051032, 0.052609, 0.053711, 0.055054, 0.055783, 0.057164, 0.058131, 0.058966, 0.033403, 0.034730, 0.036085, 0.036917, 0.038176, 0.039391, 0.040853, 0.042557, 0.044819, 0.046914, 0.049638, 0.052425, 0.054467, 0.056848, 0.058894, 0.060317, 0.061095, 0.060401, 0.059877, 0.060199, 
0.036808, 0.037885, 0.038980, 0.039833, 0.041361, 0.042330, 0.043763, 0.045106, 0.046010, 0.047999, 0.049293, 0.050967, 0.052072, 0.053020, 0.054063, 0.055823, 0.057010, 0.058452, 0.059362, 0.060649, 0.048791, 0.048222, 0.048533, 0.048021, 0.048605, 0.048170, 0.048523, 0.048166, 0.048480, 0.048214, 0.048387, 0.048622, 0.048578, 0.048134, 0.048160, 0.048482, 0.048247, 0.048443, 0.048358, 0.048186, 0.046580, 0.047529, 0.047429, 0.048232, 0.047647, 0.047807, 0.048242, 0.048196, 0.048459, 0.048221, 0.048470, 0.048486, 0.048381, 0.048150, 0.048360, 0.047703, 0.047955, 0.047897, 0.047772, 0.047572, 0.049522, 0.049747, 0.049575, 0.049232, 0.049170, 0.049070, 0.048999, 0.048488, 0.048496, 0.048780, 0.048386, 0.047871, 0.047756, 0.047741, 0.048091, 0.047447, 0.047635, 0.047280, 0.047527, 0.047129, 0.038917, 0.040075, 0.040769, 0.041594, 0.042637, 0.043750, 0.044941, 0.045966, 0.047043, 0.048000, 0.049030, 0.049774, 0.051294, 0.051803, 0.053127, 0.054076, 0.055223, 0.056940, 0.058046, 0.059347, 0.044676, 0.044649, 0.045130, 0.044987, 0.046167, 0.046665, 0.046873, 0.047368, 0.048211, 0.048335, 0.048797, 0.048812, 0.049676, 0.049643, 0.050091, 0.050475, 0.051171, 0.051197, 0.051944, 0.052202, 0.036926, 0.038019, 0.039413, 0.040415, 0.041975, 0.043122, 0.044649, 0.045562, 0.046554, 0.047175, 0.048859, 0.050824, 0.051038, 0.052615, 0.053719, 0.055060, 0.055791, 0.057171, 0.058143, 0.058981, 0.033419, 0.034744, 0.036098, 0.036928, 0.038186, 0.039401, 0.040861, 0.042565, 0.044826, 0.046920, 0.049644, 0.052444, 0.054481, 0.056925, 0.058995, 0.060596, 0.063179, 0.062428, 0.061984, 0.062250, 
0.036812, 0.037889, 0.038985, 0.039837, 0.041366, 0.042335, 0.043768, 0.045112, 0.046016, 0.048005, 0.049300, 0.050974, 0.052079, 0.053045, 0.054073, 0.055835, 0.057018, 0.058466, 0.059371, 0.060668, 0.048793, 0.048224, 0.048536, 0.048024, 0.048608, 0.048174, 0.048527, 0.048170, 0.048485, 0.048220, 0.048396, 0.048629, 0.048586, 0.048143, 0.048170, 0.048493, 0.048259, 0.048456, 0.048372, 0.048202, 0.046583, 0.047533, 0.047433, 0.048236, 0.047651, 0.047812, 0.048247, 0.048202, 0.048464, 0.048227, 0.048476, 0.048494, 0.048388, 0.048158, 0.048367, 0.047711, 0.047963, 0.047906, 0.047781, 0.047582, 0.049529, 0.049754, 0.049582, 0.049239, 0.049176, 0.049077, 0.049006, 0.048494, 0.048502, 0.048786, 0.048392, 0.047877, 0.047762, 0.047747, 0.048097, 0.047453, 0.047640, 0.047285, 0.047533, 0.047135, 0.038921, 0.040079, 0.040774, 0.041599, 0.042642, 0.043755, 0.044946, 0.045971, 0.047049, 0.048006, 0.049036, 0.049783, 0.051301, 0.051811, 0.053137, 0.054084, 0.055233, 0.056949, 0.058063, 0.059370, 0.044682, 0.044658, 0.045135, 0.044993, 0.046173, 0.046670, 0.046879, 0.047374, 0.048217, 0.048342, 0.048803, 0.048819, 0.049682, 0.049649, 0.050098, 0.050482, 0.051179, 0.051204, 0.051951, 0.052209, 0.036931, 0.038023, 0.039418, 0.040421, 0.041980, 0.043127, 0.044654, 0.045568, 0.046560, 0.047181, 0.048866, 0.050830, 0.051046, 0.052626, 0.053726, 0.055067, 0.055798, 0.057178, 0.058151, 0.058989, 0.033439, 0.034762, 0.036113, 0.036941, 0.038198, 0.039411, 0.040871, 0.042573, 0.044833, 0.046927, 0.049650, 0.052454, 0.054486, 0.056960, 0.059042, 0.060700, 0.063402, 0.064482, 0.064051, 0.064268, 
0.036815, 0.037893, 0.038989, 0.039842, 0.041371, 0.042340, 0.043774, 0.045118, 0.046022, 0.048011, 0.049308, 0.050981, 0.052087, 0.053054, 0.054087, 0.055845, 0.057027, 0.058484, 0.059381, 0.060681, 0.048795, 0.048226, 0.048538, 0.048027, 0.048612, 0.048178, 0.048531, 0.048175, 0.048491, 0.048226, 0.048407, 0.048637, 0.048595, 0.048153, 0.048181, 0.048505, 0.048273, 0.048470, 0.048388, 0.048219, 0.046587, 0.047537, 0.047437, 0.048240, 0.047656, 0.047817, 0.048253, 0.048207, 0.048471, 0.048233, 0.048483, 0.048501, 0.048395, 0.048166, 0.048376, 0.047720, 0.047972, 0.047915, 0.047791, 0.047592, 0.049536, 0.049761, 0.049589, 0.049246, 0.049183, 0.049083, 0.049013, 0.048501, 0.048509, 0.048793, 0.048399, 0.047884, 0.047769, 0.047754, 0.048103, 0.047459, 0.047647, 0.047291, 0.047539, 0.047141, 0.038926, 0.040084, 0.040778, 0.041604, 0.042647, 0.043760, 0.044952, 0.045977, 0.047056, 0.048013, 0.049043, 0.049791, 0.051309, 0.051819, 0.053145, 0.054092, 0.055242, 0.056958, 0.058076, 0.059386, 0.044687, 0.044663, 0.045141, 0.044999, 0.046179, 0.046677, 0.046885, 0.047380, 0.048223, 0.048348, 0.048810, 0.048828, 0.049689, 0.049656, 0.050105, 0.050489, 0.051187, 0.051213, 0.051959, 0.052217, 0.036936, 0.038029, 0.039424, 0.040426, 0.041986, 0.043133, 0.044660, 0.045574, 0.046566, 0.047188, 0.048872, 0.050837, 0.051057, 0.052633, 0.053733, 0.055075, 0.055806, 0.057186, 0.058159, 0.058997, 0.033462, 0.034783, 0.036132, 0.036958, 0.038213, 0.039424, 0.040882, 0.042582, 0.044841, 0.046934, 0.049656, 0.052463, 0.054492, 0.056979, 0.059066, 0.060741, 0.063495, 0.064779, 0.066162, 0.066452, 
0.036820, 0.037898, 0.038994, 0.039847, 0.041376, 0.042346, 0.043780, 0.045124, 0.046029, 0.048019, 0.049315, 0.050989, 0.052095, 0.053063, 0.054097, 0.055855, 0.057038, 0.058495, 0.059393, 0.060694, 0.048797, 0.048229, 0.048541, 0.048030, 0.048616, 0.048182, 0.048536, 0.048181, 0.048497, 0.048233, 0.048415, 0.048647, 0.048605, 0.048164, 0.048193, 0.048518, 0.048287, 0.048486, 0.048405, 0.048239, 0.046591, 0.047542, 0.047442, 0.048246, 0.047662, 0.047823, 0.048260, 0.048214, 0.048478, 0.048241, 0.048491, 0.048509, 0.048404, 0.048174, 0.048385, 0.047729, 0.047982, 0.047926, 0.047802, 0.047603, 0.049544, 0.049769, 0.049597, 0.049254, 0.049191, 0.049091, 0.049020, 0.048509, 0.048517, 0.048800, 0.048406, 0.047891, 0.047776, 0.047761, 0.048110, 0.047466, 0.047654, 0.047298, 0.047546, 0.047148, 0.038930, 0.040089, 0.040784, 0.041610, 0.042653, 0.043766, 0.044958, 0.045984, 0.047063, 0.048020, 0.049050, 0.049800, 0.051317, 0.051828, 0.053154, 0.054101, 0.055251, 0.056967, 0.058087, 0.059396, 0.044693, 0.044669, 0.045147, 0.045005, 0.046185, 0.046683, 0.046892, 0.047387, 0.048231, 0.048356, 0.048817, 0.048836, 0.049697, 0.049664, 0.050114, 0.050498, 0.051196, 0.051222, 0.051968, 0.052227, 0.036942, 0.038035, 0.039430, 0.040433, 0.041992, 0.043140, 0.044667, 0.045581, 0.046574, 0.047195, 0.048880, 0.050845, 0.051067, 0.052641, 0.053741, 0.055083, 0.055814, 0.057195, 0.058167, 0.059006, 0.033490, 0.034809, 0.036155, 0.036978, 0.038231, 0.039439, 0.040895, 0.042593, 0.044850, 0.046942, 0.049663, 0.052469, 0.054497, 0.056985, 0.059076, 0.060766, 0.063536, 0.064898, 0.066443, 0.068789, 
0.036824, 0.037903, 0.038999, 0.039853, 0.041382, 0.042353, 0.043786, 0.045132, 0.046036, 0.048027, 0.049324, 0.050998, 0.052105, 0.053074, 0.054108, 0.055867, 0.057051, 0.058510, 0.059408, 0.060711, 0.048800, 0.048232, 0.048545, 0.048034, 0.048620, 0.048187, 0.048542, 0.048187, 0.048504, 0.048241, 0.048423, 0.048657, 0.048616, 0.048176, 0.048207, 0.048533, 0.048304, 0.048505, 0.048426, 0.048261, 0.046596, 0.047547, 0.047448, 0.048252, 0.047668, 0.047830, 0.048268, 0.048221, 0.048486, 0.048249, 0.048499, 0.048518, 0.048413, 0.048184, 0.048395, 0.047740, 0.047993, 0.047937, 0.047813, 0.047616, 0.049553, 0.049778, 0.049606, 0.049263, 0.049200, 0.049100, 0.049029, 0.048517, 0.048525, 0.048809, 0.048415, 0.047899, 0.047784, 0.047769, 0.048118, 0.047475, 0.047662, 0.047306, 0.047554, 0.047156, 0.038936, 0.040095, 0.040790, 0.041616, 0.042660, 0.043773, 0.044966, 0.045991, 0.047071, 0.048028, 0.049059, 0.049809, 0.051326, 0.051837, 0.053164, 0.054112, 0.055262, 0.056978, 0.058099, 0.059408, 0.044700, 0.044676, 0.045154, 0.045012, 0.046193, 0.046691, 0.046900, 0.047395, 0.048239, 0.048364, 0.048826, 0.048845, 0.049706, 0.049674, 0.050123, 0.050508, 0.051206, 0.051232, 0.051979, 0.052238, 0.036948, 0.038041, 0.039437, 0.040440, 0.041999, 0.043147, 0.044675, 0.045589, 0.046582, 0.047203, 0.048888, 0.050854, 0.051076, 0.052650, 0.053751, 0.055093, 0.055824, 0.057204, 0.058177, 0.059017, 0.033522, 0.034839, 0.036182, 0.037003, 0.038252, 0.039458, 0.040910, 0.042606, 0.044861, 0.046951, 0.049671, 0.052476, 0.054503, 0.056993, 0.059085, 0.060779, 0.063557, 0.064975, 0.066576, 0.069119, 
0.036829, 0.037908, 0.039005, 0.039859, 0.041389, 0.042360, 0.043794, 0.045140, 0.046045, 0.048036, 0.049334, 0.051009, 0.052117, 0.053087, 0.054122, 0.055883, 0.057068, 0.058528, 0.059428, 0.060732, 0.048802, 0.048235, 0.048548, 0.048038, 0.048625, 0.048193, 0.048548, 0.048194, 0.048512, 0.048251, 0.048434, 0.048668, 0.048629, 0.048191, 0.048223, 0.048551, 0.048324, 0.048527, 0.048451, 0.048289, 0.046602, 0.047553, 0.047455, 0.048259, 0.047676, 0.047838, 0.048276, 0.048230, 0.048495, 0.048258, 0.048509, 0.048528, 0.048424, 0.048195, 0.048407, 0.047752, 0.048006, 0.047950, 0.047827, 0.047630, 0.049564, 0.049789, 0.049616, 0.049273, 0.049210, 0.049110, 0.049039, 0.048527, 0.048535, 0.048819, 0.048424, 0.047909, 0.047794, 0.047778, 0.048128, 0.047484, 0.047671, 0.047315, 0.047563, 0.047165, 0.038942, 0.040101, 0.040797, 0.041623, 0.042667, 0.043781, 0.044974, 0.046000, 0.047080, 0.048038, 0.049069, 0.049820, 0.051337, 0.051849, 0.053175, 0.054124, 0.055274, 0.056991, 0.058114, 0.059422, 0.044707, 0.044683, 0.045162, 0.045020, 0.046201, 0.046699, 0.046908, 0.047404, 0.048248, 0.048373, 0.048836, 0.048855, 0.049717, 0.049685, 0.050134, 0.050519, 0.051219, 0.051245, 0.051992, 0.052252, 0.036956, 0.038049, 0.039445, 0.040448, 0.042008, 0.043156, 0.044684, 0.045598, 0.046591, 0.047213, 0.048898, 0.050864, 0.051087, 0.052661, 0.053761, 0.055104, 0.055835, 0.057216, 0.058189, 0.059029, 0.033558, 0.034872, 0.036214, 0.037032, 0.038278, 0.039480, 0.040929, 0.042622, 0.044874, 0.046962, 0.049680, 0.052484, 0.054510, 0.057000, 0.059090, 0.060788, 0.063572, 0.065015, 0.066646, 0.069233, 
0.036834, 0.037914, 0.039011, 0.039865, 0.041396, 0.042367, 0.043802, 0.045149, 0.046055, 0.048047, 0.049346, 0.051022, 0.052131, 0.053103, 0.054139, 0.055902, 0.057088, 0.058551, 0.059453, 0.060760, 0.048806, 0.048239, 0.048553, 0.048043, 0.048631, 0.048199, 0.048556, 0.048202, 0.048522, 0.048261, 0.048446, 0.048682, 0.048645, 0.048208, 0.048243, 0.048574, 0.048348, 0.048555, 0.048481, 0.048323, 0.046609, 0.047561, 0.047463, 0.048268, 0.047685, 0.047847, 0.048286, 0.048241, 0.048506, 0.048269, 0.048521, 0.048541, 0.048437, 0.048209, 0.048420, 0.047766, 0.048020, 0.047966, 0.047842, 0.047646, 0.049577, 0.049801, 0.049629, 0.049285, 0.049222, 0.049122, 0.049051, 0.048539, 0.048547, 0.048830, 0.048436, 0.047920, 0.047805, 0.047790, 0.048139, 0.047495, 0.047682, 0.047326, 0.047574, 0.047176, 0.038950, 0.040109, 0.040805, 0.041632, 0.042676, 0.043791, 0.044984, 0.046011, 0.047091, 0.048049, 0.049081, 0.049832, 0.051350, 0.051862, 0.053189, 0.054138, 0.055289, 0.057007, 0.058130, 0.059439, 0.044715, 0.044691, 0.045170, 0.045028, 0.046210, 0.046709, 0.046918, 0.047414, 0.048259, 0.048385, 0.048848, 0.048867, 0.049730, 0.049698, 0.050148, 0.050534, 0.051233, 0.051260, 0.052008, 0.052268, 0.036965, 0.038058, 0.039454, 0.040458, 0.042018, 0.043166, 0.044694, 0.045609, 0.046602, 0.047224, 0.048910, 0.050876, 0.051099, 0.052673, 0.053774, 0.055117, 0.055848, 0.057230, 0.058203, 0.059043, 0.033596, 0.034910, 0.036250, 0.037065, 0.038309, 0.039507, 0.040952, 0.042641, 0.044890, 0.046974, 0.049690, 0.052493, 0.054518, 0.057006, 0.059099, 0.060795, 0.063580, 0.065031, 0.066690, 0.069289, 
0.036840, 0.037920, 0.039018, 0.039873, 0.041404, 0.042376, 0.043812, 0.045160, 0.046067, 0.048061, 0.049361, 0.051039, 0.052149, 0.053122, 0.054161, 0.055926, 0.057115, 0.058580, 0.059485, 0.060795, 0.048809, 0.048243, 0.048558, 0.048049, 0.048637, 0.048207, 0.048564, 0.048212, 0.048533, 0.048275, 0.048461, 0.048699, 0.048664, 0.048230, 0.048267, 0.048601, 0.048379, 0.048590, 0.048520, 0.048367, 0.046618, 0.047570, 0.047472, 0.048278, 0.047695, 0.047858, 0.048298, 0.048253, 0.048519, 0.048283, 0.048535, 0.048556, 0.048452, 0.048225, 0.048437, 0.047783, 0.048038, 0.047984, 0.047861, 0.047665, 0.049592, 0.049817, 0.049644, 0.049300, 0.049237, 0.049137, 0.049065, 0.048553, 0.048561, 0.048844, 0.048450, 0.047933, 0.047819, 0.047803, 0.048152, 0.047508, 0.047695, 0.047339, 0.047587, 0.047189, 0.038959, 0.040119, 0.040815, 0.041643, 0.042688, 0.043802, 0.044996, 0.046023, 0.047104, 0.048063, 0.049095, 0.049847, 0.051365, 0.051878, 0.053206, 0.054155, 0.055306, 0.057025, 0.058149, 0.059458, 0.044724, 0.044701, 0.045180, 0.045039, 0.046221, 0.046720, 0.046930, 0.047427, 0.048272, 0.048398, 0.048862, 0.048882, 0.049745, 0.049714, 0.050165, 0.050551, 0.051252, 0.051279, 0.052027, 0.052288, 0.036975, 0.038069, 0.039466, 0.040470, 0.042030, 0.043178, 0.044707, 0.045622, 0.046616, 0.047238, 0.048925, 0.050891, 0.051113, 0.052688, 0.053789, 0.055133, 0.055864, 0.057246, 0.058219, 0.059060, 0.033636, 0.034950, 0.036289, 0.037102, 0.038343, 0.039538, 0.040979, 0.042664, 0.044908, 0.046990, 0.049703, 0.052503, 0.054527, 0.057014, 0.059107, 0.060801, 0.063586, 0.065044, 0.066713, 0.069319, 
0.036846, 0.037927, 0.039025, 0.039881, 0.041413, 0.042387, 0.043824, 0.045173, 0.046081, 0.048077, 0.049378, 0.051059, 0.052171, 0.053147, 0.054188, 0.055956, 0.057148, 0.058617, 0.059525, 0.060839, 0.048814, 0.048248, 0.048564, 0.048056, 0.048645, 0.048216, 0.048575, 0.048224, 0.048547, 0.048291, 0.048479, 0.048720, 0.048687, 0.048256, 0.048297, 0.048635, 0.048417, 0.048633, 0.048568, 0.048421, 0.046628, 0.047581, 0.047484, 0.048290, 0.047708, 0.047872, 0.048312, 0.048268, 0.048535, 0.048300, 0.048553, 0.048574, 0.048471, 0.048244, 0.048457, 0.047804, 0.048059, 0.048006, 0.047884, 0.047689, 0.049610, 0.049835, 0.049662, 0.049318, 0.049254, 0.049154, 0.049083, 0.048571, 0.048578, 0.048861, 0.048466, 0.047950, 0.047835, 0.047820, 0.048168, 0.047524, 0.047711, 0.047355, 0.047602, 0.047204, 0.038971, 0.040131, 0.040828, 0.041656, 0.042701, 0.043817, 0.045011, 0.046039, 0.047120, 0.048080, 0.049112, 0.049865, 0.051384, 0.051897, 0.053226, 0.054176, 0.055328, 0.057047, 0.058172, 0.059482, 0.044735, 0.044712, 0.045192, 0.045051, 0.046234, 0.046734, 0.046945, 0.047442, 0.048288, 0.048415, 0.048879, 0.048900, 0.049764, 0.049734, 0.050185, 0.050572, 0.051274, 0.051302, 0.052051, 0.052313, 0.036988, 0.038082, 0.039479, 0.040484, 0.042045, 0.043193, 0.044723, 0.045638, 0.046632, 0.047255, 0.048942, 0.050908, 0.051131, 0.052707, 0.053808, 0.055152, 0.055884, 0.057266, 0.058240, 0.059080, 0.033678, 0.034992, 0.036331, 0.037143, 0.038382, 0.039573, 0.041010, 0.042691, 0.044931, 0.047009, 0.049718, 0.052516, 0.054537, 0.057023, 0.059115, 0.060808, 0.063593, 0.065056, 0.066729, 0.069331, 
0.036853, 0.037934, 0.039034, 0.039891, 0.041424, 0.042399, 0.043838, 0.045189, 0.046099, 0.048096, 0.049400, 0.051083, 0.052199, 0.053177, 0.054222, 0.055992, 0.057188, 0.058661, 0.059572, 0.060890, 0.048819, 0.048254, 0.048571, 0.048064, 0.048655, 0.048227, 0.048587, 0.048239, 0.048564, 0.048310, 0.048501, 0.048745, 0.048716, 0.048289, 0.048334, 0.048677, 0.048464, 0.048686, 0.048627, 0.048486, 0.046641, 0.047595, 0.047498, 0.048305, 0.047724, 0.047889, 0.048329, 0.048287, 0.048554, 0.048320, 0.048574, 0.048596, 0.048494, 0.048268, 0.048482, 0.047830, 0.048086, 0.048033, 0.047912, 0.047718, 0.049633, 0.049857, 0.049684, 0.049340, 0.049276, 0.049176, 0.049104, 0.048592, 0.048599, 0.048882, 0.048487, 0.047970, 0.047855, 0.047840, 0.048188, 0.047544, 0.047731, 0.047374, 0.047621, 0.047223, 0.038985, 0.040146, 0.040843, 0.041671, 0.042718, 0.043834, 0.045029, 0.046057, 0.047139, 0.048100, 0.049133, 0.049886, 0.051406, 0.051921, 0.053250, 0.054201, 0.055354, 0.057074, 0.058200, 0.059511, 0.044747, 0.044726, 0.045207, 0.045066, 0.046250, 0.046751, 0.046962, 0.047460, 0.048308, 0.048435, 0.048901, 0.048922, 0.049787, 0.049757, 0.050210, 0.050598, 0.051300, 0.051329, 0.052079, 0.052342, 0.037004, 0.038099, 0.039496, 0.040501, 0.042062, 0.043212, 0.044742, 0.045657, 0.046652, 0.047275, 0.048963, 0.050930, 0.051153, 0.052729, 0.053831, 0.055175, 0.055908, 0.057291, 0.058264, 0.059105, 0.033719, 0.035035, 0.036374, 0.037186, 0.038423, 0.039612, 0.041045, 0.042722, 0.044958, 0.047031, 0.049737, 0.052531, 0.054550, 0.057034, 0.059124, 0.060817, 0.063601, 0.065067, 0.066738, 0.069343, 
0.036860, 0.037943, 0.039044, 0.039902, 0.041437, 0.042414, 0.043854, 0.045207, 0.046120, 0.048120, 0.049427, 0.051112, 0.052231, 0.053213, 0.054261, 0.056036, 0.057235, 0.058712, 0.059627, 0.060949, 0.048825, 0.048261, 0.048579, 0.048074, 0.048666, 0.048240, 0.048603, 0.048256, 0.048584, 0.048333, 0.048527, 0.048775, 0.048750, 0.048328, 0.048379, 0.048727, 0.048520, 0.048748, 0.048697, 0.048563, 0.046655, 0.047610, 0.047514, 0.048323, 0.047743, 0.047908, 0.048350, 0.048309, 0.048577, 0.048344, 0.048599, 0.048622, 0.048521, 0.048297, 0.048512, 0.047861, 0.048118, 0.048067, 0.047946, 0.047753, 0.049661, 0.049885, 0.049711, 0.049367, 0.049303, 0.049202, 0.049130, 0.048617, 0.048624, 0.048907, 0.048512, 0.047994, 0.047879, 0.047864, 0.048212, 0.047567, 0.047755, 0.047397, 0.047644, 0.047246, 0.039001, 0.040163, 0.040861, 0.041690, 0.042738, 0.043854, 0.045051, 0.046080, 0.047163, 0.048124, 0.049158, 0.049913, 0.051434, 0.051949, 0.053279, 0.054231, 0.055385, 0.057107, 0.058234, 0.059547, 0.044763, 0.044742, 0.045224, 0.045085, 0.046269, 0.046771, 0.046984, 0.047483, 0.048331, 0.048459, 0.048926, 0.048949, 0.049814, 0.049786, 0.050239, 0.050628, 0.051332, 0.051362, 0.052113, 0.052377, 0.037023, 0.038118, 0.039517, 0.040522, 0.042084, 0.043234, 0.044765, 0.045681, 0.046676, 0.047300, 0.048988, 0.050956, 0.051179, 0.052756, 0.053858, 0.055204, 0.055937, 0.057320, 0.058294, 0.059136, 0.033761, 0.035078, 0.036418, 0.037230, 0.038467, 0.039654, 0.041084, 0.042758, 0.044990, 0.047058, 0.049760, 0.052550, 0.054566, 0.057047, 0.059135, 0.060827, 0.063610, 0.065075, 0.066746, 0.069353, 
0.036869, 0.037953, 0.039055, 0.039915, 0.041452, 0.042431, 0.043874, 0.045230, 0.046144, 0.048148, 0.049458, 0.051147, 0.052269, 0.053255, 0.054307, 0.056085, 0.057288, 0.058769, 0.059688, 0.061013, 0.048831, 0.048269, 0.048589, 0.048085, 0.048679, 0.048255, 0.048621, 0.048277, 0.048608, 0.048361, 0.048559, 0.048811, 0.048791, 0.048374, 0.048431, 0.048784, 0.048584, 0.048820, 0.048775, 0.048650, 0.046671, 0.047628, 0.047533, 0.048343, 0.047764, 0.047931, 0.048375, 0.048334, 0.048604, 0.048372, 0.048630, 0.048654, 0.048554, 0.048331, 0.048548, 0.047898, 0.048157, 0.048107, 0.047988, 0.047796, 0.049693, 0.049917, 0.049743, 0.049399, 0.049334, 0.049233, 0.049161, 0.048647, 0.048654, 0.048937, 0.048541, 0.048023, 0.047908, 0.047892, 0.048240, 0.047595, 0.047782, 0.047424, 0.047671, 0.047273, 0.039021, 0.040184, 0.040883, 0.041713, 0.042761, 0.043879, 0.045076, 0.046107, 0.047191, 0.048154, 0.049188, 0.049944, 0.051466, 0.051983, 0.053314, 0.054268, 0.055423, 0.057146, 0.058274, 0.059589, 0.044782, 0.044762, 0.045245, 0.045107, 0.046293, 0.046795, 0.047009, 0.047509, 0.048359, 0.048488, 0.048956, 0.048980, 0.049847, 0.049819, 0.050274, 0.050664, 0.051369, 0.051400, 0.052152, 0.052417, 0.037046, 0.038142, 0.039541, 0.040547, 0.042109, 0.043260, 0.044792, 0.045709, 0.046705, 0.047329, 0.049018, 0.050987, 0.051210, 0.052788, 0.053891, 0.055237, 0.055971, 0.057355, 0.058329, 0.059171, 0.033802, 0.035120, 0.036462, 0.037274, 0.038511, 0.039698, 0.041126, 0.042797, 0.045025, 0.047090, 0.049787, 0.052573, 0.054586, 0.057064, 0.059149, 0.060839, 0.063620, 0.065084, 0.066754, 0.069361, 
0.036879, 0.037965, 0.039069, 0.039931, 0.041470, 0.042451, 0.043897, 0.045255, 0.046173, 0.048181, 0.049494, 0.051187, 0.052312, 0.053302, 0.054358, 0.056139, 0.057346, 0.058830, 0.059752, 0.061081, 0.048840, 0.048279, 0.048600, 0.048098, 0.048695, 0.048274, 0.048642, 0.048301, 0.048636, 0.048393, 0.048595, 0.048853, 0.048837, 0.048426, 0.048489, 0.048849, 0.048655, 0.048898, 0.048861, 0.048743, 0.046689, 0.047647, 0.047554, 0.048366, 0.047789, 0.047957, 0.048402, 0.048364, 0.048636, 0.048405, 0.048665, 0.048691, 0.048593, 0.048372, 0.048590, 0.047943, 0.048203, 0.048155, 0.048037, 0.047848, 0.049731, 0.049954, 0.049780, 0.049436, 0.049370, 0.049269, 0.049197, 0.048682, 0.048689, 0.048972, 0.048575, 0.048057, 0.047941, 0.047925, 0.048273, 0.047627, 0.047815, 0.047456, 0.047703, 0.047304, 0.039044, 0.040208, 0.040908, 0.041739, 0.042788, 0.043907, 0.045106, 0.046138, 0.047223, 0.048187, 0.049223, 0.049980, 0.051504, 0.052022, 0.053355, 0.054310, 0.055466, 0.057192, 0.058322, 0.059638, 0.044805, 0.044786, 0.045270, 0.045133, 0.046320, 0.046824, 0.047039, 0.047541, 0.048392, 0.048522, 0.048991, 0.049016, 0.049884, 0.049858, 0.050313, 0.050704, 0.051410, 0.051442, 0.052195, 0.052461, 0.037072, 0.038169, 0.039569, 0.040576, 0.042139, 0.043290, 0.044823, 0.045741, 0.046738, 0.047362, 0.049052, 0.051022, 0.051246, 0.052825, 0.053929, 0.055276, 0.056010, 0.057395, 0.058370, 0.059213, 0.033841, 0.035161, 0.036504, 0.037318, 0.038556, 0.039743, 0.041170, 0.042839, 0.045065, 0.047126, 0.049819, 0.052601, 0.054610, 0.057084, 0.059166, 0.060853, 0.063633, 0.065095, 0.066763, 0.069370, 
0.036891, 0.037978, 0.039085, 0.039948, 0.041491, 0.042475, 0.043923, 0.045285, 0.046207, 0.048218, 0.049534, 0.051231, 0.052360, 0.053353, 0.054412, 0.056197, 0.057407, 0.058894, 0.059818, 0.061150, 0.048849, 0.048290, 0.048613, 0.048114, 0.048713, 0.048295, 0.048666, 0.048329, 0.048668, 0.048429, 0.048636, 0.048899, 0.048889, 0.048483, 0.048552, 0.048919, 0.048730, 0.048981, 0.048950, 0.048840, 0.046708, 0.047668, 0.047577, 0.048391, 0.047815, 0.047986, 0.048433, 0.048397, 0.048671, 0.048443, 0.048705, 0.048733, 0.048637, 0.048418, 0.048639, 0.047994, 0.048257, 0.048211, 0.048096, 0.047908, 0.049774, 0.049997, 0.049821, 0.049477, 0.049411, 0.049309, 0.049237, 0.048721, 0.048728, 0.049010, 0.048613, 0.048094, 0.047979, 0.047962, 0.048310, 0.047663, 0.047851, 0.047491, 0.047738, 0.047339, 0.039069, 0.040234, 0.040935, 0.041768, 0.042819, 0.043939, 0.045139, 0.046173, 0.047259, 0.048226, 0.049262, 0.050021, 0.051547, 0.052066, 0.053401, 0.054358, 0.055516, 0.057244, 0.058375, 0.059694, 0.044832, 0.044814, 0.045300, 0.045164, 0.046353, 0.046858, 0.047074, 0.047576, 0.048429, 0.048560, 0.049031, 0.049057, 0.049925, 0.049900, 0.050356, 0.050748, 0.051455, 0.051488, 0.052243, 0.052510, 0.037102, 0.038199, 0.039600, 0.040609, 0.042172, 0.043324, 0.044858, 0.045777, 0.046775, 0.047400, 0.049091, 0.051062, 0.051287, 0.052867, 0.053971, 0.055319, 0.056054, 0.057441, 0.058416, 0.059260, 0.033878, 0.035200, 0.036545, 0.037360, 0.038600, 0.039787, 0.041215, 0.042883, 0.045108, 0.047166, 0.049856, 0.052634, 0.054639, 0.057109, 0.059187, 0.060870, 0.063648, 0.065108, 0.066774, 0.069380, 
0.036904, 0.037994, 0.039103, 0.039969, 0.041514, 0.042501, 0.043953, 0.045319, 0.046243, 0.048258, 0.049578, 0.051278, 0.052411, 0.053407, 0.054469, 0.056256, 0.057469, 0.058959, 0.059886, 0.061220, 0.048860, 0.048303, 0.048628, 0.048132, 0.048734, 0.048318, 0.048693, 0.048360, 0.048703, 0.048469, 0.048680, 0.048949, 0.048944, 0.048543, 0.048619, 0.048991, 0.048809, 0.049066, 0.049042, 0.048937, 0.046729, 0.047691, 0.047601, 0.048417, 0.047844, 0.048017, 0.048467, 0.048433, 0.048710, 0.048483, 0.048749, 0.048779, 0.048686, 0.048470, 0.048694, 0.048051, 0.048317, 0.048275, 0.048162, 0.047977, 0.049821, 0.050043, 0.049867, 0.049523, 0.049456, 0.049354, 0.049281, 0.048765, 0.048771, 0.049053, 0.048655, 0.048136, 0.048020, 0.048003, 0.048350, 0.047703, 0.047891, 0.047530, 0.047777, 0.047377, 0.039096, 0.040263, 0.040965, 0.041799, 0.042852, 0.043974, 0.045175, 0.046210, 0.047299, 0.048268, 0.049305, 0.050066, 0.051594, 0.052115, 0.053452, 0.054411, 0.055571, 0.057301, 0.058435, 0.059756, 0.044863, 0.044847, 0.045334, 0.045198, 0.046389, 0.046895, 0.047112, 0.047616, 0.048469, 0.048601, 0.049074, 0.049101, 0.049970, 0.049946, 0.050403, 0.050796, 0.051504, 0.051537, 0.052293, 0.052561, 0.037134, 0.038232, 0.039635, 0.040644, 0.042209, 0.043362, 0.044897, 0.045817, 0.046816, 0.047442, 0.049134, 0.051107, 0.051331, 0.052913, 0.054018, 0.055367, 0.056103, 0.057491, 0.058466, 0.059311, 0.033912, 0.035236, 0.036583, 0.037401, 0.038642, 0.039831, 0.041260, 0.042929, 0.045153, 0.047210, 0.049897, 0.052671, 0.054673, 0.057139, 0.059213, 0.060892, 0.063666, 0.065124, 0.066787, 0.069391, 
0.036920, 0.038012, 0.039123, 0.039992, 0.041541, 0.042531, 0.043986, 0.045356, 0.046283, 0.048302, 0.049625, 0.051328, 0.052463, 0.053462, 0.054527, 0.056317, 0.057532, 0.059024, 0.059952, 0.061289, 0.048872, 0.048317, 0.048645, 0.048151, 0.048756, 0.048344, 0.048723, 0.048393, 0.048742, 0.048512, 0.048727, 0.049002, 0.049001, 0.048606, 0.048687, 0.049066, 0.048888, 0.049152, 0.049133, 0.049034, 0.046750, 0.047715, 0.047627, 0.048445, 0.047874, 0.048050, 0.048502, 0.048471, 0.048750, 0.048527, 0.048795, 0.048828, 0.048739, 0.048526, 0.048753, 0.048114, 0.048383, 0.048344, 0.048235, 0.048053, 0.049872, 0.050093, 0.049916, 0.049572, 0.049504, 0.049402, 0.049328, 0.048811, 0.048817, 0.049098, 0.048700, 0.048180, 0.048064, 0.048046, 0.048393, 0.047745, 0.047933, 0.047572, 0.047818, 0.047418, 0.039124, 0.040293, 0.040997, 0.041832, 0.042887, 0.044010, 0.045213, 0.046251, 0.047341, 0.048312, 0.049351, 0.050114, 0.051644, 0.052167, 0.053507, 0.054468, 0.055630, 0.057363, 0.058500, 0.059824, 0.044898, 0.044882, 0.045371, 0.045236, 0.046428, 0.046935, 0.047154, 0.047658, 0.048513, 0.048646, 0.049120, 0.049148, 0.050017, 0.049995, 0.050452, 0.050846, 0.051555, 0.051589, 0.052345, 0.052614, 0.037169, 0.038268, 0.039671, 0.040682, 0.042248, 0.043402, 0.044939, 0.045859, 0.046859, 0.047486, 0.049180, 0.051154, 0.051379, 0.052962, 0.054067, 0.055418, 0.056155, 0.057544, 0.058520, 0.059366, 0.033944, 0.035270, 0.036619, 0.037439, 0.038682, 0.039874, 0.041304, 0.042974, 0.045199, 0.047255, 0.049941, 0.052713, 0.054712, 0.057174, 0.059244, 0.060919, 0.063688, 0.065142, 0.066803, 0.069405, 
0.036937, 0.038032, 0.039146, 0.040018, 0.041570, 0.042564, 0.044022, 0.045395, 0.046326, 0.048348, 0.049673, 0.051380, 0.052517, 0.053518, 0.054585, 0.056377, 0.057594, 0.059089, 0.060018, 0.061356, 0.048886, 0.048333, 0.048664, 0.048173, 0.048781, 0.048373, 0.048755, 0.048429, 0.048782, 0.048557, 0.048776, 0.049056, 0.049060, 0.048670, 0.048756, 0.049140, 0.048967, 0.049236, 0.049222, 0.049128, 0.046772, 0.047739, 0.047653, 0.048474, 0.047905, 0.048083, 0.048538, 0.048510, 0.048793, 0.048572, 0.048844, 0.048880, 0.048794, 0.048585, 0.048815, 0.048180, 0.048453, 0.048418, 0.048312, 0.048134, 0.049925, 0.050145, 0.049967, 0.049623, 0.049554, 0.049451, 0.049377, 0.048859, 0.048864, 0.049146, 0.048746, 0.048225, 0.048109, 0.048091, 0.048438, 0.047789, 0.047977, 0.047615, 0.047861, 0.047460, 0.039153, 0.040324, 0.041029, 0.041866, 0.042923, 0.044048, 0.045253, 0.046293, 0.047384, 0.048358, 0.049399, 0.050164, 0.051697, 0.052222, 0.053564, 0.054527, 0.055692, 0.057428, 0.058568, 0.059895, 0.044935, 0.044921, 0.045411, 0.045277, 0.046470, 0.046978, 0.047197, 0.047703, 0.048559, 0.048692, 0.049167, 0.049196, 0.050066, 0.050045, 0.050502, 0.050897, 0.051607, 0.051641, 0.052398, 0.052668, 0.037205, 0.038305, 0.039710, 0.040722, 0.042289, 0.043443, 0.044982, 0.045904, 0.046905, 0.047532, 0.049227, 0.051203, 0.051428, 0.053013, 0.054119, 0.055471, 0.056209, 0.057599, 0.058576, 0.059423, 0.033974, 0.035302, 0.036653, 0.037474, 0.038720, 0.039914, 0.041347, 0.043019, 0.045245, 0.047302, 0.049988, 0.052759, 0.054755, 0.057214, 0.059280, 0.060950, 0.063716, 0.065166, 0.066823, 0.069421, 
0.036957, 0.038054, 0.039172, 0.040047, 0.041602, 0.042599, 0.044060, 0.045436, 0.046369, 0.048394, 0.049723, 0.051431, 0.052571, 0.053573, 0.054643, 0.056437, 0.057654, 0.059151, 0.060082, 0.061421, 0.048901, 0.048351, 0.048684, 0.048196, 0.048808, 0.048402, 0.048789, 0.048466, 0.048823, 0.048603, 0.048826, 0.049110, 0.049118, 0.048733, 0.048824, 0.049212, 0.049044, 0.049318, 0.049309, 0.049220, 0.046794, 0.047763, 0.047679, 0.048502, 0.047936, 0.048117, 0.048575, 0.048549, 0.048836, 0.048617, 0.048894, 0.048933, 0.048851, 0.048645, 0.048879, 0.048248, 0.048525, 0.048495, 0.048393, 0.048219, 0.049978, 0.050198, 0.050019, 0.049675, 0.049605, 0.049502, 0.049427, 0.048908, 0.048913, 0.049194, 0.048794, 0.048272, 0.048155, 0.048137, 0.048483, 0.047834, 0.048022, 0.047658, 0.047904, 0.047503, 0.039182, 0.040354, 0.041061, 0.041900, 0.042959, 0.044086, 0.045293, 0.046335, 0.047429, 0.048405, 0.049448, 0.050216, 0.051751, 0.052279, 0.053623, 0.054589, 0.055757, 0.057496, 0.058639, 0.059970, 0.044975, 0.044962, 0.045452, 0.045319, 0.046514, 0.047023, 0.047242, 0.047749, 0.048606, 0.048740, 0.049216, 0.049245, 0.050115, 0.050095, 0.050553, 0.050949, 0.051659, 0.051693, 0.052451, 0.052722, 0.037242, 0.038343, 0.039749, 0.040762, 0.042330, 0.043486, 0.045026, 0.045949, 0.046951, 0.047579, 0.049276, 0.051253, 0.051478, 0.053065, 0.054171, 0.055525, 0.056264, 0.057656, 0.058633, 0.059481, 0.034000, 0.035330, 0.036684, 0.037507, 0.038755, 0.039952, 0.041388, 0.043063, 0.045291, 0.047350, 0.050036, 0.052806, 0.054802, 0.057259, 0.059322, 0.060988, 0.063749, 0.065194, 0.066846, 0.069441, 
0.036978, 0.038079, 0.039199, 0.040077, 0.041636, 0.042636, 0.044100, 0.045478, 0.046414, 0.048441, 0.049772, 0.051483, 0.052624, 0.053628, 0.054699, 0.056494, 0.057713, 0.059211, 0.060143, 0.061483, 0.048917, 0.048369, 0.048706, 0.048220, 0.048835, 0.048433, 0.048824, 0.048504, 0.048866, 0.048649, 0.048876, 0.049164, 0.049176, 0.048795, 0.048891, 0.049283, 0.049118, 0.049398, 0.049393, 0.049309, 0.046816, 0.047787, 0.047705, 0.048531, 0.047967, 0.048151, 0.048611, 0.048589, 0.048879, 0.048663, 0.048944, 0.048986, 0.048908, 0.048706, 0.048944, 0.048317, 0.048598, 0.048572, 0.048476, 0.048306, 0.050032, 0.050251, 0.050071, 0.049728, 0.049657, 0.049552, 0.049477, 0.048957, 0.048961, 0.049242, 0.048842, 0.048319, 0.048202, 0.048183, 0.048528, 0.047879, 0.048067, 0.047702, 0.047947, 0.047546, 0.039210, 0.040384, 0.041092, 0.041933, 0.042994, 0.044123, 0.045332, 0.046377, 0.047473, 0.048452, 0.049497, 0.050267, 0.051806, 0.052336, 0.053683, 0.054652, 0.055822, 0.057565, 0.058712, 0.060046, 0.045016, 0.045004, 0.045495, 0.045363, 0.046558, 0.047068, 0.047288, 0.047796, 0.048653, 0.048787, 0.049264, 0.049294, 0.050164, 0.050145, 0.050604, 0.051000, 0.051710, 0.051745, 0.052504, 0.052775, 0.037278, 0.038381, 0.039788, 0.040803, 0.042372, 0.043528, 0.045070, 0.045994, 0.046998, 0.047626, 0.049325, 0.051303, 0.051529, 0.053117, 0.054224, 0.055579, 0.056319, 0.057712, 0.058690, 0.059539, 0.034024, 0.035356, 0.036712, 0.037538, 0.038788, 0.039988, 0.041427, 0.043104, 0.045336, 0.047397, 0.050084, 0.052856, 0.054851, 0.057307, 0.059368, 0.061030, 0.063788, 0.065228, 0.066875, 0.069466, 
0.037001, 0.038105, 0.039228, 0.040109, 0.041671, 0.042673, 0.044140, 0.045520, 0.046458, 0.048488, 0.049820, 0.051533, 0.052675, 0.053681, 0.054753, 0.056550, 0.057769, 0.059269, 0.060200, 0.061541, 0.048934, 0.048389, 0.048728, 0.048246, 0.048864, 0.048465, 0.048858, 0.048542, 0.048907, 0.048694, 0.048925, 0.049217, 0.049233, 0.048855, 0.048955, 0.049352, 0.049190, 0.049475, 0.049474, 0.049394, 0.046837, 0.047810, 0.047730, 0.048559, 0.047998, 0.048184, 0.048647, 0.048628, 0.048921, 0.048708, 0.048994, 0.049038, 0.048964, 0.048766, 0.049008, 0.048385, 0.048671, 0.048650, 0.048558, 0.048392, 0.050086, 0.050304, 0.050123, 0.049779, 0.049707, 0.049603, 0.049527, 0.049006, 0.049009, 0.049290, 0.048889, 0.048365, 0.048248, 0.048228, 0.048573, 0.047923, 0.048112, 0.047745, 0.047990, 0.047589, 0.039236, 0.040413, 0.041123, 0.041966, 0.043029, 0.044160, 0.045371, 0.046418, 0.047517, 0.048498, 0.049546, 0.050319, 0.051860, 0.052393, 0.053743, 0.054715, 0.055888, 0.057635, 0.058785, 0.060123, 0.045058, 0.045046, 0.045538, 0.045406, 0.046603, 0.047112, 0.047333, 0.047841, 0.048700, 0.048834, 0.049312, 0.049343, 0.050213, 0.050194, 0.050653, 0.051050, 0.051761, 0.051796, 0.052555, 0.052827, 0.037315, 0.038418, 0.039827, 0.040843, 0.042413, 0.043571, 0.045113, 0.046039, 0.047044, 0.047673, 0.049373, 0.051352, 0.051578, 0.053168, 0.054276, 0.055633, 0.056374, 0.057768, 0.058747, 0.059596, 0.034046, 0.035380, 0.036737, 0.037565, 0.038818, 0.040022, 0.041464, 0.043144, 0.045379, 0.047443, 0.050133, 0.052906, 0.054902, 0.057358, 0.059417, 0.061077, 0.063832, 0.065267, 0.066909, 0.069495, 
0.037026, 0.038133, 0.039259, 0.040142, 0.041706, 0.042711, 0.044180, 0.045562, 0.046502, 0.048534, 0.049867, 0.051581, 0.052725, 0.053731, 0.054805, 0.056602, 0.057821, 0.059322, 0.060254, 0.061595, 0.048951, 0.048409, 0.048751, 0.048271, 0.048892, 0.048496, 0.048893, 0.048580, 0.048949, 0.048739, 0.048973, 0.049268, 0.049287, 0.048912, 0.049017, 0.049417, 0.049258, 0.049547, 0.049550, 0.049474, 0.046857, 0.047832, 0.047754, 0.048586, 0.048027, 0.048216, 0.048682, 0.048666, 0.048962, 0.048752, 0.049042, 0.049089, 0.049020, 0.048825, 0.049071, 0.048452, 0.048742, 0.048726, 0.048639, 0.048478, 0.050138, 0.050356, 0.050174, 0.049830, 0.049757, 0.049651, 0.049575, 0.049053, 0.049056, 0.049337, 0.048935, 0.048410, 0.048292, 0.048272, 0.048617, 0.047966, 0.048155, 0.047787, 0.048032, 0.047630, 0.039262, 0.040440, 0.041152, 0.041997, 0.043062, 0.044195, 0.045409, 0.046458, 0.047559, 0.048543, 0.049593, 0.050369, 0.051913, 0.052449, 0.053801, 0.054777, 0.055952, 0.057703, 0.058857, 0.060199, 0.045099, 0.045087, 0.045581, 0.045449, 0.046646, 0.047156, 0.047377, 0.047886, 0.048746, 0.048880, 0.049359, 0.049390, 0.050260, 0.050242, 0.050701, 0.051098, 0.051810, 0.051845, 0.052605, 0.052877, 0.037350, 0.038455, 0.039865, 0.040882, 0.042453, 0.043612, 0.045155, 0.046082, 0.047088, 0.047718, 0.049419, 0.051400, 0.051627, 0.053218, 0.054327, 0.055685, 0.056427, 0.057825, 0.058802, 0.059652, 0.034066, 0.035401, 0.036760, 0.037590, 0.038846, 0.040052, 0.041498, 0.043182, 0.045421, 0.047488, 0.050180, 0.052955, 0.054953, 0.057410, 0.059469, 0.061128, 0.063880, 0.065312, 0.066949, 0.069530, 
0.037052, 0.038161, 0.039290, 0.040175, 0.041742, 0.042749, 0.044219, 0.045603, 0.046544, 0.048578, 0.049912, 0.051628, 0.052772, 0.053778, 0.054854, 0.056651, 0.057870, 0.059372, 0.060303, 0.061644, 0.048970, 0.048430, 0.048774, 0.048297, 0.048921, 0.048527, 0.048927, 0.048616, 0.048989, 0.048782, 0.049018, 0.049317, 0.049339, 0.048967, 0.049075, 0.049479, 0.049323, 0.049616, 0.049622, 0.049549, 0.046876, 0.047854, 0.047778, 0.048612, 0.048055, 0.048247, 0.048716, 0.048702, 0.049002, 0.048795, 0.049088, 0.049139, 0.049073, 0.048882, 0.049132, 0.048518, 0.048811, 0.048800, 0.048717, 0.048561, 0.050189, 0.050406, 0.050222, 0.049879, 0.049805, 0.049699, 0.049622, 0.049099, 0.049101, 0.049382, 0.048979, 0.048454, 0.048335, 0.048315, 0.048659, 0.048008, 0.048197, 0.047827, 0.048072, 0.047670, 0.039285, 0.040466, 0.041179, 0.042026, 0.043093, 0.044229, 0.045444, 0.046496, 0.047600, 0.048586, 0.049639, 0.050417, 0.051964, 0.052503, 0.053858, 0.054837, 0.056016, 0.057771, 0.058928, 0.060274, 0.045139, 0.045128, 0.045622, 0.045490, 0.046688, 0.047199, 0.047420, 0.047930, 0.048790, 0.048924, 0.049404, 0.049435, 0.050305, 0.050287, 0.050747, 0.051145, 0.051857, 0.051891, 0.052652, 0.052924, 0.037384, 0.038490, 0.039901, 0.040920, 0.042492, 0.043651, 0.045196, 0.046124, 0.047131, 0.047762, 0.049464, 0.051447, 0.051673, 0.053266, 0.054376, 0.055735, 0.056478, 0.057878, 0.058855, 0.059706, 0.034083, 0.035420, 0.036780, 0.037613, 0.038870, 0.040080, 0.041530, 0.043218, 0.045460, 0.047531, 0.050226, 0.053004, 0.055004, 0.057462, 0.059523, 0.061181, 0.063932, 0.065362, 0.066995, 0.069571, 
0.037079, 0.038191, 0.039321, 0.040208, 0.041777, 0.042785, 0.044257, 0.045643, 0.046585, 0.048620, 0.049955, 0.051672, 0.052816, 0.053823, 0.054899, 0.056697, 0.057915, 0.059417, 0.060348, 0.061689, 0.048988, 0.048450, 0.048798, 0.048323, 0.048949, 0.048558, 0.048960, 0.048652, 0.049027, 0.048823, 0.049062, 0.049364, 0.049388, 0.049019, 0.049130, 0.049537, 0.049383, 0.049680, 0.049688, 0.049619, 0.046894, 0.047874, 0.047800, 0.048636, 0.048082, 0.048276, 0.048747, 0.048736, 0.049039, 0.048835, 0.049133, 0.049186, 0.049124, 0.048937, 0.049191, 0.048580, 0.048878, 0.048871, 0.048792, 0.048640, 0.050237, 0.050453, 0.050269, 0.049925, 0.049850, 0.049744, 0.049667, 0.049142, 0.049144, 0.049425, 0.049021, 0.048495, 0.048376, 0.048355, 0.048699, 0.048047, 0.048237, 0.047866, 0.048110, 0.047708, 0.039307, 0.040490, 0.041205, 0.042054, 0.043123, 0.044260, 0.045478, 0.046533, 0.047638, 0.048628, 0.049682, 0.050463, 0.052013, 0.052555, 0.053913, 0.054895, 0.056077, 0.057836, 0.058996, 0.060346, 0.045178, 0.045167, 0.045662, 0.045530, 0.046729, 0.047239, 0.047462, 0.047971, 0.048832, 0.048966, 0.049447, 0.049478, 0.050348, 0.050331, 0.050791, 0.051189, 0.051901, 0.051936, 0.052696, 0.052969, 0.037417, 0.038523, 0.039936, 0.040956, 0.042528, 0.043689, 0.045235, 0.046164, 0.047173, 0.047804, 0.049508, 0.051491, 0.051718, 0.053312, 0.054422, 0.055783, 0.056527, 0.057928, 0.058905, 0.059758, 0.034099, 0.035437, 0.036799, 0.037633, 0.038893, 0.040106, 0.041559, 0.043250, 0.045497, 0.047572, 0.050270, 0.053051, 0.055053, 0.057513, 0.059576, 0.061235, 0.063987, 0.065415, 0.067045, 0.069618, 
0.037106, 0.038220, 0.039352, 0.040241, 0.041811, 0.042821, 0.044294, 0.045680, 0.046624, 0.048659, 0.049995, 0.051713, 0.052857, 0.053864, 0.054940, 0.056738, 0.057956, 0.059458, 0.060389, 0.061730, 0.049006, 0.048471, 0.048820, 0.048347, 0.048976, 0.048587, 0.048992, 0.048686, 0.049064, 0.048862, 0.049103, 0.049407, 0.049434, 0.049067, 0.049180, 0.049591, 0.049439, 0.049738, 0.049750, 0.049683, 0.046910, 0.047892, 0.047820, 0.048659, 0.048107, 0.048303, 0.048777, 0.048769, 0.049075, 0.048873, 0.049174, 0.049231, 0.049172, 0.048988, 0.049246, 0.048639, 0.048941, 0.048938, 0.048864, 0.048717, 0.050282, 0.050498, 0.050312, 0.049969, 0.049893, 0.049786, 0.049709, 0.049183, 0.049185, 0.049465, 0.049060, 0.048534, 0.048415, 0.048393, 0.048737, 0.048084, 0.048274, 0.047902, 0.048146, 0.047743, 0.039328, 0.040512, 0.041228, 0.042079, 0.043150, 0.044290, 0.045510, 0.046567, 0.047675, 0.048667, 0.049723, 0.050507, 0.052060, 0.052604, 0.053965, 0.054950, 0.056135, 0.057898, 0.059062, 0.060415, 0.045215, 0.045205, 0.045700, 0.045568, 0.046767, 0.047278, 0.047500, 0.048011, 0.048872, 0.049006, 0.049487, 0.049519, 0.050389, 0.050371, 0.050832, 0.051230, 0.051942, 0.051977, 0.052738, 0.053011, 0.037448, 0.038555, 0.039969, 0.040989, 0.042563, 0.043725, 0.045272, 0.046202, 0.047211, 0.047843, 0.049548, 0.051533, 0.051760, 0.053355, 0.054466, 0.055829, 0.056573, 0.057975, 0.058953, 0.059806, 0.034113, 0.035452, 0.036815, 0.037652, 0.038913, 0.040129, 0.041586, 0.043281, 0.045532, 0.047610, 0.050312, 0.053095, 0.055101, 0.057564, 0.059628, 0.061289, 0.064042, 0.065470, 0.067098, 0.069669, 
0.037134, 0.038249, 0.039383, 0.040272, 0.041844, 0.042855, 0.044329, 0.045716, 0.046660, 0.048697, 0.050033, 0.051751, 0.052895, 0.053902, 0.054978, 0.056776, 0.057993, 0.059496, 0.060426, 0.061766, 0.049024, 0.048491, 0.048842, 0.048371, 0.049002, 0.048615, 0.049022, 0.048718, 0.049098, 0.048898, 0.049141, 0.049448, 0.049477, 0.049111, 0.049227, 0.049640, 0.049490, 0.049792, 0.049806, 0.049741, 0.046925, 0.047909, 0.047839, 0.048680, 0.048129, 0.048328, 0.048805, 0.048799, 0.049108, 0.048909, 0.049214, 0.049273, 0.049217, 0.049037, 0.049299, 0.048695, 0.049001, 0.049002, 0.048932, 0.048789, 0.050325, 0.050540, 0.050353, 0.050010, 0.049933, 0.049826, 0.049748, 0.049222, 0.049223, 0.049503, 0.049097, 0.048571, 0.048451, 0.048429, 0.048773, 0.048119, 0.048309, 0.047936, 0.048180, 0.047776, 0.039346, 0.040532, 0.041250, 0.042103, 0.043176, 0.044317, 0.045539, 0.046598, 0.047709, 0.048703, 0.049762, 0.050548, 0.052103, 0.052650, 0.054014, 0.055002, 0.056190, 0.057956, 0.059124, 0.060481, 0.045250, 0.045240, 0.045736, 0.045604, 0.046804, 0.047315, 0.047537, 0.048048, 0.048909, 0.049043, 0.049525, 0.049557, 0.050426, 0.050409, 0.050870, 0.051268, 0.051981, 0.052016, 0.052777, 0.053050, 0.037477, 0.038585, 0.039999, 0.041021, 0.042596, 0.043758, 0.045306, 0.046237, 0.047248, 0.047879, 0.049586, 0.051572, 0.051799, 0.053396, 0.054507, 0.055872, 0.056616, 0.058019, 0.058997, 0.059852, 0.034126, 0.035466, 0.036830, 0.037668, 0.038932, 0.040150, 0.041610, 0.043308, 0.045563, 0.047645, 0.050351, 0.053138, 0.055146, 0.057612, 0.059679, 0.061342, 0.064097, 0.065526, 0.067154, 0.069724, 
0.037161, 0.038278, 0.039412, 0.040303, 0.041875, 0.042887, 0.044362, 0.045750, 0.046694, 0.048731, 0.050068, 0.051786, 0.052930, 0.053936, 0.055013, 0.056810, 0.058027, 0.059529, 0.060459, 0.061799, 0.049042, 0.048510, 0.048864, 0.048394, 0.049027, 0.048641, 0.049051, 0.048748, 0.049130, 0.048932, 0.049177, 0.049485, 0.049516, 0.049152, 0.049270, 0.049685, 0.049537, 0.049841, 0.049857, 0.049794, 0.046939, 0.047924, 0.047856, 0.048699, 0.048150, 0.048351, 0.048830, 0.048827, 0.049138, 0.048942, 0.049250, 0.049312, 0.049259, 0.049082, 0.049347, 0.048747, 0.049057, 0.049062, 0.048996, 0.048856, 0.050364, 0.050579, 0.050391, 0.050048, 0.049971, 0.049863, 0.049784, 0.049257, 0.049258, 0.049538, 0.049132, 0.048605, 0.048484, 0.048462, 0.048805, 0.048151, 0.048341, 0.047967, 0.048211, 0.047807, 0.039363, 0.040551, 0.041270, 0.042125, 0.043199, 0.044343, 0.045566, 0.046628, 0.047740, 0.048737, 0.049797, 0.050586, 0.052144, 0.052693, 0.054060, 0.055051, 0.056241, 0.058011, 0.059182, 0.060542, 0.045283, 0.045273, 0.045769, 0.045637, 0.046837, 0.047348, 0.047571, 0.048082, 0.048943, 0.049078, 0.049559, 0.049592, 0.050461, 0.050444, 0.050905, 0.051303, 0.052017, 0.052051, 0.052813, 0.053086, 0.037503, 0.038612, 0.040028, 0.041050, 0.042626, 0.043789, 0.045338, 0.046270, 0.047281, 0.047913, 0.049621, 0.051609, 0.051835, 0.053433, 0.054545, 0.055911, 0.056656, 0.058060, 0.059039, 0.059894, 0.034137, 0.035479, 0.036844, 0.037683, 0.038948, 0.040169, 0.041632, 0.043333, 0.045592, 0.047678, 0.050387, 0.053178, 0.055189, 0.057658, 0.059728, 0.061394, 0.064151, 0.065582, 0.067210, 0.069780, 
0.037187, 0.038305, 0.039440, 0.040332, 0.041905, 0.042918, 0.044393, 0.045781, 0.046726, 0.048763, 0.050100, 0.051818, 0.052961, 0.053967, 0.055044, 0.056841, 0.058057, 0.059559, 0.060489, 0.061828, 0.049059, 0.048529, 0.048884, 0.048416, 0.049050, 0.048666, 0.049077, 0.048775, 0.049160, 0.048963, 0.049209, 0.049519, 0.049551, 0.049189, 0.049309, 0.049726, 0.049579, 0.049886, 0.049903, 0.049842, 0.046951, 0.047938, 0.047871, 0.048716, 0.048169, 0.048372, 0.048853, 0.048852, 0.049166, 0.048972, 0.049283, 0.049348, 0.049298, 0.049124, 0.049392, 0.048795, 0.049108, 0.049118, 0.049055, 0.048919, 0.050400, 0.050615, 0.050426, 0.050083, 0.050005, 0.049897, 0.049818, 0.049290, 0.049291, 0.049570, 0.049163, 0.048636, 0.048515, 0.048492, 0.048835, 0.048181, 0.048371, 0.047995, 0.048239, 0.047835, 0.039379, 0.040568, 0.041288, 0.042144, 0.043221, 0.044365, 0.045591, 0.046654, 0.047769, 0.048767, 0.049830, 0.050621, 0.052181, 0.052733, 0.054102, 0.055096, 0.056288, 0.058061, 0.059236, 0.060599, 0.045314, 0.045304, 0.045800, 0.045668, 0.046868, 0.047380, 0.047602, 0.048113, 0.048975, 0.049109, 0.049591, 0.049624, 0.050493, 0.050476, 0.050937, 0.051336, 0.052049, 0.052083, 0.052845, 0.053119, 0.037528, 0.038637, 0.040054, 0.041077, 0.042653, 0.043817, 0.045368, 0.046300, 0.047312, 0.047944, 0.049654, 0.051642, 0.051868, 0.053468, 0.054580, 0.055947, 0.056692, 0.058097, 0.059076, 0.059932, 0.034147, 0.035490, 0.036856, 0.037697, 0.038963, 0.040186, 0.041652, 0.043356, 0.045619, 0.047708, 0.050420, 0.053215, 0.055228, 0.057701, 0.059774, 0.061443, 0.064203, 0.065636, 0.067266, 0.069838, 
0.037212, 0.038331, 0.039467, 0.040359, 0.041933, 0.042946, 0.044421, 0.045810, 0.046755, 0.048792, 0.050128, 0.051846, 0.052989, 0.053995, 0.055072, 0.056869, 0.058084, 0.059586, 0.060516, 0.061855, 0.049075, 0.048546, 0.048903, 0.048436, 0.049072, 0.048689, 0.049101, 0.048801, 0.049187, 0.048991, 0.049239, 0.049550, 0.049584, 0.049222, 0.049344, 0.049763, 0.049617, 0.049926, 0.049945, 0.049886, 0.046962, 0.047951, 0.047885, 0.048731, 0.048187, 0.048391, 0.048874, 0.048875, 0.049192, 0.048999, 0.049314, 0.049380, 0.049334, 0.049162, 0.049434, 0.048840, 0.049156, 0.049169, 0.049110, 0.048978, 0.050433, 0.050647, 0.050458, 0.050115, 0.050036, 0.049927, 0.049848, 0.049319, 0.049320, 0.049600, 0.049192, 0.048664, 0.048543, 0.048520, 0.048863, 0.048207, 0.048398, 0.048021, 0.048265, 0.047861, 0.039392, 0.040583, 0.041304, 0.042162, 0.043240, 0.044386, 0.045613, 0.046679, 0.047795, 0.048795, 0.049860, 0.050653, 0.052215, 0.052769, 0.054141, 0.055137, 0.056331, 0.058108, 0.059285, 0.060652, 0.045342, 0.045332, 0.045829, 0.045696, 0.046897, 0.047408, 0.047631, 0.048142, 0.049004, 0.049138, 0.049620, 0.049653, 0.050522, 0.050505, 0.050967, 0.051365, 0.052079, 0.052113, 0.052875, 0.053149, 0.037550, 0.038660, 0.040078, 0.041102, 0.042679, 0.043843, 0.045394, 0.046327, 0.047340, 0.047973, 0.049683, 0.051672, 0.051899, 0.053499, 0.054612, 0.055979, 0.056725, 0.058131, 0.059111, 0.059967, 0.034157, 0.035500, 0.036867, 0.037709, 0.038977, 0.040201, 0.041669, 0.043376, 0.045643, 0.047736, 0.050451, 0.053248, 0.055265, 0.057741, 0.059818, 0.061489, 0.064252, 0.065688, 0.067320, 0.069895, 
0.037236, 0.038356, 0.039492, 0.040385, 0.041959, 0.042972, 0.044448, 0.045836, 0.046781, 0.048818, 0.050155, 0.051872, 0.053015, 0.054020, 0.055097, 0.056893, 0.058108, 0.059611, 0.060540, 0.061879, 0.049090, 0.048563, 0.048920, 0.048455, 0.049092, 0.048710, 0.049123, 0.048824, 0.049211, 0.049017, 0.049265, 0.049578, 0.049613, 0.049252, 0.049376, 0.049797, 0.049651, 0.049962, 0.049983, 0.049925, 0.046972, 0.047962, 0.047897, 0.048745, 0.048202, 0.048408, 0.048893, 0.048896, 0.049215, 0.049024, 0.049341, 0.049410, 0.049366, 0.049196, 0.049471, 0.048881, 0.049200, 0.049216, 0.049160, 0.049031, 0.050463, 0.050677, 0.050487, 0.050143, 0.050064, 0.049955, 0.049876, 0.049346, 0.049347, 0.049626, 0.049217, 0.048690, 0.048568, 0.048545, 0.048887, 0.048232, 0.048422, 0.048045, 0.048289, 0.047884, 0.039405, 0.040596, 0.041319, 0.042178, 0.043257, 0.044405, 0.045633, 0.046700, 0.047818, 0.048821, 0.049887, 0.050682, 0.052246, 0.052802, 0.054176, 0.055174, 0.056371, 0.058151, 0.059330, 0.060700, 0.045367, 0.045357, 0.045854, 0.045722, 0.046922, 0.047434, 0.047656, 0.048168, 0.049031, 0.049164, 0.049647, 0.049680, 0.050548, 0.050532, 0.050993, 0.051392, 0.052106, 0.052140, 0.052902, 0.053176, 0.037570, 0.038681, 0.040099, 0.041124, 0.042701, 0.043867, 0.045418, 0.046352, 0.047365, 0.047998, 0.049710, 0.051700, 0.051926, 0.053527, 0.054641, 0.056009, 0.056755, 0.058162, 0.059142, 0.059999, 0.034165, 0.035510, 0.036877, 0.037720, 0.038989, 0.040215, 0.041685, 0.043395, 0.045664, 0.047760, 0.050479, 0.053279, 0.055299, 0.057778, 0.059858, 0.061532, 0.064299, 0.065738, 0.067373, 0.069951, 
0.037259, 0.038379, 0.039516, 0.040408, 0.041983, 0.042996, 0.044472, 0.045861, 0.046805, 0.048842, 0.050178, 0.051896, 0.053038, 0.054042, 0.055119, 0.056916, 0.058130, 0.059633, 0.060562, 0.061901, 0.049104, 0.048578, 0.048937, 0.048472, 0.049110, 0.048729, 0.049144, 0.048845, 0.049233, 0.049040, 0.049289, 0.049603, 0.049639, 0.049279, 0.049404, 0.049827, 0.049682, 0.049995, 0.050017, 0.049961, 0.046981, 0.047972, 0.047909, 0.048758, 0.048216, 0.048423, 0.048910, 0.048914, 0.049235, 0.049046, 0.049366, 0.049437, 0.049395, 0.049228, 0.049506, 0.048917, 0.049239, 0.049259, 0.049206, 0.049080, 0.050490, 0.050704, 0.050513, 0.050169, 0.050090, 0.049981, 0.049901, 0.049370, 0.049371, 0.049650, 0.049241, 0.048713, 0.048591, 0.048567, 0.048910, 0.048254, 0.048444, 0.048066, 0.048310, 0.047905, 0.039415, 0.040608, 0.041332, 0.042192, 0.043273, 0.044422, 0.045652, 0.046720, 0.047840, 0.048844, 0.049911, 0.050708, 0.052274, 0.052832, 0.054208, 0.055209, 0.056407, 0.058189, 0.059371, 0.060744, 0.045390, 0.045380, 0.045878, 0.045745, 0.046946, 0.047457, 0.047680, 0.048191, 0.049054, 0.049188, 0.049671, 0.049704, 0.050572, 0.050555, 0.051017, 0.051416, 0.052130, 0.052164, 0.052927, 0.053201, 0.037588, 0.038700, 0.040119, 0.041144, 0.042722, 0.043888, 0.045440, 0.046374, 0.047388, 0.048022, 0.049734, 0.051725, 0.051951, 0.053553, 0.054667, 0.056035, 0.056782, 0.058189, 0.059170, 0.060028, 0.034173, 0.035518, 0.036886, 0.037730, 0.039000, 0.040228, 0.041700, 0.043412, 0.045684, 0.047783, 0.050503, 0.053307, 0.055330, 0.057812, 0.059895, 0.061572, 0.064343, 0.065785, 0.067423, 0.070004, 
0.037281, 0.038401, 0.039538, 0.040430, 0.042005, 0.043018, 0.044493, 0.045882, 0.046827, 0.048863, 0.050199, 0.051916, 0.053059, 0.054063, 0.055139, 0.056936, 0.058149, 0.059653, 0.060582, 0.061921, 0.049118, 0.048592, 0.048952, 0.048488, 0.049127, 0.048746, 0.049162, 0.048864, 0.049253, 0.049061, 0.049311, 0.049625, 0.049662, 0.049303, 0.049430, 0.049854, 0.049710, 0.050024, 0.050048, 0.049994, 0.046989, 0.047981, 0.047919, 0.048769, 0.048229, 0.048437, 0.048925, 0.048931, 0.049254, 0.049066, 0.049388, 0.049461, 0.049421, 0.049256, 0.049537, 0.048951, 0.049275, 0.049298, 0.049247, 0.049125, 0.050514, 0.050728, 0.050537, 0.050193, 0.050113, 0.050003, 0.049923, 0.049392, 0.049392, 0.049672, 0.049262, 0.048734, 0.048611, 0.048588, 0.048930, 0.048274, 0.048464, 0.048085, 0.048329, 0.047924, 0.039425, 0.040619, 0.041344, 0.042205, 0.043286, 0.044437, 0.045668, 0.046738, 0.047859, 0.048864, 0.049933, 0.050732, 0.052300, 0.052859, 0.054237, 0.055239, 0.056440, 0.058225, 0.059409, 0.060784, 0.045410, 0.045401, 0.045899, 0.045765, 0.046966, 0.047478, 0.047701, 0.048212, 0.049076, 0.049209, 0.049692, 0.049725, 0.050594, 0.050577, 0.051039, 0.051438, 0.052152, 0.052186, 0.052949, 0.053224, 0.037605, 0.038716, 0.040136, 0.041162, 0.042740, 0.043907, 0.045460, 0.046394, 0.047409, 0.048042, 0.049755, 0.051747, 0.051973, 0.053576, 0.054690, 0.056059, 0.056807, 0.058215, 0.059195, 0.060053, 0.034180, 0.035526, 0.036894, 0.037739, 0.039010, 0.040239, 0.041713, 0.043427, 0.045701, 0.047803, 0.050526, 0.053333, 0.055357, 0.057843, 0.059928, 0.061609, 0.064383, 0.065829, 0.067469, 0.070055, 
0.037301, 0.038421, 0.039558, 0.040450, 0.042025, 0.043038, 0.044513, 0.045902, 0.046846, 0.048882, 0.050218, 0.051935, 0.053077, 0.054081, 0.055158, 0.056954, 0.058167, 0.059671, 0.060601, 0.061939, 0.049130, 0.048605, 0.048965, 0.048503, 0.049142, 0.048762, 0.049178, 0.048881, 0.049272, 0.049079, 0.049331, 0.049646, 0.049684, 0.049325, 0.049453, 0.049878, 0.049735, 0.050051, 0.050077, 0.050024, 0.046996, 0.047989, 0.047928, 0.048779, 0.048240, 0.048449, 0.048939, 0.048946, 0.049271, 0.049084, 0.049409, 0.049483, 0.049445, 0.049282, 0.049564, 0.048981, 0.049308, 0.049334, 0.049285, 0.049165, 0.050536, 0.050749, 0.050558, 0.050214, 0.050133, 0.050024, 0.049943, 0.049412, 0.049412, 0.049691, 0.049281, 0.048752, 0.048630, 0.048606, 0.048948, 0.048291, 0.048482, 0.048103, 0.048346, 0.047941, 0.039434, 0.040628, 0.041354, 0.042216, 0.043299, 0.044450, 0.045682, 0.046754, 0.047876, 0.048883, 0.049953, 0.050753, 0.052322, 0.052884, 0.054263, 0.055267, 0.056470, 0.058257, 0.059443, 0.060820, 0.045429, 0.045419, 0.045917, 0.045783, 0.046985, 0.047497, 0.047719, 0.048231, 0.049095, 0.049228, 0.049711, 0.049744, 0.050613, 0.050596, 0.051059, 0.051457, 0.052172, 0.052206, 0.052969, 0.053244, 0.037619, 0.038731, 0.040152, 0.041178, 0.042757, 0.043924, 0.045477, 0.046412, 0.047427, 0.048061, 0.049775, 0.051767, 0.051993, 0.053596, 0.054711, 0.056081, 0.056829, 0.058237, 0.059218, 0.060077, 0.034187, 0.035533, 0.036902, 0.037747, 0.039019, 0.040250, 0.041725, 0.043440, 0.045717, 0.047821, 0.050546, 0.053356, 0.055382, 0.057870, 0.059959, 0.061643, 0.064420, 0.065870, 0.067513, 0.070103, 
0.037321, 0.038441, 0.039578, 0.040470, 0.042045, 0.043058, 0.044533, 0.045921, 0.046865, 0.048901, 0.050237, 0.051954, 0.053095, 0.054099, 0.055176, 0.056972, 0.058185, 0.059690, 0.060619, 0.061958, 0.049142, 0.048618, 0.048979, 0.048517, 0.049157, 0.048777, 0.049194, 0.048898, 0.049289, 0.049098, 0.049350, 0.049665, 0.049705, 0.049347, 0.049476, 0.049903, 0.049761, 0.050078, 0.050105, 0.050054, 0.047003, 0.047997, 0.047936, 0.048789, 0.048251, 0.048462, 0.048953, 0.048961, 0.049287, 0.049102, 0.049428, 0.049504, 0.049468, 0.049307, 0.049592, 0.049010, 0.049340, 0.049370, 0.049322, 0.049205, 0.050557, 0.050771, 0.050579, 0.050234, 0.050154, 0.050044, 0.049963, 0.049431, 0.049431, 0.049711, 0.049299, 0.048771, 0.048648, 0.048624, 0.048966, 0.048309, 0.048499, 0.048119, 0.048363, 0.047957, 0.039442, 0.040638, 0.041364, 0.042227, 0.043311, 0.044463, 0.045696, 0.046769, 0.047892, 0.048901, 0.049972, 0.050774, 0.052345, 0.052908, 0.054289, 0.055295, 0.056499, 0.058289, 0.059477, 0.060857, 0.045447, 0.045437, 0.045935, 0.045801, 0.047003, 0.047515, 0.047738, 0.048249, 0.049114, 0.049247, 0.049730, 0.049764, 0.050632, 0.050616, 0.051078, 0.051477, 0.052192, 0.052226, 0.052990, 0.053265, 0.037634, 0.038746, 0.040167, 0.041194, 0.042773, 0.043941, 0.045495, 0.046430, 0.047446, 0.048079, 0.049794, 0.051787, 0.052013, 0.053617, 0.054732, 0.056102, 0.056850, 0.058259, 0.059240, 0.060099, 0.034193, 0.035540, 0.036909, 0.037756, 0.039028, 0.040260, 0.041737, 0.043453, 0.045732, 0.047839, 0.050566, 0.053378, 0.055407, 0.057898, 0.059989, 0.061676, 0.064457, 0.065910, 0.067558, 0.070153, 
0.037338, 0.038458, 0.039595, 0.040487, 0.042061, 0.043074, 0.044549, 0.045937, 0.046881, 0.048917, 0.050252, 0.051969, 0.053110, 0.054114, 0.055191, 0.056988, 0.058200, 0.059705, 0.060635, 0.061973, 0.049152, 0.048628, 0.048990, 0.048528, 0.049169, 0.048790, 0.049208, 0.048911, 0.049304, 0.049113, 0.049366, 0.049682, 0.049722, 0.049365, 0.049495, 0.049923, 0.049782, 0.050100, 0.050129, 0.050079, 0.047009, 0.048004, 0.047944, 0.048798, 0.048260, 0.048472, 0.048964, 0.048973, 0.049301, 0.049116, 0.049444, 0.049522, 0.049487, 0.049328, 0.049614, 0.049034, 0.049366, 0.049399, 0.049353, 0.049237, 0.050575, 0.050788, 0.050596, 0.050251, 0.050170, 0.050060, 0.049979, 0.049447, 0.049446, 0.049726, 0.049314, 0.048785, 0.048663, 0.048638, 0.048980, 0.048323, 0.048513, 0.048133, 0.048376, 0.047971, 0.039448, 0.040645, 0.041372, 0.042236, 0.043320, 0.044473, 0.045708, 0.046782, 0.047906, 0.048916, 0.049988, 0.050791, 0.052363, 0.052928, 0.054310, 0.055318, 0.056524, 0.058315, 0.059505, 0.060887, 0.045461, 0.045451, 0.045950, 0.045816, 0.047018, 0.047530, 0.047753, 0.048264, 0.049129, 0.049262, 0.049745, 0.049779, 0.050648, 0.050631, 0.051094, 0.051493, 0.052208, 0.052243, 0.053006, 0.053282, 0.037646, 0.038759, 0.040180, 0.041207, 0.042787, 0.043954, 0.045509, 0.046444, 0.047460, 0.048094, 0.049809, 0.051803, 0.052029, 0.053633, 0.054748, 0.056119, 0.056868, 0.058277, 0.059258, 0.060118, 0.034199, 0.035546, 0.036916, 0.037762, 0.039036, 0.040268, 0.041746, 0.043464, 0.045745, 0.047853, 0.050582, 0.053396, 0.055427, 0.057920, 0.060014, 0.061703, 0.064487, 0.065944, 0.067594, 0.070194, 
0.037354, 0.038474, 0.039610, 0.040501, 0.042076, 0.043088, 0.044563, 0.045951, 0.046895, 0.048931, 0.050266, 0.051983, 0.053124, 0.054128, 0.055205, 0.057001, 0.058214, 0.059719, 0.060649, 0.061988, 0.049161, 0.048638, 0.049000, 0.048539, 0.049180, 0.048801, 0.049219, 0.048923, 0.049317, 0.049126, 0.049380, 0.049697, 0.049737, 0.049381, 0.049512, 0.049941, 0.049801, 0.050121, 0.050151, 0.050103, 0.047014, 0.048010, 0.047950, 0.048805, 0.048268, 0.048481, 0.048974, 0.048984, 0.049313, 0.049129, 0.049459, 0.049538, 0.049504, 0.049346, 0.049634, 0.049056, 0.049389, 0.049424, 0.049380, 0.049267, 0.050591, 0.050804, 0.050611, 0.050267, 0.050185, 0.050075, 0.049994, 0.049461, 0.049460, 0.049740, 0.049328, 0.048799, 0.048676, 0.048651, 0.048993, 0.048336, 0.048526, 0.048145, 0.048389, 0.047983, 0.039454, 0.040651, 0.041379, 0.042243, 0.043329, 0.044483, 0.045718, 0.046793, 0.047918, 0.048929, 0.050002, 0.050807, 0.052380, 0.052946, 0.054329, 0.055339, 0.056546, 0.058339, 0.059530, 0.060914, 0.045474, 0.045464, 0.045963, 0.045829, 0.047031, 0.047543, 0.047766, 0.048278, 0.049143, 0.049275, 0.049759, 0.049793, 0.050662, 0.050646, 0.051109, 0.051508, 0.052223, 0.052258, 0.053022, 0.053297, 0.037656, 0.038769, 0.040192, 0.041219, 0.042799, 0.043967, 0.045521, 0.046457, 0.047474, 0.048108, 0.049823, 0.051817, 0.052044, 0.053648, 0.054764, 0.056135, 0.056884, 0.058293, 0.059275, 0.060135, 0.034204, 0.035551, 0.036921, 0.037769, 0.039043, 0.040276, 0.041755, 0.043474, 0.045757, 0.047866, 0.050597, 0.053413, 0.055445, 0.057940, 0.060036, 0.061728, 0.064514, 0.065975, 0.067628, 0.070232, 
0.037368, 0.038488, 0.039624, 0.040515, 0.042090, 0.043101, 0.044576, 0.045964, 0.046907, 0.048943, 0.050279, 0.051995, 0.053136, 0.054141, 0.055218, 0.057014, 0.058227, 0.059732, 0.060663, 0.062001, 0.049169, 0.048647, 0.049009, 0.048548, 0.049190, 0.048811, 0.049230, 0.048934, 0.049328, 0.049139, 0.049392, 0.049710, 0.049751, 0.049396, 0.049528, 0.049958, 0.049819, 0.050140, 0.050171, 0.050124, 0.047019, 0.048015, 0.047956, 0.048812, 0.048276, 0.048489, 0.048983, 0.048994, 0.049324, 0.049141, 0.049472, 0.049552, 0.049520, 0.049363, 0.049652, 0.049076, 0.049410, 0.049447, 0.049404, 0.049293, 0.050605, 0.050818, 0.050625, 0.050280, 0.050199, 0.050088, 0.050007, 0.049474, 0.049473, 0.049753, 0.049340, 0.048811, 0.048688, 0.048663, 0.049005, 0.048347, 0.048537, 0.048157, 0.048400, 0.047994, 0.039459, 0.040657, 0.041385, 0.042250, 0.043337, 0.044491, 0.045727, 0.046803, 0.047929, 0.048941, 0.050015, 0.050821, 0.052395, 0.052962, 0.054347, 0.055358, 0.056566, 0.058361, 0.059554, 0.060939, 0.045485, 0.045476, 0.045974, 0.045840, 0.047043, 0.047555, 0.047778, 0.048290, 0.049155, 0.049288, 0.049772, 0.049806, 0.050675, 0.050658, 0.051122, 0.051521, 0.052237, 0.052272, 0.053035, 0.053312, 0.037666, 0.038779, 0.040202, 0.041229, 0.042809, 0.043978, 0.045533, 0.046469, 0.047486, 0.048120, 0.049836, 0.051830, 0.052057, 0.053662, 0.054777, 0.056149, 0.056898, 0.058308, 0.059290, 0.060150, 0.034208, 0.035556, 0.036926, 0.037774, 0.039049, 0.040283, 0.041763, 0.043483, 0.045767, 0.047878, 0.050610, 0.053427, 0.055461, 0.057958, 0.060056, 0.061750, 0.064539, 0.066002, 0.067658, 0.070266, 
0.037381, 0.038500, 0.039636, 0.040527, 0.042101, 0.043113, 0.044588, 0.045975, 0.046919, 0.048954, 0.050290, 0.052007, 0.053148, 0.054152, 0.055229, 0.057026, 0.058239, 0.059745, 0.060675, 0.062014, 0.049177, 0.048654, 0.049017, 0.048557, 0.049199, 0.048820, 0.049239, 0.048944, 0.049339, 0.049150, 0.049404, 0.049722, 0.049764, 0.049410, 0.049542, 0.049974, 0.049836, 0.050158, 0.050190, 0.050144, 0.047023, 0.048020, 0.047961, 0.048818, 0.048282, 0.048496, 0.048991, 0.049003, 0.049334, 0.049152, 0.049484, 0.049565, 0.049534, 0.049378, 0.049669, 0.049093, 0.049429, 0.049468, 0.049427, 0.049317, 0.050618, 0.050831, 0.050638, 0.050293, 0.050211, 0.050101, 0.050019, 0.049485, 0.049484, 0.049764, 0.049351, 0.048822, 0.048699, 0.048674, 0.049015, 0.048358, 0.048547, 0.048167, 0.048409, 0.048004, 0.039464, 0.040662, 0.041391, 0.042257, 0.043343, 0.044499, 0.045735, 0.046812, 0.047939, 0.048952, 0.050027, 0.050834, 0.052409, 0.052977, 0.054363, 0.055375, 0.056584, 0.058381, 0.059575, 0.060962, 0.045495, 0.045486, 0.045985, 0.045850, 0.047053, 0.047565, 0.047789, 0.048301, 0.049166, 0.049299, 0.049783, 0.049818, 0.050686, 0.050670, 0.051134, 0.051533, 0.052249, 0.052284, 0.053048, 0.053325, 0.037674, 0.038788, 0.040211, 0.041239, 0.042819, 0.043988, 0.045543, 0.046480, 0.047497, 0.048131, 0.049847, 0.051842, 0.052069, 0.053674, 0.054790, 0.056162, 0.056911, 0.058322, 0.059303, 0.060164, 0.034212, 0.035560, 0.036931, 0.037780, 0.039055, 0.040290, 0.041770, 0.043491, 0.045777, 0.047889, 0.050622, 0.053441, 0.055476, 0.057974, 0.060074, 0.061770, 0.064561, 0.066027, 0.067686, 0.070298, 


0.000000, 0.000000, 0.000000, 0.000000, 0.000000, 0.000000, 0.000000, 0.000000, 0.000000, 0.000000, 0.000000, 0.000000, 0.000000, 0.000000, 0.000000, 0.000000, 0.000000, 0.000000, 0.000000, 0.000000, 0.000000, 0.000000, 0.000000, 0.000000, 0.000000, 0.000000, 0.000000, 0.000000, 0.000000, 0.000000, 0.000000, 0.000000, 0.000000, 0.000000, 0.000000, 0.000000, 0.000000, 0.000000, 0.000000, 0.000000, 0.000000, 0.000000, 0.000000, 0.000000, 0.000000, 0.000000, 0.000000, 0.000000, 0.000000, 0.000000, 0.000000, 0.000000, 0.000000, 0.000000, 0.000000, 0.000000, 0.000000, 0.000000, 0.000000, 0.000000, 0.000000, 0.000000, 0.000000, 0.000000, 0.000000, 0.000000, 0.000000, 0.000000, 0.000000, 0.000000, 0.000000, 0.000000, 0.000000, 0.000000, 0.000000, 0.000000, 0.000000, 0.000000, 0.000000, 0.000000, 0.000000, 0.000000, 0.000000, 0.000000, 0.000000, 0.000000, 0.000000, 0.000000, 0.000000, 0.000000, 0.000000, 0.000000, 0.000000, 0.000000, 0.000000, 0.000000, 0.000000, 0.000000, 0.000000, 0.000000, 0.000000, 0.000000, 0.000000, 0.000000, 0.000000, 0.000000, 0.000000, 0.000000, 0.000000, 0.000000, 0.000000, 0.000000, 0.000000, 0.000000, 0.000000, 0.000000, 0.000000, 0.000000, 0.000000, 0.000000, 0.000000, 0.000000, 0.000000, 0.000000, 0.000000, 0.000000, 0.000000, 0.000000, 0.000000, 0.000000, 0.000000, 0.000000, 0.000000, 0.000000, 0.000000, 0.000000, 0.000000, 0.000000, 0.000000, 0.000000, 0.000000, 0.000000, 0.000000, 0.000000, 0.000000, 0.000000, 0.000000, 0.000000, 0.000000, 0.000000, 0.000000, 0.000000, 0.000000, 0.000000, 0.000000, 0.000000, 0.000000, 0.000000, 0.000000, 0.000000, 
0.000000, 0.000000, 0.000000, 0.000000, 0.000000, 0.000000, 0.000000, 0.000000, 0.000000, 0.000000, 0.000000, 0.000000, 0.000000, 0.000000, 0.000000, 0.000000, 0.000000, 0.000000, 0.000000, 0.000000, 0.000000, 0.000000, 0.000000, 0.000000, 0.000000, 0.000000, 0.000000, 0.000000, 0.000000, 0.000000, 0.000000, 0.000000, 0.000000, 0.000000, 0.000000, 0.000000, 0.000000, 0.000000, 0.000000, 0.000000, 0.000000, 0.000000, 0.000000, 0.000000, 0.000000, 0.000000, 0.000000, 0.000000, 0.000000, 0.000000, 0.000000, 0.000000, 0.000000, 0.000000, 0.000000, 0.000000, 0.000000, 0.000000, 0.000000, 0.000000, 0.000000, 0.000000, 0.000000, 0.000000, 0.000000, 0.000000, 0.000000, 0.000000, 0.000000, 0.000000, 0.000000, 0.000000, 0.000000, 0.000000, 0.000000, 0.000000, 0.000000, 0.000000, 0.000000, 0.000000, 0.000000, 0.000000, 0.000000, 0.000000, 0.000000, 0.000000, 0.000000, 0.000000, 0.000000, 0.000000, 0.000000, 0.000000, 0.000000, 0.000000, 0.000000, 0.000000, 0.000000, 0.000000, 0.000000, 0.000000, 0.000000, 0.000000, 0.000000, 0.000000, 0.000000, 0.000000, 0.000000, 0.000000, 0.000000, 0.000000, 0.000000, 0.000000, 0.000000, 0.000000, 0.000000, 0.000000, 0.000000, 0.000000, 0.000000, 0.000000, 0.000000, 0.000000, 0.000000, 0.000000, 0.000000, 0.000000, 0.000000, 0.000000, 0.000000, 0.000000, 0.000000, 0.000000, 0.000000, 0.000000, 0.000000, 0.000000, 0.000000, 0.000000, 0.000000, 0.000000, 0.000000, 0.000000, 0.000000, 0.000000, 0.000000, 0.000000, 0.000000, 0.000000, 0.000000, 0.000000, 0.000000, 0.000000, 0.000000, 0.000000, 0.000000, 0.000000, 0.000000, 0.000000, 0.000000, 0.000000, 
0.000000, 0.000000, 0.000000, 0.000000, 0.000000, 0.000000, 0.000000, 0.000000, 0.000000, 0.000000, 0.000000, 0.000000, 0.000000, 0.000000, 0.000000, 0.000000, 0.000000, 0.000000, 0.000000, 0.000000, 0.000000, 0.000000, 0.000000, 0.000000, 0.000000, 0.000000, 0.000000, 0.000000, 0.000000, 0.000000, 0.000000, 0.000000, 0.000000, 0.000000, 0.000000, 0.000000, 0.000000, 0.000000, 0.000000, 0.000000, 0.000000, 0.000000, 0.000000, 0.000000, 0.000000, 0.000000, 0.000000, 0.000000, 0.000000, 0.000000, 0.000000, 0.000000, 0.000000, 0.000000, 0.000000, 0.000000, 0.000000, 0.000000, 0.000000, 0.000000, 0.000000, 0.000000, 0.000000, 0.000000, 0.000000, 0.000000, 0.000000, 0.000000, 0.000000, 0.000000, 0.000000, 0.000000, 0.000000, 0.000000, 0.000000, 0.000000, 0.000000, 0.000000, 0.000000, 0.000000, 0.000000, 0.000000, 0.000000, 0.000000, 0.000000, 0.000000, 0.000000, 0.000000, 0.000000, 0.000000, 0.000000, 0.000000, 0.000000, 0.000000, 0.000000, 0.000000, 0.000000, 0.000000, 0.000000, 0.000000, 0.000000, 0.000000, 0.000000, 0.000000, 0.000000, 0.000000, 0.000000, 0.000000, 0.000000, 0.000000, 0.000000, 0.000000, 0.000000, 0.000000, 0.000000, 0.000000, 0.000000, 0.000000, 0.000000, 0.000000, 0.000000, 0.000000, 0.000000, 0.000000, 0.000000, 0.000000, 0.000000, 0.000000, 0.000000, 0.000000, 0.000000, 0.000000, 0.000000, 0.000000, 0.000000, 0.000000, 0.000000, 0.000000, 0.000000, 0.000000, 0.000000, 0.000000, 0.000000, 0.000000, 0.000000, 0.000000, 0.000000, 0.000000, 0.000000, 0.000000, 0.000000, 0.000000, 0.000000, 0.000000, 0.000000, 0.000000, 0.000000, 0.000000, 0.000000, 0.000000, 
0.000000, 0.000000, 0.000000, 0.000000, 0.000000, 0.000000, 0.000000, 0.000000, 0.000000, 0.000000, 0.000000, 0.000000, 0.000000, 0.000000, 0.000000, 0.000000, 0.000000, 0.000000, 0.000000, 0.000000, 0.000000, 0.000000, 0.000000, 0.000000, 0.000000, 0.000000, 0.000000, 0.000000, 0.000000, 0.000000, 0.000000, 0.000000, 0.000000, 0.000000, 0.000000, 0.000000, 0.000000, 0.000000, 0.000000, 0.000000, 0.000000, 0.000000, 0.000000, 0.000000, 0.000000, 0.000000, 0.000000, 0.000000, 0.000000, 0.000000, 0.000000, 0.000000, 0.000000, 0.000000, 0.000000, 0.000000, 0.000000, 0.000000, 0.000000, 0.000000, 0.000000, 0.000000, 0.000000, 0.000000, 0.000000, 0.000000, 0.000000, 0.000000, 0.000000, 0.000000, 0.000000, 0.000000, 0.000000, 0.000000, 0.000000, 0.000000, 0.000000, 0.000000, 0.000000, 0.000000, 0.000000, 0.000000, 0.000000, 0.000000, 0.000000, 0.000000, 0.000000, 0.000000, 0.000000, 0.000000, 0.000000, 0.000000, 0.000000, 0.000000, 0.000000, 0.000000, 0.000000, 0.000000, 0.000000, 0.000000, 0.000000, 0.000000, 0.000000, 0.000000, 0.000000, 0.000000, 0.000000, 0.000000, 0.000000, 0.000000, 0.000000, 0.000000, 0.000000, 0.000000, 0.000000, 0.000000, 0.000000, 0.000000, 0.000000, 0.000000, 0.000000, 0.000000, 0.000000, 0.000000, 0.000000, 0.000000, 0.000000, 0.000000, 0.000000, 0.000000, 0.000000, 0.000000, 0.000000, 0.000000, 0.000000, 0.000000, 0.000000, 0.000000, 0.000000, 0.000000, 0.000000, 0.000000, 0.000000, 0.000000, 0.000000, 0.000000, 0.000000, 0.000000, 0.000000, 0.000000, 0.000000, 0.000000, 0.000000, 0.000000, 0.000000, 0.000000, 0.000000, 0.000000, 0.000000, 0.000000, 
0.000000, 0.000000, 0.000000, 0.000000, 0.000000, 0.000000, 0.000000, 0.000000, 0.000000, 0.000000, 0.000000, 0.000000, 0.000000, 0.000000, 0.000000, 0.000000, 0.000000, 0.000000, 0.000000, 0.000000, 0.000000, 0.000000, 0.000000, 0.000000, 0.000000, 0.000000, 0.000000, 0.000000, 0.000000, 0.000000, 0.000000, 0.000000, 0.000000, 0.000000, 0.000000, 0.000000, 0.000000, 0.000000, 0.000000, 0.000000, 0.000000, 0.000000, 0.000000, 0.000000, 0.000000, 0.000000, 0.000000, 0.000000, 0.000000, 0.000000, 0.000000, 0.000000, 0.000000, 0.000000, 0.000000, 0.000000, 0.000000, 0.000000, 0.000000, 0.000000, 0.000000, 0.000000, 0.000000, 0.000000, 0.000000, 0.000000, 0.000000, 0.000000, 0.000000, 0.000000, 0.000000, 0.000000, 0.000000, 0.000000, 0.000000, 0.000000, 0.000000, 0.000000, 0.000000, 0.000000, 0.000000, 0.000000, 0.000000, 0.000000, 0.000000, 0.000000, 0.000000, 0.000000, 0.000000, 0.000000, 0.000000, 0.000000, 0.000000, 0.000000, 0.000000, 0.000000, 0.000000, 0.000000, 0.000000, 0.000000, 0.000000, 0.000000, 0.000000, 0.000000, 0.000000, 0.000000, 0.000000, 0.000000, 0.000000, 0.000000, 0.000000, 0.000000, 0.000000, 0.000000, 0.000000, 0.000000, 0.000000, 0.000000, 0.000000, 0.000000, 0.000000, 0.000000, 0.000000, 0.000000, 0.000000, 0.000000, 0.000000, 0.000000, 0.000000, 0.000000, 0.000000, 0.000000, 0.000000, 0.000000, 0.000000, 0.000000, 0.000000, 0.000000, 0.000000, 0.000000, 0.000000, 0.000000, 0.000000, 0.000000, 0.000000, 0.000000, 0.000000, 0.000000, 0.000000, 0.000000, 0.000000, 0.000000, 0.000000, 0.000000, 0.000000, 0.000000, 0.000000, 0.000000, 0.000000, 0.000000, 
0.000000, 0.000000, 0.000000, 0.000000, 0.000000, 0.000000, 0.000000, 0.000000, 0.000000, 0.000000, 0.000000, 0.000000, 0.000000, 0.000000, 0.000000, 0.000000, 0.000000, 0.000000, 0.000000, 0.000000, 0.000000, 0.000000, 0.000000, 0.000000, 0.000000, 0.000000, 0.000000, 0.000000, 0.000000, 0.000000, 0.000000, 0.000000, 0.000000, 0.000000, 0.000000, 0.000000, 0.000000, 0.000000, 0.000000, 0.000000, 0.000000, 0.000000, 0.000000, 0.000000, 0.000000, 0.000000, 0.000000, 0.000000, 0.000000, 0.000000, 0.000000, 0.000000, 0.000000, 0.000000, 0.000000, 0.000000, 0.000000, 0.000000, 0.000000, 0.000000, 0.000000, 0.000000, 0.000000, 0.000000, 0.000000, 0.000000, 0.000000, 0.000000, 0.000000, 0.000000, 0.000000, 0.000000, 0.000000, 0.000000, 0.000000, 0.000000, 0.000000, 0.000000, 0.000000, 0.000000, 0.000000, 0.000000, 0.000000, 0.000000, 0.000000, 0.000000, 0.000000, 0.000000, 0.000000, 0.000000, 0.000000, 0.000000, 0.000000, 0.000000, 0.000000, 0.000000, 0.000000, 0.000000, 0.000000, 0.000000, 0.000000, 0.000000, 0.000000, 0.000000, 0.000000, 0.000000, 0.000000, 0.000000, 0.000000, 0.000000, 0.000000, 0.000000, 0.000000, 0.000000, 0.000000, 0.000000, 0.000000, 0.000000, 0.000000, 0.000000, 0.000000, 0.000000, 0.000000, 0.000000, 0.000000, 0.000000, 0.000000, 0.000000, 0.000000, 0.000000, 0.000000, 0.000000, 0.000000, 0.000000, 0.000000, 0.000000, 0.000000, 0.000000, 0.000000, 0.000000, 0.000000, 0.000000, 0.000000, 0.000000, 0.000000, 0.000000, 0.000000, 0.000000, 0.000000, 0.000000, 0.000000, 0.000000, 0.000000, 0.000000, 0.000000, 0.000000, 0.000000, 0.000000, 0.000000, 0.000000, 
0.000000, 0.000000, 0.000000, 0.000000, 0.000000, 0.000000, 0.000000, 0.000000, 0.000000, 0.000000, 0.000000, 0.000000, 0.000000, 0.000000, 0.000000, 0.000000, 0.000000, 0.000000, 0.000000, 0.000000, 0.000000, 0.000000, 0.000000, 0.000000, 0.000000, 0.000000, 0.000000, 0.000000, 0.000000, 0.000000, 0.000000, 0.000000, 0.000000, 0.000000, 0.000000, 0.000000, 0.000000, 0.000000, 0.000000, 0.000000, 0.000000, 0.000000, 0.000000, 0.000000, 0.000000, 0.000000, 0.000000, 0.000000, 0.000000, 0.000000, 0.000000, 0.000000, 0.000000, 0.000000, 0.000000, 0.000000, 0.000000, 0.000000, 0.000000, 0.000000, 0.000000, 0.000000, 0.000000, 0.000000, 0.000000, 0.000000, 0.000000, 0.000000, 0.000000, 0.000000, 0.000000, 0.000000, 0.000000, 0.000000, 0.000000, 0.000000, 0.000000, 0.000000, 0.000000, 0.000000, 0.000000, 0.000000, 0.000000, 0.000000, 0.000000, 0.000000, 0.000000, 0.000000, 0.000000, 0.000000, 0.000000, 0.000000, 0.000000, 0.000000, 0.000000, 0.000000, 0.000000, 0.000000, 0.000000, 0.000000, 0.000000, 0.000000, 0.000000, 0.000000, 0.000000, 0.000000, 0.000000, 0.000000, 0.000000, 0.000000, 0.000000, 0.000000, 0.000000, 0.000000, 0.000000, 0.000000, 0.000000, 0.000000, 0.000000, 0.000000, 0.000000, 0.000000, 0.000000, 0.000000, 0.000000, 0.000000, 0.000000, 0.000000, 0.000000, 0.000000, 0.000000, 0.000000, 0.000000, 0.000000, 0.000000, 0.000000, 0.000000, 0.000000, 0.000000, 0.000000, 0.000000, 0.000000, 0.000000, 0.000000, 0.000000, 0.000000, 0.000000, 0.000000, 0.000000, 0.000000, 0.000000, 0.000000, 0.000000, 0.000000, 0.000000, 0.000000, 0.000000, 0.000000, 0.000000, 0.000000, 
0.000000, 0.000000, 0.000000, 0.000000, 0.000000, 0.000000, 0.000000, 0.000000, 0.000000, 0.000000, 0.000000, 0.000000, 0.000000, 0.000000, 0.000000, 0.000000, 0.000000, 0.000000, 0.000000, 0.000000, 0.000000, 0.000000, 0.000000, 0.000000, 0.000000, 0.000000, 0.000000, 0.000000, 0.000000, 0.000000, 0.000000, 0.000000, 0.000000, 0.000000, 0.000000, 0.000000, 0.000000, 0.000000, 0.000000, 0.000000, 0.000000, 0.000000, 0.000000, 0.000000, 0.000000, 0.000000, 0.000000, 0.000000, 0.000000, 0.000000, 0.000000, 0.000000, 0.000000, 0.000000, 0.000000, 0.000000, 0.000000, 0.000000, 0.000000, 0.000000, 0.000000, 0.000000, 0.000000, 0.000000, 0.000000, 0.000000, 0.000000, 0.000000, 0.000000, 0.000000, 0.000000, 0.000000, 0.000000, 0.000000, 0.000000, 0.000000, 0.000000, 0.000000, 0.000000, 0.000000, 0.000000, 0.000000, 0.000000, 0.000000, 0.000000, 0.000000, 0.000000, 0.000000, 0.000000, 0.000000, 0.000000, 0.000000, 0.000000, 0.000000, 0.000000, 0.000000, 0.000000, 0.000000, 0.000000, 0.000000, 0.000000, 0.000000, 0.000000, 0.000000, 0.000000, 0.000000, 0.000000, 0.000000, 0.000000, 0.000000, 0.000000, 0.000000, 0.000000, 0.000000, 0.000000, 0.000000, 0.000000, 0.000000, 0.000000, 0.000000, 0.000000, 0.000000, 0.000000, 0.000000, 0.000000, 0.000000, 0.000000, 0.000000, 0.000000, 0.000000, 0.000000, 0.000000, 0.000000, 0.000000, 0.000000, 0.000000, 0.000000, 0.000000, 0.000000, 0.000000, 0.000000, 0.000000, 0.000000, 0.000000, 0.000000, 0.000000, 0.000000, 0.000000, 0.000000, 0.000000, 0.000000, 0.000000, 0.000000, 0.000000, 0.000000, 0.000000, 0.000000, 0.000000, 0.000000, 0.000000, 
0.000000, 0.000000, 0.000000, 0.000000, 0.000000, 0.000000, 0.000000, 0.000000, 0.000000, 0.000000, 0.000000, 0.000000, 0.000000, 0.000000, 0.000000, 0.000000, 0.000000, 0.000000, 0.000000, 0.000000, 0.000000, 0.000000, 0.000000, 0.000000, 0.000000, 0.000000, 0.000000, 0.000000, 0.000000, 0.000000, 0.000000, 0.000000, 0.000000, 0.000000, 0.000000, 0.000000, 0.000000, 0.000000, 0.000000, 0.000000, 0.000000, 0.000000, 0.000000, 0.000000, 0.000000, 0.000000, 0.000000, 0.000000, 0.000000, 0.000000, 0.000000, 0.000000, 0.000000, 0.000000, 0.000000, 0.000000, 0.000000, 0.000000, 0.000000, 0.000000, 0.000000, 0.000000, 0.000000, 0.000000, 0.000000, 0.000000, 0.000000, 0.000000, 0.000000, 0.000000, 0.000000, 0.000000, 0.000000, 0.000000, 0.000000, 0.000000, 0.000000, 0.000000, 0.000000, 0.000000, 0.000000, 0.000000, 0.000000, 0.000000, 0.000000, 0.000000, 0.000000, 0.000000, 0.000000, 0.000000, 0.000000, 0.000000, 0.000000, 0.000000, 0.000000, 0.000000, 0.000000, 0.000000, 0.000000, 0.000000, 0.000000, 0.000000, 0.000000, 0.000000, 0.000000, 0.000000, 0.000000, 0.000000, 0.000000, 0.000000, 0.000000, 0.000000, 0.000000, 0.000000, 0.000000, 0.000000, 0.000000, 0.000000, 0.000000, 0.000000, 0.000000, 0.000000, 0.000000, 0.000000, 0.000000, 0.000000, 0.000000, 0.000000, 0.000000, 0.000000, 0.000000, 0.000000, 0.000000, 0.000000, 0.000000, 0.000000, 0.000000, 0.000000, 0.000000, 0.000000, 0.000000, 0.000000, 0.000000, 0.000000, 0.000000, 0.000000, 0.000000, 0.000000, 0.000000, 0.000000, 0.000000, 0.000000, 0.000000, 0.000000, 0.000000, 0.000000, 0.000000, 0.000000, 0.000000, 0.000000, 
0.000000, 0.000000, 0.000000, 0.000000, 0.000000, 0.000000, 0.000000, 0.010565, 0.038055, 0.064647, 0.100902, 0.176979, 0.209381, 0.250433, 0.340991, 0.409677, 3.569430, 4.669233, 4.965980, 5.209985, 0.086867, 0.097384, 0.101220, 0.087518, 0.091184, 0.080605, 0.088012, 0.080989, 0.079781, 0.094257, 0.088499, 0.087348, 0.085815, 0.084592, 0.078975, 0.093063, 0.086263, 0.072569, 0.082996, 0.084948, 0.085163, 0.088408, 0.091635, 0.105882, 0.099237, 0.085472, 0.085193, 0.091130, 0.085361, 0.073381, 0.088484, 0.087812, 0.105366, 0.077662, 0.070421, 0.089321, 0.084884, 0.076957, 0.085237, 0.081508, 0.074631, 0.075021, 0.098345, 0.069382, 0.076702, 0.087754, 0.089084, 0.086771, 0.084647, 0.082417, 0.080203, 0.089460, 0.083540, 0.083620, 0.087794, 0.078354, 0.080323, 0.094582, 0.088937, 0.092251, 0.090116, 0.093624, 0.079131, 0.071521, 0.085725, 0.079708, 0.084041, 0.080191, 0.087174, 0.084369, 0.078288, 0.080759, 0.079686, 0.085744, 0.085222, 0.079369, 0.083982, 0.080053, 0.082277, 0.100685, 0.000000, 0.000952, 0.004084, 0.014349, 0.016731, 0.029459, 0.045726, 0.053561, 0.062145, 0.088092, 0.099406, 0.103502, 0.123652, 0.132642, 0.147542, 0.158565, 0.193317, 0.186020, 0.217409, 0.218204, 0.040581, 0.050629, 0.054224, 0.060088, 0.061811, 0.064014, 0.062308, 0.077601, 0.082159, 0.079319, 0.087623, 0.091759, 0.104713, 0.105953, 0.115459, 0.104592, 0.110058, 0.122966, 0.127044, 0.125902, 0.092259, 0.098861, 0.078683, 0.086977, 0.076965, 0.084659, 0.089067, 0.087278, 0.077925, 0.085023, 0.087961, 0.072269, 0.092136, 0.089347, 0.082918, 0.092691, 0.090816, 0.095912, 0.087162, 0.088609, 
0.093782, 0.144316, 0.224634, 0.313643, 0.425310, 4.300620, 4.910566, 5.242055, 5.548503, 5.867551, 6.196659, 6.505797, 6.823756, 7.119243, 7.417692, 7.693611, 7.966678, 8.178575, 8.406431, 8.573507, 6.026516, 6.028504, 6.022800, 6.012548, 6.022899, 6.028871, 6.017578, 6.026084, 6.019323, 6.022322, 6.025595, 6.021357, 6.024691, 6.029862, 6.019159, 6.019576, 6.028821, 6.024101, 6.025923, 6.020334, 5.944882, 5.963680, 5.962442, 5.984676, 5.990926, 5.998948, 6.009785, 6.009759, 6.010337, 6.012562, 6.030469, 6.024625, 6.035218, 6.034570, 6.044341, 6.044438, 6.048971, 6.051777, 6.054863, 6.064044, 6.023017, 6.031004, 6.021636, 6.021109, 6.014682, 6.027208, 6.010361, 6.025557, 6.025650, 6.022808, 6.026043, 6.029082, 6.032668, 6.017284, 6.023762, 6.025593, 6.027028, 6.033542, 6.029791, 6.021109, 6.033907, 6.022214, 6.028715, 6.025086, 6.023517, 6.020856, 6.027872, 6.032381, 6.026452, 6.021662, 6.024038, 6.019223, 6.019487, 6.020005, 6.014877, 6.015977, 6.030895, 6.021226, 6.019803, 6.028295, 5.134734, 5.241146, 5.330828, 5.441947, 5.540804, 5.637959, 5.723470, 5.807585, 5.907313, 5.992218, 6.062031, 6.142770, 6.220751, 6.290346, 6.360628, 6.445561, 6.522907, 6.580809, 6.670685, 6.726892, 5.983316, 5.985216, 5.979273, 5.994670, 6.001419, 6.012976, 6.012328, 6.015909, 6.023110, 6.024148, 6.033628, 6.034596, 6.027116, 6.033283, 6.033494, 6.041774, 6.040165, 6.040029, 6.041364, 6.044982, 6.034280, 6.041796, 6.034157, 6.034637, 6.029439, 6.031876, 6.028420, 6.024215, 6.018214, 6.030627, 6.026364, 6.023640, 6.012879, 6.024970, 6.023605, 6.015749, 6.021483, 6.005865, 6.006916, 6.005426, 
5.319633, 5.711078, 6.112896, 6.506702, 6.919747, 7.276945, 7.617855, 7.956329, 8.228451, 8.512082, 8.758283, 8.913969, 9.046582, 9.165797, 9.289638, 9.365976, 9.435619, 9.452047, 9.504487, 9.487345, 8.624901, 8.628753, 8.608864, 8.590288, 8.625130, 8.628745, 8.601187, 8.624394, 8.608589, 8.602630, 8.628962, 8.619290, 8.629375, 8.635296, 8.618452, 8.612406, 8.632019, 8.615998, 8.626132, 8.612819, 8.335451, 8.389599, 8.406316, 8.454389, 8.477318, 8.532266, 8.535796, 8.567810, 8.579022, 8.593198, 8.636443, 8.632117, 8.666690, 8.688012, 8.711588, 8.700505, 8.722708, 8.722375, 8.745954, 8.771836, 8.596552, 8.615225, 8.623890, 8.611955, 8.604428, 8.625354, 8.597647, 8.617937, 8.635665, 8.617597, 8.650239, 8.633856, 8.641695, 8.608545, 8.644577, 8.629003, 8.642999, 8.645146, 8.632101, 8.623409, 8.643171, 8.630172, 8.646836, 8.607717, 8.622403, 8.631104, 8.635117, 8.630708, 8.628406, 8.610629, 8.633097, 8.603298, 8.618227, 8.604544, 8.607661, 8.590342, 8.631486, 8.614665, 8.622108, 8.603405, 8.044623, 8.114779, 8.195219, 8.257574, 8.321934, 8.392885, 8.453128, 8.504368, 8.576721, 8.628823, 8.644466, 8.683821, 8.733665, 8.755940, 8.772818, 8.822808, 8.868821, 8.851398, 8.944332, 8.952720, 8.551815, 8.542510, 8.555831, 8.572717, 8.591022, 8.605694, 8.621958, 8.598631, 8.621483, 8.624348, 8.642374, 8.642187, 8.638450, 8.629915, 8.637027, 8.666966, 8.649503, 8.649937, 8.638635, 8.654215, 8.679009, 8.668529, 8.673553, 8.650752, 8.659060, 8.648618, 8.635838, 8.629204, 8.597664, 8.649067, 8.631240, 8.628755, 8.612482, 8.624839, 8.611505, 8.587916, 8.610361, 8.554454, 8.554539, 8.563107, 
7.571994, 7.961995, 8.302519, 8.607634, 8.856914, 9.041570, 9.171238, 9.305488, 9.359272, 9.454529, 9.536632, 9.554243, 9.554278, 9.553853, 9.599454, 9.597267, 9.609231, 9.587837, 9.601732, 9.559015, 9.480104, 9.481116, 9.456970, 9.436349, 9.472398, 9.480905, 9.457221, 9.478792, 9.462886, 9.468250, 9.490874, 9.480846, 9.493671, 9.488295, 9.468153, 9.465393, 9.486075, 9.459671, 9.480448, 9.454397, 9.083317, 9.160996, 9.185142, 9.247973, 9.274460, 9.373567, 9.371023, 9.416825, 9.416454, 9.447337, 9.497273, 9.499741, 9.536707, 9.562878, 9.594853, 9.583254, 9.607432, 9.610807, 9.635719, 9.682226, 9.432368, 9.460153, 9.474225, 9.460646, 9.446373, 9.468208, 9.439587, 9.459023, 9.491446, 9.467247, 9.518320, 9.475103, 9.501825, 9.465289, 9.508334, 9.493274, 9.501005, 9.511394, 9.494063, 9.490723, 9.494712, 9.493815, 9.509169, 9.448449, 9.478870, 9.493481, 9.486990, 9.496626, 9.472313, 9.475024, 9.501119, 9.456543, 9.483818, 9.455747, 9.461748, 9.430523, 9.497092, 9.468737, 9.466606, 9.447439, 9.387157, 9.380742, 9.421050, 9.405706, 9.426956, 9.459019, 9.458964, 9.468378, 9.496964, 9.514780, 9.483485, 9.477645, 9.493307, 9.484859, 9.471237, 9.508385, 9.531366, 9.492676, 9.570884, 9.552329, 9.396172, 9.382939, 9.386919, 9.421822, 9.449910, 9.479268, 9.482036, 9.442660, 9.481342, 9.478322, 9.501894, 9.497798, 9.487603, 9.489711, 9.487303, 9.528027, 9.498463, 9.502109, 9.480942, 9.507956, 9.560344, 9.538335, 9.559688, 9.513993, 9.526025, 9.513476, 9.494921, 9.493895, 9.443578, 9.502770, 9.492677, 9.493061, 9.469879, 9.464240, 9.460404, 9.418348, 9.448786, 9.387648, 9.384653, 9.392731, 
9.010407, 9.183827, 9.326549, 9.426164, 9.506325, 9.541503, 9.556939, 9.590907, 9.558799, 9.605516, 9.648420, 9.635269, 9.610004, 9.588888, 9.623717, 9.612673, 9.619488, 9.594937, 9.605947, 9.563674, 9.615491, 9.604959, 9.584870, 9.560172, 9.599402, 9.609768, 9.582722, 9.603981, 9.586413, 9.593673, 9.617979, 9.601290, 9.623945, 9.618523, 9.599136, 9.593345, 9.616882, 9.585936, 9.608084, 9.578029, 9.198381, 9.275828, 9.297706, 9.366542, 9.390741, 9.501042, 9.496821, 9.541031, 9.540559, 9.573446, 9.621396, 9.628669, 9.664093, 9.691253, 9.725523, 9.715811, 9.743306, 9.742620, 9.765217, 9.813561, 9.552712, 9.582143, 9.600208, 9.581130, 9.563946, 9.592095, 9.560441, 9.580499, 9.615362, 9.592800, 9.647075, 9.604994, 9.634075, 9.592199, 9.636652, 9.620510, 9.624692, 9.636548, 9.627374, 9.624849, 9.620064, 9.620214, 9.640078, 9.569256, 9.605313, 9.618034, 9.612759, 9.620095, 9.594732, 9.598472, 9.625543, 9.578220, 9.610954, 9.583798, 9.587611, 9.558123, 9.626307, 9.599363, 9.597152, 9.577438, 9.623060, 9.594599, 9.627810, 9.594122, 9.606242, 9.626384, 9.617001, 9.614899, 9.638462, 9.643165, 9.606604, 9.597299, 9.605092, 9.591465, 9.569228, 9.605233, 9.621777, 9.577684, 9.656448, 9.639870, 9.522198, 9.509481, 9.510238, 9.548653, 9.577694, 9.604714, 9.605567, 9.567829, 9.608990, 9.605308, 9.630754, 9.624665, 9.612805, 9.615825, 9.617228, 9.650512, 9.624949, 9.622745, 9.607486, 9.631931, 9.687482, 9.668724, 9.690257, 9.640609, 9.653200, 9.644593, 9.624310, 9.619932, 9.565722, 9.627754, 9.619268, 9.621216, 9.594168, 9.588970, 9.593554, 9.543609, 9.573896, 9.509042, 9.508105, 9.515412, 
9.527384, 9.557168, 9.586532, 9.607077, 9.628711, 9.629007, 9.619348, 9.630024, 9.582253, 9.622426, 9.659943, 9.641803, 9.612716, 9.593019, 9.626875, 9.614703, 9.620935, 9.595594, 9.606748, 9.564211, 9.627926, 9.617917, 9.596309, 9.571624, 9.611939, 9.621150, 9.594174, 9.615886, 9.597769, 9.604108, 9.630937, 9.613147, 9.635952, 9.630793, 9.609985, 9.604654, 9.628494, 9.600041, 9.622324, 9.589730, 9.210143, 9.287507, 9.311389, 9.377557, 9.401669, 9.512780, 9.509598, 9.553384, 9.552253, 9.586329, 9.632745, 9.638604, 9.677424, 9.702760, 9.737394, 9.728601, 9.753869, 9.755581, 9.776658, 9.825708, 9.562463, 9.592967, 9.611656, 9.592280, 9.575065, 9.603312, 9.570998, 9.592282, 9.626063, 9.603484, 9.657874, 9.617699, 9.648508, 9.604625, 9.649080, 9.631644, 9.635416, 9.648493, 9.639795, 9.638574, 9.630722, 9.631297, 9.651610, 9.580933, 9.618088, 9.629328, 9.626509, 9.632121, 9.606459, 9.609853, 9.637786, 9.592612, 9.623982, 9.595470, 9.599395, 9.569718, 9.639034, 9.612604, 9.611215, 9.587488, 9.650082, 9.618995, 9.651744, 9.611910, 9.625266, 9.643638, 9.632259, 9.629270, 9.652139, 9.655823, 9.617935, 9.607858, 9.613092, 9.601255, 9.579965, 9.615030, 9.630381, 9.584721, 9.663795, 9.648106, 9.538617, 9.520604, 9.522428, 9.561766, 9.590982, 9.617410, 9.618076, 9.580150, 9.622676, 9.616546, 9.639671, 9.637074, 9.624531, 9.628554, 9.629215, 9.661974, 9.637245, 9.633191, 9.618589, 9.642784, 9.701377, 9.680719, 9.701722, 9.653222, 9.665474, 9.658646, 9.636188, 9.630878, 9.574674, 9.639376, 9.631075, 9.633417, 9.605543, 9.599647, 9.606021, 9.555599, 9.587321, 9.520580, 9.519650, 9.527222, 
9.648601, 9.631278, 9.639279, 9.640711, 9.646369, 9.640892, 9.626048, 9.631747, 9.585981, 9.624553, 9.661482, 9.643009, 9.613726, 9.593951, 9.627833, 9.615359, 9.621734, 9.596293, 9.607133, 9.564468, 9.630561, 9.620567, 9.599012, 9.573812, 9.613906, 9.623164, 9.596691, 9.617763, 9.600647, 9.606325, 9.632965, 9.615108, 9.638550, 9.633584, 9.611932, 9.607295, 9.630290, 9.602587, 9.624130, 9.592255, 9.212382, 9.289927, 9.313658, 9.379093, 9.404290, 9.515688, 9.511539, 9.555830, 9.554023, 9.588922, 9.634825, 9.640267, 9.679423, 9.705332, 9.739233, 9.730732, 9.755893, 9.757627, 9.780128, 9.827046, 9.564335, 9.595343, 9.613121, 9.594051, 9.577172, 9.605253, 9.572644, 9.594053, 9.627900, 9.605636, 9.659835, 9.619813, 9.650519, 9.607078, 9.651250, 9.634211, 9.637759, 9.651982, 9.642380, 9.641522, 9.632897, 9.633397, 9.653927, 9.582599, 9.620583, 9.631479, 9.628794, 9.634088, 9.608266, 9.611926, 9.639723, 9.594842, 9.626301, 9.597679, 9.602196, 9.572332, 9.641498, 9.614922, 9.614348, 9.589865, 9.654343, 9.622188, 9.654362, 9.614517, 9.628558, 9.644960, 9.634604, 9.631941, 9.654424, 9.657675, 9.620324, 9.609706, 9.614692, 9.602957, 9.581572, 9.617515, 9.632293, 9.586085, 9.665300, 9.649813, 9.541266, 9.522428, 9.524888, 9.563513, 9.592986, 9.619184, 9.619750, 9.582304, 9.624891, 9.618639, 9.641448, 9.639156, 9.627572, 9.630410, 9.631453, 9.664465, 9.639793, 9.635427, 9.620405, 9.645130, 9.703897, 9.682863, 9.704357, 9.655349, 9.668201, 9.660428, 9.638045, 9.633036, 9.576839, 9.641273, 9.633281, 9.635235, 9.607660, 9.602180, 9.608094, 9.558370, 9.589741, 9.522623, 9.521581, 9.529245, 
9.675528, 9.643145, 9.646475, 9.643785, 9.650439, 9.644106, 9.628334, 9.633727, 9.587660, 9.625830, 9.662815, 9.644538, 9.615817, 9.595640, 9.629886, 9.617617, 9.625102, 9.598249, 9.608755, 9.563740, 9.631409, 9.621576, 9.600323, 9.574988, 9.615002, 9.624384, 9.598280, 9.619377, 9.601622, 9.607698, 9.633903, 9.615664, 9.639703, 9.634674, 9.612984, 9.608708, 9.631514, 9.604305, 9.625407, 9.593612, 9.213908, 9.292006, 9.314916, 9.380542, 9.405705, 9.517497, 9.513294, 9.557350, 9.555193, 9.590351, 9.636563, 9.641673, 9.680816, 9.706844, 9.740158, 9.732935, 9.756629, 9.759347, 9.781213, 9.828462, 9.565449, 9.596744, 9.614426, 9.595504, 9.578841, 9.606536, 9.573666, 9.594580, 9.629216, 9.607222, 9.661627, 9.621942, 9.651530, 9.608692, 9.652498, 9.635442, 9.639341, 9.653835, 9.643976, 9.642901, 9.634714, 9.634603, 9.654754, 9.584197, 9.621998, 9.632485, 9.630221, 9.635066, 9.609739, 9.613223, 9.641446, 9.596434, 9.628261, 9.598970, 9.604032, 9.574657, 9.642854, 9.617108, 9.615938, 9.591374, 9.655758, 9.622955, 9.655087, 9.615241, 9.629654, 9.645710, 9.635811, 9.633442, 9.655409, 9.658956, 9.621738, 9.610400, 9.616190, 9.604427, 9.583574, 9.619078, 9.634487, 9.588009, 9.666917, 9.652711, 9.541844, 9.524027, 9.527206, 9.564893, 9.594474, 9.621181, 9.621826, 9.583230, 9.625758, 9.619976, 9.642920, 9.640895, 9.629323, 9.632151, 9.632819, 9.666300, 9.640836, 9.636786, 9.621702, 9.645769, 9.705061, 9.684412, 9.705038, 9.656709, 9.669235, 9.662068, 9.639066, 9.634482, 9.578649, 9.642780, 9.634280, 9.636939, 9.608997, 9.603466, 9.609352, 9.559409, 9.591181, 9.523575, 9.522961, 9.530591, 
9.676189, 9.647279, 9.650756, 9.647361, 9.653946, 9.647936, 9.630217, 9.633953, 9.584150, 9.620525, 9.652325, 9.633659, 9.601509, 9.581737, 9.611840, 9.595846, 9.607421, 9.576396, 9.584328, 9.541257, 9.623000, 9.611359, 9.593788, 9.568057, 9.607374, 9.618149, 9.591137, 9.609177, 9.592896, 9.601768, 9.625967, 9.607861, 9.633061, 9.624933, 9.608566, 9.603056, 9.624734, 9.598303, 9.618894, 9.587536, 9.211336, 9.285292, 9.309090, 9.372964, 9.398736, 9.510432, 9.505291, 9.550818, 9.550158, 9.583039, 9.627774, 9.634168, 9.672422, 9.697559, 9.730788, 9.726201, 9.749443, 9.749729, 9.773455, 9.819493, 9.554637, 9.588007, 9.604946, 9.583960, 9.569399, 9.595296, 9.566800, 9.584457, 9.621684, 9.598616, 9.651928, 9.614587, 9.639756, 9.601467, 9.642411, 9.626703, 9.632672, 9.649658, 9.638206, 9.635931, 9.630607, 9.628717, 9.648917, 9.577869, 9.616098, 9.624877, 9.623313, 9.628477, 9.601966, 9.604712, 9.633769, 9.584564, 9.619268, 9.589275, 9.597014, 9.565997, 9.632519, 9.607066, 9.603719, 9.581615, 9.656733, 9.622827, 9.654158, 9.613382, 9.626173, 9.641614, 9.631881, 9.631193, 9.647647, 9.650280, 9.614138, 9.601867, 9.608376, 9.593493, 9.569721, 9.608358, 9.623226, 9.570067, 9.653615, 9.634600, 9.534883, 9.517915, 9.521261, 9.559047, 9.585174, 9.613736, 9.617199, 9.575049, 9.615311, 9.614656, 9.637598, 9.634724, 9.619832, 9.625551, 9.627343, 9.657422, 9.634406, 9.631848, 9.613554, 9.637049, 9.696416, 9.675652, 9.696481, 9.647280, 9.661486, 9.656586, 9.633026, 9.627130, 9.571409, 9.636482, 9.626764, 9.632577, 9.603783, 9.597138, 9.599173, 9.551060, 9.582800, 9.516648, 9.516141, 9.525361, 
9.677506, 9.643832, 9.641771, 9.634106, 9.634546, 9.625556, 9.609554, 9.607439, 9.562888, 9.602113, 9.631425, 9.620370, 9.592649, 9.576646, 9.603881, 9.592381, 9.599624, 9.568217, 9.581743, 9.550660, 9.609716, 9.596664, 9.573200, 9.551631, 9.590258, 9.603880, 9.572447, 9.597594, 9.578899, 9.582543, 9.610848, 9.588779, 9.617575, 9.606406, 9.592898, 9.581833, 9.609002, 9.580695, 9.595126, 9.572209, 9.203229, 9.273606, 9.298309, 9.362359, 9.383627, 9.491417, 9.488261, 9.534391, 9.532085, 9.569296, 9.609987, 9.614622, 9.653363, 9.684683, 9.709367, 9.706045, 9.729140, 9.730203, 9.757120, 9.803422, 9.524054, 9.564453, 9.576979, 9.565509, 9.546860, 9.576706, 9.548344, 9.565015, 9.608412, 9.580085, 9.636662, 9.599392, 9.628230, 9.591338, 9.631262, 9.619057, 9.617774, 9.638528, 9.624168, 9.621445, 9.620434, 9.616859, 9.630084, 9.563417, 9.593450, 9.614897, 9.607843, 9.613030, 9.583277, 9.587691, 9.612244, 9.569868, 9.604160, 9.570123, 9.577853, 9.545049, 9.613352, 9.585575, 9.581565, 9.561359, 9.640461, 9.606952, 9.635687, 9.595687, 9.609263, 9.623416, 9.611989, 9.613323, 9.631074, 9.634418, 9.598339, 9.585881, 9.588560, 9.571013, 9.551590, 9.589300, 9.603184, 9.557419, 9.637805, 9.615863, 9.524907, 9.502393, 9.501890, 9.544392, 9.572394, 9.589110, 9.598574, 9.552960, 9.595893, 9.598663, 9.618224, 9.620199, 9.604979, 9.610434, 9.610230, 9.643204, 9.613141, 9.612907, 9.598969, 9.619544, 9.673598, 9.656864, 9.674433, 9.637462, 9.645269, 9.638483, 9.618253, 9.608843, 9.556485, 9.619921, 9.608857, 9.614102, 9.584360, 9.583170, 9.581785, 9.534505, 9.563645, 9.498479, 9.499918, 9.508654, 
9.650798, 9.620770, 9.621431, 9.616805, 9.617855, 9.614911, 9.607211, 9.602816, 9.557851, 9.610088, 9.625011, 9.624143, 9.611197, 9.598729, 9.626163, 9.615190, 9.638933, 9.624342, 9.636560, 9.625878, 9.605752, 9.595206, 9.578795, 9.554040, 9.590628, 9.609932, 9.568993, 9.600122, 9.579029, 9.585310, 9.615311, 9.588869, 9.616882, 9.606438, 9.587450, 9.587151, 9.613387, 9.583997, 9.597105, 9.581328, 9.213130, 9.284489, 9.305260, 9.367538, 9.384902, 9.494041, 9.493794, 9.535343, 9.531502, 9.572781, 9.612725, 9.612463, 9.655872, 9.691738, 9.706306, 9.708100, 9.732592, 9.731591, 9.756170, 9.802083, 9.506506, 9.545994, 9.567110, 9.554727, 9.544559, 9.567065, 9.540279, 9.565811, 9.610144, 9.580118, 9.632293, 9.600618, 9.633295, 9.597849, 9.636842, 9.626341, 9.628113, 9.641160, 9.635459, 9.633783, 9.623722, 9.616208, 9.629959, 9.562904, 9.591888, 9.614919, 9.609220, 9.613290, 9.581279, 9.590390, 9.609705, 9.574673, 9.604469, 9.569410, 9.584210, 9.547158, 9.612596, 9.588819, 9.588196, 9.555830, 9.628411, 9.607075, 9.632745, 9.590869, 9.608562, 9.622250, 9.607004, 9.610670, 9.634078, 9.630332, 9.597110, 9.593136, 9.600415, 9.578107, 9.560418, 9.589746, 9.606518, 9.570752, 9.639864, 9.633490, 9.534795, 9.514768, 9.505375, 9.542567, 9.573377, 9.585388, 9.601732, 9.561979, 9.595687, 9.593810, 9.615598, 9.625658, 9.609378, 9.608695, 9.607741, 9.644878, 9.613375, 9.607210, 9.599904, 9.621920, 9.678892, 9.657512, 9.674928, 9.630783, 9.646357, 9.636954, 9.621040, 9.615083, 9.568901, 9.621383, 9.601782, 9.615600, 9.582691, 9.584874, 9.584053, 9.537942, 9.575349, 9.505390, 9.500065, 9.513512, 
9.639650, 9.613105, 9.621134, 9.619298, 9.618203, 9.623324, 9.624838, 9.624579, 9.582429, 9.648674, 9.671742, 9.679689, 9.686240, 9.697104, 9.741158, 9.748158, 9.797024, 9.817249, 9.856308, 9.873598, 9.637802, 9.644765, 9.620973, 9.603099, 9.636518, 9.645124, 9.617184, 9.646252, 9.626952, 9.644496, 9.647498, 9.645602, 9.655342, 9.655845, 9.626578, 9.627378, 9.647951, 9.633950, 9.636895, 9.616308, 9.270513, 9.331033, 9.360916, 9.413113, 9.445544, 9.538622, 9.528060, 9.582043, 9.576672, 9.612051, 9.657653, 9.661226, 9.696767, 9.728378, 9.760087, 9.755423, 9.774475, 9.759825, 9.797855, 9.838347, 9.510420, 9.556499, 9.573407, 9.569950, 9.553172, 9.593633, 9.577621, 9.595592, 9.650761, 9.610286, 9.671941, 9.655283, 9.684701, 9.656219, 9.691039, 9.686961, 9.686607, 9.701339, 9.704907, 9.710102, 9.658030, 9.658271, 9.651225, 9.606638, 9.624167, 9.648690, 9.647547, 9.646212, 9.621139, 9.634961, 9.657660, 9.619225, 9.654853, 9.621581, 9.629793, 9.590215, 9.661942, 9.650107, 9.636790, 9.604005, 9.634589, 9.626844, 9.644854, 9.609072, 9.635730, 9.655009, 9.639077, 9.654978, 9.658923, 9.675561, 9.638745, 9.644457, 9.657478, 9.640623, 9.619396, 9.649903, 9.663326, 9.657126, 9.716611, 9.705505, 9.573581, 9.561373, 9.554428, 9.602709, 9.601543, 9.625503, 9.646061, 9.607285, 9.644628, 9.632951, 9.662713, 9.658596, 9.642767, 9.658132, 9.654301, 9.678427, 9.654888, 9.665761, 9.644211, 9.670573, 9.731711, 9.693657, 9.718459, 9.678007, 9.690676, 9.668512, 9.650957, 9.666543, 9.612645, 9.656434, 9.650049, 9.655473, 9.619754, 9.625183, 9.622930, 9.580973, 9.621379, 9.542365, 9.536688, 9.566265, 
9.646503, 9.626674, 9.643284, 9.655231, 9.651094, 9.670145, 9.689401, 9.710572, 9.690590, 9.768538, 9.832557, 9.857319, 9.890313, 9.947608, 10.015552, 10.046691, 10.124246, 10.176773, 10.241565, 10.303461, 9.790102, 9.780282, 9.767549, 9.749251, 9.773439, 9.788440, 9.766805, 9.794388, 9.779095, 9.776710, 9.794295, 9.790741, 9.795932, 9.790031, 9.772372, 9.772506, 9.794672, 9.776403, 9.778786, 9.769039, 9.434829, 9.467983, 9.513753, 9.561431, 9.608234, 9.684328, 9.679857, 9.723878, 9.735237, 9.756315, 9.807083, 9.815136, 9.849427, 9.872512, 9.891789, 9.898478, 9.906705, 9.893893, 9.928888, 9.954663, 9.579883, 9.622182, 9.651367, 9.664875, 9.667063, 9.703613, 9.700192, 9.719512, 9.786337, 9.751756, 9.818477, 9.807923, 9.829288, 9.822095, 9.857798, 9.853538, 9.867079, 9.871638, 9.888682, 9.901901, 9.760129, 9.760228, 9.782401, 9.738750, 9.746398, 9.762752, 9.774782, 9.786194, 9.755301, 9.769535, 9.793708, 9.755005, 9.812240, 9.780278, 9.786144, 9.738355, 9.834108, 9.804735, 9.810198, 9.773662, 9.699232, 9.705265, 9.729032, 9.711813, 9.727698, 9.761545, 9.760251, 9.782057, 9.784826, 9.801261, 9.788480, 9.805054, 9.820325, 9.812051, 9.793375, 9.839875, 9.853265, 9.866369, 9.907308, 9.914958, 9.714764, 9.718109, 9.697984, 9.744759, 9.752600, 9.762847, 9.800849, 9.769919, 9.768268, 9.765283, 9.803500, 9.809187, 9.780659, 9.803722, 9.797944, 9.812513, 9.798820, 9.810052, 9.796818, 9.811022, 9.861436, 9.835465, 9.855606, 9.820401, 9.836793, 9.811215, 9.805200, 9.796182, 9.755930, 9.800169, 9.782034, 9.796913, 9.767322, 9.778953, 9.755036, 9.733668, 9.751347, 9.682234, 9.673641, 9.711824, 
9.686466, 9.680220, 9.708269, 9.738618, 9.756235, 9.801791, 9.840777, 9.921476, 9.931732, 10.024928, 10.138729, 10.179536, 10.249022, 10.310852, 10.419428, 10.462158, 10.569673, 10.619518, 10.717416, 10.768191, 10.066926, 10.047340, 10.058872, 10.031808, 10.047200, 10.064072, 10.031806, 10.075638, 10.061958, 10.049277, 10.088413, 10.073833, 10.068260, 10.060525, 10.056156, 10.037179, 10.073586, 10.055933, 10.058828, 10.060937, 9.719538, 9.753675, 9.806037, 9.856847, 9.886238, 9.961241, 9.964825, 9.999327, 10.015054, 10.040919, 10.078546, 10.100401, 10.117751, 10.152308, 10.177952, 10.172258, 10.175492, 10.180255, 10.205835, 10.210160, 9.770058, 9.811467, 9.870091, 9.880571, 9.900294, 9.949601, 9.940445, 9.975711, 10.043018, 10.026925, 10.100949, 10.079271, 10.115631, 10.126430, 10.161045, 10.161244, 10.189684, 10.191670, 10.216549, 10.247492, 9.971186, 9.994958, 10.018488, 9.993497, 9.998040, 10.003239, 10.040583, 10.034438, 10.031336, 10.045703, 10.073248, 10.041600, 10.094369, 10.083288, 10.098984, 10.054713, 10.135847, 10.122836, 10.132664, 10.100128, 9.892340, 9.900398, 9.934024, 9.928507, 9.963196, 10.017312, 10.002766, 10.026393, 10.047783, 10.074433, 10.065642, 10.098422, 10.125032, 10.099158, 10.113112, 10.161378, 10.188786, 10.190135, 10.236256, 10.240914, 10.001630, 10.011406, 9.971984, 10.027516, 10.023737, 10.045503, 10.081930, 10.053168, 10.044054, 10.030668, 10.091192, 10.075291, 10.064322, 10.088099, 10.089770, 10.110514, 10.086339, 10.083501, 10.084875, 10.091598, 10.126452, 10.104400, 10.141738, 10.104692, 10.107821, 10.095853, 10.062332, 10.076259, 10.040156, 10.074039, 10.064018, 10.083666, 10.026774, 10.047127, 10.040568, 10.017832, 10.033273, 9.974207, 9.950689, 9.990486, 
9.774645, 9.801215, 9.861852, 9.901254, 9.971611, 10.058443, 10.128328, 10.225199, 10.274393, 10.405181, 10.510991, 10.581436, 10.643176, 10.721615, 10.815357, 10.875570, 10.953561, 11.002152, 11.096282, 11.136738, 10.432775, 10.424592, 10.427303, 10.420178, 10.409925, 10.454778, 10.422606, 10.442257, 10.437238, 10.420487, 10.463227, 10.441615, 10.442821, 10.432916, 10.427360, 10.400956, 10.444779, 10.454922, 10.438173, 10.431498, 10.095403, 10.125898, 10.158667, 10.232042, 10.260550, 10.337914, 10.350994, 10.376747, 10.378521, 10.410562, 10.449156, 10.468627, 10.509697, 10.538817, 10.538896, 10.542048, 10.546313, 10.549810, 10.581748, 10.572720, 10.041605, 10.113984, 10.204190, 10.185250, 10.231938, 10.288612, 10.285631, 10.330458, 10.399384, 10.417571, 10.481946, 10.476008, 10.513082, 10.531319, 10.564709, 10.582049, 10.607765, 10.612299, 10.665740, 10.685535, 10.295050, 10.317665, 10.353440, 10.323116, 10.330903, 10.347632, 10.383912, 10.403827, 10.412787, 10.407972, 10.460386, 10.426944, 10.489395, 10.477466, 10.494482, 10.447133, 10.539072, 10.556865, 10.524250, 10.538608, 10.207783, 10.240034, 10.288145, 10.261681, 10.313858, 10.363504, 10.367348, 10.389963, 10.407691, 10.447930, 10.448973, 10.471343, 10.513097, 10.503344, 10.490599, 10.558621, 10.573978, 10.578329, 10.623645, 10.643093, 10.378233, 10.375318, 10.351191, 10.388477, 10.396504, 10.414406, 10.452703, 10.426315, 10.422035, 10.413273, 10.459558, 10.458941, 10.448250, 10.449460, 10.461785, 10.492552, 10.461421, 10.475521, 10.467355, 10.472641, 10.497958, 10.479651, 10.513369, 10.477858, 10.496136, 10.473662, 10.453289, 10.448399, 10.428354, 10.441130, 10.440978, 10.457557, 10.404053, 10.426625, 10.417228, 10.387932, 10.413051, 10.360282, 10.334944, 10.362785, 
9.952955, 10.014946, 10.097304, 10.181170, 10.270655, 10.391518, 10.479470, 10.579334, 10.633873, 10.767372, 10.861780, 10.961769, 11.009974, 11.072608, 11.145088, 11.205698, 11.254118, 11.298533, 11.370158, 11.401559, 10.790308, 10.801716, 10.794029, 10.808623, 10.782601, 10.826788, 10.816489, 10.833210, 10.795092, 10.788573, 10.833523, 10.816260, 10.815490, 10.804356, 10.799534, 10.794804, 10.819949, 10.831369, 10.814846, 10.791084, 10.452124, 10.498274, 10.508119, 10.604739, 10.627100, 10.709318, 10.714957, 10.752187, 10.753333, 10.780999, 10.807917, 10.854255, 10.895518, 10.915243, 10.899518, 10.917191, 10.929325, 10.936201, 10.951791, 10.938264, 10.328983, 10.412306, 10.510147, 10.505098, 10.573725, 10.629713, 10.633181, 10.685739, 10.767167, 10.775440, 10.861681, 10.837479, 10.891477, 10.935208, 10.964510, 10.994719, 11.020055, 11.027562, 11.087851, 11.101060, 10.619128, 10.635421, 10.686817, 10.670584, 10.677552, 10.689794, 10.736308, 10.762598, 10.772524, 10.769822, 10.826903, 10.803727, 10.873354, 10.858877, 10.897992, 10.844804, 10.930488, 10.970581, 10.938567, 10.943863, 10.583890, 10.606157, 10.654154, 10.661880, 10.695547, 10.730620, 10.733568, 10.766057, 10.772787, 10.817967, 10.805905, 10.832843, 10.874971, 10.863367, 10.844908, 10.919504, 10.949967, 10.937213, 10.957623, 11.002586, 10.767541, 10.741146, 10.727097, 10.743242, 10.764308, 10.788582, 10.826830, 10.792985, 10.769948, 10.782127, 10.836369, 10.837815, 10.804367, 10.817824, 10.841486, 10.866610, 10.834846, 10.847365, 10.846685, 10.838698, 10.876484, 10.854309, 10.871978, 10.857360, 10.858275, 10.857584, 10.835559, 10.817948, 10.802241, 10.811081, 10.812853, 10.830546, 10.784039, 10.816885, 10.773150, 10.747307, 10.779239, 10.730835, 10.702948, 10.733678, 
10.190594, 10.285337, 10.395041, 10.495059, 10.617025, 10.727757, 10.817613, 10.905367, 10.961112, 11.070349, 11.156494, 11.232546, 11.281275, 11.328738, 11.399386, 11.441402, 11.491546, 11.516477, 11.568011, 11.605241, 11.111660, 11.094058, 11.091826, 11.097572, 11.080931, 11.114159, 11.115385, 11.141539, 11.106828, 11.091580, 11.131385, 11.118736, 11.118727, 11.104551, 11.098677, 11.113252, 11.135448, 11.128041, 11.138430, 11.104811, 10.725422, 10.785664, 10.802672, 10.895873, 10.917558, 11.008000, 11.009344, 11.056010, 11.054235, 11.080712, 11.108885, 11.162490, 11.196544, 11.220964, 11.205653, 11.231594, 11.230858, 11.249314, 11.261939, 11.256342, 10.583809, 10.667778, 10.764516, 10.766034, 10.838796, 10.893290, 10.908406, 10.978875, 11.062329, 11.069410, 11.170827, 11.145691, 11.212142, 11.254016, 11.292920, 11.318769, 11.358913, 11.380660, 11.453205, 11.463197, 10.891132, 10.909999, 10.962228, 10.960246, 10.957599, 10.984518, 11.016606, 11.068931, 11.052295, 11.065663, 11.111529, 11.102999, 11.194694, 11.177640, 11.221843, 11.184436, 11.253091, 11.292864, 11.261472, 11.282406, 10.916340, 10.937925, 10.987070, 10.982292, 11.001109, 11.036405, 11.042770, 11.080545, 11.069536, 11.112574, 11.124202, 11.135386, 11.163052, 11.158908, 11.144772, 11.182787, 11.233092, 11.226510, 11.227207, 11.274075, 11.063993, 11.042370, 11.031129, 11.033585, 11.075126, 11.084878, 11.131097, 11.087355, 11.101625, 11.095401, 11.140416, 11.141814, 11.097610, 11.129926, 11.139195, 11.172620, 11.143702, 11.140870, 11.144022, 11.148719, 11.184527, 11.151863, 11.178501, 11.159454, 11.162030, 11.154893, 11.136971, 11.115565, 11.111766, 11.120392, 11.107823, 11.139949, 11.086338, 11.121308, 11.078234, 11.057198, 11.082619, 11.026048, 11.016286, 11.039936, 
10.474137, 10.580134, 10.695276, 10.784174, 10.922724, 11.007731, 11.099496, 11.165046, 11.225652, 11.303839, 11.384196, 11.454584, 11.489579, 11.525488, 11.586464, 11.611681, 11.655765, 11.674639, 11.724737, 11.754160, 11.340182, 11.304725, 11.316538, 11.335148, 11.318814, 11.358976, 11.346947, 11.355477, 11.351493, 11.319209, 11.358959, 11.340477, 11.353545, 11.329949, 11.337839, 11.333136, 11.360714, 11.349743, 11.371469, 11.332197, 10.939050, 10.991420, 11.029948, 11.119675, 11.144121, 11.224379, 11.227232, 11.281941, 11.284826, 11.314520, 11.339903, 11.392597, 11.417847, 11.450527, 11.449251, 11.452033, 11.454534, 11.487004, 11.502876, 11.488476, 10.780790, 10.865923, 10.964394, 10.965111, 11.054313, 11.102634, 11.127441, 11.190912, 11.291521, 11.290265, 11.391146, 11.388416, 11.454711, 11.489367, 11.547157, 11.569650, 11.619069, 11.636472, 11.710653, 11.723923, 11.090469, 11.119833, 11.175465, 11.157314, 11.177388, 11.196109, 11.246740, 11.286979, 11.284471, 11.313532, 11.341185, 11.350414, 11.441190, 11.407598, 11.461463, 11.436085, 11.498004, 11.532909, 11.515200, 11.538019, 11.188534, 11.203003, 11.249287, 11.225487, 11.250277, 11.280245, 11.282784, 11.318978, 11.306280, 11.349239, 11.352807, 11.361535, 11.394105, 11.380347, 11.363880, 11.384667, 11.428963, 11.436677, 11.429713, 11.475340, 11.302238, 11.273590, 11.264607, 11.270901, 11.331158, 11.321885, 11.361934, 11.310165, 11.339027, 11.321588, 11.378162, 11.379500, 11.344698, 11.383539, 11.369717, 11.404628, 11.367821, 11.364077, 11.372139, 11.379555, 11.414289, 11.386047, 11.416609, 11.387369, 11.401705, 11.398493, 11.359316, 11.365913, 11.343882, 11.353156, 11.332418, 11.380099, 11.320313, 11.357687, 11.309487, 11.291125, 11.310707, 11.257998, 11.231929, 11.272030, 
10.743622, 10.836060, 10.950598, 11.038095, 11.162560, 11.238548, 11.308246, 11.374879, 11.423502, 11.475256, 11.537280, 11.627730, 11.638295, 11.667150, 11.714155, 11.741721, 11.781714, 11.792953, 11.849516, 11.854966, 11.517466, 11.477459, 11.487268, 11.500661, 11.493974, 11.535240, 11.522273, 11.523085, 11.511063, 11.474955, 11.526275, 11.517579, 11.523923, 11.493660, 11.515517, 11.502877, 11.533873, 11.525588, 11.529646, 11.500097, 11.084099, 11.150266, 11.189775, 11.291294, 11.308370, 11.398690, 11.394353, 11.449662, 11.457912, 11.477991, 11.511285, 11.558951, 11.581505, 11.622053, 11.631479, 11.630548, 11.642338, 11.662892, 11.676194, 11.655454, 10.921268, 11.014430, 11.107399, 11.119682, 11.215808, 11.259179, 11.291604, 11.352552, 11.454668, 11.446659, 11.560272, 11.570658, 11.624947, 11.681086, 11.735401, 11.749326, 11.820621, 11.834196, 11.895816, 11.918330, 11.232571, 11.271787, 11.336402, 11.309870, 11.343722, 11.373707, 11.415480, 11.453582, 11.471908, 11.484034, 11.520046, 11.526030, 11.613492, 11.580077, 11.647671, 11.607161, 11.672821, 11.717082, 11.699475, 11.722341, 11.389681, 11.400509, 11.435891, 11.419902, 11.440837, 11.452117, 11.469996, 11.493025, 11.480884, 11.525072, 11.518384, 11.519143, 11.565652, 11.540737, 11.517810, 11.550598, 11.586754, 11.583149, 11.572368, 11.629583, 11.472400, 11.448669, 11.438267, 11.438878, 11.508634, 11.491656, 11.538738, 11.486977, 11.496964, 11.496308, 11.540863, 11.550833, 11.523799, 11.557464, 11.537117, 11.578255, 11.545555, 11.540084, 11.544508, 11.548502, 11.585785, 11.549365, 11.573801, 11.563177, 11.575810, 11.560227, 11.543107, 11.534887, 11.516677, 11.522186, 11.503501, 11.554206, 11.477608, 11.516227, 11.495191, 11.466558, 11.475177, 11.430723, 11.395000, 11.440806, 
10.986882, 11.065138, 11.173625, 11.238161, 11.350615, 11.405936, 11.457865, 11.514952, 11.560093, 11.605669, 11.655897, 11.740032, 11.759202, 11.768475, 11.802703, 11.835376, 11.874028, 11.878340, 11.925018, 11.925856, 11.631268, 11.606886, 11.612459, 11.619617, 11.618209, 11.653857, 11.653604, 11.651969, 11.629832, 11.609953, 11.653846, 11.647932, 11.655053, 11.606838, 11.636184, 11.623904, 11.660296, 11.654537, 11.653759, 11.632192, 11.186310, 11.261573, 11.310509, 11.419280, 11.431398, 11.524122, 11.524191, 11.566310, 11.586435, 11.607574, 11.628484, 11.677540, 11.730025, 11.746478, 11.752064, 11.755193, 11.757335, 11.798808, 11.811565, 11.789148, 11.019928, 11.118457, 11.201643, 11.231402, 11.324602, 11.374568, 11.416821, 11.476060, 11.587122, 11.565059, 11.691445, 11.697583, 11.748286, 11.824551, 11.860230, 11.884235, 11.951148, 11.986437, 12.042497, 12.057936, 11.341343, 11.387329, 11.458808, 11.433017, 11.461978, 11.496115, 11.537958, 11.574705, 11.603538, 11.617303, 11.653045, 11.660816, 11.739088, 11.700127, 11.766470, 11.723658, 11.812634, 11.851725, 11.829536, 11.839797, 11.533766, 11.546496, 11.575729, 11.554945, 11.577272, 11.597251, 11.605539, 11.617049, 11.597852, 11.644842, 11.642667, 11.642282, 11.682515, 11.660334, 11.634784, 11.673238, 11.692136, 11.692194, 11.677303, 11.740729, 11.596233, 11.566046, 11.562463, 11.566766, 11.634142, 11.612150, 11.656821, 11.610140, 11.623841, 11.618473, 11.663563, 11.675707, 11.656946, 11.679080, 11.658348, 11.707424, 11.672398, 11.664687, 11.657533, 11.672473, 11.618909, 11.676824, 11.703716, 11.689515, 11.700556, 11.681941, 11.667090, 11.652247, 11.634612, 11.641333, 11.639975, 11.669311, 11.605656, 11.643572, 11.621379, 11.587927, 11.593303, 11.552554, 11.517838, 11.567027, 
11.176605, 11.243595, 11.335395, 11.385942, 11.485526, 11.522959, 11.570253, 11.622015, 11.663247, 11.696338, 11.741357, 11.819097, 11.839456, 11.844400, 11.870495, 11.903424, 11.944990, 11.936656, 11.978586, 12.000280, 11.721801, 11.695893, 11.704478, 11.703337, 11.712581, 11.744289, 11.740384, 11.742458, 11.715943, 11.710575, 11.742079, 11.735502, 11.739783, 11.701130, 11.732729, 11.720738, 11.743713, 11.746697, 11.749074, 11.729571, 11.278629, 11.346111, 11.394028, 11.510522, 11.523163, 11.615647, 11.618519, 11.668045, 11.675542, 11.707494, 11.717017, 11.772373, 11.819944, 11.836009, 11.844488, 11.855199, 11.849124, 11.882852, 11.915744, 11.883674, 11.085925, 11.191260, 11.273321, 11.308492, 11.401200, 11.453391, 11.496866, 11.565568, 11.678571, 11.654290, 11.775724, 11.794477, 11.847417, 11.920426, 11.960753, 11.982210, 12.049259, 12.084853, 12.145557, 12.169858, 11.425663, 11.476689, 11.537343, 11.516494, 11.555215, 11.579687, 11.625326, 11.666524, 11.703010, 11.714784, 11.747320, 11.754817, 11.829591, 11.788517, 11.864641, 11.822995, 11.904854, 11.942547, 11.912582, 11.926263, 11.638755, 11.649180, 11.680733, 11.652193, 11.666281, 11.699136, 11.703578, 11.704622, 11.693304, 11.748277, 11.735194, 11.726359, 11.763901, 11.748381, 11.721570, 11.758619, 11.769675, 11.779898, 11.757362, 11.814566, 11.681771, 11.657375, 11.649272, 11.654247, 11.724826, 11.706901, 11.749291, 11.699978, 11.715487, 11.698517, 11.748067, 11.767300, 11.741147, 11.771165, 11.757865, 11.798433, 11.760925, 11.753854, 11.741568, 11.764344, 11.620012, 11.703840, 11.807794, 11.771413, 11.800864, 11.774725, 11.765245, 11.748769, 11.737358, 11.726946, 11.738547, 11.760705, 11.692352, 11.740049, 11.702670, 11.672457, 11.692408, 11.648954, 11.613134, 11.650919, 
11.314073, 11.373045, 11.461616, 11.494422, 11.586139, 11.613167, 11.650528, 11.701335, 11.742574, 11.761701, 11.805658, 11.896558, 11.900318, 11.903991, 11.929390, 11.965264, 12.007147, 11.998607, 12.027492, 12.068774, 11.788438, 11.770592, 11.772426, 11.768794, 11.780950, 11.807947, 11.806411, 11.808033, 11.776430, 11.771291, 11.802551, 11.798065, 11.803464, 11.775277, 11.809030, 11.781441, 11.805072, 11.815532, 11.813276, 11.793345, 11.335028, 11.416152, 11.458051, 11.569818, 11.591824, 11.678286, 11.676317, 11.730578, 11.746113, 11.774730, 11.792776, 11.850743, 11.891646, 11.916339, 11.914868, 11.921681, 11.908089, 11.956635, 11.982162, 11.957521, 11.138581, 11.247888, 11.323190, 11.367332, 11.456731, 11.509847, 11.558722, 11.630709, 11.729995, 11.721318, 11.858823, 11.853667, 11.907423, 11.985037, 12.047809, 12.060270, 12.125228, 12.152945, 12.226345, 12.256332, 11.488753, 11.538168, 11.597660, 11.588343, 11.617765, 11.637547, 11.688965, 11.741972, 11.761403, 11.782190, 11.803784, 11.817573, 11.895056, 11.853188, 11.926260, 11.894489, 11.968279, 12.003809, 11.977147, 11.996037, 11.728758, 11.738464, 11.749767, 11.719750, 11.749711, 11.769265, 11.769084, 11.780849, 11.763369, 11.815404, 11.791731, 11.795440, 11.829228, 11.813052, 11.785672, 11.829701, 11.831176, 11.835344, 11.828538, 11.879473, 11.747304, 11.730333, 11.727156, 11.711820, 11.792130, 11.775297, 11.813637, 11.764759, 11.776292, 11.766159, 11.813967, 11.832753, 11.809465, 11.838712, 11.828769, 11.863257, 11.831107, 11.832224, 11.817443, 11.826582, 11.620614, 11.705130, 11.824731, 11.838911, 11.860604, 11.847070, 11.829408, 11.816032, 11.797048, 11.797555, 11.803410, 11.829031, 11.761463, 11.801263, 11.771021, 11.747324, 11.759721, 11.716796, 11.674487, 11.711655, 
11.420992, 11.465206, 11.548472, 11.575898, 11.649238, 11.677520, 11.719631, 11.761904, 11.796552, 11.818908, 11.861791, 11.956882, 11.953235, 11.957578, 11.991851, 12.030317, 12.072953, 12.064541, 12.098688, 12.149060, 11.853320, 11.822267, 11.830227, 11.819224, 11.834768, 11.861561, 11.858391, 11.870606, 11.830580, 11.822083, 11.861695, 11.860860, 11.852502, 11.831273, 11.861325, 11.847048, 11.870233, 11.874019, 11.870016, 11.851467, 11.385481, 11.466018, 11.513779, 11.630258, 11.647259, 11.721918, 11.731315, 11.782595, 11.800069, 11.831195, 11.848636, 11.910475, 11.952626, 11.972068, 11.963399, 11.980880, 11.962427, 12.011758, 12.037429, 12.013261, 11.174270, 11.280429, 11.364115, 11.397650, 11.501753, 11.563214, 11.605769, 11.678004, 11.783680, 11.781111, 11.906446, 11.910641, 11.967700, 12.064222, 12.113621, 12.126779, 12.196815, 12.220059, 12.295179, 12.335262, 11.541159, 11.600060, 11.646025, 11.646489, 11.672488, 11.683495, 11.743495, 11.788384, 11.820560, 11.834959, 11.862659, 11.878651, 11.951852, 11.912372, 11.978561, 11.954637, 12.024068, 12.058170, 12.039183, 12.051446, 11.777254, 11.795060, 11.801770, 11.777348, 11.803485, 11.815750, 11.823485, 11.839141, 11.816753, 11.881699, 11.849775, 11.842928, 11.872848, 11.865674, 11.842974, 11.892664, 11.881910, 11.900525, 11.885791, 11.941545, 11.796118, 11.781482, 11.794812, 11.773935, 11.854381, 11.831388, 11.875831, 11.816033, 11.836286, 11.836932, 11.873212, 11.880750, 11.876026, 11.886353, 11.882226, 11.922055, 11.890355, 11.883404, 11.876378, 11.876715, 11.621441, 11.706158, 11.825528, 11.853792, 11.906015, 11.888372, 11.875494, 11.863903, 11.857133, 11.851977, 11.858496, 11.873876, 11.813377, 11.862506, 11.827005, 11.803116, 11.810455, 11.765939, 11.731576, 11.773833, 
11.496361, 11.539483, 11.609647, 11.639962, 11.707597, 11.725144, 11.775557, 11.811434, 11.854028, 11.875683, 11.923487, 12.018340, 12.013246, 12.035842, 12.056754, 12.115187, 12.171564, 12.157519, 12.212796, 12.257030, 11.918029, 11.883364, 11.892107, 11.874852, 11.887992, 11.907867, 11.918432, 11.925685, 11.889897, 11.876234, 11.909890, 11.917970, 11.900826, 11.890614, 11.916126, 11.915217, 11.931105, 11.923486, 11.931107, 11.909866, 11.433467, 11.532154, 11.575715, 11.686992, 11.701032, 11.773870, 11.783063, 11.837463, 11.859670, 11.891577, 11.895655, 11.959791, 12.005103, 12.032486, 12.009939, 12.045065, 12.019680, 12.061711, 12.098625, 12.070432, 11.217738, 11.316274, 11.401965, 11.442997, 11.543554, 11.610055, 11.650678, 11.728703, 11.838468, 11.832871, 11.964629, 11.976092, 12.025288, 12.125068, 12.176148, 12.188696, 12.269199, 12.280638, 12.378186, 12.395763, 11.594451, 11.656978, 11.696334, 11.697506, 11.728631, 11.745874, 11.803070, 11.844075, 11.874706, 11.894256, 11.928822, 11.929981, 12.004416, 11.966729, 12.033903, 12.013107, 12.067497, 12.117881, 12.104700, 12.119356, 11.835774, 11.844955, 11.846801, 11.837922, 11.856620, 11.869233, 11.880237, 11.890550, 11.871202, 11.940928, 11.908576, 11.897448, 11.929392, 11.923474, 11.895180, 11.955935, 11.946608, 11.968448, 11.949784, 12.011289, 11.853458, 11.834440, 11.859716, 11.838549, 11.927156, 11.898208, 11.926332, 11.866585, 11.889600, 11.894657, 11.932353, 11.940376, 11.927571, 11.952405, 11.928472, 11.966184, 11.945364, 11.935725, 11.931102, 11.940924, 11.622534, 11.707164, 11.825481, 11.854002, 11.912271, 11.937866, 11.928987, 11.920529, 11.908298, 11.911073, 11.912331, 11.933118, 11.869094, 11.928304, 11.895377, 11.861101, 11.871244, 11.839680, 11.777052, 11.832997, 
11.564664, 11.588193, 11.669648, 11.692954, 11.751492, 11.772983, 11.821516, 11.870111, 11.912456, 11.939827, 11.996213, 12.094326, 12.097979, 12.136747, 12.168558, 12.233343, 12.283335, 12.295240, 12.352496, 12.400877, 11.980004, 11.964600, 11.968073, 11.947775, 11.961603, 11.977404, 11.984584, 11.996329, 11.955088, 11.946581, 11.975179, 11.991392, 11.981239, 11.969190, 11.989944, 11.976958, 12.011556, 11.995159, 12.000263, 11.980242, 11.516430, 11.596428, 11.649856, 11.763343, 11.770712, 11.835695, 11.866241, 11.919489, 11.928940, 11.966942, 11.981871, 12.028230, 12.071038, 12.100590, 12.080518, 12.113750, 12.092576, 12.131675, 12.166971, 12.143663, 11.264003, 11.349670, 11.455842, 11.501493, 11.599216, 11.662180, 11.714932, 11.799111, 11.896976, 11.903194, 12.034892, 12.055716, 12.108197, 12.212261, 12.262771, 12.273392, 12.347493, 12.371492, 12.482588, 12.490750, 11.649605, 11.720513, 11.747023, 11.755883, 11.789330, 11.817592, 11.874740, 11.901541, 11.955869, 11.966277, 11.998494, 11.999495, 12.076028, 12.052835, 12.129899, 12.093910, 12.144134, 12.191003, 12.190721, 12.204962, 11.890403, 11.897751, 11.897354, 11.888571, 11.916971, 11.926020, 11.943131, 11.963142, 11.939246, 12.000673, 11.981288, 11.977642, 12.018176, 11.998164, 11.978673, 12.033641, 12.024638, 12.050748, 12.043604, 12.103200, 11.931521, 11.896341, 11.927471, 11.921792, 11.997816, 11.961394, 12.001516, 11.936385, 11.963707, 11.967173, 12.003803, 12.013471, 11.991723, 12.021738, 12.005654, 12.041148, 12.015670, 11.999901, 12.000728, 12.008097, 11.623740, 11.707478, 11.825784, 11.854619, 11.912413, 11.944382, 12.015490, 12.003932, 11.980299, 11.970786, 11.980555, 12.001337, 11.940685, 12.004517, 11.964835, 11.925762, 11.941119, 11.914331, 11.851189, 11.906473, 
11.610335, 11.636878, 11.716363, 11.755019, 11.812859, 11.844929, 11.895832, 11.935963, 11.985981, 12.042805, 12.099197, 12.194190, 12.212734, 12.268513, 12.311765, 12.374951, 12.419468, 12.457273, 12.493302, 12.570329, 12.074335, 12.062188, 12.074400, 12.039351, 12.051395, 12.072457, 12.086903, 12.085314, 12.047669, 12.037265, 12.074183, 12.090137, 12.076350, 12.061142, 12.082733, 12.066070, 12.102913, 12.084819, 12.081131, 12.077319, 11.619505, 11.708458, 11.744622, 11.863483, 11.868628, 11.941525, 11.960384, 12.012335, 12.024518, 12.063573, 12.074474, 12.133332, 12.177465, 12.202534, 12.176734, 12.204523, 12.194332, 12.216140, 12.254375, 12.249396, 11.321265, 11.411607, 11.516180, 11.575931, 11.668691, 11.747316, 11.800934, 11.892682, 11.985020, 11.999617, 12.126954, 12.152705, 12.214768, 12.318572, 12.362122, 12.378990, 12.459300, 12.494117, 12.594267, 12.604068, 11.716088, 11.788224, 11.824902, 11.837311, 11.856120, 11.904567, 11.954152, 11.985171, 12.044828, 12.056395, 12.097827, 12.092970, 12.177849, 12.156928, 12.231752, 12.198756, 12.246305, 12.305012, 12.305629, 12.315907, 11.959905, 11.965645, 11.975923, 11.963170, 11.983455, 12.015368, 12.030104, 12.049293, 12.034935, 12.101178, 12.080351, 12.076876, 12.120149, 12.113579, 12.085100, 12.147950, 12.140717, 12.164862, 12.142810, 12.215729, 12.026104, 12.004866, 12.023663, 12.021004, 12.087979, 12.051431, 12.082046, 12.032012, 12.057618, 12.056742, 12.102656, 12.109807, 12.075461, 12.115939, 12.094700, 12.129401, 12.094691, 12.101124, 12.094975, 12.110255, 11.625914, 11.707847, 11.826480, 11.854204, 11.913911, 11.944024, 12.024867, 12.101226, 12.078738, 12.071091, 12.075721, 12.095392, 12.034366, 12.096096, 12.052948, 12.014261, 12.034400, 12.012273, 11.950111, 12.009280, 
11.664530, 11.690691, 11.769617, 11.822393, 11.880749, 11.917911, 11.987515, 12.029442, 12.089482, 12.162659, 12.206214, 12.310484, 12.334397, 12.413938, 12.458798, 12.519101, 12.571931, 12.619039, 12.670741, 12.744303, 12.190873, 12.171213, 12.173825, 12.157958, 12.170034, 12.195738, 12.207411, 12.207827, 12.173295, 12.135097, 12.187955, 12.205080, 12.192702, 12.176411, 12.200369, 12.178986, 12.228343, 12.207500, 12.197695, 12.191713, 11.748520, 11.827034, 11.855459, 11.988629, 11.989578, 12.053813, 12.077172, 12.117900, 12.140307, 12.169990, 12.185350, 12.246438, 12.285393, 12.318325, 12.292876, 12.317624, 12.307523, 12.331641, 12.381655, 12.357375, 11.402791, 11.495316, 11.609837, 11.677398, 11.763551, 11.847665, 11.890387, 11.988923, 12.099930, 12.130921, 12.235542, 12.271268, 12.330637, 12.434142, 12.493789, 12.514084, 12.588682, 12.625225, 12.737848, 12.764611, 11.799227, 11.876530, 11.918110, 11.938141, 11.946226, 11.993345, 12.065746, 12.094433, 12.144758, 12.174831, 12.215283, 12.204007, 12.314164, 12.283900, 12.355871, 12.340094, 12.381447, 12.442719, 12.462266, 12.460100, 12.048901, 12.062284, 12.079923, 12.066364, 12.088058, 12.123994, 12.134844, 12.161795, 12.158369, 12.201296, 12.198196, 12.208454, 12.256366, 12.235709, 12.213754, 12.285496, 12.262381, 12.298899, 12.285087, 12.347708, 12.135177, 12.127084, 12.143167, 12.131083, 12.199768, 12.164363, 12.194282, 12.147291, 12.174196, 12.180443, 12.213425, 12.215977, 12.194306, 12.232923, 12.214553, 12.251174, 12.218111, 12.222202, 12.207791, 12.213081, 11.627319, 11.708057, 11.828213, 11.855292, 11.914900, 11.944078, 12.025802, 12.114582, 12.185398, 12.193581, 12.185001, 12.218320, 12.162267, 12.196646, 12.154762, 12.138257, 12.155196, 12.125865, 12.068944, 12.134647, 
11.720600, 11.752082, 11.851997, 11.890427, 11.971314, 12.010816, 12.084135, 12.141980, 12.213685, 12.285892, 12.352734, 12.454127, 12.492166, 12.561734, 12.603044, 12.672806, 12.727179, 12.768887, 12.824088, 12.904747, 12.316253, 12.306164, 12.302300, 12.292548, 12.300519, 12.322417, 12.330450, 12.332259, 12.300811, 12.251554, 12.318974, 12.335276, 12.329724, 12.312539, 12.316686, 12.295789, 12.356613, 12.346021, 12.319341, 12.321358, 11.890470, 11.969699, 11.997984, 12.123515, 12.117551, 12.189268, 12.197145, 12.250787, 12.262137, 12.300219, 12.322148, 12.374640, 12.416596, 12.448238, 12.417419, 12.449896, 12.431258, 12.468535, 12.515600, 12.481677, 11.500484, 11.594027, 11.713830, 11.789849, 11.873745, 11.977657, 12.014869, 12.119031, 12.237762, 12.266088, 12.377860, 12.416685, 12.468065, 12.570810, 12.632725, 12.667301, 12.754995, 12.774872, 12.907150, 12.931283, 11.902770, 11.991527, 12.025416, 12.049020, 12.064225, 12.116204, 12.187951, 12.214365, 12.281749, 12.307155, 12.346526, 12.342832, 12.452992, 12.439623, 12.503044, 12.493641, 12.531774, 12.609445, 12.620086, 12.609295, 12.160219, 12.178283, 12.200682, 12.172723, 12.206582, 12.252151, 12.273177, 12.281014, 12.290430, 12.330178, 12.333882, 12.353002, 12.401085, 12.378720, 12.354067, 12.415982, 12.409506, 12.444467, 12.427636, 12.489571, 12.264436, 12.260627, 12.284813, 12.266010, 12.329935, 12.301989, 12.330316, 12.286487, 12.302720, 12.317264, 12.337031, 12.347809, 12.321716, 12.366114, 12.350385, 12.381480, 12.350894, 12.362269, 12.347381, 12.346332, 11.628048, 11.708835, 11.828946, 11.856060, 11.915704, 11.944700, 12.026010, 12.115524, 12.203679, 12.320003, 12.315058, 12.362590, 12.288080, 12.322762, 12.290423, 12.276059, 12.278529, 12.260924, 12.193958, 12.271312, 
11.767782, 11.794130, 11.900105, 11.938787, 12.022639, 12.080166, 12.161887, 12.220642, 12.291675, 12.360017, 12.440725, 12.544087, 12.583132, 12.650233, 12.698979, 12.767229, 12.819871, 12.868812, 12.912005, 12.995933, 12.399517, 12.403512, 12.390013, 12.375168, 12.393192, 12.405322, 12.411379, 12.411150, 12.383991, 12.345639, 12.399779, 12.421753, 12.408968, 12.396201, 12.395306, 12.388518, 12.441651, 12.416440, 12.411567, 12.405909, 11.969791, 12.056160, 12.077649, 12.203364, 12.202661, 12.276369, 12.293165, 12.332256, 12.354045, 12.383415, 12.400631, 12.448300, 12.493248, 12.534053, 12.504739, 12.533012, 12.514185, 12.551160, 12.595011, 12.561326, 11.566966, 11.660686, 11.781480, 11.859330, 11.952835, 12.055086, 12.091937, 12.191584, 12.327947, 12.341391, 12.462325, 12.513217, 12.562525, 12.666681, 12.736835, 12.760765, 12.851668, 12.877040, 13.014430, 13.030033, 11.964688, 12.054975, 12.088806, 12.117190, 12.133340, 12.197467, 12.269096, 12.294550, 12.358192, 12.403119, 12.423598, 12.421800, 12.545708, 12.530463, 12.598563, 12.587224, 12.638945, 12.704461, 12.719877, 12.711990, 12.232082, 12.257456, 12.290135, 12.245344, 12.292131, 12.344466, 12.367206, 12.375510, 12.374233, 12.411703, 12.401461, 12.429686, 12.491329, 12.465870, 12.448317, 12.500297, 12.498203, 12.531644, 12.507886, 12.593506, 12.351648, 12.348137, 12.372294, 12.356149, 12.415079, 12.372186, 12.412104, 12.366301, 12.384587, 12.392393, 12.430484, 12.434371, 12.414345, 12.455297, 12.437767, 12.471388, 12.440023, 12.456379, 12.434634, 12.441229, 11.629789, 11.709575, 11.830258, 11.857933, 11.917311, 11.945548, 12.026630, 12.115838, 12.204426, 12.338633, 12.438496, 12.497511, 12.428095, 12.455155, 12.436438, 12.415120, 12.411495, 12.400563, 12.331665, 12.410116, 
11.768144, 11.794965, 11.900961, 11.940005, 12.022695, 12.082438, 12.162375, 12.222050, 12.293202, 12.361938, 12.443443, 12.546373, 12.583895, 12.652473, 12.701211, 12.771431, 12.822404, 12.873155, 12.914985, 13.000309, 12.400590, 12.404979, 12.391460, 12.376312, 12.394899, 12.406840, 12.413003, 12.413579, 12.385072, 12.348465, 12.402703, 12.423276, 12.412095, 12.398339, 12.397610, 12.389936, 12.442958, 12.418741, 12.413780, 12.408494, 11.971108, 12.056927, 12.078560, 12.205164, 12.203646, 12.277575, 12.295019, 12.334680, 12.355381, 12.386809, 12.403308, 12.449979, 12.495045, 12.535843, 12.506991, 12.534837, 12.515474, 12.553617, 12.597625, 12.563551, 11.568924, 11.662587, 11.783010, 11.861160, 11.954855, 12.055625, 12.093620, 12.192479, 12.329741, 12.343040, 12.462770, 12.515202, 12.565624, 12.668905, 12.738983, 12.761609, 12.852108, 12.878465, 13.016486, 13.031226, 11.966024, 12.055757, 12.090024, 12.117967, 12.134368, 12.198498, 12.269593, 12.295545, 12.359166, 12.403953, 12.425224, 12.423409, 12.547550, 12.534839, 12.599809, 12.588894, 12.642086, 12.705836, 12.722674, 12.714222, 12.233422, 12.258006, 12.290609, 12.246137, 12.294235, 12.346913, 12.369738, 12.377018, 12.378198, 12.413523, 12.403087, 12.430789, 12.493260, 12.468040, 12.449857, 12.501598, 12.500324, 12.532705, 12.510956, 12.596100, 12.354079, 12.349647, 12.373570, 12.356582, 12.417011, 12.374439, 12.412304, 12.367940, 12.386518, 12.393023, 12.431845, 12.435417, 12.416018, 12.456750, 12.439557, 12.472337, 12.443472, 12.457782, 12.436923, 12.443267, 11.631338, 11.710761, 11.832713, 11.858499, 11.918417, 11.946735, 12.026927, 12.116782, 12.205813, 12.339654, 12.458678, 12.634818, 12.572204, 12.601412, 12.576986, 12.555630, 12.546491, 12.528850, 12.472964, 12.553751, 
11.768823, 11.795665, 11.901962, 11.940197, 12.023190, 12.082930, 12.162686, 12.223066, 12.294096, 12.363638, 12.444442, 12.547939, 12.585465, 12.653643, 12.702070, 12.771568, 12.823665, 12.874198, 12.915664, 13.003389, 12.401271, 12.405069, 12.391235, 12.376724, 12.393986, 12.407180, 12.413661, 12.413554, 12.385659, 12.348418, 12.403931, 12.424661, 12.412499, 12.398888, 12.398721, 12.390640, 12.443435, 12.419397, 12.414788, 12.410575, 11.970969, 12.057344, 12.078970, 12.205347, 12.203573, 12.278079, 12.296029, 12.335404, 12.355962, 12.387835, 12.403317, 12.450575, 12.494839, 12.535894, 12.507418, 12.535767, 12.517108, 12.553472, 12.598299, 12.563788, 11.569676, 11.663355, 11.784053, 11.861311, 11.954919, 12.056236, 12.094217, 12.193179, 12.331380, 12.343339, 12.464944, 12.515042, 12.566597, 12.668665, 12.740191, 12.762503, 12.853731, 12.878577, 13.018100, 13.030590, 11.966782, 12.056017, 12.089857, 12.118383, 12.134559, 12.199073, 12.271091, 12.296346, 12.360192, 12.403488, 12.425708, 12.424652, 12.547550, 12.535609, 12.600603, 12.588383, 12.642325, 12.707788, 12.723564, 12.715897, 12.234535, 12.258790, 12.290966, 12.245444, 12.295198, 12.346357, 12.369648, 12.377551, 12.380382, 12.414620, 12.404267, 12.432210, 12.494465, 12.467971, 12.449925, 12.501384, 12.501867, 12.532698, 12.512682, 12.595783, 12.355394, 12.349249, 12.374335, 12.358183, 12.418072, 12.374967, 12.411826, 12.369377, 12.387192, 12.393725, 12.433132, 12.436312, 12.416346, 12.458570, 12.440286, 12.472998, 12.444537, 12.458483, 12.437166, 12.444740, 11.633708, 11.712385, 11.833527, 11.860042, 11.920118, 11.946907, 12.027716, 12.116850, 12.206159, 12.340634, 12.459508, 12.655978, 12.702600, 12.728492, 12.696691, 12.680138, 12.675959, 12.662497, 12.598465, 12.676179, 
11.769356, 11.796637, 11.903179, 11.941080, 12.023766, 12.083227, 12.162465, 12.223109, 12.294163, 12.363878, 12.444769, 12.548141, 12.586632, 12.658829, 12.702087, 12.772718, 12.824542, 12.875450, 12.915201, 13.003474, 12.402093, 12.405404, 12.390704, 12.376350, 12.394358, 12.407523, 12.412896, 12.414029, 12.386241, 12.349259, 12.405058, 12.425326, 12.412289, 12.399037, 12.400022, 12.391862, 12.444618, 12.419387, 12.415833, 12.411993, 11.971281, 12.057840, 12.079898, 12.204589, 12.203102, 12.278223, 12.296343, 12.335017, 12.356191, 12.387197, 12.403500, 12.451016, 12.495543, 12.536262, 12.507860, 12.536297, 12.517491, 12.554850, 12.599417, 12.563870, 11.570379, 11.664140, 11.784467, 11.861529, 11.955584, 12.056709, 12.095061, 12.193288, 12.332270, 12.343307, 12.464618, 12.515965, 12.567624, 12.669277, 12.740729, 12.762908, 12.854167, 12.879505, 13.018902, 13.030504, 11.967749, 12.056767, 12.090846, 12.119137, 12.135036, 12.199352, 12.271701, 12.296802, 12.361004, 12.403826, 12.427232, 12.425574, 12.548154, 12.535521, 12.599676, 12.589418, 12.642586, 12.708812, 12.724798, 12.715624, 12.233269, 12.259668, 12.290850, 12.245451, 12.295193, 12.346992, 12.370789, 12.377861, 12.380456, 12.415080, 12.404769, 12.432481, 12.494651, 12.468218, 12.450440, 12.501097, 12.502954, 12.533348, 12.512129, 12.596256, 12.355565, 12.349418, 12.375420, 12.358724, 12.416434, 12.375871, 12.412087, 12.369757, 12.387235, 12.393928, 12.433285, 12.436531, 12.417392, 12.459336, 12.440201, 12.472937, 12.444512, 12.459151, 12.437840, 12.445470, 11.636212, 11.714270, 11.834968, 11.860882, 11.922697, 11.947716, 12.028725, 12.117646, 12.207606, 12.341444, 12.459803, 12.656334, 12.706590, 12.831213, 12.814067, 12.803489, 12.790175, 12.783467, 12.713952, 12.796463, 
11.769790, 11.796299, 11.902111, 11.941975, 12.024126, 12.083963, 12.162184, 12.223949, 12.294962, 12.365646, 12.444767, 12.549078, 12.586935, 12.658855, 12.701862, 12.773743, 12.825008, 12.874765, 12.915583, 13.002807, 12.402686, 12.405370, 12.391154, 12.375707, 12.393247, 12.407395, 12.413118, 12.413582, 12.386890, 12.349510, 12.405093, 12.425523, 12.412614, 12.399896, 12.401913, 12.393711, 12.445264, 12.420936, 12.416301, 12.413949, 11.970758, 12.057550, 12.079986, 12.204702, 12.203103, 12.278568, 12.296632, 12.335809, 12.356466, 12.388493, 12.403368, 12.451053, 12.495339, 12.536533, 12.509448, 12.536352, 12.517936, 12.555253, 12.600997, 12.564303, 11.571326, 11.664563, 11.785293, 11.861754, 11.956439, 12.056896, 12.096297, 12.194700, 12.333003, 12.344043, 12.465062, 12.515699, 12.568419, 12.669805, 12.739988, 12.762837, 12.854374, 12.879439, 13.019234, 13.029616, 11.968241, 12.057077, 12.091183, 12.120143, 12.135076, 12.200680, 12.272103, 12.296656, 12.361593, 12.404512, 12.426546, 12.425728, 12.547023, 12.534715, 12.600320, 12.589709, 12.643475, 12.710410, 12.724144, 12.716063, 12.234314, 12.260010, 12.290861, 12.245473, 12.296063, 12.347564, 12.371395, 12.378419, 12.380889, 12.415389, 12.405005, 12.432061, 12.494385, 12.469003, 12.451854, 12.501344, 12.503199, 12.533854, 12.513103, 12.597227, 12.355986, 12.349300, 12.375561, 12.359973, 12.416781, 12.374998, 12.412016, 12.370205, 12.388138, 12.394024, 12.433547, 12.437601, 12.417462, 12.460426, 12.439214, 12.473380, 12.444633, 12.459478, 12.438226, 12.445462, 11.639006, 11.715865, 11.836575, 11.862285, 11.923758, 11.949194, 12.030332, 12.117855, 12.208223, 12.341575, 12.459405, 12.657537, 12.707930, 12.835741, 12.919731, 12.891657, 12.897179, 12.878131, 12.819254, 12.902944, 
11.769932, 11.796926, 11.902546, 11.943067, 12.024592, 12.084689, 12.161784, 12.224561, 12.295961, 12.365790, 12.444544, 12.549345, 12.587235, 12.658875, 12.701825, 12.773287, 12.825072, 12.875082, 12.916533, 13.002163, 12.402197, 12.405840, 12.391837, 12.376176, 12.393800, 12.406457, 12.412743, 12.413260, 12.386965, 12.348607, 12.405321, 12.425799, 12.413687, 12.400360, 12.401886, 12.394359, 12.445995, 12.422043, 12.418283, 12.414074, 11.970835, 12.058164, 12.080396, 12.204924, 12.202481, 12.279195, 12.296786, 12.335910, 12.355421, 12.389005, 12.403121, 12.451195, 12.495073, 12.536696, 12.510558, 12.537314, 12.519430, 12.555978, 12.601312, 12.564653, 11.571424, 11.665281, 11.786074, 11.862994, 11.957067, 12.056510, 12.096920, 12.195963, 12.333043, 12.344297, 12.465118, 12.514708, 12.568693, 12.670823, 12.741601, 12.763816, 12.852670, 12.880762, 13.019023, 13.027780, 11.969015, 12.058435, 12.091460, 12.120677, 12.135846, 12.201264, 12.272121, 12.297056, 12.360093, 12.404673, 12.427379, 12.426238, 12.546935, 12.534859, 12.600605, 12.590576, 12.643351, 12.710039, 12.723517, 12.716230, 12.235123, 12.260052, 12.291147, 12.246003, 12.296367, 12.347351, 12.372416, 12.378292, 12.381113, 12.415468, 12.405402, 12.432051, 12.495093, 12.470263, 12.452880, 12.502058, 12.502600, 12.534453, 12.513463, 12.597354, 12.357422, 12.350040, 12.375313, 12.359726, 12.417085, 12.374962, 12.412969, 12.370142, 12.388513, 12.394701, 12.433842, 12.436758, 12.417797, 12.461221, 12.438684, 12.473318, 12.445629, 12.459065, 12.438190, 12.445864, 11.641726, 11.719419, 11.839555, 11.864565, 11.925272, 11.950276, 12.032093, 12.117823, 12.209032, 12.341887, 12.458647, 12.658595, 12.707702, 12.838582, 12.925069, 12.986376, 12.978555, 12.954512, 12.907357, 12.992762, 
11.771279, 11.797218, 11.903483, 11.942508, 12.025227, 12.084755, 12.162109, 12.225345, 12.296046, 12.366824, 12.443320, 12.550358, 12.586375, 12.658756, 12.701992, 12.771443, 12.824953, 12.874925, 12.916265, 13.001498, 12.402657, 12.405718, 12.391324, 12.375984, 12.393745, 12.406418, 12.413091, 12.413105, 12.387724, 12.347634, 12.406295, 12.426067, 12.414170, 12.400732, 12.401041, 12.395321, 12.447565, 12.421969, 12.418257, 12.415936, 11.970088, 12.057801, 12.080703, 12.205151, 12.201334, 12.279527, 12.297228, 12.336718, 12.355589, 12.388061, 12.403242, 12.450692, 12.494491, 12.537465, 12.511572, 12.537837, 12.518750, 12.556241, 12.600507, 12.564959, 11.572418, 11.666107, 11.786960, 11.862699, 11.957987, 12.056310, 12.097033, 12.196119, 12.333375, 12.344937, 12.465165, 12.514987, 12.568540, 12.670442, 12.741677, 12.762830, 12.853039, 12.880499, 13.018650, 13.027494, 11.969002, 12.059514, 12.091845, 12.120641, 12.136358, 12.201310, 12.272368, 12.297487, 12.360842, 12.405494, 12.427638, 12.427008, 12.547152, 12.533963, 12.600614, 12.590903, 12.643480, 12.710386, 12.722055, 12.715963, 12.235745, 12.260577, 12.292514, 12.246771, 12.296955, 12.347511, 12.372832, 12.379454, 12.381108, 12.414948, 12.405551, 12.433338, 12.494969, 12.470839, 12.452154, 12.501168, 12.502947, 12.534681, 12.514316, 12.598263, 12.356280, 12.350015, 12.375821, 12.360096, 12.417667, 12.374955, 12.413159, 12.370815, 12.388480, 12.395153, 12.434457, 12.437351, 12.417637, 12.461820, 12.437756, 12.473694, 12.445828, 12.459546, 12.438506, 12.445320, 11.645070, 11.721281, 11.842040, 11.868709, 11.927650, 11.951569, 12.032641, 12.118671, 12.210373, 12.342184, 12.458152, 12.659188, 12.707381, 12.839591, 12.926002, 12.990535, 13.048343, 13.030103, 12.985822, 13.062050, 
11.772402, 11.798175, 11.903877, 11.943805, 12.026422, 12.084942, 12.162335, 12.226104, 12.296849, 12.366749, 12.442909, 12.549301, 12.587335, 12.658869, 12.702266, 12.770460, 12.823535, 12.874954, 12.916127, 13.000455, 12.402873, 12.405234, 12.391531, 12.376023, 12.394229, 12.406602, 12.413214, 12.414187, 12.387601, 12.347961, 12.406408, 12.426515, 12.415786, 12.401902, 12.401711, 12.396435, 12.448694, 12.422135, 12.420524, 12.416901, 11.970093, 12.058346, 12.080328, 12.205941, 12.202043, 12.279012, 12.297510, 12.335768, 12.355064, 12.387151, 12.403006, 12.449606, 12.495099, 12.536843, 12.511737, 12.538692, 12.520167, 12.556606, 12.601016, 12.565866, 11.573426, 11.666916, 11.787647, 11.863062, 11.958248, 12.056301, 12.098176, 12.196651, 12.333164, 12.345985, 12.464639, 12.513546, 12.568929, 12.669283, 12.740716, 12.763742, 12.852534, 12.880738, 13.018324, 13.027147, 11.970361, 12.059364, 12.093386, 12.121045, 12.136129, 12.201728, 12.271977, 12.297482, 12.361629, 12.406479, 12.425885, 12.427067, 12.546854, 12.533850, 12.600733, 12.590738, 12.644046, 12.710440, 12.721278, 12.716005, 12.236423, 12.261749, 12.292800, 12.246568, 12.297676, 12.348357, 12.373986, 12.379285, 12.382707, 12.415689, 12.405970, 12.433542, 12.494373, 12.470826, 12.450717, 12.500968, 12.503049, 12.535437, 12.514647, 12.597229, 12.356227, 12.350279, 12.375928, 12.361202, 12.418716, 12.375810, 12.413904, 12.371042, 12.387053, 12.395909, 12.434969, 12.438424, 12.417091, 12.462687, 12.438627, 12.473575, 12.446680, 12.460585, 12.438232, 12.445492, 11.649758, 11.724680, 11.845074, 11.872811, 11.929261, 11.952701, 12.034952, 12.120192, 12.211171, 12.343797, 12.459056, 12.659143, 12.707288, 12.839514, 12.926527, 12.992974, 13.053854, 13.097539, 13.055486, 13.139327, 
11.772327, 11.799673, 11.906126, 11.944660, 12.027034, 12.084795, 12.162586, 12.226879, 12.297554, 12.367855, 12.442266, 12.549617, 12.587043, 12.658794, 12.702131, 12.770072, 12.823592, 12.873568, 12.915898, 12.999621, 12.402586, 12.405473, 12.390731, 12.375617, 12.394447, 12.406980, 12.413156, 12.414943, 12.388814, 12.346860, 12.406704, 12.427588, 12.416134, 12.403257, 12.401531, 12.396639, 12.449028, 12.422836, 12.419652, 12.416829, 11.969951, 12.058495, 12.079970, 12.204993, 12.201831, 12.278184, 12.296376, 12.336353, 12.355662, 12.387761, 12.402805, 12.449444, 12.495588, 12.536297, 12.513511, 12.539114, 12.521583, 12.558147, 12.601057, 12.565637, 11.574223, 11.668737, 11.788881, 11.863252, 11.959155, 12.056884, 12.099317, 12.196292, 12.333299, 12.345842, 12.465346, 12.513367, 12.569094, 12.668529, 12.740607, 12.763520, 12.853259, 12.880932, 13.018711, 13.027026, 11.970957, 12.060272, 12.093885, 12.120970, 12.135857, 12.203623, 12.272181, 12.298769, 12.362160, 12.406724, 12.425681, 12.426849, 12.546143, 12.533675, 12.600554, 12.590351, 12.643601, 12.710866, 12.720124, 12.715790, 12.237487, 12.261635, 12.292156, 12.246224, 12.298151, 12.349837, 12.373588, 12.378844, 12.381726, 12.416826, 12.407133, 12.434432, 12.494687, 12.470713, 12.450460, 12.501613, 12.502159, 12.535188, 12.514035, 12.596242, 12.357740, 12.349715, 12.376364, 12.361232, 12.418697, 12.375532, 12.415143, 12.371059, 12.387506, 12.397797, 12.436610, 12.438144, 12.417123, 12.461881, 12.438508, 12.473420, 12.447130, 12.461470, 12.437284, 12.446384, 11.656508, 11.728498, 11.849352, 11.876114, 11.931911, 11.953738, 12.037232, 12.121724, 12.211362, 12.345003, 12.459016, 12.658728, 12.706512, 12.839557, 12.926222, 12.992821, 13.057680, 13.102011, 13.116369, 13.213296, 
11.772195, 11.801124, 11.907127, 11.944635, 12.027504, 12.084536, 12.162465, 12.227757, 12.298164, 12.367148, 12.442655, 12.549207, 12.585848, 12.658876, 12.701795, 12.768581, 12.822362, 12.872701, 12.914403, 12.998078, 12.402377, 12.405527, 12.391275, 12.375315, 12.394966, 12.406846, 12.413290, 12.414934, 12.388528, 12.346610, 12.407932, 12.427722, 12.415152, 12.403358, 12.402336, 12.396319, 12.448444, 12.424558, 12.420111, 12.417312, 11.969201, 12.057600, 12.079556, 12.204222, 12.201986, 12.277436, 12.296466, 12.336347, 12.355855, 12.387608, 12.403793, 12.449441, 12.496145, 12.536152, 12.513720, 12.541484, 12.522875, 12.559018, 12.601793, 12.564565, 11.574788, 11.670534, 11.788500, 11.864052, 11.959404, 12.057536, 12.100246, 12.196556, 12.333152, 12.346989, 12.466787, 12.514662, 12.569572, 12.668523, 12.740725, 12.763614, 12.851217, 12.881470, 13.018239, 13.028268, 11.972219, 12.061330, 12.094038, 12.122820, 12.136849, 12.204838, 12.271916, 12.298307, 12.362106, 12.407268, 12.425659, 12.426580, 12.545710, 12.533526, 12.600184, 12.589867, 12.643358, 12.711919, 12.718891, 12.714740, 12.236921, 12.262765, 12.293046, 12.248099, 12.299340, 12.350476, 12.370782, 12.380157, 12.381800, 12.417236, 12.407355, 12.435203, 12.494251, 12.470090, 12.450275, 12.501058, 12.503562, 12.533917, 12.512765, 12.595726, 12.358665, 12.350422, 12.376550, 12.361839, 12.419471, 12.376989, 12.415950, 12.371567, 12.387303, 12.398430, 12.436712, 12.437748, 12.415407, 12.462937, 12.438445, 12.473015, 12.447455, 12.460910, 12.437401, 12.446679, 11.661478, 11.732942, 11.851044, 11.880295, 11.935853, 11.957049, 12.040146, 12.123676, 12.211882, 12.345378, 12.457812, 12.658331, 12.706610, 12.839782, 12.927009, 12.991942, 13.058468, 13.102676, 13.121337, 13.288334, 
11.773284, 11.800986, 11.907909, 11.946764, 12.028139, 12.084667, 12.164491, 12.229012, 12.298547, 12.368330, 12.442099, 12.549967, 12.583927, 12.659439, 12.702079, 12.768097, 12.823329, 12.873031, 12.913140, 12.996122, 12.402165, 12.405444, 12.390857, 12.376002, 12.394723, 12.407188, 12.412622, 12.414496, 12.387822, 12.345194, 12.408165, 12.428350, 12.416110, 12.404863, 12.403786, 12.398721, 12.448576, 12.423952, 12.419910, 12.418854, 11.969654, 12.057003, 12.080147, 12.203797, 12.202022, 12.277965, 12.295950, 12.337435, 12.356565, 12.388264, 12.402832, 12.450067, 12.496474, 12.536143, 12.513851, 12.542923, 12.523350, 12.559780, 12.601946, 12.563339, 11.575598, 11.672174, 11.789506, 11.864844, 11.959856, 12.057872, 12.100418, 12.196597, 12.333213, 12.347501, 12.466878, 12.514749, 12.569232, 12.668189, 12.738684, 12.763729, 12.851111, 12.880026, 13.016104, 13.026685, 11.972424, 12.061905, 12.094349, 12.124079, 12.136646, 12.205495, 12.273050, 12.298754, 12.362576, 12.407928, 12.425365, 12.425809, 12.545454, 12.534170, 12.599853, 12.590438, 12.641910, 12.710198, 12.716872, 12.714074, 12.237463, 12.262545, 12.294254, 12.249608, 12.300050, 12.351201, 12.370584, 12.381408, 12.381315, 12.417073, 12.407288, 12.434640, 12.493927, 12.468384, 12.450369, 12.501103, 12.501659, 12.534696, 12.510745, 12.595020, 12.359584, 12.347825, 12.376953, 12.361762, 12.419782, 12.377769, 12.415051, 12.372132, 12.388164, 12.398148, 12.437942, 12.437952, 12.415358, 12.462815, 12.438042, 12.473341, 12.448537, 12.461436, 12.438156, 12.446031, 11.670362, 11.739415, 11.856749, 11.883764, 11.939976, 11.960615, 12.041285, 12.124186, 12.213375, 12.345670, 12.458054, 12.659129, 12.705813, 12.839992, 12.927844, 12.991100, 13.058759, 13.103423, 13.122648, 13.295871, 
11.774124, 11.802170, 11.908419, 11.947754, 12.029121, 12.085547, 12.164900, 12.229239, 12.299654, 12.368763, 12.442436, 12.549022, 12.583664, 12.658159, 12.700846, 12.766067, 12.822710, 12.869816, 12.914266, 12.994077, 12.401436, 12.404702, 12.390443, 12.375960, 12.395240, 12.406913, 12.413314, 12.413916, 12.387821, 12.345461, 12.409938, 12.428104, 12.416519, 12.406297, 12.405668, 12.398677, 12.448634, 12.424693, 12.420464, 12.418969, 11.970085, 12.056744, 12.080818, 12.204781, 12.201908, 12.278061, 12.296278, 12.338710, 12.356681, 12.389223, 12.403622, 12.450909, 12.497343, 12.536270, 12.514067, 12.543061, 12.522932, 12.559095, 12.604087, 12.563246, 11.576775, 11.674199, 11.790237, 11.865970, 11.960537, 12.057549, 12.103242, 12.196457, 12.334721, 12.348096, 12.467076, 12.513591, 12.568835, 12.668591, 12.737643, 12.763452, 12.849639, 12.880813, 13.015151, 13.023783, 11.974015, 12.062342, 12.094885, 12.123567, 12.138527, 12.205865, 12.275328, 12.299822, 12.364593, 12.408344, 12.425942, 12.424737, 12.544267, 12.534550, 12.599137, 12.590079, 12.640639, 12.709166, 12.716615, 12.712048, 12.237543, 12.262144, 12.295510, 12.250981, 12.301644, 12.350883, 12.370496, 12.382420, 12.381226, 12.417078, 12.407379, 12.433800, 12.493183, 12.469084, 12.450114, 12.500703, 12.500806, 12.535438, 12.509771, 12.595114, 12.359998, 12.348779, 12.377662, 12.362206, 12.421576, 12.380165, 12.414762, 12.373564, 12.390254, 12.397447, 12.438147, 12.439455, 12.413271, 12.462690, 12.437160, 12.472516, 12.448334, 12.460365, 12.438260, 12.446202, 11.678656, 11.749437, 11.859787, 11.890445, 11.943187, 11.964471, 12.043412, 12.126011, 12.214638, 12.346841, 12.458406, 12.659632, 12.705407, 12.840190, 12.928051, 12.990695, 13.059181, 13.103560, 13.123710, 13.297609, 
11.773859, 11.802093, 11.909155, 11.948579, 12.028476, 12.085688, 12.165551, 12.229499, 12.300342, 12.370055, 12.443057, 12.549583, 12.584390, 12.657522, 12.700675, 12.767017, 12.821876, 12.871619, 12.913772, 12.992972, 12.400481, 12.404708, 12.390337, 12.376446, 12.394711, 12.406050, 12.415094, 12.414864, 12.388255, 12.344747, 12.409952, 12.428060, 12.416537, 12.406293, 12.403533, 12.400178, 12.448349, 12.424442, 12.423268, 12.420458, 11.969647, 12.056399, 12.080603, 12.204358, 12.202466, 12.278315, 12.296863, 12.338526, 12.356879, 12.390896, 12.402191, 12.451927, 12.497058, 12.536748, 12.514611, 12.542634, 12.523549, 12.560660, 12.604618, 12.562386, 11.578115, 11.674920, 11.791303, 11.866440, 11.960663, 12.059442, 12.104099, 12.197305, 12.334427, 12.349283, 12.467083, 12.514120, 12.569142, 12.668748, 12.736591, 12.763357, 12.851081, 12.879951, 13.014872, 13.022452, 11.975407, 12.063361, 12.095404, 12.122826, 12.139071, 12.205371, 12.276054, 12.301959, 12.366399, 12.408491, 12.427522, 12.425941, 12.543869, 12.534593, 12.597067, 12.590296, 12.640125, 12.708901, 12.716361, 12.711270, 12.238694, 12.262797, 12.296517, 12.250955, 12.302297, 12.351155, 12.371726, 12.382200, 12.381653, 12.416900, 12.405938, 12.433977, 12.492192, 12.469595, 12.450067, 12.499993, 12.503683, 12.535816, 12.509369, 12.595599, 12.359948, 12.349050, 12.378293, 12.363569, 12.421340, 12.380955, 12.415285, 12.376291, 12.390211, 12.396628, 12.438525, 12.438942, 12.413287, 12.463031, 12.437862, 12.471082, 12.449218, 12.461229, 12.439487, 12.446830, 11.685723, 11.756363, 11.867156, 11.896628, 11.949289, 11.968856, 12.046237, 12.129104, 12.215010, 12.347308, 12.458395, 12.659931, 12.704452, 12.839866, 12.927020, 12.989708, 13.058258, 13.103264, 13.123306, 13.298034, 
11.775215, 11.803729, 11.909680, 11.950355, 12.029883, 12.086519, 12.168182, 12.228262, 12.301951, 12.369375, 12.443799, 12.550047, 12.582269, 12.655573, 12.700349, 12.766524, 12.819521, 12.871910, 12.913436, 12.992335, 12.400705, 12.405322, 12.389792, 12.376989, 12.394441, 12.407069, 12.415396, 12.415045, 12.387458, 12.344886, 12.410296, 12.427793, 12.415494, 12.406402, 12.406650, 12.400419, 12.447996, 12.424963, 12.422305, 12.419814, 11.968877, 12.056840, 12.079464, 12.205151, 12.202826, 12.278640, 12.296054, 12.339044, 12.358750, 12.391344, 12.403506, 12.452615, 12.497670, 12.537088, 12.516178, 12.542131, 12.525954, 12.560682, 12.607060, 12.563091, 11.580295, 11.676791, 11.792118, 11.868529, 11.962138, 12.060928, 12.104459, 12.198327, 12.334289, 12.348432, 12.468420, 12.513900, 12.569659, 12.669494, 12.737107, 12.762330, 12.849111, 12.878937, 13.014965, 13.021542, 11.976341, 12.063998, 12.096258, 12.124413, 12.141783, 12.206367, 12.277065, 12.302597, 12.367088, 12.409593, 12.429708, 12.426217, 12.543488, 12.534121, 12.594597, 12.588581, 12.638402, 12.708278, 12.713744, 12.710462, 12.239187, 12.263374, 12.297198, 12.249675, 12.304741, 12.351084, 12.371933, 12.383394, 12.384560, 12.417917, 12.408150, 12.434982, 12.493338, 12.468501, 12.451425, 12.500576, 12.504175, 12.535846, 12.509799, 12.595073, 12.360496, 12.348786, 12.378655, 12.365267, 12.421127, 12.380194, 12.415783, 12.377021, 12.390029, 12.396336, 12.438170, 12.439699, 12.413329, 12.463391, 12.437728, 12.471576, 12.449531, 12.461928, 12.439736, 12.447499, 11.695796, 11.762219, 11.872120, 11.903098, 11.954442, 11.973109, 12.049276, 12.130305, 12.216452, 12.348519, 12.459191, 12.659036, 12.704242, 12.839979, 12.926001, 12.987767, 13.057605, 13.103475, 13.123042, 13.298015, 
11.776309, 11.805862, 11.910803, 11.950602, 12.030066, 12.087350, 12.168637, 12.228578, 12.302936, 12.370320, 12.443925, 12.550417, 12.581412, 12.656018, 12.699737, 12.766309, 12.818219, 12.868191, 12.911786, 12.988682, 12.400313, 12.405376, 12.389222, 12.376536, 12.393886, 12.406193, 12.415839, 12.417357, 12.388635, 12.346017, 12.412336, 12.426942, 12.416611, 12.407646, 12.409121, 12.400348, 12.447398, 12.425066, 12.423360, 12.420011, 11.967675, 12.056005, 12.079856, 12.207081, 12.202818, 12.278833, 12.298406, 12.338735, 12.360067, 12.391092, 12.402898, 12.454150, 12.498784, 12.537331, 12.518483, 12.544815, 12.526992, 12.562600, 12.609464, 12.562322, 11.581539, 11.678819, 11.793660, 11.870295, 11.964787, 12.063163, 12.106931, 12.198498, 12.333484, 12.349390, 12.469368, 12.514136, 12.569923, 12.670190, 12.738532, 12.762169, 12.846102, 12.878052, 13.015547, 13.018432, 11.979153, 12.067158, 12.098113, 12.126269, 12.141754, 12.207923, 12.277575, 12.303438, 12.367608, 12.411232, 12.428238, 12.426697, 12.542499, 12.532434, 12.594696, 12.588537, 12.636922, 12.709094, 12.712954, 12.707659, 12.239923, 12.263810, 12.296571, 12.251389, 12.306359, 12.351857, 12.372017, 12.381863, 12.383605, 12.418494, 12.408854, 12.435386, 12.494559, 12.470749, 12.452548, 12.501499, 12.503251, 12.538080, 12.511261, 12.595928, 12.361042, 12.349235, 12.381025, 12.366693, 12.423180, 12.379632, 12.414904, 12.379620, 12.391010, 12.395428, 12.439747, 12.440034, 12.413518, 12.462956, 12.438300, 12.472358, 12.448309, 12.460308, 12.439394, 12.447469, 11.705942, 11.770953, 11.880321, 11.910160, 11.958927, 11.979042, 12.051901, 12.133336, 12.218493, 12.351390, 12.458868, 12.660220, 12.703169, 12.838561, 12.926010, 12.985808, 13.056477, 13.103501, 13.122008, 13.296676, 
11.775849, 11.806853, 11.911910, 11.952062, 12.032213, 12.088517, 12.169584, 12.228450, 12.303595, 12.372511, 12.445866, 12.550512, 12.584909, 12.657065, 12.695781, 12.766536, 12.815932, 12.866337, 12.908745, 12.986873, 12.400697, 12.404383, 12.390006, 12.376565, 12.393942, 12.407409, 12.414389, 12.418615, 12.388527, 12.347643, 12.412918, 12.428106, 12.416092, 12.406779, 12.409412, 12.401236, 12.445941, 12.425509, 12.424828, 12.421008, 11.967014, 12.056134, 12.080232, 12.206497, 12.202037, 12.277789, 12.299155, 12.340359, 12.360222, 12.391728, 12.403678, 12.457512, 12.500521, 12.539474, 12.519426, 12.545454, 12.529332, 12.565666, 12.610078, 12.562882, 11.584542, 11.680692, 11.796838, 11.871171, 11.965883, 12.063870, 12.108066, 12.199664, 12.331526, 12.348997, 12.468465, 12.514876, 12.567109, 12.671769, 12.738188, 12.759460, 12.845513, 12.877635, 13.014141, 13.019265, 11.980582, 12.068886, 12.099397, 12.128065, 12.143961, 12.210019, 12.279932, 12.304534, 12.369000, 12.414148, 12.429876, 12.425921, 12.542210, 12.533118, 12.593336, 12.588037, 12.634113, 12.706139, 12.711756, 12.706356, 12.240440, 12.263668, 12.296539, 12.253885, 12.306442, 12.353254, 12.371907, 12.380565, 12.385949, 12.417851, 12.409842, 12.435707, 12.495460, 12.474143, 12.453665, 12.503965, 12.504192, 12.539787, 12.511297, 12.595791, 12.361860, 12.348393, 12.381049, 12.367790, 12.423298, 12.379556, 12.416212, 12.379640, 12.391687, 12.394699, 12.440726, 12.441120, 12.415500, 12.462444, 12.438390, 12.471530, 12.447295, 12.458971, 12.439671, 12.446760, 11.715094, 11.777457, 11.887358, 11.915764, 11.964694, 11.983593, 12.056234, 12.135453, 12.221380, 12.351033, 12.458390, 12.658183, 12.702848, 12.838243, 12.925047, 12.985517, 13.055837, 13.103699, 13.121712, 13.295268, 
11.775936, 11.809810, 11.914236, 11.952950, 12.031856, 12.089383, 12.171030, 12.230453, 12.305096, 12.374735, 12.448695, 12.550008, 12.586032, 12.659642, 12.695708, 12.765643, 12.815070, 12.863303, 12.907597, 12.988946, 12.400806, 12.404727, 12.389530, 12.375056, 12.393633, 12.406770, 12.414682, 12.420737, 12.389558, 12.347831, 12.412543, 12.429382, 12.415042, 12.406589, 12.411630, 12.402582, 12.447542, 12.426181, 12.426354, 12.423524, 11.966327, 12.055979, 12.079684, 12.206553, 12.202881, 12.275699, 12.300445, 12.340202, 12.359646, 12.394572, 12.404980, 12.460233, 12.499601, 12.542428, 12.522987, 12.547286, 12.532543, 12.565301, 12.610665, 12.564797, 11.588260, 11.682984, 11.800148, 11.873790, 11.968098, 12.067072, 12.111091, 12.200912, 12.329933, 12.349295, 12.470247, 12.513351, 12.566354, 12.673978, 12.737587, 12.759527, 12.844692, 12.878168, 13.014276, 13.017017, 11.981091, 12.071108, 12.100756, 12.132078, 12.146260, 12.211862, 12.280888, 12.304717, 12.371268, 12.414938, 12.430190, 12.426341, 12.539783, 12.531809, 12.591888, 12.589560, 12.636821, 12.702287, 12.708304, 12.707292, 12.242614, 12.262046, 12.297472, 12.254731, 12.307189, 12.355405, 12.370887, 12.382178, 12.387832, 12.419750, 12.410714, 12.437270, 12.495554, 12.477486, 12.454738, 12.501858, 12.506410, 12.541341, 12.511415, 12.597525, 12.362994, 12.348711, 12.381006, 12.370124, 12.423897, 12.381093, 12.417149, 12.379438, 12.392495, 12.394144, 12.442135, 12.441601, 12.416531, 12.464514, 12.439266, 12.471610, 12.446844, 12.459560, 12.438254, 12.447290, 11.722806, 11.781407, 11.891887, 11.922756, 11.970078, 11.990637, 12.060029, 12.138388, 12.224085, 12.352359, 12.457866, 12.656462, 12.702384, 12.837204, 12.923479, 12.984188, 13.055199, 13.103196, 13.120995, 13.295016, 
11.777896, 11.810580, 11.913932, 11.953479, 12.033648, 12.090537, 12.173048, 12.230144, 12.305820, 12.375931, 12.450420, 12.551469, 12.587264, 12.661470, 12.695762, 12.765594, 12.811312, 12.861236, 12.908355, 12.990979, 12.400924, 12.405548, 12.389481, 12.375469, 12.392195, 12.406538, 12.417356, 12.420627, 12.390281, 12.351062, 12.410145, 12.430487, 12.417489, 12.410651, 12.413907, 12.406630, 12.450808, 12.426102, 12.427830, 12.420592, 11.967951, 12.053835, 12.080537, 12.206474, 12.203228, 12.277623, 12.301591, 12.339283, 12.359682, 12.395112, 12.405325, 12.462422, 12.502042, 12.546253, 12.523139, 12.547715, 12.536856, 12.566117, 12.611521, 12.565442, 11.591585, 11.686481, 11.805717, 11.875939, 11.971552, 12.070287, 12.112625, 12.202368, 12.331108, 12.350679, 12.470616, 12.513213, 12.569194, 12.673117, 12.738271, 12.761585, 12.844595, 12.877244, 13.012348, 13.017089, 11.983179, 12.074428, 12.103032, 12.133134, 12.149310, 12.214539, 12.280877, 12.306633, 12.372438, 12.416069, 12.430584, 12.426004, 12.542146, 12.531993, 12.591510, 12.590931, 12.632932, 12.700536, 12.706153, 12.705411, 12.242493, 12.260834, 12.300476, 12.255155, 12.308763, 12.354388, 12.371216, 12.383612, 12.390365, 12.421084, 12.410030, 12.439186, 12.498192, 12.476597, 12.456784, 12.503232, 12.508888, 12.543876, 12.511697, 12.598108, 12.362879, 12.348111, 12.378730, 12.370428, 12.425091, 12.380913, 12.415296, 12.380524, 12.394411, 12.395370, 12.442689, 12.443061, 12.419052, 12.465433, 12.440842, 12.472713, 12.447430, 12.457055, 12.439099, 12.447205, 11.727114, 11.784135, 11.895030, 11.927663, 11.974387, 11.993973, 12.064019, 12.141430, 12.227245, 12.354775, 12.459568, 12.655260, 12.700849, 12.836187, 12.923281, 12.982357, 13.053074, 13.101722, 13.120692, 13.294457, 
11.779499, 11.812135, 11.915747, 11.954571, 12.034641, 12.092003, 12.174502, 12.233423, 12.306255, 12.376533, 12.451378, 12.554585, 12.587750, 12.661039, 12.696878, 12.769678, 12.810307, 12.859100, 12.905480, 12.988006, 12.401536, 12.404923, 12.387701, 12.374195, 12.393384, 12.406907, 12.417971, 12.420421, 12.392157, 12.352185, 12.412534, 12.432565, 12.419474, 12.411372, 12.414040, 12.406219, 12.451107, 12.421845, 12.425641, 12.414424, 11.966705, 12.051125, 12.081552, 12.205049, 12.202785, 12.279295, 12.300921, 12.338262, 12.360342, 12.396631, 12.406849, 12.463673, 12.502106, 12.546487, 12.525576, 12.549079, 12.536988, 12.565043, 12.614388, 12.565478, 11.593973, 11.689864, 11.810258, 11.878711, 11.974412, 12.073448, 12.115707, 12.203655, 12.331184, 12.350188, 12.472847, 12.513826, 12.570221, 12.671611, 12.739562, 12.762558, 12.844061, 12.874697, 13.010605, 13.017671, 11.986161, 12.076598, 12.103948, 12.138119, 12.150412, 12.216325, 12.282940, 12.310278, 12.373931, 12.416941, 12.431125, 12.427882, 12.541178, 12.531648, 12.593167, 12.589099, 12.632900, 12.699033, 12.705135, 12.702221, 12.244537, 12.263136, 12.299783, 12.256536, 12.313417, 12.356433, 12.373767, 12.385440, 12.391034, 12.422806, 12.412324, 12.440158, 12.497851, 12.479109, 12.457904, 12.501984, 12.511869, 12.546388, 12.515697, 12.597896, 12.366753, 12.351519, 12.380350, 12.372425, 12.427241, 12.383628, 12.415884, 12.383021, 12.395912, 12.398157, 12.445191, 12.444996, 12.422718, 12.463817, 12.442892, 12.472886, 12.445929, 12.458271, 12.441111, 12.446314, 11.727306, 11.786766, 11.898690, 11.931291, 11.978688, 11.999228, 12.069251, 12.146658, 12.228611, 12.356176, 12.460971, 12.656046, 12.700230, 12.835270, 12.921699, 12.980677, 13.053837, 13.101249, 13.119471, 13.293161, 
11.779848, 11.814996, 11.917955, 11.956724, 12.037278, 12.090861, 12.176292, 12.235120, 12.309092, 12.378247, 12.451684, 12.557382, 12.589397, 12.661726, 12.697808, 12.766855, 12.808401, 12.857166, 12.902260, 12.988580, 12.402478, 12.405759, 12.387225, 12.373853, 12.396617, 12.407976, 12.416977, 12.420696, 12.395459, 12.354393, 12.412777, 12.433686, 12.419032, 12.412053, 12.414650, 12.406482, 12.450077, 12.416787, 12.417219, 12.407048, 11.965636, 12.050220, 12.082094, 12.204406, 12.203522, 12.280724, 12.303716, 12.339848, 12.363712, 12.396213, 12.407008, 12.464398, 12.503756, 12.547882, 12.527285, 12.552445, 12.538139, 12.567249, 12.617702, 12.565256, 11.599019, 11.695033, 11.814162, 11.882010, 11.977436, 12.077716, 12.118262, 12.204305, 12.333829, 12.351467, 12.474972, 12.513898, 12.569345, 12.668943, 12.740092, 12.764582, 12.844664, 12.873939, 13.006868, 13.018693, 11.988459, 12.080474, 12.108402, 12.143712, 12.153286, 12.218198, 12.287484, 12.313873, 12.373611, 12.418477, 12.433894, 12.429424, 12.542666, 12.531337, 12.594282, 12.589911, 12.630441, 12.695687, 12.702945, 12.700887, 12.245457, 12.266228, 12.303386, 12.256972, 12.312743, 12.357674, 12.377816, 12.386604, 12.394513, 12.422880, 12.413629, 12.441489, 12.498011, 12.479403, 12.457755, 12.503624, 12.513892, 12.547154, 12.518220, 12.598021, 12.369922, 12.353756, 12.381588, 12.374479, 12.429354, 12.383713, 12.415858, 12.386002, 12.395933, 12.399269, 12.446846, 12.443745, 12.423206, 12.463774, 12.441216, 12.475940, 12.446341, 12.459096, 12.444100, 12.447694, 11.729795, 11.787853, 11.901230, 11.934350, 11.982884, 12.003619, 12.071575, 12.149275, 12.228921, 12.356709, 12.463262, 12.656758, 12.700885, 12.834335, 12.919569, 12.979942, 13.053195, 13.099780, 13.117830, 13.291684, 
11.782955, 11.817477, 11.920028, 11.960666, 12.040430, 12.092589, 12.178110, 12.238049, 12.307615, 12.379951, 12.454173, 12.556927, 12.590737, 12.663689, 12.693998, 12.765574, 12.806030, 12.855519, 12.903375, 12.982576, 12.402425, 12.405708, 12.388028, 12.373146, 12.399081, 12.407329, 12.416899, 12.421706, 12.395834, 12.355555, 12.415135, 12.434289, 12.422646, 12.413490, 12.415543, 12.401730, 12.444347, 12.410825, 12.406673, 12.395114, 11.964242, 12.050731, 12.082931, 12.204358, 12.203853, 12.282413, 12.304397, 12.340803, 12.365936, 12.398910, 12.405880, 12.462926, 12.507352, 12.548704, 12.529711, 12.552107, 12.540691, 12.567764, 12.620218, 12.566922, 11.604358, 11.698394, 11.817187, 11.886274, 11.979228, 12.080107, 12.122091, 12.207343, 12.333447, 12.353709, 12.475273, 12.513957, 12.568685, 12.670867, 12.737398, 12.765237, 12.847292, 12.873864, 13.004709, 13.019913, 11.990953, 12.084188, 12.111021, 12.148759, 12.155417, 12.219052, 12.292967, 12.319348, 12.374583, 12.421228, 12.437738, 12.431248, 12.545330, 12.532567, 12.594100, 12.590394, 12.631530, 12.696844, 12.700980, 12.700385, 12.247831, 12.269456, 12.305893, 12.257081, 12.315105, 12.357960, 12.379342, 12.387446, 12.394945, 12.424949, 12.415428, 12.443330, 12.499668, 12.479850, 12.458719, 12.504319, 12.513312, 12.544799, 12.518625, 12.598248, 12.373702, 12.356306, 12.382141, 12.374895, 12.432676, 12.386100, 12.417795, 12.388106, 12.396908, 12.401388, 12.448194, 12.447250, 12.423958, 12.465858, 12.444498, 12.477079, 12.446046, 12.458782, 12.442446, 12.449163, 11.729112, 11.788235, 11.899973, 11.936791, 11.982912, 12.004728, 12.073590, 12.148921, 12.230281, 12.358749, 12.466443, 12.655594, 12.700648, 12.833716, 12.919890, 12.976862, 13.052300, 13.097915, 13.116212, 13.289778, 
11.784832, 11.819606, 11.921891, 11.964050, 12.043223, 12.095285, 12.180265, 12.238645, 12.313214, 12.381628, 12.456605, 12.558375, 12.593472, 12.662912, 12.694889, 12.766719, 12.807738, 12.848902, 12.898009, 12.974450, 12.403732, 12.405928, 12.386421, 12.374576, 12.399810, 12.407637, 12.419728, 12.420870, 12.396270, 12.355866, 12.415059, 12.436006, 12.424517, 12.410213, 12.413727, 12.396179, 12.439450, 12.402265, 12.397803, 12.383997, 11.964588, 12.051072, 12.083638, 12.205370, 12.204778, 12.282014, 12.303837, 12.344134, 12.366950, 12.399696, 12.407807, 12.465617, 12.508371, 12.551026, 12.527578, 12.555381, 12.540349, 12.569703, 12.621497, 12.566903, 11.609101, 11.702155, 11.819612, 11.891406, 11.984623, 12.082895, 12.123050, 12.207610, 12.334663, 12.356608, 12.475011, 12.515750, 12.562894, 12.674057, 12.740935, 12.763158, 12.844464, 12.873851, 13.004836, 13.019685, 11.994845, 12.087060, 12.115270, 12.150290, 12.158464, 12.222960, 12.294897, 12.319056, 12.376394, 12.425176, 12.438797, 12.434943, 12.543480, 12.532339, 12.593612, 12.590237, 12.628868, 12.694177, 12.701155, 12.696383, 12.248410, 12.272152, 12.308665, 12.259938, 12.315056, 12.360663, 12.380734, 12.390559, 12.398224, 12.429172, 12.416249, 12.444014, 12.502048, 12.479603, 12.461613, 12.502666, 12.514991, 12.546403, 12.521553, 12.599183, 12.374622, 12.358234, 12.385140, 12.377006, 12.435822, 12.389453, 12.423776, 12.389471, 12.399364, 12.402086, 12.448022, 12.449813, 12.422460, 12.467902, 12.443234, 12.479091, 12.446609, 12.458662, 12.443376, 12.449237, 11.728487, 11.787041, 11.898167, 11.937950, 11.980817, 12.005662, 12.075525, 12.149858, 12.230307, 12.359685, 12.468036, 12.657083, 12.703784, 12.836104, 12.920759, 12.974670, 13.051304, 13.096421, 13.114715, 13.288201, 
11.786323, 11.820979, 11.923145, 11.966178, 12.047053, 12.099285, 12.180037, 12.238910, 12.314666, 12.383343, 12.458682, 12.560657, 12.593482, 12.664816, 12.690770, 12.765598, 12.802052, 12.846740, 12.896098, 12.965844, 12.404421, 12.406932, 12.387195, 12.375986, 12.398722, 12.409645, 12.420024, 12.424167, 12.397398, 12.356842, 12.413680, 12.435804, 12.423606, 12.408011, 12.408606, 12.391176, 12.431489, 12.389308, 12.380153, 12.366610, 11.963725, 12.051444, 12.085806, 12.208479, 12.205648, 12.281286, 12.305603, 12.345792, 12.367897, 12.399767, 12.408809, 12.468609, 12.510770, 12.550332, 12.527161, 12.554115, 12.541651, 12.566521, 12.616895, 12.564420, 11.614252, 11.705133, 11.823373, 11.894084, 11.985728, 12.086292, 12.125314, 12.209143, 12.337097, 12.356790, 12.476867, 12.517066, 12.565225, 12.675994, 12.742413, 12.763579, 12.841013, 12.872431, 13.004283, 13.020363, 11.997404, 12.091560, 12.119893, 12.154437, 12.161324, 12.224563, 12.296456, 12.321813, 12.377494, 12.423356, 12.438333, 12.434084, 12.543658, 12.534736, 12.595627, 12.587427, 12.626711, 12.694921, 12.698223, 12.694082, 12.252906, 12.275656, 12.313750, 12.261511, 12.316665, 12.361304, 12.383666, 12.391444, 12.400262, 12.429752, 12.416695, 12.444559, 12.501619, 12.481014, 12.464477, 12.505587, 12.517828, 12.547345, 12.522492, 12.597915, 12.378414, 12.358764, 12.387491, 12.377021, 12.437811, 12.393034, 12.424352, 12.391121, 12.399398, 12.403821, 12.448718, 12.449179, 12.423144, 12.468003, 12.443754, 12.478447, 12.447160, 12.459789, 12.444392, 12.450414, 11.725731, 11.785897, 11.897047, 11.936007, 11.981396, 12.004103, 12.076161, 12.149727, 12.232380, 12.362030, 12.467304, 12.656687, 12.707346, 12.835759, 12.920769, 12.974240, 13.048513, 13.094235, 13.114261, 13.287573, 
11.788062, 11.822383, 11.926515, 11.967001, 12.049188, 12.102466, 12.184496, 12.239733, 12.317455, 12.383889, 12.459576, 12.560198, 12.594913, 12.661443, 12.687165, 12.762019, 12.795435, 12.839079, 12.892554, 12.961114, 12.404723, 12.405499, 12.390207, 12.376125, 12.400043, 12.409822, 12.420614, 12.428331, 12.399821, 12.358191, 12.414032, 12.435190, 12.419604, 12.403536, 12.403610, 12.383651, 12.420473, 12.379842, 12.365899, 12.349733, 11.963792, 12.052165, 12.087917, 12.208953, 12.205479, 12.283951, 12.304839, 12.344522, 12.370791, 12.399292, 12.409889, 12.471078, 12.511990, 12.548309, 12.529358, 12.549877, 12.535246, 12.560406, 12.608509, 12.557907, 11.618739, 11.708395, 11.826300, 11.897493, 11.986844, 12.088715, 12.125183, 12.212643, 12.338093, 12.358143, 12.478638, 12.517641, 12.564957, 12.674731, 12.739955, 12.764099, 12.840087, 12.867250, 13.003224, 13.017325, 11.999365, 12.094992, 12.122707, 12.155554, 12.162391, 12.223514, 12.297650, 12.323802, 12.379721, 12.425541, 12.437636, 12.432698, 12.544821, 12.535758, 12.595454, 12.588917, 12.626308, 12.692249, 12.696448, 12.691710, 12.254536, 12.276699, 12.315987, 12.264290, 12.319327, 12.363305, 12.386969, 12.394560, 12.402993, 12.429323, 12.416916, 12.446708, 12.501603, 12.479695, 12.466767, 12.506469, 12.517565, 12.545073, 12.522257, 12.594858, 12.380275, 12.356132, 12.389866, 12.376527, 12.438356, 12.394993, 12.426744, 12.391727, 12.399578, 12.404871, 12.449583, 12.448290, 12.424202, 12.467444, 12.444964, 12.479854, 12.448320, 12.459423, 12.442860, 12.449787, 11.724222, 11.782654, 11.892228, 11.934672, 11.978846, 12.002477, 12.076379, 12.148830, 12.234615, 12.360574, 12.469198, 12.658089, 12.703826, 12.832801, 12.918849, 12.970896, 13.046599, 13.093722, 13.111827, 13.286247, 
11.790304, 11.824310, 11.928432, 11.969260, 12.052934, 12.103725, 12.188102, 12.241247, 12.317169, 12.383383, 12.457145, 12.556327, 12.593963, 12.660989, 12.687556, 12.759349, 12.788774, 12.831376, 12.888047, 12.953569, 12.406467, 12.404700, 12.392376, 12.376202, 12.401972, 12.412238, 12.423183, 12.428466, 12.400002, 12.357135, 12.412163, 12.432025, 12.416861, 12.399282, 12.397794, 12.378451, 12.407587, 12.365853, 12.348237, 12.330069, 11.964243, 12.053074, 12.089106, 12.207849, 12.206782, 12.285695, 12.306280, 12.345331, 12.373596, 12.400576, 12.409852, 12.471765, 12.509209, 12.545720, 12.523491, 12.543764, 12.530495, 12.552060, 12.601427, 12.547936, 11.620812, 11.713107, 11.830108, 11.900173, 11.990164, 12.090515, 12.123883, 12.211536, 12.336099, 12.357923, 12.478466, 12.517410, 12.565211, 12.674213, 12.739395, 12.764472, 12.840204, 12.863628, 13.002899, 13.015012, 12.001472, 12.096287, 12.123989, 12.158671, 12.164380, 12.223379, 12.299213, 12.322309, 12.381186, 12.425554, 12.437086, 12.433517, 12.542990, 12.536322, 12.592211, 12.584340, 12.626501, 12.687952, 12.691718, 12.687515, 12.256386, 12.280609, 12.314122, 12.265112, 12.321136, 12.364143, 12.388345, 12.394622, 12.402755, 12.430026, 12.415837, 12.448130, 12.500498, 12.475923, 12.468157, 12.505493, 12.515032, 12.541610, 12.522054, 12.592849, 12.380166, 12.354712, 12.388862, 12.378099, 12.437793, 12.397164, 12.426355, 12.390592, 12.402115, 12.404978, 12.449075, 12.448034, 12.422015, 12.469947, 12.441433, 12.478534, 12.448725, 12.459161, 12.441720, 12.448963, 11.720089, 11.777579, 11.890671, 11.932986, 11.977445, 11.998786, 12.076132, 12.146807, 12.233807, 12.362339, 12.467810, 12.658010, 12.702120, 12.831490, 12.921044, 12.968006, 13.045535, 13.092625, 13.109340, 13.284455, 
11.792869, 11.826134, 11.930524, 11.973291, 12.053135, 12.105233, 12.189864, 12.242010, 12.315985, 12.380577, 12.456895, 12.553120, 12.588892, 12.658787, 12.681499, 12.752345, 12.782555, 12.825021, 12.881673, 12.945812, 12.407019, 12.404714, 12.394768, 12.377380, 12.403556, 12.414747, 12.425006, 12.428580, 12.401212, 12.357096, 12.410671, 12.429007, 12.412703, 12.390264, 12.389601, 12.368971, 12.392426, 12.354538, 12.329562, 12.313093, 11.962760, 12.054065, 12.089459, 12.209049, 12.208360, 12.286549, 12.307520, 12.345786, 12.373753, 12.395958, 12.409150, 12.471652, 12.506380, 12.540359, 12.514908, 12.533576, 12.520272, 12.542881, 12.593638, 12.537052, 11.623288, 11.714284, 11.831812, 11.902306, 11.991895, 12.090326, 12.125748, 12.212254, 12.339258, 12.356544, 12.478761, 12.518687, 12.563457, 12.672496, 12.739848, 12.763573, 12.838416, 12.862531, 13.001304, 13.012730, 12.003239, 12.096095, 12.124607, 12.160703, 12.165838, 12.224654, 12.299658, 12.321310, 12.382100, 12.425340, 12.433932, 12.432338, 12.542282, 12.532997, 12.592028, 12.581360, 12.621517, 12.682242, 12.683360, 12.679659, 12.258177, 12.283447, 12.314171, 12.262929, 12.324000, 12.364224, 12.387549, 12.391482, 12.403239, 12.429004, 12.412989, 12.447939, 12.497505, 12.472635, 12.465519, 12.503032, 12.511492, 12.538111, 12.520773, 12.589089, 12.380782, 12.355541, 12.387296, 12.376961, 12.436461, 12.398813, 12.428149, 12.389444, 12.401332, 12.405786, 12.448888, 12.449537, 12.420967, 12.468341, 12.443675, 12.477263, 12.448630, 12.456219, 12.440284, 12.446567, 11.719622, 11.773895, 11.882639, 11.930005, 11.974420, 11.996046, 12.072850, 12.145128, 12.231902, 12.361364, 12.467338, 12.657852, 12.700921, 12.832099, 12.921531, 12.967951, 13.042233, 13.092705, 13.109479, 13.281679, 
11.796410, 11.832061, 11.932807, 11.977287, 12.055324, 12.107399, 12.189351, 12.244469, 12.315415, 12.377702, 12.454446, 12.549318, 12.584663, 12.653220, 12.677115, 12.743960, 12.776878, 12.818116, 12.873849, 12.935798, 12.406482, 12.402754, 12.393196, 12.378768, 12.405437, 12.415839, 12.426848, 12.429422, 12.400880, 12.354128, 12.408662, 12.425007, 12.406730, 12.379991, 12.374997, 12.353988, 12.376056, 12.338429, 12.308560, 12.293304, 11.965263, 12.053925, 12.089416, 12.211221, 12.209520, 12.286307, 12.310738, 12.346713, 12.372255, 12.393383, 12.406652, 12.469169, 12.500925, 12.537017, 12.504559, 12.523616, 12.510178, 12.528774, 12.582069, 12.524020, 11.623703, 11.715770, 11.832031, 11.902601, 11.994234, 12.090468, 12.126304, 12.211590, 12.338228, 12.356612, 12.474535, 12.515311, 12.561361, 12.669534, 12.737300, 12.759583, 12.835398, 12.858242, 12.994934, 13.011041, 12.005663, 12.095604, 12.125357, 12.159898, 12.165212, 12.224934, 12.295484, 12.319143, 12.382452, 12.425789, 12.432752, 12.430670, 12.539870, 12.530420, 12.587422, 12.577314, 12.617103, 12.675468, 12.673757, 12.670142, 12.260766, 12.283159, 12.313448, 12.264685, 12.324396, 12.365844, 12.386803, 12.389228, 12.400222, 12.426450, 12.409268, 12.446212, 12.495690, 12.471536, 12.461809, 12.499688, 12.508358, 12.533663, 12.515073, 12.586722, 12.378988, 12.354635, 12.387563, 12.375367, 12.432491, 12.397736, 12.425685, 12.389045, 12.401108, 12.402006, 12.447195, 12.445548, 12.419880, 12.467358, 12.443284, 12.474729, 12.446664, 12.454127, 12.436413, 12.444907, 11.717665, 11.770627, 11.880318, 11.929200, 11.972173, 11.992400, 12.069243, 12.142579, 12.232378, 12.358104, 12.465556, 12.656108, 12.700519, 12.831858, 12.920117, 12.965044, 13.040181, 13.089937, 13.107914, 13.278238, 
11.800272, 11.837237, 11.935827, 11.977895, 12.056505, 12.108651, 12.187740, 12.244472, 12.316709, 12.373300, 12.452844, 12.547453, 12.578559, 12.650733, 12.671468, 12.736130, 12.768675, 12.807573, 12.863060, 12.927604, 12.407847, 12.400648, 12.393254, 12.378443, 12.405797, 12.415368, 12.427570, 12.430740, 12.399088, 12.353258, 12.404579, 12.419964, 12.399375, 12.372817, 12.362385, 12.341646, 12.360374, 12.317817, 12.289673, 12.274855, 11.964820, 12.054954, 12.089556, 12.210802, 12.207942, 12.286416, 12.310127, 12.347862, 12.371042, 12.390710, 12.404125, 12.460841, 12.490656, 12.530609, 12.493988, 12.518117, 12.496906, 12.517861, 12.566300, 12.507841, 11.626703, 11.717640, 11.832238, 11.902952, 11.991130, 12.088698, 12.122856, 12.211041, 12.336267, 12.356422, 12.471915, 12.512715, 12.553946, 12.667107, 12.730240, 12.757358, 12.831850, 12.859289, 12.989524, 13.006319, 12.006527, 12.095335, 12.126833, 12.161589, 12.165226, 12.224083, 12.295515, 12.318122, 12.379370, 12.423333, 12.429323, 12.428057, 12.537677, 12.528217, 12.581741, 12.569890, 12.610538, 12.669149, 12.666667, 12.662395, 12.259425, 12.284195, 12.313494, 12.263664, 12.324533, 12.363283, 12.383504, 12.384700, 12.399847, 12.425368, 12.406068, 12.443116, 12.492415, 12.466271, 12.459627, 12.496787, 12.507574, 12.529190, 12.511455, 12.579254, 12.377110, 12.357137, 12.385531, 12.373413, 12.427792, 12.395859, 12.424011, 12.387916, 12.400684, 12.398343, 12.447467, 12.442403, 12.417272, 12.464810, 12.439614, 12.470925, 12.442125, 12.453008, 12.434400, 12.439469, 11.712958, 11.766874, 11.876914, 11.924312, 11.968345, 11.989403, 12.065523, 12.137711, 12.229840, 12.357506, 12.462000, 12.656743, 12.699367, 12.832479, 12.919625, 12.966780, 13.039299, 13.085872, 13.106491, 13.276707, 
11.803874, 11.841924, 11.938798, 11.979533, 12.055736, 12.111000, 12.185091, 12.242065, 12.315511, 12.370984, 12.449169, 12.544940, 12.575614, 12.642955, 12.661389, 12.727492, 12.758709, 12.799617, 12.855785, 12.916618, 12.407747, 12.401557, 12.393964, 12.378901, 12.408195, 12.415424, 12.427362, 12.431676, 12.398367, 12.350845, 12.397425, 12.415175, 12.393354, 12.362772, 12.351974, 12.328570, 12.342440, 12.298870, 12.270023, 12.254252, 11.964989, 12.054008, 12.088505, 12.210729, 12.208550, 12.287502, 12.309910, 12.349049, 12.371325, 12.387432, 12.399558, 12.457433, 12.485528, 12.522377, 12.485079, 12.506947, 12.480813, 12.503999, 12.550506, 12.493667, 11.627977, 11.716720, 11.830417, 11.902369, 11.989292, 12.088152, 12.120428, 12.207387, 12.334587, 12.351972, 12.469150, 12.509050, 12.552281, 12.665458, 12.726039, 12.754698, 12.825100, 12.854026, 12.984563, 12.998413, 12.006346, 12.095933, 12.125804, 12.162151, 12.165989, 12.222494, 12.294969, 12.315920, 12.379361, 12.421347, 12.425736, 12.424990, 12.533461, 12.521378, 12.573714, 12.562183, 12.603528, 12.660468, 12.655917, 12.649146, 12.259324, 12.282880, 12.313148, 12.262169, 12.322254, 12.361333, 12.380000, 12.381471, 12.398533, 12.419606, 12.404007, 12.439391, 12.489780, 12.461415, 12.454205, 12.493612, 12.498681, 12.525741, 12.507363, 12.571832, 12.371643, 12.354915, 12.381291, 12.369310, 12.424290, 12.391571, 12.421599, 12.387459, 12.392930, 12.396359, 12.445103, 12.438370, 12.413937, 12.461417, 12.436714, 12.464879, 12.440054, 12.446574, 12.428752, 12.436032, 11.709991, 11.763715, 11.874844, 11.921212, 11.964374, 11.986291, 12.060524, 12.131505, 12.226311, 12.352918, 12.458560, 12.653350, 12.698781, 12.833357, 12.920136, 12.961500, 13.039931, 13.085892, 13.103708, 13.273526, 
11.806725, 11.844506, 11.941031, 11.980307, 12.057192, 12.111315, 12.182335, 12.240868, 12.313809, 12.367418, 12.442478, 12.540758, 12.570867, 12.637146, 12.656867, 12.720976, 12.750658, 12.791270, 12.842824, 12.905469, 12.408831, 12.401451, 12.394457, 12.378371, 12.410494, 12.415421, 12.427649, 12.430704, 12.395705, 12.346309, 12.394060, 12.410345, 12.384450, 12.353548, 12.342501, 12.314914, 12.327249, 12.279943, 12.250977, 12.237564, 11.963453, 12.054671, 12.088659, 12.209755, 12.209430, 12.287474, 12.310636, 12.347751, 12.367324, 12.383798, 12.396145, 12.452129, 12.476840, 12.510886, 12.474175, 12.493259, 12.469348, 12.490984, 12.535087, 12.473079, 11.628436, 11.715582, 11.829105, 11.901883, 11.986872, 12.087262, 12.120391, 12.204316, 12.330551, 12.346441, 12.465329, 12.504235, 12.548088, 12.659173, 12.720550, 12.750867, 12.820004, 12.849056, 12.977203, 12.995114, 12.004893, 12.093564, 12.124032, 12.161621, 12.163970, 12.220665, 12.293473, 12.310536, 12.375502, 12.419255, 12.422305, 12.418564, 12.525596, 12.515543, 12.568546, 12.554174, 12.594394, 12.649340, 12.643722, 12.636869, 12.258095, 12.279768, 12.309976, 12.259240, 12.320197, 12.358656, 12.376736, 12.377919, 12.394894, 12.415958, 12.398162, 12.432892, 12.482954, 12.459046, 12.450069, 12.487968, 12.495724, 12.520470, 12.501720, 12.566372, 12.371036, 12.350178, 12.379438, 12.366365, 12.419646, 12.387200, 12.418050, 12.378881, 12.389613, 12.390244, 12.441954, 12.432295, 12.408895, 12.458334, 12.432189, 12.458174, 12.434067, 12.441902, 12.425954, 12.431268, 11.706498, 11.759654, 11.871129, 11.917717, 11.961625, 11.982428, 12.057097, 12.125840, 12.222114, 12.349522, 12.457790, 12.652025, 12.693678, 12.829782, 12.917561, 12.962334, 13.039402, 13.081377, 13.098467, 13.269546, 
11.808656, 11.845600, 11.941350, 11.981029, 12.057869, 12.109201, 12.178668, 12.235607, 12.312833, 12.362364, 12.438170, 12.536140, 12.564791, 12.629969, 12.646034, 12.712705, 12.744050, 12.781464, 12.831266, 12.893658, 12.408394, 12.403304, 12.395378, 12.377145, 12.409569, 12.414993, 12.427948, 12.428527, 12.392365, 12.341641, 12.387325, 12.403809, 12.376694, 12.341751, 12.328429, 12.300480, 12.311212, 12.263294, 12.234861, 12.220338, 11.964378, 12.054382, 12.088400, 12.210568, 12.211572, 12.287106, 12.309543, 12.346592, 12.364417, 12.382137, 12.392649, 12.445362, 12.467569, 12.501262, 12.461133, 12.480527, 12.453152, 12.475334, 12.517396, 12.453283, 11.627136, 11.714290, 11.827424, 11.900600, 11.983813, 12.084971, 12.116846, 12.201172, 12.327185, 12.340744, 12.461926, 12.500665, 12.543306, 12.654568, 12.715379, 12.742931, 12.812087, 12.846026, 12.971641, 12.988339, 12.003964, 12.092565, 12.123580, 12.161313, 12.164054, 12.217843, 12.292016, 12.308266, 12.371205, 12.412386, 12.420722, 12.414542, 12.519419, 12.509105, 12.560355, 12.545634, 12.584781, 12.637434, 12.628940, 12.624698, 12.255724, 12.277462, 12.307696, 12.255617, 12.320058, 12.356713, 12.369705, 12.375154, 12.387785, 12.413798, 12.393776, 12.429055, 12.476940, 12.451588, 12.445384, 12.479602, 12.487934, 12.512460, 12.494962, 12.558729, 12.364182, 12.343766, 12.373593, 12.361100, 12.414183, 12.383373, 12.413490, 12.372569, 12.385146, 12.385905, 12.433011, 12.427852, 12.406219, 12.453895, 12.427914, 12.451093, 12.426213, 12.437663, 12.421332, 12.428098, 11.702834, 11.757546, 11.868445, 11.914844, 11.959136, 11.980814, 12.051093, 12.119711, 12.217675, 12.345295, 12.453726, 12.648637, 12.690470, 12.826607, 12.912380, 12.958473, 13.035066, 13.079088, 13.095274, 13.268543, 
11.812052, 11.846282, 11.941199, 11.980469, 12.057821, 12.109940, 12.173522, 12.230223, 12.309023, 12.358418, 12.432290, 12.529727, 12.555835, 12.620856, 12.637860, 12.702699, 12.737146, 12.770617, 12.824105, 12.886677, 12.407142, 12.406087, 12.394603, 12.379094, 12.409737, 12.414292, 12.426138, 12.428242, 12.388474, 12.338396, 12.383435, 12.397259, 12.366728, 12.329964, 12.317450, 12.285881, 12.299100, 12.250148, 12.214956, 12.206720, 11.964372, 12.055076, 12.089939, 12.209546, 12.210698, 12.285599, 12.308616, 12.345772, 12.360203, 12.376631, 12.389850, 12.438215, 12.456780, 12.488024, 12.450623, 12.467927, 12.439854, 12.456874, 12.498305, 12.431036, 11.624496, 11.711692, 11.824472, 11.898897, 11.978298, 12.083124, 12.110156, 12.197453, 12.321426, 12.335629, 12.457508, 12.496394, 12.537301, 12.648355, 12.706250, 12.735899, 12.806742, 12.839271, 12.964915, 12.983411, 12.001897, 12.090374, 12.122845, 12.157906, 12.162490, 12.213678, 12.289634, 12.304999, 12.366909, 12.405309, 12.414240, 12.410262, 12.513084, 12.500534, 12.550664, 12.535126, 12.574241, 12.625453, 12.615782, 12.612514, 12.253482, 12.272895, 12.305390, 12.250097, 12.317136, 12.352338, 12.363084, 12.370374, 12.380190, 12.410125, 12.386997, 12.421500, 12.472952, 12.444114, 12.441752, 12.474268, 12.481727, 12.502851, 12.489223, 12.551740, 12.359097, 12.339964, 12.370139, 12.357076, 12.407871, 12.377758, 12.408953, 12.367797, 12.378019, 12.381455, 12.426999, 12.423220, 12.401139, 12.446315, 12.423158, 12.446279, 12.422035, 12.432610, 12.417357, 12.421702, 11.699463, 11.753945, 11.864575, 11.910119, 11.955740, 11.975916, 12.048401, 12.111883, 12.212750, 12.339733, 12.448670, 12.645631, 12.684462, 12.821877, 12.905152, 12.953869, 13.032982, 13.076680, 13.092910, 13.265306, 
11.813375, 11.847007, 11.938804, 11.981250, 12.056201, 12.107679, 12.171193, 12.227033, 12.305140, 12.353137, 12.428585, 12.526054, 12.548132, 12.614277, 12.629170, 12.694455, 12.730038, 12.760641, 12.813617, 12.876860, 12.408234, 12.405031, 12.393957, 12.379490, 12.409396, 12.411899, 12.424257, 12.425632, 12.388981, 12.332997, 12.374472, 12.390542, 12.355638, 12.318313, 12.306283, 12.276330, 12.284013, 12.240639, 12.200385, 12.191284, 11.964941, 12.057901, 12.089157, 12.207897, 12.210678, 12.285344, 12.307181, 12.342329, 12.357037, 12.371868, 12.386016, 12.433093, 12.449618, 12.477609, 12.437464, 12.453323, 12.427033, 12.437769, 12.479837, 12.418830, 11.622910, 11.711291, 11.821087, 11.894882, 11.974799, 12.079045, 12.105160, 12.191989, 12.317163, 12.331220, 12.452048, 12.492790, 12.530458, 12.639662, 12.699952, 12.729742, 12.799876, 12.832560, 12.958528, 12.976309, 12.002122, 12.089602, 12.121410, 12.154675, 12.159932, 12.211056, 12.287363, 12.300839, 12.363393, 12.402555, 12.409192, 12.403946, 12.504370, 12.492920, 12.542597, 12.525339, 12.564172, 12.614624, 12.602826, 12.598664, 12.250918, 12.269922, 12.300792, 12.246784, 12.311535, 12.346745, 12.356376, 12.364756, 12.373129, 12.404134, 12.380911, 12.415443, 12.467678, 12.440186, 12.434607, 12.467176, 12.474574, 12.496478, 12.483690, 12.543945, 12.355249, 12.335940, 12.366594, 12.353413, 12.402338, 12.372818, 12.404391, 12.361484, 12.376070, 12.378493, 12.419728, 12.418065, 12.395395, 12.439419, 12.415475, 12.439954, 12.417438, 12.424428, 12.412566, 12.416148, 11.696904, 11.750288, 11.860325, 11.906102, 11.950825, 11.971328, 12.042318, 12.107173, 12.208451, 12.334991, 12.443363, 12.638864, 12.677789, 12.818311, 12.903978, 12.948037, 13.029176, 13.073484, 13.088253, 13.260376, 
11.811849, 11.846312, 11.938843, 11.981340, 12.054426, 12.103434, 12.166292, 12.222254, 12.300773, 12.349990, 12.421068, 12.521546, 12.542761, 12.608282, 12.623602, 12.685769, 12.723440, 12.754706, 12.806170, 12.869335, 12.409725, 12.404768, 12.394054, 12.379689, 12.409690, 12.410669, 12.423459, 12.425110, 12.387416, 12.328195, 12.368899, 12.381021, 12.345556, 12.308762, 12.296485, 12.262828, 12.272368, 12.229155, 12.184736, 12.178367, 11.964749, 12.057193, 12.089183, 12.206358, 12.210643, 12.284834, 12.306071, 12.339965, 12.354698, 12.367667, 12.379209, 12.427189, 12.440911, 12.469064, 12.425696, 12.443349, 12.410244, 12.427186, 12.461127, 12.401967, 11.620256, 11.707944, 11.817162, 11.891258, 11.969611, 12.076374, 12.101301, 12.184254, 12.312671, 12.326217, 12.445948, 12.487526, 12.525069, 12.633498, 12.693989, 12.726480, 12.796231, 12.826504, 12.954331, 12.964560, 12.001375, 12.086999, 12.118550, 12.153567, 12.157881, 12.207357, 12.284840, 12.296863, 12.357396, 12.395632, 12.402149, 12.396528, 12.496622, 12.484612, 12.534545, 12.517859, 12.555271, 12.602309, 12.588385, 12.587712, 12.246499, 12.264737, 12.293721, 12.242190, 12.308545, 12.342162, 12.350962, 12.359955, 12.368349, 12.397897, 12.376460, 12.410700, 12.462323, 12.433190, 12.427835, 12.460610, 12.470522, 12.490008, 12.476132, 12.535684, 12.349059, 12.330240, 12.360865, 12.348135, 12.397454, 12.367979, 12.399441, 12.357319, 12.370028, 12.371498, 12.415740, 12.413122, 12.390715, 12.432596, 12.408428, 12.435191, 12.411651, 12.419751, 12.406771, 12.408675, 11.692867, 11.747434, 11.856684, 11.904432, 11.946895, 11.967432, 12.037593, 12.099730, 12.202626, 12.327761, 12.438060, 12.634364, 12.671802, 12.813131, 12.902890, 12.942762, 13.027159, 13.070081, 13.082560, 13.254829, 
11.813155, 11.844630, 11.937029, 11.978774, 12.050432, 12.099874, 12.164829, 12.218989, 12.293713, 12.344011, 12.415014, 12.517850, 12.534833, 12.602003, 12.617222, 12.677812, 12.714838, 12.746944, 12.796770, 12.860483, 12.411029, 12.403347, 12.395995, 12.380674, 12.408715, 12.410808, 12.423343, 12.423006, 12.384425, 12.322475, 12.363372, 12.372443, 12.337587, 12.299094, 12.286460, 12.248985, 12.258606, 12.217066, 12.172606, 12.163463, 11.965447, 12.056194, 12.089825, 12.205414, 12.209263, 12.282348, 12.301603, 12.338521, 12.351907, 12.362524, 12.371486, 12.421047, 12.432350, 12.456337, 12.414833, 12.427137, 12.396193, 12.414517, 12.446862, 12.386621, 11.617335, 11.705988, 11.814413, 11.886037, 11.964102, 12.071731, 12.096132, 12.181604, 12.307010, 12.320634, 12.439814, 12.481853, 12.517269, 12.625570, 12.688373, 12.718758, 12.789456, 12.820391, 12.943856, 12.956925, 11.999806, 12.085631, 12.114368, 12.153387, 12.154239, 12.206198, 12.282279, 12.293295, 12.352201, 12.390664, 12.397570, 12.388953, 12.487494, 12.477921, 12.524517, 12.506874, 12.545281, 12.589672, 12.570382, 12.575683, 12.243504, 12.261810, 12.289760, 12.237860, 12.302395, 12.336070, 12.345915, 12.355226, 12.362482, 12.393925, 12.369986, 12.404935, 12.456502, 12.428350, 12.420645, 12.453398, 12.464015, 12.483986, 12.469737, 12.529526, 12.342151, 12.323873, 12.356856, 12.345355, 12.393173, 12.362999, 12.393295, 12.352865, 12.365523, 12.368482, 12.410739, 12.410281, 12.386525, 12.427886, 12.402150, 12.428624, 12.405577, 12.413532, 12.401152, 12.402797, 11.691662, 11.744842, 11.853231, 11.901457, 11.944618, 11.964783, 12.034330, 12.092988, 12.198573, 12.321381, 12.430064, 12.629554, 12.663645, 12.807288, 12.897955, 12.936924, 13.020141, 13.062603, 13.079024, 13.248982, 
11.813592, 11.845586, 11.934800, 11.976820, 12.045461, 12.096938, 12.162599, 12.214490, 12.288261, 12.338728, 12.407762, 12.512211, 12.527988, 12.595151, 12.611431, 12.670422, 12.706113, 12.740087, 12.790833, 12.851904, 12.411828, 12.404853, 12.395729, 12.381083, 12.409004, 12.410062, 12.422135, 12.420337, 12.382328, 12.316939, 12.357159, 12.368024, 12.328811, 12.290494, 12.274158, 12.236832, 12.248426, 12.206789, 12.162556, 12.149551, 11.965712, 12.056222, 12.089516, 12.205107, 12.208632, 12.281181, 12.301086, 12.334507, 12.349134, 12.357837, 12.367140, 12.414261, 12.425331, 12.446040, 12.403029, 12.416589, 12.383547, 12.399715, 12.432197, 12.371403, 11.615549, 11.703272, 11.809627, 11.881869, 11.961169, 12.067918, 12.093052, 12.175829, 12.301737, 12.317156, 12.436522, 12.476793, 12.511632, 12.620652, 12.681497, 12.711730, 12.784139, 12.813891, 12.935714, 12.947777, 11.998797, 12.083419, 12.111302, 12.151467, 12.152809, 12.203165, 12.278884, 12.288879, 12.348481, 12.385817, 12.392676, 12.383228, 12.480093, 12.469638, 12.516412, 12.499444, 12.535308, 12.578023, 12.558960, 12.562144, 12.239898, 12.255948, 12.286038, 12.231781, 12.298022, 12.332675, 12.339849, 12.349240, 12.358165, 12.388317, 12.364587, 12.397658, 12.449273, 12.422989, 12.415695, 12.449889, 12.457418, 12.479553, 12.464097, 12.524281, 12.337370, 12.317101, 12.351486, 12.341561, 12.387824, 12.357870, 12.386239, 12.345228, 12.358708, 12.361491, 12.405239, 12.402946, 12.381196, 12.422222, 12.397130, 12.422786, 12.401021, 12.408796, 12.395777, 12.396664, 11.688122, 11.742224, 11.849151, 11.898253, 11.939463, 11.960390, 12.029634, 12.088489, 12.194333, 12.317325, 12.424232, 12.625147, 12.657677, 12.799899, 12.889921, 12.933174, 13.015206, 13.056240, 13.075094, 13.241126, 
11.811680, 11.843566, 11.933627, 11.974863, 12.042077, 12.092801, 12.156850, 12.208850, 12.284104, 12.333699, 12.400756, 12.506882, 12.522860, 12.589046, 12.604918, 12.663485, 12.699979, 12.732699, 12.781627, 12.845375, 12.412531, 12.404913, 12.397545, 12.381140, 12.408344, 12.409662, 12.419562, 12.418672, 12.376746, 12.312118, 12.350251, 12.360634, 12.321558, 12.282604, 12.264861, 12.225715, 12.240574, 12.195955, 12.152395, 12.135929, 11.965606, 12.055946, 12.088378, 12.204529, 12.205972, 12.280117, 12.296992, 12.331776, 12.346552, 12.355030, 12.360300, 12.408081, 12.415728, 12.435088, 12.392772, 12.405783, 12.371255, 12.387498, 12.416335, 12.356911, 11.612863, 11.700053, 11.806418, 11.879374, 11.957397, 12.063872, 12.089128, 12.172460, 12.294750, 12.311399, 12.431543, 12.470174, 12.507266, 12.614501, 12.674287, 12.706383, 12.776827, 12.806690, 12.930453, 12.942681, 11.998303, 12.081326, 12.109698, 12.150112, 12.150538, 12.200880, 12.274044, 12.283589, 12.342174, 12.378663, 12.387200, 12.377567, 12.475881, 12.462068, 12.510292, 12.487999, 12.526981, 12.568814, 12.547802, 12.549260, 12.235142, 12.250920, 12.282664, 12.227304, 12.294296, 12.328846, 12.336318, 12.344410, 12.353221, 12.382489, 12.358630, 12.391741, 12.445725, 12.417163, 12.410820, 12.445938, 12.450353, 12.473139, 12.458439, 12.517571, 12.330021, 12.312609, 12.345203, 12.337036, 12.382186, 12.354214, 12.379262, 12.339040, 12.352186, 12.355548, 12.399988, 12.396284, 12.375847, 12.416712, 12.393694, 12.416346, 12.394866, 12.401278, 12.390706, 12.390993, 11.685203, 11.738737, 11.845839, 11.894367, 11.934062, 11.955726, 12.025741, 12.084055, 12.188896, 12.310871, 12.416865, 12.618452, 12.651426, 12.795243, 12.883385, 12.926008, 13.011021, 13.049622, 13.067918, 13.231666, 
11.811092, 11.842064, 11.930135, 11.971183, 12.037508, 12.089978, 12.154274, 12.206130, 12.278450, 12.330074, 12.394550, 12.500859, 12.517124, 12.583716, 12.599143, 12.657717, 12.693028, 12.725844, 12.774717, 12.836538, 12.412077, 12.405212, 12.398524, 12.380503, 12.408364, 12.408677, 12.416954, 12.415840, 12.373327, 12.307749, 12.346820, 12.354158, 12.311769, 12.275523, 12.256801, 12.214243, 12.227867, 12.186438, 12.139642, 12.125432, 11.966154, 12.055708, 12.088737, 12.204119, 12.205685, 12.277877, 12.294718, 12.329221, 12.344182, 12.351511, 12.356660, 12.399641, 12.407376, 12.426196, 12.382772, 12.395052, 12.359266, 12.375217, 12.402113, 12.347265, 11.610207, 11.695566, 11.803609, 11.876795, 11.953308, 12.061020, 12.085493, 12.169352, 12.290050, 12.308385, 12.425375, 12.465517, 12.501536, 12.609654, 12.668734, 12.699417, 12.769337, 12.801700, 12.923081, 12.934987, 11.996857, 12.080323, 12.106963, 12.147895, 12.146648, 12.197657, 12.270940, 12.278335, 12.337970, 12.375223, 12.382376, 12.368355, 12.470239, 12.454959, 12.504537, 12.479879, 12.515996, 12.558283, 12.534669, 12.537956, 12.230272, 12.243025, 12.279704, 12.224175, 12.289438, 12.324421, 12.328241, 12.340124, 12.349708, 12.378175, 12.354835, 12.385525, 12.442898, 12.412732, 12.404294, 12.440110, 12.444694, 12.467668, 12.450437, 12.513205, 12.324900, 12.307312, 12.340998, 12.333661, 12.375654, 12.349220, 12.374370, 12.334537, 12.346579, 12.350524, 12.396740, 12.390070, 12.371021, 12.410317, 12.387771, 12.409223, 12.390318, 12.395981, 12.383544, 12.385586, 11.682251, 11.736741, 11.842113, 11.890884, 11.930353, 11.951643, 12.021567, 12.080370, 12.184218, 12.306185, 12.411930, 12.612812, 12.645694, 12.790634, 12.877831, 12.918987, 13.006744, 13.040985, 13.059853, 13.227059, 
11.808692, 11.840165, 11.928524, 11.968287, 12.033725, 12.085868, 12.149266, 12.201801, 12.272813, 12.325308, 12.387948, 12.494810, 12.512662, 12.578170, 12.594720, 12.650966, 12.685269, 12.721223, 12.768043, 12.829084, 12.413204, 12.404982, 12.397771, 12.379457, 12.407291, 12.408581, 12.415234, 12.413768, 12.369484, 12.303790, 12.339433, 12.347626, 12.302909, 12.266983, 12.247332, 12.203284, 12.216998, 12.177534, 12.128406, 12.113144, 11.965797, 12.055726, 12.087905, 12.204145, 12.204605, 12.276559, 12.293101, 12.327292, 12.341221, 12.346126, 12.350134, 12.394088, 12.397013, 12.418053, 12.371549, 12.383566, 12.347659, 12.365007, 12.389630, 12.336028, 11.607250, 11.691620, 11.799031, 11.873265, 11.950264, 12.054792, 12.082599, 12.162617, 12.285003, 12.302896, 12.419716, 12.460217, 12.494940, 12.601736, 12.664077, 12.697036, 12.761834, 12.795136, 12.917538, 12.928671, 11.994928, 12.078032, 12.105666, 12.146191, 12.143783, 12.194597, 12.267826, 12.274894, 12.332698, 12.371545, 12.378814, 12.360370, 12.462492, 12.447121, 12.495520, 12.471470, 12.506880, 12.546374, 12.523209, 12.525226, 12.226025, 12.237305, 12.276347, 12.220305, 12.285420, 12.319379, 12.321714, 12.333354, 12.346066, 12.372786, 12.350210, 12.378460, 12.434262, 12.404028, 12.397239, 12.432024, 12.438403, 12.460901, 12.443357, 12.507329, 12.321217, 12.304386, 12.335738, 12.327714, 12.369554, 12.346675, 12.368933, 12.328579, 12.342050, 12.345932, 12.390303, 12.384095, 12.366060, 12.404306, 12.382293, 12.403008, 12.385872, 12.389772, 12.377610, 12.379337, 11.680374, 11.734807, 11.838539, 11.887615, 11.927545, 11.948382, 12.018933, 12.076845, 12.179230, 12.302011, 12.405341, 12.605057, 12.636874, 12.784395, 12.870878, 12.912918, 13.003252, 13.031565, 13.052142, 13.220065, 
11.805605, 11.837935, 11.927825, 11.962995, 12.031227, 12.081879, 12.144146, 12.196622, 12.269202, 12.320887, 12.382907, 12.489476, 12.509331, 12.573048, 12.589612, 12.643635, 12.679479, 12.715500, 12.761912, 12.824189, 12.411780, 12.405020, 12.397520, 12.379034, 12.407023, 12.407087, 12.413279, 12.411980, 12.367651, 12.299279, 12.333159, 12.341864, 12.294280, 12.260490, 12.238332, 12.196076, 12.209987, 12.168857, 12.119972, 12.102361, 11.965827, 12.054989, 12.088090, 12.203812, 12.204158, 12.275558, 12.290157, 12.325499, 12.337860, 12.342780, 12.346501, 12.387036, 12.388998, 12.409617, 12.362077, 12.374658, 12.337760, 12.354665, 12.378351, 12.324457, 11.603805, 11.688112, 11.795845, 11.868820, 11.947502, 12.051060, 12.079161, 12.158044, 12.281295, 12.298911, 12.415289, 12.454372, 12.490646, 12.597369, 12.656571, 12.692509, 12.755952, 12.790266, 12.913527, 12.924038, 11.994252, 12.077687, 12.102932, 12.144032, 12.141596, 12.190704, 12.265559, 12.271539, 12.328747, 12.367062, 12.373709, 12.354774, 12.456540, 12.441382, 12.486697, 12.463036, 12.496836, 12.538864, 12.513203, 12.515698, 12.222670, 12.233566, 12.273543, 12.215301, 12.282289, 12.316749, 12.316712, 12.327518, 12.342308, 12.368310, 12.344671, 12.373951, 12.428674, 12.399434, 12.392677, 12.426876, 12.433748, 12.454137, 12.439274, 12.501916, 12.316348, 12.300653, 12.331575, 12.323241, 12.362713, 12.343199, 12.363548, 12.324977, 12.339127, 12.341339, 12.386049, 12.378681, 12.359477, 12.400071, 12.376950, 12.397021, 12.382183, 12.384956, 12.372107, 12.374103, 11.677738, 11.733054, 11.835101, 11.886271, 11.925726, 11.945285, 12.014843, 12.072698, 12.175166, 12.298863, 12.401406, 12.600071, 12.632559, 12.776849, 12.865687, 12.908262, 12.995411, 13.024876, 13.044203, 13.213092, 
11.803520, 11.835841, 11.923482, 11.960036, 12.028816, 12.079440, 12.141718, 12.193170, 12.265016, 12.316183, 12.379322, 12.483780, 12.504707, 12.568032, 12.583726, 12.638536, 12.672826, 12.708476, 12.757830, 12.819256, 12.410871, 12.405583, 12.396434, 12.379034, 12.406926, 12.404905, 12.411448, 12.410269, 12.365026, 12.295598, 12.327329, 12.335909, 12.287891, 12.254639, 12.232021, 12.187527, 12.200667, 12.161898, 12.110168, 12.092195, 11.966061, 12.054202, 12.087429, 12.202519, 12.203028, 12.274401, 12.289759, 12.323697, 12.334504, 12.338673, 12.342493, 12.381338, 12.381555, 12.402238, 12.353162, 12.366905, 12.327917, 12.347269, 12.367606, 12.312643, 11.601231, 11.685390, 11.793310, 11.865910, 11.944816, 12.047796, 12.075498, 12.154044, 12.274856, 12.295550, 12.411109, 12.450011, 12.484522, 12.594019, 12.651859, 12.687027, 12.749698, 12.784972, 12.908820, 12.919709, 11.994207, 12.076520, 12.100865, 12.142200, 12.140859, 12.187798, 12.262274, 12.268675, 12.327416, 12.362064, 12.369102, 12.349740, 12.449504, 12.436880, 12.478420, 12.454314, 12.489637, 12.528493, 12.502721, 12.503739, 12.217509, 12.230328, 12.269553, 12.213388, 12.277275, 12.312412, 12.313521, 12.323386, 12.338449, 12.364295, 12.340043, 12.371056, 12.425511, 12.395026, 12.388210, 12.422890, 12.428217, 12.448555, 12.434810, 12.497481, 12.314899, 12.298549, 12.325000, 12.319494, 12.355403, 12.338696, 12.360636, 12.321761, 12.334291, 12.336538, 12.381925, 12.373508, 12.355459, 12.395312, 12.372687, 12.391868, 12.378092, 12.380981, 12.366224, 12.370202, 11.676046, 11.730902, 11.832222, 11.884388, 11.923750, 11.942988, 12.012543, 12.069445, 12.171868, 12.294003, 12.398208, 12.595727, 12.626221, 12.771392, 12.859055, 12.902360, 12.988468, 13.016388, 13.037371, 13.204247, 
11.800683, 11.833521, 11.919432, 11.955632, 12.025193, 12.076266, 12.137343, 12.188360, 12.259984, 12.311971, 12.373578, 12.479028, 12.499308, 12.562202, 12.578844, 12.635477, 12.668602, 12.701744, 12.751308, 12.814830, 12.411050, 12.405057, 12.396669, 12.378320, 12.405599, 12.402747, 12.408635, 12.408348, 12.361992, 12.291364, 12.323426, 12.330668, 12.282032, 12.249174, 12.223788, 12.180517, 12.192719, 12.153170, 12.101878, 12.084821, 11.965566, 12.054410, 12.087343, 12.202286, 12.201858, 12.273411, 12.288957, 12.322836, 12.330186, 12.334549, 12.338264, 12.376783, 12.374249, 12.396864, 12.344533, 12.357159, 12.317893, 12.339044, 12.359337, 12.303480, 11.599008, 11.683358, 11.790856, 11.863451, 11.941204, 12.044201, 12.073892, 12.151503, 12.271218, 12.291617, 12.406189, 12.446023, 12.478841, 12.588153, 12.646828, 12.682292, 12.743487, 12.780068, 12.904277, 12.913814, 11.992944, 12.074115, 12.099795, 12.141933, 12.138374, 12.186116, 12.259063, 12.265828, 12.323074, 12.357189, 12.364483, 12.344341, 12.444313, 12.430953, 12.470651, 12.447742, 12.480458, 12.520505, 12.493964, 12.494948, 12.215126, 12.227431, 12.265800, 12.209570, 12.272470, 12.308116, 12.308102, 12.318866, 12.332654, 12.359880, 12.335847, 12.365747, 12.420692, 12.388446, 12.383907, 12.417663, 12.421923, 12.443595, 12.428844, 12.492797, 12.312732, 12.294617, 12.322125, 12.314490, 12.351589, 12.335268, 12.356918, 12.318625, 12.328289, 12.332533, 12.377946, 12.369970, 12.350234, 12.392724, 12.367832, 12.387237, 12.374588, 12.375262, 12.362041, 12.366843, 11.674665, 11.728540, 11.830417, 11.880229, 11.921511, 11.941149, 12.008900, 12.065170, 12.169317, 12.289985, 12.392854, 12.591937, 12.620809, 12.765780, 12.854241, 12.896327, 12.982841, 13.010320, 13.032609, 13.197786, 
11.797077, 11.830873, 11.916796, 11.952799, 12.021725, 12.072279, 12.134351, 12.187401, 12.256376, 12.307991, 12.370704, 12.474890, 12.495630, 12.556639, 12.574320, 12.631089, 12.663933, 12.695574, 12.745689, 12.808846, 12.411708, 12.404494, 12.396948, 12.377587, 12.404408, 12.402561, 12.406229, 12.406607, 12.359550, 12.287992, 12.319951, 12.326669, 12.277107, 12.242696, 12.217587, 12.173320, 12.185747, 12.144300, 12.093320, 12.076577, 11.965320, 12.053993, 12.087232, 12.202231, 12.201509, 12.271518, 12.287390, 12.321044, 12.326605, 12.331278, 12.333892, 12.369367, 12.368998, 12.390089, 12.338426, 12.349632, 12.309856, 12.328944, 12.351819, 12.294135, 11.596405, 11.680653, 11.788065, 11.860354, 11.939078, 12.041387, 12.071447, 12.147344, 12.268478, 12.286094, 12.403941, 12.442149, 12.475771, 12.584005, 12.643665, 12.677022, 12.739549, 12.775054, 12.901576, 12.906333, 11.991546, 12.073013, 12.098184, 12.140404, 12.136096, 12.184554, 12.256098, 12.263910, 12.319048, 12.353531, 12.359933, 12.339274, 12.438617, 12.424533, 12.464865, 12.440236, 12.475170, 12.512124, 12.487337, 12.485355, 12.211155, 12.225042, 12.261774, 12.208188, 12.269624, 12.303986, 12.304267, 12.315603, 12.329064, 12.356838, 12.331962, 12.360255, 12.415856, 12.385037, 12.379754, 12.413979, 12.417323, 12.438336, 12.423476, 12.488525, 12.309072, 12.291246, 12.317793, 12.310834, 12.348503, 12.331593, 12.351666, 12.314777, 12.324261, 12.327448, 12.373680, 12.365232, 12.347414, 12.388071, 12.362094, 12.383138, 12.370450, 12.371335, 12.358667, 12.362283, 11.673227, 11.726896, 11.827701, 11.878090, 11.919113, 11.938898, 12.005849, 12.061911, 12.165065, 12.286554, 12.389982, 12.587408, 12.616555, 12.761065, 12.849430, 12.890252, 12.976721, 13.004427, 13.026796, 13.190750, 


