32.031,-15.975,-12.648,14,2.7031,6,2.7031,0.363484984292429,0.00032562358276644
30.895,-30.543,-29.847,15,2.5697,6,2.5697,0.368357976553999,0.00032562358276644
29.438,-23.641,-47.635,18,0.88431,7,3.9556,0.497506453259315,0.000184292146073036
-3.2887,-9.9623,18.05,1,3.1691,1,3.1691,0.340646948428687,8.25482625482625e-05
-9.208,-31.231,-12.183,5,1.6916,2,1.6916,0.397683096315103,3.17557251908397e-05
-10.347,-22.488,-45.552,7,1.4638,3,1.4638,0.327641528203036,6.66010821446139e-05
-10.513,-16.66,-37.912,7,1.9488,3,1.9488,0.273791968367521,6.66010821446139e-05
-21.086,-29.344,-35.987,7,1.2138,3,10.06,0.36182901335301,6.66010821446139e-05
20.423,-18.397,12.251,13,5.9576,5,5.9576,0.263311470825116,0.000192729591836735
20.393,-23.821,5.3236,13,9.4031,5,9.4031,0.470682945540863,0.000192729591836735
40.74,-15.695,-21.389,14,0.53481,6,4.7461,0.164896939494047,0.00032562358276644
34.045,-24.378,-14.149,14,4.5364,6,4.5364,0.30857031269559,0.00032562358276644
33.347,-28.264,-24.201,15,4.4455,6,4.4455,0.444010572369073,0.00032562358276644
36.28,-21.877,-36.124,15,4.3579,6,4.3579,0.26516527024361,0.00032562358276644
37.81,-16.363,-35.062,15,1.5982,6,1.5982,0.278129142443247,0.00032562358276644
-16.667,-25.035,16.616,1,1.4515,1,7.9575,0.347892886805914,8.25482625482625e-05
-14.708,-27.872,17.415,1,1.5361,1,7.7467,0.481544214489169,8.25482625482625e-05
1.5006,-13.944,22.259,1,0.89568,1,0.89568,0.200762279728444,8.25482625482625e-05
-4.5947,-6.5062,19.675,1,1.2069,1,1.2069,0.498625334140506,8.25482625482625e-05
-12.778,-32.946,1.2921,3,2.4277,1,2.4277,0.493665978416755,8.25482625482625e-05
-7.9892,-33.837,4.2505,3,2.3988,1,2.3988,0.377040832556845,8.25482625482625e-05
-7.202,-29.769,9.6614,3,1.1108,1,1.1108,0.322516631570337,8.25482625482625e-05
-9.8739,-26.19,13.137,3,0.78536,1,2.9227,0.481527932820982,8.25482625482625e-05
-36.478,1.2142,-23.143,6,0.53257,2,0.53257,0.466150555423496,3.17557251908397e-05
-4.8238,-24.065,-42.403,11,0.23804,4,0.23804,0.446414435923677,0.000142857142857143
-19.024,-36.341,-12.513,4,0.84837,2,8.1576,0.156896079690363,3.17557251908397e-05
-16.064,-28.188,-12.521,4,2.8223,2,5.1983,0.0717915892626848,3.17557251908397e-05
-20.49,-44.888,-17.901,5,0.96404,2,7.2796,0.239337886399987,3.17557251908397e-05
-19.738,-41.027,-23.495,5,1.1629,2,3.7424,0.192794956880818,3.17557251908397e-05
-16.545,-41.349,-25.078,5,1.0109,2,3.1706,0.38420610577597,3.17557251908397e-05
-17.346,-43.396,-25.211,5,0.22477,2,3.6078,0.471711648823496,3.17557251908397e-05
-10.266,-30.484,-41.043,7,0.41528,3,0.41528,0.484663033425426,6.66010821446139e-05
-9.6631,-20.309,-32.292,7,1.0027,3,1.0027,0.0543879941860551,6.66010821446139e-05
-21.777,-27.226,-31.663,7,0.65806,3,6.6336,0.439984183863526,6.66010821446139e-05
-23.851,-30.421,-39.799,7,3.9041,3,9.3254,0.400128089176528,6.66010821446139e-05
-26.692,-44.149,-55.778,8,2.2327,3,2.2327,0.445721733896009,6.66010821446139e-05
-20.891,-36.409,-51.926,8,2.3081,3,2.3081,0.163700615407747,6.66010821446139e-05
-19.189,-37.348,-48.095,8,0.9073,3,0.9073,0.382022088181768,6.66010821446139e-05
-13.389,-42.828,-44.041,8,2.4901,3,2.4901,0.489984170490759,6.66010821446139e-05
-45.062,-20.381,-46.582,9,1.0912,3,1.0912,0.293315339119999,6.66010821446139e-05
-44.758,-13.799,-53.292,9,0.40746,3,0.40746,0.357423354664975,6.66010821446139e-05
-32.163,-3.8337,-59.533,9,0.26113,3,9.8178,0.464543013952463,6.66010821446139e-05
-36.01,-0.68478,-62.134,10,0.35821,3,5.7389,0.499537731857189,6.66010821446139e-05
-14.517,-3.8159,-68.302,10,2.7208,3,2.7208,0.459350415625812,6.66010821446139e-05
-19.566,-5.1932,-68.356,10,1.8968,3,1.8968,0.177661371731934,6.66010821446139e-05
-23.206,-2.4366,-74.771,10,1.5475,3,1.5475,0.485268067651624,6.66010821446139e-05
32.936,-9.309,16.46,12,1.2999,5,4.6237,0.492680711968032,0.000192729591836735
35.642,-5.2299,6.8713,12,1.3108,5,4.5534,0.353794639844471,0.000192729591836735
13.339,-0.89409,18.424,12,0.45776,5,0.45776,0.437646137982607,0.000192729591836735
12.99,-1.5916,17.803,12,1.0338,5,1.0338,0.40523092999793,0.000192729591836735
12.835,-5.2317,20.207,12,1.2114,5,1.2114,0.407943748414728,0.000192729591836735
32.575,12.582,-15.399,16,0.70114,7,0.70114,0.476255705136269,0.000184292146073036
37.932,9.1987,-28.982,16,0.65631,7,0.65631,0.38668798486656,0.000184292146073036
42.86,-13.68,-21.789,14,1.1582,6,3.6227,0.428658905510422,0.00032562358276644
43.998,-9.1723,-14.465,14,1.0518,6,1.0518,0.48432819716928,0.00032562358276644
34.655,-15.96,-7.7796,14,0.9274,6,0.9274,0.158471803945644,0.00032562358276644
36.822,-30.055,-24.43,15,1.701,6,1.701,0.105553774688129,0.00032562358276644
22.593,-23.271,-37.128,17,0.26402,7,0.26402,0.426599895552125,0.000184292146073036
16.23,-18.193,-42.168,17,0.38131,7,0.38131,0.444760166602007,0.000184292146073036
18.263,-21.674,-43.69,17,0.66853,7,0.66853,0.261840763367736,0.000184292146073036
11.028,-14.622,-46.894,17,0.36699,7,0.36699,0.343596148361753,0.000184292146073036
13.573,-15.519,-43.164,17,0.096742,7,0.096742,0.444033276333781,0.000184292146073036
8.0358,-7.7648,-43.978,17,0.38462,7,0.38462,0.363018828552703,0.000184292146073036
42.661,-21.7,-50.718,18,4.5851,7,8.3766,0.446383157835056,0.000184292146073036
40.29,-16.864,-45.337,18,4.1679,7,9.4647,0.228555730272077,0.000184292146073036
26.333,-26.889,-40.928,18,0.50634,7,0.50634,0.413024177139815,0.000184292146073036
27.01,-27.024,-44.117,18,0.36128,7,0.56964,0.267647505915106,0.000184292146073036
32.618,-26.55,-52.635,18,1.1346,7,1.7829,0.281061036247947,0.000184292146073036
46.08,-2.4241,-43.702,19,0.13888,7,0.13888,0.433569477401579,0.000184292146073036
22.577,-0.3241,-66.46,20,0.83424,7,0.83424,0.407762298057487,0.000184292146073036
-19.428,-24.867,18.997,1,0.41081,1,4.7132,0.476041114390989,8.25482625482625e-05
-18.911,-23.271,18.416,1,0.33008,1,6.1517,0.403659821614216,8.25482625482625e-05
1.9913,-12.44,27.734,1,1.2018,1,1.2018,0.424229970776198,8.25482625482625e-05
-3.2559,-6.7247,21.361,1,1.9665,1,1.9665,0.0375767381593758,8.25482625482625e-05
-7.5626,8.1188,3.9102,2,0.57517,1,0.57517,0.474537586102081,8.25482625482625e-05
-8.2903,3.5722,-3.7896,2,0.85161,1,0.85161,0.421606352098538,8.25482625482625e-05
-22.527,6.0471,0.94766,2,3.873,1,3.873,0.448935193922331,8.25482625482625e-05
-18.411,11.9,3.1648,2,0.13721,1,0.13721,0.471204316571022,8.25482625482625e-05
-30.747,3.6479,0.42455,2,0.30416,1,0.30416,0.360972964737947,8.25482625482625e-05
-31.378,1.5658,0.32399,2,0.42319,1,0.42319,0.487286493351004,8.25482625482625e-05
-23.782,-14.56,6.5938,2,1.9927,1,8.4131,0.415075691902237,8.25482625482625e-05
-30.299,-5.1154,11.811,2,0.21081,1,0.21081,0.492411102597331,8.25482625482625e-05
-29.447,-4.6503,14.017,2,0.51429,1,0.51429,0.438083234176714,8.25482625482625e-05
-15.907,-37.012,1.5038,3,0.94978,1,0.94978,0.196378162484109,8.25482625482625e-05
-7.6676,-23.594,12.007,3,1.0382,1,0.25448,0.180895488398467,8.25482625482625e-05
-11.758,-26.338,16.396,3,0.31351,1,6.2391,0.466468304861109,8.25482625482625e-05
-34.937,3.9236,-30.206,6,0.52423,2,0.52423,0.487239345499821,3.17557251908397e-05
-40.709,-8.0723,-23.647,6,1.4151,2,1.4151,0.49138466547501,3.17557251908397e-05
-40.563,-9.863,-24.882,6,0.82207,2,0.82207,0.274385587163026,3.17557251908397e-05
-31.955,-12.85,-11.551,6,1.1523,2,1.9052,0.324268051492036,3.17557251908397e-05
-24.9,-12.543,-12.923,6,2.2709,2,3.6313,0.0510162494708008,3.17557251908397e-05
-27.893,-0.12002,-9.5871,6,1.2715,2,1.2715,0.290522188494541,3.17557251908397e-05
-5.1695,2.0218,-21.217,6,1.0499,2,1.0499,0.473443800188602,3.17557251908397e-05
-3.5557,0.50182,-36.113,11,0.94489,4,0.94489,0.36757000416112,0.000142857142857143
-2.2267,-0.64141,-37.826,11,0.99014,4,0.99014,0.490398421518946,0.000142857142857143
-5.2713,-1.2552,-30.409,11,0.20993,4,0.20993,0.368956776579926,0.000142857142857143
2.9401,-10.906,-34.8,11,5.1444,4,5.1444,0.482624687323208,0.000142857142857143
4.7683,-5.1076,-36.752,11,0.4816,4,0.4816,0.492267253012139,0.000142857142857143
4.1285,-19.641,-32.93,11,1.7017,4,1.7017,0.399465497278664,0.000142857142857143
3.1004,-22.559,-29.923,11,1.3252,4,1.3252,0.420931878053084,0.000142857142857143
-1.5391,-27.443,-40.75,11,0.166,4,0.166,0.305865165785858,0.000142857142857143
-6.9549,-25.271,-39.534,11,0.31039,4,0.31039,0.44619941834149,0.000142857142857143
-7.3081,-23.073,-40.148,11,0.49066,4,0.49066,0.454268684216988,0.000142857142857143
-1.4856,-21.531,-47.076,11,0.56179,4,0.56179,0.3674916464032,0.000142857142857143
-3.8025,-21.797,-46.49,11,0.3567,4,0.3567,0.480424628362899,0.000142857142857143
3.8126,-21.928,-47.285,11,0.44234,4,0.44234,0.476883316327599,0.000142857142857143
-17.68,-25.437,-10.763,4,1.6794,2,6.8152,0.415547652809688,3.17557251908397e-05
-18.768,-26.568,-9.6107,4,1.2926,2,7.9062,0.38132860400809,3.17557251908397e-05
-25.996,-19.227,-3.9511,4,0.42811,2,0.42811,0.388305510487545,3.17557251908397e-05
-25.857,-21.528,-3.1987,4,1.5622,2,1.5622,0.492636581345727,3.17557251908397e-05
-31.921,-29.54,-4.3135,4,0.35883,2,0.35883,0.467822136347047,3.17557251908397e-05
-36.045,-36.32,-19.138,4,0.37656,2,0.37656,0.346500485074583,3.17557251908397e-05
-35.037,-37.397,-20.962,4,0.75884,2,0.75884,0.491657387274528,3.17557251908397e-05
-33.038,-32.055,-15.188,4,2.563,2,2.563,0.452642209169376,3.17557251908397e-05
-34.175,-29.301,-25.131,4,0.7577,2,0.7577,0.392623138533279,3.17557251908397e-05
-30.118,-29.807,-26.547,4,1.5729,2,1.5729,0.0967233340642868,3.17557251908397e-05
-31.444,-36.982,-26.51,4,0.4454,2,0.4454,0.137225333515735,3.17557251908397e-05
-34.364,-36.764,-25.886,4,0.59889,2,0.59889,0.363120342614659,3.17557251908397e-05
-18.566,-50.158,-18.133,5,1.4905,2,4.6161,0.294355617788647,3.17557251908397e-05
-20.073,-37.802,-23.46,5,2.1226,2,2.8001,0.456234223773082,3.17557251908397e-05
-19.977,-38.43,-24.657,5,1.6884,2,1.6295,0.343270174200314,3.17557251908397e-05
-12.069,-48.697,-31.126,5,0.38043,2,0.4522,0.433710154871913,3.17557251908397e-05
-5.7038,-46.996,-19.607,5,0.31923,2,0.31923,0.432408470927572,3.17557251908397e-05
-5.2716,-39.543,-12.213,5,3.6125,2,3.6125,0.0914351084558689,3.17557251908397e-05
-8.0099,-37.286,-16.984,5,2.065,2,2.065,0.203137151570259,3.17557251908397e-05
-10.769,-32.469,-38.197,7,1.4536,3,1.4536,0.497194200589113,6.66010821446139e-05
-15.893,-28.621,-41.591,7,2.3773,3,3.9219,0.30934220756779,6.66010821446139e-05
-15.575,-27.682,-45.767,7,1.2146,3,1.2146,0.494483131273266,6.66010821446139e-05
-15.032,-29.633,-44.471,7,1.1807,3,1.1807,0.408031473084369,6.66010821446139e-05
-13.491,-17.894,-51.897,7,1.1821,3,1.1821,0.404634915959391,6.66010821446139e-05
-13.256,-11.643,-41.039,7,0.48265,3,0.48265,0.342358270493395,6.66010821446139e-05
-11.428,-11.698,-36.141,7,0.39912,3,0.39912,0.161813454769917,6.66010821446139e-05
-12.626,-21.47,-29.934,7,2.3554,3,2.3554,0.450798676310665,6.66010821446139e-05
-12.809,-22.782,-28.5,7,2.8114,3,2.8114,0.410541661344358,6.66010821446139e-05
-25.129,-22.109,-30.759,7,0.74812,3,1.5729,0.229541319292055,6.66010821446139e-05
-18.9,-28.486,-29.412,7,0.36491,3,4.4143,0.472436470530419,6.66010821446139e-05
-20.327,-28.444,-28.387,7,0.86187,3,3.4241,0.421461250236342,6.66010821446139e-05
-25.692,-28.387,-40.506,7,4.0405,3,9.818,0.167914534436148,6.66010821446139e-05
-16.018,-34.709,-41.425,7,0.85161,3,2.0953,0.444066562171421,6.66010821446139e-05
-17.208,-33.068,-41.762,7,0.47461,3,2.9537,0.361957505379067,6.66010821446139e-05
-13.183,-32.905,-41.518,7,0.38966,3,0.38966,0.478172305983128,6.66010821446139e-05
-20.142,-33.507,-52.485,8,2.4468,3,2.4468,0.267257855183713,6.66010821446139e-05
-11.942,-38.722,-39.506,8,1.0737,3,0.52864,0.296958729243048,6.66010821446139e-05
-41.675,-37.84,-45.064,8,0.37747,3,0.37747,0.417000095953096,6.66010821446139e-05
-39.516,-38.238,-44.593,8,0.64837,3,0.64837,0.486127750289689,6.66010821446139e-05
-36.306,-24.454,-62.476,9,0.48277,3,0.48277,0.44624932326092,6.66010821446139e-05
-37.058,-24.514,-64.499,9,0.7716,3,0.7716,0.39461853600672,6.66010821446139e-05
-34.836,-30.071,-57.469,9,0.56983,3,1.7549,0.393952303832753,6.66010821446139e-05
-42.634,-16.852,-38.375,9,0.47635,3,0.47635,0.442497833251587,6.66010821446139e-05
-41.742,-10.058,-50.519,9,1.2368,3,1.2368,0.362548976224137,6.66010821446139e-05
-39.269,-10.782,-53.157,9,4.5746,3,4.5746,0.429015919735886,6.66010821446139e-05
-45.291,-6.4063,-56.592,9,0.93125,3,0.93125,0.287372709002575,6.66010821446139e-05
-44.979,-9.1355,-58.612,9,0.19711,3,0.19711,0.498060063832894,6.66010821446139e-05
-40.741,-11.427,-51.79,9,2.6937,3,2.6937,0.288049475484295,6.66010821446139e-05
-42.188,-9.1339,-49.893,9,0.64363,3,0.64363,0.356318062839137,6.66010821446139e-05
-36.044,0.53026,-44.348,9,0.88692,3,2.1922,0.389097246509341,6.66010821446139e-05
-30.587,-0.76057,-44.847,9,1.4936,3,5.1465,0.220581913143734,6.66010821446139e-05
-35.17,0.85455,-55.712,9,1.6467,3,4.6995,0.165859826474887,6.66010821446139e-05
-37.738,1.8582,-54.744,9,1.4439,3,2.1063,0.348751837622652,6.66010821446139e-05
-32.888,-2.0812,-62.034,9,1.2211,3,9.048,0.0377712918983788,6.66010821446139e-05
-26.451,-4.944,-63.529,9,2.3745,3,4.1315,0.0377563948155805,6.66010821446139e-05
-32.252,-8.8294,-69.83,9,0.21897,3,0.21897,0.487217232623294,6.66010821446139e-05
-31.766,-9.0822,-67.474,9,0.94325,3,0.94325,0.41623912746769,6.66010821446139e-05
-36.497,-1.9507,-59.235,10,1.0638,3,5.1555,0.276137294320722,6.66010821446139e-05
-38.129,2.4448,-55.81,10,1.1446,3,1.4087,0.498094835296123,6.66010821446139e-05
-33.562,12.046,-52.575,10,0.41776,3,0.41776,0.474717429492391,6.66010821446139e-05
-19.042,8.406,-55.329,10,6.408,3,6.408,0.418229350063302,6.66010821446139e-05
-8.6047,-0.85764,-53.144,10,2.7691,3,2.7691,0.123731484036798,6.66010821446139e-05
-9.4635,-1.0184,-62.436,10,0.9212,3,0.9212,0.28332466535348,6.66010821446139e-05
35.468,-6.6709,18.976,12,0.76489,5,1.4644,0.484973794265204,0.000192729591836735
37.926,-2.5609,8.0063,12,0.37916,5,1.7388,0.404434351629018,0.000192729591836735
33.159,10.443,9.469,12,0.85335,5,0.85335,0.251646662686177,0.000192729591836735
27.723,14.982,5.62,12,1.2443,5,1.2443,0.355497093382554,0.000192729591836735
14.619,4.6233,22.356,12,0.55595,5,0.55595,0.408923774809863,0.000192729591836735
11.978,-4.4913,23.65,12,1.0761,5,1.0761,0.333894809886599,0.000192729591836735
14.365,-14.94,24.208,12,0.28334,5,0.28334,0.348150586120553,0.000192729591836735
15.443,-18.814,24.113,12,0.29871,5,0.29871,0.3483957090458,0.000192729591836735
23.817,-17.514,18.572,13,0.7054,5,0.7054,0.381237195796744,0.000192729591836735
16.517,-20.811,14.811,13,6.5062,5,6.4205,0.42540107487727,0.000192729591836735
33.525,-23.295,-0.11561,13,1.2973,5,1.2973,0.238061198495658,0.000192729591836735
34.754,-17.549,-2.7963,13,0.32844,5,0.32844,0.304930668472276,0.000192729591836735
34.169,-13.772,-3.4749,13,0.29573,5,0.29573,0.416657513688197,0.000192729591836735
35.423,-13.386,-2.9629,13,0.99567,5,0.99567,0.449676570915576,0.000192729591836735
20.711,6.6688,-43.699,16,1.8259,7,7.4711,0.223884863287148,0.000184292146073036
11.099,14.957,-27.164,16,0.66798,7,0.66798,0.489080262949237,0.000184292146073036
12.512,6.4145,-24.935,16,2.6967,7,2.6967,0.308908621011707,0.000184292146073036
11.65,9.9745,-21.276,16,1.86,7,1.86,0.487612397228808,0.000184292146073036
20.913,19.613,-25.721,16,0.98735,7,0.98735,0.497467551249864,0.000184292146073036
16.399,16.881,-26.449,16,1.4589,7,1.4589,0.440403843204774,0.000184292146073036
16.511,18.456,-24.748,16,0.28841,7,0.28841,0.407096065053893,0.000184292146073036
32.718,15.533,-17.955,16,1.1984,7,1.1984,0.396029693926708,0.000184292146073036
26.258,17.178,-16.473,16,0.48304,7,0.48304,0.465282401667888,0.000184292146073036
41.733,3.4832,-27.902,16,0.26065,7,0.26065,0.430572472080383,0.000184292146073036
40.621,5.5959,-27.251,16,0.35074,7,0.35074,0.461138853144496,0.000184292146073036
36.579,13.034,-27.873,16,1.7653,7,1.7653,0.474779466545489,0.000184292146073036
45.745,-19.192,-18.747,14,1.1521,6,1.1521,0.428804857186636,0.00032562358276644
45.42,-17.04,-17.795,14,1.2025,6,1.2025,0.444716615688827,0.00032562358276644
42.149,-21.578,-21.629,14,0.49078,6,4.8632,0.337507299497118,0.00032562358276644
44.967,-14.99,-20.023,14,0.98571,6,1.6653,0.492967820622489,0.00032562358276644
44.689,-15.608,-21.557,14,0.31255,6,2.2262,0.309689303563838,0.00032562358276644
44.875,-7.5478,-18.012,14,0.21251,6,0.21251,0.475246286759521,0.00032562358276644
44.303,-10.641,-12.542,14,0.73263,6,0.73263,0.42614526328052,0.00032562358276644
43.983,-9.634,-10.423,14,0.23336,6,0.23336,0.414844850247561,0.00032562358276644
38.645,-26.819,-9.1245,14,0.30817,6,0.30817,0.495863099782279,0.00032562358276644
37.887,-35.303,-25.201,15,1.0253,6,1.2317,0.140604964875873,0.00032562358276644
39.343,-30.341,-24.049,15,0.61385,6,0.61385,0.452261976358481,0.00032562358276644
38.315,-28.764,-23.71,15,0.27439,6,0.27439,0.337475698697639,0.00032562358276644
30.115,-31.849,-23.643,15,7.4215,6,7.4215,0.39108957300762,0.00032562358276644
30.093,-39.032,-36.462,15,0.71462,6,0.71462,0.119226638184887,0.00032562358276644
31.406,-38.62,-39.003,15,1.2263,6,1.2263,0.378969581933791,0.00032562358276644
38.514,-26.324,-40.065,15,5.5021,6,5.5021,0.338124287717155,0.00032562358276644
37.223,-13.43,-38.365,15,4.7613,6,4.7613,0.454916850411051,0.00032562358276644
47.282,-14.59,-30.699,15,0.55056,6,0.55056,0.409157367491415,0.00032562358276644
46.92,-11.444,-25.062,15,0.34355,6,0.34355,0.383803216058931,0.00032562358276644
47.114,-25.777,-27.428,15,0.68404,6,0.68404,0.42582616981712,0.00032562358276644
22.356,-23.432,-52.518,17,0.13876,7,0.13876,0.465731213603164,0.000184292146073036
31.909,-17.611,-49.941,17,1.1669,7,7.1685,0.40144930101433,0.000184292146073036
30.258,-17.023,-50.276,17,0.47619,7,6.7876,0.451129563248618,0.000184292146073036
31.98,-14.217,-45.874,17,2.5808,7,11.554,0.399860060508043,0.000184292146073036
31.157,-20.082,-42.819,17,0.35601,7,7.4188,0.428522980961772,0.000184292146073036
20.595,-18.849,-31.844,17,0.83912,7,0.83912,0.264359859232314,0.000184292146073036
16.642,-16.706,-45.256,17,1.3343,7,1.3343,0.462586234773281,0.000184292146073036
16.083,-16.435,-45.043,17,1.081,7,1.081,0.43642460265062,0.000184292146073036
9.9966,-7.384,-36.687,17,0.39426,7,0.39426,0.281913255226512,0.000184292146073036
12.64,-3.2538,-53.342,17,0.83878,7,4.8924,0.209319324947114,0.000184292146073036
13.655,-3.2665,-49.243,17,0.20368,7,5.4999,0.41588817067546,0.000184292146073036
21.301,-1.9399,-49.171,17,1.4924,7,10.807,0.455360040672363,0.000184292146073036
19.918,-3.167,-53.762,17,1.7497,7,8.245,0.121557959383367,0.000184292146073036
13.631,-14.597,-56.439,17,0.18555,7,0.18555,0.470347525892429,0.000184292146073036
41.578,-21.948,-52.513,18,4.7765,7,6.3719,0.316204449643236,0.000184292146073036
28.961,-30.566,-37.291,18,0.33432,7,0.33432,0.451349219896914,0.000184292146073036
27.457,-29.317,-40.229,18,0.28604,7,0.28604,0.414446317577467,0.000184292146073036
28.159,-27.854,-39.3,18,0.84227,7,0.84227,0.413566166596191,0.000184292146073036
28.163,-29.731,-45.758,18,0.26793,7,0.26793,0.450337538044875,0.000184292146073036
27.479,-30.312,-44.727,18,0.61361,7,0.61361,0.438063285147309,0.000184292146073036
34.404,-25.085,-53.584,18,1.4842,7,2.1219,0.422671237896434,0.000184292146073036
33.32,-32.042,-53.581,18,0.20509,7,0.20509,0.310480017642498,0.000184292146073036
36.102,4.8551,-56.656,19,1.3318,7,5.7999,0.441194170458438,0.000184292146073036
43,-12.417,-44.84,19,5.9089,7,5.9089,0.285119702850712,0.000184292146073036
47.697,-7.0332,-45.931,19,0.34997,7,0.34997,0.451820163554603,0.000184292146073036
48.136,-9.2532,-45.129,19,0.34382,7,0.34382,0.41772794593266,0.000184292146073036
41.533,-23.355,-42.961,19,0.8718,7,7.659,0.427755568064224,0.000184292146073036
36.286,-21.424,-40.845,19,2.4855,7,8.3722,0.272368433709819,0.000184292146073036
35.555,-22.764,-49.115,19,0.31677,7,7.1197,0.293864264056872,0.000184292146073036
35.079,-19.645,-50.316,19,1.618,7,6.9834,0.4842871905076,0.000184292146073036
33.465,-20.444,-50.925,19,0.52772,7,5.6136,0.360517657029602,0.000184292146073036
28.814,-16.964,-53.255,19,1.1238,7,3.9542,0.36110358325938,0.000184292146073036
31.082,-17.796,-56.821,19,0.90205,7,1.2609,0.339684488086152,0.000184292146073036
35.172,-13.443,-60.738,19,0.26953,7,0.26953,0.333759915964708,0.000184292146073036
42.442,-18.187,-62.39,19,0.53663,7,0.53663,0.420159702510001,0.000184292146073036
18.218,6.1727,-74.455,20,1.8125,7,1.8125,0.382252007518839,0.000184292146073036
17.698,-4.3125,-63.476,20,0.3468,7,0.3468,0.362675161554337,0.000184292146073036
13.397,0.35012,-58.976,20,4.1924,7,4.1924,0.472101952660243,0.000184292146073036
7.5573,4.8335,-54.51,20,2.6937,7,2.6937,0.238748803455264,0.000184292146073036
32.054,17.498,-52.414,20,0.73394,7,0.73394,0.384954127449468,0.000184292146073036
-21.882,-23.024,20.4,1,0.51413,1,3.103,0.481172498373792,8.25482625482625e-05
-22.355,-21.952,25.272,1,0.8281,1,0.8281,0.445721505533192,8.25482625482625e-05
-16.157,-30.366,20.869,1,0.54869,1,3.6796,0.0960230501075578,8.25482625482625e-05
-9.8308,-33.604,18.428,1,0.60705,1,6.519,0.387210426170523,8.25482625482625e-05
-6.4357,-33.873,15.412,1,0.53581,1,3.0548,0.384062723285208,8.25482625482625e-05
0.76087,-33.765,14.077,1,1.046,1,1.046,0.42218612813201,8.25482625482625e-05
-0.35937,-10.146,28.663,1,2.4548,1,2.4548,0.469602046579834,8.25482625482625e-05
-0.57975,-11.387,29.949,1,1.4193,1,1.4193,0.475338211144774,8.25482625482625e-05
-3.6853,-4.9374,23.866,1,0.12611,1,0.12611,0.469979623818129,8.25482625482625e-05
-10.435,0.71919,25.249,1,0.30054,1,5.8064,0.42347864396682,8.25482625482625e-05
-16.05,9.5275,20.17,2,0.34208,1,0.34208,0.436922463233524,8.25482625482625e-05
-14.851,9.9277,15.312,2,0.31808,1,0.31808,0.391571326747275,8.25482625482625e-05
-20.202,9.1909,13.118,2,0.12637,1,0.12637,0.413290217233719,8.25482625482625e-05
-21.558,7.5417,16.74,2,0.20607,1,0.20607,0.376400639679661,8.25482625482625e-05
-22.226,3.6404,17.123,2,2.161,1,2.161,0.487406702707011,8.25482625482625e-05
-16.835,-1.8966,21.073,2,0.92199,1,8.2689,0.485468694156289,8.25482625482625e-05
-11.75,-3.1609,18.641,2,0.45746,1,5.2162,0.461114043225885,8.25482625482625e-05
-5.1161,0.03678,14.741,2,0.30649,1,0.30649,0.480243083286354,8.25482625482625e-05
-5.0672,-1.5248,16.549,2,0.36577,1,0.36577,0.440205229649505,8.25482625482625e-05
-5.3004,5.7391,13.971,2,0.43235,1,0.43235,0.393323140905089,8.25482625482625e-05
-5.9948,3.7686,13.459,2,1.2683,1,1.2683,0.4234329235568,8.25482625482625e-05
-7.192,7.7736,10.497,2,1.2607,1,1.2607,0.491130415233234,8.25482625482625e-05
-10.617,10.123,14.394,2,0.7519,1,0.7519,0.477165073492719,8.25482625482625e-05
-7.7966,9.0156,17.857,2,0.2704,1,0.2704,0.435861602756508,8.25482625482625e-05
-9.1982,12.07,2.7917,2,0.34672,1,0.34672,0.344244143417915,8.25482625482625e-05
-12.325,11.712,5.9448,2,0.51403,1,0.51403,0.499123732399282,8.25482625482625e-05
-10.745,8.1518,-5.6655,2,0.40663,1,0.40663,0.376567661604365,8.25482625482625e-05
-21.719,9.1473,-3.6121,2,0.95202,1,0.95202,0.446415847061929,8.25482625482625e-05
-21.888,2.0412,-0.38051,2,5.8155,1,5.8155,0.44666062614968,8.25482625482625e-05
-21.77,10.073,6.5587,2,0.33722,1,0.33722,0.255218744445873,8.25482625482625e-05
-15.708,11.627,5.6574,2,0.22164,1,0.22164,0.436201587455095,8.25482625482625e-05
-15.257,10.576,3.6913,2,1.8504,1,1.8504,0.4695498895105,8.25482625482625e-05
-30.174,0.61474,6.0179,2,0.38357,1,0.38357,0.343089342063621,8.25482625482625e-05
-29.238,4.2374,5.6773,2,0.62307,1,0.62307,0.169270739152926,8.25482625482625e-05
-23.335,7.4414,1.2073,2,2.276,1,2.276,0.414547729377843,8.25482625482625e-05
-25.995,8.377,-3.684,2,0.95441,1,0.95441,0.471041949045999,8.25482625482625e-05
-29.831,-3.1271,-11.775,2,0.51989,1,0.51989,0.424013861178688,8.25482625482625e-05
-27.036,-9.0211,-11.648,2,0.39208,1,0.39208,0.430564506598154,8.25482625482625e-05
-34.808,-8.6983,-0.25876,2,0.36097,1,0.36097,0.39643490496809,8.25482625482625e-05
-34.81,-3.2866,-2.956,2,0.80019,1,0.80019,0.23370554767205,8.25482625482625e-05
-33.231,-3.3157,-6.7851,2,0.94244,1,0.94244,0.438833572247602,8.25482625482625e-05
-34.936,-4.1109,-6.9356,2,0.47189,1,0.47189,0.442286921463055,8.25482625482625e-05
-32.083,-12.262,9.0754,2,0.34814,1,0.34814,0.340422504393267,8.25482625482625e-05
-30.496,-12.319,10.445,2,1.1911,1,1.1911,0.445596198033816,8.25482625482625e-05
-32.478,-8.9924,8.6664,2,0.49608,1,0.49608,0.326730014004508,8.25482625482625e-05
-32.253,-8.9912,3.6933,2,0.66776,1,0.66776,0.427573336424804,8.25482625482625e-05
-31.848,-13.237,3.1827,2,0.6492,1,1.499,0.457737950604732,8.25482625482625e-05
-22.804,-12.129,12.921,2,0.57232,1,7.1614,0.461972530304219,8.25482625482625e-05
-25.57,-13.929,12.024,2,0.75015,1,5.1268,0.0862662460528797,8.25482625482625e-05
-21.871,-7.6568,16.339,2,0.25642,1,6.2104,0.448188007310227,8.25482625482625e-05
-18.999,-3.2602,14.123,2,3.8295,1,8.4396,0.472663382195273,8.25482625482625e-05
-28.887,1.2415,12.908,2,0.59821,1,0.59821,0.305462254688698,8.25482625482625e-05
-30.154,0.15636,9.3435,2,0.37353,1,0.37353,0.29809608911867,8.25482625482625e-05
-25.308,-26.206,17.48,3,0.19972,1,0.19972,0.432506118907754,8.25482625482625e-05
-24.974,-24.157,16.83,3,1.2534,1,1.2534,0.426116829708605,8.25482625482625e-05
-27.756,-26.335,13.733,3,0.13056,1,0.13056,0.387330129980656,8.25482625482625e-05
-25.604,-30.076,11.786,3,0.87469,1,0.87469,0.484223964218901,8.25482625482625e-05
-17.925,-26.155,16.296,3,2.1349,1,6.543,0.468910307671535,8.25482625482625e-05
-18.662,-26.469,14.409,3,4.0787,1,6.7574,0.442144633532648,8.25482625482625e-05
-15.159,-21.973,13.382,3,1.2509,1,6.9941,0.492275627292642,8.25482625482625e-05
-19.533,-18.965,16.077,3,0.44751,1,7.5956,0.415929669751697,8.25482625482625e-05
-21.305,-22.483,19.476,3,0.86031,1,3.9883,0.462153644670085,8.25482625482625e-05
-25.005,-13.899,14.556,3,0.33407,1,4.2626,0.296017153665667,8.25482625482625e-05
-21.642,-15.399,14.871,3,0.51545,1,6.9304,0.455212257280103,8.25482625482625e-05
-23.972,-11.611,9.5658,3,1.1366,1,7.5864,0.207516706920859,8.25482625482625e-05
-31.072,-15.917,6.1884,3,1.0159,1,1.687,0.466426828074151,8.25482625482625e-05
-29.997,-19.927,6.0785,3,2.3189,1,2.3189,0.388821687041901,8.25482625482625e-05
-30.59,-21.494,10.765,3,0.48881,1,0.48881,0.406105119489935,8.25482625482625e-05
-29.373,-17.281,12.904,3,1.09,1,1.09,0.464438518518788,8.25482625482625e-05
-30.973,-17.604,11.55,3,0.37168,1,0.37168,0.340830126666106,8.25482625482625e-05
-33.91,-23.372,0.60641,3,0.10065,1,0.10065,0.401683481456308,8.25482625482625e-05
-32.381,-24.488,-0.17325,3,1.3455,1,1.3455,0.448529544840384,8.25482625482625e-05
-32.577,-24.427,4.485,3,0.36158,1,0.36158,0.357547208339605,8.25482625482625e-05
-31.28,-19.783,5.4314,3,1.3477,1,1.3477,0.375028976876977,8.25482625482625e-05
-29.124,-17.604,-4.8121,3,0.44675,1,0.44675,0.394001980184411,8.25482625482625e-05
-23.898,-18.464,-5.5146,3,1.8749,1,1.8749,0.272137604234362,8.25482625482625e-05
-27.346,-25.338,-4.7144,3,0.35709,1,0.35709,0.309963861706752,8.25482625482625e-05
-31.199,-24.575,-4.9696,3,0.60728,1,0.60728,0.421658060002801,8.25482625482625e-05
-24.298,-31.283,-2.12,3,0.40554,1,0.40554,0.227353449905907,8.25482625482625e-05
-20.017,-30.791,0.87321,3,1.0067,1,1.0067,0.171323218138122,8.25482625482625e-05
-22.053,-31.662,3.993,3,2.1243,1,2.1243,0.35720592362312,8.25482625482625e-05
-26.116,-31.286,9.2809,3,0.93927,1,0.93927,0.459043299657517,8.25482625482625e-05
-29.395,-30.233,6.3993,3,0.20977,1,0.20977,0.378261347193567,8.25482625482625e-05
-28.445,-31.662,2.1615,3,1.2809,1,1.2809,0.419866256835472,8.25482625482625e-05
-28.551,-33.3,3.5805,3,0.44391,1,0.44391,0.423753193648183,8.25482625482625e-05
-20.397,-36.378,6.7864,3,3.6692,1,3.6692,0.465265340765589,8.25482625482625e-05
-20.389,-35.508,4.9003,3,1.7879,1,1.7879,0.404011284457719,8.25482625482625e-05
-19.026,-35.013,1.2907,3,1.8316,1,1.8316,0.139471912804139,8.25482625482625e-05
-11.752,-28.966,-0.98006,3,3.9407,1,3.9407,0.0430747043697544,8.25482625482625e-05
-5.6523,-40.227,4.4017,3,1.9271,1,1.9271,0.426468824384902,8.25482625482625e-05
-5.1846,-33.924,12.269,3,0.56557,1,0.5773,0.187989099912607,8.25482625482625e-05
-6.196,-35.933,10.525,3,0.13089,1,0.13089,0.413357448440137,8.25482625482625e-05
-8.9933,-19.85,11.672,3,0.62492,1,1.333,0.456817768579434,8.25482625482625e-05
-11.809,-29.396,19.526,3,0.83358,1,7.6304,0.495582013257344,8.25482625482625e-05
-10.854,-29.932,17.884,3,0.306,1,6.9953,0.468818790498025,8.25482625482625e-05
-16.508,-23.173,16.542,3,0.36233,1,8.8306,0.46422935745324,8.25482625482625e-05
-18.97,-32.166,15.476,3,3.5654,1,3.5654,0.497650989504796,8.25482625482625e-05
-34.431,0.8013,-17.608,6,0.21104,2,0.21104,0.395948846633461,3.17557251908397e-05
-33.846,4.7867,-19.708,6,0.44031,2,0.44031,0.181206321360933,3.17557251908397e-05
-29.909,5.9124,-27.842,6,3.1941,2,3.1941,0.450543277918251,3.17557251908397e-05
-40.443,-11.568,-31.709,6,0.47535,2,0.47535,0.418498489664094,3.17557251908397e-05
-40.404,-10.268,-30.063,6,0.4523,2,0.4523,0.388404931188523,3.17557251908397e-05
-39.931,-16.047,-21.376,6,1.1208,2,1.1208,0.186378112339325,3.17557251908397e-05
-38.708,-11.828,-18.469,6,0.5804,2,0.5804,0.168323245703438,3.17557251908397e-05
-19.243,-14.31,-18.87,6,1.0319,2,3.0789,0.444996258474888,3.17557251908397e-05
-22.826,-11.164,-11.551,6,2.8894,2,1.5475,0.405724458580301,3.17557251908397e-05
-24.26,-9.9901,-11.687,6,1.931,2,0.80713,0.47457751122696,3.17557251908397e-05
-22.004,-0.11772,-8.1326,6,1.5511,2,1.5511,0.287393308967026,3.17557251908397e-05
-32.916,2.8002,-12.559,6,0.44178,2,0.44178,0.458099104230398,3.17557251908397e-05
-31.02,-1.7954,-9.1365,6,2.1086,2,2.1086,0.434553142615717,3.17557251908397e-05
-13.886,13.964,-20.545,6,0.23597,2,0.23597,0.46614576814182,3.17557251908397e-05
-6.0061,-1.5608,-25.757,6,2.0693,2,2.0693,0.0958188525362056,3.17557251908397e-05
-6.4777,8.3138,-23.782,6,0.27861,2,0.27861,0.482530379355343,3.17557251908397e-05
-6.8262,9.6664,-25.545,6,0.3258,2,0.3258,0.308595913996309,3.17557251908397e-05
-18.095,0.84985,-41.67,6,1.5481,2,1.5481,0.219867542197355,3.17557251908397e-05
-21.875,5.9095,-41.156,6,1.8049,2,1.8049,0.164245361362308,3.17557251908397e-05
-32.329,7.9849,-33.619,6,0.50639,2,0.50639,0.444024485734505,3.17557251908397e-05
-31.49,6.5859,-28.826,6,2.0661,2,2.0661,0.368650987867846,3.17557251908397e-05
-26.137,12.665,-24.569,6,0.21097,2,0.21097,0.334941355046826,3.17557251908397e-05
-21.411,14.205,-30.157,6,0.72,2,0.72,0.499852713012611,3.17557251908397e-05
-25.347,14.159,-30.132,6,0.523,2,0.523,0.228703886614401,3.17557251908397e-05
2.2374,-5.0753,-49.07,11,0.32999,4,0.32999,0.34375177463332,0.000142857142857143
0.84119,-13.061,-49.338,11,4.214,4,4.214,0.443903139961485,0.000142857142857143
-3.1015,-13.98,-51.728,11,1.0537,4,1.0537,0.442437544395388,0.000142857142857143
-4.1621,-11.287,-53.941,11,0.28944,4,0.28944,0.397086580415097,0.000142857142857143
-11.615,-5.823,-53.429,11,0.52082,4,0.52082,0.452183007770089,0.000142857142857143
-11.006,-0.061335,-47.71,11,1.2408,4,1.2408,0.48777109963697,0.000142857142857143
-12.208,0.22457,-49.793,11,0.31798,4,0.31798,0.422225171262516,0.000142857142857143
-5.8195,3.3646,-44.803,11,1.2415,4,1.2415,0.493081959675712,0.000142857142857143
-3.2433,0.84344,-48.112,11,0.48842,4,0.48842,0.250115742646774,0.000142857142857143
-5.0454,0.33313,-41.723,11,1.036,4,1.036,0.493534351947473,0.000142857142857143
-8.8611,-1.3687,-30.447,11,0.30152,4,0.30152,0.261925523599631,0.000142857142857143
0.61111,-8.3507,-29.643,11,0.27645,4,0.27645,0.422088663002087,0.000142857142857143
-0.15087,-12.581,-32.415,11,1.6059,4,1.6059,0.431254958038094,0.000142857142857143
3.2992,-4.0344,-39.87,11,0.6448,4,0.6448,0.35920907801656,0.000142857142857143
1.8584,-3.4525,-38.7,11,0.65882,4,0.65882,0.461990514180565,0.000142857142857143
8.5809,-14.507,-40.393,11,1.7981,4,1.7981,0.490702885070207,0.000142857142857143
8.4704,-16.707,-31.307,11,0.24205,4,0.24205,0.401998771068639,0.000142857142857143
6.1745,-20.739,-31.748,11,0.14335,4,0.14335,0.22898533341636,0.000142857142857143
4.2087,-30.476,-32.545,11,0.59138,4,0.59138,0.429050750379017,0.000142857142857143
2.2834,-29.177,-32.218,11,0.36614,4,0.36614,0.424180287051797,0.000142857142857143
0.0080101,-27.271,-36.617,11,3.1056,4,3.1056,0.436575971568364,0.000142857142857143
-2.9058,-30.201,-36.716,11,0.57825,4,0.57825,0.481493324632079,0.000142857142857143
-4.9844,-18.485,-47.735,11,1.0114,4,1.0114,0.382219027453216,0.000142857142857143
-0.88494,-17.286,-49.871,11,1.0521,4,1.0521,0.49354342420224,0.000142857142857143
-18.387,-38.678,-8.1294,4,4.0945,2,7.5225,0.136411346192639,3.17557251908397e-05
-18.983,-34.358,-5.4565,4,4.5606,2,6.6177,0.453011999589718,3.17557251908397e-05
-21.129,-39.809,-13.827,4,0.6528,2,9.0099,0.318400888758945,3.17557251908397e-05
-19.658,-36.463,-16.931,4,1.5073,2,8.4756,0.380891600180696,3.17557251908397e-05
-15.051,-23.282,-14.231,4,1.8744,2,4.1879,0.499452373884745,3.17557251908397e-05
-14.258,-24.118,-14.085,4,2.9446,2,3.406,0.319498832486345,3.17557251908397e-05
-20.443,-21.439,-3.7296,4,0.96987,2,0.68709,0.196776710598322,3.17557251908397e-05
-19.481,-17.287,-3.8839,4,0.50286,2,0.50286,0.424463746610585,3.17557251908397e-05
-36.223,-28.286,-9.262,4,0.51985,2,0.51985,0.219411812514839,3.17557251908397e-05
-35.684,-28.251,-7.2988,4,0.62262,2,0.62262,0.491470138219437,3.17557251908397e-05
-35.008,-32.143,-12.341,4,0.23407,2,0.23407,0.327348020612486,3.17557251908397e-05
-30.38,-35.639,-4.907,4,0.94325,2,0.94325,0.470299815641746,3.17557251908397e-05
-27.033,-33.374,-4.2303,4,0.50794,2,0.50794,0.404513237209872,3.17557251908397e-05
-29.285,-29.223,-3.0852,4,0.69408,2,0.69408,0.284816176764,3.17557251908397e-05
-28.787,-27.385,-4.0419,4,0.3448,2,0.3448,0.494777198866928,3.17557251908397e-05
-32.237,-40.979,-17.83,4,1.0959,2,1.0959,0.478835344780186,3.17557251908397e-05
-34.353,-38.491,-15.617,4,0.58053,2,0.58053,0.187995301526232,3.17557251908397e-05
-30.142,-29.532,-15.802,4,6.1422,2,6.1422,0.397401573659226,3.17557251908397e-05
-37.319,-30.311,-18.812,4,0.29452,2,0.29452,0.466083354707696,3.17557251908397e-05
-36.68,-29.18,-16.866,4,0.58894,2,0.58894,0.388460419675394,3.17557251908397e-05
-33.512,-27.029,-23.081,4,0.67633,2,0.67633,0.496048486045299,3.17557251908397e-05
-30.555,-39.899,-25.627,4,0.65814,2,0.65814,0.460063799476063,3.17557251908397e-05
-34.101,-39.517,-23.936,4,1.038,2,1.038,0.458051120735279,3.17557251908397e-05
-34.924,-37.396,-23.155,4,0.93203,2,0.93203,0.437404465060993,3.17557251908397e-05
-30.714,-47.512,-25,4,0.71151,2,0.71151,0.356766568597072,3.17557251908397e-05
-30.143,-45.067,-28.183,4,0.58322,2,0.58322,0.413384979594768,3.17557251908397e-05
-25.662,-46.036,-28.868,4,0.18142,2,0.18142,0.364787963750341,3.17557251908397e-05
-23.528,-46.896,-30.51,4,1.1313,2,1.1313,0.37854237165169,3.17557251908397e-05
-20.749,-42.84,-13.018,4,0.38079,2,7.2511,0.398093849476302,3.17557251908397e-05
-25.864,-44.244,-12.837,4,2.5401,2,2.5401,0.488939763592812,3.17557251908397e-05
-30.134,-44.788,-14.612,4,0.50394,2,0.50394,0.240585705956254,3.17557251908397e-05
-31.525,-42.988,-16.735,4,0.49798,2,0.49798,0.334665656685141,3.17557251908397e-05
-30.637,-46.057,-20.917,4,0.55512,2,0.55512,0.377056246230396,3.17557251908397e-05
-28.743,-45.834,-21.751,4,2.3215,2,2.3215,0.463279180084449,3.17557251908397e-05
-29.286,-48.365,-18.854,4,0.26661,2,0.26661,0.261683227662259,3.17557251908397e-05
-18.138,-50.733,-20.685,5,1.9536,2,5.4564,0.474748425088951,3.17557251908397e-05
-21.161,-42.231,-15.015,5,0.97231,2,7.7653,0.121280721752222,3.17557251908397e-05
-13.221,-52.513,-27.845,5,0.59531,2,3.4565,0.187189291172457,3.17557251908397e-05
-14.974,-48.65,-30.243,5,1.1476,2,0.4082,0.188114632147916,3.17557251908397e-05
-11.513,-48.025,-33.177,5,0.67998,2,0.67998,0.349366705109988,3.17557251908397e-05
-8.7683,-43.687,-35.654,5,3.9491,2,3.9491,0.445158338492121,3.17557251908397e-05
-3.1236,-46.529,-24.945,5,1.134,2,1.134,0.0736567012859451,3.17557251908397e-05
-5.0116,-43.702,-19.556,5,1.8715,2,1.8715,0.0782706240528426,3.17557251908397e-05
-4.4196,-40,-10.698,5,4.0197,2,4.0197,0.0924742327367456,3.17557251908397e-05
-5.9965,-43.304,-13.779,5,2.0807,2,2.0807,0.337699478819587,3.17557251908397e-05
-4.995,-43.518,-13.236,5,2.1214,2,2.1214,0.450694141554553,3.17557251908397e-05
-10.388,-37.022,-17.662,5,0.48271,2,0.48271,0.388936213521609,3.17557251908397e-05
-9.8115,-36.491,-18.662,5,0.21474,2,0.21474,0.416956949156589,3.17557251908397e-05
-6.0939,-29.24,-10.87,5,4.7787,2,4.7787,0.117153948402707,3.17557251908397e-05
-4.7481,-30.628,-15.406,5,6.1229,2,6.1229,0.422419522731235,3.17557251908397e-05
-11.285,-32.698,1.424,5,0.46211,2,0.46211,0.470213972248036,3.17557251908397e-05
-7.6866,-45.24,-6.8539,5,0.80748,2,0.80748,0.43064892018668,3.17557251908397e-05
-18.014,-26.247,-41.992,7,2.8416,3,5.7396,0.356479979091355,6.66010821446139e-05
-14.549,-16.495,-27.763,7,3.8847,3,3.8847,0.343898005693139,6.66010821446139e-05
-15.87,-20.798,-30.019,7,4.8909,3,4.8909,0.31972418428924,6.66010821446139e-05
-8.3671,-23.54,-29.421,7,0.33413,3,0.33413,0.173315741640977,6.66010821446139e-05
-13.699,-27.387,-23.897,7,0.58332,3,0.58332,0.467598051659854,6.66010821446139e-05
-15.636,-26.67,-24.053,7,1.5312,3,1.5312,0.460294569567836,6.66010821446139e-05
-17.101,-29.187,-27.093,7,1.1281,3,1.9586,0.459530214701833,6.66010821446139e-05
-15.339,-30.461,-27.408,7,0.62089,3,0.62089,0.443437263972364,6.66010821446139e-05
-10.878,-25.873,-28.342,7,2.4882,3,2.4882,0.387199969724522,6.66010821446139e-05
-10.759,-26.819,-26.195,7,1.2751,3,1.2751,0.469214492377304,6.66010821446139e-05
-13.11,-19.903,-29.969,7,2.0694,3,2.0694,0.340343072009855,6.66010821446139e-05
-15.802,-17.744,-25.411,7,3.6821,3,3.6821,0.469564003865679,6.66010821446139e-05
-23.302,-21.172,-26.267,7,0.30591,3,0.30591,0.301843094791378,6.66010821446139e-05
-21.996,-22.625,-25.139,7,0.39391,3,0.39391,0.498586666373809,6.66010821446139e-05
-15.266,-29.781,-44.016,7,1.5386,3,1.5386,0.498164375006813,6.66010821446139e-05
-8.7052,-35.756,-36.644,7,1.5219,3,1.5219,0.370512451338386,6.66010821446139e-05
-13.571,-39.938,-35.89,7,0.33312,3,4.2334,0.292737041313529,6.66010821446139e-05
-20.606,-51.953,-52.476,8,2.6802,3,2.6802,0.352179412284331,6.66010821446139e-05
-30.822,-41.958,-57.329,8,1.3712,3,1.3712,0.141363366824629,6.66010821446139e-05
-22.754,-31.337,-53.696,8,1.2438,3,1.2438,0.391789865237224,6.66010821446139e-05
-17.94,-40.695,-48.19,8,2.1782,3,2.1782,0.168518078706382,6.66010821446139e-05
-17.976,-42.338,-48.522,8,2.5431,3,2.5431,0.499091873131725,6.66010821446139e-05
-9.7125,-50.036,-43.661,8,2.3793,3,2.3793,0.498032459096733,6.66010821446139e-05
-12.423,-49.516,-46.105,8,3.8443,3,3.8443,0.393373879720542,6.66010821446139e-05
-17.322,-41.372,-35.863,8,3.6667,3,5.0772,0.43409086066586,6.66010821446139e-05
-12.652,-43.377,-34.38,8,0.25383,3,2.1517,0.455740508746015,6.66010821446139e-05
-22.904,-40.384,-32.772,8,3.8742,3,3.8742,0.366324619838288,6.66010821446139e-05
-23.5,-39.694,-28.403,8,0.74094,3,0.74094,0.479768373658645,6.66010821446139e-05
-35.125,-29.898,-24.327,8,0.67282,3,0.67282,0.467206610301242,6.66010821446139e-05
-41.119,-32.439,-34.793,8,0.78565,3,0.78565,0.196455847779858,6.66010821446139e-05
-39.632,-34.782,-37.848,8,0.79188,3,0.79188,0.462147197669547,6.66010821446139e-05
-37.856,-39.665,-33.268,8,0.38176,3,0.38176,0.485468629740347,6.66010821446139e-05
-39.117,-37.081,-30.658,8,0.85419,3,0.85419,0.185628083622539,6.66010821446139e-05
-39.208,-35.665,-39.157,8,1.0134,3,1.0134,0.454175416772352,6.66010821446139e-05
-43.18,-28.307,-47.701,8,0.32764,3,1.2963,0.347203009177587,6.66010821446139e-05
-39.604,-26.039,-48.656,8,1.4705,3,4.7941,0.463029148972461,6.66010821446139e-05
-44.622,-31.808,-53.029,8,0.19139,3,0.19139,0.395198799526814,6.66010821446139e-05
-33.177,-43.717,-51.932,8,4.1213,3,4.1213,0.45940431692682,6.66010821446139e-05
-40.61,-42.512,-45.693,8,0.7788,3,0.7788,0.297940502218948,6.66010821446139e-05
-40.478,-41.746,-50.333,8,1.2829,3,1.2829,0.441280647210403,6.66010821446139e-05
-41.275,-43.825,-50.366,8,0.26373,3,0.26373,0.485970821818999,6.66010821446139e-05
-47.589,-20.413,-66.295,9,0.55673,3,0.55673,0.46060647246451,6.66010821446139e-05
-35.144,-19.469,-66.156,9,1.3865,3,1.3865,0.0432841855955683,6.66010821446139e-05
-33.401,-29.142,-59.689,9,0.3407,3,0.42625,0.353535442984422,6.66010821446139e-05
-29.912,-28.846,-52.291,9,1.3291,3,3.5853,0.183777283079506,6.66010821446139e-05
-39.776,-26.994,-50.803,9,1.0354,3,4.7262,0.334118976646424,6.66010821446139e-05
-37.658,-26.7,-50.93,9,0.99197,3,6.7878,0.461877509459793,6.66010821446139e-05
-40.828,-24.665,-52.17,9,3.3185,3,3.3185,0.265569795646656,6.66010821446139e-05
-44.617,-28.247,-55.837,9,0.29607,3,0.29607,0.413952944256872,6.66010821446139e-05
-40.71,-30.534,-55.908,9,0.53121,3,3.8037,0.468020042212412,6.66010821446139e-05
-42.104,-29.853,-54.208,9,0.21464,3,2.509,0.330612596740607,6.66010821446139e-05
-44.415,-24.777,-51.468,9,0.22806,3,0.22806,0.455378469686521,6.66010821446139e-05
-45.003,-25.218,-46.345,9,0.90932,3,0.90932,0.145691776592061,6.66010821446139e-05
-40.06,-9.9188,-47.054,9,1.5664,3,1.5664,0.458226554004199,6.66010821446139e-05
-36.272,-11.532,-51.09,9,6.4078,3,6.4078,0.409516042536709,6.66010821446139e-05
-45.132,-12.117,-58.864,9,0.53365,3,0.53365,0.445000893736015,6.66010821446139e-05
-45.89,-17.202,-57.805,9,0.33644,3,0.33644,0.442577110025242,6.66010821446139e-05
-37.563,-12.379,-50.482,9,5.0635,3,5.0635,0.431239652819061,6.66010821446139e-05
-39.811,-8.3141,-46.996,9,1.5012,3,1.5012,0.483527870112018,6.66010821446139e-05
-34.99,-0.93947,-62.722,9,1.1913,3,6.9126,0.310622340300465,6.66010821446139e-05
-25.699,-5.806,-65.659,9,2.4481,3,1.8914,0.319771150579063,6.66010821446139e-05
-37.755,-0.12957,-73.298,10,0.50319,3,4.7673,0.247908168520921,6.66010821446139e-05
-34.74,-3.6723,-59.039,10,1.5195,3,7.4082,0.24233615313544,6.66010821446139e-05
-36.855,4.8459,-55.553,10,1.2514,3,1.2514,0.363401792389031,6.66010821446139e-05
-38.155,7.9936,-60.465,10,0.55229,3,0.55229,0.437280856277817,6.66010821446139e-05
-40.154,5.6527,-60.798,10,0.28365,3,0.28365,0.276763757904821,6.66010821446139e-05
-37.425,7.8347,-52.12,10,0.86898,3,0.86898,0.178524742796999,6.66010821446139e-05
-17.411,12.482,-51.238,10,1.5199,3,1.5199,0.476370214163672,6.66010821446139e-05
-23.772,15.6,-59.315,10,0.57206,3,0.57206,0.446109352299556,6.66010821446139e-05
-19.144,12.293,-55.173,10,2.9366,3,2.9366,0.460162310095768,6.66010821446139e-05
-15.594,12.839,-54.181,10,1.1598,3,1.1598,0.460691081142593,6.66010821446139e-05
-7.1534,4.1844,-53.908,10,1.437,3,1.437,0.19837388234817,6.66010821446139e-05
-11.259,-2.7496,-64.486,10,1.2016,3,1.2016,0.446884886269959,6.66010821446139e-05
-6.249,2.2717,-66.644,10,0.41375,3,0.41375,0.467998888041802,6.66010821446139e-05
-12.402,-1.9663,-73.384,10,3.2645,3,3.2645,0.180696545823555,6.66010821446139e-05
-10.537,0.45564,-73.178,10,1.0345,3,1.0345,0.495732123573368,6.66010821446139e-05
-18.918,-9.1245,-69.377,10,5.4713,3,5.4713,0.295548575395678,6.66010821446139e-05
-28.256,-4.2834,-74.213,10,1.5209,3,1.5209,0.342306465754084,6.66010821446139e-05
36.559,-3.1738,19.469,12,0.34145,5,0.34145,0.39952530362762,0.000192729591836735
28.419,-10.95,16.083,12,0.73594,5,3.3571,0.155287720197078,0.000192729591836735
35.241,-4.3977,0.42684,12,0.83458,5,1.0715,0.314767319224835,0.000192729591836735
36.363,2.393,7.8473,12,1.185,5,1.185,0.36233636905918,0.000192729591836735
38.895,-0.15325,10.437,12,0.45444,5,0.45444,0.400789633058612,0.000192729591836735
33.822,9.8964,12.444,12,1.4588,5,1.4588,0.294348058513896,0.000192729591836735
36.53,4.5258,9.1219,12,0.3447,5,0.3447,0.362338912420418,0.000192729591836735
36.301,7.0371,4.7814,12,0.80997,5,0.80997,0.0473367850976382,0.000192729591836735
30.984,8.3768,21.038,12,0.66056,5,0.66056,0.361502545537449,0.000192729591836735
26.838,9.6263,20.489,12,1.4477,5,1.4477,0.38871388973311,0.000192729591836735
27.236,9.9976,22.785,12,0.43319,5,0.43319,0.494474075596078,0.000192729591836735
16.514,0.99091,29.678,12,0.65291,5,0.65291,0.403283709389458,0.000192729591836735
14.583,0.62564,28.461,12,0.28872,5,0.28872,0.415268336779781,0.000192729591836735
12.487,4.0218,20.149,12,1.4966,5,1.4966,0.424877645448754,0.000192729591836735
12.494,-6.6711,25.822,12,0.25834,5,0.25834,0.449137603056794,0.000192729591836735
13.28,-11.701,30.213,12,1.1949,5,1.1949,0.47772415757153,0.000192729591836735
12.542,-12.462,24.623,12,0.95801,5,0.95801,0.361873905609578,0.000192729591836735
15.447,-19.431,21.712,12,1.5077,5,1.5077,0.403215416178385,0.000192729591836735
16.576,-21.41,22.467,12,0.81276,5,0.81276,0.472642232349864,0.000192729591836735
23.865,-27.593,18.001,13,1.0206,5,1.0206,0.44380901596901,0.000192729591836735
26.695,-14.801,19.774,13,0.64013,5,3.8639,0.480443282734803,0.000192729591836735
23.316,-19.963,20.162,13,0.91317,5,1.5611,0.382121519676345,0.000192729591836735
19.136,-30.392,8.1129,13,7.4946,5,7.4946,0.466890773164715,0.000192729591836735
24.448,-32.268,4.7137,13,5.5359,5,5.5359,0.383633801762183,0.000192729591836735
29.328,-28.411,1.6372,13,4.0618,5,4.0618,0.463157414021554,0.000192729591836735
24.11,-31.148,12.1,13,1.2738,5,1.2738,0.308281843351849,0.000192729591836735
24.553,-32.944,9.5111,13,2.5971,5,2.5971,0.399811509811616,0.000192729591836735
38.884,-23.131,1.9145,13,2.4971,5,2.4971,0.496907065911073,0.000192729591836735
32.471,-25.502,3.114,13,1.1453,5,1.1453,0.251668679166797,0.000192729591836735
37.506,-18.277,-3.8697,13,0.51836,5,0.51836,0.378889435624295,0.000192729591836735
39.951,-11.907,-2.4183,13,0.43932,5,0.43932,0.481363221480019,0.000192729591836735
37.594,-10.979,-2.5284,13,1.1001,5,1.1001,0.466215122156861,0.000192729591836735
40.954,-15.508,2.7558,13,1.3087,5,1.3087,0.470504232780821,0.000192729591836735
41.447,-17.029,-1.1605,13,1.803,5,1.803,0.485391062425936,0.000192729591836735
40.627,-9.6353,8.0158,13,0.38343,5,0.38343,0.385259031162831,0.000192729591836735
39.192,-9.9425,9.8186,13,1.1964,5,1.1964,0.468789382391034,0.000192729591836735
40.431,-13.256,6.4754,13,1.2533,5,1.2533,0.464254757933074,0.000192729591836735
39.06,-11.105,2.6701,13,2.8725,5,2.8725,0.404969935506549,0.000192729591836735
36.537,-3.7246,5.2742,13,0.34129,5,3.672,0.492022759743966,0.000192729591836735
35.795,-5.4795,3.9973,13,1.518,5,4.4108,0.482651835364777,0.000192729591836735
32.37,-3.9871,6.5925,13,1.4288,5,5.379,0.243976314231848,0.000192729591836735
34.144,-5.6932,11.769,13,0.15082,5,5.0932,0.345820163779585,0.000192729591836735
37.912,-5.4643,11.645,13,1.1435,5,1.5591,0.489503408534228,0.000192729591836735
31.655,-10.473,17.324,13,0.82493,5,5.6865,0.482325920629334,0.000192729591836735
29.741,-11.947,16.692,13,1.5289,5,4.5269,0.465661861133034,0.000192729591836735
30.441,-16.851,16.169,13,4.1464,5,4.1464,0.437084184370057,0.000192729591836735
38.452,-18.106,10.172,13,1.6882,5,1.6882,0.487309765846258,0.000192729591836735
37.695,-14.433,13.578,13,1.6499,5,1.6499,0.470170220053109,0.000192729591836735
37.703,-16.695,14.477,13,0.96626,5,0.96626,0.459263409977026,0.000192729591836735
24.367,19.356,-39.21,16,0.2374,7,0.2374,0.258407814339422,0.000184292146073036
21.591,16.251,-38.687,16,2.5973,7,2.8629,0.499570368829595,0.000184292146073036
21.059,18.278,-37.57,16,0.71804,7,0.71804,0.435046242357827,0.000184292146073036
23.541,19.025,-32.021,16,0.17639,7,0.17639,0.455199809356627,0.000184292146073036
26.605,19.17,-33.97,16,0.8471,7,0.8471,0.196372188044052,0.000184292146073036
32.771,14.14,-36.259,16,0.4791,7,0.4791,0.405103257653404,0.000184292146073036
31.011,15.308,-34.836,16,0.5594,7,0.5594,0.494863777467062,0.000184292146073036
16.802,0.82244,-42.772,16,0.28917,7,5.3342,0.464534840564319,0.000184292146073036
16.483,13.929,-42.674,16,0.79447,7,5.2364,0.334447288019124,0.000184292146073036
13.581,17.496,-29.061,16,0.38136,7,0.38136,0.467048578096907,0.000184292146073036
11.594,10.926,-31.453,16,0.6059,7,0.6059,0.391877959880528,0.000184292146073036
10.062,12.571,-31.792,16,0.46997,7,0.46997,0.4336010022187,0.000184292146073036
14.536,3.3972,-23.215,16,2.1546,7,2.1546,0.495661711833749,0.000184292146073036
13.434,8.6604,-19.133,16,1.9615,7,1.9615,0.458607529517731,0.000184292146073036
23.571,13.447,-18.191,16,4.1204,7,4.1204,0.485281732623634,0.000184292146073036
22.569,17.683,-21.11,16,1.2901,7,1.2901,0.452070033155623,0.000184292146073036
22.507,17.782,-18.566,16,0.71642,7,0.71642,0.454166619824332,0.000184292146073036
21.095,18.553,-29.824,16,0.59771,7,0.59771,0.48366255143301,0.000184292146073036
34.724,13.828,-20.763,16,0.7472,7,0.7472,0.394577019912701,0.000184292146073036
24.162,17.1,-9.5115,16,0.32687,7,0.32687,0.400622607764237,0.000184292146073036
27.085,6.0853,-6.7409,16,0.41732,7,0.41732,0.382336651134526,0.000184292146073036
28.804,1.0441,-9.6071,16,0.40992,7,0.40992,0.400711117380306,0.000184292146073036
37.658,3.6651,-12.041,16,0.20026,7,0.20026,0.45219946585721,0.000184292146073036
38.901,5.2404,-15.899,16,0.36025,7,0.36025,0.458599138431367,0.000184292146073036
36.252,9.7228,-13.403,16,0.2998,7,0.2998,0.274663469363516,0.000184292146073036
36.192,9.2067,-9.7225,16,0.32522,7,0.32522,0.450863319284438,0.000184292146073036
40.174,4.9139,-20.769,16,0.31198,7,0.31198,0.414844323826766,0.000184292146073036
42.555,0.40108,-22.638,16,0.16387,7,0.16387,0.39543376031395,0.000184292146073036
37.74,-5.1896,-29.82,16,0.57728,7,0.57728,0.398288417485575,0.000184292146073036
39.936,-2.5319,-34.115,16,0.29194,7,3.8797,0.435462792589743,0.000184292146073036
30.163,10.116,-34.74,16,5.2537,7,5.2537,0.431092192861463,0.000184292146073036
33.804,12.729,-32.574,16,1.153,7,1.153,0.440835785974617,0.000184292146073036
33.517,12.713,-34.917,16,1.3101,7,1.3101,0.413770881272768,0.000184292146073036
36.041,11.863,-24.509,16,0.35681,7,0.35681,0.379742389630264,0.000184292146073036
44.983,-17.468,-13.654,14,0.85789,6,0.85789,0.436709086769955,0.00032562358276644
42.919,-21.529,-15.108,14,3.1341,6,3.1341,0.424131436236672,0.00032562358276644
45.021,-22.003,-15.231,14,1.2738,6,1.2738,0.455116437736912,0.00032562358276644
43.215,-24.524,-18.314,14,3.0865,6,3.6648,0.495839289674136,0.00032562358276644
41.606,-23.134,-17.68,14,2.6124,6,2.6124,0.334688269344601,0.00032562358276644
40.805,-22.691,-21.183,14,0.14541,6,3.1156,0.320765842902498,0.00032562358276644
44.608,-21.654,-21.832,14,0.55728,6,2.8658,0.344538692334175,0.00032562358276644
44.758,-23.611,-21.21,14,0.060893,6,2.5177,0.484758584984506,0.00032562358276644
44.769,-10.7,-18.305,14,0.91373,6,0.91373,0.342816425065861,0.00032562358276644
42.061,-1.0479,-16.057,14,0.53628,6,0.53628,0.412550915730343,0.00032562358276644
42.232,-2.5824,-17.925,14,0.9629,6,0.9629,0.456695783107806,0.00032562358276644
42.752,-2.473,-11.112,14,0.24609,6,0.24609,0.484118517900677,0.00032562358276644
42.173,-0.98062,-12.906,14,0.41449,6,0.41449,0.357839839433217,0.00032562358276644
39.642,-12.137,-7.7819,14,3.5227,6,3.5227,0.342301327957421,0.00032562358276644
43.833,-13.951,-6.8736,14,0.85088,6,0.85088,0.48244829089453,0.00032562358276644
44.829,-15.222,-11.542,14,0.35525,6,0.35525,0.391129656994012,0.00032562358276644
38.612,-19.384,-5.5151,14,0.46768,6,0.46768,0.436247990811644,0.00032562358276644
37.275,-15.617,-4.3869,14,0.3112,6,0.3112,0.305649481242133,0.00032562358276644
36.699,-9.7682,-7.8049,14,3.4395,6,3.4395,0.416928531671782,0.00032562358276644
34.583,-9.0144,-11.105,14,2.58,6,2.58,0.49523854781575,0.00032562358276644
32.835,-8.4701,-9.7751,14,1.4542,6,1.4542,0.420826063892554,0.00032562358276644
30.883,-9.1993,-7.4982,14,0.69529,6,0.69529,0.180726013998314,0.00032562358276644
31.975,-10.283,-5.8494,14,0.39102,6,0.39102,0.195596293943366,0.00032562358276644
39.741,-32.043,-19.063,14,0.44795,6,0.44795,0.388820752966133,0.00032562358276644
43.858,-25.75,-15.943,14,2.308,6,2.308,0.440247677669733,0.00032562358276644
43.372,-26.805,-10.661,14,1.3674,6,1.3674,0.491172449571153,0.00032562358276644
43.714,-24.76,-12.184,14,1.357,6,1.357,0.49559069851599,0.00032562358276644
39.307,-29.678,-9.7065,14,0.34781,6,0.34781,0.426957705550049,0.00032562358276644
41.949,-36.289,-26.192,15,0.073526,6,2.9165,0.427788478018806,0.00032562358276644
29.043,-41.072,-36.421,15,2.0961,6,2.0961,0.192460557680583,0.00032562358276644
33.206,-42.671,-31.307,15,1.7888,6,1.7888,0.0377222450194172,0.00032562358276644
32.063,-43.295,-32.555,15,2.172,6,2.172,0.138037226594439,0.00032562358276644
34.138,-16.008,-38.999,15,5.0915,6,5.0915,0.330222453629595,0.00032562358276644
47.023,-18.17,-29.883,15,1.2356,6,1.2356,0.482539040319893,0.00032562358276644
47.085,-17.42,-31.926,15,0.30775,6,0.30775,0.345256677236436,0.00032562358276644
42.884,-15.138,-33.668,15,0.5432,6,0.5432,0.261034982176036,0.00032562358276644
44.018,-12.713,-33.105,15,0.68801,6,0.68801,0.201214441160894,0.00032562358276644
46.481,-12.77,-21.868,15,0.66099,6,0.6211,0.407154180286547,0.00032562358276644
45.731,-25.348,-22.474,15,0.14305,6,1.9047,0.425527165529585,0.00032562358276644
43.343,-21.112,-21.815,15,0.48848,6,4.042,0.413810996568551,0.00032562358276644
38.106,-23.664,-23.391,15,0.91852,6,0.91852,0.482486620454056,0.00032562358276644
41.204,-27.425,-26.092,15,2.9765,6,3.0902,0.482720157092872,0.00032562358276644
41.2,-26.749,-24.255,15,1.1415,6,2.8023,0.289699512067346,0.00032562358276644
48.762,-25.18,-30.482,15,0.14504,6,0.14504,0.422055028456084,0.00032562358276644
27.374,-26.025,-52.637,17,0.1517,7,0.1517,0.281222385840655,0.000184292146073036
28.621,-24.322,-49.51,17,1.4323,7,3.3554,0.4615141111128,0.000184292146073036
27.159,-26.201,-49.108,17,1.4718,7,1.4718,0.455241340952677,0.000184292146073036
21.953,-24.781,-49.675,17,0.35073,7,0.35073,0.404326076029949,0.000184292146073036
23.643,-17.552,-56.966,17,0.32387,7,0.32387,0.33343781570205,0.000184292146073036
30.399,-16.885,-53.735,17,0.121,7,3.9485,0.499149969517135,0.000184292146073036
28.597,-18.145,-57.454,17,0.14598,7,0.14598,0.361206346389371,0.000184292146073036
29.777,-11.103,-46.793,17,1.518,7,12.439,0.444818912504151,0.000184292146073036
29.189,-22.04,-42.363,17,1.0138,7,4.7971,0.346190027942639,0.000184292146073036
30.284,-25.171,-46.844,17,1.0682,7,3.7824,0.32938779859575,0.000184292146073036
32.979,-23.832,-47.143,17,1.2143,7,6.6215,0.160622923903352,0.000184292146073036
27.083,-24.284,-41.084,17,0.30334,7,1.8596,0.47810541070719,0.000184292146073036
27.252,-23.952,-36.416,17,0.45037,7,1.0311,0.254968469609954,0.000184292146073036
24.77,-15.896,-29.31,17,0.78081,7,0.78081,0.323185431981176,0.000184292146073036
17.413,-14.351,-43.015,17,2.8414,7,2.8414,0.340504479697302,0.000184292146073036
17.602,-21.98,-47.77,17,0.28973,7,0.28973,0.267431430126306,0.000184292146073036
17.985,-20.68,-48.391,17,1.1307,7,1.1307,0.47430465819729,0.000184292146073036
20.982,-23.637,-46.363,17,0.17917,7,0.17917,0.339894297459348,0.000184292146073036
10.653,-13.207,-51.6,17,0.39206,7,0.39206,0.44764223365866,0.000184292146073036
13.811,-16.913,-50.33,17,0.8547,7,0.8547,0.483915665122403,0.000184292146073036
12.119,-16.952,-50.18,17,0.45751,7,0.45751,0.253171519821655,0.000184292146073036
17.568,-14.618,-42.675,17,2.5512,7,2.5512,0.355832368228941,0.000184292146073036
10.319,-10.312,-35.784,17,1.7222,7,1.7222,0.483478909844619,0.000184292146073036
11.031,-3.7009,-35.502,17,1.1434,7,1.1434,0.436257280926714,0.000184292146073036
7.5371,-3.2583,-45.262,17,0.61533,7,0.61533,0.190818026783505,0.000184292146073036
11.973,-5.3733,-49.503,17,2.2651,7,3.8024,0.350141831096178,0.000184292146073036
13.771,-6.4718,-48.63,17,2.8721,7,5.0313,0.484207314962012,0.000184292146073036
22.468,-4.4988,-55.393,17,0.87781,7,6.3429,0.473629731101905,0.000184292146073036
21.071,-11.378,-59.798,17,0.35527,7,0.35527,0.31513105203024,0.000184292146073036
19.455,-9.9238,-60.399,17,0.40764,7,0.40764,0.470485218366613,0.000184292146073036
18.976,-15.506,-57.044,17,0.46399,7,0.46399,0.493892044075295,0.000184292146073036
21.037,-14.656,-58.096,17,0.10593,7,0.10593,0.36749104065499,0.000184292146073036
10.98,-13.854,-54.342,17,0.89685,7,0.89685,0.459571753404366,0.000184292146073036
13.47,-9.4188,-60.187,17,0.47032,7,0.47032,0.495684956287386,0.000184292146073036
12.049,-11.005,-59.361,17,0.15094,7,0.15094,0.299782963456365,0.000184292146073036
48.104,-25.129,-47.742,18,0.23867,7,3.3523,0.42416941477462,0.000184292146073036
43.963,-18.068,-46.721,18,4.7432,7,6.2792,0.547291119590318,0.000184292146073036
48.089,-23.296,-36.792,18,1.2784,7,1.2784,0.46697741121221,0.000184292146073036
47.288,-22.84,-40.475,18,1.555,7,1.555,0.422872667630272,0.000184292146073036
45.592,-19.713,-40.077,18,0.47904,7,2.9773,0.355627285302277,0.000184292146073036
43.859,-18.353,-40.291,18,0.65967,7,4.6537,0.447618148628533,0.000184292146073036
44.799,-17.778,-36.763,18,0.41268,7,3.6648,0.361609984087506,0.000184292146073036
46.811,-18.585,-36.317,18,1.2614,7,1.9498,0.473068482608441,0.000184292146073036
43.76,-18.324,-32.386,18,0.11083,7,0.11083,0.452773911482312,0.000184292146073036
43.504,-17.378,-34.114,18,1.1671,7,1.1671,0.484450094493073,0.000184292146073036
38.037,-17.551,-31.677,18,0.52109,7,0.52109,0.480413658654161,0.000184292146073036
38.313,-22.875,-32.638,18,0.21284,7,0.21284,0.405976969780463,0.000184292146073036
38.597,-23.724,-34.391,18,1.2891,7,1.2891,0.443963008067852,0.000184292146073036
43.154,-23.781,-32.353,18,0.77747,7,0.77747,0.431309449097027,0.000184292146073036
38.368,-27.614,-33.815,18,0.15636,7,0.15636,0.341553396587518,0.000184292146073036
40.391,-27.449,-34.509,18,0.50027,7,0.50027,0.498625155667091,0.000184292146073036
38.683,-23.641,-34.349,18,1.2385,7,1.2385,0.366674094873707,0.000184292146073036
36.899,-23.822,-33.145,18,0.65964,7,0.65964,0.447723994841184,0.000184292146073036
35.487,-29.303,-35.13,18,1.0618,7,1.0618,0.435865325367972,0.000184292146073036
38.748,-32.996,-42.214,18,4.1317,7,4.1317,0.462430347412207,0.000184292146073036
30.275,-38.837,-44.197,18,0.46893,7,0.46893,0.452635343428555,0.000184292146073036
28.686,-34.55,-38.445,18,0.36527,7,0.36527,0.478322579474803,0.000184292146073036
29.719,-34.676,-37.176,18,0.72813,7,0.72813,0.482883460957722,0.000184292146073036
36.388,-28.025,-55.511,18,0.75074,7,0.75074,0.427383261718481,0.000184292146073036
31.058,-34.316,-53.499,18,1.9224,7,1.9224,0.474785013854982,0.000184292146073036
48.062,-3.0329,-61.672,19,0.44218,7,0.44218,0.338494177724194,0.000184292146073036
38.735,-7.7734,-64.03,19,0.35468,7,0.35468,0.419694144629879,0.000184292146073036
32.412,4.8447,-50.506,19,1.5897,7,8.9354,0.0737507116023993,0.000184292146073036
41.346,4.5131,-48.173,19,0.99865,7,0.99865,0.389851385664283,0.000184292146073036
42.72,1.4989,-49.012,19,1.1591,7,1.1591,0.272326737563211,0.000184292146073036
45.409,3.1642,-53.981,19,0.7273,7,0.7273,0.347101735463647,0.000184292146073036
43.738,5.4169,-53.594,19,0.53955,7,0.53955,0.31073456156989,0.000184292146073036
44.281,-0.10746,-48.862,19,0.20261,7,0.20261,0.440293934345673,0.000184292146073036
40.498,0.441,-36.252,19,1.4793,7,2.6831,0.262511517267018,0.000184292146073036
45.392,-3.8831,-35.112,19,0.69695,7,0.69695,0.391999939683433,0.000184292146073036
44.516,-2.6157,-33.243,19,0.45125,7,0.45125,0.489624386064794,0.000184292146073036
45.016,-12.786,-40.424,19,3.0002,7,3.0002,0.172340793915614,0.000184292146073036
42.572,-11.516,-38.061,19,4.3598,7,4.3598,0.473389099055609,0.000184292146073036
39.561,-12.337,-44.51,19,6.5667,7,9.1938,0.371329616515118,0.000184292146073036
48.822,-12.176,-49.972,19,0.56217,7,0.56217,0.415025405959522,0.000184292146073036
46.562,-12.198,-50.128,19,2.5867,7,2.5867,0.457195363283937,0.000184292146073036
51.715,-22.264,-54.503,19,0.48741,7,0.48741,0.484066126090637,0.000184292146073036
51.035,-17.425,-53.958,19,0.23037,7,0.23037,0.463526833100344,0.000184292146073036
49.713,-15.657,-44.773,19,0.38322,7,0.38322,0.345677896796478,0.000184292146073036
45.142,-20.198,-43.035,19,0.32952,7,4.4379,0.459269955362197,0.000184292146073036
49.35,-18.956,-43.672,19,0.64455,7,0.64455,0.377821276566865,0.000184292146073036
34.803,-21.365,-50.939,19,0.59011,7,5.7702,0.276276515165388,0.000184292146073036
39.301,-25.563,-54.474,19,1.2074,7,3.1955,0.409786286546178,0.000184292146073036
38.682,-26.652,-52.053,19,0.53863,7,4.8202,0.255279360957377,0.000184292146073036
35.468,-24.493,-54.494,19,0.38135,7,2.0857,0.338386262353876,0.000184292146073036
35.473,-23.435,-56.226,19,0.61345,7,1.2868,0.464297619049486,0.000184292146073036
38.388,-23.857,-53.888,19,1.9588,7,3.6878,0.355116413129556,0.000184292146073036
27.288,-12.833,-52.725,19,1.6089,7,6.0977,0.484353817296242,0.000184292146073036
31.307,-14.831,-58.187,19,0.27372,7,1.2189,0.426449670683654,0.000184292146073036
33.377,-15.894,-57.954,19,1.2729,7,1.2729,0.473304189267626,0.000184292146073036
33.145,-14.701,-59.269,19,0.4234,7,0.4234,0.391766302224362,0.000184292146073036
32.046,-12.721,-59.404,19,0.3279,7,0.3279,0.442151880859005,0.000184292146073036
35.675,-10.318,-61.745,19,0.15742,7,0.15742,0.359707404642936,0.000184292146073036
26.443,0.48688,-67.461,20,0.98807,7,0.98807,0.129828415108995,0.000184292146073036
20.044,-1.8877,-64.291,20,0.19312,7,0.19312,0.45620125201215,0.000184292146073036
21.021,-3.7679,-64.252,20,0.50711,7,0.50711,0.40320963363649,0.000184292146073036
17.91,-7.1837,-59.924,20,0.37095,7,0.91838,0.276188505928634,0.000184292146073036
11.553,-3.0378,-58.652,20,1.9375,7,3.9717,0.471846842175869,0.000184292146073036
13.691,-3.1184,-57.905,20,1.8867,7,4.6815,0.438954191476668,0.000184292146073036
11.133,1.3385,-63.741,20,2.4965,7,2.4965,0.299474133929999,0.000184292146073036
13.029,-1.7368,-64.771,20,0.26713,7,0.26713,0.390616700167803,0.000184292146073036
10.914,-2.51,-63.889,20,0.55993,7,0.55993,0.487558985780331,0.000184292146073036
8.858,0.29216,-61.845,20,0.57961,7,0.57961,0.42565129804749,0.000184292146073036
8.8475,2.274,-61.118,20,0.22718,7,0.22718,0.37506419286278,0.000184292146073036
11.326,2.0449,-64.563,20,2.4002,7,2.4002,0.362823869351866,0.000184292146073036
14.534,-0.54878,-60.119,20,4.2909,7,4.2909,0.178795319785036,0.000184292146073036
11.766,-2.977,-58.788,20,1.9955,7,4.1573,0.439007186507369,0.000184292146073036
8.2664,0.56275,-50.797,20,0.32512,7,0.32512,0.289911104738846,0.000184292146073036
9.6334,16.92,-57.09,20,0.52045,7,0.52045,0.479173127965426,0.000184292146073036
9.5518,11.662,-55.566,20,0.96635,7,0.96635,0.498736256916287,0.000184292146073036
21.364,20.558,-60.28,20,0.91938,7,0.91938,0.459639592806607,0.000184292146073036
22.443,20.995,-58.024,20,0.45125,7,0.45125,0.484166959235387,0.000184292146073036
16.539,15.442,-54.46,20,4.3063,7,4.3063,0.38830365806642,0.000184292146073036
17.352,14.768,-55.907,20,5.4687,7,5.4687,0.476195497822448,0.000184292146073036
16.775,18.411,-52.226,20,0.91587,7,0.91587,0.481725977045689,0.000184292146073036
27.963,17.981,-44.509,20,0.14396,7,1.3702,0.333387608035012,0.000184292146073036
28.442,18.935,-46.544,20,0.32079,7,0.32079,0.494067844051691,0.000184292146073036
30.305,13.878,-42.811,20,1.3378,7,3.1643,0.269725506103376,0.000184292146073036
35.597,13.714,-51.28,20,0.71314,7,0.71314,0.356940979478614,0.000184292146073036
33.773,12.372,-54.208,20,2.2127,7,2.2127,0.383812879368815,0.000184292146073036
36.865,15.064,-60.369,20,0.31206,7,0.31206,0.237660385041978,0.000184292146073036
33.685,15.754,-59.816,20,1.5598,7,1.5598,0.424947232507179,0.000184292146073036
34.538,13.837,-54.158,20,0.65589,7,0.65589,0.281676251595685,0.000184292146073036
37.003,13.206,-54.211,20,0.60156,7,0.60156,0.174077495691002,0.000184292146073036
41.229,6.7654,-54.666,20,0.38786,7,1.1217,0.364675935642594,0.000184292146073036
39.298,3.7108,-54.123,20,1.5918,7,4.1933,0.306166477922268,0.000184292146073036
40.133,3.657,-62.963,20,0.41658,7,3.5867,0.461033156446348,0.000184292146073036
42.733,6.8749,-63.75,20,0.13006,7,0.13006,0.457239619697381,0.000184292146073036
28.783,8.4205,-68.703,20,2.7081,7,2.7081,0.484314264066431,0.000184292146073036
-16.769,-27.353,31.195,1,0.6253,1,0.6253,0.425224732184783,8.25482625482625e-05
-17.13,-25.564,30.182,1,1.5112,1,1.5112,0.387531478625595,8.25482625482625e-05
-18.605,-26.978,26.756,1,0.74749,1,0.74749,0.471520267260549,8.25482625482625e-05
-17.761,-28.611,27.842,1,0.38234,1,0.38234,0.301170825818995,8.25482625482625e-05
-15.256,-30.562,26.889,1,1.3489,1,1.3489,0.323951547123115,8.25482625482625e-05
-8.6528,-27.255,29.994,1,5.8857,1,5.8857,0.499617319458576,8.25482625482625e-05
-21.724,-17.324,27.892,1,1.7905,1,1.7905,0.42560701060463,8.25482625482625e-05
-18.3,-17.175,27.642,1,4.8354,1,4.8354,0.212662720016685,8.25482625482625e-05
-17.904,-14.398,20.812,1,5.1643,1,8.6111,0.162984446646302,8.25482625482625e-05
-22.465,-14.896,20.787,1,4.3377,1,4.3377,0.445887026095569,8.25482625482625e-05
-24.638,-20.084,20.026,1,0.6618,1,1.9075,0.468031748763084,8.25482625482625e-05
-22.943,-19.391,19.249,1,1.1951,1,3.7228,0.476922591464259,8.25482625482625e-05
-22.467,-24.439,24.405,1,0.22441,1,0.22441,0.282437439691049,8.25482625482625e-05
-13.066,-33.124,22.621,1,0.16569,1,2.9697,0.399728998763312,8.25482625482625e-05
-11.722,-32.261,22.212,1,0.83763,1,4.507,0.458881986923014,8.25482625482625e-05
-13.911,-31.033,25.243,1,2.3561,1,2.4732,0.479802821850289,8.25482625482625e-05
-17.314,-30.584,23.376,1,0.30766,1,1.7683,0.41595999414938,8.25482625482625e-05
-18.311,-29.635,21.806,1,0.70028,1,2.0416,0.40778732200848,8.25482625482625e-05
-5.4256,-38.178,23.053,1,0.96026,1,0.96026,0.409536320078609,8.25482625482625e-05
-6.2536,-33.007,25.69,1,3.5213,1,3.5213,0.472488988076348,8.25482625482625e-05
-9.5079,-33.882,22.689,1,1.8259,1,3.9193,0.373756914871058,8.25482625482625e-05
-9.0761,-35.829,23.921,1,1.6376,1,1.8153,0.464096486826569,8.25482625482625e-05
-10.621,-31.325,16.47,1,1.2602,1,5.993,0.208722273222187,8.25482625482625e-05
-6.7916,-36.457,15.819,1,0.51848,1,4.4539,0.197331526127217,8.25482625482625e-05
-2.5534,-36.601,11.943,1,0.10516,1,0.10516,0.271104416987963,8.25482625482625e-05
-0.74958,-32.517,11.809,1,2.4353,1,2.4353,0.140015426069456,8.25482625482625e-05
5.3017,-35.518,16.441,1,0.92155,1,0.92155,0.249685591136299,8.25482625482625e-05
8.6028,-27.3,22.469,1,0.60775,1,0.60775,0.466024894633432,8.25482625482625e-05
6.0599,-24.624,22.807,1,1.265,1,1.265,0.432301452797925,8.25482625482625e-05
4.4102,-19.748,22.575,1,0.55841,1,0.55841,0.333838433604985,8.25482625482625e-05
3.0084,-21.3,28.545,1,5.2614,1,5.2614,0.262042784412405,8.25482625482625e-05
-2.078,-22.497,32.946,1,7.345,1,7.345,0.479034252529918,8.25482625482625e-05
-6.731,-28.424,30.502,1,5.2072,1,5.2072,0.395266688974067,8.25482625482625e-05
-6.7749,-29.906,29.891,1,4.1428,1,4.1428,0.439363476231089,8.25482625482625e-05
-5.3035,-33.816,27.567,1,1.9787,1,1.9787,0.442645645647869,8.25482625482625e-05
-0.47582,-34.514,27.844,1,1.5132,1,1.5132,0.471138037529715,8.25482625482625e-05
6.6068,-18.748,25.658,1,0.14843,1,0.14843,0.415573065761728,8.25482625482625e-05
3.9968,-20.269,24.404,1,2.08,1,2.08,0.390577515286749,8.25482625482625e-05
2.1042,-18.487,20.06,1,0.28551,1,0.28551,0.305380329190897,8.25482625482625e-05
-5.2421,-2.4732,30.654,1,1.2449,1,1.2449,0.383359299371428,8.25482625482625e-05
-5.1681,-1.3903,32.798,1,0.74975,1,0.74975,0.468078434607317,8.25482625482625e-05
-5.1137,0.46421,27.336,1,0.51081,1,0.51081,0.393191513796453,8.25482625482625e-05
-5.2842,-1.2184,28.126,1,0.86746,1,0.86746,0.427315945891634,8.25482625482625e-05
-5.7254,-1.1495,23.362,1,0.2937,1,1.7149,0.34940754267867,8.25482625482625e-05
-9.6744,3.9603,27.39,1,0.55433,1,2.5197,0.431682717503521,8.25482625482625e-05
-16,2.7382,25.598,1,0.87014,1,4.3428,0.100736764860567,8.25482625482625e-05
-13.799,1.254,23.934,1,0.97416,1,6.9928,0.122273276778589,8.25482625482625e-05
-16.423,-2.3919,16.907,1,2.3559,1,7.1468,0.114561925194013,8.25482625482625e-05
-19.991,-1.183,19.423,1,3.2629,1,5.5022,0.093045092520475,8.25482625482625e-05
-20.483,-7.4744,29.156,1,3.2368,1,3.2368,0.395447896654635,8.25482625482625e-05
-21.326,-0.9431,31.611,1,0.28461,1,0.28461,0.467672844314853,8.25482625482625e-05
-21.423,-10.268,33.545,1,0.36582,1,0.36582,0.378354996808722,8.25482625482625e-05
-19.589,-7.0731,28.476,1,4.291,1,4.291,0.319764797077804,8.25482625482625e-05
-22.288,-17.778,24.324,1,2.6079,1,2.6079,0.321380625900511,8.25482625482625e-05
-18.454,-18.774,22.434,1,5.0669,1,6.3284,0.171626402905594,8.25482625482625e-05
-16.344,-19.06,30.852,1,4.1537,1,4.1537,0.256736385586917,8.25482625482625e-05
-19.226,-18.509,31.932,1,1.5804,1,1.5804,0.38210296100195,8.25482625482625e-05
-9.7078,-19.623,33.392,1,6.8587,1,6.8587,0.363586454740913,8.25482625482625e-05
-5.5213,-17.893,31.151,1,6.5106,1,6.5106,0.419304357923064,8.25482625482625e-05
-5.9701,-13.815,33.705,1,3.9378,1,3.9378,0.370078526113823,8.25482625482625e-05
-5.2292,-11.799,35.364,1,2.0571,1,2.0571,0.436806159671158,8.25482625482625e-05
-13.415,8.4804,21.773,2,1.4848,1,1.4848,0.468937674027174,8.25482625482625e-05
-12.951,8.8828,16.053,2,1.6463,1,1.6463,0.320603634250486,8.25482625482625e-05
-13.329,7.4831,14.24,2,3.232,1,3.232,0.495415081254121,8.25482625482625e-05
-22.791,5.1128,15.467,2,1.3748,1,1.3748,0.41294994511473,8.25482625482625e-05
-21.191,4.8594,16.986,2,2.0702,1,2.0702,0.399633620455513,8.25482625482625e-05
-24.003,2.6935,20.186,2,0.30602,1,0.30602,0.362394435840949,8.25482625482625e-05
-22.866,-2.2028,13.661,2,5.5409,1,5.5409,0.351510309519773,8.25482625482625e-05
-22.755,-2.573,17.919,2,2.2623,1,3.7069,0.220604699515684,8.25482625482625e-05
-13.701,-1.1633,21.047,2,0.352,1,8.7831,0.378868901685132,8.25482625482625e-05
-17.142,1.4196,25.547,2,0.20623,1,4.8629,0.358970703829842,8.25482625482625e-05
-9.1051,-1.245,23.103,2,0.32655,1,4.6582,0.28547258208443,8.25482625482625e-05
-13.656,-1.1961,19.279,2,0.98312,1,7.5405,0.333293884877498,8.25482625482625e-05
-6.8712,-6.3197,13.561,2,1.6276,1,1.6276,0.116417655773688,8.25482625482625e-05
-7.5759,-5.8178,9.5909,2,0.83829,1,0.83829,0.0737505503893237,8.25482625482625e-05
-7.6734,4.6444,8.218,2,0.24199,1,0.24199,0.375051103915275,8.25482625482625e-05
-12.683,9.2256,16.32,2,1.3453,1,1.3453,0.356437481920719,8.25482625482625e-05
-9.7732,11.309,-0.45048,2,1.1386,1,1.1386,0.479635788674458,8.25482625482625e-05
-10.842,13.028,0.12608,2,0.12935,1,0.12935,0.379818592516008,8.25482625482625e-05
-14.231,11.981,3.2954,2,0.63783,1,0.63783,0.339812352557931,8.25482625482625e-05
-14.648,9.994,3.748,2,2.4316,1,2.4316,0.483775820205271,8.25482625482625e-05
-8.0477,8.4851,8.9491,2,1.5564,1,1.5564,0.390653961952403,8.25482625482625e-05
-10.238,8.9651,8.8727,2,2.7375,1,2.7375,0.498698979870536,8.25482625482625e-05
-8.32,5.0116,7.4848,2,0.65916,1,0.65916,0.31645344977988,8.25482625482625e-05
-9.3324,-3.1336,-2.9315,2,1.5461,1,1.5461,0.155942739584794,8.25482625482625e-05
-10.302,-1.9262,-7.4581,2,0.5689,1,0.5689,0.348946707337574,8.25482625482625e-05
-14.91,5.9757,-6.1972,2,0.57099,1,0.57099,0.223309226367848,8.25482625482625e-05
-15.862,8.1658,-3.8161,2,0.57301,1,0.57301,0.371413100856887,8.25482625482625e-05
-11.903,11.373,-4.4059,2,0.15752,1,0.15752,0.442546503142481,8.25482625482625e-05
-19.992,11.444,-1.5286,2,0.88418,1,0.88418,0.499604608720489,8.25482625482625e-05
-18.9,11.381,-3.5412,2,0.42879,1,0.42879,0.420856800472657,8.25482625482625e-05
-16.76,7.7746,-4.038,2,0.33723,1,0.33723,0.33966931080653,8.25482625482625e-05
-16.027,6.4888,-2.3787,2,2.1101,1,2.1101,0.488726242162081,8.25482625482625e-05
-18.573,3.929,-4.5822,2,1.5227,1,1.5227,0.4597935287644,8.25482625482625e-05
-18.783,5.4625,-5.5917,2,0.20084,1,0.20084,0.338215232009966,8.25482625482625e-05
-21.387,0.90836,2.5935,2,8.1247,1,8.1247,0.307358369351501,8.25482625482625e-05
-23.314,8.4011,4.559,2,0.87265,1,0.87265,0.44745985503873,8.25482625482625e-05
-23.713,7.8199,6.7559,2,0.58306,1,0.58306,0.398530825113087,8.25482625482625e-05
-20.623,5.7913,9.4694,2,3.7801,1,3.7801,0.421236132931962,8.25482625482625e-05
-17.612,9.5832,9.8388,2,1.3592,1,1.3592,0.473443328584695,8.25482625482625e-05
-19.787,9.3629,10.224,2,0.92028,1,0.92028,0.338405153195876,8.25482625482625e-05
-27.423,-0.112,7.1265,2,2.4961,1,2.4961,0.413452307467141,8.25482625482625e-05
-26.506,4.9667,7.5079,2,0.60242,1,0.60242,0.476223408005954,8.25482625482625e-05
-26.946,6.1183,5.4265,2,0.23157,1,0.23157,0.489175361098359,8.25482625482625e-05
-25.613,6.0484,2.8809,2,1.6298,1,1.6298,0.427090107385566,8.25482625482625e-05
-23.906,5.9477,4.1059,2,2.5567,1,2.5567,0.394406730075249,8.25482625482625e-05
-19.49,1.5508,2.8367,2,8.6589,1,8.6589,0.434229603390673,8.25482625482625e-05
-19.645,4.306,-0.15742,2,4.975,1,4.975,0.0970425308516576,8.25482625482625e-05
-23.879,5.7408,-6.9845,2,0.18592,1,0.18592,0.338034523947579,8.25482625482625e-05
-27.329,3.6505,-7.5396,2,0.70674,1,0.70674,0.47957461024702,8.25482625482625e-05
-29.001,6.7371,-4.9423,2,0.21921,1,0.21921,0.405106362270124,8.25482625482625e-05
-29.066,6.8174,-2.7879,2,0.4505,1,0.4505,0.44096640422943,8.25482625482625e-05
-32.729,-1.2929,-10.082,2,0.56479,1,0.56479,0.470738528815179,8.25482625482625e-05
-28.33,1.9727,-7.9945,2,1.3929,1,1.3929,0.482271391023233,8.25482625482625e-05
-26.171,0.39396,-10.867,2,0.33623,1,0.33623,0.232640721123343,8.25482625482625e-05
-28.033,-12.19,-9.0875,2,1.0473,1,1.0473,0.467996606301012,8.25482625482625e-05
-35.352,-12.38,-4.1157,2,0.44857,1,0.44857,0.373815856608945,8.25482625482625e-05
-33.592,-0.72252,-2.5476,2,0.63336,1,0.63336,0.344812089145317,8.25482625482625e-05
-31.047,-8.0478,11.052,2,0.37812,1,0.37812,0.357009312772249,8.25482625482625e-05
-30.106,-7.031,9.4791,2,1.3699,1,1.3699,0.463898511554239,8.25482625482625e-05
-29.788,-8.5707,1.6225,2,3.7589,1,3.7589,0.357795385575544,8.25482625482625e-05
-28.925,-12.686,1.4223,2,0.77819,1,4.8953,0.41402817614159,8.25482625482625e-05
-28.838,-13.744,3.1979,2,0.3665,1,4.2672,0.413294453785565,8.25482625482625e-05
-18.859,-13.781,6.2375,2,1.3457,1,7.9937,0.0433034910319595,8.25482625482625e-05
-24.493,-9.1432,12.404,2,2.4933,1,6.0927,0.484413650826548,8.25482625482625e-05
-25.617,-10.477,14.086,2,1.5716,1,4.2003,0.430984671762345,8.25482625482625e-05
-27.555,-13.658,14.249,2,0.35357,1,2.3874,0.454462732377207,8.25482625482625e-05
-27.972,-14.577,12.25,2,0.38216,1,3.0267,0.428436302566971,8.25482625482625e-05
-24.656,-5.7248,19.834,2,0.68666,1,2.4495,0.309030222487688,8.25482625482625e-05
-24.992,-3.9274,19.687,2,0.54815,1,1.6597,0.483171033371758,8.25482625482625e-05
-27.8,-5.6813,17.016,2,0.48797,1,0.48797,0.439223254329208,8.25482625482625e-05
-27.462,-7.6751,17.742,2,0.62905,1,0.62905,0.408783383066584,8.25482625482625e-05
-24.163,-10.068,15.585,2,0.2867,1,4.6236,0.384429286707588,8.25482625482625e-05
-18.521,-1.6238,10.394,2,6.1012,1,8.875,0.400449975795999,8.25482625482625e-05
-23.376,1.1357,13.339,2,4.0085,1,4.0085,0.389986463702371,8.25482625482625e-05
-24.934,-0.065959,13.966,2,3.0345,1,3.0345,0.424465964014514,8.25482625482625e-05
-22.368,0.33922,16.552,2,3.7956,1,3.7956,0.224941063509301,8.25482625482625e-05
-27.867,1.5103,7.4275,2,1.3753,1,1.3753,0.463344589892377,8.25482625482625e-05
-28.194,-23.71,13.869,3,0.24495,1,0.24495,0.315628493661875,8.25482625482625e-05
-22.767,-30.515,9.3511,3,3.8495,1,3.8495,0.42915763086917,8.25482625482625e-05
-20.408,-30.361,12.974,3,4.5601,1,4.5601,0.350874553656489,8.25482625482625e-05
-19.808,-28.639,14.125,3,5.2911,1,5.2911,0.446009278831664,8.25482625482625e-05
-21.882,-30.46,17.182,3,1.37,1,1.37,0.491168651353935,8.25482625482625e-05
-22.246,-32.189,15.565,3,1.32,1,1.32,0.429075338713672,8.25482625482625e-05
-15.297,-23.349,10.649,3,3.9573,1,5.3144,0.258579953990567,8.25482625482625e-05
-21.8,-18.904,13.846,3,1.9966,1,6.5872,0.469171954978126,8.25482625482625e-05
-22.044,-18.482,15.867,3,0.41615,1,5.571,0.298932672645669,8.25482625482625e-05
-24.147,-21.66,19.083,3,0.31112,1,1.9411,0.396401227319611,8.25482625482625e-05
-23.781,-23.651,18.265,3,1.6155,1,1.705,0.485099303688659,8.25482625482625e-05
-27.863,-15.09,14.163,3,0.67075,1,2.1255,0.458372745869024,8.25482625482625e-05
-27.044,-16.114,16.091,3,0.98454,1,1.4509,0.433895510948172,8.25482625482625e-05
-23.339,-18.356,15.622,3,0.92273,1,4.5025,0.414008472920431,8.25482625482625e-05
-22.17,-18.763,13.642,3,2.1293,1,6.3748,0.497780982788606,8.25482625482625e-05
-25.701,-11.637,7.0634,3,1.4176,1,6.5125,0.377335872441634,8.25482625482625e-05
-26.454,-12.99,8.1994,3,0.10664,1,5.5264,0.46793011438429,8.25482625482625e-05
-28.259,-14.306,6.3875,3,0.65914,1,4.5003,0.439751291999051,8.25482625482625e-05
-28.19,-14.928,4.3158,3,1.2707,1,4.7695,0.413549523577628,8.25482625482625e-05
-27.466,-19.747,4.0766,3,5.2077,1,5.2077,0.328998427498396,8.25482625482625e-05
-28.579,-21.994,13.237,3,0.59906,1,0.59906,0.381542484927778,8.25482625482625e-05
-31.257,-27.11,3.7442,3,0.14494,1,0.14494,0.370022562425355,8.25482625482625e-05
-28.34,-18.302,5.9825,3,4.0731,1,4.0731,0.35823149732329,8.25482625482625e-05
-29.62,-15.529,1.6413,3,1.5067,1,4.1818,0.448527262531212,8.25482625482625e-05
-30.276,-17.092,0.031805,3,1.9358,1,3.8048,0.456065832244476,8.25482625482625e-05
-33.01,-16.233,2.5755,3,0.76936,1,0.76936,0.333718463843539,8.25482625482625e-05
-28.76,-15.227,-2.5667,3,0.58449,1,1.8466,0.477343818819526,8.25482625482625e-05
-27.507,-27.993,-2.6847,3,1.0095,1,1.0095,0.424109720043067,8.25482625482625e-05
-32.255,-26.811,-2.7244,3,1.038,1,1.038,0.466371444728926,8.25482625482625e-05
-26.687,-35.291,-1.9892,3,0.15643,1,0.15643,0.307390070228866,8.25482625482625e-05
-28.689,-33.122,0.6737,3,1.006,1,1.006,0.45873718063535,8.25482625482625e-05
-29.327,-32.655,-1.395,3,0.89533,1,0.89533,0.426786506140833,8.25482625482625e-05
-26.269,-29.737,-3.4302,3,0.33344,1,0.33344,0.388545116038731,8.25482625482625e-05
-25.052,-28.082,-2.1913,3,0.39698,1,0.39698,0.492379764495638,8.25482625482625e-05
-17.887,-28.771,2.1553,3,0.97766,1,0.97766,0.365046798264421,8.25482625482625e-05
-22.657,-35.177,3.456,3,1.4183,1,1.4183,0.487515966825706,8.25482625482625e-05
-21.293,-33.88,3.4513,3,0.83425,1,0.83425,0.231639335477108,8.25482625482625e-05
-23.89,-35.903,7.9813,3,1.0953,1,1.0953,0.412612014712925,8.25482625482625e-05
-24.401,-36.347,5.7517,3,1.4938,1,1.4938,0.494890975818652,8.25482625482625e-05
-21.895,-33.21,5.1771,3,2.5103,1,2.5103,0.434068103158296,8.25482625482625e-05
-21.63,-33.172,7.2974,3,4.3454,1,4.3454,0.361527329625487,8.25482625482625e-05
-22.7,-30.04,10.019,3,3.8449,1,3.8449,0.421044335210393,8.25482625482625e-05
-30.395,-28.673,4.5327,3,0.43346,1,0.43346,0.312832487278144,8.25482625482625e-05
-15.262,-43.855,7.7724,3,1.2673,1,1.2673,0.457844146332334,8.25482625482625e-05
-10.96,-40.738,8.1317,3,3.9325,1,3.9325,0.457137279321234,8.25482625482625e-05
-13.671,-39.179,11.294,3,3.6328,1,3.6328,0.415377962882451,8.25482625482625e-05
-18.07,-38.236,11.816,3,1.8792,1,1.8792,0.471799786464547,8.25482625482625e-05
-16.175,-37.241,11.24,3,3.945,1,3.945,0.400903037747118,8.25482625482625e-05
-19.744,-34.039,10.651,3,3.8916,1,3.8916,0.428437825153341,8.25482625482625e-05
-20.096,-40.237,6.34,3,2.1514,1,2.1514,0.481330966890801,8.25482625482625e-05
-20.882,-39.725,8.264,3,0.80796,1,0.80796,0.433776723719378,8.25482625482625e-05
-22.319,-38.843,3.7969,3,1.427,1,1.427,0.458666487697701,8.25482625482625e-05
-20.302,-32.997,1.0861,3,0.81026,1,0.81026,0.31370161195155,8.25482625482625e-05
-14.382,-40.765,1.1147,3,1.723,1,1.723,0.0929721978431852,8.25482625482625e-05
-16.305,-41.329,0.86249,3,1.6457,1,1.6457,0.113095137450933,8.25482625482625e-05
-5.102,-39.255,9.0075,3,0.42181,1,0.42181,0.288523617695986,8.25482625482625e-05
-5.0339,-33.522,14.505,3,1.6653,1,1.558,0.452243998668627,8.25482625482625e-05
-8.2495,-19.012,9.3344,3,0.50632,1,1.298,0.103234701517659,8.25482625482625e-05
-18.317,-22.896,14.009,3,2.8732,1,8.4124,0.227436843622923,8.25482625482625e-05
-19.347,-28.605,16.531,3,3.2868,1,4.2776,0.284160440704185,8.25482625482625e-05
-19.005,-28.472,19.591,3,1.2191,1,3.2076,0.340028427237993,8.25482625482625e-05
-19.272,-35.462,17.258,3,0.6986,1,0.6986,0.438491320462938,8.25482625482625e-05
-17.706,-34.329,18.588,3,1.6235,1,1.6235,0.4983417103661,8.25482625482625e-05
-19.681,-33.916,11.012,3,3.9048,1,3.9048,0.427110345414074,8.25482625482625e-05
-15.911,-36.781,12.147,3,4.1466,1,4.1466,0.409114718416498,8.25482625482625e-05
-17.751,-37.735,13.1,3,2.0828,1,2.0828,0.48774118024072,8.25482625482625e-05
-13.235,-38.387,12.841,3,3.9982,1,3.9982,0.426271444107591,8.25482625482625e-05
-9.6383,-37.097,15.223,3,2.8474,1,5.1004,0.446110193444311,8.25482625482625e-05
-9.7157,-36.61,18.699,3,1.1443,1,4.1195,0.493858934435806,8.25482625482625e-05
-13.162,-38.219,19.047,3,1.265,1,1.265,0.46339429185346,8.25482625482625e-05
-31.427,0.66386,-17.311,6,2.4705,2,2.4705,0.432173978877438,3.17557251908397e-05
-31.022,5.4879,-24.488,6,1.4731,2,1.4731,0.495637886469245,3.17557251908397e-05
-28.568,5.5225,-24.255,6,3.439,2,3.439,0.470807706402287,3.17557251908397e-05
-24.954,0.31815,-26.529,6,9.4024,2,9.4024,0.497504047316839,3.17557251908397e-05
-27.079,2.0867,-29.959,6,7.6943,2,7.6943,0.104293591886339,3.17557251908397e-05
-34.118,2.4259,-35.728,6,1.8496,2,1.8496,0.459763854355233,3.17557251908397e-05
-37.476,0.64911,-33.743,6,0.10711,2,0.10711,0.449251142759957,3.17557251908397e-05
-39.076,-5.0047,-32.462,6,0.26012,2,0.26012,0.314009694565053,3.17557251908397e-05
-38.842,-7.0119,-35.182,6,0.39978,2,0.39978,0.274823720828323,3.17557251908397e-05
-31.131,-16.159,-35.634,6,0.63238,2,0.63238,0.405549395309367,3.17557251908397e-05
-35.44,-19.422,-33.34,6,0.44204,2,0.44204,0.408333707899736,3.17557251908397e-05
-32.891,-9.7454,-9.9236,6,1.3343,2,1.3343,0.105604327399306,3.17557251908397e-05
-35.845,-10.041,-12.514,6,1.188,2,1.188,0.488767888271449,3.17557251908397e-05
-35.936,-11.5,-10.739,6,0.77798,2,0.77798,0.413638858919865,3.17557251908397e-05
-36.6,-11.809,-15.425,6,1.3055,2,1.3055,0.410544185680758,3.17557251908397e-05
-35.188,-10.561,-14.475,6,2.2259,2,2.2259,0.399493236236527,3.17557251908397e-05
-34.665,-10.728,-18.569,6,3.0246,2,3.0246,0.285624860148051,3.17557251908397e-05
-33.581,-16.412,-19.164,6,2.874,2,5.0258,0.370955205924756,3.17557251908397e-05
-33.392,-17.489,-15.329,6,0.5508,2,5.0009,0.407988973971663,3.17557251908397e-05
-20.416,2.3979,-7.0996,6,0.56512,2,0.56512,0.401957407842292,3.17557251908397e-05
-21.582,2.8929,-7.7542,6,0.40768,2,0.40768,0.395793161863276,3.17557251908397e-05
-17.035,-2.0484,-9.6543,6,0.60244,2,0.60244,0.395770090152395,3.17557251908397e-05
-16.926,1.1487,-14.888,6,5.0232,2,5.0232,0.233645692129066,3.17557251908397e-05
-18.532,1.0478,-18.933,6,7.8102,2,7.8102,0.424549980520892,3.17557251908397e-05
-22.995,6.4184,-15.329,6,5.759,2,5.759,0.473265585392053,3.17557251908397e-05
-20.022,6.8746,-12.002,6,5.0454,2,5.0454,0.339595909486055,3.17557251908397e-05
-29.697,7.763,-11.266,6,0.11668,2,0.11668,0.315328377647534,3.17557251908397e-05
-32.736,3.4029,-16.542,6,0.3447,2,0.3447,0.485721356299409,3.17557251908397e-05
-12.678,14.128,-15.1,6,0.40563,2,0.40563,0.178411802134164,3.17557251908397e-05
-13.737,14.195,-13.552,6,0.30293,2,0.30293,0.496483034909367,3.17557251908397e-05
-12.575,10.825,-14.314,6,2.5621,2,2.5621,0.488436892482379,3.17557251908397e-05
-10.787,11.852,-15.354,6,0.67385,2,0.67385,0.406174146392402,3.17557251908397e-05
-11.772,12.275,-20.455,6,0.76976,2,0.76976,0.337702047419591,3.17557251908397e-05
-21.302,14.464,-19.837,6,0.27056,2,0.27056,0.28296274268021,3.17557251908397e-05
-19.421,14.752,-21.044,6,0.29469,2,0.29469,0.497073322013062,3.17557251908397e-05
-21.141,13.663,-14.357,6,0.45414,2,0.45414,0.231923363025363,3.17557251908397e-05
-20.216,7.7518,-9.8548,6,3.2798,2,3.2798,0.249805068418591,3.17557251908397e-05
-19.275,8.7394,-13.962,6,4.6312,2,4.6312,0.470304496466758,3.17557251908397e-05
-21.123,7.7638,-13.641,6,5.0083,2,5.0083,0.381907821290883,3.17557251908397e-05
-21.895,0.55179,-15.641,6,4.3443,2,4.3443,0.404454728010789,3.17557251908397e-05
-19.345,1.0318,-11.723,6,2.1912,2,2.1912,0.106625061370616,3.17557251908397e-05
-8.5083,3.5032,-12.238,6,0.57504,2,0.57504,0.451635431619194,3.17557251908397e-05
-7.2553,3.9608,-16.021,6,0.48994,2,0.48994,0.449185062327368,3.17557251908397e-05
-5.6174,-1.4994,-15.675,6,0.86312,2,0.86312,0.421073328327832,3.17557251908397e-05
-8.3934,-7.42,-23.98,6,0.87756,2,0.87756,0.224474730589861,3.17557251908397e-05
-5.8678,-0.77007,-28.92,6,1.8963,2,1.8963,0.45736002957338,3.17557251908397e-05
-7.799,8.2931,-32.71,6,0.80043,2,0.80043,0.393943202545823,3.17557251908397e-05
-6.3383,7.7178,-31.036,6,0.70018,2,0.70018,0.441511593297094,3.17557251908397e-05
-14.14,6.5635,-31.07,6,6.2938,2,6.2938,0.393764641718359,3.17557251908397e-05
-12.191,10.694,-29.231,6,1.9453,2,1.9453,0.459267948464985,3.17557251908397e-05
-11.907,9.8574,-31.116,6,2.3718,2,2.3718,0.320402520749817,3.17557251908397e-05
-9.7784,12.552,-24.487,6,0.88999,2,0.88999,0.118511455193223,3.17557251908397e-05
-10.198,11.185,-20.826,6,0.70147,2,0.70147,0.469589762810705,3.17557251908397e-05
-16.31,13.917,-39.521,6,0.42605,2,0.42605,0.315356607988941,3.17557251908397e-05
-14.87,12.399,-40.282,6,0.97518,2,0.97518,0.486602740146058,3.17557251908397e-05
-18.731,10.502,-40.046,6,0.59633,2,0.59633,0.468374812648829,3.17557251908397e-05
-20.017,12.554,-39.742,6,0.54244,2,0.54244,0.46320651620823,3.17557251908397e-05
-20.706,14.61,-34.633,6,0.40787,2,0.40787,0.486804670685766,3.17557251908397e-05
-16.848,15.192,-35.026,6,0.59895,2,0.59895,0.238849363522368,3.17557251908397e-05
-10.287,10.748,-32.743,6,0.8268,2,0.8268,0.394485412474538,3.17557251908397e-05
-10.98,7.0085,-30.813,6,4.2287,2,4.2287,0.481318776169865,3.17557251908397e-05
-8.578,8.9529,-37.573,6,0.62797,2,0.62797,0.428491437590805,3.17557251908397e-05
-14.173,0.85563,-41.209,6,0.65423,2,0.65423,0.499547795475422,3.17557251908397e-05
-21.25,-5.5196,-40.15,6,0.78289,2,0.78289,0.296608351128701,3.17557251908397e-05
-26.301,4.4656,-39.871,6,0.64686,2,0.64686,0.157605724625853,3.17557251908397e-05
-25.477,7.9487,-37.606,6,0.54007,2,0.54007,0.431584664062373,3.17557251908397e-05
-21.647,8.6923,-41.022,6,1.6434,2,1.6434,0.37740725030611,3.17557251908397e-05
-19.951,7.9148,-40.776,6,1.3333,2,1.3333,0.421971594311743,3.17557251908397e-05
-30.458,10.883,-35.956,6,0.29537,2,0.29537,0.467997346974377,3.17557251908397e-05
-28.379,7.203,-37.689,6,0.4621,2,0.4621,0.407525410254096,3.17557251908397e-05
-31.485,3.6718,-37.381,6,0.51998,2,0.51998,0.478740509161582,3.17557251908397e-05
-30.134,1.2182,-29.185,6,5.0236,2,5.0236,0.0475437883551013,3.17557251908397e-05
-27.436,0.91841,-26.171,6,6.8785,2,6.8785,0.376740934568245,3.17557251908397e-05
-30.066,7.4141,-26.36,6,1.7831,2,1.7831,0.337753084306366,3.17557251908397e-05
-29.377,8.6039,-27.647,6,1.9179,2,1.9179,0.447666342306046,3.17557251908397e-05
-27.477,9.8615,-22.486,6,1.4164,2,1.4164,0.48298310588138,3.17557251908397e-05
-22.524,8.4341,-22.38,6,5.0373,2,5.0373,0.467846417169552,3.17557251908397e-05
-20.72,12.692,-24.913,6,1.208,2,1.208,0.485452125222793,3.17557251908397e-05
-22.187,12.52,-23.128,6,1.1596,2,1.1596,0.34624740930304,3.17557251908397e-05
-21.318,11.074,-31.937,6,3.8994,2,3.8994,0.491901283680136,3.17557251908397e-05
-22.242,12.87,-33.068,6,2.0231,2,2.0231,0.383776291087682,3.17557251908397e-05
-26.176,13.832,-33.017,6,0.20223,2,0.20223,0.392390640576079,3.17557251908397e-05
-27.295,12.892,-31.6,6,0.31632,2,0.31632,0.410471254003734,3.17557251908397e-05
2.6959,-5.2668,-54.255,11,0.15612,4,0.15612,0.34279812242445,0.000142857142857143
-1.1384,-6.1797,-53.76,11,2.8422,4,2.8422,0.438872444307874,0.000142857142857143
-0.98322,-4.0466,-53.852,11,1.0621,4,1.0621,0.426742635971644,0.000142857142857143
0.47837,-2.8935,-49.016,11,0.58445,4,0.58445,0.32317385180163,0.000142857142857143
5.7956,-7.7255,-47.64,11,1.0497,4,1.0497,0.415993667880588,0.000142857142857143
4.1052,-6.3548,-47.305,11,0.79526,4,0.79526,0.381879770938493,0.000142857142857143
4.3869,-10.212,-44.136,11,2.8627,4,2.8627,0.483273801957788,0.000142857142857143
3.5199,-12.966,-47.66,11,4.7589,4,4.7589,0.417316375292153,0.000142857142857143
1.8432,-12.873,-49.143,11,4.4833,4,4.4833,0.431956977700866,0.000142857142857143
6.0538,-11.527,-50.684,11,1.1474,4,1.1474,0.461795822193631,0.000142857142857143
1.879,-14.239,-52.58,11,1.169,4,1.169,0.413231736244373,0.000142857142857143
2.6309,-12.589,-52.755,11,2.1417,4,2.1417,0.493566077153375,0.000142857142857143
-2.7162,-15.393,-48.302,11,1.4799,4,1.4799,0.395023704056777,0.000142857142857143
-6.5242,-8.8751,-52.288,11,0.95122,4,0.95122,0.487509053803783,0.000142857142857143
-5.9435,-8.3237,-54.508,11,0.67305,4,0.67305,0.41451863056281,0.000142857142857143
-1.6738,-9.7499,-57.611,11,0.56629,4,0.56629,0.359901375730797,0.000142857142857143
-9.149,-7.1844,-54.005,11,1.0136,4,1.0136,0.292881546825882,0.000142857142857143
-16.04,-3.0042,-48.415,11,1.4849,4,1.4849,0.13329938750055,0.000142857142857143
-9.0524,4.4862,-47.763,11,0.30063,4,0.30063,0.368259958684046,0.000142857142857143
-10.523,0.43949,-47.525,11,1.4772,4,1.4772,0.399125842390672,0.000142857142857143
-11.109,1.3908,-45.718,11,0.84559,4,0.84559,0.422631696167821,0.000142857142857143
-1.4602,-0.65337,-48.238,11,0.92971,4,0.92971,0.249473652811212,0.000142857142857143
-2.8901,-0.51966,-53.47,11,0.31153,4,0.31153,0.31939477698623,0.000142857142857143
-3.526,2.5581,-52.895,11,0.56255,4,0.56255,0.266375118838987,0.000142857142857143
-7.7368,-1.4216,-41.884,11,4.1367,4,4.1367,0.305393478253806,0.000142857142857143
-10.414,0.95627,-39.204,11,1.074,4,1.074,0.397205776843519,0.000142857142857143
-7.4001,3.664,-37.867,11,0.38189,4,0.38189,0.36635569017263,0.000142857142857143
-7.6355,4.323,-39.909,11,0.64855,4,0.64855,0.441461789079157,0.000142857142857143
-9.1806,-0.31806,-33.678,11,0.15096,4,0.15096,0.488457838936509,0.000142857142857143
-11.033,-0.61077,-32.911,11,1.2424,4,1.2424,0.405975811398763,0.000142857142857143
-12.817,-7.2927,-31.542,11,0.37338,4,0.37338,0.456555241274066,0.000142857142857143
-10.656,-6.094,-27.758,11,0.55693,4,0.55693,0.257338983624919,0.000142857142857143
-4.5871,-4.0257,-26.143,11,2.9504,4,2.9504,0.334054552582815,0.000142857142857143
-2.5303,-3.0233,-29.119,11,1.5027,4,1.5027,0.0620401429573044,0.000142857142857143
6.1586,-7.6752,-29.9,11,0.54115,4,0.54115,0.339098293269507,0.000142857142857143
7.0237,-8.259,-31.495,11,2.1335,4,2.1335,0.479090766078827,0.000142857142857143
5.2417,-5.2374,-32.947,11,0.91111,4,0.91111,0.482879497036674,0.000142857142857143
4.6207,-5.2132,-30.765,11,0.57517,4,0.57517,0.323928506537571,0.000142857142857143
0.80882,-6.1182,-29.894,11,0.59919,4,0.59919,0.24345585760395,0.000142857142857143
-0.8665,-5.9974,-31.144,11,0.24464,4,0.24464,0.49233632684344,0.000142857142857143
-1.6961,-13.254,-34.923,11,0.86994,4,0.86994,0.301541297185583,0.000142857142857143
8.1439,-9.5793,-40.299,11,0.40978,4,0.40978,0.398563101953184,0.000142857142857143
8.0534,-8.9514,-38.117,11,1.2794,4,1.2794,0.442868728511351,0.000142857142857143
4.9259,-11.285,-37.879,11,4.5333,4,4.5333,0.460936057096049,0.000142857142857143
5.3787,-11.561,-40.084,11,3.4616,4,3.4616,0.364910375303082,0.000142857142857143
2.9775,-10.753,-43.528,11,4.4836,4,4.4836,0.453366779332328,0.000142857142857143
3.6044,-5.9328,-43.428,11,0.84968,4,0.84968,0.440275131415185,0.000142857142857143
5.5269,-7.3302,-44.245,11,1.1296,4,1.1296,0.470625154698949,0.000142857142857143
10.805,-25.386,-40.605,11,1.5917,4,1.5917,0.464827293617273,0.000142857142857143
9.7123,-22.274,-43.417,11,1.0453,4,1.0453,0.317004952821372,0.000142857142857143
11.814,-22.608,-44.039,11,0.4752,4,0.4752,0.468541423349281,0.000142857142857143
9.3113,-17.645,-44.961,11,2.0664,4,2.0664,0.424680532013978,0.000142857142857143
8.5311,-19.148,-44.457,11,2.8483,4,2.8483,0.400223463056131,0.000142857142857143
5.0059,-15.138,-43.748,11,4.708,4,4.708,0.473033944951078,0.000142857142857143
12.142,-15.97,-40.855,11,0.26645,4,0.26645,0.475792119386496,0.000142857142857143
11.186,-15.331,-42.599,11,0.53312,4,0.53312,0.377542795577138,0.000142857142857143
12.478,-12.518,-35.765,11,0.17453,4,0.17453,0.409429350958404,0.000142857142857143
12.605,-14.8,-36.141,11,0.78667,4,0.78667,0.491866854280679,0.000142857142857143
9.3249,-11.933,-38.828,11,1.2235,4,1.2235,0.438667535587213,0.000142857142857143
5.2708,-9.663,-34.308,11,3.8351,4,3.8351,0.360994736984422,0.000142857142857143
7.5028,-18.903,-30.797,11,0.45125,4,0.45125,0.210624332696284,0.000142857142857143
12.547,-20.985,-32.624,11,0.5268,4,0.5268,0.221801636874899,0.000142857142857143
14.181,-18.293,-32.054,11,0.38945,4,0.38945,0.384347629102069,0.000142857142857143
7.7737,-20.699,-33.047,11,0.92402,4,0.92402,0.223338198848359,0.000142857142857143
0.45317,-19.029,-26.882,11,3.9317,4,3.9317,0.324532564858072,0.000142857142857143
-0.79401,-21.193,-28.677,11,2.5736,4,2.5736,0.057014092329751,0.000142857142857143
3.5701,-32.162,-37.148,11,0.4083,4,0.4083,0.479447271078656,0.000142857142857143
8.9076,-30.88,-39.087,11,0.33828,4,0.33828,0.431116469549702,0.000142857142857143
11.61,-30.138,-33.519,11,0.25562,4,0.25562,0.342362965962871,0.000142857142857143
1.9543,-26.628,-41.934,11,0.67459,4,0.67459,0.109297154666561,0.000142857142857143
2.6413,-27.654,-38.544,11,1.6502,4,1.6502,0.419430918620379,0.000142857142857143
2.6737,-29.217,-39.347,11,0.34407,4,0.34407,0.400172056311851,0.000142857142857143
-1.9191,-24.181,-35.251,11,3.1305,4,3.1305,0.499909535900601,0.000142857142857143
-2.073,-26.153,-34.656,11,2.7899,4,2.7899,0.289369364648229,0.000142857142857143
-4.6433,-28.634,-34.59,11,1.7887,4,1.7887,0.394742465358552,0.000142857142857143
-5.5978,-28.881,-36.335,11,0.69708,4,0.69708,0.445661751838579,0.000142857142857143
-5.0129,-16.035,-46.403,11,0.40006,4,0.40006,0.302799269811392,0.000142857142857143
-1.1576,-15.384,-48.267,11,2.9616,4,2.9616,0.29544020923601,0.000142857142857143
0.61474,-16.154,-47.472,11,3.7686,4,3.7686,0.463491152038142,0.000142857142857143
4.918,-17.875,-50.543,11,0.84321,4,0.84321,0.465938298695696,0.000142857142857143
2.6735,-15.389,-48.517,11,3.4877,4,3.4877,0.495805760346486,0.000142857142857143
4.7476,-14.726,-47.345,11,4.1647,4,4.1647,0.408460317611164,0.000142857142857143
5.7818,-14.801,-44.307,11,3.809,4,3.809,0.453308100919118,0.000142857142857143
6.9484,-19.232,-43.623,11,2.8647,4,2.8647,0.354732041022822,0.000142857142857143
8.0446,-22.177,-44.496,11,0.21774,4,0.21774,0.460877653727747,0.000142857142857143
4.6436,-24.109,-45.745,11,1.1292,4,1.1292,0.146260063037563,0.000142857142857143
-19.466,-41.295,-8.109,4,3.4425,2,7.162,0.155060003001902,3.17557251908397e-05
-21.507,-35.557,-3.4749,4,3.923,2,3.9075,0.17130218910084,3.17557251908397e-05
-23.703,-39.773,-13.844,4,2.5559,2,6.9341,0.352833148761831,3.17557251908397e-05
-22.396,-35.419,-17.524,4,4.2185,2,7.6486,0.324512231659462,3.17557251908397e-05
-12.629,-25.785,-16.713,4,3.8032,2,1.77,0.478681806303453,3.17557251908397e-05
-18.542,-23.472,-5.8255,4,2.0075,2,3.9459,0.430138898894212,3.17557251908397e-05
-23.467,-10.21,-13.442,4,0.43741,2,1.9736,0.429607657649919,3.17557251908397e-05
-25.484,-12.478,-16.942,4,1.3116,2,6.1028,0.335743906801442,3.17557251908397e-05
-34.592,-14.033,-9.6679,4,0.53536,2,1.543,0.46501904129484,3.17557251908397e-05
-30.472,-15.614,-4.2733,4,0.1342,2,0.1342,0.409087954542183,3.17557251908397e-05
-28.136,-16.26,-4.6133,4,0.29597,2,0.29597,0.496763041418188,3.17557251908397e-05
-28.457,-12.376,-7.2085,4,0.36116,2,0.36116,0.456673024324127,3.17557251908397e-05
-30.333,-12.672,-6.5111,4,0.77606,2,0.77606,0.3181379424356,3.17557251908397e-05
-35.299,-22.409,-7.948,4,0.85599,2,0.85599,0.470274252431952,3.17557251908397e-05
-37.395,-23.604,-12.15,4,0.36769,2,0.36769,0.238035408625787,3.17557251908397e-05
-33.788,-30.088,-16.99,4,3.1078,2,3.1078,0.238264671586739,3.17557251908397e-05
-29.51,-31.909,-17.037,4,6.426,2,6.426,0.461396748729016,3.17557251908397e-05
-32.738,-35.195,-11.956,4,0.83469,2,0.83469,0.473839283493682,3.17557251908397e-05
-29.611,-36.962,-8.7045,4,1.9488,2,1.9488,0.479094071882672,3.17557251908397e-05
-25.124,-34.073,-7.1908,4,0.96075,2,3.7131,0.374704462004517,3.17557251908397e-05
-29.65,-39.597,-15.811,4,2.7713,2,2.7713,0.41741533347737,3.17557251908397e-05
-32.68,-37.899,-13.236,4,0.13169,2,0.13169,0.409271500550814,3.17557251908397e-05
-34.032,-36.333,-13.956,4,0.27324,2,0.27324,0.429974625603753,3.17557251908397e-05
-27.92,-31.71,-15.627,4,7.2499,2,7.2499,0.319944056152045,3.17557251908397e-05
-35.13,-25.767,-19,4,1.843,2,3.0808,0.392550575313205,3.17557251908397e-05
-33.082,-26.248,-19.481,4,2.3338,2,4.281,0.439440654107609,3.17557251908397e-05
-34.189,-28.961,-21.826,4,1.9695,2,1.9695,0.469287725274537,3.17557251908397e-05
-36.329,-28.355,-21.094,4,1.9499,2,1.9499,0.375681183603169,3.17557251908397e-05
-35.778,-29.237,-22.456,4,1.3027,2,1.3027,0.380488212993447,3.17557251908397e-05
-33.965,-29.719,-21.259,4,2.6058,2,2.6058,0.443826872875158,3.17557251908397e-05
-27.66,-26.68,-25.759,4,1.3783,2,1.3783,0.051059024199107,3.17557251908397e-05
-25.846,-28.914,-25.96,4,1.1225,2,1.1225,0.0511252405863728,3.17557251908397e-05
-28.69,-38.197,-26.127,4,0.51028,2,0.51028,0.116450767103244,3.17557251908397e-05
-28.906,-52.283,-26.112,4,0.37713,2,0.37713,0.26680051054544,3.17557251908397e-05
-28.028,-51.755,-23.932,4,0.28248,2,0.28248,0.258729800374701,3.17557251908397e-05
-30.533,-47.982,-22.913,4,0.27459,2,0.27459,0.242633797246972,3.17557251908397e-05
-29.846,-46.114,-22.394,4,1.5063,2,1.5063,0.484388553845649,3.17557251908397e-05
-28.947,-42.352,-28.395,4,0.91167,2,0.91167,0.229657353738164,3.17557251908397e-05
-26.541,-47.719,-30.307,4,0.79872,2,0.79872,0.166325856575758,3.17557251908397e-05
-22.6,-50.282,-32.819,4,1.3428,2,1.3428,0.415716275490488,3.17557251908397e-05
-18.557,-41.466,-29.947,4,1.202,2,1.202,0.173285676211163,3.17557251908397e-05
-16.205,-46.622,-31.024,4,0.48057,2,0.48057,0.399355482120925,3.17557251908397e-05
-15.002,-51.425,-25.306,4,0.71173,2,5.8244,0.488923591316606,3.17557251908397e-05
-20.082,-55.282,-23.688,4,1.8016,2,1.8016,0.461086969908662,3.17557251908397e-05
-19.851,-52.131,-15.435,4,0.588,2,1.5035,0.436350900543709,3.17557251908397e-05
-22.078,-51.91,-14.61,4,0.35595,2,0.35595,0.463675306179233,3.17557251908397e-05
-18.007,-48.063,-17.546,4,0.32388,2,6.3709,0.368695389346635,3.17557251908397e-05
-17.713,-50.212,-16.926,4,0.11056,2,4.5835,0.424914867543755,3.17557251908397e-05
-22.075,-38.959,-12.851,4,1.0476,2,8.3367,0.437692229479373,3.17557251908397e-05
-24.027,-45.65,-10.43,4,1.1119,2,2.2476,0.361131305929669,3.17557251908397e-05
-27.72,-44.925,-12.924,4,0.7127,2,0.7127,0.460205472983971,3.17557251908397e-05
-28.895,-43.013,-12.19,4,0.82557,2,0.82557,0.444736683943998,3.17557251908397e-05
-30.31,-39.641,-15.656,4,2.2178,2,2.2178,0.44268477573638,3.17557251908397e-05
-27.242,-50.012,-20.414,4,0.83594,2,0.83594,0.390914627344948,3.17557251908397e-05
-26.734,-49.422,-18.498,4,0.91023,2,0.91023,0.421681438096896,3.17557251908397e-05
-14.926,-52.719,-19.937,5,0.24254,2,4.4252,0.467138321579571,3.17557251908397e-05
-16.115,-53.486,-19.391,5,0.28375,2,3.5824,0.389718661555501,3.17557251908397e-05
-12.804,-52.073,-18.458,5,2.4064,2,4.544,0.421460376304838,3.17557251908397e-05
-18.057,-52.17,-12.855,5,1.6214,2,2.0423,0.457232777422831,3.17557251908397e-05
-16.066,-53.521,-12.905,5,1.6594,2,1.6594,0.494075914975101,3.17557251908397e-05
-20.782,-46.403,-11.227,5,1.4319,2,4.3101,0.367001397686318,3.17557251908397e-05
-20.583,-47.744,-11.834,5,0.9433,2,3.8472,0.489118695803515,3.17557251908397e-05
-17.33,-46.206,-13.135,5,2.2697,2,6.8771,0.484023799584018,3.17557251908397e-05
-18.583,-44.696,-12.235,5,1.6991,2,6.9563,0.277338902286188,3.17557251908397e-05
-20.106,-40.192,-14.253,5,0.29002,2,9.2416,0.27816028424091,3.17557251908397e-05
-10.702,-57.065,-30.694,5,0.19868,2,2.2968,0.356874961019166,3.17557251908397e-05
-8.9124,-56.864,-28.147,5,2.2073,2,2.2073,0.441069448252701,3.17557251908397e-05
-12.962,-53.452,-25.516,5,0.14009,2,5.6403,0.37231080731898,3.17557251908397e-05
-13.116,-51.062,-25.044,5,0.88069,2,6.1143,0.496773694601907,3.17557251908397e-05
-16.231,-45.589,-29.989,5,0.89656,2,0.23553,0.385505151269657,3.17557251908397e-05
-11.711,-39.672,-34.182,5,3.351,2,3.351,0.395405570658995,3.17557251908397e-05
0.38062,-51.076,-25.279,5,1.5223,2,1.5223,0.301940997592112,3.17557251908397e-05
-3.1276,-45.886,-27.172,5,0.4386,2,0.4386,0.35758042167326,3.17557251908397e-05
-6.6419,-41.37,-17.984,5,1.7133,2,1.7133,0.352843005983984,3.17557251908397e-05
-5.6896,-48.505,-16.695,5,0.27947,2,0.27947,0.43313804953523,3.17557251908397e-05
-7.0708,-49.061,-15.162,5,1.0259,2,1.0259,0.398588857311863,3.17557251908397e-05
-11.38,-49.299,-15.128,5,4.6101,2,4.6101,0.457842280330346,3.17557251908397e-05
-11.06,-52.734,-18.56,5,3.5999,2,3.8158,0.358158004100318,3.17557251908397e-05
-10.328,-53.722,-16.705,5,2.1603,2,2.1603,0.471173710390735,3.17557251908397e-05
-10.145,-56.867,-20.863,5,1.2514,2,1.2514,0.490548708935321,3.17557251908397e-05
-11.524,-54.79,-20.603,5,2.0998,2,2.655,0.412105445430235,3.17557251908397e-05
-10.29,-55.321,-25.257,5,1.7915,2,4.2665,0.496859302250339,3.17557251908397e-05
-6.0801,-56.87,-21.614,5,1.0536,2,1.0536,0.434808296024762,3.17557251908397e-05
-3.1974,-41.419,-9.5487,5,4.359,2,4.359,0.242649879834506,3.17557251908397e-05
-6.471,-44.917,-9.7473,5,0.38174,2,0.38174,0.387180952859645,3.17557251908397e-05
-8.8826,-44.26,-11.35,5,0.51685,2,0.51685,0.45599388684487,3.17557251908397e-05
-8.112,-45.658,-12.81,5,0.41086,2,0.41086,0.459644007008061,3.17557251908397e-05
-13.461,-33.523,0.51525,5,2.5418,2,2.5418,0.357598416197966,3.17557251908397e-05
-12.87,-35.513,1.1173,5,1.5951,2,1.5951,0.441581351383484,3.17557251908397e-05
-11.643,-36.117,-1.4137,5,0.79954,2,0.79954,0.422778963698877,3.17557251908397e-05
-11.129,-35.86,-3.1305,5,0.30148,2,0.30148,0.453204533786944,3.17557251908397e-05
-7.8439,-28.808,-3.4046,5,3.0359,2,3.0359,0.383700976482194,3.17557251908397e-05
-12.634,-26.059,-3.6705,5,1.7702,2,1.7702,0.43448519182276,3.17557251908397e-05
-10.041,-26.164,-2.4962,5,0.82918,2,0.82918,0.115705971371411,3.17557251908397e-05
-18.928,-22.6,-1.7249,5,0.48638,2,0.48638,0.470715070252159,3.17557251908397e-05
-22.265,-24.343,-4.1364,5,0.76647,2,1.4626,0.489704933115615,3.17557251908397e-05
-22.089,-34.227,1.3955,5,0.15964,2,0.15964,0.375181693541811,3.17557251908397e-05
-14.854,-34.523,2.5179,5,0.074666,2,0.074666,0.472820871235807,3.17557251908397e-05
-13.895,-32.717,1.1806,5,1.9554,2,1.9554,0.495107547073396,3.17557251908397e-05
-16.791,-29.62,2.6261,5,0.16934,2,0.16934,0.487040265437056,3.17557251908397e-05
-17.511,-31.619,3.1674,5,0.67441,2,0.67441,0.285806804257858,3.17557251908397e-05
-19.877,-46.386,-0.80613,5,0.8204,2,0.8204,0.436140382421942,3.17557251908397e-05
-17.159,-43.155,0.87995,5,0.38462,2,0.38462,0.475588968534363,3.17557251908397e-05
-20.478,-39.767,-0.73982,5,1.6483,2,1.6483,0.478799911117994,3.17557251908397e-05
-22.149,-45.416,-10.302,5,0.39435,2,3.5895,0.384827336639991,3.17557251908397e-05
-19.363,-43.356,-14.015,5,0.87515,2,8.1986,0.409567905551348,3.17557251908397e-05
-15.062,-47.267,-10.893,5,5.0669,2,5.8509,0.423806431337905,3.17557251908397e-05
-14.097,-46.567,-8.8255,5,5.2947,2,5.2947,0.499401028257642,3.17557251908397e-05
-18.131,-49.767,-8.636,5,1.7052,2,1.7052,0.453659948054338,3.17557251908397e-05
-11.03,-48.75,-10.763,5,4.2147,2,4.2147,0.467704458654567,3.17557251908397e-05
-7.602,-44.753,-10.813,5,0.64881,2,0.64881,0.449108313252422,3.17557251908397e-05
-6.7913,-44.258,-2.4557,5,0.17022,2,0.17022,0.252749130954653,3.17557251908397e-05
-9.6088,-42.355,-0.28605,5,1.1044,2,1.1044,0.386475960519554,3.17557251908397e-05
-11.409,-43.565,0.40756,5,0.24967,2,0.24967,0.392067078953853,3.17557251908397e-05
-9.7023,-47.879,-0.56704,5,0.58083,2,0.58083,0.486218113765791,3.17557251908397e-05
-6.6759,-32.416,-36.245,7,0.19394,3,0.19394,0.251702232901149,6.66010821446139e-05
-10.62,-31.851,-34.178,7,2.6534,3,2.6534,0.443890173714851,6.66010821446139e-05
-17.319,-25.197,-39.926,7,4.1977,3,6.4443,0.213842314506056,6.66010821446139e-05
-16.624,-23.867,-40.495,7,5.3287,3,5.3287,0.49911939681781,6.66010821446139e-05
-11.08,-20.504,-51.839,7,2.868,3,2.868,0.345739967245813,6.66010821446139e-05
-9.6648,-24.186,-51.412,7,4.2199,3,4.2199,0.330932974325481,6.66010821446139e-05
-16.513,-10.006,-41.27,7,0.091538,3,0.091538,0.265485826359266,6.66010821446139e-05
-13.105,-9.7428,-34.193,7,0.71281,3,0.71281,0.134901365489037,6.66010821446139e-05
-11.794,-11.669,-31.444,7,0.55803,3,0.55803,0.431257109532298,6.66010821446139e-05
-10.894,-16.802,-23.552,7,0.20271,3,0.20271,0.459419703024862,6.66010821446139e-05
-9.715,-16.002,-26.008,7,0.30043,3,0.30043,0.377771199745345,6.66010821446139e-05
-10.238,-13.927,-25.499,7,1.4363,3,1.4363,0.487983019558468,6.66010821446139e-05
-13.308,-13.293,-28.33,7,2.0961,3,2.0961,0.441154197254816,6.66010821446139e-05
-14.321,-14.282,-30.437,7,3.0753,3,3.0753,0.494495910115706,6.66010821446139e-05
-16.838,-22.181,-32.987,7,5.9578,3,5.9578,0.320552345718482,6.66010821446139e-05
-10.307,-23.858,-27.88,7,1.1748,3,1.1748,0.496206220869038,6.66010821446139e-05
-9.2343,-26.119,-28.679,7,1.5131,3,1.5131,0.468309363365528,6.66010821446139e-05
-10.977,-31.629,-28.765,7,0.74648,3,0.74648,0.469586141052304,6.66010821446139e-05
-13.211,-31.249,-29.449,7,1.4763,3,1.4763,0.411475238642393,6.66010821446139e-05
-10.609,-28.76,-31.372,7,2.8193,3,2.8193,0.303149116926045,6.66010821446139e-05
-13.399,-20.674,-32.507,7,2.2105,3,2.2105,0.168096116878387,6.66010821446139e-05
-18.385,-19.008,-25.996,7,2.5404,3,2.5404,0.436909007508718,6.66010821446139e-05
-17.843,-19.108,-23.77,7,1.296,3,1.296,0.394497390307015,6.66010821446139e-05
-16.473,-20.635,-22.135,7,0.42221,3,0.42221,0.354119607877222,6.66010821446139e-05
-12.509,-21.149,-21.856,7,1.6432,3,1.6432,0.47368649849593,6.66010821446139e-05
-13.208,-19.168,-21.376,7,2.1485,3,2.1485,0.489640289646154,6.66010821446139e-05
-19.238,-20.724,-25.823,7,2.6974,3,2.6974,0.388331997838516,6.66010821446139e-05
-18.57,-20.587,-28.04,7,3.8867,3,3.8867,0.463138400857864,6.66010821446139e-05
-20.863,-17.705,-28.264,7,0.85508,3,0.85508,0.446893857681189,6.66010821446139e-05
-21.327,-18.011,-26.324,7,0.12774,3,0.12774,0.341640845681557,6.66010821446139e-05
-26.024,-18.616,-32.599,7,0.83044,3,0.83044,0.150319448450965,6.66010821446139e-05
-25.806,-20.307,-36.096,7,0.34411,3,0.95839,0.295700684799214,6.66010821446139e-05
-26.299,-23.99,-44.328,7,0.52862,3,9.2098,0.284179642443035,6.66010821446139e-05
-14.077,-28.364,-42.555,7,2.5999,3,2.5999,0.0546017153989442,6.66010821446139e-05
-8.5102,-38.63,-37.864,7,0.31953,3,0.31953,0.395400213273424,6.66010821446139e-05
-7.989,-33.87,-33.004,7,2.416,3,2.416,0.388414751566472,6.66010821446139e-05
-11.475,-36.307,-31.165,7,1.172,3,1.172,0.421742583330235,6.66010821446139e-05
-11.474,-39.462,-31.71,7,1.092,3,1.092,0.492476917761731,6.66010821446139e-05
-12.299,-37.273,-31.512,7,1.0377,3,1.0377,0.400914479064174,6.66010821446139e-05
-15.435,-37.703,-32.133,7,0.65237,3,2.091,0.479868261710414,6.66010821446139e-05
-14.463,-39.456,-33.025,7,0.38264,3,2.2973,0.292417636327951,6.66010821446139e-05
-34.374,-47.616,-55.786,8,2.3673,3,2.3673,0.397925078448934,6.66010821446139e-05
-33.343,-39.556,-56.771,8,0.4545,3,0.4545,0.379886966551364,6.66010821446139e-05
-22.554,-29.354,-51.64,8,0.42721,3,1.2455,0.283552218646975,6.66010821446139e-05
-14.46,-50.464,-46.604,8,2.5486,3,2.5486,0.458077160169647,6.66010821446139e-05
-16.397,-39.255,-33.32,8,1.5682,3,2.8437,0.403679812311874,6.66010821446139e-05
-16.527,-38.109,-34.678,8,1.8722,3,4.3852,0.441908409270311,6.66010821446139e-05
-13.97,-45.851,-33.836,8,1.8956,3,1.8956,0.304386566663481,6.66010821446139e-05
-14.926,-46.275,-31.013,8,0.37079,3,0.37079,0.356468106551738,6.66010821446139e-05
-13.266,-47.631,-33.228,8,1.3668,3,1.3668,0.325227170045088,6.66010821446139e-05
-14.783,-41.833,-34.899,8,1.1019,3,3.6243,0.170529410907679,6.66010821446139e-05
-15.241,-40.291,-31.721,8,0.58873,3,0.84882,0.421839229817989,6.66010821446139e-05
-23.31,-38.841,-29.292,8,1.7982,3,1.7982,0.346452930707687,6.66010821446139e-05
-25.832,-38.561,-32.622,8,4.9913,3,4.9913,0.190896928523576,6.66010821446139e-05
-24.873,-47.214,-32.175,8,1.6754,3,1.6754,0.330674065466243,6.66010821446139e-05
-22.851,-46.513,-30.228,8,0.27668,3,0.27668,0.333940222934971,6.66010821446139e-05
-27.064,-51.878,-37.794,8,4.4131,3,4.4131,0.41542806841932,6.66010821446139e-05
-23.093,-53.006,-44.342,8,4.6561,3,4.6561,0.461188564372547,6.66010821446139e-05
-31.093,-48.369,-29.512,8,0.60665,3,0.60665,0.421848747882666,6.66010821446139e-05
-31.93,-43.91,-27.769,8,0.41931,3,0.41931,0.452952075824764,6.66010821446139e-05
-35.927,-43.398,-31.185,8,0.13772,3,0.13772,0.400896473600959,6.66010821446139e-05
-34.59,-46.027,-35.029,8,0.98663,3,0.98663,0.491106106322847,6.66010821446139e-05
-35.124,-46.788,-33.071,8,0.21205,3,0.21205,0.367381565245853,6.66010821446139e-05
-29.867,-46.702,-41.358,8,6.0611,3,6.0611,0.483915727131326,6.66010821446139e-05
-26.727,-47.127,-37.478,8,6.3784,3,6.3784,0.275353011841825,6.66010821446139e-05
-24.896,-42.328,-33.823,8,4.5238,3,4.5238,0.49672798146586,6.66010821446139e-05
-23.569,-41.521,-34.392,8,4.9823,3,4.9823,0.179662837378881,6.66010821446139e-05
-22.954,-35.5,-37.965,8,6.9643,3,8.7149,0.175647037877469,6.66010821446139e-05
-26.97,-35.536,-26.779,8,0.55316,3,0.55316,0.351842164244591,6.66010821446139e-05
-26.069,-39.898,-26.341,8,0.54811,3,0.54811,0.36120806712873,6.66010821446139e-05
-35.861,-33.537,-24.604,8,0.41701,3,0.41701,0.391845994220635,6.66010821446139e-05
-29.236,-34.775,-25.513,8,0.7321,3,0.7321,0.402943242620961,6.66010821446139e-05
-28.193,-30.371,-24.106,8,1.4781,3,1.4781,0.176077239637207,6.66010821446139e-05
-30.104,-21.057,-29.475,8,0.9047,3,0.9047,0.316727788670476,6.66010821446139e-05
-36.434,-23.262,-27.445,8,0.65709,3,0.65709,0.273693325751017,6.66010821446139e-05
-37.874,-31.667,-39.403,8,2.8292,3,2.8292,0.463462632082034,6.66010821446139e-05
-35.013,-39.807,-30.931,8,1.8409,3,1.8409,0.449587564827802,6.66010821446139e-05
-37.667,-37.596,-27.976,8,0.79579,3,0.79579,0.420470392921808,6.66010821446139e-05
-38.289,-35.531,-28.354,8,0.42074,3,0.42074,0.455564604518279,6.66010821446139e-05
-37.929,-31.751,-38.787,8,2.8276,3,2.8276,0.477204313480579,6.66010821446139e-05
-40.906,-31.41,-41.014,8,0.25659,3,0.25659,0.436863104158594,6.66010821446139e-05
-41.963,-31.912,-42.129,8,0.51065,3,0.51065,0.400370290005953,6.66010821446139e-05
-43.294,-30.391,-45.375,8,0.41972,3,0.41972,0.410607062596563,6.66010821446139e-05
-42.802,-28.596,-44.34,8,0.67555,3,0.695,0.412732120822373,6.66010821446139e-05
-44.301,-35.405,-53.971,8,0.29813,3,0.29813,0.449629158317015,6.66010821446139e-05
-45.029,-35.24,-51.701,8,1.2181,3,1.2181,0.499131225162909,6.66010821446139e-05
-42.475,-40.34,-58.458,8,1.0469,3,1.0469,0.465883299671732,6.66010821446139e-05
-30.794,-39.526,-55.964,8,0.34699,3,0.34699,0.05992256721826,6.66010821446139e-05
-28.492,-38.174,-52.741,8,1.042,3,1.042,0.314257826730121,6.66010821446139e-05
-33.204,-45.897,-54.519,8,2.3803,3,2.3803,0.165241412120062,6.66010821446139e-05
-37.156,-46.843,-42.146,8,0.33948,3,0.33948,0.441318737844778,6.66010821446139e-05
-36.272,-49.193,-42.573,8,0.50574,3,0.50574,0.456651941760928,6.66010821446139e-05
-41.039,-40.653,-45.835,8,0.41245,3,0.41245,0.260192894748441,6.66010821446139e-05
-45.034,-25.673,-72.799,9,0.68956,3,0.68956,0.492040021581105,6.66010821446139e-05
-42.737,-27.25,-69.699,9,1.2005,3,1.2005,0.433285637796281,6.66010821446139e-05
-47.516,-23.136,-66.172,9,0.64225,3,0.64225,0.374760898345286,6.66010821446139e-05
-48.129,-24.291,-67.894,9,0.40008,3,0.40008,0.424299843198754,6.66010821446139e-05
-36.224,-17.133,-67.732,9,1.1796,3,1.1796,0.419829586916665,6.66010821446139e-05
-32.839,-15.751,-61.582,9,2.1884,3,2.1884,0.403970576310264,6.66010821446139e-05
-30.912,-18.359,-62.211,9,0.36067,3,0.36067,0.21551195081335,6.66010821446139e-05
-36.691,-28.483,-61.54,9,0.50122,3,0.50122,0.450104645564098,6.66010821446139e-05
-26.392,-26.52,-53.697,9,0.13448,3,0.19294,0.241469557787144,6.66010821446139e-05
-38.96,-22.49,-52.11,9,4.8561,3,4.8561,0.329303433679014,6.66010821446139e-05
-39.464,-22.325,-53.89,9,4.5522,3,4.5522,0.461392479198823,6.66010821446139e-05
-42.818,-27.496,-45.421,9,0.24681,3,1.1024,0.485577096871591,6.66010821446139e-05
-38.918,-20.857,-34.636,9,0.38409,3,1.8103,0.467947539572021,6.66010821446139e-05
-40.56,-20.236,-36.094,9,0.4649,3,0.4649,0.457586787500053,6.66010821446139e-05
-37.827,-24.286,-38.529,9,1.3219,3,3.6707,0.453900474058665,6.66010821446139e-05
-43.103,-11.958,-39.221,9,0.89196,3,0.89196,0.218686341973198,6.66010821446139e-05
-42.434,-10.577,-46.353,9,0.5173,3,0.5173,0.295751565305561,6.66010821446139e-05
-41.489,-12.213,-46.287,9,0.75581,3,0.75581,0.473360546856814,6.66010821446139e-05
-35.578,-13.732,-53.297,9,7.9928,3,7.9928,0.379007082058053,6.66010821446139e-05
-41.998,-11.597,-58.378,9,3.325,3,3.325,0.49329683488575,6.66010821446139e-05
-42.565,-13.38,-59.942,9,3.4001,3,3.4001,0.413162367194999,6.66010821446139e-05
-43.413,-17.469,-59.358,9,2.8629,3,2.8629,0.400801409712844,6.66010821446139e-05
-44.299,-6.0172,-64.628,9,0.30044,3,0.30044,0.460389547859936,6.66010821446139e-05
-42.173,-9.8721,-62.802,9,3.0055,3,3.0055,0.408575230366567,6.66010821446139e-05
-36.791,-12.941,-53.27,9,6.8936,3,6.8936,0.263967136591294,6.66010821446139e-05
-40.026,-5.3892,-48.889,9,1.776,3,1.776,0.477945301463036,6.66010821446139e-05
-41.552,-6.0878,-47.999,9,0.18257,3,0.18257,0.286323954234961,6.66010821446139e-05
-39.994,-1.8175,-42.643,9,1.2338,3,1.2338,0.245936080468607,6.66010821446139e-05
-26.99,-4.427,-39.092,9,0.28878,3,0.28878,0.422233638299262,6.66010821446139e-05
-35.72,0.39104,-60.65,9,1.369,3,5.3335,0.357677729246779,6.66010821446139e-05
-40.119,2.015,-59.796,9,0.68014,3,0.72098,0.47785731295994,6.66010821446139e-05
-39.969,0.37054,-59.772,9,1.2355,3,1.2355,0.494427492976939,6.66010821446139e-05
-40.865,1.3647,-55.581,9,0.22216,3,0.22216,0.179865654393044,6.66010821446139e-05
-34.998,-0.36446,-65.826,9,1.6082,3,8.0369,0.310860091897535,6.66010821446139e-05
-20.422,-7.0601,-58.167,9,3.3695,3,2.7888,0.479710331867299,6.66010821446139e-05
-21.568,-4.9029,-58.493,9,4.737,3,3.9397,0.349767587659198,6.66010821446139e-05
-19.706,-10.196,-57.967,9,1.1029,3,1.594,0.237396644521458,6.66010821446139e-05
-28.569,-5.427,-67.815,9,1.2551,3,1.9036,0.361679356203978,6.66010821446139e-05
-31.531,-16.277,-64.613,9,0.6738,3,0.6738,0.090034925922379,6.66010821446139e-05
-34.229,-16.855,-63.523,9,0.94232,3,0.94232,0.320339855630897,6.66010821446139e-05
-37.038,-14.605,-68.883,9,0.75608,3,0.75608,0.356734300508133,6.66010821446139e-05
-45.179,-11.899,-72.077,9,2.7541,3,2.7541,0.468971231555181,6.66010821446139e-05
-43.773,-4.1006,-71.4,9,2.6457,3,2.6457,0.478328889092866,6.66010821446139e-05
-39.785,-6.2471,-79.286,9,0.59377,3,0.59377,0.483061770566258,6.66010821446139e-05
-40.792,7.0711,-71.439,10,0.32155,3,0.32155,0.498458169234915,6.66010821446139e-05
-40.475,8.865,-71.674,10,0.66333,3,0.66333,0.152726362843395,6.66010821446139e-05
-38.02,11.211,-67.9,10,1.2415,3,1.2415,0.178497368920334,6.66010821446139e-05
-35.003,11.222,-69.875,10,1.6788,3,1.6788,0.354462824305667,6.66010821446139e-05
-36.082,12.733,-70.812,10,0.85946,3,0.85946,0.442541204970218,6.66010821446139e-05
-34.927,14.348,-70.693,10,0.5415,3,0.5415,0.469060387040252,6.66010821446139e-05
-31.083,2.3213,-77.15,10,3.9813,3,3.9813,0.354351784663151,6.66010821446139e-05
-31.396,-3.9503,-73.887,10,0.16029,3,0.70162,0.409201496859128,6.66010821446139e-05
-36.002,-1.8899,-73.774,10,0.88083,3,2.7493,0.326953975973173,6.66010821446139e-05
-38.972,-1.046,-71.748,10,2.0032,3,5.3366,0.0300816527924008,6.66010821446139e-05
-41.814,2.4058,-74.046,10,1.341,3,1.8305,0.0851781233672638,6.66010821446139e-05
-33.568,-3.8011,-56.405,10,1.3974,3,8.5024,0.287766452942434,6.66010821446139e-05
-34.385,2.5829,-54.065,10,3.2021,3,4.398,0.409606954919117,6.66010821446139e-05
-37.372,7.6657,-64.175,10,2.0195,3,2.0195,0.479903229382616,6.66010821446139e-05
-40.526,5.4866,-64.338,10,0.54489,3,0.86189,0.478706416659995,6.66010821446139e-05
-40.746,4.0156,-62.661,10,0.3721,3,0.92945,0.3819138581904,6.66010821446139e-05
-29.89,13.341,-55.128,10,1.2666,3,1.2666,0.37640225537511,6.66010821446139e-05
-33.352,12.661,-57.882,10,0.73569,3,0.73569,0.373430349316087,6.66010821446139e-05
-36.923,6.081,-55.88,10,0.71593,3,0.71593,0.27745456589347,6.66010821446139e-05
-32.945,6.461,-38.571,10,0.53712,3,0.53712,0.441590860952753,6.66010821446139e-05
-27.99,1.0694,-38.425,10,0.9554,3,0.9554,0.393105589823074,6.66010821446139e-05
-28.636,14.527,-44.659,10,0.62184,3,0.62184,0.371731364666634,6.66010821446139e-05
-30.731,11.527,-41.649,10,0.9525,3,0.9525,0.431068039970863,6.66010821446139e-05
-29.335,12.887,-40.588,10,0.48931,3,0.48931,0.454649056026576,6.66010821446139e-05
-19.925,14.752,-49.431,10,0.17072,3,0.17072,0.475853925908128,6.66010821446139e-05
-19.714,2.7863,-55.466,10,8.3045,3,8.3045,0.130235262578965,6.66010821446139e-05
-21.613,15.133,-61.84,10,1.3355,3,1.3355,0.416124352340041,6.66010821446139e-05
-20.985,10.974,-61.83,10,5.3187,3,5.3187,0.48680024958926,6.66010821446139e-05
-21.967,11.686,-63.494,10,4.9293,3,4.9293,0.240210270239373,6.66010821446139e-05
-24.28,9.3756,-66.175,10,7.7046,3,7.7046,0.413361784276564,6.66010821446139e-05
-30.071,15.58,-61.71,10,0.39967,3,0.39967,0.440241809202379,6.66010821446139e-05
-29.442,15.185,-57.279,10,0.33166,3,0.33166,0.294989713550813,6.66010821446139e-05
-24.6,16.222,-56.538,10,0.51097,3,0.51097,0.276533623923246,6.66010821446139e-05
-16.199,14.993,-66.3,10,0.23564,3,0.23564,0.444499558489308,6.66010821446139e-05
-16.891,13.968,-64.508,10,1.6268,3,1.6268,0.370119393767139,6.66010821446139e-05
-12.91,13.384,-64.629,10,0.44215,3,0.44215,0.321326084891188,6.66010821446139e-05
-11.447,11.032,-67.985,10,0.54998,3,0.54998,0.443739879369475,6.66010821446139e-05
-19.279,8.78,-70.206,10,7.5676,3,7.5676,0.499459681425691,6.66010821446139e-05
-24.016,9.4147,-67.489,10,7.6937,3,7.6937,0.419937655788177,6.66010821446139e-05
-22.559,12.629,-64.996,10,4.1912,3,4.1912,0.288041988450602,6.66010821446139e-05
-19.367,15.729,-64.96,10,1.029,3,1.029,0.492149682846821,6.66010821446139e-05
-20.787,7.355,-50.559,10,7.2441,3,7.2441,0.0888065340013217,6.66010821446139e-05
-11.503,9.6884,-52.741,10,1.5331,3,1.5331,0.34737504270965,6.66010821446139e-05
-12.357,13.085,-55.248,10,0.25949,3,0.25949,0.397595230563472,6.66010821446139e-05
-6.2268,6.7089,-55.653,10,0.61519,3,0.61519,0.430819825139795,6.66010821446139e-05
-9.7567,8.6193,-53.47,10,1.3184,3,1.3184,0.43705918974052,6.66010821446139e-05
-13.338,-3.9525,-61.739,10,0.79214,3,0.79214,0.28409042688059,6.66010821446139e-05
-11.317,2.6415,-70.422,10,2.1902,3,2.1902,0.492952314187562,6.66010821446139e-05
-6.6985,6.2105,-66.354,10,0.50165,3,0.50165,0.467518470962159,6.66010821446139e-05
-12.645,-1.7623,-75.116,10,2.4357,3,2.4357,0.0735974237428144,6.66010821446139e-05
-15.991,-8.3742,-68.13,10,5.8157,3,5.8157,0.274636503920939,6.66010821446139e-05
-30.878,-4.3174,-71.217,10,0.59766,3,1.4058,0.39756654601345,6.66010821446139e-05
-30.311,2.2605,-75.652,10,3.2199,3,3.2199,0.376113181678087,6.66010821446139e-05
-17.924,10.685,-76.119,10,4.6281,3,4.6281,0.483272562346146,6.66010821446139e-05
-16.609,3.6236,-80.881,10,1.2087,3,1.2087,0.374485441720375,6.66010821446139e-05
-18.172,1.871,-80.946,10,0.34918,3,0.34918,0.472831727831742,6.66010821446139e-05
37.458,-3.2006,16.527,12,0.34503,5,0.34503,0.311488702431125,0.000192729591836735
33.967,-0.69041,22.306,12,0.54751,5,0.54751,0.38369081715288,0.000192729591836735
28.559,-4.7848,25.023,12,5.786,5,5.786,0.491160147794763,0.000192729591836735
29.013,-10.77,21.318,12,0.87582,5,7.0888,0.264651984308716,0.000192729591836735
29.211,-7.0981,20.43,12,3.4154,5,6.7804,0.451596880110438,0.000192729591836735
27.496,-7.9598,20.298,12,3.4708,5,6.6015,0.355885818361886,0.000192729591836735
25.526,-10.308,15.448,12,0.76243,5,1.4029,0.38976044185756,0.000192729591836735
37.651,2.877,1.9329,12,0.55842,5,0.55842,0.414915464877771,0.000192729591836735
34.276,2.3087,1.5516,12,3.7176,5,3.7176,0.423023285166989,0.000192729591836735
33.722,3.1848,7.6858,12,3.0338,5,3.0338,0.259645795755099,0.000192729591836735
38.406,-2.404,12.899,12,0.2617,5,0.2617,0.346015079976667,0.000192729591836735
31.789,10.252,13.532,12,0.66285,5,0.66285,0.253716218302241,0.000192729591836735
35.382,1.8542,7.6797,12,2.2707,5,2.2707,0.466661406738305,0.000192729591836735
26.871,12.485,-3.1636,12,0.16138,5,0.16138,0.345037080442997,0.000192729591836735
21.773,16.806,6.4069,12,2.2566,5,2.2566,0.0682476738624537,0.000192729591836735
19.023,12.029,21.408,12,0.82198,5,0.82198,0.432157315082084,0.000192729591836735
19.969,10.135,22.396,12,2.1201,5,2.1201,0.47038541852652,0.000192729591836735
21.933,12.907,20.222,12,0.44828,5,0.44828,0.261675600530312,0.000192729591836735
21.003,13.311,15.235,12,0.65189,5,0.65189,0.302851336345302,0.000192729591836735
16.989,3.8708,16.039,12,2.8275,5,2.8275,0.0598312546373601,0.000192729591836735
19.149,0.04057,15.39,12,3.0369,5,3.0369,0.408572400247434,0.000192729591836735
21.459,3.1598,22.222,12,6.0173,5,6.0173,0.35406873483682,0.000192729591836735
19.551,5.5036,22.194,12,4.0347,5,4.0347,0.0884496815556065,0.000192729591836735
32.221,4.2994,23.514,12,0.33384,5,0.33384,0.396176886101715,0.000192729591836735
31.252,9.2817,17.878,12,0.86043,5,0.86043,0.324863544420114,0.000192729591836735
13.365,-2.6358,29.847,12,0.38982,5,0.38982,0.296019251760582,0.000192729591836735
20.604,-5.1844,31.179,12,5.947,5,5.947,0.487819047968539,0.000192729591836735
17.57,9.5759,22.955,12,1.4171,5,1.4171,0.447882628944212,0.000192729591836735
16.592,7.8485,24.258,12,0.70697,5,0.70697,0.47240975447713,0.000192729591836735
20.339,7.5481,23.363,12,3.9892,5,3.9892,0.231594669793448,0.000192729591836735
20.148,5.5746,16.095,12,5.7306,5,5.7306,0.176362619527061,0.000192729591836735
16.654,8.3154,15.524,12,3.0168,5,3.0168,0.496844556533954,0.000192729591836735
12.655,6.9545,18.26,12,1.324,5,1.324,0.36709426817368,0.000192729591836735
13.097,6.4477,17.196,12,1.1618,5,1.1618,0.490350255936936,0.000192729591836735
13.177,-5.3312,28.099,12,1.129,5,1.129,0.44800509560837,0.000192729591836735
13.314,-16.305,32.551,12,0.60683,5,0.60683,0.389911301849298,0.000192729591836735
13.367,-11.676,22.605,12,1.0599,5,1.0599,0.0509449648975796,0.000192729591836735
19.934,-25.356,23.61,12,0.7544,5,1.7175,0.453977312205762,0.000192729591836735
15.313,-23.544,29.587,12,0.59037,5,0.59037,0.468579397818061,0.000192729591836735
27.572,-21.011,24.542,12,0.20422,5,5.6353,0.409672044236383,0.000192729591836735
31.31,-15.848,24,12,0.44868,5,3.7306,0.458184079732803,0.000192729591836735
29.934,-16.643,23.581,12,0.80716,5,4.9497,0.475354371941179,0.000192729591836735
30.21,-11.687,21.126,12,0.24574,5,5.9505,0.387362916565454,0.000192729591836735
29.132,-9.6592,26.369,12,4.4598,5,5.0119,0.384978372214124,0.000192729591836735
27.407,-10.012,27.398,12,5.4863,5,5.9247,0.437444661297504,0.000192729591836735
28.906,-7.1685,29.763,12,3.4235,5,3.4235,0.465191039208038,0.000192729591836735
21.531,-6.0108,32.286,12,5.8774,5,5.8774,0.453169438840855,0.000192729591836735
19.229,-7.9415,33.653,12,4.2069,5,4.2069,0.449161118452694,0.000192729591836735
17.386,-12.603,33.603,12,4.2405,5,4.2405,0.485312763413249,0.000192729591836735
24.104,-24.511,21.713,13,1.8324,5,3.3841,0.441081742856745,0.000192729591836735
23.357,-26.566,21.493,13,2.2404,5,2.8737,0.442115672453587,0.000192729591836735
25.239,-29.401,16.917,13,1.8677,5,1.8677,0.452086190799908,0.000192729591836735
28.869,-27.687,15.17,13,3.1324,5,3.1324,0.416250517592289,0.000192729591836735
32.162,-24.578,14.759,13,4.1452,5,4.1452,0.47007320391998,0.000192729591836735
32.472,-23.249,16.68,13,3.2585,5,3.2585,0.45219137697724,0.000192729591836735
29.671,-18.459,22.79,13,0.98576,5,5.0692,0.496930813122665,0.000192729591836735
31.47,-17.799,19.76,13,4.19,5,4.643,0.433186428939951,0.000192729591836735
29.456,-14.73,18.535,13,2.6414,5,5.004,0.394301889659492,0.000192729591836735
24.621,-19.285,22.039,13,0.38628,5,3.8301,0.343224798865908,0.000192729591836735
21.605,-30.375,12.147,13,3.0778,5,3.0778,0.433727778634917,0.000192729591836735
19.309,-30.318,12.515,13,4.4106,5,4.4106,0.415028469935962,0.000192729591836735
32.255,-30.211,7.7107,13,1.8692,5,1.8692,0.430352798126908,0.000192729591836735
29.107,-29.486,14.449,13,3.329,5,3.329,0.458753849514329,0.000192729591836735
25.015,-31.634,15.042,13,1.189,5,1.189,0.49964712390515,0.000192729591836735
39.678,-25.636,4.0873,13,1.1402,5,1.1402,0.422924494879527,0.000192729591836735
38.337,-26.329,3.2891,13,2.354,5,2.354,0.454614176060147,0.000192729591836735
40.131,-20.19,4.1307,13,1.7481,5,1.7481,0.367571206800727,0.000192729591836735
38.18,-20.971,7.6428,13,2.3159,5,2.3159,0.39692988009514,0.000192729591836735
39.769,-22.249,7.117,13,0.95324,5,0.95324,0.413404499440167,0.000192729591836735
37.66,-24.556,10.007,13,1.3465,5,1.3465,0.492095814975987,0.000192729591836735
37.2,-22.235,9.479,13,2.5217,5,2.5217,0.395959346447024,0.000192729591836735
33.3,-24.39,9.9957,13,3.7685,5,3.7685,0.466784567806859,0.000192729591836735
33.214,-26.085,8.1165,13,2.6316,5,2.6316,0.376766368715598,0.000192729591836735
32.81,-26.351,5.9434,13,1.0802,5,1.0802,0.422621118491493,0.000192729591836735
34.265,-27.479,3.5695,13,0.47494,5,0.47494,0.430253609872353,0.000192729591836735
37.428,-25.538,-2.0154,13,0.21271,5,0.21271,0.319454962118201,0.000192729591836735
35.769,-27.823,-0.94791,13,0.65951,5,0.65951,0.329779262559151,0.000192729591836735
38.956,-20.193,-2.1377,13,1.3113,5,1.3113,0.468115323178943,0.000192729591836735
37.951,-20.704,-2.8232,13,0.33097,5,0.33097,0.362525556686858,0.000192729591836735
36.902,-8.559,0.32038,13,1.9265,5,1.9265,0.453522820675803,0.000192729591836735
40.167,-11.637,2.3168,13,1.7759,5,1.7759,0.392028073967224,0.000192729591836735
41.07,-10.597,0.6987,13,1.2914,5,1.2914,0.412205838753016,0.000192729591836735
40.089,-18.786,3.4253,13,2.0188,5,2.0188,0.418763404581705,0.000192729591836735
40.581,-20.211,-0.30619,13,1.9223,5,1.9223,0.450366840913736,0.000192729591836735
39.583,-18.807,-1.7131,13,1.4345,5,1.4345,0.383184204063374,0.000192729591836735
39.088,-14.056,9.3787,13,1.7152,5,1.7152,0.382878887722596,0.000192729591836735
36.102,-10.673,0.39236,13,3.0712,5,3.0712,0.403185182742865,0.000192729591836735
37.26,-5.6485,0.72036,13,1.5433,5,1.5433,0.481383179893733,0.000192729591836735
37.494,-5.1678,3.1083,13,1.8357,5,3.2317,0.465631493548095,0.000192729591836735
40.624,-6.0291,3.7842,13,0.57604,5,0.57604,0.457655096196709,0.000192729591836735
40.892,-7.0661,1.782,13,0.69044,5,0.69044,0.383049621832598,0.000192729591836735
29.994,-4.6213,3.587,13,0.98758,5,2.9841,0.483950980062999,0.000192729591836735
34.14,-8.2914,13.847,13,1.2672,5,4.4334,0.420963950322711,0.000192729591836735
37.993,-8.68,13.21,13,1.5469,5,1.5469,0.434793591717594,0.000192729591836735
38.81,-8.5167,11.033,13,1.2794,5,1.2794,0.44554717671964,0.000192729591836735
35.682,-14.698,19.114,13,1.3063,5,1.3063,0.472465734566674,0.000192729591836735
37.311,-12.735,15.699,13,1.0119,5,1.0119,0.47878673900788,0.000192729591836735
36.631,-10.875,16.724,13,1.2251,5,1.2251,0.3671882504507,0.000192729591836735
34.503,-8.5151,16.201,13,0.78981,5,3.0878,0.42841488425292,0.000192729591836735
27.338,-13.359,15.399,13,1.7278,5,1.7278,0.214725665411577,0.000192729591836735
31.848,-16.821,19.971,13,3.8839,5,4.4071,0.474442136455733,0.000192729591836735
35.547,-22.113,15.788,13,1.2184,5,1.2184,0.484547633187219,0.000192729591836735
31.697,-19.355,14.722,13,4.6552,5,4.6552,0.480880579625539,0.000192729591836735
32.5,-21.23,13.649,13,4.8915,5,4.8915,0.345509561237537,0.000192729591836735
32.929,-21.875,10.242,13,3.5219,5,3.5219,0.395635889588299,0.000192729591836735
36.453,-19.899,9.7615,13,3.4633,5,3.4633,0.311988509496804,0.000192729591836735
37.113,-21.649,10.916,13,2.2706,5,2.2706,0.465219102062702,0.000192729591836735
39.252,-15.199,10.033,13,1.4204,5,1.4204,0.327879256510133,0.000192729591836735
24.253,18.362,-42.144,16,0.98825,7,1.2356,0.419209491029085,0.000184292146073036
25.204,16.429,-29.34,16,1.5872,7,1.5872,0.477043588973295,0.000184292146073036
28.775,17.992,-32.369,16,0.24048,7,0.24048,0.39642369456974,0.000184292146073036
28.821,17.852,-34.386,16,0.46272,7,0.46272,0.398745326055068,0.000184292146073036
30.564,9.91,-30.344,16,5.132,7,5.132,0.43357531109786,0.000184292146073036
33.103,9.48,-34.065,16,3.9458,7,3.9458,0.148176969890765,0.000184292146073036
29.508,9.8094,-43.578,16,0.46472,7,6.4535,0.300441410496514,0.000184292146073036
30.854,13.555,-43.988,16,0.32665,7,3.407,0.328917784615021,0.000184292146073036
33.12,14.588,-41.154,16,0.42834,7,0.42834,0.359965409333789,0.000184292146073036
34.574,13.223,-42.484,16,0.53386,7,0.53386,0.49483003341017,0.000184292146073036
21.602,-2.8571,-39.512,16,0.7072,7,5.8018,0.367463969546483,0.000184292146073036
9.7945,11.897,-39.765,16,0.49314,7,0.49314,0.46087800222043,0.000184292146073036
11.172,11.507,-41.379,16,0.46634,7,0.46634,0.48629675174062,0.000184292146073036
12.186,8.551,-37.477,16,0.5626,7,0.5626,0.332092755640527,0.000184292146073036
13.669,11.831,-33.094,16,1.4704,7,1.4704,0.398319547263015,0.000184292146073036
14.201,15.724,-36.343,16,1.8745,7,1.8745,0.462457023938305,0.000184292146073036
12.216,15.008,-35.892,16,1.3801,7,1.3801,0.383409665078045,0.000184292146073036
14.879,18.194,-40.297,16,0.60358,7,0.60358,0.401873080889907,0.000184292146073036
15.37,17.545,-38.036,16,1.0537,7,1.0537,0.48249625736379,0.000184292146073036
18.845,17.828,-41.673,16,0.52934,7,1.7845,0.426236895455706,0.000184292146073036
13.488,13.114,-42.919,16,0.26134,7,3.2499,0.383893883210941,0.000184292146073036
13.326,14.864,-43.395,16,0.50622,7,2.9721,0.415120345334336,0.000184292146073036
14.368,17.448,-25.931,16,0.41733,7,0.41733,0.335243175144657,0.000184292146073036
15.849,16.348,-26.647,16,1.797,7,1.797,0.477468650891862,0.000184292146073036
12.922,14.933,-34.546,16,1.8878,7,1.8878,0.426340553315413,0.000184292146073036
14.501,15.942,-33.136,16,1.8394,7,1.8394,0.473409484781718,0.000184292146073036
14.622,11.263,-33.984,16,1.8938,7,1.8938,0.360824171933028,0.000184292146073036
15.72,1.8483,-26.821,16,1.7009,7,1.7009,0.432573506548821,0.000184292146073036
13.375,12.423,-18.52,16,0.73967,7,0.73967,0.433509056717179,0.000184292146073036
17.357,17.652,-12.981,16,0.77018,7,0.77018,0.49783462780103,0.000184292146073036
17.564,18.514,-15.039,16,0.23634,7,0.23634,0.330076376490341,0.000184292146073036
14.876,18.212,-17.324,16,0.43038,7,0.43038,0.493997162761496,0.000184292146073036
14.38,16.376,-15.888,16,0.85675,7,0.85675,0.40098167009073,0.000184292146073036
13.767,14.918,-15.393,16,1.6263,7,1.6263,0.476262939985524,0.000184292146073036
25.85,12.071,-21.863,16,5.562,7,5.562,0.43582417852325,0.000184292146073036
24.701,16.775,-28.797,16,1.249,7,1.249,0.476486132253443,0.000184292146073036
32.235,14.494,-23.577,16,0.4236,7,0.4236,0.453822988519456,0.000184292146073036
24.016,14.467,-22.53,16,4.052,7,4.052,0.486976612050191,0.000184292146073036
22.06,16.476,-18.242,16,1.7087,7,1.7087,0.222378854375923,0.000184292146073036
25.871,10.585,-8.1572,16,2.9455,7,2.9455,0.476952357088316,0.000184292146073036
22.051,7.499,-9.3601,16,0.35983,7,0.35983,0.481841170427715,0.000184292146073036
23.709,-2.484,-12.408,16,0.62763,7,0.62763,0.468048852386603,0.000184292146073036
31.606,-0.40273,-11.554,16,0.78253,7,0.78253,0.4161178038554,0.000184292146073036
34.28,2.3471,-12.233,16,0.41668,7,0.41668,0.468848623678374,0.000184292146073036
35.525,0.97624,-13.607,16,0.32335,7,0.32335,0.430051715289447,0.000184292146073036
33.926,10.494,-15.605,16,0.90089,7,0.90089,0.467246815433307,0.000184292146073036
34.545,11.565,-13.96,16,0.56629,7,0.56629,0.305440818828108,0.000184292146073036
33.189,11.027,-8.8957,16,1.0283,7,1.0283,0.430046328373604,0.000184292146073036
32.992,8.7622,-8.7092,16,1.2748,7,1.2748,0.489123230781553,0.000184292146073036
40.143,-1.4783,-21.416,16,0.20041,7,0.20041,0.482376229631952,0.000184292146073036
37.812,-4.8012,-26.9,16,1.2301,7,1.2301,0.225436784703597,0.000184292146073036
29.272,-4.9543,-26.218,16,0.60967,7,0.60967,0.415812308898272,0.000184292146073036
31.208,-6.701,-31.063,16,0.5438,7,0.5438,0.271551801664966,0.000184292146073036
36.185,-0.9336,-37.765,16,0.3041,7,7.3801,0.383590963334379,0.000184292146073036
42.294,0.64701,-35.063,16,0.87549,7,0.89086,0.498467005803568,0.000184292146073036
37.451,8.9771,-41.127,16,0.17997,7,0.17997,0.486894903618086,0.000184292146073036
37.91,10.048,-39.194,16,0.56472,7,0.56472,0.355773623949673,0.000184292146073036
39.803,8.6061,-37.216,16,0.54196,7,0.54196,0.46815307367395,0.000184292146073036
39.444,6.4902,-38.223,16,0.88148,7,0.88148,0.44237262349742,0.000184292146073036
34.895,5.4931,-41.066,16,2.5302,7,4.3458,0.487544054002582,0.000184292146073036
27.982,10.466,-30.962,16,6.289,7,6.289,0.445208795661455,0.000184292146073036
32.722,12.8,-24.729,16,1.0253,7,1.0253,0.440014842801316,0.000184292146073036
42.286,-18.505,-12.384,14,3.0899,6,3.0899,0.387339824717232,0.00032562358276644
38.81,-22.628,-19.974,14,0.89989,6,1.0852,0.166127409798889,0.00032562358276644
37.835,-21.076,-20.139,14,0.55731,6,1.0168,0.497317855831105,0.00032562358276644
41.613,-11.161,-19.217,14,0.45657,6,4.0437,0.481256369748745,0.00032562358276644
43.246,-10.063,-20.203,14,0.2466,6,2.3567,0.306041130188311,0.00032562358276644
37.939,-2.9521,-18.334,14,1.4577,6,1.7474,0.188981872345792,0.00032562358276644
37.009,-0.4063,-16.449,14,0.29346,6,0.60525,0.381075368241885,0.00032562358276644
41.299,-6.449,-3.0102,14,0.91745,6,0.91745,0.43728665833144,0.00032562358276644
41.285,-2.9477,-5.7308,14,0.79851,6,0.79851,0.456096961380776,0.00032562358276644
34.774,-10.447,-7.5489,14,1.439,6,1.439,0.0433475167414639,0.00032562358276644
34.82,-12.489,-9.9055,14,0.43868,6,0.43868,0.202328896337102,0.00032562358276644
40.567,-10.669,-4.5685,14,1.2691,6,1.2691,0.498015139544399,0.00032562358276644
39.453,-11.707,-5.4669,14,1.452,6,1.452,0.158229349923701,0.00032562358276644
40.948,-13.347,-7.1539,14,3.3266,6,3.3266,0.455427359418232,0.00032562358276644
41.881,-15.313,-7.5359,14,2.8429,6,2.8429,0.318131640237565,0.00032562358276644
42.461,-17.253,-11.614,14,2.6027,6,2.6027,0.377071958813825,0.00032562358276644
40.378,-14.55,-4.722,14,0.97932,6,0.97932,0.458192318102035,0.00032562358276644
35.658,-7.7272,-5.2572,14,1.5353,6,1.5353,0.435131829094887,0.00032562358276644
35.713,-9.4138,-4.8535,14,0.61397,6,0.61397,0.404085793702456,0.00032562358276644
30.398,-6.5,-6.5725,14,1.04,6,1.04,0.487667435230387,0.00032562358276644
30.17,-6.639,-8.3919,14,0.87986,6,0.87986,0.481362975455148,0.00032562358276644
33.121,-9.9356,-4.4996,14,0.24118,6,0.24118,0.32043267753639,0.00032562358276644
32.292,-8.3103,-4.2697,14,0.53126,6,0.53126,0.458853598862704,0.00032562358276644
33.02,-32.64,-14.423,14,7.3479,6,7.3479,0.483852143905952,0.00032562358276644
32.99,-31.833,-13.733,14,7.3796,6,7.3796,0.336535773813494,0.00032562358276644
43.116,-32.207,-15,14,1.7246,6,1.7246,0.442024249546913,0.00032562358276644
41.124,-33.539,-14.439,14,0.75875,6,0.75875,0.461144600195173,0.00032562358276644
40.812,-34.342,-16.015,14,0.51885,6,0.51885,0.486200086072484,0.00032562358276644
42.784,-28.467,-20.772,14,1.7485,6,3.1353,0.470182739094013,0.00032562358276644
40.861,-27.621,-20.454,14,1.4386,6,1.4953,0.374440484199942,0.00032562358276644
42.894,-24.813,-19.382,14,2.3047,6,3.7908,0.206795269341344,0.00032562358276644
44.085,-28.943,-14.909,14,1.3673,6,1.3673,0.417888799749732,0.00032562358276644
45.148,-29.117,-16.605,14,0.89316,6,0.89316,0.439845168532862,0.00032562358276644
43.656,-21.53,-9.6646,14,1.466,6,1.466,0.417598871837097,0.00032562358276644
40.512,-23.425,-6.9958,14,0.79477,6,0.79477,0.415005428831116,0.00032562358276644
42.444,-24.325,-6.2452,14,1.7719,6,1.7719,0.490677928826797,0.00032562358276644
41.039,-30.22,-7.8314,14,0.49925,6,0.49925,0.467474015466397,0.00032562358276644
36.743,-40.399,-23.636,15,4.0699,6,1.8626,0.388323515134145,0.00032562358276644
43.301,-36.185,-30.967,15,3.7441,6,3.9063,0.478410372571085,0.00032562358276644
43.527,-35.231,-28.136,15,1.898,6,3.0286,0.430324129544515,0.00032562358276644
42.855,-34.208,-26.223,15,1.0375,6,3.7296,0.40187477114237,0.00032562358276644
28.196,-31.262,-23.667,15,8.2982,6,8.2982,0.416336158986574,0.00032562358276644
28.627,-30.996,-26.08,15,6.1752,6,6.1752,0.405574900350633,0.00032562358276644
28.455,-43.505,-38.724,15,2.1952,6,2.1952,0.323288057470326,0.00032562358276644
34.634,-42.606,-42.888,15,0.41366,6,0.41366,0.105935177403856,0.00032562358276644
38.271,-44.369,-30.478,15,0.62001,6,0.62001,0.30800875255467,0.00032562358276644
34.244,-44.061,-30.176,15,1.9072,6,1.9072,0.208351916704208,0.00032562358276644
40.374,-16.625,-32.159,15,0.37126,6,0.37126,0.485679560456598,0.00032562358276644
39.851,-14.869,-33.161,15,0.29228,6,0.29228,0.379753610488057,0.00032562358276644
42.114,-10.76,-32.435,15,0.70567,6,0.70567,0.360497090669925,0.00032562358276644
43.608,-10.57,-31.293,15,0.13666,6,0.13666,0.431470020506383,0.00032562358276644
43.545,-3.9471,-23.436,15,0.67385,6,0.67385,0.443647481600958,0.00032562358276644
44.84,-5.534,-24.568,15,0.27783,6,0.47648,0.398269555239225,0.00032562358276644
47.091,-16.586,-22.833,15,0.37361,6,0.37361,0.350586639929022,0.00032562358276644
46.951,-25.192,-25.107,15,0.57692,6,0.57692,0.457184984552343,0.00032562358276644
47.336,-23.911,-23.391,15,0.29567,6,0.29567,0.311937373940805,0.00032562358276644
45.762,-19.851,-23.114,15,1.2509,6,1.5631,0.377204822014697,0.00032562358276644
44.049,-19.367,-24.574,15,2.2162,6,3.1652,0.482864086049051,0.00032562358276644
36.545,-23.742,-26.527,15,0.9824,6,0.9824,0.357212457016754,0.00032562358276644
46.015,-33.063,-28.285,15,0.91079,6,0.91079,0.463397534644124,0.00032562358276644
42.511,-32.737,-31.256,15,4.5858,6,4.5858,0.498301406633477,0.00032562358276644
46.827,-29.173,-34.775,15,0.33091,6,0.33091,0.386166634102278,0.00032562358276644
48.481,-21.907,-29.492,15,0.18672,6,0.18672,0.327017150855366,0.00032562358276644
29.159,-24.536,-54.631,17,0.37015,7,0.37015,0.46258442488795,0.000184292146073036
30.584,-25.55,-53.292,17,0.84555,7,0.84555,0.416585119055154,0.000184292146073036
19.787,-21.697,-49.124,17,1.8983,7,1.8983,0.440034678435871,0.000184292146073036
22.541,-20.185,-55.581,17,0.13846,7,0.13846,0.420713703249095,0.000184292146073036
20.795,-19.021,-55.676,17,0.23744,7,0.23744,0.413479516183211,0.000184292146073036
20.22,-14.129,-52.551,17,4.7779,7,4.7779,0.425693962937636,0.000184292146073036
23.258,-12.974,-56.003,17,2.8747,7,2.8747,0.30875520920153,0.000184292146073036
29.851,-13.841,-56.3,17,0.37426,7,3.2335,0.450515878522687,0.000184292146073036
28.594,-13.701,-54.737,17,0.36428,7,4.3718,0.441177525683311,0.000184292146073036
31.36,-20.058,-56.444,17,0.45527,7,0.45527,0.403628161866152,0.000184292146073036
29.652,-21.22,-56.387,17,0.22429,7,0.22429,0.467059603003195,0.000184292146073036
28.248,-10.72,-43.331,17,0.26217,7,9.7709,0.445155211285102,0.000184292146073036
27.64,-19.659,-41.86,17,3.1088,7,5.8834,0.32059216563476,0.000184292146073036
26.507,-20.227,-43.314,17,4.219,7,5.1674,0.48033707811622,0.000184292146073036
28.249,-24.078,-48.544,17,1.4003,7,3.223,0.475458219652722,0.000184292146073036
30.042,-25.019,-49.721,17,0.38158,7,3.1388,0.415012880059418,0.000184292146073036
34.117,-24.541,-50.279,17,0.28248,7,4.9809,0.49462327462112,0.000184292146073036
34.618,-22.801,-48.747,17,0.19727,7,7.0782,0.43700380084001,0.000184292146073036
28.889,-21.172,-41.357,17,1.2781,7,5.0472,0.447282020204128,0.000184292146073036
29.486,-21.399,-35.358,17,0.8859,7,2.4088,0.436009873674187,0.000184292146073036
17.496,-15.723,-30.995,17,1.0209,7,1.0209,0.267551377719546,0.000184292146073036
17.677,-14.573,-31.743,17,0.12979,7,0.12979,0.494768767756254,0.000184292146073036
20.426,-14.793,-42.845,17,4.2946,7,4.2946,0.47387912250681,0.000184292146073036
19.715,-13.998,-44.581,17,5.0532,7,5.0532,0.340651117482915,0.000184292146073036
21.819,-22.103,-47.495,17,1.6712,7,1.6712,0.270625479029287,0.000184292146073036
13.088,-13.275,-51.77,17,2.3807,7,2.3807,0.238083750449706,0.000184292146073036
18.832,-13.317,-44.898,17,4.9605,7,4.9605,0.338703031523976,0.000184292146073036
17.579,-11.965,-44.202,17,4.7221,7,4.7221,0.468465090505447,0.000184292146073036
12.329,-9.3376,-32.534,17,0.59277,7,0.59277,0.427137500487425,0.000184292146073036
12.295,-1.1838,-37.65,17,0.60949,7,2.8021,0.39826626057596,0.000184292146073036
9.4745,-0.55219,-44.728,17,0.39667,7,0.70061,0.463032582495091,0.000184292146073036
11.738,-3.3225,-49.084,17,1.1645,7,3.6746,0.450347146676306,0.000184292146073036
8.4591,-6.5588,-50.205,17,1.0225,7,1.0225,0.461661495965918,0.000184292146073036
8.2684,-4.4574,-50.147,17,0.5399,7,0.5399,0.362331110838755,0.000184292146073036
10.821,-4.6999,-57.542,17,0.27332,7,3.9384,0.385028984751822,0.000184292146073036
8.6041,-5.6305,-53.696,17,1.5764,7,1.5764,0.471917406850738,0.000184292146073036
8.4844,-3.7629,-54.347,17,0.62725,7,1.0354,0.330822661750391,0.000184292146073036
25.448,-4.8383,-49.61,17,0.72749,7,11.211,0.499476534523549,0.000184292146073036
24.595,-3.5333,-48.541,17,0.28652,7,12.612,0.162854520183895,0.000184292146073036
19.959,-5.1437,-56.565,17,0.34781,7,4.8375,0.195744142015357,0.000184292146073036
21.895,-7.2594,-59.329,17,0.45925,7,1.5438,0.317194192732253,0.000184292146073036
25.796,-8.7279,-59.119,17,1.5126,7,1.5126,0.483034681134448,0.000184292146073036
24.285,-14.399,-54.799,17,3.0667,7,3.0667,0.249725610506138,0.000184292146073036
21.83,-15.624,-51.691,17,5.0009,7,5.0009,0.383674617972873,0.000184292146073036
13.576,-15.528,-51.848,17,1.8385,7,1.8385,0.440347934543956,0.000184292146073036
8.5691,-8.9472,-57.975,17,1.4966,7,1.4966,0.417252736628003,0.000184292146073036
9.1643,-9.115,-55.841,17,1.2264,7,1.2264,0.437295867193841,0.000184292146073036
12.457,-7.0585,-56.323,17,1.4128,7,4.3263,0.456694584681891,0.000184292146073036
11.798,-7.3238,-58.379,17,1.7117,7,2.277,0.325585029850352,0.000184292146073036
47.913,-26.596,-52.119,18,1.1349,7,4.3508,0.225777946751134,0.000184292146073036
47.942,-31.495,-56.12,18,1.3946,7,4.5118,0.458563527846596,0.000184292146073036
42.514,-25.545,-55.716,18,2.6099,7,3.1057,0.150938218796514,0.000184292146073036
46.244,-25.129,-35.016,18,1.4431,7,1.4431,0.485812315474764,0.000184292146073036
47.159,-26.807,-36.65,18,1.955,7,1.955,0.488709050204177,0.000184292146073036
46.131,-26.276,-40.334,18,2.9947,7,2.9947,0.463665104756522,0.000184292146073036
37.975,-15.499,-33.26,18,0.49234,7,0.66588,0.269553008577163,0.000184292146073036
42.992,-25.751,-34.024,18,0.30597,7,0.30597,0.341465588365954,0.000184292146073036
44.128,-24.388,-34.889,18,1.1963,7,1.1963,0.463564819041863,0.000184292146073036
31.7,-25.208,-33.957,18,2.089,7,2.089,0.309049369649051,0.000184292146073036
31.461,-24.585,-36.816,18,3.4639,7,4.213,0.103169804240239,0.000184292146073036
34.796,-29.807,-37.153,18,2.1767,7,2.1767,0.124479721383916,0.000184292146073036
40.399,-35.457,-40.157,18,0.82943,7,0.82943,0.463950346080936,0.000184292146073036
38.804,-32.522,-44.375,18,6.1177,7,6.1177,0.288028466296353,0.000184292146073036
42.829,-31.969,-45.571,18,5.8475,7,6.6901,0.376230474110849,0.000184292146073036
45.496,-30.705,-43.898,18,3.8872,7,3.8872,0.439078149499663,0.000184292146073036
46.773,-29.842,-39.459,18,2.6085,7,2.6085,0.433918223662102,0.000184292146073036
46.329,-30.575,-38.21,18,1.1283,7,1.1283,0.429800616622825,0.000184292146073036
44.473,-30.878,-36.696,18,0.22845,7,0.22845,0.48634000601837,0.000184292146073036
43.399,-33.745,-38.378,18,0.2905,7,0.2905,0.411535263829384,0.000184292146073036
32.384,-41.143,-42.513,18,1.2982,7,1.2982,0.47368724227095,0.000184292146073036
30.062,-38.833,-45.965,18,0.35212,7,0.35212,0.191939590430944,0.000184292146073036
29.266,-37.544,-47.224,18,0.41796,7,0.41796,0.498912898614201,0.000184292146073036
32.488,-39.676,-49.085,18,0.36015,7,0.36015,0.481079661912531,0.000184292146073036
37.501,-39.342,-49.166,18,3.8651,7,3.8651,0.443349357609146,0.000184292146073036
37.089,-41.32,-42.248,18,0.28056,7,0.28056,0.45123502777941,0.000184292146073036
34.503,-33.959,-35.282,18,0.49254,7,0.49254,0.347130461081767,0.000184292146073036
33.22,-35.071,-36.719,18,0.56907,7,0.56907,0.468643746004493,0.000184292146073036
36.407,-32.885,-37.037,18,0.18638,7,0.18638,0.315064174459504,0.000184292146073036
34.685,-26.789,-34.965,18,2.4992,7,2.4992,0.238381591054698,0.000184292146073036
32.901,-28.562,-32.67,18,0.80109,7,0.80109,0.426407209347209,0.000184292146073036
38.768,-27.75,-55.28,18,0.30695,7,1.9106,0.357586184596262,0.000184292146073036
38.36,-35.617,-56.618,18,0.78523,7,0.78523,0.265538344409803,0.000184292146073036
33.161,-38.087,-54.747,18,2.5257,7,2.5257,0.487632494371082,0.000184292146073036
48.477,-1.2544,-68.347,19,0.22422,7,0.22422,0.396064789092516,0.000184292146073036
46.437,1.605,-66.593,19,0.3157,7,0.3157,0.404628020670415,0.000184292146073036
48.168,-0.47327,-60.519,19,0.80316,7,0.80316,0.270795980621234,0.000184292146073036
50.32,-7.1719,-62.275,19,0.22746,7,0.22746,0.491818173861637,0.000184292146073036
49.369,-5.4972,-60.753,19,0.15872,7,0.15872,0.38541800286103,0.000184292146073036
45.786,-10.528,-62.349,19,2.8122,7,2.8122,0.363873680244456,0.000184292146073036
43.659,-9.9715,-62.809,19,1.5326,7,1.5326,0.496203578550721,0.000184292146073036
41.03,-9.5473,-62.636,19,1.0916,7,1.0916,0.38058860066642,0.000184292146073036
35.479,-10.538,-57.734,19,3.3178,7,3.3178,0.262433953326234,0.000184292146073036
33.509,-9.2872,-60.701,19,1.1102,7,1.1102,0.195523149202495,0.000184292146073036
33.121,-1.313,-62.719,19,0.30843,7,2.58,0.432927472243598,0.000184292146073036
35.953,0.29668,-61.433,19,1.5707,7,4.9483,0.259287152189438,0.000184292146073036
38.66,1.0465,-66.366,19,0.271,7,2.2318,0.38429686113471,0.000184292146073036
38.251,-3.0989,-66.564,19,0.31293,7,0.31293,0.442724653693247,0.000184292146073036
36.654,-1.4974,-66.453,19,0.41532,7,0.41532,0.352045964406993,0.000184292146073036
34.068,3.0899,-59.578,19,1.1763,7,7.4476,0.10233141762139,0.000184292146073036
32.858,5.2191,-47.244,19,1.2894,7,7.3838,0.495287334328269,0.000184292146073036
38.538,4.6681,-48.853,19,1.1154,7,3.4867,0.423941360226237,0.000184292146073036
38.588,3.5375,-47.19,19,1.9436,7,3.3617,0.379758353457041,0.000184292146073036
41.005,-0.73713,-48.036,19,3.1449,7,3.1449,0.334761141563753,0.000184292146073036
41.341,-1.5365,-49.71,19,3.565,7,3.565,0.487191597497083,0.000184292146073036
42.603,5.75,-56.817,19,0.30151,7,0.58782,0.423718026669087,0.000184292146073036
41.319,6.1437,-55.104,19,0.12529,7,1.6503,0.422005201777223,0.000184292146073036
41.063,1.0731,-48.448,19,2.5583,7,2.5583,0.443739935686517,0.000184292146073036
41.873,2.1479,-45.061,19,0.49986,7,0.49986,0.439521195168621,0.000184292146073036
42.59,1.8292,-43.52,19,0.49371,7,0.49371,0.447719383639711,0.000184292146073036
41.721,1.6857,-38.966,19,0.32289,7,1.7977,0.467849443340696,0.000184292146073036
40.33,2.3855,-38.358,19,1.5035,7,2.3433,0.303778942567867,0.000184292146073036
32.875,-0.32847,-39.553,19,0.62754,7,9.6004,0.470643470937343,0.000184292146073036
42.159,-6.6256,-31.281,19,0.69802,7,0.69802,0.497997538461992,0.000184292146073036
45.735,-7.8396,-34.135,19,0.34035,7,0.34035,0.498412771871746,0.000184292146073036
47.779,-12.357,-41.018,19,0.71148,7,0.71148,0.477612937275562,0.000184292146073036
47.134,-11.839,-38.684,19,0.38615,7,0.38615,0.418513896106788,0.000184292146073036
45.112,-9.6393,-37.056,19,1.3364,7,1.3364,0.479062143181598,0.000184292146073036
39.003,-11.215,-46.796,19,8.4438,7,9.5035,0.251871701550744,0.000184292146073036
45.361,-9.923,-53.86,19,3.71,7,3.71,0.465643446734022,0.000184292146073036
48.071,-6.5767,-52.643,19,0.16754,7,0.16754,0.426557139818085,0.000184292146073036
48.879,-8.3304,-53.859,19,0.22621,7,0.22621,0.439841388839736,0.000184292146073036
48.61,-26.13,-54.587,19,2.1468,7,4.0828,0.494964268892022,0.000184292146073036
46.857,-18.196,-58.308,19,4.6799,7,4.6799,0.484570926947458,0.000184292146073036
46.898,-13.237,-56.172,19,3.7433,7,3.7433,0.42288888933137,0.000184292146073036
49.969,-14.413,-52.814,19,0.33723,7,0.33723,0.352532978690986,0.000184292146073036
49.63,-15.573,-51.198,19,0.95518,7,0.95518,0.435379036987123,0.000184292146073036
50.291,-14.122,-46.813,19,0.33102,7,0.33102,0.254052220089584,0.000184292146073036
45.365,-10.334,-44.02,19,3.0859,7,3.0859,0.16340003096026,0.000184292146073036
46.408,-12.013,-40.05,19,1.5136,7,1.5136,0.383361439072341,0.000184292146073036
45.704,-18.308,-39.386,19,0.25489,7,2.8796,0.471656372392924,0.000184292146073036
44.626,-17.342,-40.187,19,0.70428,7,3.6494,0.486174261483501,0.000184292146073036
49.263,-22.123,-44.103,19,0.37924,7,1.7981,0.355781317163611,0.000184292146073036
45.105,-21.673,-44.764,19,0.55121,7,5.1366,0.462827394547565,0.000184292146073036
43.716,-21.178,-41.138,19,0.99856,7,5.0695,0.138137807549954,0.000184292146073036
35.996,-17.671,-36.147,19,2.0608,7,3.2623,0.122582100563002,0.000184292146073036
32.153,-15.757,-38.177,19,0.17046,7,4.4127,0.346084520223112,0.000184292146073036
33.993,-18.976,-49.241,19,1.3842,7,7.8019,0.348034453261247,0.000184292146073036
35.506,-18.079,-50.185,19,2.9976,7,7.9038,0.498836791777222,0.000184292146073036
42.059,-27.942,-51.357,19,0.17282,7,6.6229,0.487094680536687,0.000184292146073036
40.36,-27.738,-49.826,19,1.1966,7,7.1001,0.442472702254366,0.000184292146073036
27.703,-12.589,-48.923,19,1.346,7,9.4332,0.366894868823013,0.000184292146073036
31.065,-7.1877,-58.564,19,3.0952,7,3.4816,0.468327356205498,0.000184292146073036
34.563,-6.8621,-56.336,19,6.0596,7,6.0596,0.160346541941151,0.000184292146073036
37.992,-9.0055,-61.522,19,1.3598,7,1.3598,0.244129201230404,0.000184292146073036
45.954,-14.124,-64.599,19,0.26469,7,0.26469,0.40271000865504,0.000184292146073036
46.794,-12.922,-60.663,19,3.8709,7,3.8709,0.367397331376116,0.000184292146073036
47.689,-14.052,-57.92,19,3.4297,7,3.4297,0.454500791396864,0.000184292146073036
46.225,-18.548,-58.484,19,4.135,7,4.135,0.347632260150928,0.000184292146073036
14.814,5.3553,-75.994,20,1.5116,7,1.5116,0.0782289519081669,0.000184292146073036
23.043,10.186,-77.529,20,0.090712,7,0.090712,0.33876922451267,0.000184292146073036
27.855,2.1666,-68.171,20,0.67145,7,0.67145,0.330317204538294,0.000184292146073036
29.162,0.73422,-61.392,20,2.4242,7,4.0038,0.302815651341427,0.000184292146073036
29.035,-2.5385,-62.586,20,1.4027,7,1.7311,0.418907993002463,0.000184292146073036
22.248,-7.3846,-58.117,20,1.3351,7,2.6093,0.101724960462795,0.000184292146073036
21.917,-5.4717,-53.865,20,0.72421,7,7.0246,0.498480669075295,0.000184292146073036
15.729,-6.7705,-57.604,20,0.76828,7,3.1942,0.370309925655554,0.000184292146073036
10.026,5.9,-65.681,20,0.22572,7,0.22572,0.488900658874764,0.000184292146073036
16.592,1.4547,-59.058,20,6.2239,7,6.2239,0.464815751539864,0.000184292146073036
16.694,-0.2029,-58.511,20,4.9996,7,5.7169,0.330366608331707,0.000184292146073036
12.768,-2.7631,-56.176,20,1.5898,7,5.1172,0.358931768432252,0.000184292146073036
11.004,-1.774,-56.28,20,2.0667,7,3.2506,0.453405757113139,0.000184292146073036
9.8197,-2.7972,-51.206,20,0.75507,7,1.7491,0.476203804256277,0.000184292146073036
10.928,2.2592,-44.968,20,0.85201,7,0.85201,0.429666559545038,0.000184292146073036
7.0243,10.161,-56.438,20,1.3449,7,1.3449,0.454733022543561,0.000184292146073036
7.2515,15.538,-58.774,20,0.62313,7,0.62313,0.340611566112599,0.000184292146073036
9.6029,13.389,-51.586,20,1.7939,7,1.7939,0.489213737361298,0.000184292146073036
16.024,16.299,-49.125,20,2.8849,7,2.8849,0.466226942965352,0.000184292146073036
19.553,14.628,-51.928,20,4.9487,7,4.9487,0.165416905876027,0.000184292146073036
16.425,19.25,-58.359,20,1.3378,7,1.3378,0.276103459867712,0.000184292146073036
12.607,18.392,-57.337,20,0.87543,7,0.87543,0.43556043203532,0.000184292146073036
14.019,19.537,-56.132,20,0.50278,7,0.50278,0.353116841584595,0.000184292146073036
19.041,17.901,-68.341,20,3.1978,7,3.1978,0.401757322543163,0.000184292146073036
20.737,16.107,-69.468,20,5.2773,7,5.2773,0.473446638215852,0.000184292146073036
17.335,12.949,-72.91,20,4.6094,7,4.6094,0.481374772816478,0.000184292146073036
27.218,21.203,-59.21,20,0.47135,7,0.47135,0.234514712088895,0.000184292146073036
21.213,14.665,-65.852,20,6.5966,7,6.5966,0.40522717347887,0.000184292146073036
20.095,16.299,-64.166,20,5.0038,7,5.0038,0.284333663607796,0.000184292146073036
18.834,19.975,-63.311,20,1.1653,7,1.1653,0.444502824467903,0.000184292146073036
20.158,18.835,-48.442,20,1.0881,7,1.0881,0.342698845704675,0.000184292146073036
18.844,20.35,-51.507,20,0.67586,7,0.67586,0.293338859362651,0.000184292146073036
22.957,19.827,-47.774,20,0.57989,7,0.57989,0.458523739732477,0.000184292146073036
22.014,18.514,-43.405,20,0.36079,7,1.9355,0.403424945691385,0.000184292146073036
33.496,12.216,-43.69,20,0.68761,7,2.2964,0.470022262868297,0.000184292146073036
35.838,11.144,-48.526,20,2.3514,7,2.3911,0.464304617400299,0.000184292146073036
32.686,9.3442,-52.981,20,5.2754,7,5.2754,0.372862159022375,0.000184292146073036
32.294,18.055,-57.276,20,0.22808,7,0.22808,0.275512490020857,0.000184292146073036
28.649,19.16,-55.476,20,0.66792,7,0.66792,0.397744317339985,0.000184292146073036
38.706,13.545,-62.199,20,0.36914,7,0.36914,0.47666314080058,0.000184292146073036
37.348,14.481,-63.87,20,0.69865,7,0.69865,0.485344325992997,0.000184292146073036
33.652,14.039,-62.377,20,3.3698,7,3.3698,0.37608494405427,0.000184292146073036
32.189,12.852,-60.938,20,4.7709,7,4.7709,0.48513825169227,0.000184292146073036
33.505,11.407,-51.704,20,3.4647,7,3.4647,0.4446707640273,0.000184292146073036
37.823,11.516,-51.608,20,0.54311,7,0.54311,0.469356136540712,0.000184292146073036
38.653,11.717,-53.708,20,0.50798,7,0.50798,0.390895362577382,0.000184292146073036
40.261,9.5302,-53.808,20,0.15546,7,0.15546,0.433821082693429,0.000184292146073036
39.619,8.4731,-51.592,20,1.1824,7,1.1824,0.499029801525648,0.000184292146073036
39.347,3.9187,-67.245,20,1.4871,7,3.2228,0.449906821693615,0.000184292146073036
35.52,2.4226,-68.033,20,0.87665,7,0.87665,0.408436056907443,0.000184292146073036
37.391,2.2614,-69.356,20,0.1551,7,0.1551,0.411740354402287,0.000184292146073036
28.853,2.3003,-68.773,20,0.81039,7,0.81039,0.173255349465832,0.000184292146073036
26.166,2.4517,-65.393,20,1.4883,7,1.4883,0.376745359718249,0.000184292146073036
28.588,7.8281,-72.1,20,0.22866,7,0.22866,0.335196532753643,0.000184292146073036
27.911,20.607,-70.667,20,1.3612,7,1.3612,0.486869773897347,0.000184292146073036
30.551,17.155,-68.519,20,2.2159,7,2.2159,0.367343778390318,0.000184292146073036
34.272,18.311,-67.308,20,0.75232,7,0.75232,0.294569834678719,0.000184292146073036
36.869,16.39,-70.985,20,0.421,7,0.421,0.257362372396663,0.000184292146073036
-13.358,-30.894,24.374,1,2.2529,1,3.3307,0.36569402129577,8.25482625482625e-05
-9.7822,-30.778,28.053,1,3.8491,1,3.8491,0.429066290275502,8.25482625482625e-05
-10.041,-28.799,29.436,1,4.774,1,4.774,0.475406561744893,8.25482625482625e-05
-11.836,-32.339,30.484,1,0.83751,1,0.83751,0.39456347746766,8.25482625482625e-05
-6.6635,-22.084,27.777,1,10.74,1,10.74,0.278557727835941,8.25482625482625e-05
-9.6928,-20.856,31.311,1,7.81,1,7.81,0.426891636228368,8.25482625482625e-05
-7.9764,-21.408,32.509,1,7.615,1,7.615,0.465034823679977,8.25482625482625e-05
-11.814,-20.387,34.154,1,4.8592,1,4.8592,0.447863294906602,8.25482625482625e-05
-11.626,-20.449,32,1,6.3285,1,6.3285,0.354895647119274,8.25482625482625e-05
-15.898,-19.627,32.651,1,3.1025,1,3.1025,0.420168003521287,8.25482625482625e-05
-16.846,-22.624,33.79,1,0.8796,1,0.8796,0.35816491537737,8.25482625482625e-05
-17.123,-24.576,33.006,1,0.64928,1,0.64928,0.474839010595719,8.25482625482625e-05
-13.723,-25.612,35.472,1,0.75179,1,0.75179,0.463259489564991,8.25482625482625e-05
-22.338,-20.048,27.213,1,0.62983,1,0.62983,0.416181586176619,8.25482625482625e-05
-21.135,-20.322,29.203,1,0.79391,1,0.79391,0.441009576686793,8.25482625482625e-05
-17.354,-19.587,29.831,1,3.9104,1,3.9104,0.475699975316138,8.25482625482625e-05
-23.158,-17.382,19.95,1,2.4597,1,3.5069,0.470209180209991,8.25482625482625e-05
-19.473,-25.629,24.746,1,1.6636,1,1.6636,0.463293636158514,8.25482625482625e-05
-20.404,-25.156,26.532,1,0.47113,1,0.47113,0.360167331881596,8.25482625482625e-05
-10.944,-30.56,23.867,1,3.2063,1,5.1427,0.393036030324635,8.25482625482625e-05
-5.0498,-38.283,20.011,1,1.7412,1,1.7412,0.414218749670828,8.25482625482625e-05
-3.1934,-38.891,20.673,1,0.80303,1,0.80303,0.395507431058518,8.25482625482625e-05
-0.62757,-36.843,22.26,1,1.8786,1,1.8786,0.419540392295528,8.25482625482625e-05
-2.3996,-34.66,25.529,1,2.5919,1,2.5919,0.418770061865079,8.25482625482625e-05
-2.2202,-36.694,25.86,1,0.69626,1,0.69626,0.400546205877478,8.25482625482625e-05
-8.324,-30.599,24.735,1,5.2853,1,5.8584,0.321673411851375,8.25482625482625e-05
-11.319,-29.657,17.482,1,0.64548,1,6.9229,0.247418798895689,8.25482625482625e-05
-4.4747,-38.202,15.921,1,0.65418,1,3.5849,0.356410676276519,8.25482625482625e-05
0.53414,-42.229,11.167,1,0.7372,1,0.7372,0.487055702820559,8.25482625482625e-05
-2.4488,-41.555,13.754,1,0.35117,1,2.5124,0.360368119351286,8.25482625482625e-05
-4.614,-37.669,12.372,1,0.30707,1,1.6549,0.301533228023818,8.25482625482625e-05
-5.2649,-35.824,13.399,1,0.29522,1,1.6579,0.468111992916012,8.25482625482625e-05
6.5716,-38.726,15.436,1,0.41496,1,0.41496,0.47641164872885,8.25482625482625e-05
6.4059,-33.199,17.917,1,1.1622,1,1.1622,0.231955570195883,8.25482625482625e-05
6.0514,-34.264,21.909,1,2.3127,1,2.3127,0.424658597467508,8.25482625482625e-05
4.4797,-35.745,23.198,1,3.8218,1,3.8218,0.463654465821588,8.25482625482625e-05
1.4359,-38.846,22.121,1,0.51256,1,0.51256,0.358758388981594,8.25482625482625e-05
1.418,-40.099,20.032,1,0.59871,1,0.59871,0.326955508579841,8.25482625482625e-05
0.13519,-40.089,18.078,1,1.1375,1,1.1375,0.494350627405709,8.25482625482625e-05
5.0654,-34.015,29.236,1,1.867,1,1.867,0.466151841661795,8.25482625482625e-05
6.3096,-34.489,24.77,1,4.2523,1,4.2523,0.394425270678694,8.25482625482625e-05
6.3027,-32.925,22.737,1,2.3771,1,2.3771,0.364904140003478,8.25482625482625e-05
7.1395,-30.244,19.665,1,0.62396,1,0.62396,0.290486993012932,8.25482625482625e-05
10.466,-27.898,25.744,1,1.1408,1,1.1408,0.457168857148981,8.25482625482625e-05
11.641,-29.305,24.543,1,0.48463,1,0.48463,0.493010907307471,8.25482625482625e-05
8.2191,-23.233,23.472,1,0.32379,1,0.32379,0.273838574822835,8.25482625482625e-05
3.0353,-19.73,19.337,1,0.97042,1,0.97042,0.269693783050115,8.25482625482625e-05
0.94022,-21.632,29.691,1,7.3809,1,7.3809,0.286386536525494,8.25482625482625e-05
5.0179,-24.848,34.167,1,5.6535,1,5.6535,0.438633081386143,8.25482625482625e-05
6.9713,-22.647,32.804,1,4.1912,1,4.1912,0.265295567529049,8.25482625482625e-05
1.226,-22.125,31.711,1,7.8706,1,7.8706,0.412804991136419,8.25482625482625e-05
-7.7221,-23.201,32.165,1,7.0344,1,7.0344,0.205508908771341,8.25482625482625e-05
-9.4557,-23.338,28.221,1,9.0109,1,9.0109,0.276318960068446,8.25482625482625e-05
-7.1994,-28.679,34.24,1,2.6846,1,2.6846,0.348431674595666,8.25482625482625e-05
-7.02,-32.392,31.794,1,1.1038,1,1.1038,0.369169113636839,8.25482625482625e-05
-5.374,-31.38,33.031,1,1.4416,1,1.4416,0.496326581052316,8.25482625482625e-05
-8.0547,-32.119,25.638,1,4.2421,1,4.2421,0.403633550933476,8.25482625482625e-05
2.3019,-32.813,27.51,1,3.7131,1,3.7131,0.39596058971581,8.25482625482625e-05
3.5063,-31.636,32.13,1,2.2781,1,2.2781,0.495537590364741,8.25482625482625e-05
-0.73422,-32.531,33.268,1,0.42625,1,0.42625,0.46462255782434,8.25482625482625e-05
0.58494,-33.68,31.94,1,0.32801,1,0.32801,0.30846783993089,8.25482625482625e-05
0.50784,-13.899,36.737,1,0.24956,1,0.24956,0.468759837932539,8.25482625482625e-05
-2.4293,-12.252,34.291,1,0.3051,1,0.3051,0.436072561648636,8.25482625482625e-05
-3.9768,-13.648,34.965,1,2.0435,1,2.0435,0.4269890874934,8.25482625482625e-05
-6.4749,-17.162,33.262,1,6.4153,1,6.4153,0.424798771467456,8.25482625482625e-05
-2.2204,-20.676,32.667,1,7.1806,1,7.1806,0.483319568579672,8.25482625482625e-05
1.2272,-21.591,32.459,1,7.36,1,7.36,0.441313510409219,8.25482625482625e-05
5.1543,-19.813,30.779,1,3.8694,1,3.8694,0.405255088184926,8.25482625482625e-05
6.9125,-18.85,32.221,1,2.3232,1,2.3232,0.449077746356954,8.25482625482625e-05
6.2576,-16.504,32.516,1,1.0145,1,1.0145,0.444253427941807,8.25482625482625e-05
5.4347,-16.517,35.35,1,1.1294,1,1.1294,0.477668073506536,8.25482625482625e-05
7.0259,-17.279,26.813,1,0.46576,1,0.46576,0.383856578243432,8.25482625482625e-05
3.2405,-19.682,27.746,1,3.8188,1,3.8188,0.44529026396462,8.25482625482625e-05
-4.3888,-6.3978,26.861,1,0.67686,1,0.67686,0.437013969172784,8.25482625482625e-05
-3.505,-7.5927,26.356,1,0.51011,1,0.51011,0.386777292129996,8.25482625482625e-05
-8.6291,0.81432,37.087,1,0.81642,1,0.81642,0.404318918768681,8.25482625482625e-05
-7.6081,1.4526,35.204,1,0.75199,1,0.75199,0.405974624868841,8.25482625482625e-05
-13.792,-0.44834,36.087,1,2.808,1,2.808,0.487179084435667,8.25482625482625e-05
-11.005,-4.3137,37.182,1,3.9143,1,3.9143,0.464920664061501,8.25482625482625e-05
-5.982,-5.6912,35.355,1,1.6036,1,1.6036,0.414497931853146,8.25482625482625e-05
-7.8425,-5.7652,35.214,1,3.2521,1,3.2521,0.461561477987663,8.25482625482625e-05
-5.3812,-7.0504,31.377,1,1.6651,1,1.6651,0.328576162788126,8.25482625482625e-05
-4.9187,-3.9415,22.822,1,0.94627,1,0.94627,0.202966483803512,8.25482625482625e-05
-12.111,4.0173,28.872,1,0.12934,1,3.7362,0.324136817441004,8.25482625482625e-05
-12.107,0.99535,25.802,1,0.30115,1,6.5757,0.370103152728163,8.25482625482625e-05
-11.944,-0.79602,24.619,1,0.33397,1,7.4005,0.455794318575289,8.25482625482625e-05
-23.994,-6.7317,27.365,1,0.8674,1,0.8674,0.341422394735005,8.25482625482625e-05
-24.298,-4.4084,27.303,1,0.31485,1,0.31485,0.497773088780106,8.25482625482625e-05
-22.886,-4.7989,23.878,1,2.3066,1,2.5601,0.488651007253385,8.25482625482625e-05
-18.8,-9.7426,26.571,1,5.9467,1,5.9467,0.411282630777296,8.25482625482625e-05
-19.85,-3.1167,34.549,1,0.37497,1,0.37497,0.360386094122589,8.25482625482625e-05
-19.213,-5.2658,33.852,1,1.4196,1,1.4196,0.465249998053429,8.25482625482625e-05
-20.393,-13.519,33.45,1,0.53395,1,0.53395,0.455681816419055,8.25482625482625e-05
-19.757,-13.018,35.592,1,0.12705,1,0.12705,0.450922389469856,8.25482625482625e-05
-18.449,-6.1914,33.994,1,2.0103,1,2.0103,0.447161939255634,8.25482625482625e-05
-19.804,-7.0245,35.577,1,0.21215,1,0.21215,0.372601430732739,8.25482625482625e-05
-17.636,-7.0067,25.635,1,4.4381,1,7.332,0.374240581345418,8.25482625482625e-05
-24.075,-9.3297,28.561,1,0.49788,1,0.49788,0.477697545895886,8.25482625482625e-05
-23.326,-7.7323,27.34,1,1.5293,1,1.5293,0.307870064373638,8.25482625482625e-05
-14.213,-17.797,33.401,1,4.4233,1,4.4233,0.490950736272947,8.25482625482625e-05
-17.996,-16.463,34.93,1,1.1307,1,1.1307,0.489193718792308,8.25482625482625e-05
-19.915,-15.541,33.386,1,0.68966,1,0.68966,0.488549842760221,8.25482625482625e-05
-9.5411,-20.814,39.435,1,2.0806,1,2.0806,0.448913759898643,8.25482625482625e-05
-13.217,-19.042,38.262,1,1.5507,1,1.5507,0.424636543768651,8.25482625482625e-05
-12.465,-19.908,33.074,1,5.3278,1,5.3278,0.341735063012956,8.25482625482625e-05
-4.8803,-16.005,28.332,1,4.8967,1,4.8967,0.229824197983566,8.25482625482625e-05
-4.7027,-15.184,35.593,1,3.5245,1,3.5245,0.134175124801322,8.25482625482625e-05
-4.3971,-11.197,38.934,1,0.40745,1,0.40745,0.420018263754852,8.25482625482625e-05
-5.3313,-7.2442,33.281,1,1.6186,1,1.6186,0.348409234292541,8.25482625482625e-05
-8.6756,-6.5485,36.465,1,3.7005,1,3.7005,0.430384785879491,8.25482625482625e-05
-6.8162,-6.1111,37.515,1,1.7358,1,1.7358,0.481739950976078,8.25482625482625e-05
-11.179,-6.1104,38.237,1,4.2947,1,4.2947,0.448361519263137,8.25482625482625e-05
-14.583,-9.2478,39.513,1,1.6817,1,1.6817,0.468912245773514,8.25482625482625e-05
-13.334,-12.434,40.946,1,0.99181,1,0.99181,0.444251389592065,8.25482625482625e-05
-9.8208,-11.06,42.556,1,1.2114,1,1.2114,0.466762957628282,8.25482625482625e-05
-16.038,7.2467,23.047,2,1.6983,1,1.6983,0.407078309746783,8.25482625482625e-05
-14.748,5.7389,21.713,2,3.7193,1,3.7193,0.48390373894162,8.25482625482625e-05
-19.192,7.0052,9.0879,2,3.3341,1,3.3341,0.267890467165283,8.25482625482625e-05
-22.563,5.2046,10.68,2,2.8196,1,2.8196,0.476744537920829,8.25482625482625e-05
-22.144,7.0301,9.9747,2,1.8663,1,1.8663,0.261662876458893,8.25482625482625e-05
-22.75,4.5722,21.567,2,0.39507,1,0.39507,0.339438692353675,8.25482625482625e-05
-20.803,-4.8161,18.77,2,0.98471,1,5.8831,0.4141409477548,8.25482625482625e-05
-13.759,-2.1462,17.548,2,0.89876,1,5.8737,0.403378228808792,8.25482625482625e-05
-13.254,3.8248,26.709,2,0.60394,1,4.1507,0.442438942705413,8.25482625482625e-05
-12.808,3.8221,24.517,2,1.7424,1,5.0506,0.408053857131157,8.25482625482625e-05
-16.149,6.2051,25.299,2,1.4326,1,1.4326,0.455440711474644,8.25482625482625e-05
-18.97,4.3941,26.372,2,1.1032,1,1.3647,0.454520348132114,8.25482625482625e-05
-6.0858,-1.535,21.717,2,0.20282,1,1.7051,0.48356300944094,8.25482625482625e-05
-6.0464,0.053227,23.559,2,0.24687,1,1.5641,0.434559505012537,8.25482625482625e-05
-11.901,2.9364,23.874,2,1.7676,1,5.5307,0.4138020312342,8.25482625482625e-05
-11.117,2.2088,25.705,2,0.35887,1,5.1117,0.399346244706372,8.25482625482625e-05
-13.855,0.66102,16.246,2,3.9384,1,7.2345,0.477751070131735,8.25482625482625e-05
-14.388,-1.213,16.249,2,2.4608,1,6.1214,0.342588612375736,8.25482625482625e-05
-8.7809,-6.9095,15.739,2,1.016,1,0.27585,0.487898054420226,8.25482625482625e-05
-9.2703,-8.1572,13.877,2,1.9984,1,0.41818,0.430434932728116,8.25482625482625e-05
-10.092,5.5079,7.6026,2,2.3098,1,2.3098,0.304034457941599,8.25482625482625e-05
-13.882,7.9993,13.678,2,2.8052,1,2.8052,0.340116910207949,8.25482625482625e-05
-13.614,6.2876,14.548,2,3.9991,1,3.9991,0.471269822245208,8.25482625482625e-05
-10.112,9.1742,22.146,2,0.60155,1,0.60155,0.366552315604484,8.25482625482625e-05
-11.323,8.0465,21.393,2,2.214,1,2.214,0.430779868713764,8.25482625482625e-05
-7.4343,6.4594,21.392,2,1.0328,1,1.0328,0.39852974939098,8.25482625482625e-05
-11.295,3.8523,8.2359,2,2.9046,1,2.9046,0.350484461126177,8.25482625482625e-05
-14.327,3.1624,-6.726,2,0.17057,1,0.17057,0.446323353734983,8.25482625482625e-05
-16.215,3.1501,-6.188,2,0.74548,1,0.74548,0.408836583051489,8.25482625482625e-05
-16.73,6.0308,-2.2563,2,2.3186,1,2.3186,0.309732203952518,8.25482625482625e-05
-15.505,6.6862,-0.77103,2,3.5267,1,3.5267,0.490848408117731,8.25482625482625e-05
-10.259,10.416,-1.7009,2,2.042,1,2.042,0.466596607087166,8.25482625482625e-05
-9.0125,10.911,-3.3663,2,1.1572,1,1.1572,0.357134235908666,8.25482625482625e-05
-18.667,-0.75052,2.0097,2,7.8033,1,7.8033,0.435103680162429,8.25482625482625e-05
-17.527,4.7675,9.2756,2,5.9884,1,5.9884,0.329147544625719,8.25482625482625e-05
-28.083,-2.5833,5.3354,2,2.871,1,2.871,0.331337140422884,8.25482625482625e-05
-19.247,-1.4993,0.494,2,8.3188,1,8.3188,0.486071616620404,8.25482625482625e-05
-18.694,3.2128,-2.5399,2,3.5341,1,3.5341,0.397743367654424,8.25482625482625e-05
-19.923,4.6931,-2.6274,2,2.4641,1,2.4641,0.413584674009433,8.25482625482625e-05
-21.529,4.8899,-5.3213,2,0.86862,1,0.86862,0.420127059196505,8.25482625482625e-05
-21.374,3.2598,-6.7455,2,0.20619,1,0.20619,0.431273269779868,8.25482625482625e-05
-25.476,1.0942,-6.8264,2,2.2114,1,2.2114,0.359945933773663,8.25482625482625e-05
-33.323,-4.6298,-9.8598,2,1.1062,1,1.1062,0.372298304873493,8.25482625482625e-05
-32.566,-4.0807,-7.9672,2,1.9292,1,1.9292,0.468282146625285,8.25482625482625e-05
-25.477,1.3314,-5.8455,2,2.787,1,2.787,0.398920487755658,8.25482625482625e-05
-22.845,0.26087,-10.056,2,0.69019,1,0.69019,0.451139320421736,8.25482625482625e-05
-23.673,-1.4128,-11.266,2,0.40456,1,0.40456,0.469823074347596,8.25482625482625e-05
-17.328,-9.7244,-12.505,2,0.11352,1,0.11352,0.470741233403084,8.25482625482625e-05
-19.132,-8.4667,-12.972,2,0.48817,1,0.48817,0.333088870386122,8.25482625482625e-05
-30.808,-10.441,-8.7031,2,0.74352,1,0.74352,0.420133733100926,8.25482625482625e-05
-36.174,-10.316,-6.4513,2,0.25859,1,0.25859,0.422273515040452,8.25482625482625e-05
-35.122,-11.625,-7.5215,2,0.91514,1,0.91514,0.411389301474336,8.25482625482625e-05
-31.68,-12.025,-7.0386,2,0.68724,1,0.68724,0.373833920622883,8.25482625482625e-05
-31.7,-14.415,-4.3027,2,0.19808,1,0.19808,0.370459085157688,8.25482625482625e-05
-32.326,-10.677,2.268,2,1.3204,1,1.3204,0.201823629271794,8.25482625482625e-05
-30.992,-7.0688,3.7717,2,1.4601,1,1.4601,0.410391870015867,8.25482625482625e-05
-32.655,-1.5404,-0.11154,2,0.28563,1,0.28563,0.293530426193898,8.25482625482625e-05
-31.135,-1.6821,-0.92792,2,1.6831,1,1.6831,0.476458744021031,8.25482625482625e-05
-29.023,-5.8894,3.128,2,3.2748,1,3.2748,0.336786896417731,8.25482625482625e-05
-18.292,-12.665,1.6409,2,0.24627,1,6.2402,0.36853399082574,8.25482625482625e-05
-20.073,-12.179,1.241,2,0.56742,1,5.9474,0.425117131103664,8.25482625482625e-05
-16.62,-12.414,7.1457,2,0.30766,1,5.8237,0.44394898583883,8.25482625482625e-05
-17.624,-13.355,8.498,2,0.70851,1,6.8271,0.422048208200999,8.25482625482625e-05
-22.794,-9.8488,12.705,2,0.94644,1,7.3825,0.355796446812577,8.25482625482625e-05
-17.943,-4.9051,8.3754,2,4.4901,1,7.3899,0.464660530433938,8.25482625482625e-05
-24.498,0.82803,18.433,2,1.0249,1,1.0249,0.38708886608932,8.25482625482625e-05
-23.352,-0.94969,19.187,2,2.2625,1,2.4561,0.484542785594316,8.25482625482625e-05
-25.964,1.9871,15.214,2,0.98634,1,0.98634,0.358429141506272,8.25482625482625e-05
-24.764,0.80845,13.884,2,2.8643,1,2.8643,0.459956335190387,8.25482625482625e-05
-25.084,3.7521,11.251,2,1.9631,1,1.9631,0.465658925232464,8.25482625482625e-05
-26.151,4.4488,12.432,2,0.33213,1,0.33213,0.29775455917984,8.25482625482625e-05
-28.631,-1.4163,5.69,2,1.9517,1,1.9517,0.339282542976117,8.25482625482625e-05
-26.324,-22.718,11.472,3,2.7377,1,2.7377,0.449892989201714,8.25482625482625e-05
-27.866,-23.781,10.919,3,1.3081,1,1.3081,0.34327284922773,8.25482625482625e-05
-24.164,-28.124,7.439,3,4.5771,1,4.5771,0.30745446016099,8.25482625482625e-05
-15.656,-20.489,8.2798,3,4.3966,1,5.146,0.463180583490974,8.25482625482625e-05
-18.438,-10.032,6.6526,3,2.7091,1,7.5756,0.467582528422224,8.25482625482625e-05
-20,-9.5262,8.9277,3,3.2104,1,9.1729,0.467582528422224,8.25482625482625e-05
-19.369,-12.695,2.9265,3,0.41436,1,7.2609,0.461090105344497,8.25482625482625e-05
-17.78,-11.718,3.4223,3,1.0345,1,6.9948,0.352007703304151,8.25482625482625e-05
-26.113,-21.791,5.3032,3,5.7016,1,5.7016,0.293865109160252,8.25482625482625e-05
-27.441,-23.377,11.103,3,1.6517,1,1.6517,0.319434932025052,8.25482625482625e-05
-26.068,-21.938,11.263,3,3.3274,1,3.3274,0.463503280036687,8.25482625482625e-05
-28.179,-25.963,4.126,3,3.1878,1,3.1878,0.484907195466616,8.25482625482625e-05
-29.351,-26.186,5.8651,3,1.5392,1,1.5392,0.353324016556771,8.25482625482625e-05
-26.984,-20.765,6.6977,3,4.5738,1,4.5738,0.282038880327512,8.25482625482625e-05
-33.963,-16.613,-0.4207,3,1.2163,1,1.2163,0.386062318072002,8.25482625482625e-05
-34.649,-17.939,0.89942,3,0.3078,1,0.3078,0.408209403780719,8.25482625482625e-05
-31.531,-17.166,-1.9425,3,1.6498,1,1.8216,0.417720277174168,8.25482625482625e-05
-19.906,-14.526,-4.4027,3,0.34679,1,0.8574,0.370019614914906,8.25482625482625e-05
-24.868,-26.868,-2.2236,3,0.46179,1,0.46179,0.283564824803313,8.25482625482625e-05
-25.5,-26.068,-0.53358,3,1.8577,1,1.8577,0.482794450580605,8.25482625482625e-05
-32.292,-23.941,-1.0176,3,1.8841,1,1.8841,0.434611454290694,8.25482625482625e-05
-33.527,-23.788,-2.5398,3,1.2638,1,1.2638,0.352219130897135,8.25482625482625e-05
-25.396,-37.12,-0.086937,3,0.29378,1,0.29378,0.456466906132274,8.25482625482625e-05
-27.319,-37.119,-0.020079,3,0.91803,1,0.91803,0.372034624274576,8.25482625482625e-05
-18.082,-26.75,0.77521,3,1.0967,1,1.0967,0.115310066229292,8.25482625482625e-05
-23.775,-27.148,9.6287,3,4.338,1,4.338,0.275323555982511,8.25482625482625e-05
-29.12,-26.482,6.0521,3,1.6423,1,1.6423,0.340720673748128,8.25482625482625e-05
-28.093,-26.459,4.3902,3,3.0782,1,3.0782,0.446595194261612,8.25482625482625e-05
-17.634,-43.026,6.4951,3,1.521,1,1.521,0.432352689980704,8.25482625482625e-05
-16.4,-44.182,5.0782,3,2.1275,1,2.1275,0.382314355765351,8.25482625482625e-05
-14.906,-43.211,4.2186,3,1.156,1,1.156,0.349987395962342,8.25482625482625e-05
-13.574,-41.593,3.3203,3,0.22163,1,0.22163,0.456790318821416,8.25482625482625e-05
-11.604,-42.97,5.4299,3,2.9079,1,2.9079,0.334422194575563,8.25482625482625e-05
-11.909,-45.027,6.004,3,2.6504,1,2.6504,0.476020366216198,8.25482625482625e-05
-10.501,-38.3,9.9359,3,3.376,1,3.376,0.307396495039665,8.25482625482625e-05
-15.013,-41.925,11.173,3,0.9631,1,0.9631,0.391417825739733,8.25482625482625e-05
-13.085,-42.479,11.725,3,1.0415,1,1.0415,0.410280677386925,8.25482625482625e-05
-17.507,-32.235,10.912,3,6.5016,1,6.5016,0.164834379231779,8.25482625482625e-05
-21.68,-39.556,5.6606,3,1.8208,1,1.8208,0.280820309802453,8.25482625482625e-05
-12.701,-41.184,1.7868,3,0.31319,1,0.31319,0.376068002548813,8.25482625482625e-05
-13.403,-43.266,1.6626,3,0.23459,1,0.23459,0.461302534208226,8.25482625482625e-05
-16.505,-44.287,1.3845,3,0.50133,1,0.50133,0.484589703606808,8.25482625482625e-05
-18.302,-43.325,1.4365,3,0.40948,1,0.40948,0.499524772072446,8.25482625482625e-05
-13.493,-25.231,-0.76216,3,2.4873,1,2.4873,0.185345133526049,8.25482625482625e-05
-12.383,-24.674,-2.7942,3,2.9989,1,2.9989,0.376292202617087,8.25482625482625e-05
-3.7575,-40.384,8.6094,3,0.42958,1,0.42958,0.114246226782202,8.25482625482625e-05
-7.2928,-39.737,10.909,3,2.0945,1,2.0945,0.404963082385517,8.25482625482625e-05
-9.1089,-42.982,8.1714,3,3.4137,1,3.4137,0.438466298794384,8.25482625482625e-05
-6.2276,-44.975,5.1188,3,1.494,1,1.494,0.493788607589299,8.25482625482625e-05
-6.9013,-43.341,2.3063,3,0.33449,1,0.33449,0.309290845793701,8.25482625482625e-05
-6.5521,-36.903,15.569,3,0.086335,1,4.3384,0.490592631625563,8.25482625482625e-05
-5.1837,-36.964,15.017,3,0.71385,1,3.3251,0.357208313689232,8.25482625482625e-05
-8.1363,-37.942,14.216,3,2.363,1,4.0406,0.420429501183398,8.25482625482625e-05
-8.3389,-37.335,10.121,3,1.2209,1,1.2209,0.282088582381812,8.25482625482625e-05
-17.637,-30.357,14.769,3,5.1131,1,5.6771,0.432144477094953,8.25482625482625e-05
-18.446,-31.251,16.608,3,3.7401,1,3.7401,0.366904857978427,8.25482625482625e-05
-18.03,-31.394,20.611,3,1.8542,1,2.0778,0.453082937526382,8.25482625482625e-05
-16.885,-29.632,21.188,3,0.18692,1,3.4514,0.460586971319854,8.25482625482625e-05
-17.859,-33.198,8.7491,3,4.7882,1,4.7882,0.186438054846677,8.25482625482625e-05
-12.278,-41.013,14.942,3,1.3069,1,1.3069,0.423308068191576,8.25482625482625e-05
-14.125,-40.078,15.469,3,1.4341,1,1.4341,0.416058741172841,8.25482625482625e-05
-9.8149,-36.938,12.119,3,3.0923,1,3.0923,0.318492732078531,8.25482625482625e-05
-10.811,-33.118,18.961,3,0.50281,1,6.0886,0.472878322046583,8.25482625482625e-05
-11.68,-34.721,20.261,3,0.83725,1,3.8798,0.332666941760438,8.25482625482625e-05
-13.611,-35.852,21.119,3,1.7342,1,1.7342,0.38690682646682,8.25482625482625e-05
-15.3,-36.152,19.75,3,1.5453,1,1.5453,0.433186289820504,8.25482625482625e-05
-32.214,-2.8695,-17.914,6,3.0793,2,3.0793,0.397837893139561,3.17557251908397e-05
-30.355,7.2532,-18.317,6,1.0505,2,1.0505,0.360455747599131,3.17557251908397e-05
-29.155,5.7288,-19.11,6,2.9154,2,2.9154,0.484410865177986,3.17557251908397e-05
-31.824,7.7109,-21.504,6,0.29308,2,0.29308,0.291659314609801,3.17557251908397e-05
-27.262,0.18691,-32.159,6,6.1892,2,6.1892,0.41704054510652,3.17557251908397e-05
-28.632,1.6778,-32.01,6,6.1479,2,6.1479,0.427352649774711,3.17557251908397e-05
-31.027,0.90145,-34.977,6,3.2333,2,3.2333,0.489167243532109,3.17557251908397e-05
-32.103,-1.0688,-35.96,6,1.9196,2,1.9196,0.498000614042207,3.17557251908397e-05
-35.657,-2.6918,-34.161,6,2.3373,2,2.3373,0.479048674951037,3.17557251908397e-05
-36.296,-8.4912,-36.528,6,0.90375,2,0.90375,0.491466477442491,3.17557251908397e-05
-31.047,-12.265,-37.231,6,1.6072,2,1.6072,0.49633600145693,3.17557251908397e-05
-33.722,-22.864,-28.341,6,0.27202,2,0.27202,0.43682000491293,3.17557251908397e-05
-39.228,-19.51,-32.39,6,0.16221,2,0.16221,0.469580297074659,3.17557251908397e-05
-39.201,-20.527,-24.766,6,0.46096,2,0.46096,0.489933298632314,3.17557251908397e-05
-37.865,-21.471,-19.935,6,1.1089,2,1.1089,0.466874468608496,3.17557251908397e-05
-36.423,-12.822,-15.89,6,1.718,2,1.718,0.282655614245626,3.17557251908397e-05
-35.002,-8.0379,-16.578,6,2.2861,2,2.2861,0.466620757315474,3.17557251908397e-05
-33.034,-6.7797,-10.287,6,1.2581,2,1.2581,0.420003443701211,3.17557251908397e-05
-33.654,-7.351,-18.444,6,3.1228,2,3.1228,0.406062407322877,3.17557251908397e-05
-31.157,-19.193,-18.967,6,0.59798,2,7.4023,0.478303111138906,3.17557251908397e-05
-36.496,-17.473,-14.839,6,1.2474,2,2.0227,0.43856453013374,3.17557251908397e-05
-36.088,-18.704,-16.439,6,1.0563,2,2.4311,0.403420499277752,3.17557251908397e-05
-20.588,-18.628,-17.469,6,3.5911,2,4.6091,0.18952017796461,3.17557251908397e-05
-24.016,-18.442,-14.09,6,3.9768,2,8.1489,0.464083116666687,3.17557251908397e-05
-18.946,-14.279,-23.729,6,0.44798,2,0.44798,0.386156736497857,3.17557251908397e-05
-18.342,-3.3295,-8.0111,6,2.488,2,2.488,0.400835935735428,3.17557251908397e-05
-20.809,-2.6482,-7.3999,6,3.1261,2,3.1261,0.476267193006894,3.17557251908397e-05
-16.445,-3.7204,-12.257,6,0.73812,2,0.73812,0.469983084298924,3.17557251908397e-05
-17.014,-1.7174,-11.879,6,1.2526,2,1.2526,0.349683127466858,3.17557251908397e-05
-16.784,-0.66621,-12.554,6,2.2756,2,2.2756,0.455817160332533,3.17557251908397e-05
-15.957,-1.9707,-14.292,6,3.16,2,3.16,0.443936805333442,3.17557251908397e-05
-24.795,6.604,-12.924,6,4.2827,2,4.2827,0.413118051721778,3.17557251908397e-05
-28.736,7.0107,-8.2362,6,0.5234,2,0.5234,0.494909968445597,3.17557251908397e-05
-26.916,8.7159,-8.8388,6,0.73561,2,0.73561,0.491504092192932,3.17557251908397e-05
-25.117,7.7513,-12.404,6,3.156,2,3.156,0.437097944993197,3.17557251908397e-05
-27.464,9.4951,-14.976,6,0.89767,2,0.89767,0.403032389191308,3.17557251908397e-05
-33.329,-0.78135,-17.181,6,1.2751,2,1.2751,0.442664971063188,3.17557251908397e-05
-31.408,-3.5523,-11.91,6,0.14886,2,0.14886,0.357372620438756,3.17557251908397e-05
-29.959,-3.4606,-12.6,6,0.74673,2,0.74673,0.435913622304168,3.17557251908397e-05
-13.302,9.1984,-21.348,6,4.0089,2,4.0089,0.489931172156371,3.17557251908397e-05
-13.423,10.735,-22.748,6,2.5471,2,2.5471,0.363481950505861,3.17557251908397e-05
-21.564,10.06,-24.486,6,3.5896,2,3.5896,0.404594894126858,3.17557251908397e-05
-24.234,11.435,-21.647,6,1.8695,2,1.8695,0.267931683150466,3.17557251908397e-05
-23.318,11.296,-13.552,6,0.88867,2,0.88867,0.345323927760492,3.17557251908397e-05
-23.609,9.841,-15.249,6,2.3847,2,2.3847,0.480824341436705,3.17557251908397e-05
-19.996,10.434,-12.152,6,2.8637,2,2.8637,0.406310300083564,3.17557251908397e-05
-19.442,13.688,-11.522,6,0.29901,2,0.29901,0.446952596857284,3.17557251908397e-05
-19.039,14.758,-13.38,6,1.1241,2,1.1241,0.396298265481584,3.17557251908397e-05
-18.837,10.814,-8.2505,6,2.3918,2,2.3918,0.482728341135718,3.17557251908397e-05
-17.224,-1.4126,-11.434,6,0.94269,2,0.94269,0.462382520462826,3.17557251908397e-05
-10.098,1.0971,-9.7734,6,0.44433,2,0.44433,0.232974119811102,3.17557251908397e-05
-10.836,1.804,-7.9974,6,0.50821,2,0.50821,0.493972914478893,3.17557251908397e-05
-13.598,0.4294,-10.428,6,1.493,2,1.493,0.437333699657878,3.17557251908397e-05
-9.663,1.3629,-15.744,6,0.35198,2,0.35198,0.473826757586742,3.17557251908397e-05
-7.9849,8.9231,-9.0228,6,0.36159,2,0.36159,0.412240907286832,3.17557251908397e-05
-8.1417,7.8415,-11.039,6,0.44271,2,0.44271,0.414454748241065,3.17557251908397e-05
-10.624,11.688,-10.385,6,0.55085,2,0.55085,0.424698421194796,3.17557251908397e-05
-11.491,6.4231,-6.1417,6,0.3418,2,0.3418,0.433941833570916,3.17557251908397e-05
-10.032,8.0009,-6.2793,6,0.41281,2,0.41281,0.374689505514388,3.17557251908397e-05
-9.8697,2.9559,-15.541,6,1.1022,2,1.1022,0.365730372150758,3.17557251908397e-05
-12.592,-8.885,-28.88,6,0.51563,2,0.51563,0.49796858114727,3.17557251908397e-05
-5.7505,1.3471,-27.779,6,0.74387,2,0.74387,0.139715573938443,3.17557251908397e-05
-6.079,3.9172,-31.531,6,0.57914,2,0.57914,0.368881347156137,3.17557251908397e-05
-9.8933,2.9959,-32.833,6,2.6982,2,2.6982,0.450019745613956,3.17557251908397e-05
-8.2143,3.8471,-33.95,6,1.8363,2,1.8363,0.365326541583441,3.17557251908397e-05
-16.307,7.0689,-28.412,6,6.9613,2,6.9613,0.390929714256263,3.17557251908397e-05
-10.89,12.87,-26.787,6,0.53803,2,0.53803,0.412895988448723,3.17557251908397e-05
-12.189,13.595,-25.555,6,0.55917,2,0.55917,0.400786262659308,3.17557251908397e-05
-13.17,11.018,-22.022,6,2.2481,2,2.2481,0.364407570945701,3.17557251908397e-05
-19.958,13.194,-31.149,6,2.0304,2,2.0304,0.443741632840664,3.17557251908397e-05
-15.597,14.83,-32.174,6,0.44605,2,0.44605,0.405233165398372,3.17557251908397e-05
-14.564,14.202,-33.827,6,0.4159,2,0.4159,0.407727304403749,3.17557251908397e-05
-12.824,12.449,-33.424,6,0.57731,2,0.57731,0.399466434675814,3.17557251908397e-05
-12.91,12.456,-31.343,6,0.56984,2,0.56984,0.402213343211024,3.17557251908397e-05
-14.293,7.76,-28.236,6,5.4825,2,5.4825,0.446594660619242,3.17557251908397e-05
-8.2977,4.2003,-37.161,6,0.43901,2,0.43901,0.418877728150344,3.17557251908397e-05
-11.057,4.9228,-39.792,6,1.0151,2,1.0151,0.395643472948298,3.17557251908397e-05
-9.8288,8.4764,-40.813,6,0.53422,2,0.53422,0.415024202425348,3.17557251908397e-05
-14.484,4.0941,-40.984,6,0.40899,2,0.40899,0.318367863602427,3.17557251908397e-05
-27.879,2.3545,-38.517,6,0.87675,2,0.87675,0.438972287455504,3.17557251908397e-05
-25.893,6.0248,-35.406,6,2.7303,2,2.7303,0.345021290264051,3.17557251908397e-05
-30.571,11.565,-33.619,6,0.76601,2,0.76601,0.184776674374848,3.17557251908397e-05
-26.251,5.372,-37.258,6,0.91455,2,0.91455,0.326260575431601,3.17557251908397e-05
-29.234,0.86089,-36.679,6,1.4546,2,1.4546,0.475219793907528,3.17557251908397e-05
-30.764,1.729,-35.076,6,3.0488,2,3.0488,0.470913644868654,3.17557251908397e-05
-30.806,0.75231,-31.803,6,5.6248,2,5.6248,0.467476866912504,3.17557251908397e-05
-29.62,-0.94478,-31.257,6,6.4366,2,6.4366,0.453462660388818,3.17557251908397e-05
-29.092,10.835,-24.507,6,0.24939,2,0.24939,0.230471531314122,3.17557251908397e-05
-28.943,9.3199,-25.906,6,1.5286,2,1.5286,0.498464812135501,3.17557251908397e-05
-19.831,7.4639,-24.466,6,6.4278,2,6.4278,0.364098034281142,3.17557251908397e-05
3.7658,-7.8698,-54.745,11,1.4312,4,1.4312,0.486442921336609,0.000142857142857143
2.3586,-7.2063,-56.32,11,1.6788,4,1.6788,0.403396404926633,0.000142857142857143
-2.0573,-3.9779,-46.734,11,1.868,4,1.868,0.498901192053295,0.000142857142857143
-0.42096,-3.4483,-46.043,11,0.41792,4,0.41792,0.333112281958782,0.000142857142857143
2.5374,-8.1537,-42.636,11,3.2013,4,3.2013,0.219005456050783,0.000142857142857143
4.2717,-12.635,-52.88,11,2.1282,4,2.1282,0.348824558006311,0.000142857142857143
4.4078,-10.509,-53.394,11,1.343,4,1.343,0.493174732229631,0.000142857142857143
-4.6891,-14.513,-47.84,11,0.48447,4,0.48447,0.173523358250882,0.000142857142857143
-3.5747,-4.9325,-57.661,11,2.3784,4,2.3784,0.442095932372069,0.000142857142857143
0.31501,-6.3583,-57.023,11,1.8691,4,1.8691,0.384997091242203,0.000142857142857143
1.3151,-8.5891,-58.15,11,1.4802,4,1.4802,0.443138521438494,0.000142857142857143
1.0799,-10.668,-56.891,11,0.53319,4,0.53319,0.473585708676982,0.000142857142857143
-10.021,-2.3152,-60.79,11,0.49855,4,0.49855,0.434527826244715,0.000142857142857143
-11.358,-1.9654,-59.107,11,0.31656,4,0.31656,0.365668391534564,0.000142857142857143
-5.6224,-3.8414,-59.029,11,1.2647,4,1.2647,0.388715961913045,0.000142857142857143
-8.7669,-8.4112,-51.204,11,0.86741,4,0.86741,0.309967745091934,0.000142857142857143
-15.341,-4.4776,-50.941,11,1.4051,4,1.4051,0.469070183475129,0.000142857142857143
-16.686,-5.122,-50.134,11,2.6371,4,2.6371,0.351036750652116,0.000142857142857143
-16.661,-8.1814,-42.681,11,0.28929,4,0.28929,0.484124075603001,0.000142857142857143
-16.573,-3.81,-42.688,11,0.78948,4,0.78948,0.0572164746489614,0.000142857142857143
-7.6271,3.667,-50.385,11,1.4,4,1.4,0.459575793343571,0.000142857142857143
-9.4987,3.6711,-50.363,11,0.32247,4,0.32247,0.304771696913423,0.000142857142857143
-8.2903,2.1908,-40.771,11,2.3487,4,2.3487,0.235140925432654,0.000142857142857143
-6.2139,0.10386,-40.729,11,2.0471,4,2.0471,0.146805983514155,0.000142857142857143
-1.798,-2.1886,-45.809,11,0.38208,4,0.38208,0.306264776022564,0.000142857142857143
-2.2744,-3.5033,-46.726,11,1.6916,4,1.6916,0.484766582067247,0.000142857142857143
-4.8435,-2.3636,-53.286,11,2.7311,4,2.7311,0.458361174412946,0.000142857142857143
-5.0916,-0.62053,-54.915,11,1.7917,4,1.7917,0.400247337792303,0.000142857142857143
-5.7232,3.5335,-55.558,11,1.3853,4,1.3853,0.487573744056797,0.000142857142857143
-6.3157,-4.3417,-42.046,11,4.6886,4,4.6886,0.343725763526636,0.000142857142857143
-10.383,1.6187,-36.988,11,0.52783,4,0.52783,0.224659486033122,0.000142857142857143
-5.523,-5.9941,-25.434,11,0.77705,4,0.77705,0.416900599950565,0.000142857142857143
-4.4928,-6.1608,-25.308,11,1.3335,4,1.3335,0.417763855789366,0.000142857142857143
-1.1508,-4.4018,-29.711,11,1.1818,4,1.1818,0.238450874825444,0.000142857142857143
-4.3515,-12.015,-33.916,11,0.26823,4,0.26823,0.396528253204626,0.000142857142857143
-0.28543,-9.1784,-43.895,11,4.4118,4,4.4118,0.338129788949256,0.000142857142857143
16.184,-21.858,-42.947,11,0.54267,4,0.54267,0.386957185561273,0.000142857142857143
15.932,-19.608,-40.423,11,0.34565,4,0.34565,0.476001107894351,0.000142857142857143
16.69,-21.325,-39.033,11,1.106,4,1.106,0.391791931962317,0.000142857142857143
15.139,-26.041,-38.458,11,3.2673,4,3.2673,0.393151833548588,0.000142857142857143
8.0086,-25.129,-41.407,11,0.97527,4,0.97527,0.224991288168972,0.000142857142857143
3.4727,-17.108,-43.349,11,4.9189,4,4.9189,0.0474216035435094,0.000142857142857143
10.202,-14.464,-39.701,11,0.8819,4,0.8819,0.320399198684351,0.000142857142857143
8.1523,-15.138,-39.336,11,2.8329,4,2.8329,0.472688795063114,0.000142857142857143
6.661,-12.472,-29.672,11,0.33787,4,0.33787,0.408032971069816,0.000142857142857143
8.3168,-13.913,-30.448,11,0.59143,4,0.59143,0.464379413752745,0.000142857142857143
10.699,-10.678,-31.139,11,1.4259,4,1.4259,0.49081359286912,0.000142857142857143
8.6806,-9.8375,-30.673,11,1.3083,4,1.3083,0.324751751732111,0.000142857142857143
4.7634,-18.358,-31.204,11,0.29646,4,0.29646,0.345647832915437,0.000142857142857143
4.9541,-19.682,-32.368,11,1.1304,4,1.1304,0.453350941873329,0.000142857142857143
14.743,-22.314,-35.067,11,1.332,4,1.332,0.4963448142428,0.000142857142857143
15.482,-18.611,-34.835,11,0.1787,4,0.1787,0.456404412355692,0.000142857142857143
14.256,-16.546,-34.226,11,0.78604,4,0.78604,0.466017063690884,0.000142857142857143
9.4474,-22.77,-32.778,11,0.3784,4,0.3784,0.296111138344768,0.000142857142857143
8.741,-22.985,-34.355,11,1.3011,4,1.3011,0.466129890950401,0.000142857142857143
0.65448,-17.741,-27.162,11,3.4598,4,3.4598,0.224785675392019,0.000142857142857143
-2.8981,-20.115,-29.176,11,3.034,4,3.034,0.328505814091877,0.000142857142857143
-1.7829,-31.205,-33.848,11,1.3826,4,1.3826,0.375113638778271,0.000142857142857143
-1.4317,-29.561,-32.902,11,1.0418,4,1.0418,0.430486666677827,0.000142857142857143
-1.4857,-29.432,-36.35,11,1.5125,4,1.5125,0.115169070369098,0.000142857142857143
5.0297,-34.116,-34.752,11,1.332,4,1.332,0.468747259836331,0.000142857142857143
3.272,-34.753,-35.355,11,0.90188,4,0.90188,0.404924622866031,0.000142857142857143
10.565,-33.516,-37.083,11,1.0486,4,1.0486,0.441510006910556,0.000142857142857143
10.226,-28.154,-40.994,11,0.27896,4,0.27896,0.311728773263707,0.000142857142857143
12.508,-26.606,-38.137,11,3.2792,4,3.2792,0.341732161377173,0.000142857142857143
15.555,-27.466,-36.46,11,1.4733,4,1.4733,0.483619659385199,0.000142857142857143
13.005,-28.729,-33.226,11,0.54045,4,0.54045,0.231145390602354,0.000142857142857143
12.191,-33.281,-34.638,11,0.286,4,0.286,0.427210450861976,0.000142857142857143
3.8837,-24.853,-41.497,11,0.67608,4,0.67608,0.397769898025316,0.000142857142857143
-6.1382,-17.039,-43.903,11,0.8436,4,0.8436,0.285609501475433,0.000142857142857143
7.7242,-16.241,-50.523,11,1.2817,4,1.2817,0.404478148848662,0.000142857142857143
8.1839,-18.075,-49.988,11,1.7356,4,1.7356,0.44337535273517,0.000142857142857143
4.7498,-15.551,-41.548,11,5.7105,4,5.7105,0.152565321708975,0.000142857142857143
9.5099,-19.327,-46.345,11,2.4195,4,2.4195,0.480802091802669,0.000142857142857143
9.9191,-18.334,-45.155,11,2.0169,4,2.0169,0.386022336383322,0.000142857142857143
10.022,-23.359,-46.839,11,0.11211,4,0.11211,0.43338899486073,0.000142857142857143
9.9681,-21.945,-47.207,11,0.35535,4,0.35535,0.463895415610256,0.000142857142857143
4.7262,-25.288,-43.5,11,0.92151,4,0.92151,0.334947464069753,0.000142857142857143
-23.867,-34.154,-3.4231,4,1.5971,2,1.4818,0.321237977708894,3.17557251908397e-05
-23.493,-40.644,-11.416,4,0.84397,2,5.8245,0.366395210238321,3.17557251908397e-05
-24.112,-38.636,-11.63,4,2.1084,2,6.5422,0.435247149957307,3.17557251908397e-05
-21.219,-32.441,-17.802,4,3.2295,2,6.7239,0.39649022523603,3.17557251908397e-05
-13.598,-29.861,-15.606,4,4.1512,2,2.732,0.427544506366171,3.17557251908397e-05
-20.648,-25.531,-6.0351,4,1.202,2,4.053,0.190567555291997,3.17557251908397e-05
-15.365,-15.762,-7.4224,4,0.72321,2,0.72321,0.422194237748196,3.17557251908397e-05
-19.113,-14.019,-6.7721,4,0.65845,2,0.65845,0.41512368876737,3.17557251908397e-05
-23.487,-9.2158,-10.681,4,0.42761,2,0.42761,0.319965402288241,3.17557251908397e-05
-19.027,-11.426,-9.4668,4,0.14427,2,0.14427,0.389071516158189,3.17557251908397e-05
-20.583,-16.105,-21.189,4,0.53315,2,2.1952,0.31160516448958,3.17557251908397e-05
-28.64,-13.538,-17.215,4,1.9422,2,6.8747,0.322106149837459,3.17557251908397e-05
-34.197,-15.644,-13.573,4,0.48378,2,3.6238,0.490102267529985,3.17557251908397e-05
-34.629,-18.344,-5.673,4,0.82582,2,0.82582,0.497561801392948,3.17557251908397e-05
-36.169,-18.002,-7.4331,4,0.18077,2,0.18077,0.365716844257336,3.17557251908397e-05
-33.307,-21.582,-10.015,4,3.3438,2,3.3438,0.367508247461055,3.17557251908397e-05
-36.112,-21.93,-14.548,4,1.3249,2,1.9331,0.490651274190351,3.17557251908397e-05
-33.593,-26.607,-18.291,4,3.0369,2,4.4888,0.496027729044145,3.17557251908397e-05
-32.103,-33.425,-9.0943,4,1.5378,2,1.5378,0.480668254441471,3.17557251908397e-05
-33.769,-34.262,-9.6391,4,0.3624,2,0.3624,0.248007887580842,3.17557251908397e-05
-32.013,-36.214,-8.0117,4,0.1627,2,0.1627,0.290535933310598,3.17557251908397e-05
-31.644,-34.473,-9.243,4,1.5011,2,1.5011,0.471109810666053,3.17557251908397e-05
-23.776,-31.299,-7.1752,4,0.35403,2,3.6353,0.323487736607551,3.17557251908397e-05
-28.485,-39.309,-18.617,4,5.1337,2,5.1337,0.302086854844639,3.17557251908397e-05
-26.48,-30.847,-18.264,4,6.3377,2,6.3377,0.39684881169146,3.17557251908397e-05
-28.468,-24.922,-24.234,4,0.18966,2,0.57067,0.421158009820477,3.17557251908397e-05
-26.469,-25.092,-23.908,4,0.17938,2,0.17938,0.438587842409723,3.17557251908397e-05
-27.378,-36.295,-24.28,4,1.3531,2,1.3531,0.484720552789803,3.17557251908397e-05
-27.453,-38.364,-24.555,4,1.1917,2,1.1917,0.266856888566548,3.17557251908397e-05
-28.035,-52.361,-28.618,4,0.92638,2,0.92638,0.411916913167081,3.17557251908397e-05
-26.723,-53.936,-28.063,4,0.735,2,0.735,0.450653068820078,3.17557251908397e-05
-25.357,-52.578,-24.58,4,1.3503,2,1.3503,0.374214020578688,3.17557251908397e-05
-25.34,-50.763,-23.32,4,2.1691,2,2.1691,0.432547110076841,3.17557251908397e-05
-30.052,-40.862,-26.605,4,0.37928,2,0.37928,0.309166579119856,3.17557251908397e-05
-25.275,-50.163,-30.586,4,0.19128,2,0.19128,0.355887056822294,3.17557251908397e-05
-26.876,-50.55,-30.181,4,0.23513,2,0.23513,0.458148801666697,3.17557251908397e-05
-23.722,-51.547,-32.179,4,0.44413,2,0.44413,0.225365488759531,3.17557251908397e-05
-17.438,-38.848,-27.98,4,1.4377,2,0.15479,0.261933163444458,3.17557251908397e-05
-14.685,-46.627,-29.606,4,0.32066,2,1.4143,0.311064150763578,3.17557251908397e-05
-16.754,-51.676,-20.942,4,1.0651,2,5.2753,0.374234386474371,3.17557251908397e-05
-19.449,-54.213,-22.71,4,2.564,2,2.564,0.31617368819337,3.17557251908397e-05
-23.079,-56.167,-24.737,4,0.27825,2,0.27825,0.378110035917,3.17557251908397e-05
-21.952,-57.757,-29.356,4,1.1824,2,1.1824,0.438354860686211,3.17557251908397e-05
-23.875,-52.872,-17.504,4,0.084429,2,0.084429,0.226586829282255,3.17557251908397e-05
-21.896,-52.184,-20.549,4,2.4824,2,2.4824,0.391428656855634,3.17557251908397e-05
-21.123,-54.044,-19.915,4,1.2351,2,1.2351,0.457084534657498,3.17557251908397e-05
-18.694,-52.04,-21.07,4,2.8642,2,4.2686,0.484117863605251,3.17557251908397e-05
-20.51,-50.804,-20.971,4,3.75,2,4.3849,0.34823307972404,3.17557251908397e-05
-18.191,-47.832,-20.927,4,0.47565,2,7.7666,0.262884003947465,3.17557251908397e-05
-19.966,-37.004,-16.062,4,1.4067,2,9.1018,0.416238558602163,3.17557251908397e-05
-25.395,-47.724,-11.22,4,0.56051,2,0.56051,0.305102866233956,3.17557251908397e-05
-23.562,-48.522,-11.84,4,1.0754,2,1.4247,0.462730282888208,3.17557251908397e-05
-30.148,-39.247,-18.45,4,3.7483,2,3.7483,0.212229954098991,3.17557251908397e-05
-11.74,-54.764,-16.061,5,1.2203,2,1.2203,0.450079407830412,3.17557251908397e-05
-13.805,-54.791,-16.458,5,1.7494,2,1.7494,0.437236420397094,3.17557251908397e-05
-10.178,-48.155,-17.056,5,3.3882,2,3.3882,0.223073744155511,3.17557251908397e-05
-12.01,-48.934,-13.309,5,4.6946,2,4.6946,0.412907655472124,3.17557251908397e-05
-10.35,-50.437,-13.117,5,4.3417,2,4.3417,0.483864897683317,3.17557251908397e-05
-13.627,-50.973,-10.766,5,3.3144,2,3.3144,0.438250062299314,3.17557251908397e-05
-13.627,-49.298,-12.029,5,5.3542,2,5.3542,0.345556730870128,3.17557251908397e-05
-16.99,-47.594,-12.084,5,2.8758,2,5.4869,0.497775434388678,3.17557251908397e-05
-17.285,-49.716,-11.134,5,3.1971,2,3.1971,0.336228908294985,3.17557251908397e-05
-19.66,-38.521,-16.466,5,0.74553,2,8.7965,0.110807106157199,3.17557251908397e-05
-10.659,-56.309,-32.987,5,0.1969,2,0.1969,0.436073378447426,3.17557251908397e-05
-6.2717,-56.281,-30.733,5,3.1339,2,3.1339,0.490898211999664,3.17557251908397e-05
-11.772,-50.644,-36.694,5,3.4345,2,3.4345,0.173474812676739,3.17557251908397e-05
-10.158,-36.508,-32.575,5,3.1983,2,3.1983,0.389701808836295,3.17557251908397e-05
0.63748,-49.095,-37.048,5,0.37819,2,0.37819,0.493172097476177,3.17557251908397e-05
-1.2097,-45.524,-34.718,5,0.86854,2,0.86854,0.474790166270389,3.17557251908397e-05
0.066688,-45.396,-33.497,5,0.94583,2,0.94583,0.393918956570933,3.17557251908397e-05
0.11015,-46.818,-28.917,5,1.4999,2,1.4999,0.386629075183375,3.17557251908397e-05
-0.50161,-51.403,-30.341,5,0.61487,2,0.61487,0.336410884445287,3.17557251908397e-05
-0.32084,-54.12,-30.786,5,2.3043,2,2.3043,0.368246792017419,3.17557251908397e-05
-3.4762,-57.149,-32.7,5,2.3929,2,2.3929,0.497011745146945,3.17557251908397e-05
0.62264,-52.378,-22.962,5,1.4015,2,1.4015,0.407001008615245,3.17557251908397e-05
0.36009,-53.809,-24.037,5,0.34563,2,0.34563,0.473786360912887,3.17557251908397e-05
-1.4413,-55.266,-25.497,5,2.3009,2,2.3009,0.485223409321335,3.17557251908397e-05
-1.7217,-52.526,-28.875,5,1.4783,2,1.4783,0.388486042214539,3.17557251908397e-05
-6.4823,-44.555,-26.731,5,1.8098,2,1.8098,0.49421432266271,3.17557251908397e-05
-5.1756,-43.595,-26.256,5,0.23868,2,0.23868,0.316732465983361,3.17557251908397e-05
-7.0902,-39.407,-19.583,5,1.0665,2,1.0665,0.037628591302635,3.17557251908397e-05
-4.9174,-53.372,-13.48,5,1.3347,2,1.3347,0.417168697814389,3.17557251908397e-05
-5.8423,-54.544,-15.063,5,1.0091,2,1.0091,0.435046144597089,3.17557251908397e-05
-2.7391,-52.556,-16.174,5,0.1162,2,0.1162,0.32595000661046,3.17557251908397e-05
-13.33,-48.088,-17.119,5,3.8584,2,6.1058,0.14874557190569,3.17557251908397e-05
-12.99,-53.838,-24.354,5,0.2056,2,4.8026,0.302791180302383,3.17557251908397e-05
-5.7744,-56.974,-26.355,5,1.3267,2,1.3267,0.45657443486887,3.17557251908397e-05
-6.9009,-55.103,-26.539,5,3.2671,2,3.2671,0.386153815681305,3.17557251908397e-05
-4.9294,-52.437,-25.075,5,3.1282,2,3.1282,0.473358444354351,3.17557251908397e-05
-4.0703,-54.351,-24.255,5,3.3352,2,3.3352,0.318786529495097,3.17557251908397e-05
-3.2342,-55.675,-21.607,5,1.5741,2,1.5741,0.386220096666693,3.17557251908397e-05
-4.3743,-54.993,-19.761,5,2.2114,2,2.2114,0.461475754894662,3.17557251908397e-05
-2.8167,-41.873,-7.4378,5,4.9065,2,4.9065,0.337699478819587,3.17557251908397e-05
-5.0674,-45.971,-9.8114,5,0.62877,2,0.62877,0.241842776461566,3.17557251908397e-05
-5.4395,-27.771,-7.6429,5,5.43,2,5.43,0.594673148469352,3.17557251908397e-05
-7.5932,-28.577,-18.409,5,3.2851,2,3.2851,0.481464389346339,3.17557251908397e-05
-9.1896,-31.818,-2.5587,5,1.6834,2,1.6834,0.353288867350055,3.17557251908397e-05
-7.9124,-32.621,-3.4842,5,2.9656,2,2.9656,0.44659756719942,3.17557251908397e-05
-11.288,-23.442,-5.3831,5,0.50957,2,0.50957,0.408674211979455,3.17557251908397e-05
-11.856,-24.43,-6.4859,5,1.023,2,1.023,0.426313568042394,3.17557251908397e-05
-11.289,-24.744,-1.0653,5,0.47235,2,0.47235,0.38094971555057,3.17557251908397e-05
-10.397,-26.134,-0.12947,5,0.48851,2,0.48851,0.414776062445678,3.17557251908397e-05
-16.461,-23.025,0.87325,5,0.62504,2,0.62504,0.388546698059158,3.17557251908397e-05
-13.338,-22.532,-2.0987,5,1.3431,2,1.3431,0.376266709516015,3.17557251908397e-05
-20.171,-23.738,-11.007,5,1.2663,2,7.4034,0.157703137918141,3.17557251908397e-05
-21.164,-27.753,-12.106,5,1.5481,2,8.927,0.296084141563553,3.17557251908397e-05
-24.302,-27.813,-4.366,5,0.50326,2,1.3449,0.435135118857638,3.17557251908397e-05
-18.162,-38.278,0.85941,5,0.43189,2,0.43189,0.495329115404547,3.17557251908397e-05
-20.651,-38.514,0.82041,5,0.70667,2,0.70667,0.407730588624974,3.17557251908397e-05
-18.539,-47.671,-3.413,5,1.3337,2,1.3337,0.425121970195968,3.17557251908397e-05
-17.109,-48.343,-1.8673,5,1.1223,2,1.1223,0.420827004806461,3.17557251908397e-05
-14.811,-44.97,-0.14755,5,0.1904,2,0.1904,0.366839809260202,3.17557251908397e-05
-20.708,-36.99,-3.6818,5,4.0196,2,4.6055,0.433749131401896,3.17557251908397e-05
-23.787,-40.129,-5.4923,5,0.51715,2,3.7943,0.422630565974729,3.17557251908397e-05
-23.148,-42.29,-6.0374,5,1.0998,2,3.3257,0.462072982732465,3.17557251908397e-05
-24.01,-43.853,-2.5365,5,0.7656,2,0.7656,0.460874619342023,3.17557251908397e-05
-24.594,-41.749,-1.7195,5,1.3133,2,1.3133,0.402481159672224,3.17557251908397e-05
-23.376,-43.033,-9.341,5,0.71618,2,3.8222,0.373380131678033,3.17557251908397e-05
-20.325,-39.65,-14.569,5,0.63719,2,9.4619,0.433572302876917,3.17557251908397e-05
-16.003,-50.062,-5.7545,5,0.89221,2,0.89221,0.440974836834008,3.17557251908397e-05
-9.0799,-52.25,-7.5683,5,1.1282,2,1.1282,0.425683992937032,3.17557251908397e-05
-8.1158,-51.08,-5.8967,5,1.4419,2,1.4419,0.461077972649845,3.17557251908397e-05
-12.532,-51.283,-6.2473,5,1.0935,2,1.0935,0.384026185301535,3.17557251908397e-05
-13.647,-49.547,-9.2516,5,3.6461,2,3.6461,0.365140547485174,3.17557251908397e-05
-14.04,-47.179,-9.5646,5,5.5517,2,5.5517,0.4949110570374,3.17557251908397e-05
-5.3188,-46.051,-0.25431,5,0.65214,2,0.65214,0.428945413573776,3.17557251908397e-05
-5.7846,-47.085,-1.4489,5,1.0703,2,1.0703,0.445702367619932,3.17557251908397e-05
-8.3181,-40.994,-1.2548,5,0.48515,2,0.48515,0.188452094944282,3.17557251908397e-05
-13.942,-42.8,-1.2146,5,2.1032,2,2.1032,0.488642933568034,3.17557251908397e-05
-13.565,-44.596,0.13587,5,0.20451,2,0.20451,0.311800418855021,3.17557251908397e-05
-12.72,-48.455,-1.1633,5,0.70967,2,0.70967,0.363489244889223,3.17557251908397e-05
-11.641,-48.575,-2.8497,5,2.2726,2,2.2726,0.426093900727046,3.17557251908397e-05
-5.6737,-34.66,-36.242,7,0.14853,3,0.14853,0.332330482180794,6.66010821446139e-05
-8.3473,-29.502,-33.36,7,0.48157,3,0.48157,0.403167146093703,6.66010821446139e-05
-18.829,-16.008,-55.383,7,1.0895,3,1.1755,0.435716674650265,6.66010821446139e-05
-17.671,-17.554,-55.573,7,0.1584,3,0.1584,0.360917780103693,6.66010821446139e-05
-18.705,-13.523,-51.166,7,0.30636,3,3.8706,0.426069993282654,6.66010821446139e-05
-17.84,-12.564,-44.904,7,0.67056,3,2.4365,0.410596203196835,6.66010821446139e-05
-16.178,-13.917,-44.539,7,2.2129,3,2.2129,0.420137377399038,6.66010821446139e-05
-19.732,-14.477,-41.7,7,1.3595,3,5.3722,0.427846049050895,6.66010821446139e-05
-18.847,-10.26,-39.003,7,0.2707,3,1.0706,0.403579212255952,6.66010821446139e-05
-17.062,-9.7753,-38.158,7,0.16359,3,0.16359,0.446870149310459,6.66010821446139e-05
-15.553,-9.5403,-35.418,7,0.44594,3,0.44594,0.422066810019466,6.66010821446139e-05
-15.759,-9.7288,-33.612,7,0.58227,3,0.58227,0.369040476430839,6.66010821446139e-05
-14.664,-12.375,-31.582,7,1.5634,3,1.5634,0.383743564325383,6.66010821446139e-05
-13.651,-14.256,-32.109,7,2.3993,3,2.3993,0.48088067128814,6.66010821446139e-05
-11.655,-15.071,-22.218,7,1.2232,3,1.2232,0.448141423122052,6.66010821446139e-05
-12.585,-16.405,-22.686,7,1.7301,3,1.7301,0.358261426121976,6.66010821446139e-05
-18.018,-20.433,-34.258,7,5.6334,3,6.3318,0.239816966422128,6.66010821446139e-05
-9.9968,-27.576,-31.374,7,1.9908,3,1.9908,0.491880329420068,6.66010821446139e-05
-10.446,-25.587,-31.443,7,1.8374,3,1.8374,0.263126950363153,6.66010821446139e-05
-10.492,-25.704,-34.937,7,1.2044,3,1.2044,0.31553396587573,6.66010821446139e-05
-12.472,-29.333,-33.356,7,3.8205,3,3.8205,0.305489884256299,6.66010821446139e-05
-15.426,-19.473,-34.328,7,3.6255,3,3.6255,0.337752756426471,6.66010821446139e-05
-16.301,-23.737,-22.868,7,0.88252,3,0.88252,0.437893940611603,6.66010821446139e-05
-14.971,-23.119,-21.311,7,0.57748,3,0.57748,0.359753155855157,6.66010821446139e-05
-24.227,-17.035,-31.163,7,0.62996,3,0.62996,0.432097647430062,6.66010821446139e-05
-24.352,-16.428,-33.128,7,0.55492,3,0.55492,0.392130783088443,6.66010821446139e-05
-24.981,-28.429,-47.329,7,0.50586,3,5.6704,0.299462035201418,6.66010821446139e-05
-15.666,-25.932,-41.973,7,4.5227,3,4.5227,0.412178377184823,6.66010821446139e-05
-6.5023,-39.388,-36.68,7,0.35761,3,0.35761,0.201073447422802,6.66010821446139e-05
-9.8243,-31.563,-31.031,7,2.7083,3,2.7083,0.426584879045543,6.66010821446139e-05
-8.9274,-39.395,-31.233,7,0.36368,3,0.36368,0.496782284718601,6.66010821446139e-05
-8.3545,-37.957,-30.21,7,0.22936,3,0.22936,0.410793759455021,6.66010821446139e-05
-10.853,-43.79,-37.616,7,0.46194,3,1.4623,0.335825993746688,6.66010821446139e-05
-10.939,-44.531,-35.123,7,0.58112,3,2.6591,0.391738535802536,6.66010821446139e-05
-26.203,-55.441,-55.968,8,0.38532,3,0.38532,0.402981042289858,6.66010821446139e-05
-25.687,-55.467,-57.027,8,1.1324,3,1.1324,0.46312442343315,6.66010821446139e-05
-18.21,-55.977,-49.107,8,0.3771,3,0.3771,0.410519299939235,6.66010821446139e-05
-18.843,-57.93,-52.053,8,0.24495,3,0.24495,0.466082190180906,6.66010821446139e-05
-21.731,-53.398,-47.119,8,1.9738,3,1.9738,0.480004852538684,6.66010821446139e-05
-22.658,-54.031,-45.344,8,3.9865,3,3.9865,0.333520007612842,6.66010821446139e-05
-26.617,-50.667,-42.319,8,6.5632,3,6.5632,0.34185214595875,6.66010821446139e-05
-32.019,-55.087,-49.12,8,1.0962,3,1.0962,0.48807532404594,6.66010821446139e-05
-30.908,-53.048,-48.286,8,3.0175,3,3.0175,0.409544607372756,6.66010821446139e-05
-32.622,-52.407,-52.634,8,3.6578,3,3.6578,0.453522613174881,6.66010821446139e-05
-31.794,-52.692,-59.698,8,0.35341,3,0.35341,0.457229074107702,6.66010821446139e-05
-25.707,-28.653,-51.181,8,1.16,3,2.8579,0.471081389803765,6.66010821446139e-05
-7.7302,-53.324,-39.964,8,1.4245,3,1.4245,0.484936814607671,6.66010821446139e-05
-18.007,-47.102,-30.827,8,0.2276,3,0.2276,0.423798415832821,6.66010821446139e-05
-17.131,-48.997,-31.068,8,0.80548,3,0.80548,0.411240527067169,6.66010821446139e-05
-16.013,-41.706,-37.738,8,3.3307,3,3.7274,0.460302016469365,6.66010821446139e-05
-15.647,-40.285,-36.949,8,2.1721,3,4.1832,0.332946635858834,6.66010821446139e-05
-17.165,-37.931,-32.3,8,1.8986,3,2.5204,0.426956094177794,6.66010821446139e-05
-17.838,-39.596,-31.225,8,1.8553,3,1.8553,0.444144868655775,6.66010821446139e-05
-20.738,-48.801,-31.381,8,0.15982,3,0.15982,0.40365599689757,6.66010821446139e-05
-19.921,-46.924,-30.765,8,0.45215,3,0.45215,0.407876090366457,6.66010821446139e-05
-26.242,-57.187,-36.082,8,0.87111,3,0.87111,0.434316884910673,6.66010821446139e-05
-23.793,-55.281,-33.975,8,0.55251,3,0.55251,0.419638591641238,6.66010821446139e-05
-26.196,-50.805,-35.174,8,2.8124,3,2.8124,0.34812172328877,6.66010821446139e-05
-28.652,-51.731,-42.717,8,4.5574,3,4.5574,0.300427672636208,6.66010821446139e-05
-28.52,-51.178,-41.166,8,4.5268,3,4.5268,0.471053767595986,6.66010821446139e-05
-27.231,-48.058,-44.787,8,6.112,3,6.112,0.21615127653273,6.66010821446139e-05
-25.067,-56.565,-44.633,8,4.8836,3,4.8836,0.395566708303338,6.66010821446139e-05
-18.696,-55.406,-45.921,8,2.0162,3,2.0162,0.315475924370515,6.66010821446139e-05
-15.532,-52.774,-45.753,8,0.46484,3,0.46484,0.379678279053711,6.66010821446139e-05
-14.796,-53.884,-41.796,8,2.103,3,2.103,0.302511052031009,6.66010821446139e-05
-13.046,-55.502,-39.516,8,4.3183,3,4.3183,0.40563654185503,6.66010821446139e-05
-17.448,-57.564,-34.958,8,0.60271,3,0.60271,0.490153500550365,6.66010821446139e-05
-28.644,-48.569,-31.432,8,1.0859,3,1.0859,0.490998295352744,6.66010821446139e-05
-28.305,-48.172,-29.376,8,0.05663,3,0.05663,0.345001616205058,6.66010821446139e-05
-29.311,-43.933,-28.059,8,0.19826,3,0.19826,0.282655506652705,6.66010821446139e-05
-29.429,-42.229,-29.323,8,1.2063,3,1.2063,0.475050134432046,6.66010821446139e-05
-36.718,-41.1,-34.268,8,1.1285,3,1.1285,0.45194385882107,6.66010821446139e-05
-33.143,-51.14,-39.511,8,0.58862,3,0.58862,0.472009351027846,6.66010821446139e-05
-34.287,-47.074,-36.443,8,1.1189,3,1.1189,0.437426146379623,6.66010821446139e-05
-35.108,-46.631,-38.333,8,0.97753,3,0.97753,0.409010738009966,6.66010821446139e-05
-32.468,-43.543,-42.595,8,5.2916,3,5.2916,0.428688855784501,6.66010821446139e-05
-25.812,-43.972,-36.449,8,6.7546,3,6.7546,0.499838949675246,6.66010821446139e-05
-25.088,-45.874,-36.434,8,5.8567,3,5.8567,0.23429108618836,6.66010821446139e-05
-25.619,-49.14,-32.648,8,1.4643,3,1.4643,0.342525441338429,6.66010821446139e-05
-27.462,-49.123,-32.054,8,1.146,3,1.146,0.493784694914227,6.66010821446139e-05
-26.426,-51.254,-35.286,8,2.9528,3,2.9528,0.260147849673649,6.66010821446139e-05
-23.34,-32.102,-34.459,8,4.5113,3,8.2602,0.483718974887832,6.66010821446139e-05
-22.658,-32.141,-26.167,8,0.56995,3,0.56995,0.394500479058837,6.66010821446139e-05
-21.435,-33.184,-27.168,8,1.2943,3,1.2943,0.47476951574813,6.66010821446139e-05
-22.61,-32.378,-30.104,8,3.9536,3,3.9536,0.483809575242406,6.66010821446139e-05
-23.964,-30.951,-29.401,8,3.7206,3,3.7206,0.413790031171664,6.66010821446139e-05
-28.462,-33.873,-28.3,8,2.059,3,2.059,0.275729735640497,6.66010821446139e-05
-27.032,-42.978,-27.854,8,0.78858,3,0.78858,0.405033239343719,6.66010821446139e-05
-37.723,-32.523,-26.057,8,0.26914,3,0.26914,0.347706755250644,6.66010821446139e-05
-36.494,-33.587,-27.633,8,1.403,3,1.403,0.496088026821979,6.66010821446139e-05
-27.048,-34.46,-28.149,8,1.9055,3,1.9055,0.489751244548186,6.66010821446139e-05
-30.599,-19.767,-34.828,8,0.24859,3,1.0925,0.382818157461371,6.66010821446139e-05
-40.06,-22.755,-30.992,8,0.79842,3,0.79842,0.353567544985577,6.66010821446139e-05
-40.435,-26.095,-29.661,8,0.37796,3,0.37796,0.376088190807266,6.66010821446139e-05
-37.853,-25.115,-25.367,8,0.3705,3,0.3705,0.401850660383306,6.66010821446139e-05
-35.685,-25.645,-25.401,8,0.54314,3,0.54314,0.459361709553561,6.66010821446139e-05
-41.435,-28.638,-35.596,8,0.1488,3,0.1488,0.0961490018977797,6.66010821446139e-05
-35.169,-33.983,-39.818,8,5.2316,3,5.2316,0.386976653134325,6.66010821446139e-05
-34.122,-39.334,-33.671,8,3.891,3,3.891,0.277729701743431,6.66010821446139e-05
-33.431,-37.53,-33.23,8,4.9271,3,4.9271,0.496946311682373,6.66010821446139e-05
-35.177,-33.225,-39.935,8,5.2801,3,5.2801,0.337384174154443,6.66010821446139e-05
-43.122,-30.469,-58.478,8,0.44465,3,2.0184,0.315010760949117,6.66010821446139e-05
-39.091,-31.602,-58.291,8,0.97595,3,3.6174,0.444766052296623,6.66010821446139e-05
-38.949,-33.803,-57.639,8,3.202,3,3.5272,0.387881613706241,6.66010821446139e-05
-42.222,-36.586,-56.635,8,1.895,3,1.895,0.36032177726539,6.66010821446139e-05
-41.701,-46.53,-60.049,8,0.23486,3,0.23486,0.377129470967823,6.66010821446139e-05
-43.444,-42.893,-56.661,8,0.62395,3,0.62395,0.343423639803476,6.66010821446139e-05
-43.053,-36.757,-59.617,8,0.92741,3,0.92741,0.42935159079231,6.66010821446139e-05
-36.571,-35.163,-60.492,8,0.16658,3,0.16658,0.42606375129543,6.66010821446139e-05
-35.576,-36.774,-60.442,8,0.88352,3,0.88352,0.449208392462064,6.66010821446139e-05
-37.712,-38.995,-62.483,8,0.78471,3,0.78471,0.37732800859756,6.66010821446139e-05
-39.282,-38.137,-63.637,8,0.48265,3,0.48265,0.480466414618651,6.66010821446139e-05
-32.885,-39.039,-57.739,8,0.42451,3,0.42451,0.465617550571563,6.66010821446139e-05
-31.487,-37.573,-57.729,8,1.1616,3,1.1616,0.39444231017163,6.66010821446139e-05
-34.757,-48.07,-54.632,8,3.5971,3,3.5971,0.334803600078723,6.66010821446139e-05
-34.95,-52.799,-49.773,8,0.60677,3,0.60677,0.455740288011276,6.66010821446139e-05
-36.722,-51.749,-49.357,8,0.13583,3,0.13583,0.347229465267689,6.66010821446139e-05
-33.431,-47.702,-52.594,8,4.2822,3,4.2822,0.433233593651196,6.66010821446139e-05
-32.052,-48.547,-48.087,8,4.2422,3,4.2422,0.403124554972523,6.66010821446139e-05
-32.123,-50.283,-49.109,8,3.6564,3,3.6564,0.412111230380188,6.66010821446139e-05
-31.365,-49.317,-41.935,8,3.6237,3,3.6237,0.488930931237496,6.66010821446139e-05
-32.765,-44.125,-39.837,8,4.3196,3,4.3196,0.445247364424771,6.66010821446139e-05
-39.282,-39.951,-43.679,8,0.20236,3,0.20236,0.329048416055825,6.66010821446139e-05
-38.569,-38.99,-45.051,8,1.4351,3,1.4351,0.456169190957365,6.66010821446139e-05
-47.161,-27.307,-73.805,9,0.2735,3,0.2735,0.48862825331754,6.66010821446139e-05
-44.136,-29.338,-67.852,9,0.7309,3,0.7309,0.35568855534834,6.66010821446139e-05
-44.836,-30.18,-69.499,9,0.44757,3,0.44757,0.45391478077405,6.66010821446139e-05
-47.833,-28.534,-65.143,9,0.34905,3,0.34905,0.243882182196989,6.66010821446139e-05
-47.005,-26.357,-61.387,9,0.17947,3,0.17947,0.360035314417754,6.66010821446139e-05
-47.13,-18.382,-60.565,9,0.55163,3,0.55163,0.349968998577438,6.66010821446139e-05
-48.146,-16.369,-63.919,9,0.87261,3,0.87261,0.122885745026408,6.66010821446139e-05
-45.06,-13.916,-69.543,9,2.0005,3,2.0005,0.439099312768572,6.66010821446139e-05
-44.578,-14.949,-67.678,9,2.2381,3,2.2381,0.366261217758588,6.66010821446139e-05
-42.387,-15.635,-70.496,9,1.1035,3,1.1035,0.317003991882778,6.66010821446139e-05
-44.43,-17.346,-74.777,9,0.55708,3,0.55708,0.359388933783422,6.66010821446139e-05
-38.256,-18.548,-68.724,9,1.36,3,1.36,0.201309849960013,6.66010821446139e-05
-29.748,-19.153,-59.61,9,0.99387,3,0.99387,0.477153797750716,6.66010821446139e-05
-30.224,-20.253,-61.619,9,0.56374,3,0.56374,0.386762231509276,6.66010821446139e-05
-35.235,-25.771,-61.75,9,0.1937,3,0.1937,0.277333710876837,6.66010821446139e-05
-27.155,-26.664,-56.774,9,0.53786,3,0.53786,0.456719047512927,6.66010821446139e-05
-25.616,-25.018,-56.385,9,0.24601,3,0.68715,0.42313531442195,6.66010821446139e-05
-25.07,-21.573,-49.266,9,0.19868,3,6.5764,0.452203079966197,6.66010821446139e-05
-29.78,-27.524,-48.518,9,1.5737,3,6.2789,0.131115567824528,6.66010821446139e-05
-45.159,-26.591,-59.714,9,1.1704,3,1.1704,0.321217238899681,6.66010821446139e-05
-45.373,-30.108,-61.153,9,0.90734,3,0.90734,0.392341941575015,6.66010821446139e-05
-40.594,-23.175,-53.691,9,3.509,3,3.509,0.4355287287151,6.66010821446139e-05
-41.416,-27.031,-52.113,9,2.0472,3,3.1783,0.341443320234834,6.66010821446139e-05
-43.103,-25.798,-42.781,9,0.34463,3,0.34463,0.191038048400759,6.66010821446139e-05
-40.497,-24.24,-39.339,9,0.13083,3,1.563,0.346011051252763,6.66010821446139e-05
-32.649,-17.238,-34.414,9,0.60123,3,0.60123,0.435091831877554,6.66010821446139e-05
-30.22,-17.676,-35.153,9,0.33565,3,0.33565,0.479610547313393,6.66010821446139e-05
-40.38,-10.41,-35.527,9,0.62702,3,0.62702,0.378310372195133,6.66010821446139e-05
-39.517,-12.33,-34.89,9,0.53466,3,0.53466,0.426135866561037,6.66010821446139e-05
-35.458,-14.849,-50.953,9,7.4463,3,7.4463,0.336153289023153,6.66010821446139e-05
-37.288,-15.925,-51.854,9,5.914,3,5.914,0.489111684306068,6.66010821446139e-05
-43.109,-20.502,-56.974,9,2.6293,3,2.6293,0.443970284359171,6.66010821446139e-05
-46.406,-1.9753,-56.844,9,3.4613,3,3.4613,0.319566632938173,6.66010821446139e-05
-43.73,-2.5122,-62.148,9,0.66167,3,0.66167,0.4294572100077,6.66010821446139e-05
-44.003,-3.5701,-63.597,9,0.30294,3,0.30294,0.478767045078576,6.66010821446139e-05
-38.634,-8.3317,-63.021,9,5.7824,3,5.7824,0.428754669433822,6.66010821446139e-05
-34.673,-11.646,-52.941,9,8.6461,3,8.6461,0.376773234212869,6.66010821446139e-05
-41.357,-4.9331,-43.557,9,1.2584,3,1.2584,0.485290758997345,6.66010821446139e-05
-36.095,-1.8916,-38.112,9,0.077009,3,0.077009,0.450280033684336,6.66010821446139e-05
-38.341,-2.6231,-37.793,9,0.5584,3,0.5584,0.404825155851503,6.66010821446139e-05
-23.469,-5.7469,-45.207,9,0.91322,3,4.7986,0.190538079523438,6.66010821446139e-05
-32.041,-0.10679,-59.903,9,3.076,3,8.6178,0.404048765093812,6.66010821446139e-05
-36.87,-1.6283,-61.708,9,0.6835,3,5.214,0.42260140824982,6.66010821446139e-05
-38.03,-0.53263,-60.812,9,0.95271,3,3.5668,0.442245668144636,6.66010821446139e-05
-42.142,-0.41943,-55.494,9,0.32248,3,0.32248,0.246897287237573,6.66010821446139e-05
-37.179,-1.3843,-66.786,9,0.56272,3,6.6599,0.374576161702998,6.66010821446139e-05
-20.041,-12.828,-59.073,9,0.97154,3,0.97154,0.435921997878864,6.66010821446139e-05
-20.083,-11.341,-60.489,9,0.457,3,0.9492,0.419978290420656,6.66010821446139e-05
-28.999,-8.1778,-68.114,9,0.15785,3,0.15785,0.3185309562477,6.66010821446139e-05
-29.501,-15.807,-64.435,9,0.95196,3,0.95196,0.378311961696377,6.66010821446139e-05
-38.208,-12.511,-68.213,9,1.3228,3,1.3228,0.453004839867778,6.66010821446139e-05
-38.457,-12.924,-70.102,9,0.16044,3,0.16044,0.424250583868765,6.66010821446139e-05
-43.727,-12.518,-77.697,9,0.71613,3,0.71613,0.361313626247239,6.66010821446139e-05
-43.34,-13.781,-73.134,9,0.65653,3,0.65653,0.304214179281951,6.66010821446139e-05
-47.131,-8.0196,-68.606,9,0.56697,3,0.56697,0.239175691802087,6.66010821446139e-05
-45.027,-6.7107,-65.418,9,0.23456,3,0.23456,0.335271352760569,6.66010821446139e-05
-46.765,-4.1692,-72.637,9,0.23102,3,0.23102,0.343730251296278,6.66010821446139e-05
-43.955,0.30097,-73.584,9,1.4384,3,1.4384,0.403422271161503,6.66010821446139e-05
-37.822,-1.332,-76.145,9,1.3462,3,3.1337,0.356460130106733,6.66010821446139e-05
-38.883,0.27805,-77.44,9,0.35714,3,5.1964,0.481846278603029,6.66010821446139e-05
-37.817,-1.228,-78.751,9,1.1376,3,3.0106,0.467004655549418,6.66010821446139e-05
-37.319,-1.8818,-76.673,9,1.1846,3,2.5939,0.327603591382651,6.66010821446139e-05
-36.512,-4.7322,-78.887,9,0.51699,3,0.51699,0.361316732563109,6.66010821446139e-05
-41.392,10.729,-75.982,10,0.32503,3,0.32503,0.192025080113633,6.66010821446139e-05
-41.505,9.1145,-77.933,10,0.87412,3,0.87412,0.411283020094966,6.66010821446139e-05
-36.318,10.883,-64.897,10,0.31782,3,0.31782,0.439823486423219,6.66010821446139e-05
-35.296,17.351,-74.008,10,0.85568,3,0.85568,0.477665118325575,6.66010821446139e-05
-28.098,14.263,-68.129,10,2.8087,3,2.8087,0.393897085276292,6.66010821446139e-05
-29.075,11.596,-79.61,10,8.0772,3,8.0772,0.477309188215959,6.66010821446139e-05
-33.36,3.9262,-83.423,10,1.0939,3,1.0939,0.461699438307989,6.66010821446139e-05
-30.215,5.1751,-76.531,10,6.0194,3,6.0194,0.394136323217787,6.66010821446139e-05
-31.431,-5.5085,-70.196,10,0.87207,3,1.5139,0.280448319348325,6.66010821446139e-05
-36.446,-1.8786,-77.386,10,0.76973,3,2.7229,0.49599287411645,6.66010821446139e-05
-36.056,-2.9944,-76.088,10,1.7392,3,1.1442,0.215425909031507,6.66010821446139e-05
-38.258,-2.1939,-69.889,10,2.2535,3,5.7805,0.277670947513484,6.66010821446139e-05
-38.695,-1.6063,-68.854,10,2.1501,3,6.0904,0.489452873689089,6.66010821446139e-05
-43.01,4.612,-73.701,10,0.46684,3,0.8973,0.403336329788203,6.66010821446139e-05
-43.938,2.0305,-80.331,10,1.1217,3,1.9692,0.440308675881408,6.66010821446139e-05
-31.111,-3.94,-56.63,10,0.32506,3,10.744,0.329913479093371,6.66010821446139e-05
-33.09,3.7414,-55.41,10,4.9591,3,4.9633,0.118515120009969,6.66010821446139e-05
-34.901,8.378,-62.294,10,3.1925,3,3.1925,0.338708106606939,6.66010821446139e-05
-28.915,11.345,-56.139,10,3.3773,3,3.3773,0.264443952827734,6.66010821446139e-05
-32.509,10.572,-59.335,10,2.9782,3,2.9782,0.351102532133014,6.66010821446139e-05
-34.225,9.9624,-58.549,10,2.0609,3,2.0609,0.487161104653295,6.66010821446139e-05
-35.301,8.3984,-57.34,10,1.8239,3,1.8239,0.460016992719034,6.66010821446139e-05
-35.049,6.6395,-58.349,10,3.1371,3,3.1371,0.378166487280291,6.66010821446139e-05
-32.296,2.1954,-55.902,10,4.1691,3,6.451,0.413874614529309,6.66010821446139e-05
-35.875,2.1875,-54.502,10,2.1721,3,3.3616,0.162373119809685,6.66010821446139e-05
-38.857,5.2569,-49.714,10,0.53378,3,0.53378,0.0475269333799711,6.66010821446139e-05
-33.54,9.0744,-39.519,10,0.3475,3,0.3475,0.288246998642944,6.66010821446139e-05
-36.674,7.0337,-43.312,10,0.43454,3,0.43454,0.26690636647347,6.66010821446139e-05
-37.252,3.8495,-41.434,10,0.86377,3,0.86377,0.317819561272847,6.66010821446139e-05
-29.804,-2.4432,-40.767,10,0.54737,3,1.4422,0.35228066046828,6.66010821446139e-05
-21.713,12.642,-40.783,10,0.27561,3,0.27561,0.413906684422917,6.66010821446139e-05
-23.502,11.832,-39.647,10,0.5377,3,0.5377,0.431310119330758,6.66010821446139e-05
-21.074,10.389,-47.072,10,4.5246,3,4.5246,0.468404524861185,6.66010821446139e-05
-24.115,14.434,-45.616,10,0.48742,3,0.48742,0.446977105632038,6.66010821446139e-05
-21.87,14.38,-44.541,10,0.86615,3,0.86615,0.459710631546924,6.66010821446139e-05
-30.94,13.855,-45.952,10,1.009,3,1.009,0.261504314104105,6.66010821446139e-05
-20.409,15.728,-53.071,10,0.64771,3,0.64771,0.368068326815224,6.66010821446139e-05
-20.699,13.104,-45.755,10,1.8134,3,1.8134,0.458771060497538,6.66010821446139e-05
-21.331,12.718,-47.721,10,2.213,3,2.213,0.311533566965297,6.66010821446139e-05
-22.763,9.6602,-46.286,10,5.2829,3,5.2829,0.286656039638306,6.66010821446139e-05
-19.197,6.5925,-44.707,10,3.8056,3,3.8056,0.440342962857986,6.66010821446139e-05
-16.319,9.3576,-45.982,10,4.1163,3,4.1163,0.381213536540683,6.66010821446139e-05
-17.06,2.5355,-54.729,10,6.0636,3,6.0636,0.455627625976648,6.66010821446139e-05
-16.053,4.9104,-53.762,10,6.1354,3,6.1354,0.462521091907367,6.66010821446139e-05
-21.784,15.943,-65.048,10,1.1424,3,1.1424,0.317614387886235,6.66010821446139e-05
-22.868,16.476,-65.102,10,0.62564,3,0.62564,0.466160396823846,6.66010821446139e-05
-26.714,6.399,-65.602,10,9.4939,3,9.4939,0.393225959803508,6.66010821446139e-05
-30.122,11.269,-65.234,10,3.759,3,3.759,0.406481917320459,6.66010821446139e-05
-29.792,12.886,-64.03,10,2.495,3,2.495,0.494956885864891,6.66010821446139e-05
-29.441,13.274,-63.193,10,2.2,3,2.2,0.480387077208301,6.66010821446139e-05
-31.768,12.909,-62.423,10,0.9282,3,0.9282,0.496187781922553,6.66010821446139e-05
-31.396,12.518,-56.75,10,1.7428,3,1.7428,0.421004096057075,6.66010821446139e-05
-23.864,13.854,-54.773,10,1.4238,3,1.4238,0.463641540814623,6.66010821446139e-05
-22.473,15.177,-55.713,10,0.6246,3,0.6246,0.326915442836485,6.66010821446139e-05
-13.4,13.584,-61.898,10,0.097353,3,0.097353,0.321154782405573,6.66010821446139e-05
-11.203,7.1785,-68.944,10,2.86,3,2.86,0.474062826729436,6.66010821446139e-05
-14.685,8.3899,-72.677,10,4.6791,3,4.6791,0.481315726877849,6.66010821446139e-05
-21.066,11.597,-73.274,10,5.3072,3,5.3072,0.460519467361069,6.66010821446139e-05
-23.872,5.6684,-67.226,10,8.4043,3,8.4043,0.304259483269446,6.66010821446139e-05
-22.499,13.377,-62.367,10,3.1607,3,3.1607,0.308957747043581,6.66010821446139e-05
-21.374,17.048,-68.092,10,0.35153,3,0.35153,0.400642846532445,6.66010821446139e-05
-18.29,12.298,-58.445,10,3.1999,3,3.1999,0.389069848967051,6.66010821446139e-05
-18.87,10.415,-58.938,10,5.1648,3,5.1648,0.458161625767073,6.66010821446139e-05
-12.11,10.091,-46.654,10,1.668,3,1.668,0.470778517899726,6.66010821446139e-05
-13.655,6.4863,-47.532,10,4.3825,3,4.3825,0.424402040448267,6.66010821446139e-05
-11.245,6.945,-52.965,10,3.3137,3,3.3137,0.242370227448643,6.66010821446139e-05
-13.616,13.829,-58.688,10,0.16482,3,0.16482,0.399971607612233,6.66010821446139e-05
-12.834,8.4119,-53.515,10,3.4192,3,3.4192,0.293689105358829,6.66010821446139e-05
-12.705,6.8292,-47.256,10,3.941,3,3.941,0.418450037719067,6.66010821446139e-05
-8.6122,6.676,-46.844,10,0.71384,3,0.71384,0.466651791919386,6.66010821446139e-05
-9.3311,8.3704,-46.924,10,1.1435,3,1.1435,0.477913858404313,6.66010821446139e-05
-15.815,-3.3491,-62.327,10,0.18653,3,0.18653,0.318420799469738,6.66010821446139e-05
-8.3314,1.9365,-71.857,10,0.78425,3,0.78425,0.410473195701897,6.66010821446139e-05
-13.201,5.9569,-69.932,10,5.1716,3,5.1716,0.427156553197985,6.66010821446139e-05
-9.434,8.1314,-68.045,10,1.1181,3,1.1181,0.419343683206998,6.66010821446139e-05
-5.4316,5.6154,-63.94,10,0.24414,3,0.24414,0.209441221475982,6.66010821446139e-05
-11.411,-0.9278,-77.321,10,2.1777,3,2.1777,0.342908013395515,6.66010821446139e-05
-10.275,3.5667,-73.092,10,2.0175,3,2.0175,0.367782143169105,6.66010821446139e-05
-28.966,-6.7403,-67.438,10,0.24007,3,1.5058,0.428159557557773,6.66010821446139e-05
-31.872,2.3057,-80.239,10,2.4067,3,2.4067,0.413444363144264,6.66010821446139e-05
-29.1,8.5046,-79.574,10,6.1608,3,6.1608,0.459548424715525,6.66010821446139e-05
-26.282,10.907,-76.829,10,7.8215,3,7.8215,0.359098514431946,6.66010821446139e-05
-21.676,11.881,-70.393,10,5.9608,3,5.9608,0.279752136648892,6.66010821446139e-05
-13.551,9.9451,-78.783,10,2.5785,3,2.5785,0.448300479149515,6.66010821446139e-05
-12.273,5.0569,-77.76,10,3.0547,3,3.0547,0.47079524559374,6.66010821446139e-05
-15.599,3.5374,-80.423,10,1.3434,3,1.3434,0.277069029790248,6.66010821446139e-05
-14.453,4.3109,-82.098,10,0.99409,3,0.99409,0.496421615142476,6.66010821446139e-05
-20.301,4.0191,-84.161,10,0.42082,3,0.42082,0.192381036554481,6.66010821446139e-05
35.892,-0.64195,15.729,12,0.63624,5,0.63624,0.36680223170157,0.000192729591836735
33.718,-0.28227,26.011,12,0.29838,5,0.29838,0.417851501859661,0.000192729591836735
34.389,-1.6341,25.713,12,0.25578,5,0.25578,0.420446919349704,0.000192729591836735
29.547,0.91696,20.499,12,4.3564,5,4.3564,0.286447635595039,0.000192729591836735
28.301,-1.8622,24.093,12,5.7457,5,5.7457,0.469925250432585,0.000192729591836735
28.929,-0.48497,24.324,12,4.54,5,4.54,0.308532258321209,0.000192729591836735
28.978,-7.7439,24.612,12,4.7376,5,5.8064,0.320892404411047,0.000192729591836735
31.766,-8.9611,26.641,12,2.5465,5,2.5465,0.397815253902406,0.000192729591836735
33.789,-8.1402,26.134,12,1.0022,5,1.0022,0.472490977104105,0.000192729591836735
33.343,-5.503,27.664,12,0.54265,5,0.54265,0.39194462863337,0.000192729591836735
31.638,-5.5505,29.082,12,1.5785,5,1.5785,0.490088444026881,0.000192729591836735
31.605,-11.676,23.454,12,0.55452,5,4.067,0.497547125678115,0.000192729591836735
30.767,-10.528,24.098,12,1.8834,5,4.5579,0.429268268138556,0.000192729591836735
25.715,-9.3847,11.981,12,0.14443,5,0.14443,0.235564118868685,0.000192729591836735
35.523,-6.8995,0.222,12,3.1929,5,1.5899,0.347094731117818,0.000192729591836735
33.027,-10.485,3.4668,12,5.2455,5,2.8214,0.466546934362706,0.000192729591836735
32.729,-2.1071,-3.2556,12,0.89859,5,0.89859,0.324041814455031,0.000192729591836735
35.925,-0.72425,-0.88205,12,0.4004,5,0.4004,0.374361517000743,0.000192729591836735
39.087,0.98007,2.206,12,0.33105,5,0.33105,0.424579756626635,0.000192729591836735
37.777,0.65955,0.48817,12,1.2456,5,1.2456,0.39554498053856,0.000192729591836735
35.303,0.26821,0.12019,12,1.6578,5,1.6578,0.407775423736077,0.000192729591836735
33.411,-0.15927,1.5926,12,3.5605,5,3.5605,0.475090435975238,0.000192729591836735
32.496,2.3103,10.262,12,4.2267,5,4.2267,0.306788043980291,0.000192729591836735
36.438,-0.37556,14.278,12,0.89537,5,0.89537,0.387185936236226,0.000192729591836735
30.226,7.8523,13.688,12,1.9807,5,1.9807,0.495220773291579,0.000192729591836735
31.749,8.0266,14.798,12,0.68686,5,0.68686,0.339861373740507,0.000192729591836735
33.42,1.302,11.199,12,3.841,5,3.841,0.420131715999571,0.000192729591836735
37.445,5.2985,0.28546,12,0.36565,5,0.36565,0.305222908073064,0.000192729591836735
35.92,8.4384,-0.37302,12,0.27872,5,0.27872,0.405539738939341,0.000192729591836735
27.985,14.307,-0.62868,12,0.27562,5,0.27562,0.464784636674178,0.000192729591836735
28.92,14.021,-2.588,12,0.10167,5,0.10167,0.31763179605944,0.000192729591836735
33.059,10.574,-3.5611,12,1.0152,5,1.0152,0.480555829651775,0.000192729591836735
30.627,7.7728,-6.7705,12,0.35332,5,0.35332,0.420468537066149,0.000192729591836735
20.705,3.9429,-3.566,12,0.46386,5,0.46386,0.483051137752429,0.000192729591836735
21.189,11.459,-3.2912,12,0.78884,5,0.78884,0.442734339443859,0.000192729591836735
19.854,9.65,-3.2835,12,0.36511,5,0.36511,0.356465021207382,0.000192729591836735
24.082,11.778,22.392,12,0.18323,5,0.18323,0.414870179656841,0.000192729591836735
22.12,12.306,12.335,12,0.79315,5,0.79315,0.424512292425916,0.000192729591836735
16.245,9.6166,13.866,12,3.8072,5,3.8072,0.485063734024647,0.000192729591836735
15.597,11.978,15.293,12,1.299,5,1.299,0.450219625034502,0.000192729591836735
16.282,13.488,13.846,12,0.24293,5,0.24293,0.39064619015804,0.000192729591836735
15.832,5.003,13.122,12,1.4285,5,1.4285,0.499519354751939,0.000192729591836735
24.065,4.3513,21.402,12,6.635,5,6.635,0.45989568615755,0.000192729591836735
23.221,5.2345,23.341,12,5.4768,5,5.4768,0.405375504633072,0.000192729591836735
20.168,7.2404,24.415,12,3.7056,5,3.7056,0.431228212783003,0.000192729591836735
18.884,7.6843,22.727,12,3.2723,5,3.2723,0.417683298400427,0.000192729591836735
28.8,4.6621,30.37,12,0.80935,5,0.80935,0.46937386913116,0.000192729591836735
24.155,6.1469,29.684,12,3.0027,5,3.0027,0.458290357091514,0.000192729591836735
23.287,2.6541,26.492,12,6.3627,5,6.3627,0.344687530950253,0.000192729591836735
26.484,0.16717,25.587,12,6.3724,5,6.3724,0.395503617053613,0.000192729591836735
25.902,-0.13023,27.622,12,6.2074,5,6.2074,0.439188679049057,0.000192729591836735
31.392,-1.2485,24.177,12,2.6406,5,2.6406,0.261741671204376,0.000192729591836735
32.405,-0.85907,19.274,12,2.6531,5,2.6531,0.459318992627112,0.000192729591836735
31.893,3.9239,27.268,12,0.33536,5,0.33536,0.454673480469852,0.000192729591836735
32.993,3.0848,26.664,12,0.77995,5,0.77995,0.355164240163996,0.000192729591836735
32.34,6.8379,16.755,12,0.12657,5,0.12657,0.348850589595109,0.000192729591836735
13.177,-5.1117,28.344,12,1.1004,5,1.1004,0.341750066822274,0.000192729591836735
16.622,-6.9264,32.132,12,3.4016,5,3.4016,0.445418157691348,0.000192729591836735
16.999,-3.7497,34.752,12,0.87819,5,0.87819,0.498251745798355,0.000192729591836735
15.33,-4.8362,34.38,12,0.64665,5,0.64665,0.38060676789449,0.000192729591836735
24.707,-5.0523,26.877,12,8.4576,5,8.4576,0.261935185412223,0.000192729591836735
25.211,-0.75637,28.998,12,5.8977,5,5.8977,0.446591687561541,0.000192729591836735
26.358,-2.0312,30.494,12,4.3582,5,4.3582,0.485441982330483,0.000192729591836735
24.976,2.5533,31.315,12,3.1146,5,3.1146,0.455654584893558,0.000192729591836735
24.465,1.5326,29.408,12,5.2422,5,5.2422,0.376496270809298,0.000192729591836735
22.124,5.3905,29.353,12,3.8223,5,3.8223,0.424742419865624,0.000192729591836735
19.886,4.8467,31.624,12,0.98495,5,0.98495,0.393350762356607,0.000192729591836735
18.363,3.3653,31.955,12,0.28274,5,0.28274,0.426129737006142,0.000192729591836735
20.589,1.3541,34.691,12,0.72197,5,0.72197,0.460479209963316,0.000192729591836735
22.317,2.7017,34.679,12,1.0356,5,1.0356,0.461735982598581,0.000192729591836735
14.608,6.8632,16.015,12,0.52727,5,0.52727,0.417335890989981,0.000192729591836735
14.997,-7.5932,27.261,12,2.5292,5,2.5292,0.396708134751835,0.000192729591836735
15.844,-5.4671,26.898,12,3.4915,5,3.4915,0.463778379499593,0.000192729591836735
12.693,-18.05,30.636,12,0.34914,5,0.34914,0.391181881310439,0.000192729591836735
14.039,-19.381,31.783,12,0.70591,5,0.70591,0.426737549471427,0.000192729591836735
17.678,-16.096,34.933,12,3.7828,5,3.7828,0.484159007481102,0.000192729591836735
16.217,-11.385,33.718,12,3.1422,5,3.1422,0.469207930182898,0.000192729591836735
17.3,-12.156,32.207,12,4.6627,5,4.6627,0.356448397452303,0.000192729591836735
15.86,-9.1249,30.086,12,3.4854,5,3.4854,0.298047171183034,0.000192729591836735
13.465,-9.9138,22.141,12,0.89289,5,0.89289,0.238031623056011,0.000192729591836735
15.041,-9.847,21.102,12,0.24483,5,0.24483,0.486117442913836,0.000192729591836735
17.67,-27.511,24.956,12,0.84221,5,0.84221,0.392794460582131,0.000192729591836735
23.011,-25.131,24.003,12,0.36743,5,4.217,0.382319819071506,0.000192729591836735
23.38,-24.343,28.848,12,3.6896,5,6.1551,0.472230271853933,0.000192729591836735
15.414,-26.244,28.152,12,0.19024,5,0.19024,0.365566156898106,0.000192729591836735
28.096,-22.86,32.07,12,1.3886,5,1.3886,0.489398453214351,0.000192729591836735
29.456,-21.32,30.799,12,1.5176,5,1.5176,0.459609729495753,0.000192729591836735
26.985,-18.816,34.203,12,1.7818,5,1.7818,0.476285066386311,0.000192729591836735
22.793,-22.157,31.034,12,5.866,5,5.866,0.389028574385047,0.000192729591836735
23.663,-22.918,27.867,12,3.1443,5,7.1113,0.470669598260738,0.000192729591836735
23.281,-20.898,27.581,12,3.4273,5,7.1401,0.286769600886656,0.000192729591836735
23.313,-21.34,23.935,12,0.52727,5,4.4837,0.286437816054083,0.000192729591836735
30.014,-22.378,27.11,12,0.87333,5,2.0405,0.498345642827033,0.000192729591836735
27.977,-11.851,18.15,12,0.49256,5,4.3247,0.172783022317879,0.000192729591836735
29.793,-12.458,31.644,12,1.5278,5,1.5278,0.358559890341691,0.000192729591836735
32.604,-13.978,29.04,12,0.99515,5,0.99515,0.485650420547784,0.000192729591836735
31.974,-11.941,29.8,12,0.90295,5,0.90295,0.309258620946507,0.000192729591836735
29.368,-8.5365,34.733,12,0.33986,5,0.33986,0.374075933829775,0.000192729591836735
29.103,-11.774,33.466,12,1.1581,5,1.1581,0.382025108344722,0.000192729591836735
29.652,-9.9353,29.229,12,3.0918,5,3.0918,0.321111044710152,0.000192729591836735
25.893,-2.8108,29.695,12,5.4435,5,5.4435,0.269516879896974,0.000192729591836735
26.989,-3.8576,29.044,12,5.2368,5,5.2368,0.492472495340566,0.000192729591836735
22.858,-3.0152,26.881,12,8.2317,5,8.2317,0.17546575461185,0.000192729591836735
23.167,-4.3306,34.937,12,3.8211,5,3.8211,0.331667288412853,0.000192729591836735
18.567,-8.7243,37.472,12,1.1399,5,1.1399,0.461416996931312,0.000192729591836735
15.903,-10.309,31.558,12,3.3406,5,3.3406,0.35005890141986,0.000192729591836735
18.89,-16.363,34.946,12,4.55,5,4.55,0.374612993148075,0.000192729591836735
24.928,-15.998,36.432,12,1.8256,5,1.8256,0.4774957147459,0.000192729591836735
22.95,-11.965,38.434,12,2.2026,5,2.2026,0.495418554642952,0.000192729591836735
21.946,-14.147,38.985,12,1.6553,5,1.6553,0.472424159609618,0.000192729591836735
27.748,-28.54,22.495,13,3.0724,5,3.0724,0.486590215198121,0.000192729591836735
28.131,-25.126,22.91,13,2.2333,5,4.2285,0.490232449652605,0.000192729591836735
26.243,-25.203,23.739,13,1.2098,5,5.2895,0.354675442797527,0.000192729591836735
31.256,-29.072,17.15,13,2.1978,5,2.1978,0.429712998594909,0.000192729591836735
29.901,-29.009,18.256,13,2.8722,5,2.8722,0.451601966479852,0.000192729591836735
30.973,-25.86,12.854,13,3.4264,5,3.4264,0.238521408944459,0.000192729591836735
30.895,-20.359,17.108,13,4.6937,5,4.6937,0.454284784325612,0.000192729591836735
31.751,-21.474,18.82,13,3.8532,5,3.8532,0.329451605285029,0.000192729591836735
31.117,-23.525,21.774,13,2.8027,5,2.8027,0.387869084119064,0.000192729591836735
29.217,-24.528,21.759,13,3.4416,5,3.9758,0.464796856207485,0.000192729591836735
30.743,-27.099,20.646,13,2.2789,5,2.2789,0.472983997296777,0.000192729591836735
32.33,-26.015,20.397,13,1.5307,5,1.5307,0.401316906067877,0.000192729591836735
28.204,-20.491,22.872,13,0.92039,5,5.6771,0.420638662931907,0.000192729591836735
30.224,-21.472,22.759,13,2.285,5,3.7357,0.455436039282548,0.000192729591836735
31.514,-21.127,19.907,13,3.8568,5,3.8568,0.424946683501008,0.000192729591836735
31.35,-20.287,17.508,13,4.7489,5,4.7489,0.499167241111498,0.000192729591836735
28.193,-13.955,15.208,13,2.0839,5,2.0839,0.496233917670787,0.000192729591836735
27.706,-12.47,16.682,13,0.97549,5,2.973,0.373079250325273,0.000192729591836735
25.395,-21.652,22.555,13,0.95835,5,4.5122,0.361896066293691,0.000192729591836735
26.742,-20.984,22.361,13,1.4025,5,5.22,0.440471206219153,0.000192729591836735
12.901,-21.62,13.001,13,10.494,5,9.7486,0.0714397267750491,0.000192729591836735
15.552,-23.076,10.208,13,10.506,5,10.506,0.278786377292877,0.000192729591836735
20.774,-31.998,6.9392,13,6.8539,5,6.8539,0.0762161043473501,0.000192729591836735
21.686,-31.51,11.503,13,3.1453,5,3.1453,0.0373456857300597,0.000192729591836735
18.843,-31.532,12.134,13,4.5943,5,4.5943,0.0638602243105493,0.000192729591836735
25.633,-36.638,3.7203,13,3.9638,5,3.9638,0.476373964191387,0.000192729591836735
27.297,-35.836,5.8917,13,1.6158,5,1.6158,0.479377039286541,0.000192729591836735
26.151,-36.032,6.1268,13,2.2646,5,2.2646,0.440318320893426,0.000192729591836735
32.592,-33.564,10.75,13,2.2833,5,2.2833,0.443659648800734,0.000192729591836735
31.02,-34.201,11.414,13,2.7413,5,2.7413,0.484498148025054,0.000192729591836735
30.416,-34.461,8.6145,13,1.3547,5,1.3547,0.405931927781083,0.000192729591836735
31.617,-34.016,8.19,13,2.2322,5,2.2322,0.408522602806555,0.000192729591836735
33.112,-28.825,9.1999,13,3.2977,5,3.2977,0.358603005355673,0.000192729591836735
33.879,-30.623,9.8256,13,3.0296,5,3.0296,0.430907431105935,0.000192729591836735
33.603,-28.491,12.563,13,3.1477,5,3.1477,0.457289744775715,0.000192729591836735
32.691,-27.284,11.013,13,3.7255,5,3.7255,0.351646536036261,0.000192729591836735
30.754,-25.064,12.479,13,3.0657,5,3.0657,0.490486093267194,0.000192729591836735
30.951,-26.912,13.711,13,3.9726,5,3.9726,0.290090607794471,0.000192729591836735
29.991,-32.479,14.349,13,3.2198,5,3.2198,0.462389218999577,0.000192729591836735
31.447,-31.528,14.766,13,2.4461,5,2.4461,0.466130131498807,0.000192729591836735
24.701,-34.667,15.483,13,2.2072,5,2.2072,0.493124746023657,0.000192729591836735
26.252,-36.329,8.6262,13,0.56497,5,0.56497,0.378007157924418,0.000192729591836735
27.395,-36.105,8.7867,13,0.54165,5,0.54165,0.431641179114532,0.000192729591836735
25.735,-37.015,11.277,13,0.68992,5,0.68992,0.492312345494158,0.000192729591836735
37.588,-17.479,3.8958,13,4.4783,5,4.4783,0.488077115502554,0.000192729591836735
38.945,-17.739,5.5262,13,2.733,5,2.733,0.346107613247991,0.000192729591836735
33.652,-21.464,10.623,13,4.3278,5,4.3278,0.241954903088182,0.000192729591836735
35.484,-29.543,5.4938,13,2.41,5,2.41,0.357546391962184,0.000192729591836735
37.079,-28.555,5.1463,13,2.6851,5,2.6851,0.437063158188819,0.000192729591836735
37.671,-28.304,7.6487,13,1.2725,5,1.2725,0.417526177772568,0.000192729591836735
36.284,-29.385,8.4856,13,1.8847,5,1.8847,0.433152590075264,0.000192729591836735
33.354,-28.974,3.2627,13,0.50576,5,0.50576,0.275632682674165,0.000192729591836735
33.997,-29.626,2.5766,13,0.5117,5,0.5117,0.488330202652544,0.000192729591836735
39.207,-24.193,-1.0725,13,1.6791,5,1.6791,0.478513084572722,0.000192729591836735
39.625,-26.647,-0.75188,13,1.8216,5,1.8216,0.459649388495068,0.000192729591836735
36.362,-29.724,0.51399,13,0.31339,5,0.31339,0.414150161755682,0.000192729591836735
36.286,-9.5037,2.4881,13,4.2694,5,4.2694,0.120139905153522,0.000192729591836735
38.636,-16.984,5.4057,13,3.0994,5,3.0994,0.334426624664457,0.000192729591836735
35.815,-14.365,7.9172,13,5.2148,5,5.2148,0.486900751842331,0.000192729591836735
37.561,-15.529,7.4763,13,3.4946,5,3.4946,0.312161896506475,0.000192729591836735
35.198,-12.443,1.6049,13,2.7688,5,2.7688,0.181325759951019,0.000192729591836735
28.269,-6.072,5.7414,13,0.55083,5,1.2718,0.225194103423973,0.000192729591836735
31.311,-8.5528,12.316,13,0.35908,5,4.4524,0.298500304587033,0.000192729591836735
31.986,-9.8491,11.268,13,2.0157,5,5.022,0.484199688590209,0.000192729591836735
35.981,-12.613,21.101,13,0.4045,5,0.4045,0.346549988917264,0.000192729591836735
34.409,-12.909,21.439,13,1.7489,5,1.939,0.44265674686245,0.000192729591836735
32.122,-7.7432,13.712,13,0.14563,5,5.5921,0.34066525442803,0.000192729591836735
26.415,-11.435,12.86,13,0.36454,5,0.36454,0.39646111178036,0.000192729591836735
33.752,-18.238,19.232,13,2.6838,5,2.6838,0.366117775446393,0.000192729591836735
34.173,-16.378,19.38,13,2.4983,5,2.4983,0.430119898017582,0.000192729591836735
36.341,-19.487,16.84,13,0.62062,5,0.62062,0.413899546202867,0.000192729591836735
34.658,-19.878,17.94,13,1.6895,5,1.6895,0.385908185245149,0.000192729591836735
32.652,-20.411,7.8558,13,2.1499,5,2.1499,0.197835927309619,0.000192729591836735
38.015,-15.359,7.4681,13,3.0554,5,3.0554,0.319003164229107,0.000192729591836735
36.641,-14.042,8.0415,13,4.4122,5,4.4122,0.465191849279703,0.000192729591836735
27.371,18.705,-41.546,16,0.38433,7,0.38433,0.31866927053297,0.000184292146073036
27.14,16.793,-41.295,16,1.8708,7,2.0231,0.475177324818002,0.000184292146073036
22.276,14.89,-29.967,16,3.6454,7,3.6454,0.333973892870487,0.000184292146073036
32.846,6.493,-35.431,16,6.212,7,6.212,0.450836200944612,0.000184292146073036
33.234,6.6319,-43.844,16,0.14132,7,5.2816,0.366201331888235,0.000184292146073036
32.749,6.5349,-39.751,16,3.2479,7,5.3895,0.456169267370362,0.000184292146073036
27.116,7.8508,-42.646,16,0.50258,7,9.0494,0.411337762330678,0.000184292146073036
30.286,16.7,-43.513,16,0.88365,7,1.3224,0.389854046729278,0.000184292146073036
25.546,8.4949,-45.562,16,2.4441,7,10.724,0.42161057865735,0.000184292146073036
19.997,-3.6493,-34.223,16,0.25144,7,1.2253,0.419337346873546,0.000184292146073036
12.134,-0.3814,-40.229,16,0.33249,7,2.8423,0.376323632967491,0.000184292146073036
12.242,2.973,-42.066,16,0.49929,7,0.49929,0.418057967410776,0.000184292146073036
13.166,7.3986,-39.486,16,0.22263,7,0.22263,0.306370559576487,0.000184292146073036
14.804,7.7442,-38.571,16,1.5207,7,1.5207,0.482644973860918,0.000184292146073036
16.824,13.001,-32.013,16,4.506,7,4.506,0.390107953827149,0.000184292146073036
20.093,18.02,-38.564,16,1.1009,7,1.1009,0.381310710098522,0.000184292146073036
17.634,12.012,-33.232,16,4.8572,7,4.8572,0.336274837358211,0.000184292146073036
15.846,11.388,-18.48,16,1.5034,7,1.5034,0.290413165920472,0.000184292146073036
14.063,11.527,-16.159,16,0.12766,7,0.12766,0.356844863121532,0.000184292146073036
16.829,10.834,-13.831,16,0.90187,7,0.90187,0.345311448697869,0.000184292146073036
18.573,11.079,-13.864,16,2.1284,7,2.1284,0.482017803961261,0.000184292146073036
17.729,13.962,-11.316,16,3.088,7,3.088,0.394562220018626,0.000184292146073036
24.212,8.5861,-22.459,16,3.2496,7,3.2496,0.43702496597676,0.000184292146073036
23.015,14.417,-30.111,16,4.0116,7,4.0116,0.336502781343725,0.000184292146073036
32.465,11.301,-23.807,16,2.433,7,2.433,0.368664797188846,0.000184292146073036
22.86,10.211,-22.645,16,4.8338,7,4.8338,0.473138904157681,0.000184292146073036
19.773,14.875,-16.659,16,3.1679,7,3.1679,0.369194203246761,0.000184292146073036
18.091,16.04,-7.6101,16,1.3603,7,1.3603,0.487017368299184,0.000184292146073036
21.894,9.5052,-7.8618,16,2.5318,7,2.5318,0.467778896869418,0.000184292146073036
24.839,12.897,-6.4399,16,2.6404,7,2.6404,0.31382424616425,0.000184292146073036
25.18,15.42,-4.9388,16,0.2105,7,0.2105,0.438753302254087,0.000184292146073036
25.931,14.072,-5.9915,16,1.4096,7,1.4096,0.416460185074959,0.000184292146073036
27.3,16.763,-7.9537,16,1.1101,7,1.1101,0.0299646282196569,0.000184292146073036
30.238,8.2082,-5.6724,16,0.86286,7,0.86286,0.100021432652251,0.000184292146073036
28.009,11.584,-6.252,16,1.207,7,1.207,0.494240775816633,0.000184292146073036
27.629,10.928,-4.5101,16,0.41281,7,0.41281,0.412640517344935,0.000184292146073036
24.223,10.879,-11.033,16,3.1261,7,3.1261,0.331538932894419,0.000184292146073036
21.46,6.8379,-6.2945,16,0.66739,7,0.66739,0.405337574264442,0.000184292146073036
26.186,-3.8974,-16.227,16,0.1717,7,0.1717,0.380695008871297,0.000184292146073036
32.436,2.6323,-12.402,16,1.2259,7,1.2259,0.464659384473227,0.000184292146073036
32.73,2.0084,-10.705,16,0.21875,7,0.21875,0.291686925373099,0.000184292146073036
38.035,2.1902,-19.221,16,2.4164,7,2.4164,0.272767797686164,0.000184292146073036
36.522,5.3103,-20.948,16,2.6592,7,2.6592,0.373581664604153,0.000184292146073036
35.552,6.3028,-20.663,16,2.8565,7,2.8565,0.398569996497525,0.000184292146073036
37.464,3.5313,-18.531,16,2.1514,7,2.1514,0.265390489088188,0.000184292146073036
39.345,-1.6715,-25.118,16,0.82783,7,0.82783,0.495311136758193,0.000184292146073036
41.227,-2.5072,-24.692,16,0.32684,7,0.32684,0.365679564480683,0.000184292146073036
39.87,-3.4215,-26.73,16,0.18312,7,0.18312,0.34314444007976,0.000184292146073036
38.452,-2.1493,-25.992,16,0.74722,7,0.74722,0.486964955141532,0.000184292146073036
35.052,4.0168,-35.539,16,5.2824,7,5.8478,0.360708210125973,0.000184292146073036
39.399,2.8716,-36.449,16,2.7456,7,2.8546,0.421489935302938,0.000184292146073036
38.192,2.9115,-37.985,16,2.1249,7,3.9147,0.380716167472199,0.000184292146073036
43.183,-0.49807,-31.885,16,0.12152,7,0.37493,0.327580486752037,0.000184292146073036
38.575,3.3669,-39.9,16,1.4008,7,2.9916,0.469422969252575,0.000184292146073036
39.039,4.4433,-37.998,16,2.3892,7,2.3892,0.383361456127383,0.000184292146073036
35.191,1.9608,-36.928,16,3.1174,7,6.9379,0.419116522241453,0.000184292146073036
32.492,3.5081,-38.917,16,3.115,7,7.6783,0.434078837887763,0.000184292146073036
32.177,5.5658,-39.124,16,3.7815,7,6.5327,0.420216740605006,0.000184292146073036
27.211,6.7039,-30.417,16,7.8027,7,7.8027,0.436915947221827,0.000184292146073036
32.673,10.005,-23.637,16,3.2709,7,3.2709,0.339747275932912,0.000184292146073036
41.526,-15.99,-13.191,14,3.9067,6,3.9067,0.246638036763874,0.00032562358276644
36.105,-5.2795,-18.304,14,2.1417,6,3.4119,0.351218755852026,0.00032562358276644
34.646,-1.805,-14.684,14,0.89498,6,1.2248,0.434670463519537,0.00032562358276644
36.508,-1.0927,-13.932,14,1.5381,6,1.5381,0.399956854793632,0.00032562358276644
37.812,2.7439,-8.8923,14,1.6518,6,1.6518,0.42329451468739,0.00032562358276644
38.098,2.8453,-10.998,14,0.8152,6,0.8152,0.410462616727904,0.00032562358276644
35.728,-2.4708,-8.7684,14,4.8672,6,4.8672,0.426370097503412,0.00032562358276644
39.894,-1.9905,-7.7332,14,1.8928,6,1.8928,0.314387572265885,0.00032562358276644
39.209,-0.14296,-6.6794,14,1.8031,6,1.8031,0.48446807767734,0.00032562358276644
39.942,-3.5986,-1.3457,14,0.85728,6,0.85728,0.43208805800439,0.00032562358276644
38.831,-5.0007,-1.6814,14,0.336,6,0.336,0.379316220323883,0.00032562358276644
43.211,-4.9886,-5.1341,14,0.37766,6,0.37766,0.264715823428089,0.00032562358276644
43.445,-5.7863,-7.093,14,0.24673,6,0.24673,0.494345265126121,0.00032562358276644
38.673,-0.26274,-6.0727,14,2.2424,6,2.2424,0.471474643545251,0.00032562358276644
39.669,-1.7739,-7.2387,14,2.0193,6,2.0193,0.320229507485002,0.00032562358276644
35.961,-1.9134,-9.7423,14,4.4516,6,4.4516,0.42764422527649,0.00032562358276644
33.508,-4.3582,-5.7031,14,3.4329,6,3.4329,0.43585634660389,0.00032562358276644
35.293,-3.0029,-3.0393,14,1.2891,6,1.2891,0.459875947453066,0.00032562358276644
35.627,-1.1144,-3.8692,14,1.3462,6,1.3462,0.426248386759691,0.00032562358276644
34.534,-8.0658,-6.6368,14,2.8236,6,2.8236,0.431394144830834,0.00032562358276644
33.13,-8.5457,-7.7418,14,1.3881,6,1.3881,0.369625098132579,0.00032562358276644
33.18,-11.49,-12.561,14,0.41305,6,0.41305,0.404325833712517,0.00032562358276644
41.961,-16.518,-14.555,14,3.9602,6,3.9602,0.276793238561032,0.00032562358276644
40.369,-20.607,-8.1801,14,1.5061,6,1.5061,0.336049134572073,0.00032562358276644
42.078,-17.235,-7.1242,14,2.7893,6,2.7893,0.384064931883663,0.00032562358276644
42.903,-18.862,-5.6921,14,1.6616,6,1.6616,0.474958955644978,0.00032562358276644
38.507,-12.186,-6.4952,14,2.1277,6,2.1277,0.465632176047707,0.00032562358276644
38.215,-12.255,-4.4333,14,0.15825,6,0.15825,0.324799878581926,0.00032562358276644
43.531,-34.767,-17.283,14,1.5561,6,1.5561,0.449246145090732,0.00032562358276644
44.208,-33.231,-17.646,14,1.4526,6,1.4526,0.373489148337837,0.00032562358276644
40.147,-33.196,-22.765,14,0.75894,6,0.75894,0.369605468314005,0.00032562358276644
41.782,-32.275,-22.72,14,0.53044,6,2.3559,0.468477550244507,0.00032562358276644
41.413,-23.253,-20.697,14,0.66823,6,3.2527,0.297029288131581,0.00032562358276644
41.55,-19.774,-8.9901,14,3.1467,6,3.1467,0.286363871701924,0.00032562358276644
41.938,-31.673,-10.086,14,1.7012,6,1.7012,0.390396775425575,0.00032562358276644
42.916,-30.019,-9.6485,14,1.2204,6,1.2204,0.418940950961469,0.00032562358276644
42.329,-41.62,-28.963,15,1.4719,6,2.574,0.452697639928961,0.00032562358276644
40.039,-41.57,-30.447,15,1.8985,6,1.8985,0.479795360528039,0.00032562358276644
40.886,-41.073,-31.754,15,3.208,6,3.208,0.477531579186424,0.00032562358276644
40.862,-37.363,-32.637,15,3.8576,6,3.8576,0.408097609913371,0.00032562358276644
28.764,-45.418,-38.761,15,2.3335,6,2.3335,0.0704543100079393,0.00032562358276644
31.194,-46.26,-44.616,15,0.28042,6,0.28042,0.367560344978503,0.00032562358276644
41.528,-40.697,-31.377,15,3.6194,6,3.6194,0.0723929510402493,0.00032562358276644
37.794,-47.672,-31.466,15,1.6948,6,1.6948,0.426411155673517,0.00032562358276644
39.357,-47.971,-31.251,15,2.6683,6,2.6683,0.496806529218838,0.00032562358276644
42.877,-24.043,-41.573,15,7.7658,6,7.7658,0.399786443053346,0.00032562358276644
30.141,-15.121,-35.748,15,2.5619,6,2.5619,0.339039159702978,0.00032562358276644
43.115,-5.2663,-29.339,15,0.63784,6,0.63784,0.269167787161788,0.00032562358276644
40.973,-3.328,-28.123,15,0.7063,6,0.7063,0.225101347314865,0.00032562358276644
39.753,-3.5901,-18.144,15,0.13875,6,2.4037,0.483132989232901,0.00032562358276644
44.467,-17.9,-21.762,15,0.16534,6,2.8043,0.406607124938268,0.00032562358276644
36.385,-20.796,-26.802,15,0.26852,6,0.26852,0.380461106514045,0.00032562358276644
47.685,-33.98,-30.572,15,0.47479,6,0.47479,0.36746249962989,0.00032562358276644
42.813,-32.974,-28.262,15,2.8785,6,3.8656,0.301114775692796,0.00032562358276644
42.481,-32.431,-34.256,15,1.741,6,1.741,0.420596311032777,0.00032562358276644
42.042,-31.41,-32.562,15,3.0717,6,3.0717,0.398871436730183,0.00032562358276644
42.087,-28.444,-35.511,15,0.65242,6,0.65242,0.243683599317478,0.00032562358276644
48.554,-31.824,-34.11,15,0.36624,6,0.36624,0.420609648108865,0.00032562358276644
47.654,-21.602,-31.277,15,0.19708,6,0.19708,0.265573515062556,0.00032562358276644
45.855,-20.98,-30.324,15,0.94837,6,0.94837,0.488152462801782,0.00032562358276644
21.474,-21.682,-46.813,17,1.8324,7,1.8324,0.24938536729585,0.000184292146073036
21.983,-12.59,-49.203,17,6.4585,7,8.5066,0.473806434169097,0.000184292146073036
25.509,-11.25,-54.57,17,2.7621,7,5.2134,0.421140620354738,0.000184292146073036
26.345,-12.909,-55.778,17,2.0825,7,3.5297,0.48758985161909,0.000184292146073036
25.374,-10.392,-45.224,17,2.3979,7,11.32,0.467304512153075,0.000184292146073036
26.273,-20.773,-43.527,17,4.1333,7,4.6301,0.381392575537293,0.000184292146073036
27.651,-21.443,-33.404,17,0.2859,7,0.76873,0.263327699942949,0.000184292146073036
28.042,-17.92,-30.48,17,0.19072,7,0.19072,0.185595837421604,0.000184292146073036
28.781,-15.512,-29.86,17,0.62747,7,0.62747,0.225900223847818,0.000184292146073036
27.129,-7.9417,-32.969,17,0.95762,7,1.0468,0.497251875432511,0.000184292146073036
19.941,-9.2014,-32.063,17,3.1023,7,3.1023,0.441821241139315,0.000184292146073036
22.272,-8.3269,-28.786,17,2.2213,7,2.6046,0.439775858214516,0.000184292146073036
17.433,-16.356,-35.193,17,0.41627,7,0.41627,0.375188233528536,0.000184292146073036
18.648,-17.398,-35.79,17,1.0086,7,1.0086,0.497716909341144,0.000184292146073036
23.061,-20.244,-45.208,17,2.9935,7,2.9935,0.460041392151002,0.000184292146073036
23.668,-22.231,-45.477,17,2.1267,7,2.1267,0.327103438366323,0.000184292146073036
13.047,-10.728,-51.116,17,3.2128,7,3.2128,0.319166443530663,0.000184292146073036
14.368,-11.255,-49.598,17,3.6645,7,3.6645,0.473584913279023,0.000184292146073036
14.382,-10.755,-33.412,17,0.32896,7,0.32896,0.386769919662138,0.000184292146073036
14.63,-9.1901,-33.623,17,1.1147,7,1.1147,0.407126738545077,0.000184292146073036
18.007,-5.8865,-30.793,17,0.16238,7,0.16238,0.386989375096081,0.000184292146073036
18.358,-8.9928,-33.251,17,2.7881,7,2.7881,0.48491046880224,0.000184292146073036
18.967,-2.0953,-37.726,17,0.55317,7,3.3585,0.485979273149092,0.000184292146073036
20.416,-3.195,-35.992,17,0.34463,7,2.3037,0.383785061001447,0.000184292146073036
9.9579,-1.8081,-39.154,17,0.94833,7,0.98189,0.344986232221512,0.000184292146073036
8.8372,-1.5404,-41.947,17,0.18097,7,0.18097,0.232121017711747,0.000184292146073036
13.067,-6.5258,-49.838,17,2.864,7,4.4835,0.373511147058591,0.000184292146073036
9.9464,-7.1328,-56.757,17,2.3705,7,2.7596,0.368299226848215,0.000184292146073036
24.003,-4.5194,-43.793,17,1.1331,7,10.554,0.390471667107118,0.000184292146073036
21.961,-4.3888,-43.769,17,1.7102,7,9.7864,0.482260887221481,0.000184292146073036
24.236,-8.1624,-46.127,17,2.2558,7,12.357,0.468953059286596,0.000184292146073036
20.432,-6.9609,-56.526,17,0.83223,7,3.8886,0.298976789312278,0.000184292146073036
18.52,-7.1011,-55.59,17,1.5571,7,4.596,0.465774055887679,0.000184292146073036
19.962,-6.7406,-56.444,17,0.72068,7,4.0691,0.484662419893005,0.000184292146073036
21.784,-6.1803,-57.143,17,0.27321,7,3.9345,0.247689891671735,0.000184292146073036
25.88,-8.0801,-55.98,17,0.92396,7,4.6527,0.375711708246111,0.000184292146073036
25.662,-9.9572,-56.28,17,1.7455,7,4.0059,0.4390200553836,0.000184292146073036
25.073,-11.675,-55.86,17,3.2009,7,3.9012,0.46767130614653,0.000184292146073036
25.835,-11.81,-53.846,17,2.4295,7,5.5277,0.414576651911487,0.000184292146073036
22.08,-12.785,-49.028,17,6.3812,7,8.5975,0.468037170677489,0.000184292146073036
13.049,-13.053,-50.509,17,2.0244,7,2.0244,0.24828007746115,0.000184292146073036
49.76,-28.158,-53.079,18,0.13062,7,2.9075,0.457561554515891,0.000184292146073036
48.897,-28.774,-52.772,18,0.36971,7,3.7456,0.420644430730393,0.000184292146073036
49.108,-29.01,-45.548,18,1.329,7,1.329,0.369791149239543,0.000184292146073036
47.915,-30.097,-46.427,18,2.5286,7,2.5286,0.459894738063127,0.000184292146073036
50.421,-29.952,-49.146,18,1.4682,7,1.4682,0.49440837352355,0.000184292146073036
50.834,-28.629,-48.021,18,0.72962,7,0.72962,0.300621284336498,0.000184292146073036
50.29,-33.561,-50.178,18,1.5252,7,1.5252,0.428360671378323,0.000184292146073036
48.956,-32.344,-46.835,18,1.6237,7,1.6237,0.470084133510605,0.000184292146073036
47.555,-34.227,-46.797,18,2.4487,7,2.4487,0.420438721784515,0.000184292146073036
45.179,-35.282,-46.437,18,4.2132,7,4.2132,0.435090587087497,0.000184292146073036
42.791,-36.085,-51.127,18,5.6772,7,5.6772,0.442889478765948,0.000184292146073036
43.741,-34.316,-54.977,18,3.1495,7,3.1495,0.442445225820571,0.000184292146073036
43.588,-30.435,-55.792,18,0.92794,7,2.994,0.491134674081335,0.000184292146073036
45.804,-31.044,-56.003,18,0.96967,7,3.2545,0.30748325665594,0.000184292146073036
44.474,-26.224,-59.199,18,2.0904,7,1.0135,0.699344410987584,0.000184292146073036
41.793,-27.801,-55.985,18,0.54339,7,2.9822,0.380359822964263,0.000184292146073036
43.048,-24.413,-41.731,18,2.0064,7,6.0387,0.497342722650841,0.000184292146073036
45.035,-24.616,-42.306,18,1.6778,7,4.0641,0.249051593356959,0.000184292146073036
34.398,-16.299,-34.517,18,0.98979,7,1.4085,0.49253170955065,0.000184292146073036
33.299,-23.756,-32.464,18,1.1988,7,1.1988,0.405024007663493,0.000184292146073036
31.979,-21.972,-33.073,18,1.4063,7,1.4063,0.456145032556089,0.000184292146073036
30.976,-21.321,-37.705,18,1.3414,7,5.0941,0.468134177328592,0.000184292146073036
36.071,-29.773,-39.338,18,3.3262,7,3.3262,0.427552870972875,0.000184292146073036
36.892,-31.259,-38.169,18,1.4908,7,1.4908,0.384960179217702,0.000184292146073036
41.4,-37.935,-42.624,18,2.025,7,2.025,0.402260979506182,0.000184292146073036
38.105,-30.63,-46.237,18,5.449,7,8.5117,0.215091079227006,0.000184292146073036
47.756,-33.891,-43.758,18,1.4359,7,1.4359,0.471199162457956,0.000184292146073036
47.382,-27.584,-41.713,18,1.6964,7,1.6964,0.373057058054048,0.000184292146073036
45.217,-36.199,-40.793,18,0.83972,7,0.83972,0.495382339065257,0.000184292146073036
46.07,-35.88,-39.658,18,0.34121,7,0.34121,0.433648092270835,0.000184292146073036
32.264,-44.358,-44.9,18,0.85676,7,0.85676,0.447620772893765,0.000184292146073036
32.517,-44.082,-49.402,18,0.092498,7,0.092498,0.484450365975353,0.000184292146073036
40.564,-34.973,-47.438,18,7.2507,7,7.2507,0.304586652847351,0.000184292146073036
39.486,-36.954,-44.028,18,3.7905,7,3.7905,0.26614306349078,0.000184292146073036
40.605,-37.635,-43.854,18,3.3272,7,3.3272,0.31689755049259,0.000184292146073036
38.925,-39.649,-41.023,18,0.43024,7,0.43024,0.357389613425331,0.000184292146073036
36.191,-35.129,-39.745,18,1.2701,7,1.2701,0.446342074297264,0.000184292146073036
30.029,-26.19,-33.238,18,1.3764,7,1.3764,0.472203173702589,0.000184292146073036
30.002,-28.563,-33.386,18,1.0611,7,1.0611,0.405099403831321,0.000184292146073036
39.591,-28.929,-53.369,18,1.3113,7,3.4675,0.48582212080559,0.000184292146073036
39.533,-30.573,-55.204,18,1.6696,7,1.6696,0.465946010892607,0.000184292146073036
38.084,-37.968,-57.043,18,1.4767,7,1.4767,0.236440473116848,0.000184292146073036
39.982,-34.71,-57.265,18,0.39843,7,0.39843,0.178786219319,0.000184292146073036
43.479,-36.602,-51.532,18,5.6387,7,5.6387,0.361117647440787,0.000184292146073036
37.905,-43.038,-54.453,18,0.14773,7,0.14773,0.397049606009094,0.000184292146073036
32.686,-39.876,-53.625,18,2.287,7,2.287,0.300070254807061,0.000184292146073036
44.602,0.94721,-68.802,19,2.2397,7,2.2397,0.474786827980116,0.000184292146073036
47.369,-1.0661,-57.266,19,0.33533,7,0.33533,0.369858147461831,0.000184292146073036
48.578,-8.18,-55.289,19,0.70636,7,0.70636,0.337528388583119,0.000184292146073036
49.655,-11.141,-58.716,19,1.1294,7,1.1294,0.373923575211252,0.000184292146073036
45.646,-9.2694,-67.297,19,0.41843,7,0.41843,0.210291241199225,0.000184292146073036
48.788,-11.017,-67.82,19,0.35277,7,0.35277,0.452655125902575,0.000184292146073036
42.456,-7.1449,-63.509,19,1.5282,7,1.5282,0.369754847049478,0.000184292146073036
42.295,-7.0979,-61.383,19,3.2258,7,3.2258,0.443601777611857,0.000184292146073036
33.235,-3.9329,-61.747,19,2.1334,7,2.3458,0.400671152801118,0.000184292146073036
32.498,-2.9513,-60.069,19,1.2633,7,4.2042,0.396751107087411,0.000184292146073036
36.104,-0.18395,-58.568,19,2.628,7,7.193,0.329439333937415,0.000184292146073036
37.842,-0.38551,-58.754,19,3.7099,7,7.2635,0.466490806153649,0.000184292146073036
38.169,2.2526,-62.257,19,0.66037,7,5.722,0.410659433543715,0.000184292146073036
39.482,2.4016,-61.02,19,0.9962,7,4.4524,0.467298529026935,0.000184292146073036
36.13,-0.39947,-60.352,19,2.3115,7,5.5505,0.350526819546587,0.000184292146073036
32.62,1.0781,-60.276,19,0.60906,7,5.7287,0.392783461951471,0.000184292146073036
31.779,1.7848,-59.034,19,1.4485,7,6.9726,0.421284621112159,0.000184292146073036
27.736,1.5827,-48.943,19,1.5243,7,13.831,0.424258423026539,0.000184292146073036
28.394,3.2866,-50.686,19,3.2894,7,12.933,0.41736073316266,0.000184292146073036
27.446,-0.90721,-45.146,19,0.53726,7,13.728,0.459908618880406,0.000184292146073036
45.613,-0.11088,-56.274,19,0.78469,7,0.78469,0.295394769473416,0.000184292146073036
45.565,2.3168,-58.34,19,0.27029,7,0.27029,0.202390795603907,0.000184292146073036
40.735,-2.1236,-49.206,19,4.116,7,4.116,0.354609800449045,0.000184292146073036
39.231,-8.9768,-33.18,19,0.77199,7,0.77199,0.490610558543935,0.000184292146073036
43.375,-10.092,-35.961,19,3.0155,7,3.0155,0.409621303919293,0.000184292146073036
42.945,-7.4372,-39.344,19,3.589,7,3.589,0.497804884066651,0.000184292146073036
42.54,-8.7552,-37.802,19,3.6832,7,3.6832,0.235433821297108,0.000184292146073036
37.264,-9.2318,-45.896,19,8.5314,7,10.296,0.386465809262207,0.000184292146073036
43.805,-6.3899,-53.617,19,4.1218,7,4.1218,0.401289632026095,0.000184292146073036
52.194,-24.082,-51.066,19,0.23199,7,0.23199,0.282679205779371,0.000184292146073036
49.59,-26.396,-52.989,19,1.0763,7,2.8987,0.402391363180231,0.000184292146073036
51.444,-27.011,-53.752,19,0.91244,7,1.2162,0.444501867930472,0.000184292146073036
45.301,-26.09,-56.229,19,2.9113,7,4.0015,0.40336866565068,0.000184292146073036
47.06,-24.543,-59.046,19,2.9483,7,2.9483,0.334733470495834,0.000184292146073036
47.281,-22.302,-59.53,19,3.1238,7,3.1238,0.49167387384666,0.000184292146073036
48.643,-16.753,-60.104,19,3.5853,7,3.5853,0.319337019296399,0.000184292146073036
43.715,-13.578,-55.982,19,6.4681,7,6.4681,0.179302909244571,0.000184292146073036
50.581,-16.072,-48.958,19,0.22547,7,0.22547,0.326158268963479,0.000184292146073036
48.939,-15.177,-49.632,19,1.5123,7,1.5123,0.497104977379949,0.000184292146073036
50.817,-21.936,-47.178,19,0.34352,7,0.53965,0.361625535387288,0.000184292146073036
44.484,-19.127,-44.33,19,1.8295,7,5.3453,0.269165059707322,0.000184292146073036
44.375,-19.076,-40.094,19,0.52852,7,4.1407,0.344840601538285,0.000184292146073036
43.312,-19.119,-39.098,19,0.58003,7,5.1456,0.459320427496452,0.000184292146073036
42.717,-23.796,-56.273,19,3.0252,7,3.0252,0.345410945485465,0.000184292146073036
40.454,-24.92,-58.122,19,0.64439,7,0.64439,0.461360736851939,0.000184292146073036
39.152,-23.208,-58.164,19,0.59867,7,0.59867,0.347358766989233,0.000184292146073036
41.074,-22.343,-55.328,19,3.4997,7,3.4997,0.295306360031152,0.000184292146073036
30.384,-9.6565,-58.217,19,1.2836,7,2.1622,0.415540851687207,0.000184292146073036
29.86,-8.7347,-55.984,19,1.3204,7,4.5898,0.480475810437031,0.000184292146073036
40.175,-11.107,-62.332,19,0.59798,7,0.59798,0.366837493966135,0.000184292146073036
45.413,-11.039,-62.294,19,2.5078,7,2.5078,0.331752410334032,0.000184292146073036
46.195,-14.643,-55.029,19,4.0311,7,4.0311,0.171084520896854,0.000184292146073036
49.48,-19.145,-60.156,19,3.212,7,3.212,0.405431693905753,0.000184292146073036
47.787,-22.726,-64.295,19,0.64355,7,0.64355,0.474282459801611,0.000184292146073036
47.233,-23.22,-60.871,19,1.7133,7,1.7133,0.450076567348851,0.000184292146073036
43.103,-22.856,-59.534,19,0.85106,7,0.85106,0.457384419153124,0.000184292146073036
17.832,15.438,-74.512,20,6.7645,7,6.7645,0.26305656384987,0.000184292146073036
21.92,15.624,-69.966,20,6.1441,7,6.1441,0.351512851559327,0.000184292146073036
23.318,12.666,-72.901,20,3.9802,7,3.9802,0.285520689638561,0.000184292146073036
23.683,14.388,-74.219,20,5.1788,7,5.1788,0.487099399435326,0.000184292146073036
23.786,14.027,-74.608,20,4.6423,7,4.6423,0.461189297782188,0.000184292146073036
23.432,12.674,-72.961,20,3.9872,7,3.9872,0.301450810584104,0.000184292146073036
25.95,10.662,-75.159,20,1.742,7,1.742,0.402211120179066,0.000184292146073036
26.131,3.6574,-69.946,20,1.1501,7,1.1501,0.204863052754885,0.000184292146073036
26.943,-3.426,-59.765,20,1.8469,7,2.9187,0.489077942972684,0.000184292146073036
26.521,-4.0156,-62.161,20,1.3659,7,1.3659,0.439386876516757,0.000184292146073036
23.394,-7.0615,-60.433,20,0.57937,7,1.0868,0.427322103888716,0.000184292146073036
24.781,-6.7846,-58.954,20,0.60911,7,2.2237,0.395267706774719,0.000184292146073036
24.752,-3.3906,-54.508,20,1.6495,7,7.1078,0.493231605648864,0.000184292146073036
14.919,-4.2056,-58.715,20,1.2284,7,3.5084,0.454098726165019,0.000184292146073036
14.214,-5.7698,-59.61,20,0.50745,7,2.1487,0.329674068434377,0.000184292146073036
12.757,4.4807,-65.269,20,2.5323,7,2.5323,0.23334797274698,0.000184292146073036
13.161,2.2495,-67.858,20,0.30721,7,0.30721,0.370237507324732,0.000184292146073036
11.625,3.1916,-68.486,20,0.98819,7,0.98819,0.433195856633837,0.000184292146073036
13.051,5.6737,-65.99,20,2.5661,7,2.5661,0.374434119642179,0.000184292146073036
8.6938,-2.2041,-54.239,20,0.56524,7,1.0253,0.323356924354187,0.000184292146073036
15.784,-0.39532,-44.141,20,0.25415,7,5.7388,0.456853411628995,0.000184292146073036
11.236,6.2786,-45.097,20,1.2969,7,1.2969,0.460228570601667,0.000184292146073036
4.9956,10.531,-53.255,20,2.1981,7,2.1981,0.497081321483007,0.000184292146073036
9.253,11.796,-55.073,20,0.96524,7,0.96524,0.439466177691383,0.000184292146073036
8.4266,17.03,-62.391,20,0.76385,7,0.76385,0.481050116826242,0.000184292146073036
11.5,11.91,-50.962,20,2.0881,7,2.0881,0.349601337080796,0.000184292146073036
12.223,13.46,-51.135,20,3.5244,7,3.5244,0.469965935701332,0.000184292146073036
15.103,19.1,-62.011,20,1.4103,7,1.4103,0.499866734275486,0.000184292146073036
15.376,21.192,-68.658,20,0.18915,7,0.18915,0.263668551970484,0.000184292146073036
18.658,19.812,-65.934,20,1.2305,7,1.2305,0.346623925278794,0.000184292146073036
22.359,12.689,-68.483,20,5.9241,7,5.9241,0.206413060612092,0.000184292146073036
11.285,11.265,-74.726,20,2.6879,7,2.6879,0.387407370475353,0.000184292146073036
8.578,9.0938,-71.717,20,0.50508,7,0.50508,0.465167679325743,0.000184292146073036
7.705,13.199,-69.819,20,1.5206,7,1.5206,0.292370545298886,0.000184292146073036
6.1852,14.946,-70.603,20,1.2204,7,1.2204,0.480341721785691,0.000184292146073036
7.3545,13.62,-69.217,20,1.6667,7,1.6667,0.370943562361307,0.000184292146073036
7.1684,17.022,-66.971,20,0.1163,7,0.1163,0.347915870773436,0.000184292146073036
9.819,19.353,-68.421,20,0.79771,7,0.79771,0.341743183527847,0.000184292146073036
11.89,19.177,-68.304,20,1.3925,7,1.3925,0.469798259764805,0.000184292146073036
9.3322,18.968,-72.754,20,0.57226,7,0.57226,0.468169299464932,0.000184292146073036
29.887,19.24,-58.364,20,0.46911,7,0.46911,0.456071624815382,0.000184292146073036
28.855,18.098,-63.57,20,1.7891,7,1.7891,0.459889067688941,0.000184292146073036
26.5,17.999,-63.947,20,2.5605,7,2.5605,0.436612616934681,0.000184292146073036
27.531,21.084,-64.298,20,0.58581,7,0.58581,0.224023173194074,0.000184292146073036
27.007,17.539,-65.603,20,2.8774,7,2.8774,0.490124795668167,0.000184292146073036
25.937,16.464,-66.991,20,4.7106,7,4.7106,0.280397617088983,0.000184292146073036
23.489,11.768,-65.576,20,7.2862,7,7.2862,0.316818077553439,0.000184292146073036
18.108,16.127,-62.796,20,4.7738,7,4.7738,0.247413344857558,0.000184292146073036
20.147,21.181,-66.571,20,0.39335,7,0.39335,0.428085618618163,0.000184292146073036
19.183,20.588,-67.182,20,0.61896,7,0.61896,0.468202016292909,0.000184292146073036
18.8,10.151,-47.908,20,6.1442,7,7.0097,0.490337785539927,0.000184292146073036
16.766,17.523,-44.798,20,1.1074,7,2.0774,0.407725602829736,0.000184292146073036
15.46,16.735,-45.929,20,2.2034,7,2.3935,0.472183961716837,0.000184292146073036
17.566,13.688,-46.413,20,3.4786,7,5.6965,0.475957737396138,0.000184292146073036
18.864,14.318,-45.185,20,2.8834,7,5.5557,0.381671389096317,0.000184292146073036
22.144,17.328,-47.784,20,2.8826,7,2.8826,0.229540096927772,0.000184292146073036
19.571,20.861,-54.608,20,0.53106,7,0.53106,0.374115054625669,0.000184292146073036
21.28,17.287,-48.67,20,2.69,7,2.69,0.374674378821858,0.000184292146073036
19.685,15.573,-43.884,20,1.3963,7,4.518,0.482175405111539,0.000184292146073036
28.348,4.9967,-42.132,20,0.37363,7,9.7833,0.298029879956474,0.000184292146073036
33.517,14.865,-45.35,20,0.35887,7,1.3574,0.324834628681468,0.000184292146073036
35.741,13.958,-47.435,20,0.43879,7,0.43879,0.342716135407404,0.000184292146073036
33.714,13.28,-47.189,20,1.9371,7,2.3999,0.476523776607068,0.000184292146073036
30.262,9.636,-54.484,20,6.5276,7,6.5276,0.315748065623206,0.000184292146073036
33.082,15.827,-57.679,20,1.2655,7,1.2655,0.432997720608031,0.000184292146073036
31.374,16.346,-58.894,20,2.1886,7,2.1886,0.388297676821438,0.000184292146073036
28.084,17.146,-56.831,20,2.8661,7,2.8661,0.312900569735717,0.000184292146073036
31.719,11.315,-53.278,20,4.2936,7,4.2936,0.0299631867371114,0.000184292146073036
33.986,1.4093,-51.696,20,1.1917,7,9.5462,0.201019134946853,0.000184292146073036
36.39,3.3967,-64.134,20,0.76124,7,4.5968,0.29059522216846,0.000184292146073036
38.276,6.6193,-65.919,20,3.8167,7,4.6271,0.377076584770899,0.000184292146073036
39.072,5.1697,-67.2,20,2.7328,7,3.8943,0.467339806184391,0.000184292146073036
40.651,8.4817,-68.228,20,2.4834,7,2.4834,0.489984833335627,0.000184292146073036
43.021,9.6814,-64.843,20,0.80091,7,0.80091,0.170034701136837,0.000184292146073036
39.684,6.1688,-75.794,20,0.18049,7,0.18049,0.260850610921733,0.000184292146073036
41.878,8.421,-71.116,20,2.1682,7,2.1682,0.342329109154196,0.000184292146073036
42.862,7.6713,-73.087,20,2.2027,7,2.2027,0.495964234999504,0.000184292146073036
37.008,3.2854,-63.876,20,0.51082,7,4.9859,0.441931253553158,0.000184292146073036
31.876,1.8411,-69.225,20,1.0813,7,1.0813,0.461980152456453,0.000184292146073036
31.065,0.18801,-68.332,20,1.5138,7,1.5138,0.417416239108343,0.000184292146073036
30.335,9.9551,-73.209,20,1.2694,7,1.2694,0.380489678651433,0.000184292146073036
29.653,13.381,-79.256,20,0.67926,7,0.67926,0.409111132334369,0.000184292146073036
26.689,11.301,-76.517,20,1.2368,7,1.2368,0.446517807914269,0.000184292146073036
25.68,14.503,-73.767,20,5.439,7,5.439,0.320382799459719,0.000184292146073036
24.872,15.331,-75.741,20,4.8864,7,4.8864,0.487326903016876,0.000184292146073036
24.536,14.885,-73.112,20,6.1743,7,6.1743,0.432772364085842,0.000184292146073036
22.903,16.773,-68.662,20,4.999,7,4.999,0.266849182717346,0.000184292146073036
30.796,19.73,-69.774,20,0.6602,7,0.6602,0.295565203449889,0.000184292146073036
30.559,19.348,-71.553,20,1.5728,7,1.5728,0.494912166972159,0.000184292146073036
33.015,17.693,-63.711,20,0.66846,7,0.66846,0.449108040061165,0.000184292146073036
38.847,14.247,-71.649,20,0.2304,7,0.2304,0.421025628478548,0.000184292146073036
36.827,18.79,-77.285,20,0.28921,7,0.28921,0.391797410965596,0.000184292146073036
-14.665,-29.325,23.052,1,1.9281,1,4.2685,0.157363058462343,8.25482625482625e-05
-10.841,-30.36,32.587,1,1.4014,1,1.4014,0.382960124427683,8.25482625482625e-05
-12.977,-30.618,32.546,1,0.57766,1,0.57766,0.43348046443258,8.25482625482625e-05
-7.0083,-28.087,34.651,1,2.844,1,2.844,0.277067969915278,8.25482625482625e-05
-9.5326,-29.382,34.15,1,1.3393,1,1.3393,0.370673434490512,8.25482625482625e-05
-7.5184,-19.505,25.335,1,8.5008,1,8.5008,0.385378586912104,8.25482625482625e-05
-15.074,-18.418,29.417,1,6.1742,1,6.1742,0.330769008540892,8.25482625482625e-05
-12.291,-23.225,37.494,1,0.98738,1,0.98738,0.464384112835816,8.25482625482625e-05
-13.987,-23.708,37.571,1,0.12515,1,0.12515,0.314239007205266,8.25482625482625e-05
-15.015,-18.745,27.831,1,6.9703,1,6.9703,0.247781911814784,8.25482625482625e-05
-23.03,-15.402,17.265,1,1.1411,1,4.8706,0.36538362791194,8.25482625482625e-05
-21.648,-16.722,16.962,1,0.75226,1,6.1173,0.426075290166174,8.25482625482625e-05
-11.641,-27.084,23.269,1,4.2801,1,7.3673,0.499852261823933,8.25482625482625e-05
-11.664,-28.342,24.614,1,4.6896,1,5.9751,0.153499935884288,8.25482625482625e-05
-0.98662,-33.286,21.073,1,4.2639,1,4.2639,0.49838616809387,8.25482625482625e-05
-0.10413,-34,22.975,1,4.1446,1,4.1446,0.320549649779706,8.25482625482625e-05
-6.6442,-29.149,23.92,1,6.4395,1,7.6647,0.172636791131923,8.25482625482625e-05
-10.219,-27.115,15.783,1,0.18636,1,4.7227,0.364078885409496,8.25482625482625e-05
-4.525,-38.201,18.751,1,1.7757,1,2.2496,0.47232737142618,8.25482625482625e-05
-5.7318,-39.316,17.955,1,0.26534,1,1.9124,0.304462781300069,8.25482625482625e-05
3.1186,-41.851,11.467,1,0.40827,1,0.40827,0.452016676853792,8.25482625482625e-05
0.10184,-42.234,15.694,1,0.84433,1,0.84433,0.420521738706645,8.25482625482625e-05
-1.4046,-40.589,16.779,1,1.2651,1,1.2651,0.484265868357319,8.25482625482625e-05
-4.4156,-29.426,9.7486,1,3.0131,1,3.1218,0.660757489663927,8.25482625482625e-05
8.66,-38.396,16.27,1,0.7334,1,0.7334,0.236005275291619,8.25482625482625e-05
5.9879,-30.78,18.829,1,0.58516,1,0.58516,0.296309534977296,8.25482625482625e-05
6.1394,-38.605,24.258,1,1.1233,1,1.1233,0.427550968571729,8.25482625482625e-05
7.204,-38.121,22.829,1,2.4341,1,2.4341,0.482989721426151,8.25482625482625e-05
0.33889,-36.588,24.096,1,1.5854,1,1.5854,0.379403386121803,8.25482625482625e-05
4.4483,-41.744,15.921,1,1.9918,1,1.9918,0.415088121053069,8.25482625482625e-05
5.2236,-39.94,16.565,1,1.4565,1,1.4565,0.392891158519724,8.25482625482625e-05
6.4477,-41.053,18.955,1,1.2577,1,1.2577,0.467718878406923,8.25482625482625e-05
4.9232,-41.989,18.87,1,0.56501,1,0.56501,0.319417455449966,8.25482625482625e-05
11.834,-33.161,30.654,1,1.5564,1,1.5564,0.445884604561749,8.25482625482625e-05
12.245,-33.156,28.502,1,2.2299,1,2.2299,0.480776830506009,8.25482625482625e-05
11.824,-29.594,28.227,1,1.4783,1,1.4783,0.475963915120006,8.25482625482625e-05
11.692,-29.234,30.735,1,1.8647,1,1.8647,0.456581390808137,8.25482625482625e-05
9.1012,-28.952,32.576,1,4.0532,1,4.0532,0.474939606277728,8.25482625482625e-05
6.3903,-32.43,32.082,1,1.7697,1,1.7697,0.391245730020176,8.25482625482625e-05
8.5139,-33.041,32.709,1,1.0128,1,1.0128,0.440846826499636,8.25482625482625e-05
2.7657,-34.845,27.061,1,2.1754,1,2.1754,0.345824328433834,8.25482625482625e-05
9.9427,-35.403,25.759,1,2.8788,1,2.8788,0.482130106656116,8.25482625482625e-05
8.7219,-36.695,26.41,1,1.6199,1,1.6199,0.428476436384799,8.25482625482625e-05
8.6419,-34.331,21.913,1,1.355,1,1.355,0.276524218199047,8.25482625482625e-05
4.5754,-30.561,18.677,1,0.708,1,0.708,0.213716497315448,8.25482625482625e-05
8.9769,-23.298,26.479,1,0.69139,1,0.69139,0.454471014754191,8.25482625482625e-05
9.3679,-25,25.736,1,0.94815,1,0.94815,0.373484351853351,8.25482625482625e-05
-0.23555,-18.547,18.62,1,0.27991,1,0.27991,0.150628532566388,8.25482625482625e-05
-0.74978,-21.576,27.146,1,7.2991,1,7.2991,0.336153527201319,8.25482625482625e-05
-0.91709,-23.245,27.388,1,7.924,1,7.924,0.461603770816251,8.25482625482625e-05
1.0812,-24.837,38.845,1,1.5007,1,1.5007,0.429728799099007,8.25482625482625e-05
-0.97371,-24.226,38.295,1,1.9651,1,1.9651,0.425305464004182,8.25482625482625e-05
0.17877,-28.23,37.619,1,0.83845,1,0.83845,0.384816403978215,8.25482625482625e-05
2.522,-29.162,36.239,1,1.4247,1,1.4247,0.450835307547157,8.25482625482625e-05
4.2217,-25.859,34.332,1,4.9588,1,4.9588,0.364337964087568,8.25482625482625e-05
4.8402,-25.49,36.57,1,3.2296,1,3.2296,0.492225176728392,8.25482625482625e-05
-0.35963,-21.379,28.41,1,7.5617,1,7.5617,0.389254922518911,8.25482625482625e-05
-5.3235,-22.615,33.36,1,6.9853,1,6.9853,0.486394893917636,8.25482625482625e-05
-6.8098,-21.549,32.339,1,8.0825,1,8.0825,0.288730912982614,8.25482625482625e-05
-8.888,-20.672,25.816,1,9.8883,1,10.26,0.370679634876684,8.25482625482625e-05
-5.7121,-30.141,34.802,1,1.7274,1,1.7274,0.30820690902526,8.25482625482625e-05
-6.572,-31.818,23.538,1,5.1819,1,5.7824,0.158157606690445,8.25482625482625e-05
0.98006,-32.527,24.834,1,4.8917,1,4.8917,0.294963605226488,8.25482625482625e-05
0.66125,-30.576,24.912,1,6.0614,1,6.0614,0.493808871955161,8.25482625482625e-05
1.8495,-28.776,32.194,1,4.1889,1,4.1889,0.480309890327873,8.25482625482625e-05
1.4031,-30.237,34.026,1,1.968,1,1.968,0.380156640175446,8.25482625482625e-05
-1.2759,-15.173,39.575,1,0.43523,1,0.43523,0.437170351765828,8.25482625482625e-05
-7.7577,-18.545,29.827,1,8.6193,1,8.6193,0.37449433389027,8.25482625482625e-05
-3.299,-21.992,36.667,1,4.2499,1,4.2499,0.450340532764617,8.25482625482625e-05
3.4825,-22.993,35.438,1,5.3444,1,5.3444,0.458947243233785,8.25482625482625e-05
3.6183,-21.269,28.678,1,4.8335,1,4.8335,0.268116637606971,8.25482625482625e-05
6.6739,-19.648,36.887,1,1.7975,1,1.7975,0.485002240036638,8.25482625482625e-05
6.5038,-18.636,29.644,1,1.8079,1,1.8079,0.387524439398367,8.25482625482625e-05
7.7354,-19.677,29.564,1,1.4603,1,1.4603,0.495385456398181,8.25482625482625e-05
-0.055214,-18.875,25.967,1,4.8653,1,4.8653,0.491587585864623,8.25482625482625e-05
1.1074,-20.443,26.085,1,4.9683,1,4.9683,0.239582272110855,8.25482625482625e-05
-1.5386,-18.943,20.102,1,2.0526,1,2.0526,0.240838963842725,8.25482625482625e-05
-2.7914,-17.444,20.641,1,2.3864,1,2.3864,0.491584631979413,8.25482625482625e-05
-1.3574,-18.52,18.423,1,0.55923,1,0.55923,0.139802466168438,8.25482625482625e-05
-9.7928,3.8943,33.93,1,1.0057,1,1.0057,0.330257069598271,8.25482625482625e-05
-13.214,2.2843,35.108,1,2.2369,1,2.2369,0.40522944994683,8.25482625482625e-05
-12.201,3.4178,36.444,1,1.0317,1,1.0317,0.392074396393639,8.25482625482625e-05
-14.564,-3.7721,35.494,1,3.7058,1,3.7058,0.369705803417853,8.25482625482625e-05
-9.4326,-2.3566,39.226,1,0.89826,1,0.89826,0.417427155052711,8.25482625482625e-05
-11.502,-2.3013,40.089,1,1.3978,1,1.3978,0.438698171922963,8.25482625482625e-05
-7.4094,-8.6427,30.53,1,3.6875,1,3.6875,0.216758307075814,8.25482625482625e-05
-6.7945,-5.7564,20.128,1,1.0119,1,1.0119,0.464564532514258,8.25482625482625e-05
-11.638,2.3592,31.032,1,2.8412,1,4.0111,0.480865760520125,8.25482625482625e-05
-10.4,4.3571,31.483,1,1.575,1,1.6892,0.438826841769769,8.25482625482625e-05
-18.909,3.6285,27.959,1,0.19068,1,1.7849,0.341135377924979,8.25482625482625e-05
-14.916,3.7423,29.676,1,1.451,1,3.2414,0.460148528168713,8.25482625482625e-05
-15.365,4.8699,28.82,1,0.19416,1,2.0961,0.302704513592148,8.25482625482625e-05
-12.064,-6.9285,13.997,1,0.32789,1,1.6762,0.487822161558511,8.25482625482625e-05
-16.862,-6.4388,13.167,1,0.80632,1,6.0206,0.191850474248871,8.25482625482625e-05
-23.587,-2.0438,21.632,1,0.27013,1,2.0571,0.315381181162311,8.25482625482625e-05
-22.25,-7.8357,22.36,1,2.8437,1,4.1012,0.431255665525882,8.25482625482625e-05
-24.265,-7.9438,22.566,1,2.2105,1,2.2105,0.431304555183429,8.25482625482625e-05
-16.538,-9.3801,27.668,1,7.3334,1,7.3334,0.201297444775899,8.25482625482625e-05
-14.658,-4.4503,34.706,1,4.2632,1,4.2632,0.384578893611145,8.25482625482625e-05
-15.375,0.26764,34.345,1,2.6466,1,2.6466,0.478657201390527,8.25482625482625e-05
-15.873,-0.95391,36.372,1,1.4595,1,1.4595,0.441368562450558,8.25482625482625e-05
-19.079,2.8489,32.473,1,0.18576,1,0.18576,0.295956543567881,8.25482625482625e-05
-18.547,1.3765,28.656,1,1.7944,1,3.1165,0.474869411836282,8.25482625482625e-05
-20.234,2.1088,29.76,1,1.1086,1,1.1086,0.300613443583679,8.25482625482625e-05
-16.362,-9.078,38.394,1,1.2228,1,1.2228,0.424451365457518,8.25482625482625e-05
-16.235,-11.182,37.382,1,1.6425,1,1.6425,0.457302428893339,8.25482625482625e-05
-14.622,-7.4221,35.447,1,4.3329,1,4.3329,0.376039798128387,8.25482625482625e-05
-15.489,-7.2126,26.855,1,6.0336,1,8.5403,0.211583287607288,8.25482625482625e-05
-23.72,-9.6055,22.954,1,2.516,1,2.516,0.396725308979598,8.25482625482625e-05
-21.882,-10.266,22.955,1,4.3853,1,4.3853,0.417712750891441,8.25482625482625e-05
-22.126,-12.551,25.657,1,3.0872,1,3.0872,0.455324902205786,8.25482625482625e-05
-24.127,-11.602,25.921,1,1.3833,1,1.3833,0.35584228216297,8.25482625482625e-05
-25.303,-14.829,24.536,1,0.4988,1,0.4988,0.34897388378743,8.25482625482625e-05
-24.907,-14.875,20.276,1,2.2397,1,2.2397,0.346137049232437,8.25482625482625e-05
-17.579,-17.109,17.33,1,1.1701,1,9.5906,0.120192927285465,8.25482625482625e-05
-13.642,-17.343,18.923,1,4.418,1,8.4007,0.200973573368339,8.25482625482625e-05
-12.469,-17.972,30.426,1,7.4384,1,7.4384,0.298501066432416,8.25482625482625e-05
-8.59,-18.382,41.594,1,1.6397,1,1.6397,0.464281364203066,8.25482625482625e-05
-12.124,-16.526,40.325,1,1.4208,1,1.4208,0.420222938255754,8.25482625482625e-05
-13.127,-16.962,31.057,1,6.9041,1,6.9041,0.480230344098749,8.25482625482625e-05
-12.272,-18.323,30.144,1,7.6803,1,7.6803,0.361323194843355,8.25482625482625e-05
-6.5145,-16.693,25.038,1,5.7876,1,5.7876,0.385154730563259,8.25482625482625e-05
-4.9505,-14.968,38.362,1,3.1164,1,3.1164,0.342214337783949,8.25482625482625e-05
-6.7456,-12.367,40.107,1,2.0589,1,2.0589,0.451433007426857,8.25482625482625e-05
-5.4322,-13.796,39.639,1,2.1955,1,2.1955,0.361532005900051,8.25482625482625e-05
-7.2451,-6.3267,31.193,1,3.6153,1,3.6153,0.252381795619925,8.25482625482625e-05
-12.039,-5.6328,41.66,1,1.2078,1,1.2078,0.427960737503439,8.25482625482625e-05
-9.9675,-6.4582,41.481,1,1.4928,1,1.4928,0.446178190223761,8.25482625482625e-05
-15.002,-7.1566,36.785,1,3.2974,1,3.2974,0.370202945655138,8.25482625482625e-05
-11.714,-15.174,40.608,1,1.9,1,1.9,0.377256377360333,8.25482625482625e-05
-8.3892,-14.048,41.944,1,1.8133,1,1.8133,0.404549834414096,8.25482625482625e-05
-7.5617,-12.293,41.018,1,2.069,1,2.069,0.405878960461955,8.25482625482625e-05
-18.208,3.7043,8.4759,2,6.7613,1,6.7613,0.42701829777184,8.25482625482625e-05
-22.282,2.1722,23.45,2,1.2254,1,1.2254,0.374736177624233,8.25482625482625e-05
-20.619,2.8093,22.486,2,2.407,1,2.6602,0.42957949048255,8.25482625482625e-05
-20.068,-5.2263,10.955,2,3.4322,1,9.3381,0.133405214675931,8.25482625482625e-05
-19.187,-2.4566,20.149,2,1.5129,1,6.4802,0.464953399287235,8.25482625482625e-05
-20.704,-2.9428,21.055,2,0.52425,1,5.0883,0.318303962823907,8.25482625482625e-05
-12.879,-0.11565,17.353,2,2.9624,1,6.7131,0.155720981070843,8.25482625482625e-05
-13.833,6.527,23.317,2,3.0229,1,3.0229,0.306679969751729,8.25482625482625e-05
-20.886,3.1181,23.688,2,1.8287,1,1.8287,0.477448104854391,8.25482625482625e-05
-20.762,2.121,25.593,2,0.078851,1,1.9421,0.305434069422705,8.25482625482625e-05
-7.4813,4.7432,25.644,2,1.0971,1,1.0971,0.452435772859784,8.25482625482625e-05
-6.4958,3.9068,23.71,2,1.3538,1,1.3538,0.402329539890245,8.25482625482625e-05
-10.242,5.7288,23.019,2,2.8525,1,2.8525,0.363691416165179,8.25482625482625e-05
-10.839,-9.2153,5.8691,2,0.26563,1,0.26563,0.479067088798837,8.25482625482625e-05
-10.157,-4.2852,4.847,2,0.72838,1,0.72838,0.400003374726795,8.25482625482625e-05
-11.457,2.4289,7.8525,2,2.4925,1,2.4925,0.402922650198123,8.25482625482625e-05
-9.8364,5.2195,21.439,2,3.4506,1,3.4506,0.302587673936227,8.25482625482625e-05
-9.3353,4.25,19.564,2,4.2551,1,4.2551,0.481775596639507,8.25482625482625e-05
-11.343,2.0311,5.7361,2,2.0885,1,2.0885,0.359891941959612,8.25482625482625e-05
-10.672,-4.4973,1.4863,2,0.29691,1,0.29691,0.341830032981611,8.25482625482625e-05
-12.322,-7.4483,-2.1283,2,1.4782,1,1.4782,0.49802041010397,8.25482625482625e-05
-13.433,-4.8877,-8.2225,2,2.4794,1,2.4794,0.473674005682353,8.25482625482625e-05
-14.499,-3.6599,-6.4417,2,2.9764,1,2.9764,0.477126388410754,8.25482625482625e-05
-12.53,-1.0853,-9.2677,2,0.48857,1,0.48857,0.297201280389025,8.25482625482625e-05
-18.331,0.65726,4.7066,2,7.8637,1,7.8637,0.368158106190422,8.25482625482625e-05
-18.233,2.8587,6.9771,2,7.5908,1,7.5908,0.368878756376457,8.25482625482625e-05
-26.761,-1.6398,2.567,2,4.6738,1,4.6738,0.492097198756888,8.25482625482625e-05
-25.386,-2.1729,4.2434,2,5.3944,1,5.3944,0.361254902178557,8.25482625482625e-05
-21.676,-2.3472,3.0435,2,9.1423,1,9.1423,0.444928143299326,8.25482625482625e-05
-27.81,0.23687,-5.0393,2,4.2044,1,4.2044,0.321445352817517,8.25482625482625e-05
-27.693,0.19666,-3.8044,2,4.4854,1,4.4854,0.355407910208449,8.25482625482625e-05
-18.585,-4.7473,-12.614,2,0.7397,1,0.7397,0.203057830338837,8.25482625482625e-05
-15.195,-5.4842,-10.809,2,0.7591,1,0.7591,0.45782207716528,8.25482625482625e-05
-20.168,-13.845,-4.3701,2,0.44073,1,0.64403,0.478240851215265,8.25482625482625e-05
-20.9,-13.942,-6.4084,2,0.61492,1,0.61492,0.472436383936917,8.25482625482625e-05
-16.934,-12.985,-8.3063,2,0.34023,1,0.34023,0.389358854761153,8.25482625482625e-05
-15.952,-12.772,-6.7949,2,0.60079,1,0.62191,0.424602710256217,8.25482625482625e-05
-29.692,-10.763,-5.524,2,1.7355,1,1.7355,0.387977376279754,8.25482625482625e-05
-30.172,-8.985,-6.1418,2,2.9303,1,2.9303,0.490407098075684,8.25482625482625e-05
-29.349,-10.954,-6.1197,2,1.2297,1,1.2297,0.302698641644424,8.25482625482625e-05
-28.809,-13.735,-2.7991,2,0.94396,1,1.8026,0.411941642106764,8.25482625482625e-05
-30.669,-13.591,-1.8109,2,1.24,1,2.7697,0.399127059492115,8.25482625482625e-05
-31.525,-12.412,0.094261,2,1.9808,1,3.1672,0.434054161049017,8.25482625482625e-05
-30.145,-12.352,1.3162,2,1.3166,1,3.849,0.363094540524717,8.25482625482625e-05
-27.44,-7.0565,2.636,2,5.1663,1,5.1663,0.438726618715646,8.25482625482625e-05
-26.228,-6.7567,3.3316,2,5.9841,1,6.0227,0.33950139134371,8.25482625482625e-05
-20.201,-8.0801,1.9062,2,4.3952,1,8.6397,0.393708317604544,8.25482625482625e-05
-17.12,-9.0307,5.2116,2,2.9712,1,6.258,0.434684866987736,8.25482625482625e-05
-16.393,-9.1616,3.0333,2,2.565,1,5.5469,0.424535888421192,8.25482625482625e-05
-25.163,-9.4448,11.958,2,3.2331,1,5.7078,0.248498692929524,8.25482625482625e-05
-24.851,-7.773,11.441,2,3.6049,1,6.0366,0.480817113879247,8.25482625482625e-05
-20.462,-3.4003,6.0737,2,7.8025,1,9.6443,0.469261926538047,8.25482625482625e-05
-25.611,-2.2955,5.6827,2,5.0467,1,5.0467,0.372096632701596,8.25482625482625e-05
-21.584,-26.141,6.8642,3,4.9144,1,4.9144,0.38010962260934,8.25482625482625e-05
-17.741,-22.755,6.6828,3,4.7521,1,4.7521,0.40075129682338,8.25482625482625e-05
-14.439,-14.514,4.1637,3,2.4857,1,3.6199,0.480052645972177,8.25482625482625e-05
-15.116,-15.319,6.4673,3,2.6541,1,4.4632,0.458867035807937,8.25482625482625e-05
-18.21,-16.782,2.7065,3,3.7499,1,5.2272,0.458856767824211,8.25482625482625e-05
-23.897,-20.359,5.4368,3,7.0435,1,7.0435,0.332798895992278,8.25482625482625e-05
-24.495,-20.563,7.3031,3,6.4966,1,6.4966,0.472107816422518,8.25482625482625e-05
-24.78,-20.522,5.0247,3,7.1614,1,7.1614,0.349798526818033,8.25482625482625e-05
-29.444,-19.07,0.041393,3,3.7745,1,3.864,0.472139308138178,8.25482625482625e-05
-29.798,-17.147,0.23358,3,2.115,1,4.0208,0.273224889345449,8.25482625482625e-05
-21.701,-13.349,-1.9438,3,0.32128,1,2.5311,0.46302589464857,8.25482625482625e-05
-19.994,-14.171,-1.3143,3,0.24108,1,2.796,0.411927123200354,8.25482625482625e-05
-17.831,-19.122,-3.6572,3,0.23667,1,0.23667,0.269691151857939,8.25482625482625e-05
-18.072,-24.011,2.3198,3,0.97018,1,0.97018,0.461720658272575,8.25482625482625e-05
-21.625,-25.781,7.6092,3,5.6133,1,5.6133,0.375623885859446,8.25482625482625e-05
-10.241,-36.728,8.2625,3,2.0025,1,2.0025,0.103600942558471,8.25482625482625e-05
-17.517,-29.659,8.9404,3,4.8938,1,4.8938,0.400754119063834,8.25482625482625e-05
-20.877,-41.984,3.845,3,1.8659,1,1.8659,0.400725665615539,8.25482625482625e-05
-19.432,-40.993,5.0459,3,2.5905,1,2.5905,0.426164829824657,8.25482625482625e-05
-18.76,-29.009,2.2029,3,0.37045,1,0.37045,0.357306790018895,8.25482625482625e-05
-13.92,-23.96,1.2615,3,0.35935,1,0.35935,0.423246640065664,8.25482625482625e-05
-13.31,-22.565,0.12572,3,0.53591,1,0.53591,0.483206786796767,8.25482625482625e-05
-11.364,-23.866,-2.6714,3,2.1256,1,2.1256,0.118839843276185,8.25482625482625e-05
-2.4478,-41.804,10.116,3,0.81865,1,0.81865,0.367719491275155,8.25482625482625e-05
-2.3371,-42.765,9.1397,3,0.65538,1,0.65538,0.482661715361809,8.25482625482625e-05
-10.287,-39.629,10.902,3,4.0565,1,4.0565,0.309897044012659,8.25482625482625e-05
-6.3467,-44.619,8.5656,3,2.4192,1,2.4192,0.421940343462097,8.25482625482625e-05
-7.1067,-44.569,10.19,3,1.3165,1,1.3165,0.417606430372743,8.25482625482625e-05
-8.4198,-44.803,6.8805,3,2.9852,1,2.9852,0.457141021898994,8.25482625482625e-05
-9.1115,-45.681,5.0624,3,2.8238,1,2.8238,0.428918726675277,8.25482625482625e-05
-9.5224,-44.176,2.9647,3,1.2347,1,1.2347,0.404271617703679,8.25482625482625e-05
-9.5137,-42.471,1.7485,3,0.18112,1,0.18112,0.431266537480382,8.25482625482625e-05
-7.0477,-40.62,13.535,3,2.6772,1,2.6772,0.416444085155091,8.25482625482625e-05
-6.0206,-39.841,14.038,3,1.4628,1,3.1402,0.379276969129961,8.25482625482625e-05
-10.725,-36.947,10.869,3,3.182,1,3.182,0.281698220482392,8.25482625482625e-05
-9.1728,-17.749,4.5997,3,0.70004,1,0.70004,0.375126773653698,8.25482625482625e-05
-11.888,-16.581,7.4461,3,1.9657,1,2.6233,0.476292248896398,8.25482625482625e-05
-10.337,-15.717,7.2917,3,0.89462,1,1.4628,0.343704201003457,8.25482625482625e-05
-16.525,-20.231,11.182,3,2.3982,1,7.1746,0.0855779127453206,8.25482625482625e-05
-17.304,-22.771,8.9814,3,5.6925,1,6.5546,0.240276195211581,8.25482625482625e-05
-17.747,-29.947,7.9468,3,3.9991,1,3.9991,0.406069873241199,8.25482625482625e-05
-9.3991,-34.619,11.932,3,1.9207,1,1.9207,0.120822998504794,8.25482625482625e-05
-29.639,-2.8948,-20.401,6,6.1385,2,6.1385,0.402291206019462,3.17557251908397e-05
-29.432,6.66,-22.583,6,2.1565,2,2.1565,0.38654883812243,3.17557251908397e-05
-31.17,5.5367,-23.794,6,1.3162,2,1.3162,0.493337881339738,3.17557251908397e-05
-26.644,-3.5521,-24.246,6,9.9691,2,9.9691,0.462267183247692,3.17557251908397e-05
-26.399,-3.8999,-29.087,6,7.9702,2,7.9702,0.44446090342688,3.17557251908397e-05
-24.632,-3.82,-27.818,6,9.5675,2,9.5675,0.372510274019867,3.17557251908397e-05
-37.186,-3.1059,-31.417,6,0.72203,2,0.72203,0.264623438267328,3.17557251908397e-05
-36.25,-3.4296,-28.953,6,0.97238,2,0.97238,0.332095344962114,3.17557251908397e-05
-34.372,-3.5113,-33.309,6,2.8345,2,2.8345,0.491994179526347,3.17557251908397e-05
-36.034,-2.6731,-32.449,6,2.0048,2,2.0048,0.233468908120952,3.17557251908397e-05
-35.347,-5.8611,-37.173,6,0.97193,2,0.97193,0.235357479254512,3.17557251908397e-05
-33.921,-5.6324,-36.304,6,0.24786,2,0.24786,0.496069870676534,3.17557251908397e-05
-33.628,-12.748,-36.388,6,0.76255,2,0.76255,0.18037606108023,3.17557251908397e-05
-22.458,-11.291,-32.843,6,2.3753,2,2.3753,0.495409746236166,3.17557251908397e-05
-25.6,-17.443,-34.196,6,0.48563,2,0.48563,0.437539236937203,3.17557251908397e-05
-23.892,-16.563,-33.175,6,0.11403,2,0.11403,0.354249040950137,3.17557251908397e-05
-36.031,-18.491,-24.258,6,3.305,2,3.305,0.449605785915441,3.17557251908397e-05
-38.782,-20.404,-28.172,6,1.7304,2,1.7304,0.436752269231333,3.17557251908397e-05
-37.858,-21.86,-26.688,6,1.7718,2,1.7718,0.411960652493669,3.17557251908397e-05
-38.817,-17.419,-33.926,6,0.35374,2,0.35374,0.183300568499014,3.17557251908397e-05
-35.37,-20.288,-24.94,6,3.9598,2,3.9598,0.496854562556542,3.17557251908397e-05
-34.278,-14.828,-16.942,6,2.4619,2,4.0201,0.346867913438358,3.17557251908397e-05
-31.521,-8.3176,-18.856,6,5.4811,2,5.4811,0.441850024102908,3.17557251908397e-05
-30.996,-7.9375,-20.077,6,6.056,2,6.056,0.3038455145476,3.17557251908397e-05
-29.997,-16.406,-20.757,6,2.3748,2,8.5977,0.345977981341673,3.17557251908397e-05
-17.843,-9.0832,-20.865,6,2.5792,2,4.3456,0.490807816829328,3.17557251908397e-05
-18.04,-9.4709,-23.328,6,3.5088,2,3.5088,0.389258947122845,3.17557251908397e-05
-18.271,-3.6223,-20.887,6,7.1737,2,8.1234,0.257052714988398,3.17557251908397e-05
-25.988,4.2514,-14.855,6,5.0713,2,5.0713,0.330171260066967,3.17557251908397e-05
-25.669,2.9732,-13.36,6,3.4193,2,3.4193,0.493309443625982,3.17557251908397e-05
-21.768,10.138,-8.5694,6,1.9445,2,1.9445,0.414858220912964,3.17557251908397e-05
-23.153,8.6512,-8.2201,6,1.9388,2,1.9388,0.476234048183182,3.17557251908397e-05
-18.795,7.0981,-7.8968,6,2.0478,2,2.0478,0.407371943991428,3.17557251908397e-05
-24.366,5.6217,-14.864,6,5.5768,2,5.5768,0.3364435875323,3.17557251908397e-05
-26.769,7.5965,-17.812,6,3.1702,2,3.1702,0.432977273191265,3.17557251908397e-05
-28.813,7.7157,-17.015,6,1.6397,2,1.6397,0.441300334265998,3.17557251908397e-05
-30.124,-1.175,-19.294,6,4.8497,2,4.8497,0.416830697365727,3.17557251908397e-05
-25.431,8.6665,-20.153,6,3.1548,2,3.1548,0.430917904550615,3.17557251908397e-05
-24.986,10.404,-18.634,6,1.8516,2,1.8516,0.487166258923493,3.17557251908397e-05
-20.031,8.1914,-13.682,6,4.8549,2,4.8549,0.256323976582872,3.17557251908397e-05
-18.378,8.5497,-14.672,6,4.96,2,4.96,0.476522045361406,3.17557251908397e-05
-17.817,8.3477,-6.3935,6,0.78427,2,0.78427,0.338291286776713,3.17557251908397e-05
-20.187,-3.0956,-18.612,6,6.1679,2,6.1679,0.223592404313129,3.17557251908397e-05
-16.434,0.63837,-9.8055,6,0.64116,2,0.64116,0.18894247032317,3.17557251908397e-05
-12.799,-1.6763,-13.18,6,2.0529,2,2.0529,0.430475968669096,3.17557251908397e-05
-12.33,-2.4386,-11.938,6,0.70512,2,0.70512,0.379685744033047,3.17557251908397e-05
-9.361,3.9083,-16.925,6,2.1855,2,2.1855,0.262444902422815,3.17557251908397e-05
-10.089,11.149,-13.897,6,0.814,2,0.814,0.384144347323251,3.17557251908397e-05
-13.215,11.825,-5.6342,6,0.37666,2,0.37666,0.395964317112727,3.17557251908397e-05
-13.726,11.971,-7.5279,6,1.698,2,1.698,0.421244125549795,3.17557251908397e-05
-15.541,8.5275,-7.7291,6,2.21,2,2.21,0.480595613394974,3.17557251908397e-05
-14.476,8.5461,-5.8026,6,0.26531,2,0.26531,0.301842110340768,3.17557251908397e-05
-10.94,5.859,-17.554,6,3.8176,2,3.8176,0.421528650880177,3.17557251908397e-05
-8.0668,-3.3762,-13.881,6,0.76372,2,0.76372,0.334906893271881,3.17557251908397e-05
-9.9537,-2.727,-14.769,6,1.6519,2,1.6519,0.45651241305858,3.17557251908397e-05
-7.0387,-5.3973,-16.349,6,1.2513,2,1.2513,0.422774517489534,3.17557251908397e-05
-7.5902,-7.5196,-19.662,6,0.38039,2,0.38039,0.28957255164825,3.17557251908397e-05
-10.212,-9.8053,-20.71,6,0.60481,2,0.60481,0.326214886148598,3.17557251908397e-05
-13.661,-5.7031,-30.79,6,1.3386,2,1.3386,0.465713453914725,3.17557251908397e-05
-11.475,-5.9254,-30.783,6,0.35982,2,0.35982,0.468604875371203,3.17557251908397e-05
-7.2724,2.6248,-28.968,6,1.0937,2,1.0937,0.351819905780191,3.17557251908397e-05
-7.648,3.065,-27.126,6,1.573,2,1.573,0.463761553820516,3.17557251908397e-05
-7.6551,1.9881,-30.132,6,1.0703,2,1.0703,0.319601065948279,3.17557251908397e-05
-15.955,3.8239,-27.682,6,8.4,2,8.4,0.409103547639738,3.17557251908397e-05
-12.925,8.4217,-20.856,6,4.5175,2,4.5175,0.321887428537548,3.17557251908397e-05
-21.925,10.886,-32.344,6,4.0285,2,4.0285,0.342582247878229,3.17557251908397e-05
-15.957,4.3658,-29.088,6,8.6062,2,8.6062,0.452612895000704,3.17557251908397e-05
-9.4435,4.3306,-34.496,6,2.5432,2,2.5432,0.389258603862194,3.17557251908397e-05
-10.318,2.482,-34.985,6,1.5103,2,1.5103,0.413490444057275,3.17557251908397e-05
-13.166,3.3796,-38.276,6,2.1173,2,2.1173,0.324117563804415,3.17557251908397e-05
-12.335,10.732,-39.922,6,1.3439,2,1.3439,0.476658240431759,3.17557251908397e-05
-10.262,11.018,-40.12,6,0.20451,2,0.20451,0.269266247121869,3.17557251908397e-05
-13.098,3.9205,-38.334,6,2.2479,2,2.2479,0.430338485850374,3.17557251908397e-05
-17.955,-10.046,-35.769,6,0.25675,2,0.25675,0.45690747864915,3.17557251908397e-05
-17.626,-9.0361,-37.936,6,0.62695,2,0.62695,0.438430583807999,3.17557251908397e-05
-25.189,-7.3733,-37.928,6,0.30305,2,0.30305,0.353778474196631,3.17557251908397e-05
-25.143,-4.56,-40.221,6,0.23675,2,0.23675,0.146814512124863,3.17557251908397e-05
-27.031,1.0747,-40.085,6,0.71868,2,0.71868,0.174280464843763,3.17557251908397e-05
-23.604,7.512,-34.138,6,3.9935,2,3.9935,0.345397708727243,3.17557251908397e-05
-28.164,11.111,-31.852,6,1.0827,2,1.0827,0.468392550348959,3.17557251908397e-05
-28.009,12.361,-33.53,6,0.48102,2,0.48102,0.350375783940679,3.17557251908397e-05
-24.498,7.5448,-35.832,6,2.3011,2,2.3011,0.329452453073192,3.17557251908397e-05
-24.42,-2.0519,-27.575,6,10.271,2,10.271,0.351142355116704,3.17557251908397e-05
-24.401,-1.5449,-29.378,6,8.8773,2,8.8773,0.471245298062268,3.17557251908397e-05
-22.961,1.4586,-25.9,6,10.517,2,10.517,0.445742602849896,3.17557251908397e-05
-21.626,4.8652,-25.44,6,8.5849,2,8.5849,0.416386113874118,3.17557251908397e-05
-0.28144,-9.7542,-41.316,11,4.069,4,4.069,0.420937444189518,0.000142857142857143
-4.336,-13.528,-45.126,11,0.63414,4,0.63414,0.375118499380955,0.000142857142857143
-5.0597,-12.013,-45.97,11,0.8164,4,0.8164,0.481180370262203,0.000142857142857143
-2.514,-4.9144,-60.664,11,1.567,4,1.567,0.444787080295438,0.000142857142857143
-3.6646,-6.1479,-60.013,11,0.72453,4,0.72453,0.359528805734456,0.000142857142857143
-1.089,-4.1803,-55.723,11,1.1792,4,1.1792,0.314683554627948,0.000142857142857143
-0.76144,-5.0718,-53.915,11,1.7305,4,1.7305,0.454546717128811,0.000142857142857143
-11.33,0.50027,-58.519,11,0.43282,4,0.43282,0.22823186952887,0.000142857142857143
-7.7993,1.6936,-58.542,11,1.9054,4,1.9054,0.394721059102178,0.000142857142857143
-8.3834,1.7071,-60.433,11,1.0153,4,1.0153,0.441383096881845,0.000142857142857143
-6.5107,1.0782,-58.356,11,2.2078,4,2.2078,0.341832592354102,0.000142857142857143
-3.7225,-1.7263,-58.145,11,1.2236,4,1.2236,0.352044298533426,0.000142857142857143
-6.9953,-3.9911,-61.177,11,0.30871,4,0.30871,0.273100825832322,0.000142857142857143
-6.1819,-2.9302,-62.602,11,0.71673,4,0.71673,0.487710306162124,0.000142857142857143
-7.0729,-8.0554,-51.147,11,0.25998,4,0.25998,0.184223099487629,0.000142857142857143
-15.433,-3.3542,-39.944,11,0.41607,4,0.41607,0.488984182399376,0.000142857142857143
-15.84,-1.6881,-41.733,11,0.65996,4,0.65996,0.452287343641721,0.000142857142857143
-10.867,2.0807,-41.713,11,0.96395,4,0.96395,0.432156749679304,0.000142857142857143
-10.949,0.4213,-40.252,11,1.4397,4,1.4397,0.432061108036327,0.000142857142857143
-7.1965,-3.1338,-39.937,11,4.4137,4,4.4137,0.452412154095045,0.000142857142857143
-7.1442,4.3625,-52.548,11,0.97158,4,0.97158,0.482119416172798,0.000142857142857143
-5.32,5.2519,-53.192,11,0.49417,4,0.49417,0.293537234302881,0.000142857142857143
-7.9258,-5.5901,-40.031,11,3.9264,4,3.9264,0.302539024350472,0.000142857142857143
-10.768,-1.0299,-36.243,11,0.58029,4,0.58029,0.35259088240576,0.000142857142857143
-9.0173,-0.46509,-35.335,11,0.83944,4,0.83944,0.443094673113103,0.000142857142857143
-11.073,-9.4539,-35.707,11,1.8946,4,1.8946,0.45913982385342,0.000142857142857143
-9.6929,-11.212,-30.864,11,0.84555,4,0.84555,0.497162236378151,0.000142857142857143
-11.632,-10.849,-32.033,11,0.2325,4,0.2325,0.301750623050462,0.000142857142857143
-10.103,-9.5766,-25.295,11,0.42039,4,0.42039,0.341775965721327,0.000142857142857143
-8.6729,-10.213,-26.444,11,0.78965,4,0.78965,0.478923249393788,0.000142857142857143
-7.167,-7.6684,-25.914,11,0.35578,4,0.35578,0.427491360790285,0.000142857142857143
-8.2827,-6.9777,-24.312,11,0.6204,4,0.6204,0.376354429427116,0.000142857142857143
-0.61392,-3.6709,-31.919,11,0.07566,4,0.07566,0.24569475722609,0.000142857142857143
-4.3008,-10.981,-36.712,11,0.44134,4,0.44134,0.344787337562632,0.000142857142857143
-2.0484,-10.923,-41.597,11,2.0777,4,2.0777,0.373940920677909,0.000142857142857143
18.801,-24.057,-42.411,11,0.89424,4,0.89424,0.435185003317048,0.000142857142857143
17.455,-24.672,-42.849,11,0.9257,4,0.9257,0.372053647425517,0.000142857142857143
18.895,-23.169,-37.073,11,0.45401,4,0.45401,0.4753675595123,0.000142857142857143
17.164,-21.919,-37.135,11,0.77475,4,0.77475,0.2847879881549,0.000142857142857143
15.604,-24.908,-36.024,11,1.8115,4,1.8115,0.344015696105501,0.000142857142857143
17.103,-27.164,-40.704,11,0.96016,4,0.96016,0.383027617868197,0.000142857142857143
6.808,-25.039,-39.563,11,2.3525,4,2.3525,0.191362527102393,0.000142857142857143
1.0713,-16.636,-41.5,11,4.5,4,4.5,0.427095920587739,0.000142857142857143
-0.084765,-12.02,-36.068,11,2.9168,4,2.9168,0.369581905165641,0.000142857142857143
12.198,-23.297,-34.342,11,0.60432,4,0.60432,0.195539499212506,0.000142857142857143
-1.4566,-16.009,-26.583,11,3.264,4,3.264,0.362286078225947,0.000142857142857143
-1.4392,-16.179,-25.584,11,3.5963,4,3.5963,0.44011701480464,0.000142857142857143
-3.4529,-22.27,-30.983,11,1.3125,4,1.3125,0.263750897556975,0.000142857142857143
-3.0533,-26.419,-36.162,11,3.078,4,3.078,0.454922020453281,0.000142857142857143
11.923,-33.694,-38.793,11,0.20075,4,0.20075,0.224781394324874,0.000142857142857143
13.464,-33.705,-38.208,11,0.57801,4,0.57801,0.487355671780576,0.000142857142857143
9.365,-25.494,-41.238,11,0.74897,4,0.74897,0.252197952086651,0.000142857142857143
15.559,-28.804,-38.407,11,2.2746,4,2.2746,0.49472928122857,0.000142857142857143
15.284,-28.002,-39.508,11,1.7269,4,1.7269,0.377241356234685,0.000142857142857143
13.695,-26.263,-32.913,11,0.84168,4,0.84168,0.332240632537924,0.000142857142857143
11.54,-25.769,-32.8,11,0.94516,4,0.94516,0.48516564417275,0.000142857142857143
14.839,-33.267,-34.528,11,0.17056,4,0.17056,0.285457315859152,0.000142857142857143
1.7806,-23.374,-42.766,11,0.92716,4,0.92716,0.204716517585769,0.000142857142857143
-3.9249,-17.726,-42.168,11,0.82748,4,0.82748,0.475857110927073,0.000142857142857143
-4.4767,-16.021,-42.351,11,0.47749,4,0.47749,0.294500782881959,0.000142857142857143
1.9245,-14.505,-40.688,11,4.9025,4,4.9025,0.372155860487107,0.000142857142857143
2.3394,-24.707,-43.123,11,0.2236,4,0.2236,0.131241923298904,0.000142857142857143
-23.481,-42.899,-7.6363,4,0.45153,2,3.1878,0.41685833968416,3.17557251908397e-05
-26.271,-36.353,-3.1099,4,0.12712,2,1.0225,0.428174483560053,3.17557251908397e-05
-23.698,-32.01,-16.089,4,5.0246,2,8.6626,0.345824236861738,3.17557251908397e-05
-21.126,-26.352,-8.9306,4,0.51272,2,5.9771,0.428842234467549,3.17557251908397e-05
-15.3,-18.181,-8.6913,4,0.19473,2,2.7521,0.455176268168454,3.17557251908397e-05
-15.834,-16.703,-10.35,4,1.4915,2,3.0301,0.450732639408014,3.17557251908397e-05
-19.327,-15.327,-9.4844,4,3.0126,2,3.0126,0.346372506235842,3.17557251908397e-05
-26.554,-9.7733,-10.377,4,0.32993,2,0.32993,0.35751455172092,3.17557251908397e-05
-25.906,-11.204,-9.0079,4,0.38441,2,0.38441,0.490875626398848,3.17557251908397e-05
-18.267,-14.532,-8.3064,4,1.6776,2,1.6776,0.392055159912648,3.17557251908397e-05
-15.466,-11.212,-13.013,4,0.43689,2,0.43689,0.37669535648993,3.17557251908397e-05
-24.6,-21.521,-22.511,4,0.11517,2,2.556,0.406075577870284,3.17557251908397e-05
-29.428,-12.559,-14.873,4,0.51555,2,4.4743,0.337648877536848,3.17557251908397e-05
-31.882,-13.175,-13.33,4,0.26018,2,3.5234,0.342858998340069,3.17557251908397e-05
-35.238,-21.559,-10.424,4,1.4304,2,1.4304,0.210051393056314,3.17557251908397e-05
-32.421,-23.214,-8.3848,4,2.82,2,2.82,0.39205366897808,3.17557251908397e-05
-31.038,-22.73,-7.7612,4,2.742,2,2.742,0.363645818983871,3.17557251908397e-05
-37.601,-24.576,-15.524,4,0.59986,2,0.59986,0.336735169433164,3.17557251908397e-05
-36.121,-27.038,-16.516,4,1.7398,2,1.7398,0.280446540410992,3.17557251908397e-05
-26.879,-28.823,-18.581,4,5.7175,2,5.7175,0.357923369268596,3.17557251908397e-05
-27.853,-27.038,-17.728,4,5.1292,2,6.0511,0.476959904384431,3.17557251908397e-05
-25.218,-30.52,-15.005,4,5.6969,2,9.4701,0.486814552144688,3.17557251908397e-05
-24.544,-30.773,-10.079,4,2.5076,2,5.9144,0.378728678984453,3.17557251908397e-05
-27.67,-36.647,-18.062,4,6.5661,2,6.5661,0.337445695218881,3.17557251908397e-05
-26.64,-33.651,-18.338,4,6.76,2,6.76,0.343200656300245,3.17557251908397e-05
-22.745,-28.113,-23.696,4,0.70487,2,0.70487,0.342288445238395,3.17557251908397e-05
-24.001,-28.028,-22.449,4,1.8602,2,1.8602,0.440702286510639,3.17557251908397e-05
-23.837,-31.616,-24.557,4,0.45907,2,0.45907,0.252169126298929,3.17557251908397e-05
-27.348,-38.903,-25.522,4,0.73941,2,0.73941,0.386930826832652,3.17557251908397e-05
-12.457,-54.991,-26.317,4,0.080084,2,4.8211,0.28551448418217,3.17557251908397e-05
-13.031,-54.485,-28.768,4,0.75957,2,3.1165,0.342327670886114,3.17557251908397e-05
-19.161,-50.207,-19.913,4,2.176,2,5.1349,0.21672843356996,3.17557251908397e-05
-17.037,-56.786,-23.013,4,1.1063,2,1.1063,0.468948681541619,3.17557251908397e-05
-17.553,-56.26,-21.684,4,1.2186,2,1.2186,0.290281075317414,3.17557251908397e-05
-24.244,-53.618,-22.872,4,0.63086,2,0.63086,0.347388355802206,3.17557251908397e-05
-21.964,-54.857,-30.929,4,1.7431,2,1.7431,0.48469448277519,3.17557251908397e-05
-20.303,-56.56,-31.703,4,1.4333,2,1.4333,0.404350752833352,3.17557251908397e-05
-16.648,-58.259,-31.228,4,1.911,2,1.911,0.460312118712799,3.17557251908397e-05
-16.806,-59.405,-27.639,4,0.85403,2,0.85403,0.449603436228538,3.17557251908397e-05
-18.114,-59.903,-29.112,4,0.54251,2,0.54251,0.362617277655308,3.17557251908397e-05
-25.897,-50.252,-17.774,4,0.4964,2,0.4964,0.485906934157292,3.17557251908397e-05
-25.7,-51.898,-19.22,4,0.32111,2,0.32111,0.34767717016218,3.17557251908397e-05
-19.896,-46.638,-22.299,4,1.4973,2,6.6298,0.201483514205162,3.17557251908397e-05
-27.707,-38.217,-18.564,4,6.1194,2,6.1194,0.370414397628129,3.17557251908397e-05
-10.558,-44.671,-17.004,5,2.197,2,2.197,0.394258582056172,3.17557251908397e-05
-17.296,-37.285,-17.248,5,0.58191,2,6.4347,0.330286725568075,3.17557251908397e-05
-7.3627,-57.343,-34.015,5,1.3863,2,1.3863,0.450257310908306,3.17557251908397e-05
-8.0636,-58.656,-33.773,5,0.87795,2,0.87795,0.421864141172183,3.17557251908397e-05
-6.2302,-53.336,-28.284,5,5.2529,2,5.2529,0.492634518699828,3.17557251908397e-05
-6.1774,-55.422,-28.034,5,3.1946,2,3.1946,0.255548753926074,3.17557251908397e-05
-18.592,-45.409,-28.949,5,2.4451,2,0.56173,0.411952073374913,3.17557251908397e-05
-10.984,-49.882,-38.826,5,4.5382,2,4.5382,0.156169570501831,3.17557251908397e-05
3.0627,-48.705,-36.458,5,0.428,2,0.428,0.290000677746014,3.17557251908397e-05
-1.5876,-47.239,-27.399,5,1.1503,2,1.1503,0.129651662864753,3.17557251908397e-05
1.8827,-56.412,-32.167,5,1.3847,2,1.3847,0.408309116081905,3.17557251908397e-05
2.3875,-55.029,-33.169,5,2.3142,2,2.3142,0.466569494247858,3.17557251908397e-05
-3.7889,-56.235,-29.614,5,2.9014,2,2.9014,0.304635934183629,3.17557251908397e-05
-2.5873,-58.609,-37.372,5,1.032,2,1.032,0.446772120469383,3.17557251908397e-05
-4.307,-57.879,-36.022,5,2.0899,2,2.0899,0.401614341205505,3.17557251908397e-05
-3.7297,-55.584,-39.607,5,1.8568,2,1.8568,0.459744725823148,3.17557251908397e-05
-0.6831,-54.595,-40.021,5,0.25715,2,0.25715,0.440176166552175,3.17557251908397e-05
0.60053,-53.013,-38.495,5,0.59182,2,0.59182,0.479829419507751,3.17557251908397e-05
1.171,-57.03,-38.364,5,1.5413,2,1.5413,0.464362407203742,3.17557251908397e-05
-3.6008,-54.866,-28.075,5,3.7214,2,3.7214,0.408414816203194,3.17557251908397e-05
1.1812,-52.905,-29.598,5,0.25778,2,0.25778,0.303873955744361,3.17557251908397e-05
1.3584,-54.121,-29.738,5,0.94278,2,0.94278,0.490293867257978,3.17557251908397e-05
-10.085,-37.398,-19.92,5,0.78462,2,0.78462,0.496888005935531,3.17557251908397e-05
-3.3276,-55.211,-17.314,5,1.2157,2,1.2157,0.388286746579845,3.17557251908397e-05
-3.4243,-53.554,-18.856,5,1.2159,2,1.2159,0.458741570399197,3.17557251908397e-05
-13.301,-44.716,-17.646,5,4.5899,2,4.5899,0.426453131859539,3.17557251908397e-05
-12.657,-51.646,-25.607,5,0.87561,2,5.7393,0.208822841248754,3.17557251908397e-05
-3.3396,-43.88,-6.3272,5,3.9351,2,3.9351,0.440924093495525,3.17557251908397e-05
-2.5896,-43.933,-6.9151,5,4.2277,2,4.2277,0.370601986584874,3.17557251908397e-05
-5.3146,-48.242,-9.0454,5,0.61953,2,0.61953,0.438632897456983,3.17557251908397e-05
-4.8356,-48.127,-9.9822,5,0.18151,2,0.18151,0.364084606735826,3.17557251908397e-05
-18.118,-25.252,1.7775,5,0.54091,2,0.54091,0.281942996495564,3.17557251908397e-05
-11.705,-24.421,-3.7286,5,0.8469,2,0.8469,0.302524247072477,3.17557251908397e-05
-13.185,-21.212,-8.5107,5,2.3336,2,2.3336,0.466005283803964,3.17557251908397e-05
-15.755,-18.97,-5.617,5,0.75793,2,1.2905,0.452191564750646,3.17557251908397e-05
-13.607,-18.778,-5.2556,5,0.81158,2,0.81158,0.380342668269316,3.17557251908397e-05
-23.072,-28.047,-1.596,5,0.42255,2,0.42255,0.372929201581876,3.17557251908397e-05
-23.87,-30.957,-0.59899,5,0.10821,2,0.10821,0.254157097777589,3.17557251908397e-05
-24.489,-34.475,-3.1589,5,0.94577,2,1.2014,0.481830284615593,3.17557251908397e-05
-25.371,-34.141,-1.675,5,0.29145,2,0.29145,0.283777965667839,3.17557251908397e-05
-21.249,-38.784,-3.7658,5,3.5099,2,4.33,0.237663470367827,3.17557251908397e-05
-17.7,-38.576,-4.8137,5,5.7609,2,6.0703,0.352757977051251,3.17557251908397e-05
-13.912,-42.876,-2.9205,5,3.3505,2,3.3505,0.491795670261038,3.17557251908397e-05
-13.717,-42.13,-0.95008,5,2.2095,2,2.2095,0.352478853184597,3.17557251908397e-05
-17.695,-36.813,-3.5781,5,4.9521,2,4.9521,0.260483984098565,3.17557251908397e-05
-22.894,-44.645,-6.7412,5,1.2743,2,2.3804,0.37944534484318,3.17557251908397e-05
-21.589,-42.956,-6.7756,5,2.1438,2,4.1674,0.451089540263741,3.17557251908397e-05
-18.11,-47.595,-4.4487,5,1.9289,2,1.9289,0.476748533091539,3.17557251908397e-05
-19.007,-49.261,-4.7588,5,0.40693,2,0.40693,0.329590070832018,3.17557251908397e-05
-11.278,-50.771,-3.6332,5,0.49147,2,0.49147,0.331138831875902,3.17557251908397e-05
-12.364,-48.892,-3.8417,5,2.1638,2,2.1638,0.474754343837185,3.17557251908397e-05
-10.536,-41.615,-12.564,5,0.31282,2,0.31282,0.42321459120668,3.17557251908397e-05
-9.7077,-39.065,-3.3304,5,1.1782,2,1.1782,0.452840540705068,3.17557251908397e-05
-10.133,-39.18,-1.888,5,0.28113,2,0.28113,0.320419037326166,3.17557251908397e-05
-4.5055,-35.074,-34.116,7,0.30396,3,0.30396,0.363690963936087,6.66010821446139e-05
-5.22,-36.118,-33.829,7,1.3077,3,1.3077,0.495602773830799,6.66010821446139e-05
-10.958,-27.168,-33.809,7,2.0383,3,2.0383,0.312628677196422,6.66010821446139e-05
-10.404,-19.357,-54.189,7,4.6492,3,4.6492,0.359238700799384,6.66010821446139e-05
-9.7736,-21.577,-54.84,7,5.5242,3,5.5242,0.440211289048813,6.66010821446139e-05
-7.5896,-23.905,-49.508,7,5.2293,3,5.2293,0.284688272072659,6.66010821446139e-05
-8.302,-21.7,-49.212,7,4.6061,3,4.6061,0.494007203551553,6.66010821446139e-05
-19.61,-20.791,-55.386,7,0.2495,3,0.2495,0.31090157195851,6.66010821446139e-05
-22.146,-20.621,-52.232,7,1.2788,3,3.5226,0.496548078518983,6.66010821446139e-05
-22.409,-19.845,-54.326,7,0.82457,3,2.0712,0.384367216398171,6.66010821446139e-05
-21.743,-15.819,-47.664,7,0.35301,3,7.5431,0.29550307279701,6.66010821446139e-05
-19.257,-15.939,-44.539,7,2.1041,3,5.3884,0.45740331089811,6.66010821446139e-05
-16.393,-12.878,-48.802,7,1.4706,3,1.5979,0.409404102421101,6.66010821446139e-05
-15.628,-13.864,-50.574,7,1.042,3,1.042,0.407340757593751,6.66010821446139e-05
-18.288,-17.696,-42.33,7,4.3165,3,5.0864,0.403597132500049,6.66010821446139e-05
-16.938,-20.684,-36.892,7,5.2461,3,5.2461,0.407129684897663,6.66010821446139e-05
-12.99,-24.876,-34.811,7,3.3059,3,3.3059,0.364662209890249,6.66010821446139e-05
-12.961,-26.921,-34.399,7,3.5717,3,3.5717,0.208576172527467,6.66010821446139e-05
-16.356,-21.685,-35.567,7,5.1663,3,5.1663,0.348219690976197,6.66010821446139e-05
-23.916,-18.212,-38.949,7,0.82811,3,3.9052,0.388258909486913,6.66010821446139e-05
-22.368,-17.814,-37.36,7,2.062,3,3.4796,0.435007427958339,6.66010821446139e-05
-23.207,-21.825,-38.657,7,1.5287,3,4.589,0.383711159055158,6.66010821446139e-05
-23,-20.753,-43.544,7,2.0552,3,8.132,0.399441614064376,6.66010821446139e-05
-24.184,-22.103,-48.231,7,1.0444,3,6.9149,0.449898771961094,6.66010821446139e-05
-22.972,-27.321,-48.619,7,1.1071,3,3.8916,0.451083807781307,6.66010821446139e-05
-5.8448,-42.465,-36.282,7,0.60676,3,0.60676,0.435584432229603,6.66010821446139e-05
-10.551,-29.59,-33.262,7,2.2036,3,2.2036,0.0985999064990713,6.66010821446139e-05
-9.624,-42.905,-38.753,7,0.049666,3,0.049666,0.394496210588166,6.66010821446139e-05
-8.3164,-44.44,-37.682,7,0.45517,3,0.45517,0.466149830105421,6.66010821446139e-05
-8.2283,-45.224,-34.946,7,2.4056,3,2.4056,0.496236130794378,6.66010821446139e-05
-9.4075,-44.291,-33.376,7,0.98469,3,0.98469,0.441849194153942,6.66010821446139e-05
-23.684,-58.206,-56.81,8,0.62465,3,0.62465,0.411430162761507,6.66010821446139e-05
-22.634,-58.223,-56.013,8,0.8143,3,0.8143,0.399511168580306,6.66010821446139e-05
-24.088,-58.808,-53.816,8,1.4942,3,1.4942,0.475633125279274,6.66010821446139e-05
-25.309,-58.595,-54.792,8,1.617,3,1.617,0.423052715862698,6.66010821446139e-05
-19.941,-58.132,-47.749,8,2.6412,3,2.6412,0.493500088672606,6.66010821446139e-05
-22.916,-59.76,-45.216,8,3.0908,3,3.0908,0.38592342234409,6.66010821446139e-05
-22.144,-59.21,-48.343,8,3.8152,3,3.8152,0.344914168512395,6.66010821446139e-05
-28.506,-47.335,-42.21,8,7.0126,3,7.0126,0.43537789860212,6.66010821446139e-05
-30.928,-52.475,-45.444,8,3.0764,3,3.0764,0.343959241113023,6.66010821446139e-05
-30.131,-53.444,-47.222,8,3.35,3,3.35,0.458099335446014,6.66010821446139e-05
-30.114,-54.737,-43.354,8,1.9106,3,1.9106,0.333703946002396,6.66010821446139e-05
-32.333,-48.874,-50.85,8,4.9479,3,4.9479,0.391062539925865,6.66010821446139e-05
-31.381,-57.276,-56.668,8,2.7381,3,2.7381,0.488705254296991,6.66010821446139e-05
-30.567,-55.14,-56.276,8,1.81,3,1.81,0.354316894010826,6.66010821446139e-05
-27.073,-54.84,-55.98,8,0.30243,3,0.30243,0.491395471649725,6.66010821446139e-05
-27.529,-57.156,-55.488,8,1.6151,3,1.6151,0.362531310695356,6.66010821446139e-05
-27.366,-59.928,-54.092,8,2.4281,3,2.4281,0.446384808387808,6.66010821446139e-05
-30.378,-58.896,-51.387,8,0.57434,3,0.57434,0.411981614192838,6.66010821446139e-05
-30.875,-59.197,-53.506,8,0.75577,3,0.75577,0.394017144473036,6.66010821446139e-05
-36.158,-50.478,-60.691,8,1.215,3,1.215,0.405010818818932,6.66010821446139e-05
-34.767,-50.446,-62.044,8,0.60423,3,0.60423,0.351168315209211,6.66010821446139e-05
-34.253,-51.621,-62.227,8,0.47368,3,0.47368,0.437366825106988,6.66010821446139e-05
-34.018,-52.315,-53.949,8,2.9733,3,2.9733,0.41044574471819,6.66010821446139e-05
-32.435,-52.27,-54.37,8,3.2908,3,3.2908,0.464168399119015,6.66010821446139e-05
-33.261,-48.779,-51.822,8,4.8523,3,4.8523,0.218980551868353,6.66010821446139e-05
-31.85,-34.973,-52.526,8,3.2382,3,3.2382,0.0723906310183878,6.66010821446139e-05
-29.963,-34.041,-55.47,8,0.2505,3,0.2505,0.493356890216867,6.66010821446139e-05
-31.286,-33.91,-55.634,8,0.66627,3,0.66627,0.383093765884678,6.66010821446139e-05
-24.1,-28.808,-47.63,8,0.19126,3,4.7629,0.433470769060243,6.66010821446139e-05
-11.869,-56.213,-42.902,8,1.7906,3,1.7906,0.449013172604697,6.66010821446139e-05
-9.1853,-56.458,-43.748,8,0.86378,3,0.86378,0.387654402593553,6.66010821446139e-05
-12.828,-55.547,-47.066,8,1.0115,3,1.0115,0.415761229959947,6.66010821446139e-05
-11.869,-55.641,-46.363,8,0.58011,3,0.58011,0.472646799491157,6.66010821446139e-05
-13.595,-55.45,-44.327,8,1.1805,3,1.1805,0.466398528486336,6.66010821446139e-05
-14.371,-55.063,-45.308,8,0.5252,3,0.5252,0.316538989882062,6.66010821446139e-05
-10.769,-31.248,-40.305,8,5.0891,3,0.36088,0.178508175231837,6.66010821446139e-05
-16.668,-32.177,-36.232,8,0.72421,3,6.5977,0.451600439988544,6.66010821446139e-05
-16.82,-33.165,-37.135,8,1.3442,3,5.7644,0.362706277745423,6.66010821446139e-05
-16.152,-35.483,-35.89,8,1.2014,3,5.8903,0.452119836705127,6.66010821446139e-05
-15.478,-34.299,-34.651,8,0.40544,3,5.0566,0.36952148580795,6.66010821446139e-05
-14.152,-49.331,-35.593,8,3.1505,3,3.1505,0.341205094295631,6.66010821446139e-05
-9.7754,-49.188,-35.932,8,0.70347,3,1.3219,0.485669514193006,6.66010821446139e-05
-10.484,-50.09,-34.432,8,0.55797,3,0.55797,0.44721684001983,6.66010821446139e-05
-13.63,-53.189,-33.504,8,0.39649,3,0.39649,0.481311324031933,6.66010821446139e-05
-15.772,-52.578,-33.832,8,0.8348,3,0.8348,0.475543464865622,6.66010821446139e-05
-13.16,-50.1,-36.175,8,3.3419,3,3.3419,0.272552531839684,6.66010821446139e-05
-19.765,-37.565,-27.476,8,0.1124,3,0.1124,0.398977209917791,6.66010821446139e-05
-21.043,-33.612,-28.835,8,2.4907,3,2.4907,0.391297730951283,6.66010821446139e-05
-25.416,-48.65,-35.835,8,4.228,3,4.228,0.300500136250546,6.66010821446139e-05
-22.171,-50.697,-34.195,8,1.7704,3,1.7704,0.422996316409353,6.66010821446139e-05
-23.948,-51.532,-33.745,8,1.285,3,1.285,0.406698521068379,6.66010821446139e-05
-25.243,-58.158,-39.25,8,1.9235,3,1.9235,0.49154870054997,6.66010821446139e-05
-23.73,-59.354,-37.809,8,1.2413,3,1.2413,0.456487757018321,6.66010821446139e-05
-21.299,-57.094,-35.56,8,1.4515,3,1.4515,0.419961463221143,6.66010821446139e-05
-23.88,-48.155,-36.303,8,4.9017,3,4.9017,0.486681597466663,6.66010821446139e-05
-25.673,-47.774,-36.583,8,5.365,3,5.365,0.364572305172546,6.66010821446139e-05
-27.829,-44.237,-43.658,8,7.0367,3,7.0367,0.433256267648232,6.66010821446139e-05
-23.073,-58.717,-43.352,8,3.5174,3,3.5174,0.445177676837027,6.66010821446139e-05
-17.679,-60.864,-46.136,8,2.8123,3,2.8123,0.426929610299662,6.66010821446139e-05
-21.123,-60.042,-44.117,8,2.7164,3,2.7164,0.401973236223698,6.66010821446139e-05
-21.164,-55.548,-45.884,8,3.3065,3,3.3065,0.302490048974387,6.66010821446139e-05
-21.28,-53.618,-44.81,8,3.3916,3,3.3916,0.473746527864927,6.66010821446139e-05
-15.281,-49.912,-44.871,8,1.4673,3,1.4673,0.172309532189142,6.66010821446139e-05
-13.624,-55.686,-42.717,8,2.2148,3,2.2148,0.109310337676034,6.66010821446139e-05
-11.907,-58.88,-38.488,8,2.6391,3,2.6391,0.45887548702447,6.66010821446139e-05
-13.132,-59.12,-40.156,8,2.8214,3,2.8214,0.462130639426148,6.66010821446139e-05
-13.102,-53.329,-36.139,8,3.0734,3,3.0734,0.304757370292406,6.66010821446139e-05
-15.898,-55.455,-35.148,8,1.4118,3,1.4118,0.301636851644698,6.66010821446139e-05
-14.337,-56.777,-34.441,8,0.70113,3,0.70113,0.470019887491754,6.66010821446139e-05
-20.491,-58.191,-36.015,8,1.6505,3,1.6505,0.368949510367519,6.66010821446139e-05
-20.111,-60.083,-38.615,8,1.8281,3,1.8281,0.388524572724923,6.66010821446139e-05
-19.342,-59.31,-40.584,8,2.4938,3,2.4938,0.447077469471106,6.66010821446139e-05
-15.976,-60.259,-39.565,8,1.254,3,1.254,0.435068207769869,6.66010821446139e-05
-16.769,-60.723,-37.781,8,0.53767,3,0.53767,0.362043440429339,6.66010821446139e-05
-35.212,-39.209,-32.617,8,2.6234,3,2.6234,0.266490867439558,6.66010821446139e-05
-33.316,-51.472,-37.191,8,0.39391,3,0.39391,0.278920058172599,6.66010821446139e-05
-29.828,-40.041,-42.717,8,8.9296,3,8.9296,0.434757366722503,6.66010821446139e-05
-28.172,-53.397,-34.012,8,1.3067,3,1.3067,0.408691682023774,6.66010821446139e-05
-26.845,-34.883,-41.105,8,8.3088,3,9.2344,0.398727583114388,6.66010821446139e-05
-24.471,-31.561,-40.173,8,4.9338,3,9.1101,0.291578415095301,6.66010821446139e-05
-24.223,-33.474,-32.25,8,6.007,3,6.007,0.440592266494207,6.66010821446139e-05
-22.568,-32.464,-31.934,8,4.445,3,5.7425,0.368600950055263,6.66010821446139e-05
-30.478,-35.699,-29.372,8,3.1291,3,3.1291,0.302429276418481,6.66010821446139e-05
-29.881,-41.505,-27.992,8,0.65414,3,0.65414,0.362941960868291,6.66010821446139e-05
-29.967,-36.483,-29.813,8,3.4934,3,3.4934,0.403080807850644,6.66010821446139e-05
-23.66,-28.752,-25.078,8,0.16406,3,0.16406,0.327082887864385,6.66010821446139e-05
-26.918,-26.342,-24.226,8,0.18262,3,0.18262,0.320208109707718,6.66010821446139e-05
-27.761,-23.039,-26.163,8,0.29037,3,0.29037,0.293248212570069,6.66010821446139e-05
-25.191,-21.834,-28.75,8,0.10589,3,0.59184,0.263735734501307,6.66010821446139e-05
-34.025,-20.493,-37.102,8,0.28221,3,2.62,0.498312259766111,6.66010821446139e-05
-39.433,-23.143,-34.809,8,0.81096,3,2.3231,0.473938261590424,6.66010821446139e-05
-39.942,-27.89,-32.537,8,0.74557,3,0.74557,0.396682264050352,6.66010821446139e-05
-42.61,-28.796,-33.038,8,1.7791,3,1.7791,0.34203687267458,6.66010821446139e-05
-42.333,-31.177,-32.392,8,2.009,3,2.009,0.485964418641858,6.66010821446139e-05
-40.303,-26.46,-36.125,8,1.013,3,1.013,0.396944952569451,6.66010821446139e-05
-40.475,-28.011,-37.527,8,0.79496,3,0.79496,0.426186972544741,6.66010821446139e-05
-33.825,-31.73,-38.695,8,6.7153,3,6.8881,0.384455326431046,6.66010821446139e-05
-35.279,-31.097,-41.623,8,5.2705,3,5.5501,0.381116204229478,6.66010821446139e-05
-35.587,-23.463,-45.263,8,2.4603,3,7.9438,0.408671978319595,6.66010821446139e-05
-37.996,-23.46,-45.799,8,3.0281,3,5.6676,0.413867742015422,6.66010821446139e-05
-31.589,-24.789,-46.149,8,0.38587,3,9.3981,0.382817514567284,6.66010821446139e-05
-43.713,-31.699,-61.842,8,0.085296,3,2.4647,0.495360902094184,6.66010821446139e-05
-44.515,-32.13,-60.894,8,0.58892,3,1.2327,0.394193309079082,6.66010821446139e-05
-39.56,-29.498,-57.83,8,0.98538,3,4.7955,0.125064653894427,6.66010821446139e-05
-37.612,-35.674,-55.665,8,3.8164,3,3.8164,0.185437950669746,6.66010821446139e-05
-44.143,-36.194,-59.89,8,0.18322,3,0.18322,0.457772011426766,6.66010821446139e-05
-43.152,-36.753,-60.414,8,0.99237,3,0.99237,0.470885975855753,6.66010821446139e-05
-42.546,-45.203,-65.032,8,0.34037,3,0.34037,0.438285159991937,6.66010821446139e-05
-39.456,-43.034,-63.948,8,0.23401,3,0.23401,0.440621272764498,6.66010821446139e-05
-39.186,-45.411,-63.995,8,0.39105,3,0.39105,0.411182777979984,6.66010821446139e-05
-38.967,-48.163,-61.504,8,1.9647,3,1.9647,0.488110430160096,6.66010821446139e-05
-42.998,-41.31,-53.539,8,0.40427,3,0.40427,0.360150583070027,6.66010821446139e-05
-43.889,-35.91,-63.204,8,1.8065,3,1.8065,0.390055777195106,6.66010821446139e-05
-40.152,-33.04,-56.585,8,2.3276,3,4.0843,0.0902783305909114,6.66010821446139e-05
-37.421,-32.756,-59.264,8,1.5313,3,1.5313,0.474637289728123,6.66010821446139e-05
-39.164,-32.19,-59.572,8,1.4628,3,2.7419,0.314794816515531,6.66010821446139e-05
-28.082,-33.509,-52.043,8,1.9027,3,1.9027,0.0476051570160977,6.66010821446139e-05
-35.593,-48.877,-58.395,8,1.7436,3,1.7436,0.412451860482617,6.66010821446139e-05
-38.349,-51.131,-51.455,8,0.5412,3,0.5412,0.192463945656015,6.66010821446139e-05
-39.285,-49.418,-51.245,8,0.46574,3,0.46574,0.491635632348882,6.66010821446139e-05
-36.87,-49.622,-54.423,8,2.0349,3,2.0349,0.412335069605968,6.66010821446139e-05
-36.697,-51.594,-54.752,8,1.2789,3,1.2789,0.458269550700335,6.66010821446139e-05
-32.169,-44.703,-51.33,8,4.167,3,4.167,0.339663652487673,6.66010821446139e-05
-29.702,-47.808,-43.55,8,6.0561,3,6.0561,0.36215101135899,6.66010821446139e-05
-29.899,-40.837,-41.6,8,8.4824,3,8.4824,0.480681009157433,6.66010821446139e-05
-48.711,-25.955,-72.928,9,0.24157,3,0.24157,0.388892579922323,6.66010821446139e-05
-48.385,-24.794,-74.815,9,0.71073,3,0.71073,0.474467389594496,6.66010821446139e-05
-46.109,-29.807,-67.339,9,1.3461,3,1.3461,0.4877831204695,6.66010821446139e-05
-46.133,-30.601,-65.19,9,0.90759,3,0.90759,0.373615820921483,6.66010821446139e-05
-44.899,-27.462,-60.699,9,1.5487,3,1.5487,0.323225732546449,6.66010821446139e-05
-43.772,-16.558,-58.688,9,2.265,3,2.265,0.474637667082731,6.66010821446139e-05
-46.963,-13.615,-64.312,9,0.10309,3,0.10309,0.415963244010085,6.66010821446139e-05
-40.723,-15.854,-67.717,9,1.5466,3,1.5466,0.367867401010946,6.66010821446139e-05
-40.555,-17.52,-68.203,9,0.61012,3,0.61012,0.446566616518356,6.66010821446139e-05
-44.142,-20.271,-74.467,9,1.3384,3,1.3384,0.462605615163396,6.66010821446139e-05
-46.228,-19.924,-75.547,9,0.50829,3,0.50829,0.435015226199262,6.66010821446139e-05
-49.239,-17.569,-74.256,9,0.22213,3,0.22213,0.450926336941167,6.66010821446139e-05
-48.529,-15.244,-74.794,9,0.68479,3,0.68479,0.446593059087608,6.66010821446139e-05
-47.389,-15.359,-76.573,9,1.408,3,1.408,0.476915386542432,6.66010821446139e-05
-40.425,-16.891,-68.031,9,0.83346,3,0.83346,0.424454674560418,6.66010821446139e-05
-36.322,-14.739,-57.673,9,7.2099,3,7.2099,0.432970114439814,6.66010821446139e-05
-32.417,-17.721,-56.258,9,5.3696,3,5.3696,0.492953787600925,6.66010821446139e-05
-31.987,-15.783,-56.179,9,6.2108,3,6.2108,0.396096525494368,6.66010821446139e-05
-37.229,-24.871,-60.866,9,1.9607,3,1.9607,0.329360236158999,6.66010821446139e-05
-25.228,-18.428,-53.429,9,1.5856,3,4.1479,0.463048478237281,6.66010821446139e-05
-29.042,-25.157,-47.69,9,0.24633,3,6.7863,0.443908690645601,6.66010821446139e-05
-30.207,-25.722,-46.9,9,0.65216,3,7.8944,0.383381720153903,6.66010821446139e-05
-33.354,-26.908,-49.663,9,0.37014,3,8.0039,0.344322936583155,6.66010821446139e-05
-33.619,-27.102,-51.173,9,0.59183,3,6.8613,0.474854831412864,6.66010821446139e-05
-42.59,-25.878,-61.548,9,4.1018,3,4.1018,0.381301846825595,6.66010821446139e-05
-42.998,-30.442,-62.857,9,1.2527,3,2.9395,0.460261884648717,6.66010821446139e-05
-43.581,-31.276,-60.934,9,0.33865,3,2.2408,0.371683069291527,6.66010821446139e-05
-37.52,-22.278,-51.47,9,4.7053,3,6.2877,0.434062586368191,6.66010821446139e-05
-39.137,-27.213,-49.8,9,0.5445,3,5.4015,0.388169318174972,6.66010821446139e-05
-40.984,-27.432,-49.219,9,0.62153,3,3.4978,0.407562975562271,6.66010821446139e-05
-40.452,-25.202,-42.3,9,0.72078,3,2.1544,0.408380086901687,6.66010821446139e-05
-39.275,-24.43,-42.636,9,1.6514,3,3.5163,0.413848430699316,6.66010821446139e-05
-26.634,-20.433,-39.464,9,0.45467,3,3.3369,0.445961084332849,6.66010821446139e-05
-27.918,-20.444,-37.784,9,0.33981,3,2.332,0.44299132509835,6.66010821446139e-05
-31.166,-23.397,-39.741,9,0.29597,3,6.3006,0.497018970763015,6.66010821446139e-05
-29.95,-23.583,-41.713,9,0.38985,3,7.6543,0.475579277236152,6.66010821446139e-05
-29.423,-12.488,-37.452,9,1.2125,3,1.2125,0.472127455152302,6.66010821446139e-05
-33.445,-12.664,-35.467,9,0.27453,3,0.27453,0.356593963972712,6.66010821446139e-05
-36.172,-12.233,-36.054,9,0.47542,3,0.47542,0.391346273572478,6.66010821446139e-05
-37.115,-9.8219,-39.529,9,3.4142,3,3.4142,0.450368475798952,6.66010821446139e-05
-37.076,-9.1605,-37.401,9,1.3832,3,1.3832,0.371824845009711,6.66010821446139e-05
-41.966,-9.4248,-41.873,9,0.20353,3,0.20353,0.13435781718436,6.66010821446139e-05
-40.064,-19.229,-56.23,9,5.0048,3,5.0048,0.26356741557646,6.66010821446139e-05
-46.596,-4.8946,-55.792,9,2.6306,3,2.6306,0.357255529401161,6.66010821446139e-05
-46.179,-4.1464,-53.801,9,2.8794,3,2.8794,0.486037749705635,6.66010821446139e-05
-43.546,-0.49745,-62.696,9,0.58147,3,0.58147,0.408117799081536,6.66010821446139e-05
-42.404,-1.0779,-61.976,9,0.22885,3,0.22885,0.390409820929877,6.66010821446139e-05
-40.947,-2.6457,-64.858,9,2.8041,3,2.8041,0.474072945474588,6.66010821446139e-05
-42.183,-2.806,-66.563,9,2.4174,3,2.4174,0.435225158101213,6.66010821446139e-05
-37.292,-10.288,-59.988,9,7.7784,3,7.7784,0.361419910415551,6.66010821446139e-05
-35.87,-11.172,-55.447,9,8.4735,3,8.4735,0.307495146586491,6.66010821446139e-05
-36.375,-9.2942,-54.61,9,7.4246,3,7.5673,0.469734008087077,6.66010821446139e-05
-41.395,-3.6893,-47.368,9,0.16033,3,0.16033,0.328064849390517,6.66010821446139e-05
-37.368,-7.1354,-37.549,9,1.4461,3,1.4461,0.416219949772561,6.66010821446139e-05
-37.366,-7.8248,-39.869,9,3.5679,3,3.5679,0.483482895522247,6.66010821446139e-05
-33.703,-5.4999,-37.831,9,0.37837,3,0.37837,0.444976171923535,6.66010821446139e-05
-30.38,-6.0567,-36.855,9,0.6593,3,0.6593,0.311708592503226,6.66010821446139e-05
-24.987,-10.186,-49.424,9,2.4415,3,8.7721,0.442655990632637,6.66010821446139e-05
-21.675,-5.276,-43.376,9,1.3301,3,3.3908,0.365915606231705,6.66010821446139e-05
-32.181,1.0583,-56.044,9,3.5511,3,7.1459,0.452820284927126,6.66010821446139e-05
-41.64,-1.2936,-52.769,9,0.39496,3,0.39496,0.307646026005649,6.66010821446139e-05
-35.076,-2.4367,-68.944,9,0.32699,3,5.3597,0.391772735347792,6.66010821446139e-05
-20.182,-13.855,-50.897,9,0.4283,3,5.3926,0.440587054893286,6.66010821446139e-05
-19.243,-11.822,-51.186,9,0.71459,3,3.9278,0.462315098133017,6.66010821446139e-05
-21.818,-10.214,-50.732,9,1.0523,3,6.028,0.48622033620823,6.66010821446139e-05
-22.206,-17.088,-54.642,9,0.81846,3,2.8681,0.48920085340972,6.66010821446139e-05
-31.606,-7.5964,-67.614,9,1.8043,3,1.8043,0.383457392420703,6.66010821446139e-05
-29.126,-15.684,-60.866,9,1.2472,3,1.2472,0.48686174194292,6.66010821446139e-05
-29.135,-16.974,-61.534,9,0.367,3,0.367,0.315861243043634,6.66010821446139e-05
-33.152,-15.626,-58.548,9,4.5787,3,4.5787,0.247478136608941,6.66010821446139e-05
-36.892,-14.232,-60.016,9,5.8949,3,5.8949,0.306069527365287,6.66010821446139e-05
-48.045,-12.564,-79.903,9,1.6025,3,1.6025,0.45575276727708,6.66010821446139e-05
-48.834,-11.344,-78.24,9,0.87647,3,0.87647,0.455001646473884,6.66010821446139e-05
-43.076,-9.9171,-79.491,9,0.24749,3,0.24749,0.387044063338446,6.66010821446139e-05
-41.552,-9.9554,-77.96,9,0.30303,3,0.30303,0.446943933398693,6.66010821446139e-05
-40.343,-12.983,-71.406,9,0.32566,3,0.32566,0.466268132597549,6.66010821446139e-05
-41.57,-13.583,-70.319,9,1.5715,3,1.5715,0.382952146576918,6.66010821446139e-05
-46.772,-10.519,-70.658,9,0.74419,3,0.74419,0.481135597640383,6.66010821446139e-05
-47.205,-10.892,-68.496,9,0.39951,3,0.39951,0.376527911620375,6.66010821446139e-05
-42.983,-9.5971,-62.678,9,2.1792,3,2.1792,0.491652679032249,6.66010821446139e-05
-46.202,-4.0053,-76.054,9,1.6053,3,1.6053,0.380946285527068,6.66010821446139e-05
-46.002,1.0411,-79.175,9,0.22619,3,0.22619,0.365547189005464,6.66010821446139e-05
-46.525,-1.6276,-78.133,9,0.096257,3,0.096257,0.311118833150237,6.66010821446139e-05
-45.809,-1.4929,-73.434,9,0.56148,3,0.56148,0.318977519029048,6.66010821446139e-05
-39.004,2.3437,-72.863,9,0.32431,3,4.1828,0.166996378229219,6.66010821446139e-05
-36.658,0.43099,-71.02,9,0.95087,3,6.2314,0.243252540191228,6.66010821446139e-05
-34.504,-4.4878,-76.468,9,0.26693,3,0.26693,0.338772746038555,6.66010821446139e-05
-35.084,-6.0577,-75.624,9,0.63831,3,0.63831,0.483865212911685,6.66010821446139e-05
-44.558,-4.9938,-82.283,9,0.78556,3,0.78556,0.43818130661477,6.66010821446139e-05
-42.017,-4.1426,-82.631,9,0.18816,3,0.18816,0.231470799148883,6.66010821446139e-05
-40.732,13.036,-76.18,10,0.91072,3,0.91072,0.421494521360286,6.66010821446139e-05
-40.518,12.591,-78.52,10,0.31702,3,0.31702,0.473162449498338,6.66010821446139e-05
-37.515,9.2054,-64.613,10,1.0309,3,1.0309,0.0545280699201228,6.66010821446139e-05
-36.509,16.176,-74.653,10,0.46969,3,0.46969,0.134687386181215,6.66010821446139e-05
-25.473,11.136,-67.192,10,5.9553,3,5.9553,0.42940056881967,6.66010821446139e-05
-25.958,14.5,-75.018,10,4.8893,3,4.8893,0.408945536875848,6.66010821446139e-05
-26.648,17.104,-74.306,10,2.1904,3,2.1904,0.29398137677222,6.66010821446139e-05
-30.58,6.6456,-80.129,10,4.8551,3,4.8551,0.309912479834125,6.66010821446139e-05
-34.056,8.5995,-81.373,10,5.5905,3,5.5905,0.341426564110095,6.66010821446139e-05
-33.282,8.7224,-83.382,10,4.1676,3,4.1676,0.491523732515184,6.66010821446139e-05
-36.357,9.6465,-84.622,10,4.1339,3,4.1339,0.395376149143409,6.66010821446139e-05
-38.596,15.025,-83.614,10,0.85645,3,0.85645,0.492167748461982,6.66010821446139e-05
-34.608,8.0074,-81.491,10,5.131,3,5.131,0.359362632833614,6.66010821446139e-05
-33.997,7.8798,-83.704,10,3.4596,3,3.4596,0.49847011299641,6.66010821446139e-05
-29.787,4.1351,-73.042,10,5.4903,3,5.4903,0.382898822842411,6.66010821446139e-05
-28.993,-5.0083,-67.753,10,1.0382,3,2.4533,0.12325313915198,6.66010821446139e-05
-41.432,4.2959,-71.25,10,0.38193,3,1.4489,0.185873762094342,6.66010821446139e-05
-40.33,5.0121,-71.002,10,0.97217,3,1.5653,0.494744879683616,6.66010821446139e-05
-44.998,5.8157,-82.09,10,0.69418,3,0.69418,0.495649889140351,6.66010821446139e-05
-43.706,7.1971,-80.904,10,0.8007,3,0.8007,0.491795707869129,6.66010821446139e-05
-42.856,0.73766,-80.862,10,1.5102,3,3.3617,0.305003881238726,6.66010821446139e-05
-30.808,-1.3236,-56.841,10,1.9849,3,9.6423,0.454818923617718,6.66010821446139e-05
-31.371,-2.0639,-54.95,10,0.95888,3,9.4358,0.340967295863996,6.66010821446139e-05
-31.52,1.9511,-56.437,10,4.4639,3,7.3288,0.346180833225629,6.66010821446139e-05
-32.195,3.1163,-58.007,10,5.1415,3,6.6498,0.473117158066108,6.66010821446139e-05
-33.958,6.3396,-63.259,10,5.3099,3,5.3099,0.222442141135114,6.66010821446139e-05
-27.615,10.677,-53.817,10,3.922,3,3.922,0.313275599988817,6.66010821446139e-05
-28.68,8.9116,-53.897,10,5.3691,3,5.3691,0.489408573935886,6.66010821446139e-05
-31.389,1.3648,-53.058,10,3.6182,3,7.5268,0.423155254868683,6.66010821446139e-05
-35.749,0.78472,-52.018,10,0.84624,3,4.3883,0.395568009762794,6.66010821446139e-05
-37.113,2.2887,-52.284,10,1.7527,3,2.4539,0.407777966350492,6.66010821446139e-05
-38.69,2.8035,-50.32,10,1.0171,3,1.0171,0.444663315262978,6.66010821446139e-05
-38.616,2.9366,-48.249,10,0.71501,3,0.71501,0.411383687160958,6.66010821446139e-05
-36.154,5.8502,-47.855,10,1.2977,3,1.2977,0.35379384073738,6.66010821446139e-05
-34.759,6.9777,-48.888,10,1.9558,3,1.9558,0.494079199394137,6.66010821446139e-05
-30.87,9.789,-39.165,10,1.0639,3,1.0639,0.349112323108626,6.66010821446139e-05
-31.182,9.8924,-41.239,10,1.6059,3,1.6059,0.439618269640887,6.66010821446139e-05
-36.565,6.1308,-46.493,10,0.83989,3,0.83989,0.423540784308857,6.66010821446139e-05
-37.028,1.4843,-43.764,10,0.84657,3,0.84657,0.465464014350463,6.66010821446139e-05
-35.519,1.3375,-41.777,10,1.1509,3,1.5001,0.496402309969286,6.66010821446139e-05
-32.751,-2.2532,-42.16,10,1.1566,3,3.117,0.27242541744761,6.66010821446139e-05
-24.579,-5.6439,-44.738,10,0.36908,3,4.3698,0.483720233117999,6.66010821446139e-05
-22.002,-0.49043,-39.084,10,0.91998,3,0.91998,0.401781730043814,6.66010821446139e-05
-22.533,7.6116,-39.227,10,0.79391,3,0.79391,0.295970495613945,6.66010821446139e-05
-19.132,7.2935,-40.775,10,0.70425,3,0.70425,0.412851368263079,6.66010821446139e-05
-23.504,10.728,-50.279,10,3.8925,3,3.8925,0.407874993354561,6.66010821446139e-05
-29.862,13.322,-48.393,10,0.37604,3,0.37604,0.339398103095972,6.66010821446139e-05
-30.57,11.594,-47.875,10,0.98323,3,0.98323,0.472005167575232,6.66010821446139e-05
-23.309,15.096,-52.819,10,0.35862,3,0.35862,0.336227150619049,6.66010821446139e-05
-25.1,9.8325,-48.336,10,4.8186,3,4.8186,0.296968659338447,6.66010821446139e-05
-18.444,5.3022,-47.269,10,6.027,3,6.027,0.493685969640373,6.66010821446139e-05
-16.941,5.9557,-45.661,10,4.3403,3,4.3403,0.327322422944982,6.66010821446139e-05
-16.38,11.593,-43.592,10,1.8143,3,1.8143,0.423018033715144,6.66010821446139e-05
-16.316,9.8966,-42.895,10,1.0365,3,1.0365,0.398798881419526,6.66010821446139e-05
-21.696,-1.0233,-54.259,10,6.3807,3,8.0806,0.242790149878868,6.66010821446139e-05
-23.883,0.77289,-56.778,10,7.1889,3,9.4333,0.369178222184746,6.66010821446139e-05
-24.923,4.0326,-63.17,10,9.39,3,9.39,0.293625484697692,6.66010821446139e-05
-28.897,16.246,-67.821,10,0.68357,3,0.68357,0.375325812342212,6.66010821446139e-05
-28.912,14.586,-69.855,10,2.5703,3,2.5703,0.329398369680097,6.66010821446139e-05
-29.482,11.897,-54.417,10,2.5636,3,2.5636,0.282109009318599,6.66010821446139e-05
-13.829,10.394,-61.032,10,2.7404,3,2.7404,0.481879558611206,6.66010821446139e-05
-11.94,11.031,-61.373,10,1.0226,3,1.0226,0.339606720745444,6.66010821446139e-05
-11.174,6.3391,-65.487,10,3.289,3,3.289,0.28517214392562,6.66010821446139e-05
-17.421,10.003,-72.868,10,5.5193,3,5.5193,0.349476525291648,6.66010821446139e-05
-16.866,13.3,-74.351,10,2.0669,3,2.0669,0.439013782173867,6.66010821446139e-05
-15.447,14.65,-72.926,10,0.63126,3,0.63126,0.494761292986243,6.66010821446139e-05
-13.097,13.187,-73.614,10,0.22228,3,0.22228,0.348600183651081,6.66010821446139e-05
-13.104,12.054,-75.453,10,0.79371,3,0.79371,0.471272541111937,6.66010821446139e-05
-18.963,13.155,-73.943,10,2.9571,3,2.9571,0.409744192464633,6.66010821446139e-05
-24.671,4.3774,-63.868,10,9.1948,3,9.1948,0.331610439365421,6.66010821446139e-05
-22.105,10.718,-61.262,10,5.5783,3,5.5783,0.283379654510947,6.66010821446139e-05
-19.546,17.259,-69.377,10,0.32148,3,0.32148,0.332375286020101,6.66010821446139e-05
-20.513,15.936,-70.407,10,1.9236,3,1.9236,0.495075493309591,6.66010821446139e-05
-24.742,6.6558,-51.117,10,7.9447,3,7.9447,0.187110005151705,6.66010821446139e-05
-19.873,4.8462,-47.607,10,6.4129,3,6.4129,0.186031478695205,6.66010821446139e-05
-17.937,7.7988,-47.736,10,6.1693,3,6.1693,0.319550736828571,6.66010821446139e-05
-13.62,12.099,-47.071,10,0.71745,3,0.71745,0.461391823245005,6.66010821446139e-05
-14.618,10.585,-45.578,10,2.4955,3,2.4955,0.418232092213617,6.66010821446139e-05
-15.821,7.5502,-46.265,10,4.4683,3,4.4683,0.420907627101585,6.66010821446139e-05
-16.208,6.1934,-48.369,10,6.0763,3,6.0763,0.494583351811452,6.66010821446139e-05
-11.511,6.2305,-55.714,10,2.8957,3,2.8957,0.263800675641714,6.66010821446139e-05
-11.739,11.556,-59.604,10,0.72737,3,0.72737,0.353761327202582,6.66010821446139e-05
-4.5947,5.7799,-57.37,10,2.0657,3,2.0657,0.378358378969298,6.66010821446139e-05
-5.4681,3.5444,-57.199,10,2.7987,3,2.7987,0.423692684992757,6.66010821446139e-05
-13.35,7.5753,-56.828,10,4.5763,3,4.5763,0.381708027136704,6.66010821446139e-05
-11.753,4.4127,-44.983,10,1.1206,3,1.1206,0.497193297144946,6.66010821446139e-05
-9.5329,-5.4877,-46.237,10,5.1045,3,5.1045,0.0852230510855546,6.66010821446139e-05
-6.9516,-1.7354,-47.221,10,5.807,3,5.807,0.389727466576624,6.66010821446139e-05
-17.008,-2.9706,-48.102,10,2.1119,3,2.1119,0.475722849058568,6.66010821446139e-05
-16.32,-2.68,-59.746,10,1.5816,3,1.5816,0.378809708339968,6.66010821446139e-05
-8.6228,4.1164,-74.298,10,2.4762,3,2.4762,0.369704138886773,6.66010821446139e-05
-7.6308,4.744,-73.775,10,1.4257,3,1.4257,0.446170030072148,6.66010821446139e-05
-14.275,7.3258,-66.922,10,4.7303,3,4.7303,0.315538317497539,6.66010821446139e-05
-8.1047,8.1883,-71.59,10,0.48742,3,0.48742,0.458541042424123,6.66010821446139e-05
-9.4468,9.1944,-71.793,10,0.19857,3,0.19857,0.440357579870464,6.66010821446139e-05
-7.2389,7.2574,-61.869,10,0.14987,3,0.14987,0.399728641274069,6.66010821446139e-05
-12.335,-0.263,-78.455,10,2.0505,3,2.0505,0.124177297477074,6.66010821446139e-05
-9.462,3.3161,-78.834,10,1.1577,3,1.1577,0.35258746443169,6.66010821446139e-05
-11.628,2.8512,-78.544,10,0.72423,3,0.72423,0.369399780205636,6.66010821446139e-05
-12.807,5.7861,-73.592,10,4.2401,3,4.2401,0.433791679715461,6.66010821446139e-05
-15.803,-8.9227,-63.882,10,4.2446,3,4.2446,0.202781344362503,6.66010821446139e-05
-28.937,-4.9741,-65.069,10,0.6724,3,4.1307,0.162181037127411,6.66010821446139e-05
-27.496,4.753,-72.705,10,5.3942,3,5.3942,0.341813800901007,6.66010821446139e-05
-27.663,5.9722,-77.593,10,6.1291,3,6.1291,0.464428615625931,6.66010821446139e-05
-28.751,6.3619,-76.802,10,6.6022,3,6.6022,0.334455199871153,6.66010821446139e-05
-27.431,5.7827,-82.125,10,2.5049,3,2.5049,0.482277961121148,6.66010821446139e-05
-28.774,1.6979,-82.59,10,0.19902,3,0.19902,0.285093341982848,6.66010821446139e-05
-30.55,0.88014,-81.954,10,0.14667,3,0.14667,0.328968307659678,6.66010821446139e-05
-31.331,-0.6494,-80.523,10,0.30411,3,0.30411,0.461029730282947,6.66010821446139e-05
-24.501,9.5707,-86.78,10,1.9128,3,1.9128,0.472050874146102,6.66010821446139e-05
-28.27,8.4338,-84.931,10,2.3267,3,2.3267,0.310289025388489,6.66010821446139e-05
-28.882,6.3848,-75.924,10,6.5729,3,6.5729,0.428746701883823,6.66010821446139e-05
-27.966,12.842,-78.177,10,6.9137,3,6.9137,0.282460694266385,6.66010821446139e-05
-24.853,15.075,-74.337,10,4.2969,3,4.2969,0.241782596827202,6.66010821446139e-05
-26.227,12.762,-73.982,10,5.9153,3,5.9153,0.349032617063728,6.66010821446139e-05
-23.774,10.208,-67.825,10,6.9418,3,6.9418,0.419515865876103,6.66010821446139e-05
-17.78,12.778,-80.929,10,1.4253,3,1.4253,0.240455350560657,6.66010821446139e-05
-17.621,14.512,-79.475,10,0.15501,3,0.15501,0.264295056768272,6.66010821446139e-05
-13.244,11.804,-84.54,10,1.0756,3,1.0756,0.455892372693672,6.66010821446139e-05
-16.812,12.722,-83.332,10,1.0304,3,1.0304,0.429903924689675,6.66010821446139e-05
-15.999,12.316,-78.599,10,2.3339,3,2.3339,0.415268371875513,6.66010821446139e-05
-13.449,2.7623,-75.668,10,1.3877,3,1.3877,0.166879937162247,6.66010821446139e-05
-22.704,4.3065,-82.26,10,1.246,3,1.246,0.478850771547256,6.66010821446139e-05
-22.848,5.2973,-84.48,10,0.16637,3,0.16637,0.410240748964248,6.66010821446139e-05
-18.278,6.9337,-87.684,10,0.44862,3,0.44862,0.198777568016361,6.66010821446139e-05
35.121,-2.2459,13.963,12,2.5739,5,2.5739,0.266577777336275,0.000192729591836735
33.434,-2.2553,14.728,12,3.4546,5,3.5163,0.482064187111318,0.000192729591836735
27.231,-0.29621,18.045,12,7.3042,5,7.3042,0.382069264557641,0.000192729591836735
27.606,-7.3123,21.729,12,4.6159,5,7.8755,0.358086854781799,0.000192729591836735
29.236,-7.7578,21.169,12,3.0718,5,6.5889,0.454401370824949,0.000192729591836735
24.261,-6.1719,11.501,12,0.43207,5,0.43207,0.492794866673643,0.000192729591836735
30.678,-0.32976,-3.4928,12,1.0218,5,1.0218,0.447726187627005,0.000192729591836735
33.592,0.99736,0.03663,12,2.5731,5,2.5731,0.37243818771092,0.000192729591836735
30.511,1.0747,9.4226,12,6.6273,5,6.6273,0.254443024196412,0.000192729591836735
33.894,-1.718,12.65,12,3.3413,5,4.095,0.495101293063309,0.000192729591836735
35.114,-2.6461,14.038,12,2.6521,5,2.669,0.286025530678891,0.000192729591836735
30.193,0.82195,9.3994,12,6.2453,5,6.2453,0.445226885106928,0.000192729591836735
36.185,2.9363,0.71928,12,2.0975,5,2.0975,0.475799510381503,0.000192729591836735
35.064,4.033,-1.057,12,2.9895,5,2.9895,0.4605623726318,0.000192729591836735
33.685,6.1966,-1.0581,12,3.1108,5,3.1108,0.461852634788914,0.000192729591836735
34.145,7.1222,-1.1679,12,2.3299,5,2.3299,0.492337099013596,0.000192729591836735
18.388,1.6256,1.5083,12,0.4416,5,0.4416,0.350654495815993,0.000192729591836735
14.615,11.479,0.32812,12,0.44634,5,0.44634,0.48746431317225,0.000192729591836735
18.433,14.26,-0.22204,12,0.41397,5,0.41397,0.402989257508296,0.000192729591836735
18.401,16.231,3.3179,12,0.44189,5,0.44189,0.300512878528855,0.000192729591836735
20.635,12.347,10.718,12,2.0745,5,2.0745,0.423347694853868,0.000192729591836735
20.372,12.172,9.2285,12,2.4341,5,2.4341,0.477023213433956,0.000192729591836735
25.675,11.869,20.049,12,0.26592,5,0.26592,0.221770762438188,0.000192729591836735
25.274,11.54,13.707,12,0.29337,5,0.29337,0.276537140712925,0.000192729591836735
15.895,10.865,10.54,12,3.3647,5,3.3647,0.435264327162137,0.000192729591836735
17.602,9.6066,10.907,12,4.5406,5,4.5406,0.413133664652042,0.000192729591836735
19.534,-0.55813,10.669,12,1.8002,5,1.8002,0.375750000926293,0.000192729591836735
27.069,3.2375,32.399,12,1.0493,5,1.0493,0.364932952519335,0.000192729591836735
27.889,1.6697,31.584,12,1.7606,5,1.7606,0.429988961067217,0.000192729591836735
26.526,7.7025,30.127,12,0.65176,5,0.65176,0.356305207946102,0.000192729591836735
22.85,1.9719,23.091,12,7.3645,5,7.3645,0.391065441684515,0.000192729591836735
28.927,-2.5481,24.645,12,5.1891,5,5.1891,0.350495278121909,0.000192729591836735
28.937,-1.9905,17.215,12,6.4689,5,6.5348,0.456779311261416,0.000192729591836735
29.747,5.5279,16.132,12,2.8608,5,2.8608,0.485363807595484,0.000192729591836735
30.273,7.0685,15.093,12,2.0319,5,2.0319,0.324070834473262,0.000192729591836735
13.148,-3.9789,25.906,12,0.78338,5,0.78338,0.177002550888185,0.000192729591836735
19.12,-5.2406,31.005,12,5.2578,5,5.2578,0.444566584622515,0.000192729591836735
18.835,-5.2161,33.206,12,3.4847,5,3.4847,0.350830608956452,0.000192729591836735
22.605,-5.4185,35.727,12,3.2407,5,3.2407,0.298820217577006,0.000192729591836735
19.979,-4.1021,35.801,12,1.6389,5,1.6389,0.36597600468341,0.000192729591836735
25.186,-3.9881,23.244,12,8.8843,5,9.2942,0.425119127320503,0.000192729591836735
22.597,4.2924,26.067,12,5.7874,5,5.7874,0.321482824570968,0.000192729591836735
20.684,7.1157,27.924,12,2.6494,5,2.6494,0.390014741398652,0.000192729591836735
19.209,6.1391,27.636,12,1.8788,5,1.8788,0.430060597591429,0.000192729591836735
21.964,4.975,25.157,12,5.4281,5,5.4281,0.206174505840416,0.000192729591836735
14.899,6.4373,12.567,12,1.277,5,1.277,0.407044427300801,0.000192729591836735
14.993,4.7566,13.492,12,0.80616,5,0.80616,0.412661030765968,0.000192729591836735
16.663,-20.73,32.535,12,2.693,5,2.693,0.326158791684846,0.000192729591836735
19.285,-18.155,33.829,12,5.5208,5,5.5208,0.39710865502752,0.000192729591836735
15.354,-16.025,36.256,12,1.2447,5,1.2447,0.360094973849605,0.000192729591836735
16.018,-17.811,36.908,12,1.2671,5,1.2671,0.427983547613118,0.000192729591836735
17.746,-9.1957,28.771,12,5.48,5,5.48,0.105751681331071,0.000192729591836735
19.389,-30.186,25.641,12,0.28249,5,2.7229,0.374571412235784,0.000192729591836735
25.05,-22.634,23.955,12,0.428,5,5.4811,0.286593272101838,0.000192729591836735
21.861,-24.287,33.706,12,3.7231,5,3.7231,0.45341922823691,0.000192729591836735
19.317,-21.156,34.174,12,4.7534,5,4.7534,0.47271297460254,0.000192729591836735
15.585,-22.647,32.496,12,1.3027,5,1.3027,0.287134435757738,0.000192729591836735
15.831,-24.067,34.103,12,0.97915,5,0.97915,0.471026842661865,0.000192729591836735
15.785,-28.495,30.707,12,0.47318,5,0.47318,0.405424831476587,0.000192729591836735
29.521,-18.299,32.923,12,0.63735,5,0.63735,0.311927550393606,0.000192729591836735
24.168,-19.969,35.85,12,2.2643,5,2.2643,0.491951399108699,0.000192729591836735
24.624,-18.428,34.235,12,3.3696,5,3.3696,0.317997601487741,0.000192729591836735
21.33,-19.486,33.007,12,6.2085,5,6.2085,0.311855893517594,0.000192729591836735
24.919,-24.802,31.829,12,2.9257,5,2.9257,0.430115512213401,0.000192729591836735
23.938,-24.514,33.465,12,2.5799,5,2.5799,0.449610501666287,0.000192729591836735
21.535,-19.526,23.527,12,1.777,5,3.225,0.162148954566228,0.000192729591836735
29.181,-25.024,26.257,12,0.1317,5,2.1363,0.271190705911879,0.000192729591836735
30.13,-16.116,31.779,12,0.95223,5,0.95223,0.442799458430917,0.000192729591836735
26.903,-7.1645,35.453,12,1.3198,5,1.3198,0.406625021498388,0.000192729591836735
26.804,-8.639,36.885,12,0.65884,5,0.65884,0.408186907775018,0.000192729591836735
26.622,-12.274,35.33,12,1.6251,5,1.6251,0.382897077311375,0.000192729591836735
25.927,-12.827,33.178,12,3.5734,5,3.5734,0.472663230791043,0.000192729591836735
27.044,-10.893,27.207,12,5.0102,5,6.2704,0.453586199556934,0.000192729591836735
28.189,-9.6556,26.513,12,4.7656,5,5.7981,0.341544093887632,0.000192729591836735
23.432,-3.4509,22.966,12,8.8399,5,8.8399,0.481187085250288,0.000192729591836735
23.294,-6.4046,37.152,12,2.5514,5,2.5514,0.439183711710875,0.000192729591836735
21.426,-9.8339,37.888,12,2.1509,5,2.1509,0.469659280689781,0.000192729591836735
21.221,-7.778,37.679,12,1.8507,5,1.8507,0.335933776733915,0.000192729591836735
16.21,-11.495,29.149,12,4.0347,5,4.0347,0.155724675798258,0.000192729591836735
19.27,-17.641,38.122,12,1.9484,5,1.9484,0.424745746592973,0.000192729591836735
18.853,-15.729,38.042,12,1.9486,5,1.9486,0.394218527896785,0.000192729591836735
20.886,-18.461,32.979,12,6.7808,5,6.7808,0.282545060607931,0.000192729591836735
23.724,-17.291,34.646,12,3.7788,5,3.7788,0.299434304197343,0.000192729591836735
23.322,-18.834,36.061,12,2.8596,5,2.8596,0.466748473203838,0.000192729591836735
26.219,-13.092,34.601,12,2.395,5,2.395,0.493964776852889,0.000192729591836735
26.002,-13.181,36.914,12,1.0401,5,1.0401,0.331076158482915,0.000192729591836735
26.184,-29.11,24.651,13,1.0112,5,2.803,0.401959434926324,0.000192729591836735
25.673,-29.926,23.683,13,2.2131,5,3.1405,0.415635792081995,0.000192729591836735
27.693,-31.953,19.574,13,2.6579,5,2.6579,0.382655766450646,0.000192729591836735
27.53,-30.788,21.056,13,2.6718,5,2.6718,0.457559537532317,0.000192729591836735
24.864,-32.003,21.292,13,3.6922,5,3.6922,0.431763130783504,0.000192729591836735
24.92,-32.728,20.169,13,3.5941,5,3.5941,0.397843959947611,0.000192729591836735
29.084,-23.842,11.252,13,1.0404,5,1.0404,0.451228340201064,0.000192729591836735
30.679,-23.35,11.088,13,2.3424,5,2.3424,0.361411038493977,0.000192729591836735
22.377,-33.865,13.01,13,0.99522,5,0.99522,0.469031412854573,0.000192729591836735
21.983,-33.947,12.01,13,1.7933,5,1.7933,0.353763818880126,0.000192729591836735
18.538,-34.051,12.877,13,3.2732,5,3.2732,0.385570489846717,0.000192729591836735
18.509,-33.851,13.989,13,2.7981,5,2.7981,0.491064747020757,0.000192729591836735
26.967,-36.758,2.8199,13,3.4381,5,3.4381,0.209881047966705,0.000192729591836735
32.008,-33.444,1.1385,13,2.0467,5,2.0467,0.40883843443699,0.000192729591836735
32.024,-32.95,2.2243,13,1.265,5,1.265,0.400948728682993,0.000192729591836735
30.461,-35.17,1.7819,13,2.03,5,2.03,0.48163296446384,0.000192729591836735
27.148,-35.723,15.129,13,2.9074,5,2.9074,0.479217905701163,0.000192729591836735
27.055,-34.687,16.616,13,2.703,5,2.703,0.430105199507477,0.000192729591836735
28.171,-37.364,11.484,13,2.2455,5,2.2455,0.406464577830652,0.000192729591836735
27.694,-36.692,12.876,13,2.6281,5,2.6281,0.443328884976007,0.000192729591836735
31.386,-20.474,9.7056,13,2.1151,5,2.1151,0.317420643441725,0.000192729591836735
38.146,-30.72,-0.56838,13,0.66596,5,0.66596,0.416120170412474,0.000192729591836735
38.505,-29.889,0.8048,13,1.5192,5,1.5192,0.413740263413169,0.000192729591836735
33.598,-9.9208,2.4033,13,2.8712,5,2.8712,0.355970802662991,0.000192729591836735
35.489,-16.746,3.9803,13,3.0394,5,3.0394,0.494479447943973,0.000192729591836735
36.695,-17.97,4.6761,13,4.2388,5,4.2388,0.17275441908828,0.000192729591836735
32.469,-11.718,2.0892,13,1.0833,5,1.0833,0.350989203370032,0.000192729591836735
27.811,-8.3877,4.261,13,0.93805,5,0.93805,0.417499935363736,0.000192729591836735
33.415,-8.3501,12.436,13,1.8246,5,5.7512,0.175855099162728,0.000192729591836735
26.626,-13.221,11.545,13,0.35271,5,0.35271,0.0511158800463928,0.000192729591836735
30.301,-19.273,7.6988,13,0.26958,5,0.26958,0.306481301036855,0.000192729591836735
23.876,12.465,-30.295,16,5.703,7,5.703,0.391846540609095,0.000184292146073036
27.845,6.0252,-29.882,16,7.2692,7,7.2692,0.295453240539365,0.000184292146073036
32.365,8.3855,-38.1,16,4.6018,7,4.6018,0.494492696915535,0.000184292146073036
33.649,8.1888,-37.271,16,4.0738,7,4.0738,0.192910562135408,0.000184292146073036
35.386,8.5381,-43.357,16,1.0762,7,2.46,0.475133913914776,0.000184292146073036
34.98,6.6033,-42.445,16,1.9503,7,3.6287,0.297345361077775,0.000184292146073036
30.065,4.5031,-39.799,16,2.6301,7,8.7205,0.417181916223542,0.000184292146073036
31.499,3.4527,-40.775,16,1.9151,7,8.2358,0.420040839885541,0.000184292146073036
25.187,10.49,-41.997,16,0.3686,7,8.4504,0.291873283638577,0.000184292146073036
27.266,15.754,-43.134,16,0.10426,7,3.2645,0.306673691720873,0.000184292146073036
21.937,8.9829,-45.138,16,3.2966,7,9.2441,0.383313391802933,0.000184292146073036
28.094,3.6442,-41.516,16,0.70401,7,10.766,0.412145714296857,0.000184292146073036
27.055,4.476,-40.612,16,1.0449,7,10.969,0.384893710366738,0.000184292146073036
24.965,3.1693,-40.838,16,0.64982,7,9.6171,0.434230805044172,0.000184292146073036
26.058,1.8232,-41.933,16,0.071447,7,10.668,0.394079840149884,0.000184292146073036
24.776,-1.8031,-41.64,16,0.25241,7,9.3219,0.254873319591728,0.000184292146073036
26.909,-3.0244,-38.58,16,0.44287,7,7.8168,0.371772792770765,0.000184292146073036
23.884,-1.8084,-30.92,16,3.3677,7,4.3352,0.497678160913444,0.000184292146073036
17.017,-1.6962,-32.535,16,0.84873,7,0.84873,0.456898605408172,0.000184292146073036
11.757,0.43442,-36.259,16,1.4306,7,1.4306,0.496348164355355,0.000184292146073036
12.162,5.3325,-39.026,16,0.92142,7,0.92142,0.407479701051929,0.000184292146073036
18.05,9.8356,-32.1,16,4.254,7,4.254,0.410131549588815,0.000184292146073036
22.067,15.902,-39.501,16,1.8844,7,3.3574,0.321077186760855,0.000184292146073036
17.973,9.567,-31.324,16,4.0964,7,4.0964,0.34903711569568,0.000184292146073036
19.52,3.3748,-28.717,16,1.3679,7,1.3679,0.376102289754743,0.000184292146073036
20.03,2.1544,-24.439,16,0.57659,7,0.57659,0.403615686064458,0.000184292146073036
19.99,0.70886,-25.566,16,0.48667,7,0.48667,0.420060633219104,0.000184292146073036
16.547,13.475,-20.283,16,3.6748,7,3.6748,0.306004608091108,0.000184292146073036
13.836,12.014,-18.782,16,0.55494,7,0.55494,0.217948735890633,0.000184292146073036
14.971,14.261,-9.1047,16,1.6997,7,1.6997,0.46495497533219,0.000184292146073036
15.448,13.167,-9.0457,16,1.1715,7,1.1715,0.386794672921238,0.000184292146073036
23.71,9.5333,-25.947,16,5.6594,7,5.6594,0.494836929463325,0.000184292146073036
23.976,12.948,-27.745,16,5.0866,7,5.0866,0.381307724501271,0.000184292146073036
29.542,11.73,-23.846,16,3.8061,7,3.8061,0.392978661663715,0.000184292146073036
20.47,15.989,-14.18,16,1.7686,7,1.7686,0.342070470827964,0.000184292146073036
18.027,15.625,-3.7581,16,1.1479,7,1.1479,0.473223783121947,0.000184292146073036
16.952,13.338,-10.17,16,2.1046,7,2.1046,0.308096249571572,0.000184292146073036
18.974,10.52,-9.2093,16,1.9845,7,1.9845,0.361782777832827,0.000184292146073036
17.228,10.894,-7.9895,16,0.85242,7,0.85242,0.434467147114824,0.000184292146073036
24.605,8.7427,-9.2099,16,1.6133,7,1.6133,0.163512892694861,0.000184292146073036
22.549,13.989,-3.6817,16,1.3526,7,1.3526,0.488663852579363,0.000184292146073036
23.088,12.82,-3.655,16,0.69777,7,0.69777,0.33702169755381,0.000184292146073036
29.413,15.977,-7.9795,16,0.93679,7,0.93679,0.332231529512876,0.000184292146073036
29.292,16.178,-9.9681,16,0.97198,7,0.97198,0.48311232134632,0.000184292146073036
32.128,9.5641,-6.6849,16,0.46751,7,0.46751,0.382859843978689,0.000184292146073036
26.807,11.379,-12.911,16,3.6483,7,3.6483,0.313931182194224,0.000184292146073036
20.939,9.2442,-4.87,16,1.1363,7,1.1363,0.432962284279982,0.000184292146073036
19.639,8.9949,-5.9091,16,1.796,7,1.796,0.403507263915389,0.000184292146073036
21.137,-0.77543,-10.895,16,0.38211,7,0.38211,0.352754023061259,0.000184292146073036
21.319,0.99358,-11.738,16,1.3127,7,1.3127,0.440428040181508,0.000184292146073036
19.647,-0.92648,-14.807,16,0.4293,7,0.4293,0.419582053093645,0.000184292146073036
19.42,-2.1599,-14.235,16,1.5551,7,1.5551,0.461682619451304,0.000184292146073036
23.916,-1.8357,-21.014,16,1.5499,7,1.5499,0.479408728111601,0.000184292146073036
23.62,-0.52794,-20.313,16,1.6612,7,1.6612,0.373836120285597,0.000184292146073036
29.458,-3.254,-17.101,16,0.51073,7,0.51073,0.39291057703465,0.000184292146073036
29.14,-3.1625,-15.167,16,0.40401,7,0.40401,0.412422686043771,0.000184292146073036
36.804,0.41253,-17.37,16,1.1587,7,1.1587,0.420356123734832,0.000184292146073036
35.619,0.15362,-19.062,16,1.4348,7,1.4348,0.401557443555753,0.000184292146073036
33.141,4.3904,-21.226,16,5.8885,7,5.8885,0.433309501091279,0.000184292146073036
33.17,4.2106,-22.247,16,5.8575,7,5.8575,0.416875384096353,0.000184292146073036
35.99,0.94038,-18.974,16,2.0588,7,2.0588,0.375970681688928,0.000184292146073036
37.884,0.81834,-19.23,16,1.8177,7,1.8177,0.417218940547681,0.000184292146073036
28.078,-0.3734,-23.613,16,1.2277,7,1.2277,0.492368733984897,0.000184292146073036
24.722,-2.9235,-26.819,16,2.5943,7,2.5943,0.498326102623611,0.000184292146073036
27.567,-5.7964,-33.909,16,0.30669,7,2.5288,0.375857895040345,0.000184292146073036
31.139,-5.8396,-34.983,16,0.2611,7,2.6069,0.284736122311404,0.000184292146073036
33.158,-3.2304,-36.911,16,0.20462,7,5.6761,0.332860840147563,0.000184292146073036
31.484,0.41963,-36.617,16,2.5333,7,8.1564,0.442626172983584,0.000184292146073036
31.865,-0.62808,-38.343,16,0.52713,7,8.5469,0.340283087295741,0.000184292146073036
36.479,5.4681,-33.07,16,3.4744,7,3.4744,0.335320056598011,0.000184292146073036
42.449,1.7722,-31.043,16,0.5693,7,0.5693,0.277790265428565,0.000184292146073036
41.13,0.97725,-30.1,16,1.1141,7,1.1141,0.482871509811825,0.000184292146073036
36.612,2.4044,-34.609,16,4.1705,7,5.1105,0.220040852756093,0.000184292146073036
28.58,7.2334,-27.187,16,5.7222,7,5.7222,0.488528409371606,0.000184292146073036
30.777,9.8498,-25.738,16,4.435,7,4.435,0.357456751028223,0.000184292146073036
32.44,8.4064,-26.43,16,4.2363,7,4.2363,0.496436396792847,0.000184292146073036
39.055,-16.339,-14.401,14,2.6323,6,2.6323,0.285797066930155,0.00032562358276644
37.549,-6.53,-18.752,14,1.2874,6,3.4091,0.0844346279034015,0.00032562358276644
35.396,1.9827,-12.21,14,0.31271,6,0.31271,0.252928581474292,0.00032562358276644
35.489,0.33355,-13.535,14,0.53777,6,0.53777,0.478566434646307,0.00032562358276644
32.847,-0.51637,-10.528,14,1.6016,6,1.6016,0.484043111765824,0.00032562358276644
33.119,1.4402,-10.026,14,0.76552,6,0.76552,0.401533721668558,0.00032562358276644
36.907,-4.7897,-8.9193,14,5.5927,6,5.5927,0.0938214526445789,0.00032562358276644
37.767,-2.9473,-11.054,14,4.3396,6,4.3396,0.0628519119676266,0.00032562358276644
31.576,-1.7837,-6.9896,14,1.6088,6,1.6088,0.419375657549932,0.00032562358276644
32.072,-2.7284,-8.6012,14,3.2575,6,3.2575,0.462556563845955,0.00032562358276644
35.269,-13.021,-14.606,14,1.3434,6,1.3434,0.397191510621864,0.00032562358276644
39.001,-15.995,-14.678,14,2.7582,6,2.7582,0.337487059646739,0.00032562358276644
41.023,-19.204,-10.579,14,3.1327,6,3.1327,0.312344559875615,0.00032562358276644
25.642,-33.279,-17.94,14,14.345,6,14.345,0.633243990271433,0.00032562358276644
27.063,-26.397,-19.279,14,10.961,6,10.461,0.817477080055733,0.00032562358276644
43.811,-35.381,-22.893,14,1.6385,6,2.0875,0.432284371836137,0.00032562358276644
43.857,-35.678,-20.782,14,1.7146,6,1.7146,0.453832438072696,0.00032562358276644
41.995,-37.221,-21.339,14,2.2501,6,2.2501,0.40970560847716,0.00032562358276644
41.625,-37.143,-22.597,14,2.1941,6,2.1941,0.482153182927507,0.00032562358276644
41.032,-21.716,-19.178,14,1.3956,6,3.0154,0.124292273384879,0.00032562358276644
41.183,-18.616,-11.707,14,3.1401,6,3.1401,0.317968007077285,0.00032562358276644
43.823,-42.27,-31.166,15,1.781,6,1.781,0.472644865909493,0.00032562358276644
44.296,-41.125,-29.781,15,1.2238,6,1.2238,0.352253291563186,0.00032562358276644
41,-34.649,-33.028,15,3.9644,6,3.9644,0.233068619847209,0.00032562358276644
38.185,-42.237,-43.253,15,0.32146,6,0.32146,0.0954480905951946,0.00032562358276644
38.03,-46.838,-45.211,15,0.25578,6,0.25578,0.486164493687228,0.00032562358276644
30.962,-47.878,-43.397,15,0.29129,6,0.29129,0.352866308227841,0.00032562358276644
31.772,-46.189,-45.991,15,0.54096,6,0.54096,0.10613594967559,0.00032562358276644
40.821,-51.545,-36.848,15,1.9653,6,1.9653,0.467574385687289,0.00032562358276644
38.582,-51.349,-35.102,15,3.1864,6,3.1864,0.468453375054368,0.00032562358276644
37.068,-52.339,-36.572,15,1.7057,6,1.7057,0.406184580245732,0.00032562358276644
36.212,-50.654,-37.12,15,1.1823,6,1.1823,0.358325511575662,0.00032562358276644
34.299,-49.267,-37.754,15,0.31056,6,0.31056,0.494575848323333,0.00032562358276644
36.322,-49.962,-41.015,15,3.0419,6,3.0419,0.376966821543243,0.00032562358276644
38.044,-46.442,-42.054,15,1.4133,6,1.4133,0.312134652394572,0.00032562358276644
41.331,-43.479,-41.533,15,0.44331,6,0.44331,0.401796351710535,0.00032562358276644
43.054,-44.284,-40.185,15,2.105,6,2.105,0.399040533315214,0.00032562358276644
43.546,-48.494,-38.302,15,1.3201,6,1.3201,0.475116293736813,0.00032562358276644
44.051,-43.808,-34.724,15,2.1474,6,2.1474,0.278780517366747,0.00032562358276644
41.098,-43.02,-36.133,15,4.582,6,4.582,0.387581426582484,0.00032562358276644
42.426,-41.266,-36.159,15,4.1064,6,4.1064,0.417157139548853,0.00032562358276644
42.122,-37.532,-31.833,15,4.3407,6,4.6177,0.418774828201832,0.00032562358276644
34.141,-47.281,-28.925,15,2.4993,6,2.4993,0.268487341117236,0.00032562358276644
30.665,-47.201,-35.868,15,3.0368,6,3.0368,0.307572015551801,0.00032562358276644
34.162,-49.558,-33.01,15,1.4466,6,1.4466,0.365882655702164,0.00032562358276644
41.756,-28.541,-45.967,15,9.2964,6,9.2964,0.600587210184432,0.00032562358276644
41.312,-7.7672,-31.087,15,0.45589,6,0.45589,0.442450116414782,0.00032562358276644
37.91,-4.2496,-29.069,15,0.43623,6,0.43623,0.445273867443118,0.00032562358276644
38.221,-3.6213,-26.888,15,0.10559,6,0.10559,0.470749466578276,0.00032562358276644
35.944,-7.9242,-16.657,15,0.52232,6,3.101,0.424731013301897,0.00032562358276644
36.445,-8.5828,-18.319,15,0.84065,6,2.2447,0.369094079786754,0.00032562358276644
39.702,-7.8411,-17.034,15,1.3166,6,5.0374,0.170412998969972,0.00032562358276644
36.679,-2.2748,-18.939,15,0.75024,6,0.75024,0.406601108013356,0.00032562358276644
36.063,-2.4765,-16.987,15,0.12492,6,1.3401,0.457479974133595,0.00032562358276644
44.417,-18.959,-24.766,15,2.6244,6,2.7992,0.380444979657271,0.00032562358276644
37.058,-21.65,-29.359,15,1.3409,6,1.3409,0.369825636507284,0.00032562358276644
46.78,-36.778,-30.817,15,0.77316,6,0.77316,0.340127569461041,0.00032562358276644
46.427,-36.651,-32.102,15,1.419,6,1.419,0.441101962165903,0.00032562358276644
42.043,-29.718,-27.155,15,3.1353,6,3.3983,0.47813975158418,0.00032562358276644
40.62,-30.612,-27.856,15,1.8439,6,1.8439,0.359700149882647,0.00032562358276644
39.322,-26.494,-34.087,15,0.60593,6,0.60593,0.41574028577803,0.00032562358276644
47.34,-34.541,-35.952,15,1.2807,6,1.2807,0.495966146706888,0.00032562358276644
48.152,-33.022,-36.501,15,0.3944,6,0.3944,0.277487828654259,0.00032562358276644
22.083,-19.11,-47.104,17,4.1705,7,4.1705,0.345818368305229,0.000184292146073036
20.745,-15.624,-47.811,17,5.8127,7,5.8127,0.443285775310872,0.000184292146073036
24.917,-12.665,-42.646,17,3.7877,7,8.7801,0.395068748329756,0.000184292146073036
26.016,-17.959,-42.081,17,4.7522,7,5.9785,0.367553870738119,0.000184292146073036
27.549,-19.117,-34.031,17,1.4076,7,1.4076,0.343409716885224,0.000184292146073036
25.545,-19.916,-34.358,17,1.2146,7,1.2146,0.451858171199353,0.000184292146073036
27.253,-19.386,-33.317,17,0.82743,7,0.82743,0.496392944126676,0.000184292146073036
29.245,-18.489,-33.287,17,0.74616,7,1.7858,0.418642596636659,0.000184292146073036
30.368,-14.558,-32.429,17,0.099601,7,0.099601,0.415290894417184,0.000184292146073036
29.021,-13.321,-31.455,17,0.43814,7,0.43814,0.417569181586811,0.000184292146073036
28.623,-11.358,-32.495,17,0.29001,7,0.29001,0.470857444007182,0.000184292146073036
29.452,-10.777,-34.667,17,0.70517,7,1.5515,0.45893989926055,0.000184292146073036
22.628,-8.0332,-36.326,17,3.3603,7,4.446,0.481325008280399,0.000184292146073036
24.767,-7.6768,-36.88,17,2.8699,7,5.4656,0.295684539890074,0.000184292146073036
18.958,-12.576,-32.071,17,1.0744,7,1.0744,0.493782314738829,0.000184292146073036
18.63,-11.038,-30.305,17,1.4247,7,1.4247,0.343382699101376,0.000184292146073036
20.673,-10.06,-26.45,17,0.85498,7,0.85498,0.433491696946266,0.000184292146073036
22.927,-10.423,-26.862,17,1.0713,7,1.0713,0.4396935161005,0.000184292146073036
16.174,-5.0319,-29.657,17,0.28353,7,0.28353,0.342918735692019,0.000184292146073036
16.068,-6.3423,-28.892,17,1.3149,7,1.3149,0.452889793863725,0.000184292146073036
15.627,-9.0474,-31.952,17,1.1483,7,1.1483,0.33044095332002,0.000184292146073036
14.769,-9.4272,-34.06,17,1.3332,7,1.3332,0.48993080782742,0.000184292146073036
22.539,-6.185,-38.269,17,2.6656,7,5.1073,0.35523347109452,0.000184292146073036
11.98,-2.1662,-41.686,17,1.3847,7,2.9988,0.367633809616592,0.000184292146073036
11.302,-4.0492,-41.293,17,2.8356,7,2.8356,0.472900330586474,0.000184292146073036
10.399,-3.7068,-41.268,17,1.909,7,1.909,0.474184587142524,0.000184292146073036
11.244,-1.6533,-41.474,17,1.1969,7,2.2542,0.363630418840434,0.000184292146073036
15.184,-6.221,-47.268,17,2.9633,7,6.6211,0.374578827813163,0.000184292146073036
12.865,-7.5451,-57.63,17,1.7236,7,3.0052,0.309223141049085,0.000184292146073036
20.908,-8.7356,-44.845,17,5.4064,7,9.332,0.415941509041169,0.000184292146073036
18.743,-13.575,-48.794,17,6.1134,7,6.1134,0.419213112601589,0.000184292146073036
15.655,-12.557,-50.026,17,4.2764,7,4.2764,0.352050824969845,0.000184292146073036
50.595,-37.347,-50.241,18,0.69633,7,0.69633,0.450294128499839,0.000184292146073036
41.651,-34.57,-45.382,18,5.4619,7,5.4619,0.327317199911126,0.000184292146073036
51.292,-32.662,-56.515,18,1.9191,7,1.9191,0.330507856333844,0.000184292146073036
51.284,-33.91,-54.742,18,1.5352,7,1.5352,0.489869638787428,0.000184292146073036
43.361,-28.566,-57.835,18,0.58013,7,1.7306,0.25153158920267,0.000184292146073036
35.927,-15.455,-36.615,18,0.4703,7,2.741,0.205506497788013,0.000184292146073036
43.347,-39.034,-42.198,18,0.36666,7,0.36666,0.401974174245929,0.000184292146073036
36.404,-28.901,-45.322,18,5.2687,7,7.5701,0.168045341878484,0.000184292146073036
45.578,-35.701,-45.659,18,3.5681,7,3.5681,0.285402848839322,0.000184292146073036
45.284,-36.773,-44.862,18,3.7295,7,3.7295,0.483467438901436,0.000184292146073036
44.242,-35.94,-46.918,18,5.1954,7,5.1954,0.152215261722201,0.000184292146073036
46.25,-35.919,-43.376,18,2.8327,7,2.8327,0.450311308650655,0.000184292146073036
46.236,-35.361,-44.828,18,2.8701,7,2.8701,0.350758731061653,0.000184292146073036
45.986,-25.76,-40.222,18,3.1102,7,3.1102,0.21296071883562,0.000184292146073036
34.539,-45.553,-45.023,18,0.39243,7,0.39243,0.416790143826148,0.000184292146073036
40.182,-44.47,-50.43,18,4.2155,7,4.2155,0.301949146322192,0.000184292146073036
37.665,-44.917,-50.118,18,2.9003,7,2.9003,0.370254447340887,0.000184292146073036
39.856,-31.359,-46.069,18,5.4904,7,7.9438,0.379604619980888,0.000184292146073036
41.665,-37.978,-44.281,18,2.9259,7,2.9259,0.267179460098586,0.000184292146073036
42.71,-40.216,-44.111,18,2.115,7,2.115,0.384577181188326,0.000184292146073036
42.297,-40.45,-45.197,18,2.7956,7,2.7956,0.444042990019013,0.000184292146073036
39.416,-37.04,-40.119,18,0.75583,7,0.75583,0.283873329494648,0.000184292146073036
37.588,-45.994,-44.857,18,0.35086,7,0.35086,0.324821478130064,0.000184292146073036
39.952,-45.85,-44.164,18,0.30573,7,0.30573,0.31457835451482,0.000184292146073036
35.395,-31.93,-41.272,18,3.8971,7,3.8971,0.489543893019583,0.000184292146073036
37.104,-32.66,-40.352,18,2.5344,7,2.5344,0.25173624957463,0.000184292146073036
39.754,-39.379,-58.222,18,1.9092,7,1.9092,0.149644194132916,0.000184292146073036
41.475,-32.983,-57.173,18,0.44798,7,0.44798,0.270358496650044,0.000184292146073036
43.633,-35.904,-55.836,18,2.182,7,2.182,0.290095929213162,0.000184292146073036
43.517,-36.682,-53.734,18,3.7857,7,3.7857,0.491657210241839,0.000184292146073036
40.808,-36.401,-46.354,18,5.6148,7,5.6148,0.307547858322459,0.000184292146073036
39.298,-39.945,-48.975,18,5.123,7,5.123,0.354084331182279,0.000184292146073036
40.938,-40.775,-48.542,18,5.7399,7,5.7399,0.447417378888066,0.000184292146073036
39.063,-43.758,-50.16,18,3.7674,7,3.7674,0.467033384312308,0.000184292146073036
38.154,-41.898,-49.75,18,3.6818,7,3.6818,0.28592046590523,0.000184292146073036
35.317,-41.009,-51.603,18,0.60419,7,0.60419,0.476232649586211,0.000184292146073036
36.571,-42.526,-52.626,18,0.51135,7,0.51135,0.306569776140531,0.000184292146073036
49.704,-4.1413,-70.59,19,0.31706,7,0.31706,0.444635923040822,0.000184292146073036
46.556,-1.4934,-71.649,19,0.24156,7,0.24156,0.389728705321064,0.000184292146073036
43.95,2.4059,-66.235,19,1.6741,7,1.6741,0.27601463109781,0.000184292146073036
45.977,0.35319,-57.458,19,0.40271,7,0.40271,0.18854217454723,0.000184292146073036
44.864,-8.9912,-53.147,19,3.7204,7,3.7204,0.475154756878245,0.000184292146073036
47.348,-12.165,-58.446,19,3.4746,7,3.4746,0.342141457832079,0.000184292146073036
47.361,-11.498,-60.494,19,3.6601,7,3.6601,0.454401652061872,0.000184292146073036
45.082,-6.2962,-67.393,19,0.25747,7,0.25747,0.46794445933824,0.000184292146073036
46.648,-6.9829,-68.937,19,0.24439,7,0.24439,0.399215927392255,0.000184292146073036
50.279,-8.9963,-69.091,19,0.56998,7,0.56998,0.459688078180569,0.000184292146073036
50.51,-9.8659,-66.878,19,0.91641,7,0.91641,0.437843776587285,0.000184292146073036
37.432,-9.2293,-52.43,19,8.8244,7,8.8244,0.388387013110914,0.000184292146073036
33.449,-9.4319,-53.375,19,4.8924,7,7.0259,0.15704395372363,0.000184292146073036
30.176,-7.5695,-59.333,19,2.1574,7,2.4282,0.0970531325028559,0.000184292146073036
31.12,-6.5792,-62.431,19,0.70528,7,0.70528,0.282038807807863,0.000184292146073036
42.359,2.1404,-66.009,19,1.0229,7,3.0149,0.336995749412754,0.000184292146073036
42.974,-1.0952,-68.457,19,0.81145,7,0.81145,0.416935880959946,0.000184292146073036
42.934,0.60785,-69.75,19,0.76549,7,0.76549,0.46764393541891,0.000184292146073036
38.625,-1.4634,-58.928,19,4.7536,7,6.7389,0.337189021955538,0.000184292146073036
28.115,-4.5061,-50.495,19,1.5437,7,10.332,0.474954237068403,0.000184292146073036
30.214,-1.9158,-43.419,19,2.4203,7,11.471,0.496697659425489,0.000184292146073036
35.877,4.0846,-47.769,19,1.0675,7,5.5458,0.354484132309322,0.000184292146073036
36.045,3.6985,-49.368,19,1.1517,7,6.1732,0.451783361369536,0.000184292146073036
43.307,-1.0897,-57.306,19,3.3095,7,3.3095,0.324515510790057,0.000184292146073036
44.122,2.322,-60.619,19,0.76361,7,0.76361,0.41962997405672,0.000184292146073036
44.415,3.7489,-59.53,19,0.15023,7,0.15023,0.378003978437806,0.000184292146073036
38.88,-2.0366,-46.92,19,5.3546,7,5.3546,0.358141347517656,0.000184292146073036
33.254,-2.6194,-44.315,19,4.0603,7,10.313,0.435324950324127,0.000184292146073036
29.854,-4.6186,-40.922,19,2.0729,7,7.9876,0.489412152386294,0.000184292146073036
34.43,-6.2245,-37.576,19,2.2994,7,4.6317,0.397349033400326,0.000184292146073036
36.285,-6.4472,-33.949,19,1.0524,7,1.5282,0.416912128214521,0.000184292146073036
38.375,-6.4486,-32.23,19,0.39206,7,0.39206,0.323061404477968,0.000184292146073036
38.4,-5.9589,-34.468,19,1.5745,7,2.6135,0.490389121345141,0.000184292146073036
44.866,-9.2487,-38.932,19,2.0863,7,2.0863,0.308913456866839,0.000184292146073036
39.704,-7.2954,-46.062,19,7.2464,7,7.2464,0.485686439608831,0.000184292146073036
38.789,-8.2378,-47.803,19,8.3041,7,8.3041,0.316610850634141,0.000184292146073036
41.007,-7.5892,-51.755,19,6.4506,7,6.4506,0.355539771700953,0.000184292146073036
50.312,-24.738,-49.069,19,0.34169,7,1.2861,0.357253823379506,0.000184292146073036
44.021,-25.072,-53.711,19,3.005,7,5.5087,0.212562716679989,0.000184292146073036
51.657,-23.627,-61.975,19,2.0104,7,2.0104,0.393726730717265,0.000184292146073036
52.651,-24.316,-60.26,19,0.81345,7,0.81345,0.457113785816795,0.000184292146073036
51.949,-27.586,-61.062,19,1.6726,7,1.6726,0.498789810981608,0.000184292146073036
50.88,-27.333,-62.27,19,1.9295,7,1.9295,0.478148013546553,0.000184292146073036
51.273,-17.055,-59.453,19,0.94957,7,0.94957,0.436870626903851,0.000184292146073036
50.945,-19.058,-60.404,19,1.8674,7,1.8674,0.440936092488056,0.000184292146073036
42.048,-12.267,-53.03,19,7.0826,7,7.0826,0.445827199607913,0.000184292146073036
43.15,-11.893,-37.724,19,3.7742,7,3.7742,0.345743145982509,0.000184292146073036
44.574,-15.651,-39.366,19,2.1449,7,3.3391,0.490426365692177,0.000184292146073036
46.024,-14.416,-37.835,19,1.5351,7,1.5351,0.397800650550309,0.000184292146073036
48.809,-23.397,-47.747,19,1.2327,7,2.2979,0.337640882409918,0.000184292146073036
43.479,-19.006,-46.83,19,3.6777,7,6.8463,0.305940199500869,0.000184292146073036
41.784,-18.426,-45.982,19,3.4413,7,8.2802,0.472340842072455,0.000184292146073036
38.79,-16.789,-34.613,19,0.81862,7,1.53,0.103558410000178,0.000184292146073036
37.168,-14.126,-33.798,19,0.18775,7,0.18775,0.340406406654435,0.000184292146073036
44.654,-21.969,-54.462,19,5.7795,7,5.7795,0.346045205419057,0.000184292146073036
46.649,-26.501,-53.1,19,1.8623,7,5.8311,0.439583633974224,0.000184292146073036
45.052,-27.812,-53.023,19,0.69105,7,6.4622,0.406287619758527,0.000184292146073036
44.508,-28.743,-55.672,19,0.17855,7,3.6359,0.380351584075882,0.000184292146073036
45.829,-28.038,-57.104,19,1.2763,7,3.1526,0.468949356449936,0.000184292146073036
40.881,-20.149,-56.935,19,2.4961,7,2.4961,0.311774701027486,0.000184292146073036
30.782,-11.955,-46.395,19,1.7786,7,12.087,0.43932543474986,0.000184292146073036
29.916,-8.8509,-49.591,19,1.484,7,10.522,0.391614288148293,0.000184292146073036
28.618,-8.4233,-47.906,19,1.0412,7,12.383,0.449390611516634,0.000184292146073036
41.007,-10.202,-60.332,19,2.8231,7,2.8231,0.250867781497037,0.000184292146073036
40.509,-11.873,-59.379,19,2.8641,7,2.8641,0.487072165657413,0.000184292146073036
50.316,-13.95,-66.93,19,0.91637,7,0.91637,0.406626215658735,0.000184292146073036
51.012,-14.494,-65.385,19,1.6092,7,1.6092,0.431656570457292,0.000184292146073036
49.49,-16.435,-67.031,19,0.24881,7,0.24881,0.335747996611661,0.000184292146073036
42.215,-11.523,-60.917,19,2.31,7,2.31,0.465432863075058,0.000184292146073036
43.252,-10.704,-60.02,19,3.6642,7,3.6642,0.320663351890928,0.000184292146073036
44.493,-12.457,-53.661,19,4.8911,7,4.8911,0.334657616626937,0.000184292146073036
48.786,-20.007,-61.3,19,2.4238,7,2.4238,0.1985774454227,0.000184292146073036
48.836,-21.13,-65.12,19,0.55101,7,0.55101,0.341118161658776,0.000184292146073036
49.868,-21.459,-64.422,19,0.49374,7,0.49374,0.459982826108877,0.000184292146073036
48.674,-20.686,-61.639,19,2.0308,7,2.0308,0.334233451852685,0.000184292146073036
47.665,-20.028,-59.82,19,3.3342,7,3.3342,0.453712735794739,0.000184292146073036
42.174,-19.826,-57.311,19,2.8548,7,2.8548,0.486017340170254,0.000184292146073036
40.906,-20.611,-57.207,19,2.0991,7,2.0991,0.475548172764187,0.000184292146073036
12.99,4.001,-72.438,20,1.0314,7,1.0314,0.153880480023972,0.000184292146073036
10.596,12.113,-79.633,20,3.1515,7,3.1515,0.448855580053396,0.000184292146073036
15.694,10.679,-83.181,20,0.82667,7,0.82667,0.323443106007457,0.000184292146073036
13.857,9.803,-82.8,20,0.83249,7,0.83249,0.0644316317089572,0.000184292146073036
17.668,19.151,-80.32,20,4.4002,7,4.4002,0.462121900314276,0.000184292146073036
15.502,14.566,-75.135,20,6.029,7,6.029,0.332153726416789,0.000184292146073036
15.9,12.855,-73.609,20,4.6357,7,4.6357,0.493457690169714,0.000184292146073036
23.203,13.324,-66.226,20,7.9414,7,7.9414,0.441684775937904,0.000184292146073036
26.351,9.6155,-71.753,20,1.4437,7,1.4437,0.348390163247958,0.000184292146073036
21.633,12.286,-81.293,20,0.24784,7,0.24784,0.171388319965808,0.000184292146073036
23.52,13.773,-81.822,20,0.14826,7,0.14826,0.345103248189587,0.000184292146073036
26.176,6.1556,-69.185,20,0.88786,7,0.88786,0.369648353598735,0.000184292146073036
27.405,0.58226,-56.574,20,3.0102,7,7.9217,0.164796629441262,0.000184292146073036
21.708,-1.2431,-52.931,20,3.1925,7,9.9504,0.485974929012004,0.000184292146073036
15.396,4.728,-66.15,20,2.5987,7,2.5987,0.367007027110768,0.000184292146073036
12.752,8.3093,-63.855,20,2.2001,7,2.2001,0.378314594153567,0.000184292146073036
11.437,-2.4365,-55.085,20,1.1306,7,3.6413,0.361287846342935,0.000184292146073036
15.188,-2.6786,-46.831,20,1.0412,7,6.7678,0.472095538526306,0.000184292146073036
17.496,-2.1305,-47.14,20,0.33608,7,7.9567,0.46773007745517,0.000184292146073036
18.896,3.1913,-44.197,20,0.46425,7,6.4446,0.48728030660139,0.000184292146073036
12.873,6.3398,-43.625,20,0.24457,7,0.78509,0.270719390172579,0.000184292146073036
4.7533,8.0652,-51.454,20,4.2929,7,4.2929,0.0376085104914181,0.000184292146073036
10.536,10.803,-57.853,20,1.089,7,1.089,0.353256162946763,0.000184292146073036
7.6591,14.196,-62.667,20,2.185,7,2.185,0.3469561125208,0.000184292146073036
12.737,15.523,-47.987,20,2.0019,7,2.0019,0.427086764781917,0.000184292146073036
15.543,12.755,-45.843,20,2.4473,7,4.8651,0.423614623381207,0.000184292146073036
17.741,17.709,-61.692,20,3.1181,7,3.1181,0.295043222695642,0.000184292146073036
16.236,23.013,-73.317,20,0.35197,7,0.35197,0.305382046166897,0.000184292146073036
14.007,21.491,-74.359,20,1.1349,7,1.1349,0.414593134499582,0.000184292146073036
12.798,21.153,-69.039,20,0.29826,7,0.29826,0.348021590926707,0.000184292146073036
12.875,19.405,-67.463,20,1.25,7,1.25,0.487689590298249,0.000184292146073036
19.012,17.25,-63.439,20,3.884,7,3.884,0.373109238416414,0.000184292146073036
23.325,12.243,-65.301,20,7.8196,7,7.8196,0.352435158810371,0.000184292146073036
15.386,16.31,-77.71,20,5.5019,7,5.5019,0.362799158135951,0.000184292146073036
14.092,12.103,-75.325,20,3.9995,7,3.9995,0.354173346640174,0.000184292146073036
8.9605,8.0685,-68.213,20,0.85192,7,0.85192,0.252961443845674,0.000184292146073036
5.7437,13.318,-71.837,20,0.54366,7,0.54366,0.258953882533703,0.000184292146073036
6.8565,14.693,-64.853,20,1.0668,7,1.0668,0.358751909423934,0.000184292146073036
11.921,19.446,-73.511,20,1.5077,7,1.5077,0.369927150578761,0.000184292146073036
11.405,17.586,-73.918,20,2.5078,7,2.5078,0.450395038234317,0.000184292146073036
28.357,19.08,-55.829,20,0.85118,7,0.85118,0.248774007509924,0.000184292146073036
26.546,20.976,-66.608,20,0.55158,7,0.55158,0.419041003534076,0.000184292146073036
26.121,22.118,-64.947,20,0.5136,7,0.5136,0.380537571721629,0.000184292146073036
25.095,19.606,-71.886,20,3.1824,7,3.1824,0.335301470160606,0.000184292146073036
25.517,21.397,-69.916,20,0.9702,7,0.9702,0.371400763749221,0.000184292146073036
22.565,9.9608,-62.957,20,7.9499,7,7.9499,0.260562445855253,0.000184292146073036
18.815,14.388,-60.87,20,6.452,7,6.452,0.246383669795989,0.000184292146073036
18.876,15.249,-59.659,20,5.6904,7,5.6904,0.485648674907593,0.000184292146073036
15.715,7.7968,-52.274,20,3.6289,7,3.6289,0.175235361229081,0.000184292146073036
17.311,9.6379,-56.164,20,6.2197,7,6.2197,0.474607738274947,0.000184292146073036
19.161,12.859,-48.185,20,5.9954,7,6.7525,0.433893573144016,0.000184292146073036
17.578,12.445,-46.923,20,4.3514,7,6.4333,0.384210232415343,0.000184292146073036
23.848,17.337,-49.823,20,2.8577,7,2.8577,0.264133771417922,0.000184292146073036
22.102,20.453,-53.796,20,0.27309,7,0.27309,0.25850926823371,0.000184292146073036
22.094,18.945,-54.466,20,1.4361,7,1.4361,0.48012097435536,0.000184292146073036
23.424,16.999,-51.499,20,3.2021,7,3.2021,0.384080299591224,0.000184292146073036
21.248,15.127,-41.481,20,0.41885,7,4.3895,0.307448823461477,0.000184292146073036
26.399,7.1855,-39.026,20,3.2746,7,9.2763,0.497677607235514,0.000184292146073036
27.88,8.0555,-40.336,20,1.9269,7,7.8114,0.270387420611143,0.000184292146073036
28.633,12.037,-40.316,20,3.236,7,4.5696,0.452129447990212,0.000184292146073036
27.029,11.722,-38.776,20,3.9853,7,5.4715,0.40223025929494,0.000184292146073036
30.313,4.1765,-44.397,20,0.6792,7,9.1004,0.430714059623024,0.000184292146073036
31.232,5.5469,-43.17,20,0.59049,7,7.331,0.451743532951783,0.000184292146073036
33.625,13.18,-47.139,20,1.9709,7,2.5269,0.31536754125171,0.000184292146073036
31.85,14.062,-47.682,20,2.7328,7,2.9682,0.468462377217784,0.000184292146073036
29.121,9.0155,-52.226,20,6.8482,7,7.8057,0.348929245570694,0.000184292146073036
28.603,11.083,-52.663,20,6.4036,7,6.4036,0.470072036096359,0.000184292146073036
27.257,14.811,-54.315,20,4.6543,7,4.6543,0.49872208216979,0.000184292146073036
26.258,16.663,-54.657,20,3.5079,7,3.5079,0.317105878632292,0.000184292146073036
30.735,9.0054,-53.449,20,6.1768,7,6.6611,0.369091581552215,0.000184292146073036
36.203,1.4325,-49.278,20,3.4598,7,6.8586,0.463128219910492,0.000184292146073036
38.659,2.7798,-49.46,20,3.0212,7,4.3713,0.472737184119561,0.000184292146073036
34.525,5.0533,-63.757,20,2.7857,7,5.2908,0.226867442750757,0.000184292146073036
43.524,7.8289,-70.167,20,1.0588,7,1.0588,0.467593955583892,0.000184292146073036
42.994,6.6628,-69.957,20,2.0834,7,2.0834,0.441947126599485,0.000184292146073036
41.515,12.199,-65.508,20,0.84351,7,0.84351,0.437583593954002,0.000184292146073036
42.596,6.5368,-77.484,20,0.25755,7,0.25755,0.489335075868964,0.000184292146073036
42.621,5.6395,-76.134,20,0.15213,7,0.15213,0.384976323738329,0.000184292146073036
37.814,7.5156,-77.451,20,0.88546,7,0.88546,0.142888524904008,0.000184292146073036
40.429,12.359,-75.349,20,0.93038,7,0.93038,0.492246873396844,0.000184292146073036
38.55,11.667,-74.529,20,2.4892,7,2.4892,0.406101599907144,0.000184292146073036
40.549,12.2,-70.967,20,0.75052,7,0.75052,0.261055589798592,0.000184292146073036
37.255,5.3271,-63.531,20,2.1717,7,5.2631,0.0378833579248703,0.000184292146073036
32.658,8.983,-73.49,20,0.39315,7,0.39315,0.484920522588081,0.000184292146073036
31.342,8.5658,-74.83,20,0.21328,7,0.21328,0.324921006136184,0.000184292146073036
27.97,18.07,-83.227,20,0.64542,7,0.64542,0.455321904021898,0.000184292146073036
32.876,14.833,-79.78,20,1.7072,7,1.7072,0.458834156492833,0.000184292146073036
26.404,9.4104,-72.845,20,0.77087,7,0.77087,0.41227326813448,0.000184292146073036
22.581,16.505,-74.082,20,6.3976,7,6.3976,0.256336124698904,0.000184292146073036
21.931,13.723,-66.96,20,7.6192,7,7.6192,0.396419831391011,0.000184292146073036
29.255,23.134,-74.805,20,0.25134,7,0.25134,0.231628731717186,0.000184292146073036
26.828,23.66,-75.203,20,0.24172,7,0.24172,0.150124191420716,0.000184292146073036
34.849,16.342,-63.441,20,0.97471,7,0.97471,0.178692916415932,0.000184292146073036
37.809,13.059,-68.467,20,1.8356,7,1.8356,0.343121169906434,0.000184292146073036
37.311,14.26,-78.148,20,2.9161,7,2.9161,0.380848059972175,0.000184292146073036
33.842,16.539,-79.299,20,3.2258,7,3.2258,0.488559995267093,0.000184292146073036
-13.134,-27.429,21.532,1,2.2947,1,7.0398,0.351113470843379,8.25482625482625e-05
-6.1754,-25.634,35.756,1,3.443,1,3.443,0.426943980478114,8.25482625482625e-05
-7.2424,-26.185,37.468,1,1.5375,1,1.5375,0.458333151572825,8.25482625482625e-05
-10.551,-27.242,36.264,1,0.73393,1,0.73393,0.373512011182112,8.25482625482625e-05
-11.985,-27.145,34.547,1,1.5433,1,1.5433,0.460332766017031,8.25482625482625e-05
-8.2172,-21.357,22.065,1,7.2643,1,7.5188,0.31482808643277,8.25482625482625e-05
-16.555,-19.502,28.664,1,5.0651,1,5.0651,0.225764522854934,8.25482625482625e-05
-14.896,-20.685,27.105,1,6.7003,1,6.7003,0.24268620984695,8.25482625482625e-05
-15.825,-16.709,15.194,1,1.4967,1,7.2794,0.458278432344805,8.25482625482625e-05
-17.63,-15.907,15.412,1,0.61546,1,8.2845,0.421997403391572,8.25482625482625e-05
-7.4492,-27.854,21.528,1,4.9382,1,7.0039,0.345781482976169,8.25482625482625e-05
-9.4222,-26.247,18.169,1,2.0344,1,5.5764,0.330425378360802,8.25482625482625e-05
3.9157,-43.596,13.449,1,1.2836,1,1.2836,0.43222597314524,8.25482625482625e-05
3.4865,-44.631,12.119,1,1.4365,1,1.4365,0.442248005534751,8.25482625482625e-05
10.115,-39.271,18.17,1,0.70411,1,0.70411,0.480291831682584,8.25482625482625e-05
9.6554,-40.576,16.836,1,0.51704,1,0.51704,0.415280815527458,8.25482625482625e-05
8.8388,-37.529,23.252,1,2.5301,1,2.5301,0.320651215020942,8.25482625482625e-05
9.2974,-38.261,21.445,1,2.2948,1,2.2948,0.470629196586107,8.25482625482625e-05
11.357,-36.087,21.688,1,1.2825,1,1.2825,0.487509207091621,8.25482625482625e-05
10.508,-35.667,22.905,1,2.3025,1,2.3025,0.314012049889212,8.25482625482625e-05
-1.4852,-36.144,22.511,1,2.4016,1,2.4016,0.132314753512772,8.25482625482625e-05
6.0498,-29.123,32.964,1,3.9164,1,3.9164,0.305723757468512,8.25482625482625e-05
1.097,-32.834,27.546,1,3.4182,1,3.4182,0.195683014339744,8.25482625482625e-05
10.156,-35.253,24.062,1,3.3044,1,3.3044,0.31165224365293,8.25482625482625e-05
3.2675,-28.598,18.11,1,1.0465,1,1.0465,0.132608093489239,8.25482625482625e-05
4.8695,-27.917,33.481,1,4.2219,1,4.2219,0.25737099732317,8.25482625482625e-05
8.5062,-27.398,32.606,1,4.3476,1,4.3476,0.374653839830207,8.25482625482625e-05
8.7059,-27.693,34.765,1,3.0218,1,3.0218,0.485211650464293,8.25482625482625e-05
10.559,-24.805,34.089,1,1.404,1,1.404,0.38769103825313,8.25482625482625e-05
10.438,-26.044,32.774,1,2.0988,1,2.0988,0.47744018480244,8.25482625482625e-05
9.6174,-22.448,31.625,1,1.6349,1,1.6349,0.103790773886706,8.25482625482625e-05
-2.4339,-27.455,38.089,1,0.68109,1,0.68109,0.316206134844485,8.25482625482625e-05
-2.7903,-28.212,36.087,1,1.5145,1,1.5145,0.462189506282701,8.25482625482625e-05
3.9487,-29.062,33.577,1,3.3256,1,3.3256,0.314804980506121,8.25482625482625e-05
0.70866,-22.955,27.8,1,7.2882,1,7.2882,0.160104028890217,8.25482625482625e-05
-3.4395,-28.225,35.709,1,1.8497,1,1.8497,0.482398930583201,8.25482625482625e-05
-4.9063,-27.888,37.278,1,1.0852,1,1.0852,0.423730165799908,8.25482625482625e-05
-7.0114,-28.996,22.167,1,5.2201,1,7.5134,0.405790057707148,8.25482625482625e-05
-0.98108,-17.778,38.743,1,1.8903,1,1.8903,0.409165472507661,8.25482625482625e-05
0.84213,-17.497,39.475,1,1.2284,1,1.2284,0.4098678575048,8.25482625482625e-05
-8.5098,-15.879,27.666,1,7.4033,1,7.4033,0.237324394048421,8.25482625482625e-05
-0.28464,-21.951,37.977,1,3.2804,1,3.2804,0.427382453419164,8.25482625482625e-05
3.3941,-21.076,37.175,1,3.9011,1,3.9011,0.449945400871688,8.25482625482625e-05
1.9658,-22.108,37.215,1,4.0427,1,4.0427,0.363164712064103,8.25482625482625e-05
3.3518,-19.739,26.84,1,3.4166,1,3.4166,0.155883360119537,8.25482625482625e-05
4.5576,-19.209,38.598,1,1.5699,1,1.5699,0.383344150684107,8.25482625482625e-05
4.2348,-20.558,37.42,1,3.1722,1,3.1722,0.417101528926973,8.25482625482625e-05
-3.9218,-17.46,16.948,1,0.51665,1,0.51665,0.487128416123018,8.25482625482625e-05
-2.8123,-17.474,16.632,1,0.25188,1,0.25188,0.299108683241333,8.25482625482625e-05
-10.374,2.1809,30.985,1,2.9608,1,3.3764,0.464066724415209,8.25482625482625e-05
-11.642,3.551,31.897,1,2.5757,1,2.9295,0.317601713160554,8.25482625482625e-05
-14.928,-3.2347,32.942,1,4.8292,1,4.8292,0.181466737171417,8.25482625482625e-05
-7.7401,-8.5334,27.251,1,3.8662,1,3.8662,0.397195114366328,8.25482625482625e-05
-7.0248,-8.0638,22.399,1,1.5633,1,1.5633,0.334285322962039,8.25482625482625e-05
-19.295,0.76408,28.304,1,1.6379,1,3.0718,0.499271071093402,8.25482625482625e-05
-18.459,2.4426,29.618,1,1.9786,1,2.2262,0.299064727268504,8.25482625482625e-05
-24.964,-3.0311,18.654,1,2.0681,1,1.6081,0.455377026112508,8.25482625482625e-05
-23.158,-2.8176,16.594,1,3.6684,1,3.9834,0.460457586528696,8.25482625482625e-05
-23.751,-4.4932,22.535,1,1.5466,1,2.1086,0.41288302192506,8.25482625482625e-05
-14.697,-8.9078,25.421,1,6.8119,1,9.7405,0.38664431565365,8.25482625482625e-05
-12.62,-3.4861,32.506,1,6.8125,1,6.8125,0.304405347987739,8.25482625482625e-05
-16.711,2.1291,33.685,1,1.1791,1,1.1791,0.416346364930283,8.25482625482625e-05
-16.092,3.4613,32.387,1,1.7665,1,1.7665,0.392864986780729,8.25482625482625e-05
-12.957,-9.878,34.289,1,6.2894,1,6.2894,0.316928542663712,8.25482625482625e-05
-14.342,-9.6868,27.43,1,8.5651,1,9.112,0.496954313479555,8.25482625482625e-05
-14.21,-9.0577,25.478,1,7.1674,1,9.3333,0.366880258071311,8.25482625482625e-05
-24.374,-11.992,24.498,1,1.4955,1,1.4955,0.373203432359572,8.25482625482625e-05
-24.196,-12.159,19.285,1,2.1936,1,3.4097,0.461575106555897,8.25482625482625e-05
-12.165,-15.473,30.457,1,8.3857,1,8.3857,0.281999536462497,8.25482625482625e-05
-6.6013,-19.835,40.072,1,2.4216,1,2.4216,0.339260303974828,8.25482625482625e-05
-6.6037,-17.811,39.173,1,3.6233,1,3.6233,0.449331656738381,8.25482625482625e-05
-12.281,-14.434,37.274,1,3.9442,1,3.9442,0.483670841555981,8.25482625482625e-05
-13.841,-15.409,38.279,1,1.9122,1,1.9122,0.299899134435011,8.25482625482625e-05
-7.4614,-13.488,23.774,1,3.9149,1,3.9149,0.467231140746514,8.25482625482625e-05
-4.7328,-17.561,38.784,1,3.528,1,3.528,0.309682216855672,8.25482625482625e-05
-7.1701,-8.3552,28.288,1,3.4506,1,3.4506,0.397327271298525,8.25482625482625e-05
-15.435,-9.1883,35.166,1,3.9648,1,3.9648,0.185664555782601,8.25482625482625e-05
-13.514,-15.193,38.318,1,2.2132,1,2.2132,0.311545486935759,8.25482625482625e-05
-11.97,-14.934,37.053,1,4.1344,1,4.1344,0.468085868165865,8.25482625482625e-05
-15.476,5.0637,9.423,2,6.2904,1,6.2904,0.344006815015604,8.25482625482625e-05
-18.912,-2.3572,7.3511,2,7.1457,1,8.3617,0.407525861057205,8.25482625482625e-05
-19.436,-0.63497,8.2069,2,8.1646,1,9.5428,0.414000744333815,8.25482625482625e-05
-15.996,-2.9813,9.8555,2,4.624,1,6.334,0.471340392919329,8.25482625482625e-05
-17.666,-6.5095,10.976,2,1.5708,1,6.9953,0.445179294317347,8.25482625482625e-05
-19.145,-6.822,12.298,2,1.2873,1,8.3325,0.389959612905596,8.25482625482625e-05
-14.205,0.85103,15.222,2,4.665,1,7.1832,0.346085004018749,8.25482625482625e-05
-14.341,2.2669,16.708,2,5.1745,1,7.0248,0.472527856877431,8.25482625482625e-05
-15.334,6.9174,21.51,2,2.3893,1,2.3893,0.200670389366298,8.25482625482625e-05
-8.5023,6.1515,20.394,2,2.2782,1,2.2782,0.314940140797449,8.25482625482625e-05
-14.02,-8.375,7.0031,2,3.1213,1,3.1561,0.480751453028362,8.25482625482625e-05
-13.436,4.2761,9.2376,2,5.1915,1,5.1915,0.347346832413052,8.25482625482625e-05
-13.914,3.5581,5.3493,2,4.9257,1,4.9257,0.3670431401966,8.25482625482625e-05
-15.174,-5.6214,-1.6725,2,4.3127,1,4.3127,0.420992817250027,8.25482625482625e-05
-15.09,0.34555,-8.2642,2,0.18966,1,0.18966,0.378865246286593,8.25482625482625e-05
-16.204,1.3688,3.1063,2,5.8285,1,5.8285,0.321040063593746,8.25482625482625e-05
-15.87,4.14,6.0002,2,6.9097,1,6.9097,0.342159384653069,8.25482625482625e-05
-23.006,-2.8308,0.22431,2,8.9891,1,8.9891,0.341108197160317,8.25482625482625e-05
-26.099,-0.3418,-2.9848,2,6.1018,1,6.1018,0.312146756687951,8.25482625482625e-05
-26.942,1.2193,-2.1929,2,4.6247,1,4.6247,0.492494922946337,8.25482625482625e-05
-27.617,-2.7533,-4.714,2,5.7975,1,5.7975,0.491271146937141,8.25482625482625e-05
-25.882,-1.7081,-3.6699,2,6.1458,1,6.1458,0.342014454017458,8.25482625482625e-05
-20.047,-2.2201,-11.245,2,0.29569,1,0.29569,0.429896657525414,8.25482625482625e-05
-16.592,-3.7018,-8.1348,2,2.2276,1,2.2276,0.426634319510279,8.25482625482625e-05
-16.344,-5.8557,-8.0648,2,3.1476,1,3.1476,0.40267202962606,8.25482625482625e-05
-14.291,-9.2571,-2.7897,2,2.6387,1,3.4375,0.378461798756369,8.25482625482625e-05
-14.502,-10.165,-4.7456,2,2.3438,1,3.646,0.42692577024343,8.25482625482625e-05
-15.308,-5.1901,-4.3908,2,4.4427,1,4.4427,0.460812937293659,8.25482625482625e-05
-17.894,-9.4843,0.38732,2,2.5888,1,7.0735,0.38363357634315,8.25482625482625e-05
-28.229,-7.8187,-5.5168,2,3.9156,1,3.9156,0.498840581578291,8.25482625482625e-05
-30.183,-7.8907,-5.6106,2,4.1248,1,4.1248,0.319594049604477,8.25482625482625e-05
-28.441,-4.0294,1.8894,2,4.0535,1,4.0535,0.422307548481635,8.25482625482625e-05
-26.795,-6.08,5.7317,2,4.9501,1,4.9501,0.323804231995985,8.25482625482625e-05
-26.648,-8.1818,5.8774,2,4.5676,1,5.5995,0.463354925596663,8.25482625482625e-05
-21.009,-6.25,4.4517,2,6.1764,1,10.143,0.367912227273009,8.25482625482625e-05
-21.31,-6.3926,6.8751,2,5.624,1,10.091,0.376228523348659,8.25482625482625e-05
-26.938,-4.5263,6.4426,2,4.5059,1,4.5059,0.337144474985864,8.25482625482625e-05
-23.421,-23.872,7.6664,3,6.4539,1,6.4539,0.373335769018373,8.25482625482625e-05
-19.291,-20.369,7.2938,3,6.3151,1,6.9208,0.365300655679632,8.25482625482625e-05
-18.24,-19.328,5.2624,3,5.3869,1,5.3869,0.385718747614598,8.25482625482625e-05
-25.497,-22.95,4.7173,3,6.0553,1,6.0553,0.323885003093502,8.25482625482625e-05
-26.08,-21.994,2.9449,3,5.7411,1,5.7411,0.463050272589955,8.25482625482625e-05
-16.532,-16.63,0.47337,3,3.3739,1,3.7699,0.432635117441339,8.25482625482625e-05
-18.765,-16.035,0.72915,3,2.7364,1,4.5135,0.434275913289246,8.25482625482625e-05
-18.044,-20.777,0.87345,3,1.2974,1,1.2974,0.390844162402749,8.25482625482625e-05
-15.879,-17.166,-5.0275,3,0.097675,1,0.097675,0.384960393762338,8.25482625482625e-05
-15.104,-17.572,-3.7138,3,0.76006,1,0.76006,0.40862576857966,8.25482625482625e-05
-19.535,-23.967,0.042634,3,0.57952,1,0.57952,0.27432168799493,8.25482625482625e-05
-23.938,-24.814,6.1109,3,5.8872,1,5.8872,0.352789090407157,8.25482625482625e-05
-11.9,-34.582,6.9265,3,2.1201,1,2.1201,0.498332537042031,8.25482625482625e-05
-11.063,-34.395,8.3671,3,2.0276,1,2.0276,0.289648816025114,8.25482625482625e-05
-14.976,-30.098,8.4307,3,4.1835,1,4.1835,0.225659494049785,8.25482625482625e-05
-17.35,-29.244,4.0064,3,0.89017,1,0.89017,0.465406574600537,8.25482625482625e-05
-16.72,-27.875,2.6808,3,0.44692,1,0.44692,0.427658840449569,8.25482625482625e-05
-11.462,-21.234,-3.1244,3,0.7349,1,0.7349,0.462103097803475,8.25482625482625e-05
-10.868,-21.745,-2.406,3,0.52484,1,0.52484,0.317641396236565,8.25482625482625e-05
-10.742,-36.61,10.482,3,2.9501,1,2.9501,0.271885316415146,8.25482625482625e-05
-11.352,-34.518,9.4464,3,2.5397,1,2.5397,0.246386884736396,8.25482625482625e-05
-12.453,-18.571,4.2438,3,1.594,1,1.594,0.477938174075318,8.25482625482625e-05
-15.03,-18.973,12.115,3,0.67697,1,6.5482,0.40162646193233,8.25482625482625e-05
-14.51,-19.273,10.083,3,2.0148,1,5.1248,0.412326137908389,8.25482625482625e-05
-14.455,-22.896,7.6747,3,3.6147,1,3.6147,0.490257896675341,8.25482625482625e-05
-14.831,-30.08,7.7922,3,3.5292,1,3.5292,0.301081569277946,8.25482625482625e-05
-10.617,-33.117,10.226,3,1.8945,1,1.8945,0.304068822663735,8.25482625482625e-05
-31.959,-3.8805,-21.806,6,4.9411,2,4.9411,0.342856800154769,3.17557251908397e-05
-29.367,-4.7837,-25.834,6,7.9939,2,7.9939,0.359992922326349,3.17557251908397e-05
-34.964,-4.2485,-29.454,6,2.4522,2,2.4522,0.338943311034346,3.17557251908397e-05
-33.609,-4.7282,-28.654,6,3.8683,2,3.8683,0.400793171780066,3.17557251908397e-05
-34.711,-12.146,-34.085,6,0.62693,2,0.62693,0.46542524985349,3.17557251908397e-05
-34.149,-10.917,-35.25,6,0.40808,2,0.40808,0.311598772254301,3.17557251908397e-05
-22.469,-9.559,-27.59,6,5.3099,2,5.3099,0.445980591138983,3.17557251908397e-05
-23.774,-19.125,-28.714,6,0.2195,2,0.2195,0.346564947605935,3.17557251908397e-05
-26.758,-20.716,-30.14,6,0.43132,2,0.43132,0.393072879531269,3.17557251908397e-05
-29.299,-22.326,-28.265,6,0.38459,2,0.38459,0.374262951498866,3.17557251908397e-05
-30.425,-22.802,-24.621,6,1.7425,2,1.7425,0.410423534415377,3.17557251908397e-05
-38.074,-15.623,-25.202,6,1.874,2,1.874,0.359232125385209,3.17557251908397e-05
-40.023,-15.535,-32.512,6,0.34806,2,0.34806,0.338238209416539,3.17557251908397e-05
-38.2,-14.724,-32.755,6,1.0092,2,1.0092,0.465327317093124,3.17557251908397e-05
-36.545,-18.031,-26.934,6,3.8022,2,3.8022,0.267734783482192,3.17557251908397e-05
-33.647,-22.289,-20.88,6,1.1995,2,4.8545,0.397600507204422,3.17557251908397e-05
-33.386,-20.65,-21.948,6,2.5257,2,5.1527,0.433009156815611,3.17557251908397e-05
-34.97,-20.294,-18.494,6,1.2092,2,3.5621,0.251361672626034,3.17557251908397e-05
-36.126,-16.404,-17.566,6,2.3867,2,2.3867,0.328235019802833,3.17557251908397e-05
-35.528,-15.647,-19.28,6,3.032,2,3.032,0.469769111898641,3.17557251908397e-05
-32.868,-5.67,-20.788,6,3.9727,2,3.9727,0.493523515577696,3.17557251908397e-05
-30.669,-5.9988,-9.2232,6,2.6485,2,2.6485,0.346408049037387,3.17557251908397e-05
-29.694,-8.246,-9.2827,6,2.5924,2,1.986,0.470450596078374,3.17557251908397e-05
-29.443,-6.6325,-18.074,6,5.2949,2,5.5819,0.409958743340286,3.17557251908397e-05
-28.49,-16.374,-19.177,6,0.85947,2,8.9484,0.179320469996053,3.17557251908397e-05
-18.832,-21.293,-18.793,6,4.9987,2,2.714,0.145371002148721,3.17557251908397e-05
-27.136,-19.134,-16.488,6,2.4313,2,8.7965,0.26413724806943,3.17557251908397e-05
-21.742,-17.174,-24.996,6,0.81815,2,0.81815,0.363586833633284,3.17557251908397e-05
-22.832,-13.084,-26.041,6,3.699,2,3.699,0.4327384188566,3.17557251908397e-05
-21.368,-14.177,-27.086,6,1.809,2,1.809,0.353924993591233,3.17557251908397e-05
-21.541,-7.4198,-24.595,6,6.8155,2,6.8155,0.351924717791238,3.17557251908397e-05
-23.015,-9.2055,-24.999,6,6.4752,2,6.4752,0.492757410971539,3.17557251908397e-05
-22.709,-6.0383,-20.812,6,6.5864,2,7.7343,0.427306762127828,3.17557251908397e-05
-17.306,-5.1595,-18.683,6,4.9261,2,5.5098,0.448403776765975,3.17557251908397e-05
-18.909,-6.0044,-19.659,6,4.5782,2,6.4243,0.412275558591047,3.17557251908397e-05
-23.486,-5.5026,-19.875,6,6.2682,2,6.8865,0.4757797604269,3.17557251908397e-05
-23.58,-1.2688,-22.284,6,10.174,2,10.174,0.463715868757416,3.17557251908397e-05
-22.684,-3.2703,-23.13,6,9.6643,2,10.551,0.412426385261905,3.17557251908397e-05
-21.033,6.1475,-6.7222,6,0.42615,2,0.42615,0.301192744845418,3.17557251908397e-05
-24.277,3.8187,-13.225,6,3.6258,2,3.6258,0.21108542298699,3.17557251908397e-05
-29.507,-3.7585,-17.276,6,4.831,2,4.831,0.454570535170663,3.17557251908397e-05
-17.788,6.9505,-24.511,6,7.3468,2,7.3468,0.445379583830323,3.17557251908397e-05
-21.865,5.1975,-22.719,6,8.2343,2,8.2343,0.467157836704619,3.17557251908397e-05
-21.552,5.5945,-24.452,6,7.8928,2,7.8928,0.288871559837572,3.17557251908397e-05
-15.75,9.5421,-7.1348,6,1.5698,2,1.5698,0.335934100898839,3.17557251908397e-05
-21.195,-0.67774,-22.979,6,11.011,2,11.011,0.461782020458008,3.17557251908397e-05
-21.495,1.4661,-22.159,6,10.759,2,10.759,0.459737579647601,3.17557251908397e-05
-17.064,-0.61621,-21.912,6,7.5873,2,7.5873,0.483468006418726,3.17557251908397e-05
-17.631,-4.1014,-19.473,6,6.1639,2,6.7332,0.460043437346688,3.17557251908397e-05
-17.903,-4.4694,-17.752,6,4.9599,2,4.9599,0.434353338677576,3.17557251908397e-05
-14.479,0.6913,-10.526,6,1.2912,2,1.2912,0.318912889334782,3.17557251908397e-05
-14.993,2.6721,-10.65,6,2.367,2,2.367,0.466956971486625,3.17557251908397e-05
-12.295,4.0216,-18.659,6,3.7312,2,3.7312,0.408618635665869,3.17557251908397e-05
-12.672,11.224,-14.04,6,2.2236,2,2.2236,0.25389541086857,3.17557251908397e-05
-13.033,3.7433,-19.32,6,4.1609,2,4.1609,0.336468089677302,3.17557251908397e-05
-10.113,-4.8886,-17.452,6,2.6884,2,2.6884,0.38662967730876,3.17557251908397e-05
-8.8888,-4.2478,-19.176,6,0.84742,2,0.84742,0.484131486342451,3.17557251908397e-05
-9.4083,-5.4364,-17.869,6,1.8749,2,1.8749,0.429114283568659,3.17557251908397e-05
-12.824,-8.1885,-19.367,6,3.4669,2,3.4744,0.419512846109436,3.17557251908397e-05
-13.023,-8.5948,-21.421,6,2.898,2,2.898,0.456454746854547,3.17557251908397e-05
-18.068,-8.7037,-26.065,6,3.9659,2,3.9659,0.406053049409897,3.17557251908397e-05
-16.162,-9.6875,-26.198,6,2.4146,2,2.4146,0.426553664346438,3.17557251908397e-05
-14.72,-8.0249,-22.571,6,3.8923,2,3.8923,0.488117369266195,3.17557251908397e-05
-16.734,-6.9031,-22.271,6,5.0796,2,5.7164,0.42549585842704,3.17557251908397e-05
-18.175,-1.6726,-24.56,6,9.188,2,9.188,0.479785622880766,3.17557251908397e-05
-16.665,-3.8157,-29.338,6,5.1025,2,5.1025,0.495542155572566,3.17557251908397e-05
-18.543,-4.5168,-27.89,6,7.0952,2,7.0952,0.384088058212482,3.17557251908397e-05
-6.8671,3.121,-27.753,6,1.0024,2,1.0024,0.274493316924509,3.17557251908397e-05
-8.5311,3.7961,-27.426,6,2.6358,2,2.6358,0.471467489183721,3.17557251908397e-05
-15.476,5.3708,-25.131,6,8.011,2,8.011,0.362500294629652,3.17557251908397e-05
-14.101,7.5075,-23.258,6,5.6489,2,5.6489,0.327998681204873,3.17557251908397e-05
-12.179,6.7617,-23.462,6,5.1857,2,5.1857,0.471875042867183,3.17557251908397e-05
-19.936,9.0522,-31.294,6,6.0245,2,6.0245,0.365685337328294,3.17557251908397e-05
-18.527,6.5684,-29.52,6,8.1514,2,8.1514,0.441834252593477,3.17557251908397e-05
-15.345,5.7917,-37.267,6,2.8861,2,2.8861,0.49443289846654,3.17557251908397e-05
-15.095,5.2002,-39.027,6,1.1017,2,1.1017,0.283569382349643,3.17557251908397e-05
-15.443,5.8322,-38.028,6,2.2224,2,2.2224,0.312060008727724,3.17557251908397e-05
-14.367,-6.4352,-37.017,6,1.1438,2,1.1438,0.179163839124313,3.17557251908397e-05
-14.652,-5.6465,-33.499,6,0.95716,2,0.95716,0.4356292779407,3.17557251908397e-05
-13.9,-7.3462,-34.218,6,0.4269,2,0.4269,0.353761580832593,3.17557251908397e-05
-18.256,-5.7818,-29.005,6,5.7427,2,5.7427,0.377515783976654,3.17557251908397e-05
-24.078,-6.1781,-32.07,6,5.0674,2,5.0674,0.437054504838774,3.17557251908397e-05
-23.65,-6.7597,-34.367,6,2.7202,2,2.7202,0.497409583214176,3.17557251908397e-05
-21.414,-9.3891,-30.845,6,3.7014,2,3.7014,0.405847368827411,3.17557251908397e-05
-24.136,-6.6639,-35.647,6,1.6553,2,1.6553,0.435271502022456,3.17557251908397e-05
-26.139,-5.7496,-35.729,6,1.6418,2,1.6418,0.424965610736866,3.17557251908397e-05
-26.853,-2.4656,-38.793,6,0.15203,2,0.15203,0.437136933749932,3.17557251908397e-05
-24.94,0.050849,-39.724,6,0.35997,2,0.35997,0.420712852123724,3.17557251908397e-05
-26.46,-0.60254,-38.396,6,0.98744,2,0.98744,0.38224299363158,3.17557251908397e-05
-22.821,4.9545,-33.532,6,4.7189,2,4.7189,0.328969402507958,3.17557251908397e-05
-21.447,5.5117,-35.022,6,3.315,2,3.315,0.466701371851186,3.17557251908397e-05
-23.88,5.8962,-33.654,6,4.4773,2,4.4773,0.308738521459709,3.17557251908397e-05
-21.831,1.876,-28.992,6,10.092,2,10.092,0.382491467490032,3.17557251908397e-05
-20.446,6.1318,-28.026,6,7.8489,2,7.8489,0.35928947551856,3.17557251908397e-05
-2.0082,-7.385,-42.314,11,4.3462,4,4.3462,0.333797892410724,0.000142857142857143
-11.679,0.32637,-55.311,11,0.86466,4,0.86466,0.464351323763315,0.000142857142857143
-11.259,1.9381,-56.27,11,1.0788,4,1.0788,0.318524261404352,0.000142857142857143
-5.022,1.7335,-61.04,11,0.44214,4,0.44214,0.354944443211668,0.000142857142857143
-6.2344,1.334,-61.8,11,1.5961,4,1.5961,0.44027362127897,0.000142857142857143
-3.61,-0.565,-55.633,11,0.56656,4,0.56656,0.216646816411869,0.000142857142857143
-6.278,-5.8638,-49.733,11,2.5376,4,2.5376,0.442013485328133,0.000142857142857143
-6.989,-7.2099,-48.536,11,1.5116,4,1.5116,0.345206489375689,0.000142857142857143
-12.5,-10.815,-42.208,11,0.30822,4,0.30822,0.429593538386597,0.000142857142857143
-4.7006,-3.8695,-41.577,11,3.1394,4,3.1394,0.253891293355954,0.000142857142857143
-5.641,-6.3866,-38.783,11,3.6478,4,3.6478,0.372189380130247,0.000142857142857143
-6.6479,-4.8682,-37.555,11,5.0317,4,5.0317,0.491333413888417,0.000142857142857143
-7.5458,-10.084,-35.675,11,0.98013,4,0.98013,0.405946416071924,0.000142857142857143
-1.1862,-5.4556,-33.004,11,0.58566,4,0.58566,0.241727255677173,0.000142857142857143
-2.3535,-4.7363,-33.871,11,1.981,4,1.981,0.480592411894237,0.000142857142857143
-4.6421,-9.0062,-35.176,11,2.416,4,2.416,0.315810707904618,0.000142857142857143
-2.6677,-8.4709,-35.943,11,3.4908,4,3.4908,0.475502278379642,0.000142857142857143
-3.1767,-8.1707,-40.301,11,3.0032,4,3.0032,0.393296883740136,0.000142857142857143
14.32,-23.014,-34.885,11,1.1423,4,1.1423,0.17241770829616,0.000142857142857143
19.975,-27.191,-39.796,11,2.0116,4,2.0116,0.442563448514705,0.000142857142857143
19.332,-28.078,-39.198,11,2.0222,4,2.0222,0.374727260119653,0.000142857142857143
4.6915,-23.306,-39.624,11,2.9176,4,2.9176,0.287770750621544,0.000142857142857143
1.5533,-18.892,-41.037,11,4.6916,4,4.6916,0.103131084642606,0.000142857142857143
0.34098,-12.839,-30.667,11,0.9131,4,0.9131,0.439035966582633,0.000142857142857143
1.9699,-11.911,-29.921,11,0.57331,4,0.57331,0.459867557318404,0.000142857142857143
11.149,-23.165,-36.082,11,2.3418,4,2.3418,0.165283628440035,0.000142857142857143
-3.4494,-21.099,-33.096,11,0.32868,4,0.32868,0.278057669058734,0.000142857142857143
6.9011,-25.38,-41.317,11,0.69234,4,0.69234,0.184855608243199,0.000142857142857143
19.489,-29.58,-35.803,11,1.0025,4,1.0025,0.421673192430163,0.000142857142857143
18.919,-30.635,-35.253,11,0.28264,4,0.28264,0.383972331432598,0.000142857142857143
18.116,-31.653,-37.271,11,2.0836,4,2.0836,0.442721027230297,0.000142857142857143
18.561,-30.374,-37.924,11,2.1157,4,2.1157,0.38265543658636,0.000142857142857143
15.906,-34.672,-35.896,11,0.55819,4,0.55819,0.389817644308965,0.000142857142857143
16.752,-33.572,-36.047,11,0.76984,4,0.76984,0.464220355517202,0.000142857142857143
-0.44554,-22.437,-41.132,11,2.4934,4,2.4934,0.486897624912439,0.000142857142857143
1.3635,-21.93,-41.31,11,2.622,4,2.622,0.246799445650775,0.000142857142857143
1.1555,-16.671,-39.794,11,4.1225,4,4.1225,0.155068321337157,0.000142857142857143
1.8874,-24.114,-41.356,11,1.1068,4,1.1068,0.255730431928124,0.000142857142857143
0.88369,-22.693,-41.873,11,1.6564,4,1.6564,0.494188344138824,0.000142857142857143
-27.262,-35.133,-5.3641,4,2.0541,2,2.2738,0.309740905390217,3.17557251908397e-05
-21.761,-30.773,-14.512,4,2.7527,2,9.4835,0.3198014474289,3.17557251908397e-05
-16.784,-30.241,-17.401,4,0.92647,2,5.2664,0.386115154475323,3.17557251908397e-05
-23.842,-26.565,-7.7342,4,1.0058,2,3.6975,0.363179928227582,3.17557251908397e-05
-22.213,-17.403,-8.7555,4,4.2345,2,4.2345,0.494757494310033,3.17557251908397e-05
-21.992,-15.668,-8.8424,4,2.8685,2,2.8685,0.236785937019986,3.17557251908397e-05
-21.355,-15.068,-6.5253,4,1.1328,2,1.1328,0.348949054651764,3.17557251908397e-05
-14.079,-15.021,-14.198,4,2.3141,2,3.2197,0.395703534487381,3.17557251908397e-05
-15.558,-16.511,-13.25,4,1.7894,2,4.7853,0.456476421293984,3.17557251908397e-05
-16.414,-13.963,-16.751,4,2.9674,2,3.5873,0.418989509632978,3.17557251908397e-05
-16.43,-10.879,-16.074,4,0.71566,2,2.3051,0.370655728799657,3.17557251908397e-05
-17.52,-9.6902,-14.851,4,0.20833,2,1.3543,0.420299121279307,3.17557251908397e-05
-16.92,-14.141,-19.249,4,1.589,2,1.589,0.450168884469149,3.17557251908397e-05
-16.938,-17.83,-21.121,4,0.22908,2,0.22908,0.333574530528022,3.17557251908397e-05
-28.142,-22.105,-21.011,4,0.36587,2,4.1044,0.474923769188227,3.17557251908397e-05
-27.658,-20.426,-21.651,4,1.2326,2,4.8912,0.383943344418853,3.17557251908397e-05
-30.263,-14.959,-14.303,4,0.1691,2,5.5074,0.309556558133115,3.17557251908397e-05
-29.004,-14.894,-13.062,4,1.3248,2,4.9205,0.484346853479049,3.17557251908397e-05
-29.682,-14.738,-12.016,4,2.3735,2,4.1607,0.471949049700922,3.17557251908397e-05
-30.47,-15.137,-13.914,4,0.47559,2,5.3919,0.319927967254487,3.17557251908397e-05
-35.455,-19.931,-12.658,4,1.719,2,1.9764,0.429244859389555,3.17557251908397e-05
-34.396,-21.559,-13.419,4,2.51,2,3.0561,0.410114047894073,3.17557251908397e-05
-30.008,-23.322,-10.923,4,5.9309,2,5.9309,0.440308703505841,3.17557251908397e-05
-29.564,-24.217,-9.9032,4,4.9099,2,4.9099,0.30927107077354,3.17557251908397e-05
-34.979,-24.763,-16.301,4,2.7185,2,3.0819,0.339714246176789,3.17557251908397e-05
-35.044,-26.416,-14.892,4,2.3095,2,2.3095,0.462574790740838,3.17557251908397e-05
-35.128,-26.825,-13.85,4,1.6942,2,1.6942,0.465019283357812,3.17557251908397e-05
-35.087,-25.387,-15.441,4,2.7374,2,2.7374,0.31342145400286,3.17557251908397e-05
-25.67,-27.382,-13.607,4,5.9011,2,8.8646,0.371605547269119,3.17557251908397e-05
-27.197,-29.377,-9.0584,4,3.9232,2,4.7365,0.485683099312413,3.17557251908397e-05
-25.217,-28.553,-8.6557,4,2.089,2,4.37,0.327602819841181,3.17557251908397e-05
-28.765,-36.302,-20.505,4,5.1281,2,5.1281,0.323799688437736,3.17557251908397e-05
-30.201,-35.39,-19.303,4,5.3646,2,5.3646,0.465450264148552,3.17557251908397e-05
-29.535,-33.577,-19.92,4,5.0864,2,5.0864,0.474194837604247,3.17557251908397e-05
-27.65,-32.73,-20.566,4,4.4422,2,4.4422,0.305226533095621,3.17557251908397e-05
-24.493,-32.39,-22.199,4,2.8096,2,2.8096,0.340446720221316,3.17557251908397e-05
-28.282,-39.995,-22.939,4,2.9706,2,2.9706,0.363930188005632,3.17557251908397e-05
-21.408,-55.307,-32.856,4,0.27715,2,0.27715,0.319731119044923,3.17557251908397e-05
-19.892,-54.945,-32.613,4,0.5185,2,0.5185,0.472958974216644,3.17557251908397e-05
-23.092,-54.062,-30.495,4,1.2932,2,1.2932,0.251406619773502,3.17557251908397e-05
-20.162,-33.769,-26.355,4,0.72855,2,0.72855,0.46247495250056,3.17557251908397e-05
-21.366,-34.813,-26.511,4,0.38282,2,0.38282,0.38120565764521,3.17557251908397e-05
-14.512,-49.241,-27.257,4,0.30604,2,3.3802,0.264152398128987,3.17557251908397e-05
-15.347,-51.516,-30.2,4,1.4499,2,1.4499,0.406169493387041,3.17557251908397e-05
-13.835,-51.445,-30.045,4,0.8218,2,1.2275,0.396428969096875,3.17557251908397e-05
-13.131,-57.247,-24.737,4,0.80548,2,2.0302,0.433312285857334,3.17557251908397e-05
-12.875,-58.125,-26.713,4,1.3979,2,2.4143,0.414369017014873,3.17557251908397e-05
-14.196,-56.981,-29.089,4,2.6254,2,3.4619,0.390840152118785,3.17557251908397e-05
-15.263,-55.122,-29.644,4,2.8146,2,2.8146,0.413583866890495,3.17557251908397e-05
-19.356,-47,-20.203,4,0.76178,2,7.4444,0.331495043219441,3.17557251908397e-05
-25.269,-52.914,-24.51,4,1.1595,2,1.1595,0.199136851266498,3.17557251908397e-05
-15.239,-56.142,-29.643,4,2.8638,2,2.8638,0.443120963335799,3.17557251908397e-05
-14.784,-58.172,-28.832,4,2.834,2,2.834,0.371283790448871,3.17557251908397e-05
-20.451,-43.949,-21.42,4,0.92015,2,6.246,0.306983916930235,3.17557251908397e-05
-21.1,-37.183,-19.956,4,2.5996,2,5.755,0.410245702529379,3.17557251908397e-05
-24.479,-35.549,-17.516,4,6.0845,2,8.0273,0.439468003643718,3.17557251908397e-05
-22.853,-34.209,-18.077,4,4.917,2,7.0079,0.419560780588209,3.17557251908397e-05
-26.899,-41.142,-19.657,4,5.9406,2,5.9406,0.471924119319445,3.17557251908397e-05
-28.063,-39.852,-20.741,4,5.0643,2,5.0643,0.301649119954712,3.17557251908397e-05
-11.821,-44.444,-19.241,5,3.9175,2,3.9175,0.125232618624039,3.17557251908397e-05
-17.659,-37.81,-19.918,5,0.25193,2,6.3776,0.343827791548553,3.17557251908397e-05
-17.489,-48.531,-27.584,5,2.4717,2,2.6287,0.382605143748274,3.17557251908397e-05
-17.917,-47.314,-25.955,5,1.6593,2,4.0132,0.436318083551737,3.17557251908397e-05
-9.7287,-51.737,-40.667,5,4.005,2,4.005,0.246782090992444,3.17557251908397e-05
-13.437,-33.621,-28.519,5,0.40477,2,0.40477,0.454688338214295,3.17557251908397e-05
4.5827,-50.802,-35.289,5,0.69144,2,0.69144,0.415499548745168,3.17557251908397e-05
4.4457,-51.757,-37.023,5,1.0918,2,1.0918,0.454527843168018,3.17557251908397e-05
-3.5941,-44.636,-26.77,5,0.45993,2,0.45993,0.422497474753622,3.17557251908397e-05
2.2926,-53.377,-32.612,5,1.2465,2,1.2465,0.293915926820263,3.17557251908397e-05
3.1661,-52.65,-33.419,5,1.5582,2,1.5582,0.493626046647079,3.17557251908397e-05
-6.2608,-55.41,-29.696,5,3.6435,2,3.6435,0.234184871293672,3.17557251908397e-05
-6.2472,-56.137,-37.916,5,0.35467,2,0.35467,0.304244366007401,3.17557251908397e-05
3.4175,-55.052,-38.031,5,2.1731,2,2.1731,0.395434802465688,3.17557251908397e-05
2.7364,-56.121,-36.323,5,1.498,2,1.498,0.42123584483252,3.17557251908397e-05
-5.2552,-54.717,-25.843,5,3.3654,2,3.3654,0.220151041553575,3.17557251908397e-05
-8.9516,-36.956,-23.057,5,0.082359,2,0.082359,0.392789250535012,3.17557251908397e-05
-13.716,-45.152,-20.558,5,4.4119,2,6.2969,0.30874890822807,3.17557251908397e-05
-13.421,-49.293,-24.072,5,1.6747,2,6.6678,0.319691377250212,3.17557251908397e-05
-11.133,-27.597,-17.298,5,0.3373,2,0.3373,0.43035542453394,3.17557251908397e-05
-10.646,-26.753,-16.474,5,0.31723,2,0.31723,0.368544046756547,3.17557251908397e-05
-10.315,-24.926,-18.21,5,0.56387,2,0.56387,0.480584965457542,3.17557251908397e-05
-10.418,-26.062,-19.065,5,0.54561,2,0.54561,0.385709853787303,3.17557251908397e-05
-17.109,-27.713,0.38914,5,1.3576,2,1.3576,0.471084378792085,3.17557251908397e-05
-15.969,-26.935,1.8957,5,0.63004,2,0.63004,0.348383777795243,3.17557251908397e-05
-12.15,-26.951,-2.2866,5,1.3037,2,1.3037,0.289502696823266,3.17557251908397e-05
-15.882,-22.511,-8.6319,5,1.9842,2,5.0193,0.46293693408199,3.17557251908397e-05
-15.853,-20.153,-8.7625,5,0.66034,2,4.2733,0.382118731500342,3.17557251908397e-05
-17.761,-20.645,-10.505,5,0.68931,2,5.7044,0.250136330588844,3.17557251908397e-05
-16.843,-22.329,-14.141,5,0.39283,2,5.6763,0.304609974012257,3.17557251908397e-05
-17.201,-29.653,-16.71,5,0.29528,2,5.7145,0.475647156807274,3.17557251908397e-05
-18.745,-33.494,-12.759,5,0.42466,2,7.883,0.42754078259626,3.17557251908397e-05
-22.214,-30.542,-2.9062,5,2.0329,2,2.0329,0.336186499719384,3.17557251908397e-05
-20.359,-29.651,-2.6481,5,2.8652,2,2.8652,0.47848429291007,3.17557251908397e-05
-21.202,-29.976,-1.6708,5,1.7573,2,1.7573,0.49331430338851,3.17557251908397e-05
-23.182,-30.316,-2.8026,5,1.1026,2,1.1026,0.342438551466225,3.17557251908397e-05
-23.342,-36.942,-3.7089,5,1.8722,2,2.8235,0.419824103759721,3.17557251908397e-05
-22.783,-36.992,-5.7259,5,1.2478,2,4.7049,0.399199318263983,3.17557251908397e-05
-17.777,-36.168,-7.2256,5,4.2637,2,6.9176,0.430473657311342,3.17557251908397e-05
-16.987,-36.968,-6.5041,5,5.4054,2,6.1266,0.379072036938456,3.17557251908397e-05
-17.35,-35.467,-13.144,5,1.4701,2,6.4845,0.463320857187243,3.17557251908397e-05
-14.726,-38.402,-15.919,5,3.3916,2,3.8725,0.461144260348088,3.17557251908397e-05
-15.891,-36.765,-17.088,5,1.5629,2,5.0308,0.464450978576704,3.17557251908397e-05
-12.373,-41.72,-10.54,5,1.9537,2,1.9537,0.478660087645873,3.17557251908397e-05
-11.804,-39.462,-11.039,5,1.3913,2,1.3913,0.463328445691489,3.17557251908397e-05
-10.06,-25.525,-35.003,7,0.7487,3,0.7487,0.20482548155974,6.66010821446139e-05
-17.341,-22.342,-53.249,7,0.35167,3,0.35167,0.465344554121446,6.66010821446139e-05
-19.188,-23.037,-53.214,7,0.59742,3,0.59742,0.35868867161742,6.66010821446139e-05
-22.362,-18.1,-49.899,7,0.13371,3,6.5832,0.452459295640608,6.66010821446139e-05
-22.984,-18.94,-47.928,7,0.47898,3,8.1215,0.423875171043844,6.66010821446139e-05
-18.344,-18.283,-38.905,7,4.8344,3,5.6239,0.387845984603855,6.66010821446139e-05
-17.234,-18.094,-36.101,7,4.7588,3,4.7588,0.31950625171207,6.66010821446139e-05
-15.035,-18.307,-35.828,7,2.7792,3,2.7792,0.49592462322009,6.66010821446139e-05
-12.699,-22.154,-35.523,7,1.9743,3,1.9743,0.439667864053964,6.66010821446139e-05
-12.494,-23.153,-36.942,7,1.9685,3,1.9685,0.352785162771767,6.66010821446139e-05
-16.025,-26.528,-34.607,7,3.9645,3,6.3591,0.381622663455927,6.66010821446139e-05
-18.088,-22.44,-33.399,7,5.1192,3,7.1186,0.483477542441384,6.66010821446139e-05
-18.382,-20.568,-34.573,7,5.3306,3,6.5524,0.339514229461299,6.66010821446139e-05
-20.066,-21.401,-37.829,7,3.9919,3,6.7755,0.384311020155411,6.66010821446139e-05
-20.439,-21.685,-43.923,7,3.8655,3,7.801,0.36404433752325,6.66010821446139e-05
-21.686,-23.5,-48.287,7,3.7786,3,5.3333,0.363599962285168,6.66010821446139e-05
-22.966,-24.884,-48.717,7,2.39,3,4.8557,0.463476344403635,6.66010821446139e-05
-24.143,-27.787,-50.78,7,0.22971,3,2.6279,0.325180544279822,6.66010821446139e-05
-24.252,-26.482,-51.125,7,1.0249,3,2.7921,0.481943059754262,6.66010821446139e-05
-17.001,-26.78,-39.672,7,3.1131,3,6.3459,0.37220137491893,6.66010821446139e-05
-16.112,-28.432,-39.191,7,2.3303,3,5.3968,0.453404830877301,6.66010821446139e-05
-4.7308,-41.758,-34.254,7,1.5487,3,1.5487,0.301765950966538,6.66010821446139e-05
-6.4014,-42.319,-33.784,7,1.9211,3,1.9211,0.46184894471489,6.66010821446139e-05
-13.485,-28.122,-33.663,7,3.9163,3,4.3349,0.402616386097681,6.66010821446139e-05
-19.215,-55.439,-46.641,8,1.7445,3,1.7445,0.260540702421101,6.66010821446139e-05
-20.888,-54.676,-46.426,8,2.3512,3,2.3512,0.482005201472192,6.66010821446139e-05
-19.589,-61.387,-50.244,8,2.4082,3,2.4082,0.428874499931598,6.66010821446139e-05
-21.11,-60.82,-49.588,8,3.3246,3,3.3246,0.44012969532307,6.66010821446139e-05
-22.494,-60.098,-52.208,8,2.1372,3,2.1372,0.470545466319232,6.66010821446139e-05
-20.705,-60.682,-53.111,8,1.98,3,1.98,0.353271429665105,6.66010821446139e-05
-26.11,-59.738,-44.417,8,1.8302,3,1.8302,0.487083906366531,6.66010821446139e-05
-25.86,-61.218,-46.17,8,1.3214,3,1.3214,0.436388702116948,6.66010821446139e-05
-25.176,-60.975,-49.397,8,2.3318,3,2.3318,0.476260845069861,6.66010821446139e-05
-25.848,-44.41,-43.122,8,6.1043,3,6.1043,0.155080561502193,6.66010821446139e-05
-30.025,-57.412,-45.119,8,0.98396,3,0.98396,0.386205187901274,6.66010821446139e-05
-28.232,-57.269,-43.995,8,2.0992,3,2.0992,0.458228295009625,6.66010821446139e-05
-31.079,-48.274,-52.352,8,3.18,3,3.18,0.148582227339118,6.66010821446139e-05
-25.791,-58.908,-51.226,8,3.5737,3,3.5737,0.484211953679512,6.66010821446139e-05
-27.464,-60.499,-50.845,8,1.2905,3,1.2905,0.382809110786334,6.66010821446139e-05
-36.27,-53.574,-61.748,8,1.6046,3,1.6046,0.450551967137982,6.66010821446139e-05
-36.545,-53.139,-60.096,8,1.7588,3,1.7588,0.35997579552857,6.66010821446139e-05
-30.976,-55.378,-58.267,8,0.98825,3,0.98825,0.357720617092802,6.66010821446139e-05
-32.444,-54.995,-56.939,8,2.6093,3,2.6093,0.441026617112992,6.66010821446139e-05
-34.488,-55.565,-58.979,8,1.7745,3,1.7745,0.416414127379527,6.66010821446139e-05
-33.621,-56.084,-60.406,8,1.7319,3,1.7319,0.462560745980486,6.66010821446139e-05
-31.146,-48.82,-50.692,8,4.6574,3,4.6574,0.242871959937468,6.66010821446139e-05
-25.869,-30.621,-47.709,8,2.4072,3,5.0911,0.230839739186484,6.66010821446139e-05
-9.2707,-52.394,-37.042,8,1.6787,3,1.6787,0.273248599556962,6.66010821446139e-05
-11.64,-54.804,-38.363,8,4.0277,3,4.0277,0.352630664688555,6.66010821446139e-05
-10.697,-58.157,-40.428,8,3.6722,3,3.6722,0.45821629748579,6.66010821446139e-05
-11.933,-56.503,-40.312,8,3.9184,3,3.9184,0.350457348070844,6.66010821446139e-05
-7.2703,-57.073,-42.775,8,1.5323,3,1.5323,0.359308724585033,6.66010821446139e-05
-8.0528,-58.083,-42.199,8,2.6791,3,2.6791,0.450322119498331,6.66010821446139e-05
-13.104,-49.419,-38.531,8,2.5192,3,2.5192,0.374496623037395,6.66010821446139e-05
-15.355,-50.628,-37.776,8,4.2981,3,4.2981,0.336766691688192,6.66010821446139e-05
-17.649,-37.205,-29.571,8,0.86842,3,0.86842,0.341274145395368,6.66010821446139e-05
-19.015,-32.742,-30.743,8,1.3947,3,3.5944,0.428740954084239,6.66010821446139e-05
-23.451,-48.289,-37.636,8,5.7384,3,5.7384,0.286832286810706,6.66010821446139e-05
-20.222,-53.791,-36.749,8,2.4104,3,2.4104,0.48006550587269,6.66010821446139e-05
-20.366,-54.615,-34.889,8,1.1539,3,1.1539,0.265275122387061,6.66010821446139e-05
-24.75,-42.531,-44.706,8,4.3453,3,4.3453,0.406022757594117,6.66010821446139e-05
-26.042,-59.08,-41.841,8,1.5942,3,1.5942,0.413252231823874,6.66010821446139e-05
-15.283,-60.584,-44.773,8,2.6651,3,2.6651,0.458156939903511,6.66010821446139e-05
-16.512,-62.043,-43.94,8,1.0183,3,1.0183,0.388815395095874,6.66010821446139e-05
-19.306,-61.046,-42.102,8,1.0913,3,1.0913,0.355700465674012,6.66010821446139e-05
-20.223,-59.201,-41.19,8,2.8321,3,2.8321,0.454820318794444,6.66010821446139e-05
-17.15,-47.575,-45.636,8,0.67664,3,0.67664,0.307389203266638,6.66010821446139e-05
-13.244,-57.611,-41.945,8,3.77,3,3.77,0.237625206546647,6.66010821446139e-05
-14.685,-51.339,-35.601,8,2.84,3,2.84,0.195595855409915,6.66010821446139e-05
-20.749,-55.676,-34.842,8,1.1036,3,1.1036,0.291726625284193,6.66010821446139e-05
-21.156,-54.68,-36.527,8,2.6833,3,2.6833,0.472754938155467,6.66010821446139e-05
-33.451,-38.409,-34.809,8,5.0468,3,5.0468,0.373214958121895,6.66010821446139e-05
-30.624,-52.794,-37.72,8,1.2123,3,1.2123,0.382276357386534,6.66010821446139e-05
-30.555,-51.228,-36.206,8,1.945,3,1.945,0.434845686926509,6.66010821446139e-05
-30.165,-52.386,-36.155,8,1.4978,3,1.4978,0.442479246679063,6.66010821446139e-05
-28.7,-53.518,-37.076,8,2.0037,3,2.0037,0.345566897910541,6.66010821446139e-05
-29.043,-33.184,-39.364,8,9.0461,3,11.397,0.438588866325521,6.66010821446139e-05
-26.288,-30.158,-39.188,8,5.2349,3,10.991,0.398485436036127,6.66010821446139e-05
-24.636,-29.865,-38.208,8,3.8497,3,10.628,0.431328437970847,6.66010821446139e-05
-30.226,-35.063,-31.92,8,5.6768,3,5.6768,0.292026913810868,6.66010821446139e-05
-29.259,-40.06,-30.744,8,3.2866,3,3.2866,0.486074483948635,6.66010821446139e-05
-29.343,-42.057,-30.347,8,2.18,3,2.18,0.279555308119861,6.66010821446139e-05
-29.965,-34.176,-32.439,8,6.1974,3,6.1974,0.414541933612091,6.66010821446139e-05
-23.451,-30.119,-27.415,8,1.8025,3,1.8025,0.474210581090537,6.66010821446139e-05
-23.252,-27.872,-27.816,8,2.6069,3,2.7359,0.434705128304171,6.66010821446139e-05
-26.577,-25.613,-26.737,8,1.91,3,1.91,0.381785260790641,6.66010821446139e-05
-27.03,-25.943,-26.374,8,1.5776,3,1.5776,0.396641758358646,6.66010821446139e-05
-23.394,-24.595,-29.91,8,0.39789,3,3.76,0.484795486469632,6.66010821446139e-05
-25.842,-22.572,-39.537,8,0.20138,3,4.4878,0.412625616070394,6.66010821446139e-05
-26.206,-21.202,-37.812,8,0.51902,3,2.2693,0.395071604815858,6.66010821446139e-05
-28.952,-25.612,-41.655,8,1.6512,3,8.5021,0.474786641429815,6.66010821446139e-05
-34.612,-20.007,-34.652,8,0.35352,3,0.93713,0.192287083831811,6.66010821446139e-05
-38.376,-21.174,-33.629,8,0.1883,3,1.4016,0.251797602586447,6.66010821446139e-05
-36.436,-22.037,-33.708,8,1.3677,3,1.5232,0.488957138317998,6.66010821446139e-05
-38.547,-30.061,-30.685,8,1.3869,3,1.3869,0.336762105802706,6.66010821446139e-05
-34.112,-33.265,-35.483,8,5.6522,3,5.6522,0.492730156014364,6.66010821446139e-05
-33.012,-34.223,-37.123,8,6.9279,3,6.9279,0.334572489090588,6.66010821446139e-05
-34.71,-33.543,-43.198,8,5.8904,3,5.8904,0.317719856214737,6.66010821446139e-05
-36.642,-33.302,-44.036,8,4.3592,3,4.3592,0.484901164281746,6.66010821446139e-05
-31.02,-27.249,-42.639,8,2.4371,3,10.561,0.450220554093926,6.66010821446139e-05
-33.285,-28.023,-42.014,8,2.6671,3,8.1051,0.440926537199914,6.66010821446139e-05
-31.147,-30.04,-46.029,8,3.8616,3,9.1294,0.463940097649789,6.66010821446139e-05
-30.941,-26.804,-48.207,8,1.0409,3,7.1635,0.423490939038597,6.66010821446139e-05
-31.967,-25.496,-48.681,8,0.28512,3,7.6241,0.370639208263362,6.66010821446139e-05
-39.08,-28.317,-55.21,8,1.4693,3,5.3359,0.44986467904761,6.66010821446139e-05
-37.515,-28.957,-55.914,8,1.2001,3,4.8718,0.387823779934321,6.66010821446139e-05
-35.665,-34.36,-53.486,8,4.4121,3,4.4121,0.353649562884501,6.66010821446139e-05
-43.908,-43.135,-65.207,8,0.24743,3,0.24743,0.430756326881626,6.66010821446139e-05
-42.712,-42.95,-66.587,8,0.69187,3,0.69187,0.424284543541462,6.66010821446139e-05
-39.221,-48.251,-58.049,8,1.2612,3,1.2612,0.332911149467328,6.66010821446139e-05
-41.993,-43.027,-52.877,8,0.29224,3,0.29224,0.250762420176411,6.66010821446139e-05
-44.574,-37.919,-64.419,8,1.1161,3,1.1161,0.392892016052994,6.66010821446139e-05
-37.989,-32.467,-53.869,8,2.6378,3,5.7641,0.465162212683934,6.66010821446139e-05
-28.662,-31.778,-53.784,8,1.2024,3,1.2024,0.388258151712436,6.66010821446139e-05
-28.992,-30.933,-52.4,8,2.62,3,2.62,0.446438297560253,6.66010821446139e-05
-28.485,-34.354,-46.355,8,6.7902,3,6.7902,0.468682908195338,6.66010821446139e-05
-27.808,-32.735,-46.977,8,5.292,3,6.1763,0.423412304481072,6.66010821446139e-05
-38.488,-48.868,-57.425,8,1.4702,3,1.4702,0.416470548030943,6.66010821446139e-05
-34.251,-43.637,-51.948,8,4.7445,3,4.7445,0.278105012096109,6.66010821446139e-05
-31.03,-49.961,-45.429,8,4.2262,3,4.2262,0.365292060509861,6.66010821446139e-05
-31.65,-48.108,-46.277,8,4.4842,3,4.4842,0.456989689398417,6.66010821446139e-05
-43.64,-24.32,-59.201,9,2.5629,3,2.5629,0.428666084981603,6.66010821446139e-05
-42.073,-19.844,-57.919,9,3.914,3,3.914,0.461501545938202,6.66010821446139e-05
-45.98,-14.684,-67.206,9,0.79673,3,0.79673,0.498177735188504,6.66010821446139e-05
-47.381,-14.359,-66.648,9,0.58573,3,0.58573,0.169047726889917,6.66010821446139e-05
-49.069,-18.802,-77.716,9,1.2634,3,1.2634,0.458479182094102,6.66010821446139e-05
-48.699,-19.96,-76.253,9,1.1767,3,1.1767,0.367913587840344,6.66010821446139e-05
-41.01,-19.602,-67.747,9,0.4712,3,0.4712,0.26616342673349,6.66010821446139e-05
-40.881,-19.485,-65.786,9,1.8118,3,1.8118,0.498949334744951,6.66010821446139e-05
-37.11,-17.688,-56.194,9,7.6337,3,7.6337,0.416922433868383,6.66010821446139e-05
-35.952,-24.6,-57.933,9,3.5108,3,3.5108,0.465668751525121,6.66010821446139e-05
-35.25,-23.502,-59.415,9,2.2575,3,2.2575,0.300548870473206,6.66010821446139e-05
-25.401,-20.957,-55.677,9,1.3165,3,1.3165,0.420522527403754,6.66010821446139e-05
-26.293,-19.348,-56.69,9,1.5467,3,1.5467,0.396372120967229,6.66010821446139e-05
-31.829,-17.872,-55.56,9,5.4925,3,5.4925,0.403129478538433,6.66010821446139e-05
-29.577,-16.254,-52.145,9,6.4223,3,7.7702,0.375690543233197,6.66010821446139e-05
-27.362,-19.178,-46.835,9,2.5701,3,10.264,0.419701409718235,6.66010821446139e-05
-29.093,-19.823,-47.993,9,3.8653,3,9.3665,0.412740517151757,6.66010821446139e-05
-26.755,-22.783,-46.729,9,0.43704,3,8.0453,0.317062258144877,6.66010821446139e-05
-41.631,-23.909,-59.355,9,4.5149,3,4.5149,0.264255705320513,6.66010821446139e-05
-39.161,-19.286,-51.49,9,4.3251,3,4.3251,0.420477681835475,6.66010821446139e-05
-41.371,-22.172,-43.494,9,2.0627,3,2.0627,0.48879794128874,6.66010821446139e-05
-41.979,-23.215,-41.78,9,0.88819,3,0.88819,0.265855641251657,6.66010821446139e-05
-41.3,-22.197,-42.929,9,1.9241,3,1.9241,0.305216123916119,6.66010821446139e-05
-29.289,-19.42,-47.73,9,4.2187,3,9.8808,0.271814194105013,6.66010821446139e-05
-28.637,-13.608,-43.958,9,6.1124,3,7.2722,0.474084627928499,6.66010821446139e-05
-25.847,-17.479,-42.361,9,1.5018,3,6.319,0.463113690987167,6.66010821446139e-05
-26.33,-16.65,-44.413,9,2.5974,3,8.1136,0.327408028293044,6.66010821446139e-05
-30.124,-14.12,-39.932,9,3.6906,3,3.6906,0.424378033329971,6.66010821446139e-05
-31.054,-12.276,-40.286,9,4.045,3,4.045,0.397339899692323,6.66010821446139e-05
-35.575,-11.602,-38.181,9,2.0001,3,2.0001,0.419931176533649,6.66010821446139e-05
-36.749,-14.615,-38.584,9,3.1411,3,3.1411,0.46935219559182,6.66010821446139e-05
-35.509,-12.973,-38.828,9,2.82,3,2.82,0.317944402750611,6.66010821446139e-05
-39.779,-9.0223,-40.883,9,1.5827,3,1.5827,0.434666914778699,6.66010821446139e-05
-39.731,-8.9824,-42.797,9,1.6343,3,1.6343,0.366842116989682,6.66010821446139e-05
-40.343,-12.915,-44.78,9,2.2088,3,2.2088,0.417138190847022,6.66010821446139e-05
-40.383,-19.329,-53.676,9,3.5834,3,3.5834,0.361054922275773,6.66010821446139e-05
-36.234,-7.7262,-58.451,9,5.5577,3,7.9478,0.399523433238884,6.66010821446139e-05
-39.585,-5.8463,-48.823,9,2.148,3,2.148,0.398953344258131,6.66010821446139e-05
-33.504,-7.3797,-40.708,9,3.4452,3,3.4452,0.38139337283822,6.66010821446139e-05
-29.525,-11.273,-39.533,9,2.474,3,2.474,0.455174569909691,6.66010821446139e-05
-27.55,-10.384,-40.605,9,3.1679,3,3.1679,0.494198539104858,6.66010821446139e-05
-25.679,-10.333,-37.244,9,0.39647,3,0.39647,0.499743810592986,6.66010821446139e-05
-27.646,-10.337,-36.703,9,0.36061,3,0.36061,0.302620364757275,6.66010821446139e-05
-23.522,-12.937,-44.251,9,2.662,3,7.0183,0.337690144908715,6.66010821446139e-05
-19.897,-7.1028,-44.072,9,0.55296,3,3.2714,0.246413071422533,6.66010821446139e-05
-40.972,-2.8693,-53.526,9,1.4985,3,1.4985,0.143250951196468,6.66010821446139e-05
-39.225,-3.047,-53.074,9,3.0049,3,3.0049,0.497870244313129,6.66010821446139e-05
-36.146,-4.1124,-67.882,9,1.5089,3,5.474,0.173007653255305,6.66010821446139e-05
-24.633,-12.039,-49.722,9,3.9055,3,8.7766,0.429674094718247,6.66010821446139e-05
-23.078,-12.967,-48.332,9,2.6372,3,7.1194,0.469075618370333,6.66010821446139e-05
-27.226,-16.736,-53.2,9,4.1651,3,5.8371,0.356610487790657,6.66010821446139e-05
-28.947,-15.927,-57.283,9,3.8555,3,3.8555,0.454502322523074,6.66010821446139e-05
-23.243,-17.068,-58.165,9,0.26537,3,0.26537,0.412062278590544,6.66010821446139e-05
-21.541,-15.627,-57.848,9,0.7298,3,0.7298,0.433554885775546,6.66010821446139e-05
-31.076,-10.082,-65.674,9,1.4485,3,1.4485,0.329950911924838,6.66010821446139e-05
-30.916,-15.144,-58.624,9,3.905,3,3.905,0.45966408624058,6.66010821446139e-05
-32.1,-13.578,-57.131,9,6.2851,3,6.2851,0.461949293724979,6.66010821446139e-05
-35.981,-11.362,-59.263,9,7.268,3,7.268,0.465604741377234,6.66010821446139e-05
-49.129,-8.8047,-79.342,9,0.56969,3,0.56969,0.338192848679075,6.66010821446139e-05
-46.258,-7.7159,-81.456,9,1.1489,3,1.1489,0.402001958223881,6.66010821446139e-05
-47.542,-8.7272,-82.502,9,0.76704,3,0.76704,0.451526523869976,6.66010821446139e-05
-39.596,-7.5885,-62.218,9,4.638,3,4.638,0.444698381552192,6.66010821446139e-05
-48.089,-6.323,-76.242,9,0.37612,3,0.37612,0.365054569271461,6.66010821446139e-05
-44.056,2.0174,-80.339,9,0.83256,3,1.8724,0.46192096448037,6.66010821446139e-05
-45.19,0.79188,-82.216,9,1.6644,3,1.9653,0.4862110279428,6.66010821446139e-05
-45.461,-2.6151,-80.974,9,1.8333,3,1.8333,0.418077208744573,6.66010821446139e-05
-45.142,-4.155,-79.108,9,2.4866,3,2.4866,0.458126374977008,6.66010821446139e-05
-43.951,-4.01,-72.079,9,2.6276,3,2.6276,0.446194019951471,6.66010821446139e-05
-44.113,-2.5992,-70.986,9,1.7447,3,1.7447,0.354987457987582,6.66010821446139e-05
-41.943,2.5816,-73.283,9,1.3507,3,1.6847,0.472926464367041,6.66010821446139e-05
-40.98,3.051,-71.428,9,0.76247,3,2.3758,0.344536519096152,6.66010821446139e-05
-37.328,-0.68684,-67.607,9,0.14143,3,6.716,0.406956955435455,6.66010821446139e-05
-45.575,-4.336,-80.54,9,2.2153,3,2.2153,0.438258454550249,6.66010821446139e-05
-45.674,-2.7474,-82.245,9,2.0943,3,2.0943,0.423488243429182,6.66010821446139e-05
-43.525,-1.6739,-84.034,9,0.3988,3,0.3988,0.459362634592078,6.66010821446139e-05
-41.306,-1.9249,-83.395,9,0.36616,3,0.36616,0.424666049123131,6.66010821446139e-05
-39.324,10.85,-80.662,10,2.5178,3,2.5178,0.3469813631625,6.66010821446139e-05
-38.378,7.5003,-78.871,10,4.4802,3,4.4802,0.493475604321652,6.66010821446139e-05
-40.246,7.9228,-79.209,10,2.9014,3,2.9014,0.198226548445348,6.66010821446139e-05
-35.911,7.0629,-63.386,10,3.4216,3,3.4216,0.413920993181329,6.66010821446139e-05
-35.693,16.523,-77.581,10,0.42085,3,0.42085,0.425274431868068,6.66010821446139e-05
-36.208,14.554,-76.696,10,1.4294,3,1.4294,0.45661673283693,6.66010821446139e-05
-28.589,19.016,-74.768,10,0.40655,3,0.40655,0.460240458898817,6.66010821446139e-05
-28.869,13.906,-83.56,10,5.9696,3,5.9696,0.112338959148443,6.66010821446139e-05
-29.163,15.989,-82.503,10,4.1209,3,4.1209,0.328774569027643,6.66010821446139e-05
-31.879,4.9,-78.236,10,5.5792,3,5.5792,0.198158397094194,6.66010821446139e-05
-34.952,11.363,-87.41,10,1.5746,3,1.5746,0.430197600888429,6.66010821446139e-05
-39.088,9.6015,-83.523,10,4.1194,3,4.1194,0.279489243713884,6.66010821446139e-05
-39.601,13.185,-83.153,10,1.5446,3,1.5446,0.282624539592608,6.66010821446139e-05
-36.538,17.469,-82.604,10,0.1667,3,0.1667,0.343382892703098,6.66010821446139e-05
-34.295,18.687,-85.387,10,1.0783,3,1.0783,0.439397753964629,6.66010821446139e-05
-35.152,1.1893,-84.096,10,0.34908,3,0.34908,0.221547290744294,6.66010821446139e-05
-38.288,3.5934,-83.784,10,1.5141,3,1.5141,0.428587388173483,6.66010821446139e-05
-37.591,3.9337,-85.534,10,0.52698,3,0.52698,0.443295069957589,6.66010821446139e-05
-38.871,5.6058,-83.128,10,3.521,3,3.521,0.375225256904621,6.66010821446139e-05
-37.164,8.4663,-81.142,10,5.7504,3,5.7504,0.276970291579836,6.66010821446139e-05
-31.158,5.344,-72.709,10,7.0222,3,7.0222,0.113077241635731,6.66010821446139e-05
-41.184,4.8729,-85.027,10,2.453,3,2.453,0.436398177811701,6.66010821446139e-05
-43.48,1.7533,-84.025,10,0.29499,3,2.0961,0.446502115940825,6.66010821446139e-05
-41.833,1.6733,-83.584,10,0.74835,3,1.7076,0.407912061375157,6.66010821446139e-05
-32.861,5.1818,-61.182,10,5.7484,3,6.3232,0.295376077676921,6.66010821446139e-05
-34.099,3.7844,-61.464,10,3.8982,3,5.9962,0.47473218593044,6.66010821446139e-05
-29.33,3.8201,-54.153,10,6.846,3,7.839,0.372334943828414,6.66010821446139e-05
-34.632,8.7575,-46.801,10,0.98908,3,0.98908,0.323473952394955,6.66010821446139e-05
-33.716,-0.6472,-40.785,10,0.3936,3,1.508,0.307523112568017,6.66010821446139e-05
-28.392,-4.525,-50.011,10,0.21898,3,10.407,0.384185068067089,6.66010821446139e-05
-30.401,-3.4796,-49.448,10,0.46932,3,9.9489,0.449472664025219,6.66010821446139e-05
-23.392,4.4022,-41.03,10,1.043,3,1.043,0.391985751408817,6.66010821446139e-05
-23.679,5.3087,-40.693,10,1.191,3,1.191,0.378546791922405,6.66010821446139e-05
-19.904,5.0149,-43.073,10,2.0525,3,2.0525,0.455826171205232,6.66010821446139e-05
-19.344,7.2159,-43.388,10,2.4167,3,2.4167,0.406598933046461,6.66010821446139e-05
-24.535,7.2787,-50.241,10,7.324,3,7.324,0.422510857936664,6.66010821446139e-05
-22.857,13.804,-54.939,10,1.5291,3,1.5291,0.317906401538203,6.66010821446139e-05
-25.172,7.6075,-49.44,10,6.9916,3,6.9916,0.266678323908029,6.66010821446139e-05
-21.794,-1.3583,-51.856,10,5.8438,3,7.7468,0.388622753351097,6.66010821446139e-05
-23.271,-1.5326,-52.334,10,4.892,3,9.2368,0.42254467225679,6.66010821446139e-05
-25.705,1.0363,-54.259,10,6.2545,3,11.95,0.430011627516788,6.66010821446139e-05
-27.441,2.9917,-59.94,10,7.7235,3,11.452,0.497838359941541,6.66010821446139e-05
-25.826,16.848,-66.836,10,0.24339,3,0.24339,0.461250951491748,6.66010821446139e-05
-25.908,16.713,-69.139,10,0.79511,3,0.79511,0.395553781072127,6.66010821446139e-05
-26.605,15.59,-71.613,10,2.4432,3,2.4432,0.457340960505432,6.66010821446139e-05
-27.302,13.519,-71.046,10,4.0278,3,4.0278,0.396242986575438,6.66010821446139e-05
-28.752,9.1761,-55.232,10,5.4454,3,5.4454,0.358059428858444,6.66010821446139e-05
-13.582,4.0757,-64.9,10,5.3762,3,5.3762,0.387443666690039,6.66010821446139e-05
-18.263,7.9911,-70.611,10,7.2184,3,7.2184,0.334403485425719,6.66010821446139e-05
-18.257,9.4024,-69.564,10,6.3196,3,6.3196,0.451814332532725,6.66010821446139e-05
-21.52,15.437,-73.503,10,2.2221,3,2.2221,0.457095639124459,6.66010821446139e-05
-21.71,1.5595,-62.803,10,6.5792,3,6.5792,0.486162235352093,6.66010821446139e-05
-19.378,10.153,-61.123,10,5.8423,3,5.8423,0.479575289949283,6.66010821446139e-05
-20.435,11.293,-60.132,10,4.6444,3,4.6444,0.254518736126321,6.66010821446139e-05
-19.569,2.2129,-48.033,10,6.4901,3,6.4901,0.44831765831962,6.66010821446139e-05
-18.227,2.916,-47.219,10,5.5038,3,5.5038,0.415141829321197,6.66010821446139e-05
-16.273,6.0747,-48.335,10,6.0639,3,6.0639,0.358874547193169,6.66010821446139e-05
-13.095,4.5836,-55.909,10,3.3067,3,3.3067,0.239084771284064,6.66010821446139e-05
-14.107,10.712,-60.564,10,2.6341,3,2.6341,0.309345371734797,6.66010821446139e-05
-14.891,5.4247,-56.27,10,5.2777,3,5.2777,0.219280972716497,6.66010821446139e-05
-14.339,3.8887,-47.154,10,2.9337,3,2.9337,0.345225555459302,6.66010821446139e-05
-18.906,-1.8652,-53.17,10,5.088,3,5.088,0.495002282634637,6.66010821446139e-05
-15.512,0.45973,-60.709,10,3.6602,3,3.6602,0.489929485782977,6.66010821446139e-05
-17.258,-0.54316,-61.616,10,3.2175,3,3.2175,0.339776206183973,6.66010821446139e-05
-15.896,4.8196,-65.292,10,6.2731,3,6.2731,0.342190872062334,6.66010821446139e-05
-6.7754,5.3333,-60.857,10,0.34886,3,0.34886,0.218736127621231,6.66010821446139e-05
-12.967,1.8439,-80.053,10,0.33966,3,0.33966,0.456114609833973,6.66010821446139e-05
-11.62,1.5263,-80.471,10,0.80768,3,0.80768,0.448706307120418,6.66010821446139e-05
-7.8445,4.7273,-78.804,10,1.7281,3,1.7281,0.360579083845947,6.66010821446139e-05
-12.87,4.9457,-78.769,10,2.7784,3,2.7784,0.321200241785701,6.66010821446139e-05
-11.639,5.9913,-80.095,10,3.1445,3,3.1445,0.485815469900768,6.66010821446139e-05
-13.931,4.6409,-70.82,10,3.7943,3,3.7943,0.191017623640044,6.66010821446139e-05
-25.477,4.5793,-73.262,10,4.4274,3,4.4274,0.218981528844069,6.66010821446139e-05
-30.155,7.2725,-83.355,10,2.6694,3,2.6694,0.425599553656098,6.66010821446139e-05
-25.738,2.0776,-83.077,10,0.53532,3,0.53532,0.403643748155675,6.66010821446139e-05
-29.385,15.03,-87.051,10,4.1556,3,4.1556,0.430465381674825,6.66010821446139e-05
-26.093,17.438,-86.384,10,1.8518,3,1.8518,0.489660007412743,6.66010821446139e-05
-23.116,12.573,-88.899,10,2.0392,3,2.0392,0.420627768351256,6.66010821446139e-05
-25.007,6.7304,-85.953,10,0.35936,3,0.35936,0.241386121006325,6.66010821446139e-05
-29.982,10.856,-86.088,10,2.6733,3,2.6733,0.389739888292975,6.66010821446139e-05
-29.762,10.337,-87.496,10,1.2639,3,1.2639,0.444558240154447,6.66010821446139e-05
-28.033,4.9598,-76.813,10,5.073,3,5.073,0.0955047986528862,6.66010821446139e-05
-26.842,14.188,-78.849,10,5.716,3,5.716,0.156323843202776,6.66010821446139e-05
-23.351,16.743,-76.191,10,1.9447,3,1.9447,0.456617733451325,6.66010821446139e-05
-25.193,16.619,-77.49,10,2.9321,3,2.9321,0.482794045164333,6.66010821446139e-05
-26.306,12.541,-77.25,10,6.6303,3,6.6303,0.396708382142988,6.66010821446139e-05
-25.694,10.585,-76.423,10,7.7644,3,7.7644,0.451385231817162,6.66010821446139e-05
-21.779,6.9034,-66.276,10,9.1643,3,9.1643,0.186244908052952,6.66010821446139e-05
-20.276,16.569,-80.886,10,0.53917,3,0.53917,0.477710499898043,6.66010821446139e-05
-19.683,16.453,-78.749,10,0.58499,3,0.58499,0.43917618850733,6.66010821446139e-05
-12.41,9.5487,-85.881,10,2.4007,3,2.4007,0.479158518332987,6.66010821446139e-05
-13.763,10.669,-87.502,10,2.113,3,2.113,0.49095658924473,6.66010821446139e-05
-17.501,10.869,-85.847,10,2.9002,3,2.9002,0.41885308097939,6.66010821446139e-05
-19.009,10.397,-83.882,10,3.6338,3,3.6338,0.482690888756035,6.66010821446139e-05
-18.196,9.8248,-76.514,10,5.4668,3,5.4668,0.498908609180254,6.66010821446139e-05
-16.756,10.445,-75.659,10,4.479,3,4.479,0.35993357618779,6.66010821446139e-05
-13.657,3.1882,-72.787,10,1.6731,3,1.6731,0.32221101193058,6.66010821446139e-05
-20.35,10.203,-89.48,10,0.60281,3,0.60281,0.482208611237405,6.66010821446139e-05
-21.153,10.617,-87.955,10,1.5279,3,1.5279,0.455653107216542,6.66010821446139e-05
-17.293,10.979,-87.796,10,2.1968,3,2.1968,0.450460333851949,6.66010821446139e-05
-16.484,8.4175,-88.929,10,0.17794,3,0.17794,0.462899401535008,6.66010821446139e-05
-16.595,6.4657,-87.992,10,0.8444,3,0.8444,0.356369130529292,6.66010821446139e-05
29.283,-0.49772,15.454,12,6.1716,5,6.1716,0.386342431200957,0.000192729591836735
26.959,-6.3651,10.018,12,0.29735,5,0.29735,0.340921320500481,0.000192729591836735
36.395,-8.0676,-2.8436,12,5.3976,5,0.34282,0.315689006261028,0.000192729591836735
35.124,-11.74,5.5675,12,6.9355,5,4.7674,0.463639896855395,0.000192729591836735
29.371,-2.5117,-4.3497,12,0.52588,5,0.52588,0.3638457960065,0.000192729591836735
28.974,-1.922,-2.3111,12,2.0301,5,2.0301,0.462995150134797,0.000192729591836735
34.736,0.68959,2.2012,12,3.7729,5,3.7729,0.177962924186024,0.000192729591836735
31.1,-1.3507,8.7693,12,4.2494,5,5.5968,0.474241787268903,0.000192729591836735
30.874,-0.92814,10.823,12,5.0182,5,6.6849,0.353699285756353,0.000192729591836735
29.638,3.0457,11.684,12,5.9568,5,5.9568,0.404372287659774,0.000192729591836735
32.637,8.7724,-0.07459,12,2.2718,5,2.2718,0.257227858415527,0.000192729591836735
33.924,9.2063,1.368,12,0.85748,5,0.85748,0.306513236915963,0.000192729591836735
31.774,3.2978,-6.8364,12,1.546,5,1.546,0.418033264671871,0.000192729591836735
27.835,4.3355,-7.3739,12,0.23676,5,0.23676,0.426844856717974,0.000192729591836735
24.92,4.2429,-5.9546,12,0.3897,5,0.3897,0.343341953314594,0.000192729591836735
24.83,0.49413,-5.0006,12,0.12742,5,0.12742,0.378121066054308,0.000192729591836735
21.852,-1.8563,4.5237,12,0.77387,5,0.77387,0.476276233501479,0.000192729591836735
19.089,14.227,3.0153,12,1.2459,5,1.2459,0.374043247201806,0.000192729591836735
17.31,13.424,3.3461,12,2.0285,5,2.0285,0.473625090733374,0.000192729591836735
23.333,9.5964,8.3974,12,4.3762,5,4.3762,0.37439042977281,0.000192729591836735
23.659,9.1323,11.414,12,3.4677,5,3.4677,0.400272899111664,0.000192729591836735
26.307,9.8506,20.278,12,1.5354,5,1.5354,0.293696862636743,0.000192729591836735
25.496,9.6543,18.424,12,1.9544,5,1.9544,0.472675969115102,0.000192729591836735
25.689,8.8161,13.054,12,2.8553,5,2.8553,0.368617124102209,0.000192729591836735
14.28,6.4251,14.61,12,0.73844,5,0.73844,0.334050852090818,0.000192729591836735
15.118,5.887,16.732,12,0.84866,5,0.84866,0.447454622939994,0.000192729591836735
18.949,2.3683,9.894,12,1.9458,5,1.9458,0.448265842580042,0.000192729591836735
20.676,1.6633,9.5016,12,3.1569,5,3.1569,0.355325103324311,0.000192729591836735
24.436,1.5907,11.079,12,5.8603,5,5.8603,0.418878875247618,0.000192729591836735
23.595,-1.5444,14.134,12,4.372,5,4.372,0.39148907682236,0.000192729591836735
23.521,-2.1975,12.014,12,3.098,5,3.098,0.418542994619355,0.000192729591836735
26.899,8.2598,26.673,12,0.49723,5,0.49723,0.462336762585569,0.000192729591836735
25.259,8.7956,27.704,12,0.70275,5,0.70275,0.322483402966989,0.000192729591836735
22.759,4.1695,23.054,12,6.653,5,6.653,0.20934111454528,0.000192729591836735
28.821,-1.0022,26.908,12,4.4442,5,4.4442,0.342861680589023,0.000192729591836735
27.637,-0.24234,25.583,12,5.4885,5,5.4885,0.444311490811632,0.000192729591836735
14.744,-5.0084,24.154,12,1.4512,5,1.4512,0.32737364210623,0.000192729591836735
25.052,-4.2324,35.332,12,2.4094,5,2.4094,0.415715600403147,0.000192729591836735
24.3,-3.1847,36.831,12,1.7064,5,1.7064,0.405704702303148,0.000192729591836735
21.798,-1.6692,36.505,12,1.01,5,1.01,0.371117811404195,0.000192729591836735
20.344,-1.0054,34.979,12,1.414,5,1.414,0.453092812981476,0.000192729591836735
22.26,-5.4019,21.721,12,6.4539,5,6.4539,0.26233956070478,0.000192729591836735
20.624,4.4118,25.747,12,4.0266,5,4.0266,0.221424436078243,0.000192729591836735
21.071,2.8538,25.667,12,4.7118,5,4.7118,0.282528581100858,0.000192729591836735
18.406,0.31358,12.879,12,1.5164,5,1.5164,0.451042311405058,0.000192729591836735
17.657,2.0583,12.484,12,1.1912,5,1.1912,0.429449372524458,0.000192729591836735
17.224,-22.235,35.501,12,2.2303,5,2.2303,0.426988354966672,0.000192729591836735
15.711,-21.569,35.238,12,1.192,5,1.192,0.369319156067329,0.000192729591836735
19.835,-19.086,31.297,12,6.2051,5,6.2051,0.200024793617071,0.000192729591836735
17.631,-8.7228,26.106,12,4.498,5,4.498,0.339373606547918,0.000192729591836735
20.118,-30.567,28.11,12,1.5235,5,3.5191,0.469691827354255,0.000192729591836735
18.368,-31.013,27.765,12,1.6805,5,1.9625,0.394247381276913,0.000192729591836735
23.931,-20.176,21.57,12,0.97214,5,3.0942,0.338480579236135,0.000192729591836735
22.7,-28.414,31.367,12,2.7389,5,2.7389,0.369212547057292,0.000192729591836735
24.809,-29.667,28.46,12,1.4479,5,2.0977,0.480672499942391,0.000192729591836735
25.36,-28.491,29.986,12,1.994,5,1.994,0.344144043843571,0.000192729591836735
20.146,-27.807,35.135,12,1.4008,5,1.4008,0.394410049005965,0.000192729591836735
18.368,-28.013,34.481,12,1.8941,5,1.8941,0.412264037690609,0.000192729591836735
19.092,-28.823,31.776,12,3.5295,5,3.5295,0.423129378620394,0.000192729591836735
21.155,-28.88,32.206,12,2.66,5,2.66,0.381273740536076,0.000192729591836735
22.557,-26.278,31.569,12,3.7336,5,3.7336,0.336962424165567,0.000192729591836735
22.627,-24.41,30.368,12,5.2966,5,5.4125,0.454784250580984,0.000192729591836735
17.962,-18.998,32.619,12,4.383,5,4.383,0.12165201262038,0.000192729591836735
17.143,-30.021,29.693,12,1.61,5,1.61,0.36242754565119,0.000192729591836735
18.041,-29.259,30.878,12,2.3825,5,2.3825,0.432215501154293,0.000192729591836735
28.486,-15.983,30.697,12,2.8971,5,2.8971,0.450488543458958,0.000192729591836735
28.395,-15.726,32.653,12,1.7997,5,1.7997,0.326664316442438,0.000192729591836735
21.197,-16.937,32.371,12,7.1719,5,7.1719,0.215091948709171,0.000192729591836735
21.696,-17.485,21.397,12,1.5172,5,1.8487,0.314861496384533,0.000192729591836735
28.968,-26.153,28.472,12,1.0497,5,1.0497,0.376053356923573,0.000192729591836735
27.467,-26.26,27.553,12,1.3236,5,2.482,0.424384913234241,0.000192729591836735
23.898,-11.598,16.418,12,0.39862,5,0.39862,0.395474886099039,0.000192729591836735
25.459,-7.5667,17.238,12,3.518,5,3.5776,0.478025337102317,0.000192729591836735
25.786,-8.3858,15.765,12,2.4087,5,2.5156,0.368491493336712,0.000192729591836735
27.722,-15.155,31.965,12,2.8363,5,2.8363,0.280612254502583,0.000192729591836735
27.27,-15.795,29.954,12,4.3105,5,4.3105,0.484449494445881,0.000192729591836735
20.47,-5.246,22.489,12,6.1299,5,6.1299,0.360152733821387,0.000192729591836735
26.048,-6.8976,35.741,12,1.7556,5,1.7556,0.452502026852514,0.000192729591836735
26.012,-5.0534,36.574,12,1.0547,5,1.0547,0.353319688708798,0.000192729591836735
16.916,-9.8656,26.628,12,3.9203,5,3.9203,0.369813511294688,0.000192729591836735
22.085,-17.853,30.945,12,7.5036,5,7.5036,0.181876167324838,0.000192729591836735
10.141,-20.297,13.536,13,12.43,5,10.771,0.565392786329385,0.000192729591836735
17.009,-27.132,11.165,13,7.9597,5,7.9597,0.250004325711155,0.000192729591836735
21.621,-35.194,7.2129,13,5.0748,5,5.0748,0.293821401061588,0.000192729591836735
21.01,-35.892,7.7097,13,4.6949,5,4.6949,0.491496357655617,0.000192729591836735
28.433,-37.959,2.8807,13,2.024,5,2.024,0.266771613664668,0.000192729591836735
28.191,-39.04,2.8243,13,1.7518,5,1.7518,0.48622940101817,0.000192729591836735
31.358,-35.434,4.2279,13,0.3361,5,0.3361,0.481857397378178,0.000192729591836735
30.252,-35.398,4.0376,13,0.67165,5,0.67165,0.358283938330743,0.000192729591836735
32.466,-18.431,8.2478,13,2.2649,5,2.2649,0.196513093889333,0.000192729591836735
34.071,-11.782,3.4486,13,2.9035,5,2.9035,0.100662310468866,0.000192729591836735
32.791,-12.964,4.3782,13,1.9416,5,1.9416,0.305537754402904,0.000192729591836735
33.024,-11.143,4.8578,13,3.2367,5,3.2367,0.468324031064124,0.000192729591836735
28.074,-9.206,7.2211,13,1.1133,5,1.1133,0.335744576527573,0.000192729591836735
33.111,-10.926,11.06,13,3.5587,5,6.0555,0.464323353248715,0.000192729591836735
31.827,-9.6521,10.705,13,2.04,5,4.8501,0.328419339266335,0.000192729591836735
27.725,-12.562,9.0008,13,0.30111,5,0.30111,0.401765639198824,0.000192729591836735
31.247,-16.548,6.6182,13,0.8995,5,0.8995,0.338673303940268,0.000192729591836735
21.867,12.551,-32.597,16,6.5317,7,6.5317,0.338661679034074,0.000184292146073036
24.847,8.6257,-28.64,16,6.8063,7,6.8063,0.407578402608069,0.000184292146073036
25.631,10.553,-29.312,16,7.2452,7,7.2452,0.390201005756639,0.000184292146073036
24.154,7.8141,-32.363,16,8.2753,7,8.2753,0.410864172248149,0.000184292146073036
26.542,4.8799,-31.923,16,8.0484,7,8.0484,0.392033403745878,0.000184292146073036
28.152,4.5593,-32.135,16,9.0779,7,9.2238,0.402582534040063,0.000184292146073036
24.562,10.072,-39.234,16,2.4379,7,8.2613,0.342369357814579,0.000184292146073036
27.101,14.981,-40.166,16,2.4703,7,3.4028,0.495853516301701,0.000184292146073036
27.421,16.758,-41.242,16,1.955,7,1.9882,0.264178677149632,0.000184292146073036
25.748,0.89005,-41.856,16,0.65177,7,10.23,0.363043503495038,0.000184292146073036
28.114,-0.3005,-37.631,16,2.3905,7,8.5122,0.443875323012532,0.000184292146073036
26.589,-1.3792,-36.226,16,2.7946,7,7.1175,0.478884836335345,0.000184292146073036
26.604,0.62799,-32.684,16,5.6757,7,7.0524,0.447393254510104,0.000184292146073036
21.31,2.1454,-28.386,16,1.79,7,1.79,0.436992105746425,0.000184292146073036
16.204,-2.5381,-34.814,16,0.20086,7,1.0826,0.165166734053873,0.000184292146073036
13.072,-1.7498,-37.02,16,0.24402,7,2.6998,0.274221961284879,0.000184292146073036
14.045,7.2484,-40.596,16,0.70341,7,0.70341,0.333509461487788,0.000184292146073036
20.16,11.558,-33.626,16,6.9111,7,6.9111,0.390380122386905,0.000184292146073036
21.504,14.145,-37.048,16,3.5869,7,4.8197,0.342964295012631,0.000184292146073036
18.975,11.558,-29.492,16,5.7297,7,5.7297,0.360289962406861,0.000184292146073036
21.449,5.6472,-27.334,16,3.0423,7,3.0423,0.409109529608495,0.000184292146073036
17.857,12.025,-21.797,16,3.8236,7,3.8236,0.237600268705535,0.000184292146073036
16.84,12.102,-23.113,16,3.3145,7,3.3145,0.491647215565553,0.000184292146073036
15.791,10.477,-20.399,16,1.1023,7,1.1023,0.331673041074981,0.000184292146073036
20.918,8.2569,-24.449,16,3.1549,7,3.1549,0.401367613204937,0.000184292146073036
21.017,12.124,-27.988,16,6.204,7,6.204,0.348245340157043,0.000184292146073036
30.148,9.3718,-21.858,16,5.5848,7,5.5848,0.350801783924344,0.000184292146073036
26.322,8.2032,-24.641,16,4.18,7,4.18,0.433612630976426,0.000184292146073036
27.811,9.76,-23.709,16,5.6273,7,5.6273,0.459031312440945,0.000184292146073036
25.107,6.9706,-20.695,16,1.4998,7,1.4998,0.463889279820988,0.000184292146073036
20.785,13.467,-13.694,16,4.121,7,4.121,0.331902995923086,0.000184292146073036
22.637,14.227,-13.615,16,2.7998,7,2.7998,0.467531890254772,0.000184292146073036
15.209,14.813,-3.6523,16,1.6299,7,1.6299,0.410776169623506,0.000184292146073036
15.975,13.544,-3.2745,16,1.8039,7,1.8039,0.444413303509944,0.000184292146073036
19.145,13.84,-13.015,16,4.1596,7,4.1596,0.496037677986406,0.000184292146073036
18.311,11.888,-13.072,16,2.3787,7,2.3787,0.417656863151379,0.000184292146073036
24.573,7.67,-12.281,16,0.24074,7,0.24074,0.391513665457182,0.000184292146073036
32.617,7.0783,-8.1379,16,0.24715,7,0.24715,0.210702033272961,0.000184292146073036
26.372,9.6895,-14.997,16,2.2972,7,2.2972,0.319013269158859,0.000184292146073036
27.012,3.6853,-22.068,16,0.33122,7,0.33122,0.468343163422976,0.000184292146073036
29.816,-0.42158,-21.224,16,1.9857,7,1.9857,0.459689869860871,0.000184292146073036
28.131,-0.36727,-22.592,16,0.89056,7,0.89056,0.352239192184017,0.000184292146073036
32.979,7.6766,-20.441,16,4.2898,7,4.2898,0.402306029171136,0.000184292146073036
34.104,6.1681,-24.608,16,4.7475,7,4.7475,0.391298162989807,0.000184292146073036
25.221,-0.15014,-29.57,16,5.2461,7,5.6946,0.459412896650092,0.000184292146073036
26.965,-3.2898,-31.984,16,2.4966,7,3.3712,0.465321089733754,0.000184292146073036
27.161,-2.4413,-33.999,16,2.9015,7,4.9137,0.415169777031543,0.000184292146073036
31.608,-2.8844,-35.954,16,1.1714,7,5.266,0.402397127463324,0.000184292146073036
33.848,-2.7127,-33.735,16,2.0474,7,3.8057,0.462177310009898,0.000184292146073036
32.018,-2.4373,-34.738,16,1.9,7,4.7395,0.299465861895973,0.000184292146073036
34.586,4.4108,-31.116,16,5.0043,7,5.0043,0.351409151787374,0.000184292146073036
34.613,3.2174,-32.488,16,5.8156,7,5.8156,0.348022913264753,0.000184292146073036
29.873,4.5861,-28.825,16,6.6913,7,6.6913,0.375410441519547,0.000184292146073036
39.557,-15.005,-16.585,14,2.7162,6,4.0673,0.297277798009017,0.00032562358276644
39.641,-16.681,-17.252,14,2.6266,6,3.4703,0.489300948342486,0.00032562358276644
39.176,-8.0822,-17.596,14,0.53774,6,5.0126,0.459405652680281,0.00032562358276644
37.378,-8.6859,-17.605,14,0.22187,6,3.4068,0.356172239411573,0.00032562358276644
36.085,-6.5125,-10.863,14,4.4452,6,5.1781,0.346984194435072,0.00032562358276644
37.156,-4.9055,-12.756,14,2.8825,6,5.2245,0.34935138250223,0.00032562358276644
35.218,-10.37,-15.281,14,1.1533,6,3.0675,0.359412015500251,0.00032562358276644
39.191,-13.034,-13.946,14,4.181,6,4.4742,0.499747788072817,0.00032562358276644
39.767,-13.654,-16.023,14,3.0551,6,4.7194,0.357334800586531,0.00032562358276644
38.802,-19.477,-11.826,14,0.61621,6,0.61621,0.236277015984912,0.00032562358276644
38.905,-20.661,-18.967,14,1.4212,6,1.5519,0.336428077347327,0.00032562358276644
39.503,-21.334,-17.343,14,1.3143,6,1.3143,0.457681574228123,0.00032562358276644
38.482,-18.808,-11.905,14,0.74631,6,0.74631,0.277266338550419,0.00032562358276644
34.171,-41.326,-21.99,15,7.1318,6,4.6805,0.0299305237486335,0.00032562358276644
32.827,-39.613,-25.14,15,5.9817,6,5.6812,0.305175457959194,0.00032562358276644
38.987,-33.909,-33.019,15,2.9647,6,2.9647,0.179088815818235,0.00032562358276644
28.334,-48.786,-41.126,15,2.4967,6,2.4967,0.191335773972275,0.00032562358276644
29.623,-50.087,-39.944,15,2.2628,6,2.2628,0.340871209564665,0.00032562358276644
40.21,-41.812,-41.888,15,0.18536,6,0.18536,0.348548856771687,0.00032562358276644
39.479,-48.39,-43.878,15,1.0461,6,1.0461,0.442263643660933,0.00032562358276644
31.824,-49.477,-40.924,15,0.35352,6,0.35352,0.356403869977658,0.00032562358276644
31.553,-47.548,-39.872,15,0.17573,6,0.17573,0.467997439985806,0.00032562358276644
32.523,-48.264,-48.37,15,0.99374,6,0.99374,0.453323938257556,0.00032562358276644
40.083,-54.209,-39.16,15,1.9647,6,1.9647,0.466386825514517,0.00032562358276644
40.872,-53.181,-40.171,15,2.0432,6,2.0432,0.495461080151429,0.00032562358276644
39.811,-48.456,-44.273,15,0.73564,6,0.73564,0.399684679143427,0.00032562358276644
39.273,-41.541,-41.557,15,0.35157,6,0.35157,0.0477995094016839,0.00032562358276644
43.182,-43.308,-37.095,15,3.4442,6,3.4442,0.472891377903463,0.00032562358276644
44.579,-44.74,-38.151,15,1.8395,6,1.8395,0.316778573853866,0.00032562358276644
44.686,-49.417,-41.706,15,1.0701,6,1.0701,0.448095325433085,0.00032562358276644
43.748,-46.396,-34.772,15,1.4327,6,1.4327,0.427011506712754,0.00032562358276644
43.667,-45.756,-36.219,15,2.0253,6,2.0253,0.374944144993763,0.00032562358276644
33.15,-48.447,-29.364,15,3.1501,6,3.1501,0.0377243753771909,0.00032562358276644
34.199,-51.569,-34.403,15,1.2012,6,1.2012,0.460983259710595,0.00032562358276644
35.04,-50.842,-34.748,15,0.44717,6,0.44717,0.424590924298254,0.00032562358276644
45.543,-27.632,-39.532,15,4.096,6,4.096,0.204839280481507,0.00032562358276644
31.289,-14.721,-31.25,15,0.84301,6,0.84301,0.444986827480852,0.00032562358276644
28.535,-13.23,-31.791,15,0.64901,6,0.64901,0.341365522323436,0.00032562358276644
43.578,-9.4526,-29.996,15,0.45816,6,0.45816,0.262716273476258,0.00032562358276644
29.159,-3.1062,-21.247,15,0.30995,6,0.30995,0.396001961114475,0.00032562358276644
29.742,-4.1994,-19.824,15,0.44254,6,0.44254,0.462118125195666,0.00032562358276644
32.247,-1.7851,-21.787,15,0.39858,6,0.39858,0.232217105719121,0.00032562358276644
33.456,-2.8753,-26.159,15,0.58143,6,0.58143,0.241654006185423,0.00032562358276644
31.766,-6.7106,-26.892,15,2.1395,6,2.1395,0.47559752810502,0.00032562358276644
30.317,-5.0157,-26.958,15,0.62606,6,0.62606,0.435894910124966,0.00032562358276644
29.048,-11.988,-24.849,15,0.93152,6,0.93152,0.358100508546345,0.00032562358276644
32.644,-10.898,-17.834,15,0.33747,6,0.33747,0.357240840043447,0.00032562358276644
29.408,-9.1283,-18.786,15,0.21626,6,0.21626,0.310729285203046,0.00032562358276644
40.888,-10.17,-18.137,15,1.3383,6,4.5124,0.338911204738907,0.00032562358276644
41.709,-17.902,-24.339,15,2.4743,6,5.11,0.365470617896471,0.00032562358276644
38.755,-19.653,-28.561,15,2.4064,6,2.4064,0.299923249529377,0.00032562358276644
40.354,-21.019,-28.634,15,2.817,6,2.817,0.481514586545098,0.00032562358276644
24.459,-20.271,-46.373,17,4.0904,7,4.0904,0.308974225512859,0.000184292146073036
24.859,-19.987,-48.354,17,4.7339,7,4.7339,0.46137178819877,0.000184292146073036
24.047,-15.396,-46.981,17,5.1518,7,7.9559,0.409330278963566,0.000184292146073036
23.83,-14.3,-44.857,17,5.0034,7,7.5728,0.313095684701979,0.000184292146073036
23.259,-18.932,-42.062,17,3.3864,7,3.3864,0.350298708260099,0.000184292146073036
23.726,-19.115,-39.849,17,3.0873,7,3.0873,0.497999246248502,0.000184292146073036
26.021,-9.987,-40.425,17,2.0821,7,8.1136,0.260137606153036,0.000184292146073036
20.944,-8.401,-36.162,17,3.5106,7,3.5106,0.453324493472376,0.000184292146073036
21.772,-9.395,-37.878,17,5.3852,7,5.5556,0.385845364503746,0.000184292146073036
20.467,-3.9895,-42.61,17,2.2519,7,8.3569,0.490352919354746,0.000184292146073036
21.625,-5.8931,-42.536,17,3.6233,7,8.5041,0.281209117912393,0.000184292146073036
14.134,-9.0168,-46.684,17,4.4308,7,4.4308,0.379273851221026,0.000184292146073036
13.372,-8.6409,-55.679,17,2.993,7,4.2973,0.179490243583434,0.000184292146073036
20.352,-10.062,-47.636,17,5.9946,7,8.716,0.317090761338905,0.000184292146073036
18.939,-10.369,-49.241,17,6.0563,7,8.1457,0.389762219678399,0.000184292146073036
15.654,-10.456,-52.482,17,5.6496,7,5.6496,0.472041857632319,0.000184292146073036
14.638,-10.031,-50.714,17,4.7738,7,4.7738,0.315659835574023,0.000184292146073036
49.262,-38.281,-52.487,18,2.1426,7,2.1426,0.463512482205556,0.000184292146073036
50.577,-37.58,-52.774,18,1.1876,7,1.1876,0.370178440117265,0.000184292146073036
41.488,-31.838,-43.657,18,5.3781,7,5.3781,0.220734320878515,0.000184292146073036
45.066,-39.675,-53.57,18,4.3717,7,4.3717,0.256220716030847,0.000184292146073036
44.493,-40.568,-51.74,18,5.6163,7,5.6163,0.112320283596111,0.000184292146073036
45.364,-37.178,-57.456,18,1.2861,7,1.2861,0.203067805127924,0.000184292146073036
46.49,-37.53,-58.772,18,0.80833,7,0.80833,0.497587551847944,0.000184292146073036
46.331,-38.724,-56.18,18,2.666,7,2.666,0.367289612725031,0.000184292146073036
51.227,-38.118,-57.406,18,1.3205,7,1.3205,0.46304291884667,0.000184292146073036
49.951,-36.728,-60.168,18,2.3433,7,2.3433,0.49169703230154,0.000184292146073036
51.103,-36.406,-59.885,18,2.3182,7,2.3182,0.463355306248878,0.000184292146073036
45.101,-30.399,-58.357,18,0.83822,7,1.2374,0.469980844044868,0.000184292146073036
44.067,-30.707,-58.037,18,0.97602,7,0.97602,0.379231902476179,0.000184292146073036
35.091,-17.672,-38.295,18,1.0139,7,5.2541,0.395700167002952,0.000184292146073036
33.863,-20.48,-38.932,18,2.9867,7,6.8505,0.429309925599112,0.000184292146073036
44.052,-39.656,-44.191,18,1.6263,7,1.6263,0.411583551822191,0.000184292146073036
44.599,-38.085,-42.931,18,1.3052,7,1.3052,0.398878980263823,0.000184292146073036
44.703,-38.64,-47.335,18,4.4734,7,4.4734,0.478357770321779,0.000184292146073036
43.307,-37.147,-47.818,18,6.0475,7,6.0475,0.350158774795265,0.000184292146073036
44.443,-24.31,-41.539,18,2.0744,7,4.6365,0.244386109829327,0.000184292146073036
34.715,-46.694,-47.134,18,1.3916,7,1.3916,0.46143406215247,0.000184292146073036
35.631,-44.831,-46.28,18,1.8739,7,1.8739,0.422318359964522,0.000184292146073036
35.256,-46.687,-51.306,18,0.60727,7,0.60727,0.485129290481901,0.000184292146073036
36.112,-45.809,-50.535,18,1.6956,7,1.6956,0.391489878122123,0.000184292146073036
36.036,-45.85,-48.611,18,2.8626,7,2.8626,0.469559304685847,0.000184292146073036
38.312,-47.059,-49.075,18,3.0721,7,3.0721,0.464748686861268,0.000184292146073036
36.586,-45.54,-48.789,18,3.2557,7,3.2557,0.404479156533895,0.000184292146073036
37.356,-36.298,-39.323,18,0.10743,7,0.10743,0.172877878537154,0.000184292146073036
36.554,-45.866,-46.391,18,1.1253,7,1.1253,0.403109405212909,0.000184292146073036
38.316,-47.244,-46.985,18,1.3716,7,1.3716,0.469727800706645,0.000184292146073036
42.475,-46.281,-45.182,18,0.42903,7,0.42903,0.49684678107417,0.000184292146073036
35.407,-21.849,-37.505,18,4.4473,7,5.346,0.473167582697939,0.000184292146073036
30.724,-22.744,-37.077,18,1.7573,7,4.2486,0.408944825312629,0.000184292146073036
30.511,-23.498,-35.452,18,2.7926,7,3.1942,0.420299987465293,0.000184292146073036
40.326,-41.567,-58.599,18,1.9768,7,1.9768,0.278476381122369,0.000184292146073036
40.014,-31.247,-56.262,18,0.85263,7,0.85263,0.0768562322473872,0.000184292146073036
44.178,-41.83,-57.298,18,0.84193,7,0.84193,0.455975659324911,0.000184292146073036
44.849,-39.976,-58.883,18,0.20062,7,0.20062,0.382524525176393,0.000184292146073036
45.665,-39.766,-58.508,18,0.40965,7,0.40965,0.435977416431883,0.000184292146073036
46.418,-40.382,-52.241,18,4.4934,7,4.4934,0.029943547733916,0.000184292146073036
45.926,-39.869,-53.807,18,4.617,7,4.617,0.0825496758456555,0.000184292146073036
38.287,-34.97,-45.189,18,5.9742,7,5.9742,0.131272858829806,0.000184292146073036
41.496,-47.437,-57.283,18,0.2638,7,0.2638,0.462678466949643,0.000184292146073036
34.633,-43.828,-54.223,18,1.7685,7,1.7685,0.483566313936294,0.000184292146073036
35.446,-43.22,-53.999,18,1.0438,7,1.0438,0.409117031266451,0.000184292146073036
33.188,-41.064,-51.85,18,0.8922,7,0.8922,0.133659262633134,0.000184292146073036
47.187,-4.2402,-71.285,19,0.20363,7,0.20363,0.25331470002343,0.000184292146073036
48.042,0.62957,-73.165,19,1.0713,7,1.0713,0.357954297601217,0.000184292146073036
48.54,-0.21386,-73.888,19,1.1632,7,1.1632,0.441582360492509,0.000184292146073036
42.414,1.1743,-65.52,19,1.8689,7,3.1435,0.0725362208167079,0.000184292146073036
43.1,-0.52853,-58.075,19,3.3768,7,3.3768,0.495951382350532,0.000184292146073036
43.78,-1.2138,-56.135,19,2.8212,7,2.8212,0.380262758444777,0.000184292146073036
43.944,-5.4231,-52.791,19,3.4475,7,3.4475,0.4166616788429,0.000184292146073036
32.384,-7.3258,-51.839,19,3.934,7,9.0525,0.465521020946937,0.000184292146073036
31.236,-7.9504,-53.412,19,2.9955,7,7.2279,0.446399677251064,0.000184292146073036
29.63,-6.8245,-56.852,19,1.8566,7,4.6297,0.424949750117742,0.000184292146073036
29.072,-5.7781,-57.833,19,1.2658,7,3.494,0.408481624383744,0.000184292146073036
31.213,-4.4754,-61.375,19,1.2643,7,2.4366,0.346444315146019,0.000184292146073036
44.036,0.32003,-64.753,19,1.8362,7,1.8362,0.274575718067992,0.000184292146073036
37.004,-2.4177,-56.474,19,5.1579,7,8.2957,0.313861724449087,0.000184292146073036
27.013,-6.1878,-47.692,19,0.38756,7,12.933,0.359985216900133,0.000184292146073036
26.127,-4.5149,-47.505,19,0.80457,7,13.259,0.434935132129293,0.000184292146073036
33.657,-6.242,-49.887,19,5.579,7,11.502,0.375209321467605,0.000184292146073036
32.308,-4.6451,-45.18,19,5.7229,7,12.037,0.495685687505303,0.000184292146073036
31.537,-6.5955,-46.057,19,4.3023,7,12.443,0.381922539679298,0.000184292146073036
31.143,1.4585,-44.245,19,1.2095,7,9.7864,0.492115903925637,0.000184292146073036
29.243,0.71281,-43.315,19,0.22246,7,11.734,0.284363399344879,0.000184292146073036
42.565,-1.9865,-54.628,19,3.9595,7,3.9595,0.291181555934945,0.000184292146073036
41.263,-0.63069,-54.579,19,4.6047,7,4.6047,0.496920055520021,0.000184292146073036
40.483,-4.2782,-46.403,19,5.0419,7,5.0419,0.320243346816671,0.000184292146073036
41.25,-3.0866,-44.854,19,3.9027,7,3.9027,0.47257513108032,0.000184292146073036
31.934,-7.5336,-40.61,19,3.4467,7,6.9185,0.451296351303693,0.000184292146073036
33.309,-7.9815,-35.782,19,2.1613,7,2.1613,0.37045622225624,0.000184292146073036
31.765,-7.0318,-36.252,19,1.7274,7,2.8509,0.450166144877084,0.000184292146073036
37.683,-6.9418,-36.559,19,3.1593,7,4.1185,0.361562307475379,0.000184292146073036
38.956,-5.5079,-35.767,19,2.0783,7,3.9865,0.466754591771666,0.000184292146073036
42.495,-8.5396,-40.626,19,4.6405,7,4.6405,0.338808829830443,0.000184292146073036
41.423,-5.3779,-49.565,19,4.8047,7,4.8047,0.389460255062219,0.000184292146073036
50.19,-22.236,-48.618,19,1.1693,7,1.1693,0.229916773869193,0.000184292146073036
42.19,-22.911,-53.894,19,4.2142,7,5.0913,0.286105069218635,0.000184292146073036
40.338,-15.127,-52.828,19,7.1651,7,7.1651,0.333039435827043,0.000184292146073036
38.907,-11.3,-44.022,19,7.0311,7,9.3891,0.460338900475628,0.000184292146073036
39.735,-11.217,-42.434,19,6.6158,7,8.2279,0.442707913342284,0.000184292146073036
40.863,-12.121,-39.415,19,4.7462,7,5.7655,0.453731944292455,0.000184292146073036
41.468,-13.453,-38.298,19,3.1496,7,4.2166,0.318187907383833,0.000184292146073036
46.929,-20.708,-48.655,19,3.6777,7,4.1721,0.479751008205852,0.000184292146073036
48.717,-21.321,-49.421,19,2.622,7,2.622,0.279857810570141,0.000184292146073036
41.059,-17.289,-36.369,19,0.97052,7,3.1116,0.442700216589139,0.000184292146073036
41.088,-15.494,-35.416,19,0.5501,7,1.2046,0.414811665619234,0.000184292146073036
38.875,-12.493,-34.917,19,1.1992,7,1.1992,0.414896070025209,0.000184292146073036
36.902,-12.193,-35.634,19,1.8931,7,1.8931,0.462158723515605,0.000184292146073036
31.384,-9.1909,-36.878,19,1.5972,7,3.137,0.457614533784103,0.000184292146073036
32.019,-10.883,-35.388,19,1.2346,7,1.3714,0.467849647339538,0.000184292146073036
34.974,-9.8039,-38.672,19,4.9614,7,4.9965,0.371543163679513,0.000184292146073036
33.507,-10.379,-44.002,19,4.3735,7,9.8058,0.477852635792157,0.000184292146073036
30.01,-13.218,-42.33,19,0.29625,7,8.2768,0.393249704362979,0.000184292146073036
29.681,-10.899,-41.936,19,0.80025,7,7.9615,0.454580020344208,0.000184292146073036
42.438,-19.746,-53.37,19,6.2498,7,6.2498,0.296899116009044,0.000184292146073036
39.925,-18.314,-54.93,19,4.093,7,4.093,0.243689854910852,0.000184292146073036
33.325,-11.059,-48.108,19,4.2684,7,11.504,0.314825060939641,0.000184292146073036
34.566,-6.3193,-50.921,19,6.2588,7,10.824,0.423418591380221,0.000184292146073036
32.717,-5.5538,-52.501,19,4.9775,7,9.4057,0.426680490500313,0.000184292146073036
35.121,-10.825,-51.888,19,6.2789,7,8.0648,0.47007296422908,0.000184292146073036
51.675,-17.225,-66.171,19,1.3584,7,1.3584,0.399991475138982,0.000184292146073036
49.736,-18.007,-65.774,19,0.34985,7,0.34985,0.411185033299615,0.000184292146073036
41.921,-13.967,-52.593,19,7.5898,7,7.5898,0.289099373689458,0.000184292146073036
48.54,-18.938,-63.479,19,0.76788,7,0.76788,0.421876873018383,0.000184292146073036
50.747,-18.844,-63.424,19,2.133,7,2.133,0.421722959515844,0.000184292146073036
12.345,4.4171,-70.666,20,0.54365,7,0.54365,0.238026945067399,0.000184292146073036
10.388,6.946,-75.222,20,0.56246,7,0.56246,0.239419715587569,0.000184292146073036
10.766,8.0074,-76.237,20,0.21908,7,0.21908,0.495281426395425,0.000184292146073036
9.1592,11.335,-83.048,20,1.0607,7,1.0607,0.414561269677972,0.000184292146073036
12.03,14.33,-78.829,20,4.5646,7,4.5646,0.266766263200558,0.000184292146073036
15.17,14.716,-81.076,20,3.3746,7,3.3746,0.343867560751112,0.000184292146073036
12.011,9.7941,-84.479,20,1.539,7,1.539,0.260252115269168,0.000184292146073036
16.858,14.645,-82.103,20,2.2063,7,2.2063,0.470068718859428,0.000184292146073036
15.749,15.715,-81.265,20,3.8017,7,3.8017,0.297859983912365,0.000184292146073036
15.35,17.479,-82.19,20,4.3776,7,4.3776,0.484093636033411,0.000184292146073036
26.113,8.1033,-72.063,20,0.38598,7,0.38598,0.1371086221903,0.000184292146073036
19.194,12.425,-81.69,20,0.19417,7,0.19417,0.454595644161054,0.000184292146073036
19.8,14.518,-83.026,20,0.6745,7,0.6745,0.498835469753959,0.000184292146073036
24.226,16.149,-81.291,20,1.9681,7,1.9681,0.480530566085057,0.000184292146073036
23.956,5.5809,-69.447,20,0.3119,7,0.3119,0.22440308748873,0.000184292146073036
23.589,5.6486,-67.579,20,1.6641,7,1.6641,0.488241224598693,0.000184292146073036
28.2,3.9443,-56.475,20,4.9449,7,9.6927,0.496142013237304,0.000184292146073036
25.271,-0.032685,-54.649,20,3.8593,7,8.7733,0.494740264576167,0.000184292146073036
26.73,-1.6318,-56.014,20,1.7315,7,6.5071,0.475572951560742,0.000184292146073036
22.501,0.28617,-55.613,20,5.2117,7,8.5176,0.257211837214591,0.000184292146073036
16.289,4.4458,-63.414,20,4.2863,7,4.2863,0.185950375802877,0.000184292146073036
14.928,6.9524,-62.082,20,3.8755,7,3.8755,0.278309436251609,0.000184292146073036
10.658,-0.15708,-56.3,20,2.5925,7,2.5925,0.290256323073169,0.000184292146073036
11.813,0.67781,-55.084,20,3.0467,7,3.0467,0.466358807235859,0.000184292146073036
21.827,0.92155,-48.399,20,3.5759,7,10.121,0.449070039360448,0.000184292146073036
19.843,4.4406,-50.999,20,7.2555,7,7.7416,0.351142253492485,0.000184292146073036
18.04,6.2491,-45.779,20,2.4906,7,5.368,0.355746297073258,0.000184292146073036
16.205,5.7457,-44.939,20,1.207,7,3.4795,0.481010824107153,0.000184292146073036
15.089,6.5533,-44.429,20,0.70939,7,2.36,0.425212535672881,0.000184292146073036
14.09,8.2812,-44.802,20,1.2934,7,1.4284,0.405087683020213,0.000184292146073036
12.829,10.188,-56.554,20,2.3141,7,2.3141,0.300671088703158,0.000184292146073036
10.474,14.13,-63.533,20,3.7919,7,3.7919,0.323355326500101,0.000184292146073036
11.97,13.09,-49.162,20,3.0206,7,3.0206,0.272313344811773,0.000184292146073036
14.479,10.546,-46.753,20,2.8984,7,2.8984,0.354786379805374,0.000184292146073036
16.463,15.469,-62.668,20,5.2425,7,5.2425,0.318293371264511,0.000184292146073036
18.456,22.93,-73.501,20,0.53953,7,0.53953,0.40719909419193,0.000184292146073036
17.99,22.65,-75.735,20,1.6055,7,1.6055,0.458779298903462,0.000184292146073036
15.889,20.315,-76.266,20,2.8435,7,2.8435,0.421800748321454,0.000184292146073036
14.405,18.969,-74.94,20,3.2184,7,3.2184,0.454272320220574,0.000184292146073036
17.275,17.924,-62.723,20,2.9005,7,2.9005,0.213555531774824,0.000184292146073036
19.939,17.896,-76.962,20,6.5502,7,6.5502,0.432838853345009,0.000184292146073036
9.327,14.671,-81.463,20,2.8458,7,2.8458,0.466990042353611,0.000184292146073036
8.3248,13.425,-80.397,20,2.4395,7,2.4395,0.424452021640475,0.000184292146073036
6.8762,15.087,-78.591,20,1.6936,7,1.6936,0.497993667007184,0.000184292146073036
8.2566,16.786,-79.47,20,0.64182,7,0.64182,0.386671552101768,0.000184292146073036
9.9543,17.967,-78.341,20,0.53112,7,0.53112,0.393999729086954,0.000184292146073036
11.732,18.421,-76.636,20,1.6567,7,1.6567,0.497874406260642,0.000184292146073036
13.291,16.845,-78.49,20,3.531,7,3.531,0.337038019728921,0.000184292146073036
12.731,16.895,-80.578,20,2.9885,7,2.9885,0.476434190940413,0.000184292146073036
15.105,12.587,-71.868,20,5.2173,7,5.2173,0.470234217627425,0.000184292146073036
14.977,11.069,-72.3,20,3.7471,7,3.7471,0.341230909720586,0.000184292146073036
11.057,6.6079,-67.739,20,0.85125,7,0.85125,0.28447587343556,0.000184292146073036
5.909,14.63,-72.85,20,1.2843,7,1.2843,0.0624553634722528,0.000184292146073036
8.7361,15.584,-63.507,20,2.2013,7,2.2013,0.215798723343417,0.000184292146073036
27.969,15.935,-55.449,20,3.6173,7,3.6173,0.370713948686319,0.000184292146073036
23.582,18.574,-73.074,20,4.2472,7,4.2472,0.462087927525767,0.000184292146073036
22.768,21.496,-70.682,20,0.87381,7,0.87381,0.377866209142483,0.000184292146073036
23.185,22.004,-68.593,20,0.19542,7,0.19542,0.424875977956133,0.000184292146073036
24.23,15.167,-50.201,20,4.9535,7,4.9535,0.240322221857705,0.000184292146073036
23.5,15.139,-51.576,20,5.0599,7,5.0599,0.484432854417606,0.000184292146073036
23.916,13.96,-50.865,20,6.1994,7,6.1994,0.323140201646104,0.000184292146073036
21.529,12.815,-43.01,20,1.5774,7,6.979,0.357533281113842,0.000184292146073036
23.619,13.532,-42.881,20,1.0015,7,6.1165,0.467341473794301,0.000184292146073036
23.862,1.643,-44.949,20,1.8857,7,11.647,0.426681492608,0.000184292146073036
24.017,2.2559,-43.254,20,0.69492,7,10.628,0.413512708528426,0.000184292146073036
22.355,6.0093,-44.258,20,1.1871,7,9.1765,0.4382201463039,0.000184292146073036
22.409,5.2852,-45.952,20,2.2963,7,9.7379,0.347703071748611,0.000184292146073036
25.17,5.9656,-49.96,20,6.2169,7,12.645,0.414622624033034,0.000184292146073036
28.81,4.0845,-47.459,20,2.0369,7,11.243,0.42992620410712,0.000184292146073036
27.057,2.8184,-48.024,20,2.3602,7,13.456,0.383714975345625,0.000184292146073036
30.147,10.202,-55.862,20,6.4463,7,6.4463,0.260596973867621,0.000184292146073036
31.66,9.4904,-56.534,20,5.8903,7,5.8903,0.480228843416136,0.000184292146073036
29.354,1.9974,-49.661,20,1.1977,7,12.525,0.495411892395791,0.000184292146073036
30.098,4.2017,-50.238,20,2.3499,7,11.166,0.487804606955119,0.000184292146073036
30.4,1.1629,-54.197,20,1.302,7,10.353,0.41461124657826,0.000184292146073036
33.568,4.6906,-60.978,20,2.664,7,7.0171,0.333330545074205,0.000184292146073036
35.177,8.703,-77.886,20,1.002,7,1.002,0.42654806519932,0.000184292146073036
37.949,12.544,-78.416,20,1.722,7,1.722,0.432136547278713,0.000184292146073036
39.646,12.244,-77.05,20,1.9218,7,1.9218,0.395522645240045,0.000184292146073036
41.566,11.563,-79.513,20,1.7443,7,1.7443,0.471191762886118,0.000184292146073036
40.626,11.183,-80.311,20,0.70369,7,0.70369,0.434145503650621,0.000184292146073036
38.202,13.267,-70.166,20,1.3763,7,1.3763,0.307965776250494,0.000184292146073036
35.84,7.7961,-63.559,20,4.782,7,5.4144,0.498939596583464,0.000184292146073036
35.053,6.3835,-62.239,20,3.5413,7,6.2869,0.392180375190176,0.000184292146073036
25.626,-0.013703,-60.449,20,4.2926,7,4.2926,0.391510336576161,0.000184292146073036
25.631,-0.66897,-62.774,20,1.9872,7,1.9872,0.41392512655003,0.000184292146073036
25.622,3.7773,-57.707,20,6.5692,7,8.3675,0.456055005659752,0.000184292146073036
25.516,2.0363,-56.928,20,5.315,7,8.2442,0.43504719634057,0.000184292146073036
25.602,18.288,-82.754,20,1.6365,7,1.6365,0.489446251243654,0.000184292146073036
28.339,21.845,-81.259,20,2.5284,7,2.5284,0.468945599502487,0.000184292146073036
31.729,20.018,-81.588,20,2.8339,7,2.8339,0.3724629443107,0.000184292146073036
33.205,12.551,-77.408,20,1.5393,7,1.5393,0.310007579256053,0.000184292146073036
28.286,8.809,-73.06,20,0.13615,7,0.13615,0.194082699895814,0.000184292146073036
23.15,19.127,-76.127,20,4.8107,7,4.8107,0.495136946749784,0.000184292146073036
23.408,17.628,-76.794,20,6.1487,7,6.1487,0.362517218889329,0.000184292146073036
29.431,22.197,-78.187,20,1.1636,7,1.1636,0.481067941798334,0.000184292146073036
33.433,13.683,-61.934,20,3.6059,7,3.6059,0.436287855340302,0.000184292146073036
37.225,11.627,-69.205,20,3.2336,7,3.2336,0.161941680942919,0.000184292146073036
38.63,16.048,-81.057,20,1.8033,7,1.8033,0.472278572422389,0.000184292146073036
39.291,16.136,-79.268,20,0.7646,7,0.7646,0.359342638034767,0.000184292146073036
34.535,13.537,-78.891,20,1.6211,7,1.6211,0.321567180037886,0.000184292146073036
35.122,20.24,-81.364,20,1.2288,7,1.2288,0.492171820835135,0.000184292146073036
33.647,19.687,-80.809,20,2.1898,7,2.1898,0.476531113183696,0.000184292146073036
35.53,20.794,-77.345,20,0.55023,7,0.55023,0.161133563264338,0.000184292146073036
-14.923,-25.655,22.113,1,2.9052,1,6.1572,0.314825383794338,8.25482625482625e-05
-13.535,-25.394,23.376,1,4.5122,1,6.7643,0.473918148148903,8.25482625482625e-05
-15.084,-20.389,26.308,1,6.9937,1,6.9937,0.345327908264326,8.25482625482625e-05
-15.641,-22.131,27.171,1,5.4233,1,5.4233,0.492418555143222,8.25482625482625e-05
-16.297,-20.774,24.348,1,6.2946,1,6.5081,0.472825542336549,8.25482625482625e-05
-14.551,-19.901,24.7,1,7.3548,1,8.1651,0.288829705787352,8.25482625482625e-05
-13.665,-12.822,17.443,1,5.37,1,5.3711,0.269988185022112,8.25482625482625e-05
-5.0872,-28.456,20.683,1,5.1707,1,5.1707,0.278247550869948,8.25482625482625e-05
-5.98,-29.783,19.889,1,4.171,1,5.2884,0.477010391354275,8.25482625482625e-05
-6.8201,-27.978,17.94,1,3.4595,1,3.9004,0.466435061736196,8.25482625482625e-05
-7.4865,-26.438,16.57,1,2.6584,1,3.1174,0.314562553039826,8.25482625482625e-05
4.4235,-28.413,16.395,1,3.0582,1,3.0582,0.216536578182582,8.25482625482625e-05
-2.0949,-33.634,21.943,1,4.9407,1,4.9407,0.322780296918721,8.25482625482625e-05
-1.925,-34.094,20.306,1,4.2657,1,4.2657,0.489659135774324,8.25482625482625e-05
5.5217,-27.454,31.424,1,6.0747,1,6.0747,0.134061967405176,8.25482625482625e-05
-0.11439,-31.532,25.106,1,5.4301,1,5.4301,0.347314192522329,8.25482625482625e-05
12.513,-34.633,23.071,1,1.663,1,1.663,0.365973009362946,8.25482625482625e-05
11.746,-33.398,24.58,1,2.2235,1,2.2235,0.463323827479204,8.25482625482625e-05
0.12507,-28.153,18.718,1,0.659,1,0.659,0.372893528240651,8.25482625482625e-05
-3.6873,-19.427,15.082,1,0.55544,1,0.55544,0.45276634617236,8.25482625482625e-05
-2.973,-20.792,15.835,1,0.4295,1,0.4295,0.321905928076952,8.25482625482625e-05
4.9532,-29.102,31.38,1,4.7623,1,4.7623,0.236005227673501,8.25482625482625e-05
10.86,-23.2,29.607,1,0.40892,1,0.40892,0.370700428935415,8.25482625482625e-05
9.0288,-22.409,28.893,1,1.368,1,1.368,0.44475303350392,8.25482625482625e-05
2.0649,-30.034,32.426,1,3.1013,1,3.1013,0.183301472022515,8.25482625482625e-05
-0.39157,-25.553,27.378,1,8.0354,1,8.0354,0.466663739542785,8.25482625482625e-05
-1.1553,-24.164,26.151,1,7.1526,1,7.1526,0.355385788317155,8.25482625482625e-05
-5.8425,-20.592,22.257,1,6.2038,1,6.2038,0.453369800518294,8.25482625482625e-05
-8.8833,-23.689,21.467,1,5.2995,1,7.5645,0.415982718016545,8.25482625482625e-05
-9.25,-22.081,20.995,1,5.6552,1,7.2761,0.39661761795504,8.25482625482625e-05
-4.1837,-29.284,21.91,1,5.6886,1,5.6886,0.283336034900388,8.25482625482625e-05
-2.1648,-20.06,39.992,1,1.2705,1,1.2705,0.429369153004999,8.25482625482625e-05
0.91494,-19.493,25.352,1,4.3198,1,4.3198,0.321481906832809,8.25482625482625e-05
-13.849,-5.1631,31.164,1,7.1047,1,7.1047,0.327194495159908,8.25482625482625e-05
-10.573,-8.0365,27.908,1,6.7464,1,6.7464,0.31615161713239,8.25482625482625e-05
-9.6776,-7.5307,21.73,1,3.6819,1,3.6819,0.399424561540408,8.25482625482625e-05
-10.13,-9.0742,17.83,1,2.7013,1,2.7013,0.436446307311639,8.25482625482625e-05
-14.558,-10.964,15.932,1,3.7476,1,4.8905,0.474894702871221,8.25482625482625e-05
-17.539,-10.503,12.29,1,0.51435,1,6.6769,0.398432853004522,8.25482625482625e-05
-17.501,-10.661,14.27,1,1.8934,1,6.8676,0.481191078137741,8.25482625482625e-05
-19.701,-8.3013,12.993,1,0.20388,1,8.8365,0.184816830677753,8.25482625482625e-05
-20.863,-3.8216,24.493,1,1.5511,1,3.9098,0.480846161624743,8.25482625482625e-05
-22.49,-2.8024,24.81,1,1.8572,1,2.1354,0.336028581292261,8.25482625482625e-05
-14.79,-5.9384,26.161,1,5.0888,1,9.4596,0.489411641327342,8.25482625482625e-05
-13.763,-7.3183,27.344,1,7.028,1,9.637,0.308670358449371,8.25482625482625e-05
-12.997,-5.7814,30.283,1,7.5787,1,8.4284,0.354596996174149,8.25482625482625e-05
-12.989,-9.0501,31.298,1,8.2749,1,8.2749,0.333394491435962,8.25482625482625e-05
-23.03,-12.467,27.574,1,1.6042,1,1.6042,0.342690444967638,8.25482625482625e-05
-21.409,-13.064,18.47,1,3.177,1,6.2981,0.494284168279083,8.25482625482625e-05
-23.013,-13.873,17.207,1,1.664,1,4.9328,0.360192006030572,8.25482625482625e-05
-20.293,-15.207,15.602,1,0.61754,1,8.0002,0.25204744721415,8.25482625482625e-05
-16.883,-13.192,15.672,1,2.7612,1,6.8867,0.469909879683405,8.25482625482625e-05
-16.923,-14.338,14.162,1,1.6663,1,6.6633,0.396890790144723,8.25482625482625e-05
-11.279,-13.773,16.473,1,3.8115,1,3.8115,0.498790537895857,8.25482625482625e-05
-10.326,-15.171,21.147,1,5.8361,1,5.8361,0.377468553173708,8.25482625482625e-05
-12.735,-15.495,28.028,1,9.3476,1,9.3476,0.305070951684736,8.25482625482625e-05
-14.363,-14.447,28.729,1,7.8784,1,7.8784,0.478497692528397,8.25482625482625e-05
-10.075,-15.439,23.81,1,6.8794,1,6.8794,0.428576505476908,8.25482625482625e-05
-6.5859,-16.978,39.679,1,3.3922,1,3.3922,0.303859973444194,8.25482625482625e-05
-7.1642,-18.289,38.026,1,4.6279,1,4.6279,0.466787553813975,8.25482625482625e-05
-10.308,-8.6367,28.366,1,6.5894,1,6.5894,0.37553391920568,8.25482625482625e-05
-14.056,-8.9411,32.578,1,6.7266,1,6.7266,0.3485518843455,8.25482625482625e-05
-15.836,3.1466,11.127,2,7.1531,1,7.1531,0.320694961595191,8.25482625482625e-05
-15.951,0.68177,10.081,2,7.1078,1,7.1078,0.411267038621535,8.25482625482625e-05
-14.596,5.5823,19.398,2,3.6448,1,3.6448,0.281229773944475,8.25482625482625e-05
-16.092,4.6579,19.45,2,4.1604,1,4.1604,0.490381043307037,8.25482625482625e-05
-10.42,5.1849,18.491,2,4.6557,1,4.6557,0.291234379031597,8.25482625482625e-05
-12.763,-10.574,8.1598,2,0.66623,1,2.1878,0.315858958667035,8.25482625482625e-05
-12.825,-9.2645,10.023,2,0.3746,1,2.1573,0.48499848601269,8.25482625482625e-05
-14.459,-3.5331,4.4598,2,3.5958,1,3.5958,0.376396285212887,8.25482625482625e-05
-12.539,-0.038497,6.3902,2,2.9404,1,2.9404,0.39828146043623,8.25482625482625e-05
-12.731,2.6313,10.929,2,4.5767,1,4.5767,0.279502008753049,8.25482625482625e-05
-11.773,4.1248,12.183,2,4.7195,1,4.7195,0.486520171078424,8.25482625482625e-05
-12.284,5.871,3.5005,2,3.6488,1,3.6488,0.485808866060147,8.25482625482625e-05
-12.576,3.8176,3.2182,2,3.5757,1,3.5757,0.264495124482778,8.25482625482625e-05
-12.02,0.0039527,4.3311,2,1.9685,1,1.9685,0.382078586363559,8.25482625482625e-05
-15.227,-3.3663,2.416,2,4.3624,1,4.3624,0.48216439520142,8.25482625482625e-05
-13.627,-3.3799,3.7271,2,2.7613,1,2.7613,0.237957797479043,8.25482625482625e-05
-14.391,-3.857,-4.3193,2,3.5274,1,3.5274,0.461423647535775,8.25482625482625e-05
-14.633,-5.9694,-4.3527,2,3.7676,1,3.7676,0.310893649858487,8.25482625482625e-05
-13.586,1.9916,-7.6512,2,0.20878,1,0.20878,0.107465814091896,8.25482625482625e-05
-17.28,4.5111,2.1354,2,6.7307,1,6.7307,0.487477769806529,8.25482625482625e-05
-16.721,3.6085,3.9541,2,7.4118,1,7.4118,0.262514324621494,8.25482625482625e-05
-17.57,4.4519,4.1757,2,6.3911,1,6.3911,0.277805742927766,8.25482625482625e-05
-17.551,6.5001,4.5033,2,4.4322,1,4.4322,0.470178428408337,8.25482625482625e-05
-25.375,-1.4497,1.3118,2,6.3506,1,6.3506,0.335852349948655,8.25482625482625e-05
-22.013,-3.5568,-12.011,2,0.49751,1,0.49751,0.0903553465181736,8.25482625482625e-05
-14.753,-6.3754,-7.0617,2,3.8947,1,3.8947,0.316984254771388,8.25482625482625e-05
-16.813,-6.117,-7.4372,2,3.8118,1,3.8118,0.493643331029796,8.25482625482625e-05
-20.121,-5.3335,1.6021,2,7.1579,1,9.2592,0.368918449127779,8.25482625482625e-05
-20.692,-11.684,0.18324,2,1.0734,1,5.1083,0.406734899321035,8.25482625482625e-05
-19.423,-12.025,-1.4583,2,1.0498,1,3.7761,0.456928288123164,8.25482625482625e-05
-27.156,-5.3174,-0.60564,2,6.4057,1,6.4057,0.343855309051557,8.25482625482625e-05
-24.154,-7.0658,4.1906,2,5.3908,1,7.8659,0.364330334801264,8.25482625482625e-05
-24.03,-4.93,7.3132,2,7.0588,1,7.0606,0.359198197134612,8.25482625482625e-05
-25.124,-4.1526,8.1789,2,5.5785,1,5.5785,0.286712192159996,8.25482625482625e-05
-26.604,-3.8573,9.6463,2,3.7317,1,3.7317,0.469703153546131,8.25482625482625e-05
-21.224,-23.791,9.071,3,7.3663,1,7.3663,0.319027522358923,8.25482625482625e-05
-20.962,-22.387,8.1465,3,7.3274,1,7.3274,0.294316766003747,8.25482625482625e-05
-21.77,-19.565,5.2939,3,6.2858,1,6.2858,0.400378262596717,8.25482625482625e-05
-20.917,-20.59,3.2708,3,3.9221,1,3.9221,0.432396486057414,8.25482625482625e-05
-21.558,-23.37,1.8059,3,1.8067,1,1.8067,0.342256020329569,8.25482625482625e-05
-22.427,-26.09,4.5782,3,3.4543,1,3.4543,0.315502426796715,8.25482625482625e-05
-24.166,-27.508,4.493,3,4.1571,1,4.1571,0.487091312098059,8.25482625482625e-05
-15.45,-29.949,5.9659,3,1.916,1,1.916,0.388299064725165,8.25482625482625e-05
-11.766,-36.432,9.0915,3,3.49,1,3.49,0.092499643804893,8.25482625482625e-05
-11.716,-33.476,10.472,3,3.0525,1,3.0525,0.0791445884034834,8.25482625482625e-05
-10.882,-20.743,3.5577,3,0.20326,1,0.20326,0.209423768104809,8.25482625482625e-05
-15.992,-25.825,7.8375,3,4.3999,1,4.3999,0.332939614738358,8.25482625482625e-05
-15.064,-28.121,9.438,3,4.4009,1,4.4009,0.379435118417838,8.25482625482625e-05
-12.516,-31.993,11.814,3,3.9669,1,3.9669,0.476795834192018,8.25482625482625e-05
-10.977,-31.31,11.72,3,2.6207,1,2.6207,0.272592099735116,8.25482625482625e-05
-32.992,-0.84988,-22.975,6,3.3752,2,3.3752,0.497237043779503,3.17557251908397e-05
-31.09,-1.9091,-23.349,6,5.5246,2,5.5246,0.3037816468949,3.17557251908397e-05
-31.078,-2.8595,-24.007,6,5.9282,2,5.9282,0.364879801981478,3.17557251908397e-05
-35.733,-2.5615,-27.205,6,1.1877,2,1.1877,0.340320479384216,3.17557251908397e-05
-35.677,-6.3836,-26.92,6,2.9326,2,2.9326,0.362210146274435,3.17557251908397e-05
-25.047,-10.439,-36.029,6,0.2787,2,0.2787,0.277695406308503,3.17557251908397e-05
-24.665,-8.0418,-34.7,6,2.1856,2,2.1856,0.147357156014951,3.17557251908397e-05
-25.88,-5.6174,-26.721,6,9.7554,2,9.7554,0.392155612764247,3.17557251908397e-05
-23.97,-12.126,-24.947,6,5.3459,2,5.3459,0.442494631611828,3.17557251908397e-05
-23.874,-16.109,-27.26,6,2.3945,2,2.3945,0.474709796099269,3.17557251908397e-05
-25.091,-17.489,-25.867,6,3.1207,2,3.1207,0.429481779217792,3.17557251908397e-05
-29.174,-19.549,-27.643,6,2.796,2,2.796,0.424268238278986,3.17557251908397e-05
-28.504,-19.443,-27.606,6,2.9028,2,2.9028,0.366839188350794,3.17557251908397e-05
-29.941,-19.519,-23.854,6,3.7861,2,4.6207,0.405825260313465,3.17557251908397e-05
-31.755,-20.325,-23.744,6,3.674,2,4.3311,0.396156345243796,3.17557251908397e-05
-35.581,-13.477,-25.362,6,4.1862,2,4.1862,0.403992340244102,3.17557251908397e-05
-34.837,-15.356,-26.378,6,5.3039,2,5.3039,0.34071713697443,3.17557251908397e-05
-33.45,-17.616,-18.934,6,2.1378,2,5.2941,0.372792686504558,3.17557251908397e-05
-35.291,-17.068,-18.647,6,2.9737,2,3.4723,0.461108245066392,3.17557251908397e-05
-31.663,-8.4347,-23.084,6,6.4072,2,6.4072,0.427200264050843,3.17557251908397e-05
-28.376,-9.1044,-18.917,6,4.3233,2,6.5067,0.308277032839941,3.17557251908397e-05
-28.262,-13.779,-18.747,6,2.6327,2,8.2489,0.314011596302232,3.17557251908397e-05
-28.629,-14.14,-16.962,6,0.92729,2,7.1274,0.483771962166875,3.17557251908397e-05
-20.782,-22.591,-17.612,6,5.5975,2,4.855,0.327516699689617,3.17557251908397e-05
-27.277,-17.881,-18.946,6,0.44577,2,7.7365,0.467894908204213,3.17557251908397e-05
-28.272,-19.262,-19.012,6,0.3568,2,7.5649,0.478404784828785,3.17557251908397e-05
-23.567,-16.369,-22.172,6,1.7259,2,3.8011,0.474599603594045,3.17557251908397e-05
-24.479,-16.289,-23.945,6,3.3964,2,3.7613,0.334178210051372,3.17557251908397e-05
-26.632,-7.3136,-20.395,6,5.6715,2,7.5062,0.482796957460276,3.17557251908397e-05
-26.38,-3.0996,-18.887,6,6.3931,2,6.3931,0.448382867514891,3.17557251908397e-05
-21.588,3.2076,-8.5342,6,0.45335,2,0.45335,0.482588479984656,3.17557251908397e-05
-20.22,3.6065,-7.4628,6,0.19603,2,0.19603,0.268592531136529,3.17557251908397e-05
-26.506,2.1927,-12.861,6,2.3122,2,2.3122,0.462861601183934,3.17557251908397e-05
-25.475,2.057,-14.311,6,3.648,2,3.648,0.296715799844248,3.17557251908397e-05
-27.001,-1.7399,-17.517,6,5.1325,2,5.1325,0.359654253013278,3.17557251908397e-05
-17.732,5.4819,-21.618,6,9.0602,2,9.0602,0.3727919678536,3.17557251908397e-05
-14.983,6.6247,-7.5666,6,1.3822,2,1.3822,0.32814276547679,3.17557251908397e-05
-14.97,7.0757,-9.5384,6,3.2184,2,3.2184,0.479207789384707,3.17557251908397e-05
-17.149,3.2283,-22.362,6,8.2603,2,8.2603,0.439580204522283,3.17557251908397e-05
-12.041,6.7694,-17.773,6,4.9154,2,4.9154,0.331732714850164,3.17557251908397e-05
-12.871,8.939,-15.62,6,4.1835,2,4.1835,0.342297059772396,3.17557251908397e-05
-13.915,8.4396,-13.913,6,5.1937,2,5.1937,0.486445173745785,3.17557251908397e-05
-11.795,4.8079,-21.672,6,5.3142,2,5.3142,0.398359377952774,3.17557251908397e-05
-7.4919,-3.7577,-19.082,6,0.3296,2,0.3296,0.234731753101347,3.17557251908397e-05
-13.363,3.7576,-25.415,6,6.3189,2,6.3189,0.291232117084454,3.17557251908397e-05
-12.042,5.4625,-25.643,6,5.9248,2,5.9248,0.495680520613455,3.17557251908397e-05
-20.5,8.1081,-33.916,6,4.9823,2,4.9823,0.325246284388191,3.17557251908397e-05
-18.485,8.8228,-34.331,6,5.0729,2,5.0729,0.482300096546317,3.17557251908397e-05
-18.221,4.7176,-32.088,6,7.3227,2,7.3227,0.352459446342274,3.17557251908397e-05
-17.697,3.9405,-37.127,6,2.5471,2,2.5471,0.479070129334882,3.17557251908397e-05
-16.066,4.316,-35.861,6,3.9666,2,3.9666,0.332086820108176,3.17557251908397e-05
-15.423,-4.0053,-38.455,6,0.43955,2,0.43955,0.453540211485166,3.17557251908397e-05
-14.054,-3.76,-37.231,6,0.91856,2,0.91856,0.341801798021371,3.17557251908397e-05
-16.056,-6.0112,-31.566,6,3.0737,2,3.0737,0.44602694152359,3.17557251908397e-05
-15.317,-4.6569,-30.267,6,3.291,2,3.291,0.383493263011096,3.17557251908397e-05
-22.219,-2.1335,-29.039,6,9.7181,2,9.7181,0.497486001766205,3.17557251908397e-05
-20.161,-1.7844,-27.992,6,9.2181,2,9.2181,0.30809927926705,3.17557251908397e-05
-21.619,-11.058,-33.514,6,1.808,2,1.808,0.367117431695938,3.17557251908397e-05
-19.673,-10.427,-33.237,6,1.3901,2,1.3901,0.437526841333057,3.17557251908397e-05
-25.29,-1.2733,-39.977,6,0.61135,2,0.61135,0.0378817101083867,3.17557251908397e-05
-24.664,7.8193,-32.408,6,5.7246,2,5.7246,0.328065937123477,3.17557251908397e-05
-26.078,6.3153,-32.163,6,5.9688,2,5.9688,0.451567281146257,3.17557251908397e-05
-22.328,4.8291,-28.45,6,8.6458,2,8.6458,0.328349130888176,3.17557251908397e-05
-23.071,5.9933,-28.568,6,7.3424,2,7.3424,0.296780977759529,3.17557251908397e-05
-3.2287,-9.4791,-43.441,11,1.8203,4,1.8203,0.380644591075324,0.000142857142857143
-3.5656,-2.476,-53.506,11,1.8284,4,1.8284,0.289036691782933,0.000142857142857143
-8.6866,-9.1518,-42.597,11,0.17305,4,0.17305,0.486992112811213,0.000142857142857143
-10.894,-7.0416,-38.807,11,3.2778,4,3.2778,0.40025890524362,0.000142857142857143
-12.791,-5.7497,-38.59,11,2.6666,4,2.6666,0.452050048816943,0.000142857142857143
-14.574,-8.5213,-37.508,11,0.91481,4,0.91481,0.417877869287594,0.000142857142857143
-12.858,-9.968,-37.506,11,1.0313,4,1.0313,0.410150351597999,0.000142857142857143
-6.2214,-5.4583,-43.035,11,3.6251,4,3.6251,0.403179442371192,0.000142857142857143
-7.2364,-6.9739,-37.119,11,3.3064,4,3.3064,0.391991630230098,0.000142857142857143
-2.193,-9.6954,-38.26,11,2.5791,4,2.5791,0.345589906767157,0.000142857142857143
12.26,-23.4,-34.803,11,1.0756,4,1.0756,0.229871317705222,0.000142857142857143
5.1361,-22.124,-37.629,11,5.2236,4,5.2236,0.287252153043614,0.000142857142857143
5.6936,-20.957,-38.868,11,4.9419,4,4.9419,0.487028546178357,0.000142857142857143
3.3615,-19.965,-39.383,11,5.3122,4,5.3122,0.484148796028071,0.000142857142857143
1.4979,-18.813,-38.582,11,4.6691,4,4.6691,0.391400073542818,0.000142857142857143
0.64236,-15.643,-37.814,11,2.9737,4,2.9737,0.403858968918205,0.000142857142857143
-0.87007,-15.627,-33.461,11,0.54618,4,0.54618,0.452017342199689,0.000142857142857143
-1.913,-15,-35.346,11,0.35577,4,0.35577,0.34343951965919,0.000142857142857143
8.8588,-22.418,-35.757,11,2.6892,4,2.6892,0.239374573395188,0.000142857142857143
8.9273,-21.034,-36.433,11,3.5357,4,3.5357,0.483935967040862,0.000142857142857143
-1.0245,-21.397,-34.405,11,2.1691,4,2.1691,0.486078160727417,0.000142857142857143
-2.4878,-22.701,-33.994,11,1.433,4,1.433,0.291671048216146,0.000142857142857143
-0.61482,-24.198,-35.727,11,4.1682,4,4.1682,0.426617027816348,0.000142857142857143
5.4794,-23.318,-39.575,11,2.955,4,2.955,0.310396667186607,0.000142857142857143
-1.3842,-17.036,-40.636,11,2.1939,4,2.1939,0.404595069970569,0.000142857142857143
-25.936,-40.436,-6.8282,4,1.5212,2,2.3353,0.334972971661419,3.17557251908397e-05
-25.452,-38.885,-8.0466,4,1.6374,2,4.0883,0.460953347778608,3.17557251908397e-05
-26.801,-40.471,-10.008,4,3.0038,2,3.0038,0.465982461770294,3.17557251908397e-05
-27.202,-41.707,-8.7185,4,1.4765,2,1.4765,0.39262272861441,3.17557251908397e-05
-28.234,-37.478,-6.4619,4,2.1646,2,2.1646,0.410476216330038,3.17557251908397e-05
-22.916,-32.189,-12.722,4,2.2782,2,8.9487,0.290621933940823,3.17557251908397e-05
-21.175,-33.31,-12.604,4,0.77207,2,9.7267,0.469144347040718,3.17557251908397e-05
-17.862,-28.18,-18.075,4,0.18949,2,4.2067,0.417578461621578,3.17557251908397e-05
-18.065,-29.079,-19.134,4,0.45374,2,3.8174,0.424486351742827,3.17557251908397e-05
-23.904,-24.793,-9.792,4,2.7849,2,5.1221,0.330730203367382,3.17557251908397e-05
-22.242,-17.747,-7.91,4,3.5468,2,3.5468,0.363703763814733,3.17557251908397e-05
-17.895,-16.419,-15.888,4,4.0741,2,4.6108,0.301394646097996,3.17557251908397e-05
-19.624,-15.35,-15.629,4,3.0908,2,5.959,0.478033948725631,3.17557251908397e-05
-16.522,-15.746,-15.919,4,3.5326,2,3.8511,0.424848103010063,3.17557251908397e-05
-16.093,-20.302,-18.565,4,1.3646,2,1.5009,0.441261786244042,3.17557251908397e-05
-22.538,-26.86,-20.471,4,3.374,2,3.374,0.39294037216699,3.17557251908397e-05
-22.288,-25.092,-21.938,4,1.5742,2,1.5742,0.432224568429053,3.17557251908397e-05
-19.571,-25.248,-17.657,4,2.472,2,4.5595,0.479757212517207,3.17557251908397e-05
-26.207,-26.884,-17.361,4,5.8833,2,6.4154,0.365097887793345,3.17557251908397e-05
-28.208,-22.422,-8.0719,4,3.0792,2,3.0792,0.419509881842007,3.17557251908397e-05
-29.773,-26.29,-8.3099,4,3.3181,2,3.3181,0.355241545202815,3.17557251908397e-05
-31.062,-26.699,-10.051,4,4.8192,2,4.8192,0.481350753146872,3.17557251908397e-05
-26.501,-28.888,-10.801,4,4.1938,2,6.3698,0.370765958207808,3.17557251908397e-05
-26.245,-34.262,-23.415,4,2.2234,2,2.2234,0.303447524374832,3.17557251908397e-05
-26.419,-42.787,-23.526,4,3.4004,2,3.4004,0.493831828068559,3.17557251908397e-05
-25.914,-40.629,-23.433,4,2.8853,2,2.8853,0.287725631950574,3.17557251908397e-05
-21.024,-53.904,-28.789,4,3.2888,2,3.2888,0.315054514638665,3.17557251908397e-05
-21.762,-52.097,-28.236,4,2.8771,2,2.8771,0.470059261726625,3.17557251908397e-05
-18.334,-36.74,-22.003,4,0.36223,2,3.9666,0.369785444406383,3.17557251908397e-05
-16.56,-50.551,-26.564,4,1.8947,2,4.6197,0.299543053006495,3.17557251908397e-05
-22.07,-46.55,-21.207,4,3.1221,2,6.6948,0.366153626029561,3.17557251908397e-05
-24.634,-50.147,-24.242,4,3.3236,2,3.3236,0.353862078724889,3.17557251908397e-05
-24.082,-50.778,-26.005,4,3.8556,2,3.8556,0.453838291506287,3.17557251908397e-05
-23.199,-44.224,-21.276,4,3.5903,2,6.2779,0.321107203385188,3.17557251908397e-05
-24.177,-38.641,-20.665,4,4.8749,2,5.2448,0.395871021017009,3.17557251908397e-05
-14.084,-42.378,-19.109,5,4.6341,2,4.6341,0.44517468508156,3.17557251908397e-05
-15.149,-38.987,-19.199,5,3.0269,2,4.8961,0.362644774815858,3.17557251908397e-05
-15.633,-35.23,-28.366,5,0.42675,2,0.42675,0.428371708328415,3.17557251908397e-05
-7.5898,-35.125,-27.468,5,1.1666,2,1.1666,0.415771241210466,3.17557251908397e-05
-8.9639,-33.476,-26.266,5,0.87068,2,0.87068,0.495320604755205,3.17557251908397e-05
-5.8849,-46.391,-26.474,5,1.6687,2,1.6687,0.27747461177231,3.17557251908397e-05
-6.6758,-52.859,-28.221,5,5.2595,2,5.3489,0.298753243110306,3.17557251908397e-05
-6.721,-54.034,-37.493,5,0.11176,2,0.11176,0.0724445364435569,3.17557251908397e-05
-6.9634,-52.743,-26.202,5,5.0551,2,5.1544,0.26462431765274,3.17557251908397e-05
-11.637,-38.577,-23.254,5,2.6371,2,2.6371,0.405662501252674,3.17557251908397e-05
-11.495,-43.661,-20.713,5,4.1009,2,4.1009,0.394193225746263,3.17557251908397e-05
-11.108,-48.004,-24.599,5,3.9592,2,6.1803,0.328692901543998,3.17557251908397e-05
-12.836,-28.551,-4.2839,5,1.9726,2,1.9726,0.31893601948148,3.17557251908397e-05
-15.357,-21.092,-9.6473,5,1.4722,2,4.499,0.382195708311223,3.17557251908397e-05
-14.278,-23.036,-13.737,5,2.212,2,3.4121,0.417524192091051,3.17557251908397e-05
-15.402,-24.784,-14.527,5,1.471,2,4.5385,0.497023989668371,3.17557251908397e-05
-14.27,-29.743,-15.222,5,3.2892,2,3.4121,0.468464721853575,3.17557251908397e-05
-14.775,-35.483,-5.6004,5,3.9101,2,3.9101,0.414849065637932,3.17557251908397e-05
-14.915,-38.65,-5.4154,5,4.0569,2,4.0569,0.346501287147712,3.17557251908397e-05
-14.111,-36.611,-11.865,5,3.2447,2,3.2447,0.420150053534842,3.17557251908397e-05
-12.346,-24.481,-37.171,7,2.2969,3,2.2969,0.397723991984988,6.66010821446139e-05
-19.39,-19.848,-42.419,7,4.7712,3,6.5036,0.297422306756292,6.66010821446139e-05
-20.285,-21.229,-43.986,7,4.2962,3,7.5191,0.485476955639684,6.66010821446139e-05
-15.231,-20.016,-42.587,7,2.5988,3,2.5988,0.486195371466385,6.66010821446139e-05
-14.986,-19.07,-39.139,7,2.6148,3,2.6148,0.387999697254343,6.66010821446139e-05
-15.032,-24.544,-33.654,7,5.0326,3,5.0326,0.288649537313795,6.66010821446139e-05
-20.244,-24.026,-36.209,7,2.3032,3,7.598,0.333348800267965,6.66010821446139e-05
-20.081,-22.199,-40.448,7,3.51,3,8.0255,0.391362957440736,6.66010821446139e-05
-13.395,-28.265,-36.578,7,3.4728,3,3.4728,0.343957926580367,6.66010821446139e-05
-24.107,-59.099,-51.066,8,3.2246,3,3.2246,0.202315712663916,6.66010821446139e-05
-29.086,-46.568,-50.974,8,2.9307,3,2.9307,0.384877058024074,6.66010821446139e-05
-30.39,-45.797,-50.203,8,4.1451,3,4.1451,0.363862689441764,6.66010821446139e-05
-30.401,-35.862,-47.672,8,6.4399,3,6.4399,0.19537067276577,6.66010821446139e-05
-28.374,-31.808,-48.996,8,3.969,3,5.0081,0.48137324566441,6.66010821446139e-05
-24.122,-32.659,-46.353,8,3.1824,3,4.3561,0.364245207709399,6.66010821446139e-05
-11.509,-51.318,-36.428,8,2.7911,3,2.7911,0.289037637950887,6.66010821446139e-05
-9.7783,-57.574,-37.696,8,2.1813,3,2.1813,0.438872082436257,6.66010821446139e-05
-10.233,-56.763,-36.349,8,1.8291,3,1.8291,0.361546928457667,6.66010821446139e-05
-9.4605,-28.052,-39.293,8,7.4805,3,0.49189,0.615464142970747,6.66010821446139e-05
-10.08,-34.735,-45.531,8,4.6581,3,4.3297,0.389539039667214,6.66010821446139e-05
-9.1136,-34.217,-43.251,8,5.4748,3,3.3369,0.453712590727307,6.66010821446139e-05
-15.48,-34.59,-44.949,8,0.37782,3,0.61636,0.398974901500186,6.66010821446139e-05
-15.055,-47.7,-39.24,8,2.2143,3,2.2143,0.172408186901307,6.66010821446139e-05
-15.822,-47.851,-38.716,8,3.0394,3,3.0394,0.200811496053788,6.66010821446139e-05
-17.556,-40.32,-30.2,8,1.1177,3,1.1177,0.301981573250663,6.66010821446139e-05
-20.717,-32.95,-33.179,8,3.6073,3,6.3474,0.492385339078804,6.66010821446139e-05
-21.286,-31.356,-31.778,8,2.7699,3,5.7287,0.35609495911142,6.66010821446139e-05
-27.699,-33.248,-36.611,8,8.4565,3,10.367,0.0708227323915586,6.66010821446139e-05
-27.145,-33.437,-33.026,8,6.7842,3,6.7842,0.27631046102656,6.66010821446139e-05
-22.415,-35.044,-38.134,8,6.281,3,8.4312,0.356532736549319,6.66010821446139e-05
-23.973,-45.448,-38.063,8,7.3613,3,7.3613,0.320750009632402,6.66010821446139e-05
-23.967,-58.73,-40.347,8,2.2091,3,2.2091,0.294572810358235,6.66010821446139e-05
-24.846,-56.789,-39.693,8,3.2896,3,3.2896,0.487082365367276,6.66010821446139e-05
-17.645,-45.883,-43.25,8,0.56806,3,0.56806,0.383543673172658,6.66010821446139e-05
-14.726,-59.508,-43.436,8,3.3091,3,3.3091,0.470804143465981,6.66010821446139e-05
-13.211,-59.205,-44.048,8,3.5094,3,3.5094,0.30578685358487,6.66010821446139e-05
-14.876,-49.347,-37.353,8,4.1292,3,4.1292,0.241718751887515,6.66010821446139e-05
-31.803,-38.59,-32.565,8,5.6129,3,5.6129,0.317839506726621,6.66010821446139e-05
-31.198,-40.397,-33.548,8,5.8476,3,5.8476,0.484703575504435,6.66010821446139e-05
-32.005,-36.652,-40.889,8,7.809,3,7.809,0.372027227300091,6.66010821446139e-05
-33.247,-37.819,-39.753,8,6.3769,3,6.3769,0.431304245484132,6.66010821446139e-05
-28.891,-37.59,-39.157,8,10.246,3,10.246,0.440140345639013,6.66010821446139e-05
-29.621,-36.124,-38.641,8,10.024,3,10.024,0.290992311802773,6.66010821446139e-05
-28.207,-36.504,-32.649,8,5.9435,3,5.9435,0.452747849626697,6.66010821446139e-05
-30.026,-37.383,-32.293,8,5.3454,3,5.3454,0.32599760126715,6.66010821446139e-05
-32.914,-34.429,-31.58,8,5.4238,3,5.4238,0.380200826391531,6.66010821446139e-05
-29.69,-25.413,-26.316,8,1.1283,3,1.1283,0.306485089133366,6.66010821446139e-05
-30.182,-26.444,-25.768,8,1.4012,3,1.4012,0.31128828147519,6.66010821446139e-05
-23.964,-22.54,-31.897,8,0.13854,3,2.8183,0.243489496303508,6.66010821446139e-05
-23.855,-23.026,-34.794,8,0.21808,3,4.4288,0.292462298521734,6.66010821446139e-05
-24.31,-26.852,-35.985,8,2.12,3,7.5824,0.466065095674898,6.66010821446139e-05
-23.149,-25.147,-36.635,8,0.29344,3,6.4666,0.313114227009225,6.66010821446139e-05
-28.273,-29.958,-39.884,8,6.1822,3,11.167,0.357951777453406,6.66010821446139e-05
-32.728,-25.811,-40.905,8,0.89702,3,8.7329,0.427168773078441,6.66010821446139e-05
-31.876,-23.916,-40.25,8,0.31847,3,7.0266,0.447894599093366,6.66010821446139e-05
-36.258,-22.189,-34.381,8,1.4379,3,2.056,0.359375070762248,6.66010821446139e-05
-34.97,-22.348,-32.686,8,1.328,3,1.328,0.475500818522702,6.66010821446139e-05
-36.379,-29.881,-32.472,8,3.8674,3,3.8674,0.351902618312948,6.66010821446139e-05
-35.656,-28.972,-30.613,8,4.4322,3,4.4322,0.492485303383627,6.66010821446139e-05
-33.393,-32.504,-44.51,8,6.4627,3,7.6823,0.40552902736404,6.66010821446139e-05
-36.657,-35.623,-51.138,8,6.373,3,6.5713,0.253461405521348,6.66010821446139e-05
-37.487,-47.152,-57.897,8,2.8936,3,2.8936,0.094627368350349,6.66010821446139e-05
-38.889,-42.627,-53.148,8,2.9288,3,2.9288,0.483844157059916,6.66010821446139e-05
-39.678,-41.273,-51.722,8,2.3884,3,2.3884,0.375387120474381,6.66010821446139e-05
-43.378,-37.106,-66.389,8,0.73157,3,0.73157,0.390081488785475,6.66010821446139e-05
-42.735,-38.61,-64.993,8,1.0369,3,1.0369,0.412717095051979,6.66010821446139e-05
-30.845,-30.304,-48.072,8,2.4616,3,7.2295,0.429020105947729,6.66010821446139e-05
-31.616,-31.089,-49.968,8,2.7102,3,5.8584,0.390226104918973,6.66010821446139e-05
-32.924,-33.91,-46.196,8,6.4867,3,8.239,0.471666160034955,6.66010821446139e-05
-37.914,-46.641,-59.943,8,1.7624,3,1.7624,0.395905655681502,6.66010821446139e-05
-35.956,-43.585,-49.504,8,3.9419,3,3.9419,0.477258492197489,6.66010821446139e-05
-34.276,-42.405,-49.547,8,5.6539,3,5.6539,0.331135187010707,6.66010821446139e-05
-31.336,-38.05,-45.338,8,8.2881,3,8.2881,0.474545703822954,6.66010821446139e-05
-34.408,-37.899,-41.736,8,5.1195,3,5.1195,0.450769231360715,6.66010821446139e-05
-32.465,-36.759,-41.663,8,7.242,3,7.242,0.406911880905229,6.66010821446139e-05
-40.879,-25.217,-60.886,9,3.9051,3,3.9051,0.365518478276054,6.66010821446139e-05
-39.76,-17.868,-59.593,9,6.3953,3,6.3953,0.464226780175121,6.66010821446139e-05
-39.192,-17.983,-58.824,9,6.6634,3,6.6634,0.324004394806576,6.66010821446139e-05
-35.399,-19.695,-54.135,9,7.6847,3,7.6847,0.494900526051964,6.66010821446139e-05
-31.402,-17.51,-49.951,9,7.3166,3,9.7054,0.382559409259152,6.66010821446139e-05
-29.334,-18.284,-49.573,9,5.1183,3,8.9191,0.458105047085507,6.66010821446139e-05
-29.618,-23.784,-46.945,9,0.61768,3,8.0711,0.3353942426747,6.66010821446139e-05
-28.955,-24.925,-48.426,9,0.90862,3,6.1644,0.47598869060418,6.66010821446139e-05
-39.34,-24.799,-59.121,9,4.4881,3,4.4881,0.323870227434575,6.66010821446139e-05
-38.821,-19.892,-48.426,9,4.8484,3,4.8484,0.322554107098216,6.66010821446139e-05
-39.902,-20.011,-42.055,9,3.1559,3,3.1559,0.460924801019595,6.66010821446139e-05
-39.493,-21.222,-43.822,9,3.9083,3,3.9083,0.316993982397448,6.66010821446139e-05
-29.393,-21.975,-45.72,9,2.1094,3,9.7852,0.453051865349533,6.66010821446139e-05
-30.392,-22.603,-47.43,9,2.0292,3,8.5243,0.420274368839755,6.66010821446139e-05
-32.874,-16.87,-50.452,9,8.6695,3,10.095,0.363411250473092,6.66010821446139e-05
-28.002,-13.934,-40.728,9,3.9921,3,3.9921,0.368662417047051,6.66010821446139e-05
-37.606,-13.655,-37.071,9,1.8464,3,1.8464,0.284260986626408,6.66010821446139e-05
-39.891,-14.935,-42.781,9,2.8819,3,2.8819,0.475851604382506,6.66010821446139e-05
-41.058,-15.73,-44.745,9,2.0143,3,2.0143,0.460207709173922,6.66010821446139e-05
-39.067,-16.714,-54.067,9,4.9272,3,4.9272,0.339256097452013,6.66010821446139e-05
-37.762,-9.2698,-56.171,9,6.6069,3,6.6069,0.387926166778647,6.66010821446139e-05
-38.351,-3.2817,-50.196,9,3.2912,3,3.3852,0.424515692957073,6.66010821446139e-05
-32.5,-5.2946,-41.489,9,3.4267,3,3.4267,0.190869162355003,6.66010821446139e-05
-33.98,-4.6587,-39.075,9,1.5782,3,1.5782,0.263282267560982,6.66010821446139e-05
-33.823,-8.8984,-38.995,9,2.7738,3,2.7738,0.490669476320513,6.66010821446139e-05
-33.922,-7.3553,-37.823,9,1.5381,3,1.5381,0.192697640961557,6.66010821446139e-05
-21.23,-10.903,-43.186,9,2.1501,3,4.3556,0.469655454520788,6.66010821446139e-05
-21.931,-12.017,-41.162,9,1.417,3,3.6902,0.44871870414936,6.66010821446139e-05
-26.301,-11.61,-40.526,9,3.6295,3,3.6295,0.399834503830271,6.66010821446139e-05
-28.618,-13.27,-44.149,9,6.3141,3,7.3097,0.477221062814247,6.66010821446139e-05
-26.91,-13.839,-42.839,9,4.403,3,5.9737,0.301087780477782,6.66010821446139e-05
-29.105,-12.415,-51.365,9,6.4108,3,10.138,0.224400556156915,6.66010821446139e-05
-19.333,-8.4962,-41.703,9,0.44158,3,1.7223,0.389551210592333,6.66010821446139e-05
-20.029,-9.516,-42.781,9,1.4055,3,3.0074,0.430813437734634,6.66010821446139e-05
-31.886,-2.1832,-55.085,9,0.92852,3,9.1122,0.330051608107797,6.66010821446139e-05
-31.967,-3.1093,-55.909,9,0.27814,3,9.6148,0.495899004004196,6.66010821446139e-05
-34.425,-5.5465,-67.853,9,1.7739,3,4.0696,0.292132452624544,6.66010821446139e-05
-34.655,-5.9645,-65.863,9,2.4314,3,5.1422,0.479231753122549,6.66010821446139e-05
-28.57,-14.204,-51.253,9,6.974,3,9.105,0.438887195921784,6.66010821446139e-05
-30.268,-8.6167,-63.171,9,2.4658,3,3.7225,0.476494389431229,6.66010821446139e-05
-32.138,-8.6136,-63.838,9,3.6757,3,3.9937,0.313425288793782,6.66010821446139e-05
-37.852,-10.97,-62.216,9,6.0619,3,6.0619,0.311645075527082,6.66010821446139e-05
-47.459,-6.807,-77.064,9,1.2808,3,1.2808,0.458784601125584,6.66010821446139e-05
-47.767,-6.1299,-79.118,9,1.1582,3,1.1582,0.360907496074348,6.66010821446139e-05
-46.064,-6.6895,-77.127,9,2.5443,3,2.5443,0.27164269459793,6.66010821446139e-05
-45.786,-8.1988,-75.621,9,2.5445,3,2.5445,0.474918708338864,6.66010821446139e-05
-35.788,-3.8552,-67.751,9,1.0558,3,5.6231,0.415653471014209,6.66010821446139e-05
-41.03,10.995,-83.266,10,1.7242,3,1.7242,0.45928633703994,6.66010821446139e-05
-41.216,11.568,-82.333,10,1.1238,3,1.1238,0.312507338415045,6.66010821446139e-05
-27.245,7.5897,-62.663,10,7.8286,3,7.8286,0.315360847282507,6.66010821446139e-05
-28.74,7.813,-62.469,10,6.8503,3,6.8503,0.491198130488494,6.66010821446139e-05
-28.018,11.974,-77.69,10,7.4707,3,7.4707,0.259838829294932,6.66010821446139e-05
-29.323,15.906,-79.165,10,4.0628,3,4.0628,0.473305779133504,6.66010821446139e-05
-27.964,15.395,-79.663,10,4.8021,3,4.8021,0.363450941856475,6.66010821446139e-05
-27.628,19.252,-78.152,10,0.93726,3,0.93726,0.373517240918984,6.66010821446139e-05
-29.005,18.582,-78.541,10,1.4487,3,1.4487,0.471795721279515,6.66010821446139e-05
-29.338,12.91,-85.682,10,3.6931,3,3.6931,0.397632965522575,6.66010821446139e-05
-29.901,14.763,-86.204,10,4.5626,3,4.5626,0.438519847584464,6.66010821446139e-05
-31.249,16.522,-84.423,10,3.7015,3,3.7015,0.423584744396193,6.66010821446139e-05
-31.54,16.544,-82.078,10,3.3724,3,3.3724,0.443926749354356,6.66010821446139e-05
-30.46,4.3209,-75.022,10,5.226,3,5.226,0.408463719201143,6.66010821446139e-05
-36.955,11.001,-88.759,10,0.54055,3,0.54055,0.279153728692638,6.66010821446139e-05
-37.317,12.426,-89.145,10,1.0651,3,1.0651,0.487201237859027,6.66010821446139e-05
-39.778,9.2362,-81.221,10,3.3036,3,3.3036,0.101250907667978,6.66010821446139e-05
-40.219,14.277,-86.502,10,0.82229,3,0.82229,0.486112751497293,6.66010821446139e-05
-40.952,13.531,-85.895,10,0.6286,3,0.6286,0.328859780773762,6.66010821446139e-05
-37.515,16.973,-80.374,10,0.57264,3,0.57264,0.21005671224802,6.66010821446139e-05
-31.691,17.446,-84.268,10,2.8068,3,2.8068,0.481817120518372,6.66010821446139e-05
-31.853,17.401,-86.781,10,2.7926,3,2.7926,0.417103546753959,6.66010821446139e-05
-33.211,16.171,-89.682,10,2.9595,3,2.9595,0.447354738283023,6.66010821446139e-05
-34.745,14.434,-89.333,10,2.158,3,2.158,0.467603133914924,6.66010821446139e-05
-36.874,16.384,-89.882,10,2.5871,3,2.5871,0.482252583797067,6.66010821446139e-05
-35.924,17.873,-89.734,10,1.7802,3,1.7802,0.470500336270024,6.66010821446139e-05
-37.059,-0.46489,-82.771,10,0.4019,3,0.4019,0.377435630985318,6.66010821446139e-05
-39.648,7.8432,-85.905,10,3.1224,3,3.1224,0.448339035808119,6.66010821446139e-05
-38.592,6.8537,-86.412,10,1.9562,3,1.9562,0.44028661884312,6.66010821446139e-05
-38.82,7.7018,-79.338,10,4.2035,3,4.2035,0.229033972491481,6.66010821446139e-05
-33.712,4.8689,-72.232,10,5.3139,3,6.8266,0.444202845968821,6.66010821446139e-05
-32.539,4.0868,-70.874,10,5.7933,3,7.3968,0.354215668241612,6.66010821446139e-05
-26.548,-1.3704,-63.993,10,4.8301,3,6.0905,0.479771881213735,6.66010821446139e-05
-30.759,-4.0651,-62.521,10,0.41195,3,7.1463,0.481619267801783,6.66010821446139e-05
-42.456,9.8011,-83.261,10,1.2806,3,1.2806,0.488422757977113,6.66010821446139e-05
-41.974,8.7401,-81.528,10,1.7691,3,1.7691,0.249716840628241,6.66010821446139e-05
-39.158,7.5475,-83.268,10,4.798,3,4.798,0.297802661224803,6.66010821446139e-05
-43.971,5.061,-86.553,10,2.511,3,2.511,0.383016542484536,6.66010821446139e-05
-29.997,4.9075,-51.68,10,6.5077,3,6.5077,0.274679814918744,6.66010821446139e-05
-32.65,7.0401,-47.841,10,3.5044,3,3.5044,0.360533448665109,6.66010821446139e-05
-33.041,1.7691,-42.376,10,2.1994,3,2.9989,0.464223113166792,6.66010821446139e-05
-34.352,0.6432,-43.135,10,1.049,3,3.1211,0.330124475408749,6.66010821446139e-05
-26.4,-2.0492,-52.53,10,2.9643,3,12.081,0.428931362863713,6.66010821446139e-05
-21.331,-4.3094,-46.429,10,2.5947,3,5.5775,0.376063122923912,6.66010821446139e-05
-21.849,-3.8159,-42.566,10,2.0982,3,2.5758,0.423781087086187,6.66010821446139e-05
-21.694,-2.5291,-41.536,10,1.5431,3,1.5431,0.381303428441811,6.66010821446139e-05
-22.866,-1.0785,-42.99,10,3.0019,3,3.0019,0.475005767951004,6.66010821446139e-05
-20.083,1.2075,-42.702,10,1.6026,3,1.6026,0.459678756679079,6.66010821446139e-05
-19.152,-0.062831,-41.391,10,1.1351,3,1.1351,0.366688931686568,6.66010821446139e-05
-26.185,4.3185,-42.62,10,2.643,3,2.643,0.468577618835935,6.66010821446139e-05
-26.298,6.7034,-40.262,10,1.431,3,1.431,0.287482589858173,6.66010821446139e-05
-27.556,8.7733,-50.536,10,5.3633,3,5.3633,0.440475748196552,6.66010821446139e-05
-22.488,11.032,-53.67,10,3.9949,3,3.9949,0.464491736286198,6.66010821446139e-05
-24.294,11.994,-53.594,10,2.7034,3,2.7034,0.311727821438918,6.66010821446139e-05
-25.25,8.4739,-51.996,10,6.1269,3,6.1269,0.368307266028679,6.66010821446139e-05
-23.466,7.5092,-51.647,10,7.1028,3,7.1028,0.497373248636105,6.66010821446139e-05
-26.04,3.5173,-55.779,10,8.3543,3,10.992,0.268664238722929,6.66010821446139e-05
-24.527,3.7115,-58.266,10,9.5751,3,11.399,0.447580393391818,6.66010821446139e-05
-26.35,10.143,-56.685,10,5.0994,3,5.0994,0.477844543807132,6.66010821446139e-05
-26.492,10.196,-54.55,10,4.5523,3,4.5523,0.32094763092244,6.66010821446139e-05
-14.597,5.6247,-62.296,10,6.2195,3,6.2195,0.410310214479895,6.66010821446139e-05
-19.809,15.269,-70.356,10,2.4047,3,2.4047,0.486659898765098,6.66010821446139e-05
-19.03,15.605,-72.348,10,1.2426,3,1.2426,0.279612490669996,6.66010821446139e-05
-21.807,3.5144,-60.032,10,9.1114,3,9.1114,0.453346295792298,6.66010821446139e-05
-27.059,5.1072,-49.707,10,8.2249,3,8.2249,0.0300766312860296,6.66010821446139e-05
-26.341,8.379,-56.877,10,6.8283,3,6.8283,0.397474388737294,6.66010821446139e-05
-25.723,9.3334,-54.682,10,5.52,3,5.52,0.426533200640102,6.66010821446139e-05
-23.001,4.5566,-57.793,10,11.017,3,11.113,0.41011155023002,6.66010821446139e-05
-15.881,7.5837,-51.458,10,5.3288,3,5.3288,0.471948891640171,6.66010821446139e-05
-15.564,8.3639,-49.87,10,4.5818,3,4.5818,0.277881385663319,6.66010821446139e-05
-15.6,5.4129,-56.163,10,5.8578,3,5.8578,0.487045019185654,6.66010821446139e-05
-14.507,5.4155,-57.823,10,4.929,3,4.929,0.351832117999651,6.66010821446139e-05
-13.291,8.4506,-59.559,10,3.8551,3,3.8551,0.311245223053493,6.66010821446139e-05
-14.943,8.7981,-58.267,10,4.7896,3,4.7896,0.467809102923898,6.66010821446139e-05
-13.776,3.5652,-57.959,10,3.4009,3,3.4009,0.40581451582551,6.66010821446139e-05
-13.176,2.0948,-47.766,10,1.3912,3,1.3912,0.173081168744681,6.66010821446139e-05
-9.9515,-9.0368,-44.563,10,6.1097,3,4.8861,0.682054483460055,6.66010821446139e-05
-9.3771,1.0857,-46.19,10,2.301,3,2.301,0.252636920938772,6.66010821446139e-05
-20.597,-4.7833,-47.164,10,2.8547,3,5.0546,0.344600191900434,6.66010821446139e-05
-20.62,-6.7592,-48.255,10,1.2726,3,4.9524,0.494237699753866,6.66010821446139e-05
-18.504,-5.6778,-44.384,10,2.1459,3,2.1459,0.39165109333748,6.66010821446139e-05
-18.364,-7.3555,-55.888,10,2.2654,3,2.2654,0.460497019987736,6.66010821446139e-05
-20.426,-7.5952,-51.435,10,1.5333,3,5.3189,0.481824996726731,6.66010821446139e-05
-21.157,-6.202,-53.274,10,2.768,3,6.2053,0.410310590949547,6.66010821446139e-05
-14.496,4.9898,-62.466,10,5.8288,3,5.8288,0.368603044042785,6.66010821446139e-05
-9.3931,4.8906,-60.432,10,1.426,3,1.426,0.324065467910736,6.66010821446139e-05
-8.9099,3.2328,-61.354,10,0.49996,3,0.49996,0.456634513992092,6.66010821446139e-05
-8.3745,5.9582,-81.165,10,2.1691,3,2.1691,0.41764337305511,6.66010821446139e-05
-8.5725,6.7639,-80.161,10,2.1029,3,2.1029,0.385518702056591,6.66010821446139e-05
-15.524,4.2731,-70.629,10,3.8323,3,3.8323,0.160954444193668,6.66010821446139e-05
-18.509,-6.7414,-61.245,10,0.441,3,0.441,0.350107086800598,6.66010821446139e-05
-17.242,-8.5935,-59.803,10,0.81186,3,0.81186,0.332384505153997,6.66010821446139e-05
-23.914,-5.8884,-63.101,10,2.589,3,2.589,0.491225261925825,6.66010821446139e-05
-26.353,-1.5302,-62.28,10,4.6335,3,6.8033,0.421248061686479,6.66010821446139e-05
-24.848,2.3254,-71.557,10,3.5579,3,3.5579,0.347400515284108,6.66010821446139e-05
-29.45,7.7002,-85.796,10,1.247,3,1.247,0.425128689709533,6.66010821446139e-05
-30.511,6.7999,-85.709,10,0.72659,3,0.72659,0.393037593196842,6.66010821446139e-05
-25.693,0.17189,-81.432,10,0.78251,3,0.78251,0.124647027726736,6.66010821446139e-05
-28.968,15.05,-90.436,10,2.0044,3,2.0044,0.437283908119662,6.66010821446139e-05
-28.743,16.575,-85.476,10,3.0997,3,3.0997,0.320265112614428,6.66010821446139e-05
-27.715,16.264,-83.512,10,3.4622,3,3.4622,0.463351803706256,6.66010821446139e-05
-23.675,17.519,-87.751,10,0.88936,3,0.88936,0.470044171309981,6.66010821446139e-05
-23.891,16.516,-85.845,10,1.5207,3,1.5207,0.300471994557087,6.66010821446139e-05
-20.996,14.429,-87.182,10,1.5289,3,1.5289,0.365732815471114,6.66010821446139e-05
-25.471,13.347,-90.971,10,0.96006,3,0.96006,0.397296490503825,6.66010821446139e-05
-24.409,15.031,-91.491,10,1.1109,3,1.1109,0.485219924010317,6.66010821446139e-05
-23.015,6.1523,-84.826,10,0.3116,3,0.3116,0.230122160694927,6.66010821446139e-05
-26.104,3.7209,-74.838,10,3.2988,3,3.2988,0.41247994543474,6.66010821446139e-05
-26.008,14.292,-81.088,10,4.7764,3,4.7764,0.416650041136868,6.66010821446139e-05
-27.767,15.059,-81.426,10,4.898,3,4.898,0.382182639468785,6.66010821446139e-05
-19.718,11.339,-82.973,10,3.1462,3,3.1462,0.193231597050207,6.66010821446139e-05
-21.643,14.633,-83.118,10,1.4571,3,1.4571,0.438283114387706,6.66010821446139e-05
-20.334,14.431,-84.205,10,1.02,3,1.02,0.361370169351375,6.66010821446139e-05
-16.569,1.4046,-71.61,10,0.83625,3,0.83625,0.42378480785799,6.66010821446139e-05
-19.934,11.875,-86.399,10,2.3293,3,2.3293,0.365222093087791,6.66010821446139e-05
-18.673,11.448,-84.527,10,2.5351,3,2.5351,0.481568251491983,6.66010821446139e-05
28.148,-3.197,15.297,12,5.1479,5,5.8371,0.405822557180622,0.000192729591836735
27.555,-3.7449,11.795,12,3.4109,5,3.4109,0.391255361313056,0.000192729591836735
34.923,-10.328,-1.4732,12,6.4661,5,1.0458,0.340599170175437,0.000192729591836735
37.248,-9.0424,3.6843,12,5.5354,5,4.3688,0.444393778691375,0.000192729591836735
33.076,0.2141,4.0907,12,4.1968,5,5.3295,0.292619318313272,0.000192729591836735
33.921,-1.2678,4.4234,12,2.6085,5,5.1927,0.48010956600952,0.000192729591836735
28.719,4.1738,9.1027,12,6.2368,5,6.2368,0.321777103275127,0.000192729591836735
30.812,7.9127,1.9141,12,3.5743,5,3.5743,0.265338465271073,0.000192729591836735
31.749,7.3539,3.7773,12,2.7247,5,2.7247,0.420519254235887,0.000192729591836735
32.473,3.533,-3.8224,12,2.9287,5,2.9287,0.413374011105295,0.000192729591836735
31.149,2.0789,-3.6431,12,2.3025,5,2.3025,0.407569239454429,0.000192729591836735
27.418,2.9628,-4.3803,12,2.2713,5,2.2713,0.383692489904462,0.000192729591836735
27.351,4.6351,-4.3577,12,2.2004,5,2.2004,0.359472579996245,0.000192729591836735
27.313,0.64905,-2.8645,12,2.2721,5,2.2721,0.41231714421595,0.000192729591836735
25.77,-0.16556,-1.9591,12,0.5566,5,0.5566,0.474702289393081,0.000192729591836735
25.971,-1.4879,3.5305,12,0.58817,5,0.58817,0.482565091876379,0.000192729591836735
22.418,0.58063,9.0123,12,4.0276,5,4.0276,0.417099631145773,0.000192729591836735
16.461,3.8061,4.5989,12,0.66048,5,0.66048,0.0475655139839305,0.000192729591836735
14.692,8.7497,2.4043,12,0.34498,5,0.34498,0.215283368779719,0.000192729591836735
16.02,10.492,4.9925,12,2.546,5,2.546,0.417807065818888,0.000192729591836735
14.055,10.669,4.4348,12,1.3087,5,1.3087,0.384246264626882,0.000192729591836735
22.438,14.731,2.5368,12,0.19479,5,0.19479,0.34525302440921,0.000192729591836735
19.623,13.945,1.5928,12,1.8556,5,1.8556,0.26844566644317,0.000192729591836735
14.773,12.268,6.3294,12,2.4654,5,2.4654,0.483381202303453,0.000192729591836735
16.649,11.945,6.1533,12,3.1473,5,3.1473,0.365159235566583,0.000192729591836735
17.553,12.378,8.5137,12,2.5652,5,2.5652,0.447838138558102,0.000192729591836735
15.774,13.351,8.7095,12,1.5605,5,1.5605,0.346802768945268,0.000192729591836735
25.911,10.929,6.8835,12,2.781,5,2.781,0.445070525278314,0.000192729591836735
26.541,9.4848,8.2399,12,3.516,5,3.516,0.375729421840171,0.000192729591836735
26.848,8.7155,11.43,12,3.0152,5,3.0152,0.425187672033936,0.000192729591836735
26.156,9.9692,12.854,12,1.7715,5,1.7715,0.433102887181849,0.000192729591836735
26.449,8.8639,15.626,12,2.48,5,2.48,0.348936516496721,0.000192729591836735
26.185,2.262,13.819,12,8.1109,5,8.1109,0.364421477504359,0.000192729591836735
25.261,5.6024,22.369,12,4.7024,5,4.7024,0.461331102038303,0.000192729591836735
24.55,4.5248,20.935,12,6.4083,5,6.4083,0.336668513283605,0.000192729591836735
26.016,0.86157,16.064,12,8.145,5,8.145,0.426892989956818,0.000192729591836735
30.149,2.1194,14.758,12,4.6771,5,4.6771,0.438985277715699,0.000192729591836735
29.052,0.51642,13.823,12,6.6225,5,6.6225,0.381760399376089,0.000192729591836735
15.408,-2.699,23.343,12,2.0717,5,2.0717,0.32816381246724,0.000192729591836735
16.782,-3.3515,24.492,12,3.6167,5,3.6167,0.466115776160617,0.000192729591836735
20.364,2.0103,24.201,12,4.7716,5,4.7716,0.339031501982305,0.000192729591836735
19.062,1.6683,25.69,12,3.343,5,3.343,0.493026822262241,0.000192729591836735
21.21,1.7619,23.027,12,5.9902,5,5.9902,0.296032626790927,0.000192729591836735
23.108,1.947,12.997,12,6.1268,5,6.1268,0.244317225528941,0.000192729591836735
20.519,-17.323,30.107,12,6.8852,5,6.8852,0.238091583484229,0.000192729591836735
18.63,-10.373,25.847,12,5.075,5,5.075,0.078786768476097,0.000192729591836735
23.52,-18.436,22.556,12,0.644,5,3.7373,0.0300214458431601,0.000192729591836735
20.563,-29.103,29.593,12,3.5101,5,3.9743,0.428686936133455,0.000192729591836735
22.112,-30.64,29.455,12,2.3588,5,2.3588,0.379286388686357,0.000192729591836735
19.323,-17.543,31.523,12,6.0784,5,6.0784,0.287863040294009,0.000192729591836735
20.323,-16.642,30.289,12,6.9453,5,6.9453,0.22234247769728,0.000192729591836735
21.026,-15.199,22.712,12,2.9029,5,2.9029,0.331299631853889,0.000192729591836735
21.812,-9.2945,18.653,12,1.9883,5,1.9883,0.484278392566327,0.000192729591836735
22.425,-7.4017,21.136,12,5.0598,5,5.0598,0.474084156348373,0.000192729591836735
18.802,-11.703,25.844,12,4.924,5,4.924,0.317043993245076,0.000192729591836735
20.84,-16.515,29.124,12,6.9778,5,6.9778,0.241221403343774,0.000192729591836735
33.469,-18.76,5.8277,13,1.982,5,1.982,0.494561351518692,0.000192729591836735
31.514,-18.382,6.0723,13,0.48093,5,0.48093,0.328999900480097,0.000192729591836735
32.879,-13.398,2.4642,13,0.87392,5,0.87392,0.338845050385205,0.000192729591836735
34.799,-13.939,2.6741,13,2.4259,5,2.4259,0.44344326051156,0.000192729591836735
30.079,-10.878,6.1352,13,1.7085,5,1.7085,0.334823414314365,0.000192729591836735
28.421,-15.209,9.5335,13,0.2305,5,0.2305,0.260093793563696,0.000192729591836735
29.984,-15.839,8.5782,13,0.91579,5,0.91579,0.318947481130027,0.000192729591836735
32.063,-15.527,9.1845,13,2.965,5,2.965,0.484409120900589,0.000192729591836735
23.9,14.096,-34.764,16,4.8175,7,4.8175,0.48376501178984,0.000184292146073036
23.908,12.268,-33.778,16,6.4374,7,6.4374,0.252237799769137,0.000184292146073036
23.691,10.912,-33.269,16,7.5651,7,7.8056,0.362279147304501,0.000184292146073036
25.114,12.614,-38.984,16,2.4434,7,6.0099,0.348269173075893,0.000184292146073036
21.879,10.247,-42.03,16,0.78654,7,8.7647,0.341236661212107,0.000184292146073036
22.949,10.414,-41.461,16,0.25293,7,8.9255,0.496987120570259,0.000184292146073036
23.244,1.6471,-42.806,16,0.77657,7,9.7376,0.220155828260637,0.000184292146073036
26.419,-1.7339,-34.242,16,3.147,7,5.8834,0.309995198208426,0.000184292146073036
25.346,-0.54484,-35.705,16,3.3943,7,6.4014,0.489888843796686,0.000184292146073036
23,6.2304,-29.965,16,5.8156,7,5.8156,0.348047858267334,0.000184292146073036
24.674,5.4704,-31.511,16,6.8415,7,6.8415,0.487333496694772,0.000184292146073036
17.971,2.794,-29.622,16,1.0188,7,1.0188,0.405197731153438,0.000184292146073036
18.615,0.89872,-30.166,16,0.16965,7,0.16965,0.436977050392386,0.000184292146073036
15.044,-0.34579,-35.702,16,1.3683,7,1.3683,0.348377763568606,0.000184292146073036
16.286,-0.80474,-37.256,16,1.098,7,2.8933,0.472292713363403,0.000184292146073036
16.076,-0.72466,-37.371,16,1.1513,7,3.0048,0.45018124029581,0.000184292146073036
14.968,-0.59088,-35.587,16,1.2197,7,1.2197,0.323583038661884,0.000184292146073036
16.005,7.2916,-38.193,16,2.6599,7,2.6599,0.371090845446399,0.000184292146073036
19.436,9.4233,-35.247,16,5.3868,7,5.6952,0.296252762526928,0.000184292146073036
19.266,12.564,-38.348,16,2.2877,7,6.3948,0.482078976012051,0.000184292146073036
21.346,12.396,-38.894,16,1.7393,7,6.6172,0.319658652745982,0.000184292146073036
15.966,12.018,-28.263,16,3.5042,7,3.5042,0.483209629581669,0.000184292146073036
17.156,10.239,-28.285,16,3.5042,7,3.5042,0.286272723503486,0.000184292146073036
19.735,8.0098,-29.115,16,4.113,7,4.113,0.370395598454331,0.000184292146073036
16.56,12.651,-22.001,16,3.3137,7,3.3137,0.341691889787507,0.000184292146073036
19.817,10.946,-25.77,16,5.2167,7,5.2167,0.359627713481892,0.000184292146073036
21.093,12.927,-25.73,16,5.3992,7,5.3992,0.237625845441616,0.000184292146073036
19.893,14.531,-25.93,16,3.9989,7,3.9989,0.483044087183816,0.000184292146073036
30.162,11.296,-19.032,16,3.7412,7,3.7412,0.491020679930544,0.000184292146073036
28.947,10.779,-20.441,16,5.2751,7,5.2751,0.198392554705212,0.000184292146073036
28.279,8.0418,-19.479,16,3.9472,7,3.9472,0.3975607655909,0.000184292146073036
27.107,9.177,-13.145,16,1.5847,7,1.5847,0.329102635331006,0.000184292146073036
30.978,6.4949,-10.295,16,1.7976,7,1.7976,0.483694028547949,0.000184292146073036
32.321,7.6371,-10.408,16,2.3723,7,2.3723,0.296168157468239,0.000184292146073036
29.011,8.7142,-14.695,16,2.7941,7,2.7941,0.377341239206118,0.000184292146073036
27.647,7.2336,-14.095,16,1.0084,7,1.0084,0.489543497840245,0.000184292146073036
30.288,4.4755,-20.784,16,3.3575,7,3.3575,0.447713494690503,0.000184292146073036
31.313,6.3525,-18.541,16,4.97,7,4.97,0.320254840088771,0.000184292146073036
34.44,3.563,-25.636,16,5.8768,7,5.8768,0.301909651034267,0.000184292146073036
32.491,3.3187,-24.457,16,5.4336,7,5.4336,0.463686199118548,0.000184292146073036
27.88,3.5735,-27.216,16,4.2879,7,4.2879,0.496673073550741,0.000184292146073036
28.509,3.7493,-24.951,16,2.6488,7,2.6488,0.318739219525316,0.000184292146073036
27.336,-2.5071,-31.075,16,3.4414,7,3.615,0.485090254172106,0.000184292146073036
25.194,-2.7793,-30.711,16,2.5069,7,3.984,0.309593817776657,0.000184292146073036
34.44,-3.3448,-34.85,16,0.77118,7,4.2223,0.272774162634914,0.000184292146073036
36.223,1.9016,-30.557,16,4.8183,7,4.8183,0.482953325834287,0.000184292146073036
37.01,3.8893,-29.927,16,2.9687,7,2.9687,0.353972160303036,0.000184292146073036
36.306,5.2855,-31.487,16,3.2026,7,3.2026,0.320714533715296,0.000184292146073036
32.497,5.9099,-27.925,16,5.6166,7,5.6166,0.348601692112816,0.000184292146073036
38.095,-7.0876,-11.259,14,4.76,6,5.3012,0.0981050358861432,0.00032562358276644
39.013,-5.8573,-12.362,14,3.8721,6,4.3867,0.117922877666684,0.00032562358276644
38.132,-9.804,-13.36,14,3.6285,6,5.603,0.489062830713743,0.00032562358276644
37.891,-11.217,-15.037,14,2.2427,6,4.4641,0.32157137051345,0.00032562358276644
38.022,-16.644,-12.858,14,1.5273,6,1.5273,0.35996486962294,0.00032562358276644
38.925,-19.908,-14.131,14,0.76309,6,0.76309,0.364819253755292,0.00032562358276644
38.184,-21.302,-12.622,14,0.3896,6,0.3896,0.454070142128875,0.00032562358276644
37.828,-32.622,-30.601,15,0.65728,6,0.65728,0.479700117367183,0.00032562358276644
38.715,-31.484,-31.609,15,1.9803,6,1.9803,0.328316915535537,0.00032562358276644
28.239,-49,-42.486,15,2.5028,6,2.5028,0.155289942177269,0.00032562358276644
31.581,-50.385,-39.689,15,1.1369,6,1.1369,0.445341386421424,0.00032562358276644
38.903,-38.936,-40.131,15,0.19104,6,0.19104,0.313049806488317,0.00032562358276644
37.608,-49.24,-42.446,15,2.6715,6,2.6715,0.463465216899267,0.00032562358276644
37.352,-50.123,-44.594,15,1.0478,6,1.0478,0.412266999381872,0.00032562358276644
33.207,-53.584,-47.645,15,2.1577,6,2.1577,0.422427229483572,0.00032562358276644
34.493,-51.609,-48.042,15,0.10836,6,0.10836,0.38982174372664,0.00032562358276644
37.587,-52.442,-45.278,15,1.058,6,1.058,0.449455263247751,0.00032562358276644
37.31,-51.518,-42.961,15,2.794,6,2.794,0.46930237802396,0.00032562358276644
35.525,-52.752,-42.631,15,2.2742,6,2.2742,0.310324022461404,0.00032562358276644
35.254,-54.438,-43.8,15,2.1399,6,2.1399,0.475065952955392,0.00032562358276644
31.45,-48.654,-48.394,15,0.36141,6,0.36141,0.054631794416167,0.00032562358276644
38.973,-52.904,-43.644,15,2.7054,6,2.7054,0.338634544377888,0.00032562358276644
39.837,-53.505,-43.051,15,3.4343,6,3.4343,0.478705060971825,0.00032562358276644
37.39,-55.08,-42.287,15,3.2238,6,3.2238,0.481670573233883,0.00032562358276644
36.933,-54.186,-42.901,15,3.2336,6,3.2336,0.316330244462357,0.00032562358276644
39.422,-50.001,-43.719,15,1.4602,6,1.4602,0.196256854531701,0.00032562358276644
39.217,-38.799,-40.033,15,0.094491,6,0.094491,0.404532231396099,0.00032562358276644
43.4,-51.706,-41.795,15,1.2399,6,1.2399,0.398470337929965,0.00032562358276644
42.717,-50.638,-42.779,15,2.5567,6,2.5567,0.422113800963528,0.00032562358276644
38.533,-34.921,-33.031,15,2.7287,6,2.7287,0.491526492021621,0.00032562358276644
33.457,-51.198,-30.286,15,2.3052,6,2.3052,0.450542851752721,0.00032562358276644
33.888,-50.978,-29.343,15,2.1291,6,2.1291,0.36232638831562,0.00032562358276644
31.023,-50.803,-37.186,15,3.1626,6,3.1626,0.321348382524898,0.00032562358276644
31.716,-51.482,-36.846,15,2.8875,6,2.8875,0.487750808987859,0.00032562358276644
33.482,-13.255,-31.558,15,1.6984,6,1.6984,0.421272441649415,0.00032562358276644
32.142,-12.117,-30.527,15,2.6022,6,2.6022,0.440141960073775,0.00032562358276644
27.883,-10.446,-31.032,15,0.25349,6,0.25349,0.44826850233723,0.00032562358276644
41.986,-11.128,-29.02,15,2.2519,6,2.2519,0.355738693613844,0.00032562358276644
33.269,-1.7994,-19.254,15,0.14176,6,0.14176,0.353731767700941,0.00032562358276644
34.989,-2.3561,-20.422,15,0.54558,6,0.54558,0.459893226410132,0.00032562358276644
35.817,-4.1464,-27.702,15,0.24685,6,0.24685,0.392039217191636,0.00032562358276644
29.908,-11.114,-27.871,15,3.1705,6,3.1705,0.464806213166474,0.00032562358276644
34.182,-17.221,-23.044,15,0.16116,6,0.16116,0.499758670449841,0.00032562358276644
33.214,-16.799,-24.707,15,1.3036,6,1.3036,0.189797733341622,0.00032562358276644
35.045,-9.1372,-18.009,15,0.53401,6,1.4932,0.462165803830585,0.00032562358276644
33.322,-8.5786,-16.821,15,0.59651,6,1.6316,0.370632644253231,0.00032562358276644
29.39,-6.8487,-17.439,15,0.83871,6,0.83871,0.43924535404169,0.00032562358276644
28.956,-6.9398,-19.192,15,0.82454,6,0.82454,0.362113211669033,0.00032562358276644
42.664,-14.899,-25.75,15,4.1371,6,4.1657,0.480956806559902,0.00032562358276644
42.658,-16.746,-26.915,15,4.6058,6,4.6058,0.342660654168431,0.00032562358276644
39.801,-24.595,-30.833,15,1.0515,6,1.0515,0.452591674965181,0.00032562358276644
23.84,-18.21,-47.996,17,5.7869,7,5.9306,0.323723853347901,0.000184292146073036
25.24,-16.671,-44.018,17,4.4302,7,6.8478,0.32781641569588,0.000184292146073036
28.312,-10.662,-38.483,17,0.92808,7,5.4952,0.430720721520573,0.000184292146073036
28.469,-11.917,-39.978,17,0.59401,7,6.6223,0.386470907190421,0.000184292146073036
20.932,-12.003,-41.167,17,6.1441,7,6.1441,0.493058401393924,0.000184292146073036
22.827,-12.549,-42.501,17,5.8226,7,7.3764,0.334741033768743,0.000184292146073036
19.558,-9.2485,-44.419,17,6.326,7,7.9605,0.319701955905477,0.000184292146073036
19.381,-10.713,-42.617,17,6.4464,7,6.4464,0.488565865954801,0.000184292146073036
16.051,-7.348,-44.936,17,5.1171,7,6.3616,0.479700899902661,0.000184292146073036
13.774,-7.574,-44.443,17,4.358,7,4.358,0.284080036097131,0.000184292146073036
11.639,-7.7108,-44.66,17,2.4973,7,2.4973,0.49926522282555,0.000184292146073036
15.501,-7.6716,-54.993,17,2.4351,7,5.2716,0.30154511452381,0.000184292146073036
14.503,-7.2153,-53.45,17,2.5794,7,6.6553,0.471984752432239,0.000184292146073036
17.57,-8.6239,-48.131,17,4.6716,7,7.692,0.372047282262154,0.000184292146073036
16.945,-11.104,-51.133,17,6.2796,7,6.2796,0.303686192283279,0.000184292146073036
38.949,-29.232,-44.118,18,5.0122,7,7.1753,0.320147547154263,0.000184292146073036
47.64,-38.927,-54.378,18,3.997,7,3.997,0.489656033307931,0.000184292146073036
46.589,-43.091,-51.191,18,3.4718,7,3.4718,0.496188422590946,0.000184292146073036
44.866,-42,-49.747,18,4.6442,7,4.6442,0.458994316991168,0.000184292146073036
48.336,-39.558,-57.04,18,3.1236,7,3.1236,0.438855826125655,0.000184292146073036
47.742,-38.641,-55.158,18,4.1412,7,4.1412,0.396606051167197,0.000184292146073036
49.705,-39.055,-56.327,18,2.3746,7,2.3746,0.453601680198663,0.000184292146073036
49.813,-39.764,-58.574,18,2.6648,7,2.6648,0.446093991516325,0.000184292146073036
37.629,-17.368,-38.913,18,0.1668,7,5.5863,0.218638719424932,0.000184292146073036
35.632,-23.121,-37.97,18,5.3328,7,5.4621,0.448083797758138,0.000184292146073036
35.828,-22.694,-39.792,18,3.7967,7,7.1492,0.382141072980901,0.000184292146073036
35.971,-25.987,-42.313,18,4.5673,7,7.7699,0.404626034423923,0.000184292146073036
42.03,-24.091,-40.076,18,2.9721,7,5.8661,0.33703912432158,0.000184292146073036
34.6,-47.861,-48.523,18,1.5903,7,1.5903,0.226669807024391,0.000184292146073036
35.05,-49.204,-49.631,18,1.6727,7,1.6727,0.487814732071363,0.000184292146073036
43.618,-45.903,-50.51,18,4.4975,7,4.4975,0.300785643346309,0.000184292146073036
41.776,-48.66,-49.495,18,2.9234,7,2.9234,0.440025064872912,0.000184292146073036
41.783,-48.798,-50.759,18,4.035,7,4.035,0.494261505372361,0.000184292146073036
42.866,-40.282,-42.846,18,0.98171,7,0.98171,0.377669544934255,0.000184292146073036
40.654,-41.254,-43.198,18,1.0117,7,1.0117,0.436052867286935,0.000184292146073036
36.631,-33.639,-40.075,18,1.9673,7,1.9673,0.339100536384218,0.000184292146073036
41.768,-49.011,-46.478,18,0.63759,7,0.63759,0.471311585978074,0.000184292146073036
41.758,-48.082,-47.304,18,1.6927,7,1.6927,0.407958960568413,0.000184292146073036
37.028,-25.809,-37.275,18,3.4288,7,3.4288,0.475246939613631,0.000184292146073036
37.28,-25.061,-39.359,18,5.1742,7,5.2489,0.467353025371063,0.000184292146073036
42.086,-42.467,-59.381,18,1.8715,7,1.8715,0.308036552554876,0.000184292146073036
40.105,-30.106,-55.129,18,1.8431,7,2.0062,0.113671174177087,0.000184292146073036
46.354,-42.546,-56.828,18,1.6805,7,1.6805,0.467569951167375,0.000184292146073036
45.04,-42.196,-55.751,18,2.4017,7,2.4017,0.34033295800789,0.000184292146073036
47.121,-42.485,-50.711,18,3.0437,7,3.0437,0.432913446561457,0.000184292146073036
46.161,-42.853,-54.993,18,3.2434,7,3.2434,0.483900119959345,0.000184292146073036
44.933,-40.839,-55.682,18,2.5443,7,2.5443,0.446138926789924,0.000184292146073036
37.471,-31.476,-44.701,18,6.9753,7,6.9753,0.345722952782731,0.000184292146073036
43.443,-46.143,-57.543,18,0.56625,7,0.56625,0.481211613826538,0.000184292146073036
41.249,-49.071,-52.773,18,3.9534,7,3.9534,0.442226515455161,0.000184292146073036
39.894,-49.974,-54.4,18,2.0952,7,2.0952,0.344116932489435,0.000184292146073036
40.477,-50.482,-55.634,18,1.6314,7,1.6314,0.496192842138106,0.000184292146073036
34.561,-41.392,-50.214,18,0.82961,7,0.82961,0.325117836942947,0.000184292146073036
34.093,-39.298,-49.776,18,1.0289,7,1.0289,0.465041450414513,0.000184292146073036
46.919,-5.9081,-69.669,19,0.33229,7,0.33229,0.251312405469726,0.000184292146073036
42.086,-0.77576,-63.441,19,3.9671,7,3.9671,0.46845377264672,0.000184292146073036
42.048,0.76405,-63.213,19,2.69,7,3.1809,0.293868309094318,0.000184292146073036
41.08,-6.7064,-54.139,19,6.766,7,6.766,0.483718443270075,0.000184292146073036
39.697,-6.1031,-53.152,19,7.6227,7,7.6227,0.320274988596581,0.000184292146073036
35.65,-5.305,-51.981,19,6.8849,7,10.609,0.41334009892582,0.000184292146073036
36.808,-5.9545,-50.377,19,8.2925,7,9.4349,0.399943706408441,0.000184292146073036
34.669,-4.4003,-61.693,19,2.5532,7,2.5532,0.47327998426417,0.000184292146073036
33.417,-4.4216,-63.117,19,1.0859,7,1.0859,0.278488985682913,0.000184292146073036
42.932,0.15372,-62.042,19,2.7469,7,2.7469,0.276484661141482,0.000184292146073036
38.717,-1.0588,-54.915,19,5.1116,7,7.1153,0.339376613691862,0.000184292146073036
36.951,0.13824,-54.765,19,3.2266,7,8.0093,0.49252927086197,0.000184292146073036
37.028,-4.2788,-49.319,19,7.4824,7,8.3261,0.462883491676924,0.000184292146073036
38.659,-3.348,-45.655,19,6.2324,7,6.2324,0.45263900015546,0.000184292146073036
35.413,-7.2246,-44.309,19,7.1754,7,10.828,0.483261358541527,0.000184292146073036
35.533,-5.6953,-45.887,19,7.2342,7,10.079,0.278568470505437,0.000184292146073036
32.967,-6.0209,-37.891,19,1.9615,7,4.8735,0.449022306577867,0.000184292146073036
30.874,-6.4967,-38.149,19,1.9976,7,4.6999,0.332132504860336,0.000184292146073036
43.884,-5.9932,-41.505,19,2.8052,7,2.8052,0.388127862092449,0.000184292146073036
41.091,-7.8327,-48.046,19,6.0589,7,6.0589,0.351549183981071,0.000184292146073036
48.049,-20.65,-50.275,19,3.4081,7,3.4081,0.479521472664988,0.000184292146073036
47.462,-21.629,-48.82,19,3.0039,7,3.8165,0.312227411033876,0.000184292146073036
42.827,-21.15,-51.645,19,5.2201,7,7.6203,0.369479337223627,0.000184292146073036
41.46,-15.107,-50.221,19,8.18,7,8.3063,0.411302743799894,0.000184292146073036
39.687,-7.284,-47.638,19,7.084,7,7.084,0.491063122995107,0.000184292146073036
41.313,-7.4123,-46.246,19,5.8654,7,5.8654,0.278946562884147,0.000184292146073036
36.021,-10.692,-36.347,19,2.8461,7,2.8461,0.327039475505051,0.000184292146073036
36.797,-12.398,-37.593,19,3.2176,7,3.8506,0.474622878017542,0.000184292146073036
33.486,-13.618,-47.098,19,3.9937,7,11.772,0.480320006902762,0.000184292146073036
42.736,-19.83,-50.566,19,5.5566,7,8.4807,0.33541770374272,0.000184292146073036
37.844,-17.393,-55.901,19,3.2676,7,3.2676,0.290185720263576,0.000184292146073036
34.398,-13.998,-48.566,19,4.7688,7,10.601,0.354364455013816,0.000184292146073036
37.214,-12.427,-54.291,19,5.8197,7,5.8197,0.465948553895712,0.000184292146073036
39.851,-12.158,-53.595,19,7.5527,7,7.5527,0.430709915975191,0.000184292146073036
14.677,3.8375,-68.168,20,0.75887,7,0.75887,0.411585377226597,0.000184292146073036
8.2574,13.612,-84.15,20,2.0625,7,2.0625,0.39620661535313,0.000184292146073036
13.575,15.145,-76.869,20,5.0911,7,5.0911,0.247044262670695,0.000184292146073036
13.833,16.027,-84.34,20,2.6519,7,2.6519,0.474278491084297,0.000184292146073036
13.62,17.027,-83.575,20,3.551,7,3.551,0.460695388540373,0.000184292146073036
14.676,14.001,-86.606,20,0.35976,7,0.35976,0.253153088604763,0.000184292146073036
15.506,15.692,-84.265,20,1.8656,7,1.8656,0.477417072718115,0.000184292146073036
16.351,14.709,-84.929,20,0.60079,7,0.60079,0.284654560871571,0.000184292146073036
19.862,21.668,-80.527,20,3.3102,7,3.3102,0.37057625199097,0.000184292146073036
19.808,19.486,-84.061,20,2.7142,7,2.7142,0.400633302004171,0.000184292146073036
17.592,17.446,-84.714,20,1.9906,7,1.9906,0.479858986732647,0.000184292146073036
18.558,16.349,-83.444,20,1.7635,7,1.7635,0.280415419981394,0.000184292146073036
24.797,7.2436,-69.795,20,1.106,7,1.106,0.361830338088511,0.000184292146073036
23.918,6.5839,-71.06,20,0.30993,7,0.30993,0.447138471444698,0.000184292146073036
22.633,17.51,-84.399,20,0.62015,7,0.62015,0.460949137447705,0.000184292146073036
21.902,18.037,-83.6,20,1.5547,7,1.5547,0.482654904454381,0.000184292146073036
19.797,0.84844,-56.603,20,5.7428,7,7.865,0.361132732616417,0.000184292146073036
18,2.6478,-63.355,20,3.0621,7,3.0621,0.322743373311744,0.000184292146073036
13.671,7.1514,-60.017,20,2.5675,7,2.5675,0.310447453040229,0.000184292146073036
19.486,-1.0841,-48.212,20,1.3077,7,8.8238,0.43377466596786,0.000184292146073036
20.191,-1.064,-50.309,20,2.5658,7,9.5239,0.404097727150427,0.000184292146073036
18.486,2.813,-54.466,20,7.0137,7,7.0137,0.493987540431002,0.000184292146073036
6.9538,6.2347,-49.32,20,4.9666,7,4.9666,0.505651548701136,0.000184292146073036
13.299,7.3929,-56.277,20,1.8126,7,1.8126,0.463044581707881,0.000184292146073036
13.357,8.1197,-57.782,20,2.1821,7,2.1821,0.330632285490193,0.000184292146073036
10.907,11.818,-62.048,20,2.3751,7,2.3751,0.275239326528682,0.000184292146073036
11.337,14.072,-51.69,20,2.4673,7,2.4673,0.268723341143034,0.000184292146073036
12.508,13.235,-52.621,20,3.7871,7,3.7871,0.497987866097592,0.000184292146073036
16.527,9.6068,-48.499,20,4.684,7,4.684,0.452147211127386,0.000184292146073036
17.152,9.6355,-46.377,20,4.0981,7,4.9445,0.368061992917273,0.000184292146073036
23.579,9.3596,-50.324,20,7.0049,7,10.395,0.0600639033021661,0.000184292146073036
22.082,11.808,-48.216,20,5.9942,7,8.2101,0.261343695339586,0.000184292146073036
21.186,10.539,-46.987,20,4.9237,7,9.0407,0.494490878316493,0.000184292146073036
18.614,7.6177,-52.667,20,6.5557,7,6.5557,0.349882185213672,0.000184292146073036
17.886,13.786,-60.718,20,6.9931,7,6.9931,0.317176845557654,0.000184292146073036
14.88,16.332,-63.621,20,4.2118,7,4.2118,0.474306943544435,0.000184292146073036
16.178,15.166,-62.478,20,5.4523,7,5.4523,0.369005321890757,0.000184292146073036
13.623,17.721,-77.18,20,3.275,7,3.275,0.240668597891266,0.000184292146073036
16.096,20.211,-78.141,20,2.8833,7,2.8833,0.368362588417248,0.000184292146073036
15.444,19.988,-80.026,20,2.5339,7,2.5339,0.481674522543981,0.000184292146073036
18.525,20.239,-78.573,20,4.0299,7,4.0299,0.473416004800786,0.000184292146073036
18.293,19.78,-76.86,20,4.4312,7,4.4312,0.323232869044338,0.000184292146073036
12.504,7.6787,-64.241,20,1.9553,7,1.9553,0.452115938466736,0.000184292146073036
6.9184,15.216,-75.076,20,2.0476,7,2.0476,0.441779718149965,0.000184292146073036
5.336,14.45,-75.507,20,0.83894,7,0.83894,0.378151230064984,0.000184292146073036
10.457,13.175,-62.911,20,3.1095,7,3.1095,0.364934599872801,0.000184292146073036
11.651,14.458,-63.994,20,4.7589,7,4.7589,0.49925408099038,0.000184292146073036
25.421,16.6,-54.715,20,3.7329,7,3.7329,0.324779616578208,0.000184292146073036
22.127,21.5,-74.216,20,2.1014,7,2.1014,0.402476278377934,0.000184292146073036
23.249,21.77,-75.102,20,1.9738,7,1.9738,0.466060277587161,0.000184292146073036
15.027,5.0597,-51.83,20,2.9203,7,2.9203,0.030166183052239,0.000184292146073036
21.151,8.9379,-55.583,20,9.6003,7,9.6003,0.367267697477275,0.000184292146073036
26.517,14.623,-51.011,20,4.4097,7,4.4097,0.368697881365368,0.000184292146073036
26.089,14.117,-48.803,20,4.9997,7,5.0459,0.499723498632735,0.000184292146073036
28.002,8.1738,-51.242,20,6.6709,7,9.1941,0.436086373816821,0.000184292146073036
29.379,4.3295,-55.194,20,4.3627,7,11.083,0.407016322245745,0.000184292146073036
33.737,7.5636,-60.495,20,4.9041,7,6.3104,0.338878338099377,0.000184292146073036
38.44,11.428,-63.08,20,1.3444,7,1.3444,0.293227174181696,0.000184292146073036
37.643,11.987,-67.626,20,2.5718,7,2.5718,0.199801367926832,0.000184292146073036
29.718,0.70935,-55.793,20,1.4587,7,8.8642,0.493669883579772,0.000184292146073036
30.671,0.62446,-58.021,20,0.94193,7,7.1008,0.40105259389528,0.000184292146073036
29.726,5.3636,-57.093,20,5.1016,7,10.119,0.460739493319794,0.000184292146073036
25.698,21.622,-82.991,20,3.1668,7,3.1668,0.392841076275259,0.000184292146073036
30.505,21.241,-78.168,20,1.6709,7,1.6709,0.491368231062871,0.000184292146073036
31.004,21.693,-80.218,20,1.5829,7,1.5829,0.279123671787275,0.000184292146073036
31.337,19.529,-84.079,20,0.74088,7,0.74088,0.326248379942855,0.000184292146073036
31.001,21.385,-84.735,20,1.0681,7,1.0681,0.456306568760329,0.000184292146073036
33.784,13.761,-76.009,20,3.3429,7,3.3429,0.127459596955723,0.000184292146073036
29.193,9.3398,-70.015,20,2.4425,7,2.4425,0.410791377102752,0.000184292146073036
31.233,21.307,-76.387,20,0.87607,7,0.87607,0.156361996214856,0.000184292146073036
25.606,24.935,-79.403,20,0.26529,7,0.26529,0.251226397346365,0.000184292146073036
23.925,23.987,-77.457,20,0.85407,7,0.85407,0.0933956132846853,0.000184292146073036
34.94,12.9,-63.707,20,3.4521,7,3.4521,0.0771784689646521,0.000184292146073036
34.989,11.395,-67.678,20,4.7801,7,4.7801,0.352693121784567,0.000184292146073036
34.612,11.287,-69.572,20,4.5946,7,4.5946,0.434275620477342,0.000184292146073036
32.654,13.293,-77.346,20,1.8403,7,1.8403,0.170142116128946,0.000184292146073036
33.24,21.624,-77.053,20,0.26313,7,0.26313,0.359346906465717,0.000184292146073036
33.602,20.488,-75.237,20,0.24417,7,0.24417,0.438466743436046,0.000184292146073036
-11.237,-23.631,20.666,1,3.5343,1,8.4604,0.434773827372964,8.25482625482625e-05
-11.822,-19.324,21.811,1,6.1806,1,9.436,0.391747299246625,8.25482625482625e-05
-10.933,-19.553,19.772,1,5.331,1,7.4413,0.422528599164856,8.25482625482625e-05
4.1088,-30.41,14.745,1,3.7996,1,3.7996,0.27426633562085,8.25482625482625e-05
4.4976,-27.579,28.541,1,7.0359,1,7.0359,0.495600260977305,8.25482625482625e-05
3.5184,-27.712,29.924,1,6.6033,1,6.6033,0.28707673713743,8.25482625482625e-05
0.45027,-29.143,25.941,1,6.8137,1,6.8137,0.296215538282414,8.25482625482625e-05
0.83762,-25.603,19.469,1,0.74437,1,0.74437,0.353888334884947,8.25482625482625e-05
-5.4722,-22.737,18.775,1,3.2616,1,3.2616,0.453992115519226,8.25482625482625e-05
-4.6912,-18.545,20.116,1,3.552,1,3.552,0.334287151310777,8.25482625482625e-05
-6.2466,-18.411,18.532,1,3.2058,1,3.2058,0.452361088956704,8.25482625482625e-05
2.9723,-28.322,29.906,1,6.049,1,6.049,0.201920840283227,8.25482625482625e-05
-0.052308,-28.44,30.706,1,4.9667,1,4.9667,0.49578132651559,8.25482625482625e-05
1.4914,-28.91,30.169,1,5.202,1,5.202,0.278834713635684,8.25482625482625e-05
-4.8637,-24.044,21.554,1,5.2563,1,5.2563,0.418140532038601,8.25482625482625e-05
-4.3891,-27.288,23.12,1,6.5645,1,6.5645,0.330147057544401,8.25482625482625e-05
-3.2761,-28.571,24.63,1,7.4593,1,7.4593,0.484221682782787,8.25482625482625e-05
-6.1188,-12.41,24.042,1,2.5228,1,2.5228,0.483906862197271,8.25482625482625e-05
-6.4117,-17.128,22.793,1,5.1289,1,5.1289,0.468693271515593,8.25482625482625e-05
-7.9088,-16.067,22.392,1,5.1909,1,5.1909,0.380755250891596,8.25482625482625e-05
0.10245,-19.095,39.061,1,2.2032,1,2.2032,0.28674891177623,8.25482625482625e-05
-0.98829,-17.563,37.917,1,2.5497,1,2.5497,0.488310858413817,8.25482625482625e-05
0.75097,-16.895,25.318,1,2.7251,1,2.7251,0.32675310717846,8.25482625482625e-05
-12.778,-3.3665,29.59,1,5.2376,1,8.5535,0.296865023868602,8.25482625482625e-05
-10.332,-5.0476,28.547,1,5.8252,1,6.9252,0.496386673214328,8.25482625482625e-05
-9.8919,-6.1104,26.53,1,5.2403,1,5.8464,0.336535027121473,8.25482625482625e-05
-9.4652,-7.5688,24.526,1,4.6574,1,4.6574,0.262269986040709,8.25482625482625e-05
-11.969,-9.9266,21.007,1,5.6136,1,5.6136,0.422786034858465,8.25482625482625e-05
-12.555,-11.582,13.02,1,1.7692,1,1.7692,0.450793049442131,8.25482625482625e-05
-12.109,-12.339,14.852,1,2.3365,1,2.3365,0.335053430760612,8.25482625482625e-05
-20.776,-9.7214,15.147,1,1.209,1,7.7798,0.392927029366581,8.25482625482625e-05
-21.08,-8.1063,15.483,1,0.15068,1,7.3227,0.414057800481406,8.25482625482625e-05
-13.357,-3.5645,28.208,1,4.6237,1,9.056,0.365867175312875,8.25482625482625e-05
-13.925,-11.696,30.648,1,7.586,1,7.586,0.354210222324011,8.25482625482625e-05
-20.529,-11.858,26.785,1,4.1876,1,4.1876,0.253472473608893,8.25482625482625e-05
-21.25,-13.882,18.018,1,2.9614,1,6.436,0.457689115852069,8.25482625482625e-05
-20.522,-12.727,16.539,1,2.2578,1,7.664,0.388715589192864,8.25482625482625e-05
-14.412,-12.671,17.04,1,5.0679,1,5.5263,0.455750156933411,8.25482625482625e-05
-12.938,-11.583,18.011,1,5.4411,1,5.4411,0.365548792523476,8.25482625482625e-05
-11.159,-12.129,23.095,1,6.1092,1,6.1092,0.442584693907739,8.25482625482625e-05
-10.8,-12.611,25.416,1,6.9376,1,6.9376,0.375623291714861,8.25482625482625e-05
-9.1974,-11.105,28.39,1,5.8687,1,5.8687,0.35788663416633,8.25482625482625e-05
-13.27,-11.493,32.751,1,6.761,1,6.761,0.303237770843229,8.25482625482625e-05
-15.278,4.992,12.76,2,5.2164,1,5.2164,0.264722065235062,8.25482625482625e-05
-17.138,5.032,13.752,2,4.1514,1,4.1514,0.492351726057009,8.25482625482625e-05
-14.912,0.33716,13.061,2,5.3708,1,6.8661,0.330850395438641,8.25482625482625e-05
-8.7467,3.4737,17.284,2,3.9977,1,3.9977,0.330490336256567,8.25482625482625e-05
-14.714,-5.9647,6.3818,2,3.911,1,3.911,0.453112453192186,8.25482625482625e-05
-15.852,-4.2125,6.7167,2,5.0097,1,5.0097,0.337027297064818,8.25482625482625e-05
-14.265,0.3757,9.7895,2,5.3772,1,5.3772,0.43393765232928,8.25482625482625e-05
-14.536,2.3656,2.775,2,4.7661,1,4.7661,0.455661236987542,8.25482625482625e-05
-13.961,2.9744,-5.4792,2,0.94177,1,0.94177,0.302308975358629,8.25482625482625e-05
-12.224,2.6577,-5.2554,2,1.0164,1,1.0164,0.467542447384071,8.25482625482625e-05
-25.47,-0.035279,-1.0392,2,6.277,1,6.277,0.305485644606124,8.25482625482625e-05
-23.983,-3.7124,-10.193,2,1.0654,1,1.0654,0.349833415962485,8.25482625482625e-05
-18.018,-4.1938,-0.90815,2,7.2186,1,7.2186,0.456550491837991,8.25482625482625e-05
-19.463,-2.7485,-0.58869,2,8.0187,1,8.0187,0.388687323093667,8.25482625482625e-05
-24.926,-7.8434,0.59649,2,4.8929,1,7.2852,0.491693574671647,8.25482625482625e-05
-24.711,-5.5208,1.2327,2,7.216,1,7.9284,0.352974076670952,8.25482625482625e-05
-29.406,-4.306,-1.9304,2,4.2375,1,4.2375,0.312321791781859,8.25482625482625e-05
-24.205,-7.8554,7.4046,2,4.5706,1,7.63,0.371182857786777,8.25482625482625e-05
-24.2,-6.3629,9.6534,2,5.0223,1,6.6593,0.301322205063671,8.25482625482625e-05
-23.002,-23.537,10.811,3,5.7576,1,5.7576,0.280642169465117,8.25482625482625e-05
-22.47,-25.33,11.78,3,5.4233,1,5.4233,0.471859210637738,8.25482625482625e-05
-21.58,-21.119,10.306,3,5.575,1,7.8724,0.294975944540875,8.25482625482625e-05
-21.763,-19.261,8.8992,3,6.1656,1,8.6645,0.402509943113025,8.25482625482625e-05
-22.83,-23.315,1.3663,3,2.3534,1,2.3534,0.400434217360819,8.25482625482625e-05
-22.833,-24.84,0.44457,3,1.0988,1,1.0988,0.2245117572287,8.25482625482625e-05
-23.214,-26.404,1.6374,3,1.3638,1,1.3638,0.494077833475334,8.25482625482625e-05
-13.788,-31.796,6.6543,3,2.329,1,2.329,0.254187791222673,8.25482625482625e-05
-15.009,-33.473,6.2945,3,1.938,1,1.938,0.491090354743799,8.25482625482625e-05
-11.334,-34.152,7.5021,3,1.7901,1,1.7901,0.37868133694629,8.25482625482625e-05
-11.432,-35.974,6.3765,3,2.0393,1,2.0393,0.497476852375808,8.25482625482625e-05
-10.483,-31.532,11.706,3,2.2658,1,2.2658,0.464421701359346,8.25482625482625e-05
-11.049,-31.095,9.8755,3,1.6482,1,1.6482,0.340151102454932,8.25482625482625e-05
-12.498,-22.819,4.6686,3,1.6646,1,1.6646,0.361153041376045,8.25482625482625e-05
-13.756,-26.944,9.256,3,3.1046,1,3.1046,0.324115178882582,8.25482625482625e-05
-13.246,-29.877,10.209,3,3.1364,1,3.1364,0.271382119268822,8.25482625482625e-05
-32.456,-2.1858,-26.491,6,3.9438,2,3.9438,0.330907848683245,3.17557251908397e-05
-33.128,-2.0911,-27.422,6,3.2511,2,3.2511,0.341138928450075,3.17557251908397e-05
-34.663,-8.1129,-28.358,6,4.1808,2,4.1808,0.248890395661817,3.17557251908397e-05
-27.406,-12.199,-34.997,6,0.64505,2,0.64505,0.454829198649348,3.17557251908397e-05
-27.716,-10.42,-35.735,6,0.18986,2,0.18986,0.320491633643163,3.17557251908397e-05
-26.869,-6.387,-34.309,6,2.5804,2,2.5804,0.38795310294909,3.17557251908397e-05
-25.454,-6.4696,-32.948,6,4.0367,2,4.0367,0.405936350334958,3.17557251908397e-05
-25.975,-5.6798,-30.375,6,6.5332,2,6.5332,0.47651457787008,3.17557251908397e-05
-27.746,-4.4681,-29.722,6,7.206,2,7.206,0.428564911721878,3.17557251908397e-05
-29.757,-6.7562,-23.624,6,8.1454,2,8.1454,0.408647740379321,3.17557251908397e-05
-24.527,-14.19,-27.588,6,3.8216,2,3.8216,0.485982874552915,3.17557251908397e-05
-22.746,-13.809,-26.938,6,2.9853,2,2.9853,0.295751964330289,3.17557251908397e-05
-31.003,-19.186,-30.19,6,1.9401,2,1.9401,0.306005620230315,3.17557251908397e-05
-29.403,-18.931,-30.286,6,1.8526,2,1.8526,0.270633728580138,3.17557251908397e-05
-37.16,-12.796,-28.042,6,3.117,2,3.117,0.40744102590246,3.17557251908397e-05
-37.032,-13.455,-26.268,6,3.267,2,3.267,0.330625875136821,3.17557251908397e-05
-34.701,-7.9445,-24.356,6,4.1934,2,4.1934,0.370343178896037,3.17557251908397e-05
-28.356,-9.5418,-16.33,6,1.9266,2,4.1083,0.301762427559008,3.17557251908397e-05
-29.759,-11.077,-16.634,6,1.9401,2,4.7332,0.473540967683589,3.17557251908397e-05
-25.48,-8.0721,-16.693,6,2.6047,2,3.6432,0.452897111450589,3.17557251908397e-05
-25.517,-3.9651,-15.522,6,3.0297,2,3.0297,0.400141721739774,3.17557251908397e-05
-27.088,-2.0017,-14.616,6,2.2663,2,2.2663,0.329876028821824,3.17557251908397e-05
-15.941,7.8142,-20.799,6,6.4154,2,6.4154,0.335526946812331,3.17557251908397e-05
-14.726,3.3976,-20.04,6,5.3634,2,5.3634,0.349767138051634,3.17557251908397e-05
-14.337,5.9013,-16.822,6,6.0014,2,6.0014,0.325602037169082,3.17557251908397e-05
-13.352,6.222,-14.831,6,5.4614,2,5.4614,0.486038820973441,3.17557251908397e-05
-11.814,1.9588,-21.742,6,4.0615,2,4.0615,0.304036212889203,3.17557251908397e-05
-8.3948,-2.6391,-21.774,6,0.37273,2,0.37273,0.48855502812896,3.17557251908397e-05
-9.2703,-1.9572,-20.153,6,1.4326,2,1.4326,0.33990145199149,3.17557251908397e-05
-13.856,2.0524,-22.633,6,5.7705,2,5.7705,0.487815095749463,3.17557251908397e-05
-15.68,1.6915,-27.632,6,7.3693,2,7.3693,0.464452115175466,3.17557251908397e-05
-16.608,2.1836,-25.697,6,8.7399,2,8.7399,0.294282075428021,3.17557251908397e-05
-18.459,7.1761,-33.482,6,5.9012,2,5.9012,0.319119548631567,3.17557251908397e-05
-18.265,2.0798,-29.214,6,8.6505,2,8.6505,0.312796097093754,3.17557251908397e-05
-16.292,1.2294,-30.143,6,6.3424,2,6.3424,0.49497212034747,3.17557251908397e-05
-24.385,0.64316,-38.834,6,0.5673,2,0.5673,0.332708696772434,3.17557251908397e-05
-22.971,0.096671,-39.571,6,0.21296,2,0.21296,0.4533943873763,3.17557251908397e-05
-23.646,5.2144,-31.065,6,7.0993,2,7.0993,0.337140123046507,3.17557251908397e-05
-24.058,9.017,-27.828,6,4.1093,2,4.1093,0.472973838936248,3.17557251908397e-05
-22.831,8.3638,-29.394,6,5.3787,2,5.3787,0.287755241046733,3.17557251908397e-05
-2.8672,-7.5067,-45.202,11,3.4326,4,3.4326,0.280869502318551,0.000142857142857143
-5.3667,-1.6937,-52.011,11,2.831,4,2.831,0.234585579045,0.000142857142857143
-9.2956,-8.8064,-46.505,11,0.27749,4,0.27749,0.329289349652429,0.000142857142857143
-4.4525,-4.0783,-44.609,11,3.4119,4,3.4119,0.268607590498542,0.000142857142857143
-4.9123,-6.445,-34.796,11,4.1939,4,4.1939,0.381757800149282,0.000142857142857143
-1.0816,-7.1928,-37.888,11,3.7458,4,3.7458,0.317682121599617,0.000142857142857143
2.3956,-17.855,-35.985,11,4.4424,4,4.4424,0.388213820266222,0.000142857142857143
1.8402,-25.915,-35.481,11,3.5384,4,3.5384,0.452552861785006,0.000142857142857143
1.8041,-24.708,-36.752,11,4.6813,4,4.6813,0.339984816360446,0.000142857142857143
3.6466,-24.835,-38.635,11,2.906,4,2.906,0.331589591999325,0.000142857142857143
0.0032987,-19.484,-40.331,11,4.312,4,4.312,0.314047118129291,0.000142857142857143
-26.924,-35.987,-9.1175,4,3.4328,2,4.7028,0.378824838606876,3.17557251908397e-05
-25.874,-37.195,-8.8021,4,2.4569,2,4.9832,0.449146510671775,3.17557251908397e-05
-25.192,-23.527,-8.1331,4,2.9057,2,3.1521,0.257710912817901,3.17557251908397e-05
-23.94,-21.87,-7.9097,4,2.7675,2,3.0846,0.487944329320542,3.17557251908397e-05
-24.715,-16.328,-8.1935,4,3.4144,2,3.4144,0.389589535706495,3.17557251908397e-05
-18.838,-13.76,-15.115,4,2.9302,2,4.5579,0.3035687439142,3.17557251908397e-05
-19.23,-21.055,-19.008,4,2.7192,2,2.7192,0.465171093311827,3.17557251908397e-05
-17.951,-21.633,-20.517,4,0.80694,2,0.80694,0.329835495015589,3.17557251908397e-05
-18.64,-23.438,-20.054,4,1.8962,2,1.8962,0.339436883440294,3.17557251908397e-05
-25.029,-26.765,-12.547,4,5.0029,2,7.873,0.378225615813186,3.17557251908397e-05
-29.191,-25.015,-17.401,4,3.2299,2,6.3786,0.411824961999748,3.17557251908397e-05
-27.941,-24.519,-19.041,4,2.6668,2,4.7582,0.444407133538049,3.17557251908397e-05
-27.603,-20.411,-10.096,4,5.1033,2,5.1033,0.307372118841423,3.17557251908397e-05
-28.887,-26.89,-10.628,4,5.6375,2,5.6375,0.356972980392484,3.17557251908397e-05
-28.394,-33.381,-21.803,4,3.2398,2,3.2398,0.317417925742803,3.17557251908397e-05
-29.178,-32.607,-23.527,4,1.4791,2,1.4791,0.496458626400767,3.17557251908397e-05
-23.739,-35.435,-21.543,4,4.0905,2,4.0905,0.41631704535484,3.17557251908397e-05
-24.181,-36.086,-23.616,4,2.0163,2,2.0163,0.464430922301577,3.17557251908397e-05
-22.397,-39.677,-20.705,4,2.9474,2,5.4851,0.369932243912941,3.17557251908397e-05
-18.177,-33.361,-22.07,4,0.28935,2,3.1588,0.403244865702685,3.17557251908397e-05
-19.175,-33.531,-20.769,4,0.86761,2,4.2822,0.423684362298485,3.17557251908397e-05
-17.864,-48.309,-25.3,4,1.5193,2,4.796,0.275595649234882,3.17557251908397e-05
-19.057,-48.149,-26.661,4,2.9546,2,3.2441,0.497530853823402,3.17557251908397e-05
-20.511,-45.182,-22.959,4,1.701,2,5.2561,0.371454409671111,3.17557251908397e-05
-23.331,-45.51,-18.676,4,3.5493,2,5.4112,0.493553882803686,3.17557251908397e-05
-22.632,-43.453,-19.259,4,2.5182,2,7.3762,0.304728547470405,3.17557251908397e-05
-22.76,-41.352,-20.633,4,2.9568,2,5.7088,0.320154832179443,3.17557251908397e-05
-14.757,-44.531,-21.166,5,3.6736,2,7.2595,0.336043337977933,3.17557251908397e-05
-16.446,-40.916,-20.443,5,2.5657,2,6.9089,0.281805514793845,3.17557251908397e-05
-8.2108,-51.398,-43.329,5,4.0582,2,4.0582,0.443261751009063,3.17557251908397e-05
-15.11,-36.362,-25.754,5,2.8056,2,2.8056,0.418961191784886,3.17557251908397e-05
-15.464,-34.37,-25.422,5,2.0923,2,2.0923,0.424355052388728,3.17557251908397e-05
-11.235,-36.829,-23.504,5,1.9072,2,1.9072,0.337671815125071,3.17557251908397e-05
-8.2052,-39.519,-24.707,5,0.82828,2,0.82828,0.37502834167627,3.17557251908397e-05
-7.1972,-44.888,-28.263,5,2.9989,2,2.9989,0.404404141061023,3.17557251908397e-05
-7.9703,-51.443,-29.992,5,3.7064,2,3.7064,0.32776655886702,3.17557251908397e-05
-7.6961,-53.222,-35.492,5,0.19193,2,0.19193,0.291279613747653,3.17557251908397e-05
-6.5265,-52.107,-35.372,5,0.99319,2,0.99319,0.47666654928863,3.17557251908397e-05
-6.8837,-51.559,-24.25,5,4.1006,2,4.1006,0.196760574550094,3.17557251908397e-05
-9.9258,-40.054,-25.131,5,2.5866,2,2.5866,0.297834029899469,3.17557251908397e-05
-11.453,-45.824,-22.395,5,5.3344,2,5.3344,0.293078404292251,3.17557251908397e-05
-11.419,-48.152,-22.361,5,4.4322,2,6.1634,0.293145007869181,3.17557251908397e-05
-9.7235,-49.45,-22.504,5,5.1381,2,5.1381,0.466469075706151,3.17557251908397e-05
-14.699,-29.127,-2.7155,5,3.8392,2,3.8392,0.33738619944813,3.17557251908397e-05
-15.462,-27.982,-4.2952,5,4.5967,2,4.5967,0.457686608571899,3.17557251908397e-05
-16.905,-21.395,-6.9629,5,1.5179,2,3.5693,0.287894131362089,3.17557251908397e-05
-15.075,-27.024,-16.357,5,1.7528,2,4.2101,0.341611295909833,3.17557251908397e-05
-15.055,-26.466,-14.109,5,2.4306,2,4.1982,0.493140753014324,3.17557251908397e-05
-15.25,-34.786,-11.616,5,3.9921,2,4.3916,0.328583876361732,3.17557251908397e-05
-17.105,-34.542,-8.0712,5,4.2566,2,6.24,0.431013732593155,3.17557251908397e-05
-16.303,-33.064,-5.5959,5,5.439,2,5.439,0.30981179008532,3.17557251908397e-05
-16.814,-41.204,-5.5562,5,5.9488,2,5.9488,0.475684811601175,3.17557251908397e-05
-16.171,-39.901,-7.1697,5,5.315,2,5.315,0.30062344157318,3.17557251908397e-05
-15.645,-37.221,-8.9638,5,4.784,2,4.784,0.35347015716468,3.17557251908397e-05
-10.517,-24.19,-38.925,7,0.31887,3,0.31887,0.307158051720632,6.66010821446139e-05
-15.48,-23.029,-44.964,7,3.4379,3,3.4379,0.457898765792005,6.66010821446139e-05
-14.838,-16.945,-36.918,7,2.1161,3,2.1161,0.354089080816487,6.66010821446139e-05
-16.683,-25.223,-31.845,7,4.2644,3,7.0434,0.298976977166182,6.66010821446139e-05
-15.027,-25.439,-30.486,7,5.01,3,5.9613,0.470791493173132,6.66010821446139e-05
-19.136,-22.675,-33.544,7,4.0635,3,6.6413,0.345512925884166,6.66010821446139e-05
-18.843,-24.927,-40.84,7,3.3163,3,7.6088,0.303794458582045,6.66010821446139e-05
-15.849,-29.791,-35.798,7,1.1472,3,6.1344,0.401746395640775,6.66010821446139e-05
-26.02,-57.979,-51.459,8,3.7285,3,3.7285,0.266497947650557,6.66010821446139e-05
-25.372,-56.12,-50.936,8,2.8512,3,2.8512,0.487704467204695,6.66010821446139e-05
-22.816,-42.411,-46.257,8,1.8724,3,1.8724,0.490371204846345,6.66010821446139e-05
-27.87,-41.57,-46.361,8,5.2481,3,5.2481,0.462493030055418,6.66010821446139e-05
-26.751,-39.801,-44.989,8,5.5349,3,5.5349,0.487346966455438,6.66010821446139e-05
-27.063,-48.915,-51.639,8,1.3885,3,1.3885,0.496453966689388,6.66010821446139e-05
-27.653,-47.743,-52.87,8,0.69127,3,0.69127,0.245132211946721,6.66010821446139e-05
-28.025,-46.343,-51.69,8,1.7447,3,1.7447,0.289912650916053,6.66010821446139e-05
-25.944,-33.724,-49.056,8,3.311,3,3.311,0.463915988892653,6.66010821446139e-05
-26.806,-32.587,-51.059,8,2.3379,3,2.3379,0.445707615761483,6.66010821446139e-05
-11.384,-49.16,-37.161,8,2.2121,3,3.1103,0.132293797989444,6.66010821446139e-05
-14.29,-45.895,-40.652,8,0.60735,3,0.60735,0.264601811528966,6.66010821446139e-05
-18.311,-47.13,-38.34,8,4.6942,3,4.6942,0.329891534228062,6.66010821446139e-05
-17.967,-40.274,-32.589,8,3.0037,3,3.0037,0.245865454218233,6.66010821446139e-05
-27.443,-31.84,-38.401,8,7.2316,3,12.204,0.200508243597535,6.66010821446139e-05
-25.893,-31.634,-32.855,8,6.0407,3,6.6835,0.0742828652480971,6.66010821446139e-05
-21.641,-34.892,-41.074,8,4.638,3,6.0458,0.38619425622791,6.66010821446139e-05
-20.12,-39.276,-37.764,8,6.1865,3,6.1865,0.410744869552973,6.66010821446139e-05
-21.574,-39.202,-40.853,8,5.0677,3,5.0677,0.376890001549284,6.66010821446139e-05
-22.136,-44.447,-35.799,8,5.2189,3,5.2189,0.474748039863597,6.66010821446139e-05
-21.322,-45.128,-37.556,8,6.5546,3,6.5546,0.324006432663892,6.66010821446139e-05
-24.578,-40.1,-41.719,8,6.6066,3,6.6066,0.430151183581609,6.66010821446139e-05
-25.241,-41.899,-40.674,8,7.7504,3,7.7504,0.364592847631883,6.66010821446139e-05
-21.391,-42.718,-42.596,8,3.9014,3,3.9014,0.416541125577754,6.66010821446139e-05
-20.212,-46.459,-44.18,8,1.9903,3,1.9903,0.378848571627588,6.66010821446139e-05
-17.539,-48.746,-37.697,8,4.8239,3,4.8239,0.341977516980495,6.66010821446139e-05
-30.963,-38.3,-36.322,8,7.5816,3,7.5816,0.411888751680267,6.66010821446139e-05
-29.976,-35.713,-35.754,8,9.1283,3,9.1283,0.348287630982876,6.66010821446139e-05
-32.333,-31.713,-31.566,8,5.9577,3,5.9577,0.299958790444723,6.66010821446139e-05
-30.217,-26.796,-28.132,8,3.1503,3,3.1503,0.212603440349687,6.66010821446139e-05
-30.909,-28.052,-27.395,8,2.4081,3,2.4081,0.4889002628499,6.66010821446139e-05
-30.61,-28.013,-28.121,8,3.1305,3,3.1305,0.330366666017015,6.66010821446139e-05
-24.789,-24.389,-33.051,8,1.4296,3,4.2008,0.336157082098568,6.66010821446139e-05
-26.492,-23.089,-32.866,8,1.9377,3,2.5002,0.444180644194328,6.66010821446139e-05
-26.558,-23.092,-32.689,8,1.9609,3,2.4334,0.48678167034466,6.66010821446139e-05
-24.973,-24.54,-32.487,8,1.6647,3,4.0227,0.354281477432354,6.66010821446139e-05
-26.087,-28.428,-37.913,8,4.1139,3,9.0203,0.431272101397548,6.66010821446139e-05
-26.243,-30.265,-37.259,8,5.3399,3,10.746,0.376102429018865,6.66010821446139e-05
-33.551,-30.326,-38.697,8,5.3707,3,7.3465,0.498212470812908,6.66010821446139e-05
-31.964,-32.102,-38.331,8,7.4781,3,8.592,0.342645902238774,6.66010821446139e-05
-35.024,-33.203,-47.685,8,5.2718,3,7.3876,0.389306387419723,6.66010821446139e-05
-36.919,-33.49,-49.418,8,4.3899,3,6.5699,0.397835397327765,6.66010821446139e-05
-36.974,-44.451,-57.114,8,2.5846,3,2.5846,0.46188221190978,6.66010821446139e-05
-37.495,-45.592,-55.97,8,3.5789,3,3.5789,0.32028099664498,6.66010821446139e-05
-39.58,-32.448,-51.107,8,2.9604,3,4.3757,0.467236769436019,6.66010821446139e-05
-35.221,-34.285,-48.565,8,5.7951,3,7.3446,0.304197101598901,6.66010821446139e-05
-38.734,-44.948,-58.115,8,3.2308,3,3.2308,0.125680078497789,6.66010821446139e-05
-35.012,-38.359,-46.195,8,5.0833,3,5.0833,0.426994258062116,6.66010821446139e-05
-41.545,-22.847,-61.722,9,4.1751,3,4.1751,0.330659030966483,6.66010821446139e-05
-39.998,-20.906,-60.973,9,4.4262,3,4.4262,0.36095897147149,6.66010821446139e-05
-38.354,-20.879,-59.464,9,4.7558,3,4.7558,0.355677971881162,6.66010821446139e-05
-34.842,-22.581,-57.141,9,3.9875,3,3.9875,0.469945869552618,6.66010821446139e-05
-40.013,-24.455,-56.665,9,4.7034,3,4.7034,0.309711796667245,6.66010821446139e-05
-39.993,-26.604,-56.7,9,3.3558,3,4.5482,0.478832206337099,6.66010821446139e-05
-41.641,-19.164,-48.085,9,2.1285,3,2.1285,0.348168759080764,6.66010821446139e-05
-37.01,-19.323,-50.418,9,6.3831,3,6.3831,0.411979012587146,6.66010821446139e-05
-34.021,-13.576,-48.989,9,8.3045,3,8.3045,0.446397728621082,6.66010821446139e-05
-31.783,-14.007,-48.382,9,9.2021,3,10.489,0.497751842464831,6.66010821446139e-05
-30.879,-13.754,-40.664,9,4.4234,3,4.4234,0.320218228933685,6.66010821446139e-05
-30.745,-15.628,-40.072,9,3.9649,3,3.9649,0.463264038376407,6.66010821446139e-05
-37.982,-15.108,-39.512,9,4.3245,3,4.3245,0.351572730292292,6.66010821446139e-05
-41.958,-15.03,-54.399,9,2.6635,3,2.6635,0.483170330019894,6.66010821446139e-05
-41.312,-15.899,-52.52,9,2.423,3,2.423,0.325344537827617,6.66010821446139e-05
-38.817,-6.3509,-55.979,9,4.8832,3,4.8832,0.360724754397839,6.66010821446139e-05
-36.19,-5.0679,-48.94,9,4.4264,3,4.9634,0.343300870585532,6.66010821446139e-05
-33.508,-4.8635,-43.861,9,3.4792,3,5.6206,0.300379497873688,6.66010821446139e-05
-34.077,-3.2196,-43.229,9,2.295,3,4.3549,0.486823268101033,6.66010821446139e-05
-34.509,-4.8811,-42.448,9,3.9531,3,4.5833,0.390930714360387,6.66010821446139e-05
-27.599,-8.4368,-41.681,9,3.7771,3,3.7771,0.487314809372572,6.66010821446139e-05
-28.855,-9.9597,-41.244,9,3.7507,3,3.7507,0.324698116162962,6.66010821446139e-05
-31.79,-13.545,-49.522,9,9.0148,3,10.539,0.465328315119449,6.66010821446139e-05
-29.793,-6.9235,-53.896,9,2.0391,3,10.751,0.483149155700579,6.66010821446139e-05
-31.314,-8.7705,-54.322,9,4.4123,3,10.299,0.375619350718224,6.66010821446139e-05
-25.679,-14.82,-50.167,9,4.0954,3,8.4941,0.345959417470352,6.66010821446139e-05
-25.388,-13.132,-51.308,9,4.6774,3,8.0719,0.450151350305339,6.66010821446139e-05
-31.881,-12.335,-57.368,9,6.6106,3,6.6106,0.133190867806269,6.66010821446139e-05
-35.734,-9.3588,-63.732,9,4.8392,3,4.8392,0.348529336751158,6.66010821446139e-05
-37.501,-10.908,-62.056,9,6.0366,3,6.0366,0.433369103712769,6.66010821446139e-05
-38.89,-11.529,-63.62,9,5.2553,3,5.2553,0.373907906560286,6.66010821446139e-05
-36.777,-7.8797,-65.003,9,5.1556,3,5.1556,0.412506478536601,6.66010821446139e-05
-38.635,-4.3985,-66.785,9,3.4672,3,5.9739,0.420234746193859,6.66010821446139e-05
-37.75,5.5832,-63.171,10,2.7137,3,2.7137,0.349823980615877,6.66010821446139e-05
-39.228,6.941,-64.505,10,1.1707,3,1.1707,0.453613580749944,6.66010821446139e-05
-26.569,4.1375,-66.76,10,8.5123,3,8.5123,0.425738292718307,6.66010821446139e-05
-30.581,11.722,-77.666,10,6.8344,3,6.8344,0.31210610318707,6.66010821446139e-05
-33.052,4.8525,-73.416,10,5.9578,3,7.1162,0.355293169321564,6.66010821446139e-05
-39.012,7.843,-79.981,10,4.2563,3,4.2563,0.192227289137454,6.66010821446139e-05
-35.931,17.002,-79.016,10,0.29342,3,0.29342,0.220986633395591,6.66010821446139e-05
-35.1,-0.88486,-81.41,10,0.47373,3,0.47373,0.195738048319073,6.66010821446139e-05
-35.365,-0.076584,-79.672,10,1.3281,3,2.2429,0.499473042288531,6.66010821446139e-05
-37.671,7.5252,-77.333,10,4.5998,3,4.5998,0.171616758145473,6.66010821446139e-05
-29.186,-5.7632,-61.917,10,0.35116,3,5.905,0.226692086696099,6.66010821446139e-05
-28.255,-5.2546,-60.391,10,0.41131,3,6.7553,0.489425357691945,6.66010821446139e-05
-37.654,7.7137,-80.461,10,5.6417,3,5.6417,0.301155020921016,6.66010821446139e-05
-44.143,7.5555,-87.883,10,1.5019,3,1.5019,0.433859139596871,6.66010821446139e-05
-43.237,6.8325,-88.243,10,1.1409,3,1.1409,0.352583060729918,6.66010821446139e-05
-30.499,7.1033,-52.812,10,4.7263,3,4.7263,0.303804272192251,6.66010821446139e-05
-32.483,6.7726,-52.175,10,3.4433,3,3.4433,0.483679030899052,6.66010821446139e-05
-31.543,8.5775,-45.958,10,3.1168,3,3.1168,0.310067491829641,6.66010821446139e-05
-31.487,6.7739,-44.897,10,4.2453,3,4.2453,0.463093281030938,6.66010821446139e-05
-29.696,1.4566,-53.135,10,4.5134,3,8.8541,0.345490039616618,6.66010821446139e-05
-31.452,0.59358,-51.786,10,2.7703,3,8.1463,0.489760616503737,6.66010821446139e-05
-23.827,0.090092,-51.134,10,5.8463,3,9.833,0.397663768504367,6.66010821446139e-05
-23.908,-1.6147,-49.788,10,4.1991,3,9.2297,0.48506503743628,6.66010821446139e-05
-22.838,-2.2391,-48.134,10,4.0758,3,7.699,0.415493294638126,6.66010821446139e-05
-21.373,-1.1072,-47.311,10,5.6706,3,6.3162,0.389433248003439,6.66010821446139e-05
-21.971,-0.45748,-42.887,10,2.6065,3,2.6065,0.356278238770027,6.66010821446139e-05
-27.293,6.8833,-41.641,10,2.459,3,2.459,0.476027049692802,6.66010821446139e-05
-25.676,6.5616,-42.489,10,3.3463,3,3.3463,0.260780870273005,6.66010821446139e-05
-26.678,8.6393,-42.586,10,2.9171,3,2.9171,0.480772366856316,6.66010821446139e-05
-26.902,6.9223,-42.805,10,3.61,3,3.61,0.288282598438376,6.66010821446139e-05
-27.486,6.8205,-48.269,10,6.5123,3,6.5123,0.326657770673773,6.66010821446139e-05
-25.975,5.2521,-53.631,10,9.3698,3,9.3698,0.331257463316346,6.66010821446139e-05
-27.26,6.0151,-56.671,10,8.929,3,8.929,0.458304455701754,6.66010821446139e-05
-16.664,5.154,-64.105,10,7.1216,3,7.1216,0.346828897589885,6.66010821446139e-05
-18.162,3.4232,-61.239,10,7.0144,3,7.0144,0.447833306830025,6.66010821446139e-05
-27.895,4.7956,-51.443,10,7.986,3,7.986,0.214156663674776,6.66010821446139e-05
-21.424,2.8503,-56.151,10,9.7449,3,9.7449,0.487461192342581,6.66010821446139e-05
-12.375,2.6638,-55.034,10,1.829,3,1.829,0.490406428122869,6.66010821446139e-05
-14.491,2.5567,-55.46,10,3.9401,3,3.9401,0.304390698582971,6.66010821446139e-05
-13.559,2.0273,-50.413,10,2.115,3,2.115,0.325694072051185,6.66010821446139e-05
-11.796,2.0618,-50.541,10,0.80633,3,0.80633,0.469608424075027,6.66010821446139e-05
-12.101,0.94922,-46.771,10,0.33448,3,0.33448,0.468473856795533,6.66010821446139e-05
-11.981,1.9997,-45.51,10,0.21927,3,0.21927,0.492675500413368,6.66010821446139e-05
-18.689,-8.5632,-45.212,10,0.35751,3,2.2077,0.360590601952184,6.66010821446139e-05
-16.553,-8.2538,-45.132,10,0.44698,3,0.44698,0.494793694440638,6.66010821446139e-05
-15.48,1.0476,-55.949,10,3.8157,3,3.8157,0.432568588188291,6.66010821446139e-05
-17.031,-3.1767,-57.957,10,2.5865,3,2.5865,0.485916320846155,6.66010821446139e-05
-18.206,-1.2962,-57.379,10,4.647,3,4.647,0.332128486863973,6.66010821446139e-05
-17.475,-10.283,-53.72,10,1.3243,3,1.7654,0.403463074592704,6.66010821446139e-05
-14.267,2.1358,-62.751,10,4.1929,3,4.1929,0.393121109227198,6.66010821446139e-05
-16.088,2.1314,-68.602,10,2.7084,3,2.7084,0.379401776088098,6.66010821446139e-05
-20.829,-6.7735,-61.802,10,1.0204,3,1.0204,0.398222647967521,6.66010821446139e-05
-20.89,-7.4004,-60.301,10,1.6353,3,1.6353,0.468001519578975,6.66010821446139e-05
-19.168,-9.28,-58.253,10,0.9846,3,0.9846,0.487896577487904,6.66010821446139e-05
-18.087,-10.162,-58.485,10,0.28976,3,0.28976,0.375093443561219,6.66010821446139e-05
-24.51,-5.8286,-59.387,10,2.2657,3,5.4102,0.473072702429969,6.66010821446139e-05
-25.44,-7.1271,-60.491,10,0.73866,3,4.5601,0.381330848483426,6.66010821446139e-05
-22.892,-0.89975,-63.826,10,4.7493,3,4.7493,0.471586891524145,6.66010821446139e-05
-24.995,0.42985,-73.968,10,0.96562,3,0.96562,0.476678063405602,6.66010821446139e-05
-23.375,1.4845,-73.788,10,1.2626,3,1.2626,0.309186363275066,6.66010821446139e-05
-24.131,0.3104,-79.539,10,0.18792,3,0.18792,0.291061851447784,6.66010821446139e-05
-25.477,-0.013138,-78.487,10,0.66502,3,0.66502,0.483039428326121,6.66010821446139e-05
-29.621,17.663,-90.755,10,2.4839,3,2.4839,0.393496365320548,6.66010821446139e-05
-28.175,17.596,-91.123,10,2.1107,3,2.1107,0.42753652820064,6.66010821446139e-05
-20.667,14.314,-84.593,10,1.3265,3,1.3265,0.161058660333514,6.66010821446139e-05
-23.497,4.9165,-83.07,10,0.74108,3,0.74108,0.175699834265808,6.66010821446139e-05
-25.172,3.5797,-76.838,10,2.9847,3,2.9847,0.07250220458764,6.66010821446139e-05
-24.739,2.9412,-66.29,10,7.0497,3,7.0497,0.466952328014016,6.66010821446139e-05
-21.236,9.5594,-80.755,10,5.4273,3,5.4273,0.489676346839283,6.66010821446139e-05
-21.782,10.565,-82.492,10,4.7444,3,4.7444,0.274741452663894,6.66010821446139e-05
-17,4.2473,-70.677,10,3.7936,3,3.7936,0.39198178059022,6.66010821446139e-05
31.223,-3.2354,15.122,12,3.6086,5,5.4599,0.35579306124057,0.000192729591836735
30.187,-5.0056,12.145,12,2.3249,5,4.1164,0.31185685547489,0.000192729591836735
29.981,6.5037,9.8401,12,3.7592,5,3.7592,0.306635589364424,0.000192729591836735
31.172,9.1964,3.7165,12,2.0878,5,2.0878,0.219202125127753,0.000192729591836735
30.301,10.333,4.2833,12,1.6555,5,1.6555,0.421795085291083,0.000192729591836735
25.803,4.989,-4.1982,12,0.67586,5,0.67586,0.233665270542879,0.000192729591836735
26.497,7.4266,-4.0808,12,1.134,5,1.134,0.301961774746025,0.000192729591836735
24.517,-1.759,1.4662,12,0.84636,5,0.84636,0.176551656412454,0.000192729591836735
27.115,2.217,9.6122,12,5.6879,5,5.6879,0.421427332218103,0.000192729591836735
20.591,3.8589,9.5918,12,3.7794,5,3.7794,0.435434893333376,0.000192729591836735
19.649,2.6728,7.9255,12,2.0584,5,2.0584,0.466934853231453,0.000192729591836735
17.459,3.4952,6.8024,12,0.12884,5,0.12884,0.432165727890316,0.000192729591836735
16.649,5.4389,6.8443,12,0.50911,5,0.50911,0.419292983326806,0.000192729591836735
18.119,6.7395,3.4385,12,1.4841,5,1.4841,0.357581918103354,0.000192729591836735
19.275,6.2642,2.0623,12,1.7252,5,1.7252,0.483475003255868,0.000192729591836735
17.306,7.1626,1.7599,12,0.41509,5,0.41509,0.462738238318831,0.000192729591836735
16.58,7.3166,3.8599,12,0.77128,5,0.77128,0.374587445294221,0.000192729591836735
23.343,12.327,4.2088,12,1.9688,5,1.9688,0.352205126229501,0.000192729591836735
22.359,12.76,2.9862,12,1.7088,5,1.7088,0.478973322640518,0.000192729591836735
21.098,12.103,2.5475,12,2.5753,5,2.5753,0.248515262274995,0.000192729591836735
23.338,8.1117,16.602,12,3.7093,5,3.7093,0.482451597547851,0.000192729591836735
24.603,6.8565,15.273,12,4.7957,5,4.7957,0.322986390067777,0.000192729591836735
25.273,5.3264,13.759,12,6.2371,5,6.2371,0.366292770617158,0.000192729591836735
26.874,4.1838,16.639,12,5.6845,5,5.6845,0.397624659278183,0.000192729591836735
18.359,-4.7684,21.429,12,4.2711,5,4.2711,0.415535480247936,0.000192729591836735
21.369,-1.7765,20.008,12,6.6051,5,6.6051,0.400014954100083,0.000192729591836735
21.001,-3.344,18.469,12,4.685,5,4.685,0.42659940079462,0.000192729591836735
18.502,1.3079,23.022,12,4.0487,5,4.0487,0.313758921344473,0.000192729591836735
18.589,2.8275,21.917,12,3.628,5,3.628,0.475633846113,0.000192729591836735
18.03,-12.681,25.71,12,4.0749,5,4.0749,0.446417686812216,0.000192729591836735
17.639,-11.355,24.087,12,2.9968,5,2.9968,0.350334303396083,0.000192729591836735
21.202,-16.426,21.537,12,1.8478,5,1.8478,0.461758506663312,0.000192729591836735
17.981,-16.927,29.081,12,4.3692,5,4.3692,0.198414775605936,0.000192729591836735
21.955,-14.658,28.735,12,7.0258,5,8.2543,0.314221171112217,0.000192729591836735
23.223,-14.57,21.647,12,1.787,5,3.324,0.351582027847384,0.000192729591836735
21.556,-12.244,20.161,12,2.054,5,2.054,0.303739770515104,0.000192729591836735
20.164,-8.7887,23.188,12,5.105,5,5.105,0.358802191772819,0.000192729591836735
19.994,-9.5821,26.012,12,6.3882,5,6.3882,0.33961716432054,0.000192729591836735
20.953,-10.871,27.681,12,7.8323,5,7.8323,0.495529872516861,0.000192729591836735
22.289,-14.63,28.445,12,6.6027,5,8.4263,0.297960958530754,0.000192729591836735
19.018,-28.144,15.264,13,3.553,5,3.553,0.429675316960225,0.000192729591836735
18.689,-30.124,14.162,13,3.7746,5,3.7746,0.360902182522417,0.000192729591836735
32.68,-8.8539,6.8304,13,2.9081,5,4.9218,0.481334156042084,0.000192729591836735
31.309,-9.9207,7.9417,13,2.9509,5,3.8267,0.250513596012415,0.000192729591836735
30.581,-14.301,9.5019,13,2.2736,5,2.2736,0.313859993046078,0.000192729591836735
30.581,-14.963,11.544,13,3.0447,5,3.0447,0.46659533845194,0.000192729591836735
24.883,10.292,-36.017,16,5.4661,7,7.6607,0.337555739337254,0.000184292146073036
26.393,11.167,-37.242,16,4.7325,7,6.0558,0.309529053905582,0.000184292146073036
28.082,11.788,-38.367,16,4.2512,7,4.6736,0.457899067992029,0.000184292146073036
21.314,2.1694,-40.946,16,0.45049,7,7.5277,0.473028209445069,0.000184292146073036
22.578,3.5013,-41.298,16,0.91936,7,8.8439,0.320793606325775,0.000184292146073036
18.338,7.4334,-32.087,16,4.1411,7,4.1411,0.484777426825682,0.000184292146073036
20.226,8.7671,-32.207,16,6.1034,7,6.1034,0.321104387972103,0.000184292146073036
17.758,4.8894,-39.469,16,2.6278,7,4.4638,0.495269717481807,0.000184292146073036
17.725,6.9562,-40.46,16,0.86662,7,4.3796,0.357196103067685,0.000184292146073036
17.162,10.78,-37.292,16,3.3414,7,4.4964,0.484490437031531,0.000184292146073036
19.265,11.133,-37.121,16,3.5103,7,6.5409,0.292867004879928,0.000184292146073036
19.264,9.8653,-26.407,16,4.395,7,4.395,0.375208987574425,0.000184292146073036
18.336,13.703,-20.076,16,5.0479,7,5.0479,0.470740695209952,0.000184292146073036
18.493,11.792,-21.06,16,3.9045,7,3.9045,0.306557145360784,0.000184292146073036
18.552,11.447,-23.356,16,4.3536,7,4.3536,0.287201869552169,0.000184292146073036
26.782,8.9548,-16.67,16,2.6657,7,2.6657,0.339456762484673,0.000184292146073036
25.696,10.194,-15.152,16,2.8094,7,2.8094,0.383619470406859,0.000184292146073036
28.503,7.015,-18.573,16,3.3828,7,3.3828,0.438604714987135,0.000184292146073036
32.571,7.8927,-16.622,16,3.5933,7,3.5933,0.311307108397451,0.000184292146073036
36.887,4.3534,-26.541,16,3.3682,7,3.3682,0.313857183653273,0.000184292146073036
37.74,2.9221,-25.119,16,3.5878,7,3.5878,0.496061699081362,0.000184292146073036
33.723,3.8584,-28.341,16,5.8203,7,5.8203,0.473631360108512,0.000184292146073036
34.433,-1.3759,-33.107,16,2.8545,7,4.6414,0.309842586239832,0.000184292146073036
34.493,-2.8211,-31.861,16,2.7671,7,2.7692,0.496683310128434,0.000184292146073036
35.704,7.2952,-33.417,16,3.3252,7,3.3252,0.479713541995391,0.000184292146073036
34.284,6.4476,-31.925,16,4.5234,7,4.5234,0.328068552337885,0.000184292146073036
33.428,5.5092,-30.486,16,5.2654,7,5.2654,0.291635995034554,0.000184292146073036
38.535,-7.3012,-13.603,14,3.0244,6,5.455,0.354784962121759,0.00032562358276644
40.076,-6.2562,-12.641,14,3.5444,6,3.5444,0.479505061295981,0.00032562358276644
39.821,-7.3258,-10.556,14,3.5721,6,3.5721,0.46393669771907,0.00032562358276644
38.582,-8.1452,-12.062,14,4.6087,6,5.2707,0.357082868770742,0.00032562358276644
36.198,-17.434,-11.93,14,0.14995,6,0.14995,0.250266737152284,0.00032562358276644
36.461,-16.093,-10.267,14,0.79959,6,0.79959,0.499912872029804,0.00032562358276644
33.827,-42.149,-19.154,15,8.2937,6,4.9334,0.518140618294767,0.00032562358276644
33.405,-42.146,-27.966,15,3.5564,6,3.5564,0.222713591725316,0.00032562358276644
29.086,-51.204,-44.475,15,1.6358,6,1.6358,0.461188661159736,0.00032562358276644
28.334,-51.456,-43.857,15,2.2602,6,2.2602,0.377260058476914,0.00032562358276644
31.344,-52.954,-42.457,15,0.32589,6,0.32589,0.490086659905689,0.00032562358276644
31.8,-51.708,-42.555,15,0.46269,6,0.46269,0.322948018168844,0.00032562358276644
38.897,-39.347,-38.35,15,0.9361,6,0.9361,0.16493532338396,0.00032562358276644
34.511,-55.812,-47.535,15,2.9748,6,2.9748,0.480794270855443,0.00032562358276644
33.541,-55.495,-46.683,15,1.6519,6,1.6519,0.341766141190988,0.00032562358276644
36.705,-52.389,-47.858,15,0.36905,6,0.36905,0.270937132033989,0.00032562358276644
36.763,-54.207,-48.447,15,0.40265,6,0.40265,0.481718668989211,0.00032562358276644
30.589,-50.141,-48.741,15,1.2542,6,1.2542,0.235073864788775,0.00032562358276644
41.48,-51.542,-44.372,15,1.3019,6,1.3019,0.417826487119516,0.00032562358276644
40.456,-51.165,-42.522,15,3.0616,6,3.0616,0.402867903248592,0.00032562358276644
35.88,-35.608,-31.768,15,1.1633,6,1.1633,0.437205804177351,0.00032562358276644
43.69,-30.785,-36.77,15,0.52398,6,0.52398,0.411854073970902,0.00032562358276644
43.12,-31.491,-37.579,15,0.61281,6,0.61281,0.488907023942166,0.00032562358276644
46.072,-31.353,-37.763,15,0.88877,6,0.88877,0.162241626043353,0.00032562358276644
28.332,-10.349,-28.834,15,1.7174,6,1.7174,0.389373287153242,0.00032562358276644
44.068,-10.67,-27.246,15,2.5295,6,2.5295,0.320256980106692,0.00032562358276644
42.553,-9.6514,-26.245,15,3.5965,6,3.5965,0.457030916269323,0.00032562358276644
37.365,-3.2352,-25.63,15,0.16373,6,0.16373,0.210933961522408,0.00032562358276644
28.949,-8.3527,-26.173,15,3.14,6,3.14,0.367652579675674,0.00032562358276644
35.747,-17.853,-28.753,15,2.509,6,2.509,0.453857122442052,0.00032562358276644
41.36,-10.027,-21.15,15,0.61292,6,3.9079,0.336444085399203,0.00032562358276644
41.231,-8.3474,-21.415,15,0.9492,6,3.6888,0.449889011755615,0.00032562358276644
42.856,-23.398,-30.399,15,1.5712,6,1.5712,0.444544726446392,0.00032562358276644
26.198,-17.823,-49.564,17,3.4377,7,6.326,0.327066493464418,0.000184292146073036
26.254,-17.134,-46.811,17,3.3209,7,7.6701,0.322117149753785,0.000184292146073036
23.755,-16.612,-41.967,17,5.1784,7,5.1784,0.370473899376224,0.000184292146073036
25.609,-16.341,-40.643,17,4.5742,7,6.4617,0.444122234001596,0.000184292146073036
20.947,-16.905,-39.037,17,2.6735,7,2.6735,0.464050503591556,0.000184292146073036
14.071,-9.8915,-42.6,17,2.8767,7,2.8767,0.462708715404834,0.000184292146073036
18.692,-7.9105,-51.001,17,3.2746,7,9.0392,0.351804494168696,0.000184292146073036
18.133,-9.5821,-53.065,17,4.6686,7,6.3595,0.313968630986044,0.000184292146073036
40.212,-25.917,-44.081,18,2.1786,7,8.4147,0.469971987078317,0.000184292146073036
48.833,-41.462,-52.875,18,2.1011,7,2.1011,0.355946690433958,0.000184292146073036
48.526,-42.592,-54.272,18,2.2353,7,2.2353,0.431662768462207,0.000184292146073036
39.689,-18.942,-37.024,18,1.9058,7,4.4689,0.490299314075282,0.000184292146073036
38.294,-19.672,-38.553,18,1.5977,7,6.1161,0.307204854344004,0.000184292146073036
38.228,-24.192,-42.083,18,2.6829,7,7.7268,0.443373679558082,0.000184292146073036
41.352,-24.686,-42.261,18,1.9153,7,7.3351,0.310699566348401,0.000184292146073036
41.124,-26.523,-41.132,18,4.0719,7,5.4287,0.47212866455938,0.000184292146073036
44.008,-44.875,-48.19,18,2.778,7,2.778,0.442911899885885,0.000184292146073036
43.93,-47.205,-48.237,18,1.9859,7,1.9859,0.395986571360904,0.000184292146073036
40.399,-28.623,-47.682,18,2.2747,7,8.8036,0.117014182451332,0.000184292146073036
38.526,-31.075,-50.441,18,4.0538,7,5.1453,0.43248795026349,0.000184292146073036
35.1,-34.203,-42.339,18,3.7071,7,3.7071,0.490037508432033,0.000184292146073036
34.623,-34.339,-40.805,18,2.6884,7,2.6884,0.222998364201339,0.000184292146073036
43.838,-43.953,-58.5,18,0.48071,7,0.48071,0.462180642435267,0.000184292146073036
42.868,-44.597,-58.788,18,1.2881,7,1.2881,0.416253539716651,0.000184292146073036
38.132,-29.213,-53.625,18,1.8931,7,2.5691,0.306875718331627,0.000184292146073036
47.823,-43.823,-52.487,18,2.3371,7,2.3371,0.111801548566398,0.000184292146073036
34.734,-30.535,-45.412,18,5.4486,7,5.4486,0.295595735408934,0.000184292146073036
45.335,-48.508,-55.795,18,2.8031,7,2.8031,0.395316678409851,0.000184292146073036
45.075,-49.79,-57.06,18,1.9605,7,1.9605,0.497229734333775,0.000184292146073036
43.82,-51.341,-54.487,18,3.4834,7,3.4834,0.485726284642531,0.000184292146073036
44.49,-49.836,-53.744,18,3.5605,7,3.5605,0.415610824245368,0.000184292146073036
45.132,-5.0368,-66.999,19,1.043,7,1.043,0.497862974298047,0.000184292146073036
45.092,-5.4289,-68.758,19,0.28721,7,0.28721,0.150924985849935,0.000184292146073036
42.135,-3.9249,-55.701,19,5.2783,7,5.2783,0.355985619690564,0.000184292146073036
39.145,-3.7322,-54.971,19,7.6275,7,7.68,0.363831938578735,0.000184292146073036
42.581,-2.3496,-61.774,19,4.4371,7,4.4371,0.27755829871888,0.000184292146073036
36.567,-2.549,-53.016,19,5.2921,7,9.165,0.449275172495195,0.000184292146073036
40.65,-5.4934,-43.049,19,5.8675,7,5.8675,0.452418356496384,0.000184292146073036
41.497,-5.5551,-40.652,19,4.8704,7,4.8704,0.30569600046536,0.000184292146073036
43.469,-6.7082,-46.821,19,3.6328,7,3.6328,0.335204889917309,0.000184292146073036
42.812,-19.576,-53.685,19,6.2061,7,6.2061,0.338421851969734,0.000184292146073036
41.751,-17.823,-51.431,19,6.7595,7,7.9731,0.313040078866601,0.000184292146073036
37.34,-14.099,-46.744,19,5.719,7,12.022,0.408258407645181,0.000184292146073036
39.921,-19.91,-50.432,19,3.8569,7,8.3618,0.378639014274906,0.000184292146073036
36.005,-19.227,-55.006,19,2.6694,7,3.4903,0.464618934767743,0.000184292146073036
36.83,-17.838,-53.739,19,4.4164,7,5.3168,0.317298998836384,0.000184292146073036
34.804,-13.596,-51.499,19,5.4293,7,7.8918,0.288904846358313,0.000184292146073036
34.763,-12.644,-55.137,19,4.4071,7,4.4071,0.322627035220816,0.000184292146073036
35.503,-11.489,-56.707,19,3.6991,7,3.6991,0.458951584691344,0.000184292146073036
39.081,-15.332,-54.109,19,5.5938,7,5.5938,0.38185357542249,0.000184292146073036
14.47,6.2323,-67.374,20,3.1672,7,3.1672,0.285843752219044,0.000184292146073036
9.2827,14.626,-85.99,20,2.1933,7,2.1933,0.456020674129987,0.000184292146073036
8.5114,13.324,-86.312,20,1.4276,7,1.4276,0.386982440310267,0.000184292146073036
13.312,13.575,-74.793,20,5.6098,7,5.6098,0.165478127134239,0.000184292146073036
12.832,15.095,-88.092,20,0.21727,7,0.21727,0.445584726261079,0.000184292146073036
9.9069,11.633,-87.302,20,0.69528,7,0.69528,0.398788826204896,0.000184292146073036
22.161,19.437,-79.902,20,5.0453,7,5.0453,0.47625544661077,0.000184292146073036
21.898,20.45,-81.982,20,4.0328,7,4.0328,0.355763665505712,0.000184292146073036
17.921,20.788,-85.726,20,2.9418,7,2.9418,0.393287154999361,0.000184292146073036
18.57,21.809,-85.721,20,2.123,7,2.123,0.486193582623902,0.000184292146073036
22.726,14.574,-62.884,20,6.9114,7,6.9114,0.132923928100519,0.000184292146073036
20.656,0.01546,-59.617,20,5.0471,7,5.0471,0.327525408015556,0.000184292146073036
16.779,2.1363,-61.374,20,4.3901,7,4.3901,0.292332064974025,0.000184292146073036
16.04,0.51291,-62.547,20,2.7946,7,2.7946,0.481527078320859,0.000184292146073036
12.457,4.1235,-59.907,20,1.6238,7,1.6238,0.49386230296618,0.000184292146073036
14.572,4.5853,-59.662,20,3.4294,7,3.4294,0.325077307235354,0.000184292146073036
15.449,5.7583,-54.436,20,3.6548,7,3.6548,0.451903367183725,0.000184292146073036
12.92,12.853,-60.981,20,4.4099,7,4.4099,0.307729378794252,0.000184292146073036
11.694,12.798,-59.374,20,3.3273,7,3.3273,0.468807640652895,0.000184292146073036
24.161,7.0754,-50.352,20,6.6477,7,12.056,0.238522561568187,0.000184292146073036
18.589,5.3989,-54.449,20,6.7701,7,6.7701,0.378853635795908,0.000184292146073036
20.421,4.8294,-53.359,20,8.3581,7,8.3581,0.483365390665253,0.000184292146073036
15.504,9.5204,-55.342,20,4.2846,7,4.2846,0.396058316198984,0.000184292146073036
18.347,9.8308,-58.387,20,7.4157,7,7.4157,0.489035413603659,0.000184292146073036
17.345,8.0007,-57.349,20,5.9027,7,5.9027,0.365969695270657,0.000184292146073036
15.834,14.157,-58.415,20,5.9345,7,5.9345,0.467591814715029,0.000184292146073036
15.42,12.969,-60.03,20,6.195,7,6.195,0.318019288260196,0.000184292146073036
20.415,11.962,-61.197,20,9.0923,7,9.0923,0.322205188593448,0.000184292146073036
13.369,19.111,-75.47,20,2.3758,7,2.3758,0.206171961977068,0.000184292146073036
14.97,7.5708,-66.048,20,4.421,7,4.421,0.390250188177532,0.000184292146073036
24.392,16.695,-57.602,20,4.1188,7,4.1188,0.471023146680924,0.000184292146073036
25.269,14.974,-56.587,20,5.6673,7,5.6673,0.315554962676281,0.000184292146073036
24.69,6.7258,-61.86,20,6.5894,7,6.5894,0.206697724712896,0.000184292146073036
15.803,4.611,-53.353,20,3.8085,7,3.8085,0.18772669873172,0.000184292146073036
21.942,8.7478,-53.152,20,9.9653,7,9.9653,0.438956889090686,0.000184292146073036
22.909,7.8479,-53.897,20,10.135,7,10.971,0.472105827664769,0.000184292146073036
25.883,11.328,-50.434,20,6.7842,7,7.6052,0.433426825263203,0.000184292146073036
31.649,4.3833,-58.043,20,3.1987,7,9.0048,0.367899960398064,0.000184292146073036
35.015,6.5384,-58.88,20,3.2552,7,5.5834,0.294520086860495,0.000184292146073036
36.662,7.5019,-59.921,20,3.582,7,3.8778,0.480375240174176,0.000184292146073036
38.334,9.2005,-63.451,20,2.6291,7,2.6291,0.394361759220395,0.000184292146073036
37.903,9.5157,-61.378,20,2.253,7,2.253,0.432684762176723,0.000184292146073036
33.543,6.3999,-76.718,20,1.744,7,1.744,0.317424176689728,0.000184292146073036
35.403,5.2827,-75.807,20,1.5841,7,1.5841,0.467150408519334,0.000184292146073036
34.983,10.891,-67.468,20,5.1577,7,5.1577,0.366615302803334,0.000184292146073036
32.59,5.3823,-59.211,20,3.5785,7,8.1731,0.347385351318235,0.000184292146073036
26.495,22.635,-85.644,20,1.5311,7,1.5311,0.400752030043637,0.000184292146073036
25.312,22.216,-85.924,20,1.4624,7,1.4624,0.418114544423173,0.000184292146073036
32.395,14.718,-73.858,20,2.8044,7,2.8044,0.447090281015283,0.000184292146073036
32.832,13.009,-73.682,20,4.3178,7,4.3178,0.338768754790119,0.000184292146073036
31.042,10.131,-71.467,20,2.0326,7,2.0326,0.153564900958422,0.000184292146073036
25.378,9.3526,-65.251,20,5.8052,7,5.8052,0.352797688316345,0.000184292146073036
30.955,18.625,-74.838,20,2.2674,7,2.2674,0.485854398952752,0.000184292146073036
31.188,19.345,-76.659,20,2.5586,7,2.5586,0.230582454016176,0.000184292146073036
26.893,24.186,-80.982,20,0.72372,7,0.72372,0.437531001742072,0.000184292146073036
24.826,23.991,-81.883,20,1.4724,7,1.4724,0.476319992611993,0.000184292146073036
22.995,22.376,-79.157,20,2.8759,7,2.8759,0.407586396664078,0.000184292146073036
22.831,21.881,-76.951,20,2.6982,7,2.6982,0.43511400097048,0.000184292146073036
33.65,11.27,-64.542,20,5.572,7,5.572,0.366839261560379,0.000184292146073036
34.491,12.522,-66.32,20,4.1707,7,4.1707,0.481242596851643,0.000184292146073036
33.057,12.028,-75.819,20,2.2417,7,2.2417,0.222604846868041,0.000184292146073036
-13.883,-23.098,22.576,1,4.3187,1,8.0261,0.364200654683041,8.25482625482625e-05
-11.632,-11.61,15.985,1,3.0627,1,3.0627,0.276500859377819,8.25482625482625e-05
-10.24,-12.61,17.532,1,3.3872,1,3.3872,0.493368195595094,8.25482625482625e-05
-12.897,-12.808,23.354,1,7.9367,1,7.9367,0.40141971617486,8.25482625482625e-05
-14.437,-11.692,21.609,1,7.3601,1,8.315,0.459075929157368,8.25482625482625e-05
-13.181,-16.98,21.659,1,6.5373,1,9.1422,0.385354920319279,8.25482625482625e-05
-12.631,-17.205,20.587,1,6.098,1,8.4141,0.451642340731384,8.25482625482625e-05
1.2831,-29.894,14.091,1,2.9692,1,2.9692,0.189915766522841,8.25482625482625e-05
3.1176,-29.079,25.216,1,5.0837,1,5.0837,0.468610675255879,8.25482625482625e-05
1.4048,-29.255,23.814,1,4.523,1,4.523,0.330378296507377,8.25482625482625e-05
-0.40045,-26.981,21.809,1,3.4782,1,3.4782,0.363925125246359,8.25482625482625e-05
-4.6566,-22.929,22.203,1,5.5457,1,5.5457,0.33822255005579,8.25482625482625e-05
3.6485,-27.653,27.831,1,7.3078,1,7.3078,0.254730490833851,8.25482625482625e-05
-2.8771,-23.627,23.878,1,6.0776,1,6.0776,0.294203800797895,8.25482625482625e-05
-3.1912,-14.463,23.104,1,1.624,1,1.624,0.450315743489287,8.25482625482625e-05
-1.2436,-17.74,26.283,1,4.5628,1,4.5628,0.319446624481507,8.25482625482625e-05
-0.24656,-16.76,27.977,1,3.2422,1,3.2422,0.474148325293673,8.25482625482625e-05
-10.573,-2.8089,31.024,1,6.2596,1,6.2664,0.459044611795008,8.25482625482625e-05
-11.052,-4.6765,30.096,1,6.7569,1,7.4001,0.311757430868777,8.25482625482625e-05
-10.858,-5.5021,24.951,1,3.656,1,6.3832,0.291296753663602,8.25482625482625e-05
-11.477,-6.2897,22.898,1,3.3709,1,6.0096,0.426083294309877,8.25482625482625e-05
-15.376,-5.1168,28.042,1,5.304,1,7.7737,0.306520119080453,8.25482625482625e-05
-16.968,-10.804,30.971,1,4.9563,1,4.9563,0.485034836103474,8.25482625482625e-05
-15.474,-10.069,29.563,1,6.9437,1,6.9437,0.296855102862651,8.25482625482625e-05
-19.5,-13.912,27.845,1,4.3644,1,4.3644,0.355330480888179,8.25482625482625e-05
-19.307,-14.001,25.715,1,5.4774,1,5.4774,0.476257219130423,8.25482625482625e-05
-12.193,-14.216,26.233,1,9.0505,1,9.0505,0.406144198694126,8.25482625482625e-05
-11.922,-14.262,27.456,1,9.3251,1,9.3251,0.281434837225776,8.25482625482625e-05
-11.006,-11.072,30.373,1,7.6209,1,7.6209,0.286155201603567,8.25482625482625e-05
-11.373,-10.297,32.492,1,7.7382,1,7.7382,0.311203292920751,8.25482625482625e-05
-11.149,-11.089,34.473,1,7.08,1,7.08,0.45942048757823,8.25482625482625e-05
-17.048,2.4552,14.457,2,6.4639,1,6.4639,0.371001044006887,8.25482625482625e-05
-9.4257,1.2403,18.997,2,4.0024,1,4.4669,0.468302994921942,8.25482625482625e-05
-10.751,2.1903,17.606,2,5.4129,1,5.7859,0.309874786535783,8.25482625482625e-05
-10.908,1.4431,11.645,2,3.0159,1,3.0159,0.425186182004243,8.25482625482625e-05
-11.602,3.9306,1.5269,2,2.5697,1,2.5697,0.407304852144635,8.25482625482625e-05
-25.598,2.2571,0.48134,2,4.7577,1,4.7577,0.317826307005761,8.25482625482625e-05
-23.627,2.5484,-0.27133,2,6.0647,1,6.0647,0.478860161908793,8.25482625482625e-05
-24.37,-5.9195,-11.419,2,0.48504,1,0.48504,0.292322476670898,8.25482625482625e-05
-23.239,-6.626,-9.87,2,2.0147,1,2.0147,0.481174012005444,8.25482625482625e-05
-26.279,-3.0772,-2.0696,2,6.6884,1,6.6884,0.355990445957245,8.25482625482625e-05
-24.247,-2.2713,-2.8793,2,6.5829,1,6.5829,0.467804681658774,8.25482625482625e-05
-27.095,-6.3308,-4.6068,2,5.4984,1,5.4984,0.483734138716748,8.25482625482625e-05
-29.711,-6.6896,-3.1159,2,4.813,1,4.813,0.298256222434671,8.25482625482625e-05
-31.515,-7.0282,-1.9466,2,2.9664,1,2.9664,0.499595978465022,8.25482625482625e-05
-25.255,-10.376,6.2921,2,2.2947,1,7.1084,0.346482795057222,8.25482625482625e-05
-24.769,-4.0044,11.206,2,5.1881,1,5.1881,0.324344330235297,8.25482625482625e-05
-21.091,-23.337,11.846,3,5.1643,1,7.2531,0.300038347460946,8.25482625482625e-05
-19.45,-22.34,12.444,3,3.9323,1,8.4552,0.47320514553585,8.25482625482625e-05
-23.847,-16.863,8.255,3,3.9532,1,7.5072,0.381784939756764,8.25482625482625e-05
-25.6,-21.088,1.2013,3,4.7538,1,4.7538,0.420433738387226,8.25482625482625e-05
-10.781,-23.901,5.3228,3,0.3142,1,0.3142,0.160320843966601,8.25482625482625e-05
-15.437,-28.358,11.477,3,5.5928,1,5.5928,0.316080539919552,8.25482625482625e-05
-14.115,-29.911,12.369,3,4.9472,1,4.9472,0.259987049066559,8.25482625482625e-05
-14.709,-31.902,12.421,3,6.0377,1,6.0377,0.480992713412586,8.25482625482625e-05
-31.964,0.55393,-25.748,6,3.2061,2,3.2061,0.332433659423871,3.17557251908397e-05
-33.661,0.65429,-29.325,6,2.152,2,2.152,0.480056585563398,3.17557251908397e-05
-34.275,0.24852,-27.287,6,1.3383,2,1.3383,0.293096025353036,3.17557251908397e-05
-36.92,-9.1805,-28.926,6,2.3935,2,2.3935,0.297832777419479,3.17557251908397e-05
-36.505,-8.6591,-30.857,6,2.4007,2,2.4007,0.468459161091742,3.17557251908397e-05
-33.708,-6.7973,-26.203,6,4.9527,2,4.9527,0.385508008568814,3.17557251908397e-05
-32.728,-6.263,-28.398,6,5.2272,2,5.2272,0.48683515472757,3.17557251908397e-05
-29.712,-10.288,-22.597,6,7.4778,2,8.3109,0.415391237134157,3.17557251908397e-05
-27.758,-9.6251,-23.162,6,7.4554,2,10.056,0.45904859012804,3.17557251908397e-05
-31.502,-16.552,-29.502,6,4.4088,2,4.4088,0.343207907184096,3.17557251908397e-05
-32.353,-18.077,-30.259,6,2.9288,2,2.9288,0.48153898831,3.17557251908397e-05
-31.021,-17.046,-29.754,6,3.8026,2,3.8026,0.275211427496189,3.17557251908397e-05
-34.492,-13.312,-28.533,6,5.8343,2,5.8343,0.300109649580844,3.17557251908397e-05
-35.974,-12.696,-24.013,6,3.2247,2,3.2247,0.357681299453221,3.17557251908397e-05
-35.08,-11.101,-24.165,6,4.0961,2,4.0961,0.346419366409485,3.17557251908397e-05
-23.467,-22.684,-20.464,6,2.8889,2,3.2361,0.320985122400586,3.17557251908397e-05
-26.738,-11.195,-17.709,6,1.941,2,6.0355,0.408133907498358,3.17557251908397e-05
-25.376,-0.61097,-14.794,6,3.3178,2,3.3178,0.379406464675565,3.17557251908397e-05
-26.89,0.67269,-14.501,6,3.2603,2,3.2603,0.283728167095598,3.17557251908397e-05
-17.507,8.1547,-18.274,6,6.1854,2,6.1854,0.338920634048294,3.17557251908397e-05
-16.243,5.9343,-18.05,6,7.4375,2,7.4375,0.400644104702535,3.17557251908397e-05
-9.281,2.2337,-22.359,6,2.6488,2,2.6488,0.302794388631608,3.17557251908397e-05
-8.8441,1.3257,-20.515,6,1.3758,2,1.3758,0.473960434431919,3.17557251908397e-05
-10.881,1.8978,-25.162,6,3.2601,2,3.2601,0.455901308982011,3.17557251908397e-05
-16.379,6.4539,-35.006,6,4.5867,2,4.5867,0.297259877856279,3.17557251908397e-05
-18.013,3.2676,-35.21,6,4.2436,2,4.2436,0.482445717293137,3.17557251908397e-05
-22.351,3.017,-32.416,6,6.47,2,6.47,0.471062626959407,3.17557251908397e-05
-20.524,4.4772,-32.157,6,6.4858,2,6.4858,0.361197623894933,3.17557251908397e-05
-25.902,6.5301,-29.605,6,5.7815,2,5.7815,0.33839795818415,3.17557251908397e-05
-0.11059,-8.3158,-46.981,11,4.088,4,4.088,0.484661555569003,0.000142857142857143
-2.065,-9.0505,-46.805,11,3.1728,4,3.1728,0.261865065670979,0.000142857142857143
-6.4229,-3.8449,-51.613,11,3.2447,4,3.2447,0.355944876629623,0.000142857142857143
-8.4447,-5.7252,-46.703,11,2.9787,4,2.9787,0.435729932451717,0.000142857142857143
-6.3021,-3.3133,-46.27,11,4.3461,4,4.3461,0.300946017292863,0.000142857142857143
-5.9545,-1.2358,-45.755,11,2.7177,4,2.7177,0.499131441920926,0.000142857142857143
-6.6128,-3.999,-34.318,11,3.7008,4,3.7008,0.344868738556881,0.000142857142857143
0.96104,-8.4286,-37.507,11,3.9636,4,3.9636,0.263872955868107,0.000142857142857143
1.9501,-7.7983,-39.234,11,3.2578,4,3.2578,0.475629748411693,0.000142857142857143
10.347,-21.253,-34.05,11,0.95263,4,0.95263,0.334514437316084,0.000142857142857143
11.994,-19.809,-35.169,11,2.0879,4,2.0879,0.485504930730648,0.000142857142857143
5.0484,-16.573,-37.267,11,6.3343,4,6.3343,0.348384418015809,0.000142857142857143
4.9687,-23.643,-36.434,11,4.0309,4,4.0309,0.363458837434002,0.000142857142857143
-0.4993,-19.536,-42.69,11,3.2963,4,3.2963,0.275223011312064,0.000142857142857143
1.5441,-19.548,-43.33,11,2.8706,4,2.8706,0.48376536025511,0.000142857142857143
-23.484,-15.348,-11.286,4,4.0344,2,4.0344,0.494949531613713,3.17557251908397e-05
-23.785,-17.406,-10.528,4,5.5369,2,5.5369,0.301188108583831,3.17557251908397e-05
-20.493,-15.836,-13.832,4,4.3304,2,6.2984,0.349711228374672,3.17557251908397e-05
-20.265,-20.682,-19.262,4,3.089,2,3.089,0.464641220299395,3.17557251908397e-05
-18.803,-21.324,-18.028,4,2.9862,2,3.4124,0.340880421338348,3.17557251908397e-05
-21.786,-26.241,-13.97,4,3.0047,2,8.9049,0.479248581190865,3.17557251908397e-05
-21.798,-25.501,-11.874,4,2.2312,2,7.9564,0.403237898647254,3.17557251908397e-05
-28.777,-23.013,-12.271,4,6.3559,2,7.2782,0.469460714800417,3.17557251908397e-05
-27.392,-23.64,-10.532,4,5.5388,2,5.5388,0.335556379443531,3.17557251908397e-05
-28.053,-18.458,-8.1435,4,3.2554,2,3.2554,0.323053942093582,3.17557251908397e-05
-30.554,-29.397,-10.292,4,4.6209,2,4.6209,0.346764929189053,3.17557251908397e-05
-24.591,-41.936,-22.654,4,3.9281,2,3.9281,0.430458677783903,3.17557251908397e-05
-22.341,-46.94,-24.326,4,4.2357,2,4.2357,0.326209525451775,3.17557251908397e-05
-24.841,-42.808,-18.618,4,4.6606,2,5.9379,0.36380396098184,3.17557251908397e-05
-16.767,-44.857,-19.332,5,2.2331,2,8.0274,0.327119977507349,3.17557251908397e-05
-16.025,-42.769,-18.423,5,3.5973,2,6.0899,0.2743623460404,3.17557251908397e-05
-17.814,-42.878,-17.978,5,2.0067,2,7.5864,0.49164837033276,3.17557251908397e-05
-6.9908,-48.403,-41.115,5,3.0942,2,3.0942,0.362478226122279,3.17557251908397e-05
-13.39,-36.653,-25.065,5,3.6712,2,3.6712,0.419359011822494,3.17557251908397e-05
-13.417,-38.461,-24.006,5,3.9853,2,4.4395,0.384889799526854,3.17557251908397e-05
-9.9565,-42.942,-25.317,5,3.6165,2,3.6165,0.431250478037096,3.17557251908397e-05
-7.639,-47.726,-28.576,5,3.4106,2,3.4106,0.313953383026122,3.17557251908397e-05
-6.1138,-50.128,-29.233,5,4.1898,2,4.1898,0.324704082764994,3.17557251908397e-05
-5.534,-50.653,-31.345,5,3.0884,2,3.0884,0.482050104183913,3.17557251908397e-05
-5.0967,-49.816,-23.874,5,1.7395,2,1.7395,0.474346263103378,3.17557251908397e-05
-6.7885,-49.311,-24.905,5,3.1596,2,3.1596,0.333557158359324,3.17557251908397e-05
-10.733,-42.537,-24.242,5,3.6811,2,3.6811,0.308992896412863,3.17557251908397e-05
-9.2487,-46.398,-21.586,5,3.441,2,3.441,0.257519427359609,3.17557251908397e-05
-9.6226,-48.282,-20.722,5,4.1057,2,4.1057,0.49725713244638,3.17557251908397e-05
-17.66,-24.361,-6.5957,5,2.1245,2,5.3842,0.49434445382328,3.17557251908397e-05
-16.102,-23.715,-6.3995,5,3.2236,2,5.2284,0.270917431013024,3.17557251908397e-05
-13.865,-32.198,-13.039,5,3.002,2,3.002,0.445551051046872,3.17557251908397e-05
-12.962,-32.899,-11.221,5,2.0961,2,2.0961,0.358190626785965,3.17557251908397e-05
-14.827,-31.98,-6.0381,5,3.9671,2,3.9671,0.461864162767177,3.17557251908397e-05
-15.656,-32.878,-2.9434,5,4.7932,2,4.7932,0.31647020387813,3.17557251908397e-05
-14.416,-40.367,-8.5743,5,3.5787,2,3.5787,0.377486479850634,3.17557251908397e-05
-10.554,-27.162,-40.002,7,0.34124,3,0.34124,0.481514355170487,6.66010821446139e-05
-12.4,-25.949,-40.169,7,1.8814,3,1.8814,0.372810155894651,6.66010821446139e-05
-13.176,-21.048,-46.478,7,0.55659,3,0.55659,0.38225951577861,6.66010821446139e-05
-13.085,-16.03,-38.635,7,0.22879,3,0.22879,0.301209849535322,6.66010821446139e-05
-21.388,-23.831,-32.273,7,1.4822,3,5.2889,0.337078311555427,6.66010821446139e-05
-20.442,-26.161,-38.875,7,1.5092,3,9.2638,0.41149590722294,6.66010821446139e-05
-20.819,-26.852,-41.164,7,0.57034,3,7.6627,0.499798687883136,6.66010821446139e-05
-14.371,-31.323,-37.505,7,1.2919,3,4.4413,0.252890904377276,6.66010821446139e-05
-24.569,-43.172,-49.471,8,0.63814,3,0.63814,0.419097052055781,6.66010821446139e-05
-29.03,-46.172,-54.352,8,0.18178,3,0.18178,0.481013609765868,6.66010821446139e-05
-28.882,-44.563,-52.81,8,1.0998,3,1.0998,0.320540250948739,6.66010821446139e-05
-29.717,-40.293,-47.387,8,5.7789,3,5.7789,0.2087851523721,6.66010821446139e-05
-27.177,-37.336,-45.582,8,5.7816,3,5.7816,0.334228610073746,6.66010821446139e-05
-25.407,-34.87,-46.756,8,4.3452,3,4.3452,0.350135401848631,6.66010821446139e-05
-26.566,-33.862,-48.647,8,3.9938,3,3.9938,0.462087823588346,6.66010821446139e-05
-13.572,-47.933,-38.503,8,2.2325,3,2.2325,0.352029897290157,6.66010821446139e-05
-18.011,-34.405,-42.019,8,1.5089,3,2.9551,0.420947847308204,6.66010821446139e-05
-17.703,-33.194,-41.817,8,0.62981,3,3.3743,0.389888058079491,6.66010821446139e-05
-19.306,-32.213,-44.157,8,0.89021,3,2.9567,0.496487789710294,6.66010821446139e-05
-19.109,-33.622,-44.459,8,1.9511,3,2.1731,0.361710197915165,6.66010821446139e-05
-15.832,-43.757,-39.578,8,2.1029,3,2.1029,0.330062751847576,6.66010821446139e-05
-17.204,-45.068,-37.578,8,4.5089,3,4.5089,0.3161534290164,6.66010821446139e-05
-19.778,-42.035,-32.536,8,2.6457,3,2.6457,0.346705974308762,6.66010821446139e-05
-20.531,-40.246,-33.07,8,4.0467,3,4.0467,0.460102178391554,6.66010821446139e-05
-24.099,-31.688,-32.187,8,4.8475,3,6.0701,0.181830104214192,6.66010821446139e-05
-23.065,-31.131,-32.953,8,3.6332,3,6.9635,0.493226088282776,6.66010821446139e-05
-24.328,-33.327,-42.324,8,5.2228,3,7.1312,0.482265692552838,6.66010821446139e-05
-23.194,-32.29,-41.358,8,4.4754,3,7.2709,0.316285026935733,6.66010821446139e-05
-21.409,-42.478,-36.681,8,6.7922,3,6.7922,0.439881372138113,6.66010821446139e-05
-23.29,-41.88,-40.155,8,6.8863,3,6.8863,0.382492113633486,6.66010821446139e-05
-24.475,-40.412,-40.98,8,7.1219,3,7.1219,0.413986628604962,6.66010821446139e-05
-21.502,-44.487,-39.916,8,5.4676,3,5.4676,0.32498976454218,6.66010821446139e-05
-19.939,-47.136,-41.306,8,3.5003,3,3.5003,0.338949700567884,6.66010821446139e-05
-16.647,-49.012,-39.9,8,2.5965,3,2.5965,0.317396791648941,6.66010821446139e-05
-28.814,-40.477,-35.666,8,7.276,3,7.276,0.33339137691567,6.66010821446139e-05
-28.147,-38.193,-35.197,8,7.7862,3,7.7862,0.34216679440045,6.66010821446139e-05
-33.539,-31.593,-29.26,8,3.7222,3,3.7222,0.293608213625961,6.66010821446139e-05
-31.693,-31.106,-28.329,8,2.723,3,2.723,0.485720919633775,6.66010821446139e-05
-32.594,-26.38,-28.273,8,2.5888,3,2.5888,0.336434645083431,6.66010821446139e-05
-31.258,-25.757,-29.843,8,3.011,3,3.011,0.468468980907864,6.66010821446139e-05
-31.798,-32.977,-34.151,8,7.7699,3,7.7699,0.337298448857597,6.66010821446139e-05
-29.722,-32.162,-33.735,8,7.6136,3,7.6136,0.45905800762147,6.66010821446139e-05
-34.416,-30.017,-32.796,8,5.7503,3,5.7503,0.482939619347035,6.66010821446139e-05
-38.205,-32.762,-46.21,8,4.2778,3,4.2778,0.403917702411137,6.66010821446139e-05
-39.327,-35.364,-48.983,8,3.7614,3,3.7614,0.366344422278261,6.66010821446139e-05
-42.584,-33.989,-53.554,8,1.7225,3,1.7225,0.440495229710097,6.66010821446139e-05
-35.518,-37.708,-48.663,8,6.0749,3,6.0749,0.395190915013108,6.66010821446139e-05
-37.518,-42.751,-58.151,8,2.0033,3,2.0033,0.312327125230746,6.66010821446139e-05
-34.101,-41.034,-48.276,8,5.8121,3,5.8121,0.379828532946025,6.66010821446139e-05
-41.174,-24.058,-63.961,9,2.0145,3,2.0145,0.268927127251007,6.66010821446139e-05
-40.202,-19.614,-63.506,9,2.9679,3,2.9679,0.289909002010895,6.66010821446139e-05
-38.135,-19.843,-62.179,9,2.8286,3,2.8286,0.349352967411453,6.66010821446139e-05
-35.076,-24.742,-54.121,9,3.5962,3,5.7083,0.448166575344289,6.66010821446139e-05
-42.748,-22.323,-48.322,9,1.3942,3,1.3942,0.490779130421106,6.66010821446139e-05
-41.565,-21.447,-46.691,9,2.3473,3,2.3473,0.306716853971141,6.66010821446139e-05
-35.018,-21.725,-49.121,9,4.1598,3,8.8588,0.424350813158567,6.66010821446139e-05
-36.819,-22.183,-48.434,9,4.0715,3,7.2892,0.386173582741648,6.66010821446139e-05
-39.474,-19.734,-44.262,9,4.0098,3,4.0098,0.489704484493293,6.66010821446139e-05
-38.346,-15.185,-46.969,9,4.3304,3,4.3304,0.484060743454315,6.66010821446139e-05
-39.867,-16.957,-47.665,9,3.2268,3,3.2268,0.385895116719313,6.66010821446139e-05
-35.888,-17.178,-38.774,9,3.8122,3,3.8122,0.483234103799388,6.66010821446139e-05
-37.771,-17.119,-37.715,9,3.2042,3,3.2042,0.335083456608558,6.66010821446139e-05
-41.198,-7.763,-55.969,9,2.9194,3,2.9194,0.310252783289415,6.66010821446139e-05
-35.414,-2.6684,-47.928,9,2.085,3,4.9138,0.302293833159529,6.66010821446139e-05
-32.662,-2.511,-42.717,9,1.051,3,3.6065,0.352685056533406,6.66010821446139e-05
-29.592,-14.183,-48.542,9,7.3578,3,11.632,0.132149988558991,6.66010821446139e-05
-35.384,-7.4554,-52.254,9,5.6197,3,7.4225,0.430108371192529,6.66010821446139e-05
-31.935,-11.86,-54.804,9,7.1751,3,8.8691,0.408947689918061,6.66010821446139e-05
-32.204,-10.106,-55.838,9,5.9538,3,9.035,0.392549035303743,6.66010821446139e-05
-29.33,-11.282,-61.888,9,2.908,3,2.908,0.443544906168823,6.66010821446139e-05
-31.143,-10.258,-61.273,9,4.6072,3,4.6072,0.354513281167302,6.66010821446139e-05
-36.295,-11.123,-65.923,9,2.5466,3,2.5466,0.347253299534346,6.66010821446139e-05
-37.458,-9.5332,-67.581,9,2.8304,3,2.8304,0.29353733414037,6.66010821446139e-05
-37.88,-6.2694,-69.247,9,3.7878,3,3.7878,0.351936571481655,6.66010821446139e-05
-31.505,3.2988,-63.629,10,6.0434,3,9.0155,0.471196156772921,6.66010821446139e-05
-31.812,5.6279,-63.916,10,6.7246,3,7.0591,0.438439216450244,6.66010821446139e-05
-31.361,3.7155,-68.385,10,6.5286,3,8.2658,0.390596227119857,6.66010821446139e-05
-25.487,3.3994,-63.721,10,8.9292,3,8.9292,0.364636998233116,6.66010821446139e-05
-26.516,2.0224,-63.567,10,7.76,3,8.5576,0.454513975157743,6.66010821446139e-05
-30.416,10.269,-75.26,10,7.5664,3,7.5664,0.291658867047598,6.66010821446139e-05
-31.213,6.6236,-72.206,10,7.7567,3,7.7567,0.404263815519178,6.66010821446139e-05
-36.3,14.895,-77.352,10,1.2449,3,1.2449,0.28688574732712,6.66010821446139e-05
-35.032,14.194,-77.987,10,2.66,3,2.66,0.470917237542049,6.66010821446139e-05
-29.17,2.6868,-65.782,10,7.3015,3,8.9334,0.35953581355541,6.66010821446139e-05
-30.905,-0.02654,-61.964,10,3.682,3,10.027,0.472561218172786,6.66010821446139e-05
-29.385,1.0091,-61.795,10,5.2914,3,10.213,0.326740564190034,6.66010821446139e-05
-31.205,5.5854,-48.234,10,5.3854,3,5.3854,0.486001539825306,6.66010821446139e-05
-26.461,4.8292,-50.72,10,8.7042,3,8.8694,0.479588499448816,6.66010821446139e-05
-28.565,5.4071,-51.57,10,7.126,3,7.126,0.34184203828951,6.66010821446139e-05
-24.123,-0.51601,-41.243,10,1.2581,3,1.2581,0.255649630969746,6.66010821446139e-05
-28.707,8.8828,-46.826,10,4.2224,3,4.2224,0.321542314157165,6.66010821446139e-05
-24.077,7.0919,-55.073,10,7.7934,3,7.7934,0.318515771634623,6.66010821446139e-05
-24.738,8.2675,-57.068,10,7.179,3,7.179,0.368180761684308,6.66010821446139e-05
-16.816,7.8171,-63.457,10,6.2975,3,6.2975,0.31031504807403,6.66010821446139e-05
-16.424,8.3951,-65.573,10,5.403,3,5.403,0.49912111233759,6.66010821446139e-05
-18.421,6.6713,-60.746,10,8.5243,3,8.5243,0.344140024050166,6.66010821446139e-05
-22.046,0.38421,-56.998,10,7.8277,3,7.9707,0.472213469475531,6.66010821446139e-05
-21.483,1.3442,-57.898,10,8.0031,3,8.0031,0.341081346562972,6.66010821446139e-05
-12.866,-0.95748,-57.417,10,0.45576,3,0.45576,0.442989818586912,6.66010821446139e-05
-15.425,-9.3704,-54.627,10,0.32659,3,0.32659,0.279526877811933,6.66010821446139e-05
-14.809,-8.7311,-52.642,10,0.26142,3,0.26142,0.491025494642118,6.66010821446139e-05
-11.649,3.357,-61.951,10,2.5857,3,2.5857,0.34901051414935,6.66010821446139e-05
-17.31,1.274,-70.549,10,1.4591,3,1.4591,0.239374311732501,6.66010821446139e-05
-15.925,0.30252,-70.776,10,0.34647,3,0.34647,0.483088925189453,6.66010821446139e-05
-24.585,1.5232,-66.537,10,5.7591,3,5.7591,0.36817272173422,6.66010821446139e-05
-20.042,12.175,-83.735,10,2.3755,3,2.3755,0.265226371728972,6.66010821446139e-05
-22.197,5.5325,-80.671,10,3.2487,3,3.2487,0.303902602397606,6.66010821446139e-05
-23.795,5.2068,-78.104,10,4.5389,3,4.5389,0.445950038572965,6.66010821446139e-05
-23.13,4.2203,-76.273,10,2.953,3,2.953,0.359947454307142,6.66010821446139e-05
-23.469,1.3296,-63.286,10,6.772,3,6.772,0.465538341278757,6.66010821446139e-05
-24.07,2.8415,-63.377,10,8.0577,3,8.0577,0.298797616443602,6.66010821446139e-05
-21.92,1.0938,-69.689,10,2.8942,3,2.8942,0.414078568903447,6.66010821446139e-05
-19.054,3.3002,-67.325,10,4.9517,3,4.9517,0.331698059060421,6.66010821446139e-05
-19.289,1.3822,-66.201,10,3.8547,3,3.8547,0.470267023684941,6.66010821446139e-05
-19.415,3.3144,-72.392,10,2.4865,3,2.4865,0.356623894296261,6.66010821446139e-05
30.892,-5.029,16.948,12,2.89,5,5.7213,0.258638420601879,0.000192729591836735
29.996,-4.8956,15.117,12,3.0942,5,5.5557,0.321138989177829,0.000192729591836735
31.652,-9.6152,-2.7776,12,4.7232,5,0.27862,0.26764974454583,0.000192729591836735
36.284,-6.8099,6.1818,12,3.0161,5,4.5377,0.298995353582707,0.000192729591836735
35.372,-6.9242,6.7287,12,2.6804,5,5.2088,0.490889223027668,0.000192729591836735
32.889,6.1727,8.3258,12,2.1383,5,2.1383,0.484375030755128,0.000192729591836735
31.037,6.6006,7.4375,12,3.4735,5,3.4735,0.294843119924521,0.000192729591836735
31.263,7.5473,5.5445,12,2.6476,5,2.6476,0.324183434885824,0.000192729591836735
32.983,8.288,5.5547,12,0.91257,5,0.91257,0.4843945220335,0.000192729591836735
28.437,8.3787,3.3341,12,4.3309,5,4.3309,0.324118734585116,0.000192729591836735
26.385,6.064,-1.767,12,1.8807,5,1.8807,0.292061618643167,0.000192729591836735
25.001,7.6268,-1.4981,12,2.4024,5,2.4024,0.476461415927271,0.000192729591836735
26.813,7.4524,-1.4716,12,3.1095,5,3.1095,0.311808445945623,0.000192729591836735
23.656,0.62558,-0.098098,12,0.82211,5,0.82211,0.458452437223178,0.000192729591836735
25.664,0.14142,0.064772,12,0.68646,5,0.68646,0.351912350599194,0.000192729591836735
27.498,0.53677,6.529,12,3.3388,5,3.3388,0.456484127963805,0.000192729591836735
29.079,1.956,6.6487,12,5.3888,5,5.3888,0.396548417027794,0.000192729591836735
28.445,7.7149,5.6778,12,4.4597,5,4.4597,0.497316260219162,0.000192729591836735
24.535,7.141,9.4271,12,5.8223,5,5.8223,0.478567302824232,0.000192729591836735
26.892,6.8562,9.6938,12,5.0789,5,5.0789,0.368455883977411,0.000192729591836735
23.149,10.28,1.9753,12,4.1136,5,4.1136,0.498510537059371,0.000192729591836735
24.806,11.895,1.908,12,2.4656,5,2.4656,0.370079596447,0.000192729591836735
24.442,5.0914,16.933,12,6.4417,5,6.4417,0.368110823274163,0.000192729591836735
25.717,3.7073,19.335,12,6.5565,5,6.5565,0.312853153625221,0.000192729591836735
17.745,-1.7774,22.527,12,4.2868,5,4.2868,0.364357931957944,0.000192729591836735
24.819,0.607,11.407,12,5.4914,5,5.4914,0.250580744836001,0.000192729591836735
25.652,-0.18768,13.312,12,6.2247,5,6.2247,0.49119863042309,0.000192729591836735
25.404,4.1744,17.787,12,6.6082,5,6.6082,0.383996390045656,0.000192729591836735
24.496,4.9742,15.629,12,6.6436,5,6.6436,0.440763117919823,0.000192729591836735
22.131,1.3451,18.712,12,7.4319,5,7.4319,0.382173017890623,0.000192729591836735
22.053,0.36436,18.071,12,6.7624,5,6.7624,0.449628435747227,0.000192729591836735
20.852,-17.446,27.111,12,5.3957,5,5.9402,0.352975816480281,0.000192729591836735
18.806,-18.938,27.318,12,3.8627,5,3.8627,0.494125249215276,0.000192729591836735
21.609,-16.036,24.546,12,4.0555,5,4.5489,0.27768630990115,0.000192729591836735
19.588,-17.179,27.073,12,4.8686,5,4.8686,0.379535894721698,0.000192729591836735
21.836,-16.199,26.987,12,5.3133,5,6.604,0.323374382504993,0.000192729591836735
23.207,-13.941,24.289,12,3.4839,5,5.7005,0.305411495769805,0.000192729591836735
24.748,-15.419,24.63,12,2.0216,5,6.489,0.481810673287104,0.000192729591836735
22.343,-11.331,22.944,12,4.8371,5,4.9924,0.34866349836046,0.000192729591836735
22.361,-10.268,24.507,12,6.2004,5,6.636,0.320277753929458,0.000192729591836735
20.382,-13.547,28.795,12,7.1762,5,7.1762,0.308871408987042,0.000192729591836735
21.657,-12.923,30.452,12,8.5016,5,8.5016,0.475499550915279,0.000192729591836735
18.211,-27.97,16.339,13,3.7446,5,3.7446,0.155003838155326,0.000192729591836735
17.949,-30.987,15.033,13,3.7259,5,3.7259,0.0678616145935289,0.000192729591836735
26.8,12.786,-35.814,16,4.5376,7,4.5376,0.356608468712025,0.000184292146073036
21.341,9.413,-36.233,16,4.4319,7,7.6521,0.343307423912585,0.000184292146073036
23.212,8.1676,-36.224,16,5.1511,7,9.3021,0.45051821030414,0.000184292146073036
18.621,6.9072,-37.708,16,3.2101,7,5.2757,0.455149782890709,0.000184292146073036
16.348,9.8379,-27.274,16,2.3939,7,2.3939,0.359037106669168,0.000184292146073036
19.46,14.209,-23.08,16,4.4286,7,4.4286,0.328785153737983,0.000184292146073036
28.143,11.863,-16.599,16,3.9131,7,3.9131,0.361072445583693,0.000184292146073036
27.38,12.279,-13.842,16,3.1836,7,3.1836,0.346600539211731,0.000184292146073036
30.551,5.6631,-15.899,16,3.9508,7,3.9508,0.405788003195623,0.000184292146073036
32.824,5.6657,-15.109,16,4.4098,7,4.4098,0.306130030080206,0.000184292146073036
34.915,5.7393,-15.597,16,2.9374,7,2.9374,0.484777898996419,0.000184292146073036
35.932,0.81144,-27.576,16,3.8984,7,3.8984,0.434454934943862,0.000184292146073036
34.333,8.2053,-30.776,16,3.2978,7,3.2978,0.324491152473621,0.000184292146073036
35.908,-43.618,-28.321,15,1.7318,6,1.7318,0.485234302391216,0.00032562358276644
36.068,-37.969,-37.151,15,0.9851,6,0.9851,0.438300238859931,0.00032562358276644
31.089,-51.505,-50.555,15,1.3271,6,1.3271,0.207762117010773,0.00032562358276644
31.423,-52.624,-50.601,15,0.53964,6,0.53964,0.492397058341157,0.00032562358276644
36.963,-37.071,-40.253,15,1.3494,6,1.3494,0.42597904491556,0.00032562358276644
36.445,-36.729,-33.998,15,2.9755,6,2.9755,0.287097552155345,0.00032562358276644
47.035,-34.063,-38.103,15,0.4293,6,0.4293,0.418910759080445,0.00032562358276644
30.508,-9.3296,-28.993,15,3.204,6,3.204,0.40243877521396,0.00032562358276644
29.368,-7.9948,-29.484,15,1.8647,6,1.8647,0.398497459541278,0.00032562358276644
37.528,-4.7231,-23.39,15,2.2711,6,2.2711,0.476072329583496,0.00032562358276644
38.556,-5.2946,-24.972,15,2.2753,6,2.2753,0.333469826042943,0.00032562358276644
31.916,-7.703,-25.087,15,2.5947,6,2.5947,0.464798903935608,0.00032562358276644
31.574,-7.5376,-27.015,15,2.8028,6,2.8028,0.324597943736124,0.00032562358276644
34.199,-14.608,-30.119,15,2.6853,6,2.6853,0.496148514859328,0.00032562358276644
36.462,-14.592,-30.856,15,2.0714,6,2.0714,0.454329634607104,0.00032562358276644
40.267,-17.775,-26.406,15,3.7127,6,3.7127,0.437013475258271,0.00032562358276644
42.613,-25.973,-29.56,15,2.5923,6,2.5923,0.272308789533293,0.00032562358276644
44.035,-26.832,-30.834,15,1.9931,6,1.9931,0.48669583650689,0.00032562358276644
24.826,-18.96,-51.759,17,3.8944,7,3.8944,0.318476052273583,0.000184292146073036
28.669,-15.288,-46.573,17,0.61,7,10.405,0.471554711487225,0.000184292146073036
28.655,-17.193,-45.598,17,1.3469,7,8.8687,0.327799556341636,0.000184292146073036
23.352,-17.961,-36.397,17,2.7033,7,2.7033,0.422102247112774,0.000184292146073036
12.661,-6.8203,-41.406,17,2.7107,7,2.7107,0.402756118031236,0.000184292146073036
18.017,-5.3547,-50.068,17,1.0124,7,9.5072,0.335671439341315,0.000184292146073036
20.294,-5.1456,-49.962,17,0.80919,7,10.653,0.498001828482775,0.000184292146073036
20.007,-11.922,-54.526,17,4.1428,7,4.1428,0.483268806960595,0.000184292146073036
17.911,-11.708,-54.779,17,3.77,7,3.77,0.306622002419396,0.000184292146073036
38.208,-26.187,-47.05,18,1.6146,7,9.1936,0.472046120312048,0.000184292146073036
38.17,-26.541,-40.779,18,5.2075,7,5.5825,0.272242842215032,0.000184292146073036
39.882,-27.383,-41.625,18,4.6544,7,5.6801,0.485178573249724,0.000184292146073036
38.098,-31.045,-51.78,18,3.6337,7,3.7954,0.475106233982175,0.000184292146073036
39.197,-29.591,-51.609,18,2.1498,7,4.6082,0.292479683259012,0.000184292146073036
47.539,-46.565,-52.523,18,1.8706,7,1.8706,0.448971228881365,0.000184292146073036
47.398,-46.016,-53.8,18,2.4033,7,2.4033,0.413952588438769,0.000184292146073036
41.78,-5.2995,-58.307,19,6.3522,7,6.3522,0.320207453505277,0.000184292146073036
40.354,-5.3242,-57.675,19,6.6807,7,6.6807,0.353170761023812,0.000184292146073036
40.377,-1.859,-60.953,19,5.2147,7,5.4397,0.333304785338675,0.000184292146073036
40.096,-2.8462,-62.877,19,3.283,7,3.283,0.481740505785439,0.000184292146073036
36.927,0.40207,-51.019,19,3.7369,7,7.2408,0.437642135684623,0.000184292146073036
41.157,-2.2424,-41.497,19,3.3968,7,4.0234,0.412081580306634,0.000184292146073036
42.291,-4.7742,-37.55,19,3.0117,7,3.0117,0.465466119741031,0.000184292146073036
42.853,-3.8414,-39.343,19,2.6638,7,2.6638,0.292154324623189,0.000184292146073036
44.348,-9.151,-47.165,19,3.9288,7,3.9288,0.287713524956435,0.000184292146073036
45.682,-8.4989,-48.7,19,2.1123,7,2.1123,0.483219286190235,0.000184292146073036
45.184,-19.327,-52.312,19,6.0125,7,6.0125,0.320396300727995,0.000184292146073036
46.065,-20.116,-54.083,19,5.1959,7,5.1959,0.468548799695839,0.000184292146073036
44.38,-17.907,-50.683,19,6.5021,7,6.5021,0.30645143125295,0.000184292146073036
46.549,-7.7775,-48.745,19,1.0211,7,1.0211,0.395210143215465,0.000184292146073036
45.515,-6.9653,-46.569,19,1.8796,7,1.8796,0.452049343519422,0.000184292146073036
44.436,-11.704,-48.842,19,4.5343,7,4.5343,0.392941778967015,0.000184292146073036
43.303,-11.647,-49.172,19,5.4843,7,5.4843,0.444543754014605,0.000184292146073036
40.148,-23.265,-50.445,19,2.038,7,7.5145,0.495548950546967,0.000184292146073036
41.027,-21.895,-48.884,19,2.5346,7,9.658,0.317339940735064,0.000184292146073036
33.271,-16.08,-52.211,19,2.5939,7,6.3403,0.374149131319212,0.000184292146073036
38.989,-14.283,-56.634,19,3.8658,7,3.8658,0.285715626962055,0.000184292146073036
17.165,6.1246,-67.561,20,2.4644,7,2.4644,0.396801438505269,0.000184292146073036
16.234,7.7388,-69.031,20,2.9357,7,2.9357,0.489144531403962,0.000184292146073036
14.88,12.828,-73.849,20,4.692,7,4.692,0.116086085718196,0.000184292146073036
13.097,17.367,-88.065,20,1.6535,7,1.6535,0.404043124688125,0.000184292146073036
13.809,17.065,-88.847,20,0.82269,7,0.82269,0.410111236207618,0.000184292146073036
10.127,13.767,-87.682,20,0.47626,7,0.47626,0.410495723165668,0.000184292146073036
10.557,13.178,-88.661,20,0.63818,7,0.63818,0.384912070115228,0.000184292146073036
31.06,5.0956,-61.25,20,4.4511,7,6.6119,0.395319960881456,0.000184292146073036
31.272,3.1794,-59.569,20,2.6733,7,7.0448,0.457144558993873,0.000184292146073036
26.733,4.6067,-61.84,20,5.5617,7,5.5617,0.392654189261025,0.000184292146073036
26.211,5.1164,-61.063,20,6.4803,7,6.4803,0.415721562289151,0.000184292146073036
18.454,-1.7986,-59.549,20,3.9331,7,3.9331,0.358571060960151,0.000184292146073036
13.272,2.7332,-54.64,20,2.7494,7,2.7494,0.461680020398907,0.000184292146073036
15.919,12.932,-54.844,20,6.1591,7,6.1591,0.494250881806716,0.000184292146073036
15.555,12.453,-57.062,20,5.8226,7,5.8226,0.418299630297806,0.000184292146073036
20.137,9.9877,-58.344,20,9.132,7,9.132,0.4052534261151,0.000184292146073036
21.558,9.8889,-58.543,20,10.495,7,10.495,0.433714355327901,0.000184292146073036
16.575,12.104,-62.414,20,6.8363,7,6.8363,0.356957931876822,0.000184292146073036
16.99,7.4584,-62.532,20,5.953,7,5.953,0.463418697988157,0.000184292146073036
16.634,8.0996,-60.623,20,5.4931,7,5.4931,0.459299202699856,0.000184292146073036
13.351,17.685,-73.319,20,3.7773,7,3.7773,0.240842609153092,0.000184292146073036
14.54,18.006,-72.594,20,4.4894,7,4.4894,0.488820033850707,0.000184292146073036
14.624,10.584,-64.898,20,4.5159,7,4.5159,0.376650627686014,0.000184292146073036
28.793,12.288,-48.614,20,4.3173,7,5.7472,0.416191972062033,0.000184292146073036
32.813,7.3598,-57.37,20,4.8909,7,6.5336,0.376031137508471,0.000184292146073036
36.435,9.1309,-66.505,20,5.0886,7,5.0886,0.321375123867701,0.000184292146073036
31.588,7.7645,-61.685,20,6.3424,7,7.9332,0.386548963997801,0.000184292146073036
30.896,12.47,-72.486,20,3.8347,7,3.8347,0.451739590706033,0.000184292146073036
31.135,11.951,-70.374,20,4.1554,7,4.1554,0.339518710656543,0.000184292146073036
25.997,7.2615,-62.169,20,6.7649,7,6.7649,0.463068492252645,0.000184292146073036
24.628,7.5115,-62.264,20,6.8377,7,6.8377,0.413081100284665,0.000184292146073036
29.09,10.297,-66.197,20,5.8247,7,5.8247,0.368548092610518,0.000184292146073036
29.275,12.363,-61.855,20,7.0132,7,7.0132,0.469610406463776,0.000184292146073036
32.292,13.046,-73.714,20,4.3537,7,4.3537,0.186142031726778,0.000184292146073036
-12.967,-25.362,24.637,1,5.7051,1,6.7306,0.32691736060141,8.25482625482625e-05
-0.1503,-31.365,14.744,1,0.81816,1,0.81816,0.198755968747916,8.25482625482625e-05
1.7792,-26.069,22.872,1,3.0525,1,3.0525,0.242808433737582,8.25482625482625e-05
-2.4983,-25.139,22.104,1,4.5466,1,4.5466,0.340255309670658,8.25482625482625e-05
2.3165,-25.882,27.925,1,7.4383,1,7.4383,0.316458560256844,8.25482625482625e-05
4.3296,-25.159,28.071,1,5.8629,1,5.8629,0.47298970167136,8.25482625482625e-05
-3.3963,-26.197,25.437,1,7.9223,1,7.9223,0.346903385850421,8.25482625482625e-05
-1.9224,-12.964,25.853,1,0.6967,1,0.6967,0.327549057943073,8.25482625482625e-05
-9.0289,-4.3114,26.704,1,4.4026,1,5.4358,0.282852331599103,8.25482625482625e-05
-8.6257,-3.0845,25.354,1,2.6892,1,4.6344,0.490783368680226,8.25482625482625e-05
-15.22,-6.032,23.477,1,3.5252,1,9.3654,0.443686727049854,8.25482625482625e-05
-17.418,-3.3991,29.964,1,4.7859,1,4.7859,0.468784990849458,8.25482625482625e-05
-16.488,-2.8745,28.131,1,3.3994,1,6.3833,0.28845652929098,8.25482625482625e-05
-15.473,-12.495,26.319,1,8.7368,1,8.7368,0.43053179302654,8.25482625482625e-05
-10.746,-13.033,29.775,1,7.9538,1,7.9538,0.317956753958494,8.25482625482625e-05
-9.4829,-12.197,31.877,1,6.4055,1,6.4055,0.269262855647147,8.25482625482625e-05
-9.2172,-10.589,33.279,1,5.6396,1,5.6396,0.495864446163095,8.25482625482625e-05
-17.692,0.2066,16.573,2,4.7843,1,7.5654,0.355333213920003,8.25482625482625e-05
-11.707,-1.1932,13.91,2,4.0265,1,4.0265,0.429352350002887,8.25482625482625e-05
-13.349,3.4686,-1.3728,2,3.6534,1,3.6534,0.391036801044702,8.25482625482625e-05
-24.707,-5.1506,-7.404,2,4.1093,1,4.1093,0.437856073743857,8.25482625482625e-05
-22.164,-11.746,5.9102,2,0.74562,1,10.106,0.485119168300031,8.25482625482625e-05
-23.164,-11.225,7.7962,2,1.2427,1,8.7957,0.310836120289049,8.25482625482625e-05
-22.821,-4.8908,12.803,2,3.8169,1,6.6075,0.30455488274309,8.25482625482625e-05
-21.749,-3.3705,11.883,2,5.1506,1,7.6156,0.467654673302782,8.25482625482625e-05
-21.822,-15.481,9.9565,3,2.7535,1,9.1534,0.341755887334425,8.25482625482625e-05
-25.271,-21.988,-1.9984,3,1.81,1,1.81,0.390960619135405,8.25482625482625e-05
-9.8274,-24.102,8.2126,3,0.46704,1,0.46704,0.45960173143639,8.25482625482625e-05
-11.315,-24.826,7.9765,3,0.47332,1,0.47332,0.373312244599502,8.25482625482625e-05
-13.897,-27.2,13.469,3,3.3918,1,5.4906,0.330559354608647,8.25482625482625e-05
-29.144,0.73422,-27.343,6,5.629,2,5.629,0.468558166797877,3.17557251908397e-05
-31.083,0.61604,-28.193,6,4.0895,2,4.0895,0.29719854913683,3.17557251908397e-05
-34.083,-11.519,-30.758,6,3.6241,2,3.6241,0.486647923711561,3.17557251908397e-05
-33.444,-11.972,-25.54,6,6.1788,2,6.1788,0.458820231526764,3.17557251908397e-05
-34.963,-10.899,-26.758,6,4.8036,2,4.8036,0.319308124567468,3.17557251908397e-05
-29.236,-15.556,-31.328,6,3.336,2,3.336,0.461556392184665,3.17557251908397e-05
-30.973,-16.44,-32.157,6,2.2498,2,2.2498,0.330437517775021,3.17557251908397e-05
-34.559,-16.561,-29.536,6,4.3805,2,4.3805,0.486067273037735,3.17557251908397e-05
-35.385,-14.791,-30.451,6,3.7324,2,3.7324,0.296842334802551,3.17557251908397e-05
-38.627,-13.049,-23.784,6,0.81318,2,0.81318,0.317339811603107,3.17557251908397e-05
-38.047,-14.716,-22.514,6,0.88594,2,0.88594,0.472212413694085,3.17557251908397e-05
-37.633,-10.527,-22.918,6,1.2593,2,1.2593,0.340328329466816,3.17557251908397e-05
-24.114,-21.369,-22.685,6,0.51288,2,2.0564,0.465710097864969,3.17557251908397e-05
-23.877,-12.132,-16.6,6,0.27787,2,5.5858,0.356293322756484,3.17557251908397e-05
-22.414,-1.1971,-13.477,6,1.6481,2,1.6481,0.377385019526957,3.17557251908397e-05
-29.903,1.6705,-14.428,6,3.2708,2,3.2708,0.473339944855005,3.17557251908397e-05
-28.953,0.817,-12.816,6,1.653,2,1.653,0.308339294650068,3.17557251908397e-05
-17.7,10.904,-19.049,6,3.7348,2,3.7348,0.327940823057037,3.17557251908397e-05
-15.648,3.9523,-15.426,6,5.5959,2,5.5959,0.378608070673511,3.17557251908397e-05
-10.002,-0.70686,-22.958,6,1.9508,2,1.9508,0.398487310425315,3.17557251908397e-05
-15.225,8.8629,-34.535,6,4.4694,2,4.4694,0.310086096779033,3.17557251908397e-05
-13.901,7.7388,-33.367,6,5.031,2,5.031,0.473544328486442,3.17557251908397e-05
-20.866,1.534,-37.111,6,2.2895,2,2.2895,0.43847908181488,3.17557251908397e-05
-27.253,4.7113,-30.95,6,6.5548,2,6.5548,0.304234789631453,3.17557251908397e-05
-27.459,3.7644,-29.04,6,6.475,2,6.475,0.475640512545731,3.17557251908397e-05
-8.1685,-1.8881,-52.031,11,3.7099,4,3.7099,0.305031088026746,0.000142857142857143
-8.4089,-2.8104,-53.944,11,2.9754,4,2.9754,0.468261506924117,0.000142857142857143
-11.327,-5.8562,-48.578,11,2.4159,4,2.4159,0.392865630389056,0.000142857142857143
-6.5576,-4.9182,-31.745,11,1.1281,4,1.1281,0.306497049767466,0.000142857142857143
6.2129,-16.227,-34.408,11,3.4275,4,3.4275,0.353926851805019,0.000142857142857143
5.0078,-26.128,-36.08,11,3.1958,4,3.1958,0.241552584039612,0.000142857142857143
7.0431,-26.5,-36.217,11,2.8051,4,2.8051,0.493796446548969,0.000142857142857143
-22.5,-14.516,-15.278,4,1.8237,2,6.2185,0.352923485906078,3.17557251908397e-05
-22.166,-16.404,-16.335,4,2.1812,2,6.4675,0.483379453203474,3.17557251908397e-05
-25.202,-20.121,-9.2302,4,4.2681,2,4.2681,0.337254053458966,3.17557251908397e-05
-23.1,-20.741,-9.9938,4,3.9249,2,5.2073,0.47626477989461,3.17557251908397e-05
-26.748,-17.451,-12.084,4,3.5255,2,6.3988,0.486594553325021,3.17557251908397e-05
-29.427,-17.233,-10.013,4,4.5492,2,4.7565,0.297667045776213,3.17557251908397e-05
-31.215,-17.761,-8.9389,4,3.7978,2,3.7978,0.484271101543101,3.17557251908397e-05
-31.914,-28.227,-12.284,4,3.8568,2,3.8568,0.3047162993674,3.17557251908397e-05
-31.135,-29.815,-13.625,4,4.3988,2,4.3988,0.494102055297324,3.17557251908397e-05
-21.741,-44.673,-23.548,4,2.9908,2,4.5902,0.380909718504123,3.17557251908397e-05
-20.374,-47.668,-25.507,4,3.3698,2,4.0251,0.225548923935428,3.17557251908397e-05
-20.14,-49.597,-24.989,4,3.8797,2,5.1066,0.496274079566978,3.17557251908397e-05
-22.383,-43.703,-17.075,4,2.1307,2,6.5325,0.346853521537812,3.17557251908397e-05
-16.296,-47.382,-19.53,5,1.4118,2,8.4095,0.259217359329138,3.17557251908397e-05
-7.7729,-43.988,-28.275,5,2.9835,2,2.9835,0.412207983612751,3.17557251908397e-05
-6.9439,-47.403,-30.861,5,1.1461,2,1.1461,0.24474054642314,3.17557251908397e-05
-8.1997,-43.768,-24.036,5,1.9343,2,1.9343,0.292084387134315,3.17557251908397e-05
-18.136,-30.477,-4.7862,5,4.5139,2,5.8081,0.427558552312899,3.17557251908397e-05
-18.159,-32.243,-2.556,5,4.2191,2,4.2191,0.294896898246561,3.17557251908397e-05
-18.463,-34.165,-1.6498,5,3.6684,2,3.6684,0.482574277857055,3.17557251908397e-05
-17.513,-41.417,-8.0493,5,4.9462,2,6.648,0.373561137909176,3.17557251908397e-05
-14.843,-21.489,-49.201,7,1.4282,3,1.4282,0.358862781706918,6.66010821446139e-05
-14.906,-13.819,-40.361,7,1.5853,3,1.5853,0.477986816020714,6.66010821446139e-05
-14.249,-13.687,-38.32,7,1.5591,3,1.5591,0.301698649632964,6.66010821446139e-05
-21.615,-21.245,-31.617,7,2.1996,3,3.3632,0.308644267840919,6.66010821446139e-05
-23.325,-21.26,-32.895,7,0.60121,3,2.4972,0.475374467078461,6.66010821446139e-05
-14.57,-33.414,-36.147,7,0.37669,3,5.2221,0.286343671124641,6.66010821446139e-05
-23.034,-46.472,-49.56,8,0.21613,3,0.21613,0.363507800372198,6.66010821446139e-05
-27.97,-42.375,-49.098,8,3.3952,3,3.3952,0.447320629049842,6.66010821446139e-05
-25.136,-37.989,-47.299,8,3.042,3,3.042,0.375844491888431,6.66010821446139e-05
-25.629,-35.985,-47.511,8,3.6976,3,3.6976,0.452329056850132,6.66010821446139e-05
-11.939,-47.146,-39.958,8,0.29275,3,0.29275,0.26184368420147,6.66010821446139e-05
-12.528,-48.59,-40.91,8,0.38572,3,0.38572,0.476002633248279,6.66010821446139e-05
-13.824,-43.352,-37.356,8,1.491,3,3.001,0.474560937244246,6.66010821446139e-05
-13.439,-42.861,-39.436,8,1.1663,3,1.1663,0.31488581782556,6.66010821446139e-05
-18.787,-45.81,-35.582,8,4.2255,3,4.2255,0.309380308024274,6.66010821446139e-05
-16.929,-46.121,-34.58,8,2.9035,3,2.9035,0.464818425973302,6.66010821446139e-05
-24.713,-30.286,-39.305,8,4.1982,3,10.245,0.351847389408876,6.66010821446139e-05
-23.618,-31.468,-38.645,8,4.263,3,9.8295,0.482511186333149,6.66010821446139e-05
-21.042,-40.822,-34.378,8,4.9724,3,4.9724,0.319223853667509,6.66010821446139e-05
-23.298,-40.749,-34.425,8,5.2798,3,5.2798,0.496026585622055,6.66010821446139e-05
-20.735,-47.363,-41.234,8,4.1915,3,4.1915,0.346482222676658,6.66010821446139e-05
-20.936,-49.271,-42.012,8,3.7692,3,3.7692,0.234075882170879,6.66010821446139e-05
-17.372,-52.226,-39.873,8,3.9439,3,3.9439,0.463354336480656,6.66010821446139e-05
-18.684,-50.595,-39.637,8,4.318,3,4.318,0.296461515995878,6.66010821446139e-05
-30.947,-42.773,-35.295,8,5.7651,3,5.7651,0.351754402001978,6.66010821446139e-05
-25.412,-36.565,-35.396,8,8.2978,3,8.2978,0.486332454256486,6.66010821446139e-05
-26.756,-36.335,-33.705,8,6.9089,3,6.9089,0.328506884321187,6.66010821446139e-05
-31.759,-28.247,-30.565,8,5.3185,3,5.3185,0.444129109976424,6.66010821446139e-05
-38.511,-30.738,-48.699,8,1.7183,3,5.3929,0.379246803552901,6.66010821446139e-05
-40.351,-32.977,-49.566,8,3.3494,3,3.3494,0.301306751487697,6.66010821446139e-05
-35.321,-37.718,-52.052,8,5.3678,3,5.3678,0.359145088732492,6.66010821446139e-05
-37.312,-42.602,-55.553,8,3.6758,3,3.6758,0.222087091733965,6.66010821446139e-05
-36.504,-42.966,-46.86,8,2.4951,3,2.4951,0.385810361018566,6.66010821446139e-05
-44.126,-24.93,-65.099,9,3.0598,3,3.0598,0.480275020255087,6.66010821446139e-05
-43.218,-23.078,-65.074,9,2.762,3,2.762,0.281270114226537,6.66010821446139e-05
-42.507,-21.146,-64.624,9,3.1162,3,3.1162,0.326849397366772,6.66010821446139e-05
-34.904,-18.988,-61.8,9,1.6305,3,1.6305,0.490153022671703,6.66010821446139e-05
-35.756,-21.065,-61.767,9,1.5262,3,1.5262,0.315958812454047,6.66010821446139e-05
-32.183,-25.835,-55.615,9,2.5314,3,2.5314,0.386940335308417,6.66010821446139e-05
-38.167,-17.072,-41.519,9,4.648,3,4.648,0.45619372426605,6.66010821446139e-05
-41.931,-6.2494,-57.826,9,2.118,3,2.118,0.266328053944804,6.66010821446139e-05
-41.978,-7.7333,-59.266,9,2.5571,3,2.5571,0.483632273498618,6.66010821446139e-05
-36.776,-2.716,-44.887,9,2.1052,3,2.4218,0.482435964369416,6.66010821446139e-05
-35.214,-3.7938,-45.601,9,2.9601,3,4.3096,0.277784746035557,6.66010821446139e-05
-31.69,-4.426,-44.128,9,2.1764,3,5.1793,0.324116423128265,6.66010821446139e-05
-28.14,-12.686,-46.702,9,6.6697,3,9.5263,0.4482576893655,6.66010821446139e-05
-29.838,-13.475,-46.134,9,7.551,3,9.3101,0.336113479609531,6.66010821446139e-05
-34.772,-10.032,-50.137,9,7.37,3,7.37,0.42622760631999,6.66010821446139e-05
-35.769,-8.7556,-48.894,9,5.9051,3,5.9051,0.404180121237911,6.66010821446139e-05
-33.909,-4.3112,-46.733,9,2.9374,3,5.9931,0.485085249199133,6.66010821446139e-05
-32.104,-3.3575,-51.474,9,0.70356,3,9.4472,0.427755656913717,6.66010821446139e-05
-34.358,-3.317,-51.069,9,1.848,3,7.3293,0.39699867513167,6.66010821446139e-05
-29.967,-6.8641,-59.597,9,1.6915,3,7.1839,0.393148898555489,6.66010821446139e-05
-29.753,-7.5279,-57.486,9,2.3614,3,8.0609,0.41267846608841,6.66010821446139e-05
-26.444,-8.3357,-60.441,9,0.40829,3,4.1603,0.401968983298677,6.66010821446139e-05
-33.494,-11.21,-65.732,9,1.5672,3,1.5672,0.335425121929116,6.66010821446139e-05
-33.937,-13.344,-65.038,9,1.1191,3,1.1191,0.497241501378904,6.66010821446139e-05
-38.752,-7.2789,-69.379,9,3.5316,3,3.5316,0.354082532111788,6.66010821446139e-05
-40.241,-5.5268,-70.307,9,4.314,3,4.314,0.266321654816219,6.66010821446139e-05
-33.924,6.3305,-69.245,10,5.1592,3,5.1592,0.429104677917665,6.66010821446139e-05
-30.529,12.441,-73.342,10,5.1534,3,5.1534,0.458312587314332,6.66010821446139e-05
-32.209,11.895,-74.282,10,5.1067,3,5.1067,0.324781858287821,6.66010821446139e-05
-33.822,7.9667,-72.825,10,5.369,3,5.369,0.327730725606115,6.66010821446139e-05
-35.971,7.624,-77.954,10,6.219,3,6.219,0.361086318187141,6.66010821446139e-05
-38.808,6.3002,-74.75,10,2.8184,3,2.8184,0.359310035771374,6.66010821446139e-05
-32.391,2.9133,-67.002,10,5.2928,3,8.693,0.383381326055895,6.66010821446139e-05
-38.352,5.8457,-77.386,10,3.679,3,4.5586,0.391068815754522,6.66010821446139e-05
-28.307,5.8985,-45.335,10,5.4219,3,5.4219,0.471679393189012,6.66010821446139e-05
-25.559,0.9457,-42.624,10,2.475,3,2.475,0.309114091668512,6.66010821446139e-05
-26.559,-0.68846,-42.669,10,2.6604,3,2.6797,0.472669410584811,6.66010821446139e-05
-27.07,8.3521,-44.942,10,5.2713,3,5.2713,0.278501894705584,6.66010821446139e-05
-25.962,10.189,-45.183,10,4.2821,3,4.2821,0.496909842807927,6.66010821446139e-05
-22.551,6.7473,-52.996,10,7.932,3,7.932,0.312106983726076,6.66010821446139e-05
-21.629,5.6667,-54.401,10,9.3112,3,9.3112,0.463755277996027,6.66010821446139e-05
-26.709,10.199,-58.649,10,5.1982,3,5.1982,0.342456112161798,6.66010821446139e-05
-17.328,7.443,-63.695,10,6.8204,3,6.8204,0.35195717944374,6.66010821446139e-05
-26.861,1.9158,-52.276,10,6.1829,3,10.788,0.117746030577044,6.66010821446139e-05
-11.988,-0.12358,-54.375,10,0.53278,3,0.53278,0.363098222972108,6.66010821446139e-05
-10.923,1.9097,-63.925,10,2.1644,3,2.1644,0.271038072492277,6.66010821446139e-05
-23.148,0.10431,-69.459,10,2.7875,3,2.7875,0.409943000559536,6.66010821446139e-05
-21.433,11.876,-81.907,10,3.4612,3,3.4612,0.145164851531242,6.66010821446139e-05
-24.006,7.3894,-79.897,10,4.7285,3,4.7285,0.480882019161301,6.66010821446139e-05
-24.306,5.2203,-79.666,10,3.8704,3,3.8704,0.322192973396455,6.66010821446139e-05
-19.987,2.7878,-72.413,10,2.1747,3,2.1747,0.386810465155724,6.66010821446139e-05
-19.041,5.5919,-73.582,10,4.1205,3,4.1205,0.250508088203632,6.66010821446139e-05
32.687,-4.1651,18.486,12,3.5764,5,3.5764,0.286094702829753,0.000192729591836735
31.316,-3.7239,19.963,12,4.4493,5,4.4493,0.486439968362425,0.000192729591836735
28.698,-7.7688,15.687,12,1.2278,5,3.4738,0.493192394454668,0.000192729591836735
30.735,-7.403,15.142,12,1.0375,5,4.7822,0.306088220424424,0.000192729591836735
30.832,-7.3417,-2.6481,12,2.4022,5,0.20055,0.429893682232245,0.000192729591836735
30.216,-7.8012,-3.4751,12,2.5364,5,0.35831,0.429893682232245,0.000192729591836735
27.735,10.411,1.6315,12,3.1702,5,3.1702,0.310474471670462,0.000192729591836735
28.172,8.1309,-2.4318,12,2.7282,5,2.7282,0.463769209368024,0.000192729591836735
26.451,8.4523,-2.605,12,1.896,5,1.896,0.295577023083077,0.000192729591836735
25.215,9.9015,4.2461,12,4.0787,5,4.0787,0.469079167500535,0.000192729591836735
21.924,6.1479,15.921,12,5.8263,5,5.8263,0.339167649300662,0.000192729591836735
28.119,4.905,20.828,12,3.6847,5,3.6847,0.349376600841907,0.000192729591836735
17.537,-2.8465,25.488,12,4.4422,5,4.4422,0.321337510764028,0.000192729591836735
19.129,-16.903,24.635,12,3.3608,5,3.3608,0.357113204173806,0.000192729591836735
18.142,-20.2,27.025,12,3.0289,5,3.0289,0.492856931789854,0.000192729591836735
17.123,-18.272,26.622,12,2.3667,5,2.3667,0.314048660077203,0.000192729591836735
24.355,-15.656,27.575,12,4.4049,5,8.0719,0.306145712238335,0.000192729591836735
24.441,-17.662,28.217,12,4.2964,5,7.4517,0.459170014903095,0.000192729591836735
24.491,-13.791,23.42,12,2.3306,5,5.6101,0.338026596850009,0.000192729591836735
21.549,-9.6257,27.481,12,8.435,5,8.435,0.327091688096455,0.000192729591836735
18.071,-28.912,17.87,13,2.8508,5,2.8508,0.199306578749486,0.000192729591836735
18.858,-29.185,18.708,13,1.7554,5,1.7554,0.493429288719506,0.000192729591836735
18.825,-32.859,17.259,13,1.7506,5,1.7506,0.488277014772332,0.000192729591836735
17.74,-32.588,17.397,13,2.7594,5,2.7594,0.434878377666171,0.000192729591836735
28.728,10.843,-36.448,16,5.0823,7,5.0823,0.326405108369397,0.000184292146073036
21.076,4.5906,-39.322,16,2.7476,7,7.4996,0.427096257865756,0.000184292146073036
15.804,7.1574,-25.658,16,0.59148,7,0.59148,0.474580073544643,0.000184292146073036
16.279,8.9683,-24.531,16,1.3998,7,1.3998,0.344667655037125,0.000184292146073036
20.14,13.48,-20.568,16,5.4957,7,5.4957,0.313652486824348,0.000184292146073036
22.052,13.523,-21.443,16,5.3243,7,5.3243,0.478673913470334,0.000184292146073036
25.327,12.863,-16.15,16,3.8557,7,3.8557,0.360236976340865,0.000184292146073036
25.216,13.33,-13.795,16,3.4519,7,3.4519,0.237573776194866,0.000184292146073036
24.886,13.502,-11.793,16,2.6306,7,2.6306,0.490271637792819,0.000184292146073036
28.004,5.4958,-14.341,16,1.3043,7,1.3043,0.358399811332034,0.000184292146073036
34.391,-0.41613,-30.475,16,4.2966,7,4.2966,0.399832433593815,0.000184292146073036
33.022,8.0524,-33.032,16,4.8055,7,4.8055,0.306549399486337,0.000184292146073036
31.715,9.215,-31.946,16,4.97,7,4.97,0.460293954512592,0.000184292146073036
35.667,-45.676,-29.535,15,1.0799,6,1.0799,0.497847718621661,0.00032562358276644
35.318,-44.49,-29.575,15,1.3036,6,1.3036,0.200141912740145,0.00032562358276644
36.282,-40.373,-36.349,15,2.6416,6,2.6416,0.129738272194512,0.00032562358276644
35.445,-40.183,-41.526,15,0.56905,6,0.56905,0.373866180317249,0.00032562358276644
34.223,-39.796,-39.846,15,0.30969,6,0.30969,0.478801216754857,0.00032562358276644
36.824,-39.863,-33.512,15,2.5237,6,2.5237,0.461459492391636,0.00032562358276644
35.193,-38.66,-33.13,15,1.4623,6,1.4623,0.302025339567928,0.00032562358276644
46.247,-35.223,-36.866,15,1.2721,6,1.2721,0.265970338707501,0.00032562358276644
42.322,-13.814,-27.808,15,4.2155,6,4.2155,0.383981526917862,0.00032562358276644
40.477,-12.841,-29.038,15,3.0291,6,3.0291,0.486061112053245,0.00032562358276644
41.943,-11.643,-23.946,15,2.7065,6,4.0289,0.480740482977695,0.00032562358276644
40.138,-16.881,-23.039,15,1.2788,6,3.8202,0.376203567921488,0.00032562358276644
38.405,-17.617,-23.586,15,2.1615,6,2.1615,0.41803960506715,0.00032562358276644
23.503,-16.229,-52.814,17,3.6344,7,3.6344,0.468465822430104,0.000184292146073036
25.544,-16.758,-52.973,17,3.5359,7,3.5359,0.300901971484928,0.000184292146073036
21.603,-15.89,-34.345,17,1.7141,7,1.7141,0.376983481567918,0.000184292146073036
13.465,-7.9368,-38.354,17,1.8462,7,1.8462,0.375281217266195,0.000184292146073036
41.341,-25.345,-47.843,18,0.38901,7,9.4393,0.345008682518471,0.000184292146073036
41.864,-25.913,-46.846,18,0.15377,7,8.505,0.527203735894746,0.000184292146073036
35.088,-30.847,-48.85,18,4.2019,7,4.7889,0.282168975027121,0.000184292146073036
34.919,-26.219,-47.126,18,2.6472,7,7.2041,0.496321945871041,0.000184292146073036
36.571,-27.573,-47.932,18,3.0311,7,7.3928,0.367112924336158,0.000184292146073036
33.189,-29.832,-48.633,18,2.6947,7,4.032,0.374843717345147,0.000184292146073036
44.493,-4.4606,-59.51,19,3.8673,7,3.8673,0.330584922581231,0.000184292146073036
37.694,-4.7002,-59.073,19,5.2512,7,5.2512,0.360429489983444,0.000184292146073036
34.113,0.88065,-52.754,19,1.1689,7,9.8855,0.378627819772058,0.000184292146073036
39.972,-3.8438,-38.809,19,2.4282,7,5.2841,0.380954989077198,0.000184292146073036
45.239,-18.716,-53.254,19,5.6486,7,5.6486,0.2976538073064,0.000184292146073036
39.129,-16.971,-43.464,19,2.289,7,9.3469,0.428784279536908,0.000184292146073036
35.692,-18.693,-46.139,19,1.1788,7,11.164,0.43380346231646,0.000184292146073036
37.708,-18.374,-46.894,19,2.4622,7,11.355,0.360838725634825,0.000184292146073036
32.305,-14.096,-53.787,19,2.413,7,5.6252,0.309780495533929,0.000184292146073036
40.417,-16.284,-57.684,19,2.7516,7,2.7516,0.287652910052043,0.000184292146073036
14.942,10.121,-72.673,20,2.8125,7,2.8125,0.365486624051232,0.000184292146073036
24.94,14.874,-60.075,20,6.0861,7,6.0861,0.598443766832885,0.000184292146073036
17.173,16.294,-64.134,20,4.5234,7,4.5234,0.351776201820418,0.000184292146073036
19.496,17.02,-64.124,20,4.1978,7,4.1978,0.459560638597893,0.000184292146073036
17.415,11.285,-65.156,20,7.3733,7,7.3733,0.337043809087692,0.000184292146073036
20.541,-3.2172,-60.271,20,2.5051,7,2.5051,0.296451814783579,0.000184292146073036
20.446,-4.2742,-58.319,20,1.6541,7,3.7452,0.493669786114741,0.000184292146073036
12.071,4.4925,-52.035,20,0.23312,7,0.23312,0.370266259487983,0.000184292146073036
22.015,4.7866,-49.818,20,6.0856,7,9.9089,0.353437606580047,0.000184292146073036
20.669,5.6599,-50.336,20,6.7227,7,8.566,0.465958342235434,0.000184292146073036
15.159,11.524,-65.173,20,5.4616,7,5.4616,0.374216519975591,0.000184292146073036
14.972,11.152,-67.441,20,5.1918,7,5.1918,0.239759006097953,0.000184292146073036
24.327,3.9148,-60.926,20,5.8312,7,5.8312,0.502942549324816,0.000184292146073036
29.704,9.3235,-63.743,20,7.1535,7,7.1535,0.387766888902483,0.000184292146073036
27.551,7.962,-64.506,20,5.5693,7,5.5693,0.498354151023645,0.000184292146073036
27.798,12.129,-59.713,20,7.6883,7,7.6883,0.381457088253321,0.000184292146073036
18.499,3.8461,-52.637,20,6.4868,7,6.4868,0.126828009463678,0.000184292146073036
26.502,12.583,-46.357,20,2.7446,7,6.5669,0.369217233073943,0.000184292146073036
35.993,6.0694,-57.617,20,2.2491,7,4.9698,0.397467332513911,0.000184292146073036
35.06,8.0042,-68.568,20,3.414,7,3.414,0.31801263426873,0.000184292146073036
37.038,7.7156,-69.538,20,2.7859,7,2.7859,0.483409472662983,0.000184292146073036
32.485,5.6195,-64.553,20,4.5142,7,4.5142,0.408222142465372,0.000184292146073036
30.688,13.012,-66.89,20,5.4697,7,5.4697,0.388994937034009,0.000184292146073036
29.248,9.4367,-60.32,20,8.6314,7,8.6314,0.475441847930928,0.000184292146073036
30.473,10.224,-61.912,20,7.8861,7,7.8861,0.311409536270837,0.000184292146073036
33.852,12.752,-72.233,20,4.3341,7,4.3341,0.320367520318851,0.000184292146073036
33.653,14.745,-72.734,20,2.6616,7,2.6616,0.458802341984889,0.000184292146073036
-13.346,-23.691,27.105,1,6.3599,1,6.3599,0.331665661967987,8.25482625482625e-05
-2.2843,-30.253,15.937,1,0.5434,1,0.5434,0.359495347997374,8.25482625482625e-05
2.4631,-28.078,24.016,1,4.1046,1,4.1046,0.269090719094057,8.25482625482625e-05
4.239,-28.324,23.011,1,2.6202,1,2.6202,0.496585036014405,8.25482625482625e-05
0.20904,-23.491,24.211,1,4.7509,1,4.7509,0.404779070835173,8.25482625482625e-05
-3.678,-24.604,28.197,1,9.5663,1,9.5663,0.342141394100198,8.25482625482625e-05
-0.55574,-15.503,27.211,1,2.2414,1,2.2414,0.347067226149917,8.25482625482625e-05
-14.428,-3.1104,21.931,1,1.331,1,8.5772,0.425280424486143,8.25482625482625e-05
-16.521,-15.732,26.434,1,7.2916,1,7.2916,0.406128891811981,8.25482625482625e-05
-9.8273,-15.611,30.88,1,8.3185,1,8.3185,0.322109352498104,8.25482625482625e-05
-20.287,0.81507,15.583,2,5.6587,1,5.6587,0.345259867944473,8.25482625482625e-05
-8.6246,-1.7659,13.014,2,1.2359,1,1.2359,0.390362912646766,8.25482625482625e-05
-10.778,2.4693,-2.1573,2,0.93746,1,0.93746,0.33538578296267,8.25482625482625e-05
-23.732,-8.638,-7.5915,2,1.7499,1,1.7499,0.410248641541762,8.25482625482625e-05
-21.881,-13.673,7.932,3,0.97335,1,9.9487,0.305893254180739,8.25482625482625e-05
-25.307,-18.953,-2.2082,3,1.4238,1,1.4238,0.345227373523127,8.25482625482625e-05
-15.617,-24.561,13.65,3,2.6524,1,7.0527,0.479022807867006,8.25482625482625e-05
-16.382,-26.488,14.286,3,3.1889,1,7.9062,0.321942750339191,8.25482625482625e-05
-31.733,-14.546,-30.101,6,4.6824,2,4.6824,0.438056156106325,3.17557251908397e-05
-36.633,-12.314,-21.011,6,1.6178,2,1.6178,0.321450998283732,3.17557251908397e-05
-36.491,-10.525,-19.725,6,1.2851,2,1.2851,0.492775879784006,3.17557251908397e-05
-24.524,-19.36,-21.758,6,0.23294,2,3.5992,0.389427762015984,3.17557251908397e-05
-23.557,-19.175,-22.343,6,0.42024,2,2.7963,0.409367996581185,3.17557251908397e-05
-23.599,-13.626,-19.146,6,0.50793,2,6.4395,0.334819203770383,3.17557251908397e-05
-21.704,1.0683,-15.354,6,4.4096,2,4.4096,0.351535641902823,3.17557251908397e-05
-20.382,10.525,-20.794,6,3.7907,2,3.7907,0.468191212990052,3.17557251908397e-05
-20.182,10.388,-18.701,6,3.6895,2,3.6895,0.292555962828478,3.17557251908397e-05
-18.637,4.431,-15.22,6,6.9215,2,6.9215,0.368420611591499,3.17557251908397e-05
-9.6171,-2.4726,-25.677,6,1.5469,2,1.5469,0.368455805161033,3.17557251908397e-05
-18.48,-0.94469,-37.675,6,1.0916,2,1.0916,0.389395489907766,3.17557251908397e-05
-11.968,-3.4146,-46.643,11,2.3314,4,2.3314,0.374754860523961,0.000142857142857143
-9.1416,-4.6098,-31.782,11,1.8036,4,1.8036,0.297983191128361,0.000142857142857143
-9.2955,-6.7139,-31.74,11,2.2061,4,2.2061,0.471076990263118,0.000142857142857143
6.6259,-13.516,-35.309,11,5.1253,4,5.1253,0.332247643468196,0.000142857142857143
-23.274,-16.761,-13.694,4,3.5466,2,6.5812,0.443905194336315,3.17557251908397e-05
-22.522,-44.627,-26.926,4,1.4851,2,1.4851,0.464464932752806,3.17557251908397e-05
-22.196,-40.892,-15.295,4,1.7768,2,7.8239,0.494499378754728,3.17557251908397e-05
-23.847,-42.444,-15.18,4,3.0912,2,5.5918,0.323678498495594,3.17557251908397e-05
-14.292,-48.352,-17.187,5,2.9385,2,7.0246,0.483299116423557,3.17557251908397e-05
-16.263,-47.845,-17.165,5,1.5972,2,7.3256,0.27074469615383,3.17557251908397e-05
-5.4111,-49.836,-38.913,5,0.66549,2,0.66549,0.333448379789083,3.17557251908397e-05
-5.1195,-51.049,-39.227,5,0.48105,2,0.48105,0.448969635007316,3.17557251908397e-05
-10.812,-44.443,-29.844,5,1.4761,2,1.4761,0.474418200957444,3.17557251908397e-05
-3.9089,-48.288,-31.324,5,1.9227,2,1.9227,0.471411761733624,3.17557251908397e-05
-5.3568,-49.4,-31.109,5,2.3865,2,2.3865,0.274214152226224,3.17557251908397e-05
-7.4246,-43.086,-21.467,5,0.4262,2,0.4262,0.462020398540194,3.17557251908397e-05
-8.8106,-44.564,-21.647,5,2.3613,2,2.3613,0.34005857693082,3.17557251908397e-05
-16.723,-27.449,-6.0141,5,4.0091,2,5.863,0.412598675307192,3.17557251908397e-05
-16.686,-43.212,-10.221,5,4.7057,2,6.1864,0.350572010138742,3.17557251908397e-05
-14.757,-18.375,-49.719,7,0.83508,3,0.83508,0.351620502366625,6.66010821446139e-05
-12.041,-34.066,-36.265,7,2.4701,3,3.6005,0.251660607635534,6.66010821446139e-05
-11.742,-33.666,-34.482,7,3.1944,3,4.3749,0.491720842402327,6.66010821446139e-05
-25.622,-48.027,-50.257,8,1.2708,3,1.2708,0.349179585224441,6.66010821446139e-05
-30.742,-42.804,-50.967,8,3.5431,3,3.5431,0.330881347950687,6.66010821446139e-05
-23.166,-48.865,-39.891,8,6.8369,3,6.8369,0.343463880101724,6.66010821446139e-05
-18.827,-51.621,-42.495,8,2.5737,3,2.5737,0.476002849017393,6.66010821446139e-05
-19.464,-50.812,-40.83,8,3.8608,3,3.8608,0.276510883165828,6.66010821446139e-05
-29.259,-44.495,-37.161,8,6.725,3,6.725,0.34311338423769,6.66010821446139e-05
-33.164,-25.25,-32.043,8,3.5242,3,3.5242,0.414376725976924,6.66010821446139e-05
-39.251,-29.068,-46.395,8,1.515,3,4.4292,0.339731518030134,6.66010821446139e-05
-41.127,-33.321,-52.859,8,3.0419,3,3.0419,0.478751581636136,6.66010821446139e-05
-41.785,-34.152,-51.19,8,2.0062,3,2.0062,0.255332773514878,6.66010821446139e-05
-41.194,-36.872,-53.356,8,2.3305,3,2.3305,0.334130279127944,6.66010821446139e-05
-40.198,-36.939,-52.669,8,3.1404,3,3.1404,0.449253042360152,6.66010821446139e-05
-33.141,-39.655,-51.498,8,4.4501,3,4.4501,0.39624810640643,6.66010821446139e-05
-35.462,-44.107,-54.545,8,3.4689,3,3.4689,0.472256428999427,6.66010821446139e-05
-35.038,-42.264,-55.476,8,2.3524,3,2.3524,0.333200525399803,6.66010821446139e-05
-34.136,-45.116,-46.452,8,3.5559,3,3.5559,0.364563113173227,6.66010821446139e-05
-43.772,-18.663,-65.319,9,3.7913,3,3.7913,0.329613445426764,6.66010821446139e-05
-30.93,-25.537,-52.795,9,1.989,3,4.3946,0.345574271769226,6.66010821446139e-05
-35.712,-19.807,-40.405,9,2.5478,3,5.5148,0.434079643051405,6.66010821446139e-05
-29.703,-3.5749,-42.835,9,0.7542,3,3.5039,0.277731254824384,6.66010821446139e-05
-29.439,-5.3953,-41.798,9,2.1176,3,3.0567,0.477223212169996,6.66010821446139e-05
-30.495,-3.0634,-46.296,9,0.28208,3,6.9253,0.390819696698161,6.66010821446139e-05
-24.986,-8.1324,-57.504,9,0.30078,3,5.7255,0.347927393396228,6.66010821446139e-05
-41.295,-9.1258,-70.05,9,3.3187,3,3.3187,0.344689674057816,6.66010821446139e-05
-39.396,-4.9485,-72.834,9,2.5029,3,2.5029,0.304778925992661,6.66010821446139e-05
-31.817,8.074,-72.338,10,6.6177,3,6.6177,0.394436229738023,6.66010821446139e-05
-32.482,9.8248,-73.935,10,6.1245,3,6.1245,0.251432088319962,6.66010821446139e-05
-35.302,10.3,-79.169,10,5.4361,3,5.4361,0.448146433666544,6.66010821446139e-05
-35.494,10.224,-76.933,10,4.9899,3,4.9899,0.387705309484937,6.66010821446139e-05
-40.181,4.865,-77.549,10,2.1333,3,3.3371,0.399924482257318,6.66010821446139e-05
-39.349,3.197,-76.265,10,0.81878,3,4.1897,0.449620107961642,6.66010821446139e-05
-31.683,1.9451,-70.821,10,5.0217,3,5.5389,0.416775105719827,6.66010821446139e-05
-40.406,4.7011,-78.254,10,2.0713,3,3.484,0.447664801796738,6.66010821446139e-05
-38.938,3.4582,-77.563,10,1.4447,3,4.8653,0.371887479577898,6.66010821446139e-05
-30.475,3.318,-43.616,10,3.9918,3,3.9918,0.430160971718102,6.66010821446139e-05
-24.613,10.643,-60.982,10,5.5956,3,5.5956,0.353549014633262,6.66010821446139e-05
-19.753,9.4608,-64.169,10,6.6763,3,6.6763,0.352725926221251,6.66010821446139e-05
-24.118,1.3563,-52.524,10,7.002,3,10.844,0.459547309942233,6.66010821446139e-05
-24.743,0.15504,-52.572,10,5.6628,3,11.042,0.450390708363186,6.66010821446139e-05
-11.901,-2.9249,-53.924,10,1.2055,3,1.2055,0.245599920275165,6.66010821446139e-05
-10.779,3.8642,-66.568,10,4.3307,3,4.3307,0.474581994496588,6.66010821446139e-05
-9.6252,3.7229,-64.944,10,2.5375,3,2.5375,0.265803111981545,6.66010821446139e-05
-26.612,-0.043324,-70.964,10,2.8384,3,2.8384,0.433134815484991,6.66010821446139e-05
-23.83,11.236,-81.958,10,5.4249,3,5.4249,0.481552710175055,6.66010821446139e-05
-22.277,9.687,-81.859,10,4.9397,3,4.9397,0.350017543864002,6.66010821446139e-05
-22.423,4.0013,-73.873,10,3.0063,3,3.0063,0.294771673660944,6.66010821446139e-05
-19.206,4.8279,-76.055,10,3.3067,3,3.3067,0.290418408945785,6.66010821446139e-05
29.398,9.5134,-1.1654,12,3.4519,5,3.4519,0.48655311441992,0.000192729591836735
27.7,8.7368,-0.19819,12,3.9692,5,3.9692,0.270444621665203,0.000192729591836735
25.707,7.8259,0.9701,12,4.1907,5,4.1907,0.446683936024425,0.000192729591836735
20.62,3.1394,15.256,12,5.0478,5,5.0478,0.478843372567997,0.000192729591836735
21.061,3.9094,17.258,12,6.6027,5,6.6027,0.320071372290185,0.000192729591836735
28.006,2.5204,22.468,12,4.5665,5,4.5665,0.329656821657119,0.000192729591836735
19.308,-0.7961,26.661,12,4.5785,5,4.5785,0.328383037697717,0.000192729591836735
20.121,-18.376,26.699,12,4.9789,5,4.9789,0.247715083899091,0.000192729591836735
26.375,-11.781,24.063,12,2.8264,5,7.569,0.359171662812314,0.000192729591836735
24.207,-8.6861,28.094,12,8.0979,5,8.3586,0.331412817034334,0.000192729591836735
29.725,11.886,-34.261,16,4.0374,7,4.0374,0.306150601253417,0.000184292146073036
29.263,10.006,-33.377,16,5.9904,7,5.9904,0.464182429070911,0.000184292146073036
18.98,2.0905,-38.063,16,3.5169,7,4.583,0.39691960989433,0.000184292146073036
26.264,14.351,-18.272,16,2.6507,7,2.6507,0.323926109962471,0.000184292146073036
24.751,13.143,-19.486,16,4.373,7,4.373,0.498385621498769,0.000184292146073036
29.085,2.5464,-13.749,16,2.8207,7,2.8207,0.364351963853989,0.000184292146073036
33.802,-3.0029,-28.567,16,1.1281,7,1.1281,0.372510049804192,0.000184292146073036
34.051,-40.964,-36.897,15,2.1539,6,2.1539,0.364147748441171,0.00032562358276644
35.267,-42.662,-37.892,15,2.8404,6,2.8404,0.494790654230416,0.00032562358276644
44.859,-37.134,-37.202,15,1.6991,6,1.6991,0.398602619946782,0.00032562358276644
45.965,-37.725,-37.726,15,1.4933,6,1.4933,0.472743408263569,0.00032562358276644
39.899,-8.2365,-25.154,15,4.7864,6,4.8323,0.465424507610454,0.00032562358276644
24.484,-14.517,-33.429,17,2.011,7,2.011,0.3769962781025,0.000184292146073036
14.806,-5.0736,-37.873,17,2.9285,7,3.5072,0.363972714844019,0.000184292146073036
41.427,-27.341,-50.079,18,0.14833,7,7.4399,0.315325036633704,0.000184292146073036
34.947,-30.859,-46.447,18,5.5936,7,5.7077,0.413761929057014,0.000184292146073036
33.802,-30.186,-46.852,18,4.501,7,5.0191,0.431563639409412,0.000184292146073036
35.019,-30.201,-51.146,18,2.8779,7,3.3434,0.309817488293666,0.000184292146073036
45.073,-7.2891,-60.159,19,4.3778,7,4.3778,0.33904113353276,0.000184292146073036
37.92,-7.491,-59.374,19,3.8433,7,3.8433,0.331575373445055,0.000184292146073036
33.011,1.5834,-50.094,19,0.72321,7,9.8402,0.328568821058001,0.000184292146073036
38.074,-1.3991,-38.648,19,0.56562,7,6.0756,0.352011433204384,0.000184292146073036
45.597,-15.985,-54.571,19,4.6984,7,4.6984,0.470424716766989,0.000184292146073036
46.93,-16.761,-53.205,19,3.4373,7,3.4373,0.306368293949171,0.000184292146073036
36.848,-18.305,-41.96,19,0.13846,7,8.8092,0.324436229181333,0.000184292146073036
30.111,-14.943,-52.716,19,0.70445,7,5.7215,0.298503811417717,0.000184292146073036
29.96,-13.074,-51.741,19,0.95612,7,7.4605,0.467049943560533,0.000184292146073036
41.825,-14.83,-58.949,19,2.7655,7,2.7655,0.24851337425871,0.000184292146073036
43.521,-15.214,-57.915,19,4.2929,7,4.2929,0.499263622706538,0.000184292146073036
17.49,10.208,-73.905,20,1.7922,7,1.7922,0.327470718402134,0.000184292146073036
19.336,9.4767,-65.674,20,5.8822,7,5.8822,0.467608391749299,0.000184292146073036
18.285,8.7093,-64.864,20,5.9258,7,5.9258,0.482569974130398,0.000184292146073036
12.119,1.7423,-50.422,20,1.6486,7,1.6486,0.369117910840952,0.000184292146073036
16.872,14.087,-66.626,20,6.7281,7,6.7281,0.362255501859864,0.000184292146073036
13.065,12.871,-67.788,20,4.771,7,4.771,0.296383584105966,0.000184292146073036
25.294,11.984,-58.441,20,8.5917,7,8.5917,0.469663829636101,0.000184292146073036
26.532,12.136,-57.198,20,7.7712,7,7.7712,0.483962989110285,0.000184292146073036
19.988,5.4035,-51.347,20,7.6767,7,7.8814,0.41480942917229,0.000184292146073036
20.532,4.2968,-51.285,20,7.5074,7,8.4315,0.409069257944434,0.000184292146073036
28.415,10.932,-44.759,20,1.0293,7,7.0533,0.339776530468525,0.000184292146073036
35.984,7.5584,-54.95,20,2.9322,7,4.1845,0.360977366460613,0.000184292146073036
29.554,6.374,-65.297,20,4.128,7,4.128,0.402971908906977,0.000184292146073036
28.648,13.693,-69.841,20,5.9404,7,5.9404,0.372358559310244,0.000184292146073036
-10.462,-24.436,27.983,1,8.0625,1,8.0625,0.36121774891404,8.25482625482625e-05
-1.9335,-31.853,17.589,1,1.5228,1,1.5228,0.26243361420621,8.25482625482625e-05
1.9696,-24.281,21.865,1,1.9416,1,1.9416,0.388220276181086,8.25482625482625e-05
-6.0067,-25.975,28.262,1,8.3858,1,8.3858,0.345823883791648,8.25482625482625e-05
-1.8504,-14.959,30.36,1,2.0415,1,2.0415,0.374238672150163,8.25482625482625e-05
-16.838,-4.4155,20.253,1,0.26964,1,8.5051,0.348858175752408,8.25482625482625e-05
-18.219,-14.462,23.898,1,7.0732,1,7.0732,0.373011066154868,8.25482625482625e-05
-7.396,-15.706,29.297,1,6.4569,1,6.4569,0.465683575346229,8.25482625482625e-05
-7.6493,-14.301,30.918,1,5.7816,1,5.7816,0.327651549643724,8.25482625482625e-05
-20.096,-1.5965,13.243,2,6.0037,1,7.8428,0.475307584294003,8.25482625482625e-05
-20.102,-1.7736,15.374,2,5.1323,1,6.8232,0.291398427263095,8.25482625482625e-05
-9.9357,-4.4855,12.531,2,0.76786,1,0.76786,0.332652697666683,8.25482625482625e-05
-12.341,0.030688,-3.1096,2,1.475,1,1.475,0.336764384629875,8.25482625482625e-05
-20.566,-7.4545,-7.3744,2,3.3069,1,3.3069,0.382524559243607,8.25482625482625e-05
-19.328,-13.814,7.9089,3,1.108,1,8.5267,0.283117846774045,8.25482625482625e-05
-19.372,-14.776,6.0543,3,2.0598,1,8.5459,0.476485984305245,8.25482625482625e-05
-23.094,-19.297,-3.7039,3,0.12738,1,0.12738,0.290771698173996,8.25482625482625e-05
-29.524,-12.881,-32.469,6,2.3772,2,2.3772,0.416940278430078,3.17557251908397e-05
-21.025,-12.401,-19.363,6,0.91835,2,4.7637,0.32486969556335,3.17557251908397e-05
-19.873,-0.80888,-16.102,6,4.4909,2,4.4909,0.306553288637016,3.17557251908397e-05
-20.936,-1.0219,-18.041,6,6.28,2,6.28,0.497433536898302,3.17557251908397e-05
-18.348,1.7554,-15.103,6,5.3074,2,5.3074,0.297675436693978,3.17557251908397e-05
-11.359,-4.6354,-24.32,6,2.6078,2,2.6078,0.345324237548467,3.17557251908397e-05
-20.738,-3.1826,-36.598,6,2.1606,2,2.1606,0.376810430969642,3.17557251908397e-05
-14.352,-4.9559,-46.312,11,0.25026,4,0.25026,0.315337143926457,0.000142857142857143
3.6771,-12.407,-34.311,11,4.9198,4,4.9198,0.477595942479774,0.000142857142857143
5.3205,-13.072,-33.105,11,3.4646,4,3.4646,0.296142992674834,0.000142857142857143
-25.122,-17.136,-16.785,4,0.51125,2,7.7881,0.412310578412176,3.17557251908397e-05
-19.101,-44.171,-26.529,4,1.6716,2,2.1853,0.402699333108872,3.17557251908397e-05
-8.7617,-42.632,-31.19,5,0.12777,2,0.12777,0.318677435138771,3.17557251908397e-05
-19.677,-27.355,-7.5107,5,1.029,2,6.352,0.379972876235283,3.17557251908397e-05
-19.056,-42.185,-11.163,5,2.2123,2,8.0329,0.31277459213578,3.17557251908397e-05
-17.888,-41.1,-12.746,5,2.2677,2,7.0275,0.497251216549405,3.17557251908397e-05
-17.634,-18.643,-50.018,7,3.2968,3,3.2968,0.337175430166099,6.66010821446139e-05
-25.159,-50.579,-47.554,8,3.1421,3,3.1421,0.420760154127991,6.66010821446139e-05
-29.024,-42.275,-53.341,8,0.67165,3,0.67165,0.39666077011071,6.66010821446139e-05
-23.71,-49.73,-42.595,8,5.744,3,5.744,0.362867430935979,6.66010821446139e-05
-31.678,-44.651,-38.446,8,4.7941,3,4.7941,0.32484589628703,6.66010821446139e-05
-30.646,-43.342,-39.956,8,6.5742,3,6.5742,0.495268710389012,6.66010821446139e-05
-29.993,-24.541,-32.707,8,3.4419,3,3.4419,0.372047965199554,6.66010821446139e-05
-37.519,-27.408,-47.511,8,0.39791,3,6.5598,0.294297696654253,6.66010821446139e-05
-32.305,-37.559,-53.233,8,2.7043,3,2.7043,0.31559273501089,6.66010821446139e-05
-35.153,-45.013,-43.69,8,2.3864,3,2.3864,0.344605406074868,6.66010821446139e-05
-45.529,-19.843,-63.953,9,1.8706,3,1.8706,0.307625837290298,6.66010821446139e-05
-45.037,-18.304,-62.523,9,1.8589,3,1.8589,0.469199561121535,6.66010821446139e-05
-28.602,-23.989,-54.013,9,2.5014,3,2.5014,0.34236416535915,6.66010821446139e-05
-33.232,-17.245,-40.781,9,4.1035,3,5.2288,0.407738505507266,6.66010821446139e-05
-29.517,-5.9975,-44.066,9,2.4824,3,5.2837,0.434443674658784,6.66010821446139e-05
-23.315,-10.875,-57.949,9,1.3068,3,3.4943,0.37173273748858,6.66010821446139e-05
-42.655,-6.876,-69.12,9,3.4731,3,3.4731,0.354885571344567,6.66010821446139e-05
-40.695,-2.5032,-72.766,9,3.9236,3,4.4336,0.302568388725173,6.66010821446139e-05
-38.86,-1.8423,-72.548,9,2.011,3,4.3241,0.484234750690173,6.66010821446139e-05
-32.277,11.238,-70.927,10,4.1429,3,4.1429,0.463809829850794,6.66010821446139e-05
-32.265,9.4685,-77.247,10,7.6525,3,7.6525,0.498567180110336,6.66010821446139e-05
-33.821,10.101,-76.18,10,5.9769,3,5.9769,0.284005573365217,6.66010821446139e-05
-34.223,-0.24849,-70.447,10,2.01,3,5.1931,0.435673514168759,6.66010821446139e-05
-27.499,1.5905,-43.376,10,3.3853,3,3.3853,0.388117123030772,6.66010821446139e-05
-26.862,9.8844,-62.745,10,6.1008,3,6.1008,0.3439763243019,6.66010821446139e-05
-20.102,7.885,-66.602,10,7.9922,3,7.9922,0.350930051583337,6.66010821446139e-05
-13.14,-2.9636,-51.875,10,0.70797,3,0.70797,0.293513383544215,6.66010821446139e-05
-14.37,-3.9311,-52.85,10,0.49521,3,0.49521,0.472539376368432,6.66010821446139e-05
-25.481,-2.8747,-71.381,10,0.55109,3,0.55109,0.371821553762866,6.66010821446139e-05
-21.281,7.6048,-74.42,10,6.1014,3,6.1014,0.454138035746898,6.66010821446139e-05
-16.96,6.099,-76.822,10,4.6606,3,4.6606,0.282969844396221,6.66010821446139e-05
-16.276,4.4785,-76.856,10,3.1943,3,3.1943,0.472239045368427,6.66010821446139e-05
22.171,7.174,1.4126,12,3.657,5,3.657,0.41386372569517,0.000192729591836735
29.812,0.76877,20.494,12,4.1751,5,4.1751,0.470440826603581,0.000192729591836735
30.493,2.4534,21.646,12,2.6553,5,2.6553,0.310012627956481,0.000192729591836735
20.903,-3.0361,27.996,12,6.5792,5,6.5792,0.355758050764235,0.000192729591836735
19.21,-20.484,26.111,12,3.4154,5,3.4154,0.270724814970475,0.000192729591836735
27.439,-13.336,22.201,12,0.35081,5,6.5858,0.308873019322976,0.000192729591836735
27.284,-11.578,20.845,12,1.1361,5,5.6983,0.48866552630558,0.000192729591836735
23.75,-5.7709,27.117,12,9.0595,5,9.0595,0.483970618447635,0.000192729591836735
22.767,-6.5692,28.917,12,8.6475,5,8.6475,0.330605424228202,0.000192729591836735
21.707,0.8798,-36.853,16,3.4792,7,4.0073,0.36349354470515,0.000184292146073036
26.554,1.9495,-14.342,16,0.78471,7,0.78471,0.310947068794456,0.000184292146073036
27.472,1.1217,-16.168,16,0.47846,7,0.47846,0.492381566866183,0.000184292146073036
31.011,-2.6464,-29.521,16,2.1096,7,2.1096,0.331102193474971,0.000184292146073036
37.677,-8.6267,-21.809,15,2.9095,6,2.9095,0.45578116802604,0.00032562358276644
23.041,-11.862,-34.102,17,3.7937,7,3.7937,0.354673144168324,0.000184292146073036
17.139,-6.6975,-37.069,17,2.8159,7,2.8159,0.337574761387353,0.000184292146073036
44.068,-28.396,-49.646,18,0.57293,7,7.4903,0.312741264822269,0.000184292146073036
34.933,-32.945,-51.514,18,2.1466,7,2.1466,0.258282009324738,0.000184292146073036
47.222,-6.6154,-58.784,19,1.9811,7,1.9811,0.315844622188448,0.000184292146073036
46.33,-7.9424,-57.26,19,2.9609,7,2.9609,0.486321750271846,0.000184292146073036
36.222,-8.1602,-56.606,19,5.571,7,5.571,0.469261735209136,0.000184292146073036
35.53,-7.2466,-58.363,19,4.3611,7,4.3611,0.293013693777973,0.000184292146073036
30.738,-0.17354,-50.556,19,0.18924,7,12.317,0.320036310921192,0.000184292146073036
36.012,-3.3719,-38.479,19,1.554,7,6.9133,0.31875449074451,0.000184292146073036
36.798,-15.943,-39.983,19,1.2884,7,6.1103,0.357424021784595,0.000184292146073036
16.203,8.5093,-74.978,20,0.14082,7,0.14082,0.283738966362999,0.000184292146073036
13.466,3.2784,-48.233,20,1.52,7,1.52,0.329340137743889,0.000184292146073036
17.572,12.173,-68.523,20,6.2129,7,6.2129,0.342872407944785,0.000184292146073036
12.199,11.714,-70.097,20,3.7027,7,3.7027,0.28345785724352,0.000184292146073036
10.843,11.116,-69.094,20,2.0635,7,2.0635,0.478627409369244,0.000184292146073036
26.251,9.3534,-44.208,20,0.48809,7,9.2092,0.302010603790189,0.000184292146073036
36.815,5.1464,-54.355,20,0.5082,7,5.2903,0.298430570188393,0.000184292146073036
29.796,3.2962,-65.398,20,2.0624,7,2.0624,0.349891761236185,0.000184292146073036
28.145,16.477,-68.735,20,4.0386,7,4.0386,0.374858840936144,0.000184292146073036
-9.2429,-21.853,26.306,1,9.6188,1,10.829,0.494057835988069,8.25482625482625e-05
-10.546,-21.737,28.15,1,9.1179,1,9.1179,0.322487879932076,8.25482625482625e-05
-0.5154,-31.001,19.744,1,2.3463,1,2.3463,0.448969604587835,8.25482625482625e-05
-2.3288,-30.281,19.262,1,2.7416,1,2.7416,0.339696084395422,8.25482625482625e-05
2.2446,-21.203,22.237,1,1.711,1,1.711,0.362463933189045,8.25482625482625e-05
-6.5464,-23.446,28.614,1,9.9572,1,9.9572,0.296667182208655,8.25482625482625e-05
-7.5237,-23.467,26.721,1,10.165,1,10.896,0.468817218038938,8.25482625482625e-05
-2.7282,-17.814,30.092,1,4.9364,1,4.9364,0.371312375798152,8.25482625482625e-05
-15.338,-3.9345,18.108,1,0.15728,1,6.4598,0.278676797780495,8.25482625482625e-05
-17.206,-16.586,22.775,1,6.3999,1,7.915,0.27248699870793,8.25482625482625e-05
-8.8316,-4.4752,10.237,2,0.30298,1,0.30298,0.267888402413944,8.25482625482625e-05
-10.708,-1.3213,-1.7884,2,0.19669,1,0.19669,0.239167133048311,8.25482625482625e-05
-11.972,-1.8234,-0.48666,2,1.1472,1,1.1472,0.487905061302961,8.25482625482625e-05
-20.287,-9.5632,-5.0339,2,3.0683,1,3.0683,0.362073156703759,8.25482625482625e-05
-21.772,-17.378,-2.3141,3,0.86299,1,0.86299,0.308773650936739,8.25482625482625e-05
-20.541,-18.973,-1.542,3,1.8317,1,1.8317,0.491771403641389,8.25482625482625e-05
-27.208,-13.347,-30.04,6,5.0068,2,5.0068,0.383701118112057,3.17557251908397e-05
-21.896,-11.764,-21.758,6,3.4478,2,4.5339,0.300920225136138,3.17557251908397e-05
-22.007,-9.7722,-21.017,6,3.8802,2,5.9648,0.474213886717978,3.17557251908397e-05
-20.142,1.6054,-16.878,6,6.2847,2,6.2847,0.276047609553985,3.17557251908397e-05
-18.842,0.86413,-18.267,6,7.2222,2,7.2222,0.473325059992545,3.17557251908397e-05
-12.96,-4.6002,-26.791,6,2.9225,2,2.9225,0.336678710412354,3.17557251908397e-05
-18.425,-4.23,-34.709,6,3.587,2,3.587,0.361707097301221,3.17557251908397e-05
-14.016,-4.732,-43.678,11,1.7558,4,1.7558,0.296414557691338,0.000142857142857143
-22.678,-19.288,-17.6,4,2.3725,2,5.3274,0.372530541302982,3.17557251908397e-05
-19.867,-41.88,-28.251,4,0.12729,2,0.12729,0.324737806540861,3.17557251908397e-05
-10.823,-40.833,-31.444,5,0.82845,2,0.82845,0.302031592254117,3.17557251908397e-05
-17.952,-26.934,-9.892,5,1.5142,2,7.087,0.328919003498626,3.17557251908397e-05
-18.329,-18.15,-46.761,7,3.8705,3,4.7277,0.485524342075208,6.66010821446139e-05
-17.545,-16.679,-48.193,7,3.0716,3,3.7551,0.307820281712874,6.66010821446139e-05
-28.115,-49.712,-47.142,8,5.3786,3,5.3786,0.370902529262916,6.66010821446139e-05
-31.476,-40.635,-53.933,8,1.4969,3,1.4969,0.330598729359261,6.66010821446139e-05
-26.024,-48.683,-41.57,8,7.75,3,7.75,0.316334731458161,6.66010821446139e-05
-25.716,-47.015,-43.026,8,6.246,3,6.246,0.489986673777852,6.66010821446139e-05
-30.968,-24.041,-35.647,8,3.2841,3,4.357,0.358043966644565,6.66010821446139e-05
-36.398,-27.11,-45.221,8,0.75222,3,6.7703,0.287301715855933,6.66010821446139e-05
-34.742,-28.126,-45.928,8,2.0125,3,8.2273,0.470910658411801,6.66010821446139e-05
-30.881,-35.514,-50.942,8,3.9836,3,3.9836,0.479032764416643,6.66010821446139e-05
-30.46,-37.388,-51.628,8,3.0372,3,3.0372,0.258006809949236,6.66010821446139e-05
-32.513,-44.611,-43.24,8,4.9186,3,4.9186,0.307393017846896,6.66010821446139e-05
-32.979,-42.509,-42.652,8,5.1332,3,5.1332,0.49456445894383,6.66010821446139e-05
-29.134,-21.996,-51.993,9,3.2904,3,5.1817,0.327374747891775,6.66010821446139e-05
-31.732,-19.564,-42.644,9,3.3356,3,7.0872,0.38235324973433,6.66010821446139e-05
-26.66,-6.1816,-46.174,9,1.0691,3,6.4634,0.405325714123589,6.66010821446139e-05
-24.422,-11.684,-55.135,9,2.6719,3,5.9235,0.357946691345976,6.66010821446139e-05
-43.605,-8.9777,-67.777,9,2.4138,3,2.4138,0.300757589668446,6.66010821446139e-05
-42.689,-8.1596,-65.938,9,2.5255,3,2.5255,0.489665695320551,6.66010821446139e-05
-28.938,10.788,-71.549,10,6.5078,3,6.5078,0.392827533074477,6.66010821446139e-05
-31.544,-1.9379,-71.531,10,1.5838,3,2.6369,0.386403370423909,6.66010821446139e-05
-29.174,-0.93635,-44.629,10,1.6963,3,4.6549,0.374813069143847,6.66010821446139e-05
-24.909,8.2364,-63.526,10,8.3081,3,8.3081,0.31435274180721,6.66010821446139e-05
-26.14,6.6317,-62.598,10,9.1503,3,9.1503,0.487082428265471,6.66010821446139e-05
-22.191,5.7466,-65.054,10,8.9581,3,8.9581,0.485435367214071,6.66010821446139e-05
-22.506,7.8879,-65.438,10,8.9496,3,8.9496,0.307419354667654,6.66010821446139e-05
-28.302,-3.6091,-70.058,10,1.6315,3,1.6315,0.370095359500383,6.66010821446139e-05
-24.338,7.9021,-73.331,10,7.1312,3,7.1312,0.377638696824958,6.66010821446139e-05
23.163,4.0419,1.0731,12,2.96,5,2.96,0.375189868328039,0.000192729591836735
22.79,-3.2975,25.377,12,9.0054,5,9.0054,0.483029800131485,0.000192729591836735
22.742,-1.5642,26.738,12,7.3909,5,7.3909,0.317472440800935,0.000192729591836735
21.461,-21.994,24.594,12,1.6254,5,3.5253,0.472766498124282,0.000192729591836735
21.505,-21.872,26.471,12,2.9745,5,5.0299,0.292456618191751,0.000192729591836735
20.187,0.79921,-34.235,16,1.5348,7,1.5348,0.344149695325321,0.000184292146073036
30.273,-2.7545,-26.783,16,1.1229,7,1.1229,0.326521140661724,0.000184292146073036
34.916,-8.4311,-24.242,15,1.8046,6,1.8046,0.424177168641696,0.00032562358276644
25.351,-11.523,-35.687,17,4.4321,7,4.6314,0.323197223167464,0.000184292146073036
18.591,-6.8955,-40.193,17,4.4895,7,5.9085,0.496171239701759,0.000184292146073036
18.409,-5.0997,-38.876,17,2.6229,7,4.5105,0.310846053486536,0.000184292146073036
43.256,-31.64,-49.673,18,3.641,7,7.8745,0.364627154546913,0.000184292146073036
37.814,-33.882,-51.985,18,2.9561,7,2.9561,0.318639831916885,0.000184292146073036
31.947,-2.9952,-49.224,19,3.3396,7,12.298,0.495391680521241,0.000184292146073036
31.232,-1.2734,-48.07,19,2.1379,7,11.917,0.317716670731683,0.000184292146073036
34.8,-1.9722,-40.474,19,1.0823,7,9.1951,0.313348369864483,0.000184292146073036
35.293,-3.6811,-41.745,19,3.0331,7,9.4824,0.487665919039823,0.000184292146073036
33.905,-15.881,-40.287,19,0.65066,7,6.2184,0.29882058269038,0.000184292146073036
15.282,10.076,-77.875,20,1.2892,7,1.2892,0.479780546926953,0.000184292146073036
16.98,9.4692,-76.993,20,0.93331,7,0.93331,0.246506856366698,0.000184292146073036
15.509,1.2586,-48.253,20,2.6595,7,4.2309,0.328249549205482,0.000184292146073036
19.958,13.288,-67.622,20,7.2737,7,7.2737,0.328161382694725,0.000184292146073036
20.21,11.351,-66.794,20,6.3787,7,6.3787,0.462626687281589,0.000184292146073036
26.426,7.1513,-46.639,20,2.895,7,11.357,0.47816197385003,0.000184292146073036
27.708,7.2508,-44.945,20,1.2076,7,9.6836,0.304320926339699,0.000184292146073036
35.064,5.1737,-52.354,20,0.8424,7,6.8046,0.290330693179799,0.000184292146073036
33.971,3.7022,-53.228,20,0.58724,7,8.5315,0.474528543738345,0.000184292146073036
27.581,3.4124,-63.954,20,3.1641,7,3.1641,0.284475873544253,0.000184292146073036
25.466,15.253,-69.26,20,6.6277,7,6.6277,0.357749541990392,0.000184292146073036
1.768,-21.301,19.651,1,0.37022,1,0.37022,0.267148227103035,8.25482625482625e-05
-5.0801,-16.277,30.752,1,5.0275,1,5.0275,0.338322321462165,8.25482625482625e-05
-15.756,-6.4512,16.956,1,0.89901,1,5.7097,0.323199520547143,8.25482625482625e-05
-16.416,-15.159,20.59,1,5.0116,1,9.8439,0.318652828861704,8.25482625482625e-05
-14.38,-15.674,21.177,1,6.2338,1,9.2801,0.495170066842142,8.25482625482625e-05
-11.102,-5.256,8.9219,2,1.9372,1,1.9372,0.317851346432526,8.25482625482625e-05
-11.004,-3.2695,8.0525,2,1.4552,1,1.4552,0.492819381475186,8.25482625482625e-05
-19.29,-7.2421,-3.5648,2,5.8634,1,5.8634,0.331914628206167,8.25482625482625e-05
-26.693,-10.274,-30.428,6,5.2134,2,5.2134,0.358499881800203,3.17557251908397e-05
-14.97,-4.2657,-25.021,6,5.4982,2,5.4982,0.310442694879762,3.17557251908397e-05
-15.087,-2.1963,-25.77,6,6.0563,2,6.0563,0.487584767042056,3.17557251908397e-05
-20.483,-3.8515,-32.687,6,6.0704,2,6.0704,0.334831708790412,3.17557251908397e-05
-14.386,-7.3164,-43.476,11,1.7779,4,1.7779,0.296657517488516,0.000142857142857143
-12.384,-7.4137,-43.052,11,2.4358,4,2.4358,0.466819339684548,0.000142857142857143
-25.007,-21.262,-18.311,4,1.9115,2,5.9379,0.362117082521046,3.17557251908397e-05
-18.378,-40.136,-26.628,4,0.26475,2,1.1477,0.30587601276268,3.17557251908397e-05
-9.3615,-38.734,-30.617,5,0.7286,2,0.7286,0.265522033512575,3.17557251908397e-05
-19.428,-28.99,-11.101,5,0.23373,2,8.5645,0.317802713791595,3.17557251908397e-05
-26.838,-49.151,-44.521,8,6.2046,3,6.2046,0.34322964443963,6.66010821446139e-05
-29.53,-38.445,-54.335,8,0.34704,3,0.34704,0.320386150106176,6.66010821446139e-05
-28.761,-25.84,-36.354,8,4.4267,3,6.5127,0.333291519363123,6.66010821446139e-05
-29.205,-20.425,-54.122,9,4.2297,3,4.2384,0.307787333970308,6.66010821446139e-05
-31.339,-20.328,-53.753,9,5.5322,3,5.5322,0.476821436319641,6.66010821446139e-05
-31.626,-17.283,-44.657,9,6.154,3,8.8759,0.344553385565689,6.66010821446139e-05
-27.757,-9.225,-46.506,9,4.1505,3,7.9985,0.37509358366003,6.66010821446139e-05
-25.228,-13.942,-56.659,9,3.6947,3,3.6947,0.33029905662207,6.66010821446139e-05
-28.848,11.731,-68.578,10,5.1036,3,5.1036,0.357019987784791,6.66010821446139e-05
-32.297,-3.5675,-69.292,10,0.48003,3,3.7136,0.305401743410597,6.66010821446139e-05
-26.864,-1.0637,-46.571,10,2.8963,3,6.58,0.341800407434824,6.66010821446139e-05
-26.731,-5.3343,-68.463,10,0.90694,3,0.90694,0.2982233104879,6.66010821446139e-05
-22.669,9.45,-71.266,10,8.3201,3,8.3201,0.365570003974155,6.66010821446139e-05
21.555,3.5727,3.67,12,3.5281,5,3.5281,0.349491605519586,0.000192729591836735
22.454,2.1425,-33.239,16,3.5031,7,3.5031,0.321864047720342,0.000184292146073036
30.431,0.49555,-26.24,16,3.7318,7,3.7318,0.475645126053265,0.000184292146073036
28.968,-0.55124,-27.382,16,3.6687,7,3.6687,0.297773076233445,0.000184292146073036
34.06,-11.239,-22.652,15,0.19685,6,0.19685,0.379779653914716,0.00032562358276644
24.13,-12.864,-38.526,17,5.1024,7,6.7779,0.480916026539329,0.000184292146073036
23.612,-11.019,-37.533,17,5.2326,7,6.9345,0.292086644653257,0.000184292146073036
44.706,-31.558,-47.334,18,4.161,7,5.6032,0.345812003294943,0.000184292146073036
37.693,-36.272,-50.049,18,3.8888,7,3.8888,0.383660348859169,0.000184292146073036
34.169,-13.242,-40.822,19,3.2312,7,6.4544,0.332454397791968,0.000184292146073036
33.543,-13.935,-42.848,19,2.7226,7,8.4838,0.495163856100883,0.000184292146073036
17.41,2.7491,-50.457,20,5.3229,7,5.5567,0.476231856132848,0.000184292146073036
17.104,3.3812,-48.426,20,4.6825,7,5.0177,0.305943463385975,0.000184292146073036
28.489,1.6983,-62.163,20,3.7663,7,3.7663,0.290972653769686,0.000184292146073036
28.541,3.2202,-60.7,20,4.5501,7,5.8406,0.493418365688083,0.000184292146073036
25.179,14.171,-66.005,20,6.7147,7,6.7147,0.487787646572732,0.000184292146073036
25.372,15.959,-66.937,20,5.3835,7,5.3835,0.229579477629259,0.000184292146073036
-1.5112,-20.885,19.141,1,1.1983,1,1.1983,0.491137787734511,8.25482625482625e-05
0.013016,-19.506,19.736,1,0.99406,1,0.99406,0.288691484140095,8.25482625482625e-05
-6.1216,-15.895,27.488,1,5.6896,1,5.6896,0.483638753816217,8.25482625482625e-05
-5.918,-17.594,28.753,1,6.7474,1,6.7474,0.276370716806163,8.25482625482625e-05
-13.1,-6.4377,16.603,1,0.93697,1,3.0984,0.306629006371543,8.25482625482625e-05
-13.13,-7.7866,18.224,1,2.8248,1,3.9375,0.473662560490027,8.25482625482625e-05
-22.302,-6.201,-2.2572,2,6.7356,1,7.2873,0.494621368830005,8.25482625482625e-05
-21.12,-8.0069,-1.7309,2,4.8562,1,6.2043,0.307396636875809,8.25482625482625e-05
-27.013,-10.188,-27.542,6,7.5129,2,7.5129,0.328443798867126,3.17557251908397e-05
-18.531,-2.4786,-31.513,6,5.6956,2,5.6956,0.301311874019383,3.17557251908397e-05
-19.654,-0.62324,-31.893,6,6.864,2,6.864,0.489910751083649,3.17557251908397e-05
-23.489,-23.073,-16.605,4,4.7082,2,6.75,0.330998481996127,3.17557251908397e-05
-20.5,-38.197,-26.415,4,0.15927,2,0.15927,0.310633744780986,3.17557251908397e-05
-11.091,-37.984,-28.887,5,0.51113,2,0.51113,0.311998102841635,3.17557251908397e-05
-9.6477,-38.65,-27.738,5,1.6496,2,1.6496,0.462760360605103,3.17557251908397e-05
-17.062,-30.04,-11.703,5,2.048,2,6.1987,0.295159423891088,3.17557251908397e-05
-17.498,-31.485,-10.286,5,2.2855,2,6.6396,0.475481475046085,3.17557251908397e-05
-28.033,-46.865,-44.783,8,6.5652,3,6.5652,0.274233127780463,6.66010821446139e-05
-30.933,-37.293,-53.042,8,2.1437,3,2.1437,0.25928289555588,6.66010821446139e-05
-29.52,-37.138,-51.535,8,2.7235,3,2.7235,0.480640882021077,6.66010821446139e-05
-30.542,-28.757,-36.211,8,5.9056,3,8.7185,0.491978112694228,6.66010821446139e-05
-30.695,-27.135,-37.715,8,3.8514,3,8.0638,0.307972690585693,6.66010821446139e-05
-32.764,-19.164,-46.444,9,5.7895,3,10.76,0.321083524321915,6.66010821446139e-05
-27.468,-8.5814,-49.42,9,2.5047,3,10.247,0.337519789946771,6.66010821446139e-05
-27.489,-13.327,-55.543,9,5.4195,3,5.692,0.29334429109871,6.66010821446139e-05
-28.254,-12.723,-57.461,9,4.7339,3,4.7339,0.477861121034997,6.66010821446139e-05
-27.119,9.5254,-68.128,10,7.4426,3,7.4426,0.304659088386581,6.66010821446139e-05
-29.855,-3.6578,-68.408,10,1.8016,3,3.3441,0.288656740202937,6.66010821446139e-05
-28.9,-1.0236,-48.525,10,2.1921,3,8.5379,0.323083003910849,6.66010821446139e-05
-27.785,-4.3369,-66.264,10,2.0155,3,3.192,0.298749873142493,6.66010821446139e-05
-24.176,7.9721,-69.517,10,8.9416,3,8.9416,0.284106948113536,6.66010821446139e-05
23.951,2.2857,4.6097,12,3.6056,5,3.6056,0.326197404183347,0.000192729591836735
21.37,5.2228,-33.787,16,5.1545,7,5.1545,0.475142417286915,0.000184292146073036
20.676,3.8115,-32.345,16,3.1364,7,3.1364,0.294725165112807,0.000184292146073036
33.823,-12.375,-25.499,15,2.7468,6,2.7468,0.348123447067711,0.00032562358276644
41.955,-30.689,-45.609,18,4.7224,7,7.5159,0.476388500267743,0.000184292146073036
42.236,-32.539,-46.736,18,5.7806,7,7.471,0.315247342771457,0.000184292146073036
39.957,-34.571,-49.321,18,6.1419,7,6.1419,0.354633504429617,0.000184292146073036
-28.795,-8.1953,-28.058,6,6.7602,2,6.7602,0.310026755613922,3.17557251908397e-05
-30.401,-9.5993,-27.436,6,6.9533,2,6.9533,0.494927803597367,3.17557251908397e-05
-25.036,-22.313,-13.651,4,5.8189,2,8.658,0.491251846752882,3.17557251908397e-05
-25.867,-23.406,-15.39,4,4.7356,2,8.5475,0.308547484845537,3.17557251908397e-05
-21.951,-39.427,-23.927,4,2.546,2,2.546,0.478498493514883,3.17557251908397e-05
-20.115,-38.366,-23.824,4,1.7586,2,2.4394,0.311510261949638,3.17557251908397e-05
-25.88,-45.489,-44.258,8,5.3446,3,5.3446,0.287608966563188,6.66010821446139e-05
-25.894,-44.841,-46.178,8,3.8926,3,3.8926,0.476768777800026,6.66010821446139e-05
-36.026,-18.464,-45.893,9,7.1694,3,7.4966,0.486418739482779,6.66010821446139e-05
-34.556,-17.261,-46.956,9,8.1196,3,8.5039,0.301471365551214,6.66010821446139e-05
-30.089,-9.5321,-49.688,9,4.993,3,11.571,0.316044745137401,6.66010821446139e-05
-28.629,8.6407,-65.878,10,6.6936,3,6.6936,0.320214852009951,6.66010821446139e-05
-30.554,-3.0356,-65.71,10,1.7031,3,5.6427,0.310514028311786,6.66010821446139e-05
-29.012,2.2834,-48.928,10,4.9962,3,8.9355,0.478069004297261,6.66010821446139e-05
-27.469,0.91585,-49.538,10,4.6598,3,9.1117,0.296161205127054,6.66010821446139e-05
-25.325,-4.0917,-65.295,10,3.0219,3,3.0219,0.297150360213517,6.66010821446139e-05
-25.611,-2.0527,-65.577,10,4.3241,3,4.3241,0.474949978537567,6.66010821446139e-05
-22.105,7.1461,-68.108,10,8.5312,3,8.5312,0.288125232491771,6.66010821446139e-05
25.415,4.9984,6.0012,12,6.6616,5,6.6616,0.487883606552487,0.000192729591836735
23.664,3.9148,6.74,12,5.9956,5,5.9956,0.307124374057546,0.000192729591836735
35.466,-14.597,-24.537,15,2.0442,6,2.0442,0.330593727648831,0.00032562358276644
37.993,-32.739,-47.148,18,6.9269,7,7.1164,0.485678890320813,0.000184292146073036
38.537,-34.742,-47.303,18,6.709,7,6.709,0.250148094882797,0.000184292146073036
-31.757,-6.6433,-49.258,9,3.5688,3,9.3408,0.4850846408685,6.66010821446139e-05
-30.594,-7.2634,-50.988,9,3.1874,3,11.175,0.303908506822746,6.66010821446139e-05
-30.609,6.713,-67.505,10,6.8853,3,6.8853,0.475545669233321,6.66010821446139e-05
-28.582,6.2613,-67.09,10,8.5616,3,8.5616,0.307758535708242,6.66010821446139e-05
-28.76,-1.2549,-65.938,10,4.0882,3,5.8002,0.29961341601316,6.66010821446139e-05
-30.415,0.0021949,-66.077,10,4.4527,3,7.3907,0.464541994295494,6.66010821446139e-05
-23.007,4.695,-68.228,10,6.8155,3,6.8155,0.299866001298618,6.66010821446139e-05
-21.466,4.4765,-69.517,10,5.4693,3,5.4693,0.465048737498092,6.66010821446139e-05
37.029,-14.097,-26.741,15,4.4478,6,4.4478,0.312794052017198,0.00032562358276644
38.99,-11.951,-25.342,15,4.4116,6,4.4116,0.464155427475857,0.00032562358276644
38.929,-14.027,-25.009,15,4.0835,6,4.0835,0.294620367091377,0.00032562358276644
