0.000000, 0.000000, 0.000000, 0.000000, 0.000000, 0.000000, 0.000000, 0.000000, 0.000000, 0.000000, 0.000000, 0.000000, 0.000000, 0.000000, 0.000000, 0.000000, 0.000000, 0.000000, 0.000000, 0.000000
0.000000, 0.000000, 0.000000, 0.000000, 0.000000, 0.000000, 0.000000, 0.000000, 0.000000, 0.000000, 0.000000, 0.000000, 0.000000, 0.000000, 0.000000, 0.000000, 0.000000, 0.000000, 0.000000, 0.000000
0.000000, 0.000000, 0.000000, 0.000000, 0.000000, 0.000000, 0.000000, 0.000000, 0.000000, 0.000000, 0.000000, 0.000000, 0.000000, 0.000000, 0.000000, 0.000000, 0.000000, 0.000000, 0.000000, 0.000000
0.000000, 0.000000, 0.000000, 0.000000, 0.000000, 0.000000, 0.000000, 0.000000, 0.000000, 0.000000, 0.000000, 0.000000, 0.000000, 0.000000, 0.000000, 0.000000, 0.000000, 0.000000, 0.000000, 0.000000
0.000000, 0.000000, 0.000000, 0.000000, 0.000000, 0.000000, 0.000000, 0.000000, 0.000000, 0.000000, 0.000000, 0.000000, 0.000000, 0.000000, 0.000000, 0.000000, 0.000000, 0.000000, 0.000000, 0.000000
0.000000, 0.000000, 0.000000, 0.000000, 0.000000, 0.000000, 0.000000, 0.000000, 0.000000, 0.000000, 0.000000, 0.000000, 0.000000, 0.000000, 0.000000, 0.000000, 0.000000, 0.000000, 0.000000, 0.000000
0.000000, 0.000000, 0.000000, 0.000000, 0.000000, 0.000000, 0.000000, 0.000000, 0.000000, 0.000000, 0.000000, 0.000000, 0.000000, 0.000000, 0.000000, 0.000000, 0.000000, 0.000000, 0.000000, 0.000000
0.000000, 0.000000, 0.000000, 0.000000, 0.000000, 0.000000, 0.000000, 0.000000, 0.000000, 0.000000, 0.000000, 0.000000, 0.000000, 0.000000, 0.000000, 0.000000, 0.000000, 0.000000, 0.000000, 0.000000
0.000000, 0.000000, 0.000000, 0.000000, 0.000000, 0.000000, 0.000000, 0.000000, 0.000000, 0.000000, 0.000000, 0.000000, 0.000000, 0.000000, 0.000000, 0.000000, 0.000000, 0.000000, 0.000000, 0.000000
0.018500, 0.014700, 0.019200, 0.018900, 0.018200, 0.017900, 0.020500, 0.017800, 0.018500, 0.017100, 0.016400, 0.018200, 0.019000, 0.018300, 0.017700, 0.016400, 0.017900, 0.017800, 0.017400, 0.014600
6.201600, 6.210300, 6.258900, 6.224200, 6.226100, 6.173700, 6.109500, 6.059600, 6.059400, 6.038400, 6.021000, 5.989700, 5.946400, 5.901000, 5.900900, 5.904400, 5.881000, 5.878500, 5.824800, 5.834300
6.701100, 6.691300, 6.740800, 6.729300, 6.721800, 6.660000, 6.617900, 6.575300, 6.565400, 6.557400, 6.503500, 6.489700, 6.453400, 6.421100, 6.427900, 6.427100, 6.389700, 6.399700, 6.347700, 6.376000
6.661100, 6.656000, 6.710900, 6.693400, 6.678700, 6.615900, 6.583400, 6.538100, 6.539800, 6.522900, 6.478200, 6.460400, 6.436500, 6.401500, 6.413200, 6.405300, 6.377800, 6.379700, 6.332900, 6.361500
6.652500, 6.646100, 6.702500, 6.683900, 6.667500, 6.607800, 6.577600, 6.530900, 6.533100, 6.513600, 6.469800, 6.451500, 6.430400, 6.392700, 6.408300, 6.398300, 6.374800, 6.373300, 6.322200, 6.355800
6.655200, 6.648500, 6.706600, 6.686700, 6.670600, 6.610500, 6.581400, 6.533500, 6.535200, 6.516700, 6.474000, 6.454100, 6.434900, 6.396400, 6.411400, 6.402100, 6.378300, 6.377900, 6.326500, 6.360700
6.655400, 6.648700, 6.706200, 6.686200, 6.670600, 6.610400, 6.581200, 6.533900, 6.534900, 6.517000, 6.473700, 6.454200, 6.435100, 6.396700, 6.411800, 6.402200, 6.377900, 6.377900, 6.326700, 6.360800
6.657100, 6.649500, 6.707500, 6.687900, 6.672200, 6.611100, 6.582600, 6.535400, 6.535700, 6.518400, 6.475900, 6.455500, 6.436300, 6.398100, 6.412600, 6.403400, 6.379200, 6.378900, 6.327600, 6.363200
6.687500, 6.677800, 6.735000, 6.719000, 6.703400, 6.637400, 6.610800, 6.565300, 6.567800, 6.547100, 6.507100, 6.479700, 6.464100, 6.426000, 6.442300, 6.430300, 6.406000, 6.405300, 6.355600, 6.391500
6.797500, 6.784700, 6.844400, 6.824400, 6.816600, 6.746700, 6.716800, 6.672000, 6.676600, 6.659200, 6.612100, 6.590000, 6.570900, 6.534500, 6.552400, 6.535000, 6.513100, 6.514900, 6.464900, 6.503500
7.025500, 7.025100, 7.073200, 7.063900, 7.055800, 6.989600, 6.949200, 6.909900, 6.914900, 6.899400, 6.855100, 6.830300, 6.813700, 6.770700, 6.791900, 6.766200, 6.750500, 6.752900, 6.710400, 6.737300
7.450900, 7.449200, 7.480200, 7.485800, 7.487100, 7.415500, 7.370200, 7.335600, 7.344200, 7.340200, 7.278700, 7.257300, 7.262500, 7.208100, 7.232000, 7.208900, 7.188600, 7.190900, 7.141600, 7.178900
8.083000, 8.099100, 8.122400, 8.128700, 8.121900, 8.044400, 8.023800, 7.963700, 7.997300, 7.980000, 7.904600, 7.924100, 7.895200, 7.841500, 7.856200, 7.845300, 7.821800, 7.828200, 7.787800, 7.804100
8.821100, 8.815300, 8.847700, 8.857800, 8.838600, 8.756800, 8.732900, 8.669200, 8.717800, 8.698500, 8.622500, 8.633000, 8.598300, 8.557700, 8.570200, 8.560800, 8.540600, 8.545200, 8.494600, 8.525200
9.432100, 9.431600, 9.457900, 9.483000, 9.445100, 9.375900, 9.333200, 9.287800, 9.333400, 9.315200, 9.223300, 9.243500, 9.214500, 9.168700, 9.178400, 9.176900, 9.150600, 9.130100, 9.084600, 9.147100
9.877700, 9.885100, 9.914900, 9.931800, 9.894600, 9.812500, 9.777900, 9.741300, 9.783600, 9.759500, 9.681600, 9.696700, 9.670100, 9.620300, 9.624400, 9.621900, 9.594600, 9.578700, 9.514900, 9.592300
10.217600, 10.199700, 10.232300, 10.251900, 10.215400, 10.114800, 10.101200, 10.070400, 10.110100, 10.082600, 10.019300, 10.031400, 9.992800, 9.951400, 9.948300, 9.945400, 9.902900, 9.896900, 9.833000, 9.925500
10.456200, 10.447500, 10.481600, 10.481100, 10.481400, 10.367800, 10.359800, 10.316000, 10.358500, 10.330300, 10.257700, 10.289100, 10.242500, 10.205000, 10.205000, 10.198500, 10.152300, 10.143400, 10.096800, 10.177100
10.642400, 10.642200, 10.676200, 10.682500, 10.677300, 10.560500, 10.563800, 10.515100, 10.562800, 10.536400, 10.449600, 10.489900, 10.441900, 10.401500, 10.393900, 10.392300, 10.348000, 10.342700, 10.299300, 10.366300
10.814900, 10.807100, 10.842000, 10.852600, 10.845800, 10.750700, 10.725500, 10.672500, 10.736100, 10.698300, 10.622200, 10.662700, 10.615500, 10.578500, 10.570300, 10.568500, 10.525200, 10.521400, 10.481900, 10.531100
10.974600, 10.975000, 11.016000, 11.021700, 11.011700, 10.912900, 10.886700, 10.843000, 10.904500, 10.863900, 10.783500, 10.842800, 10.780400, 10.749500, 10.736600, 10.749100, 10.695600, 10.692000, 10.646400, 10.697100
11.164700, 11.171300, 11.204200, 11.219400, 11.202900, 11.105400, 11.076600, 11.020000, 11.086800, 11.057200, 10.984200, 11.031100, 10.966400, 10.937900, 10.929800, 10.933300, 10.883700, 10.888800, 10.831500, 10.888400
11.395400, 11.407800, 11.433000, 11.444500, 11.431100, 11.332200, 11.297700, 11.254100, 11.323000, 11.286100, 11.222400, 11.262300, 11.198800, 11.164500, 11.157300, 11.166200, 11.126000, 11.129400, 11.055100, 11.119100
11.664900, 11.687200, 11.709800, 11.711300, 11.702400, 11.623600, 11.593300, 11.526800, 11.598100, 11.567300, 11.492700, 11.536000, 11.480000, 11.443400, 11.447200, 11.455000, 11.402000, 11.415700, 11.347100, 11.399400
11.990600, 12.013100, 12.030500, 12.012000, 12.030200, 11.930900, 11.908600, 11.837100, 11.913300, 11.887400, 11.809100, 11.861000, 11.800800, 11.767900, 11.752800, 11.770900, 11.719000, 11.735600, 11.672000, 11.715100
12.323700, 12.350400, 12.384200, 12.347400, 12.360100, 12.261000, 12.246600, 12.179600, 12.241200, 12.229300, 12.141300, 12.181000, 12.122000, 12.107500, 12.088300, 12.101000, 12.060800, 12.056400, 12.010700, 12.057900
12.642800, 12.672200, 12.704700, 12.659100, 12.686700, 12.583100, 12.573800, 12.500500, 12.563600, 12.564900, 12.468900, 12.514200, 12.457500, 12.433300, 12.426600, 12.420000, 12.364900, 12.392000, 12.327100, 12.394400
12.943900, 12.965600, 13.006200, 12.973700, 12.993300, 12.874400, 12.864800, 12.803400, 12.868600, 12.841600, 12.778700, 12.804600, 12.764800, 12.749700, 12.727200, 12.730800, 12.665200, 12.689500, 12.615900, 12.707600
13.089400, 13.137300, 13.172800, 13.147300, 13.167200, 13.125900, 13.137900, 13.114900, 13.197200, 13.203800, 13.151800, 13.192300, 13.162800, 13.134500, 13.115700, 13.126500, 13.057300, 13.079400, 13.008100, 13.106500
13.090700, 13.142300, 13.188700, 13.204000, 13.227100, 13.384700, 13.468100, 13.515500, 13.636300, 13.661900, 13.627000, 13.645800, 13.624000, 13.574300, 13.559300, 13.563100, 13.497300, 13.509400, 13.424300, 13.491600
13.094200, 13.149700, 13.208500, 13.286900, 13.304500, 13.665600, 13.816800, 13.893200, 14.021900, 14.031600, 13.997600, 13.979500, 13.961800, 13.900700, 13.863000, 13.861500, 13.792700, 13.802400, 13.701400, 13.784500
13.098700, 13.159000, 13.230400, 13.378200, 13.389700, 13.940200, 14.133200, 14.225900, 14.353600, 14.340200, 14.299000, 14.250000, 14.228000, 14.168100, 14.120600, 14.130700, 14.086100, 14.121800, 14.058400, 14.172200
13.102200, 13.167500, 13.260400, 13.482700, 13.494300, 14.210100, 14.427500, 14.530600, 14.642000, 14.615300, 14.561900, 14.528800, 14.516300, 14.485200, 14.452100, 15.685700, 17.454100, 17.886200, 17.831500, 17.810200
13.108200, 13.176700, 13.290300, 13.587900, 13.603300, 14.477700, 14.708300, 14.798200, 14.894700, 14.910500, 14.888600, 14.863800, 17.347000, 18.277500, 18.347600, 18.184800, 17.893700, 17.651500, 17.389800, 17.340400
13.113600, 13.191400, 13.327500, 13.699300, 13.714000, 14.730500, 14.975000, 15.082500, 15.217400, 15.226700, 18.415500, 18.870800, 18.649400, 18.386200, 18.119900, 17.910700, 17.672100, 17.512300, 17.325700, 17.324400
13.120300, 13.205700, 13.370200, 13.822400, 13.837100, 14.962900, 15.267100, 15.423100, 17.879200, 19.306300, 19.243100, 18.936900, 18.532100, 18.283100, 18.093200, 17.950600, 17.717500, 17.617100, 17.460900, 17.457200
13.127500, 13.225000, 13.419200, 13.955100, 13.973100, 15.257900, 15.555000, 18.621900, 19.739600, 19.605600, 19.285100, 18.976400, 18.612700, 18.394400, 18.236900, 18.104200, 17.896700, 17.781200, 17.630800, 17.637900
13.136600, 13.243400, 13.480300, 14.101000, 14.114400, 15.538500, 18.474500, 19.889300, 20.011000, 19.747100, 19.406700, 19.131800, 18.795900, 18.591600, 18.428700, 18.282900, 18.096000, 17.998900, 17.818600, 17.832100
13.145700, 13.268700, 13.549200, 14.259500, 14.265900, 17.255700, 19.846400, 20.268100, 20.255900, 19.999500, 19.643900, 19.383600, 19.035300, 18.804300, 18.656800, 18.504700, 18.298300, 18.197200, 17.993900, 17.995100
13.156700, 13.301900, 13.639700, 14.463200, 14.465900, 19.130500, 20.388600, 20.585300, 20.551400, 20.281100, 19.909200, 19.661700, 19.284300, 19.050100, 18.871700, 18.705600, 18.462300, 18.342300, 18.112600, 18.096500
13.166300, 13.340400, 13.731600, 14.656900, 14.674700, 19.908000, 20.790700, 20.946300, 20.887200, 20.594800, 20.195300, 19.930900, 19.526000, 19.225200, 18.985600, 18.786300, 18.533200, 18.410800, 18.207700, 18.169400
13.182500, 13.380100, 13.850400, 14.874900, 14.900200, 20.428500, 21.226900, 21.315200, 21.230200, 20.912300, 20.483100, 20.083600, 19.612800, 19.294300, 19.066200, 18.879500, 18.635800, 18.517900, 18.320700, 18.291900
13.199200, 13.434200, 13.989200, 15.473900, 15.457200, 20.893500, 21.658600, 21.720900, 21.602700, 21.150000, 20.591000, 20.195500, 19.705500, 19.408700, 19.179900, 18.992000, 18.755800, 18.654400, 18.462900, 18.420300
13.220700, 13.495000, 14.139200, 16.149900, 16.156500, 21.355200, 22.105400, 22.152500, 21.796500, 21.267400, 20.703300, 20.307100, 19.807200, 19.503500, 19.293000, 19.098200, 18.886100, 18.773500, 18.601200, 18.552000
13.241400, 13.563100, 14.288800, 16.709900, 16.686100, 21.827600, 22.571400, 22.367300, 21.915200, 21.366700, 20.789800, 20.391800, 19.928600, 19.599600, 19.409900, 19.208100, 19.011600, 18.921100, 18.732200, 18.671700
13.265200, 13.642300, 14.481000, 17.142800, 17.134800, 22.355800, 22.853200, 22.529300, 22.032300, 21.469600, 20.882300, 20.493200, 20.041500, 19.710600, 19.525300, 19.339800, 19.138400, 19.060700, 18.838700, 18.767400
13.292500, 13.731800, 14.711600, 17.525600, 17.518500, 22.756000, 23.055300, 22.649800, 22.132500, 21.564000, 20.990700, 20.603000, 20.159400, 19.803000, 19.633500, 19.445500, 19.227500, 19.159200, 18.926800, 18.855800
13.323900, 13.832000, 14.953800, 17.879300, 17.873000, 23.020300, 23.218300, 22.758700, 22.231100, 21.666800, 21.083300, 20.708200, 20.280300, 19.895500, 19.740100, 19.536000, 19.330400, 19.262800, 19.012000, 18.935600
13.353800, 13.930900, 15.174300, 18.219100, 18.194600, 23.242400, 23.352900, 22.860400, 22.333100, 21.775800, 21.167800, 20.805800, 20.380700, 19.987700, 19.851400, 19.618400, 19.431900, 19.349400, 19.103600, 19.026800
13.383000, 14.024000, 15.373500, 18.618500, 18.587800, 23.418600, 23.473300, 22.970000, 22.438600, 21.871200, 21.263900, 20.899800, 20.477400, 20.077300, 19.949300, 19.714000, 19.519600, 19.448100, 19.185100, 19.120000
13.415800, 14.128800, 15.564200, 19.002300, 18.965100, 23.572700, 23.592900, 23.086500, 22.551400, 21.983100, 21.359400, 20.990700, 20.567100, 20.176500, 20.037500, 19.815200, 19.605300, 19.523600, 19.254400, 19.198200
13.447800, 14.231800, 15.729300, 19.309300, 19.289700, 23.725200, 23.734800, 23.200600, 22.653000, 22.088300, 21.449800, 21.082400, 20.658200, 20.268600, 20.099000, 19.895200, 19.685400, 19.599300, 19.341400, 19.271100
13.482000, 14.329800, 15.924100, 19.587500, 19.568000, 23.883300, 23.864900, 23.322700, 22.771900, 22.176500, 21.537200, 21.174600, 20.742100, 20.323000, 20.176200, 19.978600, 19.764100, 19.685200, 19.420200, 19.340000
13.516700, 14.435800, 16.122800, 19.817400, 19.803200, 24.019200, 23.991500, 23.434100, 22.880900, 22.277200, 21.622000, 21.247800, 20.800100, 20.394500, 20.252500, 20.038800, 19.835900, 19.741900, 19.487900, 19.397800
13.547300, 14.529700, 16.327300, 20.025400, 20.010000, 24.176300, 24.135900, 23.558000, 22.981800, 22.370800, 21.694400, 21.320900, 20.846800, 20.465100, 20.300800, 20.098700, 19.899600, 19.812900, 19.545200, 19.452600
13.583800, 14.619500, 16.513700, 20.201900, 20.205100, 24.323500, 24.278300, 23.677600, 23.075200, 22.468800, 21.772900, 21.402500, 20.912800, 20.525200, 20.369500, 20.176200, 19.959400, 19.881600, 19.627200, 19.529500
13.614800, 14.708800, 16.677700, 20.382700, 20.388700, 24.481000, 24.402900, 23.809900, 23.194800, 22.544600, 21.837500, 21.469200, 20.980900, 20.576000, 20.437900, 20.223800, 20.018800, 19.943700, 19.691300, 19.600000
13.647600, 14.785300, 16.828000, 20.555000, 20.554600, 24.643300, 24.527700, 23.925300, 23.283700, 22.621000, 21.893400, 21.534500, 21.035600, 20.644600, 20.493800, 20.276200, 20.081800, 20.004200, 19.752100, 19.691900
13.680200, 14.859900, 16.962700, 20.709800, 20.714700, 24.799300, 24.659400, 24.037400, 23.362800, 22.693300, 21.947800, 21.594900, 21.100700, 20.706700, 20.561500, 20.346300, 20.140500, 20.077200, 19.806000, 19.740000
13.714300, 14.928200, 17.092300, 20.863600, 20.880200, 24.950700, 24.785700, 24.127100, 23.430700, 22.752800, 21.985500, 21.674000, 21.161100, 20.758100, 20.630200, 20.396500, 20.181600, 20.136600, 19.848800, 19.804400
13.746900, 14.993900, 17.222000, 21.023200, 21.038600, 25.086000, 24.923100, 24.208700, 23.510400, 22.822700, 22.046300, 21.735400, 21.220200, 20.811300, 20.685700, 20.467300, 20.238600, 20.176500, 19.898200, 19.867100
13.775900, 15.055900, 17.338300, 21.181800, 21.193100, 25.228900, 25.036900, 24.287400, 23.588400, 22.873800, 22.109200, 21.788900, 21.276900, 20.856900, 20.735400, 20.533300, 20.287900, 20.223400, 19.959600, 19.899500
13.801600, 15.114400, 17.445000, 21.327800, 21.338100, 25.369600, 25.134100, 24.372500, 23.648300, 22.933800, 22.165900, 21.854700, 21.312700, 20.894000, 20.771000, 20.586900, 20.343600, 20.266800, 20.005800, 19.957100
13.827000, 15.165500, 17.554900, 21.465300, 21.484500, 25.493100, 25.234900, 24.450200, 23.702400, 22.993600, 22.215500, 21.912800, 21.368800, 20.945100, 20.824200, 20.625700, 20.401300, 20.315300, 20.054000, 19.998300
13.847200, 15.220800, 17.656300, 21.609200, 21.617800, 25.611200, 25.325000, 24.517500, 23.774100, 23.049800, 22.273000, 21.957800, 21.436900, 20.999200, 20.871200, 20.678600, 20.446600, 20.365900, 20.106900, 20.029600
13.867700, 15.271700, 17.753200, 21.749400, 21.753800, 25.732700, 25.409300, 24.582100, 23.831100, 23.119100, 22.318500, 22.002700, 21.492800, 21.029100, 20.927400, 20.731400, 20.495100, 20.408200, 20.132400, 20.049900
13.886300, 15.322700, 17.849800, 21.893900, 21.894700, 25.839000, 25.520100, 24.666200, 23.906300, 23.164300, 22.375200, 22.049000, 21.547000, 21.074900, 20.978200, 20.779000, 20.510300, 20.431300, 20.161300, 20.100700
13.902800, 15.363700, 17.943000, 22.014000, 22.021800, 25.941100, 25.613400, 24.743400, 23.971000, 23.235400, 22.416600, 22.096200, 21.599600, 21.112200, 21.012300, 20.819400, 20.531700, 20.477800, 20.184800, 20.141300
13.917200, 15.399900, 18.032700, 22.133100, 22.138400, 26.038400, 25.705300, 24.819300, 24.038500, 23.296400, 22.463400, 22.128000, 21.634300, 21.165200, 21.046000, 20.843100, 20.565400, 20.518000, 20.223000, 20.172900
13.930400, 15.439300, 18.111000, 22.238300, 22.243000, 26.130300, 25.789800, 24.891600, 24.105300, 23.360500, 22.516600, 22.155100, 21.670800, 21.197800, 21.075100, 20.892700, 20.600900, 20.553900, 20.239800, 20.197200
13.943800, 15.473800, 18.183000, 22.331500, 22.346600, 26.217600, 25.887800, 24.969400, 24.169400, 23.414700, 22.559200, 22.201100, 21.704900, 21.233500, 21.108000, 20.915000, 20.639900, 20.583800, 20.273900, 20.208400


0.000000, 0.000000, 0.000000, 0.000000, 0.000000, 0.000000, 0.000000, 0.000000, 0.000000, 0.000000, 0.000000, 0.000000, 0.000000, 0.000000, 0.000000, 0.000000, 0.000000, 0.000000, 0.000000, 0.000000
0.000000, 0.000000, 0.000000, 0.000000, 0.000000, 0.000000, 0.000000, 0.000000, 0.000000, 0.000000, 0.000000, 0.000000, 0.000000, 0.000000, 0.000000, 0.000000, 0.000000, 0.000000, 0.000000, 0.000000
0.000000, 0.000000, 0.000000, 0.000000, 0.000000, 0.000000, 0.000000, 0.000000, 0.000000, 0.000000, 0.000000, 0.000000, 0.000000, 0.000000, 0.000000, 0.000000, 0.000000, 0.000000, 0.000000, 0.000000
0.000000, 0.000000, 0.000000, 0.000000, 0.000000, 0.000000, 0.000000, 0.000000, 0.000000, 0.000000, 0.000000, 0.000000, 0.000000, 0.000000, 0.000000, 0.000000, 0.000000, 0.000000, 0.000000, 0.000000
0.000000, 0.000000, 0.000000, 0.000000, 0.000000, 0.000000, 0.000000, 0.000000, 0.000000, 0.000000, 0.000000, 0.000000, 0.000000, 0.000000, 0.000000, 0.000000, 0.000000, 0.000000, 0.000000, 0.000000
0.000000, 0.000000, 0.000000, 0.000000, 0.000000, 0.000000, 0.000000, 0.000000, 0.000000, 0.000000, 0.000000, 0.000000, 0.000000, 0.000000, 0.000000, 0.000000, 0.000000, 0.000000, 0.000000, 0.000000
0.000000, 0.000000, 0.000000, 0.000000, 0.000000, 0.000000, 0.000000, 0.000000, 0.000000, 0.000000, 0.000000, 0.000000, 0.000000, 0.000000, 0.000000, 0.000000, 0.000000, 0.000000, 0.000000, 0.000000
0.000000, 0.000000, 0.000000, 0.000000, 0.000000, 0.000000, 0.000000, 0.000000, 0.000000, 0.000000, 0.000000, 0.000000, 0.000000, 0.000000, 0.000000, 0.000000, 0.000000, 0.000000, 0.000000, 0.000000
10.190700, 10.182100, 10.207700, 10.194300, 10.192200, 10.151600, 10.107100, 10.030100, 10.079000, 10.075700, 10.035800, 10.050100, 10.055100, 9.959000, 10.000900, 10.001800, 9.973900, 9.966100, 9.929100, 9.992200
12.031400, 12.075500, 12.077700, 12.054000, 12.078400, 12.057400, 11.996000, 11.944700, 11.992900, 11.995700, 11.983400, 11.994000, 12.001300, 11.915100, 11.974400, 11.977500, 11.931900, 11.944300, 11.912000, 11.982100
5.774600, 5.802600, 5.767200, 5.765900, 5.795700, 5.822100, 5.836300, 5.837600, 5.881000, 5.897700, 5.907200, 5.942500, 5.995300, 5.955900, 6.010900, 6.001300, 5.987000, 6.011800, 6.025300, 6.080300
5.014800, 5.060100, 5.024200, 5.007600, 5.045100, 5.075500, 5.072500, 5.076600, 5.130900, 5.146200, 5.176200, 5.203200, 5.242000, 5.212000, 5.249800, 5.242400, 5.241300, 5.250000, 5.269700, 5.310700
4.928000, 4.970000, 4.932000, 4.919600, 4.958900, 4.986600, 4.986800, 4.991200, 5.040000, 5.061400, 5.086800, 5.117700, 5.148200, 5.123100, 5.152300, 5.151400, 5.149400, 5.160400, 5.181500, 5.217400
4.914800, 4.959700, 4.918600, 4.906500, 4.948100, 4.976000, 4.973800, 4.979100, 5.028100, 5.049200, 5.074700, 5.105100, 5.136800, 5.112400, 5.140900, 5.141100, 5.136500, 5.149200, 5.172100, 5.206100
4.908900, 4.954400, 4.912400, 4.901700, 4.941700, 4.970600, 4.968300, 4.973000, 5.023500, 5.044400, 5.068600, 5.099500, 5.130400, 5.106200, 5.136000, 5.135400, 5.130900, 5.142200, 5.165300, 5.198900
4.908800, 4.954400, 4.912600, 4.901600, 4.941800, 4.970700, 4.968600, 4.973000, 5.023600, 5.044300, 5.068500, 5.099600, 5.130400, 5.106100, 5.135500, 5.135400, 5.131200, 5.142500, 5.165300, 5.198700
5.103800, 5.150800, 5.104500, 5.085800, 5.144100, 5.168600, 5.159300, 5.159400, 5.218200, 5.238800, 5.262300, 5.288500, 5.319800, 5.292700, 5.337000, 5.327300, 5.311100, 5.332400, 5.361100, 5.388500
5.474800, 5.536000, 5.481800, 5.468000, 5.520600, 5.545900, 5.522100, 5.536800, 5.579900, 5.621000, 5.640600, 5.672200, 5.698600, 5.659600, 5.720100, 5.704400, 5.693600, 5.712800, 5.754200, 5.775300
6.036100, 6.109500, 6.053100, 6.052400, 6.106300, 6.140200, 6.108300, 6.120300, 6.180900, 6.214300, 6.222900, 6.252700, 6.302600, 6.257500, 6.315800, 6.299300, 6.284600, 6.307300, 6.343300, 6.367200
7.096000, 7.184200, 7.100400, 7.108200, 7.154100, 7.161100, 7.167200, 7.166500, 7.238400, 7.286500, 7.258100, 7.304300, 7.350900, 7.313400, 7.352000, 7.366700, 7.338100, 7.345500, 7.385800, 7.414700
8.464800, 8.543300, 8.490400, 8.478200, 8.516100, 8.521400, 8.508100, 8.487500, 8.586800, 8.605600, 8.595200, 8.644100, 8.651400, 8.620500, 8.663100, 8.685600, 8.652100, 8.658900, 8.683400, 8.702400
9.643500, 9.696100, 9.654100, 9.645300, 9.679800, 9.679000, 9.621600, 9.625200, 9.697900, 9.709600, 9.698100, 9.745100, 9.761600, 9.733900, 9.739900, 9.779300, 9.775900, 9.752600, 9.778800, 9.790200
10.217100, 10.284100, 10.220300, 10.195000, 10.247100, 10.255900, 10.195400, 10.213800, 10.253300, 10.273300, 10.266000, 10.318500, 10.334100, 10.267200, 10.268900, 10.353700, 10.292900, 10.286200, 10.292500, 10.357100
10.437400, 10.487100, 10.420800, 10.379100, 10.445100, 10.418600, 10.391600, 10.403900, 10.440400, 10.468800, 10.493100, 10.521800, 10.525200, 10.466600, 10.472300, 10.517600, 10.456900, 10.486300, 10.489000, 10.537800
10.477000, 10.568900, 10.477200, 10.432900, 10.502900, 10.457500, 10.456400, 10.458200, 10.510900, 10.544500, 10.542300, 10.576900, 10.591300, 10.517300, 10.543100, 10.589000, 10.525900, 10.543600, 10.569400, 10.589200
10.500000, 10.583600, 10.521200, 10.502700, 10.534100, 10.529200, 10.512600, 10.496000, 10.524900, 10.575100, 10.557400, 10.604100, 10.625500, 10.561800, 10.592600, 10.636500, 10.575500, 10.592800, 10.629800, 10.636100
10.539800, 10.610600, 10.574300, 10.540800, 10.577000, 10.587300, 10.535600, 10.522900, 10.584100, 10.619000, 10.623100, 10.662200, 10.670000, 10.609400, 10.623400, 10.682100, 10.633200, 10.648300, 10.681400, 10.636900
10.623000, 10.703900, 10.670700, 10.640300, 10.684000, 10.700300, 10.630100, 10.609700, 10.663300, 10.722700, 10.710500, 10.772400, 10.758400, 10.718400, 10.727100, 10.799500, 10.735400, 10.753700, 10.775500, 10.734800
10.826700, 10.902200, 10.859000, 10.848700, 10.880300, 10.873900, 10.820100, 10.809300, 10.860800, 10.930700, 10.910200, 10.992900, 10.961700, 10.898500, 10.921000, 10.991300, 10.931100, 10.942300, 10.981100, 10.943600
11.188700, 11.244700, 11.202000, 11.175700, 11.209800, 11.213500, 11.167800, 11.143100, 11.221600, 11.285200, 11.266200, 11.321700, 11.304300, 11.226000, 11.278700, 11.345500, 11.269600, 11.320300, 11.339000, 11.287400
11.700200, 11.764000, 11.701800, 11.684100, 11.727700, 11.724200, 11.688500, 11.657900, 11.742300, 11.780500, 11.775500, 11.823100, 11.818400, 11.731400, 11.782700, 11.854000, 11.789300, 11.844000, 11.846300, 11.796100
12.344700, 12.424900, 12.370000, 12.344000, 12.413700, 12.377200, 12.387900, 12.304100, 12.391100, 12.440300, 12.406500, 12.494500, 12.470900, 12.404600, 12.395600, 12.516500, 12.423500, 12.480900, 12.488000, 12.446100
13.134800, 13.207800, 13.135300, 13.126800, 13.202500, 13.128600, 13.118800, 13.065600, 13.136700, 13.185700, 13.192000, 13.244800, 13.229300, 13.160000, 13.133900, 13.225100, 13.163000, 13.217500, 13.236500, 13.186400
13.904600, 13.969400, 13.916700, 13.901400, 13.974500, 13.917200, 13.889600, 13.826500, 13.885500, 13.942400, 13.928600, 14.013200, 13.952200, 13.873600, 13.931600, 13.976100, 13.942000, 13.948900, 13.968900, 13.924100
14.629700, 14.653800, 14.617000, 14.574300, 14.670000, 14.596700, 14.576800, 14.508800, 14.604800, 14.633700, 14.622000, 14.677200, 14.668700, 14.572900, 14.617800, 14.659200, 14.579400, 14.633400, 14.603100, 14.617100
15.219000, 15.241600, 15.199400, 15.186800, 15.268200, 15.172700, 15.149000, 15.102200, 15.194600, 15.180700, 15.194900, 15.272300, 15.243400, 15.138600, 15.167800, 15.195700, 15.150000, 15.218300, 15.153600, 15.155100
15.679700, 15.720500, 15.683100, 15.643600, 15.746900, 15.657500, 15.602100, 15.562000, 15.652500, 15.637000, 15.644000, 15.749000, 15.709000, 15.560900, 15.641500, 15.670800, 15.597100, 15.642500, 15.601000, 15.593500
16.079700, 16.145200, 16.092800, 16.081100, 16.171400, 16.090200, 15.975700, 15.881500, 15.940100, 15.938200, 15.921600, 16.000900, 15.914200, 15.767100, 15.842300, 15.915000, 15.826000, 15.832500, 15.751400, 15.684100
16.321900, 16.509900, 16.534100, 16.474200, 16.552200, 16.336100, 16.104200, 15.992200, 16.027900, 15.868700, 15.847800, 15.918300, 15.812500, 15.695700, 15.656600, 15.706600, 15.634400, 15.580600, 15.544300, 15.458800
16.596100, 16.845400, 16.887700, 16.811700, 16.920800, 16.448000, 16.206800, 16.035900, 16.015200, 15.868000, 15.811000, 15.894700, 15.749600, 15.607000, 15.642800, 15.633500, 25.701800, 26.743200, 26.933300, 26.871300
16.854700, 17.164400, 17.219100, 17.126200, 17.241900, 16.545000, 16.255900, 15.999800, 16.023100, 15.868400, 25.498100, 27.622800, 27.765200, 27.583800, 27.634000, 27.419300, 27.040100, 26.660200, 26.216300, 25.707000
17.096700, 17.470200, 17.573600, 17.380300, 17.508400, 16.665800, 16.315800, 26.483300, 28.331600, 28.583000, 28.371100, 28.337000, 27.772100, 27.115300, 26.753000, 25.026200, 22.615900, 21.662600, 21.069700, 20.664600
17.364200, 17.773300, 17.855100, 17.633200, 17.762300, 26.750700, 29.054600, 29.274800, 29.236600, 28.870800, 28.165500, 27.756100, 24.418100, 22.628400, 22.018500, 21.637500, 21.281400, 21.045000, 20.805700, 20.555700
17.607700, 18.054800, 18.194000, 17.888600, 17.997300, 30.362500, 30.141800, 29.748100, 29.247700, 28.534200, 24.427900, 23.351300, 22.684600, 22.107900, 21.935600, 21.696400, 21.458200, 21.311500, 21.097000, 20.943300
17.855300, 18.329000, 18.455700, 30.140000, 30.205000, 31.343200, 30.595300, 29.787300, 26.699300, 24.477900, 23.542700, 23.323500, 22.943300, 22.462000, 22.334700, 22.126700, 22.000800, 21.880800, 21.647400, 21.503900
18.073800, 18.598800, 25.761400, 32.465300, 32.538300, 31.978700, 30.920600, 26.986400, 25.189000, 24.540400, 23.911200, 23.817400, 23.484300, 23.041500, 22.979000, 22.760700, 22.654300, 22.502000, 22.263600, 22.109100
18.310300, 18.865600, 32.640900, 33.874800, 33.945900, 32.554500, 28.692700, 26.364900, 25.581800, 25.180700, 24.578900, 24.536900, 24.178600, 23.761000, 23.680500, 23.462100, 23.292500, 23.077300, 22.791300, 22.607900
18.540700, 23.872200, 34.473300, 35.127500, 35.195100, 31.840000, 28.247900, 26.968100, 26.392000, 25.949600, 25.380600, 25.207300, 24.719300, 24.195100, 23.979200, 23.685600, 23.497900, 23.284900, 22.974800, 22.817500
18.774400, 32.790500, 36.043200, 36.283600, 36.387000, 31.182500, 28.925900, 27.838600, 27.113400, 26.502000, 25.766200, 25.517200, 25.015600, 24.439300, 24.240700, 23.981100, 23.829200, 23.632600, 23.391700, 23.250000
19.008400, 34.935500, 37.598700, 37.583400, 37.684600, 31.822400, 29.715100, 28.382300, 27.540800, 26.826600, 26.064700, 25.777900, 25.316500, 24.759700, 24.672100, 24.477300, 24.343400, 24.172600, 23.954700, 23.834300
19.250500, 36.763200, 39.149200, 39.054500, 39.149600, 32.487500, 30.278000, 28.817300, 27.810800, 27.082000, 26.349500, 26.148200, 25.764600, 25.261300, 25.181400, 25.026700, 24.911500, 24.798800, 24.591600, 24.474400
29.757200, 38.556900, 40.864100, 40.198800, 40.315900, 33.041200, 30.643000, 29.062700, 28.027900, 27.383800, 26.774600, 26.614900, 26.275500, 25.775600, 25.737100, 25.609600, 25.493400, 25.448000, 25.224500, 25.135100
33.583600, 40.432500, 42.759800, 41.017900, 41.119600, 33.400900, 30.853000, 29.185300, 28.379000, 27.792400, 27.214800, 27.093600, 26.811700, 26.339000, 26.377500, 26.257500, 26.100400, 26.047700, 25.803600, 25.703900
35.807700, 42.436700, 44.350500, 41.717800, 41.862800, 33.606700, 30.940100, 29.501100, 28.771600, 28.236500, 27.690300, 27.638700, 27.360800, 26.928400, 26.962300, 26.848700, 26.650800, 26.589400, 26.332600, 26.230600
37.853100, 44.658100, 45.712900, 42.296500, 42.423400, 33.676100, 31.185600, 29.836500, 29.178700, 28.715100, 28.166000, 28.170800, 27.937400, 27.471500, 27.513300, 27.366700, 27.143200, 27.076400, 26.818600, 26.718400
39.940800, 46.671800, 46.720800, 42.710100, 42.825600, 33.774800, 31.468300, 30.202300, 29.610500, 29.205700, 28.682900, 28.698800, 28.482300, 28.005500, 27.986000, 27.848300, 27.643200, 27.609200, 27.342400, 27.235600
42.150900, 48.356000, 47.484300, 43.043400, 43.134500, 33.994900, 31.772500, 30.624700, 30.100500, 29.702200, 29.219000, 29.196100, 29.009000, 28.521400, 28.504200, 28.366000, 28.137000, 28.119000, 27.853600, 27.756600
44.546900, 49.742500, 48.084300, 43.268300, 43.368000, 34.256200, 32.160700, 31.081800, 30.547800, 30.253800, 29.752100, 29.699200, 29.535000, 29.044200, 29.014500, 28.844200, 28.623700, 28.619500, 28.347100, 28.236400
47.045400, 50.863800, 48.550100, 43.363300, 43.481800, 34.569600, 32.574300, 31.549400, 31.055000, 30.728200, 30.258800, 30.223200, 29.998100, 29.551900, 29.518100, 29.311300, 29.133000, 29.110600, 28.819200, 28.707000
49.245600, 51.701100, 48.939600, 43.444000, 43.564600, 34.931000, 33.022000, 31.996300, 31.561400, 31.247200, 30.737100, 30.745700, 30.489300, 30.054300, 30.006300, 29.776000, 29.568300, 29.568500, 29.240100, 29.099100
51.105000, 52.391600, 49.274400, 43.591200, 43.696800, 35.368700, 33.483700, 32.488600, 32.076500, 31.741100, 31.212800, 31.240500, 30.951000, 30.499400, 30.449200, 30.186100, 30.033500, 29.958000, 29.667100, 29.575000
52.609400, 52.948000, 49.549200, 43.790500, 43.909300, 35.804500, 33.975800, 32.993500, 32.555100, 32.235600, 31.655500, 31.696800, 31.379000, 30.936000, 30.873300, 30.617400, 30.461300, 30.379900, 30.107500, 29.994800
53.834700, 53.406700, 49.815400, 44.078700, 44.171900, 36.255900, 34.451100, 33.484800, 33.030600, 32.682100, 32.072600, 32.097900, 31.783400, 31.319600, 31.275800, 31.031200, 30.869900, 30.819100, 30.550800, 30.443500
54.825100, 53.822200, 50.051400, 44.419100, 44.491200, 36.714500, 34.934800, 33.952100, 33.455800, 33.111200, 32.431300, 32.507900, 32.204900, 31.666800, 31.681000, 31.428700, 31.299100, 31.255300, 31.030100, 30.959300
55.631900, 54.224700, 50.350600, 44.782100, 44.807600, 37.171500, 35.368300, 34.335400, 33.846800, 33.490100, 32.764400, 32.868700, 32.558700, 32.057200, 32.063500, 31.813000, 31.726600, 31.686100, 31.463300, 31.428700
56.319600, 54.566800, 50.663300, 45.137600, 45.178100, 37.597300, 35.780100, 34.702200, 34.194900, 33.831100, 33.082100, 33.216100, 32.906300, 32.454500, 32.473800, 32.228000, 32.151100, 32.126700, 31.897200, 31.857400
56.901800, 54.924400, 50.998200, 45.490600, 45.539700, 38.007200, 36.168200, 35.046000, 34.541500, 34.145000, 33.386400, 33.572600, 33.295400, 32.805500, 32.881400, 32.640600, 32.558200, 32.581300, 32.297300, 32.286200
57.421300, 55.266900, 51.336000, 45.856500, 45.906000, 38.362100, 36.488300, 35.350700, 34.805000, 34.447300, 33.688300, 33.922700, 33.700400, 33.196100, 33.302300, 33.031300, 32.962000, 32.982900, 32.708900, 32.731400
57.870900, 55.628600, 51.653200, 46.204300, 46.245600, 38.661100, 36.771200, 35.623800, 35.106600, 34.781300, 34.019000, 34.253100, 34.035600, 33.561700, 33.709400, 33.483200, 33.382700, 33.366800, 33.091100, 33.170600
58.289600, 55.953200, 51.947600, 46.504800, 46.570900, 38.984100, 37.025300, 35.894200, 35.409400, 35.081400, 34.339400, 34.610700, 34.393400, 33.941300, 34.075300, 33.885000, 33.770000, 33.778000, 33.494700, 33.574000
58.687800, 56.285300, 52.250100, 46.793100, 46.862400, 39.230000, 37.271300, 36.182800, 35.673200, 35.401100, 34.679800, 34.960900, 34.754100, 34.316400, 34.475000, 34.259500, 34.214600, 34.197900, 33.900000, 33.973000
59.041300, 56.595000, 52.533400, 47.036800, 47.126800, 39.451500, 37.513600, 36.440100, 35.962500, 35.706700, 35.003700, 35.336800, 35.141700, 34.664300, 34.862000, 34.634200, 34.613600, 34.630100, 34.287200, 34.353000
59.376700, 56.897400, 52.790500, 47.283900, 47.343600, 39.679500, 37.762200, 36.744400, 36.256900, 35.999000, 35.333900, 35.638200, 35.477900, 35.000800, 35.221700, 35.012900, 35.005300, 35.030400, 34.696800, 34.707900
59.707600, 57.176900, 53.042100, 47.468400, 47.544700, 39.884700, 38.020900, 37.015900, 36.543400, 36.320600, 35.676200, 35.987900, 35.772700, 35.321200, 35.576500, 35.418500, 35.355900, 35.377100, 35.074900, 35.087700
59.996000, 57.432200, 53.278200, 47.640800, 47.728400, 40.084600, 38.251000, 37.314700, 36.862100, 36.601600, 35.995500, 36.310000, 36.093100, 35.650100, 35.946400, 35.760700, 35.697900, 35.690900, 35.438600, 35.469500
60.304000, 57.701800, 53.496300, 47.808500, 47.904100, 40.300100, 38.514900, 37.602000, 37.175500, 36.973500, 36.325900, 36.672900, 36.472400, 36.030300, 36.290800, 36.168200, 36.064400, 36.090000, 35.848600, 35.856000
60.544800, 57.925800, 53.676400, 47.952000, 48.062500, 40.489700, 38.790300, 37.865800, 37.462000, 37.269400, 36.666200, 36.968500, 36.784500, 36.354100, 36.623200, 36.508800, 36.392100, 36.434200, 36.218600, 36.228800
60.782900, 58.124900, 53.829800, 48.087600, 48.204200, 40.687400, 39.053700, 38.101600, 37.739500, 37.560800, 36.952100, 37.280100, 37.088900, 36.676200, 36.920700, 36.837000, 36.741200, 36.773300, 36.610900, 36.610100
61.003800, 58.295800, 53.969500, 48.208100, 48.326900, 40.922900, 39.308100, 38.352800, 38.011800, 37.829600, 37.229600, 37.565400, 37.352000, 36.962300, 37.251000, 37.160200, 37.084500, 37.128500, 36.985100, 36.934100
61.195400, 58.465800, 54.103400, 48.352200, 48.461800, 41.140100, 39.524800, 38.589300, 38.273900, 38.108300, 37.494900, 37.825400, 37.615400, 37.251000, 37.543100, 37.477700, 37.415500, 37.468000, 37.269700, 37.306300


0.000000, 0.000000, 0.000000, 0.000000, 0.000000, 0.000000, 0.000000, 0.000000, 0.000000, 0.000000, 0.000000, 0.000000, 0.000000, 0.000000, 0.000000, 0.000000, 0.000000, 0.000000, 0.000000, 0.000000
0.000000, 0.000000, 0.000000, 0.000000, 0.000000, 0.000000, 0.000000, 0.000000, 0.000000, 0.000000, 0.000000, 0.000000, 0.000000, 0.000000, 0.000000, 0.000000, 0.000000, 0.000000, 0.000000, 0.000000
0.000000, 0.000000, 0.000000, 0.000000, 0.000000, 0.000000, 0.000000, 0.000000, 0.000000, 0.000000, 0.000000, 0.000000, 0.000000, 0.000000, 0.000000, 0.000000, 0.000000, 0.000000, 0.000000, 0.000000
0.000000, 0.000000, 0.000000, 0.000000, 0.000000, 0.000000, 0.000000, 0.000000, 0.000000, 0.000000, 0.000000, 0.000000, 0.000000, 0.000000, 0.000000, 0.000000, 0.000000, 0.000000, 0.000000, 0.000000
0.000000, 0.000000, 0.000000, 0.000000, 0.000000, 0.000000, 0.000000, 0.000000, 0.000000, 0.000000, 0.000000, 0.000000, 0.000000, 0.000000, 0.000000, 0.000000, 0.000000, 0.000000, 0.000000, 0.000000
0.000000, 0.000000, 0.000000, 0.000000, 0.000000, 0.000000, 0.000000, 0.000000, 0.000000, 0.000000, 0.000000, 0.000000, 0.000000, 0.000000, 0.000000, 0.000000, 0.000000, 0.000000, 0.000000, 0.000000
0.000000, 0.000000, 0.000000, 0.000000, 0.000000, 0.000000, 0.000000, 0.000000, 0.000000, 0.000000, 0.000000, 0.000000, 0.000000, 0.000000, 0.000000, 0.000000, 0.000000, 0.000000, 0.000000, 0.000000
0.000000, 0.000000, 0.000000, 0.000000, 0.000000, 0.000000, 0.000000, 0.000000, 0.000000, 0.000000, 0.000000, 0.000000, 0.000000, 0.000000, 0.000000, 0.000000, 0.000000, 0.000000, 0.000000, 0.000000
0.000000, 0.000000, 0.000000, 0.000000, 0.000000, 0.000000, 0.000000, 0.000000, 0.000000, 0.000000, 0.000000, 0.000000, 0.000000, 0.000000, 0.000000, 0.000000, 0.000000, 0.000000, 0.000000, 0.000000
0.002000, 0.000500, 0.001800, 0.001300, 0.001600, 0.001300, 0.001800, 0.001000, 0.001600, 0.001100, 0.001200, 0.001300, 0.000900, 0.000600, 0.000700, 0.001100, 0.001000, 0.001700, 0.001300, 0.000900
0.229900, 0.226400, 0.226500, 0.230700, 0.226900, 0.225000, 0.226000, 0.221100, 0.232000, 0.228500, 0.227500, 0.231400, 0.234400, 0.231800, 0.239900, 0.234200, 0.239600, 0.236600, 0.243400, 0.245300
0.537500, 0.542700, 0.551100, 0.548700, 0.549200, 0.550600, 0.530100, 0.530600, 0.535000, 0.544900, 0.541000, 0.544200, 0.540800, 0.537600, 0.552500, 0.543800, 0.542000, 0.548300, 0.549800, 0.554400
0.691500, 0.693300, 0.706900, 0.702200, 0.701700, 0.701600, 0.681700, 0.682500, 0.683100, 0.690900, 0.682900, 0.687900, 0.680400, 0.668300, 0.688200, 0.686800, 0.668500, 0.684100, 0.685000, 0.687000
0.710600, 0.717700, 0.728900, 0.725000, 0.724600, 0.721400, 0.701900, 0.702800, 0.707200, 0.715300, 0.704400, 0.706600, 0.701500, 0.687700, 0.706900, 0.705400, 0.688700, 0.703500, 0.703900, 0.705300
0.712700, 0.718400, 0.731500, 0.728000, 0.726500, 0.723700, 0.705200, 0.705000, 0.710100, 0.717500, 0.707000, 0.708500, 0.704000, 0.690300, 0.709700, 0.707000, 0.691500, 0.706100, 0.706100, 0.707900
0.713100, 0.719100, 0.732200, 0.728700, 0.726900, 0.724200, 0.705800, 0.705200, 0.710400, 0.717900, 0.707500, 0.709100, 0.704100, 0.690600, 0.709900, 0.707300, 0.692500, 0.706600, 0.706300, 0.708000
0.775400, 0.786100, 0.793500, 0.793000, 0.795700, 0.787700, 0.768000, 0.764800, 0.770000, 0.780000, 0.768100, 0.767000, 0.761700, 0.743900, 0.769000, 0.767100, 0.745200, 0.769600, 0.765600, 0.766400
0.912600, 0.927900, 0.931000, 0.928000, 0.931800, 0.923900, 0.898700, 0.903300, 0.897300, 0.909600, 0.899800, 0.909500, 0.893200, 0.867500, 0.902400, 0.902500, 0.879200, 0.898100, 0.901700, 0.903000
1.157800, 1.169500, 1.182100, 1.183900, 1.186800, 1.181200, 1.151500, 1.147500, 1.153700, 1.157800, 1.148600, 1.147100, 1.145600, 1.114000, 1.146000, 1.141900, 1.116900, 1.140900, 1.136800, 1.146100
1.708200, 1.730900, 1.729300, 1.732900, 1.735600, 1.718200, 1.692700, 1.688000, 1.696900, 1.710200, 1.682200, 1.674900, 1.678700, 1.653700, 1.668700, 1.691100, 1.657400, 1.665800, 1.669700, 1.671200
2.628500, 2.634800, 2.656000, 2.648200, 2.639300, 2.622200, 2.597900, 2.578000, 2.602400, 2.603400, 2.568600, 2.568500, 2.540400, 2.512400, 2.564600, 2.563400, 2.513000, 2.519800, 2.520000, 2.505200
3.629200, 3.622300, 3.619800, 3.645500, 3.633500, 3.614700, 3.572200, 3.546000, 3.551900, 3.573500, 3.493100, 3.519000, 3.499700, 3.491900, 3.497300, 3.500000, 3.467200, 3.466200, 3.461700, 3.457000
4.302100, 4.327200, 4.289300, 4.320700, 4.313300, 4.300700, 4.254200, 4.205600, 4.201800, 4.231100, 4.179800, 4.199700, 4.175700, 4.110500, 4.118600, 4.175800, 4.108900, 4.130400, 4.094500, 4.125200
4.751100, 4.736800, 4.707600, 4.721800, 4.707000, 4.680100, 4.666800, 4.634900, 4.626000, 4.637800, 4.605200, 4.634200, 4.584900, 4.517400, 4.539700, 4.565400, 4.503200, 4.548000, 4.483600, 4.514100
5.009300, 5.055500, 5.001000, 5.003800, 4.999200, 4.961800, 4.946700, 4.920500, 4.924400, 4.936500, 4.890200, 4.908800, 4.877400, 4.792600, 4.836200, 4.863700, 4.796000, 4.833500, 4.769100, 4.782400
5.220400, 5.270400, 5.226700, 5.255200, 5.219100, 5.217900, 5.191400, 5.139600, 5.111900, 5.154000, 5.099900, 5.112900, 5.077200, 5.024700, 5.074200, 5.087400, 5.027000, 5.063800, 5.008900, 5.017300
5.391100, 5.440200, 5.407500, 5.431100, 5.400400, 5.403600, 5.354700, 5.307100, 5.310500, 5.331500, 5.282000, 5.304800, 5.276500, 5.210100, 5.244700, 5.267100, 5.204400, 5.242500, 5.199200, 5.157200
5.563800, 5.608400, 5.590700, 5.600900, 5.581600, 5.590100, 5.529200, 5.484000, 5.472800, 5.509900, 5.451200, 5.469400, 5.441100, 5.390200, 5.425600, 5.455600, 5.393100, 5.434800, 5.375400, 5.338200
5.790900, 5.841100, 5.798300, 5.833700, 5.807800, 5.792300, 5.743900, 5.718800, 5.707300, 5.755900, 5.664500, 5.699400, 5.685900, 5.616700, 5.640000, 5.673300, 5.618500, 5.652400, 5.611700, 5.561000
6.121100, 6.169200, 6.113700, 6.156700, 6.122100, 6.126500, 6.072800, 6.034700, 6.035500, 6.069800, 6.002600, 6.013600, 5.996700, 5.924700, 5.956500, 5.996400, 5.935800, 5.989100, 5.949600, 5.874200
6.582900, 6.628400, 6.559900, 6.608900, 6.584800, 6.575900, 6.514000, 6.494500, 6.484600, 6.510000, 6.455300, 6.460100, 6.452000, 6.361700, 6.405000, 6.434400, 6.381500, 6.448500, 6.391000, 6.304300
7.157000, 7.218800, 7.154900, 7.201900, 7.189300, 7.167000, 7.134000, 7.052200, 7.065000, 7.083700, 7.021800, 7.058400, 7.019800, 6.960300, 6.953600, 7.015500, 6.944000, 7.015900, 6.968000, 6.889300
7.875100, 7.920000, 7.842100, 7.923400, 7.900700, 7.848800, 7.803100, 7.758200, 7.739000, 7.771300, 7.744800, 7.739700, 7.718400, 7.643800, 7.649400, 7.682700, 7.611300, 7.710100, 7.652600, 7.586200
8.598900, 8.641400, 8.597700, 8.663700, 8.644700, 8.619200, 8.549600, 8.493700, 8.462700, 8.506200, 8.459700, 8.466700, 8.398700, 8.334500, 8.394300, 8.402300, 8.360100, 8.405000, 8.379600, 8.295500
9.335000, 9.341600, 9.295300, 9.362500, 9.334900, 9.308500, 9.245600, 9.181400, 9.163700, 9.211800, 9.157100, 9.153800, 9.122600, 9.032500, 9.088700, 9.078500, 8.997500, 9.100500, 9.036300, 8.981000
9.970600, 9.966500, 9.926300, 9.994300, 9.978000, 9.928700, 9.881300, 9.783300, 9.804900, 9.806400, 9.772000, 9.785300, 9.743000, 9.629700, 9.682300, 9.651300, 9.607500, 9.708600, 9.619200, 9.575900
10.499000, 10.494700, 10.480300, 10.505900, 10.503700, 10.483400, 10.395100, 10.322300, 10.322100, 10.326500, 10.289200, 10.309600, 10.270500, 10.119500, 10.220700, 10.176000, 10.128700, 10.198000, 10.132800, 10.072400
10.904100, 10.916500, 10.894700, 10.946500, 10.928000, 10.908700, 10.784200, 10.683000, 10.673400, 10.704600, 10.641200, 10.665200, 10.603500, 10.459000, 10.586300, 10.586100, 10.520800, 10.573700, 10.499200, 10.391900
11.092800, 11.205200, 11.244700, 11.250200, 11.229400, 11.120800, 10.927600, 10.837000, 10.827800, 10.767200, 10.719000, 10.782300, 10.722600, 10.646300, 10.674200, 10.711700, 10.666100, 10.674500, 10.664200, 10.576500
11.303400, 11.468400, 11.518900, 11.521900, 11.522000, 11.229500, 11.059500, 10.943400, 10.917400, 10.891500, 10.839600, 10.925700, 10.848100, 10.770500, 10.882400, 10.876800, 17.666400, 18.433600, 18.583700, 18.489000
11.497800, 11.721800, 11.780600, 11.775400, 11.789200, 11.338500, 11.156300, 10.981000, 11.007600, 11.001300, 17.519000, 18.964700, 19.136300, 18.993800, 19.145200, 19.011100, 18.739400, 18.550600, 18.271300, 17.902000
11.689200, 11.965200, 12.064300, 11.983500, 12.008200, 11.469400, 11.256300, 18.111700, 19.431400, 19.731600, 19.613700, 19.640800, 19.310300, 18.899400, 18.751500, 17.510300, 15.885000, 15.446300, 15.188500, 15.013000
11.899700, 12.200500, 12.292500, 12.194100, 12.216900, 18.297800, 19.888100, 20.114000, 20.213300, 20.107200, 19.662600, 19.462800, 17.125100, 16.091700, 15.959800, 15.817800, 15.703700, 15.699600, 15.616300, 15.448500
12.094300, 12.425600, 12.561600, 12.414300, 12.417700, 20.827500, 20.779800, 20.593100, 20.390600, 20.086400, 17.282300, 16.799400, 16.557400, 16.339300, 16.435600, 16.309100, 16.197100, 16.185800, 16.067200, 15.944000
12.290800, 12.651700, 12.778500, 20.692600, 20.715200, 21.640800, 21.261600, 20.835600, 18.794800, 17.637500, 17.208400, 17.300100, 17.172500, 16.937600, 17.001200, 16.848600, 16.808500, 16.806200, 16.664600, 16.526600
12.462700, 12.875400, 17.767300, 22.427500, 22.454800, 22.264100, 21.693300, 19.125300, 18.233200, 18.131500, 17.859400, 17.978200, 17.822000, 17.576700, 17.677100, 17.522400, 17.470900, 17.449500, 17.295600, 17.158500
12.649600, 13.099200, 22.520600, 23.552800, 23.604500, 22.884100, 20.375600, 19.114000, 18.886800, 18.898900, 18.597100, 18.725400, 18.539700, 18.311000, 18.385600, 18.245600, 18.133600, 18.042700, 17.852500, 17.706100
12.830600, 16.518900, 23.977200, 24.598300, 24.672100, 22.598900, 20.435300, 19.877700, 19.752900, 19.710500, 19.402400, 19.407500, 19.113100, 18.797200, 18.755900, 18.529900, 18.412100, 18.334700, 18.110900, 18.001100
13.019100, 22.658600, 25.239000, 25.614800, 25.718000, 22.450000, 21.241300, 20.770500, 20.471400, 20.280400, 19.839700, 19.776900, 19.477600, 19.104400, 19.079600, 18.880000, 18.793100, 18.726600, 18.579900, 18.481600
13.208700, 24.309100, 26.538400, 26.771600, 26.872800, 23.208000, 22.042900, 21.325700, 20.943900, 20.658600, 20.195700, 20.092000, 19.828300, 19.482000, 19.544000, 19.419000, 19.346500, 19.294500, 19.162800, 19.070000
13.413400, 25.786600, 27.852900, 28.079000, 28.170900, 23.913300, 22.610000, 21.772900, 21.251400, 20.945500, 20.532500, 20.499200, 20.305900, 20.013400, 20.085500, 19.980500, 19.926100, 19.908000, 19.794500, 19.714500
20.531900, 27.238900, 29.316500, 29.128100, 29.236600, 24.477500, 22.995000, 22.058800, 21.504300, 21.297400, 20.994700, 20.980100, 20.845600, 20.528800, 20.644400, 20.572500, 20.517400, 20.560800, 20.424500, 20.362100
23.294700, 28.798100, 30.943000, 29.887700, 30.001000, 24.840200, 23.211700, 22.222900, 21.888400, 21.737400, 21.451800, 21.471600, 21.386700, 21.100200, 21.275500, 21.215700, 21.129800, 21.161100, 21.007300, 20.942700
25.018400, 30.473000, 32.281600, 30.545300, 30.688600, 25.042600, 23.333300, 22.574000, 22.315800, 22.200300, 21.935000, 22.013900, 21.938700, 21.702600, 21.854600, 21.817100, 21.698800, 21.721000, 21.546500, 21.487400
26.660200, 32.334000, 33.436100, 31.061200, 31.188500, 25.133400, 23.615800, 22.928200, 22.736100, 22.690000, 22.427300, 22.556200, 22.504500, 22.253500, 22.421400, 22.356000, 22.199800, 22.220200, 22.067500, 22.003500
28.354000, 34.014500, 34.289700, 31.429900, 31.548000, 25.264100, 23.927300, 23.301600, 23.184400, 23.183900, 22.943900, 23.094000, 23.047000, 22.801100, 22.917100, 22.858700, 22.721900, 22.778700, 22.608000, 22.537600
30.176200, 35.415700, 34.910300, 31.725800, 31.808500, 25.515700, 24.259500, 23.735000, 23.667300, 23.678200, 23.460100, 23.610300, 23.584000, 23.327800, 23.442200, 23.393100, 23.242700, 23.314300, 23.143100, 23.078900
32.157600, 36.558900, 35.399800, 31.915200, 32.009600, 25.791300, 24.654500, 24.181500, 24.110800, 24.219400, 24.007900, 24.127600, 24.127900, 23.855800, 23.977900, 23.901500, 23.746500, 23.839600, 23.652100, 23.585000
34.209000, 37.484200, 35.792300, 31.979700, 32.084400, 26.116900, 25.047900, 24.654600, 24.605100, 24.693000, 24.515700, 24.663300, 24.614200, 24.366300, 24.505300, 24.389200, 24.267700, 24.344400, 24.147000, 24.072900
36.018400, 38.165800, 36.109000, 32.033400, 32.153400, 26.467300, 25.474300, 25.095400, 25.090600, 25.205200, 25.001100, 25.195600, 25.118600, 24.885800, 24.990400, 24.863100, 24.716800, 24.827300, 24.603000, 24.496500
37.548600, 38.725200, 36.383400, 32.147400, 32.264400, 26.868700, 25.916400, 25.568200, 25.590300, 25.685200, 25.476300, 25.691100, 25.586500, 25.348800, 25.448700, 25.298200, 25.213400, 25.248400, 25.036800, 24.971600
38.779300, 39.156000, 36.585000, 32.316600, 32.438700, 27.255600, 26.372400, 26.050900, 26.057600, 26.201000, 25.923000, 26.157600, 26.038600, 25.812300, 25.906900, 25.745800, 25.668800, 25.696400, 25.499100, 25.412700
39.765600, 39.504600, 36.794700, 32.564600, 32.663300, 27.682800, 26.835100, 26.539700, 26.518300, 26.645500, 26.364400, 26.569800, 26.459800, 26.219800, 26.332300, 26.179500, 26.106500, 26.157900, 25.958300, 25.885600
40.562900, 39.845200, 36.964600, 32.867000, 32.922300, 28.119100, 27.295200, 26.991200, 26.961000, 27.091000, 26.747800, 27.001600, 26.877900, 26.604800, 26.750400, 26.607200, 26.558800, 26.610000, 26.450000, 26.406300
41.208100, 40.151900, 37.197700, 33.179300, 33.190600, 28.544500, 27.717700, 27.375900, 27.358700, 27.484300, 27.104900, 27.394400, 27.259800, 27.014700, 27.145900, 26.997700, 27.005300, 27.078900, 26.893300, 26.887300
41.743400, 40.414100, 37.447300, 33.483700, 33.495300, 28.942400, 28.117500, 27.751500, 27.708700, 27.845600, 27.443100, 27.748900, 27.621200, 27.444000, 27.552000, 27.432900, 27.436500, 27.528500, 27.355600, 27.343300
42.202500, 40.691300, 37.701600, 33.789400, 33.800300, 29.324400, 28.494400, 28.095000, 28.074200, 28.169500, 27.766200, 28.123900, 28.018500, 27.809800, 27.978400, 27.878000, 27.858400, 27.991500, 27.775000, 27.788300
42.608800, 40.951300, 37.965000, 34.094000, 34.106100, 29.669500, 28.819200, 28.412100, 28.368000, 28.492700, 28.078300, 28.480200, 28.443600, 28.214700, 28.423400, 28.277300, 28.273500, 28.394500, 28.213400, 28.257000
42.963800, 41.223800, 38.222300, 34.386700, 34.397300, 29.958200, 29.090200, 28.705200, 28.690000, 28.837600, 28.436500, 28.834200, 28.803300, 28.607100, 28.854500, 28.735200, 28.718300, 28.789100, 28.615500, 28.702500
43.282700, 41.467800, 38.448200, 34.631400, 34.679600, 30.274100, 29.350200, 28.989200, 28.984800, 29.162800, 28.772800, 29.214900, 29.167300, 28.992600, 29.237200, 29.158600, 29.118500, 29.234700, 29.038700, 29.133200
43.594000, 41.723700, 38.682700, 34.869500, 34.926300, 30.522600, 29.608200, 29.286800, 29.271400, 29.482700, 29.124900, 29.578600, 29.532900, 29.386700, 29.641000, 29.540600, 29.582300, 29.664800, 29.464900, 29.559300
43.865000, 41.958200, 38.912600, 35.088300, 35.144800, 30.733000, 29.872500, 29.559600, 29.567800, 29.810800, 29.458800, 29.966600, 29.944000, 29.768500, 30.043400, 29.938500, 29.997100, 30.110500, 29.864500, 29.961800
44.115500, 42.181200, 39.115900, 35.304100, 35.330200, 30.965200, 30.125200, 29.865700, 29.884700, 30.119900, 29.798500, 30.281800, 30.298700, 30.121800, 30.422400, 30.328400, 30.403400, 30.535600, 30.292700, 30.344200
44.369800, 42.393400, 39.309700, 35.463500, 35.511200, 31.164800, 30.398800, 30.149500, 30.168000, 30.455500, 30.148300, 30.648400, 30.609600, 30.464400, 30.791800, 30.745500, 30.773300, 30.909900, 30.692900, 30.741000
44.590600, 42.588100, 39.494800, 35.612500, 35.668700, 31.364500, 30.620400, 30.450700, 30.488500, 30.734700, 30.465900, 30.986000, 30.944900, 30.802600, 31.182800, 31.107400, 31.137600, 31.238600, 31.078300, 31.143400
44.825600, 42.788700, 39.662000, 35.763700, 35.817600, 31.574100, 30.876100, 30.735500, 30.803300, 31.109900, 30.808400, 31.377000, 31.351500, 31.196300, 31.547500, 31.529600, 31.526800, 31.658200, 31.509000, 31.550100
45.005300, 42.948700, 39.798400, 35.893900, 35.953200, 31.765100, 31.145000, 31.010000, 31.101200, 31.429600, 31.156000, 31.691000, 31.681100, 31.531500, 31.897100, 31.884400, 31.865100, 32.029400, 31.907600, 31.943200
45.187100, 43.097500, 39.918800, 36.015900, 36.068800, 31.946700, 31.408300, 31.260600, 31.383100, 31.729000, 31.459900, 32.006400, 32.002800, 31.868500, 32.209900, 32.235600, 32.228800, 32.377400, 32.316300, 32.356800
45.354000, 43.221100, 40.039000, 36.120500, 36.178500, 32.164800, 31.661700, 31.512200, 31.660400, 32.002700, 31.750900, 32.313600, 32.284200, 32.168400, 32.575600, 32.573400, 32.592800, 32.748700, 32.713500, 32.698400
45.499300, 43.350600, 40.143000, 36.244000, 36.293300, 32.382100, 31.884200, 31.750700, 31.927000, 32.289200, 32.022900, 32.586600, 32.562600, 32.473500, 32.877100, 32.921100, 32.937400, 33.113500, 33.010200, 33.081200


0.000000, 0.000000, 0.000000, 0.000000, 0.000000, 0.000000, 0.000000, 0.000000, 0.000000, 0.000000, 0.000000, 0.000000, 0.000000, 0.000000, 0.000000, 0.000000, 0.000000, 0.000000, 0.000000, 0.000000
0.000000, 0.000000, 0.000000, 0.000000, 0.000000, 0.000000, 0.000000, 0.000000, 0.000000, 0.000000, 0.000000, 0.000000, 0.000000, 0.000000, 0.000000, 0.000000, 0.000000, 0.000000, 0.000000, 0.000000
0.000000, 0.000000, 0.000000, 0.000000, 0.000000, 0.000000, 0.000000, 0.000000, 0.000000, 0.000000, 0.000000, 0.000000, 0.000000, 0.000000, 0.000000, 0.000000, 0.000000, 0.000000, 0.000000, 0.000000
0.000000, 0.000000, 0.000000, 0.000000, 0.000000, 0.000000, 0.000000, 0.000000, 0.000000, 0.000000, 0.000000, 0.000000, 0.000000, 0.000000, 0.000000, 0.000000, 0.000000, 0.000000, 0.000000, 0.000000
0.000000, 0.000000, 0.000000, 0.000000, 0.000000, 0.000000, 0.000000, 0.000000, 0.000000, 0.000000, 0.000000, 0.000000, 0.000000, 0.000000, 0.000000, 0.000000, 0.000000, 0.000000, 0.000000, 0.000000
0.000000, 0.000000, 0.000000, 0.000000, 0.000000, 0.000000, 0.000000, 0.000000, 0.000000, 0.000000, 0.000000, 0.000000, 0.000000, 0.000000, 0.000000, 0.000000, 0.000000, 0.000000, 0.000000, 0.000000
0.000000, 0.000000, 0.000000, 0.000000, 0.000000, 0.000000, 0.000000, 0.000000, 0.000000, 0.000000, 0.000000, 0.000000, 0.000000, 0.000000, 0.000000, 0.000000, 0.000000, 0.000000, 0.000000, 0.000000
0.000000, 0.000000, 0.000000, 0.000000, 0.000000, 0.000000, 0.000000, 0.000000, 0.000000, 0.000000, 0.000000, 0.000000, 0.000000, 0.000000, 0.000000, 0.000000, 0.000000, 0.000000, 0.000000, 0.000000
10.190700, 10.182100, 10.207700, 10.194300, 10.192200, 10.151600, 10.107100, 10.030100, 10.079000, 10.075700, 10.035800, 10.050100, 10.055100, 9.959000, 10.000900, 10.001800, 9.973900, 9.966100, 9.929100, 9.992200
12.029400, 12.075000, 12.075900, 12.052700, 12.076800, 12.056100, 11.994200, 11.943700, 11.991300, 11.994600, 11.982200, 11.992700, 12.000400, 11.914500, 11.973700, 11.976400, 11.930900, 11.942600, 11.910700, 11.981200
5.544700, 5.576200, 5.540700, 5.535200, 5.568800, 5.597100, 5.610300, 5.616500, 5.649000, 5.669200, 5.679700, 5.711100, 5.760900, 5.724100, 5.771000, 5.767100, 5.747400, 5.775200, 5.781900, 5.835000
4.477300, 4.517400, 4.473100, 4.458900, 4.495900, 4.524900, 4.542400, 4.546000, 4.595900, 4.601300, 4.635200, 4.659000, 4.701200, 4.674400, 4.697300, 4.698600, 4.699300, 4.701700, 4.719900, 4.756300
4.236500, 4.276700, 4.225100, 4.217400, 4.257200, 4.285000, 4.305100, 4.308700, 4.356900, 4.370500, 4.403900, 4.429800, 4.467800, 4.454800, 4.464100, 4.464600, 4.480900, 4.476300, 4.496500, 4.530400
4.204200, 4.242000, 4.189700, 4.181500, 4.223500, 4.254600, 4.271900, 4.276300, 4.320900, 4.333900, 4.370300, 4.398500, 4.435300, 4.424700, 4.434000, 4.435700, 4.447800, 4.445700, 4.468200, 4.500800
4.196200, 4.236000, 4.180900, 4.173700, 4.215200, 4.246900, 4.263100, 4.268000, 4.313400, 4.326900, 4.361600, 4.391000, 4.426400, 4.415900, 4.426300, 4.428400, 4.439400, 4.436100, 4.459200, 4.491000
4.195700, 4.235300, 4.180400, 4.172900, 4.214900, 4.246500, 4.262800, 4.267800, 4.313200, 4.326400, 4.361000, 4.390500, 4.426300, 4.415500, 4.425600, 4.428100, 4.438700, 4.435900, 4.459000, 4.490700
4.328400, 4.364700, 4.311000, 4.292800, 4.348400, 4.380900, 4.391300, 4.394600, 4.448200, 4.458800, 4.494200, 4.521500, 4.558100, 4.548800, 4.568000, 4.560200, 4.565900, 4.562800, 4.595500, 4.622100
4.562200, 4.608100, 4.550800, 4.540000, 4.588800, 4.622000, 4.623400, 4.633500, 4.682600, 4.711400, 4.740800, 4.762700, 4.805400, 4.792100, 4.817700, 4.801900, 4.814400, 4.814700, 4.852500, 4.872300
4.878300, 4.940000, 4.871000, 4.868500, 4.919500, 4.959000, 4.956800, 4.972800, 5.027200, 5.056500, 5.074300, 5.105600, 5.157000, 5.143500, 5.169800, 5.157400, 5.167700, 5.166400, 5.206500, 5.221100
5.387800, 5.453300, 5.371100, 5.375300, 5.418500, 5.442900, 5.474500, 5.478500, 5.541500, 5.576300, 5.575900, 5.629400, 5.672200, 5.659700, 5.683300, 5.675600, 5.680700, 5.679700, 5.716100, 5.743500
5.836300, 5.908500, 5.834400, 5.830000, 5.876800, 5.899200, 5.910200, 5.909500, 5.984400, 6.002200, 6.026600, 6.075600, 6.111000, 6.108100, 6.098500, 6.122200, 6.139100, 6.139100, 6.163400, 6.197200
6.014300, 6.073800, 6.034300, 5.999800, 6.046300, 6.064300, 6.049400, 6.079200, 6.146000, 6.136100, 6.205000, 6.226100, 6.261900, 6.242000, 6.242600, 6.279300, 6.308700, 6.286400, 6.317100, 6.333200
5.915000, 5.956900, 5.931000, 5.874300, 5.933800, 5.955200, 5.941200, 6.008200, 6.051500, 6.042200, 6.086200, 6.118800, 6.158400, 6.156700, 6.150300, 6.177900, 6.184000, 6.155800, 6.198000, 6.231900
5.686300, 5.750300, 5.713200, 5.657300, 5.738100, 5.738500, 5.724800, 5.769000, 5.814400, 5.831000, 5.887900, 5.887600, 5.940300, 5.949200, 5.932600, 5.952200, 5.953700, 5.938300, 6.005400, 6.023700
5.467700, 5.513400, 5.476200, 5.429100, 5.503700, 5.495700, 5.509700, 5.537700, 5.586500, 5.608000, 5.652100, 5.668100, 5.713900, 5.724700, 5.706900, 5.725300, 5.729900, 5.710100, 5.800300, 5.806800
5.279600, 5.313200, 5.294500, 5.247500, 5.315000, 5.311300, 5.321200, 5.356400, 5.413000, 5.421100, 5.457500, 5.491200, 5.548300, 5.537100, 5.518400, 5.549100, 5.548500, 5.529000, 5.620900, 5.618800
5.148700, 5.170400, 5.166800, 5.109700, 5.176600, 5.183700, 5.180900, 5.215800, 5.273600, 5.287500, 5.341100, 5.357400, 5.393500, 5.399300, 5.378700, 5.415000, 5.428800, 5.405800, 5.482200, 5.479700
5.059200, 5.095500, 5.080000, 5.039400, 5.102400, 5.110200, 5.100900, 5.125700, 5.190500, 5.212800, 5.259300, 5.303000, 5.317300, 5.328200, 5.301500, 5.343900, 5.342300, 5.318900, 5.400100, 5.396600
5.035800, 5.061100, 5.060700, 5.015000, 5.072500, 5.081600, 5.076200, 5.090500, 5.153500, 5.174800, 5.245700, 5.293500, 5.275800, 5.281800, 5.281000, 5.318000, 5.312600, 5.289900, 5.369400, 5.382600
5.067600, 5.075500, 5.088300, 5.019000, 5.087700, 5.087000, 5.095000, 5.108400, 5.186100, 5.215400, 5.263600, 5.308100, 5.307600, 5.301300, 5.322200, 5.349100, 5.333800, 5.331200, 5.389400, 5.413200
5.117300, 5.135600, 5.141900, 5.075200, 5.142900, 5.148300, 5.174500, 5.163400, 5.257700, 5.270500, 5.320200, 5.363000, 5.366400, 5.369700, 5.377700, 5.419600, 5.407800, 5.395500, 5.455300, 5.491800
5.187700, 5.206100, 5.215100, 5.142100, 5.224400, 5.210200, 5.253900, 5.251900, 5.326100, 5.356600, 5.384700, 5.436100, 5.451100, 5.444300, 5.442000, 5.501000, 5.479500, 5.465000, 5.520000, 5.556800
5.259700, 5.287800, 5.293200, 5.203400, 5.301800, 5.279800, 5.315700, 5.307400, 5.397700, 5.414400, 5.447200, 5.505100, 5.510900, 5.516200, 5.484500, 5.542400, 5.551700, 5.507400, 5.583900, 5.600200
5.305700, 5.328000, 5.319000, 5.237700, 5.329800, 5.298000, 5.340000, 5.332800, 5.422800, 5.436200, 5.468900, 5.546500, 5.553500, 5.539100, 5.537300, 5.573800, 5.581900, 5.543900, 5.589300, 5.628600
5.294700, 5.312200, 5.321700, 5.211800, 5.335100, 5.288200, 5.331200, 5.327400, 5.441100, 5.421900, 5.464900, 5.523400, 5.546100, 5.540400, 5.529100, 5.580700, 5.581900, 5.532900, 5.566800, 5.636100
5.248400, 5.275100, 5.273100, 5.192500, 5.290200, 5.244000, 5.267700, 5.318900, 5.389700, 5.374300, 5.422900, 5.487000, 5.500400, 5.508900, 5.485500, 5.544400, 5.542500, 5.509700, 5.534400, 5.579200
5.180700, 5.225800, 5.202800, 5.137700, 5.243200, 5.174100, 5.207000, 5.239700, 5.330400, 5.310500, 5.354800, 5.439400, 5.438500, 5.441400, 5.420800, 5.494800, 5.468400, 5.444500, 5.468200, 5.521100
5.175600, 5.228700, 5.198100, 5.134600, 5.243400, 5.181500, 5.191500, 5.198500, 5.266700, 5.233600, 5.280400, 5.335700, 5.310700, 5.308100, 5.256000, 5.328900, 5.305200, 5.258800, 5.252200, 5.292200
5.229100, 5.304700, 5.289400, 5.224000, 5.322800, 5.215300, 5.176600, 5.155200, 5.200100, 5.101500, 5.128800, 5.136000, 5.089900, 5.049400, 4.982400, 4.994900, 4.968300, 4.906100, 4.880100, 4.882300
5.292700, 5.377000, 5.368800, 5.289800, 5.398800, 5.218500, 5.147300, 5.092500, 5.097800, 4.976500, 4.971400, 4.969000, 4.901500, 4.836500, 4.760400, 4.756700, 8.035400, 8.309600, 8.349600, 8.382300
5.356900, 5.442600, 5.438500, 5.350800, 5.452700, 5.206500, 5.099600, 5.018800, 5.015500, 4.867100, 7.979100, 8.658100, 8.628900, 8.590000, 8.488800, 8.408200, 8.300700, 8.109600, 7.945000, 7.805000
5.407500, 5.505000, 5.509300, 5.396800, 5.500200, 5.196400, 5.059500, 8.371600, 8.900200, 8.851400, 8.757400, 8.696200, 8.461800, 8.215900, 8.001500, 7.515900, 6.730900, 6.216300, 5.881200, 5.651600
5.464500, 5.572800, 5.562600, 5.439100, 5.545400, 8.452900, 9.166500, 9.160800, 9.023300, 8.763600, 8.502900, 8.293300, 7.293000, 6.536700, 6.058700, 5.819700, 5.577700, 5.345400, 5.189400, 5.107200
5.513400, 5.629200, 5.632400, 5.474300, 5.579600, 9.535000, 9.362000, 9.155000, 8.857100, 8.447800, 7.145600, 6.551900, 6.127200, 5.768600, 5.500000, 5.387300, 5.261100, 5.125700, 5.029800, 4.999300
5.564500, 5.677300, 5.677200, 9.447400, 9.489800, 9.702400, 9.333700, 8.951700, 7.904500, 6.840400, 6.334300, 6.023400, 5.770800, 5.524400, 5.333500, 5.278100, 5.192300, 5.074600, 4.982800, 4.977300
5.611100, 5.723400, 7.994100, 10.037800, 10.083500, 9.714600, 9.227300, 7.861100, 6.955800, 6.408900, 6.051800, 5.839200, 5.662300, 5.464800, 5.301900, 5.238300, 5.183400, 5.052500, 4.968000, 4.950600
5.660700, 5.766400, 10.120300, 10.322000, 10.341400, 9.670400, 8.317100, 7.250900, 6.695000, 6.281800, 5.981800, 5.811500, 5.638900, 5.450000, 5.294900, 5.216500, 5.158900, 5.034600, 4.938800, 4.901800
5.710100, 7.353300, 10.496100, 10.529200, 10.523000, 9.241100, 7.812600, 7.090400, 6.639100, 6.239100, 5.978200, 5.799800, 5.606200, 5.397900, 5.223300, 5.155700, 5.085800, 4.950200, 4.863900, 4.816400
5.755300, 10.131900, 10.804200, 10.668800, 10.669000, 8.732500, 7.684600, 7.068100, 6.642000, 6.221600, 5.926500, 5.740300, 5.538000, 5.334900, 5.161100, 5.101100, 5.036100, 4.906000, 4.811800, 4.768400
5.799700, 10.626400, 11.060300, 10.811800, 10.811800, 8.614400, 7.672200, 7.056600, 6.596900, 6.168000, 5.869000, 5.685900, 5.488200, 5.277700, 5.128100, 5.058300, 4.996900, 4.878100, 4.791900, 4.764300
5.837100, 10.976600, 11.296300, 10.975500, 10.978700, 8.574200, 7.668000, 7.044400, 6.559400, 6.136500, 5.817000, 5.649000, 5.458700, 5.247900, 5.095900, 5.046200, 4.985400, 4.890800, 4.797100, 4.759900
9.225300, 11.318000, 11.547600, 11.070700, 11.079300, 8.563700, 7.648000, 7.003900, 6.523600, 6.086400, 5.779900, 5.634800, 5.429900, 5.246800, 5.092700, 5.037100, 4.976000, 4.887200, 4.800000, 4.773000
10.288900, 11.634400, 11.816800, 11.130200, 11.118600, 8.560700, 7.641300, 6.962400, 6.490600, 6.055000, 5.763000, 5.622000, 5.425000, 5.238800, 5.102000, 5.041800, 4.970600, 4.886600, 4.796300, 4.761200
10.789300, 11.963700, 12.068900, 11.172500, 11.174200, 8.564100, 7.606800, 6.927100, 6.455800, 6.036200, 5.755300, 5.624800, 5.422100, 5.225800, 5.107700, 5.031600, 4.952000, 4.868400, 4.786100, 4.743200
11.192900, 12.324100, 12.276800, 11.235300, 11.234900, 8.542700, 7.569800, 6.908300, 6.442600, 6.025100, 5.738700, 5.614600, 5.432900, 5.218000, 5.091900, 5.010700, 4.943400, 4.856200, 4.751100, 4.714900
11.586800, 12.657300, 12.431100, 11.280200, 11.277600, 8.510700, 7.541000, 6.900700, 6.426100, 6.021800, 5.739000, 5.604800, 5.435300, 5.204400, 5.068900, 4.989600, 4.921300, 4.830500, 4.734400, 4.698000
11.974700, 12.940300, 12.574000, 11.317600, 11.326000, 8.479200, 7.513000, 6.889700, 6.433200, 6.024000, 5.758900, 5.585800, 5.425000, 5.193600, 5.062000, 4.972900, 4.894300, 4.804700, 4.710500, 4.677700
12.389300, 13.183600, 12.684500, 11.353100, 11.358400, 8.464900, 7.506200, 6.900300, 6.437000, 6.034400, 5.744200, 5.571600, 5.407100, 5.188400, 5.036600, 4.942700, 4.877200, 4.779900, 4.695000, 4.651400
12.836400, 13.379600, 12.757800, 11.383600, 11.397400, 8.452700, 7.526400, 6.894800, 6.449900, 6.035200, 5.743100, 5.559900, 5.383900, 5.185600, 5.012800, 4.922100, 4.865300, 4.766200, 4.672200, 4.634100
13.227200, 13.535300, 12.830600, 11.410600, 11.411200, 8.463700, 7.547700, 6.900900, 6.470800, 6.042000, 5.736000, 5.550100, 5.370700, 5.168500, 5.015900, 4.912900, 4.851500, 4.741200, 4.637100, 4.602600
13.556400, 13.666400, 12.891000, 11.443800, 11.432400, 8.500000, 7.567300, 6.920400, 6.486200, 6.055900, 5.736500, 5.549400, 5.364500, 5.150600, 5.000500, 4.887900, 4.820100, 4.709600, 4.630300, 4.603400
13.830100, 13.792000, 12.964200, 11.473900, 11.470600, 8.548900, 7.603400, 6.942600, 6.497500, 6.034600, 5.732500, 5.539200, 5.340400, 5.123700, 4.966400, 4.871600, 4.792500, 4.683500, 4.608400, 4.582100
14.069100, 13.902100, 13.020700, 11.514100, 11.508600, 8.573100, 7.616000, 6.945100, 6.512300, 6.036600, 5.708200, 5.528100, 5.323600, 5.099800, 4.943500, 4.851700, 4.763400, 4.661200, 4.592500, 4.557900
14.262200, 13.977000, 13.086800, 11.552100, 11.568900, 8.595400, 7.639600, 6.960900, 6.494800, 6.020200, 5.683500, 5.506300, 5.327000, 5.062000, 4.930600, 4.821500, 4.740300, 4.645300, 4.580100, 4.553000
14.423800, 14.072800, 13.152900, 11.602800, 11.617000, 8.627000, 7.650600, 6.959500, 6.488100, 6.005800, 5.659500, 5.474300, 5.298900, 5.042500, 4.917600, 4.815300, 4.721300, 4.607200, 4.570000, 4.541400
14.576200, 14.152700, 13.216000, 11.653900, 11.682800, 8.654900, 7.662600, 6.950700, 6.486200, 5.985500, 5.639000, 5.467200, 5.285100, 5.010500, 4.921800, 4.795100, 4.714600, 4.598200, 4.541600, 4.514100
14.699300, 14.233100, 13.296600, 11.701200, 11.739400, 8.682800, 7.673800, 6.951000, 6.467300, 5.975500, 5.620200, 5.448700, 5.276900, 4.995700, 4.903000, 4.762600, 4.699800, 4.589800, 4.522300, 4.497900
14.812500, 14.315600, 13.371000, 11.762500, 11.799900, 8.692600, 7.669100, 6.938600, 6.437000, 5.954600, 5.610000, 5.442500, 5.256800, 4.981400, 4.878900, 4.754000, 4.688500, 4.588400, 4.495500, 4.474400
14.907100, 14.404800, 13.430900, 11.817600, 11.848300, 8.702900, 7.681000, 6.918600, 6.416600, 5.943700, 5.582500, 5.418900, 5.232300, 4.954600, 4.854900, 4.748000, 4.664400, 4.577700, 4.475600, 4.468100
15.006900, 14.485400, 13.499400, 11.873400, 11.891300, 8.710000, 7.675100, 6.905000, 6.424600, 5.918600, 5.566600, 5.395800, 5.226100, 4.948700, 4.838100, 4.726400, 4.651500, 4.543300, 4.456000, 4.440800
15.093800, 14.561600, 13.567400, 11.923600, 11.936100, 8.707400, 7.663100, 6.896000, 6.401800, 5.918400, 5.554900, 5.382300, 5.221200, 4.929700, 4.834000, 4.718900, 4.632300, 4.533100, 4.435100, 4.413700
15.176300, 14.636800, 13.620800, 11.948500, 11.982000, 8.718500, 7.641100, 6.880500, 6.394700, 5.895900, 5.544900, 5.370200, 5.197700, 4.895800, 4.818600, 4.695700, 4.616500, 4.519600, 4.422700, 4.391200
15.261200, 14.716200, 13.674600, 11.979800, 12.013400, 8.714300, 7.637000, 6.878700, 6.372200, 5.879100, 5.535400, 5.356400, 5.179200, 4.879000, 4.799300, 4.684500, 4.601900, 4.494800, 4.404100, 4.363700
15.337800, 14.783500, 13.732400, 12.004900, 12.033500, 8.719900, 7.622100, 6.866400, 6.375400, 5.865100, 5.527900, 5.339500, 5.163100, 4.856800, 4.784700, 4.673000, 4.582600, 4.467200, 4.382000, 4.346700
15.405400, 14.844100, 13.783400, 12.028300, 12.059700, 8.720100, 7.630600, 6.864000, 6.373600, 5.866900, 5.529600, 5.324000, 5.148200, 4.847500, 4.763600, 4.653300, 4.560300, 4.452300, 4.360300, 4.326100
15.478400, 14.913100, 13.834300, 12.044800, 12.086500, 8.726000, 7.638800, 6.866500, 6.372200, 5.863600, 5.517500, 5.295900, 5.120900, 4.834000, 4.743300, 4.638600, 4.537600, 4.431800, 4.339600, 4.305900
15.539500, 14.977100, 13.878000, 12.058100, 12.109300, 8.724600, 7.645300, 6.855800, 6.360800, 5.839800, 5.510200, 5.277500, 5.103400, 4.822600, 4.726100, 4.624400, 4.527000, 4.404800, 4.311000, 4.285600
15.595800, 15.027400, 13.911000, 12.071700, 12.135400, 8.740700, 7.645400, 6.841000, 6.356400, 5.831800, 5.492200, 5.273700, 5.086100, 4.807700, 4.710800, 4.601400, 4.512400, 4.395900, 4.294600, 4.253300
15.649800, 15.074700, 13.930500, 12.087600, 12.148400, 8.758100, 7.646400, 6.840600, 6.351400, 5.826900, 5.478700, 5.251800, 5.067800, 4.793900, 4.675400, 4.586800, 4.491700, 4.379800, 4.271600, 4.235700
15.696100, 15.115200, 13.960400, 12.108200, 12.168500, 8.758000, 7.640600, 6.838600, 6.346900, 5.819100, 5.472000, 5.238800, 5.052800, 4.777500, 4.666000, 4.556600, 4.478100, 4.354500, 4.259500, 4.225100


0.000000, 0.000000, 0.000000, 0.000000, 0.000000, 0.000000, 0.000000, 0.000000, 0.000000, 0.000000, 0.000000, 0.000000, 0.000000, 0.000000, 0.000000, 0.000000, 0.000000, 0.000000, 0.000000, 0.000000
0.000000, 0.000000, 0.000000, 0.000000, 0.000000, 0.000000, 0.000000, 0.000000, 0.000000, 0.000000, 0.000000, 0.000000, 0.000000, 0.000000, 0.000000, 0.000000, 0.000000, 0.000000, 0.000000, 0.000000
0.000000, 0.000000, 0.000000, 0.000000, 0.000000, 0.000000, 0.000000, 0.000000, 0.000000, 0.000000, 0.000000, 0.000000, 0.000000, 0.000000, 0.000000, 0.000000, 0.000000, 0.000000, 0.000000, 0.000000
0.000000, 0.000000, 0.000000, 0.000000, 0.000000, 0.000000, 0.000000, 0.000000, 0.000000, 0.000000, 0.000000, 0.000000, 0.000000, 0.000000, 0.000000, 0.000000, 0.000000, 0.000000, 0.000000, 0.000000
0.000000, 0.000000, 0.000000, 0.000000, 0.000000, 0.000000, 0.000000, 0.000000, 0.000000, 0.000000, 0.000000, 0.000000, 0.000000, 0.000000, 0.000000, 0.000000, 0.000000, 0.000000, 0.000000, 0.000000
0.000000, 0.000000, 0.000000, 0.000000, 0.000000, 0.000000, 0.000000, 0.000000, 0.000000, 0.000000, 0.000000, 0.000000, 0.000000, 0.000000, 0.000000, 0.000000, 0.000000, 0.000000, 0.000000, 0.000000
0.000000, 0.000000, 0.000000, 0.000000, 0.000000, 0.000000, 0.000000, 0.000000, 0.000000, 0.000000, 0.000000, 0.000000, 0.000000, 0.000000, 0.000000, 0.000000, 0.000000, 0.000000, 0.000000, 0.000000
0.000001, 0.000001, 0.000001, 0.000001, 0.000001, 0.000001, 0.000001, 0.000001, 0.000001, 0.000001, 0.000001, 0.000001, 0.000001, 0.000001, 0.000001, 0.000001, 0.000001, 0.000001, 0.000001, 0.000001
0.000024, 0.000024, 0.000024, 0.000024, 0.000024, 0.000024, 0.000024, 0.000024, 0.000024, 0.000024, 0.000024, 0.000024, 0.000024, 0.000023, 0.000024, 0.000024, 0.000023, 0.000023, 0.000023, 0.000024
0.000312, 0.000312, 0.000313, 0.000313, 0.000313, 0.000311, 0.000309, 0.000306, 0.000307, 0.000307, 0.000306, 0.000306, 0.000305, 0.000302, 0.000303, 0.000303, 0.000302, 0.000302, 0.000301, 0.000302
0.002573, 0.002575, 0.002592, 0.002585, 0.002583, 0.002565, 0.002534, 0.002510, 0.002499, 0.002491, 0.002481, 0.002475, 0.002451, 0.002433, 0.002433, 0.002431, 0.002419, 0.002421, 0.002402, 0.002401
0.009182, 0.009192, 0.009274, 0.009208, 0.009220, 0.009143, 0.008989, 0.008890, 0.008755, 0.008724, 0.008669, 0.008684, 0.008488, 0.008420, 0.008395, 0.008399, 0.008353, 0.008365, 0.008275, 0.008242
0.013828, 0.013800, 0.013942, 0.013800, 0.013876, 0.013758, 0.013489, 0.013301, 0.013068, 0.012985, 0.012882, 0.012949, 0.012581, 0.012433, 0.012390, 0.012419, 0.012337, 0.012342, 0.012205, 0.012134
0.014749, 0.014708, 0.014853, 0.014709, 0.014800, 0.014655, 0.014370, 0.014182, 0.013925, 0.013824, 0.013699, 0.013781, 0.013378, 0.013221, 0.013160, 0.013201, 0.013105, 0.013112, 0.012954, 0.012887
0.014863, 0.014822, 0.014965, 0.014826, 0.014920, 0.014765, 0.014477, 0.014294, 0.014033, 0.013928, 0.013804, 0.013885, 0.013479, 0.013321, 0.013260, 0.013295, 0.013198, 0.013208, 0.013049, 0.012979
0.014876, 0.014836, 0.014979, 0.014839, 0.014936, 0.014781, 0.014491, 0.014308, 0.014047, 0.013942, 0.013817, 0.013896, 0.013491, 0.013332, 0.013272, 0.013306, 0.013210, 0.013220, 0.013061, 0.012990
0.014879, 0.014839, 0.014982, 0.014842, 0.014941, 0.014785, 0.014494, 0.014311, 0.014051, 0.013946, 0.013820, 0.013899, 0.013494, 0.013335, 0.013275, 0.013309, 0.013213, 0.013222, 0.013064, 0.012993
0.014897, 0.014857, 0.014999, 0.014860, 0.014960, 0.014802, 0.014512, 0.014329, 0.014068, 0.013963, 0.013838, 0.013915, 0.013511, 0.013352, 0.013293, 0.013326, 0.013229, 0.013239, 0.013081, 0.013011
0.014984, 0.014944, 0.015082, 0.014943, 0.015051, 0.014884, 0.014597, 0.014411, 0.014153, 0.014049, 0.013921, 0.013995, 0.013592, 0.013430, 0.013376, 0.013407, 0.013308, 0.013318, 0.013163, 0.013096
0.015277, 0.015239, 0.015373, 0.015237, 0.015359, 0.015169, 0.014887, 0.014692, 0.014435, 0.014336, 0.014199, 0.014274, 0.013871, 0.013695, 0.013656, 0.013679, 0.013578, 0.013594, 0.013445, 0.013377
0.015892, 0.015874, 0.016014, 0.015884, 0.016005, 0.015806, 0.015520, 0.015303, 0.015050, 0.014976, 0.014808, 0.014885, 0.014500, 0.014309, 0.014265, 0.014286, 0.014174, 0.014210, 0.014062, 0.013994
0.017066, 0.017068, 0.017200, 0.017090, 0.017208, 0.017023, 0.016702, 0.016487, 0.016216, 0.016161, 0.015962, 0.016026, 0.015665, 0.015470, 0.015435, 0.015431, 0.015327, 0.015371, 0.015183, 0.015132
0.019038, 0.019038, 0.019180, 0.019070, 0.019191, 0.019010, 0.018667, 0.018433, 0.018128, 0.018041, 0.017847, 0.017910, 0.017565, 0.017368, 0.017327, 0.017323, 0.017200, 0.017260, 0.016994, 0.016963
0.021769, 0.021768, 0.021959, 0.021766, 0.021910, 0.021727, 0.021356, 0.021121, 0.020746, 0.020648, 0.020395, 0.020511, 0.020158, 0.019910, 0.019867, 0.019851, 0.019672, 0.019802, 0.019492, 0.019468
0.024810, 0.024816, 0.024982, 0.024878, 0.024961, 0.024824, 0.024400, 0.024126, 0.023716, 0.023655, 0.023257, 0.023411, 0.023025, 0.022652, 0.022717, 0.022665, 0.022430, 0.022629, 0.022294, 0.022239
0.027670, 0.027695, 0.027860, 0.027826, 0.027832, 0.027730, 0.027212, 0.026933, 0.026522, 0.026411, 0.025943, 0.026154, 0.025713, 0.025250, 0.025421, 0.025320, 0.025044, 0.025315, 0.024896, 0.024839
0.030133, 0.030159, 0.030317, 0.030296, 0.030286, 0.030127, 0.029640, 0.029320, 0.028872, 0.028746, 0.028217, 0.028455, 0.027959, 0.027485, 0.027690, 0.027522, 0.027222, 0.027563, 0.027067, 0.027037
0.032081, 0.032114, 0.032278, 0.032280, 0.032203, 0.032085, 0.031532, 0.031198, 0.030769, 0.030583, 0.030041, 0.030273, 0.029769, 0.029297, 0.029533, 0.029317, 0.029014, 0.029336, 0.028828, 0.028840
0.033645, 0.033696, 0.033848, 0.033857, 0.033786, 0.033641, 0.033048, 0.032703, 0.032291, 0.032039, 0.031557, 0.031713, 0.031279, 0.030728, 0.030988, 0.030748, 0.030478, 0.030765, 0.030253, 0.030256
0.034947, 0.034931, 0.035121, 0.035150, 0.035058, 0.034962, 0.034284, 0.033947, 0.033532, 0.033261, 0.032828, 0.032907, 0.032519, 0.031907, 0.032142, 0.031929, 0.031651, 0.031935, 0.031431, 0.031389
0.036085, 0.036028, 0.036263, 0.036279, 0.036181, 0.036146, 0.035355, 0.035045, 0.034645, 0.034301, 0.033919, 0.033988, 0.033576, 0.032963, 0.033194, 0.032996, 0.032669, 0.032959, 0.032474, 0.032414
0.037203, 0.037125, 0.037381, 0.037409, 0.037308, 0.037286, 0.036446, 0.036119, 0.035727, 0.035339, 0.034975, 0.035053, 0.034637, 0.033967, 0.034263, 0.034029, 0.033677, 0.033980, 0.033523, 0.033459
0.038451, 0.038355, 0.038656, 0.038677, 0.038524, 0.038520, 0.037658, 0.037350, 0.036943, 0.036524, 0.036168, 0.036241, 0.035815, 0.035095, 0.035437, 0.035188, 0.034851, 0.035145, 0.034718, 0.034630
0.039942, 0.039874, 0.040151, 0.040227, 0.039971, 0.040000, 0.039166, 0.038833, 0.038413, 0.037986, 0.037599, 0.037652, 0.037241, 0.036480, 0.036844, 0.036590, 0.036245, 0.036538, 0.036138, 0.036032
0.041781, 0.041704, 0.041947, 0.042078, 0.041782, 0.041843, 0.041024, 0.040621, 0.040201, 0.039779, 0.039359, 0.039412, 0.039032, 0.038205, 0.038584, 0.038301, 0.037947, 0.038230, 0.037872, 0.037750
0.043957, 0.043895, 0.044103, 0.044249, 0.043922, 0.044044, 0.043210, 0.042769, 0.042348, 0.041981, 0.041422, 0.041460, 0.041125, 0.040256, 0.040610, 0.040380, 0.040006, 0.040264, 0.039889, 0.039785
0.046357, 0.046387, 0.046492, 0.046697, 0.046390, 0.046476, 0.045649, 0.045159, 0.044721, 0.044417, 0.043713, 0.043794, 0.043451, 0.042529, 0.042901, 0.042715, 0.042313, 0.042593, 0.042181, 0.042062
0.047995, 0.048067, 0.048128, 0.048399, 0.048041, 0.048184, 0.047391, 0.046955, 0.046544, 0.046301, 0.045697, 0.045802, 0.045588, 0.044774, 0.045298, 0.045253, 0.044939, 0.045476, 0.045229, 0.045251
0.048062, 0.048183, 0.048264, 0.048554, 0.048183, 0.048437, 0.047752, 0.047448, 0.047223, 0.047184, 0.046846, 0.047284, 0.047388, 0.046934, 0.047898, 0.048323, 0.048379, 0.049399, 0.049691, 0.050207
0.048095, 0.048228, 0.048337, 0.048658, 0.048277, 0.048672, 0.048115, 0.047953, 0.047954, 0.048148, 0.048094, 0.048882, 0.049344, 0.049276, 0.050671, 0.051448, 0.051797, 0.053185, 0.053802, 0.054644
0.048104, 0.048257, 0.048378, 0.048750, 0.048361, 0.048913, 0.048483, 0.048483, 0.048708, 0.049151, 0.049376, 0.050508, 0.051272, 0.051470, 0.053225, 0.054315, 0.054931, 0.056558, 0.057498, 0.058622
0.048115, 0.048275, 0.048415, 0.048829, 0.048441, 0.049156, 0.048870, 0.049026, 0.049479, 0.050180, 0.050682, 0.052141, 0.053242, 0.053746, 0.055919, 0.057573, 0.058827, 0.061160, 0.063020, 0.064976
0.048122, 0.048294, 0.048459, 0.048916, 0.048521, 0.049406, 0.049270, 0.049608, 0.050302, 0.051339, 0.052207, 0.054168, 0.055857, 0.057089, 0.060278, 0.062976, 0.065465, 0.068916, 0.071681, 0.073995
0.048128, 0.048313, 0.048501, 0.049003, 0.048611, 0.049678, 0.049720, 0.050308, 0.051375, 0.052950, 0.054475, 0.057317, 0.060017, 0.062220, 0.066282, 0.069482, 0.072285, 0.075516, 0.077919, 0.079506
0.048134, 0.048336, 0.048546, 0.049100, 0.048709, 0.050017, 0.050307, 0.051314, 0.052982, 0.055344, 0.057733, 0.061384, 0.064663, 0.067100, 0.071071, 0.073985, 0.076471, 0.079397, 0.081508, 0.082886
0.048141, 0.048357, 0.048598, 0.049215, 0.048827, 0.050476, 0.051162, 0.052766, 0.055148, 0.058183, 0.061041, 0.064966, 0.068254, 0.070490, 0.074276, 0.077054, 0.079468, 0.082331, 0.084418, 0.085771
0.048149, 0.048380, 0.048660, 0.049364, 0.048977, 0.051127, 0.052307, 0.054518, 0.057375, 0.060702, 0.063714, 0.067699, 0.070970, 0.073002, 0.076839, 0.079691, 0.082162, 0.085180, 0.087367, 0.088565
0.048157, 0.048408, 0.048739, 0.049565, 0.049176, 0.051963, 0.053582, 0.056189, 0.059290, 0.062743, 0.065894, 0.069950, 0.073303, 0.075321, 0.079303, 0.082242, 0.084890, 0.087994, 0.090311, 0.091507
0.048167, 0.048442, 0.048842, 0.049832, 0.049440, 0.052882, 0.054776, 0.057613, 0.060908, 0.064472, 0.067819, 0.072045, 0.075599, 0.077722, 0.081834, 0.084894, 0.087683, 0.090882, 0.093263, 0.094523
0.048178, 0.048486, 0.048976, 0.050162, 0.049768, 0.053768, 0.055836, 0.058873, 0.062382, 0.066117, 0.069702, 0.074143, 0.077928, 0.080117, 0.084522, 0.087613, 0.090447, 0.093696, 0.096065, 0.097402
0.048192, 0.048541, 0.049144, 0.050534, 0.050136, 0.054560, 0.056796, 0.060041, 0.063811, 0.067809, 0.071575, 0.076231, 0.080276, 0.082570, 0.087138, 0.090381, 0.093287, 0.096522, 0.098939, 0.100319
0.048209, 0.048609, 0.049339, 0.050914, 0.050513, 0.055284, 0.057714, 0.061196, 0.065212, 0.069514, 0.073495, 0.078326, 0.082690, 0.085085, 0.089856, 0.093196, 0.096141, 0.099403, 0.101852, 0.103359
0.048229, 0.048692, 0.049552, 0.051280, 0.050877, 0.055988, 0.058620, 0.062363, 0.066613, 0.071239, 0.075526, 0.080598, 0.085267, 0.087763, 0.092683, 0.096085, 0.099099, 0.102413, 0.104962, 0.106555
0.048254, 0.048787, 0.049771, 0.051626, 0.051222, 0.056669, 0.059533, 0.063568, 0.068097, 0.073087, 0.077758, 0.083050, 0.087820, 0.090449, 0.095531, 0.099109, 0.102121, 0.105540, 0.108187, 0.109997
0.048283, 0.048892, 0.049986, 0.051955, 0.051551, 0.057351, 0.060499, 0.064847, 0.069746, 0.075120, 0.080117, 0.085546, 0.090404, 0.093155, 0.098428, 0.102315, 0.105308, 0.108897, 0.111665, 0.113651
0.048317, 0.049002, 0.050194, 0.052273, 0.051867, 0.058047, 0.061507, 0.066223, 0.071515, 0.077206, 0.082384, 0.088025, 0.093005, 0.096037, 0.101443, 0.105558, 0.108719, 0.112441, 0.115304, 0.117412
0.048355, 0.049114, 0.050395, 0.052583, 0.052175, 0.058792, 0.062578, 0.067664, 0.073290, 0.079359, 0.084713, 0.090595, 0.095684, 0.098996, 0.104498, 0.108876, 0.112166, 0.115952, 0.119112, 0.121217
0.048397, 0.049226, 0.050589, 0.052888, 0.052484, 0.059542, 0.063688, 0.069129, 0.075104, 0.081425, 0.087156, 0.093148, 0.098436, 0.102021, 0.107643, 0.112364, 0.115699, 0.119534, 0.122952, 0.125093
0.048442, 0.049336, 0.050779, 0.053190, 0.052789, 0.060301, 0.064749, 0.070576, 0.076883, 0.083470, 0.089643, 0.095761, 0.101299, 0.105164, 0.110794, 0.115860, 0.119271, 0.123119, 0.126891, 0.129014
0.048488, 0.049443, 0.050964, 0.053487, 0.053086, 0.061040, 0.065822, 0.072069, 0.078625, 0.085530, 0.092144, 0.098442, 0.104199, 0.108384, 0.114074, 0.119348, 0.122914, 0.126797, 0.130955, 0.132937
0.048536, 0.049547, 0.051138, 0.053781, 0.053376, 0.061750, 0.066846, 0.073519, 0.080402, 0.087592, 0.094715, 0.101191, 0.107283, 0.111579, 0.117518, 0.123059, 0.126616, 0.130639, 0.135016, 0.136967
0.048583, 0.049646, 0.051305, 0.054062, 0.053651, 0.062424, 0.067806, 0.074878, 0.082135, 0.089675, 0.097274, 0.103981, 0.110351, 0.114754, 0.120916, 0.126799, 0.130393, 0.134615, 0.139115, 0.141046
0.048630, 0.049741, 0.051462, 0.054321, 0.053914, 0.063064, 0.068749, 0.076177, 0.083868, 0.091798, 0.099926, 0.106774, 0.113517, 0.118064, 0.124530, 0.130597, 0.134178, 0.138710, 0.143353, 0.145076
0.048676, 0.049830, 0.051610, 0.054562, 0.054160, 0.063661, 0.069652, 0.077475, 0.085594, 0.093960, 0.102633, 0.109575, 0.116677, 0.121435, 0.128271, 0.134436, 0.138084, 0.142872, 0.147478, 0.149233
0.048720, 0.049914, 0.051746, 0.054781, 0.054386, 0.064217, 0.070536, 0.078764, 0.087324, 0.096080, 0.105306, 0.112436, 0.119856, 0.124829, 0.131994, 0.138197, 0.142042, 0.147036, 0.151643, 0.153368
0.048762, 0.049991, 0.051872, 0.054991, 0.054595, 0.064782, 0.071437, 0.080033, 0.089069, 0.098249, 0.108042, 0.115227, 0.123073, 0.128289, 0.135595, 0.142055, 0.146056, 0.151227, 0.155792, 0.157645
0.048802, 0.050062, 0.051986, 0.055190, 0.054794, 0.065341, 0.072326, 0.081311, 0.090824, 0.100457, 0.110755, 0.118191, 0.126204, 0.131765, 0.139234, 0.145938, 0.150060, 0.155451, 0.159989, 0.162017
0.048839, 0.050126, 0.052091, 0.055373, 0.054980, 0.065876, 0.073242, 0.082587, 0.092648, 0.102730, 0.113417, 0.121069, 0.129377, 0.135172, 0.142844, 0.149836, 0.153934, 0.159792, 0.164412, 0.166423
0.048873, 0.050184, 0.052189, 0.055548, 0.055152, 0.066421, 0.074110, 0.083893, 0.094467, 0.104979, 0.116072, 0.123870, 0.132503, 0.138657, 0.146549, 0.153685, 0.157763, 0.164079, 0.168857, 0.170778
0.048905, 0.050238, 0.052279, 0.055715, 0.055316, 0.066945, 0.074982, 0.085226, 0.096236, 0.107163, 0.118624, 0.126734, 0.135654, 0.142196, 0.150159, 0.157459, 0.161611, 0.168403, 0.173362, 0.175237
0.048934, 0.050286, 0.052364, 0.055875, 0.055474, 0.067487, 0.075847, 0.086554, 0.097970, 0.109273, 0.121087, 0.129612, 0.138842, 0.145765, 0.153886, 0.161162, 0.165517, 0.172772, 0.177758, 0.179763
0.048960, 0.050329, 0.052445, 0.056025, 0.055629, 0.068033, 0.076699, 0.087828, 0.099725, 0.111452, 0.123546, 0.132429, 0.142071, 0.149347, 0.157683, 0.165041, 0.169626, 0.177220, 0.182184, 0.184550
0.048983, 0.050369, 0.052520, 0.056171, 0.055774, 0.068610, 0.077540, 0.089047, 0.101479, 0.113547, 0.125977, 0.135291, 0.145274, 0.153044, 0.161550, 0.168897, 0.173685, 0.181705, 0.186719, 0.189352
0.049004, 0.050406, 0.052593, 0.056315, 0.055918, 0.069126, 0.078360, 0.090297, 0.103184, 0.115572, 0.128336, 0.138129, 0.148527, 0.156583, 0.165492, 0.172754, 0.177856, 0.186118, 0.191281, 0.194168
0.049023, 0.050440, 0.052660, 0.056450, 0.056053, 0.069644, 0.079090, 0.091522, 0.104847, 0.117550, 0.130690, 0.140986, 0.151757, 0.160182, 0.169285, 0.176747, 0.182169, 0.190687, 0.195902, 0.199133
0.049042, 0.050474, 0.052731, 0.056593, 0.056194, 0.070208, 0.079900, 0.092844, 0.106640, 0.119700, 0.133274, 0.144103, 0.155213, 0.164077, 0.173603, 0.181024, 0.187142, 0.195713, 0.201017, 0.204559
0.049057, 0.050503, 0.052791, 0.056717, 0.056319, 0.070669, 0.080613, 0.094013, 0.108270, 0.121605, 0.135712, 0.146936, 0.158398, 0.167678, 0.177462, 0.185033, 0.191615, 0.200283, 0.205617, 0.209610
0.049071, 0.050529, 0.052847, 0.056835, 0.056437, 0.071104, 0.081325, 0.095238, 0.109860, 0.123557, 0.138066, 0.149837, 0.161680, 0.171285, 0.181262, 0.189088, 0.196040, 0.204951, 0.210356, 0.214603
0.049083, 0.050555, 0.052901, 0.056946, 0.056548, 0.071513, 0.082018, 0.096428, 0.111391, 0.125486, 0.140479, 0.152786, 0.164966, 0.174885, 0.185109, 0.193233, 0.200442, 0.209664, 0.215223, 0.219853
0.049094, 0.050578, 0.052952, 0.057057, 0.056653, 0.071931, 0.082699, 0.097557, 0.112914, 0.127402, 0.142942, 0.155703, 0.168315, 0.178354, 0.189044, 0.197461, 0.204942, 0.214405, 0.220126, 0.225132


0.000000, 0.000000, 0.000000, 0.000000, 0.000000, 0.000000, 0.000000, 0.000000, 0.000000, 0.000000, 0.000000, 0.000000, 0.000000, 0.000000, 0.000000, 0.000000, 0.000000, 0.000000, 0.000000, 0.000000
0.000000, 0.000000, 0.000000, 0.000000, 0.000000, 0.000000, 0.000000, 0.000000, 0.000000, 0.000000, 0.000000, 0.000000, 0.000000, 0.000000, 0.000000, 0.000000, 0.000000, 0.000000, 0.000000, 0.000000
0.000000, 0.000000, 0.000000, 0.000000, 0.000000, 0.000000, 0.000000, 0.000000, 0.000000, 0.000000, 0.000000, 0.000000, 0.000000, 0.000000, 0.000000, 0.000000, 0.000000, 0.000000, 0.000000, 0.000000
0.000000, 0.000000, 0.000000, 0.000000, 0.000000, 0.000000, 0.000000, 0.000000, 0.000000, 0.000000, 0.000000, 0.000000, 0.000000, 0.000000, 0.000000, 0.000000, 0.000000, 0.000000, 0.000000, 0.000000
0.000000, 0.000000, 0.000000, 0.000000, 0.000000, 0.000000, 0.000000, 0.000000, 0.000000, 0.000000, 0.000000, 0.000000, 0.000000, 0.000000, 0.000000, 0.000000, 0.000000, 0.000000, 0.000000, 0.000000
0.000000, 0.000000, 0.000000, 0.000000, 0.000000, 0.000000, 0.000000, 0.000000, 0.000000, 0.000000, 0.000000, 0.000000, 0.000000, 0.000000, 0.000000, 0.000000, 0.000000, 0.000000, 0.000000, 0.000000
0.000000, 0.000000, 0.000000, 0.000000, 0.000000, 0.000000, 0.000000, 0.000000, 0.000000, 0.000000, 0.000000, 0.000000, 0.000000, 0.000000, 0.000000, 0.000000, 0.000000, 0.000000, 0.000000, 0.000000
0.000000, 0.000000, 0.000000, 0.000000, 0.000000, 0.000000, 0.000000, 0.000000, 0.000000, 0.000000, 0.000000, 0.000000, 0.000000, 0.000000, 0.000000, 0.000000, 0.000000, 0.000000, 0.000000, 0.000000
0.000000, 0.000000, 0.000000, 0.000000, 0.000000, 0.000000, 0.000000, 0.000000, 0.000000, 0.000000, 0.000000, 0.000000, 0.000000, 0.000000, 0.000000, 0.000000, 0.000000, 0.000000, 0.000000, 0.000000
0.092032, 0.073372, 0.096768, 0.096379, 0.091102, 0.089103, 0.103889, 0.090259, 0.093204, 0.085954, 0.081799, 0.091295, 0.095520, 0.091461, 0.088482, 0.082179, 0.088729, 0.088446, 0.086469, 0.072726
6.020517, 6.022898, 6.018056, 6.027764, 6.026981, 6.027485, 6.013453, 6.011377, 5.992457, 5.999051, 5.993834, 5.999599, 5.984697, 5.991023, 5.987310, 5.981369, 5.986235, 5.983672, 5.986191, 5.975078
8.610577, 8.621681, 8.631331, 8.611262, 8.626519, 8.637301, 8.579254, 8.563373, 8.525403, 8.519636, 8.528919, 8.520936, 8.487320, 8.473793, 8.468523, 8.470297, 8.473019, 8.477976, 8.459697, 8.425165
9.460343, 9.478113, 9.481533, 9.463253, 9.492709, 9.502671, 9.425398, 9.407891, 9.342817, 9.345258, 9.341228, 9.339427, 9.281420, 9.272504, 9.254255, 9.264608, 9.249472, 9.271973, 9.244302, 9.199555
9.585818, 9.601886, 9.606108, 9.589421, 9.620973, 9.625088, 9.545978, 9.529389, 9.459313, 9.467737, 9.461511, 9.458647, 9.396625, 9.394188, 9.365858, 9.380224, 9.358997, 9.384943, 9.363047, 9.312380
9.597857, 9.612976, 9.616406, 9.601659, 9.632811, 9.636862, 9.556062, 9.541767, 9.471722, 9.477018, 9.471265, 9.470557, 9.406125, 9.404333, 9.376731, 9.391450, 9.369391, 9.394809, 9.373376, 9.322102
9.599798, 9.614705, 9.618879, 9.604120, 9.635033, 9.639213, 9.558217, 9.543620, 9.474016, 9.478898, 9.474124, 9.472324, 9.407555, 9.405863, 9.378700, 9.393550, 9.372382, 9.397064, 9.375349, 9.324011
9.600926, 9.616262, 9.620755, 9.604506, 9.636012, 9.640666, 9.559475, 9.544888, 9.476070, 9.480373, 9.474360, 9.473682, 9.408961, 9.406814, 9.380590, 9.395034, 9.373143, 9.398643, 9.376680, 9.324206
9.592297, 9.608895, 9.613818, 9.596348, 9.627427, 9.635313, 9.552733, 9.536143, 9.468256, 9.473660, 9.464652, 9.469022, 9.403492, 9.397639, 9.373289, 9.388510, 9.366233, 9.392424, 9.368969, 9.318581
9.576110, 9.593078, 9.596003, 9.579832, 9.611237, 9.616578, 9.538053, 9.515452, 9.454261, 9.456516, 9.450665, 9.446975, 9.384696, 9.379185, 9.358562, 9.371569, 9.347615, 9.378016, 9.351660, 9.303408
9.583287, 9.592859, 9.595692, 9.578347, 9.617270, 9.614711, 9.535833, 9.511103, 9.454103, 9.454775, 9.448515, 9.451151, 9.380588, 9.379557, 9.367135, 9.382615, 9.347283, 9.382359, 9.354921, 9.316498
9.620575, 9.634591, 9.646687, 9.627994, 9.663946, 9.652724, 9.593254, 9.563446, 9.494330, 9.499964, 9.502230, 9.490112, 9.417780, 9.423044, 9.411926, 9.415455, 9.388285, 9.429079, 9.401458, 9.363707
9.761470, 9.769538, 9.787790, 9.769250, 9.791846, 9.798710, 9.723028, 9.710757, 9.636122, 9.661299, 9.652530, 9.623505, 9.579496, 9.576876, 9.567937, 9.577463, 9.535786, 9.575400, 9.534279, 9.515875
10.029385, 10.062071, 10.064070, 10.047352, 10.082672, 10.084125, 10.013465, 9.988782, 9.918532, 9.940058, 9.931726, 9.916595, 9.879637, 9.865671, 9.854984, 9.840779, 9.826414, 9.852735, 9.814724, 9.777184
10.411682, 10.432882, 10.432274, 10.422425, 10.455573, 10.447588, 10.386651, 10.366448, 10.290967, 10.310480, 10.289629, 10.288886, 10.244187, 10.233451, 10.234534, 10.204140, 10.191259, 10.238217, 10.193947, 10.120201
10.781116, 10.802605, 10.799637, 10.801547, 10.814034, 10.822643, 10.758691, 10.735309, 10.662024, 10.681027, 10.643299, 10.647014, 10.603824, 10.585036, 10.600244, 10.571406, 10.549733, 10.592164, 10.561482, 10.490204
11.077962, 11.124133, 11.119103, 11.105835, 11.121029, 11.129344, 11.057873, 11.033345, 10.972634, 10.979300, 10.937761, 10.935776, 10.911184, 10.876668, 10.905753, 10.864590, 10.853256, 10.898397, 10.858750, 10.785597
11.318818, 11.367870, 11.345443, 11.355221, 11.341559, 11.361403, 11.283429, 11.256885, 11.198858, 11.208754, 11.167644, 11.155852, 11.138787, 11.093298, 11.124761, 11.084270, 11.071720, 11.111188, 11.070918, 11.007524
11.496456, 11.540076, 11.512591, 11.518019, 11.511948, 11.534501, 11.444049, 11.423785, 11.370421, 11.366170, 11.342886, 11.316800, 11.307458, 11.258071, 11.295739, 11.254836, 11.239270, 11.272648, 11.236060, 11.183133
11.617778, 11.670584, 11.648468, 11.645000, 11.638909, 11.647352, 11.580938, 11.555949, 11.500450, 11.493056, 11.461038, 11.440168, 11.435420, 11.378475, 11.409928, 11.374670, 11.357292, 11.384681, 11.351394, 11.300061
11.710991, 11.752389, 11.733490, 11.734313, 11.725146, 11.745614, 11.673677, 11.644094, 11.589577, 11.585057, 11.562536, 11.524004, 11.522294, 11.463658, 11.498228, 11.451607, 11.444320, 11.469138, 11.444989, 11.387354
11.772790, 11.809718, 11.804705, 11.791465, 11.786779, 11.811166, 11.737053, 11.721320, 11.657347, 11.651212, 11.620467, 11.586369, 11.597241, 11.528530, 11.562186, 11.520555, 11.510933, 11.530673, 11.516017, 11.448041
11.826307, 11.865374, 11.858812, 11.851628, 11.845258, 11.866237, 11.796622, 11.773606, 11.710128, 11.710886, 11.675455, 11.643557, 11.650590, 11.585956, 11.621910, 11.571754, 11.561190, 11.583641, 11.580465, 11.506184
11.888749, 11.925072, 11.912926, 11.915101, 11.903657, 11.918850, 11.848532, 11.832981, 11.772463, 11.763660, 11.741277, 11.717323, 11.704274, 11.641622, 11.682503, 11.624460, 11.614527, 11.637758, 11.632922, 11.569025
11.946331, 11.992037, 11.985507, 11.994226, 11.971919, 11.997870, 11.924874, 11.906430, 11.846812, 11.836636, 11.821307, 11.783651, 11.782050, 11.710679, 11.755122, 11.703818, 11.686494, 11.709226, 11.709703, 11.641901
12.043398, 12.087519, 12.065126, 12.088525, 12.066765, 12.095986, 12.023071, 11.989812, 11.947199, 11.933705, 11.918826, 11.887426, 11.889067, 11.801836, 11.851799, 11.806024, 11.785624, 11.812656, 11.814911, 11.734888
12.164370, 12.206165, 12.187945, 12.211392, 12.179498, 12.209657, 12.145849, 12.110072, 12.070132, 12.061399, 12.033839, 12.004236, 12.001453, 11.921614, 11.961247, 11.921682, 11.915149, 11.921575, 11.943266, 11.848119
12.289778, 12.339421, 12.319027, 12.327587, 12.306353, 12.342677, 12.283224, 12.239861, 12.204661, 12.210587, 12.156724, 12.144593, 12.130659, 12.036880, 12.094710, 12.051713, 12.050959, 12.051597, 12.077424, 11.977339
12.382240, 12.422534, 12.404455, 12.414242, 12.391030, 12.389976, 12.334241, 12.281311, 12.253845, 12.254782, 12.215607, 12.207942, 12.208860, 12.141563, 12.213300, 12.183357, 12.198901, 12.215681, 12.251779, 12.175563
12.384107, 12.425179, 12.408957, 12.402400, 12.377523, 12.297940, 12.234506, 12.177760, 12.166270, 12.204588, 12.200386, 12.237061, 12.274250, 12.254138, 12.364191, 12.377407, 12.419486, 12.463946, 12.542311, 12.513535
12.384337, 12.426689, 12.409522, 12.376822, 12.355295, 12.203063, 12.132850, 12.104876, 12.129749, 12.205424, 12.234093, 12.320031, 12.378607, 12.399476, 12.532218, 12.570209, 12.633343, 12.695016, 12.791470, 12.774161
12.384347, 12.427833, 12.409976, 12.352781, 12.330763, 12.121810, 12.064112, 12.059036, 12.110585, 12.228895, 12.284271, 12.404452, 12.490901, 12.534873, 12.690400, 12.745650, 12.820819, 12.886094, 12.982460, 12.993462
12.385402, 12.429738, 12.406598, 12.317120, 12.298348, 12.050797, 12.009671, 12.022785, 12.111199, 12.261521, 12.353854, 12.488444, 12.599853, 12.671038, 12.852204, 12.302181, 11.674694, 11.734717, 11.954921, 12.150500
12.385307, 12.431778, 12.403975, 12.284749, 12.264633, 11.985636, 11.964921, 12.020239, 12.144039, 12.309941, 12.427492, 12.622609, 11.604843, 11.465764, 11.739126, 12.042305, 12.344289, 12.611385, 12.850590, 12.957906
12.385150, 12.431062, 12.399055, 12.255173, 12.234998, 11.936935, 11.940373, 12.033940, 12.184942, 12.421080, 11.248307, 11.414516, 11.775527, 12.080914, 12.409248, 12.642478, 12.843517, 12.999379, 13.155175, 13.191591
12.385120, 12.431713, 12.394050, 12.221169, 12.202221, 11.922877, 11.942466, 12.069736, 11.285661, 11.174976, 11.501738, 11.890900, 12.237268, 12.455347, 12.689902, 12.850754, 13.015070, 13.132756, 13.260654, 13.285733
12.385051, 12.430935, 12.388927, 12.189311, 12.173143, 11.898754, 11.987439, 11.017713, 11.059493, 11.481857, 11.831845, 12.150586, 12.424952, 12.600811, 12.800370, 12.941392, 13.083537, 13.208304, 13.329999, 13.354707
12.385009, 12.430847, 12.380661, 12.163201, 12.152376, 11.915565, 11.000101, 10.940292, 11.284256, 11.682429, 11.996865, 12.261978, 12.515639, 12.675249, 12.869602, 13.011770, 13.146648, 13.260322, 13.390714, 13.423445
12.385311, 12.430712, 12.374105, 12.144623, 12.139138, 11.340117, 10.817316, 11.062824, 11.403977, 11.768674, 12.063310, 12.315439, 12.569574, 12.734726, 12.921617, 13.064614, 13.214958, 13.319619, 13.465202, 13.499319
12.385525, 12.427146, 12.364483, 12.118644, 12.115298, 10.860585, 10.854762, 11.134936, 11.454934, 11.808833, 12.107592, 12.356899, 12.616616, 12.783715, 12.978989, 13.123006, 13.290384, 13.404806, 13.553152, 13.598990
12.387172, 12.424883, 12.363415, 12.112437, 12.100784, 10.786061, 10.882532, 11.160670, 11.479595, 11.839816, 12.142214, 12.396950, 12.662938, 12.851534, 13.068847, 13.217955, 13.388979, 13.496189, 13.630554, 13.684884
12.386511, 12.425808, 12.353731, 12.098610, 12.088354, 10.762798, 10.875385, 11.171667, 11.498937, 11.861590, 12.174041, 12.473460, 12.759580, 12.947653, 13.155165, 13.293831, 13.456141, 13.562625, 13.693507, 13.740794
12.387029, 12.422398, 12.339061, 11.903163, 11.910022, 10.740638, 10.862661, 11.165727, 11.504713, 11.905779, 12.253930, 12.546755, 12.834294, 13.017341, 13.218165, 13.351264, 13.511472, 13.607760, 13.744522, 13.802593
12.385428, 12.422214, 12.323168, 11.683883, 11.684200, 10.713575, 10.842389, 11.147460, 11.557773, 11.977462, 12.315865, 12.606498, 12.897329, 13.083533, 13.275214, 13.412389, 13.561262, 13.671912, 13.794318, 13.859070
12.386755, 12.418005, 12.309509, 11.532737, 11.548188, 10.675816, 10.818172, 11.190755, 11.624703, 12.041546, 12.382146, 12.673758, 12.950323, 13.144982, 13.334179, 13.472323, 13.619618, 13.721700, 13.853325, 13.926489
12.387857, 12.411326, 12.269665, 11.439417, 11.445552, 10.623645, 10.833731, 11.237972, 11.680550, 12.100858, 12.441839, 12.734163, 13.001504, 13.200880, 13.394066, 13.521855, 13.676895, 13.779394, 13.920987, 14.000277
12.387882, 12.401627, 12.213865, 11.367594, 11.373885, 10.604862, 10.863873, 11.291773, 11.736125, 12.155737, 12.492156, 12.786605, 13.048382, 13.265401, 13.449671, 13.587297, 13.750618, 13.849303, 13.996406, 14.068229
12.387988, 12.384951, 12.151066, 11.304593, 11.313651, 10.618482, 10.900338, 11.338957, 11.783327, 12.200927, 12.542201, 12.838943, 13.098431, 13.320273, 13.506483, 13.656583, 13.812494, 13.914807, 14.070917, 14.143624
12.389662, 12.370140, 12.098491, 11.247831, 11.261499, 10.637335, 10.936417, 11.381369, 11.828772, 12.243959, 12.596594, 12.891649, 13.150490, 13.379334, 13.555009, 13.723234, 13.868997, 13.983703, 14.137567, 14.209467
12.391886, 12.356912, 12.055716, 11.166245, 11.183956, 10.656282, 10.972244, 11.418284, 11.869976, 12.291531, 12.640295, 12.944189, 13.209490, 13.434272, 13.615654, 13.783701, 13.931156, 14.040429, 14.199408, 14.269073
12.391684, 12.339673, 12.019034, 11.094838, 11.111492, 10.679342, 11.002921, 11.450374, 11.908223, 12.332512, 12.690832, 13.000475, 13.264168, 13.487073, 13.674073, 13.843858, 13.995559, 14.107666, 14.270607, 14.330064
12.393428, 12.316810, 11.991299, 11.049036, 11.058314, 10.697158, 11.024475, 11.486221, 11.944416, 12.375527, 12.736134, 13.051591, 13.316204, 13.542036, 13.742703, 13.908743, 14.057478, 14.170708, 14.333297, 14.397021
12.394955, 12.294085, 11.942818, 11.011577, 11.020339, 10.711102, 11.049869, 11.518260, 11.979758, 12.424430, 12.784188, 13.099269, 13.369856, 13.606808, 13.798127, 13.964489, 14.115806, 14.231415, 14.391369, 14.460881
12.392864, 12.268927, 11.896016, 10.984472, 10.990039, 10.728058, 11.073102, 11.550150, 12.011722, 12.462736, 12.831937, 13.152342, 13.430646, 13.665001, 13.854542, 14.027713, 14.177732, 14.294166, 14.455141, 14.531163
12.393379, 12.249394, 11.844371, 10.961018, 10.965699, 10.737992, 11.088253, 11.576922, 12.048222, 12.502626, 12.882833, 13.206358, 13.488278, 13.720062, 13.923292, 14.090232, 14.233584, 14.350705, 14.520529, 14.595459
12.389277, 12.229254, 11.799576, 10.942069, 10.943200, 10.750201, 11.107375, 11.603255, 12.087079, 12.542868, 12.925584, 13.250399, 13.545926, 13.775946, 13.976660, 14.139931, 14.296789, 14.406316, 14.567871, 14.645841
12.387963, 12.207089, 11.761267, 10.921311, 10.923303, 10.755405, 11.127903, 11.628905, 12.114572, 12.585798, 12.976604, 13.303790, 13.594547, 13.837161, 14.023107, 14.203919, 14.350392, 14.462333, 14.625093, 14.701928
12.384915, 12.189854, 11.726807, 10.902007, 10.906007, 10.761063, 11.148858, 11.653881, 12.152552, 12.629394, 13.028028, 13.351605, 13.651255, 13.883695, 14.076095, 14.255635, 14.403860, 14.525569, 14.688806, 14.743008
12.380178, 12.171182, 11.695554, 10.886439, 10.888272, 10.769829, 11.165767, 11.680108, 12.190871, 12.665993, 13.072505, 13.396907, 13.700477, 13.930654, 14.130166, 14.302172, 14.459407, 14.577943, 14.754525, 14.806983
12.372439, 12.152582, 11.666685, 10.871098, 10.868203, 10.776548, 11.185942, 11.710461, 12.228798, 12.708711, 13.123958, 13.436671, 13.747117, 13.983568, 14.177189, 14.358892, 14.520521, 14.637134, 14.821545, 14.860741
12.364898, 12.135970, 11.634784, 10.852728, 10.847945, 10.783538, 11.197291, 11.740301, 12.256873, 12.742307, 13.168276, 13.474203, 13.792198, 14.032559, 14.228124, 14.401644, 14.572422, 14.703483, 14.879022, 14.917967
12.356763, 12.120391, 11.607880, 10.835639, 10.830620, 10.789603, 11.215608, 11.765665, 12.285866, 12.786519, 13.200745, 13.522173, 13.831845, 14.084030, 14.275390, 14.451976, 14.623819, 14.760004, 14.938194, 14.986861
12.351195, 12.104200, 11.587387, 10.820718, 10.816476, 10.794141, 11.234833, 11.791585, 12.314502, 12.821809, 13.235269, 13.559299, 13.881618, 14.142617, 14.333390, 14.510267, 14.674285, 14.817564, 14.996318, 15.039175
12.345370, 12.091093, 11.563005, 10.808574, 10.799747, 10.803430, 11.253469, 11.815513, 12.346583, 12.856572, 13.272322, 13.600285, 13.924254, 14.191239, 14.380345, 14.561968, 14.723556, 14.870106, 15.053213, 15.099429
12.340837, 12.074543, 11.539316, 10.793367, 10.787430, 10.810592, 11.269873, 11.841055, 12.372012, 12.886616, 13.305157, 13.639988, 13.963777, 14.232669, 14.426704, 14.609894, 14.777098, 14.923856, 15.104883, 15.165773
12.335610, 12.059423, 11.517417, 10.777838, 10.774019, 10.815754, 11.288059, 11.866458, 12.399452, 12.916585, 13.344496, 13.680488, 14.004567, 14.280250, 14.472468, 14.662105, 14.831254, 14.980939, 15.168084, 15.237484
12.330765, 12.045924, 11.496400, 10.762865, 10.760095, 10.826956, 11.301958, 11.887605, 12.425499, 12.953543, 13.383415, 13.728047, 14.043783, 14.327416, 14.525729, 14.718342, 14.904485, 15.050053, 15.236573, 15.294971
12.326656, 12.034865, 11.475695, 10.752629, 10.746642, 10.835036, 11.315240, 11.906535, 12.451347, 12.976397, 13.419095, 13.766133, 14.083912, 14.374041, 14.575594, 14.766146, 14.961120, 15.095719, 15.297459, 15.347757
12.322165, 12.025406, 11.456743, 10.740194, 10.733941, 10.841127, 11.327233, 11.922217, 12.475926, 13.003808, 13.458922, 13.809304, 14.127334, 14.411113, 14.624412, 14.821108, 15.014840, 15.149559, 15.343077, 15.402960
12.318534, 12.013224, 11.441108, 10.731138, 10.724483, 10.847111, 11.340300, 11.938513, 12.496830, 13.027431, 13.487593, 13.847738, 14.168070, 14.457491, 14.666165, 14.857666, 15.063396, 15.202588, 15.401160, 15.462658
12.314434, 12.004574, 11.427096, 10.723628, 10.714970, 10.854452, 11.348411, 11.954748, 12.518909, 13.057985, 13.520705, 13.882064, 14.213081, 14.499655, 14.705477, 14.910424, 15.108720, 15.257638, 15.451641, 15.523335


