%eval_id interface v0             fvimm          r0             b              nata           tc             n0             ERROR_TOT      
1        NO_ID      0.95           0.55           6.5            0.1025         0.175          29.5           22             19.560683      
2        NO_ID      1.45           0.55           6.5            0.1025         0.175          29.5           22             42.736227      
3        NO_ID      0.45           0.55           6.5            0.1025         0.175          29.5           22             16.826046      
4        NO_ID      0.45           0.85           6.5            0.1025         0.175          29.5           22             13.937387      
5        NO_ID      0.45           0.25           6.5            0.1025         0.175          29.5           22             12.8556        
6        NO_ID      0.45           0.25           10.16666667    0.1025         0.175          29.5           22             15.345524      
7        NO_ID      0.45           0.25           2.833333333    0.1025         0.175          29.5           22             16.423001      
8        NO_ID      0.95           0.55           6.5            0.1675         0.175          29.5           22             11.865674      
9        NO_ID      0.95           0.55           6.5            0.0375         0.175          29.5           22             165.206522     
10       NO_ID      0.95           0.55           6.5            0.1675         0.225          29.5           22             14.609277      
11       NO_ID      0.95           0.55           6.5            0.1675         0.125          29.5           22             12.688321      
12       NO_ID      1.45           0.55           6.5            0.1025         0.175          39.83333333    22             56.903624      
13       NO_ID      1.45           0.55           6.5            0.1025         0.175          19.16666667    22             31.455853      
14       NO_ID      0.45           0.25           6.5            0.1025         0.175          29.5           26             10.923359      
15       NO_ID      0.45           0.25           6.5            0.1025         0.175          29.5           18             16.171045      
16       NO_ID      1.616666667    0.55           6.5            0.1025         0.175          19.16666667    22             40.205623      
17       NO_ID      1.283333333    0.55           6.5            0.1025         0.175          19.16666667    22             25.273086      
18       NO_ID      0.45           0.25           6.5            0.1675         0.175          29.5           26             12.435149      
19       NO_ID      0.45           0.25           6.5            0.0375         0.175          29.5           26             10.417047      
20       NO_ID      0.45           0.25           10.16666667    0.1025         0.225          29.5           22             14.855342      
21       NO_ID      0.45           0.25           10.16666667    0.1025         0.125          29.5           22             16.166147      
22       NO_ID      1.283333333    0.85           6.5            0.1025         0.175          19.16666667    22             63.350639      
23       NO_ID      1.283333333    0.25           6.5            0.1025         0.175          19.16666667    22             6.717205       
24       NO_ID      1.45           0.55           10.16666667    0.1025         0.175          29.5           22             45.715632      
25       NO_ID      1.45           0.55           2.833333333    0.1025         0.175          29.5           22             49.953222      
26       NO_ID      1.283333333    0.25           6.5            0.1025         0.175          19.16666667    26             8.240488       
27       NO_ID      1.283333333    0.25           6.5            0.1025         0.175          19.16666667    18             7.832005       
28       NO_ID      1.505555556    0.55           6.5            0.1025         0.175          19.16666667    22             34.060434      
29       NO_ID      1.394444444    0.55           6.5            0.1025         0.175          19.16666667    22             28.973127      
30       NO_ID      1.45           0.85           6.5            0.1025         0.175          39.83333333    22             118.930575     
31       NO_ID      1.45           0.25           6.5            0.1025         0.175          39.83333333    22             17.126606      
32       NO_ID      1.283333333    0.25           10.16666667    0.1025         0.175          19.16666667    22             19.033717      
33       NO_ID      1.283333333    0.25           2.833333333    0.1025         0.175          19.16666667    22             15.045449      
34       NO_ID      0.45           0.85           6.5            0.1025         0.175          39.83333333    22             13.808267      
35       NO_ID      0.45           0.85           6.5            0.1025         0.175          19.16666667    22             14.034271      
36       NO_ID      1.283333333    0.25           6.5            0.1675         0.175          19.16666667    22             8.744271       
37       NO_ID      1.283333333    0.25           6.5            0.0375         0.175          19.16666667    22             12.635066      
38       NO_ID      1.283333333    0.25           6.5            0.1025         0.225          19.16666667    18             6.359015       
39       NO_ID      1.283333333    0.25           6.5            0.1025         0.125          19.16666667    18             11.914078      
40       NO_ID      0.45           0.55           6.5            0.1025         0.175          39.83333333    22             15.106907      
41       NO_ID      0.45           0.55           6.5            0.1025         0.175          19.16666667    22             17.245146      
42       NO_ID      1.338888889    0.25           6.5            0.1025         0.225          19.16666667    18             6.673165       
43       NO_ID      1.227777778    0.25           6.5            0.1025         0.225          19.16666667    18             6.279071       
44       NO_ID      1.283333333    0.25           10.16666667    0.1025         0.175          19.16666667    26             26.819734      
45       NO_ID      1.283333333    0.25           2.833333333    0.1025         0.175          19.16666667    26             15.834257      
46       NO_ID      0.95           0.55           6.5            0.1025         0.175          29.5           26             29.345239      
47       NO_ID      0.95           0.55           6.5            0.1025         0.175          29.5           18             13.019024      
48       NO_ID      1.227777778    0.25           6.5            0.1675         0.225          19.16666667    18             8.555117       
49       NO_ID      1.227777778    0.25           6.5            0.0375         0.225          19.16666667    18             16.134301      
50       NO_ID      0.95           0.85           6.5            0.1025         0.175          29.5           18             15.751494      
51       NO_ID      0.95           0.25           6.5            0.1025         0.175          29.5           18             5.503467       
52       NO_ID      1.394444444    0.55           6.5            0.1025         0.225          19.16666667    22             75.574697      
53       NO_ID      1.394444444    0.55           6.5            0.1025         0.125          19.16666667    22             17.059059      
54       NO_ID      1.616666667    0.55           6.5            0.1025         0.175          19.16666667    26             63.318602      
55       NO_ID      1.616666667    0.55           6.5            0.1025         0.175          19.16666667    18             23.027526      
56       NO_ID      0.95           0.55           6.5            0.0375         0.175          39.83333333    22             211.770504     
57       NO_ID      0.95           0.55           6.5            0.0375         0.175          19.16666667    22             115.306556     
58       NO_ID      1.116666667    0.25           6.5            0.1025         0.175          29.5           18             4.399594       
59       NO_ID      0.7833333333   0.25           6.5            0.1025         0.175          29.5           18             7.748385       
60       NO_ID      0.45           0.25           2.833333333    0.1675         0.175          29.5           22             16.529539      
61       NO_ID      0.45           0.25           2.833333333    0.0375         0.175          29.5           22             18.300119      
62       NO_ID      1.45           0.85           6.5            0.1025         0.175          19.16666667    22             95.933147      
63       NO_ID      1.45           0.25           6.5            0.1025         0.175          19.16666667    22             7.227145       
64       NO_ID      1.116666667    0.25           10.16666667    0.1025         0.175          29.5           18             12.197077      
65       NO_ID      1.116666667    0.25           2.833333333    0.1025         0.175          29.5           18             7.821577       
66       NO_ID      1.45           0.25           6.5            0.1025         0.225          19.16666667    22             14.560757      
67       NO_ID      1.45           0.25           6.5            0.1025         0.125          19.16666667    22             8.372303       
68       NO_ID      1.505555556    0.55           6.5            0.1025         0.175          19.16666667    26             53.202292      
69       NO_ID      1.505555556    0.55           6.5            0.1025         0.175          19.16666667    18             19.573411      
70       NO_ID      1.116666667    0.25           6.5            0.1025         0.175          39.83333333    18             4.05877        
71       NO_ID      1.116666667    0.25           6.5            0.1025         0.175          19.16666667    18             9.297904       
72       NO_ID      1.005555556    0.25           6.5            0.1025         0.175          29.5           18             4.998024       
73       NO_ID      0.8944444444   0.25           6.5            0.1025         0.175          29.5           18             6.095096       
74       NO_ID      0.95           0.85           6.5            0.1025         0.175          29.5           22             26.064005      
75       NO_ID      0.95           0.25           6.5            0.1025         0.175          29.5           22             5.016991       
76       NO_ID      1.116666667    0.25           6.5            0.1025         0.225          39.83333333    18             11.572413      
77       NO_ID      1.116666667    0.25           6.5            0.1025         0.125          39.83333333    18             6.412263       
78       NO_ID      0.95           0.25           10.16666667    0.1025         0.175          29.5           22             15.575491      
79       NO_ID      0.95           0.25           2.833333333    0.1025         0.175          29.5           22             8.843669       
80       NO_ID      1.505555556    0.55           6.5            0.1675         0.175          19.16666667    18             10.407119      
81       NO_ID      1.505555556    0.55           6.5            0.0375         0.175          19.16666667    18             280.16156      
82       NO_ID      0.95           0.55           6.5            0.1025         0.175          39.83333333    26             32.270295      
83       NO_ID      0.95           0.55           6.5            0.1025         0.175          19.16666667    26             27.103087      
84       NO_ID      1.116666667    0.25           6.5            0.1025         0.175          39.83333333    19.33333333    4.623216       
85       NO_ID      1.116666667    0.25           6.5            0.1025         0.175          39.83333333    16.66666667    3.617643       
86       NO_ID      1.172222222    0.25           6.5            0.1025         0.175          29.5           18             4.331596       
87       NO_ID      1.061111111    0.25           6.5            0.1025         0.175          29.5           18             4.661344       
88       NO_ID      1.005555556    0.25           10.16666667    0.1025         0.175          29.5           18             11.953783      
89       NO_ID      1.005555556    0.25           2.833333333    0.1025         0.175          29.5           18             8.418653       
90       NO_ID      0.95           0.85           6.5            0.1675         0.175          29.5           22             15.826087      
91       NO_ID      0.95           0.25           6.5            0.1675         0.175          29.5           22             6.942175       
92       NO_ID      1.116666667    0.25           6.5            0.1241666667   0.175          39.83333333    16.66666667    4.331588       
93       NO_ID      1.116666667    0.25           6.5            0.08083333333  0.175          39.83333333    16.66666667    4.692553       
94       NO_ID      1.172222222    0.25           6.5            0.1025         0.225          29.5           18             7.167562       
95       NO_ID      1.172222222    0.25           6.5            0.1025         0.125          29.5           18             7.689461       
96       NO_ID      0.95           0.25           6.5            0.1025         0.175          39.83333333    22             5.431581       
97       NO_ID      0.95           0.25           6.5            0.1025         0.175          19.16666667    22             8.27749        
98       NO_ID      0.9685185185   0.25           6.5            0.1025         0.175          29.5           18             5.309467       
99       NO_ID      0.9314814815   0.25           6.5            0.1025         0.175          29.5           18             5.701162       
100      NO_ID      0.95           0.55           6.5            0.1675         0.125          29.5           26             14.679776      
101      NO_ID      0.95           0.55           6.5            0.1675         0.125          29.5           18             12.919771      
102      NO_ID      1.116666667    0.35           6.5            0.1025         0.175          39.83333333    16.66666667    10.901284      
103      NO_ID      1.116666667    0.15           6.5            0.1025         0.175          39.83333333    16.66666667    2.800969       
104      NO_ID      1.116666667    0.25           6.5            0.1025         0.225          29.5           18             6.054117       
105      NO_ID      1.116666667    0.25           6.5            0.1025         0.125          29.5           18             8.075292       
106      NO_ID      0.9685185185   0.25           10.16666667    0.1025         0.175          29.5           18             12.116294      
107      NO_ID      0.9685185185   0.25           2.833333333    0.1025         0.175          29.5           18             8.656653       
108      NO_ID      0.45           0.85           6.5            0.1675         0.175          39.83333333    22             13.969788      
109      NO_ID      0.45           0.85           6.5            0.0375         0.175          39.83333333    22             25.558779      
110      NO_ID      1.116666667    0.15           6.5            0.1025         0.175          43.27777778    16.66666667    3.304687       
111      NO_ID      1.116666667    0.15           6.5            0.1025         0.175          36.38888889    16.66666667    2.875209       
112      NO_ID      0.9561728395   0.25           6.5            0.1025         0.175          29.5           18             5.409569       
113      NO_ID      0.9438271605   0.25           6.5            0.1025         0.175          29.5           18             5.553515       
114      NO_ID      0.45           0.85           6.5            0.1025         0.175          29.5           26             15.895896      
115      NO_ID      0.45           0.85           6.5            0.1025         0.175          29.5           18             14.019703      
116      NO_ID      1.116666667    0.15           7.722222222    0.1025         0.175          39.83333333    16.66666667    2.95594        
117      NO_ID      1.116666667    0.15           5.277777778    0.1025         0.175          39.83333333    16.66666667    3.049496       
118      NO_ID      0.9561728395   0.25           6.5            0.1025         0.225          29.5           18             4.257243       
119      NO_ID      0.9561728395   0.25           6.5            0.1025         0.125          29.5           18             9.65952        
120      NO_ID      0.45           0.85           6.5            0.1675         0.175          19.16666667    22             14.309573      
121      NO_ID      0.45           0.85           6.5            0.0375         0.175          19.16666667    22             22.861395      
122      NO_ID      1.172222222    0.15           6.5            0.1025         0.175          39.83333333    16.66666667    2.655922       
123      NO_ID      1.061111111    0.15           6.5            0.1025         0.175          39.83333333    16.66666667    3.392773       
124      NO_ID      1.116666667    0.15           7.722222222    0.1025         0.175          36.38888889    16.66666667    3.229903       
125      NO_ID      1.116666667    0.15           5.277777778    0.1025         0.175          36.38888889    16.66666667    2.868111       
126      NO_ID      0.9561728395   0.25           6.5            0.1025         0.225          39.83333333    18             5.957508       
127      NO_ID      0.9561728395   0.25           6.5            0.1025         0.225          19.16666667    18             7.964555       
128      NO_ID      0.95           0.25           6.5            0.1025         0.225          29.5           18             4.211071       
129      NO_ID      0.95           0.25           6.5            0.1025         0.125          29.5           18             9.74329        
130      NO_ID      0.95           0.85           6.5            0.1675         0.225          29.5           22             31.682558      
131      NO_ID      0.95           0.25           6.5            0.1675         0.225          29.5           22             5.72119        
132      NO_ID      1.190740741    0.15           6.5            0.1025         0.175          39.83333333    16.66666667    2.636281       
133      NO_ID      1.153703704    0.15           6.5            0.1025         0.175          39.83333333    16.66666667    2.676199       
134      NO_ID      0.95           0.25           6.5            0.1025         0.225          39.83333333    18             6.010243       
135      NO_ID      0.95           0.25           6.5            0.1025         0.225          19.16666667    18             8.104226       
136      NO_ID      0.9438271605   0.25           10.16666667    0.1025         0.175          29.5           18             11.999149      
137      NO_ID      0.9438271605   0.25           2.833333333    0.1025         0.175          29.5           18             8.847264       
138      NO_ID      0.95           0.25           6.5            0.1675         0.225          29.5           26             7.710002       
139      NO_ID      0.95           0.25           6.5            0.1675         0.225          29.5           18             6.134576       
140      NO_ID      0.45           0.55           6.5            0.1675         0.175          39.83333333    22             14.867872      
141      NO_ID      0.45           0.55           6.5            0.0375         0.175          39.83333333    22             27.07957       
142      NO_ID      1.190740741    0.15           6.5            0.1025         0.1916666667   39.83333333    16.66666667    3.278811       
143      NO_ID      1.190740741    0.15           6.5            0.1025         0.1583333333   39.83333333    16.66666667    3.088959       
144      NO_ID      0.9520576132   0.25           6.5            0.1025         0.225          29.5           18             4.228231       
145      NO_ID      0.9479423868   0.25           6.5            0.1025         0.225          29.5           18             4.262655       
146      NO_ID      1.005555556    0.25           6.5            0.1025         0.175          39.83333333    18             3.873285       
147      NO_ID      1.005555556    0.25           6.5            0.1025         0.175          19.16666667    18             10.419861      
148      NO_ID      0.9314814815   0.25           10.16666667    0.1025         0.175          29.5           18             12.024034      
149      NO_ID      0.9314814815   0.25           2.833333333    0.1025         0.175          29.5           18             8.957821       
150      NO_ID      0.95           0.25           6.5            0.1675         0.175          29.5           26             7.173911       
151      NO_ID      0.95           0.25           6.5            0.1675         0.175          29.5           18             8.841781       
152      NO_ID      0.45           0.55           6.5            0.1675         0.175          29.5           22             16.11513       
153      NO_ID      0.45           0.55           6.5            0.0375         0.175          29.5           22             27.244481      
154      NO_ID      1.190740741    0.1833333333   6.5            0.1025         0.175          39.83333333    16.66666667    2.634511       
155      NO_ID      1.190740741    0.1166666667   6.5            0.1025         0.175          39.83333333    16.66666667    3.343524       
156      NO_ID      1.172222222    0.15           6.5            0.1025         0.1916666667   39.83333333    16.66666667    3.058112       
157      NO_ID      1.172222222    0.15           6.5            0.1025         0.1583333333   39.83333333    16.66666667    3.177529       
158      NO_ID      1.024074074    0.25           6.5            0.1025         0.175          39.83333333    18             3.895392       
159      NO_ID      0.987037037    0.25           6.5            0.1025         0.175          39.83333333    18             3.970953       
160      NO_ID      0.8944444444   0.25           6.5            0.1025         0.175          39.83333333    18             4.482501       
161      NO_ID      0.8944444444   0.25           6.5            0.1025         0.175          19.16666667    18             11.741963      
162      NO_ID      1.45           0.25           6.5            0.1025         0.175          39.83333333    26             31.544147      
163      NO_ID      1.45           0.25           6.5            0.1025         0.175          39.83333333    18             7.654859       
164      NO_ID      1.190740741    0.1833333333   6.5            0.1097222222   0.175          39.83333333    16.66666667    2.842259       
165      NO_ID      1.190740741    0.1833333333   6.5            0.09527777778  0.175          39.83333333    16.66666667    2.612813       
166      NO_ID      1.153703704    0.15           6.5            0.1025         0.1916666667   39.83333333    16.66666667    2.983728       
167      NO_ID      1.153703704    0.15           6.5            0.1025         0.1583333333   39.83333333    16.66666667    3.299243       
168      NO_ID      1.011728395    0.25           6.5            0.1025         0.175          39.83333333    18             3.904267       
169      NO_ID      0.999382716    0.25           6.5            0.1025         0.175          39.83333333    18             3.896521       
170      NO_ID      0.8944444444   0.25           10.16666667    0.1025         0.175          39.83333333    18             10.617352      
171      NO_ID      0.8944444444   0.25           2.833333333    0.1025         0.175          39.83333333    18             7.995297       
172      NO_ID      1.45           0.25           6.5            0.1025         0.175          19.16666667    26             10.490931      
173      NO_ID      1.45           0.25           6.5            0.1025         0.175          19.16666667    18             6.90292        
174      NO_ID      1.45           0.25           6.5            0.1675         0.175          39.83333333    18             5.851514       
175      NO_ID      1.45           0.25           6.5            0.0375         0.175          39.83333333    18             74.649247      
176      NO_ID      0.45           0.55           6.5            0.1025         0.175          19.16666667    26             19.539251      
177      NO_ID      0.45           0.55           6.5            0.1025         0.175          19.16666667    18             17.165997      
178      NO_ID      1.190740741    0.1833333333   6.5            0.09527777778  0.175          40.98148148    16.66666667    2.712313       
179      NO_ID      1.190740741    0.1833333333   6.5            0.09527777778  0.175          38.68518519    16.66666667    2.570337       
180      NO_ID      1.172222222    0.1833333333   6.5            0.1025         0.175          39.83333333    16.66666667    2.639602       
181      NO_ID      1.172222222    0.1166666667   6.5            0.1025         0.175          39.83333333    16.66666667    3.323124       
182      NO_ID      1.116666667    0.15           6.5            0.1025         0.1916666667   39.83333333    16.66666667    2.845056       
183      NO_ID      1.116666667    0.15           6.5            0.1025         0.1583333333   39.83333333    16.66666667    3.601829       
184      NO_ID      1.007613169    0.25           6.5            0.1025         0.175          39.83333333    18             3.886254       
185      NO_ID      1.003497942    0.25           6.5            0.1025         0.175          39.83333333    18             3.954925       
186      NO_ID      0.9685185185   0.25           6.5            0.1025         0.175          39.83333333    18             4.011044       
187      NO_ID      0.9685185185   0.25           6.5            0.1025         0.175          19.16666667    18             10.799634      
188      NO_ID      0.7833333333   0.25           10.16666667    0.1025         0.175          29.5           18             12.500375      
189      NO_ID      0.7833333333   0.25           2.833333333    0.1025         0.175          29.5           18             10.757238      
190      NO_ID      1.616666667    0.85           6.5            0.1025         0.175          19.16666667    18             83.480023      
191      NO_ID      1.616666667    0.25           6.5            0.1025         0.175          19.16666667    18             6.607251       
192      NO_ID      1.45           0.85           6.5            0.1025         0.175          29.5           22             108.784154     
193      NO_ID      1.45           0.25           6.5            0.1025         0.175          29.5           22             11.12657       
194      NO_ID      1.190740741    0.1833333333   6.5            0.09527777778  0.175          38.68518519    17.11111111    2.578683       
195      NO_ID      1.190740741    0.1833333333   6.5            0.09527777778  0.175          38.68518519    16.22222222    2.414667       
196      NO_ID      1.005555556    0.25           6.5            0.1025         0.225          39.83333333    18             7.406585       
197      NO_ID      1.005555556    0.25           6.5            0.1025         0.125          39.83333333    18             7.315553       
198      NO_ID      1.616666667    0.25           6.5            0.1675         0.175          19.16666667    18             8.962114       
199      NO_ID      1.616666667    0.25           6.5            0.0375         0.175          19.16666667    18             14.454687      
200      NO_ID      1.283333333    0.55           10.16666667    0.1025         0.175          19.16666667    22             22.839831      
201      NO_ID      1.283333333    0.55           2.833333333    0.1025         0.175          19.16666667    22             21.197344      
202      NO_ID      1.45           0.85           10.16666667    0.1025         0.175          29.5           22             87.596497      
203      NO_ID      1.45           0.25           10.16666667    0.1025         0.175          29.5           22             23.115997      
204      NO_ID      1.19691358     0.1833333333   6.5            0.09527777778  0.175          38.68518519    16.22222222    2.409758       
205      NO_ID      1.184567901    0.1833333333   6.5            0.09527777778  0.175          38.68518519    16.22222222    2.409337       
206      NO_ID      1.007613169    0.25           6.5            0.1025         0.225          39.83333333    18             7.370939       
207      NO_ID      1.007613169    0.25           6.5            0.1025         0.125          39.83333333    18             7.34248        
208      NO_ID      0.9561728395   0.25           6.5            0.1025         0.175          39.83333333    18             4.085831       
209      NO_ID      0.9561728395   0.25           6.5            0.1025         0.175          19.16666667    18             11.062815      
210      NO_ID      0.95           0.25           10.16666667    0.1675         0.225          29.5           22             11.263821      
211      NO_ID      0.95           0.25           2.833333333    0.1675         0.225          29.5           22             7.751566       
212      NO_ID      1.45           0.25           6.5            0.1675         0.125          19.16666667    22             10.512873      
213      NO_ID      1.45           0.25           6.5            0.0375         0.125          19.16666667    22             10.428329      
214      NO_ID      1.45           0.25           6.5            0.1025         0.175          29.5           26             20.929586      
215      NO_ID      1.45           0.25           6.5            0.1025         0.175          29.5           18             5.412414       
216      NO_ID      1.505555556    0.85           6.5            0.1025         0.175          19.16666667    22             108.196119     
217      NO_ID      1.505555556    0.25           6.5            0.1025         0.175          19.16666667    22             7.60534        
218      NO_ID      1.45           0.85           2.833333333    0.1025         0.175          29.5           22             74.249837      
219      NO_ID      1.45           0.25           2.833333333    0.1025         0.175          29.5           22             12.972524      
220      NO_ID      1.186625514    0.1833333333   6.5            0.09527777778  0.175          38.68518519    16.22222222    2.432168       
221      NO_ID      1.182510288    0.1833333333   6.5            0.09527777778  0.175          38.68518519    16.22222222    2.428698       
222      NO_ID      1.024074074    0.25           6.5            0.1025         0.225          39.83333333    18             7.839172       
223      NO_ID      1.024074074    0.25           6.5            0.1025         0.125          39.83333333    18             7.178365       
224      NO_ID      1.45           0.25           6.5            0.1675         0.175          29.5           18             6.198437       
225      NO_ID      1.45           0.25           6.5            0.0375         0.175          29.5           18             22.730375      
226      NO_ID      1.505555556    0.25           10.16666667    0.1025         0.175          19.16666667    22             21.872108      
227      NO_ID      1.505555556    0.25           2.833333333    0.1025         0.175          19.16666667    22             14.714831      
228      NO_ID      1.616666667    0.85           6.5            0.1025         0.175          19.16666667    22             138.365109     
229      NO_ID      1.616666667    0.25           6.5            0.1025         0.175          19.16666667    22             8.750261       
230      NO_ID      1.45           0.55           6.5            0.1025         0.175          39.83333333    26             85.637889      
231      NO_ID      1.45           0.55           6.5            0.1025         0.175          39.83333333    18             31.7479        
232      NO_ID      1.185253772    0.1833333333   6.5            0.09527777778  0.175          38.68518519    16.22222222    2.411041       
233      NO_ID      1.18388203     0.1833333333   6.5            0.09527777778  0.175          38.68518519    16.22222222    2.428221       
234      NO_ID      0.999382716    0.25           6.5            0.1025         0.225          39.83333333    18             7.120843       
235      NO_ID      0.999382716    0.25           6.5            0.1025         0.125          39.83333333    18             7.430568       
236      NO_ID      0.95           0.25           6.5            0.1025         0.175          39.83333333    18             4.100097       
237      NO_ID      0.95           0.25           6.5            0.1025         0.175          19.16666667    18             11.099056      
238      NO_ID      1.45           0.25           10.16666667    0.1675         0.175          39.83333333    18             9.714818       
239      NO_ID      1.45           0.25           2.833333333    0.1675         0.175          39.83333333    18             6.04861        
240      NO_ID      1.616666667    0.25           6.5            0.1675         0.175          19.16666667    22             8.708802       
241      NO_ID      1.616666667    0.25           6.5            0.0375         0.175          19.16666667    22             20.744878      
242      NO_ID      0.95           0.55           6.5            0.1675         0.175          39.83333333    22             12.395223      
243      NO_ID      0.95           0.55           6.5            0.1675         0.175          19.16666667    22             12.280018      
244      NO_ID      1.505555556    0.85           6.5            0.1025         0.175          19.16666667    26             164.25914      
245      NO_ID      1.505555556    0.25           6.5            0.1025         0.175          19.16666667    26             11.767147      
246      NO_ID      0.95           0.55           6.5            0.0375         0.175          19.16666667    26             157.041574     
247      NO_ID      0.95           0.55           6.5            0.0375         0.175          19.16666667    18             77.631602      
248      NO_ID      1.184796525    0.1833333333   6.5            0.09527777778  0.175          38.68518519    16.22222222    2.408318       
249      NO_ID      1.184339278    0.1833333333   6.5            0.09527777778  0.175          38.68518519    16.22222222    2.408232       
250      NO_ID      1.011728395    0.25           6.5            0.1025         0.225          39.83333333    18             7.660965       
251      NO_ID      1.011728395    0.25           6.5            0.1025         0.125          39.83333333    18             7.311296       
252      NO_ID      0.9438271605   0.25           6.5            0.1025         0.175          39.83333333    18             4.169601       
253      NO_ID      0.9438271605   0.25           6.5            0.1025         0.175          19.16666667    18             11.172873      
254      NO_ID      0.95           0.25           10.16666667    0.1675         0.225          29.5           18             10.103523      
255      NO_ID      0.95           0.25           2.833333333    0.1675         0.225          29.5           18             6.815075       
256      NO_ID      1.505555556    0.85           6.5            0.1675         0.175          19.16666667    18             30.495545      
257      NO_ID      1.505555556    0.25           6.5            0.1675         0.175          19.16666667    18             9.415265       
258      NO_ID      1.394444444    0.55           6.5            0.1675         0.125          19.16666667    22             12.092651      
259      NO_ID      1.394444444    0.55           6.5            0.0375         0.125          19.16666667    22             105.374472     
260      NO_ID      1.45           0.85           6.5            0.1025         0.175          39.83333333    26             173.75131      
261      NO_ID      1.45           0.85           6.5            0.1025         0.175          39.83333333    18             73.973065      
262      NO_ID      1.184415485    0.1833333333   6.5            0.09527777778  0.175          38.68518519    16.22222222    2.405149       
263      NO_ID      1.18426307     0.1833333333   6.5            0.09527777778  0.175          38.68518519    16.22222222    2.428097       
264      NO_ID      1.003497942    0.25           6.5            0.1025         0.225          39.83333333    18             7.257735       
265      NO_ID      1.003497942    0.25           6.5            0.1025         0.125          39.83333333    18             7.400726       
266      NO_ID      0.9314814815   0.25           6.5            0.1025         0.175          39.83333333    18             4.25752        
267      NO_ID      0.9314814815   0.25           6.5            0.1025         0.175          19.16666667    18             11.270705      
268      NO_ID      1.505555556    0.25           6.5            0.1675         0.175          19.16666667    26             10.227704      
269      NO_ID      1.505555556    0.25           6.5            0.0375         0.175          19.16666667    26             24.811909      
270      NO_ID      0.95           0.85           6.5            0.1675         0.125          29.5           22             12.035885      
271      NO_ID      0.95           0.25           6.5            0.1675         0.125          29.5           22             9.852149       
272      NO_ID      1.394444444    0.55           6.5            0.1025         0.175          19.16666667    26             44.934581      
273      NO_ID      1.394444444    0.55           6.5            0.1025         0.175          19.16666667    18             16.867249      
274      NO_ID      0.95           0.55           10.16666667    0.0375         0.175          29.5           22             99.343129      
275      NO_ID      0.95           0.55           2.833333333    0.0375         0.175          29.5           22             39.990346      
276      NO_ID      1.184440888    0.1833333333   6.5            0.09527777778  0.175          38.68518519    16.22222222    2.382296       
277      NO_ID      1.184390083    0.1833333333   6.5            0.09527777778  0.175          38.68518519    16.22222222    2.393353       
278      NO_ID      0.987037037    0.25           6.5            0.1025         0.225          39.83333333    18             6.902029       
279      NO_ID      0.987037037    0.25           6.5            0.1025         0.125          39.83333333    18             7.570464       
280      NO_ID      0.8944444444   0.25           10.16666667    0.1025         0.175          29.5           18             12.013498      
281      NO_ID      0.8944444444   0.25           2.833333333    0.1025         0.175          29.5           18             9.421158       
282      NO_ID      1.394444444    0.55           6.5            0.1675         0.125          19.16666667    26             14.901912      
283      NO_ID      1.394444444    0.55           6.5            0.1675         0.125          19.16666667    18             11.459445      
284      NO_ID      0.45           0.25           6.5            0.1675         0.175          29.5           22             14.309068      
285      NO_ID      0.45           0.25           6.5            0.0375         0.175          29.5           22             12.030669      
286      NO_ID      1.45           0.55           6.5            0.1675         0.175          19.16666667    22             14.15892       
287      NO_ID      1.45           0.55           6.5            0.0375         0.175          19.16666667    22             341.925426     
288      NO_ID      0.95           0.85           6.5            0.0375         0.175          39.83333333    22             209.051065     
289      NO_ID      0.95           0.25           6.5            0.0375         0.175          39.83333333    22             28.109015      
290      NO_ID      1.184449356    0.1833333333   6.5            0.09527777778  0.175          38.68518519    16.22222222    2.415133       
291      NO_ID      1.184432421    0.1833333333   6.5            0.09527777778  0.175          38.68518519    16.22222222    2.406489       
292      NO_ID      0.9685185185   0.25           6.5            0.1025         0.225          39.83333333    18             6.264145       
293      NO_ID      0.9685185185   0.25           6.5            0.1025         0.125          39.83333333    18             7.841732       
294      NO_ID      1.283333333    0.25           10.16666667    0.1025         0.225          19.16666667    18             16.864341      
295      NO_ID      1.283333333    0.25           2.833333333    0.1025         0.225          19.16666667    18             16.428417      
296      NO_ID      0.95           0.25           6.5            0.1675         0.175          39.83333333    22             6.02096        
297      NO_ID      0.95           0.25           6.5            0.1675         0.175          19.16666667    22             10.347229      
298      NO_ID      0.95           0.55           6.5            0.1675         0.125          39.83333333    18             12.362334      
299      NO_ID      0.95           0.55           6.5            0.1675         0.125          19.16666667    18             14.22189       
300      NO_ID      1.616666667    0.85           6.5            0.1025         0.175          19.16666667    26             200.534553     
301      NO_ID      1.616666667    0.25           6.5            0.1025         0.175          19.16666667    26             14.525428      
302      NO_ID      1.184443711    0.1833333333   6.5            0.09527777778  0.175          38.68518519    16.22222222    2.388957       
303      NO_ID      1.184438066    0.1833333333   6.5            0.09527777778  0.175          38.68518519    16.22222222    2.423258       
304      NO_ID      0.9561728395   0.25           10.16666667    0.1025         0.175          39.83333333    18             10.477072      
305      NO_ID      0.9561728395   0.25           2.833333333    0.1025         0.175          39.83333333    18             7.790956       
306      NO_ID      1.616666667    0.25           6.5            0.1025         0.225          19.16666667    18             11.637295      
307      NO_ID      1.616666667    0.25           6.5            0.1025         0.125          19.16666667    18             9.764711       
308      NO_ID      0.95           0.25           6.5            0.1675         0.175          39.83333333    26             7.031824       
309      NO_ID      0.95           0.25           6.5            0.1675         0.175          19.16666667    26             9.292078       
310      NO_ID      1.45           0.25           2.833333333    0.1025         0.175          29.5           26             22.990892      
311      NO_ID      1.45           0.25           2.833333333    0.1025         0.175          29.5           18             7.749662       
312      NO_ID      1.283333333    0.85           6.5            0.1675         0.175          19.16666667    22             29.315511      
313      NO_ID      1.283333333    0.85           6.5            0.0375         0.175          19.16666667    22             387.326691     
314      NO_ID      1.184441829    0.1833333333   6.5            0.09527777778  0.175          38.68518519    16.22222222    2.410839       
315      NO_ID      1.184439947    0.1833333333   6.5            0.09527777778  0.175          38.68518519    16.22222222    2.412056       
316      NO_ID      0.95           0.25           10.16666667    0.1025         0.175          39.83333333    18             10.389505      
317      NO_ID      0.95           0.25           2.833333333    0.1025         0.175          39.83333333    18             7.827864       
318      NO_ID      1.338888889    0.25           6.5            0.1675         0.225          19.16666667    18             8.109434       
319      NO_ID      1.338888889    0.25           6.5            0.0375         0.225          19.16666667    18             20.103455      
320      NO_ID      0.95           0.55           6.5            0.1025         0.175          39.83333333    18             13.390771      
321      NO_ID      0.95           0.55           6.5            0.1025         0.175          19.16666667    18             13.201811      
322      NO_ID      1.394444444    0.55           6.5            0.1025         0.225          19.16666667    26             113.962153     
323      NO_ID      1.394444444    0.55           6.5            0.1025         0.225          19.16666667    18             44.033629      
324      NO_ID      1.184440888    0.1833333333   6.5            0.09527777778  0.1805555556   38.68518519    16.22222222    2.389076       
325      NO_ID      1.184440888    0.1833333333   6.5            0.09527777778  0.1694444444   38.68518519    16.22222222    2.512988       
326      NO_ID      0.9458847737   0.25           6.5            0.1025         0.175          39.83333333    18             4.118515       
327      NO_ID      0.9417695473   0.25           6.5            0.1025         0.175          39.83333333    18             4.166933       
328      NO_ID      1.45           0.25           6.5            0.1675         0.175          19.16666667    18             9.626631       
329      NO_ID      1.45           0.25           6.5            0.0375         0.175          19.16666667    18             12.741174      
330      NO_ID      1.45           0.25           10.16666667    0.1025         0.175          39.83333333    18             15.011873      
331      NO_ID      1.45           0.25           2.833333333    0.1025         0.175          39.83333333    18             13.550739      
332      NO_ID      0.45           0.85           6.5            0.1025         0.175          39.83333333    26             15.808324      
333      NO_ID      0.45           0.85           6.5            0.1025         0.175          39.83333333    18             13.713082      
334      NO_ID      1.45           0.85           6.5            0.1025         0.175          19.16666667    26             141.65152      
335      NO_ID      1.45           0.85           6.5            0.1025         0.175          19.16666667    18             58.017176      
336      NO_ID      1.184441202    0.1833333333   6.5            0.09527777778  0.175          38.68518519    16.22222222    2.424249       
337      NO_ID      1.184440574    0.1833333333   6.5            0.09527777778  0.175          38.68518519    16.22222222    2.419299       
338      NO_ID      1.19691358     0.1833333333   6.5            0.09527777778  0.1805555556   38.68518519    16.22222222    2.406134       
339      NO_ID      1.19691358     0.1833333333   6.5            0.09527777778  0.1694444444   38.68518519    16.22222222    2.526477       
340      NO_ID      0.9458847737   0.25           6.5            0.1025         0.225          39.83333333    18             5.846926       
341      NO_ID      0.9458847737   0.25           6.5            0.1025         0.125          39.83333333    18             8.042915       
342      NO_ID      1.45           0.25           6.5            0.1675         0.175          19.16666667    22             8.543912       
343      NO_ID      1.45           0.25           6.5            0.0375         0.175          19.16666667    22             15.740013      
344      NO_ID      0.95           0.25           6.5            0.1675         0.225          39.83333333    26             9.284588       
345      NO_ID      0.95           0.25           6.5            0.1675         0.225          19.16666667    26             8.55366        
346      NO_ID      0.45           0.85           10.16666667    0.1025         0.175          29.5           22             13.130307      
347      NO_ID      0.45           0.85           2.833333333    0.1025         0.175          29.5           22             20.653981      
348      NO_ID      1.184440993    0.1833333333   6.5            0.09527777778  0.175          38.68518519    16.22222222    2.403998       
349      NO_ID      1.184440784    0.1833333333   6.5            0.09527777778  0.175          38.68518519    16.22222222    2.42217        
350      NO_ID      1.184441829    0.1833333333   6.907407407    0.09527777778  0.175          38.68518519    16.22222222    2.49934        
351      NO_ID      1.184441829    0.1833333333   6.092592593    0.09527777778  0.175          38.68518519    16.22222222    2.391002       
352      NO_ID      0.9417695473   0.25           6.5            0.1025         0.225          39.83333333    18             5.796891       
353      NO_ID      0.9417695473   0.25           6.5            0.1025         0.125          39.83333333    18             8.125441       
354      NO_ID      1.45           0.25           2.833333333    0.1675         0.175          29.5           18             6.949574       
355      NO_ID      1.45           0.25           2.833333333    0.0375         0.175          29.5           18             31.338816      
356      NO_ID      0.45           0.85           6.5            0.1675         0.175          39.83333333    26             14.660765      
357      NO_ID      0.45           0.85           6.5            0.1675         0.175          39.83333333    18             15.116238      
358      NO_ID      1.184440923    0.1833333333   6.5            0.09527777778  0.175          38.68518519    16.22222222    2.410589       
359      NO_ID      1.184440853    0.1833333333   6.5            0.09527777778  0.175          38.68518519    16.22222222    2.406858       
360      NO_ID      1.185253772    0.1833333333   6.907407407    0.09527777778  0.175          38.68518519    16.22222222    2.470035       
361      NO_ID      1.185253772    0.1833333333   6.092592593    0.09527777778  0.175          38.68518519    16.22222222    2.367917       
362      NO_ID      0.9438271605   0.25           6.5            0.1025         0.225          39.83333333    18             5.919251       
363      NO_ID      0.9438271605   0.25           6.5            0.1025         0.125          39.83333333    18             8.065015       
364      NO_ID      1.505555556    0.25           6.5            0.1675         0.175          19.16666667    22             8.575847       
365      NO_ID      1.505555556    0.25           6.5            0.0375         0.175          19.16666667    22             17.00718       
366      NO_ID      0.45           0.85           6.5            0.1675         0.175          29.5           18             15.324675      
367      NO_ID      0.45           0.85           6.5            0.0375         0.175          29.5           18             18.653762      
368      NO_ID      1.185482396    0.1833333333   6.092592593    0.09527777778  0.175          38.68518519    16.22222222    2.397546       
369      NO_ID      1.185025149    0.1833333333   6.092592593    0.09527777778  0.175          38.68518519    16.22222222    2.387459       
370      NO_ID      1.184439947    0.1833333333   6.907407407    0.09527777778  0.175          38.68518519    16.22222222    2.465723       
371      NO_ID      1.184439947    0.1833333333   6.092592593    0.09527777778  0.175          38.68518519    16.22222222    2.384832       
372      NO_ID      0.9506858711   0.25           6.5            0.1025         0.225          29.5           18             4.282073       
373      NO_ID      0.9493141289   0.25           6.5            0.1025         0.225          29.5           18             4.236312       
374      NO_ID      0.7833333333   0.25           6.5            0.1025         0.175          39.83333333    18             5.886981       
375      NO_ID      0.7833333333   0.25           6.5            0.1025         0.175          19.16666667    18             13.156774      
376      NO_ID      0.45           0.85           6.5            0.1025         0.175          19.16666667    26             15.695316      
377      NO_ID      0.45           0.85           6.5            0.1025         0.175          19.16666667    18             14.345786      
378      NO_ID      1.184440888    0.1833333333   6.907407407    0.09527777778  0.175          38.68518519    16.22222222    2.47257        
379      NO_ID      1.184440888    0.1833333333   6.092592593    0.09527777778  0.175          38.68518519    16.22222222    2.382594       
380      NO_ID      1.184443711    0.1833333333   6.5            0.09527777778  0.1805555556   38.68518519    16.22222222    2.385937       
381      NO_ID      1.184443711    0.1833333333   6.5            0.09527777778  0.1694444444   38.68518519    16.22222222    2.579717       
382      NO_ID      0.9502286237   0.25           6.5            0.1025         0.225          29.5           18             4.223256       
383      NO_ID      0.9497713763   0.25           6.5            0.1025         0.225          29.5           18             4.205762       
384      NO_ID      1.116666667    0.25           2.833333333    0.1025         0.175          39.83333333    18             8.412553       
385      NO_ID      1.116666667    0.25           2.833333333    0.1025         0.175          19.16666667    18             17.144619      
386      NO_ID      0.45           0.85           6.5            0.1675         0.175          19.16666667    26             14.800736      
387      NO_ID      0.45           0.85           6.5            0.1675         0.175          19.16666667    18             15.613756      
388      NO_ID      1.184440888    0.1944444444   6.5            0.09527777778  0.175          38.68518519    16.22222222    2.465117       
389      NO_ID      1.184440888    0.1722222222   6.5            0.09527777778  0.175          38.68518519    16.22222222    2.399767       
390      NO_ID      1.190740741    0.1833333333   6.5            0.09527777778  0.1805555556   38.68518519    16.22222222    2.396157       
391      NO_ID      1.190740741    0.1833333333   6.5            0.09527777778  0.1694444444   38.68518519    16.22222222    2.522015       
392      NO_ID      0.9497713763   0.25           10.16666667    0.1025         0.225          29.5           18             13.81024       
393      NO_ID      0.9497713763   0.25           2.833333333    0.1025         0.225          29.5           18             7.686664       
394      NO_ID      1.283333333    0.25           6.5            0.1675         0.175          19.16666667    18             10.555821      
395      NO_ID      1.283333333    0.25           6.5            0.0375         0.175          19.16666667    18             11.961349      
396      NO_ID      0.95           0.55           6.5            0.1675         0.225          39.83333333    22             18.111517      
397      NO_ID      0.95           0.55           6.5            0.1675         0.225          19.16666667    22             12.288143      
398      NO_ID      1.184440888    0.1833333333   6.5            0.09527777778  0.175          39.06790123    16.22222222    2.417534       
399      NO_ID      1.184440888    0.1833333333   6.5            0.09527777778  0.175          38.30246914    16.22222222    2.438044       
400      NO_ID      1.184440888    0.1944444444   6.092592593    0.09527777778  0.175          38.68518519    16.22222222    2.443019       
401      NO_ID      1.184440888    0.1722222222   6.092592593    0.09527777778  0.175          38.68518519    16.22222222    2.382327       
402      NO_ID      1.192798354    0.1833333333   6.5            0.09527777778  0.1805555556   38.68518519    16.22222222    2.39653        
403      NO_ID      1.188683128    0.1833333333   6.5            0.09527777778  0.1805555556   38.68518519    16.22222222    2.381583       
404      NO_ID      1.184438066    0.1833333333   6.5            0.09527777778  0.1805555556   38.68518519    16.22222222    2.406055       
405      NO_ID      1.184438066    0.1833333333   6.5            0.09527777778  0.1694444444   38.68518519    16.22222222    2.55802        
406      NO_ID      0.95           0.25           10.16666667    0.1025         0.225          29.5           18             13.712362      
407      NO_ID      0.95           0.25           2.833333333    0.1025         0.225          29.5           18             7.653077       
408      NO_ID      1.283333333    0.25           6.5            0.1675         0.175          19.16666667    26             9.083579       
409      NO_ID      1.283333333    0.25           6.5            0.0375         0.175          19.16666667    26             16.123544      
410      NO_ID      0.95           0.25           6.5            0.1675         0.175          39.83333333    18             7.330305       
411      NO_ID      0.95           0.25           6.5            0.1675         0.175          19.16666667    18             13.155402      
412      NO_ID      0.95           0.85           6.5            0.1675         0.125          29.5           26             14.210527      
413      NO_ID      0.95           0.25           6.5            0.1675         0.125          29.5           26             8.787022       
414      NO_ID      1.189368999    0.1833333333   6.5            0.09527777778  0.1805555556   38.68518519    16.22222222    2.387813       
415      NO_ID      1.187997257    0.1833333333   6.5            0.09527777778  0.1805555556   38.68518519    16.22222222    2.425596       
416      NO_ID      1.184432421    0.1833333333   6.5            0.09527777778  0.1805555556   38.68518519    16.22222222    2.43145        
417      NO_ID      1.184432421    0.1833333333   6.5            0.09527777778  0.1694444444   38.68518519    16.22222222    2.528173       
418      NO_ID      0.9502286237   0.25           10.16666667    0.1025         0.225          29.5           18             13.667443      
419      NO_ID      0.9502286237   0.25           2.833333333    0.1025         0.225          29.5           18             7.672861       
420      NO_ID      0.95           0.25           6.5            0.1675         0.125          39.83333333    26             8.121117       
421      NO_ID      0.95           0.25           6.5            0.1675         0.125          19.16666667    26             11.162863      
422      NO_ID      0.45           0.25           10.16666667    0.1025         0.225          29.5           26             16.465332      
423      NO_ID      0.45           0.25           10.16666667    0.1025         0.225          29.5           18             15.333788      
424      NO_ID      1.188911751    0.1833333333   6.5            0.09527777778  0.1805555556   38.68518519    16.22222222    2.394834       
425      NO_ID      1.188454504    0.1833333333   6.5            0.09527777778  0.1805555556   38.68518519    16.22222222    2.387561       
426      NO_ID      1.184449356    0.1833333333   6.5            0.09527777778  0.1805555556   38.68518519    16.22222222    2.416974       
427      NO_ID      1.184449356    0.1833333333   6.5            0.09527777778  0.1694444444   38.68518519    16.22222222    2.555856       
428      NO_ID      0.9520576132   0.25           10.16666667    0.1025         0.225          29.5           18             13.697209      
429      NO_ID      0.9520576132   0.25           2.833333333    0.1025         0.225          29.5           18             7.68854        
430      NO_ID      1.45           0.25           6.5            0.1025         0.125          19.16666667    26             8.005255       
431      NO_ID      1.45           0.25           6.5            0.1025         0.125          19.16666667    18             10.783898      
432      NO_ID      0.95           0.25           2.833333333    0.1025         0.175          39.83333333    22             11.347566      
433      NO_ID      0.95           0.25           2.833333333    0.1025         0.175          19.16666667    22             15.570969      
434      NO_ID      1.45           0.55           6.5            0.1675         0.175          19.16666667    26             21.197516      
435      NO_ID      1.45           0.55           6.5            0.1675         0.175          19.16666667    18             10.101313      
436      NO_ID      0.45           0.55           6.5            0.1675         0.175          39.83333333    26             15.530258      
437      NO_ID      0.45           0.55           6.5            0.1675         0.175          39.83333333    18             15.953776      
438      NO_ID      1.184440888    0.1833333333   6.5            0.09768518519  0.175          38.68518519    16.22222222    2.489126       
439      NO_ID      1.184440888    0.1833333333   6.5            0.09287037037  0.175          38.68518519    16.22222222    2.359016       
440      NO_ID      1.184440888    0.1722222222   6.092592593    0.09768518519  0.175          38.68518519    16.22222222    2.412713       
441      NO_ID      1.184440888    0.1722222222   6.092592593    0.09287037037  0.175          38.68518519    16.22222222    2.324356       
442      NO_ID      1.189597622    0.1833333333   6.5            0.09527777778  0.1805555556   38.68518519    16.22222222    2.434493       
443      NO_ID      1.189140375    0.1833333333   6.5            0.09527777778  0.1805555556   38.68518519    16.22222222    2.379053       
444      NO_ID      1.184390083    0.1833333333   6.5            0.09527777778  0.1805555556   38.68518519    16.22222222    2.41285        
445      NO_ID      1.184390083    0.1833333333   6.5            0.09527777778  0.1694444444   38.68518519    16.22222222    2.534579       
446      NO_ID      0.9493141289   0.25           10.16666667    0.1025         0.225          29.5           18             13.655838      
447      NO_ID      0.9493141289   0.25           2.833333333    0.1025         0.225          29.5           18             7.559944       
448      NO_ID      1.005555556    0.25           2.833333333    0.1025         0.175          39.83333333    18             7.879135       
449      NO_ID      1.005555556    0.25           2.833333333    0.1025         0.175          19.16666667    18             17.650933      
450      NO_ID      0.45           0.55           6.5            0.1025         0.175          39.83333333    26             17.374572      
451      NO_ID      0.45           0.55           6.5            0.1025         0.175          39.83333333    18             14.997725      
452      NO_ID      1.184440888    0.1722222222   6.092592593    0.09287037037  0.175          39.06790123    16.22222222    2.333226       
453      NO_ID      1.184440888    0.1722222222   6.092592593    0.09287037037  0.175          38.30246914    16.22222222    2.342002       
454      NO_ID      1.184415485    0.1833333333   6.5            0.09527777778  0.1805555556   38.68518519    16.22222222    2.37891        
455      NO_ID      1.184415485    0.1833333333   6.5            0.09527777778  0.1694444444   38.68518519    16.22222222    2.533157       
456      NO_ID      0.9582304527   0.25           6.5            0.1025         0.225          29.5           18             4.319349       
457      NO_ID      0.9541152263   0.25           6.5            0.1025         0.225          29.5           18             4.209155       
458      NO_ID      0.9314814815   0.25           6.5            0.1025         0.225          39.83333333    18             5.678941       
459      NO_ID      0.9314814815   0.25           6.5            0.1025         0.125          39.83333333    18             8.205481       
460      NO_ID      1.616666667    0.25           10.16666667    0.1675         0.175          19.16666667    22             13.248836      
461      NO_ID      1.616666667    0.25           2.833333333    0.1675         0.175          19.16666667    22             10.422194      
462      NO_ID      1.616666667    0.25           6.5            0.1675         0.175          19.16666667    26             11.088108      
463      NO_ID      1.616666667    0.25           6.5            0.0375         0.175          19.16666667    26             11.088108      
464      NO_ID      0.45           0.25           10.16666667    0.1025         0.175          29.5           26             11.088108      
465      NO_ID      0.45           0.25           10.16666667    0.1025         0.175          29.5           18             11.088108      
466      NO_ID      1.184440888    0.1722222222   6.092592593    0.09287037037  0.175          38.68518519    16.37037037    2.293392       
467      NO_ID      1.184440888    0.1722222222   6.092592593    0.09287037037  0.175          38.68518519    16.07407407    2.281955       
468      NO_ID      1.18436468     0.1833333333   6.5            0.09527777778  0.175          38.68518519    16.22222222    2.411222       
469      NO_ID      1.184313875    0.1833333333   6.5            0.09527777778  0.175          38.68518519    16.22222222    2.412653       
470      NO_ID      0.9541152263   0.25           10.16666667    0.1025         0.225          29.5           18             14.067551      
471      NO_ID      0.9541152263   0.25           2.833333333    0.1025         0.225          29.5           18             7.647639       
472      NO_ID      0.9685185185   0.25           2.833333333    0.1025         0.175          39.83333333    18             7.89969        
473      NO_ID      0.9685185185   0.25           2.833333333    0.1025         0.175          19.16666667    18             17.976391      
474      NO_ID      1.45           0.25           6.5            0.1675         0.225          19.16666667    22             9.586544       
475      NO_ID      1.45           0.25           6.5            0.0375         0.225          19.16666667    22             42.044536      
476      NO_ID      0.95           0.85           6.5            0.1025         0.175          39.83333333    18             17.102405      
477      NO_ID      0.95           0.85           6.5            0.1025         0.175          19.16666667    18             14.332906      
478      NO_ID      1.184440888    0.1722222222   6.092592593    0.09287037037  0.1768518519   38.68518519    16.07407407    2.304097       
479      NO_ID      1.184440888    0.1722222222   6.092592593    0.09287037037  0.1731481481   38.68518519    16.07407407    2.302403       
480      NO_ID      1.184347745    0.1833333333   6.5            0.09527777778  0.175          38.68518519    16.22222222    2.433192       
481      NO_ID      1.18433081     0.1833333333   6.5            0.09527777778  0.175          38.68518519    16.22222222    2.428611       
482      NO_ID      0.9561728395   0.25           10.16666667    0.1025         0.225          29.5           18             13.675464      
483      NO_ID      0.9561728395   0.25           2.833333333    0.1025         0.225          29.5           18             7.670901       
484      NO_ID      1.616666667    0.25           6.5            0.1025         0.225          19.16666667    22             23.242698      
485      NO_ID      1.616666667    0.25           6.5            0.1025         0.125          19.16666667    22             7.820688       
486      NO_ID      0.95           0.85           6.5            0.1675         0.175          29.5           26             21.900593      
487      NO_ID      0.95           0.85           6.5            0.1675         0.175          29.5           18             12.127202      
488      NO_ID      1.1844409      0.1722222222   6.092592593    0.09287037037  0.175          38.68518519    16.07407407    2.294071       
489      NO_ID      1.184440876    0.1722222222   6.092592593    0.09287037037  0.175          38.68518519    16.07407407    2.335302       
490      NO_ID      1.184440888    0.1722222222   6.228395062    0.09287037037  0.175          38.68518519    16.37037037    2.334897       
491      NO_ID      1.184440888    0.1722222222   5.956790123    0.09287037037  0.175          38.68518519    16.37037037    2.321289       
492      NO_ID      1.184339278    0.1833333333   6.5            0.09527777778  0.1805555556   38.68518519    16.22222222    2.39642        
493      NO_ID      1.184339278    0.1833333333   6.5            0.09527777778  0.1694444444   38.68518519    16.22222222    2.542224       
494      NO_ID      0.9486282579   0.25           6.5            0.1025         0.225          29.5           18             4.174154       
495      NO_ID      0.9472565158   0.25           6.5            0.1025         0.225          29.5           18             4.267044       
496      NO_ID      0.9438271605   0.25           2.833333333    0.1025         0.175          39.83333333    18             7.887534       
497      NO_ID      0.9438271605   0.25           2.833333333    0.1025         0.175          19.16666667    18             18.081289      
498      NO_ID      0.45           0.85           6.5            0.1675         0.175          29.5           26             14.919345      
499      NO_ID      0.45           0.85           6.5            0.0375         0.175          29.5           26             33.067286      
500      NO_ID      1.184440888    0.1722222222   6.228395062    0.09287037037  0.175          38.68518519    16.07407407    2.315544       
501      NO_ID      1.184440888    0.1722222222   5.956790123    0.09287037037  0.175          38.68518519    16.07407407    2.305359       
502      NO_ID      1.18388203     0.1833333333   6.5            0.09527777778  0.1805555556   38.68518519    16.22222222    2.395547       
503      NO_ID      1.18388203     0.1833333333   6.5            0.09527777778  0.1694444444   38.68518519    16.22222222    2.53579        
504      NO_ID      0.9488568816   0.25           6.5            0.1025         0.225          29.5           18             4.222403       
505      NO_ID      0.9483996342   0.25           6.5            0.1025         0.225          29.5           18             4.220595       
506      NO_ID      1.616666667    0.25           10.16666667    0.1675         0.175          19.16666667    18             11.975508      
507      NO_ID      1.616666667    0.25           2.833333333    0.1675         0.175          19.16666667    18             11.836418      
508      NO_ID      0.45           0.55           6.5            0.1675         0.175          29.5           26             17.164667      
509      NO_ID      0.45           0.55           6.5            0.1675         0.175          29.5           18             16.841728      
510      NO_ID      1.184440888    0.1759259259   6.092592593    0.09287037037  0.175          38.68518519    16.07407407    2.337615       
511      NO_ID      1.184440888    0.1685185185   6.092592593    0.09287037037  0.175          38.68518519    16.07407407    2.329948       
512      NO_ID      1.184440904    0.1722222222   6.092592593    0.09287037037  0.175          38.68518519    16.07407407    2.295653       
513      NO_ID      1.184440896    0.1722222222   6.092592593    0.09287037037  0.175          38.68518519    16.07407407    2.322651       
514      NO_ID      1.18433081     0.1833333333   6.5            0.09527777778  0.1805555556   38.68518519    16.22222222    2.391363       
515      NO_ID      1.18433081     0.1833333333   6.5            0.09527777778  0.1694444444   38.68518519    16.22222222    2.533978       
516      NO_ID      0.9486282579   0.25           10.16666667    0.1025         0.225          29.5           18             13.699024      
517      NO_ID      0.9486282579   0.25           2.833333333    0.1025         0.225          29.5           18             7.650237       
518      NO_ID      0.9314814815   0.25           2.833333333    0.1025         0.175          39.83333333    18             7.866679       
519      NO_ID      0.9314814815   0.25           2.833333333    0.1025         0.175          19.16666667    18             18.040406      
520      NO_ID      0.45           0.25           10.16666667    0.1675         0.125          29.5           22             16.725632      
521      NO_ID      0.45           0.25           10.16666667    0.0375         0.125          29.5           22             16.622777      
522      NO_ID      1.184440888    0.1722222222   6.092592593    0.09367283951  0.175          38.68518519    16.07407407    2.32439        
523      NO_ID      1.184440888    0.1722222222   6.092592593    0.09206790123  0.175          38.68518519    16.07407407    2.298818       
524      NO_ID      1.184440901    0.1722222222   6.092592593    0.09287037037  0.175          38.68518519    16.07407407    2.316751       
525      NO_ID      1.184440898    0.1722222222   6.092592593    0.09287037037  0.175          38.68518519    16.07407407    2.291668       
526      NO_ID      1.182510288    0.1833333333   6.5            0.09527777778  0.1805555556   38.68518519    16.22222222    2.38349        
527      NO_ID      1.182510288    0.1833333333   6.5            0.09527777778  0.1694444444   38.68518519    16.22222222    2.55069        
528      NO_ID      0.9483996342   0.25           10.16666667    0.1025         0.225          29.5           18             13.576455      
529      NO_ID      0.9483996342   0.25           2.833333333    0.1025         0.225          29.5           18             7.619336       
530      NO_ID      0.95           0.25           6.5            0.1675         0.125          39.83333333    22             8.850217       
531      NO_ID      0.95           0.25           6.5            0.1675         0.125          19.16666667    22             12.909498      
532      NO_ID      0.45           0.25           6.5            0.1675         0.175          29.5           18             17.471447      
533      NO_ID      0.45           0.25           6.5            0.0375         0.175          29.5           18             15.314274      
534      NO_ID      1.184440888    0.1722222222   6.092592593    0.09287037037  0.175          38.68518519    16.12345679    2.319532       
535      NO_ID      1.184440888    0.1722222222   6.092592593    0.09287037037  0.175          38.68518519    16.02469136    2.301465       
536      NO_ID      1.184440899    0.1722222222   6.092592593    0.09287037037  0.175          38.68518519    16.07407407    2.296773       
537      NO_ID      1.184440898    0.1722222222   6.092592593    0.09287037037  0.175          38.68518519    16.07407407    2.301837       
538      NO_ID      1.182510288    0.1833333333   6.907407407    0.09527777778  0.1805555556   38.68518519    16.22222222    2.437013       
539      NO_ID      1.182510288    0.1833333333   6.092592593    0.09527777778  0.1805555556   38.68518519    16.22222222    2.36764        
540      NO_ID      1.186625514    0.1833333333   6.5            0.09527777778  0.1805555556   38.68518519    16.22222222    2.398281       
541      NO_ID      1.186625514    0.1833333333   6.5            0.09527777778  0.1694444444   38.68518519    16.22222222    2.550941       
542      NO_ID      0.9489330895   0.25           6.5            0.1025         0.225          29.5           18             4.185721       
543      NO_ID      0.9487806737   0.25           6.5            0.1025         0.225          29.5           18             4.187367       
544      NO_ID      1.505555556    0.25           6.5            0.1675         0.225          19.16666667    18             8.046041       
545      NO_ID      1.505555556    0.25           6.5            0.1675         0.125          19.16666667    18             12.793352      
546      NO_ID      0.45           0.25           2.833333333    0.1025         0.175          29.5           26             14.762673      
547      NO_ID      0.45           0.25           2.833333333    0.1025         0.175          29.5           18             19.351843      
548      NO_ID      1.184440888    0.1722222222   6.092592593    0.09287037037  0.175          38.8127572     16.07407407    2.307816       
549      NO_ID      1.184440888    0.1722222222   6.092592593    0.09287037037  0.175          38.55761317    16.07407407    2.311214       
550      NO_ID      1.184440898    0.1722222222   6.228395062    0.09287037037  0.175          38.68518519    16.07407407    2.336643       
551      NO_ID      1.184440898    0.1722222222   5.956790123    0.09287037037  0.175          38.68518519    16.07407407    2.33873        
552      NO_ID      1.184347745    0.1833333333   6.5            0.09527777778  0.1805555556   38.68518519    16.22222222    2.371326       
553      NO_ID      1.184347745    0.1833333333   6.5            0.09527777778  0.1694444444   38.68518519    16.22222222    2.563275       
554      NO_ID      0.9489584921   0.25           6.5            0.1025         0.225          29.5           18             4.279252       
555      NO_ID      0.9489076868   0.25           6.5            0.1025         0.225          29.5           18             4.223018       
556      NO_ID      1.45           0.25           6.5            0.1675         0.225          19.16666667    26             14.453581      
557      NO_ID      1.45           0.25           6.5            0.1675         0.225          19.16666667    18             7.955474       
558      NO_ID      0.45           0.25           2.833333333    0.1675         0.175          39.83333333    22             15.357286      
559      NO_ID      0.45           0.25           2.833333333    0.1675         0.175          19.16666667    22             19.002681      
560      NO_ID      1.184440888    0.1722222222   6.137860082    0.09287037037  0.175          38.68518519    16.07407407    2.290103       
561      NO_ID      1.184440888    0.1722222222   6.047325103    0.09287037037  0.175          38.68518519    16.07407407    2.339068       
562      NO_ID      1.184440899    0.1722222222   6.092592593    0.09287037037  0.175          38.68518519    16.07407407    2.305141       
563      NO_ID      1.184440899    0.1722222222   6.092592593    0.09287037037  0.175          38.68518519    16.07407407    2.337783       
564      NO_ID      1.18436468     0.1833333333   6.5            0.09527777778  0.1805555556   38.68518519    16.22222222    2.395615       
565      NO_ID      1.18436468     0.1833333333   6.5            0.09527777778  0.1694444444   38.68518519    16.22222222    2.556609       
566      NO_ID      0.9489330895   0.25           10.16666667    0.1025         0.225          29.5           18             13.6823        
567      NO_ID      0.9489330895   0.25           2.833333333    0.1025         0.225          29.5           18             7.648617       
568      NO_ID      0.9561728395   0.25           6.5            0.1025         0.125          39.83333333    18             7.894416       
569      NO_ID      0.9561728395   0.25           6.5            0.1025         0.125          19.16666667    18             14.514421      
570      NO_ID      0.45           0.25           6.5            0.0375         0.175          39.83333333    26             9.58056        
571      NO_ID      0.45           0.25           6.5            0.0375         0.175          19.16666667    26             12.990111      
572      NO_ID      0.45           0.55           6.5            0.1025         0.175          29.5           26             19.602087      
573      NO_ID      0.45           0.55           6.5            0.1025         0.175          29.5           18             16.251378      
574      NO_ID      1.184440888    0.1722222222   6.092592593    0.09287037037  0.175617284    38.68518519    16.07407407    2.294221       
575      NO_ID      1.184440888    0.1722222222   6.092592593    0.09287037037  0.174382716    38.68518519    16.07407407    2.313576       
576      NO_ID      1.184440899    0.1722222222   6.092592593    0.09287037037  0.175          38.68518519    16.07407407    2.338155       
577      NO_ID      1.184440899    0.1722222222   6.092592593    0.09287037037  0.175          38.68518519    16.07407407    2.301057       
578      NO_ID      1.184313875    0.1833333333   6.907407407    0.09527777778  0.175          38.68518519    16.22222222    2.492591       
579      NO_ID      1.184313875    0.1833333333   6.092592593    0.09527777778  0.175          38.68518519    16.22222222    2.365092       
580      NO_ID      0.9489161544   0.25           6.5            0.1025         0.225          29.5           18             4.210894       
581      NO_ID      0.9488992193   0.25           6.5            0.1025         0.225          29.5           18             4.22447        
582      NO_ID      0.95           0.25           6.5            0.1025         0.125          39.83333333    18             8.013942       
583      NO_ID      0.95           0.25           6.5            0.1025         0.125          19.16666667    18             14.503858      
584      NO_ID      1.45           0.25           6.5            0.1675         0.175          39.83333333    22             7.961262       
585      NO_ID      1.45           0.25           6.5            0.0375         0.175          39.83333333    22             124.814236     
586      NO_ID      1.184440888    0.1734567901   6.092592593    0.09287037037  0.175          38.68518519    16.07407407    2.310192       
587      NO_ID      1.184440888    0.1709876543   6.092592593    0.09287037037  0.175          38.68518519    16.07407407    2.278371       
588      NO_ID      1.184440899    0.1722222222   6.228395062    0.09287037037  0.175          38.68518519    16.07407407    2.319973       
589      NO_ID      1.184440899    0.1722222222   5.956790123    0.09287037037  0.175          38.68518519    16.07407407    2.323512       
590      NO_ID      1.18426307     0.1833333333   6.5            0.09527777778  0.1805555556   38.68518519    16.22222222    2.383937       
591      NO_ID      1.18426307     0.1833333333   6.5            0.09527777778  0.1694444444   38.68518519    16.22222222    2.552059       
592      NO_ID      0.9489189769   0.25           6.5            0.1025         0.225          29.5           18             4.200503       
593      NO_ID      0.9489133319   0.25           6.5            0.1025         0.225          29.5           18             4.268249       
594      NO_ID      1.45           0.25           6.5            0.1675         0.225          39.83333333    22             16.176157      
595      NO_ID      1.45           0.25           6.5            0.1675         0.125          39.83333333    22             7.231996       
596      NO_ID      0.45           0.55           6.5            0.1675         0.175          19.16666667    18             17.721755      
597      NO_ID      0.45           0.55           6.5            0.0375         0.175          19.16666667    18             19.846831      
598      NO_ID      1.184440888    0.1709876543   6.092592593    0.09313786008  0.175          38.68518519    16.07407407    2.330191       
599      NO_ID      1.184440888    0.1709876543   6.092592593    0.09260288066  0.175          38.68518519    16.07407407    2.309872       
600      NO_ID      1.184440899    0.1722222222   6.228395062    0.09287037037  0.175          38.68518519    16.07407407    2.319574       
601      NO_ID      1.184440899    0.1722222222   5.956790123    0.09287037037  0.175          38.68518519    16.07407407    2.281213       
602      NO_ID      1.184796525    0.1833333333   6.5            0.09527777778  0.1805555556   38.68518519    16.22222222    2.40611        
603      NO_ID      1.184796525    0.1833333333   6.5            0.09527777778  0.1694444444   38.68518519    16.22222222    2.54042        
604      NO_ID      0.9489199177   0.25           6.5            0.1025         0.225          29.5           18             4.241009       
605      NO_ID      0.9489180361   0.25           6.5            0.1025         0.225          29.5           18             4.276883       
606      NO_ID      1.45           0.55           10.16666667    0.1675         0.175          19.16666667    18             13.630399      
607      NO_ID      1.45           0.55           2.833333333    0.1675         0.175          19.16666667    18             12.704925      
608      NO_ID      0.45           0.25           6.5            0.1025         0.175          39.83333333    26             10.173551      
609      NO_ID      0.45           0.25           6.5            0.1025         0.175          19.16666667    26             12.676797      
610      NO_ID      0.45           0.55           6.5            0.1675         0.175          19.16666667    22             16.784982      
611      NO_ID      0.45           0.55           6.5            0.0375         0.175          19.16666667    22             23.956387      
612      NO_ID      1.184440888    0.1709876543   6.092592593    0.09287037037  0.175          38.68518519    16.09053498    2.307669       
613      NO_ID      1.184440888    0.1709876543   6.092592593    0.09287037037  0.175          38.68518519    16.05761317    2.298756       
614      NO_ID      1.184440899    0.1759259259   5.956790123    0.09287037037  0.175          38.68518519    16.07407407    2.338689       
615      NO_ID      1.184440899    0.1685185185   5.956790123    0.09287037037  0.175          38.68518519    16.07407407    2.311434       
616      NO_ID      1.184567901    0.1833333333   6.5            0.09527777778  0.1805555556   38.68518519    16.22222222    2.395546       
617      NO_ID      1.184567901    0.1833333333   6.5            0.09527777778  0.1694444444   38.68518519    16.22222222    2.567353       
618      NO_ID      0.9489192905   0.25           6.5            0.1025         0.225          29.5           18             4.233291       
619      NO_ID      0.9489186633   0.25           6.5            0.1025         0.225          29.5           18             4.247521       
620      NO_ID      0.95           0.25           6.5            0.1025         0.225          29.5           22             7.602648       
621      NO_ID      0.95           0.25           6.5            0.1025         0.125          29.5           22             7.401306       
622      NO_ID      1.505555556    0.25           10.16666667    0.1675         0.175          19.16666667    26             17.061624      
623      NO_ID      1.505555556    0.25           2.833333333    0.1675         0.175          19.16666667    26             11.278682      
624      NO_ID      0.45           0.25           10.16666667    0.1675         0.175          29.5           26             15.75378       
625      NO_ID      0.45           0.25           10.16666667    0.0375         0.175          29.5           26             20.573968      
626      NO_ID      1.394444444    0.85           6.5            0.1025         0.175          19.16666667    18             50.56369       
627      NO_ID      1.394444444    0.25           6.5            0.1025         0.175          19.16666667    18             7.117873       
628      NO_ID      0.45           0.25           2.833333333    0.0375         0.175          29.5           26             17.444742      
629      NO_ID      0.45           0.25           2.833333333    0.0375         0.175          29.5           18             20.3959        
630      NO_ID      1.184440888    0.1709876543   6.092592593    0.09287037037  0.175          38.72770919    16.07407407    2.329987       
631      NO_ID      1.184440888    0.1709876543   6.092592593    0.09287037037  0.175          38.64266118    16.07407407    2.319756       
632      NO_ID      1.184440899    0.1722222222   5.956790123    0.09287037037  0.175          38.68518519    16.12345679    2.339639       
633      NO_ID      1.184440899    0.1722222222   5.956790123    0.09287037037  0.175          38.68518519    16.02469136    2.310885       
634      NO_ID      1.184110654    0.1833333333   6.5            0.09527777778  0.1805555556   38.68518519    16.22222222    2.404739       
635      NO_ID      1.183653406    0.1833333333   6.5            0.09527777778  0.1805555556   38.68518519    16.22222222    2.385544       
636      NO_ID      1.116666667    0.15           5.277777778    0.1025         0.1916666667   36.38888889    16.66666667    2.86354        
637      NO_ID      1.116666667    0.15           5.277777778    0.1025         0.1583333333   36.38888889    16.66666667    3.737542       
638      NO_ID      0.9489189769   0.25           10.16666667    0.1025         0.225          29.5           18             13.602281      
639      NO_ID      0.9489189769   0.25           2.833333333    0.1025         0.225          29.5           18             7.642944       
640      NO_ID      1.394444444    0.25           6.5            0.1675         0.175          19.16666667    18             9.920166       
641      NO_ID      1.394444444    0.25           6.5            0.0375         0.175          19.16666667    18             12.386383      
642      NO_ID      1.394444444    0.85           6.5            0.1025         0.125          19.16666667    22             20.847942      
643      NO_ID      1.394444444    0.25           6.5            0.1025         0.125          19.16666667    22             8.563988       
644      NO_ID      0.45           0.55           6.5            0.1675         0.175          19.16666667    26             17.658128      
645      NO_ID      0.45           0.55           6.5            0.0375         0.175          19.16666667    26             30.821921      
646      NO_ID      1.184440892    0.1709876543   6.092592593    0.09287037037  0.175          38.68518519    16.07407407    2.306452       
647      NO_ID      1.184440884    0.1709876543   6.092592593    0.09287037037  0.175          38.68518519    16.07407407    2.323415       
648      NO_ID      1.184440899    0.1722222222   5.956790123    0.09367283951  0.175          38.68518519    16.07407407    2.363125       
649      NO_ID      1.184440899    0.1722222222   5.956790123    0.09206790123  0.175          38.68518519    16.07407407    2.332051       
650      NO_ID      1.184440898    0.1722222222   6.228395062    0.09287037037  0.175          38.68518519    16.07407407    2.289158       
651      NO_ID      1.184440898    0.1722222222   5.956790123    0.09287037037  0.175          38.68518519    16.07407407    2.324649       
652      NO_ID      1.191426612    0.1833333333   6.5            0.09527777778  0.1805555556   38.68518519    16.22222222    2.457793       
653      NO_ID      1.19005487     0.1833333333   6.5            0.09527777778  0.1805555556   38.68518519    16.22222222    2.396183       
654      NO_ID      1.116666667    0.15           6.5            0.1025         0.1916666667   36.38888889    16.66666667    2.583619       
655      NO_ID      1.116666667    0.15           6.5            0.1025         0.1583333333   36.38888889    16.66666667    3.973763       
656      NO_ID      0.9489192905   0.25           10.16666667    0.1025         0.225          29.5           18             13.744635      
657      NO_ID      0.9489192905   0.25           2.833333333    0.1025         0.225          29.5           18             7.616347       
658      NO_ID      1.394444444    0.25           6.5            0.1025         0.125          19.16666667    26             8.026275       
659      NO_ID      1.394444444    0.25           6.5            0.1025         0.125          19.16666667    18             11.061653      
660      NO_ID      0.95           0.55           6.5            0.1025         0.175          39.83333333    22             21.525321      
661      NO_ID      0.95           0.55           6.5            0.1025         0.175          19.16666667    22             18.435005      
662      NO_ID      1.184440888    0.1709876543   6.092592593    0.09287037037  0.1752057613   38.68518519    16.07407407    2.317258       
663      NO_ID      1.184440888    0.1709876543   6.092592593    0.09287037037  0.1747942387   38.68518519    16.07407407    2.323506       
664      NO_ID      1.184440899    0.1722222222   5.956790123    0.09287037037  0.175          38.8127572     16.07407407    2.326435       
665      NO_ID      1.184440899    0.1722222222   5.956790123    0.09287037037  0.175          38.55761317    16.07407407    2.306828       
666      NO_ID      1.190969364    0.1833333333   6.5            0.09527777778  0.1805555556   38.68518519    16.22222222    2.392763       
667      NO_ID      1.190512117    0.1833333333   6.5            0.09527777778  0.1805555556   38.68518519    16.22222222    2.355736       
668      NO_ID      1.116666667    0.1833333333   6.5            0.1025         0.1916666667   36.38888889    16.66666667    2.63548        
669      NO_ID      1.116666667    0.1166666667   6.5            0.1025         0.1916666667   36.38888889    16.66666667    3.233557       
670      NO_ID      0.9489186633   0.25           10.16666667    0.1025         0.225          29.5           18             13.641121      
671      NO_ID      0.9489186633   0.25           2.833333333    0.1025         0.225          29.5           18             7.638369       
672      NO_ID      1.505555556    0.55           6.5            0.1675         0.225          19.16666667    18             19.58647       
673      NO_ID      1.505555556    0.55           6.5            0.1675         0.125          19.16666667    18             11.111006      
674      NO_ID      0.45           0.25           10.16666667    0.1675         0.175          29.5           18             17.619937      
675      NO_ID      0.45           0.25           10.16666667    0.0375         0.175          29.5           18             16.562763      
676      NO_ID      1.505555556    0.85           6.5            0.1025         0.175          19.16666667    18             67.486804      
677      NO_ID      1.505555556    0.25           6.5            0.1025         0.175          19.16666667    18             6.766122       
678      NO_ID      0.45           0.85           6.5            0.0375         0.175          19.16666667    26             30.832572      
679      NO_ID      0.45           0.85           6.5            0.0375         0.175          19.16666667    18             17.955488      
680      NO_ID      1.184440889    0.1709876543   6.092592593    0.09287037037  0.175          38.68518519    16.07407407    2.293051       
681      NO_ID      1.184440887    0.1709876543   6.092592593    0.09287037037  0.175          38.68518519    16.07407407    2.306019       
682      NO_ID      1.184440899    0.1722222222   6.002057613    0.09287037037  0.175          38.68518519    16.07407407    2.318271       
683      NO_ID      1.184440899    0.1722222222   5.911522634    0.09287037037  0.175          38.68518519    16.07407407    2.315792       
684      NO_ID      1.184440899    0.1722222222   6.092592593    0.09287037037  0.175          38.68518519    16.07407407    2.316712       
685      NO_ID      1.184440899    0.1722222222   6.092592593    0.09287037037  0.175          38.68518519    16.07407407    2.292764       
686      NO_ID      1.19005487     0.1833333333   6.907407407    0.09527777778  0.1805555556   38.68518519    16.22222222    2.404184       
687      NO_ID      1.19005487     0.1833333333   6.092592593    0.09527777778  0.1805555556   38.68518519    16.22222222    2.47367        
688      NO_ID      1.116666667    0.15           6.5            0.1025         0.1916666667   36.38888889    17.11111111    2.544484       
689      NO_ID      1.116666667    0.15           6.5            0.1025         0.1916666667   36.38888889    16.22222222    2.669987       
690      NO_ID      0.9489202313   0.25           6.5            0.1025         0.225          29.5           18             4.240314       
691      NO_ID      0.9489196041   0.25           6.5            0.1025         0.225          29.5           18             4.201146       
692      NO_ID      1.505555556    0.25           6.5            0.1025         0.225          19.16666667    18             9.074756       
693      NO_ID      1.505555556    0.25           6.5            0.1025         0.125          19.16666667    18             10.448689      
694      NO_ID      1.283333333    0.55           2.833333333    0.1025         0.175          19.16666667    26             35.095128      
695      NO_ID      1.283333333    0.55           2.833333333    0.1025         0.175          19.16666667    18             12.946996      
696      NO_ID      1.45           0.25           10.16666667    0.1675         0.175          29.5           22             11.782552      
697      NO_ID      1.45           0.25           10.16666667    0.0375         0.175          29.5           22             177.841139     
698      NO_ID      1.184440888    0.1709876543   6.107681756    0.09287037037  0.175          38.68518519    16.07407407    2.343952       
699      NO_ID      1.184440888    0.1709876543   6.077503429    0.09287037037  0.175          38.68518519    16.07407407    2.309196       
700      NO_ID      1.184440899    0.1722222222   5.956790123    0.09287037037  0.175617284    38.68518519    16.07407407    2.348854       
701      NO_ID      1.184440899    0.1722222222   5.956790123    0.09287037037  0.174382716    38.68518519    16.07407407    2.305688       
702      NO_ID      1.184440899    0.1722222222   6.092592593    0.09287037037  0.175          38.68518519    16.07407407    2.313783       
703      NO_ID      1.184440899    0.1722222222   6.092592593    0.09287037037  0.175          38.68518519    16.07407407    2.306764       
704      NO_ID      1.192798354    0.1833333333   6.907407407    0.09527777778  0.1805555556   38.68518519    16.22222222    2.431          
705      NO_ID      1.192798354    0.1833333333   6.092592593    0.09527777778  0.1805555556   38.68518519    16.22222222    2.404373       
706      NO_ID      1.116666667    0.15           6.5            0.1025         0.1916666667   37.53703704    17.11111111    2.570096       
707      NO_ID      1.116666667    0.15           6.5            0.1025         0.1916666667   35.24074074    17.11111111    2.598623       
708      NO_ID      0.9489197087   0.25           6.5            0.1025         0.225          29.5           18             4.287359       
709      NO_ID      0.9489194996   0.25           6.5            0.1025         0.225          29.5           18             4.269648       
710      NO_ID      1.45           0.25           6.5            0.0375         0.125          19.16666667    26             10.993285      
711      NO_ID      1.45           0.25           6.5            0.0375         0.125          19.16666667    18             12.08308       
712      NO_ID      1.45           0.25           6.5            0.1675         0.175          29.5           22             6.801628       
713      NO_ID      1.45           0.25           6.5            0.0375         0.175          29.5           22             43.172982      
714      NO_ID      1.283333333    0.55           10.16666667    0.1025         0.175          19.16666667    26             35.330331      
715      NO_ID      1.283333333    0.55           10.16666667    0.1025         0.175          19.16666667    18             14.139367      
716      NO_ID      0.45           0.85           6.5            0.0375         0.175          39.83333333    26             34.894431      
717      NO_ID      0.45           0.85           6.5            0.0375         0.175          39.83333333    18             19.186497      
718      NO_ID      1.184440888    0.171399177    6.092592593    0.09287037037  0.175          38.68518519    16.07407407    2.33778        
719      NO_ID      1.184440888    0.1705761317   6.092592593    0.09287037037  0.175          38.68518519    16.07407407    2.300662       
720      NO_ID      1.184440899    0.1722222222   6.228395062    0.09287037037  0.175          38.68518519    16.07407407    2.297646       
721      NO_ID      1.184440899    0.1722222222   5.956790123    0.09287037037  0.175          38.68518519    16.07407407    2.288311       
722      NO_ID      1.187311385    0.1833333333   6.5            0.09527777778  0.1805555556   38.68518519    16.22222222    2.396068       
723      NO_ID      1.185939643    0.1833333333   6.5            0.09527777778  0.1805555556   38.68518519    16.22222222    2.422229       
724      NO_ID      1.116666667    0.15           6.5            0.1097222222   0.1916666667   36.38888889    17.11111111    2.702323       
725      NO_ID      1.116666667    0.15           6.5            0.09527777778  0.1916666667   36.38888889    17.11111111    2.440439       
726      NO_ID      0.9489196041   0.25           10.16666667    0.1025         0.225          29.5           18             13.64103       
727      NO_ID      0.9489196041   0.25           2.833333333    0.1025         0.225          29.5           18             7.628652       
728      NO_ID      1.45           0.25           6.5            0.1675         0.175          19.16666667    26             9.870618       
729      NO_ID      1.45           0.25           6.5            0.0375         0.175          19.16666667    26             21.974489      
730      NO_ID      1.45           0.25           10.16666667    0.1675         0.175          29.5           26             16.365009      
731      NO_ID      1.45           0.25           10.16666667    0.1675         0.175          29.5           18             9.949267       
732      NO_ID      1.616666667    0.55           6.5            0.1675         0.175          19.16666667    18             11.395099      
733      NO_ID      1.616666667    0.55           6.5            0.0375         0.175          19.16666667    18             326.260939     
734      NO_ID      0.95           0.85           6.5            0.1025         0.175          39.83333333    22             27.690348      
735      NO_ID      0.95           0.85           6.5            0.1025         0.175          19.16666667    22             23.549138      
736      NO_ID      1.184440888    0.1709876543   6.092592593    0.09287037037  0.175          38.69935985    16.07407407    2.324102       
737      NO_ID      1.184440888    0.1709876543   6.092592593    0.09287037037  0.175          38.67101052    16.07407407    2.29281        
738      NO_ID      1.184440899    0.1759259259   5.956790123    0.09287037037  0.175          38.68518519    16.07407407    2.32122        
739      NO_ID      1.184440899    0.1685185185   5.956790123    0.09287037037  0.175          38.68518519    16.07407407    2.340529       
740      NO_ID      1.116666667    0.15           6.5            0.09527777778  0.1972222222   36.38888889    17.11111111    2.625083       
741      NO_ID      1.116666667    0.15           6.5            0.09527777778  0.1861111111   36.38888889    17.11111111    2.434696       
742      NO_ID      0.9489195344   0.25           6.5            0.1025         0.225          29.5           18             4.180269       
743      NO_ID      0.9489194647   0.25           6.5            0.1025         0.225          29.5           18             4.187978       
744      NO_ID      1.45           0.25           6.5            0.1675         0.125          19.16666667    26             9.749792       
745      NO_ID      1.45           0.25           6.5            0.1675         0.125          19.16666667    18             13.0314        
746      NO_ID      0.95           0.55           6.5            0.1675         0.175          29.5           26             15.920064      
747      NO_ID      0.95           0.55           6.5            0.1675         0.175          29.5           18             10.503325      
748      NO_ID      1.283333333    0.55           6.5            0.1675         0.175          19.16666667    22             12.336015      
749      NO_ID      1.283333333    0.55           6.5            0.0375         0.175          19.16666667    22             261.465854     
750      NO_ID      0.45           0.55           6.5            0.0375         0.175          39.83333333    26             36.683876      
751      NO_ID      0.45           0.55           6.5            0.0375         0.175          39.83333333    18             20.333192      
752      NO_ID      1.184440888    0.1709876543   6.092592593    0.09295953361  0.175          38.68518519    16.07407407    2.316403       
753      NO_ID      1.184440888    0.1709876543   6.092592593    0.09278120713  0.175          38.68518519    16.07407407    2.329655       
754      NO_ID      1.184440899    0.1734567901   5.956790123    0.09287037037  0.175          38.68518519    16.07407407    2.307517       
755      NO_ID      1.184440899    0.1709876543   5.956790123    0.09287037037  0.175          38.68518519    16.07407407    2.308723       
756      NO_ID      1.184440899    0.1722222222   5.956790123    0.09287037037  0.175          38.8127572     16.07407407    2.312641       
757      NO_ID      1.184440899    0.1722222222   5.956790123    0.09287037037  0.175          38.55761317    16.07407407    2.335163       
758      NO_ID      1.184440899    0.1722222222   6.228395062    0.09287037037  0.175          38.68518519    16.07407407    2.317926       
759      NO_ID      1.184440899    0.1722222222   5.956790123    0.09287037037  0.175          38.68518519    16.07407407    2.330792       
760      NO_ID      1.187540009    0.1833333333   6.5            0.09527777778  0.1805555556   38.68518519    16.22222222    2.406192       
761      NO_ID      1.187082762    0.1833333333   6.5            0.09527777778  0.1805555556   38.68518519    16.22222222    2.38059        
762      NO_ID      1.116666667    0.15           6.907407407    0.09527777778  0.1861111111   36.38888889    17.11111111    2.367127       
763      NO_ID      1.116666667    0.15           6.092592593    0.09527777778  0.1861111111   36.38888889    17.11111111    2.481358       
764      NO_ID      0.948919546    0.25           6.5            0.1025         0.225          29.5           18             4.289458       
765      NO_ID      0.9489195228   0.25           6.5            0.1025         0.225          29.5           18             4.216431       
766      NO_ID      0.7833333333   0.25           2.833333333    0.1025         0.175          39.83333333    18             8.904889       
767      NO_ID      0.7833333333   0.25           2.833333333    0.1025         0.175          19.16666667    18             19.02591       
768      NO_ID      0.45           0.25           6.5            0.0375         0.175          39.83333333    22             9.990934       
769      NO_ID      0.45           0.25           6.5            0.0375         0.175          19.16666667    22             15.303095      
770      NO_ID      0.95           0.85           6.5            0.1025         0.175          19.16666667    26             36.400939      
771      NO_ID      0.95           0.25           6.5            0.1025         0.175          19.16666667    26             7.369424       
772      NO_ID      1.184440888    0.1709876543   6.092592593    0.09287037037  0.175          38.68518519    16.07956104    2.331021       
773      NO_ID      1.184440888    0.1709876543   6.092592593    0.09287037037  0.175          38.68518519    16.06858711    2.312187       
774      NO_ID      1.184440899    0.1722222222   5.956790123    0.09287037037  0.175          38.72770919    16.07407407    2.341846       
775      NO_ID      1.184440899    0.1722222222   5.956790123    0.09287037037  0.175          38.64266118    16.07407407    2.327154       
776      NO_ID      1.184440899    0.1722222222   5.956790123    0.09367283951  0.175          38.68518519    16.07407407    2.311278       
777      NO_ID      1.184440899    0.1722222222   5.956790123    0.09206790123  0.175          38.68518519    16.07407407    2.298691       
778      NO_ID      1.172222222    0.15           6.907407407    0.09527777778  0.1861111111   36.38888889    17.11111111    2.43518        
779      NO_ID      1.061111111    0.15           6.907407407    0.09527777778  0.1861111111   36.38888889    17.11111111    2.479371       
780      NO_ID      0.9489195344   0.25           10.16666667    0.1025         0.225          29.5           18             13.607836      
781      NO_ID      0.9489195344   0.25           2.833333333    0.1025         0.225          29.5           18             7.620477       
782      NO_ID      0.95           0.25           6.5            0.1025         0.225          19.16666667    26             7.37015        
783      NO_ID      0.95           0.25           6.5            0.1025         0.125          19.16666667    26             9.513591       
784      NO_ID      0.45           0.55           6.5            0.0375         0.175          29.5           26             36.053354      
785      NO_ID      0.45           0.55           6.5            0.0375         0.175          29.5           18             20.870432      
786      NO_ID      1.184440888    0.1709876543   6.092592593    0.09287037037  0.1750685871   38.68518519    16.07407407    2.294295       
787      NO_ID      1.184440888    0.1709876543   6.092592593    0.09287037037  0.1749314129   38.68518519    16.07407407    2.315874       
788      NO_ID      1.184440899    0.1722222222   5.956790123    0.09313786008  0.175          38.68518519    16.07407407    2.332835       
789      NO_ID      1.184440899    0.1722222222   5.956790123    0.09260288066  0.175          38.68518519    16.07407407    2.332956       
790      NO_ID      1.184440899    0.1722222222   5.956790123    0.09287037037  0.175          38.68518519    16.12345679    2.33099        
791      NO_ID      1.184440899    0.1722222222   5.956790123    0.09287037037  0.175          38.68518519    16.02469136    2.351016       
792      NO_ID      1.184440899    0.1759259259   6.092592593    0.09287037037  0.175          38.68518519    16.07407407    2.294232       
793      NO_ID      1.184440899    0.1685185185   6.092592593    0.09287037037  0.175          38.68518519    16.07407407    2.308034       
794      NO_ID      1.184440899    0.1722222222   6.228395062    0.09287037037  0.175          38.68518519    16.07407407    2.275572       
795      NO_ID      1.184440899    0.1722222222   5.956790123    0.09287037037  0.175          38.68518519    16.07407407    2.313313       
796      NO_ID      1.186854138    0.1833333333   6.5            0.09527777778  0.1805555556   38.68518519    16.22222222    2.401208       
797      NO_ID      1.186396891    0.1833333333   6.5            0.09527777778  0.1805555556   38.68518519    16.22222222    2.395732       
798      NO_ID      1.116666667    0.15           6.907407407    0.09527777778  0.1916666667   36.38888889    17.11111111    2.427318       
799      NO_ID      1.116666667    0.15           6.092592593    0.09527777778  0.1916666667   36.38888889    17.11111111    2.567546       
800      NO_ID      0.9489195267   0.25           6.5            0.1025         0.225          29.5           18             4.251087       
801      NO_ID      0.9489195189   0.25           6.5            0.1025         0.225          29.5           18             4.246002       
802      NO_ID      1.616666667    0.25           6.5            0.1675         0.225          19.16666667    26             18.265722      
803      NO_ID      1.616666667    0.25           6.5            0.1675         0.125          19.16666667    26             9.699553       
804      NO_ID      0.95           0.85           6.5            0.1675         0.125          39.83333333    22             12.146729      
805      NO_ID      0.95           0.85           6.5            0.1675         0.125          19.16666667    22             12.083027      
806      NO_ID      0.95           0.25           6.5            0.0375         0.175          39.83333333    26             47.936282      
807      NO_ID      0.95           0.25           6.5            0.0375         0.175          39.83333333    18             14.248411      
808      NO_ID      1.184440899    0.1759259259   6.228395062    0.09287037037  0.175          38.68518519    16.07407407    2.310422       
809      NO_ID      1.184440899    0.1685185185   6.228395062    0.09287037037  0.175          38.68518519    16.07407407    2.287078       
810      NO_ID      1.19691358     0.1833333333   6.907407407    0.09527777778  0.1805555556   38.68518519    16.22222222    2.440745       
811      NO_ID      1.19691358     0.1833333333   6.092592593    0.09527777778  0.1805555556   38.68518519    16.22222222    2.451686       
812      NO_ID      1.116666667    0.15           6.5            0.1025         0.1916666667   37.53703704    16.66666667    2.559067       
813      NO_ID      1.116666667    0.15           6.5            0.1025         0.1916666667   35.24074074    16.66666667    2.573576       
814      NO_ID      0.9489195241   0.25           6.5            0.1025         0.225          29.5           18             4.225733       
815      NO_ID      0.9489195215   0.25           6.5            0.1025         0.225          29.5           18             4.225206       
816      NO_ID      1.616666667    0.25           6.5            0.0375         0.225          19.16666667    26             99.172214      
817      NO_ID      1.616666667    0.25           6.5            0.0375         0.125          19.16666667    26             12.053144      
818      NO_ID      0.95           0.85           6.5            0.1675         0.175          39.83333333    18             12.574928      
819      NO_ID      0.95           0.85           6.5            0.1675         0.175          19.16666667    18             11.60006       
820      NO_ID      0.95           0.85           6.5            0.1025         0.175          29.5           26             40.144115      
821      NO_ID      0.95           0.25           6.5            0.1025         0.175          29.5           26             7.295764       
822      NO_ID      1.184440899    0.1722222222   6.228395062    0.09367283951  0.175          38.68518519    16.07407407    2.337652       
823      NO_ID      1.184440899    0.1722222222   6.228395062    0.09206790123  0.175          38.68518519    16.07407407    2.273847       
824      NO_ID      1.184440853    0.1833333333   6.907407407    0.09527777778  0.175          38.68518519    16.22222222    2.469943       
825      NO_ID      1.184440853    0.1833333333   6.092592593    0.09527777778  0.175          38.68518519    16.22222222    2.404449       
826      NO_ID      0.9489195232   0.25           6.5            0.1025         0.225          29.5           18             4.225396       
827      NO_ID      0.9489195224   0.25           6.5            0.1025         0.225          29.5           18             4.255248       
828      NO_ID      0.95           0.25           6.5            0.1025         0.225          29.5           26             14.834387      
829      NO_ID      0.95           0.25           6.5            0.1025         0.125          29.5           26             7.058021       
830      NO_ID      1.45           0.25           6.5            0.1675         0.175          39.83333333    26             13.218949      
831      NO_ID      1.45           0.25           6.5            0.0375         0.175          39.83333333    26             185.123206     
832      NO_ID      1.184440899    0.1722222222   6.228395062    0.09206790123  0.175          38.8127572     16.07407407    2.30334        
833      NO_ID      1.184440899    0.1722222222   6.228395062    0.09206790123  0.175          38.55761317    16.07407407    2.320831       
834      NO_ID      1.19691358     0.1833333333   6.907407407    0.09527777778  0.175          38.68518519    16.22222222    2.488209       
835      NO_ID      1.19691358     0.1833333333   6.092592593    0.09527777778  0.175          38.68518519    16.22222222    2.386075       
836      NO_ID      1.116666667    0.15           6.5            0.1097222222   0.1916666667   37.53703704    16.66666667    2.666175       
837      NO_ID      1.116666667    0.15           6.5            0.09527777778  0.1916666667   37.53703704    16.66666667    2.573216       
838      NO_ID      0.948919523    0.25           6.5            0.1025         0.225          29.5           18             4.215836       
839      NO_ID      0.9489195227   0.25           6.5            0.1025         0.225          29.5           18             4.222315       
840      NO_ID      1.616666667    0.55           6.5            0.1675         0.225          19.16666667    18             25.075627      
841      NO_ID      1.616666667    0.55           6.5            0.1675         0.125          19.16666667    18             10.760161      
842      NO_ID      0.95           0.55           6.5            0.1675         0.175          19.16666667    26             15.339746      
843      NO_ID      0.95           0.55           6.5            0.1675         0.175          19.16666667    18             11.52386       
844      NO_ID      1.394444444    0.85           6.5            0.1025         0.175          19.16666667    22             85.920465      
845      NO_ID      1.394444444    0.25           6.5            0.1025         0.175          19.16666667    22             6.926148       
846      NO_ID      0.95           0.85           6.5            0.1675         0.225          39.83333333    22             36.167383      
847      NO_ID      0.95           0.85           6.5            0.1675         0.225          19.16666667    22             27.338498      
848      NO_ID      1.184440899    0.1722222222   6.228395062    0.09206790123  0.175          38.68518519    16.12345679    2.279972       
849      NO_ID      1.184440899    0.1722222222   6.228395062    0.09206790123  0.175          38.68518519    16.02469136    2.301109       
850      NO_ID      1.184440899    0.1722222222   6.228395062    0.09287037037  0.175          38.8127572     16.07407407    2.304007       
851      NO_ID      1.184440899    0.1722222222   6.228395062    0.09287037037  0.175          38.55761317    16.07407407    2.323038       
852      NO_ID      1.184440923    0.1833333333   6.907407407    0.09527777778  0.175          38.68518519    16.22222222    2.487067       
853      NO_ID      1.184440923    0.1833333333   6.092592593    0.09527777778  0.175          38.68518519    16.22222222    2.363681       
854      NO_ID      0.948919523    0.25           6.5            0.1025         0.225          29.5           18             4.21137        
855      NO_ID      0.9489195229   0.25           6.5            0.1025         0.225          29.5           18             4.216572       
856      NO_ID      1.394444444    0.25           6.5            0.1675         0.175          19.16666667    22             8.532046       
857      NO_ID      1.394444444    0.25           6.5            0.0375         0.175          19.16666667    22             14.430389      
858      NO_ID      1.283333333    0.85           6.5            0.1675         0.175          19.16666667    26             45.727949      
859      NO_ID      1.283333333    0.85           6.5            0.1675         0.175          19.16666667    18             19.458893      
860      NO_ID      1.45           0.55           6.5            0.1675         0.175          39.83333333    18             16.744415      
861      NO_ID      1.45           0.55           6.5            0.0375         0.175          39.83333333    18             404.352527     
862      NO_ID      1.184440899    0.1722222222   6.228395062    0.09206790123  0.175617284    38.68518519    16.07407407    2.281797       
863      NO_ID      1.184440899    0.1722222222   6.228395062    0.09206790123  0.174382716    38.68518519    16.07407407    2.28786        
864      NO_ID      1.184440899    0.1722222222   6.228395062    0.09287037037  0.175          38.68518519    16.12345679    2.309442       
865      NO_ID      1.184440899    0.1722222222   6.228395062    0.09287037037  0.175          38.68518519    16.02469136    2.28681        
866      NO_ID      1.184440993    0.1833333333   6.907407407    0.09527777778  0.175          38.68518519    16.22222222    2.466734       
867      NO_ID      1.184440993    0.1833333333   6.092592593    0.09527777778  0.175          38.68518519    16.22222222    2.386081       
868      NO_ID      0.948919523    0.25           6.5            0.1025         0.225          29.5           18             4.239665       
869      NO_ID      0.948919523    0.25           6.5            0.1025         0.225          29.5           18             4.279139       
870      NO_ID      1.394444444    0.85           6.5            0.1675         0.125          19.16666667    18             12.483871      
871      NO_ID      1.394444444    0.25           6.5            0.1675         0.125          19.16666667    18             13.337494      
872      NO_ID      0.95           0.55           6.5            0.1675         0.225          19.16666667    26             17.383958      
873      NO_ID      0.95           0.55           6.5            0.1675         0.225          19.16666667    18             9.925957       
874      NO_ID      0.95           0.85           6.5            0.1025         0.175          39.83333333    26             43.370966      
875      NO_ID      0.95           0.25           6.5            0.1025         0.175          39.83333333    26             9.866016       
876      NO_ID      1.184440899    0.1722222222   6.273662551    0.09206790123  0.175          38.68518519    16.07407407    2.302511       
877      NO_ID      1.184440899    0.1722222222   6.183127572    0.09206790123  0.175          38.68518519    16.07407407    2.3215         
878      NO_ID      1.184440899    0.1722222222   6.228395062    0.09287037037  0.175617284    38.68518519    16.07407407    2.303443       
879      NO_ID      1.184440899    0.1722222222   6.228395062    0.09287037037  0.174382716    38.68518519    16.07407407    2.317836       
880      NO_ID      1.185253772    0.1833333333   6.5            0.09527777778  0.1805555556   38.68518519    16.22222222    2.395694       
881      NO_ID      1.185253772    0.1833333333   6.5            0.09527777778  0.1694444444   38.68518519    16.22222222    2.545567       
882      NO_ID      0.948919523    0.25           6.5            0.1025         0.225          29.5           18             4.225535       
883      NO_ID      0.948919523    0.25           6.5            0.1025         0.225          29.5           18             4.217428       
884      NO_ID      0.95           0.25           6.5            0.1025         0.225          39.83333333    26             25.79958       
885      NO_ID      0.95           0.25           6.5            0.1025         0.125          39.83333333    26             6.778732       
886      NO_ID      1.45           0.55           6.5            0.1025         0.175          19.16666667    26             48.790637      
887      NO_ID      1.45           0.55           6.5            0.1025         0.175          19.16666667    18             18.26361       
888      NO_ID      0.95           0.85           2.833333333    0.0375         0.175          29.5           22             318.751378     
889      NO_ID      0.95           0.25           2.833333333    0.0375         0.175          29.5           22             24.180026      
890      NO_ID      1.184440899    0.1734567901   6.228395062    0.09206790123  0.175          38.68518519    16.07407407    2.293183       
891      NO_ID      1.184440899    0.1709876543   6.228395062    0.09206790123  0.175          38.68518519    16.07407407    2.252132       
892      NO_ID      1.184440899    0.1722222222   6.273662551    0.09287037037  0.175          38.68518519    16.07407407    2.325744       
893      NO_ID      1.184440899    0.1722222222   6.183127572    0.09287037037  0.175          38.68518519    16.07407407    2.307319       
894      NO_ID      1.184440899    0.1685185185   6.228395062    0.09287037037  0.175          38.8127572     16.07407407    2.296069       
895      NO_ID      1.184440899    0.1685185185   6.228395062    0.09287037037  0.175          38.55761317    16.07407407    2.301624       
896      NO_ID      1.116666667    0.1611111111   6.907407407    0.09527777778  0.1861111111   36.38888889    17.11111111    2.409096       
897      NO_ID      1.116666667    0.1388888889   6.907407407    0.09527777778  0.1861111111   36.38888889    17.11111111    2.40869        
898      NO_ID      1.184440818    0.1833333333   6.5            0.09527777778  0.175          38.68518519    16.22222222    2.40386        
899      NO_ID      1.184440749    0.1833333333   6.5            0.09527777778  0.175          38.68518519    16.22222222    2.406473       
900      NO_ID      1.185939643    0.1833333333   6.907407407    0.09527777778  0.1805555556   38.68518519    16.22222222    2.40315        
901      NO_ID      1.185939643    0.1833333333   6.092592593    0.09527777778  0.1805555556   38.68518519    16.22222222    2.440214       
902      NO_ID      1.192798354    0.1833333333   6.5            0.09527777778  0.175          38.68518519    16.22222222    2.401152       
903      NO_ID      1.188683128    0.1833333333   6.5            0.09527777778  0.175          38.68518519    16.22222222    2.398764       
904      NO_ID      0.948919523    0.25           10.16666667    0.1025         0.225          29.5           18             13.658258      
905      NO_ID      0.948919523    0.25           2.833333333    0.1025         0.225          29.5           18             7.622784       
906      NO_ID      0.95           0.85           6.5            0.1675         0.125          39.83333333    18             11.910251      
907      NO_ID      0.95           0.25           6.5            0.1675         0.125          39.83333333    18             11.30089       
908      NO_ID      1.505555556    0.55           6.5            0.1675         0.175          19.16666667    22             15.170524      
909      NO_ID      1.505555556    0.55           6.5            0.0375         0.175          19.16666667    22             369.159609     
910      NO_ID      1.45           0.55           6.5            0.1675         0.175          29.5           22             19.907906      
911      NO_ID      1.45           0.55           6.5            0.0375         0.175          29.5           22             429.022972     
912      NO_ID      1.184440899    0.1709876543   6.228395062    0.09206790123  0.175          38.72770919    16.07407407    2.277849       
913      NO_ID      1.184440899    0.1709876543   6.228395062    0.09206790123  0.175          38.64266118    16.07407407    2.29424        
914      NO_ID      1.189368999    0.1833333333   6.5            0.09527777778  0.175          38.68518519    16.22222222    2.406554       
915      NO_ID      1.187997257    0.1833333333   6.5            0.09527777778  0.175          38.68518519    16.22222222    2.406035       
916      NO_ID      0.948919523    0.25           10.16666667    0.1025         0.225          29.5           18             13.749464      
917      NO_ID      0.948919523    0.25           2.833333333    0.1025         0.225          29.5           18             7.640891       
918      NO_ID      0.95           0.55           6.5            0.1675         0.175          39.83333333    26             16.831355      
919      NO_ID      0.95           0.55           6.5            0.1675         0.175          39.83333333    18             10.417119      
920      NO_ID      1.616666667    0.55           6.5            0.1675         0.175          19.16666667    22             16.987133      
921      NO_ID      1.616666667    0.55           6.5            0.0375         0.175          19.16666667    22             421.733444     
922      NO_ID      1.45           0.55           10.16666667    0.1675         0.175          29.5           22             27.719443      
923      NO_ID      1.45           0.55           10.16666667    0.0375         0.175          29.5           22             283.338468     
924      NO_ID      1.184440899    0.1709876543   6.228395062    0.09233539095  0.175          38.68518519    16.07407407    2.273285       
925      NO_ID      1.184440899    0.1709876543   6.228395062    0.09180041152  0.175          38.68518519    16.07407407    2.290235       
926      NO_ID      1.188911751    0.1833333333   6.5            0.09527777778  0.175          38.68518519    16.22222222    2.418357       
927      NO_ID      1.188454504    0.1833333333   6.5            0.09527777778  0.175          38.68518519    16.22222222    2.413796       
928      NO_ID      0.9489195228   0.25           10.16666667    0.1025         0.225          29.5           18             13.671501      
929      NO_ID      0.9489195228   0.25           2.833333333    0.1025         0.225          29.5           18             7.655138       
930      NO_ID      0.45           0.25           6.5            0.1675         0.175          39.83333333    26             11.976188      
931      NO_ID      0.45           0.25           6.5            0.1675         0.175          19.16666667    26             13.594836      
932      NO_ID      1.394444444    0.85           6.5            0.1025         0.225          19.16666667    18             100            
933      NO_ID      1.394444444    0.25           6.5            0.1025         0.225          19.16666667    18             7.29676        
934      NO_ID      1.45           0.55           2.833333333    0.1025         0.175          29.5           26             80.798766      
935      NO_ID      1.45           0.55           2.833333333    0.1025         0.175          29.5           18             26.868761      
936      NO_ID      1.184440899    0.1709876543   6.228395062    0.09206790123  0.175          38.68518519    16.09053498    2.304998       
937      NO_ID      1.184440899    0.1709876543   6.228395062    0.09206790123  0.175          38.68518519    16.05761317    2.29028        
938      NO_ID      1.193484225    0.1833333333   6.5            0.09527777778  0.175          38.68518519    16.22222222    2.399475       
939      NO_ID      1.192112483    0.1833333333   6.5            0.09527777778  0.175          38.68518519    16.22222222    2.41728        
940      NO_ID      0.9489195229   0.25           10.16666667    0.1025         0.225          29.5           18             13.614349      
941      NO_ID      0.9489195229   0.25           2.833333333    0.1025         0.225          29.5           18             7.623611       
942      NO_ID      1.394444444    0.25           6.5            0.1675         0.225          19.16666667    18             8.015579       
943      NO_ID      1.394444444    0.25           6.5            0.0375         0.225          19.16666667    18             22.996952      
944      NO_ID      1.394444444    0.85           6.5            0.1025         0.175          19.16666667    26             126.471243     
945      NO_ID      1.394444444    0.25           6.5            0.1025         0.175          19.16666667    26             9.701976       
946      NO_ID      1.45           0.55           6.5            0.1675         0.175          39.83333333    22             26.258852      
947      NO_ID      1.45           0.55           6.5            0.0375         0.175          39.83333333    22             100            
948      NO_ID      1.184440899    0.1709876543   6.228395062    0.09206790123  0.1752057613   38.68518519    16.07407407    2.313224       
949      NO_ID      1.184440899    0.1709876543   6.228395062    0.09206790123  0.1747942387   38.68518519    16.07407407    2.303825       
950      NO_ID      1.193712849    0.1833333333   6.5            0.09527777778  0.175          38.68518519    16.22222222    2.393803       
951      NO_ID      1.193255601    0.1833333333   6.5            0.09527777778  0.175          38.68518519    16.22222222    2.400051       
952      NO_ID      0.948919523    0.25           10.16666667    0.1025         0.225          29.5           18             13.670348      
953      NO_ID      0.948919523    0.25           2.833333333    0.1025         0.225          29.5           18             7.657154       
954      NO_ID      1.394444444    0.25           6.5            0.1675         0.175          19.16666667    26             9.582202       
955      NO_ID      1.394444444    0.25           6.5            0.0375         0.175          19.16666667    26             19.917625      
956      NO_ID      0.95           0.55           6.5            0.1675         0.125          39.83333333    22             12.227753      
957      NO_ID      0.95           0.55           6.5            0.1675         0.125          19.16666667    22             13.867643      
958      NO_ID      1.505555556    0.55           6.5            0.1675         0.175          19.16666667    26             22.688084      
959      NO_ID      1.505555556    0.55           6.5            0.0375         0.175          19.16666667    26             454.556285     
960      NO_ID      1.45           0.85           6.5            0.1675         0.175          39.83333333    18             34.577466      
961      NO_ID      1.45           0.85           6.5            0.0375         0.175          39.83333333    18             476.555078     
962      NO_ID      1.184440899    0.1709876543   6.228395062    0.09206790123  0.175          38.68518519    16.07407407    2.303103       
963      NO_ID      1.184440899    0.1709876543   6.228395062    0.09206790123  0.175          38.68518519    16.07407407    2.30375        
964      NO_ID      1.192798354    0.1833333333   6.907407407    0.09527777778  0.175          38.68518519    16.22222222    2.464994       
965      NO_ID      1.192798354    0.1833333333   6.092592593    0.09527777778  0.175          38.68518519    16.22222222    2.361439       
966      NO_ID      0.9489195227   0.25           6.5            0.1025         0.225          29.5           18             4.205871       
967      NO_ID      0.9489195226   0.25           6.5            0.1025         0.225          29.5           18             4.227086       
968      NO_ID      0.8944444444   0.25           6.5            0.1025         0.225          19.16666667    18             8.733906       
969      NO_ID      0.8944444444   0.25           6.5            0.1025         0.125          19.16666667    18             15.145771      
970      NO_ID      0.45           0.25           6.5            0.1025         0.175          39.83333333    22             11.596432      
971      NO_ID      0.45           0.25           6.5            0.1025         0.175          19.16666667    22             15.090168      
972      NO_ID      1.45           0.85           6.5            0.1675         0.175          19.16666667    18             27.229937      
973      NO_ID      1.45           0.85           6.5            0.0375         0.175          19.16666667    18             100            
974      NO_ID      1.45           0.85           2.833333333    0.1025         0.175          29.5           26             107.46077      
975      NO_ID      1.45           0.85           2.833333333    0.1025         0.175          29.5           18             45.251554      
976      NO_ID      1.184440899    0.1709876543   6.243484225    0.09206790123  0.175          38.68518519    16.07407407    2.298207       
977      NO_ID      1.184440899    0.1709876543   6.213305898    0.09206790123  0.175          38.68518519    16.07407407    2.2901         
978      NO_ID      1.18444083     0.1833333333   6.5            0.09527777778  0.175          38.68518519    16.22222222    2.424437       
979      NO_ID      1.184440807    0.1833333333   6.5            0.09527777778  0.175          38.68518519    16.22222222    2.4297         
980      NO_ID      0.9489195227   0.25           10.16666667    0.1025         0.225          29.5           18             13.635443      
981      NO_ID      0.9489195227   0.25           2.833333333    0.1025         0.225          29.5           18             7.658105       
982      NO_ID      1.505555556    0.25           6.5            0.1025         0.225          19.16666667    26             30.098878      
983      NO_ID      1.505555556    0.25           6.5            0.1025         0.125          19.16666667    26             8.028963       
984      NO_ID      0.95           0.85           6.5            0.1675         0.125          29.5           18             11.887131      
985      NO_ID      0.95           0.25           6.5            0.1675         0.125          29.5           18             12.571186      
986      NO_ID      1.616666667    0.55           6.5            0.1675         0.175          19.16666667    26             26.546276      
987      NO_ID      1.616666667    0.55           6.5            0.0375         0.175          19.16666667    26             513.657032     
988      NO_ID      0.95           0.85           6.5            0.0375         0.175          19.16666667    18             129.102417     
989      NO_ID      0.95           0.25           6.5            0.0375         0.175          19.16666667    18             12.924354      
990      NO_ID      1.184440899    0.171399177    6.228395062    0.09206790123  0.175          38.68518519    16.07407407    2.270416       
991      NO_ID      1.184440899    0.1705761317   6.228395062    0.09206790123  0.175          38.68518519    16.07407407    2.25825        
992      NO_ID      1.184440822    0.1833333333   6.5            0.09527777778  0.175          38.68518519    16.22222222    2.40275        
993      NO_ID      1.184440815    0.1833333333   6.5            0.09527777778  0.175          38.68518519    16.22222222    2.427953       
994      NO_ID      0.9489195227   0.25           10.16666667    0.1025         0.225          29.5           18             13.774373      
995      NO_ID      0.9489195227   0.25           2.833333333    0.1025         0.225          29.5           18             7.641934       
996      NO_ID      1.283333333    0.25           6.5            0.1675         0.125          19.16666667    18             13.908056      
997      NO_ID      1.283333333    0.25           6.5            0.0375         0.125          19.16666667    18             13.066968      
998      NO_ID      0.95           0.25           6.5            0.0375         0.225          19.16666667    18             12.415314      
999      NO_ID      0.95           0.25           6.5            0.0375         0.125          19.16666667    18             15.103237      
1000     NO_ID      1.283333333    0.85           6.5            0.1025         0.175          19.16666667    26             94.607421      
1001     NO_ID      1.283333333    0.85           6.5            0.1025         0.175          19.16666667    18             37.829689      
1002     NO_ID      1.45           0.55           6.5            0.1025         0.225          39.83333333    26             100            
1003     NO_ID      1.45           0.55           6.5            0.1025         0.125          39.83333333    26             29.236725      
